# simulator=ardupilot,# scenario=flip
t,alpha_err,q_ref0,q_ref1,q_ref2,q_ref3,q_m0,q_m1,q_m2,q_m3,phi_ref,theta_ref,psi_ref,phi,theta,psi,p,q,r,tau_x,tau_y,tau_z,sat_x,sat_y,sat_z,thrust,desat,x,y,z
7.152557373046875e-07,0.05451572294246646,0.9999999999993688,1.1235210848769423e-06,0.0,0.0,0.9996285500095207,-0.020038757608574615,-0.017147403415425092,0.006868533720998056,2.247042169754357e-06,0.0,0.0,-0.04033243929702646,-0.03401335226840345,0.01442803556263726,0.027756554511037035,-0.0970815451464851,-0.09302462825516081,-0.5118238322904471,0.045377957938805835,0.5094688021311319,0.0,0.0,0.0,4.368076739505114,1.0,0.0,0.0,0.0
0.10698366165161133,0.37797468176473076,0.9859128749184117,0.1672596875224636,0.0,0.0,0.9996285500095207,-0.020038757608574615,-0.017147403415425092,0.006868533720998056,0.3360990854988382,0.0,0.0,-0.04033243929702646,-0.03401335226840345,0.01442803556263726,0.027756554511037035,-0.0970815451464851,-0.09302462825516081,-3.8501067787799235,0.02723268853395666,0.4501726428257957,0.0,0.0,0.0,4.380093456807741,1.0,0.0,0.0,0.0
0.10730504989624023,0.37897947299632917,0.9858283106640328,0.16775738998118453,0.0,0.0,0.9996285500095207,-0.020038757608574615,-0.017147403415425092,0.006868533720998056,0.3371087564471146,0.0,0.0,-0.04033243929702646,-0.03401335226840345,0.01442803556263726,0.027756554511037035,-0.0970815451464851,-0.09302462825516081,-3.860023239270954,0.027193319959228968,0.4499903400803291,0.0,0.0,0.0,4.3921101741103685,1.0,0.0,0.0,0.0
0.10759520530700684,0.37988663956267854,0.9857517486397988,0.16820668849239948,0.0,0.0,0.9996285500095207,-0.020038757608574615,-0.017147403415425092,0.006868533720998056,0.3380203065539782,0.0,0.0,-0.04033243929702646,-0.03401335226840345,0.01442803556263726,0.027756554511037035,-0.0970815451464851,-0.09302462825516081,-3.868975187499786,0.027157856318044238,0.44982573664691006,0.0,0.0,0.0,4.4041268914129965,1.0,0.0,0.0,0.0
0.1080026626586914,0.38116058378316114,0.9856438889954244,0.16883756716434736,0.0,0.0,0.9996285500095207,-0.020038757608574615,-0.017147403415425092,0.006868533720998056,0.3393003715766816,0.0,0.0,-0.04033243929702646,-0.03401335226840345,0.01442803556263726,0.027756554511037035,-0.0970815451464851,-0.09302462825516081,-3.8815448466758227,0.02710818234608825,0.4495945612729381,0.0,0.0,0.0,4.416143608715624,1.0,0.0,0.0,0.0
0.10824179649353027,0.3819082714569763,0.9855803989124639,0.16920779319980692,0.0,0.0,0.9996285500095207,-0.020038757608574615,-0.017147403415425092,0.006868533720998056,0.3400516326754362,0.0,0.0,-0.04033243929702646,-0.03401335226840345,0.01442803556263726,0.027756554511037035,-0.0970815451464851,-0.09302462825516081,-3.8889211717282066,0.027079097947217468,0.44945887129372447,0.0,0.0,0.0,4.428160326018251,1.0,0.0,0.0,0.0
0.12009954452514648,0.5452243400998431,0.9822579389959037,0.18753490682942064,0.0,0.0,0.9940757427156008,-0.07128235108110192,-0.06283689266638595,0.05276143562120258,0.3773038467796804,0.0,0.0,-0.14994525806993875,-0.11767876343659248,0.11490164252545645,-0.07607977126684105,0.010155676301144223,0.02568684488363822,-4.0,-1.4729556571405724,0.6980771844675775,1.0,0.0,0.0,4.515547616937299,1.0,0.0,0.0,0.0
0.14009618759155273,0.39741265963518957,0.9758837912938225,0.21829069125822817,0.0,0.0,0.9898343426419451,0.06578145460486863,0.005449011828892116,0.12598048510283014,0.4401251537335596,0.0,0.0,0.13198347825492976,-0.005787153343393138,0.2528049130586089,0.09364085689097423,-0.08709896955767245,0.08255035314365206,-3.412094778960345,-0.09525941888450185,2.15243422722515,0.0,0.0,0.0,4.485082031558803,1.0,0.0,0.0,0.0
0.1601119041442871,0.480798124820754,0.9685394318002803,0.24886013953220815,0.0,0.0,0.9855573203585569,0.06707346661867138,-0.06746527741502888,0.14009409233343123,0.5030063818119656,0.0,0.0,0.11488711830954063,-0.1523638192523635,0.27362334879110856,0.09441805062705685,0.08008212088825048,-0.018995267550007133,-3.9837249027821593,-2.324460819943724,2.4539257549223144,0.0,0.0,0.0,4.540181032146465,1.0,0.0,0.0,0.0
0.1800980567932129,0.7604836235659861,0.9602507020529162,0.27913901412536657,0.0,0.0,0.9891474170599014,-0.07614337338599704,0.10770234444381904,0.064728502334219,0.565794732147355,0.0,0.0,-0.1406833461000717,0.22481321844275792,0.11478443679264112,0.052932526391351487,-0.069934394905367,0.039019650037127984,-4.0,1.9867976103722054,1.6883117209776064,1.0,0.0,0.0,4.631141574268009,1.0,0.0,0.0,0.0
0.20011639595031738,0.8373393255526781,0.9510000014838232,0.3091908749911099,0.0,0.0,0.9910265655155928,-0.09326172451336416,-0.08154194929325101,0.05019469781380062,0.6286841993803834,0.0,0.0,-0.19657641786056354,-0.15285249754123836,0.11631319338164485,0.09232697722740665,0.06859191484197985,-0.045582892813757894,-4.0,-2.135690388084698,0.6327941921539006,1.0,0.0,0.0,4.623925271089602,1.0,0.0,0.0,0.0
0.22014546394348145,0.7757675602608762,0.9408033447337738,0.33895289722577093,0.0,0.0,0.9955636617074025,-0.03221117870183678,0.020119168517974417,0.0860851584916486,0.6916073722459579,0.0,0.0,-0.06077323164421115,0.04562145881802281,0.1711214915831036,0.07885614756313813,-0.07103831903310831,0.017185782202090147,-4.0,0.07914061925420929,1.687429981188059,1.0,0.0,0.0,4.507001265200301,1.0,0.0,0.0,0.0
0.24013972282409668,0.6791184090468257,0.929695668954628,0.3683286075327393,0.0,0.0,0.9987745234219177,0.038946811503164105,-0.010745659354299771,-0.028585451581172868,0.7544211890592714,0.0,0.0,0.07850764154189162,-0.01923954414179103,-0.057981066063097844,-0.061022343292247185,0.0031726166140377127,0.022212382497762098,-4.0,-0.0019175341594775824,-0.699523615533429,1.0,0.0,0.0,4.520758679644799,1.0,0.0,0.0,0.0
0.26012611389160156,1.0147154320276368,0.9176759329822489,0.3973296893326234,0.0,0.0,0.9940461840473953,-0.09609374263870617,0.029875225937115515,-0.04178094639550491,0.8172102884087173,0.0,0.0,-0.19502951083885475,0.05138754701899873,-0.08904101923646644,0.08885072709200156,-0.08134393085378994,0.02458788226754094,-4.0,1.2057074491400983,-0.627772623550969,1.0,0.0,0.0,4.611394917895742,1.0,0.0,0.0,0.0
0.2801086902618408,0.8032646453502307,0.9047543458681716,0.42593376672043387,0.0,0.0,0.9864147580134573,0.06564652503659547,0.09374463292916574,0.11784906754339497,0.879987403533258,0.0,0.0,0.15444316742481648,0.17029127215546014,0.2510251302888191,0.009097297870853338,0.052593045098530466,0.07168654538359517,-4.0,0.48202715563048115,2.644323031060465,1.0,0.0,0.0,4.651855565427048,1.0,0.0,0.0,0.0
0.30010247230529785,0.7759038553008346,0.8909334369184497,0.45413391304842987,0.0,0.0,0.995686922301933,0.08498594795984081,0.03223283827643685,0.01860068662487957,0.942799722318458,0.0,0.0,0.17159704864817504,0.061063979360499794,0.04261188897871187,-0.09212204501787875,-0.009419376968522436,0.053777253967814326,-4.0,0.4430797235724556,0.4090909569063921,1.0,0.0,0.0,4.618308939436225,1.0,0.0,0.0,0.0
0.32012486457824707,1.2017315261504466,0.8762121735547881,0.4819255408404849,0.0,0.0,0.9891073580889752,-0.08677989754189247,0.042546445955766864,0.11102109481264975,1.0057019227904485,0.0,0.0,-0.16382885340856732,0.10362013496985546,0.21503717911869388,0.0860725909299119,-0.024281895034427153,0.0781380291012535,-4.0,-0.22735616534939496,2.0430929590809352,1.0,0.0,0.0,4.640697044433628,1.0,0.0,0.0,0.0
0.3401062488555908,0.9299105201697735,0.860657058390817,0.5091850624694974,0.0,0.0,0.9961292024475518,0.0717145899320424,0.006745157838878905,-0.050379881577987964,1.068475292844706,0.0,0.0,0.14270862416173388,0.0206655133760387,-0.09958805316836687,0.026664536317111798,-0.003166079890616527,0.04912927483832302,-4.0,0.6418233366121653,-0.9950224406619452,1.0,0.0,0.0,4.613878023667568,1.0,0.0,0.0,0.0
0.36010169982910156,1.1343707679255197,0.844242316549378,0.5359616692892691,0.0,0.0,0.9976194888560119,0.002208939822376589,-0.06655603752463415,-0.017910050489876317,1.1312928547283025,0.0,0.0,0.006852072735509788,-0.13310879696025738,-0.03635842974776136,0.02818958367291291,-0.06789486240253748,-0.08654025190776307,-4.0,-0.6602270052405554,-0.669677142130381,1.0,0.0,0.0,4.618966403300174,1.0,0.0,0.0,0.0
0.3801147937774658,1.2860577207675756,0.8269792072786591,0.5622325059339424,0.0,0.0,0.9952670287759258,-0.040520386885340806,0.004964826519355202,0.08818724497247604,1.194165843652086,0.0,0.0,-0.07987802878499954,0.01703024204503697,0.17607108334359653,0.032291501858604466,0.05291989576900347,-0.017097610798858076,-4.0,-1.1211981317366786,1.5827985390940629,1.0,0.0,0.0,4.605350103997557,1.0,0.0,0.0,0.0
0.4001047611236572,1.1436807173423176,0.8089202584277675,0.5879183748660641,0.0,0.0,0.9981497804733162,0.0569515370480491,-0.0034068714548673535,0.021022164394405362,1.2569661782123807,0.0,0.0,0.11379935341022275,-0.009195754739438454,0.04159223325178926,-0.026069128629202173,-0.01511722107402709,0.028566027090728613,-4.0,-0.24183519699644207,0.18578173814728954,1.0,0.0,0.0,4.6321561177270905,1.0,0.0,0.0,0.0
0.4201323986053467,1.4244385971895686,0.7900275282469402,0.6130713699171003,0.0,0.0,0.9975017042157719,-0.050794102448231404,0.04896722126996805,-0.0035384296244805884,1.3198848569936157,0.0,0.0,-0.10234458520668725,0.09748464084107374,-0.01209137271191674,0.00909043369275582,0.05838332658237705,0.05314113191942335,-4.0,0.5835619473158803,0.3319343646204853,1.0,0.0,0.0,4.66039732755229,1.0,0.0,0.0,0.0
0.44012904167175293,1.4490277103802842,0.7703840222626516,0.6375801582878959,0.0,0.0,0.9982152355596037,-0.03166245786301641,0.013861108195173569,0.04870012257027077,1.382706163947495,0.0,0.0,-0.06193068156675792,0.030761521149236942,0.09654416697869773,0.04329222763852203,-0.06369477820697442,0.044219174111519655,-4.0,-0.15265799862365337,0.7502305809037964,1.0,0.0,0.0,4.637079295270763,1.0,0.0,0.0,0.0
0.46011805534362793,1.5012565989669835,0.7499884224660581,0.6614509552240994,0.0,0.0,0.9988949404974836,-0.027060493739335636,-0.020412593874159182,0.03255692765665178,1.4455035024515634,0.0,0.0,-0.055460962679199026,-0.039027967442560894,0.06624550112200403,-0.007700775946660049,-0.0006934986486911432,0.06541659799896987,-4.0,-0.7341064049207392,-0.04335861005808639,1.0,0.0,0.0,4.64868215382008,1.0,0.0,0.0,0.0
0.4801046848297119,1.6712542158575567,0.7288560516354946,0.6846669672142196,0.0,0.0,0.9955995318026529,-0.08023764632350518,0.02709613614351417,0.040115979271289834,1.508293350815066,0.0,0.0,-0.15854672199823514,0.06042819397845261,0.07574114957514723,0.063163958647832,-0.04832975904222119,-0.04637705728425097,-4.0,0.03898097496162567,1.1413203014523459,1.0,0.0,0.0,4.717672947193989,1.0,0.0,0.0,0.0
0.5001034736633301,1.7846179764723462,0.7069918415035521,0.707221702189219,0.0,0.0,0.9856922276730442,-0.09793288606795174,-0.09752162615922545,0.09648582570830458,1.5711213988954544,0.0,0.0,-0.21683477051316613,-0.17423456968403986,0.21416298138544643,0.017074855924031615,-0.029701325226555317,0.021710625942373496,-4.0,-2.624871978279604,-0.10193688089115532,1.0,0.0,0.0,4.8471748540809445,1.0,0.0,0.0,0.0
0.5201082229614258,1.7232445321441627,0.6844231741193627,0.7290849873151802,0.0,0.0,0.9946803382878535,-0.040564662527910765,-0.09464596772477449,-0.0027701211162803434,1.6339681723272574,0.0,0.0,-0.0817279792376785,-0.1896444225110799,0.002207370446010067,-0.03395008304601331,-0.0766916570472887,-0.07894481935529592,-4.0,-0.9483981703881281,-1.1022385078818129,1.0,0.0,0.0,4.775267679143834,1.0,0.0,0.0,0.0
0.5401468276977539,1.564275425324789,0.6611388448136258,0.7502635722721078,0.0,0.0,0.9910620645984661,0.0722131247491871,-0.09935668146444612,0.052052844073658844,1.6969213057550954,0.0,0.0,0.13607698185453562,-0.20590698815893368,0.0908673260238365,-0.05953124501549312,0.05583038904918855,-0.07301699794311023,-4.0,-2.3181598431876664,-0.5105228395174524,1.0,0.0,0.0,4.831789443109054,1.0,0.0,0.0,0.0
0.560122013092041,1.8260722389271111,0.6372763032335743,0.770635395850041,0.0,0.0,0.9947345467405253,-0.029293824323173363,0.08285095398053978,-0.05273303330891698,1.759675201443882,0.0,0.0,-0.0679635906759409,0.162453521360133,-0.11145993208914122,-0.04312997635012488,-0.03758130332340606,0.06269961708780597,-4.0,2.019063046703305,0.35404883548772115,1.0,0.0,0.0,4.771698004549172,1.0,0.0,0.0,0.0
0.5801215171813965,1.7045868318604371,0.6127562186934623,0.7902719889079264,0.0,0.0,0.9960667893492621,0.06062759978373189,-0.06203952490273077,0.018064956400715277,1.8225054965664402,0.0,0.0,0.11977190963981243,-0.12611553888299226,0.02869701109276371,-0.08173959393423309,0.019196343666781537,0.018014075939833687,-4.0,-1.1226120489324147,-0.8312299909757213,1.0,0.0,0.0,4.781964826413511,1.0,0.0,0.0,0.0
0.6001224517822266,1.7339022862156204,0.5876296295823142,0.8091300380266154,0.0,0.0,0.9936666486581057,0.07816532389881826,0.040251413036760914,0.06997569029959903,1.885340285773338,0.0,0.0,0.16206750677671286,0.0691086257532461,0.14622589875818376,0.05905670168935426,0.020867627091315538,0.027574661037014697,-4.0,-0.7428007087671957,1.3634696824835308,1.0,0.0,0.0,4.796148397746487,1.0,0.0,0.0,0.0
0.6201279163360596,2.090082072516865,0.5619171807844553,0.8271934972781458,0.0,0.0,0.991467456628218,-0.06679956457112973,-0.08513121620528465,0.0726827121652007,1.9481893062473106,0.0,0.0,-0.14723432060009845,-0.1597782790941879,0.1581633495570828,0.015234912164055217,-0.03221352053816587,0.073452499866697,-4.0,-2.03033311533571,-0.8853764744418631,1.0,0.0,0.0,4.847524226076764,1.0,0.0,0.0,0.0
0.6401402950286865,2.1144480808905226,0.5356407132738312,0.8444459877834114,0.0,0.0,0.9948755222684198,-0.04926782327437178,-0.005809144970500569,0.08810011700137373,2.0110600481289245,0.0,0.0,-0.09921738973938808,-0.002877754255173185,0.17678991638483066,-0.016227162274710147,0.027213565575186616,0.04873587324137196,-4.0,-1.6590023599121297,0.6507465139811606,1.0,0.0,0.0,4.769475976739947,1.0,0.0,0.0,0.0
0.660106897354126,2.211873914733588,0.508896877962876,0.860827490034814,0.0,0.0,0.9912210377279466,-0.0652072497065819,-0.009188337432985026,0.11464921895265467,2.0737869793116737,0.0,0.0,-0.13175805975367938,-0.0032634320253977873,0.2305211765849106,-0.0649796541614096,0.08504288992524295,0.003430652384253108,-4.0,-2.407553872076593,0.9949785131801621,1.0,0.0,0.0,4.799626304210121,1.0,0.0,0.0,0.0
0.6801149845123291,2.167590219250162,0.48159539014218955,0.8763936787732967,0.0,0.0,0.9961778670093286,-0.013437816115589895,0.06451534104186431,0.057331083619969817,2.136644238940269,0.0,0.0,-0.019542714861381868,0.13044796918976614,0.11369877246743974,0.0945600118607923,0.053036211480434886,0.0919471751868895,-4.0,-0.5956310147727751,1.3152357523769853,1.0,0.0,0.0,4.811793352100824,1.0,0.0,0.0,0.0
0.7001373767852783,2.086015212736096,0.4537982180267933,0.8911044704835157,0.0,0.0,0.9967244547461269,0.05758294275706021,-0.05221259735188271,0.022325113487804703,2.1995464394122592,0.0,0.0,0.11334500375656024,-0.1068574797075999,0.03872134326477781,0.059180519272219456,-0.010849309777817479,0.0024277311369228782,-4.0,-0.8283626022861191,-0.7376265685038266,1.0,0.0,0.0,4.840492027602874,1.0,0.0,0.0,0.0
0.7201094627380371,2.1963100182019155,0.4256237059905893,0.9049002491428745,0.0,0.0,0.993392476081089,0.0358362491342949,-0.0035644001486108247,0.10896993514290097,2.26229059791831,0.0,0.0,0.07048826233741759,-0.014892394541518457,0.21799072735850072,0.01576453461491692,0.08640696508650123,0.07556326870015348,-4.0,-2.3481081535615873,0.5608421462904428,1.0,0.0,0.0,4.8064674160473055,1.0,0.0,0.0,0.0
0.7400975227355957,2.1753271783768042,0.3970072966541938,0.9178154533474193,0.0,0.0,0.9920848512988031,0.07702060611999331,-0.09581002577935732,0.02561079882587809,2.3250849403661524,0.0,0.0,0.1513577052908099,-0.19528738858067868,0.03676442279311006,-0.05846814508532974,0.05967573073605434,0.029500799247965365,-4.0,-1.4695682481840997,-1.6733681617697118,1.0,0.0,0.0,4.955780893239804,1.0,0.0,0.0,0.0
0.7601203918457031,2.520790518593025,0.36794871507792404,0.9298460856897257,0.0,0.0,0.9954721125034837,-0.06543246639130822,0.06709631649847325,0.015872929223632044,2.387988638866256,0.0,0.0,-0.12970141625793835,0.13608184498018552,0.023036550001976557,-0.06951903362313519,-0.03036296739097699,-0.042117376313972305,-4.0,0.32002431626492067,1.5330629287091404,1.0,0.0,0.0,4.904149460901608,1.0,0.0,0.0,0.0
0.7801120281219482,2.5475131351855675,0.33857234504877987,0.9409403632367834,0.0,0.0,0.987489726792056,-0.04425978969811007,0.08502300180554136,0.1252046311443969,2.4507942165249466,0.0,0.0,-0.06725780300975527,0.17997171256058855,0.24616483397826486,0.058397953440053996,0.04743339563554139,0.018851743778288355,-4.0,-1.970206662613116,2.372441020485121,1.0,0.0,0.0,4.920415987890447,1.0,0.0,0.0,0.0
0.8001067638397217,2.415760379554514,0.30885749381301175,0.9511083263832493,0.0,0.0,0.9949981220591578,0.050140775014797585,-0.08594684607218873,-0.008819264703377048,2.5136095313663733,0.0,0.0,0.10297675907582962,-0.17098137058565024,-0.02655954787399933,-0.03709668838178122,0.07512332302028293,-0.06540461408049705,-4.0,-0.6636383198217136,-1.4277546820619467,1.0,0.0,0.0,4.939817854947236,1.0,0.0,0.0,0.0
0.820115327835083,2.580530020661121,0.27881713798104113,0.9603442109827398,0.0,0.0,0.9987709491854148,-0.0016746323054792783,0.048606637109586105,-0.00954890039764393,2.5764682890230817,0.0,0.0,-0.004293714592887218,0.09721486527123513,-0.01932959056545937,0.08579386936751054,-0.04510037949641091,-0.036866141232063776,-4.0,0.6348534112637636,1.0277986746041095,1.0,0.0,0.0,4.877072548103715,1.0,0.0,0.0,0.0
0.8401081562042236,2.8005697618699443,0.24852532965809807,0.9686253974154991,0.0,0.0,0.9892053164928752,-0.07862294073391975,-0.0017093461034460862,0.12364608019860479,2.6392776117520556,0.0,0.0,-0.15663095001983873,0.016061738955240063,0.2474403752701602,-0.060172659801331047,-0.02616721280757435,0.02624011828702147,-4.0,-2.299162136271722,0.47650886272228987,1.0,0.0,0.0,4.926941224397039,1.0,0.0,0.0,0.0
0.8601136207580566,2.6574240150657773,0.2179690611113521,0.9759556795255795,0.0,0.0,0.9970413183338581,0.022954451211001856,-0.07211142090905154,0.013477599161634442,2.7021266322260282,0.0,0.0,0.044308111070939855,-0.14492162235580225,0.023816784178070677,-0.003691121479000234,0.002105065341998877,-0.09377919584129667,-4.0,-0.5858522245503517,-0.9736802398258506,1.0,0.0,0.0,4.934519631147828,1.0,0.0,0.0,0.0
0.8801066875457764,2.78169379651133,0.18721669593076443,0.9823186391211193,0.0,0.0,0.9966723089955789,-0.007750924728913466,0.07936715694752507,0.01688449126668774,2.7649367039690587,0.0,0.0,-0.012933902993864287,0.15913868705878986,0.032847155848660624,-0.015120441087015893,-0.02354049014968182,0.01029333971740301,-4.0,0.059620088714505984,1.5813245665509128,1.0,0.0,0.0,4.9529943860511745,1.0,0.0,0.0,0.0
0.900097131729126,2.7250278745301135,0.1562837674978129,0.9877121969565272,0.0,0.0,0.9938355532811833,0.05209954139848825,0.03703805738022741,0.09057987152701485,2.8277385365574665,0.0,0.0,0.11072045016210848,0.06422528152854336,0.18534157189875852,-0.06678156030920908,0.00960299346550783,-0.045043424339330555,-4.0,-1.711979909018146,1.194955789512044,1.0,0.0,0.0,4.942390997587937,1.0,0.0,0.0,0.0
0.920119047164917,3.0781834321720045,0.12514770706643766,0.9921381211383893,0.0,0.0,0.9955634566973122,-0.09362928646283449,-0.007136845539651494,0.006002153038910239,2.890639239001344,0.0,0.0,-0.18762839276398602,-0.013086784163986063,0.013289013011300053,-0.08684902848923795,0.07462660506317328,0.08292604761734332,-4.0,-0.43546891412837707,-0.4582958071550385,1.0,0.0,0.0,5.002212800677313,1.0,0.0,0.0,0.0
0.940131664276123,2.9347630673587597,0.09390241141054832,0.9955814065817441,0.0,0.0,0.9906735408501054,0.010249214051457572,0.07191878545386789,0.11527609192578722,2.953510729897014,0.0,0.0,0.037264523377354135,0.14059583682696894,0.23430500618061295,-0.00621917179002314,-0.00443574419632542,0.09019808692599307,-4.0,-2.1425247505124108,1.2877218241285862,1.0,0.0,0.0,4.978547152178318,1.0,0.0,0.0,0.0
0.9601125717163086,2.953648742344538,0.06261404023825447,0.9980378158992986,0.0,0.0,0.9961923371264856,0.03151993069870566,-0.08069239913280596,-0.009800925538505402,3.0162826019231583,0.0,0.0,0.06526976548743926,-0.16084509490759502,-0.024938501948339683,-0.07761968869682373,-0.07323372577666745,0.09415183701952756,-4.0,0.38751924694704554,-1.9995621748025147,1.0,0.0,0.0,5.013246517202094,1.0,0.0,0.0,0.0
0.9801037311553955,3.1223845510563875,0.03124789854531727,0.999511665182804,0.0,0.0,0.9990965147270248,-0.04084351546445068,0.001998194857836748,-0.011574485825607196,3.0790866815537363,0.0,0.0,-0.08175089248831378,0.0030472983710116285,-0.023293498044819907,-0.007569624957211404,-0.03466271113649391,-0.0320781433971639,-4.0,0.371276304373553,0.16102338780712236,1.0,0.0,0.0,4.966610187458539,1.0,0.0,0.0,0.0
1.0001001358032227,3.006375420833062,-0.00015729295123405424,0.9999999876294636,0.0,0.0,0.9894403828540687,-0.06740149133184503,0.096443697088663,0.08463675936440093,-3.141278067686028,-0.0,0.0,-0.11981093166572648,0.20366493084098827,0.15840710719435125,-0.04450738569661053,0.036860884846975056,0.061672830531984746,-4.0,-1.8404821040107366,1.6819163404708497,1.0,0.0,0.0,5.1033038255878775,1.0,0.0,0.0,0.0
1.0201115608215332,2.9025997798349246,-0.03158591145358632,0.9995010406185909,0.0,0.0,0.9916640624837478,-0.08793351229679267,0.008818779168182926,0.09376733827598056,-3.0784103218606407,-0.0,0.0,-0.1737194510094222,0.03398765869684246,0.18559061235561128,-0.026797728652908373,-0.018375561790491116,-0.08785803601848836,-4.0,-1.8064797800542949,0.4684851863051692,1.0,0.0,0.0,5.040737053265016,1.0,0.0,0.0,0.0
1.0401029586791992,2.9655700970121055,-0.06295192669102521,0.9980165604467132,0.0,0.0,0.9894868761686557,-0.02565848671190021,-0.010761928402562912,0.14192091053367853,-3.015605493216006,-0.0,0.0,-0.05386348612713747,-0.014015081047429658,0.2852920060780013,0.030100898403864262,0.05420005623754923,-0.04603079125962453,-4.0,-3.0360389221189035,-0.20937238544028802,1.0,0.0,0.0,4.969694847325881,1.0,0.0,0.0,0.0
1.0601389408111572,2.939254939668393,-0.09432559020022224,0.9955414019684866,0.0,0.0,0.9998126627561074,-0.006718400873773315,-0.017965199807351916,-0.0025988609280716366,-2.9526605989427908,-0.0,0.0,-0.013349936361764752,-0.035966342600599326,-0.004958580416852308,-0.06839435726335522,-0.061684938626815636,-0.07626091684043297,-4.0,0.33237678904220147,-0.04775555487759725,1.0,0.0,0.0,4.965653582058662,1.0,0.0,0.0,0.0
1.0801186561584473,2.826377922829713,-0.12551814634538605,0.9920913238901035,0.0,0.0,0.9985871144285463,-0.03186690009167386,-0.011331973668874066,0.040986118974414294,-2.889892471986929,-0.0,0.0,-0.06463058824865965,-0.02002106217995612,0.08268940337213647,-0.07987087825086975,-0.08081755991351965,-0.09289111363183061,-4.0,-0.4615218544477648,0.043827365747302394,1.0,0.0,0.0,4.9733782234971295,1.0,0.0,0.0,0.0
1.10009765625,2.9026881418505326,-0.15658597269299848,0.9876643322282057,0.0,0.0,0.9914878916403165,0.03653540022997857,-0.028801052142797774,0.12160355527756216,-2.827126592073237,-0.0,0.0,0.06563430074710519,-0.06604546266998573,0.24190713797553917,0.09921612829434634,0.05266412300238138,0.0481934247723039,-4.0,-2.5225295611180725,-1.1425173574522152,1.0,0.0,0.0,4.983572250402817,1.0,0.0,0.0,0.0
1.1201128959655762,2.768063424073866,-0.18755550708827418,0.9822540057240084,0.0,0.0,0.9969415124914968,0.0013246276986641466,-0.031387196143383186,0.07155913604064548,-2.7642468620229446,-0.0,0.0,-0.0018545870964171516,-0.06281327290910017,0.1433698209824152,-0.0880733274752331,0.03138488407971643,0.008238232555253716,-4.0,-1.413587666985304,-0.9179831139647218,1.0,0.0,0.0,4.97181347202959,1.0,0.0,0.0,0.0
1.1400997638702393,2.529096467402701,-0.21829617338486337,0.975882565007453,0.0,0.0,0.9851459892478692,-0.08856581132412952,-0.08321085920406172,0.12132365739565186,-2.701456264645385,-0.0,0.0,-0.19798856331416648,-0.14294574833821583,0.2592931473075562,-0.09792964271766474,-0.054243747060419435,-0.01782565445899867,-4.0,-1.7876856082991397,-2.0824677195052206,1.0,0.0,0.0,5.113017576080807,1.0,0.0,0.0,0.0
1.1601052284240723,2.557754644163183,-0.2488499832234431,0.9685420413434267,0.0,0.0,0.9947392220990179,-0.041557032653178186,0.07359830992202668,0.0578807552777679,-2.6386072441714123,-0.0,0.0,-0.07509038313746946,0.1518154563893304,0.11052907434816517,-0.04237693521715596,0.06384880535973911,0.055813167356323495,-4.0,-1.7428928826509313,0.9143359776041687,1.0,0.0,0.0,5.033921633689286,1.0,0.0,0.0,0.0
1.1801559925079346,2.4030646254806776,-0.2792264007840911,0.9602252949725716,0.0,0.0,0.9899328897607466,-0.08801450751372603,-0.05543042806598306,0.09598847785789669,-2.575615911026688,-0.0,0.0,-0.18678466184266887,-0.09298197411698789,0.2020402491722136,0.042000058520158146,0.01396617019459774,0.07215235282263904,-4.0,-1.5897231916240127,-1.8891737378729243,1.0,0.0,0.0,5.071743251688488,1.0,0.0,0.0,0.0
1.2001047134399414,2.3796939510368667,-0.3091734232860116,0.9510056752373294,0.0,0.0,0.9946502682224871,-0.06759423667337326,0.04021469797656504,0.0669674634440635,-2.512945155898183,-0.0,0.0,-0.1299594981352841,0.08917047372091003,0.128646107983553,-0.09201829083561863,0.07414896378439662,-0.003955744250590504,-4.0,-1.8189909277651952,0.3666198986400929,1.0,0.0,0.0,5.0241609568035805,1.0,0.0,0.0,0.0
1.2201135158538818,2.292312152986845,-0.3389056835786873,0.9408203535415582,0.0,0.0,0.9953675282775631,-0.079353402906041,0.04005090473582402,-0.036639406759497055,-2.450085649227418,-0.0,0.0,-0.16205624886937342,0.07398329001398114,-0.07959723662012082,-0.03249970908648091,0.063992899472154,-0.05281159079407754,-4.0,0.16198080958305716,1.213206554115553,1.0,0.0,0.0,5.041668829195284,1.0,0.0,0.0,0.0
1.240110158920288,2.347884851171523,-0.3682854331178794,0.9297127727170236,0.0,0.0,0.9974466347492577,-0.02062314906691043,-0.06771224762567296,-0.009484095709367398,-2.3872643422735385,-0.0,0.0,-0.040238298082882984,-0.13588771000829764,-0.01627764741971226,0.07173132007782884,-0.02525812958464084,-0.07627695620328137,-4.0,0.7761309055960766,-0.8840939190050808,1.0,0.0,0.0,5.012225129784457,1.0,0.0,0.0,0.0
1.2601423263549805,2.225499966658829,-0.397353059177667,0.9176658140969126,0.0,0.0,0.9965642343722627,-0.050354752386808664,-0.052414912130005265,-0.03970897465930263,-2.324331432225228,-0.0,0.0,-0.0969234535643682,-0.10868255627806017,-0.07437336248829125,0.09919542733825024,0.04171246338316653,-0.035345327652772124,-4.0,0.9784860312487103,-0.5050364984472527,1.0,0.0,0.0,5.014987597697529,1.0,0.0,0.0,0.0
1.28010892868042,2.0743486166150538,-0.42593410555726524,0.9047541863529189,0.0,0.0,0.9907955497997771,-0.09576248057005614,-0.07873291769121572,-0.05435856403415129,-2.261604501042479,-0.0,0.0,-0.1848156324151883,-0.1672054953122585,-0.09408609561242577,-0.025340279202983054,0.014903393353116107,-0.010738945410230502,-4.0,1.5947098915626028,-0.9186596290319511,1.0,0.0,0.0,5.119362285656135,1.0,0.0,0.0,0.0
1.300095796585083,2.288646091500102,-0.4541245705201134,0.8909381990070482,0.0,0.0,0.9907532578442582,0.04070186672757028,-0.09030111423169103,0.09272027224072982,-2.1988139036649197,-0.0,0.0,0.06509248020963293,-0.18757809510610482,0.1805026212033276,-0.033587841437064975,0.09700626499540882,0.09983585392471575,-4.0,-1.220026612854528,-2.850528733533702,1.0,0.0,0.0,5.061312395497409,1.0,0.0,0.0,0.0
1.3200979232788086,2.1458555299174833,-0.4818884597281983,0.876232567518912,0.0,0.0,0.9980893113306493,0.0038959780773418053,0.05910279321891153,-0.017589991360254142,-2.1359753693877397,-0.0,0.0,0.0057380320659710694,0.11839318417136145,-0.03490361068158148,-0.08969892147540653,-0.019232823326060133,-0.003993723183196796,-4.0,-0.18442932064904977,1.2212590145922146,1.0,0.0,0.0,4.99706257728382,1.0,0.0,0.0,0.0
1.340092420578003,1.989715209008978,-0.5091663676665726,0.8606681184040853,0.0,0.0,0.9923791299040708,-0.045704310072820324,0.09614685233079828,0.06205289162066756,-2.0731608035603695,-0.0,0.0,-0.08043277223671383,0.19778747910769134,0.11691163822891659,-0.008906897111788298,0.006095789505791621,-0.02561165804831432,-4.0,-2.071616938753956,1.1255523333196733,1.0,0.0,0.0,5.077078079059841,1.0,0.0,0.0,0.0
1.3601012229919434,1.932928193690163,-0.5359610369397566,0.8442427179919653,0.0,0.0,0.9962027275723178,-0.040612562737994656,-0.06111713842082832,0.04685553026672716,-2.0103012968896037,-0.0,0.0,-0.08736435241266093,-0.11823959123153979,0.09917325751460004,0.041543273251399365,-0.07675278249128932,0.05221634338172365,-4.0,0.17099042311478235,-1.7430741264150647,1.0,0.0,0.0,5.016019367095949,1.0,0.0,0.0,0.0
1.3800983428955078,1.8407745310470267,-0.5622111357889764,0.8269937356442727,0.0,0.0,0.9971790676254866,-0.054277105152160915,-0.04644467934362309,0.02303898232419194,-1.947478491907612,-0.0,0.0,-0.11106735301589558,-0.09024880612697217,0.05122049977148198,-0.042498325966343245,-0.026013692267904134,-0.05240117291811992,-4.0,0.24522720641976226,-0.8176399341493072,1.0,0.0,0.0,5.013165493819385,1.0,0.0,0.0,0.0
1.4001352787017822,2.097721162838044,-0.5879571513197769,0.808892074514229,0.0,0.0,0.9896930435640803,0.1030273659167951,-0.09643191031167708,0.024370639440829598,-1.8845306015781695,-0.0,0.0,0.20459152213473578,-0.1971727703563063,0.028933211612025965,0.09025973919274996,0.05914079142572082,-0.023852217706562026,-4.0,0.5031291180700553,-1.7512291236308342,1.0,0.0,0.0,5.167821422743506,1.0,0.0,0.0,0.0
1.4201171398162842,1.8844237425757024,-0.6130524340058416,0.7900422223903689,0.0,0.0,0.998414595691604,0.030479546754113216,0.03663274620779865,0.029955537800375416,-1.821755733495799,-0.0,0.0,0.06326034146556975,0.0713838837674662,0.06224781017785587,0.05108663293599977,0.08228341433966524,0.0752894811611313,-4.0,-1.2516123350329913,-0.08961590732857597,1.0,0.0,0.0,4.984639844024409,1.0,0.0,0.0,0.0
1.4401109218597412,1.6873511056360762,-0.6375582309480995,0.7704021690976278,0.0,0.0,0.9968925567277804,-0.03782997314890693,0.05103246974967772,0.04658122479658496,-1.758943414710599,-0.0,0.0,-0.07112535882667063,0.10546752898553276,0.08962915673769586,0.032737493415052665,-0.014853437373730877,0.02748330509724828,-4.0,-1.3090352056456802,0.08241242186809358,1.0,0.0,0.0,5.002373353326176,1.0,0.0,0.0,0.0
1.4601106643676758,1.7423433791642384,-0.6614422480255264,0.749996101674494,0.0,0.0,0.9902327502228518,0.01473504700389958,-0.06278835354220436,0.12361068495619264,-1.6961123705739847,-0.0,0.0,0.013773346121017552,-0.12834505608827487,0.24748997546342905,0.058456477032454296,0.026361493631746835,0.01740301033978406,-4.0,-1.1289792170406139,-2.6466590358513833,1.0,0.0,0.0,5.003625147098586,1.0,0.0,0.0,0.0
1.4801139831542969,1.6337973806917299,-0.6846776126480338,0.7288460514666928,0.0,0.0,0.9985783065574816,-0.0010718607241868832,-0.02484639933297132,-0.04714735652787554,-1.6332700912265203,-0.0,0.0,0.00020246080011086112,-0.04974373364079067,-0.09436392516846732,-0.009604049358770433,-0.032403267893166596,-0.0035232061535156733,-4.0,1.1571118319853262,0.2975236138774768,1.0,0.0,0.0,4.96814552094297,1.0,0.0,0.0,0.0
1.5001130104064941,1.439355868534707,-0.7072322930464084,0.7069812470443039,0.0,0.0,0.992243829719617,-0.07110680320034922,0.01484575849280626,0.1008742205756635,-1.5704412941320762,-0.0,0.0,-0.13869239143262216,0.04382093458087966,0.19958512232245035,-0.05694240478495094,0.05265648066220968,-0.041905297850055125,-4.0,-1.8469375642105452,-1.0492954780884387,1.0,0.0,0.0,5.0149232270903195,1.0,0.0,0.0,0.0
1.5201127529144287,1.6829638624457506,-0.7290898574012142,0.6844179862004484,0.0,0.0,0.9937497162083541,0.0849981394617001,-0.05881272465322151,-0.04216492906112419,-1.5076102499954607,-0.0,0.0,0.17585470166576586,-0.10994373510273045,-0.094511138586245,-0.006185861209218491,0.0389429910148435,0.0589895642502965,-4.0,1.2789919732824966,-0.42616754607342555,1.0,0.0,0.0,5.070339156612837,1.0,0.0,0.0,0.0
1.5401017665863037,1.3022922026181614,-0.750216773776484,0.6611919481847943,0.0,0.0,0.9895447889296783,-0.08018332952976508,0.05939987836269285,0.10413164177202237,-1.4448129114913926,-0.0,0.0,-0.1481978460298054,0.13466355912667288,0.19968019526003353,0.005816150879007331,-0.014787757233331852,0.02375979139612583,-4.0,-2.2091247350446648,-0.8719708264182329,1.0,0.0,0.0,5.062828372502862,1.0,0.0,0.0,0.0
1.5601680278778076,1.3655226590502079,-0.770681456076679,0.6372206001531414,0.0,0.0,0.9916853658857465,-0.018141174328722597,0.02029231116620045,0.12577461981481794,-1.3817728924329906,-0.0,0.0,-0.030912127822964288,0.04482558473545455,0.2516182101107,-0.06802787826906695,-0.097820160261479,0.07645924360352274,-4.0,-1.5244210917372816,-1.9858667431451726,1.0,0.0,0.0,4.9693634048977176,1.0,0.0,0.0,0.0
1.5801331996917725,1.3653159106424722,-0.7902832333688783,0.612741716431998,0.0,0.0,0.9995780710047224,0.022931553857745823,0.002115147210739186,-0.017701693603281415,-1.3190504553345808,-0.0,0.0,0.04578544981427177,0.005040385560291503,-0.035299220790147155,0.039894919281280944,0.033673524960669915,0.09523783672130492,-4.0,0.04880591506679727,-0.07524353509879755,1.0,0.0,0.0,4.967268583195332,1.0,0.0,0.0,0.0
1.6001472473144531,1.1003271687340206,-0.8091529248412195,0.5875981145484556,0.0,0.0,0.9899233256790909,-0.08754223605947362,-0.04990984296221168,0.09948454029467667,-1.2561744703545703,-0.0,0.0,-0.18491277119049135,-0.08148578399436779,0.20788141571651772,0.012618921117993273,0.04507933621088492,0.02055729471168921,-4.0,-0.5417620026961862,-2.2787319064052944,1.0,0.0,0.0,5.064863689437336,1.0,0.0,0.0,0.0
1.620110034942627,1.0142623120382586,-0.8271777138068317,0.5619404147961803,0.0,0.0,0.9920851868188958,-0.09522479693642669,-0.07751884898772031,-0.026268768424732275,-1.193459523396727,-0.0,0.0,-0.18835779070593034,-0.15948876415097746,-0.0378475372349899,0.021629149546632198,0.06273938917413491,-0.0010028591478555143,-4.0,1.3267093814510278,-0.43262925030039556,1.0,0.0,0.0,5.11627549490127,1.0,0.0,0.0,0.0
1.6401183605194092,1.3173441484771757,-0.8444275319707025,0.5356698080439742,0.0,0.0,0.994836987565714,0.09196343156512723,0.03206331112918527,0.028531377558306804,-1.1306015147540747,-0.0,0.0,0.18619847853361485,0.05858134951670924,0.0628144236031731,0.043572479053260726,0.0626265047551535,-0.007669250892396298,-4.0,-1.0976768234909149,-0.10766965677962292,1.0,0.0,0.0,5.057952687228873,1.0,0.0,0.0,0.0
1.6601130962371826,1.1003261932645592,-0.8608324452158995,0.5088884959041768,0.0,0.0,0.9914646123613047,0.0020547613438236492,-0.09112303843272114,0.09322173704590758,-1.0677861999126483,-0.0,0.0,-0.013132303753623403,-0.1820780205204748,0.18869619353266218,0.012832742805688649,-0.014892806617771662,0.0874896196763374,-4.0,0.6796151952445895,-2.882353715080313,1.0,0.0,0.0,5.045837910592529,1.0,0.0,0.0,0.0
1.6801319122314453,0.9548424891852856,-0.8764064840844241,0.4815720866648917,0.0,0.0,0.9903198406257477,-0.042070665383622544,0.07269596381153476,0.11050777901435227,-1.0048952346515068,-0.0,0.0,-0.06811691251952956,0.15388946423551872,0.21700285160076888,-0.054324647942440546,0.04182968364753942,0.04669002789379875,-4.0,-2.5058922502669585,-1.4235878532774096,1.0,0.0,0.0,5.033012219315591,1.0,0.0,0.0,0.0
1.700103998184204,0.8958382484727004,-0.8910806761716091,0.4538449388872237,0.0,0.0,0.9940446603217317,-0.034320694253649156,-0.0939770403011456,0.04319281338414236,-0.9421510761454556,-0.0,0.0,-0.07775350885553298,-0.18492207282477893,0.09406186463002555,0.004689198120451987,0.05127838726114803,-0.034173329921633,-4.0,1.0776521482645687,-1.4860923896808937,1.0,0.0,0.0,5.063364446362401,1.0,0.0,0.0,0.0
1.7201197147369385,0.8169479616033328,-0.9049071031855193,0.4256091336007628,0.0,0.0,0.9929884180164847,-0.045031381719073664,0.06052515223974636,0.09101034167579951,-0.8792698480670497,-0.0,0.0,-0.0791515501533442,0.1287536339984787,0.17769001624211575,0.006115887682924176,0.03684330118869722,0.020556146269812767,-4.0,-2.0174626618043456,-1.2141415258784383,1.0,0.0,0.0,5.01912892391142,1.0,0.0,0.0,0.0
1.7401258945465088,0.6915517587530501,-0.9178331455966727,0.39696639258773136,0.0,0.0,0.9965848074221323,-0.06578441244605467,0.035785247661510755,0.0347929410128491,-0.8164185805509077,-0.0,0.0,-0.12936199406936172,0.07597680928024249,0.06487251856079011,-0.04350924788028501,-0.0341991925539217,0.10059899188522378,-4.0,-0.7963335239544896,-0.7569674439875811,1.0,0.0,0.0,5.018286840233269,1.0,0.0,0.0,0.0
1.760134220123291,0.7650216778224532,-0.9298540778343964,0.36792851742525234,0.0,0.0,0.9954421821437295,-0.005746810313294475,-0.015023999016028118,0.09400061507096408,-0.7535605719082554,-0.0,0.0,-0.014272182209046956,-0.028834632847897484,0.18850942319409644,-0.0794468561779584,0.09776807103983651,-0.07950022098024655,-4.0,-0.8033798879531048,-1.5406913746078748,1.0,0.0,0.0,4.964569128532981,1.0,0.0,0.0,0.0
1.780125379562378,0.8224134879769929,-0.9409474637023278,0.33855261120268504,0.0,0.0,0.9945820252281242,0.05674243143737011,-0.08116544112676766,0.03160795365719733,-0.690756492277678,-0.0,0.0,0.10945543348434195,-0.16579694701963063,0.054435331414104816,0.024385153046723437,0.01781840959049079,0.050524556317557784,-4.0,1.2421555760999374,-1.346502142459142,1.0,0.0,0.0,5.0612772814281985,1.0,0.0,0.0,0.0
1.8001134395599365,0.671394817599799,-0.9511115650714179,0.30884752028695,0.0,0.0,0.9984174114903019,0.017567093832283248,0.0307521333506053,0.04368496242048807,-0.627962149829836,-0.0,0.0,0.037842298304858336,0.059907923173676235,0.08858663687493362,-0.025562851273807113,-0.05889517060458776,-0.07025050125226394,-4.0,-0.6192333575371588,-0.3600290519703127,1.0,0.0,0.0,4.974478942968678,1.0,0.0,0.0,0.0
1.8200995922088623,0.5556820255840722,-0.9603373190368443,0.278840875169202,0.0,0.0,0.9981634035093907,-0.011032383330704604,-0.025797861639854768,-0.05368963351900282,-0.5651737994944467,-0.0,0.0,-0.019282060185331334,-0.05271001637636725,-0.10696496283006586,-0.07559811050459514,-0.028986957322213333,-0.08363933790444328,-4.0,0.9108581029299341,1.2218905595489484,1.0,0.0,0.0,4.969824921223483,1.0,0.0,0.0,0.0
1.8401148319244385,0.3587432523836038,-0.9686280034477585,0.2485151724478993,0.0,0.0,0.9973413313007101,-0.07204088735645398,0.01059243242050668,-0.0028600356010147687,-0.5022940694441539,-0.0,0.0,-0.14429031625768182,0.02071794440534954,-0.007232655126411617,-0.036072096185172556,-0.005914396173458569,0.025354530157636404,-3.4171842562778414,-0.16732970383691328,0.006635694241962031,0.0,0.0,0.0,5.015181882139766,1.0,0.0,0.0,0.0
1.8601055145263672,0.6028999232408032,-0.9759529039943197,0.21798148817056542,0.0,0.0,0.9945860633275763,0.07230964810461324,0.07192507013730662,-0.019916367924021086,-0.43949148784168934,-0.0,0.0,0.14298397002733465,0.14647484092179122,-0.02953585713381657,-0.07566687400410946,0.04684533452162562,-0.048003510223705595,-4.0,-1.5044629691158802,0.894329459650224,1.0,0.0,0.0,5.06742163557946,1.0,0.0,0.0,0.0
1.8801193237304688,0.29622867733818964,-0.9823223549679404,0.18719719797646447,0.0,0.0,0.9960950894885408,-0.05643586344917971,-0.05697321841190283,0.03692720402834425,-0.37661625187573594,-0.0,0.0,-0.11761311374025475,-0.10955245411533962,0.08056627077361937,-0.04581480312752531,0.07793573590434441,-0.09223752741981062,-2.4373007751363613,0.6693249955280615,-0.5698427877190387,0.0,0.0,0.0,5.026652342994188,1.0,0.0,0.0,0.0
1.9001119136810303,0.2673449349712438,-0.987715825511167,0.15626083333578483,0.0,0.0,0.9981707217518395,-0.033086426494796595,0.011586699535370393,0.049256948881283215,-0.31380767816081906,-0.0,0.0,-0.06497868512883029,0.026393545581502528,0.09775658180761856,0.06119044887391256,0.08039877788692881,0.10035533010047515,-2.710661830171684,-0.704421079073629,-1.338247732430494,0.0,0.0,0.0,4.974226282340871,1.0,0.0,0.0,0.0
1.920125961303711,0.4074493458313158,-0.9921394802720557,0.1251369317407743,0.0,0.0,0.9966842986328246,0.07615688628392421,0.018957232044107507,-0.021474656773930713,-0.25093169318080855,-0.0,0.0,0.1517031971868523,0.04107118282823361,-0.03996378838588217,-0.08210406622312633,-0.04929221179360628,-0.021742850913087836,-3.677189107547253,-0.125250066600808,0.5605334969124693,0.0,0.0,0.0,5.023886728318427,1.0,0.0,0.0,0.0
1.9401071071624756,0.3380109836977632,-0.9955777836284032,0.0939408151207789,0.0,0.0,0.9963897539480329,0.06632867880853198,-0.04224786298099038,0.031985663482762605,-0.18815907214060723,-0.0,0.0,0.1303539060840974,-0.08854948341984313,0.058397740552226886,-0.0925484774541343,-0.07326808266589054,-0.081516184574467,-2.8225465842448436,1.0741978204615865,-0.39019555457409116,0.0,0.0,0.0,5.0241423665122475,1.0,0.0,0.0,0.0
1.9601075649261475,0.20747888804938325,-0.998037323431072,0.06262188945202585,0.0,0.0,0.9988773745649808,0.036616804047908735,0.02830874409388319,-0.010090354370157165,-0.1253257809618236,-0.0,0.0,0.07276371050161998,0.057324271135966456,-0.01811564761638241,0.0666068855962425,-0.019168385275255745,0.022865412126539336,-2.2483580549992284,-0.47575258148406896,0.14540429771855304,0.0,0.0,0.0,4.983350420672348,1.0,0.0,0.0,0.0
1.9801156520843506,0.23062602228449708,-0.9995122501354513,0.031229182332666784,0.0,0.0,0.9956311753043837,0.05721371940089283,-0.05999224998223967,-0.04296606819800954,-0.062468521333228354,-0.0,0.0,0.12016070981217261,-0.11479577663710874,-0.09316853474686733,-0.03404551004056529,0.014126056557973249,-0.09362553803686453,-1.6293891783711918,1.1695914527343132,1.1959342039639278,0.0,0.0,0.0,5.031152994098065,1.0,0.0,0.0,0.0
2.0001015663146973,0.11566683198784804,-1.0,1.2246467991473532e-16,0.0,0.0,0.9983281140721416,-0.03334397746206392,0.04115905942385766,-0.023131961601079366,-2.4492935982947064e-16,-0.0,0.0,-0.06875854399720957,0.0807255166728467,-0.04911099545507312,-0.06247199503148804,-0.0429162029541853,-0.007394155806886044,0.916767529367228,-0.6515163766604121,0.4922158552491316,0.0,0.0,0.0,4.990002787921557,1.0,0.0,0.0,0.0
2.020120859146118,0.19075507719091464,-1.0,1.2246467991473532e-16,0.0,0.0,0.9954550095675396,-0.06999574594015845,-0.021716280751073184,0.060813835823031875,-2.4492935982947064e-16,-0.0,0.0,-0.1425646450404228,-0.03472872186086463,0.1245113224179634,-0.05367530007088617,0.04972683030332911,-0.02769906221537069,1.6146161190867112,0.2354182938081471,-1.105480467599155,0.0,0.0,0.0,5.015880602466757,1.0,0.0,0.0,0.0
2.0401153564453125,0.11410591414518816,-1.0,1.2246467991473532e-16,0.0,0.0,0.9983729214669399,0.04745441968564772,0.013089937103500501,-0.02877918137286118,-2.4492935982947064e-16,-0.0,0.0,0.09417933737912192,0.028872687563763606,-0.05627550130064824,0.08817520084386155,0.039133362674591415,0.030197362774824626,-1.301789197088403,-0.41833219276837563,0.4547941763579251,0.0,0.0,0.0,4.986165635252872,1.0,0.0,0.0,0.0
2.060103178024292,0.27726961464909117,-1.0,1.2246467991473532e-16,0.0,0.0,0.9904055766335809,0.055453937497975725,-0.07679537807355855,0.10061870847717125,-2.4492935982947064e-16,-0.0,0.0,0.0958201427037909,-0.16401086365302184,0.1946107049352793,0.09674758371230979,0.02710400812722627,0.029434466464894393,-1.4960690848087561,1.4274915289622654,-2.1301120354030028,0.0,0.0,0.0,5.052671907996231,1.0,0.0,0.0,0.0
2.080113410949707,0.16719175379558135,-1.0,1.2246467991473532e-16,0.0,0.0,0.9965078990391748,-0.05555219595827777,-0.040666844000565694,-0.04724583024750991,-2.4492935982947064e-16,-0.0,0.0,-0.1074807530183491,-0.08640636082868211,-0.09010096673911784,-0.0696576671709519,0.058571942147523426,0.027601634644920117,1.3896745878493604,0.5790491114212203,0.8345100663705176,0.0,0.0,0.0,5.009488333103982,1.0,0.0,0.0,0.0
2.1001484394073486,0.16285590288990798,-1.0,1.2246467991473532e-16,0.0,0.0,0.9966865757769148,-0.030955614295658494,-0.044386657770193,0.060724329734121556,-2.4492935982947064e-16,-0.0,0.0,-0.06738988119797636,-0.08482132751301924,0.12456281616025641,0.05286666486715971,0.04832719962626761,-0.044259271505224795,0.4076456264445286,0.6944243568987895,-1.037449508661532,0.0,0.0,0.0,4.991232906887209,1.0,0.0,0.0,0.0
2.1201071739196777,0.13068568545718678,-1.0,1.2246467991473532e-16,0.0,0.0,0.997865915936803,-0.02626085953866085,0.05965071140275665,0.00397161139101003,-2.4492935982947064e-16,-0.0,0.0,-0.05233299723229387,0.11953991613265837,0.004827784953741244,0.09420448843246473,0.03859582722102323,0.08051013181912589,0.14839923704335567,-1.347397536939226,-0.401472755096704,0.0,0.0,0.0,5.004516774215041,1.0,0.0,0.0,0.0
2.1401312351226807,0.16228144388935986,-1.0,1.2246467991473532e-16,0.0,0.0,0.9967098973349539,-0.07689765753483453,0.009915344524689031,-0.023618144786534134,-2.4492935982947064e-16,-0.0,0.0,-0.15439031055464136,0.016133783953168286,-0.04863130417667355,0.029362796385933698,-0.052007990546559316,-0.040196262751781835,1.4205019651529533,0.009725071692456705,0.63314794673781,0.0,0.0,0.0,5.0223847728943,1.0,0.0,0.0,0.0
2.160097360610962,0.17648483528961711,-1.0,1.2246467991473532e-16,0.0,0.0,0.9961091635865706,-0.07062893122015462,-0.050389918265183596,0.015457827492544311,-2.4492935982947064e-16,-0.0,0.0,-0.14344856476349405,-0.09836271583900295,0.03810671363156182,0.06436970371840126,0.046449077994898474,0.07846861890067247,1.155099809529485,0.822002053324078,-0.6230310254535762,0.0,0.0,0.0,5.037845671257698,1.0,0.0,0.0,0.0
2.180116653442383,0.1917034898083413,-1.0,1.2246467991473532e-16,0.0,0.0,0.9954097375559462,0.01516709334955365,-0.09265895222766883,-0.018540016995643806,-2.4492935982947064e-16,-0.0,0.0,0.03422097811958432,-0.18495759332177042,-0.040420794130826256,0.06530802204679562,0.0044876308169923,0.025717756033485112,-0.5645739551782578,1.8352285212854076,0.2679293157789355,0.0,0.0,0.0,5.05105743785758,1.0,0.0,0.0,0.0
2.2000975608825684,0.1790305010983092,-1.0,1.2246467991473532e-16,0.0,0.0,0.9959961845721592,0.008613290567446585,0.08814320462649056,0.01217320916910761,-2.4492935982947064e-16,-0.0,0.0,0.01960870461881901,0.17628248210872335,0.026175952045769425,0.07050814150817478,-0.009830427949070117,-0.07497988627238128,-0.45429837738163326,-1.7235423807335306,0.056455361707373114,0.0,0.0,0.0,5.041078524655206,1.0,0.0,0.0,0.0
2.2201099395751953,0.13241447274450568,-1.0,1.2246467991473532e-16,0.0,0.0,0.9978091013998117,-0.05277506838300619,0.011617181701927663,0.038168447835530285,-2.4492935982947064e-16,-0.0,0.0,-0.10466172918903902,0.02721550371410023,0.07504162723311557,0.03571129900131048,0.059146921408829406,-0.06651539480566111,0.9126561716548793,-0.46893131967387097,-0.4973073774879612,0.0,0.0,0.0,4.9911499804696655,1.0,0.0,0.0,0.0
2.240100145339966,0.1454254758923178,-1.0,1.2246467991473532e-16,0.0,0.0,0.9973575934096534,-0.041858405820142316,0.025656984520676173,-0.053548332145887986,-2.4492935982947064e-16,-0.0,0.0,-0.08644517866611495,0.04671246737455937,-0.10929806427281583,0.059445024788558204,0.020582990085678404,-0.04736870282224162,0.599388017248611,-0.595471650756237,1.2604414542067262,0.0,0.0,0.0,4.986036755721689,1.0,0.0,0.0,0.0
2.2601373195648193,0.31128345411951047,-1.0,1.2246467991473532e-16,0.0,0.0,0.9879122574555416,-0.049703672963170416,-0.07530175925669044,0.1260498374291438,-2.4492935982947064e-16,-0.0,0.0,-0.11857009953320254,-0.1366779283145186,0.26193794089409367,0.010517521761761767,0.02847253086226814,0.10124883165545509,0.9520033722163589,1.392145061684736,-2.925992075204696,0.0,0.0,0.0,5.04412655229286,1.0,0.0,0.0,0.0
2.280301809310913,0.2394154168170233,-1.0,1.2246467991473532e-16,0.0,0.0,0.992843584314965,0.009059902901189494,0.005598605842270424,0.11894616789395521,-2.4492935982947064e-16,-0.0,0.0,0.01932397694432496,0.008961918283762822,0.23855707776185325,-0.0990600316660366,0.09058440941159945,0.07777183017017442,0.21504206864035405,-0.47430975449180657,-2.6900106785598017,0.0,0.0,0.0,4.963125897298803,1.0,0.0,0.0,0.0
2.3000974655151367,0.21796514914210396,-1.0,1.2246467991473532e-16,0.0,0.0,0.9940672747232245,0.05759608359097555,0.09190537334505873,-0.008145356322943886,-2.4492935982947064e-16,-0.0,0.0,0.11522191899851165,0.18470700402799656,-0.005704345932677021,-0.0076444626417559725,0.040270112767703814,0.07669394336623175,-1.1213438212524895,-1.9991879179719898,-0.14386864700604907,0.0,0.0,0.0,5.081557945025497,1.0,0.0,0.0,0.0
2.3201100826263428,0.15416543227976537,-1.0,1.2246467991473532e-16,0.0,0.0,0.9970305981588987,-0.04017723649298194,-0.04406622369043117,0.04872313549393648,-2.4492935982947064e-16,-0.0,0.0,-0.08481065826370136,-0.08405456653185901,0.10122739662554185,-0.09109347075891415,0.013603753158460366,-0.08129767886019433,1.167918612895293,0.8269094611747818,-0.6492719944379524,0.0,0.0,0.0,4.997542949272336,1.0,0.0,0.0,0.0
2.3401153087615967,0.15458357578644974,-1.0,1.2246467991473532e-16,0.0,0.0,0.9970144765044062,-0.0452133777196342,-0.014886097466814158,0.060797106987379744,-2.4492935982947064e-16,-0.0,0.0,-0.09212400867232519,-0.02418798271636128,0.12292248398762089,0.05032646979426747,-0.07121529271209814,0.036469841601292935,0.7029616752156116,0.5825831201846756,-1.3618215061527668,0.0,0.0,0.0,4.984588614591933,1.0,0.0,0.0,0.0
2.360105276107788,0.2379784277647446,-1.0,1.2246467991473532e-16,0.0,0.0,0.9929291320999225,-0.07895719959123719,-0.031835589743049446,0.08272843819217363,-2.4492935982947064e-16,-0.0,0.0,-0.16299016799016502,-0.05017801136447306,0.17035033856566217,0.02076416800715168,-0.038115643658127696,0.08464003954327479,1.4960873197961344,0.7891743694934996,-1.9931289220165715,0.0,0.0,0.0,5.034984559690874,1.0,0.0,0.0,0.0
2.3801183700561523,0.31263584471617556,-1.0,1.2246467991473532e-16,0.0,0.0,0.9878072118005947,0.05583383498311558,-0.07547121883329845,0.12419174817043946,-2.4492935982947064e-16,-0.0,0.0,0.09293470164602155,-0.1637003881334774,0.2425077180252464,-0.08503638284523987,0.05850023719702263,-0.043907807911366885,-0.7765311682813544,1.2754234278778782,-2.308203731763322,0.0,0.0,0.0,5.051032756237707,1.0,0.0,0.0,0.0
2.4001147747039795,0.16227379261170874,-1.0,1.2246467991473532e-16,0.0,0.0,0.9967102074022491,-0.05577313538114825,0.05525229923694774,-0.02013214491684234,-2.4492935982947064e-16,-0.0,0.0,-0.11431875102796654,0.1081058424432267,-0.04658370847321611,-0.022392537578976857,0.09959815959746213,-0.03268799118698869,1.20503285793887,-1.5034386231288033,0.5333948630848017,0.0,0.0,0.0,5.023929569867289,1.0,0.0,0.0,0.0
2.4201016426086426,0.16191141915424903,-1.0,1.2246467991473532e-16,0.0,0.0,0.9967248758461335,0.06036335766129817,0.0408613018575066,0.0350162952334144,-2.4492935982947064e-16,-0.0,0.0,0.12387855670853173,0.07730452189597671,0.07503052334855354,-0.042800820922977816,-0.09884050430596275,-0.008194748941953892,-1.0360638695340545,-0.4218640199262812,-0.6675469089004724,0.0,0.0,0.0,5.015296360153269,1.0,0.0,0.0,0.0
2.4401144981384277,0.1938384409271607,-1.0,1.2246467991473532e-16,0.0,0.0,0.9953070076492542,-0.08148732778024793,0.04096472942211242,-0.03233677285838627,-2.4492935982947064e-16,-0.0,0.0,-0.16610357502193582,0.07634904382790658,-0.07131425266443353,-0.0636510023352598,-0.079703006472552,-0.07925327281239058,1.8843505649459953,-0.5004825625520402,0.9637485484172879,0.0,0.0,0.0,5.045947343443911,1.0,0.0,0.0,0.0
2.4601290225982666,0.24021469006186613,-1.0,1.2246467991473532e-16,0.0,0.0,0.9927957796232515,0.07399360252144022,-0.029596497464175437,0.08947365023297386,-2.4492935982947064e-16,-0.0,0.0,0.14247499213627202,-0.07206988408579858,0.17461520529844846,0.09315568041361924,0.033575231045074844,0.05052771686294166,-1.8524947720832836,0.45762902510320913,-1.991583872111244,0.0,0.0,0.0,5.025838256601494,1.0,0.0,0.0,0.0
2.480114221572876,0.22656778248061762,-1.0,1.2246467991473532e-16,0.0,0.0,0.9935902392266572,-0.0834617292303013,0.06485832721035012,-0.04007460116928358,-2.4492935982947064e-16,-0.0,0.0,-0.17320817519363294,0.12250197326869029,-0.09127155015661771,0.002748432815723942,-0.08004746379567858,-0.00010939805622756094,1.6582408533431277,-0.9769766890242881,0.801929615610582,0.0,0.0,0.0,5.075409651609343,1.0,0.0,0.0,0.0
2.5001399517059326,0.31110886692887985,-1.0,1.2246467991473532e-16,0.0,0.0,0.9879257854297117,0.07476045928796982,0.03163150191342354,0.13195819147305812,-2.4492935982947064e-16,-0.0,0.0,0.15684890216576597,0.04278169191113543,0.26893252970740655,-0.08950783629256648,0.08131846313150384,-0.013026558365780816,-1.1371778405891328,-0.9579038907944865,-2.587057595998039,0.0,0.0,0.0,5.0282693537499625,1.0,0.0,0.0,0.0
2.52010440826416,0.2882189476770238,-1.0,1.2246467991473532e-16,0.0,0.0,0.9896341877868872,0.0800425368161164,0.02157055477506498,0.1172692535583171,-2.4492935982947064e-16,-0.0,0.0,0.16426937087251217,0.023923141689506516,0.23786458104104782,-0.016451382912723717,0.07367978257037558,0.06179161517262319,-1.5350452046714356,-0.7261302257828022,-2.592551531856835,0.0,0.0,0.0,5.03114908436195,1.0,0.0,0.0,0.0
2.5401034355163574,0.31414686032990524,-1.0,1.2246467991473532e-16,0.0,0.0,0.9876893108631825,0.06716626168605402,-0.07099755841265418,0.12213871293399924,-2.4492935982947064e-16,-0.0,0.0,0.11704454703532687,-0.15730217193517307,0.23683769594787224,-0.08529020092831044,-0.07735547900464734,-0.017529682430912102,-1.0021644300078414,1.7293730842716726,-2.3726555289563365,0.0,0.0,0.0,5.058639851120096,1.0,0.0,0.0,0.0
2.560105085372925,0.18359948283086303,-1.0,1.2246467991473532e-16,0.0,0.0,0.995789361972511,-0.03718663263977481,-0.014292918858435576,0.08256157342129664,-2.4492935982947064e-16,-0.0,0.0,-0.0765138845118702,-0.022326954224643734,0.16629757146886867,-0.034926114239192674,-0.03137727814465588,0.053058190044521586,0.8834371097522643,0.41136748974733484,-1.8634642286040193,0.0,0.0,0.0,5.007501010152197,1.0,-5.363530704016739e-07,6.07966796906112e-07,-0.02469729445874691
2.5801165103912354,0.18747863439612147,-1.0,1.2246467991473532e-16,0.0,0.0,0.995609686447458,0.041947618495573435,-0.06543090686384191,0.05215885333785055,-2.4492935982947064e-16,-0.0,0.0,0.0774838786418291,-0.13507352705013734,0.09943842095174103,-0.08598946689030172,-0.025217387075233008,-0.051496646282546577,-0.49499450235026426,1.4094876855777703,-0.8371904816268247,0.0,0.0,0.0,5.052681217413768,1.0,0.0003493015537969768,-0.00043041034950874746,-0.024714836850762367
2.6001386642456055,0.19629434885516256,-1.0,1.2246467991473532e-16,0.0,0.0,0.9951874311739808,-0.09048481201055757,0.01423263217858645,-0.03481246630183442,-2.4492935982947064e-16,-0.0,0.0,-0.18213898961968508,0.022030056282400567,-0.0719450240064296,0.01134692487024043,0.053860318974880916,-0.013964513871632472,1.7643085407301873,-0.5000939194712526,0.7521073815232183,0.0,0.0,0.0,5.076877739133433,1.0,0.0008029314340092242,-0.0009876976255327463,-0.02473709173500538
2.6201231479644775,0.17708826568208733,-1.0,1.2246467991473532e-16,0.0,0.0,0.9960825287086269,0.05253626183905003,0.03849936789010857,-0.059810834014151694,-2.4492935982947064e-16,-0.0,0.0,0.10057127782671316,0.08307710139970184,-0.1157645947846189,-0.06049679491388176,-0.04786021208438947,-0.0850394436624996,-0.8087380571254761,-0.5785465094646134,1.5363744549330325,0.0,0.0,0.0,5.034401511506243,1.0,0.0008029314340092242,-0.0009876976255327463,-0.02473709173500538
2.6401214599609375,0.23355822408198026,-1.0,1.2246467991473532e-16,0.0,0.0,0.9931890650410595,0.09222471331455294,-0.036979328878427795,0.060849096728017193,-2.4492935982947064e-16,-0.0,0.0,0.18031243934105964,-0.08478003626057115,0.11471100821600128,-0.0193852680351759,0.03877154635996022,-0.056077947181493976,-1.7669531941503576,0.5845003921287149,-0.9926701458343682,0.0,0.0,0.0,5.092298782594463,1.0,0.001176254590973258,-0.0014437540667131543,-0.024768464267253876
2.6601200103759766,0.1865310808191434,-1.0,1.2246467991473532e-16,0.0,0.0,0.9956539212064389,-0.0815810149062295,0.027181370937172777,0.03576283359980735,-2.4492935982947064e-16,-0.0,0.0,-0.16149919749176073,0.059997602843856336,0.06695022232895467,-0.03229671861439157,0.09242917368684184,0.10273930782338833,1.7608071725821537,-0.9133441134908229,-1.1262139032897003,0.0,0.0,0.0,5.066676530252715,1.0,0.001176254590973258,-0.0014437540667131543,-0.024768464267253876
2.6801023483276367,0.1877038542093752,-1.0,1.2246467991473532e-16,0.0,0.0,0.9955991396116052,-0.013339886860161665,-0.08809587466326618,0.029043372574544743,-2.4492935982947064e-16,-0.0,0.0,-0.03217956317160608,-0.17554164418139573,0.06115890977111456,0.01790012056914328,0.013813073904410028,-0.007798323466100793,0.19519725492665774,1.7066651976476837,-0.5496741576264919,0.0,0.0,0.0,5.072324536398741,1.0,0.0013880878686904907,-0.0017023063264787197,-0.024787016212940216
2.7000951766967773,0.1370372274937383,-1.0,1.2246467991473532e-16,0.0,0.0,0.99765351802269,0.025042207895630435,0.06051653828350963,-0.019952302995969288,-2.4492935982947064e-16,-0.0,0.0,0.0479267413073147,0.12205117076094588,-0.03706417807296274,0.02948082828118065,0.03497328491733065,-0.03873875669553859,-0.6187674710373338,-1.350223905339515,0.5540010867015402,0.0,0.0,0.0,5.035009986871447,1.0,0.0015704856486991048,-0.0019244772847741842,-0.024803390726447105
2.7201333045959473,0.16079207919295233,-1.0,1.2246467991473532e-16,0.0,0.0,0.9967699787474367,0.0568083940405694,-0.0521565381969415,0.022407841432786426,-2.4492935982947064e-16,-0.0,0.0,0.11177966732244769,-0.10672453555361586,0.038976644606789325,-0.006362902663864828,-0.028674511310413167,-0.011948883257968543,-1.110716270155931,1.1578288091804827,-0.4003612956238545,0.0,0.0,0.0,5.051928181976998,1.0,0.001640654169023037,-0.0020086299628019333,-0.024811627343297005
2.740111827850342,0.11752963286004148,-1.0,1.2246467991473532e-16,0.0,0.0,0.9982738450055338,-0.012805829894042822,-0.04005401103105464,-0.04100021096185055,-2.4492935982947064e-16,-0.0,0.0,-0.02235836427660587,-0.08110872806805311,-0.08118880760586786,0.05047652066866673,0.08558963565940114,0.06060825892588395,0.05421051520618708,0.4587216779834884,0.5775711835334751,0.0,0.0,0.0,5.009593985961244,1.0,0.001837157178670168,-0.0022464327048510313,-0.02484447881579399
2.7601375579833984,0.253329800726232,-1.0,1.2246467991473532e-16,0.0,0.0,0.9919887211836634,-0.01033792685080359,0.0794882307164704,0.0976377257538952,-2.4492935982947064e-16,-0.0,0.0,-0.00505300472943566,0.1604086259704113,0.19581433212564664,-0.09761210816367119,-0.060813404178803744,0.0014411191119273886,0.5972069696707542,-1.3465109976141934,-1.9585189915256134,0.0,0.0,0.0,5.0568601215386515,1.0,0.001837157178670168,-0.0022464327048510313,-0.02484447881579399
2.7801032066345215,0.25634806598996374,-1.0,1.2246467991473532e-16,0.0,0.0,0.9917969482400856,0.08261984095564388,0.027570522952733795,0.0935555535830432,-2.4492935982947064e-16,-0.0,0.0,0.16999070613265738,0.03923970027623332,0.19144576221359486,-0.07798224588728042,-0.03681208804221561,0.008150215707032199,-1.3404678355637585,-0.40416210688581367,-1.9037119344889928,0.0,0.0,0.0,5.068835920922343,1.0,0.0020637863781303167,-0.0025218999944627285,-0.024880319833755493
2.800107479095459,0.24072759452383483,-1.0,1.2246467991473532e-16,0.0,0.0,0.9927650191832569,0.004151777314654128,0.09068573531986159,0.07859056457802717,-2.4492935982947064e-16,-0.0,0.0,0.022870601807044658,0.1803833029783188,0.1600655601185191,0.05459172235042781,-0.008752556540802758,-0.0669730091000286,-0.3014024356947962,-1.7787044802340208,-1.3039192551604288,0.0,0.0,0.0,5.075587045393136,1.0,0.0020637863781303167,-0.0025218999944627285,-0.024880319833755493
2.8200995922088623,0.24794482026519976,-1.0,1.2246467991473532e-16,0.0,0.0,0.9923252578485092,-0.0053379955368898025,0.03207323949066335,0.11930379603395877,-2.4492935982947064e-16,-0.0,0.0,-0.002947360455553537,0.06497356291597926,0.2392086322387543,0.08732701218619199,-0.01766072975144961,-0.07220453893696682,-0.24254813800697433,-0.5708218708074688,-2.0972577649313084,0.0,0.0,0.0,5.002529811965673,1.0,0.0020912536419928074,-0.0025533803272992373,-0.024889161810278893
2.8401081562042236,0.26143840134654567,-1.0,1.2246467991473532e-16,0.0,0.0,0.9914684043176847,-0.0725732050666623,-0.09374412842392485,-0.05418091483294573,-2.4492935982947064e-16,-0.0,0.0,-0.1367591629977009,-0.19498604877927248,-0.09578952896365933,0.0727290316881668,-0.01861071696136471,-0.0773384738783428,1.1605479745805765,1.949325436323956,1.3929721921722855,0.0,0.0,0.0,5.136359867153987,1.0,0.002165194833651185,-0.0026427574921399355,-0.024910936132073402
2.8601129055023193,0.14056582365046347,-1.0,1.2246467991473532e-16,0.0,0.0,0.9975311726733991,0.06630204937880077,-0.022467246434026505,-0.005551633154063988,-2.4492935982947064e-16,-0.0,0.0,0.1330473432108632,-0.044101682652717376,-0.014069246755520416,0.01515905418856571,0.006758716978709972,0.017465779385192975,-1.3866772043302809,0.4223100607656902,0.04116954554050781,0.0,0.0,0.0,5.041399172013157,1.0,0.0021760128438472748,-0.002653885865584016,-0.024921948090195656
2.880136251449585,0.13165341106895034,-1.0,1.2246467991473532e-16,0.0,0.0,0.9978342046493159,0.053604154713975324,0.028406128186958108,0.025428065413896157,-2.4492935982947064e-16,-0.0,0.0,0.1087934375393658,0.053989337382792435,0.053895940782036016,0.07757913387179577,-0.05568826807877356,-0.06602449239357691,-1.382399629766692,-0.34536949142406803,-0.24446333870361536,0.0,0.0,0.0,5.029077000875472,1.0,0.0022540362551808357,-0.0027473641093820333,-0.024956917390227318
2.90010666847229,0.13671202481178352,-1.0,1.2246467991473532e-16,0.0,0.0,0.9976646373369529,-0.01788942402557524,0.029816026676638796,0.058789833037503396,-2.4492935982947064e-16,-0.0,0.0,-0.0322563657460224,0.06163524035548112,0.11672430327039637,0.033650202481743136,-0.0009054353228133277,0.012646075364334347,0.22318767058452982,-0.5926987922415228,-1.2263809622074051,0.0,0.0,0.0,5.004160169606517,1.0,0.0022540362551808357,-0.0027473641093820333,-0.024956917390227318
2.9201080799102783,0.21136569690315407,-1.0,1.2246467991473532e-16,0.0,0.0,0.9944207634841248,-0.06742611561515247,-0.07505888458673425,-0.03077706823753321,-2.4492935982947064e-16,-0.0,0.0,-0.13140903380406427,-0.1540390342930349,-0.05172408350459833,0.0676410592285725,-0.08636528018311618,-0.06900266084937823,1.0779580753887568,1.8466388124671498,0.8915520081481769,0.0,0.0,0.0,5.095817824350594,1.0,0.002239575609564781,-0.0027274168096482754,-0.024966033175587654
2.940119504928589,0.14249754948484203,-1.0,1.2246467991473532e-16,0.0,0.0,0.9974628796052669,-0.06169254141310429,0.028396453675636618,-0.021341873446551505,-2.4492935982947064e-16,-0.0,0.0,-0.12478944190351915,0.05404184930751827,-0.04616291532732783,-0.01890590988859306,0.03455208091139253,0.0920935866561606,1.3094744678164556,-0.7061373971583024,0.05846312230638773,0.0,0.0,0.0,5.038573947702549,1.0,0.0022459852043539286,-0.002734075067564845,-0.02498718537390232
2.9600987434387207,0.13036818945875195,-1.0,1.2246467991473532e-16,0.0,0.0,0.9978762690286985,0.03622392397353009,-0.010740235029029896,0.0530605917121691,-2.4492935982947064e-16,-0.0,0.0,0.07123720380082324,-0.025281670096817786,0.10534604957984353,-0.004823777758453746,-0.0841637145170841,-0.03356667541384391,-0.7051833684367893,0.5514595586489341,-0.9269451325880065,0.0,0.0,0.0,5.006420092168268,1.0,0.0022330810315907,-0.002716934075579047,-0.024998264387249947
2.9801063537597656,0.23980096318320723,-1.0,1.2246467991473532e-16,0.0,0.0,0.9928205445058361,-0.07828927340561521,0.08968840634493333,-0.011582134693655141,-2.4492935982947064e-16,-0.0,0.0,-0.1607291691305918,0.17720137974245928,-0.03763939044210396,0.04959108138843968,0.043754643189959974,-0.06774294025926353,1.367421142558543,-1.9687866996585066,0.5026144549101572,0.0,0.0,0.0,5.137808627921718,1.0,0.002251289552077651,-0.0027396567165851593,-0.025016270577907562
3.000119686126709,0.11812684392807983,-1.0,1.2246467991473532e-16,0.0,0.0,0.9982562630984575,-0.005225172589497744,0.03665428829636094,-0.04597383936110237,-2.4492935982947064e-16,-0.0,0.0,-0.013839461399502973,0.07276449692630764,-0.09254699504443695,-0.024887241149685213,0.06253115296504563,-0.08693296759364222,0.2040524163886933,-0.9832103777874013,1.2672086575966164,0.0,0.0,0.0,5.005916483968573,1.0,0.002257260959595442,-0.0027470162604004145,-0.02503255009651184
3.020112991333008,0.20420864034873348,-1.0,1.2246467991473532e-16,0.0,0.0,0.9947918809406467,-0.03171438373139834,-0.0857268716242822,-0.04510227223346499,-2.4492935982947064e-16,-0.0,0.0,-0.05624694529676914,-0.17430282973832925,-0.08569901000670826,-0.08436373512371496,0.04342715905856534,0.053893659757300594,0.9717426151228243,1.540828796251383,0.6864708056400971,0.0,0.0,0.0,5.077058602811176,1.0,0.0022122240625321865,-0.0026912810280919075,-0.025062499567866325
3.0400898456573486,0.2871352715689004,-1.0,1.2246467991473532e-16,0.0,0.0,0.9897118565191043,0.05624055519155912,0.015636886230197163,0.1306251461483462,-2.4492935982947064e-16,-0.0,0.0,0.11568213146999906,0.016259878384257954,0.2633906751141607,-0.07480241358093609,0.013848607366082316,-0.003676074510238256,-0.8256014495074404,-0.3681321540682729,-2.597798624925971,0.0,0.0,0.0,5.026477550385261,1.0,0.0022122240625321865,-0.0026912810280919075,-0.025062499567866325
3.0601043701171875,0.12973471551997645,-1.0,1.2246467991473532e-16,0.0,0.0,0.9978968505686083,0.014116327810598425,-0.0396066954471879,0.04933471992572515,-2.4492935982947064e-16,-0.0,0.0,0.024346600689967208,-0.08052664495689547,0.09781610004308904,-0.0280320814083711,-0.05959054257933945,-0.08655562898919898,-0.17019823057848654,1.0304960792611157,-0.6404718825577072,0.0,0.0,0.0,5.009981727323288,1.0,0.0021677068434655666,-0.002636739518493414,-0.025074031203985214
3.0801219940185547,0.22248813680247753,-1.0,1.2246467991473532e-16,0.0,0.0,0.9938187571008105,-0.094013660477077,-0.01919587774122351,-0.05583214088717381,-2.4492935982947064e-16,-0.0,0.0,-0.18601141597456924,-0.048671628907671176,-0.10770009056831192,0.013505715702465948,0.07509526714185275,-0.025754392432382242,1.8262503467316737,0.08353648625705934,1.2196603874730052,0.0,0.0,0.0,5.085944453078381,1.0,0.002136723604053259,-0.0025995480827987194,-0.025091983377933502
3.100132703781128,0.23285193262300893,-1.0,1.2246467991473532e-16,0.0,0.0,0.9932301494833286,-0.0843638482045757,0.0783209334179799,0.015570570380570622,-2.4492935982947064e-16,-0.0,0.0,-0.16804262076483925,0.15887615043757847,0.017942330688307466,0.04076241205814926,0.011546917794465261,-0.006897265756893048,1.5242273158589144,-1.612606339537459,-0.28382234458384004,0.0,0.0,0.0,5.128209892647423,1.0,0.0020950124599039555,-0.0025485525839030743,-0.025108015164732933
3.1201412677764893,0.16343742000327963,-1.0,1.2246467991473532e-16,0.0,0.0,0.9966628839285877,-0.06365051046169222,-0.022048882661129237,-0.04610374269527702,-2.4492935982947064e-16,-0.0,0.0,-0.1253261679678811,-0.04984029124608101,-0.08932243262558362,-0.08250994387273708,0.07021595026802041,0.048471768515083585,1.6030499847247903,0.16011385215050322,0.728187779845206,0.0,0.0,0.0,5.038029505506183,1.0,0.0020324361976236105,-0.002470361301675439,-0.02511739358305931
3.1401054859161377,0.13567506272066024,-1.0,1.2246467991473532e-16,0.0,0.0,0.9976999169410288,-0.009463785925797224,0.06625375332623984,-0.010758841108628316,-2.4492935982947064e-16,-0.0,0.0,-0.020490379481755357,0.13238544675195305,-0.022924798534836005,0.08432791070595277,0.08812732075880905,-0.02987993020327069,-0.14803592430786905,-1.6775843495600329,0.33469654298564927,0.0,0.0,0.0,5.037497228505443,1.0,0.001973847858607769,-0.0023977141827344894,-0.025137603282928467
3.1601219177246094,0.17447055784650886,-1.0,1.2246467991473532e-16,0.0,0.0,0.9961974154438681,0.04578649491421201,-0.07399343416039117,0.00439067734861723,-2.4492935982947064e-16,-0.0,0.0,0.09170968582125812,-0.1483699649992326,0.001994072334317354,0.003621051409807438,-0.09131947123225359,0.04878032719321518,-0.9302141039234724,1.8451465681368378,-0.2829348557452055,0.0,0.0,0.0,5.069200399382961,1.0,0.0018987237708643079,-0.0023025167174637318,-0.025165237486362457
3.1801249980926514,0.18674650820353056,-1.0,1.2246467991473532e-16,0.0,0.0,0.9956438840125938,-0.0856196358196775,0.02834635889246191,-0.02364356419751786,-2.4492935982947064e-16,-0.0,0.0,-0.1729307478628986,0.05242105627664186,-0.05203006202436703,-0.02112163454949101,0.08417093986477239,-0.07887059237214294,1.7968792545915115,-0.9036109373083276,0.788353653438929,0.0,0.0,0.0,5.075000721530293,1.0,0.0018987237708643079,-0.0023025167174637318,-0.025165237486362457
3.2001452445983887,0.2107565849555884,-1.0,1.2246467991473532e-16,0.0,0.0,0.9944528438273291,0.02467025201808351,-0.08724958150130696,-0.053314450170181646,-2.4492935982947064e-16,-0.0,0.0,0.059276386094246764,-0.17174367147432001,-0.11222533942785416,-0.08100209962715935,0.08375666554066699,-0.042750122201598975,-0.16939664185303527,1.4099649678634711,1.2372894922100286,0.0,0.0,0.0,5.075914192800787,1.0,0.0018629798432812095,-0.0022580090444535017,-0.025180364027619362
3.2201426029205322,0.17212968478045323,-1.0,1.2246467991473532e-16,0.0,0.0,0.996298706970145,0.025970574532462036,-0.05693596880321423,0.05892971410511247,-2.4492935982947064e-16,-0.0,0.0,0.0453628592868849,-0.11677656950325972,0.11550748636320968,0.022064985883648136,0.007697356832391006,0.07434892608800653,-0.6076714341838357,1.1079299487347205,-1.4759899864542756,0.0,0.0,0.0,5.031864732459397,1.0,0.001798108802177012,-0.0021761006209999323,-0.025190208107233047
3.240110397338867,0.12079821950066441,-1.0,1.2246467991473532e-16,0.0,0.0,0.998176528215206,0.010510621976697698,0.03227823509659999,-0.049912532343587314,-2.4492935982947064e-16,-0.0,0.0,0.0177998832789772,0.06553487682166721,-0.09934071752453817,0.009863880894751847,0.060602910938321125,-0.09115467422374782,-0.24966796311296377,-0.8879763456852842,1.3628693437667376,0.0,0.0,0.0,5.004008162609881,1.0,0.001747284084558487,-0.002111914101988077,-0.02520878240466118
3.2601444721221924,0.29405848874153734,-1.0,1.2246467991473532e-16,0.0,0.0,0.9892106583148209,-0.08995261212482887,-0.06739533026434155,0.09396100524600136,-2.4492935982947064e-16,-0.0,0.0,-0.19313306830560129,-0.1166969687952421,0.20072033155294677,0.009760536372314735,0.06094944149779233,-0.050455398640088946,1.760010097007316,1.1041088392956615,-1.6773985103596716,0.0,0.0,0.0,5.1219291756723235,1.0,0.001671963487751782,-0.002016450511291623,-0.025220487266778946
3.2801241874694824,0.10449833471818426,-1.0,1.2246467991473532e-16,0.0,0.0,0.998635322758808,-0.023886321301780453,0.045953893285851415,-0.006721271081594878,-2.4492935982947064e-16,-0.0,0.0,-0.04854765444095997,0.09158926638567794,-0.0156859223329404,0.033768889684085646,0.05233481340572385,-0.042504563639741026,0.3426508672992641,-1.1284171193399237,0.30444367619086177,0.0,0.0,0.0,5.019474082641115,1.0,0.0016022245399653912,-0.0019276888342574239,-0.025237416848540306
3.300114154815674,0.19611725334332553,-1.0,1.2246467991473532e-16,0.0,0.0,0.9951961040385011,-0.02755750860800582,0.08426877009674948,0.04152195337757747,-2.4492935982947064e-16,-0.0,0.0,-0.04857830856845397,0.17084629775794352,0.07923575069745266,0.09876680930927034,0.09176703122152019,0.03294853043409171,0.1560829349230326,-2.0524435268210706,-0.9622331892879161,0.0,0.0,0.0,5.072311738051762,1.0,0.0014352783327922225,-0.001714498270303011,-0.02526290901005268
3.3201215267181396,0.17921049972511896,-1.0,1.2246467991473532e-16,0.0,0.0,0.9959881349822253,0.044157690256822625,0.06502127895701486,-0.042778109455716626,-2.4492935982947064e-16,-0.0,0.0,0.08323612715805052,0.13369675486792273,-0.08027237010839694,0.04019259616947404,-0.020288651442352895,0.03740384870337235,-1.0439241898143512,-1.2192709733708855,0.7059467943008433,0.0,0.0,0.0,5.055025021681001,1.0,0.0014352783327922225,-0.001714498270303011,-0.02526290901005268
3.340142250061035,0.22336822880833915,-1.0,1.2246467991473532e-16,0.0,0.0,0.9937698092770377,0.02100777171299031,-0.08202779472261552,0.07246847997632855,-2.4492935982947064e-16,-0.0,0.0,0.03029013886607664,-0.16685139088674952,0.14305485781505606,0.0672856678754441,-0.015936572386820155,-0.09525835647965797,-0.689298105761585,1.7043021839995909,-1.0683361736079393,0.0,0.0,0.0,5.065227249878572,1.0,0.0013447707751765847,-0.001599907292984426,-0.025281621143221855
3.360119104385376,0.044789059696228546,-1.0,1.2246467991473532e-16,0.0,0.0,0.9997492529961517,0.0010624261579472564,-0.0207762307383462,0.008285567005503671,-2.4492935982947064e-16,-0.0,0.0,0.0017815739894646142,-0.041571620903299786,0.0165378739362856,0.07451663052304888,0.03621438329755117,0.06814269744972004,-0.3193150452511431,0.2706670815767193,-0.43828212990895365,0.0,0.0,0.0,4.996938449438591,1.0,0.00127384380903095,-0.0015097697032615542,-0.02529221773147583
3.3801071643829346,0.20064892799494588,-1.0,1.2246467991473532e-16,0.0,0.0,0.9949717205536781,0.08029374154949205,-0.04227958639449157,0.04238663634623223,-2.4492935982947064e-16,-0.0,0.0,0.15749605444551565,-0.09106656769534852,0.07795909183289815,-0.07437081698938726,0.08761464561730856,-0.005282512323737748,-1.3083915630322946,0.49513314542059705,-0.8266026776296937,0.0,0.0,0.0,5.076243774799628,1.0,0.001231506816111505,-0.0014562298310920596,-0.025305751711130142
3.400120258331299,0.2685131494145883,-1.0,1.2246467991473532e-16,0.0,0.0,0.9910011152104484,0.06345329801977667,0.027687974779462315,0.11455935000982202,-2.4492935982947064e-16,-0.0,0.0,0.13260430492574968,0.0403502390415721,0.23285715204872645,-0.03955872913975505,0.05413955623673897,0.0838070943357776,-1.1108310438365157,-0.7703177205362024,-2.626415377539551,0.0,0.0,0.0,5.040968199494558,1.0,0.0011793796438723803,-0.001389886368997395,-0.02531832456588745
3.4201982021331787,0.23266614357524817,-1.0,1.2246467991473532e-16,0.0,0.0,0.9932409361154352,0.029268945529192056,-0.04757249769782585,0.10174787032136666,-2.4492935982947064e-16,-0.0,0.0,0.04872710749213779,-0.10062774923803798,0.20171414264533244,-0.025666970470560282,0.036318452094798837,0.0021340897964324534,-0.4827110287016024,0.8061761455773214,-2.043493765613063,0.0,0.0,0.0,5.023996810919658,1.0,0.001093176775611937,-0.0012796205701306462,-0.025327151641249657
3.440119981765747,0.15723492938910288,-1.0,1.2246467991473532e-16,0.0,0.0,0.9969112385080908,-0.026812142738227837,0.049748862262441886,0.05453569694834567,-2.4492935982947064e-16,-0.0,0.0,-0.04830366048369047,0.10229314156257993,0.10682718650604756,0.02000021753724726,0.0949087159323144,0.09052836409531603,0.4562419846155653,-1.3746121089780954,-1.4528273953481774,0.0,0.0,0.0,5.024778895592433,1.0,0.0009295031195506454,-0.0010702948784455657,-0.02535337768495083
3.4601011276245117,0.27755890908019043,-1.0,1.2246467991473532e-16,0.0,0.0,0.9903855773076387,-0.021767564764020756,-0.03054562906039215,0.13315234106302723,-2.4492935982947064e-16,-0.0,0.0,-0.05135043912955735,-0.054734421850019116,0.26869312646183424,0.03497262674050028,0.023070233956828126,-0.03649449656379138,0.2954607883184116,0.5186316453805302,-2.517068835005379,0.0,0.0,0.0,5.006769884872331,1.0,0.0009295031195506454,-0.0010702948784455657,-0.02535337768495083
3.4801175594329834,0.22014588873965987,-1.0,1.2246467991473532e-16,0.0,0.0,0.9939480876033673,0.021835867673870506,-0.042485032116775505,0.09892126201466996,-2.4492935982947064e-16,-0.0,0.0,0.03514807751917386,-0.0888929210346941,0.19683043689317506,-0.07231961740979694,0.05537990467449003,0.06225075721101189,-0.14743888383822484,0.6281810236375497,-2.2274282691374467,0.0,0.0,0.0,5.015603350058982,1.0,0.0008464889833703637,-0.0009647418628446758,-0.02536706067621708
3.5001139640808105,0.16339729724210578,-1.0,1.2246467991473532e-16,0.0,0.0,0.9966645212941543,0.02679671229057385,-0.05885969103126665,0.04977253234078491,-2.4492935982947064e-16,-0.0,0.0,0.04791991940496217,-0.12028405229652284,0.09690926994883248,0.01497940481067235,-0.021759288580377817,-0.09464792676810015,-0.5958518650541689,1.264230974946844,-0.6168589397432978,0.0,0.0,0.0,5.034839504671262,1.0,0.000753863831050694,-0.0008470169268548489,-0.025379708036780357
3.5201127529144287,0.2598171664760817,-1.0,1.2246467991473532e-16,0.0,0.0,0.9915737403050757,0.040175622651105095,0.022722436540929335,0.12104184301158764,-2.4492935982947064e-16,-0.0,0.0,0.08533166150681418,0.03534343776007328,0.2444479746918556,-0.04895592915615848,-0.006958071991633646,0.003581711354190789,-0.6076887363974705,-0.42661644285205236,-2.4351637056485163,0.0,0.0,0.0,5.014088902416198,1.0,0.0006401990540325642,-0.0007016141898930073,-0.025388630107045174
3.540102481842041,0.15816451275716978,-1.0,1.2246467991473532e-16,0.0,0.0,0.9968746277132106,0.05496255288035711,0.026094588914344168,0.050390146178725635,-2.4492935982947064e-16,-0.0,0.0,0.11257041230208316,0.04650368467973996,0.10363099129583057,0.04989918781165145,0.04254428133060523,0.053510688758254626,-1.2988478088537505,-0.6920689036093044,-1.2218456786075311,0.0,0.0,0.0,5.029979258157496,1.0,0.000532457372173667,-0.0005638892180286348,-0.025404220446944237
3.560122489929199,0.15843702572299173,-1.0,1.2246467991473532e-16,0.0,0.0,0.996863854217353,-0.0668239323264749,0.03841057154801448,-0.017934497949635305,-2.4492935982947064e-16,-0.0,0.0,-0.13539165344403145,0.07425152297850042,-0.04101447309916965,-0.023743824359673968,0.03324379862425858,-0.0169766175136008,1.4314539439681915,-0.9011866254573239,0.42659642904710937,0.0,0.0,0.0,5.0527937546419786,1.0,0.0004483805678319186,-0.00045546123874373734,-0.025413207709789276
3.5802059173583984,0.24389790927405722,-1.0,1.2246467991473532e-16,0.0,0.0,0.9925734367864996,-0.06527799837068411,-0.028439529368036266,0.0986303639042165,-2.4492935982947064e-16,-0.0,0.0,-0.13574145489273035,-0.043593663651389114,0.20105014573940908,0.06718905278174656,0.0020472869256573933,0.07080988816765213,1.0368037562866936,0.5606014396580955,-2.2558468307549386,0.0,0.0,0.0,5.043953646188674,1.0,0.0003490065282676369,-0.0003275849740020931,-0.02543436922132969
3.600118637084961,0.21155434353789934,-1.0,1.2246467991473532e-16,0.0,0.0,0.9944108092491705,0.0529367200241049,0.02147816108106574,0.08878927141313461,-2.4492935982947064e-16,-0.0,0.0,0.10937428809056403,0.03332197166700862,0.1799286077673895,-0.023576742039107493,0.03210579707765812,0.021364780536811193,-0.9644274323256705,-0.5579864099319475,-1.861244550409937,0.0,0.0,0.0,5.025610960657291,1.0,0.0003490065282676369,-0.0003275849740020931,-0.02543436922132969
3.6201059818267822,0.07376159291386891,-1.0,1.2246467991473532e-16,0.0,0.0,0.9993199805114142,-0.033332205654115515,-0.008626359761008598,0.013195701352035192,-2.4492935982947064e-16,-0.0,0.0,-0.06690559331625189,-0.01636203372774575,0.02695539906268992,-0.03730321454026553,0.07460102073273397,-0.028600515749855476,0.8158569712433699,-0.12587688771076397,-0.14951196404128198,0.0,0.0,0.0,5.004702174482537,1.0,0.0002478886744938791,-0.00019785252516157925,-0.025442957878112793
3.6401405334472656,0.1318442888323893,-1.0,1.2246467991473532e-16,0.0,0.0,0.9978279222138746,-0.043138179644992954,-0.022154832108401086,0.04458361270137882,-2.4492935982947064e-16,-0.0,0.0,-0.08825079088748633,-0.04037787933218319,0.09108501937356912,0.009010631531384775,0.08291971139182783,-0.015232215036654811,0.8267210667743174,0.11141779660071027,-0.8307433938809571,0.0,0.0,0.0,5.01645134848237,1.0,0.00017512422346044332,-0.00010516797192394733,-0.025457307696342468
3.66011905670166,0.2231634913886756,-1.0,1.2246467991473532e-16,0.0,0.0,0.9937812132756385,0.08272013163045445,0.07039905767011104,-0.02450005393056289,-2.4492935982947064e-16,-0.0,0.0,0.16338246352847607,0.14447792855232786,-0.03744736468199196,-0.027856843584214544,0.023541216014171057,-0.050275304648767574,-1.5429752582722334,-1.5021460174589047,0.6911022972063283,0.0,0.0,0.0,5.113534478613561,1.0,6.263320392463356e-05,3.88156549888663e-05,-0.025467902421951294
3.6801209449768066,0.03141383802681407,-1.0,1.2246467991473532e-16,0.0,0.0,0.9998766488835529,0.015607649622990692,0.0007328811798396959,0.0015972400630100377,-2.4492935982947064e-16,-0.0,0.0,0.031218892100465426,0.0014157237026375775,0.003216971961198991,0.03796561647865526,-0.07026045042771432,-0.0517050566478676,-0.46401545837443736,0.2663841781140634,0.17487542533126965,0.0,0.0,0.0,4.995310352159179,1.0,-2.7311161829857156e-05,0.0001531505404273048,-0.025480225682258606
3.7001171112060547,0.2585079715718536,-1.0,1.2246467991473532e-16,0.0,0.0,0.9916583266983102,0.08801150835432522,-0.0022631772452194345,0.09414146544355893,-2.4492935982947064e-16,-0.0,0.0,0.17505997803121834,-0.021061218868397708,0.1874511417824066,-0.041893149358789496,0.06020212726581975,-0.09418964601406184,-1.592657569651349,-0.19554496415889056,-1.5060707248149314,0.0,0.0,0.0,5.071514466391958,1.0,-0.0001280816359212622,0.00028089751140214503,-0.025491656735539436
3.7201263904571533,0.16254197753276436,-1.0,1.2246467991473532e-16,0.0,0.0,0.9966993305288301,-0.023656714541451584,-0.07151451961705282,0.030273385414054978,-2.4492935982947064e-16,-0.0,0.0,-0.052031211767086055,-0.1415973020276358,0.06441934220015627,0.03093055296968439,-0.04409731651430959,-0.018643613410775653,0.3494120789502917,1.6066796583982947,-0.5308932546379972,0.0,0.0,0.0,5.050255988017779,1.0,-0.00037736695958301425,0.000596100464463234,-0.025516536086797714
3.7400972843170166,0.2849534777958635,-1.0,1.2246467991473532e-16,0.0,0.0,0.9898673475984635,-0.07786199398177593,-0.05553908770663303,0.10495500840016896,-2.4492935982947064e-16,-0.0,0.0,-0.1673151017099071,-0.09374589715598466,0.219136001705073,-0.08411029157019444,0.09256341647859581,0.02098406732234795,1.8936810459162938,0.7405280882182771,-2.183036437292771,0.0,0.0,0.0,5.085989937262746,1.0,-0.00037736695958301425,0.000596100464463234,-0.025516536086797714
3.760126829147339,0.2180241844795348,-1.0,1.2246467991473532e-16,0.0,0.0,0.9940640637428351,-0.06177989975130081,-0.08267141318994384,0.034428456296759655,-2.4492935982947064e-16,-0.0,0.0,-0.13056914766923333,-0.16079944419975664,0.07977568301288947,-0.08300280611268318,0.03085108847143825,-0.03045305368949046,1.5676092194767466,1.5300239099131239,-0.5667569111772315,0.0,0.0,0.0,5.101623626780078,1.0,-0.0004719166026916355,0.000715771340765059,-0.025525635108351707
3.780120849609375,0.16292153522526243,-1.0,1.2246467991473532e-16,0.0,0.0,0.996683906038919,0.022114207194230854,-0.043588881967303525,0.06505507399130722,-2.4492935982947064e-16,-0.0,0.0,0.03857565514444475,-0.08988695088476809,0.12862301913317564,-0.027743086466739827,-0.08146479869317305,-0.013771139278858091,-0.3313117980176602,1.1976368341187626,-1.246016922710712,0.0,0.0,0.0,5.016934018837242,1.0,-0.0005126962205395103,0.0007653894717805088,-0.02553495764732361
3.800107002258301,0.18944519119686892,-1.0,1.2246467991473532e-16,0.0,0.0,0.9955171682479014,0.04762453150100884,-0.0033512395542449375,0.08164705087410745,-2.4492935982947064e-16,-0.0,0.0,0.09442493673630648,-0.014449740948687914,0.16298039159135708,-0.09029403081983073,-0.09743461518298556,0.05620468422865149,-0.5913145067408565,0.4567632518168408,-1.857759754396755,0.0,0.0,0.0,5.015852569088713,1.0,-0.0005666459328494966,0.0008319953922182322,-0.025543594732880592
3.8201217651367188,0.26303092730616284,-1.0,1.2246467991473532e-16,0.0,0.0,0.9913642993334276,0.08852593017121527,-0.053183136092933216,0.08081794188040112,-2.4492935982947064e-16,-0.0,0.0,0.1689390764908583,-0.1200448069113032,0.15250767673961851,0.08090251956213368,0.06502277608095094,-0.02979280794112911,-2.0941286816728426,0.8035716175348605,-1.497187605843506,0.0,0.0,0.0,5.101828741389245,1.0,-0.000680718629155308,0.0009762634872458875,-0.02555202506482601
3.840122938156128,0.1615033512614873,-1.0,1.2246467991473532e-16,0.0,0.0,0.9967413547757115,-0.02467175279075159,0.052679661993280544,0.05588228258030442,-2.4492935982947064e-16,-0.0,0.0,-0.04356241958261859,0.10798315450886266,0.10965802949924268,-0.041368280810917014,-0.08211377788891408,-0.07511596125922192,0.6589081790586975,-0.7251381283099546,-0.8171818065692005,0.0,0.0,0.0,5.027038173723543,1.0,-0.0007539369980804622,0.0010675921803340316,-0.02556450292468071
3.860104560852051,0.08814407941649091,-1.0,1.2246467991473532e-16,0.0,0.0,0.9990289848437531,0.013045724258219996,0.017703342280574838,-0.03817706369975928,-2.4492935982947064e-16,-0.0,0.0,0.02473327230041054,0.036376420975222055,-0.07594124318658871,-0.05128840108110555,-0.08180995992399676,-0.044614545913425396,-0.055760880839980154,-0.026827005915509683,0.9419994576488873,0.0,0.0,0.0,4.997870871278121,1.0,-0.0009719444788061082,0.0013419570168480277,-0.025585472583770752
3.88010311126709,0.17857691423785618,-1.0,1.2246467991473532e-16,0.0,0.0,0.9960164333263676,-0.021935648752851433,-0.03466289084034498,0.07917433836921811,-2.4492935982947064e-16,-0.0,0.0,-0.04931143462677631,-0.06562322677680718,0.16026729282923363,0.07785236411349039,0.014850449639220734,0.06502155195253834,0.12730351860306466,0.6338560182500166,-1.8435729751945156,0.0,0.0,0.0,5.009897132537079,1.0,-0.0009719444788061082,0.0013419570168480277,-0.025585472583770752
3.9001309871673584,0.2818895622994703,-1.0,1.2246467991473532e-16,0.0,0.0,0.9900837165889385,-0.10062573558872714,-0.09607102762464668,-0.019469286936262438,-2.4492935982947064e-16,-0.0,0.0,-0.200651278216112,-0.19539592678313947,-0.01959206159853877,0.05776924875163855,0.03995391608666579,0.002926833736629081,1.7814377167679862,1.7616048881462705,0.37767840377873224,0.0,0.0,0.0,5.1940993003018905,1.0,-0.0010759070282801986,0.001471851603128016,-0.025595348328351974
3.9201154708862305,0.08715889897169606,-1.0,1.2246467991473532e-16,0.0,0.0,0.9990505660667699,0.015090235595078246,0.02675747569900712,-0.030891563987098584,-2.4492935982947064e-16,-0.0,0.0,0.0285447897420554,0.05442332652697106,-0.06104514924722167,0.044580732266990664,-0.044364503829687596,0.019783307448947407,-0.48012764096953003,-0.35769149866139194,0.5386980499461821,0.0,0.0,0.0,5.002488514328921,1.0,-0.0012212395668029785,0.0016550258733332157,-0.02560393139719963
3.940110921859741,0.10917246145825205,-1.0,1.2246467991473532e-16,0.0,0.0,0.9985105416020432,0.045244259074350084,0.010433210790229025,0.02864966741541505,-2.4492935982947064e-16,-0.0,0.0,0.09109262033011148,0.018243887994488478,0.05820060732483696,0.06328177095117477,0.04062579930544474,0.03670749682613206,-1.158012265291703,-0.3711674130263595,-0.7198233356128292,0.0,0.0,0.0,5.014687489991677,1.0,-0.0013438222231343389,0.001808428787626326,-0.02561665140092373
3.9601058959960938,0.24121788256640112,-1.0,1.2246467991473532e-16,0.0,0.0,0.9927355540818257,0.09174980348023463,0.0725537329775741,0.028178876028110575,-2.4492935982947064e-16,-0.0,0.0,0.18920510114914266,0.13933291755855745,0.06999686613139192,0.08706305408375359,0.021673072874991567,0.04420368698814289,-2.1832482859397095,-1.5377669510514482,-0.7403922685147829,0.0,0.0,0.0,5.133535654780734,1.0,-0.0014447059947997332,0.00193502486217767,-0.02562415413558483
3.9800972938537598,0.30525520679926627,-1.0,1.2246467991473532e-16,0.0,0.0,0.9883750008590371,0.036840643377157936,-0.036012899543808714,0.1430408883463154,-2.4492935982947064e-16,-0.0,0.0,0.06277318416625864,-0.08181919353058995,0.2848805091228418,0.0771902779395752,0.047774812746051415,0.03159095408144408,-1.0455739793014618,0.5291587398919683,-2.9871815832520845,0.0,0.0,0.0,5.019703222524378,1.0,-0.0014753309078514576,0.0019713633228093386,-0.025630788877606392
4.000115633010864,0.20245413661823816,-1.0,1.2246467991473532e-16,0.0,0.0,0.9948809137998914,-0.05448835497422166,0.06940624388212982,0.049252003401592706,-2.4492935982947064e-16,-0.0,0.0,-0.10282502850715709,0.14396601254893465,0.0915091149191956,0.08192607681522449,0.0829651833266297,-0.03000352103600712,0.7620627922235327,-1.7199856109491152,-0.8650259838878255,0.0,0.0,0.0,5.072070737397342,1.0,-0.0016454614233225584,0.0021807788871228695,-0.025643689557909966
4.020118951797485,0.17455624775453374,-1.0,1.2246467991473532e-16,0.0,0.0,0.9961936816767053,0.06085702808855405,0.055010560779455306,-0.02946877877296978,-2.4492935982947064e-16,-0.0,0.0,0.11905291299128207,0.11343220712341615,-0.05237806592571824,-0.00026601064477620173,0.029783623216519256,0.028474714570778478,-1.2160765191919787,-1.219345708455183,0.47547671717628176,0.0,0.0,0.0,5.061207565398202,1.0,-0.0016454614233225584,0.0021807788871228695,-0.025643689557909966
4.040113210678101,0.28899854139927267,-1.0,1.2246467991473532e-16,0.0,0.0,0.9895781334132858,0.06036926017724883,-0.038974907327196315,0.12478632495095328,-2.4492935982947064e-16,-0.0,0.0,0.11044707372258042,-0.09233509703658778,0.24576900912681734,0.03474064009775099,0.06391421399810424,-0.07521259481940863,-1.346347763935983,0.5238412905515091,-2.194876119741431,0.0,0.0,0.0,5.045195196658144,1.0,-0.0017149163177236915,0.0022645669523626566,-0.0256532933562994
4.060112476348877,0.20616569641079618,-1.0,1.2246467991473532e-16,0.0,0.0,0.9946916662634897,-0.010966710464875025,0.002850631231571619,0.10227460207267294,-2.4492935982947064e-16,-0.0,0.0,-0.021236157810546497,0.007914312777299854,0.20483665749828717,0.02634075291953747,0.07396631223810371,0.0924554061427432,0.11397119761934821,-0.3528778735838475,-2.4153136660244314,0.0,0.0,0.0,4.994366701487625,1.0,-0.0018514225957915187,0.0024349605664610863,-0.02566150389611721
4.0801098346710205,0.12700250292696522,-1.0,1.2246467991473532e-16,0.0,0.0,0.9979844729536352,-0.006133077922079757,0.06307834275200476,-0.003240335525425335,-2.4492935982947064e-16,-0.0,0.0,-0.012751973761874784,0.12619736534533402,-0.007299449769780097,0.044138612915522873,-0.03560224664938327,0.09493416585285006,-0.0538928932204988,-1.119157868442562,-0.3149299529028934,0.0,0.0,0.0,5.033519997687993,1.0,-0.0019420699682086706,0.0025459385942667723,-0.025669362396001816
4.100114107131958,0.3031483113068273,-1.0,1.2246467991473532e-16,0.0,0.0,0.9885346140818118,0.09561026498125597,-0.015682714985704296,0.115810390047762,-2.4492935982947064e-16,-0.0,0.0,0.18674156562214328,-0.053176194952095523,0.2282632460200967,-0.08577791600641434,0.08963126662860263,0.05966285381256256,-1.5690936355994645,-0.04487076680032487,-2.5548592162054904,0.0,0.0,0.0,5.0886283657079,1.0,-0.0020461410749703646,0.002674232702702284,-0.02567635104060173
4.120113849639893,0.1879780718585118,-1.0,1.2246467991473532e-16,0.0,0.0,0.995586281208382,0.0822799249781178,-0.04457996471441669,0.007113182221860488,-2.4492935982947064e-16,-0.0,0.0,0.16460570755468526,-0.09005863504018391,0.006855335959091306,0.0010302198940458085,0.08160067581756522,0.0565562543687948,-1.6497193791385416,0.565196591018073,-0.36848866191238905,0.0,0.0,0.0,5.082103686275288,1.0,-0.0022041823249310255,0.002871978562325239,-0.02568308264017105
4.140097141265869,0.2685149443131385,-1.0,1.2246467991473532e-16,0.0,0.0,0.9910009950832216,-0.008137471846323992,-0.03028873239859981,0.13012840576023682,-2.4492935982947064e-16,-0.0,0.0,-0.024054023494590637,-0.05794691943970827,0.2618233192220734,0.0477792717820153,-0.08020227479425934,0.014707570718199253,-0.02836765020158377,0.9265837471490332,-2.6613983980775333,0.0,0.0,0.0,5.002962876568838,1.0,-0.002435058355331421,0.0031592324376106262,-0.025698989629745483
4.160102128982544,0.08540931866892344,-1.0,1.2246467991473532e-16,0.0,0.0,0.9990882946037093,0.022583050365852023,-0.011803601839305608,-0.03425288901164537,-2.4492935982947064e-16,-0.0,0.0,0.04596087611496648,-0.02204039584525434,-0.06904805354638634,0.03019801689567786,0.02052642985298725,-0.0917353057045499,-0.5724530748997543,0.15396631737416322,1.0519990030511068,0.0,0.0,0.0,4.9996134801143,1.0,-0.002435058355331421,0.0031592324376106262,-0.025698989629745483
4.180094957351685,0.25853521038029964,-1.0,1.2246467991473532e-16,0.0,0.0,0.9916565711415765,-0.001820474460638816,0.010162654391741893,0.12849377899409667,-2.4492935982947064e-16,-0.0,0.0,-0.000999107852941453,0.02062502755667545,0.257703544888331,0.08724045462835633,-0.01772122676868708,-0.09367026422367414,-0.31255232930065147,-0.13236818076008985,-2.1951945229872365,0.0,0.0,0.0,4.994186861972677,1.0,-0.0024536363780498505,0.003180545289069414,-0.025703998282551765
4.200096845626831,0.10958828745427034,-1.0,1.2246467991473532e-16,0.0,0.0,0.9984991764688034,0.008831480271718446,-0.04620027650067553,0.02805234390551654,-2.4492935982947064e-16,-0.0,0.0,0.015110115562811829,-0.09289089412270449,0.055471926775518744,-0.021835235487198762,0.01791762373085122,-0.09037046761394803,-0.08928866348557629,0.8523350350901058,-0.19956500765453883,0.0,0.0,0.0,5.015309407812691,1.0,-0.0024896012619137764,0.0032236375845968723,-0.02570841833949089
4.220096111297607,0.23948449806377256,-1.0,1.2246467991473532e-16,0.0,0.0,0.9928394588119489,0.07286138279448653,0.07918810528562925,-0.05186783111470611,-2.4492935982947064e-16,-0.0,0.0,0.13880170020628804,0.16555571693740737,-0.09285450579767052,-0.03121157721818875,0.00774009988529574,0.01078310855533024,-1.3323813470169783,-1.614722505253768,0.9942241880728014,0.0,0.0,0.0,5.111488976511285,1.0,-0.002619164763018489,0.003385683987289667,-0.025713706389069557
4.240119695663452,0.08970305593719548,-1.0,1.2246467991473532e-16,0.0,0.0,0.9989943388237261,0.04476435493047181,-0.002470824958974468,-0.0005987903031225609,-2.4492935982947064e-16,-0.0,0.0,0.08956238794613502,-0.004883090775011899,-0.0014176033926319312,-0.04178980031963897,-0.026684523509235322,-0.08232054833637586,-0.7281278973308828,0.15615459321643066,0.34125799940795465,0.0,0.0,0.0,5.013276726224273,1.0,-0.0026802639476954937,0.003460270119830966,-0.025720693171024323
4.260117053985596,0.3222362097891184,-1.0,1.2246467991473532e-16,0.0,0.0,0.9870485318508824,-0.020792719206200287,0.0849354804297321,0.1344946941823377,-2.4492935982947064e-16,-0.0,0.0,-0.018480650865362616,0.17414273623654714,0.26923760452710305,0.031800995184102454,-0.007347899640460717,0.03393760340857516,0.2886504033875935,-1.6693180100327993,-2.8256442972810545,0.0,0.0,0.0,5.070664245452342,1.0,-0.002824187045916915,0.003639785572886467,-0.025727005675435066
4.28037166595459,0.26632844129219796,-1.0,1.2246467991473532e-16,0.0,0.0,0.9911467394691496,-0.06822386314102563,0.09436434353976239,0.06378883919697985,-2.4492935982947064e-16,-0.0,0.0,-0.12596457074956308,0.1970340827903136,0.11607368125909609,-0.07358892726435269,0.07951117833362228,0.09522981747658385,1.658832971877921,-2.205331584129737,-1.6566960538459323,0.0,0.0,0.0,5.132312801956361,1.0,-0.0030098597053438425,0.0038676976691931486,-0.025738103315234184
4.300108432769775,0.1369345347944557,-1.0,1.2246467991473532e-16,0.0,0.0,0.997657032136043,-0.05344520917673199,-0.03446935698649815,0.02521743988780959,-2.4492935982947064e-16,-0.0,0.0,-0.1088305520969047,-0.06612987897750745,0.054145903297742125,0.08847161410313661,0.027562990415335914,0.015007988820191692,0.7150177271220909,0.5791351780686192,-0.5643807530369587,0.0,0.0,0.0,5.033852566810991,1.0,-0.0030098597053438425,0.0038676976691931486,-0.025738103315234184
4.32009482383728,0.1947976183838479,-1.0,1.2246467991473532e-16,0.0,0.0,0.9952604845573796,-0.07681884650542989,0.03894393885560937,0.045153098748544784,-2.4492935982947064e-16,-0.0,0.0,-0.1504957602366688,0.08455666979577152,0.08429554119576266,0.09248304753312042,0.050345124672075775,-0.06284191291161947,1.1664447399761135,-0.9802592758004907,-0.6516943233244177,0.0,0.0,0.0,5.0683439821761045,1.0,-0.0031772428192198277,0.004076157230883837,-0.025743937119841576
4.340097188949585,0.3332926443684082,-1.0,1.2246467991473532e-16,0.0,0.0,0.9861466064298057,-0.02825163765084463,0.10069631837244984,0.128751571109861,-2.4492935982947064e-16,-0.0,0.0,-0.030447757459447913,0.2073603841943236,0.25648342260833534,0.05224375329700698,-0.07573172375015774,0.025178250441678623,0.35605773982886224,-1.7109994724483661,-2.6757444239639345,0.0,0.0,0.0,5.104829468162052,1.0,-0.0033009625039994717,0.004228731617331505,-0.025752009823918343
4.3601179122924805,0.3304342246275491,-1.0,1.2246467991473532e-16,0.0,0.0,0.9863826708942295,-0.09203874916450008,-0.08424191381620517,0.10715127236007681,-2.4492935982947064e-16,-0.0,0.0,-0.20319575887214586,-0.14699417571277032,0.2314251117287069,-0.09760463175287473,0.04810062058932707,0.10139037602645634,2.231193510301498,1.492435793966795,-2.548586951307362,0.0,0.0,0.0,5.153629547941424,1.0,-0.0034088671673089266,0.0043627191334962845,-0.025757530704140663
4.38009786605835,0.1216279302115047,-1.0,1.2246467991473532e-16,0.0,0.0,0.9981514006582464,-0.04921322752386877,0.019158441114482772,-0.03007978947279666,-2.4492935982947064e-16,-0.0,0.0,-0.09962371374620947,0.03529272879650818,-0.062012394793351557,0.004034249019944244,0.03721395912289094,0.007041219182377836,0.968127554397596,-0.5320246587812192,0.5734309127264219,0.0,0.0,0.0,5.021164610651156,1.0,-0.003412362188100815,0.004364875610917807,-0.025761758908629417
4.400122404098511,0.20607237057532427,-1.0,1.2246467991473532e-16,0.0,0.0,0.9946964668127156,0.075877287001999,0.04704996352601125,-0.05106737862586618,-2.4492935982947064e-16,-0.0,0.0,0.14743427338576834,0.10152489137228937,-0.09508512798829166,0.0403168632251068,0.037843830456664784,0.05940121396143122,-1.6788131929404098,-1.092374592346884,0.7837427166715989,0.0,0.0,0.0,5.074052876635731,1.0,-0.0034358124248683453,0.0043920972384512424,-0.025765562430024147
4.420180559158325,0.1862325154084912,-1.0,1.2246467991473532e-16,0.0,0.0,0.9956678128684336,0.07169301849316993,0.0574855690929644,-0.014181920292605175,-2.4492935982947064e-16,-0.0,0.0,0.1425847196166819,0.11677174644252494,-0.02013682006469451,-0.01762499755792586,-0.008377418897140027,0.050522391590008736,-1.3633603796316978,-1.116201706270728,0.0815488394920687,0.0,0.0,0.0,5.078958962441564,1.0,-0.0036214562132954597,0.004622215870767832,-0.025776607915759087
4.440124988555908,0.2464849079459262,-1.0,1.2246467991473532e-16,0.0,0.0,0.9924152562658064,0.02162491693132353,-0.007523485137107187,0.12077963102269665,-2.4492935982947064e-16,-0.0,0.0,0.04112437076837394,-0.02015790697342637,0.24179969753170685,0.07444179721764738,0.008818714650252385,0.07661009412395095,-0.7302655274970625,0.1151948441411339,-2.7220329969497365,0.0,0.0,0.0,4.998421375660887,1.0,-0.0036214562132954597,0.004622215870767832,-0.025776607915759087
4.460092067718506,0.3193941983972366,-1.0,1.2246467991473532e-16,0.0,0.0,0.9872754956988411,-0.10039954730111225,-0.09949931883636358,0.07284855554806108,-2.4492935982947064e-16,-0.0,0.0,-0.21807196142785645,-0.1828558551959237,0.16738051827916045,-0.04922340018400191,0.05309735934670254,0.05524191345260859,2.2048845467582505,1.777596939340461,-1.6779387647716562,0.0,0.0,0.0,5.20102018245947,1.0,-0.0037711942568421364,0.0048092142678797245,-0.0257828738540411
4.480121374130249,0.24513404585364665,-1.0,1.2246467991473532e-16,0.0,0.0,0.9924980611032105,0.0977397056401362,-0.0456803176254825,0.05751397420959846,-2.4492935982947064e-16,-0.0,0.0,0.19090392072353216,-0.10209532308635182,0.1059846096542178,-0.007569899859992596,-0.06230695402051212,-0.01954008396386371,-1.9245145133627561,1.1628341685916983,-1.0721191483365144,0.0,0.0,0.0,5.112198301792949,1.0,-0.003849514527246356,0.0049054850824177265,-0.025788549333810806
4.500103950500488,0.16686227963000078,-1.0,1.2246467991473532e-16,0.0,0.0,0.9965216408241984,-0.08259239542983696,-0.00536944419322748,0.009710028592370272,-2.4492935982947064e-16,-0.0,0.0,-0.16547545560992588,-0.009097711133126483,0.020241677615828627,-0.00524181375978236,-0.07586125527989424,-0.027636316697557325,1.6728151636358661,0.41083390498412653,-0.08365530505717614,0.0,0.0,0.0,5.062570237052817,1.0,-0.003944534808397293,0.005022753961384296,-0.025793882086873055
4.520116090774536,0.2703024831069983,-1.0,1.2246467991473532e-16,0.0,0.0,0.9908809642239607,0.022556373973630563,-0.06117937749628797,0.11791186751520089,-2.4492935982947064e-16,-0.0,0.0,0.030523969026248307,-0.12690262783749368,0.23494056580582745,-0.011870487371606425,0.055171743790014716,0.06329725886572651,-0.40364552998618797,1.0029005747657003,-2.611426385766924,0.0,0.0,0.0,5.036037642410732,1.0,-0.004119333811104298,0.005240888334810734,-0.025799738243222237
4.5401082038879395,0.1433461296337747,-1.0,1.2246467991473532e-16,0.0,0.0,0.9974325852457371,-0.025959157889010556,0.06337388102761407,-0.020931106401639043,-2.4492935982947064e-16,-0.0,0.0,-0.05489825059887761,0.12566613189655698,-0.04541864429138016,-0.06227087133639314,0.001036862461859439,-0.006295214828882914,0.7682666431257813,-1.2716250703997192,0.44380298734831264,0.0,0.0,0.0,5.040499051158425,1.0,-0.004240043461322784,0.0053908610716462135,-0.02580735832452774
4.56015419960022,0.23748688487603817,-1.0,1.2246467991473532e-16,0.0,0.0,0.9929582773026162,0.023356627816161536,0.059639276756565864,0.09965683188438161,-2.4492935982947064e-16,-0.0,0.0,0.05868582793096489,0.114030292228662,0.20340777823147158,-0.059752446851345356,0.02203223312137577,-0.026085961973940308,-0.22812276891785171,-1.2809144676168205,-1.8887927897918706,0.0,0.0,0.0,5.034539942341485,1.0,-0.004334720782935619,0.0055083101615309715,-0.02581627294421196
4.5801005363464355,0.2738679872147803,-1.0,1.2246467991473532e-16,0.0,0.0,0.9906391814166677,-0.07581343671078562,-0.07836345017973333,0.08213102174052508,-2.4492935982947064e-16,-0.0,0.0,-0.16552323420485893,-0.14329644006332223,0.17734268402835254,-0.05207044524790055,0.005875343788188478,-0.06615396040992493,1.7245505152073122,1.5437676284419124,-1.3780045931708023,0.0,0.0,0.0,5.114848629459788,1.0,-0.004334720782935619,0.0055083101615309715,-0.02581627294421196
4.600122451782227,0.2977034783548997,-1.0,1.2246467991473532e-16,0.0,0.0,0.9889420200025455,-0.0765482229875057,0.08453207184663099,0.09480706439952778,-2.4492935982947064e-16,-0.0,0.0,-0.13810546878040333,0.18272437043825376,0.17847734083448422,-0.051896351476469316,-0.07178680236642068,0.07567703038603713,1.7385498656559888,-1.4034942274669375,-2.198849409534704,0.0,0.0,0.0,5.126583037264598,1.0,-0.004342612344771624,0.005517666693776846,-0.02581985853612423
4.620118141174316,0.20628320181926924,-1.0,1.2246467991473532e-16,0.0,0.0,0.9946856188708769,-0.07744807345916684,0.06129555013743833,-0.02907182591914161,-2.4492935982947064e-16,-0.0,0.0,-0.15940958238211383,0.11770811396674538,-0.06785028384176896,-0.014617970742683922,-0.06864344321439148,0.10213314612420929,1.6074333521540698,-0.9513372298912006,0.17290393388599512,0.0,0.0,0.0,5.092604542532126,1.0,-0.004477969836443663,0.005687883123755455,-0.02582480013370514
4.640167951583862,0.14454324895560186,-1.0,1.2246467991473532e-16,0.0,0.0,0.9973895426868502,-0.015351101564764309,0.06405003183016787,-0.029597926316187795,-2.4492935982947064e-16,-0.0,0.0,-0.03470080706168641,0.12719967496079596,-0.06154353959536689,-0.060822354390961224,0.07393499174011986,-0.0020963443184994768,0.5503114488591286,-1.576740603563837,0.6003439035977539,0.0,0.0,0.0,5.036945265994103,1.0,-0.004516353830695152,0.005736321210861206,-0.025830991566181183
4.660121917724609,0.2561137431681847,-1.0,1.2246467991473532e-16,0.0,0.0,0.9918119173991187,-0.07372888018416504,-0.05526757118994098,0.08842323397522636,-2.4492935982947064e-16,-0.0,0.0,-0.1574064158553185,-0.0967422114784727,0.18547188636182887,-0.04020963662661406,0.010926680142196749,0.0957993910469585,1.6354161501897546,1.0616447032300322,-2.1516622436923614,0.0,0.0,0.0,5.079524865364182,1.0,-0.004573878366500139,0.005808806978166103,-0.025836845859885216
4.680097579956055,0.268246699712994,-1.0,1.2246467991473532e-16,0.0,0.0,0.9910189390434152,-0.04907531758001471,0.04905558292493539,0.11430934102504053,-2.4492935982947064e-16,-0.0,0.0,-0.08667315557368188,0.10866327572944463,0.22495886353555897,0.0008999898449421756,-0.031538703531671236,0.08928946363024193,0.9779063922205231,-0.8549568443720231,-2.6433446750217784,0.0,0.0,0.0,5.041821704968189,1.0,-0.004735307302325964,0.006012497004121542,-0.025842802599072456
4.700114965438843,0.18031837052599026,-1.0,1.2246467991473532e-16,0.0,0.0,0.9959384130528678,-0.0816872737968056,-0.03786419609089205,-0.00041153343914139144,-2.4492935982947064e-16,-0.0,0.0,-0.16387785600513827,-0.07555992738208989,0.005381703468713713,-0.006955010132914635,-0.03120251178339549,0.07808547120124842,1.661565516467768,0.8820939689514229,-0.30411121602216595,0.0,0.0,0.0,5.075562628071895,1.0,-0.0049973889254033566,0.006343462970107794,-0.0258535947650671
4.720192909240723,0.28263998529742235,-1.0,1.2246467991473532e-16,0.0,0.0,0.9900309377141765,-0.0489361335972236,0.08926219703992536,0.09734607016694889,-2.4492935982947064e-16,-0.0,0.0,-0.08102304355646829,0.18736651928872916,0.18840556584876195,0.01238539370110732,0.08134603628996417,0.027098146576299414,0.9291810971400403,-2.110628085958364,-2.055313989644175,0.0,0.0,0.0,5.098947993623571,1.0,-0.0049973889254033566,0.006343462970107794,-0.0258535947650671
4.740108489990234,0.3421425819000122,-1.0,1.2246467991473532e-16,0.0,0.0,0.9854029578646007,0.08494159026329881,-0.05211059742011479,0.1380232680085377,-2.4492935982947064e-16,-0.0,0.0,0.1548690064542797,-0.12648469406812418,0.26849803370831743,-0.08595471766522321,0.059841593093791806,-0.010857697046080389,-1.3550129346050859,0.8028455760271284,-2.7170345719864324,0.0,0.0,0.0,5.094468281367772,1.0,-0.005109068006277084,0.0064846668392419815,-0.025860751047730446
4.760142803192139,0.23927882416168467,-1.0,1.2246467991473532e-16,0.0,0.0,0.9928517380843556,-0.08329865258977977,0.007401122394751482,0.08515858175720979,-2.4492935982947064e-16,-0.0,0.0,-0.16496154605259075,0.028887642302571997,0.16873632061626384,-0.06690139491184241,-0.061447525273944016,0.07561112957458557,1.9335786314429626,0.09776765320074621,-2.005616153442538,0.0,0.0,0.0,5.064115757602494,1.0,-0.0050641512498259544,0.006428758148103952,-0.025864258408546448
4.780306577682495,0.16061121546943494,-1.0,1.2246467991473532e-16,0.0,0.0,0.9967772372057156,-0.05074339927140621,-0.046469431325257,-0.041241226597061774,-2.4492935982947064e-16,-0.0,0.0,-0.09794278806599908,-0.09697671398171338,-0.07794535995732868,-0.06990470279614627,-0.02388188948954692,-0.03897964826888361,1.294486796612707,1.0249161844633279,0.9807431250167697,0.0,0.0,0.0,5.041035991529376,1.0,-0.005179916508495808,0.006575512699782848,-0.025869037955999374
4.800108909606934,0.23363753205296367,-1.0,1.2246467991473532e-16,0.0,0.0,0.9931844440210252,0.02000402583805268,0.09062435522359619,0.07051046266494841,-2.4492935982947064e-16,-0.0,0.0,0.05338500990325742,0.17813298697706687,0.14651937788935723,0.05242916442302706,-0.06180452369711678,-0.01425640630542735,-0.6097971744531643,-1.565269009683457,-1.3531836280772587,0.0,0.0,0.0,5.080816012217928,1.0,-0.0051701869815588,0.006563777569681406,-0.02587234228849411
4.820103883743286,0.24855710567616618,-1.0,1.2246467991473532e-16,0.0,0.0,0.9922873552415999,0.08627677651682643,0.01279722209844225,0.08808151660853479,-2.4492935982947064e-16,-0.0,0.0,0.1743683781952941,0.010198441479628647,0.17795959468150155,-0.06531276661308563,0.030787617943655587,-0.01523963861846031,-1.4642844638841885,-0.37909491374346754,-1.7006717776968547,0.0,0.0,0.0,5.070444268914108,1.0,-0.005303774494677782,0.006732544396072626,-0.02587682008743286
4.840142011642456,0.08564813303005267,-1.0,1.2246467991473532e-16,0.0,0.0,0.9990831897879788,-0.007497320087812866,-0.004490605087581587,-0.04190948031801165,-2.4492935982947064e-16,-0.0,0.0,-0.0146056875926271,-0.009601541213624835,-0.0837766002251937,0.048535468800043946,0.09898495908721336,0.028461549955257626,-0.04419547344392091,-0.3061277345972216,0.7243434065392025,0.0,0.0,0.0,4.994057097411925,1.0,-0.005370316561311483,0.006818235386162996,-0.025887083262205124
4.860109090805054,0.22053442851473262,-1.0,1.2246467991473532e-16,0.0,0.0,0.9939267281439611,-0.05783091216969586,-0.08478910021997292,-0.039699536049545674,-2.4492935982947064e-16,-0.0,0.0,-0.11010915862407672,-0.17401695862550146,-0.0702274679704532,0.09084305844317883,0.028179069369856924,0.09030250676863469,0.7932460096211994,1.5830657269200308,0.43278069391637464,0.0,0.0,0.0,5.100752893504413,1.0,-0.005370316561311483,0.006818235386162996,-0.025887083262205124
4.880107402801514,0.1513527616233222,-1.0,1.2246467991473532e-16,0.0,0.0,0.9971379089974018,0.044386073848945454,0.029941061602695957,-0.05337976881430327,-2.4492935982947064e-16,-0.0,0.0,0.08560384763095896,0.0644940729024574,-0.10420075639062072,0.09789496635616154,-0.08071550935876484,-0.07053400815296398,-1.2793013424035578,-0.27595919461885965,1.3497314088979215,0.0,0.0,0.0,5.02208615307786,1.0,-0.00553096504881978,0.007021989673376083,-0.025892207399010658
4.900096416473389,0.22226303460719188,-1.0,1.2246467991473532e-16,0.0,0.0,0.993831245639709,-0.08276576123081988,-0.073796869643804,0.0018182378509681866,-2.4492935982947064e-16,-0.0,0.0,-0.16735315457590344,-0.1469101746865811,0.01600280774605506,0.074074790104221,-0.07422207636459606,-0.001476043895403012,1.359016064199511,1.7728256983344641,-0.03046058143775187,0.0,0.0,0.0,5.119175091644206,1.0,-0.0056039574556052685,0.007115540560334921,-0.025895899161696434
4.9201061725616455,0.20901279034182538,-1.0,1.2246467991473532e-16,0.0,0.0,0.9945441749191242,-0.08600514778092778,-0.05521473750173478,-0.020888548351523838,-2.4492935982947064e-16,-0.0,0.0,-0.1706888396812387,-0.11366462959133697,-0.0322654315069028,0.0729328957743077,-0.028876022297954426,0.04513020949091298,1.4283713725213225,1.2197988392265133,0.2372501290668247,0.0,0.0,0.0,5.099816585116645,1.0,-0.005780569743365049,0.007340485695749521,-0.025899918749928474
4.94033670425415,0.2000218199266098,-1.0,1.2246467991473532e-16,0.0,0.0,0.9950030760398972,0.09829032311726228,-0.0036187713289526973,0.01716961114048172,-2.4492935982947064e-16,-0.0,0.0,0.1967519835661814,-0.010576787661525316,0.03346436840205793,-0.017227551733256324,0.0645026594290797,0.04213818191105151,-1.8968962554122228,-0.18563521113726492,-0.5119449504538405,0.0,0.0,0.0,5.091798486113454,1.0,-0.005881786346435547,0.007470808457583189,-0.025904998183250427
4.960116147994995,0.27382946566285316,-1.0,1.2246467991473532e-16,0.0,0.0,0.9906418104531615,-0.03454899208426563,-0.04377338696996419,0.12457552376458761,-2.4492935982947064e-16,-0.0,0.0,-0.07968510053518511,-0.0781992523766008,0.2533102730735039,0.00836911873330673,0.10032016486020598,-0.007218722594728291,0.6575033667520833,0.47418707995845966,-2.4626355849128387,0.0,0.0,0.0,5.024538994021048,1.0,-0.005814541131258011,0.00738889817148447,-0.025906972587108612
4.980123996734619,0.1567977330794137,-1.0,1.2246467991473532e-16,0.0,0.0,0.9969283826241437,0.0015690856189263232,0.04757613002468974,-0.062192039206019935,-2.4492935982947064e-16,-0.0,0.0,-0.0028018716151398393,0.09519888803304466,-0.12473930800076564,0.021837684308423727,-0.028032365304483123,-0.05702905845699877,-0.11873244961222382,-0.8393931392758622,1.471957017948394,0.0,0.0,0.0,5.016027782911006,1.0,-0.005895267706364393,0.007496140897274017,-0.02591259591281414
