0.0,MANUAL,IDLE,,0,0.0,-0.0,-6.0,1.2,-0.0,0.0,0.0,0.0,0.0,0.0,0.014,0.021,0.002,2.001,15.64,OFF,PAPER,0
0.02,MANUAL,IDLE,,0,0.0,0.0,-6.0,1.2,0.005,0.001,-0.0,-0.1,-0.0,-0.0,0.205,-0.058,-0.099,1.982,11.43,OFF,PAPER,0
0.04,MANUAL,IDLE,,0,0.0,0.0,-6.0,1.2,0.017,-0.008,-0.0,-0.2,-0.2,-0.1,-0.045,-0.116,-0.05,1.998,10.89,OFF,PAPER,0
0.06,MANUAL,IDLE,,0,0.0,0.001,-6.0,1.2,0.013,-0.006,-0.0,-0.2,-0.1,-0.2,-0.299,-0.245,-0.044,1.986,11.74,OFF,PAPER,0
0.08,MANUAL,IDLE,,0,0.0,0.001,-6.0,1.2,0.011,-0.007,-0.0,-0.2,-0.1,-0.2,-0.152,0.249,-0.053,2.001,13.9,OFF,PAPER,0
0.1,MANUAL,IDLE,,0,0.0,0.001,-6.0,1.2,0.007,-0.007,-0.0,-0.3,0.1,-0.3,-0.08,0.08,-0.068,2.004,11.94,OFF,PAPER,0
0.12,MANUAL,IDLE,,0,0.0,0.001,-6.0,1.2,0.015,0.003,-0.0,-0.2,-0.0,-0.4,0.363,-0.29,-0.053,1.969,5.05,OFF,PAPER,0
0.14,MANUAL,IDLE,,0,0.0,0.002,-6.0,1.2,0.019,-0.003,-0.0,-0.2,-0.1,-0.4,-0.311,0.132,-0.047,1.992,13.21,OFF,PAPER,0
0.16,MANUAL,IDLE,,0,0.0,0.002,-6.001,1.2,0.014,-0.007,-0.0,-0.2,-0.1,-0.4,0.191,0.3,0.048,1.964,6.18,OFF,PAPER,0
0.18,MANUAL,IDLE,,0,0.0,0.002,-6.001,1.2,0.012,-0.006,-0.0,-0.2,-0.1,-0.3,-0.008,0.26,0.19,1.971,8.04,OFF,PAPER,0
0.2,MANUAL,IDLE,,0,0.0,0.003,-6.001,1.2,0.013,0.002,-0.0,-0.1,-0.1,-0.1,-0.123,-0.228,0.155,1.97,5.27,OFF,PAPER,0
0.22,MANUAL,IDLE,,0,0.0,0.003,-6.001,1.2,0.014,-0.004,-0.0,-0.3,-0.2,0.1,0.139,-0.396,0.178,2.011,16.8,OFF,PAPER,0
0.24,MANUAL,IDLE,,0,0.0,0.003,-6.001,1.2,0.022,-0.005,-0.0,-0.3,-0.4,0.3,-0.213,0.157,0.216,1.966,11.06,OFF,PAPER,0
0.26,MANUAL,IDLE,,0,0.0,0.004,-6.001,1.2,0.013,-0.01,-0.0,-0.5,-0.3,0.5,-0.057,0.614,0.155,2.025,16.58,OFF,PAPER,0
0.28,MANUAL,IDLE,,0,0.0,0.004,-6.001,1.2,0.01,-0.003,-0.0,-0.3,-0.1,0.7,-0.068,0.372,0.141,1.989,10.6,OFF,PAPER,0
0.3,MANUAL,IDLE,,0,0.0,0.004,-6.001,1.2,0.006,0.002,-0.0,-0.3,0.0,0.9,0.195,0.021,0.192,1.991,12.84,OFF,PAPER,0
0.32,MANUAL,IDLE,,0,0.0,0.004,-6.001,1.2,0.007,-0.001,-0.0,-0.3,-0.1,1.1,0.036,0.187,0.159,1.983,10.9,OFF,PAPER,0
0.34,MANUAL,IDLE,,0,0.0,0.004,-6.001,1.2,0.012,-0.006,-0.0,-0.4,-0.2,1.1,0.079,-0.119,-0.002,1.981,11.26,OFF,PAPER,0
0.36,MANUAL,IDLE,,0,0.0,0.005,-6.001,1.2,0.014,-0.014,-0.0,-0.6,-0.2,1.2,-0.276,0.095,0.031,2.017,17.05,OFF,PAPER,0
0.38,MANUAL,IDLE,,0,0.0,0.005,-6.001,1.2,0.009,-0.017,-0.0,-0.6,-0.1,1.2,-0.152,0.039,0.015,2.013,13.33,OFF,PAPER,0
0.4,MANUAL,IDLE,,0,0.0,0.005,-6.002,1.2,0.004,-0.009,-0.0,-0.5,-0.0,1.2,0.145,0.184,0.04,1.973,6.09,OFF,PAPER,0
0.42,MANUAL,IDLE,,0,0.0,0.005,-6.002,1.2,0.008,-0.009,-0.0,-0.5,-0.0,1.3,0.286,0.11,0.056,1.967,10.77,OFF,PAPER,0
0.44,MANUAL,IDLE,,0,0.0,0.005,-6.002,1.2,-0.005,-0.009,-0.0,-0.5,0.2,1.4,-0.086,0.095,0.133,1.98,7.88,OFF,PAPER,0
0.46,MANUAL,IDLE,,0,0.0,0.005,-6.002,1.2,0.0,-0.011,-0.0,-0.5,0.1,1.5,-0.145,0.055,0.098,1.979,14.44,OFF,PAPER,0
0.48,MANUAL,IDLE,,0,0.0,0.005,-6.002,1.2,0.002,0.0,-0.0,-0.3,0.1,1.5,0.309,0.09,0.006,1.999,13.07,OFF,PAPER,0
0.5,MANUAL,IDLE,,0,0.0,0.005,-6.002,1.2,0.022,0.005,-0.0,-0.3,-0.3,1.6,-0.224,-0.417,-0.024,2.03,19.28,OFF,PAPER,0
0.52,MANUAL,IDLE,,0,0.0,0.006,-6.002,1.2,0.012,0.004,0.0,-0.3,-0.2,1.6,-0.097,0.35,-0.061,2.007,13.32,OFF,PAPER,0
0.54,MANUAL,IDLE,,0,0.0,0.006,-6.002,1.2,0.009,0.008,-0.0,-0.2,-0.0,1.5,-0.192,0.174,0.018,2.002,11.56,OFF,PAPER,0
0.56,MANUAL,IDLE,,0,0.0,0.006,-6.002,1.2,0.006,0.004,-0.0,-0.3,-0.0,1.6,0.081,0.313,0.118,2.013,14.22,OFF,PAPER,0
0.58,MANUAL,IDLE,,0,0.0,0.006,-6.002,1.2,0.003,0.002,-0.0,-0.3,-0.0,1.7,-0.008,-0.057,0.051,1.996,14.59,OFF,PAPER,0
0.6,MANUAL,IDLE,,0,0.0,0.006,-6.002,1.2,-0.003,0.001,0.0,-0.3,0.1,1.8,-0.291,0.162,0.041,1.972,10.7,OFF,PAPER,0
0.62,MANUAL,IDLE,,0,0.0,0.006,-6.002,1.2,0.001,-0.002,0.0,-0.2,0.0,1.8,-0.155,-0.199,0.081,1.979,10.87,OFF,PAPER,0
0.64,MANUAL,IDLE,,0,0.0,0.006,-6.002,1.2,-0.003,-0.001,0.0,-0.3,0.0,1.9,0.392,-0.144,0.076,1.976,10.42,OFF,PAPER,0
0.66,MANUAL,IDLE,,0,0.0,0.006,-6.002,1.2,-0.006,-0.009,0.0,-0.4,0.0,2.0,-0.042,0.038,0.118,1.98,14.65,OFF,PAPER,0
0.68,MANUAL,IDLE,,0,0.0,0.006,-6.002,1.2,-0.002,-0.012,0.0,-0.4,0.0,2.1,-0.407,-0.418,0.044,1.979,7.5,OFF,PAPER,0
0.7,MANUAL,IDLE,,0,0.0,0.006,-6.002,1.2,-0.001,-0.008,0.0,-0.4,-0.1,2.1,0.221,0.051,0.042,1.995,11.57,OFF,PAPER,0
0.72,MANUAL,IDLE,,0,0.0,0.006,-6.003,1.2,0.005,-0.014,0.0,-0.4,-0.1,2.2,-0.259,0.059,0.025,1.966,6.73,OFF,PAPER,0
0.74,MANUAL,IDLE,,0,0.0,0.006,-6.003,1.2,0.003,-0.018,0.0,-0.4,-0.1,2.2,-0.307,0.209,0.001,1.974,6.93,OFF,PAPER,0
0.76,MANUAL,IDLE,,0,0.0,0.006,-6.003,1.2,0.004,-0.017,0.0,-0.4,-0.1,2.1,-0.069,0.03,-0.113,1.989,16.41,OFF,PAPER,0
0.78,MANUAL,IDLE,,0,0.0,0.006,-6.004,1.2,0.01,-0.016,0.0,-0.4,-0.1,2.0,-0.168,-0.332,-0.156,1.986,10.81,OFF,PAPER,0
0.8,MANUAL,IDLE,,0,0.0,0.006,-6.004,1.2,0.009,-0.01,0.0,-0.4,-0.0,1.9,0.134,-0.251,0.014,1.983,8.7,OFF,PAPER,0
0.82,MANUAL,IDLE,,0,0.0,0.007,-6.004,1.2,0.011,0.0,0.0,-0.2,-0.1,1.9,0.05,0.246,-0.09,1.973,9.64,OFF,PAPER,0
0.84,MANUAL,IDLE,,0,0.0,0.007,-6.004,1.2,0.005,0.0,0.0,-0.2,0.0,1.7,-0.027,0.026,-0.227,2.005,12.26,OFF,PAPER,0
0.86,MANUAL,IDLE,,0,0.0,0.007,-6.004,1.2,0.005,-0.002,0.0,-0.2,0.1,1.5,-0.065,-0.187,-0.133,1.976,12.74,OFF,PAPER,0
0.88,MANUAL,IDLE,,0,0.0,0.007,-6.004,1.2,0.009,-0.005,0.0,-0.3,0.0,1.4,-0.148,0.239,-0.03,1.966,11.62,OFF,PAPER,0
0.9,MANUAL,IDLE,,0,0.0,0.007,-6.004,1.2,0.013,-0.001,0.0,-0.2,0.0,1.3,-0.075,-0.117,-0.062,1.99,9.61,OFF,PAPER,0
0.92,MANUAL,IDLE,,0,0.0,0.008,-6.004,1.2,0.019,0.006,0.0,-0.1,-0.0,1.3,-0.026,-0.075,-0.03,1.993,12.64,OFF,PAPER,0
0.94,MANUAL,IDLE,,0,0.0,0.008,-6.004,1.2,0.013,0.01,0.0,-0.0,0.1,1.3,0.151,0.469,0.015,1.974,6.45,OFF,PAPER,0
0.96,MANUAL,IDLE,,0,0.0,0.008,-6.004,1.2,0.012,0.003,0.0,-0.2,0.2,1.2,-0.096,0.132,-0.08,2.015,13.42,OFF,PAPER,0
0.98,MANUAL,IDLE,,0,0.0,0.008,-6.004,1.2,0.008,0.002,0.0,-0.2,0.3,1.2,0.254,-0.065,-0.05,1.977,7.24,OFF,PAPER,0
1.0,MANUAL,IDLE,,0,0.0,0.008,-6.004,1.2,0.006,-0.001,0.0,-0.1,0.4,1.1,-0.114,-0.365,-0.052,2.028,17.15,OFF,PAPER,0
1.02,MANUAL,IDLE,,0,0.0,0.009,-6.004,1.2,0.01,-0.008,0.0,-0.3,0.2,1.1,-0.024,0.047,-0.04,1.964,7.37,OFF,PAPER,0
1.04,MANUAL,IDLE,,0,0.0,0.009,-6.004,1.2,0.006,-0.006,0.0,-0.1,0.3,1.0,0.158,0.232,-0.035,2.001,15.91,OFF,PAPER,0
1.06,MANUAL,IDLE,,0,0.0,0.009,-6.004,1.2,0.012,-0.004,0.0,-0.1,0.2,1.0,0.303,0.116,0.04,2.0,11.64,OFF,PAPER,0
1.08,MANUAL,IDLE,,0,0.0,0.009,-6.004,1.2,0.011,-0.002,0.0,-0.2,0.3,1.0,-0.262,-0.278,-0.004,1.963,11.58,OFF,PAPER,0
1.1,MANUAL,IDLE,,0,0.0,0.009,-6.004,1.2,0.008,-0.004,0.0,-0.3,0.3,1.0,-0.18,-0.224,-0.022,1.974,7.81,OFF,PAPER,0
1.12,MANUAL,IDLE,,0,0.0,0.009,-6.004,1.2,0.006,-0.007,0.0,-0.3,0.4,0.9,-0.119,0.078,-0.172,2.0,11.33,OFF,PAPER,0
1.14,MANUAL,IDLE,,0,0.0,0.01,-6.004,1.2,0.015,-0.007,0.0,-0.3,0.3,0.7,-0.244,-0.047,-0.15,1.978,7.28,OFF,PAPER,0
1.16,MANUAL,IDLE,,0,0.0,0.01,-6.004,1.2,0.01,-0.008,0.0,-0.4,0.3,0.6,0.059,0.263,-0.12,1.988,9.26,OFF,PAPER,0
1.18,MANUAL,IDLE,,0,0.0,0.01,-6.005,1.2,0.017,-0.006,0.0,-0.3,0.3,0.5,0.122,-0.105,-0.043,2.011,16.38,OFF,PAPER,0
1.2,MANUAL,IDLE,,0,0.0,0.011,-6.005,1.2,0.017,-0.012,0.0,-0.5,0.3,0.5,0.123,0.207,-0.019,2.029,14.86,OFF,PAPER,0
1.22,MANUAL,IDLE,,0,0.0,0.011,-6.005,1.2,0.021,-0.01,0.0,-0.5,0.2,0.4,-0.057,0.223,-0.063,1.974,6.78,OFF,PAPER,0
1.24,MANUAL,IDLE,,0,0.0,0.011,-6.005,1.2,0.02,-0.015,0.0,-0.5,0.3,0.3,0.088,0.344,-0.141,1.999,12.62,OFF,PAPER,0
1.26,MANUAL,IDLE,,0,0.0,0.012,-6.006,1.2,0.013,-0.019,0.0,-0.6,0.4,0.2,-0.175,0.234,-0.106,2.008,15.96,OFF,PAPER,0
1.28,MANUAL,IDLE,,0,0.0,0.012,-6.006,1.2,0.014,-0.018,0.0,-0.6,0.4,-0.0,0.214,0.002,-0.109,1.998,15.04,OFF,PAPER,0
1.3,MANUAL,IDLE,,0,0.0,0.012,-6.006,1.2,0.014,-0.022,0.0,-0.6,0.4,-0.2,-0.272,-0.248,-0.116,1.996,10.75,OFF,PAPER,0
1.32,MANUAL,IDLE,,0,0.0,0.013,-6.007,1.2,0.024,-0.025,0.0,-0.7,0.3,-0.3,-0.301,-0.384,-0.082,1.982,10.54,OFF,PAPER,0
1.34,MANUAL,IDLE,,0,0.0,0.013,-6.007,1.2,0.022,-0.025,0.0,-0.7,0.2,-0.4,-0.102,-0.071,-0.021,1.979,14.69,OFF,PAPER,0
1.36,MANUAL,IDLE,,0,0.0,0.014,-6.008,1.2,0.029,-0.017,0.0,-0.6,0.1,-0.4,0.007,0.238,0.038,1.965,9.91,OFF,PAPER,0
1.38,MANUAL,IDLE,,0,0.0,0.014,-6.008,1.2,0.024,-0.012,0.0,-0.5,0.2,-0.3,-0.036,0.107,0.075,1.988,10.4,OFF,PAPER,0
1.4,MANUAL,IDLE,,0,0.0,0.015,-6.008,1.2,0.021,-0.008,0.0,-0.5,0.2,-0.3,0.082,0.125,-0.022,1.989,12.35,OFF,PAPER,0
1.42,MANUAL,IDLE,,0,0.0,0.015,-6.008,1.2,0.022,-0.002,0.0,-0.3,0.3,-0.3,-0.32,-0.353,-0.063,1.97,7.1,OFF,PAPER,0
1.44,MANUAL,IDLE,,0,0.0,0.016,-6.008,1.2,0.029,-0.003,0.0,-0.4,0.1,-0.3,-0.123,0.078,0.07,1.999,15.19,OFF,PAPER,0
1.46,MANUAL,IDLE,,0,0.0,0.016,-6.008,1.2,0.026,-0.001,0.0,-0.3,0.2,-0.3,0.303,0.039,0.142,2.001,15.73,OFF,PAPER,0
1.48,MANUAL,IDLE,,0,0.0,0.017,-6.008,1.2,0.027,-0.005,0.0,-0.4,0.2,-0.1,-0.212,-0.346,0.182,1.995,11.51,OFF,PAPER,0
1.5,MANUAL,IDLE,,0,0.0,0.017,-6.008,1.2,0.023,-0.008,0.0,-0.4,0.2,0.1,-0.261,0.31,0.179,1.999,14.92,OFF,PAPER,0
1.52,MANUAL,IDLE,,0,0.0,0.017,-6.009,1.2,0.014,-0.003,0.0,-0.4,0.3,0.4,0.211,0.115,0.215,1.98,7.76,OFF,PAPER,0
1.54,MANUAL,IDLE,,0,0.0,0.018,-6.009,1.2,0.014,-0.004,0.0,-0.4,0.3,0.6,-0.14,0.115,0.161,2.001,16.58,OFF,PAPER,0
1.56,MANUAL,IDLE,,0,0.0,0.018,-6.009,1.2,0.008,0.0,0.0,-0.3,0.4,0.8,0.136,0.053,0.115,1.985,12.76,OFF,PAPER,0
1.58,MANUAL,IDLE,,0,0.0,0.018,-6.009,1.2,0.016,0.008,0.0,-0.1,0.3,0.9,-0.131,-0.025,0.127,2.014,13.29,OFF,PAPER,0
1.6,MANUAL,IDLE,,0,0.0,0.019,-6.008,1.2,0.024,0.01,0.0,-0.1,0.1,1.0,-0.031,-0.091,0.089,1.966,6.52,OFF,PAPER,0
1.62,MANUAL,IDLE,,0,0.0,0.019,-6.008,1.2,0.026,0.006,0.0,-0.3,0.1,1.1,0.307,-0.007,0.101,2.005,15.53,OFF,PAPER,0
1.64,MANUAL,IDLE,,0,0.0,0.019,-6.008,1.2,0.021,-0.001,0.0,-0.3,0.1,1.2,-0.3,-0.097,0.024,1.998,11.36,OFF,PAPER,0
1.66,MANUAL,IDLE,,0,0.0,0.02,-6.008,1.2,0.029,0.003,0.0,-0.3,-0.1,1.2,-0.175,-0.104,0.019,1.985,10.1,OFF,PAPER,0
1.68,MANUAL,IDLE,,0,0.0,0.02,-6.008,1.2,0.027,0.003,0.0,-0.3,-0.0,1.2,0.064,-0.122,0.004,1.992,10.51,OFF,PAPER,0
1.7,MANUAL,IDLE,,0,0.0,0.021,-6.008,1.2,0.031,0.002,0.0,-0.4,-0.1,1.3,0.251,-0.326,-0.044,1.969,6.15,OFF,PAPER,0
1.72,MANUAL,IDLE,,0,0.0,0.022,-6.008,1.2,0.031,0.014,0.0,-0.1,-0.1,1.2,0.334,0.045,-0.058,1.968,5.45,OFF,PAPER,0
1.74,MANUAL,IDLE,,0,0.0,0.022,-6.007,1.2,0.033,0.021,0.0,0.0,-0.1,1.1,-0.032,0.192,-0.013,1.996,10.78,OFF,PAPER,0
1.76,MANUAL,IDLE,,0,0.0,0.023,-6.007,1.2,0.031,0.011,0.0,-0.1,0.0,1.1,-0.105,-0.057,-0.043,1.965,5.77,OFF,PAPER,0
1.78,MANUAL,IDLE,,0,0.0,0.024,-6.007,1.2,0.033,0.004,0.0,-0.2,0.0,1.1,-0.521,-0.072,-0.031,2.01,13.97,OFF,PAPER,0
1.8,MANUAL,IDLE,,0,0.0,0.024,-6.007,1.2,0.033,0.009,0.0,-0.2,0.0,1.0,0.151,-0.034,-0.178,2.004,16.29,OFF,PAPER,0
1.82,MANUAL,IDLE,,0,0.0,0.025,-6.007,1.2,0.039,0.015,0.0,-0.1,0.0,0.8,-0.143,-0.31,-0.141,1.966,4.17,OFF,PAPER,0
1.84,MANUAL,IDLE,,0,0.0,0.026,-6.006,1.2,0.043,0.014,0.0,-0.2,-0.1,0.7,-0.061,-0.093,-0.044,1.984,8.66,OFF,PAPER,0
1.86,MANUAL,IDLE,,0,0.0,0.027,-6.006,1.2,0.04,0.013,0.0,-0.2,-0.0,0.6,0.499,0.432,0.011,1.977,7.12,OFF,PAPER,0
1.88,MANUAL,IDLE,,0,0.0,0.027,-6.006,1.2,0.039,0.02,0.0,-0.1,0.0,0.7,0.045,0.142,0.056,2.028,18.28,OFF,PAPER,0
1.9,MANUAL,IDLE,,0,0.0,0.028,-6.005,1.2,0.035,0.03,0.0,0.1,0.1,0.8,0.102,0.178,-0.024,1.972,10.21,OFF,PAPER,0
1.92,MANUAL,IDLE,,0,0.0,0.029,-6.005,1.2,0.031,0.032,0.0,0.1,0.2,0.7,0.267,-0.041,-0.064,2.004,12.12,OFF,PAPER,0
1.94,MANUAL,IDLE,,0,0.0,0.029,-6.004,1.2,0.021,0.023,0.0,-0.1,0.4,0.7,-0.062,0.409,0.038,1.987,9.2,OFF,PAPER,0
1.96,MANUAL,IDLE,,0,0.0,0.03,-6.004,1.2,0.011,0.024,0.0,-0.2,0.6,0.8,0.082,0.371,0.016,1.985,8.91,OFF,PAPER,0
1.98,MANUAL,IDLE,,0,0.0,0.03,-6.003,1.2,0.016,0.022,0.0,-0.2,0.6,0.8,0.056,-0.03,-0.002,1.987,9.11,OFF,PAPER,0
2.0,MANUAL,IDLE,,0,0.0,0.03,-6.003,1.2,0.016,0.017,0.0,-0.2,0.6,0.7,0.195,0.012,-0.192,1.983,10.8,OFF,PAPER,0
2.02,MANUAL,IDLE,,0,0.0,0.031,-6.002,1.2,0.024,0.014,0.0,-0.3,0.4,0.5,0.089,0.001,-0.203,1.999,11.19,OFF,PAPER,0
2.04,MANUAL,IDLE,,0,0.0,0.031,-6.002,1.2,0.027,0.018,0.0,-0.2,0.3,0.2,-0.025,0.14,-0.248,1.99,11.35,OFF,PAPER,0
2.06,MANUAL,IDLE,,0,0.0,0.032,-6.002,1.2,0.026,0.028,0.0,-0.2,0.2,0.0,0.135,-0.038,-0.102,1.967,5.67,OFF,PAPER,0
2.08,MANUAL,IDLE,,0,0.0,0.032,-6.001,1.2,0.027,0.025,0.0,-0.1,0.2,-0.1,-0.435,-0.031,-0.106,2.027,14.51,OFF,PAPER,0
2.1,MANUAL,IDLE,,0,0.0,0.033,-6.001,1.2,0.026,0.025,0.0,-0.2,0.3,-0.2,0.388,-0.198,-0.026,2.033,15.21,OFF,PAPER,0
2.12,MANUAL,IDLE,,0,0.0,0.033,-6.0,1.2,0.034,0.024,0.0,-0.2,0.1,-0.1,-0.189,-0.088,0.079,1.969,4.81,OFF,PAPER,0
2.14,MANUAL,IDLE,,0,0.0,0.034,-6.0,1.2,0.035,0.03,0.0,-0.1,0.0,-0.1,0.019,-0.283,-0.041,1.989,11.69,OFF,PAPER,0
2.16,MANUAL,IDLE,,0,0.0,0.035,-5.999,1.2,0.036,0.031,0.0,-0.1,-0.0,-0.2,-0.053,-0.079,0.036,1.974,6.45,OFF,PAPER,0
2.18,MANUAL,IDLE,,0,0.0,0.036,-5.998,1.2,0.031,0.027,0.0,-0.3,0.1,-0.1,-0.243,0.0,-0.035,1.963,10.76,OFF,PAPER,0
2.2,MANUAL,IDLE,,0,0.0,0.036,-5.998,1.2,0.028,0.024,0.0,-0.3,0.1,-0.1,-0.124,0.207,0.047,1.978,10.84,OFF,PAPER,0
2.22,MANUAL,IDLE,,0,0.0,0.037,-5.998,1.2,0.032,0.019,0.0,-0.4,0.0,-0.1,-0.109,-0.144,0.033,1.987,9.95,OFF,PAPER,0
2.24,MANUAL,IDLE,,0,0.0,0.037,-5.997,1.2,0.034,0.03,0.0,-0.2,-0.0,-0.1,0.064,0.164,-0.023,2.022,15.12,OFF,PAPER,0
2.26,MANUAL,IDLE,,0,0.0,0.038,-5.997,1.2,0.029,0.026,0.0,-0.3,0.1,-0.2,-0.061,0.21,-0.075,2.006,12.01,OFF,PAPER,0
2.28,MANUAL,IDLE,,0,0.0,0.039,-5.996,1.2,0.026,0.027,0.0,-0.4,0.2,-0.3,-0.15,-0.206,-0.085,1.994,10.7,OFF,PAPER,0
2.3,MANUAL,IDLE,,0,0.0,0.039,-5.996,1.2,0.027,0.017,0.0,-0.5,0.2,-0.4,-0.006,-0.156,-0.03,2.006,12.87,OFF,PAPER,0
2.32,MANUAL,IDLE,,0,0.0,0.04,-5.995,1.2,0.017,0.017,0.0,-0.6,0.3,-0.4,0.027,-0.193,0.01,1.966,3.7,OFF,PAPER,0
2.34,MANUAL,IDLE,,0,0.0,0.04,-5.995,1.2,0.017,0.012,0.0,-0.7,0.3,-0.3,0.159,0.069,0.114,1.993,10.41,OFF,PAPER,0
2.36,MANUAL,IDLE,,0,0.0,0.04,-5.995,1.2,0.018,0.016,0.0,-0.7,0.3,-0.2,0.439,-0.198,0.05,1.971,7.52,OFF,PAPER,0
2.38,MANUAL,IDLE,,0,0.0,0.041,-5.994,1.2,0.015,0.016,0.0,-0.7,0.2,-0.1,0.191,-0.275,0.124,1.981,8.31,OFF,PAPER,0
2.4,MANUAL,IDLE,,0,0.0,0.041,-5.994,1.2,0.007,0.019,0.0,-0.5,0.4,-0.1,-0.105,-0.256,0.003,1.972,7.83,OFF,PAPER,0
2.42,MANUAL,IDLE,,0,0.0,0.041,-5.994,1.2,0.01,0.025,0.0,-0.4,0.3,-0.1,0.388,0.142,-0.047,1.978,11.81,OFF,PAPER,0
2.44,MANUAL,IDLE,,0,0.0,0.041,-5.993,1.2,0.009,0.024,0.0,-0.4,0.3,-0.2,-0.154,-0.178,-0.084,1.976,12.99,OFF,PAPER,0
2.46,MANUAL,IDLE,,0,0.0,0.041,-5.993,1.2,0.009,0.03,0.0,-0.4,0.3,-0.3,0.268,-0.28,-0.067,1.964,4.8,OFF,PAPER,0
2.48,MANUAL,IDLE,,0,0.0,0.041,-5.992,1.2,0.009,0.028,0.0,-0.3,0.2,-0.4,-0.168,-0.347,-0.114,2.002,11.47,OFF,PAPER,0
2.5,MANUAL,IDLE,,0,0.0,0.041,-5.991,1.2,0.003,0.032,0.0,-0.3,0.3,-0.5,0.125,0.073,0.032,1.963,2.71,OFF,PAPER,0
2.52,MANUAL,IDLE,,0,0.0,0.041,-5.991,1.2,0.004,0.042,0.0,-0.1,0.3,-0.5,0.384,-0.296,0.028,2.027,15.8,OFF,PAPER,0
2.54,MANUAL,IDLE,,0,0.0,0.042,-5.99,1.2,0.0,0.042,0.0,-0.0,0.3,-0.4,-0.01,-0.04,0.031,1.968,7.75,OFF,PAPER,0
2.56,MANUAL,IDLE,,0,0.0,0.042,-5.989,1.2,0.003,0.039,0.0,-0.1,0.3,-0.4,-0.11,-0.171,0.002,1.994,10.48,OFF,PAPER,0
2.58,MANUAL,IDLE,,0,0.0,0.042,-5.988,1.2,0.003,0.04,0.0,-0.1,0.2,-0.4,-0.293,0.036,-0.014,1.995,11.87,OFF,PAPER,0
2.6,MANUAL,IDLE,,0,0.0,0.042,-5.987,1.2,0.004,0.035,0.0,-0.3,0.3,-0.4,-0.049,-0.052,-0.043,1.967,7.25,OFF,PAPER,0
2.62,MANUAL,IDLE,,0,0.0,0.042,-5.987,1.2,-0.005,0.031,0.0,-0.5,0.3,-0.4,-0.012,-0.129,-0.001,2.003,13.68,OFF,PAPER,0
2.64,MANUAL,IDLE,,0,0.0,0.042,-5.986,1.2,0.001,0.02,0.0,-0.7,0.2,-0.4,-0.077,0.176,0.086,1.98,7.86,OFF,PAPER,0
2.66,MANUAL,IDLE,,0,0.0,0.042,-5.986,1.2,0.003,0.018,0.0,-0.7,0.2,-0.3,-0.143,-0.076,0.062,1.966,7.52,OFF,PAPER,0
2.68,MANUAL,IDLE,,0,0.0,0.042,-5.986,1.2,0.006,0.013,0.0,-0.8,0.1,-0.3,0.324,-0.224,0.031,2.006,12.02,OFF,PAPER,0
2.7,MANUAL,IDLE,,0,0.0,0.042,-5.985,1.2,0.01,0.016,0.0,-0.8,-0.0,-0.3,-0.18,0.073,-0.033,1.993,13.81,OFF,PAPER,0
2.72,MANUAL,IDLE,,0,0.0,0.042,-5.985,1.2,0.011,0.01,0.0,-0.9,-0.1,-0.4,-0.08,0.141,-0.012,2.014,13.74,OFF,PAPER,0
2.74,MANUAL,IDLE,,0,0.0,0.042,-5.985,1.2,0.012,0.009,0.0,-1.1,-0.1,-0.4,-0.168,-0.198,-0.081,2.002,15.39,OFF,PAPER,0
2.76,MANUAL,IDLE,,0,0.0,0.043,-5.985,1.2,0.01,0.013,0.0,-1.0,-0.1,-0.6,-0.102,0.086,-0.082,1.989,9.65,OFF,PAPER,0
2.78,MANUAL,IDLE,,0,0.0,0.043,-5.984,1.2,0.013,0.017,0.0,-0.9,-0.2,-0.6,0.168,-0.133,-0.126,1.979,7.98,OFF,PAPER,0
2.8,MANUAL,IDLE,,0,0.0,0.043,-5.984,1.2,0.007,0.019,0.0,-0.9,-0.1,-0.8,0.251,0.262,-0.014,2.015,14.18,OFF,PAPER,0
2.82,MANUAL,IDLE,,0,0.0,0.043,-5.984,1.2,0.003,0.021,0.0,-0.8,0.1,-0.8,0.26,-0.291,-0.058,1.99,11.5,OFF,PAPER,0
2.84,MANUAL,IDLE,,0,0.0,0.043,-5.983,1.2,0.008,0.019,0.0,-0.7,0.0,-1.0,-0.181,-0.34,-0.092,1.999,11.18,OFF,PAPER,0
2.86,MANUAL,IDLE,,0,0.0,0.043,-5.983,1.2,0.014,0.026,0.0,-0.7,-0.0,-1.1,-0.111,-0.044,-0.152,1.992,12.0,OFF,PAPER,0
2.88,MANUAL,IDLE,,0,0.0,0.044,-5.982,1.2,0.012,0.032,0.0,-0.5,0.0,-1.2,0.268,0.103,-0.034,1.972,7.14,OFF,PAPER,0
2.9,MANUAL,IDLE,,0,0.0,0.044,-5.982,1.2,0.007,0.034,0.0,-0.4,0.2,-1.1,-0.121,0.13,0.016,1.974,14.16,OFF,PAPER,0
2.92,MANUAL,IDLE,,0,0.0,0.044,-5.981,1.2,0.012,0.038,0.0,-0.4,0.1,-1.2,-0.008,-0.186,-0.005,1.962,11.17,OFF,PAPER,0
2.94,MANUAL,IDLE,,0,0.0,0.044,-5.98,1.2,0.008,0.036,0.0,-0.4,0.2,-1.2,-0.038,-0.166,-0.071,1.971,9.07,OFF,PAPER,0
2.96,MANUAL,IDLE,,0,0.0,0.044,-5.979,1.2,0.014,0.034,0.0,-0.6,0.1,-1.3,-0.151,-0.018,-0.065,2.007,13.53,OFF,PAPER,0
2.98,MANUAL,IDLE,,0,0.0,0.045,-5.979,1.2,0.011,0.027,0.0,-0.7,0.2,-1.3,-0.33,-0.125,-0.03,1.979,10.97,OFF,PAPER,0
3.0,MANUAL,IDLE,,0,0.0,0.045,-5.978,1.2,0.017,0.027,0.0,-0.8,0.1,-1.3,0.013,-0.265,0.025,1.974,11.98,OFF,PAPER,0
3.02,MANUAL,IDLE,,0,0.0,0.045,-5.978,1.2,0.014,0.028,0.0,-0.8,0.2,-1.3,0.116,-0.132,0.046,2.034,15.39,OFF,PAPER,0
3.04,MANUAL,IDLE,,0,0.0,0.045,-5.977,1.2,0.008,0.029,0.0,-0.7,0.4,-1.2,-0.201,0.026,0.11,1.987,12.4,OFF,PAPER,0
3.06,MANUAL,IDLE,,0,0.0,0.046,-5.976,1.2,0.009,0.031,0.0,-0.7,0.4,-1.1,0.207,-0.037,0.098,2.011,14.8,OFF,PAPER,0
3.08,MANUAL,IDLE,,0,0.0,0.046,-5.976,1.2,0.01,0.032,0.0,-0.6,0.4,-1.0,0.135,-0.026,0.149,1.979,10.41,OFF,PAPER,0
3.1,MANUAL,IDLE,,0,0.0,0.046,-5.975,1.2,0.01,0.029,0.0,-0.5,0.4,-0.8,-0.061,-0.085,0.115,1.992,10.26,OFF,PAPER,0
3.12,MANUAL,IDLE,,0,0.0,0.046,-5.975,1.2,0.008,0.031,0.0,-0.5,0.4,-0.8,0.058,-0.134,0.1,1.965,9.29,OFF,PAPER,0
3.14,MANUAL,IDLE,,0,0.0,0.046,-5.974,1.2,0.004,0.038,0.0,-0.4,0.5,-0.7,0.473,0.06,0.079,1.977,7.26,OFF,PAPER,0
3.16,MANUAL,IDLE,,0,0.0,0.046,-5.973,1.2,-0.002,0.029,0.0,-0.5,0.6,-0.6,-0.404,0.239,0.05,1.996,10.6,OFF,PAPER,0
3.18,MANUAL,IDLE,,0,0.0,0.046,-5.972,1.2,-0.009,0.043,0.0,-0.4,0.8,-0.6,0.341,0.013,0.006,2.024,17.6,OFF,PAPER,0
3.2,MANUAL,IDLE,,0,0.0,0.046,-5.972,1.2,-0.003,0.043,0.0,-0.3,0.7,-0.6,0.056,0.01,0.004,1.968,4.49,OFF,PAPER,0
3.22,MANUAL,IDLE,,0,0.0,0.046,-5.971,1.2,-0.009,0.041,0.0,-0.4,0.8,-0.6,-0.096,-0.277,-0.006,2.009,16.42,OFF,PAPER,0
3.24,MANUAL,IDLE,,0,0.0,0.046,-5.97,1.2,-0.009,0.033,0.0,-0.4,0.8,-0.6,-0.006,-0.176,-0.071,2.013,15.83,OFF,PAPER,0
3.26,MANUAL,IDLE,,0,0.0,0.045,-5.969,1.2,-0.013,0.032,0.0,-0.5,0.8,-0.7,-0.003,-0.107,0.064,1.963,4.47,OFF,PAPER,0
3.28,MANUAL,IDLE,,0,0.0,0.045,-5.969,1.2,-0.015,0.027,0.0,-0.6,0.8,-0.6,-0.125,0.016,0.151,1.991,11.07,OFF,PAPER,0
3.3,MANUAL,IDLE,,0,0.0,0.045,-5.968,1.2,-0.02,0.03,0.0,-0.5,1.0,-0.4,-0.012,0.069,0.154,1.962,3.05,OFF,PAPER,0
3.32,MANUAL,IDLE,,0,0.0,0.044,-5.968,1.2,-0.011,0.028,0.0,-0.5,0.7,-0.2,-0.113,-0.028,0.117,1.994,10.34,OFF,PAPER,0
3.34,MANUAL,IDLE,,0,0.0,0.044,-5.967,1.2,-0.009,0.029,0.0,-0.6,0.7,-0.1,0.088,-0.289,0.123,1.975,12.87,OFF,PAPER,0
3.36,MANUAL,IDLE,,0,0.0,0.044,-5.966,1.2,-0.008,0.038,0.0,-0.5,0.7,0.0,0.164,0.154,0.089,1.992,13.62,OFF,PAPER,0
3.38,MANUAL,IDLE,,0,0.0,0.044,-5.966,1.2,-0.0,0.032,0.0,-0.5,0.6,0.1,0.03,0.066,0.072,1.98,8.5,OFF,PAPER,0
3.4,MANUAL,IDLE,,0,0.0,0.044,-5.965,1.2,0.002,0.035,0.0,-0.4,0.6,0.2,-0.319,-0.025,-0.006,1.988,9.5,OFF,PAPER,0
3.42,MANUAL,IDLE,,0,0.0,0.044,-5.964,1.2,0.006,0.031,0.0,-0.6,0.5,0.2,-0.141,-0.262,-0.003,1.975,8.03,OFF,PAPER,0
3.44,MANUAL,IDLE,,0,0.0,0.044,-5.964,1.2,0.005,0.025,0.0,-0.6,0.6,0.2,0.108,0.049,-0.014,1.965,3.58,OFF,PAPER,0
3.46,MANUAL,IDLE,,0,0.0,0.044,-5.963,1.2,0.005,0.034,0.0,-0.5,0.6,0.1,0.069,0.04,-0.117,1.964,6.73,OFF,PAPER,0
3.48,MANUAL,IDLE,,0,0.0,0.044,-5.963,1.2,-0.006,0.028,0.0,-0.7,0.7,-0.1,0.028,0.094,-0.073,1.965,9.39,OFF,PAPER,0
3.5,MANUAL,IDLE,,0,0.0,0.044,-5.962,1.2,0.003,0.021,0.0,-0.8,0.6,-0.1,0.337,-0.247,-0.029,1.993,10.15,OFF,PAPER,0
3.52,MANUAL,IDLE,,0,0.0,0.044,-5.962,1.2,0.009,0.024,0.0,-0.7,0.5,-0.1,0.081,-0.127,0.007,2.006,13.19,OFF,PAPER,0
3.54,MANUAL,IDLE,,0,0.0,0.045,-5.961,1.2,0.017,0.033,0.0,-0.6,0.2,-0.1,-0.062,-0.16,0.011,2.025,17.26,OFF,PAPER,0
3.56,MANUAL,IDLE,,0,0.0,0.045,-5.96,1.2,0.021,0.045,0.0,-0.4,0.2,-0.1,0.116,-0.173,-0.054,1.968,4.86,OFF,PAPER,0
3.58,MANUAL,IDLE,,0,0.0,0.045,-5.96,1.2,0.021,0.049,0.0,-0.4,0.1,-0.2,0.197,-0.246,-0.154,1.976,12.91,OFF,PAPER,0
3.6,MANUAL,IDLE,,0,0.0,0.046,-5.958,1.2,0.026,0.051,0.0,-0.3,0.1,-0.4,-0.137,0.086,-0.186,1.99,14.45,OFF,PAPER,0
3.62,MANUAL,IDLE,,0,0.0,0.046,-5.957,1.2,0.026,0.051,0.0,-0.3,0.1,-0.6,-0.029,0.056,-0.112,1.967,5.78,OFF,PAPER,0
3.64,MANUAL,IDLE,,0,0.0,0.047,-5.956,1.2,0.028,0.056,0.0,-0.3,0.1,-0.6,0.21,-0.066,-0.066,2.01,13.09,OFF,PAPER,0
3.66,MANUAL,IDLE,,0,0.0,0.048,-5.955,1.2,0.04,0.058,0.0,-0.2,-0.1,-0.7,-0.2,-0.129,-0.058,1.98,8.33,OFF,PAPER,0
3.68,MANUAL,IDLE,,0,0.0,0.048,-5.954,1.2,0.04,0.06,0.0,-0.2,-0.1,-0.8,0.254,-0.306,-0.126,1.988,13.65,OFF,PAPER,0
3.7,MANUAL,IDLE,,0,0.0,0.049,-5.953,1.2,0.041,0.061,0.0,-0.3,-0.2,-0.9,0.069,0.015,-0.014,1.985,10.88,OFF,PAPER,0
3.72,MANUAL,IDLE,,0,0.0,0.05,-5.952,1.2,0.045,0.066,0.0,-0.2,-0.2,-0.9,-0.202,-0.06,0.033,1.98,7.79,OFF,PAPER,0
3.74,MANUAL,IDLE,,0,0.0,0.051,-5.95,1.2,0.046,0.069,0.0,-0.3,-0.2,-0.9,0.002,0.028,0.012,2.001,14.77,OFF,PAPER,0
3.76,MANUAL,IDLE,,0,0.0,0.052,-5.949,1.2,0.052,0.065,0.0,-0.3,-0.2,-0.9,-0.288,-0.188,-0.047,1.973,7.72,OFF,PAPER,0
3.78,MANUAL,IDLE,,0,0.0,0.053,-5.948,1.2,0.051,0.061,0.0,-0.5,-0.1,-1.0,0.014,0.405,-0.08,1.976,10.67,OFF,PAPER,0
3.8,MANUAL,IDLE,,0,0.0,0.054,-5.946,1.2,0.05,0.064,0.0,-0.4,-0.0,-1.1,0.178,0.331,-0.058,2.009,14.07,OFF,PAPER,0
3.82,MANUAL,IDLE,,0,0.0,0.055,-5.945,1.2,0.062,0.069,0.0,-0.2,-0.2,-1.1,-0.189,-0.282,0.014,1.996,15.65,OFF,PAPER,0
3.84,MANUAL,IDLE,,0,0.0,0.056,-5.944,1.2,0.057,0.063,0.0,-0.3,-0.2,-1.0,-0.438,0.046,0.046,1.987,11.23,OFF,PAPER,0
3.86,MANUAL,IDLE,,0,0.0,0.057,-5.942,1.2,0.057,0.061,0.0,-0.4,-0.2,-0.9,0.263,-0.269,0.01,1.967,4.92,OFF,PAPER,0
3.88,MANUAL,IDLE,,0,0.0,0.059,-5.941,1.2,0.062,0.064,0.0,-0.3,-0.4,-0.9,0.084,0.104,-0.0,1.978,7.38,OFF,PAPER,0
3.9,MANUAL,IDLE,,0,0.0,0.06,-5.94,1.2,0.055,0.079,0.0,-0.1,-0.3,-0.9,0.079,0.053,0.072,2.012,13.02,OFF,PAPER,0
3.92,MANUAL,IDLE,,0,0.0,0.061,-5.938,1.2,0.05,0.073,0.0,-0.2,-0.2,-0.9,-0.038,-0.056,-0.111,1.966,5.06,OFF,PAPER,0
3.94,MANUAL,IDLE,,0,0.0,0.062,-5.937,1.2,0.053,0.068,0.0,-0.3,-0.3,-1.0,-0.062,-0.274,-0.121,1.982,9.38,OFF,PAPER,0
3.96,MANUAL,IDLE,,0,0.0,0.063,-5.935,1.2,0.05,0.066,0.0,-0.4,-0.2,-1.1,0.074,-0.044,-0.025,2.012,12.89,OFF,PAPER,0
3.98,MANUAL,IDLE,,0,0.0,0.064,-5.934,1.2,0.049,0.076,0.0,-0.2,-0.2,-1.2,-0.027,0.101,0.051,1.965,9.03,OFF,PAPER,0
4.0,MANUAL,IDLE,,0,0.0,0.065,-5.932,1.2,0.046,0.077,0.0,-0.2,-0.2,-1.2,0.194,0.083,-0.139,2.02,16.53,OFF,PAPER,0
4.02,MANUAL,IDLE,,0,0.0,0.066,-5.931,1.2,0.036,0.072,0.0,-0.3,-0.1,-1.4,-0.045,0.302,-0.116,2.021,16.22,OFF,PAPER,0
4.04,MANUAL,IDLE,,0,0.0,0.066,-5.93,1.2,0.038,0.067,0.0,-0.4,-0.1,-1.5,-0.048,-0.382,-0.105,1.985,8.8,OFF,PAPER,0
4.06,MANUAL,IDLE,,0,0.0,0.067,-5.928,1.2,0.037,0.072,0.0,-0.3,-0.2,-1.6,-0.045,-0.235,-0.019,1.973,10.86,OFF,PAPER,0
4.08,MANUAL,IDLE,,0,0.0,0.068,-5.927,1.2,0.038,0.077,0.0,-0.3,-0.1,-1.6,0.136,0.079,-0.074,2.012,13.49,OFF,PAPER,0
4.1,MANUAL,IDLE,,0,0.0,0.069,-5.925,1.2,0.042,0.076,0.0,-0.3,-0.2,-1.6,0.164,-0.184,0.004,1.981,7.96,OFF,PAPER,0
4.12,MANUAL,IDLE,,0,0.0,0.07,-5.924,1.2,0.046,0.073,0.0,-0.3,-0.2,-1.6,-0.242,-0.023,0.017,1.982,8.59,OFF,PAPER,0
4.14,MANUAL,IDLE,,0,0.0,0.07,-5.922,1.2,0.041,0.072,0.0,-0.3,-0.2,-1.6,-0.156,-0.056,0.045,1.979,8.03,OFF,PAPER,0
4.16,MANUAL,IDLE,,0,0.0,0.071,-5.921,1.2,0.041,0.078,0.0,-0.4,-0.2,-1.5,0.212,-0.117,0.088,1.971,8.57,OFF,PAPER,0
4.18,MANUAL,IDLE,,0,0.0,0.072,-5.919,1.2,0.044,0.083,0.0,-0.3,-0.2,-1.4,-0.049,0.047,0.101,1.965,4.57,OFF,PAPER,0
4.2,MANUAL,IDLE,,0,0.0,0.073,-5.917,1.2,0.042,0.088,0.0,-0.2,-0.2,-1.4,0.064,0.162,0.05,1.976,12.67,OFF,PAPER,0
4.22,MANUAL,IDLE,,0,0.0,0.074,-5.916,1.2,0.041,0.091,0.0,-0.2,-0.2,-1.2,0.242,0.196,0.081,1.976,13.36,OFF,PAPER,0
4.24,MANUAL,IDLE,,0,0.0,0.075,-5.914,1.2,0.042,0.089,0.0,-0.2,-0.2,-1.2,0.273,0.11,0.084,1.978,8.65,OFF,PAPER,0
4.26,MANUAL,IDLE,,0,0.0,0.076,-5.912,1.2,0.044,0.094,0.0,-0.1,-0.2,-1.1,0.199,0.203,0.023,1.967,8.27,OFF,PAPER,0
4.28,MANUAL,IDLE,,0,0.0,0.076,-5.91,1.2,0.037,0.094,0.0,-0.1,-0.1,-1.1,0.455,0.057,0.084,2.013,16.47,OFF,PAPER,0
4.3,MANUAL,IDLE,,0,0.0,0.077,-5.908,1.2,0.038,0.099,0.0,-0.0,-0.1,-0.9,0.008,-0.254,0.19,1.997,13.65,OFF,PAPER,0
4.32,MANUAL,IDLE,,0,0.0,0.078,-5.906,1.2,0.023,0.094,0.0,-0.1,0.0,-0.7,-0.554,0.319,0.076,2.032,19.67,OFF,PAPER,0
4.34,MANUAL,IDLE,,0,0.0,0.078,-5.904,1.2,0.022,0.101,0.0,-0.1,0.1,-0.5,-0.005,0.186,0.191,2.014,13.58,OFF,PAPER,0
4.36,MANUAL,IDLE,,0,0.0,0.079,-5.902,1.2,0.024,0.101,0.0,-0.1,0.1,-0.4,0.144,-0.065,0.056,2.042,16.05,OFF,PAPER,0
4.38,MANUAL,IDLE,,0,0.0,0.079,-5.9,1.2,0.02,0.105,0.0,-0.1,0.2,-0.3,-0.038,-0.064,0.035,2.0,16.02,OFF,PAPER,0
4.4,MANUAL,IDLE,,0,0.0,0.079,-5.898,1.2,0.014,0.114,0.0,-0.0,0.2,-0.3,0.207,-0.011,0.072,2.011,17.72,OFF,PAPER,0
4.42,MANUAL,IDLE,,0,0.0,0.08,-5.896,1.2,0.019,0.125,0.0,0.2,0.2,-0.2,-0.406,0.046,0.12,2.001,15.46,OFF,PAPER,0
4.44,MANUAL,IDLE,,0,0.0,0.08,-5.893,1.2,0.01,0.122,0.0,0.2,0.3,-0.0,-0.416,0.002,0.03,1.964,3.12,OFF,PAPER,0
4.46,MANUAL,IDLE,,0,0.0,0.08,-5.891,1.2,0.007,0.122,0.0,0.2,0.4,-0.0,-0.309,-0.046,-0.011,1.991,9.95,OFF,PAPER,0
4.48,MANUAL,IDLE,,0,0.0,0.08,-5.888,1.2,-0.001,0.124,0.0,0.1,0.5,-0.0,0.29,-0.129,0.042,1.979,12.53,OFF,PAPER,0
4.5,MANUAL,IDLE,,0,0.0,0.08,-5.886,1.2,0.009,0.123,0.0,0.1,0.4,0.1,0.25,-0.055,0.077,1.97,11.96,OFF,PAPER,0
4.52,MANUAL,IDLE,,0,0.0,0.081,-5.883,1.2,0.014,0.131,0.0,0.3,0.3,0.2,0.115,0.178,0.109,2.019,14.03,OFF,PAPER,0
4.54,MANUAL,IDLE,,0,0.0,0.081,-5.881,1.2,0.02,0.135,0.0,0.4,0.2,0.3,-0.12,-0.508,0.113,1.965,3.23,OFF,PAPER,0
4.56,MANUAL,IDLE,,0,0.0,0.081,-5.878,1.2,0.019,0.139,0.0,0.4,0.2,0.4,-0.07,-0.185,0.072,2.003,14.12,OFF,PAPER,0
4.58,MANUAL,IDLE,,0,0.0,0.082,-5.875,1.2,0.01,0.141,0.0,0.4,0.3,0.5,0.285,0.107,0.111,2.011,14.32,OFF,PAPER,0
4.6,MANUAL,IDLE,,0,0.0,0.082,-5.872,1.2,0.005,0.137,0.0,0.4,0.5,0.6,-0.015,0.095,0.025,2.016,15.96,OFF,PAPER,0
4.62,MANUAL,IDLE,,0,0.0,0.082,-5.87,1.2,0.015,0.132,0.0,0.3,0.4,0.6,-0.094,-0.361,0.011,2.01,12.51,OFF,PAPER,0
4.64,MANUAL,IDLE,,0,0.0,0.082,-5.867,1.2,0.014,0.14,0.0,0.4,0.4,0.6,0.157,0.148,-0.002,1.967,8.84,OFF,PAPER,0
4.66,MANUAL,IDLE,,0,0.0,0.083,-5.864,1.2,0.013,0.14,0.0,0.4,0.5,0.7,0.025,0.137,0.138,1.978,11.8,OFF,PAPER,0
4.68,MANUAL,IDLE,,0,0.0,0.083,-5.861,1.2,0.014,0.134,0.0,0.5,0.4,0.8,0.073,0.108,0.084,2.019,15.24,OFF,PAPER,0
4.7,MANUAL,IDLE,,0,0.0,0.083,-5.859,1.2,0.015,0.137,0.0,0.5,0.4,0.9,-0.24,-0.018,0.016,1.989,9.38,OFF,PAPER,0
4.72,MANUAL,IDLE,,0,0.0,0.083,-5.856,1.2,0.011,0.133,0.0,0.5,0.6,1.0,-0.168,0.083,0.159,1.978,8.42,OFF,PAPER,0
4.74,MANUAL,IDLE,,0,0.0,0.084,-5.853,1.2,0.013,0.135,0.0,0.5,0.5,1.1,0.106,-0.228,0.071,1.969,7.54,OFF,PAPER,0
4.76,MANUAL,IDLE,,0,0.0,0.084,-5.851,1.2,0.012,0.135,0.0,0.5,0.5,1.2,0.017,-0.265,0.124,1.998,11.36,OFF,PAPER,0
4.78,MANUAL,IDLE,,0,0.0,0.084,-5.848,1.2,0.014,0.127,0.0,0.5,0.4,1.3,-0.229,0.069,0.054,1.987,10.43,OFF,PAPER,0
4.8,MANUAL,IDLE,,0,0.0,0.084,-5.846,1.2,0.015,0.128,0.0,0.5,0.4,1.3,0.171,0.188,0.095,1.972,10.87,OFF,PAPER,0
4.82,MANUAL,IDLE,,0,0.0,0.085,-5.843,1.2,0.022,0.136,0.0,0.6,0.2,1.4,0.052,-0.184,0.057,1.978,10.49,OFF,PAPER,0
4.84,MANUAL,IDLE,,0,0.0,0.085,-5.84,1.2,0.008,0.142,0.0,0.8,0.4,1.4,-0.033,0.082,0.029,1.973,9.44,OFF,PAPER,0
4.86,MANUAL,IDLE,,0,0.0,0.085,-5.837,1.2,0.003,0.15,0.0,1.0,0.5,1.4,0.057,0.183,-0.053,2.004,11.76,OFF,PAPER,0
4.88,MANUAL,IDLE,,0,0.0,0.085,-5.834,1.2,0.008,0.147,0.0,0.8,0.5,1.3,0.066,0.051,-0.161,1.988,11.19,OFF,PAPER,0
4.9,MANUAL,IDLE,,0,0.0,0.085,-5.831,1.2,0.005,0.145,0.0,0.7,0.6,1.1,-0.016,0.242,-0.231,2.004,17.1,OFF,PAPER,0
4.92,MANUAL,IDLE,,0,0.0,0.086,-5.828,1.2,0.012,0.136,0.0,0.5,0.5,0.8,-0.269,0.076,-0.197,1.992,13.0,OFF,PAPER,0
4.94,MANUAL,IDLE,,0,0.0,0.086,-5.826,1.2,0.015,0.13,0.0,0.5,0.4,0.7,-0.242,-0.024,-0.041,2.016,17.6,OFF,PAPER,0
4.96,MANUAL,IDLE,,0,0.0,0.086,-5.823,1.2,0.003,0.121,0.0,0.4,0.6,0.7,-0.275,0.013,-0.01,1.975,6.97,OFF,PAPER,0
4.98,MANUAL,IDLE,,0,0.0,0.086,-5.821,1.2,0.007,0.123,0.0,0.6,0.6,0.6,-0.058,-0.095,-0.038,1.983,8.79,OFF,PAPER,0
5.0,MANUAL,IDLE,,0,0.0,0.086,-5.818,1.2,0.011,0.121,0.0,0.6,0.6,0.6,0.009,-0.076,-0.02,2.011,14.0,OFF,PAPER,0
5.02,MANUAL,IDLE,,0,0.0,0.087,-5.816,1.2,0.021,0.119,0.0,0.5,0.5,0.5,-0.018,-0.016,0.045,1.979,12.06,OFF,PAPER,0
5.04,MANUAL,IDLE,,0,0.0,0.087,-5.813,1.2,0.022,0.117,0.0,0.5,0.4,0.6,-0.189,0.322,0.026,1.968,11.28,OFF,PAPER,0
5.06,MANUAL,IDLE,,0,0.0,0.087,-5.811,1.2,0.022,0.116,0.0,0.4,0.5,0.6,0.326,-0.292,-0.059,1.993,10.18,OFF,PAPER,0
5.08,MANUAL,IDLE,,0,0.0,0.088,-5.809,1.2,0.029,0.108,0.0,0.3,0.3,0.6,-0.369,-0.323,-0.026,1.991,11.8,OFF,PAPER,0
5.1,MANUAL,IDLE,,0,0.0,0.089,-5.807,1.2,0.032,0.111,0.0,0.4,0.2,0.6,0.076,-0.367,-0.067,1.971,5.6,OFF,PAPER,0
5.12,MANUAL,IDLE,,0,0.0,0.089,-5.804,1.2,0.031,0.11,0.0,0.3,0.2,0.5,-0.013,-0.158,-0.122,1.976,12.68,OFF,PAPER,0
5.14,MANUAL,IDLE,,0,0.0,0.09,-5.802,1.2,0.028,0.109,0.0,0.3,0.3,0.4,0.168,0.213,-0.146,1.964,12.2,OFF,PAPER,0
5.16,MANUAL,IDLE,,0,0.0,0.09,-5.8,1.2,0.031,0.106,0.0,0.2,0.3,0.3,-0.274,0.076,-0.071,1.979,9.93,OFF,PAPER,0
5.18,MANUAL,IDLE,,0,0.0,0.091,-5.798,1.2,0.029,0.105,0.0,0.3,0.2,0.2,-0.304,0.357,-0.095,1.968,8.19,OFF,PAPER,0
5.2,MANUAL,IDLE,,0,0.0,0.092,-5.796,1.2,0.036,0.105,0.0,0.2,0.1,0.1,-0.056,-0.149,0.01,1.981,7.96,OFF,PAPER,0
5.22,MANUAL,IDLE,,0,0.0,0.092,-5.794,1.2,0.038,0.106,0.0,0.2,0.1,0.2,-0.16,0.264,0.082,1.97,8.19,OFF,PAPER,0
5.24,MANUAL,IDLE,,0,0.0,0.093,-5.792,1.2,0.043,0.106,0.0,0.2,0.0,0.3,-0.001,0.043,0.111,1.97,5.43,OFF,PAPER,0
5.26,MANUAL,IDLE,,0,0.0,0.094,-5.79,1.2,0.049,0.101,0.0,0.1,-0.0,0.4,0.233,-0.045,0.035,1.968,5.4,OFF,PAPER,0
5.28,MANUAL,IDLE,,0,0.0,0.095,-5.787,1.2,0.051,0.101,0.0,0.2,-0.2,0.4,-0.131,-0.123,0.033,2.039,19.52,OFF,PAPER,0
5.3,MANUAL,IDLE,,0,0.0,0.096,-5.785,1.2,0.055,0.101,0.0,0.3,-0.2,0.5,-0.584,-0.252,0.059,2.007,13.67,OFF,PAPER,0
5.32,MANUAL,IDLE,,0,0.0,0.097,-5.783,1.2,0.052,0.1,0.0,0.1,-0.2,0.5,0.072,-0.093,0.04,1.992,10.58,OFF,PAPER,0
5.34,MANUAL,IDLE,,0,0.0,0.098,-5.781,1.2,0.047,0.101,0.0,0.2,-0.1,0.6,0.098,-0.01,0.009,1.984,8.9,OFF,PAPER,0
5.36,MANUAL,IDLE,,0,0.0,0.099,-5.779,1.2,0.052,0.097,0.0,0.1,-0.2,0.7,0.021,-0.375,0.074,1.969,6.77,OFF,PAPER,0
5.38,MANUAL,IDLE,,0,0.0,0.1,-5.778,1.2,0.048,0.091,0.0,0.0,-0.2,0.7,-0.042,-0.027,0.058,1.979,7.96,OFF,PAPER,0
5.4,MANUAL,IDLE,,0,0.0,0.101,-5.776,1.2,0.056,0.09,0.0,0.0,-0.3,0.7,-0.007,-0.154,-0.022,1.983,9.01,OFF,PAPER,0
5.42,MANUAL,IDLE,,0,0.0,0.102,-5.774,1.2,0.055,0.092,0.0,-0.0,-0.3,0.7,0.205,-0.025,-0.082,1.989,13.04,OFF,PAPER,0
5.44,MANUAL,IDLE,,0,0.0,0.103,-5.772,1.2,0.055,0.092,0.0,0.0,-0.3,0.6,-0.123,-0.167,-0.075,2.002,11.78,OFF,PAPER,0
5.46,MANUAL,IDLE,,0,0.0,0.104,-5.77,1.2,0.062,0.087,0.0,-0.0,-0.4,0.5,-0.221,-0.24,-0.052,1.971,10.4,OFF,PAPER,0
5.48,MANUAL,IDLE,,0,0.0,0.106,-5.769,1.2,0.051,0.087,0.0,-0.1,-0.3,0.5,-0.11,0.187,-0.06,2.013,13.18,OFF,PAPER,0
5.5,MANUAL,IDLE,,0,0.0,0.107,-5.767,1.2,0.05,0.092,0.0,0.0,-0.2,0.3,-0.112,-0.254,-0.141,1.967,4.56,OFF,PAPER,0
5.52,MANUAL,IDLE,,0,0.0,0.108,-5.765,1.2,0.042,0.098,0.0,0.1,-0.1,0.2,-0.157,0.455,-0.117,2.004,11.82,OFF,PAPER,0
5.54,MANUAL,IDLE,,0,0.0,0.108,-5.763,1.2,0.044,0.096,0.0,0.1,-0.1,0.1,-0.022,0.051,0.021,1.969,10.41,OFF,PAPER,0
5.56,MANUAL,IDLE,,0,0.0,0.109,-5.761,1.2,0.046,0.101,0.0,0.2,-0.1,0.3,0.083,-0.173,0.107,1.965,4.46,OFF,PAPER,0
5.58,MANUAL,IDLE,,0,0.0,0.11,-5.759,1.2,0.045,0.096,0.0,0.0,-0.1,0.3,-0.138,-0.09,-0.003,1.978,11.92,OFF,PAPER,0
5.6,MANUAL,IDLE,,0,0.0,0.111,-5.757,1.2,0.046,0.098,0.0,0.0,-0.0,0.4,0.083,-0.103,-0.023,1.965,12.09,OFF,PAPER,0
5.62,MANUAL,IDLE,,0,0.0,0.112,-5.755,1.2,0.048,0.092,0.0,-0.0,-0.1,0.3,-0.058,0.131,-0.022,1.968,5.97,OFF,PAPER,0
5.64,MANUAL,IDLE,,0,0.0,0.113,-5.753,1.2,0.048,0.089,0.0,-0.1,-0.1,0.3,-0.152,-0.307,-0.019,1.986,10.61,OFF,PAPER,0
5.66,MANUAL,IDLE,,0,0.0,0.114,-5.752,1.2,0.045,0.099,0.0,0.1,-0.1,0.3,0.211,0.266,-0.054,2.002,14.57,OFF,PAPER,0
5.68,MANUAL,IDLE,,0,0.0,0.115,-5.75,1.2,0.043,0.098,0.0,-0.0,0.0,0.2,-0.012,-0.082,-0.078,1.989,11.68,OFF,PAPER,0
5.7,MANUAL,IDLE,,0,0.0,0.116,-5.748,1.2,0.047,0.096,0.0,-0.0,-0.0,0.1,-0.197,0.2,-0.076,2.006,15.52,OFF,PAPER,0
5.72,MANUAL,IDLE,,0,0.0,0.117,-5.746,1.2,0.059,0.091,0.0,-0.1,-0.1,-0.0,0.185,-0.201,-0.142,1.998,10.96,OFF,PAPER,0
5.74,MANUAL,IDLE,,0,0.0,0.118,-5.744,1.2,0.052,0.093,0.0,-0.0,-0.0,-0.2,0.004,-0.264,-0.15,1.968,9.9,OFF,PAPER,0
5.76,MANUAL,IDLE,,0,0.0,0.119,-5.742,1.2,0.047,0.094,0.0,-0.1,0.1,-0.3,0.131,-0.089,-0.117,2.02,17.75,OFF,PAPER,0
5.78,MANUAL,IDLE,,0,0.0,0.12,-5.74,1.2,0.049,0.097,0.0,-0.0,0.0,-0.5,0.045,0.211,-0.154,1.98,9.9,OFF,PAPER,0
5.8,MANUAL,IDLE,,0,0.0,0.121,-5.738,1.2,0.043,0.088,0.0,-0.2,0.1,-0.7,-0.017,0.016,-0.215,2.003,14.14,OFF,PAPER,0
5.82,MANUAL,IDLE,,0,0.0,0.122,-5.737,1.2,0.057,0.09,0.0,-0.2,-0.1,-0.9,0.377,-0.105,-0.148,1.986,14.23,OFF,PAPER,0
5.84,MANUAL,IDLE,,0,0.0,0.123,-5.735,1.2,0.062,0.089,0.0,-0.2,-0.2,-1.0,0.248,-0.405,0.031,2.006,12.35,OFF,PAPER,0
5.86,MANUAL,IDLE,,0,0.0,0.124,-5.733,1.2,0.067,0.096,0.0,-0.1,-0.3,-0.9,-0.169,0.062,0.119,1.965,3.73,OFF,PAPER,0
5.88,MANUAL,IDLE,,0,0.0,0.125,-5.731,1.2,0.067,0.098,0.0,-0.0,-0.3,-0.8,-0.219,0.022,0.032,1.989,11.45,OFF,PAPER,0
5.9,MANUAL,IDLE,,0,0.0,0.127,-5.729,1.2,0.067,0.098,0.0,-0.0,-0.4,-0.8,-0.264,0.23,-0.035,1.988,9.84,OFF,PAPER,0
5.92,MANUAL,IDLE,,0,0.0,0.128,-5.727,1.2,0.066,0.104,0.0,-0.0,-0.5,-0.8,0.158,0.195,0.023,1.999,14.05,OFF,PAPER,0
5.94,MANUAL,IDLE,,0,0.0,0.129,-5.725,1.2,0.055,0.107,0.0,0.0,-0.3,-0.8,0.112,0.024,-0.087,1.974,7.21,OFF,PAPER,0
5.96,MANUAL,IDLE,,0,0.0,0.13,-5.723,1.2,0.051,0.119,0.0,0.3,-0.2,-0.9,0.212,0.259,-0.063,1.967,4.81,OFF,PAPER,0
5.98,MANUAL,IDLE,,0,0.0,0.132,-5.72,1.2,0.053,0.121,0.0,0.2,-0.2,-0.9,-0.008,0.117,0.03,2.004,11.86,OFF,PAPER,0
6.0,MANUAL,IDLE,,0,0.0,0.133,-5.718,1.2,0.054,0.118,0.0,0.2,-0.2,-0.9,-0.168,0.114,0.051,1.978,11.53,OFF,PAPER,0
6.02,MANUAL,IDLE,,0,0.0,0.134,-5.716,1.2,0.053,0.113,0.0,0.1,-0.3,-0.8,-0.014,-0.083,0.103,1.992,10.86,OFF,PAPER,0
6.04,MANUAL,IDLE,,0,0.0,0.135,-5.713,1.2,0.053,0.122,0.0,0.3,-0.3,-0.7,-0.149,-0.052,0.104,1.966,5.8,OFF,PAPER,0
6.06,MANUAL,IDLE,,0,0.0,0.136,-5.711,1.2,0.055,0.131,0.0,0.4,-0.3,-0.5,0.267,0.111,0.071,1.963,1.74,OFF,PAPER,0
6.08,MANUAL,IDLE,,0,0.0,0.137,-5.708,1.2,0.06,0.123,0.0,0.4,-0.4,-0.5,-0.199,0.109,0.028,1.982,8.65,OFF,PAPER,0
6.1,MANUAL,IDLE,,0,0.0,0.138,-5.706,1.2,0.056,0.119,0.0,0.3,-0.2,-0.5,-0.079,0.17,0.1,1.974,7.33,OFF,PAPER,0
6.12,MANUAL,IDLE,,0,0.0,0.139,-5.703,1.2,0.057,0.114,0.0,0.2,-0.2,-0.4,0.208,0.181,0.056,2.031,14.94,OFF,PAPER,0
6.14,MANUAL,IDLE,,0,0.0,0.14,-5.701,1.2,0.057,0.116,0.0,0.1,-0.2,-0.3,0.288,-0.372,0.036,1.995,10.45,OFF,PAPER,0
6.16,MANUAL,IDLE,,0,0.0,0.141,-5.699,1.2,0.056,0.113,0.0,0.1,-0.2,-0.2,-0.065,0.085,0.114,2.005,13.67,OFF,PAPER,0
6.18,MANUAL,IDLE,,0,0.0,0.143,-5.697,1.2,0.059,0.11,0.0,0.1,-0.4,-0.1,-0.152,0.103,0.145,2.018,13.74,OFF,PAPER,0
6.2,MANUAL,IDLE,,0,0.0,0.144,-5.694,1.2,0.06,0.108,0.0,0.1,-0.4,0.1,-0.26,0.15,0.2,1.97,11.56,OFF,PAPER,0
6.22,MANUAL,IDLE,,0,0.0,0.145,-5.692,1.2,0.061,0.113,0.0,0.1,-0.4,0.2,0.364,0.065,0.125,1.98,7.9,OFF,PAPER,0
6.24,MANUAL,IDLE,,0,0.0,0.146,-5.69,1.2,0.054,0.116,0.0,0.2,-0.3,0.3,0.109,0.278,-0.016,1.99,9.73,OFF,PAPER,0
6.26,MANUAL,IDLE,,0,0.0,0.147,-5.688,1.2,0.057,0.116,0.0,0.2,-0.4,0.2,0.016,0.235,-0.056,1.992,13.42,OFF,PAPER,0
6.28,MANUAL,IDLE,,0,0.0,0.148,-5.685,1.2,0.048,0.122,0.0,0.2,-0.2,0.1,0.013,-0.009,-0.118,1.995,14.97,OFF,PAPER,0
6.3,MANUAL,IDLE,,0,0.0,0.149,-5.683,1.2,0.044,0.122,0.0,0.3,-0.1,-0.0,0.152,-0.117,-0.084,1.982,8.78,OFF,PAPER,0
6.32,MANUAL,IDLE,,0,0.0,0.15,-5.68,1.2,0.037,0.125,0.0,0.3,-0.0,-0.1,0.019,0.239,-0.018,1.985,11.48,OFF,PAPER,0
6.34,MANUAL,IDLE,,0,0.0,0.151,-5.678,1.2,0.044,0.126,0.0,0.3,-0.1,-0.1,0.401,-0.416,0.019,2.01,14.94,OFF,PAPER,0
6.36,MANUAL,IDLE,,0,0.0,0.152,-5.675,1.2,0.035,0.128,0.0,0.5,0.1,-0.1,0.308,0.228,-0.019,1.98,9.4,OFF,PAPER,0
6.38,MANUAL,IDLE,,0,0.0,0.152,-5.673,1.2,0.025,0.122,0.0,0.4,0.3,-0.2,-0.036,-0.08,-0.058,1.974,8.74,OFF,PAPER,0
6.4,MANUAL,IDLE,,0,0.0,0.153,-5.67,1.2,0.023,0.12,0.0,0.4,0.4,-0.3,-0.279,0.038,-0.076,1.997,10.88,OFF,PAPER,0
6.42,MANUAL,IDLE,,0,0.0,0.153,-5.668,1.2,0.029,0.127,0.0,0.6,0.4,-0.4,0.113,-0.193,-0.041,1.991,13.65,OFF,PAPER,0
6.44,MANUAL,IDLE,,0,0.0,0.154,-5.665,1.2,0.032,0.116,0.0,0.4,0.3,-0.3,-0.147,-0.101,0.117,1.965,3.08,OFF,PAPER,0
6.46,MANUAL,IDLE,,0,0.0,0.155,-5.663,1.2,0.033,0.12,0.0,0.5,0.3,-0.2,0.038,0.283,0.106,2.026,18.36,OFF,PAPER,0
6.48,MANUAL,IDLE,,0,0.0,0.155,-5.661,1.2,0.037,0.116,0.0,0.4,0.2,-0.1,0.08,-0.092,0.111,1.98,13.34,OFF,PAPER,0
6.5,MANUAL,IDLE,,0,0.0,0.156,-5.658,1.2,0.035,0.119,0.0,0.4,0.3,0.0,0.045,0.092,0.083,2.003,12.61,OFF,PAPER,0
6.52,MANUAL,IDLE,,0,0.0,0.157,-5.656,1.2,0.039,0.112,0.0,0.4,0.3,0.1,-0.388,-0.048,0.07,1.983,9.46,OFF,PAPER,0
6.54,MANUAL,IDLE,,0,0.0,0.157,-5.654,1.2,0.041,0.105,0.0,0.2,0.3,0.2,-0.163,-0.31,0.146,1.969,4.99,OFF,PAPER,0
6.56,MANUAL,IDLE,,0,0.0,0.158,-5.652,1.2,0.04,0.098,0.0,0.1,0.2,0.3,0.082,0.163,0.131,1.963,9.0,OFF,PAPER,0
6.58,MANUAL,IDLE,,0,0.0,0.159,-5.65,1.2,0.042,0.095,0.0,0.0,0.3,0.4,0.106,-0.068,0.063,1.999,11.23,OFF,PAPER,0
6.6,MANUAL,IDLE,,0,0.0,0.16,-5.648,1.2,0.04,0.1,0.0,0.2,0.2,0.4,-0.088,0.055,0.07,1.997,11.48,OFF,PAPER,0
6.62,MANUAL,IDLE,,0,0.0,0.161,-5.646,1.2,0.038,0.11,0.0,0.3,0.2,0.5,0.083,0.096,0.071,1.997,10.96,OFF,PAPER,0
6.64,MANUAL,IDLE,,0,0.0,0.161,-5.644,1.2,0.034,0.111,0.0,0.3,0.3,0.5,-0.187,0.098,-0.019,1.964,3.06,OFF,PAPER,0
6.66,MANUAL,IDLE,,0,0.0,0.162,-5.641,1.2,0.042,0.11,0.0,0.2,0.1,0.6,-0.016,-0.048,0.062,1.987,14.99,OFF,PAPER,0
6.68,MANUAL,IDLE,,0,0.0,0.163,-5.639,1.2,0.045,0.104,0.0,0.1,0.0,0.7,-0.063,-0.132,0.143,1.971,10.09,OFF,PAPER,0
6.7,MANUAL,IDLE,,0,0.0,0.164,-5.637,1.2,0.052,0.114,0.0,0.2,-0.0,0.9,0.107,-0.021,0.198,1.976,10.73,OFF,PAPER,0
6.72,MANUAL,IDLE,,0,0.0,0.165,-5.635,1.2,0.057,0.108,0.0,0.2,-0.2,1.1,-0.256,-0.003,0.141,1.994,10.56,OFF,PAPER,0
6.74,MANUAL,IDLE,,0,0.0,0.166,-5.633,1.2,0.06,0.109,0.0,0.1,-0.2,1.2,0.067,-0.112,0.083,1.997,15.11,OFF,PAPER,0
6.76,MANUAL,IDLE,,0,0.0,0.167,-5.63,1.2,0.058,0.113,0.0,0.3,-0.1,1.3,0.12,0.148,0.149,1.978,7.46,OFF,PAPER,0
6.78,MANUAL,IDLE,,0,0.0,0.169,-5.628,1.2,0.059,0.115,0.0,0.3,-0.2,1.5,0.153,0.178,0.091,1.974,8.8,OFF,PAPER,0
6.8,MANUAL,IDLE,,0,0.0,0.17,-5.626,1.2,0.071,0.112,0.0,0.3,-0.4,1.6,-0.116,0.037,-0.06,1.967,9.88,OFF,PAPER,0
6.82,MANUAL,IDLE,,0,0.0,0.171,-5.624,1.2,0.068,0.109,0.0,0.3,-0.5,1.4,-0.011,-0.331,-0.168,1.986,9.78,OFF,PAPER,0
6.84,MANUAL,IDLE,,0,0.0,0.173,-5.621,1.2,0.065,0.126,0.0,0.5,-0.5,1.2,0.277,0.262,-0.218,2.019,13.79,OFF,PAPER,0
6.86,MANUAL,IDLE,,0,0.0,0.174,-5.619,1.2,0.066,0.122,0.0,0.5,-0.4,1.0,0.055,-0.532,-0.163,1.975,9.02,OFF,PAPER,0
6.88,MANUAL,IDLE,,0,0.0,0.175,-5.616,1.2,0.059,0.117,0.0,0.5,-0.3,0.9,-0.141,0.303,-0.109,1.99,12.03,OFF,PAPER,0
6.9,MANUAL,IDLE,,0,0.0,0.176,-5.614,1.2,0.059,0.11,0.0,0.4,-0.3,0.7,-0.199,0.042,-0.078,1.97,10.37,OFF,PAPER,0
6.92,MANUAL,IDLE,,0,0.0,0.178,-5.612,1.2,0.064,0.096,0.0,0.2,-0.4,0.5,-0.012,0.072,-0.154,1.97,5.31,OFF,PAPER,0
6.94,MANUAL,IDLE,,0,0.0,0.179,-5.61,1.2,0.054,0.09,0.0,0.1,-0.3,0.4,-0.336,-0.009,-0.165,2.009,16.66,OFF,PAPER,0
6.96,MANUAL,IDLE,,0,0.0,0.18,-5.609,1.2,0.057,0.09,0.0,0.0,-0.2,0.2,0.11,-0.24,-0.119,1.964,5.62,OFF,PAPER,0
6.98,MANUAL,IDLE,,0,0.0,0.181,-5.607,1.2,0.06,0.09,0.0,-0.1,-0.2,0.1,-0.108,0.255,0.003,1.966,9.31,OFF,PAPER,0
7.0,MANUAL,IDLE,,0,0.0,0.182,-5.605,1.2,0.054,0.079,0.0,-0.3,-0.1,0.0,-0.28,0.288,-0.092,2.014,15.92,OFF,PAPER,0
7.02,MANUAL,IDLE,,0,0.0,0.183,-5.603,1.2,0.062,0.082,0.0,-0.3,-0.1,-0.0,-0.157,-0.188,0.073,1.993,13.88,OFF,PAPER,0
7.04,MANUAL,IDLE,,0,0.0,0.185,-5.602,1.2,0.058,0.079,0.0,-0.3,-0.1,0.1,0.097,0.112,0.16,1.976,6.82,OFF,PAPER,0
7.06,MANUAL,IDLE,,0,0.0,0.186,-5.6,1.2,0.051,0.078,0.0,-0.3,0.0,0.2,0.025,0.343,0.028,1.987,14.09,OFF,PAPER,0
7.08,MANUAL,IDLE,,0,0.0,0.187,-5.599,1.2,0.05,0.079,0.0,-0.3,0.1,0.2,-0.028,0.045,-0.069,1.986,10.6,OFF,PAPER,0
7.1,MANUAL,IDLE,,0,0.0,0.188,-5.597,1.2,0.045,0.072,0.0,-0.4,0.2,0.1,-0.231,0.136,-0.063,2.016,14.39,OFF,PAPER,0
7.12,MANUAL,IDLE,,0,0.0,0.189,-5.596,1.2,0.044,0.076,0.0,-0.4,0.2,0.1,0.191,-0.054,0.033,1.993,11.97,OFF,PAPER,0
7.14,MANUAL,IDLE,,0,0.0,0.189,-5.594,1.2,0.041,0.07,0.0,-0.5,0.2,0.2,-0.129,0.371,0.087,2.011,14.12,OFF,PAPER,0
7.16,MANUAL,IDLE,,0,0.0,0.19,-5.593,1.2,0.041,0.072,0.0,-0.5,0.3,0.2,-0.167,0.338,-0.011,2.025,14.41,OFF,PAPER,0
7.18,MANUAL,IDLE,,0,0.0,0.191,-5.591,1.2,0.045,0.078,0.0,-0.5,0.3,0.1,0.382,0.132,-0.1,1.987,9.61,OFF,PAPER,0
7.2,MANUAL,IDLE,,0,0.0,0.192,-5.59,1.2,0.042,0.078,0.0,-0.5,0.4,0.1,-0.031,0.27,0.009,1.986,14.08,OFF,PAPER,0
7.22,MANUAL,IDLE,,0,0.0,0.193,-5.588,1.2,0.046,0.076,0.0,-0.6,0.4,0.1,0.115,-0.17,0.061,1.985,10.24,OFF,PAPER,0
7.24,MANUAL,IDLE,,0,0.0,0.194,-5.587,1.2,0.053,0.077,0.0,-0.6,0.3,0.1,0.132,-0.192,0.003,1.991,10.71,OFF,PAPER,0
7.26,MANUAL,IDLE,,0,0.0,0.195,-5.585,1.2,0.062,0.09,0.0,-0.4,0.0,0.1,0.142,-0.034,-0.076,1.979,8.43,OFF,PAPER,0
7.28,MANUAL,IDLE,,0,0.0,0.196,-5.583,1.2,0.058,0.085,0.0,-0.4,0.1,-0.0,-0.071,0.057,-0.034,2.001,14.94,OFF,PAPER,0
7.3,MANUAL,IDLE,,0,0.0,0.198,-5.581,1.2,0.056,0.095,0.0,-0.3,0.2,-0.0,0.085,-0.138,-0.011,2.001,14.72,OFF,PAPER,0
7.32,MANUAL,IDLE,,0,0.0,0.199,-5.58,1.2,0.057,0.091,0.0,-0.4,0.1,0.0,-0.199,0.355,0.043,2.017,13.82,OFF,PAPER,0
7.34,MANUAL,IDLE,,0,0.0,0.2,-5.578,1.2,0.052,0.092,0.0,-0.4,0.3,0.1,-0.207,0.204,-0.039,1.994,14.67,OFF,PAPER,0
7.36,MANUAL,IDLE,,0,0.0,0.201,-5.576,1.2,0.048,0.102,0.0,-0.3,0.4,0.0,0.362,0.312,-0.082,1.997,14.46,OFF,PAPER,0
7.38,MANUAL,IDLE,,0,0.0,0.202,-5.574,1.2,0.048,0.093,0.0,-0.4,0.5,-0.0,-0.233,-0.228,-0.089,2.003,14.26,OFF,PAPER,0
7.4,MANUAL,IDLE,,0,0.0,0.203,-5.572,1.2,0.056,0.09,0.0,-0.5,0.3,-0.1,-0.22,-0.12,-0.074,1.978,12.05,OFF,PAPER,0
7.42,MANUAL,IDLE,,0,0.0,0.204,-5.57,1.2,0.063,0.081,0.0,-0.7,0.2,-0.2,-0.085,-0.071,-0.081,1.979,7.84,OFF,PAPER,0
7.44,MANUAL,IDLE,,0,0.0,0.205,-5.569,1.2,0.07,0.078,0.0,-0.8,0.1,-0.3,0.088,-0.098,-0.051,1.973,12.55,OFF,PAPER,0
7.46,MANUAL,IDLE,,0,0.0,0.207,-5.567,1.2,0.066,0.073,0.0,-0.9,0.2,-0.4,-0.229,-0.103,-0.034,2.017,14.4,OFF,PAPER,0
7.48,MANUAL,IDLE,,0,0.0,0.208,-5.566,1.2,0.062,0.078,0.0,-0.8,0.2,-0.4,0.099,-0.218,-0.044,2.016,13.38,OFF,PAPER,0
7.5,MANUAL,IDLE,,0,0.0,0.209,-5.564,1.2,0.061,0.076,0.0,-0.8,0.2,-0.5,0.114,-0.095,-0.073,2.0,12.16,OFF,PAPER,0
7.52,MANUAL,IDLE,,0,0.0,0.21,-5.563,1.2,0.064,0.079,0.0,-0.7,0.1,-0.7,0.059,-0.008,-0.212,1.963,7.85,OFF,PAPER,0
7.54,MANUAL,IDLE,,0,0.0,0.212,-5.561,1.2,0.067,0.074,0.0,-0.8,-0.0,-0.9,-0.03,-0.025,-0.077,1.971,11.23,OFF,PAPER,0
7.56,MANUAL,IDLE,,0,0.0,0.213,-5.56,1.2,0.069,0.08,0.0,-0.7,-0.0,-0.8,-0.078,0.032,0.057,2.006,15.94,OFF,PAPER,0
7.58,MANUAL,IDLE,,0,0.0,0.214,-5.558,1.2,0.067,0.081,0.0,-0.6,-0.1,-0.7,-0.215,-0.104,0.146,2.006,15.77,OFF,PAPER,0
7.6,MANUAL,IDLE,,0,0.0,0.216,-5.556,1.2,0.06,0.087,0.0,-0.6,0.0,-0.4,0.236,0.101,0.182,1.998,11.45,OFF,PAPER,0
7.62,MANUAL,IDLE,,0,0.0,0.217,-5.555,1.2,0.061,0.083,0.0,-0.6,-0.0,-0.3,-0.118,0.226,0.169,1.993,13.51,OFF,PAPER,0
7.64,MANUAL,IDLE,,0,0.0,0.218,-5.553,1.2,0.056,0.079,0.0,-0.7,0.1,-0.1,-0.196,0.08,0.062,1.996,13.09,OFF,PAPER,0
7.66,MANUAL,IDLE,,0,0.0,0.219,-5.551,1.2,0.058,0.083,0.0,-0.7,0.1,-0.0,0.004,-0.08,0.068,1.969,5.76,OFF,PAPER,0
7.68,MANUAL,IDLE,,0,0.0,0.22,-5.55,1.2,0.053,0.09,0.0,-0.6,0.2,0.0,0.195,0.231,-0.012,1.971,8.86,OFF,PAPER,0
7.7,MANUAL,IDLE,,0,0.0,0.222,-5.548,1.2,0.062,0.098,0.0,-0.6,0.1,-0.1,0.357,-0.386,-0.08,1.989,10.95,OFF,PAPER,0
7.72,MANUAL,IDLE,,0,0.0,0.223,-5.546,1.2,0.062,0.109,0.0,-0.4,0.0,-0.1,0.053,0.041,-0.067,2.003,15.63,OFF,PAPER,0
7.74,MANUAL,IDLE,,0,0.0,0.224,-5.544,1.2,0.061,0.105,0.0,-0.4,0.0,-0.2,-0.305,-0.205,0.031,2.021,15.93,OFF,PAPER,0
7.76,MANUAL,IDLE,,0,0.0,0.225,-5.541,1.2,0.057,0.112,0.0,-0.3,0.0,-0.1,0.318,0.18,0.079,1.976,8.61,OFF,PAPER,0
7.78,MANUAL,IDLE,,0,0.0,0.226,-5.539,1.2,0.055,0.117,0.0,-0.4,0.2,-0.2,-0.054,0.169,-0.112,1.975,10.87,OFF,PAPER,0
7.8,MANUAL,IDLE,,0,0.0,0.227,-5.537,1.2,0.056,0.108,0.0,-0.5,0.2,-0.2,-0.227,0.088,-0.022,1.974,6.32,OFF,PAPER,0
7.82,MANUAL,IDLE,,0,0.0,0.228,-5.535,1.2,0.056,0.109,0.0,-0.5,0.2,-0.3,-0.021,-0.111,-0.111,1.967,4.35,OFF,PAPER,0
7.84,MANUAL,IDLE,,0,0.0,0.23,-5.532,1.2,0.056,0.111,0.0,-0.4,0.2,-0.4,-0.35,0.003,-0.035,1.972,12.39,OFF,PAPER,0
7.86,MANUAL,IDLE,,0,0.0,0.231,-5.53,1.2,0.055,0.105,0.0,-0.6,0.2,-0.5,-0.428,-0.128,-0.079,1.962,6.63,OFF,PAPER,0
7.88,MANUAL,IDLE,,0,0.0,0.232,-5.528,1.2,0.062,0.105,0.0,-0.6,-0.1,-0.6,0.014,-0.238,-0.123,1.981,7.94,OFF,PAPER,0
7.9,MANUAL,IDLE,,0,0.0,0.233,-5.526,1.2,0.062,0.107,0.0,-0.6,-0.1,-0.7,-0.005,-0.118,-0.081,1.974,8.14,OFF,PAPER,0
7.92,MANUAL,IDLE,,0,0.0,0.234,-5.524,1.2,0.067,0.102,0.0,-0.6,-0.2,-0.8,-0.28,-0.414,-0.091,1.989,10.08,OFF,PAPER,0
7.94,MANUAL,IDLE,,0,0.0,0.236,-5.522,1.2,0.063,0.102,0.0,-0.6,-0.2,-0.9,-0.124,0.375,-0.074,1.966,5.07,OFF,PAPER,0
7.96,MANUAL,IDLE,,0,0.0,0.237,-5.52,1.2,0.068,0.107,0.0,-0.5,-0.2,-0.9,0.216,-0.066,0.082,1.998,16.68,OFF,PAPER,0
7.98,MANUAL,IDLE,,0,0.0,0.238,-5.518,1.2,0.057,0.115,0.0,-0.3,0.0,-0.8,-0.039,0.079,0.113,2.012,13.5,OFF,PAPER,0
8.0,MANUAL,IDLE,,0,0.0,0.24,-5.515,1.2,0.052,0.118,0.0,-0.3,0.0,-0.6,-0.1,-0.004,0.126,2.006,12.3,OFF,PAPER,0
8.02,MANUAL,IDLE,,0,0.0,0.241,-5.513,1.2,0.05,0.114,0.0,-0.4,-0.0,-0.5,-0.163,0.034,0.058,1.99,13.18,OFF,PAPER,0
8.04,MANUAL,IDLE,,0,0.0,0.242,-5.511,1.2,0.045,0.11,0.0,-0.6,-0.0,-0.5,0.267,0.195,0.048,2.017,14.57,OFF,PAPER,0
8.06,MANUAL,IDLE,,0,0.0,0.242,-5.508,1.2,0.049,0.117,0.0,-0.4,0.0,-0.4,0.285,-0.068,0.012,1.997,11.48,OFF,PAPER,0
8.08,MANUAL,IDLE,,0,0.0,0.243,-5.506,1.2,0.05,0.113,0.0,-0.5,0.0,-0.4,-0.016,0.012,0.034,1.966,7.87,OFF,PAPER,0
8.1,MANUAL,IDLE,,0,0.0,0.244,-5.504,1.2,0.05,0.119,0.0,-0.4,0.2,-0.4,0.218,0.001,0.11,1.985,9.74,OFF,PAPER,0
8.12,MANUAL,IDLE,,0,0.0,0.245,-5.502,1.2,0.054,0.117,0.0,-0.4,0.1,-0.3,-0.135,-0.002,0.131,1.971,5.5,OFF,PAPER,0
8.14,MANUAL,IDLE,,0,0.0,0.247,-5.499,1.2,0.062,0.119,0.0,-0.5,-0.0,-0.2,-0.092,-0.188,0.018,2.001,11.49,OFF,PAPER,0
8.16,MANUAL,IDLE,,0,0.0,0.248,-5.497,1.2,0.058,0.118,0.0,-0.5,-0.0,-0.2,-0.195,-0.121,-0.001,1.967,4.23,OFF,PAPER,0
8.18,MANUAL,IDLE,,0,0.0,0.249,-5.494,1.2,0.054,0.127,0.0,-0.4,0.1,-0.2,0.147,-0.059,0.025,1.99,14.39,OFF,PAPER,0
8.2,MANUAL,IDLE,,0,0.0,0.25,-5.492,1.2,0.052,0.139,0.0,-0.2,0.1,-0.2,-0.125,0.317,-0.075,1.98,10.64,OFF,PAPER,0
8.22,MANUAL,IDLE,,0,0.0,0.251,-5.489,1.2,0.06,0.134,0.0,-0.4,0.0,-0.3,0.166,-0.087,-0.074,1.981,12.9,OFF,PAPER,0
8.24,MANUAL,IDLE,,0,0.0,0.252,-5.486,1.2,0.058,0.14,0.0,-0.3,0.0,-0.3,-0.138,-0.134,0.054,1.977,8.31,OFF,PAPER,0
8.26,MANUAL,IDLE,,0,0.0,0.254,-5.483,1.2,0.065,0.142,0.0,-0.3,-0.1,-0.1,-0.169,-0.119,0.12,2.01,15.92,OFF,PAPER,0
8.28,MANUAL,IDLE,,0,0.0,0.255,-5.481,1.2,0.065,0.143,0.0,-0.2,-0.1,-0.0,-0.049,-0.087,0.059,1.97,9.64,OFF,PAPER,0
8.3,MANUAL,IDLE,,0,0.0,0.256,-5.478,1.2,0.073,0.145,0.0,-0.3,-0.2,-0.0,-0.02,-0.317,-0.032,1.997,11.36,OFF,PAPER,0
8.32,MANUAL,IDLE,,0,0.0,0.258,-5.475,1.2,0.056,0.147,0.0,-0.2,-0.0,-0.1,-0.286,0.187,-0.01,2.009,12.61,OFF,PAPER,0
8.34,MANUAL,IDLE,,0,0.0,0.259,-5.472,1.2,0.065,0.139,0.0,-0.5,-0.2,-0.1,-0.127,-0.208,0.022,1.997,11.89,OFF,PAPER,0
8.36,MANUAL,IDLE,,0,0.0,0.26,-5.469,1.2,0.063,0.14,0.0,-0.5,-0.1,-0.0,-0.087,-0.05,0.086,2.019,14.21,OFF,PAPER,0
8.38,MANUAL,IDLE,,0,0.0,0.261,-5.466,1.2,0.058,0.142,0.0,-0.5,-0.1,0.1,-0.018,-0.115,0.053,1.965,6.25,OFF,PAPER,0
8.4,MANUAL,IDLE,,0,0.0,0.262,-5.463,1.2,0.055,0.15,0.0,-0.4,0.0,0.1,0.279,0.096,0.011,1.989,10.64,OFF,PAPER,0
8.42,MANUAL,IDLE,,0,0.0,0.263,-5.46,1.2,0.05,0.155,0.0,-0.3,0.1,0.1,0.115,0.068,-0.016,2.025,16.32,OFF,PAPER,0
8.44,MANUAL,IDLE,,0,0.0,0.264,-5.457,1.2,0.047,0.153,0.0,-0.4,0.2,0.0,0.057,0.188,-0.058,2.019,17.04,OFF,PAPER,0
8.46,MANUAL,IDLE,,0,0.0,0.265,-5.454,1.2,0.045,0.145,0.0,-0.5,0.2,-0.0,-0.276,0.547,0.012,1.967,10.02,OFF,PAPER,0
8.48,MANUAL,IDLE,,0,0.0,0.266,-5.451,1.2,0.044,0.138,0.0,-0.7,0.3,0.0,-0.148,-0.293,0.09,1.966,4.26,OFF,PAPER,0
8.5,MANUAL,IDLE,,0,0.0,0.267,-5.448,1.2,0.041,0.137,0.0,-0.7,0.3,0.2,-0.324,0.415,0.141,1.964,9.23,OFF,PAPER,0
8.52,MANUAL,IDLE,,0,0.0,0.268,-5.446,1.2,0.05,0.142,0.0,-0.6,0.2,0.3,0.106,-0.158,0.171,1.981,8.06,OFF,PAPER,0
8.54,MANUAL,IDLE,,0,0.0,0.269,-5.443,1.2,0.054,0.145,0.0,-0.6,0.1,0.5,0.027,0.025,0.081,1.967,11.91,OFF,PAPER,0
8.56,MANUAL,IDLE,,0,0.0,0.27,-5.44,1.2,0.057,0.153,0.0,-0.5,0.1,0.6,0.209,0.079,0.14,2.02,14.58,OFF,PAPER,0
8.58,MANUAL,IDLE,,0,0.0,0.272,-5.437,1.2,0.064,0.163,0.0,-0.3,0.1,0.6,0.201,-0.012,0.032,2.011,14.15,OFF,PAPER,0
8.6,MANUAL,IDLE,,0,0.0,0.273,-5.433,1.2,0.062,0.168,0.0,-0.2,0.2,0.7,0.156,0.121,0.089,1.985,10.8,OFF,PAPER,0
8.62,MANUAL,IDLE,,0,0.0,0.274,-5.43,1.2,0.069,0.17,0.0,-0.3,0.1,0.8,-0.098,0.044,0.097,1.994,10.52,OFF,PAPER,0
8.64,MANUAL,IDLE,,0,0.0,0.275,-5.427,1.2,0.065,0.17,0.0,-0.2,0.3,0.9,-0.262,-0.04,0.074,1.988,9.28,OFF,PAPER,0
8.66,MANUAL,IDLE,,0,0.0,0.277,-5.423,1.2,0.069,0.172,0.0,-0.2,0.3,0.9,-0.078,-0.045,0.031,1.992,13.29,OFF,PAPER,0
8.68,MANUAL,IDLE,,0,0.0,0.278,-5.42,1.2,0.065,0.174,0.0,-0.2,0.4,0.9,-0.123,-0.184,0.022,2.003,14.35,OFF,PAPER,0
8.7,MANUAL,IDLE,,0,0.0,0.279,-5.416,1.2,0.068,0.174,0.0,-0.2,0.3,0.9,0.039,-0.373,-0.056,1.981,10.76,OFF,PAPER,0
8.72,MANUAL,IDLE,,0,0.0,0.281,-5.413,1.2,0.07,0.173,0.0,-0.2,0.3,0.9,-0.147,-0.06,-0.092,1.993,13.92,OFF,PAPER,0
8.74,MANUAL,IDLE,,0,0.0,0.282,-5.409,1.2,0.074,0.181,0.0,-0.0,0.2,0.8,0.274,0.035,-0.014,1.997,11.31,OFF,PAPER,0
8.76,MANUAL,IDLE,,0,0.0,0.284,-5.406,1.2,0.078,0.175,0.0,-0.1,0.2,0.9,-0.192,-0.109,0.17,2.002,11.49,OFF,PAPER,0
8.78,MANUAL,IDLE,,0,0.0,0.285,-5.402,1.2,0.078,0.178,0.0,-0.1,0.2,1.0,0.21,0.263,0.077,1.993,13.98,OFF,PAPER,0
8.8,MANUAL,IDLE,,0,0.0,0.287,-5.398,1.2,0.08,0.186,0.0,0.0,0.2,1.1,0.114,-0.076,0.068,1.964,9.75,OFF,PAPER,0
8.82,MANUAL,IDLE,,0,0.0,0.289,-5.395,1.2,0.09,0.183,0.0,-0.0,0.0,1.3,-0.237,-0.324,0.215,1.965,5.46,OFF,PAPER,0
8.84,MANUAL,IDLE,,0,0.0,0.29,-5.391,1.2,0.097,0.182,0.0,-0.0,-0.1,1.5,0.28,-0.355,0.192,1.964,8.27,OFF,PAPER,0
8.86,MANUAL,IDLE,,0,0.0,0.292,-5.387,1.2,0.093,0.177,0.0,-0.0,-0.1,1.6,-0.153,0.022,0.021,2.032,15.55,OFF,PAPER,0
8.88,MANUAL,IDLE,,0,0.0,0.294,-5.384,1.2,0.092,0.175,0.0,-0.1,-0.1,1.5,-0.149,0.248,-0.121,1.975,7.01,OFF,PAPER,0
8.9,MANUAL,IDLE,,0,0.0,0.296,-5.38,1.2,0.085,0.177,0.0,-0.1,-0.0,1.4,-0.027,0.007,-0.056,1.966,7.41,OFF,PAPER,0
8.92,MANUAL,IDLE,,0,0.0,0.298,-5.377,1.2,0.075,0.182,0.0,-0.0,0.1,1.4,0.169,0.252,-0.049,2.009,16.51,OFF,PAPER,0
8.94,MANUAL,IDLE,,0,0.0,0.299,-5.373,1.2,0.077,0.185,0.0,0.0,0.1,1.4,0.185,-0.111,-0.076,1.998,11.22,OFF,PAPER,0
8.96,MANUAL,IDLE,,0,0.0,0.3,-5.369,1.2,0.077,0.188,0.0,0.1,0.1,1.3,-0.241,-0.275,-0.091,1.97,5.44,OFF,PAPER,0
8.98,MANUAL,IDLE,,0,0.0,0.302,-5.366,1.2,0.076,0.188,0.0,-0.0,0.0,1.1,-0.106,0.019,-0.106,1.981,11.47,OFF,PAPER,0
9.0,MANUAL,IDLE,,0,0.0,0.304,-5.362,1.2,0.07,0.189,0.0,-0.1,0.2,1.0,-0.092,0.422,-0.1,1.992,15.32,OFF,PAPER,0
9.02,MANUAL,IDLE,,0,0.0,0.305,-5.358,1.2,0.071,0.193,0.0,-0.0,0.4,0.9,-0.085,-0.112,-0.059,2.005,12.02,OFF,PAPER,0
9.04,MANUAL,IDLE,,0,0.0,0.306,-5.354,1.2,0.072,0.193,0.0,-0.1,0.4,0.8,0.099,-0.315,-0.13,1.972,8.44,OFF,PAPER,0
9.06,MANUAL,IDLE,,0,0.0,0.308,-5.35,1.2,0.07,0.198,0.0,0.0,0.5,0.7,0.203,-0.157,0.029,1.963,3.21,OFF,PAPER,0
9.08,MANUAL,IDLE,,0,0.0,0.309,-5.346,1.2,0.068,0.201,0.0,0.1,0.6,0.7,0.221,-0.009,0.034,1.978,7.8,OFF,PAPER,0
9.1,MANUAL,IDLE,,0,0.0,0.311,-5.342,1.2,0.067,0.203,0.0,0.2,0.6,0.8,-0.092,0.109,0.109,1.995,10.46,OFF,PAPER,0
9.12,MANUAL,IDLE,,0,0.0,0.312,-5.338,1.2,0.064,0.199,0.0,0.1,0.7,1.0,-0.064,0.093,0.118,2.033,15.22,OFF,PAPER,0
9.14,MANUAL,IDLE,,0,0.0,0.313,-5.334,1.2,0.075,0.205,0.0,0.2,0.5,1.1,0.341,-0.349,0.024,1.97,8.88,OFF,PAPER,0
9.16,MANUAL,IDLE,,0,0.0,0.315,-5.33,1.2,0.088,0.212,0.0,0.3,0.3,1.1,0.05,-0.228,-0.007,2.01,13.37,OFF,PAPER,0
9.18,MANUAL,IDLE,,0,0.0,0.317,-5.326,1.2,0.086,0.209,0.0,0.3,0.2,1.1,-0.221,0.174,0.008,2.024,17.61,OFF,PAPER,0
9.2,MANUAL,IDLE,,0,0.0,0.318,-5.322,1.2,0.091,0.202,0.0,0.1,0.2,1.0,-0.247,-0.139,0.052,1.964,11.86,OFF,PAPER,0
9.22,MANUAL,IDLE,,0,0.0,0.32,-5.318,1.2,0.096,0.201,0.0,0.1,0.0,1.1,-0.121,-0.065,0.09,2.015,15.16,OFF,PAPER,0
9.24,MANUAL,IDLE,,0,0.0,0.322,-5.314,1.2,0.101,0.2,0.0,0.1,-0.1,1.2,0.24,-0.18,-0.0,1.993,13.99,OFF,PAPER,0
9.26,MANUAL,IDLE,,0,0.0,0.324,-5.31,1.2,0.096,0.197,0.0,0.1,0.0,1.1,0.101,-0.146,-0.025,2.003,12.23,OFF,PAPER,0
9.28,MANUAL,IDLE,,0,0.0,0.326,-5.306,1.2,0.098,0.19,0.0,0.0,-0.0,1.1,0.043,-0.005,-0.064,1.979,12.76,OFF,PAPER,0
9.3,MANUAL,IDLE,,0,0.0,0.328,-5.302,1.2,0.101,0.198,0.0,0.2,-0.1,1.0,0.021,0.241,-0.097,1.993,13.94,OFF,PAPER,0
9.32,MANUAL,IDLE,,0,0.0,0.33,-5.298,1.2,0.111,0.199,0.0,0.2,-0.1,1.0,-0.121,0.163,-0.061,1.984,8.66,OFF,PAPER,0
9.34,MANUAL,IDLE,,0,0.0,0.333,-5.294,1.2,0.118,0.203,0.0,0.2,-0.2,0.9,0.182,0.011,-0.083,1.964,9.47,OFF,PAPER,0
9.36,MANUAL,IDLE,,0,0.0,0.335,-5.29,1.2,0.12,0.206,0.0,0.2,-0.2,0.8,-0.085,-0.336,-0.183,1.968,9.61,OFF,PAPER,0
9.38,MANUAL,IDLE,,0,0.0,0.337,-5.286,1.2,0.128,0.203,0.0,0.1,-0.3,0.6,-0.093,-0.307,-0.076,1.994,12.25,OFF,PAPER,0
9.4,MANUAL,IDLE,,0,0.0,0.34,-5.282,1.2,0.131,0.198,0.0,0.0,-0.4,0.5,0.186,0.347,-0.076,1.963,5.66,OFF,PAPER,0
9.42,MANUAL,IDLE,,0,0.0,0.343,-5.278,1.2,0.136,0.204,0.0,0.1,-0.4,0.5,0.105,-0.063,-0.068,2.028,17.45,OFF,PAPER,0
9.44,MANUAL,IDLE,,0,0.0,0.345,-5.274,1.2,0.143,0.208,0.0,0.2,-0.5,0.4,-0.011,0.103,-0.033,2.002,15.38,OFF,PAPER,0
9.46,MANUAL,IDLE,,0,0.0,0.348,-5.27,1.2,0.144,0.212,0.0,0.2,-0.6,0.4,0.225,0.019,-0.05,1.962,10.78,OFF,PAPER,0
9.48,MANUAL,IDLE,,0,0.0,0.351,-5.265,1.2,0.15,0.213,0.0,0.2,-0.6,0.3,0.164,-0.213,-0.037,1.973,9.3,OFF,PAPER,0
9.5,MANUAL,IDLE,,0,0.0,0.354,-5.261,1.2,0.146,0.217,0.0,0.3,-0.6,0.3,0.071,-0.074,0.001,1.992,12.78,OFF,PAPER,0
9.52,MANUAL,IDLE,,0,0.0,0.357,-5.257,1.2,0.143,0.218,0.0,0.3,-0.5,0.3,-0.031,-0.235,0.012,1.992,9.92,OFF,PAPER,0
9.54,MANUAL,IDLE,,0,0.0,0.36,-5.252,1.2,0.147,0.215,0.0,0.2,-0.6,0.3,0.123,0.055,-0.004,1.972,5.66,OFF,PAPER,0
9.56,MANUAL,IDLE,,0,0.0,0.363,-5.248,1.2,0.133,0.206,0.0,-0.0,-0.3,0.3,0.17,0.046,-0.085,1.994,11.44,OFF,PAPER,0
9.58,MANUAL,IDLE,,0,0.0,0.366,-5.244,1.2,0.136,0.207,0.0,-0.0,-0.4,0.2,-0.255,0.162,-0.097,1.981,11.68,OFF,PAPER,0
9.6,MANUAL,IDLE,,0,0.0,0.368,-5.24,1.2,0.132,0.208,0.0,-0.0,-0.3,0.2,0.022,0.113,0.015,1.996,11.73,OFF,PAPER,0
9.62,MANUAL,IDLE,,0,0.0,0.371,-5.236,1.2,0.131,0.212,0.0,0.0,-0.3,0.1,0.422,-0.144,-0.048,1.987,9.16,OFF,PAPER,0
9.64,MANUAL,IDLE,,0,0.0,0.373,-5.232,1.2,0.12,0.204,0.0,-0.1,-0.1,0.1,-0.091,0.158,0.011,2.007,13.06,OFF,PAPER,0
9.66,MANUAL,IDLE,,0,0.0,0.376,-5.227,1.2,0.121,0.217,0.0,0.1,-0.2,0.1,0.376,-0.285,-0.048,1.994,10.42,OFF,PAPER,0
9.68,MANUAL,IDLE,,0,0.0,0.378,-5.223,1.2,0.125,0.217,0.0,0.2,-0.2,-0.0,0.126,-0.176,-0.049,1.979,8.04,OFF,PAPER,0
9.7,MANUAL,IDLE,,0,0.0,0.381,-5.219,1.2,0.114,0.219,0.0,0.3,-0.1,-0.1,-0.295,0.107,-0.155,1.983,10.89,OFF,PAPER,0
9.72,MANUAL,IDLE,,0,0.0,0.383,-5.214,1.2,0.113,0.22,0.0,0.3,-0.1,-0.3,0.035,0.2,-0.158,1.965,10.17,OFF,PAPER,0
9.74,MANUAL,IDLE,,0,0.0,0.385,-5.21,1.2,0.108,0.219,0.0,0.2,-0.1,-0.4,0.106,0.046,-0.137,2.0,13.67,OFF,PAPER,0
9.76,MANUAL,IDLE,,0,0.0,0.387,-5.206,1.2,0.105,0.219,0.0,0.2,0.0,-0.6,0.103,-0.268,-0.06,2.021,15.64,OFF,PAPER,0
9.78,MANUAL,IDLE,,0,0.0,0.389,-5.201,1.2,0.098,0.218,0.0,0.2,0.1,-0.6,-0.087,0.107,0.007,1.992,13.41,OFF,PAPER,0
9.8,MANUAL,IDLE,,0,0.0,0.391,-5.197,1.2,0.095,0.222,0.0,0.3,0.1,-0.6,0.299,0.302,-0.019,1.974,6.35,OFF,PAPER,0
9.82,MANUAL,IDLE,,0,0.0,0.393,-5.192,1.2,0.095,0.221,0.0,0.3,0.1,-0.5,0.106,0.265,0.089,1.964,8.89,OFF,PAPER,0
9.84,MANUAL,IDLE,,0,0.0,0.395,-5.188,1.2,0.098,0.221,0.0,0.3,0.1,-0.5,-0.324,-0.033,0.075,2.018,13.56,OFF,PAPER,0
9.86,MANUAL,IDLE,,0,0.0,0.397,-5.184,1.2,0.099,0.224,0.0,0.3,0.0,-0.4,-0.031,-0.304,0.107,1.988,11.02,OFF,PAPER,0
9.88,MANUAL,IDLE,,0,0.0,0.399,-5.179,1.2,0.108,0.224,0.0,0.3,-0.1,-0.2,0.25,-0.21,0.037,1.973,6.22,OFF,PAPER,0
9.9,MANUAL,IDLE,,0,0.0,0.402,-5.175,1.2,0.113,0.22,0.0,0.3,-0.2,-0.2,-0.205,-0.29,0.076,1.999,12.97,OFF,PAPER,0
9.92,MANUAL,IDLE,,0,0.0,0.404,-5.17,1.2,0.109,0.224,0.0,0.3,-0.2,-0.1,0.198,-0.156,0.075,1.996,12.5,OFF,PAPER,0
9.94,MANUAL,IDLE,,0,0.0,0.406,-5.166,1.2,0.106,0.226,0.0,0.3,-0.2,-0.1,-0.128,0.296,-0.044,1.996,13.3,OFF,PAPER,0
9.96,MANUAL,IDLE,,0,0.0,0.408,-5.161,1.2,0.109,0.23,0.0,0.4,-0.2,-0.2,0.201,0.082,-0.068,1.966,8.78,OFF,PAPER,0
9.98,MANUAL,IDLE,,0,0.0,0.41,-5.157,1.2,0.105,0.226,0.0,0.4,-0.0,-0.1,-0.024,-0.095,0.045,1.991,15.17,OFF,PAPER,0
10.0,MANUAL,IDLE,,0,0.0,0.412,-5.152,1.2,0.106,0.227,0.0,0.3,-0.0,-0.1,0.271,-0.02,-0.038,2.023,14.23,OFF,PAPER,0
10.02,MANUAL,IDLE,,0,0.0,0.414,-5.148,1.2,0.11,0.221,0.0,0.4,-0.2,-0.1,-0.36,0.189,-0.006,1.982,11.63,OFF,PAPER,0
10.04,MANUAL,IDLE,,0,0.0,0.417,-5.143,1.2,0.118,0.213,0.0,0.2,-0.4,-0.1,-0.331,0.026,0.068,2.003,12.17,OFF,PAPER,0
10.06,MANUAL,IDLE,,0,0.0,0.419,-5.139,1.2,0.124,0.205,0.0,-0.0,-0.4,-0.1,-0.264,0.059,0.008,2.015,16.27,OFF,PAPER,0
10.08,MANUAL,IDLE,,0,0.0,0.422,-5.135,1.2,0.122,0.206,0.0,-0.1,-0.3,-0.2,0.38,0.051,-0.148,1.987,12.61,OFF,PAPER,0
10.1,MANUAL,IDLE,,0,0.0,0.424,-5.131,1.2,0.129,0.21,0.0,-0.0,-0.4,-0.3,0.295,-0.132,-0.121,2.007,14.62,OFF,PAPER,0
10.12,MANUAL,IDLE,,0,0.0,0.427,-5.127,1.2,0.137,0.206,0.0,0.1,-0.6,-0.4,-0.249,-0.03,-0.045,1.997,10.93,OFF,PAPER,0
10.14,MANUAL,IDLE,,0,0.0,0.43,-5.122,1.2,0.131,0.207,0.0,0.0,-0.4,-0.5,0.039,-0.005,0.012,1.98,12.57,OFF,PAPER,0
10.16,MANUAL,IDLE,,0,0.0,0.432,-5.118,1.2,0.13,0.199,0.0,-0.0,-0.5,-0.5,-0.175,-0.241,-0.037,1.964,8.31,OFF,PAPER,0
10.18,MANUAL,IDLE,,0,0.0,0.435,-5.115,1.2,0.132,0.189,0.0,-0.2,-0.5,-0.6,-0.381,-0.002,-0.079,1.975,10.28,OFF,PAPER,0
10.2,MANUAL,IDLE,,0,0.0,0.437,-5.111,1.2,0.127,0.181,0.0,-0.4,-0.4,-0.6,-0.16,0.081,-0.037,2.015,13.82,OFF,PAPER,0
10.22,MANUAL,IDLE,,0,0.0,0.44,-5.107,1.2,0.128,0.176,0.0,-0.4,-0.3,-0.6,-0.133,-0.222,-0.047,2.0,13.62,OFF,PAPER,0
10.24,MANUAL,IDLE,,0,0.0,0.442,-5.104,1.2,0.124,0.181,0.0,-0.4,-0.4,-0.6,0.043,0.327,0.016,1.993,10.7,OFF,PAPER,0
10.26,MANUAL,IDLE,,0,0.0,0.445,-5.1,1.2,0.124,0.184,0.0,-0.3,-0.4,-0.6,-0.052,0.014,0.085,1.97,6.62,OFF,PAPER,0
10.28,MANUAL,IDLE,,0,0.0,0.447,-5.096,1.2,0.126,0.188,0.0,-0.2,-0.5,-0.5,-0.008,0.141,0.004,1.996,10.73,OFF,PAPER,0
10.3,MANUAL,IDLE,,0,0.0,0.45,-5.093,1.2,0.113,0.187,0.0,-0.2,-0.3,-0.6,-0.241,0.168,-0.057,2.006,15.4,OFF,PAPER,0
10.32,MANUAL,IDLE,,0,0.0,0.452,-5.089,1.2,0.095,0.188,0.0,-0.2,0.0,-0.6,-0.046,0.322,-0.055,1.993,10.8,OFF,PAPER,0
10.34,MANUAL,IDLE,,0,0.0,0.454,-5.085,1.2,0.093,0.193,0.0,-0.2,0.1,-0.7,0.419,-0.175,-0.114,2.005,15.71,OFF,PAPER,0
10.36,MANUAL,IDLE,,0,0.0,0.456,-5.081,1.2,0.092,0.195,0.0,-0.0,0.1,-0.8,0.086,-0.235,-0.088,1.966,10.5,OFF,PAPER,0
10.38,MANUAL,IDLE,,0,0.0,0.457,-5.077,1.2,0.095,0.198,0.0,-0.0,-0.0,-0.9,-0.086,-0.215,-0.048,2.01,14.22,OFF,PAPER,0
10.4,MANUAL,IDLE,,0,0.0,0.459,-5.073,1.2,0.09,0.194,0.0,-0.1,0.0,-1.0,-0.176,0.245,-0.106,1.969,5.19,OFF,PAPER,0
10.42,MANUAL,IDLE,,0,0.0,0.461,-5.069,1.2,0.081,0.194,0.0,-0.1,0.1,-1.1,0.094,-0.152,-0.178,1.962,2.23,OFF,PAPER,0
10.44,MANUAL,IDLE,,0,0.0,0.462,-5.066,1.2,0.077,0.191,0.0,-0.3,0.2,-1.3,0.101,0.146,-0.065,1.969,7.58,OFF,PAPER,0
10.46,MANUAL,IDLE,,0,0.0,0.464,-5.062,1.2,0.075,0.196,0.0,-0.2,0.2,-1.4,-0.098,0.073,-0.081,1.976,10.9,OFF,PAPER,0
10.48,MANUAL,IDLE,,0,0.0,0.465,-5.058,1.2,0.072,0.199,0.0,-0.2,0.2,-1.4,0.055,0.013,0.001,1.977,14.86,OFF,PAPER,0
10.5,MANUAL,IDLE,,0,0.0,0.467,-5.054,1.2,0.07,0.202,0.0,-0.1,0.2,-1.3,0.131,-0.193,0.091,2.02,13.96,OFF,PAPER,0
10.52,MANUAL,IDLE,,0,0.0,0.468,-5.05,1.2,0.081,0.206,0.0,-0.1,0.0,-1.3,0.003,-0.288,-0.025,1.981,8.15,OFF,PAPER,0
10.54,MANUAL,IDLE,,0,0.0,0.47,-5.046,1.2,0.082,0.206,0.0,-0.0,-0.1,-1.4,-0.169,0.235,-0.158,1.993,13.01,OFF,PAPER,0
10.56,MANUAL,IDLE,,0,0.0,0.472,-5.041,1.2,0.08,0.203,0.0,-0.1,0.0,-1.6,-0.342,-0.025,-0.148,1.997,16.55,OFF,PAPER,0
10.58,MANUAL,IDLE,,0,0.0,0.473,-5.037,1.2,0.092,0.194,0.0,-0.3,-0.2,-1.7,-0.26,-0.093,-0.079,1.966,12.36,OFF,PAPER,0
10.6,MANUAL,IDLE,,0,0.0,0.475,-5.034,1.2,0.091,0.197,0.0,-0.2,-0.1,-1.7,0.095,-0.184,0.053,1.992,10.06,OFF,PAPER,0
10.62,MANUAL,IDLE,,0,0.0,0.477,-5.03,1.2,0.09,0.202,0.0,-0.1,-0.1,-1.7,0.271,0.384,-0.063,1.988,9.47,OFF,PAPER,0
10.64,MANUAL,IDLE,,0,0.0,0.479,-5.025,1.2,0.085,0.206,0.0,-0.0,-0.0,-1.7,0.018,-0.042,-0.057,2.003,13.04,OFF,PAPER,0
10.66,MANUAL,IDLE,,0,0.0,0.48,-5.021,1.2,0.094,0.209,0.0,-0.0,-0.2,-1.7,-0.158,-0.191,0.173,1.974,10.77,OFF,PAPER,0
10.68,MANUAL,IDLE,,0,0.0,0.482,-5.017,1.2,0.095,0.21,0.0,-0.0,-0.2,-1.4,0.187,-0.114,0.267,2.002,12.28,OFF,PAPER,0
10.7,MANUAL,IDLE,,0,0.0,0.484,-5.013,1.2,0.095,0.214,0.0,0.1,-0.2,-1.2,0.253,-0.066,0.136,1.989,12.38,OFF,PAPER,0
10.72,MANUAL,IDLE,,0,0.0,0.486,-5.009,1.2,0.106,0.219,0.0,0.2,-0.3,-1.1,0.196,-0.329,0.075,2.045,17.13,OFF,PAPER,0
10.74,MANUAL,IDLE,,0,0.0,0.488,-5.004,1.2,0.106,0.218,0.0,0.1,-0.4,-1.0,-0.105,0.014,0.121,1.963,3.94,OFF,PAPER,0
10.76,MANUAL,IDLE,,0,0.0,0.49,-5.0,1.2,0.101,0.218,0.0,0.1,-0.3,-0.9,0.051,0.107,0.069,1.996,13.82,OFF,PAPER,0
10.78,MANUAL,IDLE,,0,0.0,0.492,-4.995,1.2,0.1,0.212,0.0,-0.0,-0.3,-0.9,-0.548,0.408,-0.105,1.971,6.64,OFF,PAPER,0
10.8,MANUAL,IDLE,,0,0.0,0.494,-4.991,1.2,0.103,0.209,0.0,-0.0,-0.3,-1.1,-0.32,0.024,-0.071,1.998,11.18,OFF,PAPER,0
10.82,MANUAL,IDLE,,0,0.0,0.496,-4.987,1.2,0.094,0.206,0.0,-0.1,-0.1,-1.1,-0.199,-0.015,-0.077,1.996,10.64,OFF,PAPER,0
10.84,MANUAL,IDLE,,0,0.0,0.498,-4.983,1.2,0.092,0.213,0.0,0.0,-0.2,-1.2,-0.051,0.1,-0.043,2.006,14.3,OFF,PAPER,0
10.86,MANUAL,IDLE,,0,0.0,0.5,-4.979,1.2,0.089,0.212,0.0,0.0,-0.1,-1.2,-0.115,0.305,-0.046,1.968,4.52,OFF,PAPER,0
10.88,MANUAL,IDLE,,0,0.0,0.502,-4.974,1.2,0.09,0.224,0.0,0.2,-0.0,-1.3,0.32,-0.183,0.009,2.012,13.27,OFF,PAPER,0
10.9,MANUAL,IDLE,,0,0.0,0.504,-4.97,1.2,0.095,0.225,0.0,0.3,-0.2,-1.2,0.131,-0.242,0.078,2.022,14.32,OFF,PAPER,0
10.92,MANUAL,IDLE,,0,0.0,0.506,-4.965,1.2,0.097,0.227,0.0,0.5,-0.3,-1.1,0.237,0.159,0.048,1.983,10.39,OFF,PAPER,0
10.94,MANUAL,IDLE,,0,0.0,0.507,-4.961,1.2,0.088,0.234,0.0,0.6,-0.2,-1.1,0.428,0.37,0.01,1.964,3.11,OFF,PAPER,0
10.96,MANUAL,IDLE,,0,0.0,0.509,-4.956,1.2,0.087,0.233,0.0,0.6,-0.2,-1.1,-0.119,0.054,-0.107,1.994,15.02,OFF,PAPER,0
10.98,MANUAL,IDLE,,0,0.0,0.511,-4.951,1.2,0.083,0.223,0.0,0.4,-0.1,-1.2,-0.235,0.112,0.048,2.016,15.92,OFF,PAPER,0
11.0,MANUAL,IDLE,,0,0.0,0.513,-4.947,1.2,0.088,0.228,0.0,0.6,-0.2,-1.1,0.108,-0.153,0.054,2.011,12.82,OFF,PAPER,0
11.02,MANUAL,IDLE,,0,0.0,0.514,-4.942,1.2,0.079,0.225,0.0,0.6,-0.1,-1.0,0.028,0.216,0.176,1.992,10.32,OFF,PAPER,0
11.04,MANUAL,IDLE,,0,0.0,0.516,-4.938,1.2,0.078,0.224,0.0,0.6,-0.1,-0.9,-0.077,0.141,0.109,2.002,14.12,OFF,PAPER,0
11.06,MANUAL,IDLE,,0,0.0,0.518,-4.933,1.2,0.082,0.221,0.0,0.5,-0.2,-0.8,0.004,0.213,0.064,1.977,7.01,OFF,PAPER,0
11.08,MANUAL,IDLE,,0,0.0,0.519,-4.929,1.2,0.084,0.215,0.0,0.5,-0.2,-0.7,0.058,-0.032,0.12,2.004,14.03,OFF,PAPER,0
11.1,MANUAL,IDLE,,0,0.0,0.521,-4.925,1.2,0.078,0.224,0.0,0.5,-0.0,-0.6,0.184,0.006,0.081,1.986,11.68,OFF,PAPER,0
11.12,MANUAL,IDLE,,0,0.0,0.522,-4.92,1.2,0.072,0.22,0.0,0.5,0.0,-0.5,-0.068,0.023,0.046,1.969,7.94,OFF,PAPER,0
11.14,MANUAL,IDLE,,0,0.0,0.524,-4.916,1.2,0.077,0.224,0.0,0.6,0.0,-0.4,-0.061,-0.003,0.151,1.975,9.77,OFF,PAPER,0
11.16,MANUAL,IDLE,,0,0.0,0.525,-4.911,1.2,0.076,0.22,0.0,0.6,0.1,-0.3,-0.04,0.198,0.16,1.991,14.01,OFF,PAPER,0
11.18,MANUAL,IDLE,,0,0.0,0.527,-4.907,1.2,0.083,0.232,0.0,0.8,0.0,-0.0,0.048,-0.157,0.246,1.967,5.71,OFF,PAPER,0
11.2,MANUAL,IDLE,,0,0.0,0.529,-4.902,1.2,0.076,0.226,0.0,0.7,0.0,0.2,-0.387,0.413,0.103,2.005,15.6,OFF,PAPER,0
11.22,MANUAL,IDLE,,0,0.0,0.53,-4.898,1.2,0.076,0.221,0.0,0.6,0.1,0.4,-0.033,-0.14,0.128,1.984,14.57,OFF,PAPER,0
11.24,MANUAL,IDLE,,0,0.0,0.532,-4.893,1.2,0.074,0.219,0.0,0.6,0.1,0.5,-0.128,-0.138,0.114,2.018,16.25,OFF,PAPER,0
11.26,MANUAL,IDLE,,0,0.0,0.533,-4.889,1.2,0.072,0.216,0.0,0.5,0.1,0.6,-0.13,-0.084,0.087,1.98,9.65,OFF,PAPER,0
11.28,MANUAL,IDLE,,0,0.0,0.534,-4.885,1.2,0.067,0.222,0.0,0.6,0.1,0.7,0.142,0.32,0.092,2.005,12.18,OFF,PAPER,0
11.3,MANUAL,IDLE,,0,0.0,0.536,-4.88,1.2,0.07,0.215,0.0,0.6,0.2,0.7,-0.333,-0.004,-0.085,1.994,13.14,OFF,PAPER,0
11.32,MANUAL,IDLE,,0,0.0,0.537,-4.876,1.2,0.073,0.216,0.0,0.6,0.1,0.6,-0.149,-0.172,-0.065,1.981,9.08,OFF,PAPER,0
11.34,MANUAL,IDLE,,0,0.0,0.539,-4.872,1.2,0.07,0.216,0.0,0.6,0.0,0.6,0.106,0.095,-0.022,1.989,10.26,OFF,PAPER,0
11.36,MANUAL,IDLE,,0,0.0,0.54,-4.867,1.2,0.064,0.211,0.0,0.6,0.1,0.6,0.108,-0.115,0.03,2.024,17.97,OFF,PAPER,0
11.38,MANUAL,IDLE,,0,0.0,0.541,-4.863,1.2,0.065,0.21,0.0,0.6,0.1,0.7,-0.388,-0.136,0.109,2.011,17.37,OFF,PAPER,0
11.4,MANUAL,IDLE,,0,0.0,0.542,-4.859,1.2,0.054,0.21,0.0,0.6,0.1,0.8,0.141,0.197,0.106,1.985,9.5,OFF,PAPER,0
11.42,MANUAL,IDLE,,0,0.0,0.544,-4.855,1.2,0.056,0.216,0.0,0.7,0.2,0.9,0.269,-0.209,0.107,2.008,13.02,OFF,PAPER,0
11.44,MANUAL,IDLE,,0,0.0,0.545,-4.85,1.2,0.047,0.213,0.0,0.7,0.3,1.0,0.033,0.027,0.066,1.963,8.91,OFF,PAPER,0
11.46,MANUAL,IDLE,,0,0.0,0.546,-4.846,1.2,0.049,0.22,0.0,0.9,0.2,1.1,-0.216,-0.016,0.091,1.986,8.9,OFF,PAPER,0
11.48,MANUAL,IDLE,,0,0.0,0.547,-4.842,1.2,0.06,0.218,0.0,0.8,-0.0,1.2,0.011,-0.399,0.076,2.034,16.99,OFF,PAPER,0
11.5,MANUAL,IDLE,,0,0.0,0.548,-4.837,1.2,0.066,0.213,0.0,0.7,-0.2,1.2,0.223,-0.272,0.05,2.026,17.52,OFF,PAPER,0
11.52,MANUAL,IDLE,,0,0.0,0.549,-4.833,1.2,0.062,0.205,0.0,0.6,-0.2,1.2,-0.149,0.135,-0.002,2.012,13.57,OFF,PAPER,0
11.54,MANUAL,IDLE,,0,0.0,0.55,-4.829,1.2,0.057,0.206,0.0,0.6,-0.1,1.2,-0.145,0.283,-0.03,2.015,17.09,OFF,PAPER,0
11.56,MANUAL,IDLE,,0,0.0,0.552,-4.825,1.2,0.059,0.199,0.0,0.6,-0.1,1.2,0.025,-0.165,0.039,1.973,8.71,OFF,PAPER,0
11.58,MANUAL,IDLE,,0,0.0,0.553,-4.821,1.2,0.056,0.187,0.0,0.4,0.0,1.1,-0.476,0.054,-0.094,2.002,12.68,OFF,PAPER,0
11.6,MANUAL,IDLE,,0,0.0,0.554,-4.817,1.2,0.056,0.189,0.0,0.4,0.1,1.1,0.037,-0.092,0.015,1.974,9.06,OFF,PAPER,0
11.62,MANUAL,IDLE,,0,0.0,0.555,-4.814,1.2,0.054,0.183,0.0,0.4,0.0,1.0,0.12,-0.296,-0.221,1.963,1.92,OFF,PAPER,0
11.64,MANUAL,IDLE,,0,0.0,0.556,-4.81,1.2,0.057,0.18,0.0,0.4,-0.0,0.7,-0.283,0.039,-0.268,1.982,10.44,OFF,PAPER,0
11.66,MANUAL,IDLE,,0,0.0,0.557,-4.806,1.2,0.049,0.184,0.0,0.4,0.2,0.4,0.106,-0.165,-0.14,1.987,10.89,OFF,PAPER,0
11.68,MANUAL,IDLE,,0,0.0,0.558,-4.803,1.2,0.051,0.187,0.0,0.5,0.2,0.2,-0.185,-0.078,-0.182,1.976,9.53,OFF,PAPER,0
11.7,MANUAL,IDLE,,0,0.0,0.559,-4.799,1.2,0.052,0.189,0.0,0.5,0.2,0.0,0.178,0.046,-0.069,2.001,14.57,OFF,PAPER,0
11.72,MANUAL,IDLE,,0,0.0,0.56,-4.795,1.2,0.053,0.186,0.0,0.5,0.2,-0.0,-0.28,0.066,0.015,1.973,10.74,OFF,PAPER,0
11.74,MANUAL,IDLE,,0,0.0,0.561,-4.791,1.2,0.058,0.188,0.0,0.5,0.0,0.0,0.06,-0.028,-0.014,1.992,10.77,OFF,PAPER,0
11.76,MANUAL,IDLE,,0,0.0,0.562,-4.787,1.2,0.061,0.197,0.0,0.6,-0.0,-0.0,0.314,-0.042,0.001,1.982,12.77,OFF,PAPER,0
11.78,MANUAL,IDLE,,0,0.0,0.563,-4.783,1.2,0.053,0.196,0.0,0.6,0.1,-0.0,-0.281,0.406,-0.05,2.011,13.44,OFF,PAPER,0
11.8,MANUAL,IDLE,,0,0.0,0.564,-4.78,1.2,0.051,0.193,0.0,0.5,0.1,-0.0,0.116,-0.158,0.031,2.014,13.16,OFF,PAPER,0
11.82,MANUAL,IDLE,,0,0.0,0.565,-4.776,1.2,0.047,0.183,0.0,0.3,0.2,0.0,-0.132,0.242,0.063,2.009,12.58,OFF,PAPER,0
11.84,MANUAL,IDLE,,0,0.0,0.566,-4.772,1.2,0.047,0.192,0.0,0.5,0.2,0.1,0.052,-0.003,0.13,2.003,15.42,OFF,PAPER,0
11.86,MANUAL,IDLE,,0,0.0,0.567,-4.768,1.2,0.044,0.199,0.0,0.5,0.2,0.2,-0.018,0.157,0.034,2.009,12.4,OFF,PAPER,0
11.88,MANUAL,IDLE,,0,0.0,0.568,-4.764,1.2,0.048,0.2,0.0,0.6,0.1,0.3,-0.1,-0.149,0.052,2.001,11.75,OFF,PAPER,0
11.9,MANUAL,IDLE,,0,0.0,0.569,-4.76,1.2,0.05,0.202,0.0,0.6,0.0,0.3,-0.123,0.111,-0.076,2.017,14.78,OFF,PAPER,0
11.92,MANUAL,IDLE,,0,0.0,0.57,-4.756,1.2,0.056,0.203,0.0,0.5,-0.1,0.2,0.073,0.133,-0.059,1.974,9.95,OFF,PAPER,0
11.94,MANUAL,IDLE,,0,0.0,0.571,-4.752,1.2,0.055,0.198,0.0,0.4,0.1,0.1,0.013,-0.155,-0.084,2.023,17.99,OFF,PAPER,0
11.96,MANUAL,IDLE,,0,0.0,0.573,-4.748,1.2,0.055,0.188,0.0,0.3,0.2,0.1,0.172,0.064,0.014,1.963,9.41,OFF,PAPER,0
11.98,MANUAL,IDLE,,0,0.0,0.574,-4.745,1.2,0.055,0.189,0.0,0.3,0.2,0.2,0.293,0.071,0.071,1.988,9.29,OFF,PAPER,0
12.0,MANUAL,IDLE,,0,0.0,0.575,-4.741,1.2,0.058,0.189,0.0,0.4,0.1,0.2,0.321,0.094,0.082,1.967,4.06,OFF,PAPER,0
12.02,MANUAL,IDLE,,0,0.0,0.576,-4.737,1.2,0.054,0.186,0.0,0.3,0.2,0.2,-0.159,0.388,0.03,1.977,7.26,OFF,PAPER,0
12.04,MANUAL,IDLE,,0,0.0,0.577,-4.733,1.2,0.058,0.181,0.0,0.1,0.0,0.3,-0.242,0.209,0.066,1.971,10.23,OFF,PAPER,0
12.06,MANUAL,IDLE,,0,0.0,0.578,-4.73,1.2,0.05,0.179,0.0,0.1,0.2,0.4,0.138,0.146,0.103,1.976,7.62,OFF,PAPER,0
12.08,MANUAL,IDLE,,0,0.0,0.579,-4.726,1.2,0.049,0.179,0.0,0.2,0.2,0.5,-0.113,-0.288,0.123,2.01,17.22,OFF,PAPER,0
12.1,MANUAL,IDLE,,0,0.0,0.58,-4.723,1.2,0.054,0.18,0.0,0.1,0.1,0.6,0.367,-0.272,0.014,1.993,11.53,OFF,PAPER,0
12.12,MANUAL,IDLE,,0,0.0,0.581,-4.719,1.2,0.047,0.174,0.0,0.1,0.2,0.6,-0.221,0.091,-0.017,2.004,13.19,OFF,PAPER,0
12.14,MANUAL,IDLE,,0,0.0,0.582,-4.716,1.2,0.035,0.169,0.0,-0.1,0.4,0.6,-0.127,0.044,0.002,2.004,12.83,OFF,PAPER,0
12.16,MANUAL,IDLE,,0,0.0,0.583,-4.712,1.2,0.027,0.171,0.0,-0.0,0.5,0.6,-0.419,0.076,-0.028,2.018,14.0,OFF,PAPER,0
12.18,MANUAL,IDLE,,0,0.0,0.583,-4.709,1.2,0.031,0.181,0.0,0.1,0.4,0.6,0.258,0.478,-0.036,1.972,7.04,OFF,PAPER,0
12.2,MANUAL,IDLE,,0,0.0,0.584,-4.705,1.2,0.026,0.176,0.0,0.0,0.6,0.6,-0.152,-0.023,0.032,1.968,12.76,OFF,PAPER,0
12.22,MANUAL,IDLE,,0,0.0,0.584,-4.702,1.2,0.033,0.171,0.0,-0.1,0.4,0.6,-0.075,0.029,0.051,1.997,10.89,OFF,PAPER,0
12.24,MANUAL,IDLE,,0,0.0,0.585,-4.698,1.2,0.028,0.175,0.0,-0.1,0.5,0.7,0.133,0.276,0.083,1.974,10.4,OFF,PAPER,0
12.26,MANUAL,IDLE,,0,0.0,0.586,-4.695,1.2,0.023,0.175,0.0,-0.1,0.6,0.8,-0.024,0.067,0.091,1.979,12.93,OFF,PAPER,0
12.28,MANUAL,IDLE,,0,0.0,0.586,-4.691,1.2,0.02,0.172,0.0,-0.1,0.6,0.8,-0.135,-0.122,0.027,1.998,10.92,OFF,PAPER,0
12.3,MANUAL,IDLE,,0,0.0,0.586,-4.688,1.2,0.022,0.168,0.0,-0.2,0.5,0.9,0.087,0.032,0.066,2.004,14.96,OFF,PAPER,0
12.32,MANUAL,IDLE,,0,0.0,0.587,-4.684,1.2,0.024,0.167,0.0,-0.3,0.5,1.0,0.008,0.105,0.161,2.011,15.48,OFF,PAPER,0
12.34,MANUAL,IDLE,,0,0.0,0.587,-4.681,1.2,0.022,0.163,0.0,-0.3,0.6,1.2,0.211,0.009,0.169,1.978,7.91,OFF,PAPER,0
12.36,MANUAL,IDLE,,0,0.0,0.588,-4.678,1.2,0.024,0.164,0.0,-0.4,0.5,1.4,-0.037,0.581,0.147,1.979,11.93,OFF,PAPER,0
12.38,MANUAL,IDLE,,0,0.0,0.588,-4.675,1.2,0.023,0.173,0.0,-0.1,0.6,1.5,0.053,0.052,0.148,1.964,5.15,OFF,PAPER,0
12.4,MANUAL,IDLE,,0,0.0,0.589,-4.671,1.2,0.027,0.16,0.0,-0.4,0.6,1.7,0.093,0.002,0.184,1.968,10.71,OFF,PAPER,0
12.42,MANUAL,IDLE,,0,0.0,0.589,-4.668,1.2,0.036,0.158,0.0,-0.4,0.5,1.8,0.099,-0.11,-0.005,1.986,11.57,OFF,PAPER,0
12.44,MANUAL,IDLE,,0,0.0,0.59,-4.665,1.2,0.033,0.156,0.0,-0.4,0.5,1.9,-0.159,0.076,0.028,1.967,6.02,OFF,PAPER,0
12.46,MANUAL,IDLE,,0,0.0,0.591,-4.662,1.2,0.042,0.17,0.0,-0.2,0.3,1.9,0.158,-0.222,0.02,1.981,8.0,OFF,PAPER,0
12.48,MANUAL,IDLE,,0,0.0,0.592,-4.658,1.2,0.042,0.173,0.0,-0.1,0.4,1.9,0.032,-0.25,-0.028,1.963,6.52,OFF,PAPER,0
12.5,MANUAL,IDLE,,0,0.0,0.593,-4.655,1.2,0.039,0.177,0.0,-0.0,0.5,1.9,0.277,-0.254,-0.027,1.987,11.25,OFF,PAPER,0
12.52,MANUAL,IDLE,,0,0.0,0.593,-4.651,1.2,0.045,0.184,0.0,0.1,0.3,1.8,0.061,-0.306,-0.073,1.971,9.64,OFF,PAPER,0
12.54,MANUAL,IDLE,,0,0.0,0.594,-4.648,1.2,0.051,0.177,0.0,0.0,0.1,1.7,-0.429,-0.288,-0.122,2.02,14.31,OFF,PAPER,0
12.56,MANUAL,IDLE,,0,0.0,0.595,-4.644,1.2,0.047,0.181,0.0,0.0,0.2,1.6,-0.135,0.069,-0.126,1.991,12.59,OFF,PAPER,0
12.58,MANUAL,IDLE,,0,0.0,0.596,-4.64,1.2,0.053,0.182,0.0,0.1,0.1,1.4,0.34,-0.066,-0.233,1.966,3.84,OFF,PAPER,0
12.6,MANUAL,IDLE,,0,0.0,0.597,-4.637,1.2,0.056,0.182,0.0,0.0,0.2,1.1,-0.11,-0.22,-0.278,2.01,14.55,OFF,PAPER,0
12.62,MANUAL,IDLE,,0,0.0,0.598,-4.633,1.2,0.049,0.17,0.0,-0.2,0.3,0.8,-0.045,0.133,-0.252,1.984,10.91,OFF,PAPER,0
12.64,MANUAL,IDLE,,0,0.0,0.599,-4.63,1.2,0.049,0.171,0.0,-0.2,0.4,0.6,-0.183,-0.14,-0.126,1.967,9.04,OFF,PAPER,0
12.66,MANUAL,IDLE,,0,0.0,0.6,-4.626,1.2,0.049,0.162,0.0,-0.4,0.3,0.4,0.133,-0.026,-0.096,1.973,8.22,OFF,PAPER,0
12.68,MANUAL,IDLE,,0,0.0,0.601,-4.623,1.2,0.052,0.172,0.0,-0.2,0.2,0.4,0.326,-0.162,-0.008,1.975,6.62,OFF,PAPER,0
12.7,MANUAL,IDLE,,0,0.0,0.602,-4.62,1.2,0.055,0.166,0.0,-0.2,0.1,0.4,-0.117,-0.309,0.009,1.977,7.3,OFF,PAPER,0
12.72,MANUAL,IDLE,,0,0.0,0.603,-4.616,1.2,0.048,0.165,0.0,-0.2,0.3,0.4,0.239,0.017,-0.058,1.986,8.91,OFF,PAPER,0
12.74,MANUAL,IDLE,,0,0.0,0.604,-4.613,1.2,0.053,0.164,0.0,-0.3,0.2,0.2,0.054,-0.199,-0.113,1.97,10.61,OFF,PAPER,0
12.76,MANUAL,IDLE,,0,0.0,0.605,-4.61,1.2,0.056,0.171,0.0,-0.3,0.1,0.0,0.278,-0.004,-0.151,1.986,9.26,OFF,PAPER,0
12.78,MANUAL,IDLE,,0,0.0,0.606,-4.606,1.2,0.055,0.181,0.0,-0.1,0.1,-0.1,0.181,-0.012,-0.08,1.998,12.35,OFF,PAPER,0
12.8,MANUAL,IDLE,,0,0.0,0.608,-4.603,1.2,0.062,0.18,0.0,0.0,-0.1,-0.2,-0.158,0.261,-0.07,2.02,16.16,OFF,PAPER,0
12.82,MANUAL,IDLE,,0,0.0,0.609,-4.599,1.2,0.061,0.179,0.0,-0.1,0.0,-0.3,0.14,0.024,-0.197,1.994,11.82,OFF,PAPER,0
12.84,MANUAL,IDLE,,0,0.0,0.61,-4.596,1.2,0.057,0.187,0.0,0.0,0.1,-0.5,0.014,0.297,-0.144,1.972,6.91,OFF,PAPER,0
12.86,MANUAL,IDLE,,0,0.0,0.611,-4.592,1.2,0.063,0.195,0.0,0.1,0.1,-0.7,0.024,-0.029,-0.172,2.006,15.51,OFF,PAPER,0
12.88,MANUAL,IDLE,,0,0.0,0.612,-4.588,1.2,0.058,0.191,0.0,0.1,0.1,-0.9,-0.017,0.143,-0.195,2.035,17.95,OFF,PAPER,0
12.9,MANUAL,IDLE,,0,0.0,0.614,-4.584,1.2,0.068,0.191,0.0,0.1,-0.0,-1.1,0.319,-0.475,-0.111,1.998,11.22,OFF,PAPER,0
12.92,MANUAL,IDLE,,0,0.0,0.615,-4.58,1.2,0.066,0.178,0.0,-0.0,-0.0,-1.2,0.21,0.029,-0.124,1.979,11.35,OFF,PAPER,0
12.94,MANUAL,IDLE,,0,0.0,0.616,-4.577,1.2,0.068,0.178,0.0,-0.0,-0.0,-1.4,-0.154,0.008,-0.132,1.969,9.57,OFF,PAPER,0
12.96,MANUAL,IDLE,,0,0.0,0.618,-4.573,1.2,0.068,0.179,0.0,0.0,0.0,-1.5,-0.176,0.024,-0.095,1.989,14.33,OFF,PAPER,0
12.98,MANUAL,IDLE,,0,0.0,0.619,-4.57,1.2,0.071,0.176,0.0,-0.0,-0.1,-1.6,-0.226,0.149,-0.12,1.982,9.51,OFF,PAPER,0
13.0,MANUAL,IDLE,,0,0.0,0.62,-4.566,1.2,0.061,0.174,0.0,-0.1,0.1,-1.7,0.245,0.071,-0.123,1.975,6.93,OFF,PAPER,0
13.02,MANUAL,IDLE,,0,0.0,0.621,-4.563,1.2,0.059,0.178,0.0,-0.0,0.2,-1.8,-0.114,-0.205,-0.049,1.983,8.4,OFF,PAPER,0
13.04,MANUAL,IDLE,,0,0.0,0.623,-4.559,1.2,0.058,0.174,0.0,-0.0,0.2,-1.9,-0.206,0.096,-0.037,2.01,14.09,OFF,PAPER,0
13.06,MANUAL,IDLE,,0,0.0,0.624,-4.556,1.2,0.055,0.17,0.0,-0.1,0.2,-1.9,-0.054,0.066,0.031,1.977,10.11,OFF,PAPER,0
13.08,MANUAL,IDLE,,0,0.0,0.625,-4.552,1.2,0.061,0.179,0.0,-0.0,0.1,-1.9,0.471,-0.405,0.0,1.965,10.46,OFF,PAPER,0
13.1,MANUAL,IDLE,,0,0.0,0.626,-4.549,1.2,0.063,0.182,0.0,0.1,0.1,-1.8,0.016,0.049,0.101,2.005,15.39,OFF,PAPER,0
13.12,MANUAL,IDLE,,0,0.0,0.627,-4.545,1.2,0.068,0.183,0.0,0.1,0.1,-1.7,0.124,-0.066,0.027,2.004,12.21,OFF,PAPER,0
13.14,MANUAL,IDLE,,0,0.0,0.629,-4.541,1.2,0.069,0.184,0.0,0.1,0.1,-1.7,0.082,0.313,0.007,2.015,15.56,OFF,PAPER,0
13.16,MANUAL,IDLE,,0,0.0,0.63,-4.537,1.2,0.073,0.193,0.0,0.3,0.1,-1.8,-0.082,0.152,-0.124,2.015,13.13,OFF,PAPER,0
13.18,MANUAL,IDLE,,0,0.0,0.632,-4.534,1.2,0.075,0.193,0.0,0.3,0.0,-2.0,-0.065,0.001,-0.1,1.981,12.36,OFF,PAPER,0
13.2,MANUAL,IDLE,,0,0.0,0.633,-4.53,1.2,0.071,0.195,0.0,0.3,0.1,-2.1,0.088,0.012,-0.115,1.984,12.36,OFF,PAPER,0
13.22,MANUAL,IDLE,,0,0.0,0.635,-4.526,1.2,0.068,0.193,0.0,0.2,0.2,-2.2,0.065,-0.247,-0.127,1.973,5.94,OFF,PAPER,0
13.24,MANUAL,IDLE,,0,0.0,0.636,-4.522,1.2,0.07,0.187,0.0,0.1,0.1,-2.3,-0.207,-0.02,0.061,2.008,17.25,OFF,PAPER,0
13.26,MANUAL,IDLE,,0,0.0,0.637,-4.518,1.2,0.072,0.185,0.0,0.0,-0.0,-2.2,-0.287,0.03,0.115,2.015,13.92,OFF,PAPER,0
13.28,MANUAL,IDLE,,0,0.0,0.639,-4.515,1.2,0.068,0.193,0.0,0.1,0.1,-2.0,0.168,0.202,0.156,1.995,11.04,OFF,PAPER,0
13.3,MANUAL,IDLE,,0,0.0,0.64,-4.511,1.2,0.068,0.193,0.0,0.2,0.2,-1.8,0.17,0.01,0.171,2.015,15.1,OFF,PAPER,0
13.32,MANUAL,IDLE,,0,0.0,0.642,-4.507,1.2,0.07,0.193,0.0,0.3,0.2,-1.6,-0.205,-0.23,0.118,1.963,9.05,OFF,PAPER,0
13.34,MANUAL,IDLE,,0,0.0,0.643,-4.503,1.2,0.068,0.193,0.0,0.2,0.3,-1.5,0.026,-0.19,0.143,1.977,9.39,OFF,PAPER,0
13.36,MANUAL,IDLE,,0,0.0,0.644,-4.499,1.2,0.071,0.183,0.0,0.1,0.2,-1.3,0.172,0.022,0.074,1.968,6.09,OFF,PAPER,0
13.38,MANUAL,IDLE,,0,0.0,0.646,-4.495,1.2,0.075,0.189,0.0,0.2,0.1,-1.3,0.167,0.012,-0.043,2.006,12.06,OFF,PAPER,0
13.4,MANUAL,IDLE,,0,0.0,0.647,-4.492,1.2,0.071,0.186,0.0,0.2,0.1,-1.3,0.062,-0.165,-0.0,1.968,4.36,OFF,PAPER,0
13.42,MANUAL,IDLE,,0,0.0,0.649,-4.488,1.2,0.079,0.193,0.0,0.4,-0.1,-1.3,-0.172,0.414,-0.068,1.983,11.65,OFF,PAPER,0
13.44,MANUAL,IDLE,,0,0.0,0.65,-4.484,1.2,0.074,0.184,0.0,0.2,0.1,-1.5,-0.399,-0.072,-0.132,1.986,11.23,OFF,PAPER,0
13.46,MANUAL,IDLE,,0,0.0,0.652,-4.48,1.2,0.084,0.181,0.0,0.2,-0.0,-1.6,-0.231,-0.29,-0.055,2.013,13.86,OFF,PAPER,0
13.48,MANUAL,IDLE,,0,0.0,0.654,-4.477,1.2,0.092,0.184,0.0,0.2,-0.2,-1.6,0.378,-0.17,0.009,1.987,9.12,OFF,PAPER,0
13.5,MANUAL,IDLE,,0,0.0,0.655,-4.473,1.2,0.098,0.192,0.0,0.3,-0.3,-1.6,0.269,-0.038,0.049,2.004,13.47,OFF,PAPER,0
13.52,MANUAL,IDLE,,0,0.0,0.657,-4.469,1.2,0.1,0.189,0.0,0.4,-0.3,-1.5,0.329,0.193,0.014,1.999,14.78,OFF,PAPER,0
13.54,MANUAL,IDLE,,0,0.0,0.659,-4.465,1.2,0.097,0.192,0.0,0.4,-0.3,-1.5,-0.101,0.012,0.002,1.986,12.92,OFF,PAPER,0
13.56,MANUAL,IDLE,,0,0.0,0.661,-4.462,1.2,0.091,0.196,0.0,0.5,-0.3,-1.5,-0.092,0.116,0.014,1.999,11.3,OFF,PAPER,0
13.58,MANUAL,IDLE,,0,0.0,0.663,-4.458,1.2,0.087,0.204,0.0,0.6,-0.2,-1.4,0.193,0.141,0.105,1.976,13.91,OFF,PAPER,0
13.6,MANUAL,IDLE,,0,0.0,0.665,-4.453,1.2,0.079,0.202,0.0,0.6,-0.2,-1.4,0.005,-0.112,0.092,2.022,13.96,OFF,PAPER,0
13.62,MANUAL,IDLE,,0,0.0,0.666,-4.45,1.2,0.071,0.198,0.0,0.6,-0.1,-1.3,-0.093,-0.113,-0.001,2.0,11.39,OFF,PAPER,0
13.64,MANUAL,IDLE,,0,0.0,0.668,-4.446,1.2,0.073,0.201,0.0,0.5,-0.2,-1.2,0.003,0.247,0.117,2.007,12.59,OFF,PAPER,0
13.66,MANUAL,IDLE,,0,0.0,0.669,-4.441,1.2,0.082,0.207,0.0,0.7,-0.3,-1.1,0.074,-0.148,0.056,2.005,11.82,OFF,PAPER,0
13.68,MANUAL,IDLE,,0,0.0,0.671,-4.437,1.2,0.075,0.202,0.0,0.6,-0.2,-1.1,-0.228,0.129,0.094,1.993,10.47,OFF,PAPER,0
13.7,MANUAL,IDLE,,0,0.0,0.672,-4.433,1.2,0.075,0.204,0.0,0.6,-0.1,-1.0,0.237,0.149,0.022,1.967,4.66,OFF,PAPER,0
13.72,MANUAL,IDLE,,0,0.0,0.674,-4.429,1.2,0.073,0.204,0.0,0.6,-0.0,-0.9,-0.044,0.032,0.023,2.0,11.15,OFF,PAPER,0
13.74,MANUAL,IDLE,,0,0.0,0.675,-4.425,1.2,0.072,0.202,0.0,0.5,-0.0,-0.9,0.371,0.283,0.013,1.99,12.34,OFF,PAPER,0
13.76,MANUAL,IDLE,,0,0.0,0.677,-4.421,1.2,0.066,0.201,0.0,0.6,0.1,-0.9,0.073,-0.07,0.023,1.969,9.32,OFF,PAPER,0
13.78,MANUAL,IDLE,,0,0.0,0.678,-4.417,1.2,0.07,0.202,0.0,0.6,0.1,-0.9,-0.054,-0.206,0.034,1.978,7.96,OFF,PAPER,0
13.8,MANUAL,IDLE,,0,0.0,0.679,-4.413,1.2,0.067,0.202,0.0,0.7,0.1,-0.8,-0.249,-0.176,0.053,2.004,14.52,OFF,PAPER,0
13.82,MANUAL,IDLE,,0,0.0,0.681,-4.409,1.2,0.065,0.195,0.0,0.5,0.1,-0.7,0.029,0.079,0.092,1.966,3.9,OFF,PAPER,0
13.84,MANUAL,IDLE,,0,0.0,0.682,-4.405,1.2,0.058,0.194,0.0,0.4,0.3,-0.6,0.363,0.072,0.118,2.019,16.45,OFF,PAPER,0
13.86,MANUAL,IDLE,,0,0.0,0.683,-4.401,1.2,0.062,0.19,0.0,0.5,0.2,-0.5,-0.168,-0.4,0.107,1.992,10.99,OFF,PAPER,0
13.88,MANUAL,IDLE,,0,0.0,0.684,-4.398,1.2,0.063,0.187,0.0,0.5,0.2,-0.3,0.205,-0.153,0.086,2.006,13.53,OFF,PAPER,0
13.9,MANUAL,IDLE,,0,0.0,0.685,-4.394,1.2,0.064,0.18,0.0,0.3,0.2,-0.3,-0.113,-0.285,0.036,1.995,10.46,OFF,PAPER,0
13.92,MANUAL,IDLE,,0,0.0,0.687,-4.39,1.2,0.07,0.182,0.0,0.3,0.1,-0.2,-0.205,-0.025,0.008,1.967,10.56,OFF,PAPER,0
13.94,MANUAL,IDLE,,0,0.0,0.688,-4.387,1.2,0.071,0.179,0.0,0.2,0.1,-0.2,-0.459,-0.053,-0.015,2.009,13.44,OFF,PAPER,0
13.96,MANUAL,IDLE,,0,0.0,0.69,-4.383,1.2,0.07,0.174,0.0,0.1,-0.0,-0.2,-0.145,0.128,0.076,1.987,10.04,OFF,PAPER,0
13.98,MANUAL,IDLE,,0,0.0,0.691,-4.38,1.2,0.069,0.169,0.0,-0.0,-0.1,-0.0,0.248,-0.04,0.073,1.977,7.07,OFF,PAPER,0
14.0,MANUAL,IDLE,,0,0.0,0.692,-4.376,1.2,0.06,0.162,0.0,-0.1,0.0,-0.0,0.119,0.206,0.015,1.988,9.33,OFF,PAPER,0
14.02,MANUAL,IDLE,,0,0.0,0.694,-4.373,1.2,0.06,0.167,0.0,0.0,-0.0,0.0,-0.204,-0.117,0.1,2.019,14.86,OFF,PAPER,0
14.04,MANUAL,IDLE,,0,0.0,0.695,-4.37,1.2,0.053,0.172,0.0,0.1,0.0,0.1,-0.162,0.065,0.063,2.011,15.83,OFF,PAPER,0
14.06,MANUAL,IDLE,,0,0.0,0.696,-4.366,1.2,0.058,0.172,0.0,0.1,0.1,0.2,-0.137,-0.027,0.083,2.012,13.45,OFF,PAPER,0
14.08,MANUAL,IDLE,,0,0.0,0.697,-4.363,1.2,0.056,0.168,0.0,-0.0,0.2,0.3,-0.214,0.206,0.112,1.976,10.33,OFF,PAPER,0
14.1,MANUAL,IDLE,,0,0.0,0.698,-4.359,1.2,0.063,0.176,0.0,0.0,0.1,0.4,0.264,0.296,0.016,1.963,1.65,OFF,PAPER,0
14.12,MANUAL,IDLE,,0,0.0,0.7,-4.356,1.2,0.066,0.171,0.0,-0.2,0.1,0.4,0.362,-0.02,0.047,1.997,13.2,OFF,PAPER,0
14.14,MANUAL,IDLE,,0,0.0,0.701,-4.353,1.2,0.063,0.178,0.0,-0.1,0.1,0.3,0.01,0.015,-0.059,1.993,14.65,OFF,PAPER,0
14.16,MANUAL,IDLE,,0,0.0,0.702,-4.349,1.2,0.067,0.177,0.0,-0.2,0.1,0.3,0.094,0.226,-0.002,1.965,7.39,OFF,PAPER,0
14.18,MANUAL,IDLE,,0,0.0,0.704,-4.346,1.2,0.08,0.175,0.0,-0.1,-0.1,0.3,-0.246,-0.381,0.055,2.009,15.48,OFF,PAPER,0
14.2,MANUAL,IDLE,,0,0.0,0.705,-4.342,1.2,0.078,0.175,0.0,-0.2,-0.0,0.4,0.201,0.195,0.064,1.964,8.13,OFF,PAPER,0
14.22,MANUAL,IDLE,,0,0.0,0.707,-4.339,1.2,0.068,0.176,0.0,-0.2,0.2,0.4,0.151,0.025,-0.045,1.997,14.51,OFF,PAPER,0
14.24,MANUAL,IDLE,,0,0.0,0.708,-4.335,1.2,0.081,0.186,0.0,-0.1,0.0,0.3,-0.006,-0.038,-0.061,1.982,11.96,OFF,PAPER,0
14.26,MANUAL,IDLE,,0,0.0,0.71,-4.331,1.2,0.085,0.19,0.0,0.0,-0.1,0.2,0.011,-0.057,-0.104,1.983,11.01,OFF,PAPER,0
14.28,MANUAL,IDLE,,0,0.0,0.712,-4.327,1.2,0.091,0.185,0.0,0.0,-0.1,0.1,-0.004,-0.087,-0.009,1.973,10.23,OFF,PAPER,0
14.3,MANUAL,IDLE,,0,0.0,0.713,-4.324,1.2,0.088,0.192,0.0,0.1,-0.1,0.1,-0.063,-0.131,-0.11,1.983,11.96,OFF,PAPER,0
14.32,MANUAL,IDLE,,0,0.0,0.715,-4.32,1.2,0.096,0.195,0.0,0.2,-0.2,0.0,0.031,-0.331,0.006,2.003,12.15,OFF,PAPER,0
14.34,MANUAL,IDLE,,0,0.0,0.717,-4.316,1.2,0.095,0.189,0.0,0.0,-0.1,-0.0,-0.145,-0.021,-0.065,1.973,11.49,OFF,PAPER,0
14.36,MANUAL,IDLE,,0,0.0,0.719,-4.312,1.2,0.097,0.181,0.0,-0.1,-0.1,-0.1,-0.247,-0.184,-0.01,1.975,7.13,OFF,PAPER,0
14.38,MANUAL,IDLE,,0,0.0,0.721,-4.309,1.2,0.093,0.184,0.0,-0.1,0.0,0.0,0.31,0.146,0.109,2.028,16.06,OFF,PAPER,0
14.4,MANUAL,IDLE,,0,0.0,0.723,-4.305,1.2,0.091,0.184,0.0,-0.1,-0.0,0.1,-0.032,0.329,0.084,2.011,16.17,OFF,PAPER,0
14.42,MANUAL,IDLE,,0,0.0,0.725,-4.301,1.2,0.081,0.187,0.0,-0.1,0.1,0.2,0.019,0.276,0.071,2.017,13.96,OFF,PAPER,0
14.44,MANUAL,IDLE,,0,0.0,0.726,-4.297,1.2,0.084,0.186,0.0,-0.1,0.1,0.3,-0.15,-0.181,0.04,1.973,9.92,OFF,PAPER,0
14.46,MANUAL,IDLE,,0,0.0,0.728,-4.294,1.2,0.08,0.188,0.0,-0.1,0.1,0.3,0.029,-0.025,-0.071,2.034,15.3,OFF,PAPER,0
14.48,MANUAL,IDLE,,0,0.0,0.73,-4.29,1.2,0.082,0.184,0.0,-0.2,-0.0,0.2,-0.141,-0.015,-0.164,1.963,6.88,OFF,PAPER,0
14.5,MANUAL,IDLE,,0,0.0,0.731,-4.286,1.2,0.081,0.187,0.0,-0.2,0.0,0.1,0.002,-0.13,-0.043,1.964,6.57,OFF,PAPER,0
14.52,MANUAL,IDLE,,0,0.0,0.733,-4.282,1.2,0.081,0.187,0.0,-0.1,0.0,0.1,0.046,-0.035,0.062,1.964,8.33,OFF,PAPER,0
14.54,MANUAL,IDLE,,0,0.0,0.734,-4.279,1.2,0.086,0.193,0.0,-0.0,0.0,0.0,-0.317,-0.06,-0.073,1.968,11.79,OFF,PAPER,0
14.56,MANUAL,IDLE,,0,0.0,0.736,-4.275,1.2,0.085,0.192,0.0,-0.1,0.1,0.0,0.137,0.113,0.021,1.992,9.99,OFF,PAPER,0
14.58,MANUAL,IDLE,,0,0.0,0.738,-4.271,1.2,0.088,0.186,0.0,-0.2,0.1,0.1,-0.206,0.109,0.086,2.006,12.09,OFF,PAPER,0
14.6,MANUAL,IDLE,,0,0.0,0.74,-4.267,1.2,0.076,0.188,0.0,-0.2,0.3,0.3,-0.074,0.073,0.113,1.967,8.16,OFF,PAPER,0
14.62,MANUAL,IDLE,,0,0.0,0.741,-4.263,1.2,0.075,0.192,0.0,-0.1,0.3,0.4,0.208,0.176,0.081,2.004,11.84,OFF,PAPER,0
14.64,MANUAL,IDLE,,0,0.0,0.743,-4.259,1.2,0.068,0.196,0.0,-0.1,0.4,0.5,0.075,0.356,0.085,2.004,13.0,OFF,PAPER,0
14.66,MANUAL,IDLE,,0,0.0,0.744,-4.256,1.2,0.069,0.187,0.0,-0.1,0.5,0.6,-0.319,-0.528,0.088,1.99,9.94,OFF,PAPER,0
14.68,MANUAL,IDLE,,0,0.0,0.745,-4.252,1.2,0.085,0.185,0.0,-0.1,0.2,0.7,0.009,-0.247,0.063,1.981,9.4,OFF,PAPER,0
14.7,MANUAL,IDLE,,0,0.0,0.747,-4.248,1.2,0.083,0.191,0.0,-0.0,0.3,0.7,0.452,0.042,0.097,1.974,11.4,OFF,PAPER,0
14.72,MANUAL,IDLE,,0,0.0,0.749,-4.244,1.2,0.086,0.194,0.0,0.0,0.2,0.8,0.31,-0.009,0.058,2.027,16.08,OFF,PAPER,0
14.74,MANUAL,IDLE,,0,0.0,0.75,-4.24,1.2,0.08,0.2,0.0,0.0,0.3,0.9,-0.267,-0.019,-0.012,2.03,17.76,OFF,PAPER,0
14.76,MANUAL,IDLE,,0,0.0,0.752,-4.236,1.2,0.075,0.195,0.0,-0.1,0.4,0.9,-0.223,-0.009,0.11,1.994,11.89,OFF,PAPER,0
14.78,MANUAL,IDLE,,0,0.0,0.753,-4.233,1.2,0.074,0.198,0.0,-0.1,0.5,1.0,0.248,-0.018,0.116,1.969,9.46,OFF,PAPER,0
14.8,MANUAL,IDLE,,0,0.0,0.755,-4.229,1.2,0.088,0.197,0.0,-0.1,0.3,1.2,0.206,-0.299,0.136,1.992,15.79,OFF,PAPER,0
14.82,MANUAL,IDLE,,0,0.0,0.757,-4.225,1.2,0.091,0.196,0.0,-0.2,0.1,1.4,-0.088,0.248,0.196,1.975,6.81,OFF,PAPER,0
14.84,MANUAL,IDLE,,0,0.0,0.759,-4.221,1.2,0.09,0.199,0.0,-0.1,0.1,1.5,0.061,0.089,0.093,1.98,10.74,OFF,PAPER,0
14.86,MANUAL,IDLE,,0,0.0,0.761,-4.217,1.2,0.097,0.2,0.0,-0.0,0.0,1.6,-0.407,-0.324,0.081,1.985,9.8,OFF,PAPER,0
14.88,MANUAL,IDLE,,0,0.0,0.762,-4.213,1.2,0.096,0.204,0.0,-0.0,-0.0,1.6,-0.204,0.314,0.02,2.009,13.39,OFF,PAPER,0
14.9,MANUAL,IDLE,,0,0.0,0.764,-4.209,1.2,0.099,0.206,0.0,0.0,-0.1,1.6,-0.048,-0.02,-0.044,1.985,9.53,OFF,PAPER,0
14.92,MANUAL,IDLE,,0,0.0,0.766,-4.204,1.2,0.101,0.201,0.0,-0.0,-0.1,1.6,-0.239,-0.146,-0.052,1.962,8.39,OFF,PAPER,0
14.94,MANUAL,IDLE,,0,0.0,0.768,-4.2,1.2,0.094,0.192,0.0,-0.1,0.0,1.4,-0.233,0.223,-0.156,1.979,8.01,OFF,PAPER,0
14.96,MANUAL,IDLE,,0,0.0,0.77,-4.197,1.2,0.096,0.191,0.0,-0.1,-0.0,1.2,0.113,0.125,-0.123,1.989,9.62,OFF,PAPER,0
14.98,MANUAL,IDLE,,0,0.0,0.772,-4.193,1.2,0.085,0.187,0.0,-0.2,0.1,1.1,0.04,0.137,-0.068,1.97,9.58,OFF,PAPER,0
15.0,MANUAL,IDLE,,0,0.0,0.774,-4.189,1.2,0.085,0.18,0.0,-0.3,0.2,1.0,-0.062,0.42,-0.071,1.974,13.23,OFF,PAPER,0
15.02,MANUAL,IDLE,,0,0.0,0.776,-4.186,1.2,0.091,0.179,0.0,-0.2,0.1,0.9,0.052,-0.235,-0.123,1.968,8.42,OFF,PAPER,0
15.04,MANUAL,IDLE,,0,0.0,0.777,-4.182,1.2,0.089,0.181,0.0,-0.1,0.2,0.8,0.236,0.198,-0.098,2.017,14.14,OFF,PAPER,0
15.06,MANUAL,IDLE,,0,0.0,0.779,-4.178,1.2,0.094,0.173,0.0,-0.3,0.1,0.7,-0.203,0.158,-0.064,1.997,10.71,OFF,PAPER,0
15.08,MANUAL,IDLE,,0,0.0,0.781,-4.175,1.2,0.095,0.187,0.0,-0.1,0.2,0.6,0.303,0.067,-0.132,2.01,14.41,OFF,PAPER,0
15.1,MANUAL,IDLE,,0,0.0,0.783,-4.171,1.2,0.096,0.184,0.0,-0.1,0.2,0.5,0.159,0.097,-0.139,1.963,4.58,OFF,PAPER,0
15.12,MANUAL,IDLE,,0,0.0,0.785,-4.168,1.2,0.1,0.179,0.0,-0.2,0.1,0.3,-0.205,-0.087,-0.127,2.006,12.11,OFF,PAPER,0
15.14,MANUAL,IDLE,,0,0.0,0.787,-4.164,1.2,0.102,0.179,0.0,-0.3,0.1,0.2,0.266,0.17,-0.085,2.006,12.03,OFF,PAPER,0
15.16,MANUAL,IDLE,,0,0.0,0.789,-4.16,1.2,0.102,0.181,0.0,-0.2,0.1,0.2,-0.134,0.263,-0.027,2.032,15.34,OFF,PAPER,0
15.18,MANUAL,IDLE,,0,0.0,0.791,-4.157,1.2,0.098,0.183,0.0,-0.2,0.2,0.1,0.052,-0.021,-0.048,1.972,5.82,OFF,PAPER,0
15.2,MANUAL,IDLE,,0,0.0,0.793,-4.153,1.2,0.105,0.185,0.0,-0.2,0.1,0.1,-0.091,-0.108,0.009,2.009,16.38,OFF,PAPER,0
15.22,MANUAL,IDLE,,0,0.0,0.795,-4.149,1.2,0.103,0.19,0.0,-0.1,0.1,0.1,0.115,0.261,-0.057,1.968,7.71,OFF,PAPER,0
15.24,MANUAL,IDLE,,0,0.0,0.797,-4.146,1.2,0.102,0.193,0.0,-0.0,0.2,0.0,0.109,-0.364,-0.033,1.986,9.17,OFF,PAPER,0
15.26,MANUAL,IDLE,,0,0.0,0.799,-4.142,1.2,0.113,0.189,0.0,-0.0,0.0,0.0,0.072,0.009,-0.056,1.988,9.82,OFF,PAPER,0
15.28,MANUAL,IDLE,,0,0.0,0.802,-4.138,1.2,0.12,0.193,0.0,0.0,-0.1,-0.1,0.238,-0.263,-0.135,1.982,8.46,OFF,PAPER,0
15.3,MANUAL,IDLE,,0,0.0,0.804,-4.134,1.2,0.12,0.201,0.0,0.2,-0.1,-0.2,0.115,-0.241,-0.058,2.01,13.69,OFF,PAPER,0
15.32,MANUAL,IDLE,,0,0.0,0.806,-4.13,1.2,0.124,0.203,0.0,0.3,-0.2,-0.3,0.075,0.139,-0.059,1.975,9.0,OFF,PAPER,0
15.34,MANUAL,IDLE,,0,0.0,0.809,-4.126,1.2,0.127,0.196,0.0,0.2,-0.3,-0.4,-0.378,-0.152,-0.044,1.97,5.44,OFF,PAPER,0
15.36,MANUAL,IDLE,,0,0.0,0.811,-4.122,1.2,0.124,0.19,0.0,0.1,-0.3,-0.5,-0.183,0.131,-0.157,2.025,18.64,OFF,PAPER,0
15.38,MANUAL,IDLE,,0,0.0,0.814,-4.118,1.2,0.114,0.197,0.0,0.2,-0.1,-0.6,-0.111,-0.187,-0.017,2.025,15.25,OFF,PAPER,0
15.4,MANUAL,IDLE,,0,0.0,0.816,-4.114,1.2,0.113,0.19,0.0,0.2,-0.2,-0.6,-0.17,0.028,-0.097,1.985,12.22,OFF,PAPER,0
15.42,MANUAL,IDLE,,0,0.0,0.818,-4.111,1.2,0.109,0.18,0.0,0.0,-0.1,-0.7,-0.053,-0.311,-0.127,1.994,10.83,OFF,PAPER,0
15.44,MANUAL,IDLE,,0,0.0,0.82,-4.107,1.2,0.101,0.182,0.0,0.1,-0.0,-0.9,-0.044,0.328,-0.129,1.977,7.09,OFF,PAPER,0
15.46,MANUAL,IDLE,,0,0.0,0.822,-4.103,1.2,0.097,0.177,0.0,0.0,0.2,-1.1,-0.207,-0.053,-0.174,2.018,14.08,OFF,PAPER,0
15.48,MANUAL,IDLE,,0,0.0,0.824,-4.1,1.2,0.093,0.175,0.0,-0.1,0.3,-1.3,0.045,-0.08,-0.118,2.005,11.83,OFF,PAPER,0
15.5,MANUAL,IDLE,,0,0.0,0.826,-4.096,1.2,0.096,0.171,0.0,-0.1,0.3,-1.3,-0.348,-0.348,-0.068,1.981,8.86,OFF,PAPER,0
15.52,MANUAL,IDLE,,0,0.0,0.828,-4.093,1.2,0.094,0.174,0.0,-0.1,0.3,-1.4,0.134,0.092,-0.065,1.994,10.34,OFF,PAPER,0
15.54,MANUAL,IDLE,,0,0.0,0.83,-4.09,1.2,0.095,0.178,0.0,-0.1,0.4,-1.5,-0.023,0.025,-0.025,2.024,14.24,OFF,PAPER,0
15.56,MANUAL,IDLE,,0,0.0,0.832,-4.086,1.2,0.099,0.175,0.0,-0.1,0.3,-1.4,0.195,0.037,0.118,2.004,12.82,OFF,PAPER,0
15.58,MANUAL,IDLE,,0,0.0,0.834,-4.082,1.2,0.103,0.179,0.0,0.0,0.2,-1.3,0.035,-0.036,0.035,1.977,13.12,OFF,PAPER,0
15.6,MANUAL,IDLE,,0,0.0,0.836,-4.079,1.2,0.105,0.18,0.0,0.1,0.2,-1.2,-0.188,0.143,0.07,1.981,10.27,OFF,PAPER,0
15.62,MANUAL,IDLE,,0,0.0,0.838,-4.075,1.2,0.107,0.18,0.0,0.0,0.2,-1.1,0.14,-0.137,0.146,1.978,13.01,OFF,PAPER,0
15.64,MANUAL,IDLE,,0,0.0,0.84,-4.072,1.2,0.106,0.172,0.0,-0.1,0.2,-0.9,-0.248,0.019,0.086,1.993,10.25,OFF,PAPER,0
15.66,MANUAL,IDLE,,0,0.0,0.842,-4.068,1.2,0.096,0.176,0.0,-0.1,0.3,-0.8,0.087,0.243,0.107,1.992,10.08,OFF,PAPER,0
15.68,MANUAL,IDLE,,0,0.0,0.844,-4.065,1.2,0.1,0.176,0.0,-0.1,0.3,-0.7,-0.053,-0.257,0.094,1.974,9.39,OFF,PAPER,0
15.7,MANUAL,IDLE,,0,0.0,0.846,-4.061,1.2,0.104,0.175,0.0,-0.1,0.3,-0.6,-0.239,-0.09,0.092,1.973,13.98,OFF,PAPER,0
15.72,MANUAL,IDLE,,0,0.0,0.848,-4.058,1.2,0.103,0.177,0.0,-0.1,0.3,-0.5,-0.231,0.042,0.078,2.0,14.03,OFF,PAPER,0
15.74,MANUAL,IDLE,,0,0.0,0.85,-4.054,1.2,0.107,0.179,0.0,-0.0,0.2,-0.4,-0.135,0.183,0.098,1.989,10.07,OFF,PAPER,0
15.76,MANUAL,IDLE,,0,0.0,0.853,-4.05,1.2,0.109,0.181,0.0,0.1,0.1,-0.4,-0.211,-0.119,0.046,1.987,13.06,OFF,PAPER,0
15.78,MANUAL,IDLE,,0,0.0,0.855,-4.047,1.2,0.104,0.18,0.0,0.1,0.1,-0.3,0.029,0.317,0.034,1.991,10.59,OFF,PAPER,0
15.8,MANUAL,IDLE,,0,0.0,0.857,-4.043,1.2,0.099,0.188,0.0,0.2,0.3,-0.3,0.058,0.06,-0.032,1.97,5.41,OFF,PAPER,0
15.82,MANUAL,IDLE,,0,0.0,0.859,-4.039,1.2,0.096,0.188,0.0,0.1,0.4,-0.3,-0.131,-0.231,-0.077,1.99,14.79,OFF,PAPER,0
15.84,MANUAL,IDLE,,0,0.0,0.861,-4.036,1.2,0.089,0.178,0.0,-0.1,0.5,-0.4,0.109,0.212,-0.158,1.976,11.54,OFF,PAPER,0
15.86,MANUAL,IDLE,,0,0.0,0.862,-4.032,1.2,0.093,0.182,0.0,-0.0,0.5,-0.6,0.175,0.125,-0.161,1.975,12.73,OFF,PAPER,0
15.88,MANUAL,IDLE,,0,0.0,0.864,-4.029,1.2,0.099,0.181,0.0,-0.1,0.4,-0.7,0.067,-0.204,-0.097,1.984,14.28,OFF,PAPER,0
15.9,MANUAL,IDLE,,0,0.0,0.866,-4.025,1.2,0.103,0.184,0.0,0.1,0.3,-0.9,0.048,0.142,-0.11,1.982,8.63,OFF,PAPER,0
15.92,MANUAL,IDLE,,0,0.0,0.868,-4.021,1.2,0.098,0.181,0.0,0.0,0.4,-1.0,0.098,-0.26,-0.14,1.976,8.86,OFF,PAPER,0
15.94,MANUAL,IDLE,,0,0.0,0.87,-4.018,1.2,0.099,0.18,0.0,0.1,0.4,-1.2,0.243,0.202,-0.123,1.998,10.93,OFF,PAPER,0
15.96,MANUAL,IDLE,,0,0.0,0.872,-4.014,1.2,0.104,0.182,0.0,0.1,0.3,-1.3,0.335,0.046,-0.021,2.003,12.93,OFF,PAPER,0
15.98,MANUAL,IDLE,,0,0.0,0.874,-4.01,1.2,0.107,0.186,0.0,0.2,0.2,-1.3,0.129,-0.205,-0.034,2.011,13.55,OFF,PAPER,0
16.0,MANUAL,IDLE,,0,0.0,0.876,-4.007,1.2,0.107,0.184,0.0,0.2,0.2,-1.4,0.037,0.065,-0.089,1.994,15.63,OFF,PAPER,0
16.02,MANUAL,IDLE,,0,0.0,0.878,-4.003,1.2,0.1,0.186,0.0,0.1,0.3,-1.4,0.08,0.139,0.089,1.99,12.75,OFF,PAPER,0
16.04,MANUAL,IDLE,,0,0.0,0.88,-3.999,1.2,0.096,0.189,0.0,0.1,0.4,-1.3,0.001,-0.026,0.075,2.007,12.79,OFF,PAPER,0
16.06,MANUAL,IDLE,,0,0.0,0.882,-3.995,1.2,0.099,0.203,0.0,0.3,0.4,-1.2,0.09,0.184,0.045,1.99,15.4,OFF,PAPER,0
16.08,MANUAL,IDLE,,0,0.0,0.884,-3.991,1.2,0.1,0.21,0.0,0.3,0.5,-1.1,0.041,0.215,0.04,1.974,11.41,OFF,PAPER,0
16.1,MANUAL,IDLE,,0,0.0,0.886,-3.987,1.2,0.1,0.207,0.0,0.3,0.5,-1.1,-0.17,0.021,0.078,1.973,7.56,OFF,PAPER,0
16.12,MANUAL,IDLE,,0,0.0,0.888,-3.983,1.2,0.103,0.213,0.0,0.4,0.5,-1.0,-0.174,-0.05,0.099,1.97,5.48,OFF,PAPER,0
16.14,MANUAL,IDLE,,0,0.0,0.89,-3.979,1.2,0.105,0.212,0.0,0.5,0.5,-0.9,-0.004,-0.208,-0.028,1.981,13.55,OFF,PAPER,0
16.16,MANUAL,IDLE,,0,0.0,0.893,-3.974,1.2,0.104,0.212,0.0,0.5,0.5,-0.9,-0.043,-0.152,-0.006,1.974,8.83,OFF,PAPER,0
16.18,MANUAL,IDLE,,0,0.0,0.895,-3.97,1.2,0.104,0.207,0.0,0.4,0.5,-0.9,-0.198,-0.266,-0.012,1.971,6.38,OFF,PAPER,0
16.2,MANUAL,IDLE,,0,0.0,0.897,-3.966,1.2,0.105,0.205,0.0,0.2,0.4,-0.9,-0.158,0.053,0.003,1.967,9.93,OFF,PAPER,0
16.22,MANUAL,IDLE,,0,0.0,0.899,-3.962,1.2,0.094,0.199,0.0,0.1,0.6,-0.9,0.19,0.246,0.043,2.036,16.06,OFF,PAPER,0
16.24,MANUAL,IDLE,,0,0.0,0.901,-3.958,1.2,0.097,0.203,0.0,0.2,0.6,-0.9,-0.355,-0.067,-0.05,1.973,8.41,OFF,PAPER,0
16.26,MANUAL,IDLE,,0,0.0,0.903,-3.954,1.2,0.104,0.207,0.0,0.3,0.6,-0.9,0.087,-0.038,-0.068,2.007,13.18,OFF,PAPER,0
16.28,MANUAL,IDLE,,0,0.0,0.905,-3.95,1.2,0.107,0.207,0.0,0.3,0.5,-1.1,-0.159,-0.255,-0.184,1.998,12.92,OFF,PAPER,0
16.3,MANUAL,IDLE,,0,0.0,0.907,-3.946,1.2,0.097,0.212,0.0,0.3,0.7,-1.2,0.404,0.174,-0.116,1.997,13.95,OFF,PAPER,0
16.32,MANUAL,IDLE,,0,0.0,0.909,-3.941,1.2,0.102,0.208,0.0,0.3,0.6,-1.4,0.055,0.229,-0.149,1.975,14.16,OFF,PAPER,0
16.34,MANUAL,IDLE,,0,0.0,0.911,-3.937,1.2,0.102,0.208,0.0,0.3,0.5,-1.6,-0.223,-0.012,-0.164,1.989,10.64,OFF,PAPER,0
16.36,MANUAL,IDLE,,0,0.0,0.913,-3.933,1.2,0.101,0.204,0.0,0.2,0.6,-1.7,-0.098,0.167,-0.015,1.984,10.97,OFF,PAPER,0
16.38,MANUAL,IDLE,,0,0.0,0.915,-3.929,1.2,0.111,0.196,0.0,0.1,0.5,-1.7,-0.237,-0.113,-0.028,2.022,16.28,OFF,PAPER,0
16.4,MANUAL,IDLE,,0,0.0,0.917,-3.925,1.2,0.111,0.188,0.0,-0.1,0.5,-1.7,0.017,-0.049,0.062,1.969,9.65,OFF,PAPER,0
16.42,MANUAL,IDLE,,0,0.0,0.919,-3.921,1.2,0.109,0.194,0.0,-0.0,0.5,-1.6,0.171,0.103,0.029,1.966,8.8,OFF,PAPER,0
16.44,MANUAL,IDLE,,0,0.0,0.922,-3.917,1.2,0.107,0.203,0.0,0.1,0.6,-1.6,-0.286,0.188,-0.044,1.968,6.53,OFF,PAPER,0
16.46,MANUAL,IDLE,,0,0.0,0.924,-3.913,1.2,0.106,0.204,0.0,0.1,0.6,-1.6,-0.22,-0.168,-0.069,1.981,8.04,OFF,PAPER,0
16.48,MANUAL,IDLE,,0,0.0,0.926,-3.909,1.2,0.112,0.2,0.0,0.0,0.6,-1.7,-0.295,0.039,-0.075,2.006,14.85,OFF,PAPER,0
16.5,MANUAL,IDLE,,0,0.0,0.928,-3.905,1.2,0.12,0.2,0.0,-0.1,0.3,-1.8,0.097,-0.043,-0.041,1.968,11.37,OFF,PAPER,0
16.52,MANUAL,IDLE,,0,0.0,0.931,-3.901,1.2,0.123,0.194,0.0,-0.2,0.3,-1.8,0.084,0.233,0.075,1.965,5.21,OFF,PAPER,0
16.54,MANUAL,IDLE,,0,0.0,0.933,-3.897,1.2,0.122,0.19,0.0,-0.3,0.4,-1.7,-0.086,0.087,0.066,2.005,17.13,OFF,PAPER,0
16.56,MANUAL,IDLE,,0,0.0,0.936,-3.894,1.2,0.123,0.187,0.0,-0.4,0.4,-1.7,-0.336,-0.51,0.087,2.017,13.51,OFF,PAPER,0
16.58,MANUAL,IDLE,,0,0.0,0.938,-3.89,1.2,0.128,0.188,0.0,-0.4,0.2,-1.5,-0.018,0.164,0.155,2.023,16.15,OFF,PAPER,0
16.6,MANUAL,IDLE,,0,0.0,0.941,-3.886,1.2,0.122,0.184,0.0,-0.4,0.2,-1.4,-0.323,0.228,0.084,2.013,17.61,OFF,PAPER,0
16.62,MANUAL,IDLE,,0,0.0,0.943,-3.883,1.2,0.13,0.18,0.0,-0.5,0.1,-1.3,0.048,-0.204,0.045,1.964,4.57,OFF,PAPER,0
16.64,MANUAL,IDLE,,0,0.0,0.946,-3.879,1.2,0.129,0.188,0.0,-0.4,0.1,-1.2,0.223,0.114,0.116,2.006,12.71,OFF,PAPER,0
16.66,MANUAL,IDLE,,0,0.0,0.948,-3.875,1.2,0.136,0.195,0.0,-0.4,0.0,-1.0,0.193,0.118,0.094,1.967,7.86,OFF,PAPER,0
16.68,MANUAL,IDLE,,0,0.0,0.951,-3.871,1.2,0.137,0.188,0.0,-0.5,0.1,-0.9,0.011,0.079,0.124,1.985,14.23,OFF,PAPER,0
16.7,MANUAL,IDLE,,0,0.0,0.954,-3.868,1.2,0.135,0.176,0.0,-0.6,0.1,-0.7,-0.132,0.284,0.133,2.0,11.34,OFF,PAPER,0
16.72,MANUAL,IDLE,,0,0.0,0.957,-3.864,1.2,0.13,0.166,0.0,-0.9,0.3,-0.6,-0.255,-0.349,0.09,1.973,9.22,OFF,PAPER,0
16.74,MANUAL,IDLE,,0,0.0,0.959,-3.861,1.2,0.127,0.167,0.0,-0.8,0.3,-0.5,0.091,0.058,0.051,2.005,13.92,OFF,PAPER,0
16.76,MANUAL,IDLE,,0,0.0,0.962,-3.858,1.2,0.131,0.165,0.0,-0.8,0.3,-0.5,0.051,-0.003,-0.049,1.98,12.17,OFF,PAPER,0
16.78,MANUAL,IDLE,,0,0.0,0.964,-3.854,1.2,0.132,0.168,0.0,-0.8,0.2,-0.6,-0.378,-0.24,-0.123,1.982,10.77,OFF,PAPER,0
16.8,MANUAL,IDLE,,0,0.0,0.967,-3.851,1.2,0.127,0.172,0.0,-0.9,0.3,-0.7,-0.087,-0.044,0.041,1.98,7.98,OFF,PAPER,0
16.82,MANUAL,IDLE,,0,0.0,0.969,-3.847,1.2,0.13,0.174,0.0,-1.0,0.3,-0.7,-0.017,0.223,-0.108,2.016,14.35,OFF,PAPER,0
16.84,MANUAL,IDLE,,0,0.0,0.972,-3.844,1.2,0.131,0.178,0.0,-0.9,0.4,-0.8,0.157,-0.199,-0.094,1.965,4.69,OFF,PAPER,0
16.86,MANUAL,IDLE,,0,0.0,0.975,-3.84,1.2,0.134,0.188,0.0,-0.9,0.3,-0.9,0.148,-0.003,-0.05,1.993,13.25,OFF,PAPER,0
16.88,MANUAL,IDLE,,0,0.0,0.977,-3.836,1.2,0.133,0.199,0.0,-0.7,0.4,-0.9,0.161,0.285,-0.078,1.965,8.48,OFF,PAPER,0
16.9,MANUAL,IDLE,,0,0.0,0.98,-3.832,1.2,0.13,0.205,0.0,-0.6,0.4,-1.0,0.264,-0.211,-0.012,1.964,7.13,OFF,PAPER,0
16.92,MANUAL,IDLE,,0,0.0,0.982,-3.828,1.2,0.126,0.202,0.0,-0.8,0.4,-1.0,0.18,0.263,0.029,1.967,9.98,OFF,PAPER,0
16.94,MANUAL,IDLE,,0,0.0,0.985,-3.824,1.2,0.124,0.204,0.0,-0.8,0.5,-1.0,-0.116,0.174,-0.039,1.992,14.27,OFF,PAPER,0
16.96,MANUAL,IDLE,,0,0.0,0.987,-3.82,1.2,0.12,0.199,0.0,-0.9,0.6,-1.1,0.104,-0.078,-0.017,1.967,10.42,OFF,PAPER,0
16.98,MANUAL,IDLE,,0,0.0,0.99,-3.816,1.2,0.125,0.194,0.0,-0.9,0.5,-1.1,0.037,-0.411,-0.07,1.971,10.89,OFF,PAPER,0
17.0,MANUAL,IDLE,,0,0.0,0.992,-3.812,1.2,0.124,0.193,0.0,-0.9,0.5,-1.1,-0.012,-0.239,-0.058,1.984,8.96,OFF,PAPER,0
17.02,MANUAL,IDLE,,0,0.0,0.995,-3.809,1.2,0.136,0.189,0.0,-1.0,0.3,-1.2,0.013,-0.261,-0.005,1.996,11.16,OFF,PAPER,0
17.04,MANUAL,IDLE,,0,0.0,0.998,-3.805,1.2,0.143,0.193,0.0,-1.0,0.1,-1.1,-0.12,-0.217,0.064,1.993,12.34,OFF,PAPER,0
17.06,MANUAL,IDLE,,0,0.0,1.001,-3.801,1.2,0.141,0.193,0.0,-1.2,0.2,-1.1,-0.008,0.121,-0.015,2.0,11.4,OFF,PAPER,0
17.08,MANUAL,IDLE,,0,0.0,1.003,-3.797,1.2,0.15,0.201,0.0,-1.0,0.1,-1.2,-0.068,-0.137,-0.113,2.019,13.71,OFF,PAPER,0
17.1,MANUAL,IDLE,,0,0.0,1.007,-3.793,1.2,0.157,0.208,0.0,-1.0,-0.1,-1.4,-0.12,-0.119,-0.09,1.996,14.7,OFF,PAPER,0
17.12,MANUAL,IDLE,,0,0.0,1.01,-3.789,1.2,0.161,0.212,0.0,-1.0,-0.1,-1.4,0.074,-0.213,-0.057,1.996,12.76,OFF,PAPER,0
17.14,MANUAL,IDLE,,0,0.0,1.013,-3.784,1.2,0.158,0.213,0.0,-0.9,-0.1,-1.5,0.062,0.048,-0.054,1.988,11.3,OFF,PAPER,0
17.16,MANUAL,IDLE,,0,0.0,1.016,-3.78,1.2,0.154,0.212,0.0,-0.9,-0.2,-1.5,0.212,0.34,0.009,1.965,4.27,OFF,PAPER,0
17.18,MANUAL,IDLE,,0,0.0,1.019,-3.776,1.2,0.143,0.214,0.0,-0.7,-0.0,-1.4,0.045,0.041,0.073,1.992,14.54,OFF,PAPER,0
17.2,MANUAL,IDLE,,0,0.0,1.022,-3.772,1.2,0.154,0.213,0.0,-0.8,-0.2,-1.3,0.042,-0.139,0.05,1.996,13.69,OFF,PAPER,0
17.22,MANUAL,IDLE,,0,0.0,1.025,-3.767,1.2,0.153,0.22,0.0,-0.7,-0.3,-1.3,-0.07,0.109,0.008,1.984,12.06,OFF,PAPER,0
17.24,MANUAL,IDLE,,0,0.0,1.028,-3.763,1.2,0.152,0.221,0.0,-0.7,-0.2,-1.3,0.001,-0.012,-0.01,1.965,7.17,OFF,PAPER,0
17.26,MANUAL,IDLE,,0,0.0,1.031,-3.759,1.2,0.146,0.222,0.0,-0.8,0.0,-1.3,-0.012,-0.159,0.009,1.967,4.34,OFF,PAPER,0
17.28,MANUAL,IDLE,,0,0.0,1.034,-3.754,1.2,0.14,0.223,0.0,-0.8,0.2,-1.2,0.244,-0.181,0.059,1.979,7.49,OFF,PAPER,0
17.3,MANUAL,IDLE,,0,0.0,1.037,-3.75,1.2,0.146,0.226,0.0,-0.7,0.1,-1.2,-0.277,-0.109,0.055,1.992,10.06,OFF,PAPER,0
17.32,MANUAL,IDLE,,0,0.0,1.04,-3.745,1.2,0.144,0.229,0.0,-0.7,0.1,-1.1,-0.181,-0.184,0.082,2.008,16.62,OFF,PAPER,0
17.34,MANUAL,IDLE,,0,0.0,1.042,-3.741,1.2,0.138,0.227,0.0,-0.7,0.2,-1.0,-0.329,0.27,0.057,1.967,8.31,OFF,PAPER,0
17.36,MANUAL,IDLE,,0,0.0,1.045,-3.736,1.2,0.137,0.237,0.0,-0.7,0.3,-0.9,0.033,-0.186,-0.014,1.983,13.0,OFF,PAPER,0
17.38,MANUAL,IDLE,,0,0.0,1.048,-3.731,1.2,0.146,0.231,0.0,-0.7,0.0,-0.9,-0.073,-0.111,0.047,1.968,9.37,OFF,PAPER,0
17.4,MANUAL,IDLE,,0,0.0,1.051,-3.727,1.2,0.143,0.237,0.0,-0.6,0.0,-0.8,0.176,0.354,0.164,2.001,15.3,OFF,PAPER,0
17.42,MANUAL,IDLE,,0,0.0,1.054,-3.722,1.2,0.139,0.243,0.0,-0.6,0.1,-0.6,-0.019,0.297,0.24,1.966,7.94,OFF,PAPER,0
17.44,MANUAL,IDLE,,0,0.0,1.057,-3.717,1.2,0.14,0.244,0.0,-0.5,0.2,-0.3,-0.003,-0.162,0.199,2.031,15.04,OFF,PAPER,0
17.46,MANUAL,IDLE,,0,0.0,1.059,-3.712,1.2,0.137,0.234,0.0,-0.7,0.3,-0.1,-0.495,0.472,0.18,2.011,15.61,OFF,PAPER,0
17.48,MANUAL,IDLE,,0,0.0,1.062,-3.707,1.2,0.133,0.238,0.0,-0.7,0.5,0.1,-0.252,-0.012,0.077,1.967,8.8,OFF,PAPER,0
17.5,MANUAL,IDLE,,0,0.0,1.065,-3.702,1.2,0.135,0.25,0.0,-0.5,0.5,0.1,0.17,0.04,0.007,2.038,18.7,OFF,PAPER,0
17.52,MANUAL,IDLE,,0,0.0,1.068,-3.697,1.2,0.135,0.254,0.0,-0.5,0.5,0.1,-0.164,0.182,-0.007,1.968,7.53,OFF,PAPER,0
17.54,MANUAL,IDLE,,0,0.0,1.07,-3.692,1.2,0.136,0.243,0.0,-0.6,0.5,0.1,-0.019,-0.263,0.006,1.965,7.81,OFF,PAPER,0
17.56,MANUAL,IDLE,,0,0.0,1.073,-3.688,1.2,0.135,0.238,0.0,-0.7,0.5,0.2,0.029,-0.321,0.12,1.981,8.7,OFF,PAPER,0
17.58,MANUAL,IDLE,,0,0.0,1.076,-3.683,1.2,0.139,0.237,0.0,-0.7,0.4,0.3,0.008,-0.041,0.078,2.002,12.34,OFF,PAPER,0
17.6,MANUAL,IDLE,,0,0.0,1.078,-3.678,1.2,0.14,0.229,0.0,-0.8,0.4,0.4,-0.242,-0.233,0.111,1.966,3.84,OFF,PAPER,0
17.62,MANUAL,IDLE,,0,0.0,1.081,-3.674,1.2,0.144,0.235,0.0,-0.6,0.3,0.5,-0.135,0.155,0.091,1.97,8.36,OFF,PAPER,0
17.64,MANUAL,IDLE,,0,0.0,1.084,-3.669,1.2,0.145,0.238,0.0,-0.6,0.2,0.6,0.159,-0.177,-0.027,1.977,9.53,OFF,PAPER,0
17.66,MANUAL,IDLE,,0,0.0,1.087,-3.664,1.2,0.135,0.234,0.0,-0.7,0.3,0.5,-0.241,0.296,-0.067,1.964,8.07,OFF,PAPER,0
17.68,MANUAL,IDLE,,0,0.0,1.09,-3.659,1.2,0.141,0.231,0.0,-0.8,0.3,0.5,-0.063,-0.213,-0.035,1.965,3.51,OFF,PAPER,0
17.7,MANUAL,IDLE,,0,0.0,1.092,-3.655,1.2,0.133,0.234,0.0,-0.8,0.3,0.5,-0.318,-0.212,-0.033,2.024,17.75,OFF,PAPER,0
17.72,MANUAL,IDLE,,0,0.0,1.095,-3.65,1.2,0.133,0.228,0.0,-1.0,0.3,0.5,-0.034,0.312,-0.005,1.973,11.2,OFF,PAPER,0
17.74,MANUAL,IDLE,,0,0.0,1.098,-3.646,1.2,0.138,0.227,0.0,-1.0,0.1,0.5,0.148,-0.117,-0.026,2.002,11.77,OFF,PAPER,0
17.76,MANUAL,IDLE,,0,0.0,1.101,-3.641,1.2,0.136,0.222,0.0,-1.0,0.1,0.4,0.033,-0.006,-0.055,1.971,6.75,OFF,PAPER,0
17.78,MANUAL,IDLE,,0,0.0,1.103,-3.637,1.2,0.132,0.224,0.0,-1.1,0.2,0.3,-0.044,-0.288,-0.129,1.982,8.44,OFF,PAPER,0
17.8,MANUAL,IDLE,,0,0.0,1.106,-3.632,1.2,0.133,0.225,0.0,-1.0,0.2,0.2,-0.082,-0.138,-0.106,1.977,10.84,OFF,PAPER,0
17.82,MANUAL,IDLE,,0,0.0,1.109,-3.628,1.2,0.134,0.228,0.0,-1.0,0.2,0.0,0.287,-0.203,-0.064,1.99,10.03,OFF,PAPER,0
17.84,MANUAL,IDLE,,0,0.0,1.111,-3.623,1.2,0.136,0.228,0.0,-1.0,0.1,-0.0,0.266,-0.189,-0.039,2.031,15.26,OFF,PAPER,0
17.86,MANUAL,IDLE,,0,0.0,1.114,-3.618,1.2,0.132,0.234,0.0,-0.9,0.3,-0.1,0.248,0.096,-0.049,2.006,12.09,OFF,PAPER,0
17.88,MANUAL,IDLE,,0,0.0,1.116,-3.614,1.2,0.129,0.236,0.0,-0.8,0.3,-0.1,-0.025,0.023,0.08,1.995,10.4,OFF,PAPER,0
17.9,MANUAL,IDLE,,0,0.0,1.119,-3.609,1.2,0.128,0.238,0.0,-0.8,0.4,-0.1,-0.086,-0.138,-0.034,2.016,14.67,OFF,PAPER,0
17.92,MANUAL,IDLE,,0,0.0,1.122,-3.604,1.2,0.128,0.248,0.0,-0.7,0.4,-0.1,-0.11,-0.011,-0.009,2.006,13.15,OFF,PAPER,0
17.94,MANUAL,IDLE,,0,0.0,1.124,-3.599,1.2,0.131,0.248,0.0,-0.7,0.3,-0.0,-0.222,0.149,0.079,1.987,12.68,OFF,PAPER,0
17.96,MANUAL,IDLE,,0,0.0,1.127,-3.594,1.2,0.12,0.257,0.0,-0.6,0.5,0.1,-0.187,0.154,0.034,1.984,12.61,OFF,PAPER,0
17.98,MANUAL,IDLE,,0,0.0,1.129,-3.589,1.2,0.123,0.266,0.0,-0.4,0.4,0.1,-0.04,0.181,-0.008,1.998,13.23,OFF,PAPER,0
18.0,MANUAL,IDLE,,0,0.0,1.132,-3.583,1.2,0.127,0.272,0.0,-0.4,0.4,0.0,0.205,-0.102,0.012,1.99,11.73,OFF,PAPER,0
18.02,MANUAL,IDLE,,0,0.0,1.134,-3.578,1.2,0.131,0.277,0.0,-0.3,0.3,-0.0,0.019,-0.034,-0.138,1.993,13.35,OFF,PAPER,0
18.04,MANUAL,IDLE,,0,0.0,1.137,-3.572,1.2,0.123,0.28,0.0,-0.2,0.4,-0.1,0.038,-0.015,-0.094,1.965,6.87,OFF,PAPER,0
18.06,MANUAL,IDLE,,0,0.0,1.139,-3.567,1.2,0.128,0.283,0.0,-0.2,0.4,-0.2,-0.05,-0.218,-0.054,1.99,12.95,OFF,PAPER,0
18.08,MANUAL,IDLE,,0,0.0,1.142,-3.561,1.2,0.133,0.289,0.0,-0.1,0.3,-0.3,0.206,-0.157,-0.003,1.988,9.27,OFF,PAPER,0
18.1,MANUAL,IDLE,,0,0.0,1.145,-3.555,1.2,0.135,0.293,0.0,-0.0,0.3,-0.2,-0.059,-0.059,0.069,1.988,15.21,OFF,PAPER,0
18.12,MANUAL,IDLE,,0,0.0,1.147,-3.549,1.2,0.129,0.298,0.0,0.1,0.4,-0.1,0.137,0.001,0.096,1.974,11.11,OFF,PAPER,0
18.14,MANUAL,IDLE,,0,0.0,1.15,-3.543,1.2,0.134,0.296,0.0,0.1,0.3,-0.0,0.149,-0.186,0.002,2.007,12.12,OFF,PAPER,0
18.16,MANUAL,IDLE,,0,0.0,1.152,-3.537,1.2,0.131,0.301,0.0,0.2,0.3,-0.1,-0.208,0.382,-0.032,2.035,16.8,OFF,PAPER,0
18.18,MANUAL,IDLE,,0,0.0,1.155,-3.531,1.2,0.131,0.305,0.0,0.2,0.3,-0.1,0.362,0.225,0.036,1.99,9.73,OFF,PAPER,0
18.2,MANUAL,IDLE,,0,0.0,1.158,-3.525,1.2,0.144,0.309,0.0,0.3,0.1,-0.1,0.002,-0.427,-0.06,1.979,10.66,OFF,PAPER,0
18.22,MANUAL,IDLE,,0,0.0,1.161,-3.519,1.2,0.139,0.304,0.0,0.1,0.2,-0.1,-0.258,-0.006,-0.074,1.964,4.81,OFF,PAPER,0
18.24,MANUAL,IDLE,,0,0.0,1.164,-3.513,1.2,0.144,0.312,0.0,0.2,0.1,-0.3,0.204,0.072,-0.151,2.006,13.07,OFF,PAPER,0
18.26,MANUAL,IDLE,,0,0.0,1.166,-3.507,1.2,0.149,0.31,0.0,0.2,0.1,-0.4,0.155,0.227,-0.014,1.982,10.56,OFF,PAPER,0
18.28,MANUAL,IDLE,,0,0.0,1.169,-3.5,1.2,0.143,0.306,0.0,0.1,0.2,-0.4,-0.371,0.166,0.01,1.964,5.48,OFF,PAPER,0
18.3,MANUAL,IDLE,,0,0.0,1.172,-3.494,1.2,0.136,0.31,0.0,0.1,0.3,-0.3,-0.382,-0.024,0.012,1.991,10.29,OFF,PAPER,0
18.32,MANUAL,IDLE,,0,0.0,1.175,-3.488,1.2,0.137,0.322,0.0,0.2,0.3,-0.4,0.25,0.156,-0.136,1.986,13.07,OFF,PAPER,0
18.34,MANUAL,IDLE,,0,0.0,1.178,-3.481,1.2,0.142,0.324,0.0,0.2,0.3,-0.5,0.071,0.06,-0.151,1.985,11.12,OFF,PAPER,0
18.36,MANUAL,IDLE,,0,0.0,1.181,-3.475,1.2,0.142,0.322,0.0,0.3,0.2,-0.7,-0.238,-0.047,-0.068,1.996,11.06,OFF,PAPER,0
18.38,MANUAL,IDLE,,0,0.0,1.183,-3.469,1.2,0.142,0.327,0.0,0.3,0.2,-0.7,-0.121,-0.217,-0.059,1.994,11.37,OFF,PAPER,0
18.4,MANUAL,IDLE,,0,0.0,1.186,-3.462,1.2,0.151,0.326,0.0,0.2,0.0,-0.8,0.022,0.15,-0.031,2.0,13.16,OFF,PAPER,0
18.42,MANUAL,IDLE,,0,0.0,1.189,-3.455,1.2,0.153,0.324,0.0,0.2,0.0,-0.8,0.153,-0.198,0.022,2.023,15.27,OFF,PAPER,0
18.44,MANUAL,IDLE,,0,0.0,1.193,-3.449,1.2,0.162,0.321,0.0,0.2,-0.1,-0.7,0.138,0.078,0.044,1.969,4.96,OFF,PAPER,0
18.46,MANUAL,IDLE,,0,0.0,1.196,-3.443,1.2,0.166,0.326,0.0,0.3,-0.2,-0.7,0.046,-0.213,0.077,1.991,14.14,OFF,PAPER,0
18.48,MANUAL,IDLE,,0,0.0,1.199,-3.436,1.2,0.162,0.33,0.0,0.4,-0.2,-0.5,0.08,0.069,0.141,1.997,14.89,OFF,PAPER,0
18.5,MANUAL,IDLE,,0,0.0,1.202,-3.429,1.2,0.168,0.336,0.0,0.4,-0.3,-0.3,-0.12,-0.092,0.102,1.987,11.4,OFF,PAPER,0
18.52,MANUAL,IDLE,,0,0.0,1.206,-3.423,1.2,0.16,0.333,0.0,0.4,-0.2,-0.3,0.013,0.174,-0.035,1.985,11.29,OFF,PAPER,0
18.54,MANUAL,IDLE,,0,0.0,1.209,-3.416,1.2,0.155,0.327,0.0,0.3,-0.2,-0.3,0.069,-0.067,-0.04,2.0,11.39,OFF,PAPER,0
18.56,MANUAL,IDLE,,0,0.0,1.212,-3.41,1.2,0.154,0.329,0.0,0.3,-0.2,-0.4,-0.078,0.043,-0.06,1.99,12.77,OFF,PAPER,0
18.58,MANUAL,IDLE,,0,0.0,1.215,-3.403,1.2,0.165,0.329,0.0,0.2,-0.4,-0.4,0.304,-0.035,-0.054,2.019,13.69,OFF,PAPER,0
18.6,MANUAL,IDLE,,0,0.0,1.218,-3.396,1.2,0.162,0.336,0.0,0.4,-0.4,-0.5,-0.03,0.169,-0.019,2.002,11.98,OFF,PAPER,0
18.62,MANUAL,IDLE,,0,0.0,1.222,-3.39,1.2,0.161,0.33,0.0,0.4,-0.5,-0.5,-0.086,0.398,0.004,2.008,14.89,OFF,PAPER,0
18.64,MANUAL,IDLE,,0,0.0,1.225,-3.383,1.2,0.159,0.339,0.0,0.5,-0.2,-0.5,0.048,0.052,-0.018,1.982,11.09,OFF,PAPER,0
18.66,MANUAL,IDLE,,0,0.0,1.228,-3.376,1.2,0.161,0.34,0.0,0.5,-0.3,-0.5,-0.211,-0.07,0.007,1.963,9.9,OFF,PAPER,0
18.68,MANUAL,IDLE,,0,0.0,1.231,-3.369,1.2,0.162,0.333,0.0,0.4,-0.3,-0.5,-0.083,-0.245,0.018,1.974,13.1,OFF,PAPER,0
18.7,MANUAL,IDLE,,0,0.0,1.234,-3.363,1.2,0.151,0.335,0.0,0.4,-0.2,-0.5,-0.479,0.209,-0.051,1.981,8.67,OFF,PAPER,0
18.72,MANUAL,IDLE,,0,0.0,1.238,-3.356,1.2,0.149,0.322,0.0,0.2,-0.1,-0.5,-0.257,0.052,0.055,1.97,7.21,OFF,PAPER,0
18.74,MANUAL,IDLE,,0,0.0,1.24,-3.35,1.2,0.143,0.323,0.0,0.2,-0.0,-0.4,-0.135,0.105,0.073,1.98,7.79,OFF,PAPER,0
18.76,MANUAL,IDLE,,0,0.0,1.243,-3.343,1.2,0.144,0.332,0.0,0.2,-0.1,-0.4,0.231,0.115,0.157,2.014,14.8,OFF,PAPER,0
18.78,MANUAL,IDLE,,0,0.0,1.246,-3.336,1.2,0.14,0.34,0.0,0.3,-0.0,-0.1,0.156,0.154,0.201,1.966,8.24,OFF,PAPER,0
18.8,MANUAL,IDLE,,0,0.0,1.249,-3.33,1.2,0.138,0.343,0.0,0.4,0.0,0.1,-0.095,-0.015,0.204,2.01,14.62,OFF,PAPER,0
18.82,MANUAL,IDLE,,0,0.0,1.252,-3.323,1.2,0.13,0.344,0.0,0.5,0.1,0.4,-0.037,-0.138,0.217,1.993,10.42,OFF,PAPER,0
18.84,MANUAL,IDLE,,0,0.0,1.254,-3.316,1.2,0.126,0.333,0.0,0.3,0.1,0.6,-0.11,0.188,0.133,1.974,12.75,OFF,PAPER,0
18.86,MANUAL,IDLE,,0,0.0,1.257,-3.309,1.2,0.132,0.329,0.0,0.3,0.0,0.7,-0.36,-0.086,0.141,2.005,12.85,OFF,PAPER,0
18.88,MANUAL,IDLE,,0,0.0,1.259,-3.303,1.2,0.135,0.33,0.0,0.4,0.0,0.8,-0.097,-0.066,0.082,1.969,6.61,OFF,PAPER,0
18.9,MANUAL,IDLE,,0,0.0,1.262,-3.296,1.2,0.136,0.329,0.0,0.3,0.1,0.8,-0.136,-0.027,-0.028,1.967,4.29,OFF,PAPER,0
18.92,MANUAL,IDLE,,0,0.0,1.265,-3.29,1.2,0.127,0.328,0.0,0.3,0.2,0.8,-0.107,-0.096,0.017,2.0,11.21,OFF,PAPER,0
18.94,MANUAL,IDLE,,0,0.0,1.267,-3.283,1.2,0.128,0.331,0.0,0.3,0.1,0.9,0.051,0.102,0.159,1.976,12.54,OFF,PAPER,0
18.96,MANUAL,IDLE,,0,0.0,1.27,-3.276,1.2,0.124,0.329,0.0,0.3,0.2,1.1,-0.056,0.154,0.152,1.984,8.8,OFF,PAPER,0
18.98,MANUAL,IDLE,,0,0.0,1.272,-3.27,1.2,0.127,0.324,0.0,0.2,0.2,1.2,0.072,-0.101,0.116,1.976,12.01,OFF,PAPER,0
19.0,MANUAL,IDLE,,0,0.0,1.275,-3.263,1.2,0.116,0.317,0.0,0.0,0.4,1.3,-0.072,-0.013,0.116,1.978,8.85,OFF,PAPER,0
19.02,MANUAL,IDLE,,0,0.0,1.277,-3.257,1.2,0.12,0.319,0.0,-0.0,0.2,1.4,0.071,-0.005,0.016,1.972,9.98,OFF,PAPER,0
19.04,MANUAL,IDLE,,0,0.0,1.279,-3.251,1.2,0.119,0.318,0.0,0.0,0.4,1.3,0.091,-0.095,-0.061,2.001,11.92,OFF,PAPER,0
19.06,MANUAL,IDLE,,0,0.0,1.282,-3.244,1.2,0.126,0.314,0.0,-0.0,0.3,1.2,-0.022,-0.195,-0.058,1.978,8.72,OFF,PAPER,0
19.08,MANUAL,IDLE,,0,0.0,1.284,-3.238,1.2,0.132,0.321,0.0,0.0,0.3,1.1,0.112,0.165,-0.166,1.984,13.05,OFF,PAPER,0
19.1,MANUAL,IDLE,,0,0.0,1.287,-3.232,1.2,0.129,0.325,0.0,0.1,0.4,1.0,0.148,-0.092,-0.127,1.969,6.33,OFF,PAPER,0
19.12,MANUAL,IDLE,,0,0.0,1.29,-3.225,1.2,0.14,0.321,0.0,0.0,0.3,0.8,-0.263,-0.396,-0.1,1.968,4.59,OFF,PAPER,0
19.14,MANUAL,IDLE,,0,0.0,1.292,-3.219,1.2,0.129,0.32,0.0,-0.0,0.3,0.8,0.187,0.324,0.034,1.997,12.58,OFF,PAPER,0
19.16,MANUAL,IDLE,,0,0.0,1.295,-3.212,1.2,0.134,0.321,0.0,0.0,0.2,0.9,0.293,0.049,0.071,1.963,4.86,OFF,PAPER,0
19.18,MANUAL,IDLE,,0,0.0,1.298,-3.206,1.2,0.14,0.322,0.0,0.0,0.1,0.9,-0.225,-0.061,-0.016,1.997,12.25,OFF,PAPER,0
19.2,MANUAL,IDLE,,0,0.0,1.301,-3.199,1.2,0.134,0.324,0.0,0.1,0.1,0.9,0.032,-0.053,-0.009,2.034,17.68,OFF,PAPER,0
19.22,MANUAL,IDLE,,0,0.0,1.303,-3.193,1.2,0.133,0.321,0.0,0.1,0.1,0.9,-0.166,-0.258,-0.07,1.973,7.86,OFF,PAPER,0
19.24,MANUAL,IDLE,,0,0.0,1.306,-3.187,1.2,0.133,0.329,0.0,0.2,0.1,0.7,0.154,-0.057,-0.174,1.99,13.44,OFF,PAPER,0
19.26,MANUAL,IDLE,,0,0.0,1.308,-3.18,1.2,0.128,0.323,0.0,0.1,0.2,0.5,-0.059,-0.047,-0.173,1.978,7.25,OFF,PAPER,0
19.28,MANUAL,IDLE,,0,0.0,1.311,-3.174,1.2,0.121,0.318,0.0,0.0,0.3,0.4,-0.057,0.227,-0.046,1.991,9.81,OFF,PAPER,0
19.3,MANUAL,IDLE,,0,0.0,1.313,-3.167,1.2,0.122,0.314,0.0,-0.1,0.3,0.4,0.293,0.211,0.028,2.005,12.1,OFF,PAPER,0
19.32,MANUAL,IDLE,,0,0.0,1.316,-3.161,1.2,0.116,0.318,0.0,0.0,0.4,0.5,0.143,-0.061,0.051,1.976,7.67,OFF,PAPER,0
19.34,MANUAL,IDLE,,0,0.0,1.318,-3.155,1.2,0.113,0.316,0.0,-0.0,0.4,0.5,-0.056,-0.084,0.012,1.971,9.87,OFF,PAPER,0
19.36,MANUAL,IDLE,,0,0.0,1.32,-3.148,1.2,0.111,0.317,0.0,0.1,0.5,0.5,0.146,0.043,-0.027,1.964,7.39,OFF,PAPER,0
19.38,MANUAL,IDLE,,0,0.0,1.322,-3.142,1.2,0.105,0.323,0.0,0.2,0.6,0.4,0.029,-0.123,-0.089,1.996,11.34,OFF,PAPER,0
19.4,MANUAL,IDLE,,0,0.0,1.325,-3.135,1.2,0.102,0.325,0.0,0.2,0.5,0.3,-0.158,-0.175,-0.048,1.98,7.66,OFF,PAPER,0
19.42,MANUAL,IDLE,,0,0.0,1.327,-3.129,1.2,0.104,0.324,0.0,0.2,0.6,0.3,-0.124,-0.361,-0.06,2.0,14.31,OFF,PAPER,0
19.44,MANUAL,IDLE,,0,0.0,1.329,-3.122,1.2,0.107,0.332,0.0,0.3,0.5,0.1,-0.01,-0.09,-0.115,1.971,6.42,OFF,PAPER,0
19.46,MANUAL,IDLE,,0,0.0,1.331,-3.116,1.2,0.114,0.334,0.0,0.3,0.4,-0.0,0.209,-0.184,-0.178,1.996,14.96,OFF,PAPER,0
19.48,MANUAL,IDLE,,0,0.0,1.333,-3.109,1.2,0.12,0.334,0.0,0.3,0.3,-0.2,0.052,-0.3,-0.094,2.003,11.86,OFF,PAPER,0
19.5,MANUAL,IDLE,,0,0.0,1.336,-3.102,1.2,0.127,0.341,0.0,0.4,0.1,-0.3,0.097,0.086,-0.1,1.997,13.18,OFF,PAPER,0
19.52,MANUAL,IDLE,,0,0.0,1.338,-3.095,1.2,0.125,0.335,0.0,0.4,0.2,-0.3,-0.362,0.18,-0.019,1.984,10.71,OFF,PAPER,0
19.54,MANUAL,IDLE,,0,0.0,1.341,-3.089,1.2,0.114,0.332,0.0,0.2,0.4,-0.4,0.019,0.094,-0.025,2.011,16.87,OFF,PAPER,0
19.56,MANUAL,IDLE,,0,0.0,1.343,-3.082,1.2,0.118,0.329,0.0,0.1,0.3,-0.3,-0.332,-0.041,-0.002,2.013,14.32,OFF,PAPER,0
19.58,MANUAL,IDLE,,0,0.0,1.345,-3.076,1.2,0.121,0.331,0.0,0.1,0.2,-0.3,0.031,-0.197,0.002,2.022,14.29,OFF,PAPER,0
19.6,MANUAL,IDLE,,0,0.0,1.348,-3.069,1.2,0.124,0.333,0.0,0.2,0.1,-0.4,-0.113,-0.114,-0.001,2.002,11.8,OFF,PAPER,0
19.62,MANUAL,IDLE,,0,0.0,1.35,-3.062,1.2,0.125,0.333,0.0,0.2,0.0,-0.3,0.133,0.391,0.118,1.969,7.2,OFF,PAPER,0
19.64,MANUAL,IDLE,,0,0.0,1.353,-3.056,1.2,0.13,0.335,0.0,0.2,-0.0,-0.1,0.287,-0.012,0.089,1.994,10.46,OFF,PAPER,0
19.66,MANUAL,IDLE,,0,0.0,1.355,-3.049,1.2,0.131,0.328,0.0,0.2,-0.0,-0.1,-0.02,-0.295,0.008,1.984,11.5,OFF,PAPER,0
19.68,MANUAL,IDLE,,0,0.0,1.358,-3.042,1.2,0.124,0.325,0.0,0.1,0.1,-0.1,-0.099,0.337,0.036,1.984,10.82,OFF,PAPER,0
19.7,MANUAL,IDLE,,0,0.0,1.36,-3.036,1.2,0.121,0.322,0.0,-0.0,0.1,-0.0,-0.372,0.248,-0.011,2.007,12.18,OFF,PAPER,0
19.72,MANUAL,IDLE,,0,0.0,1.363,-3.029,1.2,0.111,0.321,0.0,-0.1,0.4,-0.0,0.003,0.34,-0.004,1.984,11.07,OFF,PAPER,0
19.74,MANUAL,IDLE,,0,0.0,1.365,-3.023,1.2,0.115,0.324,0.0,-0.0,0.4,0.0,-0.13,-0.196,0.093,2.022,15.77,OFF,PAPER,0
19.76,MANUAL,IDLE,,0,0.0,1.367,-3.017,1.2,0.112,0.319,0.0,-0.1,0.5,0.1,-0.077,0.181,0.036,2.042,16.1,OFF,PAPER,0
19.78,MANUAL,IDLE,,0,0.0,1.37,-3.01,1.2,0.13,0.322,0.0,-0.0,0.2,0.1,0.013,-0.007,-0.044,2.031,17.44,OFF,PAPER,0
19.8,MANUAL,IDLE,,0,0.0,1.372,-3.004,1.2,0.139,0.328,0.0,0.1,0.0,0.0,-0.047,0.089,-0.074,1.995,12.2,OFF,PAPER,0
19.82,MANUAL,IDLE,,0,0.0,1.375,-2.997,1.2,0.145,0.326,0.0,-0.0,-0.1,-0.1,-0.093,-0.259,-0.067,1.994,12.68,OFF,PAPER,0
19.84,MANUAL,IDLE,,0,0.0,1.378,-2.991,1.2,0.15,0.322,0.0,-0.2,-0.3,-0.1,-0.153,-0.373,-0.036,1.966,3.74,OFF,PAPER,0
19.86,MANUAL,IDLE,,0,0.0,1.381,-2.984,1.2,0.149,0.328,0.0,-0.0,-0.3,-0.1,-0.24,-0.144,0.051,1.988,11.4,OFF,PAPER,0
19.88,MANUAL,IDLE,,0,0.0,1.384,-2.978,1.2,0.157,0.324,0.0,-0.2,-0.4,0.0,-0.013,-0.323,0.099,1.978,7.5,OFF,PAPER,0
19.9,MANUAL,IDLE,,0,0.0,1.387,-2.971,1.2,0.157,0.323,0.0,-0.2,-0.4,0.1,0.146,0.113,0.036,1.993,12.1,OFF,PAPER,0
19.92,MANUAL,IDLE,,0,0.0,1.39,-2.965,1.2,0.152,0.326,0.0,-0.0,-0.3,0.2,-0.038,0.244,0.061,1.962,10.59,OFF,PAPER,0
19.94,MANUAL,IDLE,,0,0.0,1.394,-2.958,1.2,0.158,0.318,0.0,-0.1,-0.4,0.3,-0.237,-0.024,0.08,1.983,8.49,OFF,PAPER,0
19.96,MANUAL,IDLE,,0,0.0,1.397,-2.952,1.2,0.157,0.316,0.0,-0.2,-0.4,0.2,0.254,-0.107,-0.092,1.986,11.54,OFF,PAPER,0
19.98,MANUAL,IDLE,,0,0.0,1.4,-2.945,1.2,0.152,0.326,0.0,-0.1,-0.4,0.1,-0.068,0.272,-0.064,1.992,10.59,OFF,PAPER,0
20.0,MANUAL,IDLE,,0,0.0,1.403,-2.939,1.2,0.147,0.335,0.0,0.1,-0.1,0.1,0.302,-0.222,0.009,1.984,13.24,OFF,PAPER,0
20.02,MANUAL,IDLE,,0,0.0,1.406,-2.932,1.2,0.145,0.33,0.0,0.0,-0.1,0.1,-0.009,0.121,0.001,1.976,7.5,OFF,PAPER,0
20.04,MANUAL,IDLE,,0,0.0,1.408,-2.926,1.2,0.139,0.33,0.0,0.2,0.0,0.1,-0.112,0.148,-0.016,1.968,5.77,OFF,PAPER,0
20.06,MANUAL,IDLE,,0,0.0,1.411,-2.919,1.2,0.141,0.325,0.0,0.1,-0.0,0.1,-0.261,-0.078,-0.028,1.972,8.56,OFF,PAPER,0
20.08,MANUAL,IDLE,,0,0.0,1.414,-2.912,1.2,0.14,0.328,0.0,0.1,0.0,-0.0,0.01,-0.043,-0.095,2.015,15.02,OFF,PAPER,0
20.1,MANUAL,IDLE,,0,0.0,1.417,-2.906,1.2,0.146,0.328,0.0,0.1,-0.1,-0.1,-0.092,0.083,-0.112,2.001,12.98,OFF,PAPER,0
20.12,MANUAL,IDLE,,0,0.0,1.42,-2.899,1.2,0.145,0.33,0.0,0.1,-0.1,-0.3,0.348,0.023,-0.13,2.009,12.45,OFF,PAPER,0
20.14,MANUAL,IDLE,,0,0.0,1.423,-2.893,1.2,0.147,0.325,0.0,0.0,-0.1,-0.5,0.015,-0.129,-0.117,1.978,8.59,OFF,PAPER,0
20.16,MANUAL,IDLE,,0,0.0,1.426,-2.886,1.2,0.146,0.327,0.0,-0.0,-0.1,-0.6,0.223,0.206,-0.142,1.964,7.7,OFF,PAPER,0
20.18,MANUAL,IDLE,,0,0.0,1.429,-2.88,1.2,0.14,0.323,0.0,-0.1,0.1,-0.6,0.107,-0.089,0.027,2.021,13.93,OFF,PAPER,0
20.2,MANUAL,IDLE,,0,0.0,1.431,-2.873,1.2,0.145,0.328,0.0,0.0,-0.0,-0.7,0.135,-0.188,-0.033,2.028,16.75,OFF,PAPER,0
20.22,MANUAL,IDLE,,0,0.0,1.434,-2.867,1.2,0.145,0.33,0.0,0.1,-0.0,-0.7,0.037,0.087,0.033,1.998,12.06,OFF,PAPER,0
20.24,MANUAL,IDLE,,0,0.0,1.437,-2.86,1.2,0.137,0.333,0.0,0.1,0.0,-0.6,-0.029,0.26,-0.032,1.99,9.56,OFF,PAPER,0
20.26,MANUAL,IDLE,,0,0.0,1.44,-2.854,1.2,0.142,0.329,0.0,0.0,0.0,-0.6,-0.11,-0.092,0.064,1.99,11.88,OFF,PAPER,0
20.28,MANUAL,IDLE,,0,0.0,1.443,-2.847,1.2,0.149,0.322,0.0,-0.1,-0.1,-0.4,0.2,0.06,0.101,1.995,10.5,OFF,PAPER,0
20.3,MANUAL,IDLE,,0,0.0,1.446,-2.841,1.2,0.15,0.312,0.0,-0.2,-0.2,-0.3,-0.273,-0.125,0.108,2.002,12.03,OFF,PAPER,0
20.32,MANUAL,IDLE,,0,0.0,1.449,-2.835,1.2,0.151,0.305,0.0,-0.3,-0.2,-0.1,-0.156,-0.18,0.137,2.02,13.87,OFF,PAPER,0
20.34,MANUAL,IDLE,,0,0.0,1.452,-2.829,1.2,0.161,0.305,0.0,-0.3,-0.3,-0.1,0.222,-0.193,-0.035,1.968,7.72,OFF,PAPER,0
20.36,MANUAL,IDLE,,0,0.0,1.455,-2.822,1.2,0.158,0.305,0.0,-0.3,-0.1,-0.1,0.13,0.079,0.009,2.026,14.63,OFF,PAPER,0
20.38,MANUAL,IDLE,,0,0.0,1.458,-2.816,1.2,0.148,0.307,0.0,-0.3,0.1,-0.1,0.206,0.106,-0.133,1.963,3.56,OFF,PAPER,0
20.4,MANUAL,IDLE,,0,0.0,1.461,-2.81,1.2,0.149,0.307,0.0,-0.3,0.2,-0.3,-0.079,0.03,-0.125,1.978,8.43,OFF,PAPER,0
20.42,MANUAL,IDLE,,0,0.0,1.464,-2.804,1.2,0.144,0.306,0.0,-0.3,0.3,-0.4,0.121,-0.048,-0.055,2.021,14.21,OFF,PAPER,0
20.44,MANUAL,IDLE,,0,0.0,1.467,-2.798,1.2,0.148,0.3,0.0,-0.4,0.2,-0.4,-0.115,-0.334,0.06,1.964,4.48,OFF,PAPER,0
20.46,MANUAL,IDLE,,0,0.0,1.47,-2.792,1.2,0.142,0.303,0.0,-0.3,0.2,-0.3,-0.121,0.195,0.002,1.99,12.24,OFF,PAPER,0
20.48,MANUAL,IDLE,,0,0.0,1.473,-2.786,1.2,0.139,0.298,0.0,-0.4,0.3,-0.3,-0.117,0.115,0.02,1.976,9.38,OFF,PAPER,0
20.5,MANUAL,IDLE,,0,0.0,1.476,-2.78,1.2,0.14,0.296,0.0,-0.4,0.4,-0.3,-0.091,0.137,-0.02,2.008,12.36,OFF,PAPER,0
20.52,MANUAL,IDLE,,0,0.0,1.479,-2.774,1.2,0.156,0.295,0.0,-0.4,0.2,-0.2,0.085,-0.105,0.145,1.996,10.57,OFF,PAPER,0
20.54,MANUAL,IDLE,,0,0.0,1.482,-2.768,1.2,0.15,0.301,0.0,-0.3,0.3,-0.0,0.204,0.063,0.124,1.99,10.66,OFF,PAPER,0
20.56,MANUAL,IDLE,,0,0.0,1.485,-2.762,1.2,0.155,0.298,0.0,-0.2,0.2,0.1,-0.296,-0.282,0.162,1.978,12.53,OFF,PAPER,0
20.58,MANUAL,IDLE,,0,0.0,1.488,-2.756,1.2,0.143,0.305,0.0,-0.1,0.3,0.4,0.097,0.003,0.224,1.999,11.01,OFF,PAPER,0
20.6,MANUAL,IDLE,,0,0.0,1.49,-2.75,1.2,0.141,0.295,0.0,-0.4,0.5,0.5,-0.052,-0.207,0.101,1.975,12.47,OFF,PAPER,0
20.62,MANUAL,IDLE,,0,0.0,1.493,-2.744,1.2,0.143,0.299,0.0,-0.3,0.4,0.6,0.042,-0.441,0.055,2.013,13.81,OFF,PAPER,0
20.64,MANUAL,IDLE,,0,0.0,1.496,-2.738,1.2,0.14,0.298,0.0,-0.2,0.4,0.7,-0.308,0.19,-0.027,1.984,9.12,OFF,PAPER,0
20.66,MANUAL,IDLE,,0,0.0,1.499,-2.732,1.2,0.142,0.302,0.0,-0.2,0.3,0.7,0.077,0.221,-0.02,1.969,5.46,OFF,PAPER,0
20.68,MANUAL,IDLE,,0,0.0,1.502,-2.726,1.2,0.145,0.3,0.0,-0.3,0.3,0.6,0.187,-0.015,-0.044,1.978,8.56,OFF,PAPER,0
20.7,MANUAL,IDLE,,0,0.0,1.505,-2.72,1.2,0.143,0.304,0.0,-0.2,0.3,0.6,0.018,0.05,-0.055,1.97,9.07,OFF,PAPER,0
20.72,MANUAL,IDLE,,0,0.0,1.508,-2.714,1.2,0.152,0.307,0.0,-0.1,0.1,0.5,0.1,-0.16,-0.041,1.973,6.18,OFF,PAPER,0
20.74,MANUAL,IDLE,,0,0.0,1.511,-2.708,1.2,0.158,0.316,0.0,0.0,0.1,0.5,0.219,-0.333,0.035,1.993,10.99,OFF,PAPER,0
20.76,MANUAL,IDLE,,0,0.0,1.514,-2.702,1.2,0.147,0.316,0.0,0.0,0.2,0.5,0.262,0.106,0.065,1.981,8.64,OFF,PAPER,0
20.78,MANUAL,IDLE,,0,0.0,1.517,-2.695,1.2,0.148,0.313,0.0,-0.0,0.1,0.7,0.009,-0.114,0.072,2.001,11.75,OFF,PAPER,0
20.8,MANUAL,IDLE,,0,0.0,1.52,-2.689,1.2,0.142,0.314,0.0,0.1,0.1,0.7,0.06,-0.032,-0.013,1.982,9.6,OFF,PAPER,0
20.82,MANUAL,IDLE,,0,0.0,1.523,-2.683,1.2,0.15,0.314,0.0,0.1,-0.0,0.7,-0.076,-0.101,0.098,1.976,12.42,OFF,PAPER,0
20.84,MANUAL,IDLE,,0,0.0,1.526,-2.676,1.2,0.147,0.315,0.0,0.2,0.1,0.8,-0.269,0.076,0.019,1.999,14.86,OFF,PAPER,0
20.86,MANUAL,IDLE,,0,0.0,1.529,-2.67,1.2,0.149,0.318,0.0,0.2,0.1,0.8,0.399,-0.417,-0.007,1.965,3.81,OFF,PAPER,0
20.88,MANUAL,IDLE,,0,0.0,1.532,-2.664,1.2,0.154,0.322,0.0,0.3,-0.0,0.7,-0.139,0.233,-0.123,1.992,14.93,OFF,PAPER,0
20.9,MANUAL,IDLE,,0,0.0,1.535,-2.657,1.2,0.155,0.315,0.0,0.3,-0.1,0.5,0.109,-0.261,-0.116,2.005,11.9,OFF,PAPER,0
20.92,MANUAL,IDLE,,0,0.0,1.538,-2.651,1.2,0.155,0.309,0.0,0.2,-0.1,0.4,-0.159,0.039,-0.079,2.029,15.67,OFF,PAPER,0
20.94,MANUAL,IDLE,,0,0.0,1.541,-2.645,1.2,0.154,0.299,0.0,0.1,-0.1,0.3,-0.079,-0.252,-0.098,2.006,14.81,OFF,PAPER,0
20.96,MANUAL,IDLE,,0,0.0,1.544,-2.639,1.2,0.153,0.296,0.0,0.1,-0.0,0.2,-0.243,-0.199,-0.201,1.98,12.49,OFF,PAPER,0
20.98,MANUAL,IDLE,,0,0.0,1.547,-2.633,1.2,0.154,0.296,0.0,0.0,-0.0,-0.0,0.044,0.054,-0.129,1.962,1.19,OFF,PAPER,0
21.0,MANUAL,IDLE,,0,0.0,1.55,-2.627,1.2,0.164,0.292,0.0,0.0,-0.1,-0.2,-0.375,-0.18,-0.072,1.972,5.9,OFF,PAPER,0
21.02,MANUAL,IDLE,,0,0.0,1.554,-2.621,1.2,0.17,0.296,0.0,0.0,-0.1,-0.3,0.001,-0.057,-0.033,1.99,10.29,OFF,PAPER,0
21.04,MANUAL,IDLE,,0,0.0,1.557,-2.615,1.2,0.173,0.297,0.0,0.1,-0.2,-0.3,-0.094,-0.154,0.016,2.022,14.11,OFF,PAPER,0
21.06,MANUAL,IDLE,,0,0.0,1.56,-2.61,1.2,0.175,0.292,0.0,-0.0,-0.2,-0.3,-0.127,0.004,-0.015,1.971,5.59,OFF,PAPER,0
21.08,MANUAL,IDLE,,0,0.0,1.564,-2.604,1.2,0.181,0.291,0.0,-0.1,-0.3,-0.3,-0.123,-0.388,0.012,1.989,14.11,OFF,PAPER,0
21.1,MANUAL,IDLE,,0,0.0,1.568,-2.598,1.2,0.181,0.298,0.0,-0.1,-0.4,-0.2,0.308,0.091,0.051,1.987,10.58,OFF,PAPER,0
21.12,MANUAL,IDLE,,0,0.0,1.571,-2.592,1.2,0.186,0.293,0.0,-0.0,-0.5,-0.2,-0.213,-0.019,0.002,1.989,12.23,OFF,PAPER,0
21.14,MANUAL,IDLE,,0,0.0,1.575,-2.586,1.2,0.181,0.284,0.0,-0.2,-0.5,-0.2,0.04,-0.014,-0.074,1.974,7.89,OFF,PAPER,0
21.16,MANUAL,IDLE,,0,0.0,1.579,-2.58,1.2,0.183,0.288,0.0,-0.2,-0.5,-0.3,-0.047,0.02,-0.012,2.005,14.74,OFF,PAPER,0
21.18,MANUAL,IDLE,,0,0.0,1.582,-2.575,1.2,0.184,0.282,0.0,-0.2,-0.4,-0.3,-0.078,0.294,0.044,1.985,10.35,OFF,PAPER,0
21.2,MANUAL,IDLE,,0,0.0,1.586,-2.569,1.2,0.188,0.276,0.0,-0.4,-0.4,-0.2,-0.411,-0.201,0.009,1.977,8.72,OFF,PAPER,0
21.22,MANUAL,IDLE,,0,0.0,1.59,-2.564,1.2,0.185,0.273,0.0,-0.4,-0.4,-0.3,-0.141,-0.252,-0.017,1.968,8.02,OFF,PAPER,0
21.24,MANUAL,IDLE,,0,0.0,1.593,-2.558,1.2,0.186,0.275,0.0,-0.4,-0.4,-0.3,0.356,0.183,-0.052,2.017,13.4,OFF,PAPER,0
21.26,MANUAL,IDLE,,0,0.0,1.597,-2.553,1.2,0.185,0.271,0.0,-0.4,-0.5,-0.3,-0.079,0.123,-0.084,2.018,15.8,OFF,PAPER,0
21.28,MANUAL,IDLE,,0,0.0,1.601,-2.547,1.2,0.187,0.275,0.0,-0.5,-0.5,-0.5,-0.074,0.221,-0.122,1.971,8.46,OFF,PAPER,0
21.3,MANUAL,IDLE,,0,0.0,1.605,-2.542,1.2,0.192,0.269,0.0,-0.5,-0.5,-0.6,-0.097,-0.029,-0.1,1.973,6.36,OFF,PAPER,0
21.32,MANUAL,IDLE,,0,0.0,1.608,-2.536,1.2,0.188,0.275,0.0,-0.4,-0.5,-0.6,-0.095,0.293,-0.028,1.997,16.69,OFF,PAPER,0
21.34,MANUAL,IDLE,,0,0.0,1.612,-2.531,1.2,0.183,0.279,0.0,-0.4,-0.3,-0.6,-0.121,-0.009,0.02,1.967,7.51,OFF,PAPER,0
21.36,MANUAL,IDLE,,0,0.0,1.616,-2.525,1.2,0.184,0.281,0.0,-0.3,-0.4,-0.6,-0.223,0.207,0.012,1.984,9.13,OFF,PAPER,0
21.38,MANUAL,IDLE,,0,0.0,1.619,-2.52,1.2,0.176,0.281,0.0,-0.4,-0.2,-0.7,-0.169,0.078,-0.092,1.969,10.93,OFF,PAPER,0
21.4,MANUAL,IDLE,,0,0.0,1.623,-2.514,1.2,0.171,0.279,0.0,-0.4,-0.1,-0.8,0.277,-0.157,-0.089,1.993,11.67,OFF,PAPER,0
21.42,MANUAL,IDLE,,0,0.0,1.626,-2.508,1.2,0.167,0.278,0.0,-0.4,-0.0,-0.9,-0.235,-0.186,-0.085,2.009,12.43,OFF,PAPER,0
21.44,MANUAL,IDLE,,0,0.0,1.63,-2.503,1.2,0.162,0.287,0.0,-0.2,0.0,-0.9,-0.195,-0.068,0.033,1.974,12.94,OFF,PAPER,0
21.46,MANUAL,IDLE,,0,0.0,1.633,-2.497,1.2,0.166,0.287,0.0,-0.2,-0.1,-0.8,0.083,-0.056,0.011,1.967,8.46,OFF,PAPER,0
21.48,MANUAL,IDLE,,0,0.0,1.636,-2.491,1.2,0.166,0.291,0.0,-0.1,-0.1,-0.8,-0.012,-0.294,-0.031,1.973,10.94,OFF,PAPER,0
21.5,MANUAL,IDLE,,0,0.0,1.639,-2.485,1.2,0.165,0.287,0.0,-0.1,-0.1,-0.8,-0.082,0.268,0.006,1.97,5.3,OFF,PAPER,0
21.52,MANUAL,IDLE,,0,0.0,1.643,-2.48,1.2,0.16,0.291,0.0,-0.1,-0.0,-0.8,0.234,0.097,-0.073,1.985,12.82,OFF,PAPER,0
21.54,MANUAL,IDLE,,0,0.0,1.646,-2.474,1.2,0.158,0.29,0.0,-0.1,-0.1,-0.9,-0.06,0.391,0.029,1.965,9.49,OFF,PAPER,0
21.56,MANUAL,IDLE,,0,0.0,1.649,-2.468,1.2,0.158,0.297,0.0,-0.0,-0.0,-0.9,0.223,0.108,-0.072,1.965,6.11,OFF,PAPER,0
21.58,MANUAL,IDLE,,0,0.0,1.652,-2.462,1.2,0.155,0.302,0.0,0.0,0.0,-0.9,0.299,-0.056,0.038,1.979,7.57,OFF,PAPER,0
21.6,MANUAL,IDLE,,0,0.0,1.655,-2.456,1.2,0.154,0.303,0.0,0.1,-0.0,-0.8,-0.083,0.268,0.131,2.007,15.89,OFF,PAPER,0
21.62,MANUAL,IDLE,,0,0.0,1.658,-2.45,1.2,0.156,0.291,0.0,-0.1,0.0,-0.7,-0.033,-0.082,0.008,2.003,12.01,OFF,PAPER,0
21.64,MANUAL,IDLE,,0,0.0,1.662,-2.444,1.2,0.159,0.296,0.0,-0.1,-0.0,-0.7,0.037,-0.364,0.061,1.978,11.51,OFF,PAPER,0
21.66,MANUAL,IDLE,,0,0.0,1.665,-2.438,1.2,0.166,0.302,0.0,-0.0,-0.3,-0.6,0.045,-0.068,0.121,1.983,10.68,OFF,PAPER,0
21.68,MANUAL,IDLE,,0,0.0,1.668,-2.432,1.2,0.162,0.297,0.0,-0.1,-0.3,-0.4,0.075,-0.084,0.141,1.972,9.36,OFF,PAPER,0
21.7,MANUAL,IDLE,,0,0.0,1.671,-2.426,1.2,0.16,0.293,0.0,-0.2,-0.2,-0.3,0.083,0.037,-0.026,1.995,10.45,OFF,PAPER,0
21.72,MANUAL,IDLE,,0,0.0,1.675,-2.42,1.2,0.165,0.3,0.0,-0.0,-0.3,-0.4,0.165,-0.141,-0.008,1.974,7.84,OFF,PAPER,0
21.74,MANUAL,IDLE,,0,0.0,1.678,-2.414,1.2,0.165,0.308,0.0,0.1,-0.2,-0.4,-0.194,-0.273,-0.088,2.01,15.24,OFF,PAPER,0
21.76,MANUAL,IDLE,,0,0.0,1.681,-2.408,1.2,0.153,0.308,0.0,0.1,-0.1,-0.5,-0.245,0.193,-0.054,2.007,13.99,OFF,PAPER,0
21.78,MANUAL,IDLE,,0,0.0,1.684,-2.402,1.2,0.166,0.301,0.0,-0.1,-0.3,-0.6,0.003,0.06,-0.059,1.986,11.77,OFF,PAPER,0
21.8,MANUAL,IDLE,,0,0.0,1.687,-2.396,1.2,0.164,0.304,0.0,-0.0,-0.2,-0.6,0.438,-0.041,0.003,2.008,15.12,OFF,PAPER,0
21.82,MANUAL,IDLE,,0,0.0,1.691,-2.39,1.2,0.164,0.3,0.0,-0.0,-0.3,-0.6,-0.138,-0.253,0.047,1.986,9.46,OFF,PAPER,0
21.84,MANUAL,IDLE,,0,0.0,1.694,-2.384,1.2,0.163,0.3,0.0,-0.1,-0.4,-0.5,-0.188,0.128,0.098,1.984,12.58,OFF,PAPER,0
21.86,MANUAL,IDLE,,0,0.0,1.697,-2.378,1.2,0.154,0.298,0.0,-0.1,-0.2,-0.4,0.151,0.45,0.243,1.984,9.21,OFF,PAPER,0
21.88,MANUAL,IDLE,,0,0.0,1.7,-2.372,1.2,0.163,0.305,0.0,0.0,-0.3,-0.1,0.363,-0.38,0.188,1.976,9.72,OFF,PAPER,0
21.9,MANUAL,IDLE,,0,0.0,1.704,-2.366,1.2,0.162,0.305,0.0,0.1,-0.3,0.1,0.18,-0.073,0.22,1.99,11.13,OFF,PAPER,0
21.92,MANUAL,IDLE,,0,0.0,1.707,-2.36,1.2,0.157,0.303,0.0,0.1,-0.1,0.2,0.228,0.278,0.073,1.968,4.6,OFF,PAPER,0
21.94,MANUAL,IDLE,,0,0.0,1.71,-2.354,1.2,0.157,0.302,0.0,0.2,-0.1,0.4,0.135,0.136,0.135,1.967,11.52,OFF,PAPER,0
21.96,MANUAL,IDLE,,0,0.0,1.713,-2.348,1.2,0.158,0.305,0.0,0.2,-0.1,0.5,0.192,0.041,0.102,2.016,13.72,OFF,PAPER,0
21.98,MANUAL,IDLE,,0,0.0,1.716,-2.342,1.2,0.152,0.312,0.0,0.3,-0.0,0.5,0.128,0.371,-0.035,2.013,13.49,OFF,PAPER,0
22.0,MANUAL,IDLE,,0,0.0,1.719,-2.335,1.2,0.144,0.311,0.0,0.3,0.1,0.4,-0.19,0.001,-0.099,1.98,11.41,OFF,PAPER,0
22.02,MANUAL,IDLE,,0,0.0,1.722,-2.329,1.2,0.137,0.316,0.0,0.4,0.3,0.4,0.088,-0.185,-0.131,1.998,15.61,OFF,PAPER,0
22.04,MANUAL,IDLE,,0,0.0,1.725,-2.323,1.2,0.134,0.308,0.0,0.4,0.3,0.2,-0.483,0.09,-0.159,1.975,6.8,OFF,PAPER,0
22.06,MANUAL,IDLE,,0,0.0,1.727,-2.317,1.2,0.138,0.312,0.0,0.4,0.3,0.1,-0.03,0.172,-0.128,1.98,8.89,OFF,PAPER,0
22.08,MANUAL,IDLE,,0,0.0,1.73,-2.311,1.2,0.141,0.309,0.0,0.4,0.3,-0.0,0.211,-0.173,-0.154,1.98,14.25,OFF,PAPER,0
22.1,MANUAL,IDLE,,0,0.0,1.733,-2.304,1.2,0.148,0.305,0.0,0.4,0.2,-0.2,0.159,-0.03,-0.088,1.986,8.89,OFF,PAPER,0
22.12,MANUAL,IDLE,,0,0.0,1.736,-2.298,1.2,0.149,0.298,0.0,0.4,0.1,-0.2,-0.062,-0.037,-0.006,1.964,2.63,OFF,PAPER,0
22.14,MANUAL,IDLE,,0,0.0,1.739,-2.293,1.2,0.14,0.291,0.0,0.3,0.2,-0.2,0.129,0.017,0.096,2.002,11.54,OFF,PAPER,0
22.16,MANUAL,IDLE,,0,0.0,1.742,-2.287,1.2,0.144,0.292,0.0,0.3,0.2,-0.1,-0.256,-0.469,0.11,1.995,15.02,OFF,PAPER,0
22.18,MANUAL,IDLE,,0,0.0,1.745,-2.281,1.2,0.147,0.291,0.0,0.3,0.1,0.1,0.013,0.14,0.183,1.998,11.07,OFF,PAPER,0
22.2,MANUAL,IDLE,,0,0.0,1.748,-2.275,1.2,0.143,0.298,0.0,0.4,0.2,0.3,-0.189,0.116,0.161,1.991,13.04,OFF,PAPER,0
22.22,MANUAL,IDLE,,0,0.0,1.751,-2.269,1.2,0.148,0.3,0.0,0.3,0.1,0.4,-0.365,0.061,0.064,1.985,12.55,OFF,PAPER,0
22.24,MANUAL,IDLE,,0,0.0,1.753,-2.263,1.2,0.145,0.291,0.0,0.2,0.1,0.5,0.057,-0.03,0.03,1.965,5.86,OFF,PAPER,0
22.26,MANUAL,IDLE,,0,0.0,1.756,-2.257,1.2,0.14,0.287,0.0,0.0,0.1,0.5,0.009,0.024,-0.017,1.967,10.39,OFF,PAPER,0
22.28,MANUAL,IDLE,,0,0.0,1.759,-2.251,1.2,0.141,0.289,0.0,0.0,0.1,0.5,-0.192,-0.02,0.073,1.971,8.5,OFF,PAPER,0
22.3,MANUAL,IDLE,,0,0.0,1.762,-2.246,1.2,0.142,0.29,0.0,0.0,0.1,0.6,-0.249,0.111,0.011,1.991,12.85,OFF,PAPER,0
22.32,MANUAL,IDLE,,0,0.0,1.765,-2.24,1.2,0.144,0.296,0.0,0.1,-0.0,0.6,0.391,0.377,0.089,1.971,10.02,OFF,PAPER,0
22.34,MANUAL,IDLE,,0,0.0,1.768,-2.234,1.2,0.134,0.3,0.0,0.3,0.3,0.6,0.155,0.247,0.086,1.984,10.62,OFF,PAPER,0
22.36,MANUAL,IDLE,,0,0.0,1.77,-2.228,1.2,0.13,0.299,0.0,0.2,0.3,0.7,0.007,-0.008,0.047,1.98,9.28,OFF,PAPER,0
22.38,MANUAL,IDLE,,0,0.0,1.773,-2.222,1.2,0.134,0.294,0.0,0.1,0.3,0.8,-0.14,-0.32,-0.022,1.977,11.43,OFF,PAPER,0
22.4,MANUAL,IDLE,,0,0.0,1.776,-2.216,1.2,0.133,0.306,0.0,0.3,0.2,0.7,0.359,0.28,-0.11,1.982,13.49,OFF,PAPER,0
22.42,MANUAL,IDLE,,0,0.0,1.778,-2.21,1.2,0.136,0.316,0.0,0.5,0.1,0.7,0.213,-0.172,0.035,1.981,8.19,OFF,PAPER,0
22.44,MANUAL,IDLE,,0,0.0,1.781,-2.203,1.2,0.135,0.318,0.0,0.6,0.1,0.7,0.136,-0.019,-0.106,2.003,13.96,OFF,PAPER,0
22.46,MANUAL,IDLE,,0,0.0,1.784,-2.197,1.2,0.132,0.312,0.0,0.6,0.2,0.6,-0.377,-0.072,-0.106,1.963,3.69,OFF,PAPER,0
22.48,MANUAL,IDLE,,0,0.0,1.786,-2.191,1.2,0.133,0.308,0.0,0.6,0.2,0.4,0.005,0.469,-0.08,2.0,11.46,OFF,PAPER,0
22.5,MANUAL,IDLE,,0,0.0,1.789,-2.185,1.2,0.141,0.313,0.0,0.8,0.1,0.4,0.009,-0.17,0.044,1.986,9.44,OFF,PAPER,0
22.52,MANUAL,IDLE,,0,0.0,1.792,-2.178,1.2,0.147,0.311,0.0,0.7,0.0,0.5,0.031,-0.455,0.091,1.994,13.67,OFF,PAPER,0
22.54,MANUAL,IDLE,,0,0.0,1.795,-2.172,1.2,0.147,0.309,0.0,0.7,-0.1,0.6,0.197,-0.203,0.164,1.964,6.9,OFF,PAPER,0
22.56,MANUAL,IDLE,,0,0.0,1.798,-2.166,1.2,0.15,0.304,0.0,0.7,-0.1,0.7,-0.38,-0.323,-0.024,1.983,8.78,OFF,PAPER,0
22.58,MANUAL,IDLE,,0,0.0,1.801,-2.16,1.2,0.145,0.299,0.0,0.6,-0.1,0.6,-0.266,0.291,-0.026,1.983,11.18,OFF,PAPER,0
22.6,MANUAL,IDLE,,0,0.0,1.804,-2.154,1.2,0.148,0.291,0.0,0.5,-0.1,0.6,-0.025,-0.224,-0.018,2.001,14.19,OFF,PAPER,0
22.62,MANUAL,IDLE,,0,0.0,1.807,-2.148,1.2,0.146,0.285,0.0,0.3,0.1,0.6,0.23,0.196,-0.055,2.023,17.27,OFF,PAPER,0
22.64,MANUAL,IDLE,,0,0.0,1.809,-2.143,1.2,0.135,0.284,0.0,0.5,0.3,0.6,-0.104,0.358,-0.084,1.979,8.28,OFF,PAPER,0
22.66,MANUAL,IDLE,,0,0.0,1.812,-2.137,1.2,0.131,0.286,0.0,0.5,0.4,0.5,-0.079,0.103,-0.077,1.982,10.7,OFF,PAPER,0
22.68,MANUAL,IDLE,,0,0.0,1.815,-2.131,1.2,0.13,0.276,0.0,0.3,0.5,0.4,-0.07,-0.194,-0.052,1.979,7.61,OFF,PAPER,0
22.7,MANUAL,IDLE,,0,0.0,1.817,-2.126,1.2,0.13,0.276,0.0,0.4,0.5,0.3,0.111,0.147,-0.022,2.016,13.52,OFF,PAPER,0
22.72,MANUAL,IDLE,,0,0.0,1.82,-2.12,1.2,0.147,0.284,0.0,0.4,0.2,0.4,-0.039,-0.099,0.016,1.975,8.72,OFF,PAPER,0
22.74,MANUAL,IDLE,,0,0.0,1.823,-2.115,1.2,0.149,0.279,0.0,0.3,0.3,0.4,0.045,0.043,0.034,1.983,10.92,OFF,PAPER,0
22.76,MANUAL,IDLE,,0,0.0,1.826,-2.109,1.2,0.148,0.277,0.0,0.2,0.3,0.5,-0.047,-0.114,0.078,1.999,13.68,OFF,PAPER,0
22.78,MANUAL,IDLE,,0,0.0,1.829,-2.104,1.2,0.15,0.268,0.0,0.1,0.2,0.5,0.033,0.025,0.093,1.962,8.39,OFF,PAPER,0
22.8,MANUAL,IDLE,,0,0.0,1.832,-2.098,1.2,0.144,0.259,0.0,0.1,0.4,0.6,-0.013,-0.077,0.008,2.01,15.19,OFF,PAPER,0
22.82,MANUAL,IDLE,,0,0.0,1.835,-2.093,1.2,0.148,0.267,0.0,0.3,0.3,0.6,-0.151,0.326,-0.001,1.992,10.37,OFF,PAPER,0
22.84,MANUAL,IDLE,,0,0.0,1.838,-2.088,1.2,0.143,0.268,0.0,0.3,0.4,0.6,0.15,0.116,-0.058,1.973,8.41,OFF,PAPER,0
22.86,MANUAL,IDLE,,0,0.0,1.841,-2.082,1.2,0.144,0.272,0.0,0.3,0.4,0.5,0.074,-0.097,-0.066,1.973,9.27,OFF,PAPER,0
22.88,MANUAL,IDLE,,0,0.0,1.843,-2.077,1.2,0.141,0.27,0.0,0.3,0.4,0.4,-0.057,0.247,-0.084,2.017,16.69,OFF,PAPER,0
22.9,MANUAL,IDLE,,0,0.0,1.846,-2.072,1.2,0.145,0.265,0.0,0.2,0.4,0.3,-0.138,-0.033,-0.113,2.013,13.39,OFF,PAPER,0
22.92,MANUAL,IDLE,,0,0.0,1.849,-2.066,1.2,0.151,0.262,0.0,0.1,0.3,0.1,0.282,0.116,-0.178,2.031,14.98,OFF,PAPER,0
22.94,MANUAL,IDLE,,0,0.0,1.852,-2.061,1.2,0.151,0.259,0.0,0.1,0.2,-0.1,-0.214,0.395,-0.263,1.996,11.0,OFF,PAPER,0
22.96,MANUAL,IDLE,,0,0.0,1.855,-2.056,1.2,0.15,0.261,0.0,-0.0,0.3,-0.4,0.181,0.044,-0.213,1.979,13.49,OFF,PAPER,0
22.98,MANUAL,IDLE,,0,0.0,1.858,-2.051,1.2,0.144,0.268,0.0,0.1,0.4,-0.6,0.445,-0.033,-0.12,2.003,14.98,OFF,PAPER,0
23.0,MANUAL,IDLE,,0,0.0,1.861,-2.045,1.2,0.14,0.268,0.0,0.0,0.5,-0.7,0.188,-0.122,-0.097,1.963,3.75,OFF,PAPER,0
23.02,MANUAL,IDLE,,0,0.0,1.864,-2.04,1.2,0.143,0.27,0.0,0.1,0.5,-0.8,0.304,0.169,-0.096,1.965,3.52,OFF,PAPER,0
23.04,MANUAL,IDLE,,0,0.0,1.867,-2.034,1.2,0.147,0.275,0.0,0.2,0.3,-0.9,0.074,0.222,0.032,1.997,13.08,OFF,PAPER,0
23.06,MANUAL,IDLE,,0,0.0,1.87,-2.029,1.2,0.143,0.282,0.0,0.3,0.4,-0.9,0.507,0.217,0.002,2.023,17.6,OFF,PAPER,0
23.08,MANUAL,IDLE,,0,0.0,1.873,-2.023,1.2,0.136,0.278,0.0,0.3,0.5,-0.9,0.013,0.198,-0.014,1.978,10.71,OFF,PAPER,0
23.1,MANUAL,IDLE,,0,0.0,1.875,-2.018,1.2,0.142,0.278,0.0,0.3,0.4,-0.9,-0.282,-0.02,0.025,1.985,13.41,OFF,PAPER,0
23.12,MANUAL,IDLE,,0,0.0,1.878,-2.012,1.2,0.145,0.267,0.0,0.1,0.4,-0.9,-0.451,0.059,-0.007,1.983,9.52,OFF,PAPER,0
23.14,MANUAL,IDLE,,0,0.0,1.881,-2.007,1.2,0.151,0.267,0.0,0.1,0.3,-0.9,0.156,-0.238,0.026,1.979,11.66,OFF,PAPER,0
23.16,MANUAL,IDLE,,0,0.0,1.884,-2.002,1.2,0.146,0.272,0.0,0.2,0.3,-0.9,0.313,0.034,-0.01,1.982,8.51,OFF,PAPER,0
23.18,MANUAL,IDLE,,0,0.0,1.887,-1.996,1.2,0.146,0.275,0.0,0.3,0.4,-0.9,0.346,0.209,0.043,1.964,9.09,OFF,PAPER,0
23.2,MANUAL,IDLE,,0,0.0,1.89,-1.991,1.2,0.142,0.278,0.0,0.4,0.6,-0.8,-0.021,-0.059,0.092,1.978,8.22,OFF,PAPER,0
23.22,MANUAL,IDLE,,0,0.0,1.893,-1.985,1.2,0.146,0.276,0.0,0.4,0.4,-0.7,-0.319,-0.109,0.117,2.008,15.57,OFF,PAPER,0
23.24,MANUAL,IDLE,,0,0.0,1.896,-1.98,1.2,0.146,0.28,0.0,0.4,0.5,-0.7,0.086,-0.298,0.002,2.004,11.81,OFF,PAPER,0
23.26,MANUAL,IDLE,,0,0.0,1.899,-1.974,1.2,0.141,0.275,0.0,0.2,0.5,-0.6,0.061,0.29,0.055,2.0,11.41,OFF,PAPER,0
23.28,MANUAL,IDLE,,0,0.0,1.902,-1.969,1.2,0.155,0.268,0.0,0.1,0.2,-0.6,0.119,-0.092,-0.067,1.984,9.41,OFF,PAPER,0
23.3,MANUAL,IDLE,,0,0.0,1.905,-1.963,1.2,0.161,0.273,0.0,0.4,0.1,-0.7,0.138,-0.255,-0.026,1.987,12.1,OFF,PAPER,0
23.32,MANUAL,IDLE,,0,0.0,1.908,-1.958,1.2,0.166,0.267,0.0,0.4,-0.0,-0.7,0.065,-0.018,0.061,1.965,10.71,OFF,PAPER,0
23.34,MANUAL,IDLE,,0,0.0,1.911,-1.952,1.2,0.162,0.264,0.0,0.3,0.1,-0.6,-0.17,-0.292,0.077,1.993,11.97,OFF,PAPER,0
23.36,MANUAL,IDLE,,0,0.0,1.915,-1.947,1.2,0.166,0.271,0.0,0.4,0.0,-0.5,-0.068,0.182,-0.049,1.971,7.08,OFF,PAPER,0
23.38,MANUAL,IDLE,,0,0.0,1.918,-1.942,1.2,0.164,0.273,0.0,0.4,0.1,-0.6,0.049,0.132,0.001,2.0,15.12,OFF,PAPER,0
23.4,MANUAL,IDLE,,0,0.0,1.921,-1.936,1.2,0.159,0.271,0.0,0.5,0.1,-0.6,-0.19,0.291,0.021,2.003,13.42,OFF,PAPER,0
23.42,MANUAL,IDLE,,0,0.0,1.924,-1.931,1.2,0.163,0.263,0.0,0.3,0.2,-0.6,-0.025,0.31,-0.002,1.993,11.19,OFF,PAPER,0
23.44,MANUAL,IDLE,,0,0.0,1.928,-1.926,1.2,0.162,0.256,0.0,0.3,0.2,-0.6,0.038,0.074,-0.043,1.977,10.89,OFF,PAPER,0
23.46,MANUAL,IDLE,,0,0.0,1.931,-1.921,1.2,0.167,0.254,0.0,0.3,0.1,-0.7,-0.098,-0.011,0.016,1.997,10.95,OFF,PAPER,0
23.48,MANUAL,IDLE,,0,0.0,1.934,-1.916,1.2,0.17,0.26,0.0,0.3,0.1,-0.7,0.091,0.001,0.056,1.968,5.35,OFF,PAPER,0
23.5,MANUAL,IDLE,,0,0.0,1.938,-1.91,1.2,0.174,0.258,0.0,0.3,0.0,-0.6,-0.106,-0.009,0.049,1.964,2.58,OFF,PAPER,0
23.52,MANUAL,IDLE,,0,0.0,1.941,-1.905,1.2,0.172,0.251,0.0,0.3,0.1,-0.6,-0.433,-0.245,-0.084,2.006,12.34,OFF,PAPER,0
23.54,MANUAL,IDLE,,0,0.0,1.945,-1.9,1.2,0.175,0.253,0.0,0.3,-0.1,-0.6,-0.077,-0.162,0.012,1.979,12.55,OFF,PAPER,0
23.56,MANUAL,IDLE,,0,0.0,1.948,-1.895,1.2,0.166,0.248,0.0,0.1,0.1,-0.7,-0.107,0.07,-0.042,1.988,11.59,OFF,PAPER,0
23.58,MANUAL,IDLE,,0,0.0,1.952,-1.89,1.2,0.173,0.244,0.0,0.1,0.0,-0.7,0.113,-0.007,0.007,1.982,11.42,OFF,PAPER,0
23.6,MANUAL,IDLE,,0,0.0,1.955,-1.885,1.2,0.176,0.24,0.0,0.1,0.0,-0.7,-0.18,-0.167,0.002,1.982,12.18,OFF,PAPER,0
23.62,MANUAL,IDLE,,0,0.0,1.959,-1.881,1.2,0.181,0.249,0.0,0.2,0.0,-0.7,-0.054,0.121,-0.069,1.983,9.06,OFF,PAPER,0
23.64,MANUAL,IDLE,,0,0.0,1.962,-1.876,1.2,0.174,0.251,0.0,0.2,0.1,-0.8,-0.278,-0.061,-0.035,2.002,15.01,OFF,PAPER,0
23.66,MANUAL,IDLE,,0,0.0,1.966,-1.871,1.2,0.173,0.246,0.0,0.1,0.2,-0.9,0.013,-0.428,-0.069,1.998,10.95,OFF,PAPER,0
23.68,MANUAL,IDLE,,0,0.0,1.969,-1.866,1.2,0.17,0.243,0.0,0.0,0.2,-0.9,-0.102,0.068,-0.07,2.027,19.08,OFF,PAPER,0
23.7,MANUAL,IDLE,,0,0.0,1.972,-1.861,1.2,0.17,0.232,0.0,-0.1,0.1,-1.0,-0.049,0.102,-0.02,1.969,6.04,OFF,PAPER,0
23.72,MANUAL,IDLE,,0,0.0,1.976,-1.856,1.2,0.167,0.228,0.0,-0.1,0.1,-0.9,0.165,0.208,0.08,2.011,13.93,OFF,PAPER,0
23.74,MANUAL,IDLE,,0,0.0,1.979,-1.852,1.2,0.17,0.224,0.0,-0.2,0.2,-0.8,-0.08,-0.164,-0.006,1.982,12.0,OFF,PAPER,0
23.76,MANUAL,IDLE,,0,0.0,1.983,-1.847,1.2,0.177,0.225,0.0,-0.2,0.1,-0.8,0.062,-0.432,0.047,1.982,12.25,OFF,PAPER,0
23.78,MANUAL,IDLE,,0,0.0,1.986,-1.843,1.2,0.172,0.222,0.0,-0.2,0.1,-0.8,-0.137,0.007,0.05,1.975,6.61,OFF,PAPER,0
23.8,MANUAL,IDLE,,0,0.0,1.99,-1.838,1.2,0.172,0.221,0.0,-0.2,0.1,-0.7,-0.301,0.303,-0.013,1.999,13.12,OFF,PAPER,0
23.82,MANUAL,IDLE,,0,0.0,1.993,-1.834,1.2,0.178,0.231,0.0,-0.2,0.0,-0.8,0.176,0.303,-0.026,1.981,8.7,OFF,PAPER,0
23.84,MANUAL,IDLE,,0,0.0,1.997,-1.829,1.2,0.18,0.232,0.0,-0.1,0.1,-0.8,0.009,0.117,0.018,2.007,12.61,OFF,PAPER,0
23.86,MANUAL,IDLE,,0,0.0,2.001,-1.824,1.2,0.191,0.237,0.0,-0.0,-0.1,-0.7,0.359,-0.184,0.011,2.016,15.21,OFF,PAPER,0
23.88,MANUAL,IDLE,,0,0.0,2.004,-1.82,1.2,0.188,0.241,0.0,0.1,-0.2,-0.7,0.139,0.44,0.051,1.987,10.33,OFF,PAPER,0
23.9,MANUAL,IDLE,,0,0.0,2.008,-1.815,1.2,0.189,0.232,0.0,-0.0,-0.0,-0.7,-0.125,-0.132,-0.087,1.992,11.56,OFF,PAPER,0
23.92,MANUAL,IDLE,,0,0.0,2.012,-1.81,1.2,0.191,0.234,0.0,-0.0,-0.1,-0.8,0.085,0.3,-0.09,1.996,11.13,OFF,PAPER,0
23.94,MANUAL,IDLE,,0,0.0,2.016,-1.806,1.2,0.191,0.235,0.0,0.0,-0.1,-0.8,-0.04,-0.388,0.006,1.966,8.61,OFF,PAPER,0
23.96,MANUAL,IDLE,,0,0.0,2.02,-1.801,1.2,0.2,0.235,0.0,0.0,-0.3,-0.9,0.275,-0.354,-0.079,2.002,11.43,OFF,PAPER,0
23.98,MANUAL,IDLE,,0,0.0,2.024,-1.796,1.2,0.209,0.23,0.0,0.0,-0.3,-0.9,-0.128,-0.051,-0.065,1.968,7.39,OFF,PAPER,0
24.0,MANUAL,IDLE,,0,0.0,2.028,-1.792,1.2,0.206,0.229,0.0,0.0,-0.3,-1.0,-0.023,0.152,-0.121,1.981,8.67,OFF,PAPER,0
24.02,MANUAL,IDLE,,0,0.0,2.032,-1.787,1.2,0.211,0.221,0.0,-0.2,-0.5,-1.1,-0.095,0.19,-0.014,1.987,9.5,OFF,PAPER,0
24.04,MANUAL,IDLE,,0,0.0,2.036,-1.783,1.2,0.207,0.226,0.0,-0.2,-0.4,-1.2,-0.122,0.109,0.007,1.998,14.08,OFF,PAPER,0
24.06,MANUAL,IDLE,,0,0.0,2.04,-1.778,1.2,0.201,0.229,0.0,-0.2,-0.4,-1.1,-0.077,0.113,0.019,1.972,9.59,OFF,PAPER,0
24.08,MANUAL,IDLE,,0,0.0,2.044,-1.774,1.2,0.205,0.225,0.0,-0.3,-0.4,-1.1,-0.17,-0.237,-0.027,2.001,13.69,OFF,PAPER,0
24.1,MANUAL,IDLE,,0,0.0,2.048,-1.769,1.2,0.197,0.223,0.0,-0.3,-0.3,-1.1,0.074,-0.262,0.081,1.988,12.94,OFF,PAPER,0
24.12,MANUAL,IDLE,,0,0.0,2.052,-1.765,1.2,0.193,0.222,0.0,-0.3,-0.3,-1.0,0.017,0.29,0.017,1.989,13.94,OFF,PAPER,0
24.14,MANUAL,IDLE,,0,0.0,2.056,-1.76,1.2,0.191,0.221,0.0,-0.3,-0.2,-1.0,-0.307,-0.07,-0.035,1.993,13.43,OFF,PAPER,0
24.16,MANUAL,IDLE,,0,0.0,2.06,-1.756,1.2,0.197,0.222,0.0,-0.4,-0.3,-1.0,-0.212,-0.244,0.048,1.963,2.88,OFF,PAPER,0
24.18,MANUAL,IDLE,,0,0.0,2.064,-1.751,1.2,0.197,0.219,0.0,-0.5,-0.4,-0.9,-0.219,-0.076,0.055,1.975,11.27,OFF,PAPER,0
24.2,MANUAL,IDLE,,0,0.0,2.068,-1.747,1.2,0.195,0.223,0.0,-0.4,-0.4,-0.9,-0.087,0.21,-0.015,1.972,9.84,OFF,PAPER,0
24.22,MANUAL,IDLE,,0,0.0,2.072,-1.742,1.2,0.191,0.215,0.0,-0.7,-0.3,-0.9,-0.076,-0.057,0.03,1.993,12.07,OFF,PAPER,0
24.24,MANUAL,IDLE,,0,0.0,2.076,-1.738,1.2,0.194,0.22,0.0,-0.6,-0.4,-0.9,-0.066,0.063,0.097,2.005,16.6,OFF,PAPER,0
24.26,MANUAL,IDLE,,0,0.0,2.079,-1.734,1.2,0.19,0.224,0.0,-0.6,-0.3,-0.9,-0.03,0.02,-0.025,2.026,14.58,OFF,PAPER,0
24.28,MANUAL,IDLE,,0,0.0,2.083,-1.729,1.2,0.188,0.23,0.0,-0.5,-0.3,-1.0,-0.068,-0.281,-0.128,1.966,3.98,OFF,PAPER,0
24.3,MANUAL,IDLE,,0,0.0,2.087,-1.725,1.2,0.188,0.222,0.0,-0.7,-0.3,-1.1,-0.009,0.019,-0.03,2.016,13.35,OFF,PAPER,0
24.32,MANUAL,IDLE,,0,0.0,2.091,-1.72,1.2,0.184,0.223,0.0,-0.6,-0.3,-1.2,0.151,0.145,-0.031,1.975,11.68,OFF,PAPER,0
24.34,MANUAL,IDLE,,0,0.0,2.094,-1.716,1.2,0.18,0.226,0.0,-0.5,-0.3,-1.2,0.298,-0.158,-0.014,1.968,11.96,OFF,PAPER,0
24.36,MANUAL,IDLE,,0,0.0,2.098,-1.711,1.2,0.18,0.233,0.0,-0.4,-0.2,-1.1,0.165,0.011,0.071,1.97,6.71,OFF,PAPER,0
24.38,MANUAL,IDLE,,0,0.0,2.101,-1.707,1.2,0.177,0.23,0.0,-0.4,-0.1,-1.1,-0.318,0.17,0.007,2.009,13.1,OFF,PAPER,0
24.4,MANUAL,IDLE,,0,0.0,2.105,-1.702,1.2,0.176,0.237,0.0,-0.3,-0.2,-0.9,0.183,0.271,0.128,2.011,12.79,OFF,PAPER,0
24.42,MANUAL,IDLE,,0,0.0,2.108,-1.697,1.2,0.166,0.241,0.0,-0.3,0.0,-0.8,-0.254,0.023,0.011,1.994,10.39,OFF,PAPER,0
24.44,MANUAL,IDLE,,0,0.0,2.112,-1.692,1.2,0.174,0.242,0.0,-0.5,-0.0,-0.8,0.027,-0.165,0.12,1.964,9.83,OFF,PAPER,0
24.46,MANUAL,IDLE,,0,0.0,2.115,-1.687,1.2,0.178,0.246,0.0,-0.4,-0.0,-0.6,-0.158,0.027,0.15,1.996,10.68,OFF,PAPER,0
24.48,MANUAL,IDLE,,0,0.0,2.119,-1.682,1.2,0.173,0.245,0.0,-0.4,0.0,-0.5,-0.332,0.247,0.093,2.027,18.19,OFF,PAPER,0
24.5,MANUAL,IDLE,,0,0.0,2.122,-1.677,1.2,0.175,0.245,0.0,-0.4,0.0,-0.3,-0.038,0.137,0.151,1.971,11.69,OFF,PAPER,0
24.52,MANUAL,IDLE,,0,0.0,2.126,-1.673,1.2,0.174,0.24,0.0,-0.5,0.2,-0.2,0.074,-0.144,0.078,1.99,9.61,OFF,PAPER,0
24.54,MANUAL,IDLE,,0,0.0,2.129,-1.668,1.2,0.174,0.241,0.0,-0.4,0.1,-0.2,-0.07,0.017,0.041,2.01,13.29,OFF,PAPER,0
24.56,MANUAL,IDLE,,0,0.0,2.133,-1.663,1.2,0.181,0.248,0.0,-0.2,0.1,-0.2,-0.089,-0.214,-0.006,1.967,7.17,OFF,PAPER,0
24.58,MANUAL,IDLE,,0,0.0,2.136,-1.658,1.2,0.183,0.253,0.0,-0.1,0.1,-0.2,-0.255,0.179,-0.013,1.992,10.03,OFF,PAPER,0
24.6,MANUAL,IDLE,,0,0.0,2.14,-1.653,1.2,0.182,0.25,0.0,-0.3,0.2,-0.2,-0.024,-0.081,0.02,1.981,7.88,OFF,PAPER,0
24.62,MANUAL,IDLE,,0,0.0,2.144,-1.648,1.2,0.187,0.253,0.0,-0.1,0.1,-0.2,0.114,-0.058,0.038,1.963,2.71,OFF,PAPER,0
24.64,MANUAL,IDLE,,0,0.0,2.147,-1.643,1.2,0.185,0.254,0.0,-0.1,0.2,-0.1,0.3,-0.176,0.108,2.015,13.13,OFF,PAPER,0
24.66,MANUAL,IDLE,,0,0.0,2.151,-1.638,1.2,0.185,0.252,0.0,-0.1,0.2,-0.1,-0.082,0.131,-0.165,1.971,7.79,OFF,PAPER,0
24.68,MANUAL,IDLE,,0,0.0,2.155,-1.633,1.2,0.19,0.247,0.0,-0.1,0.2,-0.2,-0.119,0.087,-0.008,1.973,12.22,OFF,PAPER,0
24.7,MANUAL,IDLE,,0,0.0,2.159,-1.628,1.2,0.19,0.246,0.0,-0.1,0.2,-0.3,-0.003,-0.173,-0.103,1.972,5.89,OFF,PAPER,0
24.72,MANUAL,IDLE,,0,0.0,2.162,-1.623,1.2,0.189,0.245,0.0,-0.2,0.1,-0.4,0.163,0.112,0.04,2.0,14.68,OFF,PAPER,0
24.74,MANUAL,IDLE,,0,0.0,2.166,-1.618,1.2,0.189,0.238,0.0,-0.3,0.1,-0.2,-0.393,-0.29,0.188,1.979,7.57,OFF,PAPER,0
24.76,MANUAL,IDLE,,0,0.0,2.17,-1.613,1.2,0.187,0.246,0.0,-0.2,0.2,-0.0,-0.001,0.086,0.093,1.996,13.08,OFF,PAPER,0
24.78,MANUAL,IDLE,,0,0.0,2.174,-1.608,1.2,0.191,0.249,0.0,-0.1,0.2,0.1,0.188,-0.218,0.106,1.996,10.87,OFF,PAPER,0
24.8,MANUAL,IDLE,,0,0.0,2.178,-1.603,1.2,0.192,0.247,0.0,-0.2,0.2,0.2,-0.402,0.342,0.05,1.98,8.59,OFF,PAPER,0
24.82,MANUAL,IDLE,,0,0.0,2.181,-1.598,1.2,0.188,0.249,0.0,-0.2,0.2,0.3,0.036,0.216,0.112,2.022,14.29,OFF,PAPER,0
24.84,MANUAL,IDLE,,0,0.0,2.185,-1.593,1.2,0.182,0.252,0.0,-0.1,0.4,0.4,-0.217,0.142,0.027,1.999,11.64,OFF,PAPER,0
24.86,MANUAL,IDLE,,0,0.0,2.189,-1.588,1.2,0.186,0.255,0.0,-0.1,0.4,0.4,0.202,-0.189,-0.012,1.97,8.73,OFF,PAPER,0
24.88,MANUAL,IDLE,,0,0.0,2.193,-1.583,1.2,0.188,0.26,0.0,0.0,0.4,0.3,0.25,0.091,-0.046,1.994,11.95,OFF,PAPER,0
24.9,MANUAL,IDLE,,0,0.0,2.196,-1.578,1.2,0.185,0.255,0.0,0.0,0.5,0.3,-0.299,-0.165,-0.061,1.963,6.42,OFF,PAPER,0
24.92,MANUAL,IDLE,,0,0.0,2.2,-1.573,1.2,0.19,0.253,0.0,0.0,0.3,0.2,-0.006,0.074,-0.09,1.99,15.08,OFF,PAPER,0
24.94,MANUAL,IDLE,,0,0.0,2.204,-1.568,1.2,0.187,0.242,0.0,-0.1,0.4,0.1,-0.004,0.07,-0.039,1.99,13.6,OFF,PAPER,0
24.96,MANUAL,IDLE,,0,0.0,2.208,-1.563,1.2,0.182,0.241,0.0,-0.1,0.5,0.0,-0.016,-0.041,-0.087,2.004,11.87,OFF,PAPER,0
24.98,MANUAL,IDLE,,0,0.0,2.211,-1.558,1.2,0.181,0.243,0.0,-0.1,0.5,-0.1,0.056,0.044,-0.022,1.976,11.36,OFF,PAPER,0
25.0,MANUAL,IDLE,,0,0.0,2.215,-1.554,1.2,0.18,0.244,0.0,-0.1,0.5,-0.1,-0.229,-0.029,-0.111,2.0,11.45,OFF,PAPER,0
25.02,MANUAL,IDLE,,0,0.0,2.218,-1.549,1.2,0.178,0.243,0.0,-0.1,0.6,-0.3,0.029,0.207,-0.069,1.97,10.87,OFF,PAPER,0
25.04,MANUAL,IDLE,,0,0.0,2.222,-1.544,1.2,0.176,0.243,0.0,-0.1,0.6,-0.4,-0.169,0.137,-0.105,1.972,12.56,OFF,PAPER,0
25.06,MANUAL,IDLE,,0,0.0,2.225,-1.539,1.2,0.181,0.245,0.0,-0.0,0.6,-0.4,0.344,-0.307,-0.005,1.966,4.99,OFF,PAPER,0
25.08,MANUAL,IDLE,,0,0.0,2.229,-1.534,1.2,0.182,0.242,0.0,-0.0,0.5,-0.4,0.302,0.249,0.03,1.976,12.86,OFF,PAPER,0
25.1,MANUAL,IDLE,,0,0.0,2.233,-1.529,1.2,0.184,0.24,0.0,-0.0,0.5,-0.3,0.151,-0.356,0.107,1.969,7.68,OFF,PAPER,0
25.12,MANUAL,IDLE,,0,0.0,2.236,-1.524,1.2,0.183,0.244,0.0,0.1,0.5,-0.2,0.119,-0.106,0.13,1.987,9.04,OFF,PAPER,0
25.14,MANUAL,IDLE,,0,0.0,2.24,-1.52,1.2,0.18,0.25,0.0,0.2,0.5,-0.0,0.053,-0.003,0.129,1.972,6.49,OFF,PAPER,0
25.16,MANUAL,IDLE,,0,0.0,2.244,-1.514,1.2,0.181,0.256,0.0,0.4,0.5,0.1,0.141,-0.113,0.073,1.991,10.91,OFF,PAPER,0
25.18,MANUAL,IDLE,,0,0.0,2.247,-1.509,1.2,0.18,0.261,0.0,0.5,0.5,0.1,0.172,-0.005,-0.071,2.015,15.44,OFF,PAPER,0
25.2,MANUAL,IDLE,,0,0.0,2.251,-1.504,1.2,0.18,0.26,0.0,0.4,0.5,0.1,0.078,-0.264,0.041,1.97,7.65,OFF,PAPER,0
25.22,MANUAL,IDLE,,0,0.0,2.254,-1.499,1.2,0.174,0.271,0.0,0.6,0.6,0.1,0.53,-0.259,-0.049,2.006,12.03,OFF,PAPER,0
25.24,MANUAL,IDLE,,0,0.0,2.258,-1.493,1.2,0.173,0.27,0.0,0.7,0.6,0.1,-0.126,0.143,0.057,2.013,14.63,OFF,PAPER,0
25.26,MANUAL,IDLE,,0,0.0,2.262,-1.488,1.2,0.181,0.267,0.0,0.5,0.5,0.2,0.016,0.319,0.014,1.979,11.96,OFF,PAPER,0
25.28,MANUAL,IDLE,,0,0.0,2.265,-1.483,1.2,0.184,0.261,0.0,0.4,0.6,0.1,-0.029,-0.071,-0.134,1.97,6.23,OFF,PAPER,0
25.3,MANUAL,IDLE,,0,0.0,2.269,-1.478,1.2,0.179,0.26,0.0,0.4,0.7,-0.0,0.242,-0.176,-0.096,2.012,13.2,OFF,PAPER,0
25.32,MANUAL,IDLE,,0,0.0,2.272,-1.472,1.2,0.181,0.272,0.0,0.6,0.7,-0.1,0.294,-0.155,-0.119,1.991,11.92,OFF,PAPER,0
25.34,MANUAL,IDLE,,0,0.0,2.276,-1.467,1.2,0.185,0.263,0.0,0.4,0.7,-0.2,0.275,-0.184,-0.148,1.999,13.29,OFF,PAPER,0
25.36,MANUAL,IDLE,,0,0.0,2.28,-1.462,1.2,0.184,0.267,0.0,0.4,0.7,-0.4,0.131,-0.079,-0.179,1.969,5.86,OFF,PAPER,0
25.38,MANUAL,IDLE,,0,0.0,2.283,-1.456,1.2,0.19,0.264,0.0,0.5,0.6,-0.6,-0.4,0.052,-0.091,2.005,14.14,OFF,PAPER,0
25.4,MANUAL,IDLE,,0,0.0,2.287,-1.451,1.2,0.189,0.259,0.0,0.4,0.6,-0.8,-0.144,-0.081,-0.226,1.971,9.37,OFF,PAPER,0
25.42,MANUAL,IDLE,,0,0.0,2.291,-1.446,1.2,0.202,0.261,0.0,0.3,0.4,-1.0,0.169,0.02,-0.121,1.978,12.1,OFF,PAPER,0
25.44,MANUAL,IDLE,,0,0.0,2.295,-1.441,1.2,0.196,0.257,0.0,0.3,0.5,-1.2,-0.162,0.194,-0.182,1.979,12.05,OFF,PAPER,0
25.46,MANUAL,IDLE,,0,0.0,2.299,-1.436,1.2,0.196,0.25,0.0,0.1,0.5,-1.4,0.017,0.452,-0.193,2.001,15.33,OFF,PAPER,0
25.48,MANUAL,IDLE,,0,0.0,2.303,-1.431,1.2,0.194,0.252,0.0,0.2,0.7,-1.5,0.031,-0.179,-0.136,1.987,10.34,OFF,PAPER,0
25.5,MANUAL,IDLE,,0,0.0,2.307,-1.426,1.2,0.197,0.254,0.0,0.3,0.5,-1.6,0.218,0.131,-0.088,1.98,7.79,OFF,PAPER,0
25.52,MANUAL,IDLE,,0,0.0,2.311,-1.421,1.2,0.205,0.241,0.0,0.2,0.4,-1.7,-0.35,-0.379,-0.047,1.971,10.77,OFF,PAPER,0
25.54,MANUAL,IDLE,,0,0.0,2.315,-1.416,1.2,0.205,0.233,0.0,0.0,0.4,-1.7,-0.01,-0.082,-0.03,2.013,13.39,OFF,PAPER,0
25.56,MANUAL,IDLE,,0,0.0,2.319,-1.411,1.2,0.213,0.23,0.0,0.0,0.2,-1.7,-0.006,-0.228,0.037,1.967,4.46,OFF,PAPER,0
25.58,MANUAL,IDLE,,0,0.0,2.323,-1.407,1.2,0.211,0.223,0.0,-0.1,0.3,-1.7,0.019,0.12,-0.024,1.988,10.19,OFF,PAPER,0
25.6,MANUAL,IDLE,,0,0.0,2.328,-1.402,1.2,0.208,0.222,0.0,-0.2,0.3,-1.7,-0.054,0.117,0.006,2.01,12.97,OFF,PAPER,0
25.62,MANUAL,IDLE,,0,0.0,2.332,-1.398,1.2,0.213,0.219,0.0,-0.3,0.2,-1.7,0.011,-0.183,0.051,1.971,5.47,OFF,PAPER,0
25.64,MANUAL,IDLE,,0,0.0,2.336,-1.393,1.2,0.217,0.228,0.0,-0.2,0.1,-1.6,0.247,0.144,0.022,2.01,18.79,OFF,PAPER,0
25.66,MANUAL,IDLE,,0,0.0,2.341,-1.389,1.2,0.221,0.223,0.0,-0.2,0.1,-1.6,-0.181,-0.334,0.051,1.979,7.72,OFF,PAPER,0
25.68,MANUAL,IDLE,,0,0.0,2.345,-1.385,1.2,0.228,0.221,0.0,-0.4,0.1,-1.5,0.001,-0.354,0.11,1.965,6.66,OFF,PAPER,0
25.7,MANUAL,IDLE,,0,0.0,2.35,-1.38,1.2,0.232,0.23,0.0,-0.2,-0.1,-1.4,0.13,0.181,0.078,2.004,15.28,OFF,PAPER,0
25.72,MANUAL,IDLE,,0,0.0,2.354,-1.375,1.2,0.226,0.228,0.0,-0.2,0.1,-1.4,0.101,0.134,-0.015,1.965,5.45,OFF,PAPER,0
25.74,MANUAL,IDLE,,0,0.0,2.359,-1.371,1.2,0.222,0.232,0.0,-0.1,0.1,-1.4,0.288,-0.077,-0.037,1.994,14.96,OFF,PAPER,0
25.76,MANUAL,IDLE,,0,0.0,2.363,-1.366,1.2,0.231,0.226,0.0,-0.1,0.0,-1.4,-0.282,-0.326,-0.009,2.007,15.54,OFF,PAPER,0
25.78,MANUAL,IDLE,,0,0.0,2.368,-1.362,1.2,0.223,0.233,0.0,-0.1,0.1,-1.4,0.344,0.412,0.003,2.014,18.36,OFF,PAPER,0
25.8,MANUAL,IDLE,,0,0.0,2.372,-1.357,1.2,0.217,0.235,0.0,-0.1,0.3,-1.4,0.322,0.315,-0.023,1.975,7.09,OFF,PAPER,0
25.82,MANUAL,IDLE,,0,0.0,2.376,-1.352,1.2,0.216,0.238,0.0,-0.1,0.2,-1.5,0.237,0.171,-0.093,1.971,7.86,OFF,PAPER,0
25.84,MANUAL,IDLE,,0,0.0,2.381,-1.348,1.2,0.212,0.24,0.0,0.0,0.3,-1.5,-0.111,-0.121,0.028,2.018,14.13,OFF,PAPER,0
25.86,MANUAL,IDLE,,0,0.0,2.385,-1.343,1.2,0.212,0.237,0.0,-0.1,0.3,-1.5,-0.198,-0.081,-0.001,1.978,10.05,OFF,PAPER,0
25.88,MANUAL,IDLE,,0,0.0,2.389,-1.338,1.2,0.223,0.236,0.0,-0.2,0.2,-1.4,-0.3,-0.2,0.049,1.993,10.38,OFF,PAPER,0
25.9,MANUAL,IDLE,,0,0.0,2.394,-1.333,1.2,0.215,0.23,0.0,-0.4,0.2,-1.4,0.063,-0.045,0.093,1.99,13.42,OFF,PAPER,0
25.92,MANUAL,IDLE,,0,0.0,2.398,-1.329,1.2,0.208,0.229,0.0,-0.4,0.4,-1.3,-0.157,-0.301,0.018,2.024,14.79,OFF,PAPER,0
25.94,MANUAL,IDLE,,0,0.0,2.402,-1.324,1.2,0.21,0.237,0.0,-0.3,0.3,-1.2,0.228,-0.165,0.007,1.971,6.02,OFF,PAPER,0
25.96,MANUAL,IDLE,,0,0.0,2.406,-1.32,1.2,0.214,0.238,0.0,-0.2,0.1,-1.2,0.4,-0.156,0.043,1.998,11.02,OFF,PAPER,0
25.98,MANUAL,IDLE,,0,0.0,2.411,-1.315,1.2,0.215,0.235,0.0,-0.1,0.1,-1.3,-0.252,0.056,0.015,1.99,13.83,OFF,PAPER,0
26.0,MANUAL,IDLE,,0,0.0,2.415,-1.31,1.2,0.215,0.23,0.0,-0.3,0.1,-1.3,0.134,0.108,-0.014,1.969,9.86,OFF,PAPER,0
26.02,MANUAL,IDLE,,0,0.0,2.419,-1.306,1.2,0.21,0.228,0.0,-0.2,0.2,-1.3,0.067,0.002,-0.032,1.978,11.69,OFF,PAPER,0
26.04,MANUAL,IDLE,,0,0.0,2.423,-1.301,1.2,0.213,0.229,0.0,-0.2,0.7,-1.4,0.109,0.336,-0.146,2.006,26.42,OFF,PAPER,0
26.06,MANUAL,IDLE,,0,0.0,2.428,-1.296,1.2,0.222,0.229,0.0,-0.2,1.4,-1.5,-0.2,0.646,-0.04,2.001,17.43,OFF,PAPER,0
26.08,MANUAL,IDLE,,0,0.0,2.432,-1.292,1.2,0.241,0.233,0.0,-0.2,2.2,-1.5,-0.186,0.572,0.037,1.998,17.12,OFF,PAPER,0
26.1,MANUAL,IDLE,,0,0.0,2.437,-1.287,1.2,0.248,0.233,0.0,-0.2,3.0,-1.6,-0.067,1.151,-0.045,2.033,14.63,OFF,PAPER,0
26.12,MANUAL,IDLE,,0,0.0,2.442,-1.282,1.2,0.261,0.236,0.0,-0.2,4.0,-1.6,-0.158,0.68,0.015,1.967,27.24,OFF,PAPER,0
26.14,MANUAL,IDLE,,0,0.0,2.448,-1.278,1.2,0.271,0.238,0.0,-0.2,5.1,-1.5,0.241,0.731,0.102,1.973,28.98,OFF,PAPER,0
26.16,MANUAL,IDLE,,0,0.0,2.453,-1.273,1.2,0.283,0.232,0.0,-0.3,6.0,-1.4,-0.069,0.84,0.121,2.0,17.05,OFF,PAPER,0
26.18,MANUAL,IDLE,,0,0.0,2.459,-1.268,1.2,0.312,0.231,0.0,-0.4,6.7,-1.3,0.098,0.547,-0.023,1.976,22.78,OFF,PAPER,0
26.2,MANUAL,IDLE,,0,0.0,2.466,-1.264,1.2,0.33,0.234,0.0,-0.5,7.7,-1.3,0.155,0.747,-0.032,1.993,15.23,OFF,PAPER,0
26.22,MANUAL,IDLE,,0,0.0,2.472,-1.259,1.2,0.36,0.235,0.0,-0.4,8.5,-1.3,0.154,0.404,0.005,1.967,20.47,OFF,PAPER,0
26.24,MANUAL,IDLE,,0,0.0,2.48,-1.254,1.2,0.386,0.232,0.0,-0.4,9.2,-1.3,0.161,0.779,-0.014,1.962,23.83,OFF,PAPER,0
26.26,MANUAL,IDLE,,0,0.0,2.488,-1.25,1.2,0.42,0.23,0.0,-0.3,9.9,-1.3,0.039,0.379,0.07,2.054,10.33,OFF,PAPER,0
26.28,MANUAL,IDLE,,0,0.0,2.497,-1.245,1.2,0.448,0.222,0.0,-0.4,10.6,-1.3,-0.071,0.746,0.081,2.107,4.54,OFF,PAPER,0
26.3,MANUAL,IDLE,,0,0.0,2.506,-1.241,1.2,0.492,0.226,0.0,-0.4,11.1,-1.2,0.281,0.084,0.104,2.126,14.36,OFF,PAPER,0
26.32,MANUAL,IDLE,,0,0.0,2.516,-1.236,1.2,0.531,0.241,0.0,-0.2,11.6,-1.1,-0.095,0.378,0.106,2.056,14.07,OFF,PAPER,0
26.34,MANUAL,IDLE,,0,0.0,2.527,-1.231,1.2,0.57,0.246,0.0,-0.0,12.3,-0.9,-0.019,0.449,0.205,1.978,18.43,OFF,PAPER,0
26.36,MANUAL,IDLE,,0,0.0,2.539,-1.226,1.2,0.609,0.247,0.0,0.0,12.8,-0.6,0.097,0.567,0.257,2.087,5.27,OFF,PAPER,0
26.38,MANUAL,IDLE,,0,0.0,2.552,-1.221,1.2,0.662,0.258,0.0,0.2,13.1,-0.3,0.097,0.431,0.162,2.163,16.48,OFF,PAPER,0
26.4,MANUAL,IDLE,,0,0.0,2.566,-1.216,1.2,0.705,0.258,0.0,0.2,13.1,-0.2,0.053,-0.127,0.089,1.982,10.77,OFF,PAPER,0
26.42,MANUAL,IDLE,,0,0.0,2.58,-1.211,1.2,0.751,0.255,0.0,0.1,12.7,-0.1,0.182,-0.511,0.013,2.042,15.51,OFF,PAPER,0
26.44,MANUAL,IDLE,,0,0.0,2.596,-1.206,1.2,0.793,0.256,0.0,0.2,12.0,-0.2,-0.185,-0.234,-0.06,2.038,19.13,OFF,PAPER,0
26.46,MANUAL,IDLE,,0,0.0,2.612,-1.201,1.2,0.836,0.248,0.0,0.0,11.5,-0.2,-0.094,-0.754,-0.073,2.125,22.1,OFF,PAPER,0
26.48,MANUAL,IDLE,,0,0.0,2.629,-1.196,1.2,0.889,0.251,0.0,0.1,10.7,-0.3,0.143,-0.443,-0.015,2.026,15.72,OFF,PAPER,0
26.5,MANUAL,IDLE,,0,0.0,2.647,-1.191,1.2,0.93,0.251,0.0,0.1,10.1,-0.3,-0.264,-0.736,0.138,2.087,21.78,OFF,PAPER,0
26.52,MANUAL,IDLE,,0,0.0,2.666,-1.186,1.2,0.961,0.249,0.0,0.1,9.6,-0.1,-0.396,-0.478,0.064,2.067,18.82,OFF,PAPER,0
26.54,MANUAL,IDLE,,0,0.0,2.686,-1.181,1.2,0.992,0.249,0.0,0.2,9.1,-0.1,0.454,-0.539,0.016,1.977,20.02,OFF,PAPER,0
26.56,MANUAL,IDLE,,0,0.0,2.706,-1.176,1.2,1.024,0.251,0.0,1.0,8.6,-0.0,0.693,-0.217,0.109,1.969,17.46,OFF,PAPER,0
26.58,MANUAL,IDLE,,0,0.0,2.727,-1.171,1.2,1.056,0.245,0.0,1.8,8.2,0.1,1.08,-0.554,0.066,2.069,32.86,OFF,PAPER,0
26.6,MANUAL,IDLE,,0,0.0,2.748,-1.166,1.2,1.088,0.239,0.0,2.8,7.7,0.1,0.652,-0.443,0.07,2.001,19.9,OFF,PAPER,0
26.62,MANUAL,IDLE,,0,0.0,2.77,-1.161,1.2,1.113,0.233,0.0,3.9,7.4,0.1,1.262,-0.411,-0.026,2.173,21.2,OFF,PAPER,0
26.64,MANUAL,IDLE,,0,0.0,2.793,-1.157,1.2,1.14,0.215,0.0,4.8,7.0,0.1,0.694,-0.261,-0.004,1.965,20.94,OFF,PAPER,0
26.66,MANUAL,IDLE,,0,0.0,2.816,-1.153,1.2,1.157,0.189,0.0,5.6,6.7,0.1,0.682,-0.268,-0.005,2.029,25.72,OFF,PAPER,0
26.68,MANUAL,IDLE,,0,0.0,2.839,-1.149,1.2,1.18,0.165,0.0,6.3,6.4,0.1,0.945,-0.407,0.152,1.972,28.98,OFF,PAPER,0
26.7,MANUAL,IDLE,,0,0.0,2.863,-1.146,1.2,1.202,0.145,0.0,7.2,6.0,0.2,0.926,-0.368,0.131,1.99,21.3,OFF,PAPER,0
26.72,MANUAL,IDLE,,0,0.0,2.887,-1.143,1.2,1.231,0.12,0.0,8.0,5.6,0.3,0.668,-0.333,0.128,2.068,7.91,OFF,PAPER,0
26.74,MANUAL,IDLE,,0,0.0,2.912,-1.141,1.2,1.257,0.096,0.0,8.7,5.2,0.3,0.737,-0.307,0.008,1.993,20.87,OFF,PAPER,0
26.76,MANUAL,IDLE,,0,0.0,2.938,-1.14,1.2,1.274,0.063,0.0,9.4,5.0,0.3,1.013,0.1,-0.018,1.966,23.91,OFF,PAPER,0
26.78,MANUAL,IDLE,,0,0.0,2.963,-1.139,1.2,1.3,0.031,0.0,10.1,4.7,0.2,0.54,-0.657,-0.044,2.136,6.49,OFF,PAPER,0
26.8,MANUAL,IDLE,,0,0.0,2.989,-1.139,1.2,1.319,-0.005,0.0,10.6,4.2,0.1,0.673,-0.213,-0.007,1.98,19.27,OFF,PAPER,0
26.82,MANUAL,IDLE,,0,0.0,3.016,-1.139,1.2,1.329,-0.044,0.0,11.3,4.1,0.0,0.75,0.097,-0.031,1.964,21.25,OFF,PAPER,0
26.84,MANUAL,IDLE,,0,0.0,3.043,-1.14,1.2,1.344,-0.085,0.0,11.8,3.9,-0.0,0.561,-0.372,0.062,2.05,15.01,OFF,PAPER,0
26.86,MANUAL,IDLE,,0,0.0,3.07,-1.142,1.2,1.359,-0.119,0.0,12.6,3.7,-0.0,0.146,0.002,-0.018,2.025,2.82,OFF,PAPER,0
26.88,MANUAL,IDLE,,0,0.0,3.097,-1.145,1.2,1.368,-0.172,0.0,12.6,3.6,-0.0,-0.095,-0.069,0.074,1.969,9.43,OFF,PAPER,0
26.9,MANUAL,IDLE,,0,0.0,3.125,-1.149,1.2,1.379,-0.205,0.0,12.4,3.4,0.1,-0.074,-0.033,0.097,1.999,8.79,OFF,PAPER,0
26.92,MANUAL,IDLE,,0,0.0,3.152,-1.154,1.2,1.383,-0.25,0.0,12.0,3.4,0.2,-0.489,-0.012,0.149,2.131,22.82,OFF,PAPER,0
26.94,MANUAL,IDLE,,0,0.0,3.18,-1.159,1.2,1.387,-0.295,0.0,11.5,3.4,0.4,-0.573,0.335,0.127,1.99,4.72,OFF,PAPER,0
26.96,MANUAL,IDLE,,0,0.0,3.208,-1.165,1.2,1.403,-0.336,0.0,10.9,3.9,0.6,-0.427,0.64,0.118,2.105,26.34,OFF,PAPER,0
26.98,MANUAL,IDLE,,0,0.0,3.236,-1.173,1.2,1.415,-0.367,0.0,10.5,4.7,0.9,-0.231,0.506,0.14,2.091,18.76,OFF,PAPER,0
27.0,MANUAL,IDLE,,0,0.0,3.264,-1.18,1.2,1.44,-0.401,0.0,10.0,5.4,1.1,-0.469,0.955,0.021,1.99,28.5,OFF,PAPER,0
27.02,MANUAL,IDLE,,0,0.0,3.293,-1.189,1.2,1.459,-0.436,0.0,9.4,6.4,1.3,-0.497,0.355,-0.095,1.975,18.35,OFF,PAPER,0
27.04,MANUAL,IDLE,,0,0.0,3.323,-1.198,1.2,1.483,-0.459,0.0,9.1,7.2,1.3,0.001,0.823,-0.021,2.057,11.16,OFF,PAPER,0
27.06,MANUAL,IDLE,,0,0.0,3.353,-1.207,1.2,1.515,-0.489,0.0,8.7,7.9,1.5,-0.131,0.705,0.054,2.049,19.75,OFF,PAPER,0
27.08,MANUAL,IDLE,,0,0.0,3.383,-1.217,1.2,1.548,-0.519,0.0,8.3,8.5,1.7,-0.279,0.571,0.06,2.084,6.94,OFF,PAPER,0
27.1,MANUAL,IDLE,,0,0.0,3.415,-1.228,1.2,1.574,-0.547,0.0,7.9,9.3,1.7,-0.412,0.641,-0.053,2.0,24.68,OFF,PAPER,0
27.12,MANUAL,IDLE,,0,0.0,3.446,-1.239,1.2,1.602,-0.568,0.0,7.6,10.0,1.8,-0.135,0.895,-0.075,2.136,12.58,OFF,PAPER,0
27.14,MANUAL,IDLE,,0,0.0,3.479,-1.251,1.2,1.639,-0.587,0.0,7.4,10.6,1.8,-0.197,0.842,-0.064,2.139,13.02,OFF,PAPER,0
27.16,MANUAL,IDLE,,0,0.0,3.512,-1.262,1.2,1.685,-0.606,0.0,7.2,11.2,1.9,-0.671,0.305,-0.046,2.008,11.37,OFF,PAPER,0
27.18,MANUAL,IDLE,,0,0.0,3.546,-1.275,1.2,1.721,-0.627,0.0,6.8,11.8,1.9,-0.345,0.698,-0.117,2.022,13.89,OFF,PAPER,0
27.2,MANUAL,IDLE,,0,0.0,3.581,-1.288,1.2,1.762,-0.64,0.0,6.5,12.5,1.7,-0.305,0.478,-0.122,2.009,17.59,OFF,PAPER,0
27.22,MANUAL,IDLE,,0,0.0,3.617,-1.301,1.2,1.818,-0.666,0.0,6.0,12.9,1.7,-0.604,0.382,-0.0,2.098,21.14,OFF,PAPER,0
27.24,MANUAL,IDLE,,0,0.0,3.654,-1.314,1.2,1.86,-0.69,0.0,4.9,13.3,1.8,-0.791,0.415,0.023,2.083,25.77,OFF,PAPER,0
27.26,MANUAL,IDLE,,0,0.0,3.691,-1.328,1.2,1.907,-0.704,0.0,3.7,13.8,1.8,-1.21,0.462,-0.004,2.217,36.95,OFF,PAPER,0
27.28,MANUAL,IDLE,,0,0.0,3.73,-1.342,1.2,1.954,-0.715,0.0,2.5,14.3,1.8,-0.847,0.116,-0.116,2.12,17.73,OFF,PAPER,0
27.3,MANUAL,IDLE,,0,0.0,3.769,-1.357,1.2,2.004,-0.717,0.0,1.4,14.6,1.7,-0.951,0.485,0.074,2.01,36.43,OFF,PAPER,0
27.32,MANUAL,IDLE,,0,0.0,3.81,-1.371,1.2,2.062,-0.722,0.0,0.2,14.9,1.8,-0.587,0.16,-0.012,2.025,33.63,OFF,PAPER,0
27.34,MANUAL,IDLE,,0,0.0,3.852,-1.385,1.2,2.13,-0.72,0.0,-0.9,15.2,1.7,-1.065,-0.073,-0.031,2.058,28.89,OFF,PAPER,0
27.36,MANUAL,IDLE,,0,0.0,3.895,-1.4,1.2,2.192,-0.72,0.0,-2.1,15.4,1.7,-1.094,0.152,-0.091,1.988,24.35,OFF,PAPER,0
27.38,MANUAL,IDLE,,0,0.0,3.939,-1.414,1.2,2.237,-0.714,0.0,-3.2,15.8,1.6,-0.96,0.556,-0.053,2.0,25.19,OFF,PAPER,0
27.4,MANUAL,IDLE,,0,0.0,3.985,-1.428,1.2,2.295,-0.698,0.0,-4.2,16.2,1.5,-0.598,0.319,-0.042,2.008,18.79,OFF,PAPER,0
27.42,MANUAL,IDLE,,0,0.0,4.031,-1.442,1.2,2.352,-0.674,0.0,-4.9,16.1,1.5,-0.466,-0.332,0.029,2.065,8.93,OFF,PAPER,0
27.44,MANUAL,IDLE,,0,0.0,4.079,-1.455,1.2,2.407,-0.647,0.0,-5.7,15.7,1.5,-0.796,-0.483,-0.079,1.995,15.81,OFF,PAPER,0
27.46,MANUAL,IDLE,,0,0.0,4.128,-1.468,1.2,2.452,-0.619,0.0,-6.5,15.1,1.4,-0.362,-0.473,-0.07,2.015,17.47,OFF,PAPER,0
27.48,MANUAL,IDLE,,0,0.0,4.177,-1.48,1.2,2.503,-0.6,0.0,-7.2,14.4,1.3,-0.285,-0.542,-0.15,2.01,5.24,OFF,PAPER,0
27.5,MANUAL,IDLE,,0,0.0,4.228,-1.492,1.2,2.546,-0.58,0.0,-7.3,13.8,1.2,0.029,-0.621,-0.228,2.079,19.69,OFF,PAPER,0
27.52,MANUAL,IDLE,,0,0.0,4.279,-1.503,1.2,2.596,-0.55,0.0,-7.2,13.0,1.1,0.09,-0.847,-0.174,2.184,28.14,OFF,PAPER,0
27.54,MANUAL,IDLE,,0,0.0,4.331,-1.514,1.2,2.635,-0.512,0.0,-6.7,12.4,0.9,0.581,0.087,-0.197,2.117,22.37,OFF,PAPER,0
27.56,MANUAL,IDLE,,0,0.0,4.384,-1.524,1.2,2.674,-0.484,0.0,-6.4,11.8,0.8,0.175,-0.364,-0.148,2.207,27.04,OFF,PAPER,0
27.58,MANUAL,IDLE,,0,0.0,4.438,-1.533,1.2,2.706,-0.454,0.0,-6.0,11.3,0.7,0.593,-0.608,-0.054,2.18,28.08,OFF,PAPER,0
27.6,MANUAL,IDLE,,0,0.0,4.493,-1.542,1.2,2.746,-0.438,0.0,-5.7,10.7,0.7,0.054,-0.355,0.027,1.964,8.16,OFF,PAPER,0
27.62,MANUAL,IDLE,,0,0.0,4.548,-1.55,1.2,2.781,-0.407,0.0,-5.3,10.2,0.8,0.529,-0.583,0.02,2.037,16.04,OFF,PAPER,0
27.64,MANUAL,IDLE,,0,0.0,4.604,-1.558,1.2,2.818,-0.381,0.0,-4.8,9.7,0.9,0.3,-0.308,0.015,2.031,18.88,OFF,PAPER,0
27.66,MANUAL,IDLE,,0,0.0,4.661,-1.566,1.2,2.854,-0.368,0.0,-4.6,9.1,1.0,0.275,-0.432,0.011,2.024,15.37,OFF,PAPER,0
27.68,MANUAL,IDLE,,0,0.0,4.718,-1.573,1.2,2.89,-0.347,0.0,-4.2,8.5,1.1,0.261,-0.243,-0.027,1.978,7.34,OFF,PAPER,0
27.7,MANUAL,IDLE,,0,0.0,4.776,-1.58,1.2,2.921,-0.337,0.0,-3.9,8.1,1.1,-0.087,-0.379,-0.02,2.008,15.46,OFF,PAPER,0
27.72,MANUAL,IDLE,,0,0.0,4.835,-1.586,1.2,2.949,-0.327,0.0,-3.9,7.6,1.1,0.007,-0.178,0.093,2.034,16.45,OFF,PAPER,0
27.74,MANUAL,IDLE,,0,0.0,4.894,-1.593,1.2,2.971,-0.309,0.0,-3.6,7.3,1.2,0.404,-0.09,0.016,2.005,14.6,OFF,PAPER,0
27.76,MANUAL,IDLE,,0,0.0,4.954,-1.599,1.2,2.995,-0.293,0.0,-3.3,7.0,1.2,-0.037,-0.505,0.019,1.982,9.02,OFF,PAPER,0
27.78,MANUAL,IDLE,,0,0.0,5.014,-1.604,1.2,3.025,-0.279,0.0,-3.1,6.5,1.3,-0.015,-0.458,-0.001,1.987,9.22,OFF,PAPER,0
27.8,MANUAL,IDLE,,0,0.0,5.075,-1.61,1.2,3.046,-0.27,0.0,-3.0,6.3,1.3,0.179,-0.226,-0.007,1.985,9.85,OFF,PAPER,0
27.82,MANUAL,IDLE,,0,0.0,5.136,-1.615,1.2,3.074,-0.262,0.0,-2.9,5.9,1.3,0.155,-0.288,-0.03,2.087,20.6,OFF,PAPER,0
27.84,MANUAL,IDLE,,0,0.0,5.198,-1.62,1.2,3.095,-0.252,0.0,-2.8,5.5,1.3,-0.063,-0.726,-0.097,1.968,9.98,OFF,PAPER,0
27.86,MANUAL,IDLE,,0,0.0,5.26,-1.625,1.2,3.11,-0.244,0.0,-2.6,5.3,1.1,0.38,-0.097,-0.151,1.976,8.08,OFF,PAPER,0
27.88,MANUAL,IDLE,,0,0.0,5.322,-1.63,1.2,3.122,-0.244,0.0,-2.6,5.1,0.9,0.215,-0.1,-0.232,2.003,15.25,OFF,PAPER,0
27.9,MANUAL,IDLE,,0,0.0,5.385,-1.635,1.2,3.137,-0.246,0.0,-2.6,4.8,0.6,0.07,-0.122,-0.228,1.966,3.56,OFF,PAPER,0
27.92,MANUAL,IDLE,,0,0.0,5.448,-1.64,1.2,3.151,-0.234,0.0,-2.4,4.6,0.4,0.222,-0.425,-0.236,2.003,11.68,OFF,PAPER,0
27.94,MANUAL,IDLE,,0,0.0,5.511,-1.645,1.2,3.171,-0.226,0.0,-2.3,4.2,0.1,0.324,-0.516,-0.239,1.99,11.33,OFF,PAPER,0
27.96,MANUAL,IDLE,,0,0.0,5.574,-1.649,1.2,3.177,-0.216,0.0,-2.1,4.1,-0.1,0.607,-0.094,-0.135,2.005,12.04,OFF,PAPER,0
27.98,MANUAL,IDLE,,0,0.0,5.638,-1.653,1.2,3.191,-0.215,0.0,-2.0,3.9,-0.3,-0.19,-0.163,-0.142,2.004,14.04,OFF,PAPER,0
28.0,MANUAL,IDLE,,0,0.0,5.702,-1.658,1.2,3.204,-0.218,0.0,-2.0,3.7,-0.4,-0.133,0.104,-0.194,1.965,12.09,OFF,PAPER,0
28.02,MANUAL,IDLE,,0,0.0,5.766,-1.662,1.2,3.211,-0.206,0.0,-1.8,4.1,-0.6,0.323,0.669,-0.096,1.977,14.5,OFF,PAPER,0
28.04,MANUAL,IDLE,,0,0.0,5.83,-1.666,1.2,3.223,-0.203,0.0,-1.8,4.8,-0.7,0.1,0.973,-0.029,1.983,26.56,OFF,PAPER,0
28.06,MANUAL,IDLE,,0,0.0,5.895,-1.67,1.2,3.249,-0.197,0.0,-1.7,5.5,-0.7,0.038,0.362,0.003,2.04,11.04,OFF,PAPER,0
28.08,MANUAL,IDLE,,0,0.0,5.96,-1.674,1.2,3.28,-0.195,0.0,-1.6,6.0,-0.7,-0.028,0.538,0.045,2.035,11.6,OFF,PAPER,0
28.1,MANUAL,IDLE,,0,0.0,6.026,-1.678,1.2,3.304,-0.184,0.0,-1.5,6.7,-0.7,0.15,0.569,-0.042,2.039,16.88,OFF,PAPER,0
28.12,MANUAL,IDLE,,0,0.0,6.093,-1.681,1.2,3.328,-0.17,0.0,-1.3,7.5,-0.7,0.364,0.692,0.012,1.992,15.75,OFF,PAPER,0
28.14,MANUAL,IDLE,,0,0.0,6.159,-1.685,1.2,3.357,-0.159,0.0,-1.1,8.3,-0.7,0.422,0.566,0.054,2.048,9.0,OFF,PAPER,0
28.16,MANUAL,IDLE,,0,0.0,6.227,-1.688,1.2,3.383,-0.163,0.0,-1.1,9.2,-0.7,-0.255,0.783,-0.002,2.071,9.71,OFF,PAPER,0
28.18,MANUAL,IDLE,,0,0.0,6.295,-1.691,1.2,3.418,-0.161,0.0,-1.1,9.6,-0.7,-0.395,0.197,0.043,1.982,11.2,OFF,PAPER,0
28.2,MANUAL,IDLE,,0,0.0,6.363,-1.694,1.2,3.451,-0.149,0.0,-0.9,9.5,-0.6,0.013,-0.297,0.06,2.039,14.95,OFF,PAPER,0
28.22,MANUAL,IDLE,,0,0.0,6.433,-1.697,1.2,3.475,-0.151,0.0,-0.9,9.3,-0.5,0.036,-0.24,0.077,2.083,19.42,OFF,PAPER,0
28.24,MANUAL,IDLE,,0,0.0,6.503,-1.7,1.2,3.515,-0.149,0.0,-0.8,8.8,-0.5,0.426,-0.478,0.011,1.995,10.14,OFF,PAPER,0
28.26,MANUAL,IDLE,,0,0.0,6.573,-1.703,1.2,3.55,-0.145,0.0,-0.7,8.4,-0.5,0.052,-0.617,-0.028,1.98,8.73,OFF,PAPER,0
28.28,MANUAL,IDLE,,0,0.0,6.645,-1.706,1.2,3.576,-0.14,0.0,-0.7,8.1,-0.6,-0.02,-0.157,-0.123,2.026,15.89,OFF,PAPER,0
28.3,MANUAL,IDLE,,0,0.0,6.716,-1.708,1.2,3.599,-0.132,0.0,-0.5,7.7,-0.6,0.149,-0.052,0.089,2.036,15.58,OFF,PAPER,0
28.32,MANUAL,IDLE,,0,0.0,6.789,-1.711,1.2,3.625,-0.137,0.0,-0.6,7.3,-0.5,-0.123,-0.201,0.052,1.991,10.65,OFF,PAPER,0
28.34,MANUAL,IDLE,,0,0.0,6.861,-1.714,1.2,3.65,-0.132,0.0,-0.6,6.9,-0.5,-0.169,-0.408,0.026,1.967,9.51,OFF,PAPER,0
28.36,MANUAL,IDLE,,0,0.0,6.934,-1.716,1.2,3.668,-0.134,0.0,-0.7,6.6,-0.5,-0.272,0.041,-0.063,1.983,9.39,OFF,PAPER,0
28.38,MANUAL,IDLE,,0,0.0,7.008,-1.719,1.2,3.689,-0.134,0.0,-0.6,6.3,-0.6,-0.171,-0.075,-0.11,2.035,15.38,OFF,PAPER,0
28.4,MANUAL,IDLE,,0,0.0,7.082,-1.722,1.2,3.717,-0.138,0.0,-0.7,6.0,-0.7,0.042,-0.459,-0.119,2.013,13.77,OFF,PAPER,0
28.42,MANUAL,IDLE,,0,0.0,7.157,-1.725,1.2,3.736,-0.131,0.0,-0.6,5.6,-0.8,-0.079,-0.231,-0.08,1.967,10.63,OFF,PAPER,0
28.44,MANUAL,IDLE,,0,0.0,7.231,-1.727,1.2,3.75,-0.126,0.0,-0.5,5.5,-0.8,-0.3,0.088,-0.046,1.974,13.18,OFF,PAPER,0
28.46,MANUAL,IDLE,,0,0.0,7.307,-1.73,1.2,3.766,-0.136,0.0,-0.6,5.3,-0.8,-0.176,-0.124,0.043,2.041,16.58,OFF,PAPER,0
28.48,MANUAL,IDLE,,0,0.0,7.382,-1.732,1.2,3.782,-0.139,0.0,-0.8,5.0,-0.7,0.075,-0.287,0.076,1.963,2.47,OFF,PAPER,0
28.5,MANUAL,IDLE,,0,0.0,7.458,-1.735,1.2,3.802,-0.135,0.0,-0.7,4.7,-0.6,-0.092,-0.178,0.058,1.987,9.51,OFF,PAPER,0
28.52,MANUAL,IDLE,,0,0.0,7.534,-1.738,1.2,3.814,-0.141,0.0,-0.7,4.6,-0.5,0.16,-0.365,0.145,1.983,13.87,OFF,PAPER,0
28.54,MANUAL,IDLE,,0,0.0,7.61,-1.741,1.2,3.82,-0.14,0.0,0.0,4.5,-0.3,0.765,-0.143,0.148,1.977,22.74,OFF,PAPER,0
28.56,MANUAL,IDLE,,0,0.0,7.687,-1.744,1.2,3.827,-0.134,0.0,1.1,4.4,-0.2,1.058,-0.172,0.126,1.976,24.81,OFF,PAPER,0
28.58,MANUAL,IDLE,,0,0.0,7.764,-1.746,1.2,3.848,-0.144,0.0,2.1,4.1,-0.0,0.798,-0.276,0.149,1.992,33.12,OFF,PAPER,0
28.6,MANUAL,IDLE,,0,0.0,7.841,-1.749,1.2,3.868,-0.15,0.0,3.2,3.8,0.1,1.045,0.176,0.168,2.001,28.35,OFF,PAPER,0
28.62,MANUAL,IDLE,,0,0.0,7.918,-1.752,1.2,3.885,-0.158,0.0,4.3,3.5,0.3,0.656,-0.19,0.115,2.013,11.99,OFF,PAPER,0
28.64,MANUAL,IDLE,,0,0.0,7.996,-1.756,1.2,3.889,-0.17,0.0,5.3,3.4,0.4,0.5,-0.103,0.092,1.994,11.24,OFF,PAPER,0
28.66,MANUAL,IDLE,,0,0.0,8.074,-1.759,1.2,3.894,-0.182,0.0,5.7,3.3,0.4,0.368,0.019,0.056,2.059,14.07,OFF,PAPER,0
28.68,MANUAL,IDLE,,0,0.0,8.152,-1.763,1.2,3.908,-0.207,0.0,5.6,3.1,0.5,0.222,-0.353,0.021,1.979,8.99,OFF,PAPER,0
28.7,MANUAL,IDLE,,0,0.0,8.23,-1.767,1.2,3.928,-0.221,0.0,5.6,2.7,0.4,-0.232,-0.066,-0.075,1.997,10.6,OFF,PAPER,0
28.72,MANUAL,IDLE,,0,0.0,8.309,-1.772,1.2,3.942,-0.236,0.0,5.4,2.6,0.3,-0.072,-0.269,-0.149,1.962,1.7,OFF,PAPER,0
28.74,MANUAL,IDLE,,0,0.0,8.388,-1.777,1.2,3.946,-0.249,0.0,5.3,2.6,0.2,0.029,0.061,-0.12,1.972,6.66,OFF,PAPER,0
28.76,MANUAL,IDLE,,0,0.0,8.467,-1.782,1.2,3.956,-0.263,0.0,5.1,2.5,0.0,-0.086,-0.152,-0.084,1.983,8.46,OFF,PAPER,0
28.78,MANUAL,IDLE,,0,0.0,8.546,-1.787,1.2,3.962,-0.281,0.0,4.8,2.3,-0.1,-0.177,0.062,-0.13,1.967,8.47,OFF,PAPER,0
28.8,MANUAL,IDLE,,0,0.0,8.626,-1.793,1.2,3.965,-0.295,0.0,4.6,2.3,-0.3,-0.275,-0.213,-0.031,2.047,18.02,OFF,PAPER,0
28.82,MANUAL,IDLE,,0,0.0,8.705,-1.799,1.2,3.975,-0.311,0.0,4.4,2.1,-0.2,-0.061,-0.104,0.041,1.968,9.19,OFF,PAPER,0
28.84,MANUAL,IDLE,,0,0.0,8.785,-1.806,1.2,3.986,-0.324,0.0,4.3,2.0,-0.1,-0.26,-0.239,0.132,2.025,14.58,OFF,PAPER,0
28.86,MANUAL,IDLE,,0,0.0,8.864,-1.812,1.2,3.995,-0.34,0.0,4.1,1.8,0.0,-0.2,-0.071,0.064,1.962,10.29,OFF,PAPER,0
28.88,MANUAL,IDLE,,0,0.0,8.944,-1.819,1.2,4.011,-0.355,0.0,3.9,1.6,0.1,-0.591,-0.096,0.022,1.964,9.73,OFF,PAPER,0
28.9,MANUAL,IDLE,,0,0.0,9.025,-1.826,1.2,4.015,-0.375,0.0,3.6,1.4,0.1,-0.294,-0.055,-0.003,1.971,9.13,OFF,PAPER,0
28.92,MANUAL,IDLE,,0,0.0,9.105,-1.834,1.2,4.023,-0.388,0.0,3.3,1.2,0.1,-0.426,-0.083,0.037,1.98,8.02,OFF,PAPER,0
28.94,MANUAL,IDLE,,0,0.0,9.186,-1.842,1.2,4.03,-0.393,0.0,3.2,1.1,0.2,-0.162,-0.24,0.081,1.976,7.88,OFF,PAPER,0
28.96,MANUAL,IDLE,,0,0.0,9.266,-1.85,1.2,4.032,-0.396,0.0,3.1,1.1,0.2,-0.341,0.12,-0.02,1.974,6.73,OFF,PAPER,0
28.98,MANUAL,IDLE,,0,0.0,9.347,-1.858,1.2,4.032,-0.399,0.0,3.1,1.1,0.3,-0.044,-0.019,0.097,1.967,9.94,OFF,PAPER,0
29.0,MANUAL,IDLE,,0,0.0,9.428,-1.866,1.2,4.04,-0.411,0.0,2.9,0.7,0.4,-0.247,-0.573,0.168,1.968,17.75,OFF,PAPER,0
29.02,MANUAL,IDLE,,0,0.0,9.508,-1.874,1.2,4.04,-0.417,0.0,2.7,-0.0,0.6,-0.171,-0.832,0.115,1.966,16.13,OFF,PAPER,0
29.04,MANUAL,IDLE,,0,0.0,9.589,-1.883,1.2,4.028,-0.432,0.0,2.4,-0.8,0.6,-0.347,-0.642,0.027,2.015,16.82,OFF,PAPER,0
29.06,MANUAL,IDLE,,0,0.0,9.67,-1.891,1.2,4.017,-0.444,0.0,2.0,-1.7,0.5,-0.503,-0.892,-0.046,1.977,20.85,OFF,PAPER,0
29.08,MANUAL,IDLE,,0,0.0,9.75,-1.9,1.2,4.009,-0.45,0.0,1.9,-2.7,0.4,0.12,-0.868,-0.031,2.03,32.23,OFF,PAPER,0
29.1,MANUAL,IDLE,,0,0.0,9.83,-1.909,1.2,4.007,-0.457,0.0,1.7,-3.8,0.4,-0.251,-1.02,-0.018,1.974,29.77,OFF,PAPER,0
29.12,MANUAL,IDLE,,0,0.0,9.91,-1.918,1.2,4.0,-0.456,0.0,1.6,-4.8,0.3,-0.004,-0.603,-0.065,2.001,12.79,OFF,PAPER,0
29.14,MANUAL,IDLE,,0,0.0,9.99,-1.928,1.2,3.984,-0.469,0.0,1.5,-5.0,0.3,-0.255,-0.244,0.037,1.996,16.54,OFF,PAPER,0
29.16,MANUAL,IDLE,,0,0.0,10.069,-1.937,1.2,3.976,-0.476,0.0,1.4,-5.1,0.4,-0.396,-0.273,0.099,2.041,17.64,OFF,PAPER,0
29.18,MANUAL,IDLE,,0,0.0,10.149,-1.947,1.2,3.952,-0.494,0.0,1.1,-4.8,0.5,-0.221,-0.05,0.064,2.005,14.6,OFF,PAPER,0
29.2,MANUAL,IDLE,,0,0.0,10.228,-1.957,1.2,3.933,-0.503,0.0,1.0,-4.6,0.5,0.225,0.563,-0.064,2.005,12.65,OFF,PAPER,0
29.22,MANUAL,IDLE,,0,0.0,10.306,-1.967,1.2,3.913,-0.513,0.0,0.9,-4.4,0.4,-0.483,0.579,-0.051,1.985,10.06,OFF,PAPER,0
29.24,MANUAL,IDLE,,0,0.0,10.384,-1.977,1.2,3.886,-0.506,0.0,0.9,-3.9,0.3,-0.057,0.403,-0.15,1.986,9.49,OFF,PAPER,0
29.26,MANUAL,IDLE,,0,0.0,10.462,-1.987,1.2,3.872,-0.507,0.0,0.8,-3.7,0.2,0.002,0.24,-0.084,1.997,14.27,OFF,PAPER,0
29.28,MANUAL,IDLE,,0,0.0,10.539,-1.997,1.2,3.858,-0.509,0.0,0.9,-3.5,0.2,0.131,0.565,0.011,1.963,2.31,OFF,PAPER,0
29.3,MANUAL,IDLE,,0,0.0,10.616,-2.008,1.2,3.844,-0.519,0.0,0.8,-3.2,0.3,-0.107,0.234,0.085,2.033,17.81,OFF,PAPER,0
29.32,MANUAL,IDLE,,0,0.0,10.693,-2.018,1.2,3.834,-0.521,0.0,0.8,-3.1,0.3,0.025,0.076,0.019,1.989,13.38,OFF,PAPER,0
29.34,MANUAL,IDLE,,0,0.0,10.769,-2.029,1.2,3.81,-0.526,0.0,1.4,-2.7,0.4,0.534,0.164,0.133,2.03,16.11,OFF,PAPER,0
29.36,MANUAL,IDLE,,0,0.0,10.845,-2.039,1.2,3.798,-0.531,0.0,2.3,-2.5,0.6,0.959,-0.013,0.185,1.991,29.04,OFF,PAPER,0
29.38,MANUAL,IDLE,,0,0.0,10.921,-2.05,1.2,3.791,-0.536,0.0,3.3,-2.3,0.8,0.93,-0.039,0.168,1.994,15.92,OFF,PAPER,0
29.4,MANUAL,IDLE,,0,0.0,10.997,-2.061,1.2,3.78,-0.547,0.0,4.2,-2.2,0.9,0.844,0.33,-0.006,1.981,23.36,OFF,PAPER,0
29.42,MANUAL,IDLE,,0,0.0,11.072,-2.072,1.2,3.767,-0.556,0.0,5.3,-1.9,0.9,0.652,0.233,-0.015,2.044,14.8,OFF,PAPER,0
29.44,MANUAL,IDLE,,0,0.0,11.148,-2.083,1.2,3.758,-0.587,0.0,6.0,-1.8,0.9,0.537,0.182,-0.007,1.984,20.62,OFF,PAPER,0
29.46,MANUAL,IDLE,,0,0.0,11.223,-2.095,1.2,3.75,-0.616,0.0,6.8,-1.7,1.0,0.495,-0.135,0.071,1.964,25.49,OFF,PAPER,0
29.48,MANUAL,IDLE,,0,0.0,11.298,-2.108,1.2,3.744,-0.634,0.0,7.7,-1.5,1.0,0.615,-0.152,0.024,1.996,28.97,OFF,PAPER,0
29.5,MANUAL,IDLE,,0,0.0,11.372,-2.121,1.2,3.734,-0.662,0.0,8.3,-1.4,1.1,0.244,0.026,-0.049,1.966,13.13,OFF,PAPER,0
29.52,MANUAL,IDLE,,0,0.0,11.447,-2.134,1.2,3.733,-0.7,0.0,8.1,-1.4,1.0,-0.254,0.119,-0.102,1.992,12.87,OFF,PAPER,0
29.54,MANUAL,IDLE,,0,0.0,11.522,-2.149,1.2,3.735,-0.736,0.0,7.7,-1.4,0.8,-0.137,-0.051,-0.177,1.988,9.15,OFF,PAPER,0
29.56,MANUAL,IDLE,,0,0.0,11.596,-2.164,1.2,3.721,-0.755,0.0,7.4,-1.1,0.7,-0.177,0.159,-0.116,2.01,13.05,OFF,PAPER,0
29.58,MANUAL,IDLE,,0,0.0,11.671,-2.179,1.2,3.719,-0.776,0.0,7.2,-1.0,0.5,-0.403,-0.205,-0.111,2.048,17.29,OFF,PAPER,0
29.6,MANUAL,IDLE,,0,0.0,11.745,-2.195,1.2,3.714,-0.799,0.0,6.9,-1.0,0.4,-0.117,-0.089,-0.144,2.055,17.75,OFF,PAPER,0
29.62,MANUAL,IDLE,,0,0.0,11.819,-2.211,1.2,3.71,-0.825,0.0,6.5,-0.9,0.2,-0.195,0.155,-0.187,2.006,13.45,OFF,PAPER,0
29.64,MANUAL,IDLE,,0,0.0,11.893,-2.227,1.2,3.711,-0.842,0.0,6.3,-1.4,0.0,-0.164,-0.428,-0.017,2.032,28.71,OFF,PAPER,0
29.66,MANUAL,IDLE,,0,0.0,11.968,-2.245,1.2,3.706,-0.865,0.0,6.0,-2.2,-0.0,-0.402,-0.615,0.066,1.977,27.23,OFF,PAPER,0
29.68,MANUAL,IDLE,,0,0.0,12.042,-2.262,1.2,3.693,-0.884,0.0,5.7,-2.9,-0.0,-0.412,-0.764,0.039,1.973,27.45,OFF,PAPER,0
29.7,MANUAL,IDLE,,0,0.0,12.115,-2.28,1.2,3.683,-0.904,0.0,5.5,-3.9,-0.2,-0.159,-1.013,-0.085,2.044,11.54,OFF,PAPER,0
29.72,MANUAL,IDLE,,0,0.0,12.189,-2.298,1.2,3.658,-0.927,0.0,5.1,-4.6,-0.3,-0.182,-0.822,-0.126,2.005,11.37,OFF,PAPER,0
29.74,MANUAL,IDLE,,0,0.0,12.262,-2.317,1.2,3.638,-0.944,0.0,4.8,-5.5,-0.5,-0.411,-0.526,-0.055,2.011,11.17,OFF,PAPER,0
29.76,MANUAL,IDLE,,0,0.0,12.334,-2.336,1.2,3.606,-0.97,0.0,4.5,-6.2,-0.6,-0.078,-0.342,0.015,2.002,24.32,OFF,PAPER,0
29.78,MANUAL,IDLE,,0,0.0,12.406,-2.356,1.2,3.577,-0.984,0.0,4.2,-6.7,-0.6,-0.35,-0.032,0.013,2.076,9.94,OFF,PAPER,0
29.8,MANUAL,IDLE,,0,0.0,12.477,-2.376,1.2,3.559,-0.998,0.0,4.0,-6.8,-0.6,0.389,0.061,-0.042,1.97,7.02,OFF,PAPER,0
29.82,MANUAL,IDLE,,0,0.0,12.548,-2.396,1.2,3.536,-1.018,0.0,3.8,-6.6,-0.7,-0.5,0.415,-0.006,1.976,8.06,OFF,PAPER,0
29.84,MANUAL,IDLE,,0,0.0,12.619,-2.416,1.2,3.52,-1.033,0.0,3.5,-6.3,-0.6,-0.161,-0.007,0.119,2.043,17.15,OFF,PAPER,0
29.86,MANUAL,IDLE,,0,0.0,12.689,-2.437,1.2,3.493,-1.038,0.0,3.4,-6.1,-0.5,0.3,0.368,0.032,1.973,5.81,OFF,PAPER,0
29.88,MANUAL,IDLE,,0,0.0,12.759,-2.458,1.2,3.476,-1.049,0.0,3.3,-5.8,-0.5,-0.004,0.244,-0.058,2.033,16.29,OFF,PAPER,0
29.9,MANUAL,IDLE,,0,0.0,12.828,-2.479,1.2,3.454,-1.062,0.0,3.1,-5.5,-0.6,0.081,0.321,-0.05,2.045,11.99,OFF,PAPER,0
29.92,MANUAL,IDLE,,0,0.0,12.897,-2.5,1.2,3.429,-1.071,0.0,3.1,-5.5,-0.6,-0.035,-0.269,-0.072,1.994,6.55,OFF,PAPER,0
29.94,MANUAL,IDLE,,0,0.0,12.965,-2.522,1.2,3.403,-1.084,0.0,3.0,-6.0,-0.7,-0.035,-0.111,-0.036,1.962,19.56,OFF,PAPER,0
29.96,MANUAL,IDLE,,0,0.0,13.033,-2.544,1.2,3.374,-1.099,0.0,2.8,-6.6,-0.7,-0.345,-0.251,0.036,1.981,27.56,OFF,PAPER,0
29.98,MANUAL,IDLE,,0,0.0,13.1,-2.566,1.2,3.357,-1.117,0.0,2.5,-7.4,-0.8,0.01,-0.682,-0.028,1.973,22.97,OFF,PAPER,0
30.0,MANUAL,IDLE,,0,0.0,13.167,-2.588,1.2,3.338,-1.126,0.0,2.4,-8.3,-0.8,-0.012,-0.911,0.052,1.977,18.07,OFF,PAPER,0
30.02,MANUAL,IDLE,,0,0.0,13.234,-2.611,1.2,3.301,-1.133,0.0,2.3,-8.8,-0.8,0.107,-0.702,0.063,2.073,9.32,OFF,PAPER,0
30.04,MANUAL,IDLE,,0,0.0,13.299,-2.634,1.2,3.255,-1.142,0.0,2.3,-9.4,-0.7,-0.066,-0.317,0.035,2.114,17.89,OFF,PAPER,0
30.06,MANUAL,IDLE,,0,0.0,13.364,-2.657,1.2,3.226,-1.144,0.0,2.2,-9.8,-0.7,0.319,-0.404,0.036,2.088,16.32,OFF,PAPER,0
30.08,MANUAL,IDLE,,0,0.0,13.428,-2.68,1.2,3.191,-1.156,0.0,2.1,-9.8,-0.8,0.109,0.214,0.008,1.993,6.98,OFF,PAPER,0
30.1,MANUAL,IDLE,,0,0.0,13.492,-2.703,1.2,3.154,-1.168,0.0,2.0,-9.5,-0.7,-0.233,0.24,0.051,2.1,19.86,OFF,PAPER,0
30.12,MANUAL,IDLE,,0,0.0,13.554,-2.726,1.2,3.12,-1.173,0.0,1.9,-9.0,-0.6,-0.155,0.263,0.082,2.019,16.22,OFF,PAPER,0
30.14,MANUAL,IDLE,,0,0.0,13.616,-2.75,1.2,3.095,-1.179,0.0,1.8,-8.7,-0.6,-0.34,0.272,0.012,1.99,9.76,OFF,PAPER,0
30.16,MANUAL,IDLE,,0,0.0,13.678,-2.773,1.2,3.063,-1.186,0.0,1.6,-8.3,-0.5,-0.13,0.309,0.121,1.974,8.56,OFF,PAPER,0
30.18,MANUAL,IDLE,,0,0.0,13.739,-2.797,1.2,3.033,-1.193,0.0,1.5,-7.8,-0.5,-0.111,0.091,-0.019,1.985,12.31,OFF,PAPER,0
30.2,MANUAL,IDLE,,0,0.0,13.799,-2.821,1.2,3.006,-1.195,0.0,1.4,-7.0,-0.5,0.025,1.064,-0.106,1.972,21.08,OFF,PAPER,0
30.22,MANUAL,IDLE,,0,0.0,13.859,-2.845,1.2,2.979,-1.204,0.0,1.4,-5.6,-0.5,0.162,1.139,0.036,1.985,30.12,OFF,PAPER,0
30.24,MANUAL,IDLE,,0,0.0,13.919,-2.869,1.2,2.962,-1.213,0.0,1.2,-4.3,-0.5,-0.08,0.903,0.065,2.046,39.01,OFF,PAPER,0
30.26,MANUAL,IDLE,,0,0.0,13.978,-2.893,1.2,2.943,-1.21,0.0,1.2,-3.0,-0.4,-0.106,1.2,0.099,1.978,28.61,OFF,PAPER,0
30.28,MANUAL,IDLE,,0,0.0,14.036,-2.918,1.2,2.943,-1.206,0.0,1.1,-1.9,-0.3,0.087,0.924,0.025,1.987,28.45,OFF,PAPER,0
30.3,MANUAL,IDLE,,0,0.0,14.095,-2.942,1.2,2.947,-1.214,0.0,1.0,-0.8,-0.3,-0.202,0.995,-0.067,2.028,32.35,OFF,PAPER,0
30.32,MANUAL,IDLE,,0,0.0,14.154,-2.966,1.2,2.947,-1.216,0.0,0.9,0.3,-0.3,0.181,1.129,-0.079,1.972,18.39,OFF,PAPER,0
30.34,MANUAL,IDLE,,0,0.0,14.213,-2.991,1.2,2.955,-1.225,0.0,0.8,0.9,-0.4,-0.1,0.113,-0.116,1.995,9.9,OFF,PAPER,0
30.36,MANUAL,IDLE,,0,0.0,14.272,-3.015,1.2,2.96,-1.226,0.0,0.8,1.0,-0.5,0.115,-0.109,-0.132,1.975,12.64,OFF,PAPER,0
30.38,MANUAL,IDLE,,0,0.0,14.332,-3.04,1.2,2.967,-1.221,0.0,0.9,0.9,-0.7,0.297,-0.158,-0.11,2.008,15.0,OFF,PAPER,0
30.4,MANUAL,IDLE,,0,0.0,14.391,-3.064,1.2,2.972,-1.221,0.0,1.0,1.0,-0.7,0.359,-0.122,-0.06,1.965,6.19,OFF,PAPER,0
30.42,MANUAL,IDLE,,0,0.0,14.451,-3.089,1.2,2.977,-1.231,0.0,0.9,0.9,-0.8,-0.356,-0.173,0.004,1.99,9.95,OFF,PAPER,0
30.44,MANUAL,IDLE,,0,0.0,14.51,-3.113,1.2,2.988,-1.238,0.0,0.7,0.6,-0.8,-0.086,-0.192,0.015,1.989,11.55,OFF,PAPER,0
30.46,MANUAL,IDLE,,0,0.0,14.57,-3.138,1.2,2.99,-1.245,0.0,0.6,0.6,-0.8,-0.043,-0.052,0.028,1.976,7.18,OFF,PAPER,0
30.48,MANUAL,IDLE,,0,0.0,14.63,-3.163,1.2,2.986,-1.236,0.0,0.7,0.7,-0.7,0.102,0.027,0.022,1.968,10.88,OFF,PAPER,0
30.5,MANUAL,IDLE,,0,0.0,14.689,-3.188,1.2,2.986,-1.242,0.0,0.6,0.7,-0.7,-0.191,-0.056,-0.048,1.994,13.27,OFF,PAPER,0
30.52,MANUAL,IDLE,,0,0.0,14.749,-3.213,1.2,2.981,-1.246,0.0,0.9,0.8,-0.8,-0.177,0.148,-0.097,1.967,12.6,OFF,PAPER,0
30.54,MANUAL,IDLE,,0,0.0,14.809,-3.237,1.2,2.976,-1.244,0.0,1.0,0.9,-0.9,0.121,0.352,-0.057,1.986,7.86,OFF,PAPER,0
30.56,MANUAL,IDLE,,0,0.0,14.868,-3.262,1.2,2.981,-1.247,0.0,1.2,0.9,-0.9,0.234,0.031,-0.02,1.997,14.42,OFF,PAPER,0
30.58,MANUAL,IDLE,,0,0.0,14.928,-3.287,1.2,2.975,-1.245,0.0,1.2,0.9,-0.9,0.169,0.01,0.035,2.001,13.07,OFF,PAPER,0
30.6,MANUAL,IDLE,,0,0.0,14.987,-3.312,1.2,2.978,-1.252,0.0,1.2,0.9,-0.9,-0.293,-0.449,-0.041,1.972,9.13,OFF,PAPER,0
30.62,MANUAL,IDLE,,0,0.0,15.047,-3.337,1.2,2.983,-1.261,0.0,1.0,0.8,-0.9,-0.081,-0.05,-0.089,1.988,10.24,OFF,PAPER,0
30.64,MANUAL,IDLE,,0,0.0,15.107,-3.363,1.2,2.975,-1.265,0.0,1.0,0.9,-1.0,-0.099,0.144,-0.04,1.968,6.0,OFF,PAPER,0
30.66,MANUAL,IDLE,,0,0.0,15.166,-3.388,1.2,2.979,-1.265,0.0,1.2,0.9,-1.0,0.276,-0.028,0.083,1.995,9.07,OFF,PAPER,0
30.68,MANUAL,IDLE,,0,0.0,15.226,-3.413,1.2,2.988,-1.269,0.0,1.9,0.7,-0.9,0.657,-0.24,0.128,1.967,19.52,OFF,PAPER,0
30.7,MANUAL,IDLE,,0,0.0,15.286,-3.439,1.2,2.994,-1.278,0.0,2.6,0.7,-0.7,0.464,-0.176,0.114,1.987,19.04,OFF,PAPER,0
30.72,MANUAL,IDLE,,0,0.0,15.345,-3.464,1.2,2.993,-1.292,0.0,2.8,0.8,-0.6,-0.122,0.27,0.084,1.974,13.18,OFF,PAPER,0
30.74,MANUAL,IDLE,,0,0.0,15.405,-3.49,1.2,2.988,-1.312,0.0,2.7,0.9,-0.5,-0.328,0.256,0.046,1.986,10.23,OFF,PAPER,0
30.76,MANUAL,IDLE,,0,0.0,15.465,-3.517,1.2,2.982,-1.318,0.0,2.6,1.1,-0.4,0.139,0.04,0.126,1.963,6.14,OFF,PAPER,0
30.78,MANUAL,IDLE,,0,0.0,15.525,-3.543,1.2,2.989,-1.329,0.0,2.5,0.9,-0.3,-0.227,-0.11,0.016,1.98,7.86,OFF,PAPER,0
30.8,MANUAL,IDLE,,0,0.0,15.584,-3.57,1.2,2.983,-1.333,0.0,2.4,1.1,-0.3,0.212,-0.02,0.045,1.989,10.76,OFF,PAPER,0
30.82,MANUAL,IDLE,,0,0.0,15.644,-3.597,1.2,2.993,-1.338,0.0,2.4,0.9,-0.3,-0.29,-0.081,0.073,1.968,4.69,OFF,PAPER,0
30.84,MANUAL,IDLE,,0,0.0,15.704,-3.623,1.2,2.994,-1.343,0.0,2.3,0.9,-0.2,-0.078,0.189,0.035,1.964,10.88,OFF,PAPER,0
30.86,MANUAL,IDLE,,0,0.0,15.764,-3.65,1.2,2.993,-1.356,0.0,2.2,1.0,-0.3,-0.161,-0.01,-0.107,1.974,12.67,OFF,PAPER,0
30.88,MANUAL,IDLE,,0,0.0,15.824,-3.678,1.2,3.002,-1.367,0.0,2.0,0.9,-0.5,-0.22,-0.108,-0.166,2.01,12.57,OFF,PAPER,0
30.9,MANUAL,IDLE,,0,0.0,15.884,-3.705,1.2,3.001,-1.376,0.0,1.9,0.9,-0.6,-0.16,0.121,-0.098,2.016,15.72,OFF,PAPER,0
30.92,MANUAL,IDLE,,0,0.0,15.944,-3.733,1.2,3.016,-1.385,0.0,1.3,0.8,-0.7,-0.714,-0.193,-0.048,1.967,20.94,OFF,PAPER,0
30.94,MANUAL,IDLE,,0,0.0,16.004,-3.76,1.2,3.015,-1.383,0.0,0.4,0.7,-0.7,-0.715,0.033,0.002,1.968,18.54,OFF,PAPER,0
30.96,MANUAL,IDLE,,0,0.0,16.065,-3.788,1.2,3.012,-1.384,0.0,-0.6,0.8,-0.7,-1.155,0.214,-0.092,2.038,19.57,OFF,PAPER,0
30.98,MANUAL,IDLE,,0,0.0,16.125,-3.816,1.2,3.02,-1.375,0.0,-1.7,0.7,-0.9,-0.584,-0.403,-0.187,1.998,19.89,OFF,PAPER,0
31.0,MANUAL,IDLE,,0,0.0,16.185,-3.843,1.2,3.023,-1.362,0.0,-2.7,0.6,-1.1,-0.669,-0.255,-0.15,1.981,21.14,OFF,PAPER,0
31.02,MANUAL,IDLE,,0,0.0,16.246,-3.87,1.2,3.025,-1.352,0.0,-3.7,0.4,-1.1,-0.929,-0.02,0.109,1.999,13.94,OFF,PAPER,0
31.04,MANUAL,IDLE,,0,0.0,16.306,-3.897,1.2,3.026,-1.34,0.0,-4.7,0.5,-1.0,-1.05,0.098,0.169,1.987,18.39,OFF,PAPER,0
31.06,MANUAL,IDLE,,0,0.0,16.367,-3.924,1.2,3.023,-1.32,0.0,-5.5,0.5,-0.8,-0.404,0.08,0.123,1.979,13.44,OFF,PAPER,0
31.08,MANUAL,IDLE,,0,0.0,16.427,-3.95,1.2,3.027,-1.299,0.0,-5.6,0.4,-0.7,0.151,0.169,0.049,1.973,8.49,OFF,PAPER,0
31.1,MANUAL,IDLE,,0,0.0,16.488,-3.976,1.2,3.028,-1.284,0.0,-5.4,0.4,-0.6,-0.061,0.208,0.03,1.987,10.9,OFF,PAPER,0
31.12,MANUAL,IDLE,,0,0.0,16.549,-4.001,1.2,3.038,-1.272,0.0,-5.3,0.2,-0.6,0.153,0.128,-0.021,2.03,17.53,OFF,PAPER,0
31.14,MANUAL,IDLE,,0,0.0,16.609,-4.026,1.2,3.048,-1.24,0.0,-4.9,0.0,-0.6,0.449,-0.52,0.073,1.978,7.73,OFF,PAPER,0
31.16,MANUAL,IDLE,,0,0.0,16.67,-4.051,1.2,3.043,-1.224,0.0,-4.7,0.1,-0.6,0.258,0.142,-0.016,1.98,9.67,OFF,PAPER,0
31.18,MANUAL,IDLE,,0,0.0,16.731,-4.075,1.2,3.043,-1.207,0.0,-4.4,-0.1,-0.6,0.179,0.059,-0.01,1.964,4.29,OFF,PAPER,0
31.2,MANUAL,IDLE,,0,0.0,16.792,-4.099,1.2,3.048,-1.198,0.0,-4.3,-0.2,-0.6,0.02,-0.278,0.027,1.974,6.85,OFF,PAPER,0
31.22,MANUAL,IDLE,,0,0.0,16.853,-4.123,1.2,3.048,-1.187,0.0,-4.2,-0.3,-0.6,0.216,-0.198,0.108,1.965,9.51,OFF,PAPER,0
31.24,MANUAL,IDLE,,0,0.0,16.914,-4.147,1.2,3.037,-1.165,0.0,-3.9,-0.1,-0.4,0.15,0.146,0.105,1.98,8.06,OFF,PAPER,0
31.26,MANUAL,IDLE,,0,0.0,16.975,-4.17,1.2,3.045,-1.153,0.0,-3.8,-0.3,-0.3,0.57,0.134,0.045,1.965,7.01,OFF,PAPER,0
31.28,MANUAL,IDLE,,0,0.0,17.036,-4.193,1.2,3.047,-1.141,0.0,-3.7,-0.2,-0.3,0.108,-0.105,0.055,2.013,16.65,OFF,PAPER,0
31.3,MANUAL,IDLE,,0,0.0,17.097,-4.216,1.2,3.04,-1.128,0.0,-3.5,-0.1,-0.3,-0.073,0.168,0.016,1.965,4.47,OFF,PAPER,0
31.32,MANUAL,IDLE,,0,0.0,17.157,-4.238,1.2,3.039,-1.122,0.0,-3.5,-0.2,-0.2,0.077,0.026,0.015,2.012,13.1,OFF,PAPER,0
31.34,MANUAL,IDLE,,0,0.0,17.218,-4.261,1.2,3.038,-1.116,0.0,-3.5,-0.2,-0.1,0.283,0.107,0.134,1.975,11.24,OFF,PAPER,0
31.36,MANUAL,IDLE,,0,0.0,17.279,-4.283,1.2,3.044,-1.113,0.0,-3.4,-0.2,-0.0,0.321,-0.252,0.13,1.966,4.35,OFF,PAPER,0
31.38,MANUAL,IDLE,,0,0.0,17.34,-4.305,1.2,3.047,-1.104,0.0,-3.4,-0.3,0.1,0.239,-0.091,0.132,1.987,12.38,OFF,PAPER,0
31.4,MANUAL,IDLE,,0,0.0,17.401,-4.327,1.2,3.038,-1.094,0.0,-3.2,-0.2,0.2,0.184,0.307,0.109,2.02,17.52,OFF,PAPER,0
31.42,MANUAL,IDLE,,0,0.0,17.461,-4.349,1.2,3.04,-1.083,0.0,-3.0,-0.2,0.3,0.329,0.068,0.002,1.998,11.94,OFF,PAPER,0
31.44,MANUAL,IDLE,,0,0.0,17.522,-4.37,1.2,3.024,-1.07,0.0,-2.7,0.1,0.3,0.426,0.443,0.061,1.966,7.75,OFF,PAPER,0
31.46,MANUAL,IDLE,,0,0.0,17.583,-4.392,1.2,3.022,-1.067,0.0,-2.7,0.2,0.3,0.047,0.151,0.092,1.97,5.44,OFF,PAPER,0
31.48,MANUAL,IDLE,,0,0.0,17.643,-4.413,1.2,3.022,-1.057,0.0,-2.5,0.2,0.4,0.473,-0.203,0.05,1.986,8.94,OFF,PAPER,0
31.5,MANUAL,IDLE,,0,0.0,17.703,-4.434,1.2,3.025,-1.047,0.0,-2.4,0.1,0.5,0.139,0.201,0.035,2.011,17.47,OFF,PAPER,0
31.52,MANUAL,IDLE,,0,0.0,17.764,-4.455,1.2,3.032,-1.04,0.0,-2.3,0.1,0.5,-0.115,-0.213,0.017,1.969,7.09,OFF,PAPER,0
31.54,MANUAL,IDLE,,0,0.0,17.825,-4.476,1.2,3.022,-1.026,0.0,-2.2,0.2,0.5,0.013,0.182,-0.055,1.977,12.51,OFF,PAPER,0
31.56,MANUAL,IDLE,,0,0.0,17.885,-4.496,1.2,3.016,-1.019,0.0,-2.1,0.3,0.4,-0.02,0.271,-0.205,1.996,13.58,OFF,PAPER,0
31.58,MANUAL,IDLE,,0,0.0,17.945,-4.516,1.2,3.016,-1.012,0.0,-2.0,0.4,0.1,0.047,0.039,-0.192,1.982,9.0,OFF,PAPER,0
31.6,MANUAL,IDLE,,0,0.0,18.006,-4.537,1.2,3.024,-1.004,0.0,-1.9,0.3,-0.1,0.199,-0.416,-0.161,1.985,8.75,OFF,PAPER,0
31.62,MANUAL,IDLE,,0,0.0,18.066,-4.556,1.2,3.023,-0.994,0.0,-1.8,0.3,-0.3,0.002,-0.187,-0.169,1.975,6.55,OFF,PAPER,0
31.64,MANUAL,IDLE,,0,0.0,18.127,-4.576,1.2,3.027,-0.99,0.0,-1.7,0.4,-0.5,-0.213,-0.093,-0.226,1.992,9.94,OFF,PAPER,0
31.66,MANUAL,IDLE,,0,0.0,18.187,-4.596,1.2,3.035,-0.99,0.0,-1.9,0.3,-0.8,-0.159,-0.488,-0.208,1.965,10.01,OFF,PAPER,0
31.68,MANUAL,IDLE,,0,0.0,18.248,-4.616,1.2,3.037,-0.98,0.0,-1.7,0.3,-1.0,0.061,-0.199,-0.086,2.005,12.55,OFF,PAPER,0
31.7,MANUAL,IDLE,,0,0.0,18.309,-4.635,1.2,3.041,-0.976,0.0,-1.6,0.2,-1.0,0.133,0.07,0.005,1.987,9.76,OFF,PAPER,0
31.72,MANUAL,IDLE,,0,0.0,18.37,-4.655,1.2,3.042,-0.969,0.0,-1.5,0.2,-0.9,-0.183,-0.087,0.17,1.977,7.07,OFF,PAPER,0
31.74,MANUAL,IDLE,,0,0.0,18.43,-4.674,1.2,3.044,-0.963,0.0,-1.5,0.2,-0.7,-0.187,-0.037,0.093,1.982,8.87,OFF,PAPER,0
31.76,MANUAL,IDLE,,0,0.0,18.491,-4.693,1.2,3.05,-0.957,0.0,-1.4,0.0,-0.6,0.026,-0.282,0.064,1.963,4.54,OFF,PAPER,0
31.78,MANUAL,IDLE,,0,0.0,18.552,-4.712,1.2,3.05,-0.948,0.0,-1.3,0.1,-0.6,0.206,-0.019,0.043,2.0,13.36,OFF,PAPER,0
31.8,MANUAL,IDLE,,0,0.0,18.613,-4.731,1.2,3.055,-0.939,0.0,-1.1,-0.0,-0.6,-0.282,-0.176,0.03,1.974,7.1,OFF,PAPER,0
31.82,MANUAL,IDLE,,0,0.0,18.674,-4.75,1.2,3.057,-0.944,0.0,-1.3,-0.2,-0.5,-0.308,-0.312,0.034,1.966,8.88,OFF,PAPER,0
31.84,MANUAL,IDLE,,0,0.0,18.736,-4.769,1.2,3.063,-0.939,0.0,-1.3,-0.3,-0.4,0.574,0.06,0.05,1.993,15.07,OFF,PAPER,0
31.86,MANUAL,IDLE,,0,0.0,18.797,-4.788,1.2,3.064,-0.933,0.0,-1.1,-0.3,-0.4,-0.039,0.198,0.004,1.995,10.73,OFF,PAPER,0
31.88,MANUAL,IDLE,,0,0.0,18.858,-4.806,1.2,3.061,-0.925,0.0,-1.0,-0.2,-0.4,0.085,0.308,-0.023,1.992,9.97,OFF,PAPER,0
31.9,MANUAL,IDLE,,0,0.0,18.92,-4.825,1.2,3.069,-0.916,0.0,-0.9,-0.4,-0.4,0.109,-0.117,-0.058,1.989,14.95,OFF,PAPER,0
31.92,MANUAL,IDLE,,0,0.0,18.981,-4.843,1.2,3.073,-0.914,0.0,-0.8,-0.4,-0.5,-0.333,-0.339,-0.026,1.996,11.43,OFF,PAPER,0
31.94,MANUAL,IDLE,,0,0.0,19.042,-4.861,1.2,3.071,-0.914,0.0,-0.9,-0.3,-0.5,-0.304,0.191,-0.056,1.984,8.88,OFF,PAPER,0
31.96,MANUAL,IDLE,,0,0.0,19.104,-4.88,1.2,3.064,-0.917,0.0,-1.0,-0.2,-0.4,0.118,0.149,0.087,1.975,8.19,OFF,PAPER,0
31.98,MANUAL,IDLE,,0,0.0,19.165,-4.898,1.2,3.07,-0.919,0.0,-1.0,-0.3,-0.4,0.383,0.102,-0.003,2.037,17.19,OFF,PAPER,0
32.0,MANUAL,IDLE,,0,0.0,19.226,-4.916,1.2,3.059,-0.916,0.0,-0.9,-0.1,-0.4,-0.025,0.209,0.0,1.994,10.92,OFF,PAPER,0
32.02,MANUAL,IDLE,,0,0.0,19.287,-4.935,1.2,3.051,-0.912,0.0,-0.9,0.0,-0.4,0.011,0.061,0.026,1.971,10.53,OFF,PAPER,0
32.04,MANUAL,IDLE,,0,0.0,19.349,-4.953,1.2,3.053,-0.91,0.0,-0.9,-0.1,-0.4,0.019,0.292,0.123,2.019,14.44,OFF,PAPER,0
32.06,MANUAL,IDLE,,0,0.0,19.41,-4.971,1.2,3.05,-0.906,0.0,-1.0,-0.1,-0.3,0.04,0.098,0.06,1.994,13.33,OFF,PAPER,0
32.08,MANUAL,IDLE,,0,0.0,19.471,-4.989,1.2,3.051,-0.903,0.0,-0.9,0.0,-0.1,0.035,-0.195,0.077,1.993,12.56,OFF,PAPER,0
32.1,MANUAL,IDLE,,0,0.0,19.532,-5.007,1.2,3.056,-0.895,0.0,-0.8,-0.1,-0.1,0.432,-0.318,0.094,1.971,6.85,OFF,PAPER,0
32.12,MANUAL,IDLE,,0,0.0,19.593,-5.025,1.2,3.053,-0.884,0.0,-0.6,-0.0,-0.0,0.434,0.207,0.064,1.982,9.95,OFF,PAPER,0
32.14,MANUAL,IDLE,,0,0.0,19.654,-5.043,1.2,3.056,-0.883,0.0,-0.6,-0.0,0.0,0.058,0.116,0.035,2.004,15.41,OFF,PAPER,0
32.16,MANUAL,IDLE,,0,0.0,19.715,-5.06,1.2,3.063,-0.883,0.0,-0.6,-0.1,-0.0,-0.202,-0.36,-0.066,2.004,11.97,OFF,PAPER,0
32.18,MANUAL,IDLE,,0,0.0,19.776,-5.078,1.2,3.061,-0.878,0.0,-0.5,-0.2,-0.1,-0.228,-0.033,-0.087,1.977,8.16,OFF,PAPER,0
32.2,MANUAL,IDLE,,0,0.0,19.837,-5.095,1.2,3.058,-0.882,0.0,-0.6,-0.1,-0.2,0.05,-0.142,-0.175,2.0,14.53,OFF,PAPER,0
32.22,MANUAL,IDLE,,0,0.0,19.899,-5.113,1.2,3.062,-0.877,0.0,-0.5,-0.1,-0.3,-0.071,-0.109,-0.039,1.985,8.9,OFF,PAPER,0
32.24,MANUAL,IDLE,,0,0.0,19.96,-5.13,1.2,3.062,-0.877,0.0,-0.5,-0.2,-0.3,-0.046,0.29,0.092,1.973,6.11,OFF,PAPER,0
32.26,MANUAL,IDLE,,0,0.0,20.021,-5.148,1.2,3.05,-0.877,0.0,-0.5,-0.1,-0.3,0.259,0.113,0.043,1.968,9.95,OFF,PAPER,0
32.28,MANUAL,IDLE,,0,0.0,20.082,-5.165,1.2,3.054,-0.878,0.0,-0.5,-0.1,-0.2,-0.12,-0.054,0.029,1.963,3.74,OFF,PAPER,0
32.3,MANUAL,IDLE,,0,0.0,20.143,-5.183,1.2,3.045,-0.875,0.0,-0.5,0.1,-0.2,-0.297,0.415,-0.005,1.969,6.01,OFF,PAPER,0
32.32,MANUAL,IDLE,,0,0.0,20.204,-5.2,1.2,3.042,-0.868,0.0,-0.3,0.2,-0.1,-0.222,0.137,0.086,1.988,10.92,OFF,PAPER,0
32.34,MANUAL,IDLE,,0,0.0,20.265,-5.218,1.2,3.043,-0.865,0.0,-0.2,0.3,0.0,-0.138,0.089,0.155,2.008,14.48,OFF,PAPER,0
32.36,MANUAL,IDLE,,0,0.0,20.326,-5.235,1.2,3.037,-0.866,0.0,-0.3,0.4,0.2,-0.036,0.078,0.183,1.964,5.52,OFF,PAPER,0
32.38,MANUAL,IDLE,,0,0.0,20.386,-5.252,1.2,3.031,-0.865,0.0,-0.3,0.4,0.4,0.288,-0.001,0.133,1.979,11.85,OFF,PAPER,0
32.4,MANUAL,IDLE,,0,0.0,20.447,-5.27,1.2,3.035,-0.864,0.0,-0.4,0.4,0.5,0.16,-0.125,0.017,2.009,14.44,OFF,PAPER,0
32.42,MANUAL,IDLE,,0,0.0,20.508,-5.287,1.2,3.032,-0.86,0.0,-0.3,0.5,0.5,0.113,0.069,0.015,1.963,1.88,OFF,PAPER,0
32.44,MANUAL,IDLE,,0,0.0,20.568,-5.304,1.2,3.035,-0.862,0.0,-0.3,0.4,0.5,-0.229,-0.029,-0.031,2.0,11.58,OFF,PAPER,0
32.46,MANUAL,IDLE,,0,0.0,20.629,-5.321,1.2,3.044,-0.858,0.0,-0.3,0.3,0.4,0.242,-0.14,-0.092,1.99,11.36,OFF,PAPER,0
32.48,MANUAL,IDLE,,0,0.0,20.69,-5.338,1.2,3.044,-0.855,0.0,-0.3,0.2,0.2,-0.027,0.055,-0.127,2.01,14.25,OFF,PAPER,0
32.5,MANUAL,IDLE,,0,0.0,20.751,-5.355,1.2,3.05,-0.85,0.0,-0.1,-0.0,0.1,-0.19,-0.004,-0.078,1.985,10.77,OFF,PAPER,0
32.52,MANUAL,IDLE,,0,0.0,20.812,-5.372,1.2,3.044,-0.85,0.0,-0.2,0.0,0.1,-0.192,0.26,0.01,1.984,10.16,OFF,PAPER,0
32.54,MANUAL,IDLE,,0,0.0,20.873,-5.389,1.2,3.044,-0.848,0.0,-0.2,0.0,0.0,0.153,0.358,-0.123,1.967,6.07,OFF,PAPER,0
32.56,MANUAL,IDLE,,0,0.0,20.934,-5.406,1.2,3.047,-0.85,0.0,-0.2,0.0,-0.1,0.242,0.075,-0.049,1.969,10.99,OFF,PAPER,0
32.58,MANUAL,IDLE,,0,0.0,20.995,-5.423,1.2,3.036,-0.842,0.0,-0.1,0.2,-0.1,0.151,0.033,-0.077,1.997,11.07,OFF,PAPER,0
32.6,MANUAL,IDLE,,0,0.0,21.055,-5.44,1.2,3.043,-0.847,0.0,-0.2,0.1,-0.3,-0.159,-0.283,-0.095,2.043,17.15,OFF,PAPER,0
32.62,MANUAL,IDLE,,0,0.0,21.116,-5.457,1.2,3.045,-0.836,0.0,-0.1,0.0,-0.4,0.268,-0.279,-0.104,2.0,15.33,OFF,PAPER,0
32.64,MANUAL,IDLE,,0,0.0,21.177,-5.474,1.2,3.044,-0.845,0.0,-0.2,0.1,-0.5,-0.118,0.125,-0.146,1.991,10.78,OFF,PAPER,0
32.66,MANUAL,IDLE,,0,0.0,21.238,-5.491,1.2,3.042,-0.847,0.0,-0.2,0.1,-0.6,0.128,0.114,0.069,1.965,5.32,OFF,PAPER,0
32.68,MANUAL,IDLE,,0,0.0,21.299,-5.508,1.2,3.032,-0.841,0.0,-0.1,0.3,-0.6,-0.02,0.015,0.049,1.998,13.08,OFF,PAPER,0
32.7,MANUAL,IDLE,,0,0.0,21.359,-5.525,1.2,3.03,-0.846,0.0,-0.2,0.3,-0.5,-0.121,-0.039,0.043,1.965,3.06,OFF,PAPER,0
32.72,MANUAL,IDLE,,0,0.0,21.42,-5.541,1.2,3.045,-0.852,0.0,-0.2,0.1,-0.5,-0.01,-0.25,0.076,1.978,10.68,OFF,PAPER,0
32.74,MANUAL,IDLE,,0,0.0,21.481,-5.559,1.2,3.048,-0.858,0.0,-0.3,-0.1,-0.4,0.1,0.074,0.043,1.964,7.6,OFF,PAPER,0
32.76,MANUAL,IDLE,,0,0.0,21.542,-5.576,1.2,3.041,-0.852,0.0,-0.2,0.1,-0.4,-0.189,0.278,-0.003,2.022,16.0,OFF,PAPER,0
32.78,MANUAL,IDLE,,0,0.0,21.603,-5.593,1.2,3.039,-0.852,0.0,-0.3,0.1,-0.4,0.15,-0.005,0.004,2.04,18.68,OFF,PAPER,0
32.8,MANUAL,IDLE,,0,0.0,21.664,-5.61,1.2,3.048,-0.855,0.0,-0.2,-0.1,-0.4,-0.053,-0.444,-0.01,1.971,6.61,OFF,PAPER,0
32.82,MANUAL,IDLE,,0,0.0,21.725,-5.627,1.2,3.061,-0.849,0.0,-0.1,-0.3,-0.4,0.019,0.021,0.005,1.998,14.85,OFF,PAPER,0
32.84,MANUAL,IDLE,,0,0.0,21.786,-5.644,1.2,3.065,-0.849,0.0,-0.1,-0.3,-0.5,0.235,-0.192,-0.08,1.971,8.51,OFF,PAPER,0
32.86,MANUAL,IDLE,,0,0.0,21.847,-5.661,1.2,3.057,-0.844,0.0,-0.0,-0.2,-0.6,-0.102,0.388,-0.086,1.997,13.37,OFF,PAPER,0
32.88,MANUAL,IDLE,,0,0.0,21.908,-5.677,1.2,3.067,-0.837,0.0,0.2,-0.2,-0.7,0.138,-0.167,-0.091,1.987,13.64,OFF,PAPER,0
32.9,MANUAL,IDLE,,0,0.0,21.97,-5.694,1.2,3.063,-0.844,0.0,0.2,-0.2,-0.8,0.006,0.094,-0.101,1.997,10.87,OFF,PAPER,0
32.92,MANUAL,IDLE,,0,0.0,22.031,-5.711,1.2,3.065,-0.85,0.0,0.1,-0.2,-0.9,0.241,-0.146,-0.126,1.995,11.01,OFF,PAPER,0
32.94,MANUAL,IDLE,,0,0.0,22.092,-5.728,1.2,3.065,-0.844,0.0,0.2,-0.2,-0.9,0.072,-0.159,-0.068,1.968,5.14,OFF,PAPER,0
32.96,MANUAL,IDLE,,0,0.0,22.154,-5.745,1.2,3.058,-0.833,0.0,0.4,-0.1,-1.1,0.127,0.026,-0.152,1.976,12.11,OFF,PAPER,0
32.98,MANUAL,IDLE,,0,0.0,22.215,-5.762,1.2,3.057,-0.833,0.0,0.4,-0.0,-1.2,-0.032,-0.381,-0.059,2.0,11.2,OFF,PAPER,0
33.0,MANUAL,IDLE,,0,0.0,22.276,-5.778,1.2,3.063,-0.834,0.0,0.4,-0.1,-1.3,0.0,-0.016,-0.02,2.002,11.84,OFF,PAPER,0
33.02,MANUAL,IDLE,,0,0.0,22.337,-5.795,1.2,3.063,-0.836,0.0,0.4,-0.1,-1.2,0.07,0.183,0.062,1.988,15.54,OFF,PAPER,0
33.04,MANUAL,IDLE,,0,0.0,22.398,-5.812,1.2,3.073,-0.84,0.0,0.4,-0.2,-1.2,-0.387,-0.092,0.094,2.031,15.0,OFF,PAPER,0
33.06,MANUAL,IDLE,,0,0.0,22.46,-5.829,1.2,3.066,-0.838,0.0,0.4,-0.1,-1.0,-0.251,0.316,0.041,1.975,11.3,OFF,PAPER,0
33.08,MANUAL,IDLE,,0,0.0,22.521,-5.845,1.2,3.071,-0.834,0.0,0.5,-0.3,-1.0,0.075,-0.118,0.007,1.971,10.67,OFF,PAPER,0
33.1,MANUAL,IDLE,,0,0.0,22.583,-5.862,1.2,3.071,-0.837,0.0,0.5,-0.3,-1.0,0.069,-0.193,0.049,1.968,7.38,OFF,PAPER,0
33.12,MANUAL,IDLE,,0,0.0,22.644,-5.879,1.2,3.067,-0.841,0.0,0.4,-0.2,-0.9,0.179,-0.201,0.126,1.97,5.15,OFF,PAPER,0
33.14,MANUAL,IDLE,,0,0.0,22.705,-5.895,1.2,3.062,-0.831,0.0,0.6,-0.2,-0.8,0.304,0.041,0.066,2.02,16.09,OFF,PAPER,0
33.16,MANUAL,IDLE,,0,0.0,22.767,-5.912,1.2,3.063,-0.834,0.0,0.5,-0.3,-0.7,0.013,-0.008,0.076,1.963,9.65,OFF,PAPER,0
33.18,MANUAL,IDLE,,0,0.0,22.828,-5.929,1.2,3.058,-0.839,0.0,0.5,-0.2,-0.6,0.085,-0.166,0.098,1.967,6.42,OFF,PAPER,0
33.2,MANUAL,IDLE,,0,0.0,22.889,-5.946,1.2,3.054,-0.85,0.0,0.3,-0.2,-0.4,-0.396,0.002,0.152,1.966,9.84,OFF,PAPER,0
33.22,MANUAL,IDLE,,0,0.0,22.95,-5.963,1.2,3.054,-0.854,0.0,0.2,-0.1,-0.2,0.268,-0.208,0.202,1.976,10.31,OFF,PAPER,0
33.24,MANUAL,IDLE,,0,0.0,23.011,-5.98,1.2,3.048,-0.857,0.0,0.1,-0.1,0.0,0.227,0.248,0.17,2.0,11.36,OFF,PAPER,0
33.26,MANUAL,IDLE,,0,0.0,23.072,-5.997,1.2,3.042,-0.86,0.0,0.1,0.2,0.2,-0.006,-0.166,0.09,1.98,10.26,OFF,PAPER,0
33.28,MANUAL,IDLE,,0,0.0,23.133,-6.014,1.2,3.042,-0.857,0.0,0.1,0.1,0.3,0.068,-0.177,0.053,1.971,5.59,OFF,PAPER,0
33.3,MANUAL,IDLE,,0,0.0,23.193,-6.031,1.2,3.05,-0.856,0.0,0.1,0.1,0.3,0.001,0.054,-0.028,1.981,7.93,OFF,PAPER,0
33.32,MANUAL,IDLE,,0,0.0,23.255,-6.049,1.2,3.054,-0.851,0.0,0.1,-0.1,0.2,0.371,0.245,-0.106,1.969,5.29,OFF,PAPER,0
33.34,MANUAL,IDLE,,0,0.0,23.316,-6.066,1.2,3.055,-0.85,0.0,0.0,-0.2,0.2,0.275,-0.046,0.048,2.0,11.93,OFF,PAPER,0
33.36,MANUAL,IDLE,,0,0.0,23.377,-6.083,1.2,3.043,-0.854,0.0,0.1,-0.0,0.2,0.039,0.139,-0.048,1.98,8.72,OFF,PAPER,0
33.38,MANUAL,IDLE,,0,0.0,23.437,-6.1,1.2,3.04,-0.855,0.0,0.1,-0.0,0.2,0.084,0.296,0.047,1.967,7.43,OFF,PAPER,0
33.4,MANUAL,IDLE,,0,0.0,23.498,-6.117,1.2,3.045,-0.861,0.0,-0.0,-0.1,0.3,-0.176,0.029,0.111,1.998,11.25,OFF,PAPER,0
33.42,MANUAL,IDLE,,0,0.0,23.559,-6.134,1.2,3.045,-0.866,0.0,-0.1,-0.2,0.4,-0.057,0.077,0.102,1.987,11.08,OFF,PAPER,0
33.44,MANUAL,IDLE,,0,0.0,23.62,-6.151,1.2,3.048,-0.867,0.0,-0.0,-0.3,0.5,-0.268,-0.109,0.087,1.967,4.22,OFF,PAPER,0
33.46,MANUAL,IDLE,,0,0.0,23.681,-6.169,1.2,3.051,-0.864,0.0,0.0,-0.3,0.5,0.312,0.044,-0.044,1.968,8.59,OFF,PAPER,0
33.48,MANUAL,IDLE,,0,0.0,23.742,-6.186,1.2,3.046,-0.874,0.0,-0.1,-0.3,0.5,-0.115,0.112,0.009,2.007,12.11,OFF,PAPER,0
33.5,MANUAL,IDLE,,0,0.0,23.803,-6.204,1.2,3.051,-0.88,0.0,-0.1,-0.4,0.5,-0.203,0.086,0.006,2.014,16.42,OFF,PAPER,0
33.52,MANUAL,IDLE,,0,0.0,23.864,-6.221,1.2,3.045,-0.879,0.0,-0.1,-0.3,0.5,0.212,0.283,0.055,1.968,9.42,OFF,PAPER,0
33.54,MANUAL,IDLE,,0,0.0,23.925,-6.239,1.2,3.05,-0.879,0.0,-0.0,-0.4,0.6,-0.247,0.137,0.153,1.973,11.85,OFF,PAPER,0
33.56,MANUAL,IDLE,,0,0.0,23.986,-6.257,1.2,3.054,-0.882,0.0,-0.1,-0.5,0.8,-0.188,0.132,0.076,1.998,10.94,OFF,PAPER,0
33.58,MANUAL,IDLE,,0,0.0,24.047,-6.274,1.2,3.051,-0.873,0.0,0.0,-0.3,0.9,-0.147,-0.22,0.092,1.971,5.79,OFF,PAPER,0
33.6,MANUAL,IDLE,,0,0.0,24.108,-6.291,1.2,3.049,-0.87,0.0,0.2,-0.2,1.0,0.353,-0.082,0.126,1.999,11.11,OFF,PAPER,0
33.62,MANUAL,IDLE,,0,0.0,24.169,-6.309,1.2,3.053,-0.872,0.0,0.1,-0.3,1.1,0.047,-0.007,-0.009,2.021,16.79,OFF,PAPER,0
33.64,MANUAL,IDLE,,0,0.0,24.23,-6.326,1.2,3.05,-0.866,0.0,0.2,-0.3,1.1,0.173,0.155,0.082,2.0,16.4,OFF,PAPER,0
33.66,MANUAL,IDLE,,0,0.0,24.291,-6.344,1.2,3.053,-0.868,0.0,0.2,-0.4,1.1,0.145,-0.064,0.008,1.99,13.95,OFF,PAPER,0
33.68,MANUAL,IDLE,,0,0.0,24.352,-6.361,1.2,3.057,-0.868,0.0,0.3,-0.4,1.1,-0.113,0.084,-0.075,1.984,11.39,OFF,PAPER,0
33.7,MANUAL,IDLE,,0,0.0,24.414,-6.378,1.2,3.057,-0.86,0.0,0.4,-0.5,1.1,-0.097,0.017,0.04,1.976,7.99,OFF,PAPER,0
33.72,MANUAL,IDLE,,0,0.0,24.475,-6.396,1.2,3.046,-0.863,0.0,0.3,-0.4,1.1,0.021,0.306,0.034,1.992,12.21,OFF,PAPER,0
33.74,MANUAL,IDLE,,0,0.0,24.536,-6.413,1.2,3.054,-0.869,0.0,0.1,-0.5,1.1,0.1,-0.025,-0.025,2.04,15.9,OFF,PAPER,0
33.76,MANUAL,IDLE,,0,0.0,24.597,-6.43,1.2,3.053,-0.871,0.0,0.2,-0.5,1.1,-0.054,-0.055,-0.086,1.995,14.55,OFF,PAPER,0
33.78,MANUAL,IDLE,,0,0.0,24.658,-6.448,1.2,3.06,-0.871,0.0,0.1,-0.7,1.0,0.028,0.11,-0.002,2.016,13.33,OFF,PAPER,0
33.8,MANUAL,IDLE,,0,0.0,24.719,-6.465,1.2,3.06,-0.875,0.0,0.0,-0.7,1.0,-0.257,-0.087,-0.019,1.965,5.88,OFF,PAPER,0
33.82,MANUAL,IDLE,,0,0.0,24.78,-6.483,1.2,3.051,-0.871,0.0,0.0,-0.5,1.0,-0.176,0.018,-0.104,1.984,8.94,OFF,PAPER,0
33.84,MANUAL,IDLE,,0,0.0,24.841,-6.5,1.2,3.044,-0.877,0.0,-0.1,-0.4,0.8,-0.016,0.167,-0.138,1.996,12.17,OFF,PAPER,0
33.86,MANUAL,IDLE,,0,0.0,24.902,-6.518,1.2,3.046,-0.877,0.0,-0.1,-0.3,0.7,-0.19,-0.155,-0.046,1.972,7.79,OFF,PAPER,0
33.88,MANUAL,IDLE,,0,0.0,24.963,-6.535,1.2,3.041,-0.871,0.0,0.0,-0.2,0.7,0.036,0.233,0.032,2.0,15.78,OFF,PAPER,0
33.9,MANUAL,IDLE,,0,0.0,25.024,-6.552,1.2,3.04,-0.868,0.0,0.2,-0.2,0.7,0.149,0.272,-0.019,1.991,13.71,OFF,PAPER,0
33.92,MANUAL,IDLE,,0,0.0,25.084,-6.57,1.2,3.043,-0.868,0.0,0.2,-0.2,0.7,0.141,0.127,-0.101,1.962,2.71,OFF,PAPER,0
33.94,MANUAL,IDLE,,0,0.0,25.145,-6.587,1.2,3.043,-0.88,0.0,0.1,-0.2,0.6,-0.289,0.053,-0.062,1.998,13.31,OFF,PAPER,0
33.96,MANUAL,IDLE,,0,0.0,25.206,-6.605,1.2,3.046,-0.882,0.0,0.0,-0.2,0.5,-0.095,0.184,-0.104,1.98,11.18,OFF,PAPER,0
33.98,MANUAL,IDLE,,0,0.0,25.267,-6.623,1.2,3.05,-0.886,0.0,-0.1,-0.2,0.4,0.187,-0.141,-0.162,1.982,8.23,OFF,PAPER,0
34.0,MANUAL,IDLE,,0,0.0,25.328,-6.64,1.2,3.044,-0.883,0.0,-0.0,-0.2,0.2,0.323,-0.094,-0.131,1.982,11.58,OFF,PAPER,0
34.02,MANUAL,IDLE,,0,0.0,25.389,-6.658,1.2,3.04,-0.876,0.0,0.1,-0.2,0.1,0.176,0.038,-0.118,1.965,5.55,OFF,PAPER,0
34.04,MANUAL,IDLE,,0,0.0,25.45,-6.675,1.2,3.048,-0.87,0.0,0.2,-0.4,0.0,0.42,-0.452,0.001,1.991,14.18,OFF,PAPER,0
34.06,MANUAL,IDLE,,0,0.0,25.511,-6.693,1.2,3.043,-0.865,0.0,0.3,-0.3,-0.0,0.089,0.023,-0.033,1.975,7.48,OFF,PAPER,0
34.08,MANUAL,IDLE,,0,0.0,25.571,-6.71,1.2,3.039,-0.866,0.0,0.2,-0.4,-0.1,0.036,0.17,-0.079,1.973,9.56,OFF,PAPER,0
34.1,MANUAL,IDLE,,0,0.0,25.632,-6.727,1.2,3.032,-0.874,0.0,0.1,-0.2,-0.2,-0.002,0.467,-0.048,1.994,12.28,OFF,PAPER,0
34.12,MANUAL,IDLE,,0,0.0,25.693,-6.745,1.2,3.026,-0.877,0.0,0.0,-0.1,-0.2,0.126,-0.006,-0.083,2.018,15.34,OFF,PAPER,0
34.14,MANUAL,IDLE,,0,0.0,25.753,-6.763,1.2,3.029,-0.882,0.0,-0.1,-0.1,-0.4,0.162,-0.177,-0.144,1.964,9.9,OFF,PAPER,0
34.16,MANUAL,IDLE,,0,0.0,25.814,-6.78,1.2,3.032,-0.877,0.0,-0.0,-0.1,-0.5,0.336,0.279,-0.043,2.002,12.39,OFF,PAPER,0
34.18,MANUAL,IDLE,,0,0.0,25.874,-6.798,1.2,3.025,-0.873,0.0,0.1,0.1,-0.5,0.128,-0.106,-0.019,1.986,10.66,OFF,PAPER,0
34.2,MANUAL,IDLE,,0,0.0,25.935,-6.815,1.2,3.03,-0.877,0.0,0.1,0.1,-0.5,-0.183,0.018,0.117,1.97,6.17,OFF,PAPER,0
34.22,MANUAL,IDLE,,0,0.0,25.995,-6.833,1.2,3.032,-0.871,0.0,0.1,0.1,-0.3,0.183,0.229,0.22,2.019,14.72,OFF,PAPER,0
34.24,MANUAL,IDLE,,0,0.0,26.056,-6.85,1.2,3.03,-0.874,0.0,0.0,0.3,-0.2,-0.233,-0.253,0.086,1.989,13.67,OFF,PAPER,0
34.26,MANUAL,IDLE,,0,0.0,26.117,-6.868,1.2,3.034,-0.879,0.0,-0.1,0.2,-0.1,-0.353,0.267,0.09,2.027,14.67,OFF,PAPER,0
34.28,MANUAL,IDLE,,0,0.0,26.177,-6.885,1.2,3.035,-0.884,0.0,-0.1,0.3,-0.0,0.122,-0.079,0.046,2.026,14.88,OFF,PAPER,0
34.3,MANUAL,IDLE,,0,0.0,26.238,-6.903,1.2,3.036,-0.891,0.0,-0.2,0.2,-0.0,-0.189,0.032,0.025,2.005,15.81,OFF,PAPER,0
34.32,MANUAL,IDLE,,0,0.0,26.299,-6.921,1.2,3.038,-0.894,0.0,-0.2,0.2,0.0,0.082,-0.001,-0.003,1.999,11.07,OFF,PAPER,0
34.34,MANUAL,IDLE,,0,0.0,26.36,-6.939,1.2,3.042,-0.897,0.0,-0.2,0.2,0.0,-0.016,-0.01,0.045,1.978,10.12,OFF,PAPER,0
34.36,MANUAL,IDLE,,0,0.0,26.421,-6.957,1.2,3.046,-0.889,0.0,-0.1,0.2,0.1,-0.093,-0.079,0.085,1.976,11.5,OFF,PAPER,0
34.38,MANUAL,IDLE,,0,0.0,26.481,-6.974,1.2,3.039,-0.89,0.0,-0.2,0.3,0.1,0.333,-0.173,0.048,2.031,16.4,OFF,PAPER,0
34.4,MANUAL,IDLE,,0,0.0,26.542,-6.992,1.2,3.045,-0.888,0.0,-0.1,0.2,0.2,0.291,-0.149,0.051,2.001,11.98,OFF,PAPER,0
34.42,MANUAL,IDLE,,0,0.0,26.603,-7.01,1.2,3.053,-0.885,0.0,0.0,-0.1,0.2,0.339,-0.126,-0.042,1.963,3.78,OFF,PAPER,0
34.44,MANUAL,IDLE,,0,0.0,26.664,-7.028,1.2,3.052,-0.889,0.0,-0.0,-0.1,0.1,0.098,0.095,-0.076,2.002,12.58,OFF,PAPER,0
34.46,MANUAL,IDLE,,0,0.0,26.725,-7.046,1.2,3.049,-0.89,0.0,-0.0,-0.0,-0.0,-0.05,-0.177,-0.102,2.005,11.86,OFF,PAPER,0
34.48,MANUAL,IDLE,,0,0.0,26.786,-7.063,1.2,3.05,-0.887,0.0,-0.0,-0.1,-0.1,0.139,0.24,-0.033,1.968,4.4,OFF,PAPER,0
34.5,MANUAL,IDLE,,0,0.0,26.847,-7.081,1.2,3.047,-0.887,0.0,-0.0,-0.0,-0.1,-0.13,-0.13,-0.049,1.98,10.96,OFF,PAPER,0
34.52,MANUAL,IDLE,,0,0.0,26.908,-7.099,1.2,3.047,-0.884,0.0,-0.0,-0.1,-0.1,0.025,-0.027,-0.001,1.985,10.75,OFF,PAPER,0
34.54,MANUAL,IDLE,,0,0.0,26.969,-7.116,1.2,3.049,-0.881,0.0,0.0,-0.1,-0.1,0.267,-0.142,0.02,1.969,5.95,OFF,PAPER,0
34.56,MANUAL,IDLE,,0,0.0,27.03,-7.134,1.2,3.043,-0.876,0.0,0.1,-0.0,-0.1,0.324,-0.053,0.016,1.966,4.58,OFF,PAPER,0
34.58,MANUAL,IDLE,,0,0.0,27.091,-7.152,1.2,3.043,-0.873,0.0,0.1,-0.0,-0.1,0.071,0.081,0.01,1.984,10.88,OFF,PAPER,0
34.6,MANUAL,IDLE,,0,0.0,27.152,-7.169,1.2,3.042,-0.876,0.0,0.0,0.0,0.1,-0.159,-0.307,0.174,1.996,10.96,OFF,PAPER,0
34.62,MANUAL,IDLE,,0,0.0,27.212,-7.187,1.2,3.048,-0.877,0.0,0.0,-0.1,0.2,-0.185,-0.043,0.04,1.983,9.3,OFF,PAPER,0
34.64,MANUAL,IDLE,,0,0.0,27.273,-7.204,1.2,3.049,-0.877,0.0,0.0,-0.1,0.3,-0.265,-0.286,0.093,1.98,10.52,OFF,PAPER,0
34.66,MANUAL,IDLE,,0,0.0,27.334,-7.222,1.2,3.05,-0.877,0.0,0.0,-0.1,0.3,0.018,0.078,0.091,1.971,5.51,OFF,PAPER,0
34.68,MANUAL,IDLE,,0,0.0,27.395,-7.239,1.2,3.044,-0.88,0.0,0.0,-0.0,0.3,-0.225,0.11,-0.025,1.978,8.71,OFF,PAPER,0
34.7,MANUAL,IDLE,,0,0.0,27.456,-7.257,1.2,3.042,-0.881,0.0,-0.0,0.1,0.2,0.183,-0.008,-0.093,1.985,11.22,OFF,PAPER,0
34.72,MANUAL,IDLE,,0,0.0,27.517,-7.274,1.2,3.046,-0.883,0.0,-0.0,-0.1,0.1,-0.184,0.164,-0.113,1.999,11.48,OFF,PAPER,0
34.74,MANUAL,IDLE,,0,0.0,27.578,-7.292,1.2,3.041,-0.879,0.0,-0.0,0.1,0.0,0.025,-0.092,-0.097,1.998,11.43,OFF,PAPER,0
34.76,MANUAL,IDLE,,0,0.0,27.639,-7.31,1.2,3.046,-0.883,0.0,0.0,-0.0,-0.1,-0.346,-0.056,-0.033,1.99,11.97,OFF,PAPER,0
34.78,MANUAL,IDLE,,0,0.0,27.7,-7.327,1.2,3.046,-0.877,0.0,0.1,-0.0,-0.2,-0.034,0.003,-0.014,1.987,9.36,OFF,PAPER,0
34.8,MANUAL,IDLE,,0,0.0,27.761,-7.345,1.2,3.044,-0.876,0.0,0.1,0.1,-0.2,-0.097,-0.105,-0.057,1.968,4.67,OFF,PAPER,0
34.82,MANUAL,IDLE,,0,0.0,27.821,-7.363,1.2,3.044,-0.882,0.0,-0.1,0.2,-0.3,0.107,-0.187,-0.023,1.969,8.57,OFF,PAPER,0
34.84,MANUAL,IDLE,,0,0.0,27.882,-7.38,1.2,3.047,-0.879,0.0,-0.0,0.1,-0.3,0.177,-0.437,0.011,1.985,8.96,OFF,PAPER,0
34.86,MANUAL,IDLE,,0,0.0,27.943,-7.398,1.2,3.046,-0.879,0.0,-0.1,0.1,-0.3,-0.047,0.029,-0.073,1.964,11.81,OFF,PAPER,0
34.88,MANUAL,IDLE,,0,0.0,28.004,-7.415,1.2,3.044,-0.879,0.0,-0.1,0.1,-0.3,-0.2,-0.166,0.001,1.968,12.28,OFF,PAPER,0
34.9,MANUAL,IDLE,,0,0.0,28.065,-7.433,1.2,3.048,-0.872,0.0,0.0,-0.0,-0.3,0.158,0.042,0.05,1.976,11.49,OFF,PAPER,0
34.92,MANUAL,IDLE,,0,0.0,28.126,-7.45,1.2,3.047,-0.872,0.0,0.1,-0.0,-0.3,0.122,0.094,-0.061,1.964,2.57,OFF,PAPER,0
34.94,MANUAL,IDLE,,0,0.0,28.187,-7.468,1.2,3.053,-0.871,0.0,-0.0,-0.0,-0.3,-0.178,-0.205,-0.065,1.988,9.98,OFF,PAPER,0
34.96,MANUAL,IDLE,,0,0.0,28.248,-7.485,1.2,3.055,-0.871,0.0,-0.1,-0.1,-0.4,-0.25,0.344,-0.083,1.999,13.22,OFF,PAPER,0
34.98,MANUAL,IDLE,,0,0.0,28.309,-7.503,1.2,3.055,-0.87,0.0,-0.1,-0.1,-0.5,0.074,0.17,-0.015,2.006,12.16,OFF,PAPER,0
35.0,MANUAL,IDLE,,0,0.0,28.37,-7.52,1.2,3.055,-0.868,0.0,0.0,-0.1,-0.5,0.184,-0.168,-0.017,1.992,10.02,OFF,PAPER,0
35.02,MANUAL,IDLE,,0,0.0,28.431,-7.537,1.2,3.054,-0.863,0.0,0.1,-0.1,-0.5,0.319,0.18,-0.031,1.994,13.32,OFF,PAPER,0
35.04,MANUAL,IDLE,,0,0.0,28.492,-7.554,1.2,3.048,-0.858,0.0,0.2,0.0,-0.6,0.092,0.3,-0.058,2.0,11.69,OFF,PAPER,0
35.06,MANUAL,IDLE,,0,0.0,28.553,-7.572,1.2,3.045,-0.851,0.0,0.3,0.1,-0.6,-0.037,0.053,0.105,1.968,4.93,OFF,PAPER,0
35.08,MANUAL,IDLE,,0,0.0,28.614,-7.589,1.2,3.042,-0.854,0.0,0.1,0.2,-0.4,-0.115,-0.195,0.072,1.966,5.33,OFF,PAPER,0
35.1,MANUAL,IDLE,,0,0.0,28.675,-7.606,1.2,3.043,-0.857,0.0,0.1,0.2,-0.3,0.088,-0.173,0.108,1.974,10.74,OFF,PAPER,0
35.12,MANUAL,IDLE,,0,0.0,28.736,-7.623,1.2,3.04,-0.863,0.0,0.1,0.3,-0.2,-0.004,0.265,0.092,1.981,13.76,OFF,PAPER,0
35.14,MANUAL,IDLE,,0,0.0,28.797,-7.64,1.2,3.039,-0.868,0.0,-0.0,0.4,-0.1,0.33,-0.026,0.001,2.029,15.26,OFF,PAPER,0
35.16,MANUAL,IDLE,,0,0.0,28.857,-7.658,1.2,3.049,-0.874,0.0,-0.0,0.3,-0.1,0.062,-0.129,0.031,1.976,13.01,OFF,PAPER,0
35.18,MANUAL,IDLE,,0,0.0,28.919,-7.675,1.2,3.052,-0.865,0.0,0.1,0.2,-0.1,0.508,0.251,0.004,2.017,14.26,OFF,PAPER,0
35.2,MANUAL,IDLE,,0,0.0,28.98,-7.693,1.2,3.056,-0.867,0.0,0.1,0.1,-0.1,-0.084,-0.11,0.021,1.994,11.7,OFF,PAPER,0
35.22,MANUAL,IDLE,,0,0.0,29.041,-7.71,1.2,3.054,-0.868,0.0,0.1,0.1,0.0,-0.207,0.492,0.083,1.992,13.15,OFF,PAPER,0
35.24,MANUAL,IDLE,,0,0.0,29.102,-7.727,1.2,3.059,-0.872,0.0,0.0,0.1,0.1,-0.01,-0.098,0.037,1.975,8.38,OFF,PAPER,0
35.26,MANUAL,IDLE,,0,0.0,29.163,-7.745,1.2,3.065,-0.875,0.0,-0.1,-0.1,0.1,0.263,-0.103,-0.019,1.981,8.15,OFF,PAPER,0
35.28,MANUAL,IDLE,,0,0.0,29.224,-7.762,1.2,3.063,-0.866,0.0,0.1,-0.0,0.1,0.196,0.017,0.019,2.008,13.65,OFF,PAPER,0
35.3,MANUAL,IDLE,,0,0.0,29.286,-7.779,1.2,3.064,-0.864,0.0,0.2,-0.0,0.1,0.34,0.379,-0.033,1.979,10.42,OFF,PAPER,0
35.32,MANUAL,IDLE,,0,0.0,29.347,-7.797,1.2,3.057,-0.856,0.0,0.4,0.0,0.1,0.011,-0.031,0.064,1.988,9.64,OFF,PAPER,0
35.34,MANUAL,IDLE,,0,0.0,29.408,-7.814,1.2,3.058,-0.857,0.0,0.4,-0.1,0.1,0.211,-0.087,-0.036,2.003,13.99,OFF,PAPER,0
35.36,MANUAL,IDLE,,0,0.0,29.469,-7.831,1.2,3.06,-0.861,0.0,0.3,-0.1,0.1,-0.037,0.135,0.003,1.969,10.58,OFF,PAPER,0
35.38,MANUAL,IDLE,,0,0.0,29.531,-7.848,1.2,3.062,-0.865,0.0,0.3,-0.1,0.1,-0.1,0.149,0.029,1.962,3.0,OFF,PAPER,0
35.4,MANUAL,IDLE,,0,0.0,29.592,-7.866,1.2,3.066,-0.873,0.0,0.2,-0.1,0.1,-0.182,-0.014,-0.033,1.974,10.43,OFF,PAPER,0
35.42,MANUAL,IDLE,,0,0.0,29.653,-7.883,1.2,3.065,-0.873,0.0,0.1,-0.1,0.1,-0.03,0.177,0.043,1.995,13.96,OFF,PAPER,0
35.44,MANUAL,IDLE,,0,0.0,29.714,-7.9,1.2,3.062,-0.873,0.0,0.1,-0.1,0.2,-0.206,0.161,0.034,1.985,9.77,OFF,PAPER,0
35.46,MANUAL,IDLE,,0,0.0,29.776,-7.918,1.2,3.066,-0.876,0.0,0.1,-0.2,0.1,-0.311,0.124,-0.03,1.988,9.29,OFF,PAPER,0
35.48,MANUAL,IDLE,,0,0.0,29.837,-7.935,1.2,3.068,-0.878,0.0,0.0,-0.2,0.1,0.211,-0.371,-0.035,1.99,9.67,OFF,PAPER,0
35.5,MANUAL,IDLE,,0,0.0,29.898,-7.953,1.2,3.058,-0.875,0.0,0.1,-0.0,0.1,0.414,0.338,0.114,1.994,10.36,OFF,PAPER,0
35.52,MANUAL,IDLE,,0,0.0,29.959,-7.971,1.2,3.052,-0.875,0.0,0.1,0.2,0.3,-0.056,0.341,0.182,1.972,11.51,OFF,PAPER,0
35.54,MANUAL,IDLE,,0,0.0,30.02,-7.988,1.2,3.047,-0.874,0.0,0.2,0.3,0.6,-0.259,0.206,0.262,1.99,13.7,OFF,PAPER,0
35.56,MANUAL,IDLE,,0,0.0,30.081,-8.006,1.2,3.049,-0.881,0.0,-0.0,0.2,0.9,0.378,0.274,0.202,1.972,8.18,OFF,PAPER,0
35.58,MANUAL,IDLE,,0,0.0,30.142,-8.023,1.2,3.041,-0.888,0.0,-0.1,0.4,1.0,-0.379,-0.182,0.1,2.003,12.3,OFF,PAPER,0
35.6,MANUAL,IDLE,,0,0.0,30.203,-8.041,1.2,3.038,-0.879,0.0,0.0,0.5,1.1,0.048,-0.151,0.066,1.988,11.77,OFF,PAPER,0
35.62,MANUAL,IDLE,,0,0.0,30.264,-8.059,1.2,3.036,-0.88,0.0,-0.0,0.4,1.2,0.096,-0.136,-0.016,1.979,8.29,OFF,PAPER,0
35.64,MANUAL,IDLE,,0,0.0,30.324,-8.076,1.2,3.031,-0.883,0.0,-0.1,0.5,1.2,-0.027,0.367,0.002,2.013,13.57,OFF,PAPER,0
35.66,MANUAL,IDLE,,0,0.0,30.385,-8.094,1.2,3.031,-0.887,0.0,-0.2,0.5,1.2,-0.481,-0.017,0.012,1.97,9.23,OFF,PAPER,0
35.68,MANUAL,IDLE,,0,0.0,30.446,-8.112,1.2,3.04,-0.886,0.0,-0.2,0.4,1.1,0.216,-0.397,0.012,2.006,12.53,OFF,PAPER,0
35.7,MANUAL,IDLE,,0,0.0,30.507,-8.129,1.2,3.047,-0.89,0.0,-0.4,0.2,1.2,0.028,-0.264,0.065,1.993,11.25,OFF,PAPER,0
35.72,MANUAL,IDLE,,0,0.0,30.568,-8.147,1.2,3.045,-0.891,0.0,-0.4,0.2,1.2,0.061,-0.019,0.03,1.982,14.02,OFF,PAPER,0
35.74,MANUAL,IDLE,,0,0.0,30.628,-8.165,1.2,3.044,-0.888,0.0,-0.3,0.2,1.3,-0.308,0.047,0.043,2.005,12.18,OFF,PAPER,0
35.76,MANUAL,IDLE,,0,0.0,30.689,-8.183,1.2,3.038,-0.885,0.0,-0.3,0.3,1.3,0.297,0.352,0.064,1.987,12.3,OFF,PAPER,0
35.78,MANUAL,IDLE,,0,0.0,30.75,-8.2,1.2,3.038,-0.883,0.0,-0.3,0.4,1.4,0.188,0.076,0.04,1.976,7.49,OFF,PAPER,0
35.8,MANUAL,IDLE,,0,0.0,30.811,-8.218,1.2,3.038,-0.875,0.0,-0.2,0.4,1.4,0.17,0.042,0.049,1.972,6.52,OFF,PAPER,0
35.82,MANUAL,IDLE,,0,0.0,30.872,-8.236,1.2,3.038,-0.877,0.0,-0.2,0.4,1.5,-0.006,0.012,-0.022,1.966,9.18,OFF,PAPER,0
35.84,MANUAL,IDLE,,0,0.0,30.932,-8.253,1.2,3.036,-0.874,0.0,-0.2,0.4,1.4,-0.084,0.097,-0.091,1.986,9.0,OFF,PAPER,0
35.86,MANUAL,IDLE,,0,0.0,30.993,-8.271,1.2,3.033,-0.877,0.0,-0.2,0.6,1.3,-0.187,0.056,0.016,2.031,18.0,OFF,PAPER,0
35.88,MANUAL,IDLE,,0,0.0,31.054,-8.288,1.2,3.031,-0.88,0.0,-0.3,0.6,1.4,-0.135,0.042,0.023,1.994,14.69,OFF,PAPER,0
35.9,MANUAL,IDLE,,0,0.0,31.114,-8.306,1.2,3.028,-0.885,0.0,-0.4,0.7,1.3,0.178,-0.072,-0.116,1.999,11.15,OFF,PAPER,0
35.92,MANUAL,IDLE,,0,0.0,31.175,-8.323,1.2,3.028,-0.879,0.0,-0.4,0.7,1.1,0.126,-0.445,-0.072,1.975,9.58,OFF,PAPER,0
35.94,MANUAL,IDLE,,0,0.0,31.235,-8.341,1.2,3.035,-0.879,0.0,-0.4,0.6,1.0,0.353,0.171,-0.146,1.987,9.83,OFF,PAPER,0
35.96,MANUAL,IDLE,,0,0.0,31.296,-8.359,1.2,3.041,-0.871,0.0,-0.3,0.6,0.8,0.222,-0.034,-0.233,1.996,10.61,OFF,PAPER,0
35.98,MANUAL,IDLE,,0,0.0,31.357,-8.376,1.2,3.035,-0.869,0.0,-0.2,0.7,0.5,0.124,-0.086,-0.189,2.001,12.35,OFF,PAPER,0
36.0,MANUAL,IDLE,,0,0.0,31.418,-8.393,1.2,3.043,-0.865,0.0,-0.1,0.6,0.4,-0.195,-0.039,-0.131,1.99,10.42,OFF,PAPER,0
36.02,MANUAL,IDLE,,0,0.0,31.478,-8.411,1.2,3.042,-0.857,0.0,0.0,0.6,0.2,0.256,-0.256,-0.096,2.002,11.69,OFF,PAPER,0
36.04,MANUAL,IDLE,,0,0.0,31.539,-8.428,1.2,3.047,-0.855,0.0,0.1,0.6,0.1,0.023,-0.045,-0.038,1.982,8.33,OFF,PAPER,0
36.06,MANUAL,IDLE,,0,0.0,31.6,-8.445,1.2,3.052,-0.853,0.0,0.1,0.5,0.1,-0.156,-0.133,-0.004,2.003,14.54,OFF,PAPER,0
36.08,MANUAL,IDLE,,0,0.0,31.661,-8.462,1.2,3.056,-0.85,0.0,0.1,0.3,0.1,-0.302,0.489,-0.009,1.977,7.57,OFF,PAPER,0
36.1,MANUAL,IDLE,,0,0.0,31.723,-8.479,1.2,3.058,-0.859,0.0,-0.1,0.4,0.1,0.206,-0.141,-0.058,2.012,12.84,OFF,PAPER,0
36.12,MANUAL,IDLE,,0,0.0,31.784,-8.496,1.2,3.059,-0.85,0.0,0.1,0.4,0.1,0.04,0.125,-0.056,2.024,14.27,OFF,PAPER,0
36.14,MANUAL,IDLE,,0,0.0,31.845,-8.513,1.2,3.061,-0.856,0.0,0.0,0.4,0.1,0.072,0.019,-0.018,1.985,12.98,OFF,PAPER,0
36.16,MANUAL,IDLE,,0,0.0,31.906,-8.53,1.2,3.065,-0.86,0.0,0.0,0.4,0.1,0.488,-0.365,-0.035,2.009,14.14,OFF,PAPER,0
36.18,MANUAL,IDLE,,0,0.0,31.968,-8.547,1.2,3.069,-0.852,0.0,0.3,0.4,0.2,0.16,-0.088,0.098,2.004,15.88,OFF,PAPER,0
36.2,MANUAL,IDLE,,0,0.0,32.029,-8.564,1.2,3.065,-0.85,0.0,0.3,0.5,0.3,-0.234,-0.213,0.069,1.993,10.42,OFF,PAPER,0
36.22,MANUAL,IDLE,,0,0.0,32.09,-8.581,1.2,3.077,-0.844,0.0,0.4,0.3,0.3,-0.309,-0.125,0.009,1.98,11.54,OFF,PAPER,0
36.24,MANUAL,IDLE,,0,0.0,32.152,-8.598,1.2,3.076,-0.844,0.0,0.4,0.4,0.3,-0.335,-0.029,-0.033,1.984,8.49,OFF,PAPER,0
36.26,MANUAL,IDLE,,0,0.0,32.213,-8.615,1.2,3.07,-0.855,0.0,0.2,0.5,0.2,-0.388,-0.121,-0.054,2.019,16.49,OFF,PAPER,0
36.28,MANUAL,IDLE,,0,0.0,32.275,-8.632,1.2,3.077,-0.852,0.0,0.3,0.4,0.1,0.132,0.1,0.024,1.964,3.85,OFF,PAPER,0
36.3,MANUAL,IDLE,,0,0.0,32.336,-8.649,1.2,3.082,-0.861,0.0,0.1,0.4,0.1,-0.13,-0.016,-0.049,1.986,9.16,OFF,PAPER,0
36.32,MANUAL,IDLE,,0,0.0,32.398,-8.666,1.2,3.086,-0.862,0.0,0.0,0.4,0.1,-0.092,-0.06,-0.076,2.003,11.64,OFF,PAPER,0
36.34,MANUAL,IDLE,,0,0.0,32.46,-8.684,1.2,3.097,-0.853,0.0,0.2,0.3,-0.0,-0.064,-0.35,-0.07,1.984,13.32,OFF,PAPER,0
36.36,MANUAL,IDLE,,0,0.0,32.522,-8.701,1.2,3.1,-0.864,0.0,-0.0,0.3,-0.0,-0.21,-0.111,0.016,1.988,11.21,OFF,PAPER,0
36.38,MANUAL,IDLE,,0,0.0,32.584,-8.718,1.2,3.094,-0.858,0.0,0.0,0.5,0.0,0.269,0.091,0.098,1.967,7.0,OFF,PAPER,0
36.4,MANUAL,IDLE,,0,0.0,32.646,-8.735,1.2,3.103,-0.853,0.0,0.2,0.4,0.1,0.183,-0.109,0.102,1.998,12.75,OFF,PAPER,0
36.42,MANUAL,IDLE,,0,0.0,32.708,-8.752,1.2,3.103,-0.859,0.0,0.1,0.4,0.2,0.015,-0.193,0.042,1.981,11.89,OFF,PAPER,0
36.44,MANUAL,IDLE,,0,0.0,32.77,-8.769,1.2,3.113,-0.863,0.0,0.0,0.2,0.3,-0.374,0.114,0.037,2.002,11.7,OFF,PAPER,0
36.46,MANUAL,IDLE,,0,0.0,32.832,-8.787,1.2,3.112,-0.872,0.0,-0.2,0.2,0.3,0.057,0.05,-0.067,1.988,11.43,OFF,PAPER,0
36.48,MANUAL,IDLE,,0,0.0,32.894,-8.804,1.2,3.105,-0.866,0.0,-0.1,0.2,0.2,-0.402,0.155,-0.04,2.004,12.88,OFF,PAPER,0
36.5,MANUAL,IDLE,,0,0.0,32.957,-8.822,1.2,3.106,-0.866,0.0,-0.1,0.3,0.2,0.11,0.074,0.073,1.981,14.48,OFF,PAPER,0
36.52,MANUAL,IDLE,,0,0.0,33.019,-8.839,1.2,3.109,-0.867,0.0,-0.1,0.3,0.2,0.101,0.007,0.049,2.01,13.58,OFF,PAPER,0
36.54,MANUAL,IDLE,,0,0.0,33.081,-8.856,1.2,3.122,-0.862,0.0,0.0,0.2,0.2,0.008,-0.19,-0.023,1.963,5.16,OFF,PAPER,0
36.56,MANUAL,IDLE,,0,0.0,33.143,-8.873,1.2,3.122,-0.863,0.0,0.0,0.1,0.3,-0.136,-0.185,0.07,2.001,12.35,OFF,PAPER,0
36.58,MANUAL,IDLE,,0,0.0,33.206,-8.891,1.2,3.127,-0.864,0.0,0.1,-0.0,0.3,-0.154,0.019,0.012,1.969,4.87,OFF,PAPER,0
36.6,MANUAL,IDLE,,0,0.0,33.268,-8.908,1.2,3.127,-0.866,0.0,0.0,0.0,0.3,0.083,-0.009,-0.045,1.997,10.72,OFF,PAPER,0
36.62,MANUAL,IDLE,,0,0.0,33.331,-8.925,1.2,3.128,-0.859,0.0,0.1,-0.0,0.2,0.108,0.248,-0.034,2.002,13.02,OFF,PAPER,0
36.64,MANUAL,IDLE,,0,0.0,33.394,-8.942,1.2,3.132,-0.856,0.0,0.2,-0.0,0.2,-0.17,0.089,-0.06,1.988,10.89,OFF,PAPER,0
36.66,MANUAL,IDLE,,0,0.0,33.456,-8.96,1.2,3.124,-0.861,0.0,0.2,0.1,0.2,-0.31,0.042,0.029,1.987,12.3,OFF,PAPER,0
36.68,MANUAL,IDLE,,0,0.0,33.518,-8.977,1.2,3.116,-0.868,0.001,0.1,0.3,0.2,-0.231,-0.044,-0.028,2.004,11.66,OFF,PAPER,0
36.7,MANUAL,IDLE,,0,0.0,33.581,-8.994,1.2,3.119,-0.857,0.002,0.3,0.3,0.1,0.194,0.258,-0.182,1.982,10.15,OFF,PAPER,0
36.72,MANUAL,IDLE,,0,0.0,33.643,-9.011,1.2,3.122,-0.861,0.003,0.2,0.3,-0.1,0.039,-0.254,-0.167,2.018,16.37,OFF,PAPER,0
36.74,MANUAL,IDLE,,0,0.0,33.706,-9.028,1.2,3.122,-0.86,0.004,0.2,0.2,-0.2,0.027,-0.14,-0.112,2.004,10.44,OFF,PAPER,0
36.76,MANUAL,IDLE,,0,0.0,33.768,-9.046,1.2,3.117,-0.856,0.005,0.4,0.3,-0.3,-0.083,0.218,-0.062,1.992,8.58,OFF,PAPER,0
36.78,MANUAL,IDLE,,0,0.0,33.83,-9.063,1.2,3.109,-0.855,0.005,0.4,0.4,-0.3,-0.0,-0.07,0.015,1.994,8.98,OFF,PAPER,0
36.8,MANUAL,IDLE,,0,0.0,33.893,-9.08,1.2,3.124,-0.857,0.006,0.4,0.1,-0.3,0.041,-0.016,-0.017,1.97,7.71,OFF,PAPER,0
36.82,MANUAL,IDLE,,0,0.0,33.955,-9.097,1.201,3.125,-0.857,0.007,0.4,0.1,-0.3,-0.055,0.022,0.018,1.974,4.96,OFF,PAPER,0
36.84,MANUAL,IDLE,,0,0.0,34.018,-9.114,1.201,3.124,-0.85,0.007,0.4,0.1,-0.3,-0.041,0.014,-0.026,1.99,13.43,OFF,PAPER,0
36.86,MANUAL,IDLE,,0,0.0,34.08,-9.131,1.201,3.123,-0.858,0.008,0.3,0.2,-0.4,-0.255,-0.116,-0.085,1.978,9.1,OFF,PAPER,0
36.88,MANUAL,IDLE,,0,0.0,34.143,-9.148,1.201,3.119,-0.861,0.008,0.3,0.3,-0.5,0.285,0.308,-0.064,1.996,11.38,OFF,PAPER,0
36.9,MANUAL,IDLE,,0,0.0,34.205,-9.165,1.201,3.121,-0.857,0.009,0.3,0.3,-0.5,0.035,0.045,0.108,2.023,14.12,OFF,PAPER,0
36.92,MANUAL,IDLE,,0,0.0,34.267,-9.183,1.201,3.109,-0.852,0.009,0.3,0.4,-0.4,0.017,0.131,0.04,1.971,4.86,OFF,PAPER,0
36.94,MANUAL,IDLE,,0,0.0,34.33,-9.2,1.202,3.119,-0.856,0.01,0.3,0.3,-0.4,-0.306,-0.079,-0.027,1.99,15.28,OFF,PAPER,0
36.96,MANUAL,IDLE,,0,0.0,34.392,-9.217,1.202,3.121,-0.86,0.01,0.2,0.2,-0.4,0.361,0.051,0.002,1.974,10.45,OFF,PAPER,0
36.98,MANUAL,IDLE,,0,0.0,34.454,-9.234,1.202,3.123,-0.86,0.01,0.3,0.2,-0.4,-0.13,-0.119,0.015,1.998,11.44,OFF,PAPER,0
37.0,MANUAL,IDLE,,0,0.0,34.517,-9.251,1.202,3.121,-0.866,0.01,0.2,0.2,-0.4,0.207,0.113,-0.067,1.971,10.63,OFF,PAPER,0
37.02,MANUAL,IDLE,,0,0.0,34.579,-9.269,1.202,3.118,-0.859,0.011,0.3,0.2,-0.5,0.216,-0.053,-0.046,1.989,9.9,OFF,PAPER,0
37.04,MANUAL,IDLE,,0,0.0,34.641,-9.286,1.203,3.109,-0.853,0.011,0.4,0.3,-0.5,-0.037,-0.161,0.001,1.975,7.81,OFF,PAPER,0
37.06,MANUAL,IDLE,,0,0.0,0.0,-6.0,1.2,0.0,-0.0,0.0,-0.0,-0.0,0.0,-0.013,-0.02,0.002,2.02,13.84,OFF,PAPER,0
37.08,MANUAL,IDLE,,0,0.0,-0.0,-6.0,1.2,-0.005,-0.003,-0.0,0.0,0.1,0.0,-0.108,0.176,0.065,2.025,18.52,OFF,PAPER,0
37.1,MANUAL,IDLE,,0,0.0,-0.0,-6.0,1.2,-0.011,-0.008,-0.0,-0.1,0.4,0.1,-0.221,0.341,0.078,1.979,7.59,OFF,PAPER,0
37.12,MANUAL,IDLE,,0,0.0,-0.0,-6.0,1.2,-0.005,-0.011,0.0,-0.2,0.3,0.1,-0.253,-0.148,0.036,1.962,2.99,OFF,PAPER,0
37.14,MANUAL,IDLE,,0,0.0,-0.0,-6.001,1.2,-0.004,-0.017,0.0,-0.3,0.2,0.2,-0.205,0.095,-0.056,1.988,9.35,OFF,PAPER,0
37.16,MANUAL,IDLE,,0,0.0,-0.001,-6.001,1.2,-0.005,0.001,0.0,-0.1,0.2,0.1,0.24,0.191,-0.015,2.004,12.79,OFF,PAPER,0
37.18,MANUAL,IDLE,,0,0.0,-0.001,-6.001,1.2,-0.011,0.003,0.0,0.0,0.3,0.0,0.026,-0.067,-0.112,1.986,9.28,OFF,PAPER,0
37.2,MANUAL,IDLE,,0,0.0,-0.001,-6.001,1.2,0.005,-0.002,0.0,-0.1,0.1,-0.1,0.332,-0.021,-0.256,1.979,12.17,OFF,PAPER,0
37.22,MANUAL,IDLE,,0,0.0,-0.001,-6.001,1.2,-0.007,0.002,0.0,0.0,0.3,-0.4,-0.209,0.263,-0.281,1.962,5.17,OFF,PAPER,0
37.24,MANUAL,IDLE,,0,0.0,-0.001,-6.0,1.2,-0.015,0.005,0.0,0.2,0.4,-0.7,0.241,0.169,-0.119,1.99,10.1,OFF,PAPER,0
37.26,MANUAL,IDLE,,0,0.0,-0.001,-6.0,1.2,-0.01,0.001,0.0,0.0,0.4,-0.7,0.091,-0.124,-0.077,1.981,10.7,OFF,PAPER,0
37.28,MANUAL,IDLE,,0,0.0,-0.001,-6.0,1.2,0.0,0.018,0.0,0.4,0.3,-0.8,0.09,-0.209,-0.022,2.007,17.38,OFF,PAPER,0
37.3,MANUAL,IDLE,,0,0.0,-0.001,-6.0,1.2,-0.008,0.017,0.0,0.4,0.3,-0.8,-0.274,0.057,0.047,2.01,17.09,OFF,PAPER,0
37.32,MANUAL,IDLE,,0,0.0,-0.002,-6.0,1.2,-0.007,0.023,0.0,0.5,0.3,-0.7,0.197,-0.099,0.036,1.981,11.93,OFF,PAPER,0
37.34,MANUAL,IDLE,,0,0.0,-0.002,-5.999,1.2,0.004,0.006,0.0,0.2,0.0,-0.7,-0.374,0.074,0.038,1.993,10.11,OFF,PAPER,0
37.36,MANUAL,IDLE,,0,0.0,-0.001,-5.999,1.2,0.006,0.006,0.0,0.1,0.0,-0.6,0.028,-0.115,0.054,1.976,8.7,OFF,PAPER,0
37.38,MANUAL,IDLE,,0,0.0,-0.001,-5.999,1.2,0.01,0.004,0.0,0.1,-0.0,-0.6,-0.102,-0.479,-0.043,1.964,2.66,OFF,PAPER,0
37.4,MANUAL,IDLE,,0,0.0,-0.001,-5.999,1.2,0.014,0.008,0.0,0.2,-0.2,-0.7,0.034,-0.323,0.002,2.015,17.02,OFF,PAPER,0
37.42,MANUAL,IDLE,,0,0.0,-0.001,-5.999,1.2,0.013,0.013,0.0,0.3,-0.2,-0.7,0.193,-0.034,0.024,1.977,7.61,OFF,PAPER,0
37.44,MANUAL,IDLE,,0,0.0,-0.001,-5.998,1.2,0.012,0.016,0.0,0.5,-0.1,-0.7,0.041,-0.099,-0.061,1.998,12.06,OFF,PAPER,0
37.46,MANUAL,IDLE,,0,0.0,-0.0,-5.998,1.2,0.005,0.017,0.0,0.5,-0.0,-0.7,0.014,0.004,-0.039,1.968,4.55,OFF,PAPER,0
37.48,MANUAL,IDLE,,0,0.0,-0.0,-5.998,1.2,0.008,0.017,0.0,0.5,-0.0,-0.8,-0.338,0.149,-0.024,1.967,4.49,OFF,PAPER,0
37.5,MANUAL,IDLE,,0,0.0,-0.0,-5.997,1.2,0.011,0.009,0.0,0.4,-0.1,-0.9,-0.089,0.033,-0.125,2.001,16.8,OFF,PAPER,0
37.52,MANUAL,IDLE,,0,0.0,0.0,-5.997,1.2,0.011,0.01,0.0,0.3,-0.1,-1.1,-0.036,-0.194,-0.142,2.006,12.08,OFF,PAPER,0
37.54,MANUAL,IDLE,,0,0.0,0.0,-5.997,1.2,0.002,0.007,0.0,0.2,0.1,-1.2,0.052,0.144,-0.133,1.985,13.92,OFF,PAPER,0
37.56,MANUAL,IDLE,,0,0.0,0.0,-5.997,1.2,0.005,0.009,0.0,0.3,-0.0,-1.3,0.091,0.375,-0.142,1.984,8.79,OFF,PAPER,0
37.58,MANUAL,IDLE,,0,0.0,0.0,-5.997,1.2,0.008,0.001,0.0,0.2,-0.0,-1.5,0.072,-0.016,-0.138,1.999,16.34,OFF,PAPER,0
37.6,MANUAL,IDLE,,0,0.0,0.001,-5.997,1.2,0.006,-0.002,0.0,0.3,0.0,-1.6,-0.007,0.431,-0.058,1.989,14.28,OFF,PAPER,0
37.62,MANUAL,IDLE,,0,0.0,0.001,-5.997,1.2,-0.002,0.001,0.0,0.4,0.2,-1.7,0.165,-0.292,0.038,1.97,8.42,OFF,PAPER,0
37.64,MANUAL,IDLE,,0,0.0,0.001,-5.997,1.2,0.002,0.009,0.0,0.6,0.1,-1.6,0.142,-0.188,0.05,1.979,7.62,OFF,PAPER,0
37.66,MANUAL,IDLE,,0,0.0,0.001,-5.997,1.2,0.007,0.007,0.0,0.5,-0.0,-1.6,0.099,-0.098,-0.013,1.974,7.18,OFF,PAPER,0
37.68,MANUAL,IDLE,,0,0.0,0.001,-5.996,1.2,0.011,0.005,0.0,0.5,-0.1,-1.5,-0.059,0.142,0.006,2.018,15.48,OFF,PAPER,0
37.7,MANUAL,IDLE,,0,0.0,0.001,-5.996,1.2,0.014,-0.003,0.0,0.3,-0.0,-1.6,-0.387,-0.145,-0.047,1.998,14.71,OFF,PAPER,0
37.72,MANUAL,IDLE,,0,0.0,0.001,-5.997,1.2,0.012,-0.003,0.0,0.3,-0.0,-1.6,-0.023,-0.161,0.001,1.981,9.37,OFF,PAPER,0
37.74,MANUAL,IDLE,,0,0.0,0.002,-5.997,1.2,0.015,-0.001,0.0,0.3,-0.1,-1.5,0.167,0.242,0.031,1.984,8.5,OFF,PAPER,0
37.76,MANUAL,IDLE,,0,0.0,0.002,-5.997,1.2,0.015,-0.009,0.0,0.2,-0.1,-1.5,-0.46,-0.064,-0.079,2.004,13.36,OFF,PAPER,0
37.78,MANUAL,IDLE,,0,0.0,0.002,-5.997,1.2,0.012,-0.014,0.0,0.0,-0.1,-1.6,-0.073,-0.051,-0.042,1.977,8.93,OFF,PAPER,0
37.8,MANUAL,IDLE,,0,0.0,0.002,-5.997,1.2,0.009,-0.015,0.0,-0.0,-0.0,-1.6,-0.073,-0.478,-0.038,1.962,11.62,OFF,PAPER,0
37.82,MANUAL,IDLE,,0,0.0,0.003,-5.997,1.2,-0.0,-0.014,0.0,-0.1,0.0,-1.6,0.337,0.148,-0.076,2.005,12.21,OFF,PAPER,0
37.84,MANUAL,IDLE,,0,0.0,0.003,-5.998,1.2,0.002,-0.018,0.0,-0.0,0.0,-1.8,-0.082,-0.033,-0.148,1.982,8.27,OFF,PAPER,0
37.86,MANUAL,IDLE,,0,0.0,0.003,-5.998,1.2,0.01,-0.027,0.0,-0.2,-0.1,-1.9,-0.148,-0.106,-0.085,1.99,11.57,OFF,PAPER,0
37.88,MANUAL,IDLE,,0,0.0,0.003,-5.999,1.2,0.019,-0.028,0.0,-0.3,-0.2,-2.0,-0.195,-0.261,-0.098,1.994,14.68,OFF,PAPER,0
37.9,MANUAL,IDLE,,0,0.0,0.003,-5.999,1.2,0.021,-0.027,0.0,-0.2,-0.2,-2.1,0.019,-0.29,-0.104,2.004,13.54,OFF,PAPER,0
37.92,MANUAL,IDLE,,0,0.0,0.004,-6.0,1.2,0.021,-0.04,0.0,-0.4,-0.3,-2.2,0.111,-0.067,-0.113,1.994,11.76,OFF,PAPER,0
37.94,MANUAL,IDLE,,0,0.0,0.004,-6.001,1.2,0.025,-0.036,0.0,-0.4,-0.4,-2.3,-0.067,-0.212,-0.097,1.997,12.99,OFF,PAPER,0
37.96,MANUAL,IDLE,,0,0.0,0.005,-6.002,1.2,0.026,-0.041,0.0,-0.4,-0.4,-2.4,-0.174,-0.18,-0.064,2.012,12.95,OFF,PAPER,0
37.98,MANUAL,IDLE,,0,0.0,0.005,-6.002,1.2,0.023,-0.048,0.0,-0.6,-0.4,-2.4,0.19,-0.074,0.018,1.99,9.99,OFF,PAPER,0
38.0,MANUAL,IDLE,,0,0.0,0.006,-6.003,1.2,0.025,-0.049,0.0,-0.6,-0.5,-2.4,-0.0,0.167,0.073,2.001,15.66,OFF,PAPER,0
38.02,MANUAL,IDLE,,0,0.0,0.006,-6.004,1.2,0.027,-0.058,0.0,-0.8,-0.5,-2.4,0.123,-0.131,-0.035,1.972,10.78,OFF,PAPER,0
38.04,MANUAL,IDLE,,0,0.0,0.007,-6.006,1.2,0.016,-0.046,0.0,-0.7,-0.3,-2.4,0.143,-0.178,0.062,1.986,12.4,OFF,PAPER,0
38.06,MANUAL,IDLE,,0,0.0,0.007,-6.006,1.2,0.001,-0.046,0.0,-0.6,-0.1,-2.3,-0.067,0.24,0.039,1.995,11.58,OFF,PAPER,0
38.08,MANUAL,IDLE,,0,0.0,0.007,-6.007,1.2,-0.007,-0.045,0.0,-0.7,-0.0,-2.3,-0.126,-0.141,0.006,1.996,10.64,OFF,PAPER,0
38.1,MANUAL,IDLE,,0,0.0,0.007,-6.008,1.2,-0.007,-0.04,0.0,-0.6,-0.1,-2.3,0.27,0.037,0.068,1.999,12.26,OFF,PAPER,0
38.12,MANUAL,IDLE,,0,0.0,0.006,-6.009,1.2,-0.008,-0.025,0.0,-0.4,-0.1,-2.2,0.061,0.092,0.116,2.0,11.33,OFF,PAPER,0
38.14,MANUAL,IDLE,,0,0.0,0.006,-6.009,1.2,-0.009,-0.021,0.0,-0.3,-0.1,-2.1,0.117,-0.043,0.064,2.0,11.55,OFF,PAPER,0
38.16,MANUAL,IDLE,,0,0.0,0.006,-6.01,1.2,-0.006,-0.014,0.0,-0.2,-0.2,-2.0,0.158,-0.002,0.016,2.022,14.04,OFF,PAPER,0
38.18,MANUAL,IDLE,,0,0.0,0.006,-6.01,1.2,-0.013,-0.004,0.0,-0.1,-0.1,-2.0,-0.015,-0.094,-0.055,1.976,7.58,OFF,PAPER,0
38.2,MANUAL,IDLE,,0,0.0,0.006,-6.01,1.2,-0.02,-0.005,0.0,-0.2,-0.1,-2.1,-0.104,0.115,-0.087,2.01,17.5,OFF,PAPER,0
38.22,MANUAL,IDLE,,0,0.0,0.005,-6.01,1.2,-0.02,-0.003,0.0,-0.2,-0.1,-2.2,0.244,-0.007,-0.115,1.965,4.33,OFF,PAPER,0
38.24,MANUAL,IDLE,,0,0.0,0.005,-6.01,1.2,-0.015,0.001,0.0,-0.1,-0.2,-2.3,0.137,-0.176,-0.028,1.996,11.29,OFF,PAPER,0
38.26,MANUAL,IDLE,,0,0.0,0.005,-6.01,1.2,-0.008,0.006,0.0,-0.1,-0.4,-2.3,0.257,0.028,0.013,1.975,8.42,OFF,PAPER,0
38.28,MANUAL,IDLE,,0,0.0,0.004,-6.01,1.2,-0.014,0.004,0.0,-0.0,-0.3,-2.4,-0.157,-0.359,-0.03,1.985,9.12,OFF,PAPER,0
38.3,MANUAL,IDLE,,0,0.0,0.004,-6.01,1.2,-0.0,0.002,0.0,-0.0,-0.6,-2.4,-0.164,-0.376,-0.041,1.984,9.88,OFF,PAPER,0
38.32,MANUAL,IDLE,,0,0.0,0.004,-6.01,1.2,-0.003,-0.004,0.0,0.0,-0.6,-2.5,0.083,-0.146,-0.001,2.006,16.78,OFF,PAPER,0
38.34,MANUAL,IDLE,,0,0.0,0.004,-6.01,1.2,-0.003,-0.002,0.0,-0.3,-0.6,-2.5,-0.49,0.065,0.008,2.013,27.47,OFF,PAPER,0
38.36,MANUAL,IDLE,,0,0.0,0.004,-6.01,1.2,-0.006,0.002,0.0,-1.1,-0.5,-2.5,-0.882,0.076,-0.009,1.988,29.47,OFF,PAPER,0
38.38,MANUAL,IDLE,,0,0.0,0.004,-6.01,1.2,-0.006,0.003,0.0,-2.1,-0.5,-2.6,-1.031,0.076,-0.036,1.963,20.91,OFF,PAPER,0
38.4,MANUAL,IDLE,,0,0.0,0.004,-6.009,1.2,-0.013,0.021,0.0,-2.9,-0.4,-2.6,-0.937,0.357,-0.047,2.006,11.92,OFF,PAPER,0
38.42,MANUAL,IDLE,,0,0.0,0.003,-6.009,1.2,-0.011,0.03,0.0,-4.0,-0.3,-2.7,-0.678,-0.056,-0.129,1.979,24.39,OFF,PAPER,0
38.44,MANUAL,IDLE,,0,0.0,0.003,-6.008,1.2,-0.001,0.04,0.0,-5.0,-0.5,-2.8,-1.056,-0.28,-0.11,1.995,24.53,OFF,PAPER,0
38.46,MANUAL,IDLE,,0,0.0,0.003,-6.007,1.2,-0.011,0.068,0.0,-5.8,-0.4,-2.9,-0.626,0.279,-0.062,1.968,19.58,OFF,PAPER,0
38.48,MANUAL,IDLE,,0,0.0,0.003,-6.006,1.2,-0.017,0.081,0.0,-6.3,-0.3,-2.9,-0.011,-0.069,0.031,1.978,5.92,OFF,PAPER,0
38.5,MANUAL,IDLE,,0,0.0,0.002,-6.004,1.2,-0.017,0.104,0.0,-6.2,-0.3,-2.9,0.156,-0.157,-0.025,1.972,10.37,OFF,PAPER,0
38.52,MANUAL,IDLE,,0,0.0,0.002,-6.002,1.2,-0.022,0.133,0.0,-5.9,-0.2,-2.9,0.624,-0.08,0.084,2.023,14.12,OFF,PAPER,0
38.54,MANUAL,IDLE,,0,0.0,0.002,-5.999,1.2,-0.022,0.157,0.0,-5.6,-0.2,-2.8,0.46,-0.21,0.121,2.073,19.4,OFF,PAPER,0
38.56,MANUAL,IDLE,,0,0.0,0.001,-5.995,1.2,-0.018,0.175,0.0,-5.3,-0.2,-2.6,0.103,-0.035,0.147,2.1,22.16,OFF,PAPER,0
38.58,MANUAL,IDLE,,0,0.0,0.001,-5.992,1.2,-0.007,0.194,0.0,-4.9,-0.4,-2.4,-0.136,0.136,0.208,1.986,8.82,OFF,PAPER,0
38.6,MANUAL,IDLE,,0,0.0,0.001,-5.987,1.2,-0.006,0.219,0.0,-4.6,-0.4,-2.3,0.2,-0.103,0.045,1.985,11.61,OFF,PAPER,0
38.62,MANUAL,IDLE,,0,0.0,0.001,-5.983,1.2,-0.008,0.228,0.0,-4.5,-0.3,-2.2,0.018,0.322,0.032,2.047,16.6,OFF,PAPER,0
38.64,MANUAL,IDLE,,0,0.0,0.0,-5.978,1.2,-0.014,0.248,0.0,-4.2,-0.2,-2.2,0.15,-0.135,-0.023,1.969,5.02,OFF,PAPER,0
38.66,MANUAL,IDLE,,0,0.0,0.0,-5.973,1.2,-0.013,0.264,0.0,-4.0,-0.2,-2.3,0.451,-0.036,-0.035,1.965,6.04,OFF,PAPER,0
38.68,MANUAL,IDLE,,0,0.0,-0.0,-5.968,1.2,-0.005,0.28,0.0,-3.7,-0.4,-2.3,0.242,-0.193,-0.02,1.98,8.16,OFF,PAPER,0
38.7,MANUAL,IDLE,,0,0.0,-0.0,-5.962,1.2,-0.01,0.302,0.0,-3.3,-0.3,-2.3,0.193,-0.172,-0.026,1.978,9.85,OFF,PAPER,0
38.72,MANUAL,IDLE,,0,0.0,-0.0,-5.956,1.2,-0.01,0.316,0.0,-3.0,-0.3,-2.4,0.235,-0.001,-0.094,2.027,18.03,OFF,PAPER,0
38.74,MANUAL,IDLE,,0,0.0,-0.001,-5.949,1.2,-0.015,0.324,0.0,-2.9,-0.2,-2.4,-0.057,0.041,0.016,2.029,16.42,OFF,PAPER,0
38.76,MANUAL,IDLE,,0,0.0,-0.001,-5.943,1.2,-0.018,0.334,0.0,-2.7,-0.1,-2.4,0.064,0.191,-0.09,2.024,14.28,OFF,PAPER,0
38.78,MANUAL,IDLE,,0,0.0,-0.001,-5.936,1.2,-0.018,0.346,0.0,-2.6,-0.0,-2.5,0.416,-0.199,-0.049,1.984,11.61,OFF,PAPER,0
38.8,MANUAL,IDLE,,0,0.0,-0.002,-5.929,1.2,-0.02,0.351,0.0,-2.6,-0.1,-2.6,0.095,0.056,-0.029,1.995,10.88,OFF,PAPER,0
38.82,MANUAL,IDLE,,0,0.0,-0.002,-5.922,1.2,-0.023,0.359,0.0,-2.5,-0.1,-2.6,-0.175,-0.298,0.053,1.981,8.51,OFF,PAPER,0
38.84,MANUAL,IDLE,,0,0.0,-0.003,-5.914,1.2,-0.029,0.374,0.0,-2.3,0.0,-2.4,0.263,-0.085,0.156,2.015,16.65,OFF,PAPER,0
38.86,MANUAL,IDLE,,0,0.0,-0.003,-5.907,1.2,-0.029,0.385,0.0,-2.0,0.1,-2.3,-0.057,-0.211,0.087,1.996,11.03,OFF,PAPER,0
38.88,MANUAL,IDLE,,0,0.0,-0.004,-5.899,1.2,-0.02,0.403,0.0,-1.7,0.0,-2.2,0.41,-0.004,0.116,1.998,15.44,OFF,PAPER,0
38.9,MANUAL,IDLE,,0,0.0,-0.004,-5.891,1.2,-0.011,0.414,0.0,-1.5,-0.0,-2.0,0.219,-0.053,0.189,1.983,8.39,OFF,PAPER,0
38.92,MANUAL,IDLE,,0,0.0,-0.004,-5.882,1.2,-0.017,0.43,0.0,-1.3,0.1,-1.8,0.453,0.318,0.069,2.0,13.46,OFF,PAPER,0
38.94,MANUAL,IDLE,,0,0.0,-0.005,-5.874,1.2,-0.017,0.43,0.0,-1.2,0.1,-1.8,-0.091,-0.188,0.019,1.989,13.79,OFF,PAPER,0
38.96,MANUAL,IDLE,,0,0.0,-0.005,-5.865,1.2,-0.014,0.44,0.0,-1.1,0.1,-1.7,-0.312,-0.248,0.012,1.966,3.92,OFF,PAPER,0
38.98,MANUAL,IDLE,,0,0.0,-0.005,-5.856,1.2,-0.012,0.444,0.0,-1.1,0.1,-1.7,0.172,0.108,0.007,2.029,14.74,OFF,PAPER,0
39.0,MANUAL,IDLE,,0,0.0,-0.005,-5.847,1.2,-0.014,0.44,0.0,-1.1,0.1,-1.7,-0.36,-0.011,0.025,2.028,15.35,OFF,PAPER,0
39.02,MANUAL,IDLE,,0,0.0,-0.006,-5.838,1.2,-0.012,0.452,0.0,-1.0,0.2,-1.7,0.239,-0.038,-0.06,2.003,16.01,OFF,PAPER,0
39.04,MANUAL,IDLE,,0,0.0,-0.006,-5.829,1.2,-0.01,0.456,0.0,-0.9,0.2,-1.8,-0.016,-0.024,-0.071,2.0,13.96,OFF,PAPER,0
39.06,MANUAL,IDLE,,0,0.0,-0.006,-5.82,1.2,-0.014,0.468,0.0,-0.7,0.3,-1.9,0.14,0.238,-0.121,2.033,15.72,OFF,PAPER,0
39.08,MANUAL,IDLE,,0,0.0,-0.006,-5.811,1.2,-0.011,0.464,0.0,-0.7,0.3,-2.1,-0.231,-0.172,-0.19,1.981,12.64,OFF,PAPER,0
39.1,MANUAL,IDLE,,0,0.0,-0.007,-5.801,1.2,-0.013,0.465,0.0,-0.7,0.3,-2.2,0.041,-0.128,-0.011,2.045,18.49,OFF,PAPER,0
39.12,MANUAL,IDLE,,0,0.0,-0.007,-5.792,1.2,-0.013,0.47,0.0,-0.7,0.3,-2.2,0.021,-0.033,-0.047,1.99,10.6,OFF,PAPER,0
39.14,MANUAL,IDLE,,0,0.0,-0.007,-5.783,1.2,-0.01,0.472,0.0,-0.7,0.1,-2.2,0.227,0.11,-0.016,2.001,11.51,OFF,PAPER,0
39.16,MANUAL,IDLE,,0,0.0,-0.007,-5.773,1.2,-0.003,0.466,0.0,-0.8,-0.0,-2.3,0.054,-0.191,-0.041,2.008,12.35,OFF,PAPER,0
39.18,MANUAL,IDLE,,0,0.0,-0.007,-5.764,1.2,0.007,0.466,0.0,-0.8,-0.2,-2.3,-0.282,-0.267,0.025,1.977,10.31,OFF,PAPER,0
39.2,MANUAL,IDLE,,0,0.0,-0.007,-5.755,1.2,0.001,0.471,0.0,-0.7,-0.1,-2.1,0.09,0.116,0.171,1.964,6.98,OFF,PAPER,0
39.22,MANUAL,IDLE,,0,0.0,-0.007,-5.745,1.2,-0.003,0.468,0.0,-0.7,0.1,-1.9,-0.026,0.254,0.225,1.972,11.69,OFF,PAPER,0
39.24,MANUAL,IDLE,,0,0.0,-0.007,-5.736,1.2,-0.005,0.464,0.0,-0.8,0.2,-1.7,-0.13,-0.248,0.126,1.997,12.25,OFF,PAPER,0
39.26,MANUAL,IDLE,,0,0.0,-0.007,-5.727,1.2,-0.013,0.465,0.0,-0.9,0.2,-1.5,-0.102,0.031,0.172,1.965,3.36,OFF,PAPER,0
39.28,MANUAL,IDLE,,0,0.0,-0.008,-5.717,1.2,-0.013,0.465,0.0,-0.9,0.1,-1.3,0.186,-0.084,0.145,1.972,13.66,OFF,PAPER,0
39.3,MANUAL,IDLE,,0,0.0,-0.008,-5.708,1.2,-0.011,0.463,0.0,-1.0,0.1,-1.2,0.268,-0.014,0.124,1.967,6.57,OFF,PAPER,0
39.32,MANUAL,IDLE,,0,0.0,-0.008,-5.699,1.2,-0.013,0.464,0.0,-1.0,0.1,-1.1,0.016,0.323,0.038,1.973,6.1,OFF,PAPER,0
39.34,MANUAL,IDLE,,0,0.0,-0.008,-5.69,1.2,-0.017,0.471,0.0,-0.9,0.1,-1.0,0.211,0.126,0.141,1.987,11.44,OFF,PAPER,0
39.36,MANUAL,IDLE,,0,0.0,-0.009,-5.68,1.2,-0.015,0.471,0.0,-1.0,0.1,-0.8,0.339,-0.189,0.209,1.976,9.19,OFF,PAPER,0
39.38,MANUAL,IDLE,,0,0.0,-0.009,-5.671,1.2,-0.013,0.474,0.0,-0.9,0.1,-0.5,0.202,0.159,0.192,2.03,20.0,OFF,PAPER,0
39.4,MANUAL,IDLE,,0,0.0,-0.009,-5.661,1.2,-0.008,0.482,0.0,-0.6,0.0,-0.4,0.225,-0.401,0.083,1.973,11.82,OFF,PAPER,0
39.42,MANUAL,IDLE,,0,0.0,-0.009,-5.651,1.2,-0.01,0.491,0.0,-0.4,-0.1,-0.3,0.036,-0.035,0.036,1.99,14.35,OFF,PAPER,0
39.44,MANUAL,IDLE,,0,0.0,-0.009,-5.641,1.2,-0.003,0.496,0.0,-0.2,-0.2,-0.3,0.01,-0.133,-0.001,1.963,4.69,OFF,PAPER,0
39.46,MANUAL,IDLE,,0,0.0,-0.01,-5.632,1.2,-0.009,0.489,0.0,-0.4,-0.1,-0.3,-0.266,0.202,-0.073,1.997,10.73,OFF,PAPER,0
39.48,MANUAL,IDLE,,0,0.0,-0.01,-5.622,1.2,-0.005,0.494,0.0,-0.5,-0.1,-0.4,-0.091,-0.143,-0.081,1.971,6.8,OFF,PAPER,0
39.5,MANUAL,IDLE,,0,0.0,-0.01,-5.612,1.2,-0.005,0.492,0.0,-0.5,-0.1,-0.6,0.243,-0.013,-0.206,1.963,6.25,OFF,PAPER,0
39.52,MANUAL,IDLE,,0,0.0,-0.01,-5.602,1.2,0.002,0.498,0.0,-0.4,-0.2,-0.8,0.462,-0.075,-0.144,1.999,11.45,OFF,PAPER,0
39.54,MANUAL,IDLE,,0,0.0,-0.01,-5.592,1.2,0.002,0.5,0.0,-0.3,-0.2,-0.9,0.354,-0.188,-0.065,1.992,10.64,OFF,PAPER,0
39.56,MANUAL,IDLE,,0,0.0,-0.01,-5.582,1.2,-0.001,0.5,0.0,-0.3,-0.2,-0.9,0.194,-0.166,-0.029,1.966,6.76,OFF,PAPER,0
39.58,MANUAL,IDLE,,0,0.0,-0.01,-5.572,1.2,-0.009,0.501,0.0,-0.3,0.1,-1.0,0.113,0.053,-0.003,1.971,10.08,OFF,PAPER,0
39.6,MANUAL,IDLE,,0,0.0,-0.01,-5.562,1.2,-0.015,0.491,0.0,-0.4,0.2,-1.0,-0.15,0.439,0.014,2.006,12.66,OFF,PAPER,0
39.62,MANUAL,IDLE,,0,0.0,-0.01,-5.552,1.2,-0.01,0.495,0.0,-0.3,0.2,-1.0,0.164,-0.192,0.06,1.962,3.1,OFF,PAPER,0
39.64,MANUAL,IDLE,,0,0.0,-0.011,-5.542,1.2,-0.012,0.495,0.0,-0.3,0.3,-0.9,-0.032,-0.242,0.085,1.971,6.52,OFF,PAPER,0
39.66,MANUAL,IDLE,,0,0.0,-0.011,-5.533,1.2,-0.018,0.492,0.0,-0.5,0.3,-0.8,-0.089,0.053,0.02,1.983,9.52,OFF,PAPER,0
39.68,MANUAL,IDLE,,0,0.0,-0.011,-5.523,1.2,-0.016,0.495,0.0,-0.4,0.4,-0.8,0.255,0.088,0.046,2.0,11.28,OFF,PAPER,0
39.7,MANUAL,IDLE,,0,0.0,-0.012,-5.513,1.2,-0.026,0.495,0.0,-0.5,0.5,-0.7,0.03,0.336,0.11,1.978,7.97,OFF,PAPER,0
39.72,MANUAL,IDLE,,0,0.0,-0.012,-5.503,1.2,-0.018,0.5,0.0,-0.4,0.5,-0.6,0.19,0.074,0.052,1.996,11.29,OFF,PAPER,0
39.74,MANUAL,IDLE,,0,0.0,-0.012,-5.493,1.2,-0.018,0.499,0.0,-0.3,0.5,-0.6,-0.181,-0.038,0.01,1.973,11.55,OFF,PAPER,0
39.76,MANUAL,IDLE,,0,0.0,-0.013,-5.483,1.2,-0.013,0.509,0.0,-0.3,0.5,-0.6,0.326,0.072,-0.063,1.987,13.7,OFF,PAPER,0
39.78,MANUAL,IDLE,,0,0.0,-0.013,-5.473,1.2,-0.015,0.499,0.0,-0.4,0.5,-0.7,-0.199,-0.17,-0.058,2.01,17.91,OFF,PAPER,0
39.8,MANUAL,IDLE,,0,0.0,-0.013,-5.463,1.2,-0.017,0.504,0.0,-0.3,0.5,-0.9,-0.185,-0.05,-0.157,1.998,14.26,OFF,PAPER,0
39.82,MANUAL,IDLE,,0,0.0,-0.014,-5.453,1.2,-0.021,0.512,0.0,-0.2,0.6,-1.1,0.085,0.016,-0.176,1.985,8.83,OFF,PAPER,0
39.84,MANUAL,IDLE,,0,0.0,-0.014,-5.442,1.2,-0.022,0.514,0.0,-0.1,0.7,-1.3,0.224,-0.231,-0.2,1.973,9.61,OFF,PAPER,0
39.86,MANUAL,IDLE,,0,0.0,-0.014,-5.432,1.2,-0.015,0.518,0.0,-0.1,0.6,-1.5,0.112,-0.355,-0.1,1.997,12.33,OFF,PAPER,0
39.88,MANUAL,IDLE,,0,0.0,-0.015,-5.422,1.2,-0.012,0.522,0.0,-0.1,0.5,-1.5,0.265,-0.369,-0.058,2.016,14.28,OFF,PAPER,0
39.9,MANUAL,IDLE,,0,0.0,-0.015,-5.411,1.2,0.001,0.517,0.0,-0.1,0.3,-1.5,0.064,-0.033,0.013,2.004,12.25,OFF,PAPER,0
39.92,MANUAL,IDLE,,0,0.0,-0.015,-5.401,1.2,0.0,0.52,0.0,-0.0,0.3,-1.5,0.154,0.251,-0.082,1.986,10.08,OFF,PAPER,0
39.94,MANUAL,IDLE,,0,0.0,-0.015,-5.391,1.2,-0.001,0.522,0.0,0.0,0.3,-1.5,-0.225,-0.138,0.081,1.974,11.95,OFF,PAPER,0
39.96,MANUAL,IDLE,,0,0.0,-0.015,-5.38,1.2,-0.0,0.527,0.0,0.1,0.3,-1.4,-0.002,-0.143,0.044,1.969,7.89,OFF,PAPER,0
39.98,MANUAL,IDLE,,0,0.0,-0.015,-5.37,1.2,-0.002,0.526,0.0,0.2,0.3,-1.3,0.192,0.162,0.057,1.972,5.76,OFF,PAPER,0
40.0,MANUAL,IDLE,,0,0.0,-0.015,-5.359,1.2,-0.013,0.525,0.0,0.1,0.5,-1.3,0.037,0.101,0.132,1.977,10.44,OFF,PAPER,0
40.02,MANUAL,IDLE,,0,0.0,-0.015,-5.349,1.2,-0.014,0.525,0.0,0.1,0.6,-1.2,0.136,0.107,0.004,1.988,10.97,OFF,PAPER,0
40.04,MANUAL,IDLE,,0,0.0,-0.016,-5.338,1.2,-0.012,0.522,0.0,0.1,0.7,-1.2,0.211,-0.08,-0.058,2.0,12.62,OFF,PAPER,0
40.06,MANUAL,IDLE,,0,0.0,-0.016,-5.328,1.2,-0.009,0.521,0.0,0.2,0.6,-1.3,-0.206,0.041,-0.056,1.963,3.22,OFF,PAPER,0
40.08,MANUAL,IDLE,,0,0.0,-0.016,-5.317,1.2,-0.008,0.524,0.0,0.2,0.6,-1.4,0.213,-0.03,-0.031,1.978,10.5,OFF,PAPER,0
40.1,MANUAL,IDLE,,0,0.0,-0.016,-5.307,1.2,-0.011,0.523,0.0,0.2,0.7,-1.5,0.319,-0.166,-0.054,1.985,13.12,OFF,PAPER,0
40.12,MANUAL,IDLE,,0,0.0,-0.016,-5.296,1.2,-0.008,0.518,0.0,0.0,0.6,-1.6,0.001,-0.143,-0.158,1.994,10.86,OFF,PAPER,0
40.14,MANUAL,IDLE,,0,0.0,-0.017,-5.286,1.2,-0.002,0.524,0.0,0.2,0.4,-1.8,0.052,-0.348,-0.172,2.013,12.94,OFF,PAPER,0
40.16,MANUAL,IDLE,,0,0.0,-0.016,-5.276,1.2,0.007,0.515,0.0,0.1,0.3,-1.9,-0.115,-0.185,-0.117,1.975,13.6,OFF,PAPER,0
40.18,MANUAL,IDLE,,0,0.0,-0.016,-5.265,1.2,0.01,0.524,0.0,0.3,0.2,-2.1,-0.043,-0.016,-0.112,2.005,12.01,OFF,PAPER,0
40.2,MANUAL,IDLE,,0,0.0,-0.016,-5.255,1.2,0.009,0.525,0.0,0.3,0.2,-2.1,-0.105,0.312,-0.055,1.979,11.35,OFF,PAPER,0
40.22,MANUAL,IDLE,,0,0.0,-0.016,-5.244,1.2,0.016,0.518,0.0,0.2,0.1,-2.1,-0.154,-0.235,0.055,1.986,10.88,OFF,PAPER,0
40.24,MANUAL,IDLE,,0,0.0,-0.015,-5.234,1.2,0.02,0.513,0.0,0.1,0.1,-2.2,-0.102,0.133,-0.122,2.026,22.02,OFF,PAPER,0
40.26,MANUAL,IDLE,,0,0.0,-0.015,-5.224,1.2,0.025,0.519,0.0,0.7,-0.0,-2.3,0.761,0.215,-0.044,2.011,28.3,OFF,PAPER,0
40.28,MANUAL,IDLE,,0,0.0,-0.015,-5.213,1.2,0.021,0.51,0.0,1.4,0.1,-2.3,0.606,0.262,0.032,1.972,16.47,OFF,PAPER,0
40.3,MANUAL,IDLE,,0,0.0,-0.014,-5.203,1.2,0.016,0.499,0.0,2.2,0.2,-2.1,0.924,-0.083,0.136,1.994,28.02,OFF,PAPER,0
40.32,MANUAL,IDLE,,0,0.0,-0.014,-5.193,1.2,0.013,0.487,0.0,3.0,0.1,-2.0,0.878,0.013,0.039,1.976,19.69,OFF,PAPER,0
40.34,MANUAL,IDLE,,0,0.0,-0.014,-5.184,1.2,0.016,0.483,0.0,4.1,0.1,-1.9,1.07,-0.397,0.117,2.011,21.59,OFF,PAPER,0
40.36,MANUAL,IDLE,,0,0.0,-0.013,-5.174,1.2,0.021,0.462,0.0,4.9,-0.1,-1.8,1.063,-0.122,0.08,1.98,18.56,OFF,PAPER,0
40.38,MANUAL,IDLE,,0,0.0,-0.013,-5.165,1.2,0.022,0.448,0.0,5.8,-0.2,-1.7,0.68,-0.076,0.043,2.044,5.31,OFF,PAPER,0
40.4,MANUAL,IDLE,,0,0.0,-0.012,-5.157,1.2,0.03,0.416,0.0,6.1,-0.2,-1.7,0.077,-0.194,0.075,1.999,7.93,OFF,PAPER,0
40.42,MANUAL,IDLE,,0,0.0,-0.012,-5.148,1.2,0.024,0.399,0.0,6.1,-0.2,-1.6,-0.242,-0.27,0.124,1.962,8.73,OFF,PAPER,0
40.44,MANUAL,IDLE,,0,0.0,-0.011,-5.141,1.2,0.021,0.381,0.0,5.9,-0.1,-1.4,0.043,-0.085,0.196,2.061,17.31,OFF,PAPER,0
40.46,MANUAL,IDLE,,0,0.0,-0.011,-5.133,1.2,0.015,0.362,0.0,5.7,-0.1,-1.1,-0.068,0.058,0.165,2.038,19.06,OFF,PAPER,0
40.48,MANUAL,IDLE,,0,0.0,-0.011,-5.126,1.2,0.013,0.346,0.0,5.5,-0.1,-1.0,-0.193,-0.267,0.097,2.014,13.37,OFF,PAPER,0
40.5,MANUAL,IDLE,,0,0.0,-0.011,-5.119,1.2,0.006,0.327,0.0,5.3,0.1,-0.9,-0.129,-0.132,0.025,2.015,23.39,OFF,PAPER,0
40.52,MANUAL,IDLE,,0,0.0,-0.01,-5.113,1.2,0.007,0.309,0.0,4.5,0.1,-0.9,-0.628,0.301,-0.071,2.019,29.46,OFF,PAPER,0
40.54,MANUAL,IDLE,,0,0.0,-0.01,-5.107,1.2,0.001,0.291,0.0,3.4,0.2,-0.9,-0.983,0.27,-0.001,1.972,28.86,OFF,PAPER,0
40.56,MANUAL,IDLE,,0,0.0,-0.01,-5.101,1.2,0.004,0.285,0.0,2.3,0.2,-1.0,-1.131,0.035,-0.005,1.966,24.58,OFF,PAPER,0
40.58,MANUAL,IDLE,,0,0.0,-0.01,-5.096,1.2,0.001,0.281,0.0,1.2,0.2,-1.0,-1.167,-0.2,-0.034,1.981,20.37,OFF,PAPER,0
40.6,MANUAL,IDLE,,0,0.0,-0.01,-5.09,1.2,0.003,0.283,0.0,0.2,0.1,-1.1,-0.525,0.363,-0.199,1.998,19.18,OFF,PAPER,0
40.62,MANUAL,IDLE,,0,0.0,-0.01,-5.084,1.2,0.001,0.279,0.0,-0.2,0.2,-1.3,-0.557,0.067,-0.243,1.981,10.78,OFF,PAPER,0
40.64,MANUAL,IDLE,,0,0.0,-0.01,-5.079,1.2,0.006,0.284,0.0,-0.3,0.2,-1.6,-0.506,-0.073,-0.227,2.031,17.1,OFF,PAPER,0
40.66,MANUAL,IDLE,,0,0.0,-0.01,-5.073,1.2,0.004,0.289,0.0,-0.3,0.3,-1.8,0.29,0.055,-0.099,1.999,14.14,OFF,PAPER,0
40.68,MANUAL,IDLE,,0,0.0,-0.01,-5.067,1.2,-0.006,0.284,0.0,-0.5,0.4,-1.9,0.086,0.234,-0.062,1.997,13.62,OFF,PAPER,0
40.7,MANUAL,IDLE,,0,0.0,-0.01,-5.061,1.2,-0.009,0.287,0.0,-0.5,0.5,-2.0,-0.294,-0.08,-0.077,1.966,7.18,OFF,PAPER,0
40.72,MANUAL,IDLE,,0,0.0,-0.01,-5.056,1.2,-0.008,0.29,0.0,-0.4,0.5,-2.1,0.218,0.172,-0.055,1.983,20.08,OFF,PAPER,0
40.74,MANUAL,IDLE,,0,0.0,-0.01,-5.05,1.2,-0.002,0.292,0.0,0.3,0.3,-2.0,0.77,-0.29,0.057,1.999,30.46,OFF,PAPER,0
40.76,MANUAL,IDLE,,0,0.0,-0.011,-5.044,1.2,-0.005,0.289,0.0,1.2,0.4,-2.0,0.734,0.016,0.031,1.963,20.84,OFF,PAPER,0
40.78,MANUAL,IDLE,,0,0.0,-0.011,-5.038,1.2,-0.004,0.281,0.0,2.1,0.4,-2.0,0.821,-0.098,0.03,1.994,15.97,OFF,PAPER,0
40.8,MANUAL,IDLE,,0,0.0,-0.011,-5.033,1.2,-0.01,0.273,0.0,3.2,0.4,-1.9,0.766,0.105,0.049,1.983,26.76,OFF,PAPER,0
40.82,MANUAL,IDLE,,0,0.0,-0.011,-5.027,1.2,0.002,0.263,0.0,4.0,0.2,-1.9,0.637,-0.119,0.03,1.991,18.09,OFF,PAPER,0
40.84,MANUAL,IDLE,,0,0.0,-0.011,-5.022,1.2,-0.002,0.25,0.0,4.3,0.3,-1.7,-0.078,-0.038,0.103,1.979,6.37,OFF,PAPER,0
40.86,MANUAL,IDLE,,0,0.0,-0.011,-5.017,1.2,-0.009,0.235,0.0,4.2,0.5,-1.6,-0.076,-0.032,0.097,1.967,2.83,OFF,PAPER,0
40.88,MANUAL,IDLE,,0,0.0,-0.011,-5.013,1.2,-0.008,0.223,0.0,4.2,0.5,-1.5,-0.159,-0.126,0.074,1.984,9.23,OFF,PAPER,0
40.9,MANUAL,IDLE,,0,0.0,-0.011,-5.009,1.2,-0.005,0.207,0.0,4.1,0.5,-1.4,-0.115,-0.036,0.162,2.052,18.21,OFF,PAPER,0
40.92,MANUAL,IDLE,,0,0.0,-0.011,-5.005,1.2,-0.006,0.195,0.0,3.9,0.4,-1.2,-0.443,0.187,0.167,2.032,16.14,OFF,PAPER,0
40.94,MANUAL,IDLE,,0,0.0,-0.012,-5.001,1.2,-0.016,0.18,0.0,3.7,0.6,-1.0,0.073,0.139,0.107,1.997,11.12,OFF,PAPER,0
40.96,MANUAL,IDLE,,0,0.0,-0.012,-4.997,1.2,-0.008,0.172,0.0,3.5,0.6,-0.9,-0.172,0.202,0.07,1.966,6.51,OFF,PAPER,0
40.98,MANUAL,IDLE,,0,0.0,-0.012,-4.994,1.2,-0.012,0.156,0.0,3.3,0.7,-0.8,-0.213,-0.077,0.149,2.002,13.73,OFF,PAPER,0
41.0,MANUAL,IDLE,,0,0.0,-0.012,-4.991,1.2,-0.014,0.149,0.0,3.2,0.6,-0.7,-0.411,0.124,-0.109,1.998,13.11,OFF,PAPER,0
41.02,MANUAL,IDLE,,0,0.0,-0.012,-4.988,1.2,-0.012,0.131,0.0,2.9,0.6,-0.8,-0.431,0.186,0.002,1.977,9.78,OFF,PAPER,0
41.04,MANUAL,IDLE,,0,0.0,-0.013,-4.986,1.2,-0.005,0.128,0.0,2.8,0.6,-0.8,0.228,0.034,-0.015,1.99,10.74,OFF,PAPER,0
41.06,MANUAL,IDLE,,0,0.0,-0.013,-4.983,1.2,-0.006,0.12,0.0,2.8,0.6,-0.8,0.22,0.276,0.025,1.992,12.59,OFF,PAPER,0
41.08,MANUAL,IDLE,,0,0.0,-0.013,-4.981,1.2,-0.012,0.111,0.0,2.7,0.7,-0.8,-0.055,0.232,0.048,1.998,12.79,OFF,PAPER,0
41.1,MANUAL,IDLE,,0,0.0,-0.013,-4.979,1.2,-0.013,0.099,0.0,2.4,0.7,-0.7,-0.146,-0.123,0.082,2.001,11.3,OFF,PAPER,0
41.12,MANUAL,IDLE,,0,0.0,-0.013,-4.977,1.2,-0.008,0.093,0.0,2.4,0.5,-0.7,-0.154,0.015,-0.011,2.017,13.59,OFF,PAPER,0
41.14,MANUAL,IDLE,,0,0.0,-0.013,-4.975,1.2,-0.008,0.09,0.0,2.3,0.5,-0.7,-0.009,0.072,-0.012,1.987,15.14,OFF,PAPER,0
41.16,MANUAL,IDLE,,0,0.0,-0.014,-4.973,1.2,-0.004,0.095,0.0,2.5,0.0,-0.7,0.084,-0.732,0.032,1.963,17.16,OFF,PAPER,0
41.18,MANUAL,IDLE,,0,0.0,-0.014,-4.971,1.2,-0.006,0.095,0.0,2.4,-0.8,-0.8,0.268,-0.831,-0.05,1.988,28.68,OFF,PAPER,0
41.2,MANUAL,IDLE,,0,0.0,-0.014,-4.97,1.2,-0.009,0.09,0.0,2.5,-1.7,-0.9,-0.149,-0.95,-0.015,1.99,16.53,OFF,PAPER,0
41.22,MANUAL,IDLE,,0,0.0,-0.014,-4.968,1.2,-0.012,0.083,0.0,2.2,-2.7,-0.9,0.141,-0.913,-0.031,1.964,25.87,OFF,PAPER,0
41.24,MANUAL,IDLE,,0,0.0,-0.014,-4.966,1.2,-0.021,0.069,0.0,2.1,-3.8,-1.0,-0.282,-0.615,-0.006,1.988,24.26,OFF,PAPER,0
41.26,MANUAL,IDLE,,0,0.0,-0.015,-4.965,1.2,-0.042,0.06,0.0,2.0,-4.6,-1.0,-0.335,-0.746,-0.064,1.998,16.45,OFF,PAPER,0
41.28,MANUAL,IDLE,,0,0.0,-0.016,-4.964,1.2,-0.06,0.047,0.0,1.7,-5.5,-1.1,-0.37,-0.53,-0.09,2.058,10.55,OFF,PAPER,0
41.3,MANUAL,IDLE,,0,0.0,-0.017,-4.963,1.2,-0.082,0.036,0.0,1.5,-6.3,-1.3,-0.171,-0.501,-0.094,1.977,21.74,OFF,PAPER,0
41.32,MANUAL,IDLE,,0,0.0,-0.019,-4.962,1.2,-0.108,0.037,0.0,1.4,-7.0,-1.4,0.024,-0.752,-0.155,2.005,13.87,OFF,PAPER,0
41.34,MANUAL,IDLE,,0,0.0,-0.022,-4.962,1.2,-0.139,0.028,0.0,1.3,-7.7,-1.6,-0.404,-0.33,-0.056,1.979,17.25,OFF,PAPER,0
41.36,MANUAL,IDLE,,0,0.0,-0.025,-4.961,1.2,-0.177,0.022,0.0,1.2,-8.2,-1.6,0.088,-0.492,0.038,2.014,14.82,OFF,PAPER,0
41.38,MANUAL,IDLE,,0,0.0,-0.029,-4.961,1.2,-0.207,0.017,0.0,1.1,-8.9,-1.7,0.087,-0.373,-0.05,2.114,2.02,OFF,PAPER,0
41.4,MANUAL,IDLE,,0,0.0,-0.033,-4.961,1.2,-0.241,0.008,0.0,0.9,-9.5,-1.7,-0.151,-0.378,-0.005,1.979,18.21,OFF,PAPER,0
41.42,MANUAL,IDLE,,0,0.0,-0.038,-4.96,1.2,-0.273,0.006,0.0,1.0,-10.1,-1.7,0.072,-0.489,0.024,2.019,11.4,OFF,PAPER,0
41.44,MANUAL,IDLE,,0,0.0,-0.044,-4.96,1.2,-0.304,0.0,0.0,0.8,-10.7,-1.8,-0.085,-0.457,-0.024,2.052,12.72,OFF,PAPER,0
41.46,MANUAL,IDLE,,0,0.0,-0.05,-4.96,1.2,-0.343,0.001,0.0,0.9,-11.3,-1.7,-0.39,-0.452,-0.002,1.966,20.48,OFF,PAPER,0
41.48,MANUAL,IDLE,,0,0.0,-0.058,-4.96,1.2,-0.391,-0.014,0.0,0.6,-11.8,-1.7,-0.583,-0.53,0.054,1.963,25.23,OFF,PAPER,0
41.5,MANUAL,IDLE,,0,0.0,-0.066,-4.961,1.2,-0.435,-0.004,0.0,0.7,-12.2,-1.7,0.218,-0.896,-0.009,2.026,19.12,OFF,PAPER,0
41.52,MANUAL,IDLE,,0,0.0,-0.075,-4.961,1.2,-0.472,-0.006,0.0,0.7,-12.9,-1.7,0.37,-0.109,-0.025,2.022,19.42,OFF,PAPER,0
41.54,MANUAL,IDLE,,0,0.0,-0.085,-4.961,1.2,-0.518,-0.006,0.0,0.7,-13.3,-1.6,-0.022,-0.616,0.09,2.002,17.1,OFF,PAPER,0
41.56,MANUAL,IDLE,,0,0.0,-0.096,-4.961,1.2,-0.562,-0.004,0.0,0.7,-13.9,-1.5,-0.326,-0.567,0.175,2.041,19.14,OFF,PAPER,0
41.58,MANUAL,IDLE,,0,0.0,-0.107,-4.961,1.2,-0.603,-0.007,0.0,0.5,-14.6,-1.3,-0.254,-0.689,0.269,1.972,17.22,OFF,PAPER,0
41.6,MANUAL,IDLE,,0,0.0,-0.12,-4.961,1.2,-0.663,0.004,0.0,0.7,-14.9,-1.1,0.293,0.022,0.077,2.107,10.19,OFF,PAPER,0
41.62,MANUAL,IDLE,,0,0.0,-0.134,-4.961,1.2,-0.716,-0.003,0.0,0.6,-15.3,-1.2,-0.178,-0.149,-0.002,2.073,13.86,OFF,PAPER,0
41.64,MANUAL,IDLE,,0,0.0,-0.149,-4.961,1.2,-0.766,-0.002,0.0,0.6,-15.7,-1.2,-0.04,-0.488,-0.056,2.0,20.07,OFF,PAPER,0
41.66,MANUAL,IDLE,,0,0.0,-0.165,-4.961,1.2,-0.818,-0.002,0.0,0.6,-16.2,-1.2,0.044,-0.369,0.028,2.157,15.6,OFF,PAPER,0
41.68,MANUAL,IDLE,,0,0.0,-0.182,-4.961,1.2,-0.881,-0.0,0.0,0.6,-16.5,-1.2,0.185,0.151,-0.017,2.069,4.8,OFF,PAPER,0
41.7,MANUAL,IDLE,,0,0.0,-0.2,-4.961,1.2,-0.943,0.002,0.0,0.6,-16.8,-1.2,0.356,0.001,-0.032,2.132,11.1,OFF,PAPER,0
41.72,MANUAL,IDLE,,0,0.0,-0.219,-4.961,1.2,-1.002,-0.004,0.0,0.5,-17.0,-1.3,-0.189,-0.303,-0.063,2.026,14.05,OFF,PAPER,0
41.74,MANUAL,IDLE,,0,0.0,-0.24,-4.961,1.2,-1.067,0.008,0.0,0.7,-17.3,-1.4,-0.013,-0.431,-0.138,2.183,8.62,OFF,PAPER,0
41.76,MANUAL,IDLE,,0,0.0,-0.262,-4.961,1.2,-1.134,-0.0,0.0,0.5,-17.6,-1.6,-0.13,-0.223,-0.195,2.059,8.85,OFF,PAPER,0
41.78,MANUAL,IDLE,,0,0.0,-0.285,-4.961,1.2,-1.2,-0.0,0.0,0.6,-17.8,-1.9,0.097,-0.063,-0.145,2.112,5.67,OFF,PAPER,0
41.8,MANUAL,IDLE,,0,0.0,-0.31,-4.961,1.2,-1.266,0.003,0.0,0.6,-18.0,-2.0,-0.226,-0.443,-0.069,2.033,18.82,OFF,PAPER,0
41.82,MANUAL,IDLE,,0,0.0,-0.336,-4.961,1.2,-1.324,0.008,0.0,0.7,-18.3,-2.1,-0.126,0.231,-0.047,2.044,9.11,OFF,PAPER,0
41.84,MANUAL,IDLE,,0,0.0,-0.363,-4.961,1.2,-1.389,0.009,0.0,0.8,-18.0,-2.2,0.146,0.329,-0.075,1.995,7.4,OFF,PAPER,0
41.86,MANUAL,IDLE,,0,0.0,-0.391,-4.961,1.2,-1.457,0.007,0.0,0.7,-17.4,-2.2,-0.287,0.674,-0.063,2.24,27.43,OFF,PAPER,0
41.88,MANUAL,IDLE,,0,0.0,-0.421,-4.961,1.2,-1.514,0.007,0.0,0.6,-16.7,-2.3,0.182,0.412,0.009,2.057,17.81,OFF,PAPER,0
41.9,MANUAL,IDLE,,0,0.0,-0.452,-4.96,1.2,-1.562,0.006,0.0,0.6,-16.1,-2.2,-0.096,0.888,0.123,2.066,18.12,OFF,PAPER,0
41.92,MANUAL,IDLE,,0,0.0,-0.483,-4.96,1.2,-1.619,0.008,0.0,0.6,-15.3,-2.0,-0.112,1.185,0.079,2.207,28.01,OFF,PAPER,0
41.94,MANUAL,IDLE,,0,0.0,-0.516,-4.96,1.2,-1.679,0.019,0.0,0.7,-14.3,-1.9,-0.027,0.585,0.043,1.978,12.56,OFF,PAPER,0
41.96,MANUAL,IDLE,,0,0.0,-0.551,-4.96,1.2,-1.725,0.023,0.0,0.7,-13.7,-1.8,-0.151,0.928,0.15,2.047,19.43,OFF,PAPER,0
41.98,MANUAL,IDLE,,0,0.0,-0.586,-4.959,1.2,-1.771,0.026,0.0,0.7,-13.0,-1.7,-0.013,0.962,0.056,2.112,22.43,OFF,PAPER,0
42.0,MANUAL,IDLE,,0,0.0,-0.621,-4.959,1.2,-1.805,0.026,0.0,0.7,-12.4,-1.6,-0.044,0.21,-0.004,2.03,15.57,OFF,PAPER,0
42.02,MANUAL,IDLE,,0,0.0,-0.658,-4.958,1.2,-1.845,0.022,0.0,0.7,-11.9,-1.7,0.19,0.234,-0.085,2.079,19.72,OFF,PAPER,0
42.04,MANUAL,IDLE,,0,0.0,-0.695,-4.958,1.2,-1.889,0.019,0.0,0.8,-11.3,-1.7,-0.043,0.501,-0.079,2.12,23.42,OFF,PAPER,0
42.06,MANUAL,IDLE,,0,0.0,-0.733,-4.957,1.2,-1.931,0.024,0.0,0.9,-10.7,-1.8,-0.126,0.623,-0.083,1.993,11.71,OFF,PAPER,0
42.08,MANUAL,IDLE,,0,0.0,-0.772,-4.957,1.2,-1.961,0.022,0.0,1.0,-10.4,-2.0,0.149,-0.037,-0.173,2.048,19.72,OFF,PAPER,0
42.1,MANUAL,IDLE,,0,0.0,-0.812,-4.956,1.2,-1.998,0.018,0.0,0.9,-9.9,-2.1,-0.023,0.549,-0.096,1.998,14.46,OFF,PAPER,0
42.12,MANUAL,IDLE,,0,0.0,-0.852,-4.956,1.2,-2.036,0.031,0.0,1.0,-9.3,-2.2,-0.128,0.645,-0.056,1.974,9.26,OFF,PAPER,0
42.14,MANUAL,IDLE,,0,0.0,-0.893,-4.955,1.2,-2.062,0.03,0.0,1.1,-8.9,-2.3,0.291,0.47,-0.079,2.031,14.99,OFF,PAPER,0
42.16,MANUAL,IDLE,,0,0.0,-0.935,-4.955,1.2,-2.1,0.015,0.0,0.9,-8.3,-2.4,-0.385,0.211,-0.178,2.041,17.74,OFF,PAPER,0
42.18,MANUAL,IDLE,,0,0.0,-0.977,-4.955,1.2,-2.138,0.013,0.0,0.7,-7.8,-2.6,0.15,0.631,-0.035,1.962,8.92,OFF,PAPER,0
42.2,MANUAL,IDLE,,0,0.0,-1.02,-4.954,1.2,-2.163,0.01,0.0,0.7,-7.4,-2.5,0.041,0.578,0.064,1.986,9.01,OFF,PAPER,0
42.22,MANUAL,IDLE,,0,0.0,-1.064,-4.954,1.2,-2.192,0.005,0.0,0.5,-6.9,-2.5,-0.434,0.418,0.007,1.963,1.55,OFF,PAPER,0
42.24,MANUAL,IDLE,,0,0.0,-1.108,-4.954,1.2,-2.203,0.009,0.0,0.5,-6.8,-2.4,0.007,0.134,0.091,2.009,13.93,OFF,PAPER,0
42.26,MANUAL,IDLE,,0,0.0,-1.152,-4.954,1.2,-2.218,0.005,0.0,0.5,-6.7,-2.4,-0.178,0.4,0.083,2.008,15.92,OFF,PAPER,0
42.28,MANUAL,IDLE,,0,0.0,-1.197,-4.954,1.2,-2.242,0.003,0.0,0.4,-6.3,-2.3,-0.013,0.197,0.13,1.984,13.68,OFF,PAPER,0
42.3,MANUAL,IDLE,,0,0.0,-1.242,-4.954,1.2,-2.265,0.003,0.0,0.3,-5.9,-2.2,0.047,0.175,0.065,1.97,5.13,OFF,PAPER,0
42.32,MANUAL,IDLE,,0,0.0,-1.287,-4.954,1.2,-2.273,0.002,0.0,0.3,-5.8,-2.2,0.073,-0.035,-0.034,2.002,13.1,OFF,PAPER,0
42.34,MANUAL,IDLE,,0,0.0,-1.333,-4.954,1.2,-2.292,0.005,0.0,0.2,-5.5,-2.2,0.053,0.272,-0.108,1.997,11.15,OFF,PAPER,0
42.36,MANUAL,IDLE,,0,0.0,-1.379,-4.953,1.2,-2.308,0.01,0.0,0.4,-5.3,-2.3,-0.257,0.115,-0.03,1.996,12.65,OFF,PAPER,0
42.38,MANUAL,IDLE,,0,0.0,-1.425,-4.953,1.2,-2.321,0.008,0.0,0.3,-5.1,-2.4,-0.128,0.385,0.01,1.964,5.78,OFF,PAPER,0
42.4,MANUAL,IDLE,,0,0.0,-1.472,-4.953,1.2,-2.338,0.015,0.0,0.4,-4.8,-2.4,-0.013,0.351,-0.064,2.053,20.92,OFF,PAPER,0
42.42,MANUAL,IDLE,,0,0.0,-1.519,-4.953,1.2,-2.35,0.01,0.0,0.4,-4.6,-2.4,-0.015,-0.022,-0.008,2.008,12.6,OFF,PAPER,0
42.44,MANUAL,IDLE,,0,0.0,-1.566,-4.953,1.2,-2.37,0.009,0.0,0.3,-4.3,-2.4,0.028,0.169,-0.019,2.03,16.05,OFF,PAPER,0
42.46,MANUAL,IDLE,,0,0.0,-1.614,-4.952,1.2,-2.39,0.012,0.0,0.4,-3.9,-2.4,-0.016,0.329,0.014,1.981,8.13,OFF,PAPER,0
42.48,MANUAL,IDLE,,0,0.0,-1.662,-4.952,1.2,-2.404,0.008,0.0,0.4,-3.2,-2.3,-0.151,0.462,0.033,1.985,25.55,OFF,PAPER,0
42.5,MANUAL,IDLE,,0,0.0,-1.71,-4.952,1.2,-2.408,0.013,0.0,0.5,-2.2,-2.3,0.158,0.894,0.05,2.0,32.32,OFF,PAPER,0
42.52,MANUAL,IDLE,,0,0.0,-1.758,-4.952,1.2,-2.418,0.012,0.0,0.4,-1.0,-2.2,0.085,1.144,0.066,1.978,29.2,OFF,PAPER,0
42.54,MANUAL,IDLE,,0,0.0,-1.806,-4.951,1.2,-2.416,0.005,0.0,0.3,0.1,-2.2,-0.288,0.996,0.02,1.964,24.04,OFF,PAPER,0
42.56,MANUAL,IDLE,,0,0.0,-1.854,-4.951,1.2,-2.405,0.019,0.0,0.4,1.1,-2.3,0.312,1.024,-0.084,1.966,26.73,OFF,PAPER,0
42.58,MANUAL,IDLE,,0,0.0,-1.903,-4.951,1.2,-2.411,0.012,0.0,0.4,2.3,-2.4,-0.085,1.141,-0.062,1.97,25.35,OFF,PAPER,0
42.6,MANUAL,IDLE,,0,0.0,-1.951,-4.951,1.2,-2.408,0.017,0.0,0.5,3.5,-2.5,0.036,0.731,-0.013,2.012,32.36,OFF,PAPER,0
42.62,MANUAL,IDLE,,0,0.0,-1.999,-4.95,1.2,-2.399,0.016,0.0,0.5,4.5,-2.5,-0.429,0.992,-0.124,1.989,18.76,OFF,PAPER,0
42.64,MANUAL,IDLE,,0,0.0,-2.047,-4.95,1.2,-2.381,0.013,0.0,0.4,5.3,-2.6,0.012,0.516,-0.096,1.968,23.51,OFF,PAPER,0
42.66,MANUAL,IDLE,,0,0.0,-2.094,-4.95,1.2,-2.353,0.004,0.0,0.4,6.0,-2.7,0.08,0.819,0.016,1.989,14.34,OFF,PAPER,0
42.68,MANUAL,IDLE,,0,0.0,-2.141,-4.95,1.2,-2.331,0.003,0.0,0.3,6.8,-2.6,0.358,0.826,0.099,1.975,24.32,OFF,PAPER,0
42.7,MANUAL,IDLE,,0,0.0,-2.187,-4.95,1.2,-2.304,0.007,0.0,0.4,7.5,-2.5,0.262,0.533,0.048,1.962,23.37,OFF,PAPER,0
42.72,MANUAL,IDLE,,0,0.0,-2.233,-4.95,1.2,-2.274,-0.004,0.0,0.3,8.2,-2.5,0.081,0.328,0.009,1.967,26.57,OFF,PAPER,0
42.74,MANUAL,IDLE,,0,0.0,-2.278,-4.95,1.2,-2.246,-0.01,0.0,0.2,9.0,-2.5,-0.186,0.402,0.005,2.035,12.1,OFF,PAPER,0
42.76,MANUAL,IDLE,,0,0.0,-2.323,-4.95,1.2,-2.213,-0.009,0.0,0.3,9.7,-2.5,-0.087,0.5,-0.045,2.021,14.87,OFF,PAPER,0
42.78,MANUAL,IDLE,,0,0.0,-2.367,-4.95,1.2,-2.182,-0.007,0.0,0.3,10.3,-2.5,0.113,0.31,0.062,2.071,8.74,OFF,PAPER,0
42.8,MANUAL,IDLE,,0,0.0,-2.41,-4.95,1.2,-2.141,-0.009,0.0,0.2,10.8,-2.5,-0.12,0.616,0.051,1.967,20.06,OFF,PAPER,0
42.82,MANUAL,IDLE,,0,0.0,-2.453,-4.95,1.2,-2.104,-0.016,0.0,0.1,11.5,-2.4,-0.315,0.642,0.054,2.077,16.16,OFF,PAPER,0
42.84,MANUAL,IDLE,,0,0.0,-2.494,-4.951,1.2,-2.049,-0.019,0.0,0.0,11.9,-2.4,0.011,0.786,0.024,1.996,26.45,OFF,PAPER,0
42.86,MANUAL,IDLE,,0,0.0,-2.535,-4.951,1.2,-2.003,-0.029,0.0,0.0,12.3,-2.4,-0.114,0.403,0.069,1.983,23.48,OFF,PAPER,0
42.88,MANUAL,IDLE,,0,0.0,-2.574,-4.952,1.2,-1.96,-0.032,0.0,0.0,12.8,-2.3,-0.019,0.245,0.019,2.102,17.35,OFF,PAPER,0
42.9,MANUAL,IDLE,,0,0.0,-2.613,-4.953,1.2,-1.921,-0.036,0.0,0.0,13.2,-2.2,0.242,0.505,0.137,2.019,14.13,OFF,PAPER,0
42.92,MANUAL,IDLE,,0,0.0,-2.651,-4.953,1.2,-1.876,-0.033,0.0,0.1,13.1,-2.1,0.326,-0.048,0.087,1.993,13.71,OFF,PAPER,0
42.94,MANUAL,IDLE,,0,0.0,-2.688,-4.954,1.2,-1.844,-0.028,0.0,0.3,12.9,-2.0,0.316,-0.296,0.103,2.057,15.79,OFF,PAPER,0
42.96,MANUAL,IDLE,,0,0.0,-2.725,-4.955,1.2,-1.795,-0.032,0.0,0.4,12.3,-1.9,0.092,-0.641,0.009,2.039,15.74,OFF,PAPER,0
42.98,MANUAL,IDLE,,0,0.0,-2.76,-4.955,1.2,-1.746,-0.042,0.0,0.2,11.5,-2.0,0.175,-0.249,-0.093,1.983,11.41,OFF,PAPER,0
43.0,MANUAL,IDLE,,0,0.0,-2.795,-4.956,1.2,-1.71,-0.052,0.0,0.1,11.1,-2.1,0.079,-0.679,-0.089,1.969,5.08,OFF,PAPER,0
43.02,MANUAL,IDLE,,0,0.0,-2.828,-4.957,1.2,-1.678,-0.054,0.0,0.2,10.6,-2.1,0.092,-0.452,0.038,1.99,14.16,OFF,PAPER,0
43.04,MANUAL,IDLE,,0,0.0,-2.862,-4.959,1.2,-1.643,-0.058,0.0,0.1,10.1,-2.2,-0.217,-0.487,-0.111,2.001,12.58,OFF,PAPER,0
43.06,MANUAL,IDLE,,0,0.0,-2.894,-4.96,1.2,-1.606,-0.062,0.0,0.1,9.6,-2.3,-0.345,-0.197,-0.087,2.015,13.4,OFF,PAPER,0
43.08,MANUAL,IDLE,,0,0.0,-2.926,-4.961,1.2,-1.571,-0.056,0.0,0.1,9.2,-2.5,0.169,-0.512,-0.227,1.978,9.03,OFF,PAPER,0
43.1,MANUAL,IDLE,,0,0.0,-2.957,-4.962,1.2,-1.547,-0.062,0.0,-0.0,8.8,-2.7,-0.302,-0.146,-0.189,1.967,5.92,OFF,PAPER,0
43.12,MANUAL,IDLE,,0,0.0,-2.988,-4.963,1.2,-1.525,-0.059,0.0,0.1,8.6,-2.8,-0.036,-0.008,-0.031,2.001,14.74,OFF,PAPER,0
43.14,MANUAL,IDLE,,0,0.0,-3.018,-4.964,1.2,-1.501,-0.064,0.0,0.0,8.3,-2.8,-0.443,-0.375,0.021,2.001,11.39,OFF,PAPER,0
43.16,MANUAL,IDLE,,0,0.0,-3.048,-4.966,1.2,-1.468,-0.058,0.0,0.0,7.8,-2.8,-0.203,-0.683,0.112,2.009,14.1,OFF,PAPER,0
43.18,MANUAL,IDLE,,0,0.0,-3.077,-4.967,1.2,-1.447,-0.061,0.0,-0.1,7.5,-2.6,-0.099,-0.207,0.105,1.973,8.34,OFF,PAPER,0
43.2,MANUAL,IDLE,,0,0.0,-3.105,-4.968,1.2,-1.411,-0.055,0.0,0.1,7.0,-2.6,-0.284,-0.387,0.075,1.996,10.96,OFF,PAPER,0
43.22,MANUAL,IDLE,,0,0.0,-3.133,-4.969,1.2,-1.386,-0.063,0.0,-0.1,6.6,-2.5,-0.269,-0.413,0.099,1.975,10.28,OFF,PAPER,0
43.24,MANUAL,IDLE,,0,0.0,-3.161,-4.97,1.2,-1.372,-0.073,0.0,-0.2,6.4,-2.4,-0.225,-0.0,0.059,1.982,11.06,OFF,PAPER,0
43.26,MANUAL,IDLE,,0,0.0,-3.188,-4.972,1.2,-1.352,-0.066,0.0,-0.1,6.3,-2.4,-0.114,-0.041,-0.016,1.966,11.86,OFF,PAPER,0
43.28,MANUAL,IDLE,,0,0.0,-3.215,-4.973,1.2,-1.334,-0.072,0.0,-0.2,6.8,-2.4,-0.259,0.22,-0.045,1.994,9.87,OFF,PAPER,0
43.3,MANUAL,IDLE,,0,0.0,-3.242,-4.975,1.2,-1.311,-0.066,0.0,-0.1,7.4,-2.3,-0.068,0.572,0.121,1.977,20.15,OFF,PAPER,0
43.32,MANUAL,IDLE,,0,0.0,-3.267,-4.976,1.2,-1.277,-0.073,0.0,-0.2,7.9,-2.3,0.015,0.731,0.016,1.967,24.3,OFF,PAPER,0
43.34,MANUAL,IDLE,,0,0.0,-3.293,-4.977,1.2,-1.245,-0.074,0.0,-0.2,8.5,-2.2,-0.031,0.715,0.011,2.04,13.19,OFF,PAPER,0
43.36,MANUAL,IDLE,,0,0.0,-3.317,-4.979,1.2,-1.21,-0.076,0.0,-0.2,9.2,-2.2,0.185,0.797,0.092,1.998,12.46,OFF,PAPER,0
43.38,MANUAL,IDLE,,0,0.0,-3.341,-4.98,1.2,-1.172,-0.075,0.0,-0.0,9.8,-2.1,-0.285,0.531,0.116,1.989,21.04,OFF,PAPER,0
43.4,MANUAL,IDLE,,0,0.0,-3.364,-4.982,1.2,-1.138,-0.071,0.0,0.1,10.4,-2.0,0.413,0.714,0.086,2.036,9.64,OFF,PAPER,0
43.42,MANUAL,IDLE,,0,0.0,-3.387,-4.983,1.2,-1.102,-0.072,0.0,0.2,10.8,-1.9,-0.079,0.078,0.077,2.012,7.77,OFF,PAPER,0
43.44,MANUAL,IDLE,,0,0.0,-3.408,-4.985,1.2,-1.074,-0.06,0.0,0.4,10.9,-1.8,0.142,-0.036,0.059,1.981,8.02,OFF,PAPER,0
43.46,MANUAL,IDLE,,0,0.0,-3.429,-4.986,1.2,-1.031,-0.063,0.0,0.5,10.5,-1.7,-0.328,-0.422,0.068,1.999,11.78,OFF,PAPER,0
43.48,MANUAL,IDLE,,0,0.0,-3.45,-4.987,1.2,-0.997,-0.064,0.0,0.5,10.2,-1.6,0.064,-0.403,0.031,2.011,12.93,OFF,PAPER,0
43.5,MANUAL,IDLE,,0,0.0,-3.469,-4.988,1.2,-0.972,-0.058,0.0,0.6,9.8,-1.6,0.168,-0.297,0.043,2.059,17.4,OFF,PAPER,0
43.52,MANUAL,IDLE,,0,0.0,-3.488,-4.989,1.2,-0.935,-0.056,0.0,0.8,9.3,-1.6,-0.039,-0.457,-0.036,2.007,13.44,OFF,PAPER,0
43.54,MANUAL,IDLE,,0,0.0,-3.507,-4.991,1.2,-0.902,-0.064,0.0,0.6,8.9,-1.6,0.031,-0.31,-0.068,2.062,18.54,OFF,PAPER,0
43.56,MANUAL,IDLE,,0,0.0,-3.524,-4.992,1.2,-0.867,-0.067,0.0,0.5,8.4,-1.7,0.145,-0.331,-0.085,2.03,15.05,OFF,PAPER,0
43.58,MANUAL,IDLE,,0,0.0,-3.541,-4.993,1.2,-0.836,-0.077,0.0,0.3,7.9,-1.8,0.079,-0.329,-0.084,1.975,7.13,OFF,PAPER,0
43.6,MANUAL,IDLE,,0,0.0,-3.558,-4.995,1.2,-0.812,-0.078,0.0,0.3,7.6,-1.9,0.087,-0.252,-0.05,1.986,13.93,OFF,PAPER,0
43.62,MANUAL,IDLE,,0,0.0,-3.574,-4.997,1.2,-0.791,-0.078,0.0,0.3,7.3,-2.0,-0.098,-0.069,-0.051,2.042,16.65,OFF,PAPER,0
43.64,MANUAL,IDLE,,0,0.0,-3.589,-4.998,1.2,-0.766,-0.076,0.0,0.4,7.1,-2.0,-0.156,-0.385,-0.034,1.993,12.9,OFF,PAPER,0
43.66,MANUAL,IDLE,,0,0.0,-3.604,-4.999,1.2,-0.731,-0.073,0.0,0.4,6.6,-2.0,-0.041,-0.291,0.052,2.027,14.58,OFF,PAPER,0
43.68,MANUAL,IDLE,,0,0.0,-3.619,-5.001,1.2,-0.711,-0.079,0.0,0.3,6.3,-1.9,0.216,-0.178,0.157,2.02,13.77,OFF,PAPER,0
43.7,MANUAL,IDLE,,0,0.0,-3.633,-5.003,1.2,-0.684,-0.075,0.0,0.4,5.9,-1.7,-0.211,-0.38,0.156,2.041,16.67,OFF,PAPER,0
43.72,MANUAL,IDLE,,0,0.0,-3.646,-5.004,1.2,-0.655,-0.075,0.0,0.3,5.5,-1.5,-0.17,-0.305,0.056,1.993,10.32,OFF,PAPER,0
43.74,MANUAL,IDLE,,0,0.0,-3.659,-5.006,1.2,-0.629,-0.096,0.0,0.0,5.2,-1.5,-0.249,-0.245,0.071,1.979,11.89,OFF,PAPER,0
43.76,MANUAL,IDLE,,0,0.0,-3.671,-5.008,1.2,-0.609,-0.097,0.0,-0.1,4.9,-1.4,0.111,-0.18,0.074,2.01,13.83,OFF,PAPER,0
43.78,MANUAL,IDLE,,0,0.0,-3.683,-5.01,1.2,-0.586,-0.098,0.0,-0.2,4.6,-1.4,-0.301,-0.171,-0.05,1.994,5.51,OFF,PAPER,0
43.8,MANUAL,IDLE,,0,0.0,-3.695,-5.012,1.2,-0.57,-0.09,0.0,-0.7,4.3,-1.5,-0.614,-0.233,-0.063,1.972,14.9,OFF,PAPER,0
43.82,MANUAL,IDLE,,0,0.0,-3.706,-5.013,1.2,-0.55,-0.083,0.0,-1.6,4.1,-1.6,-0.69,-0.355,-0.156,2.064,21.39,OFF,PAPER,0
43.84,MANUAL,IDLE,,0,0.0,-3.717,-5.015,1.2,-0.525,-0.075,0.0,-2.5,3.7,-1.7,-0.875,-0.446,-0.116,1.977,28.9,OFF,PAPER,0
43.86,MANUAL,IDLE,,0,0.0,-3.727,-5.016,1.2,-0.506,-0.064,0.0,-3.4,3.4,-1.8,-0.669,-0.288,-0.096,2.023,23.21,OFF,PAPER,0
43.88,MANUAL,IDLE,,0,0.0,-3.737,-5.017,1.2,-0.492,-0.054,0.0,-4.4,3.2,-1.9,-0.743,-0.307,-0.155,1.974,17.48,OFF,PAPER,0
43.9,MANUAL,IDLE,,0,0.0,-3.747,-5.018,1.2,-0.483,-0.037,0.0,-5.3,3.0,-2.0,-0.844,-0.059,-0.029,1.974,18.46,OFF,PAPER,0
43.92,MANUAL,IDLE,,0,0.0,-3.757,-5.019,1.2,-0.478,-0.015,0.0,-6.1,3.0,-2.0,-0.488,-0.144,0.042,1.999,24.11,OFF,PAPER,0
43.94,MANUAL,IDLE,,0,0.0,-3.766,-5.019,1.2,-0.461,-0.002,0.0,-6.9,2.7,-1.9,-0.814,-0.3,0.028,2.044,9.58,OFF,PAPER,0
43.96,MANUAL,IDLE,,0,0.0,-3.775,-5.019,1.2,-0.45,0.015,0.0,-7.9,2.5,-1.9,-0.82,-0.511,-0.086,2.101,12.75,OFF,PAPER,0
43.98,MANUAL,IDLE,,0,0.0,-3.784,-5.018,1.2,-0.442,0.043,0.0,-8.6,2.3,-2.0,-0.79,0.12,-0.07,1.998,15.25,OFF,PAPER,0
44.0,MANUAL,IDLE,,0,0.0,-3.793,-5.017,1.2,-0.434,0.076,0.0,-9.3,2.2,-2.0,-0.469,0.103,0.021,2.103,9.52,OFF,PAPER,0
44.02,MANUAL,IDLE,,0,0.0,-3.801,-5.015,1.2,-0.424,0.106,0.0,-9.9,2.1,-1.9,-0.626,-0.461,0.067,1.967,22.64,OFF,PAPER,0
44.04,MANUAL,IDLE,,0,0.0,-3.81,-5.013,1.2,-0.414,0.136,0.0,-10.6,1.9,-1.9,-0.618,-0.147,-0.021,2.113,12.61,OFF,PAPER,0
44.06,MANUAL,IDLE,,0,0.0,-3.818,-5.01,1.2,-0.411,0.172,0.0,-11.3,1.9,-1.8,-0.605,-0.12,0.137,2.015,10.17,OFF,PAPER,0
44.08,MANUAL,IDLE,,0,0.0,-3.826,-5.006,1.2,-0.407,0.206,0.0,-12.0,1.9,-1.6,-0.558,0.353,0.183,1.982,21.58,OFF,PAPER,0
44.1,MANUAL,IDLE,,0,0.0,-3.834,-5.002,1.2,-0.398,0.247,0.0,-12.6,2.0,-1.5,-0.956,0.195,0.073,2.032,12.66,OFF,PAPER,0
44.12,MANUAL,IDLE,,0,0.0,-3.842,-4.996,1.2,-0.383,0.286,0.0,-13.1,1.9,-1.4,-0.48,-0.304,-0.005,1.967,21.51,OFF,PAPER,0
44.14,MANUAL,IDLE,,0,0.0,-3.85,-4.99,1.2,-0.37,0.338,0.0,-13.4,1.7,-1.4,-0.252,-0.092,-0.046,2.145,9.97,OFF,PAPER,0
44.16,MANUAL,IDLE,,0,0.0,-3.857,-4.983,1.2,-0.355,0.385,0.0,-13.8,1.5,-1.5,-0.665,-0.416,-0.113,2.034,8.32,OFF,PAPER,0
44.18,MANUAL,IDLE,,0,0.0,-3.864,-4.974,1.2,-0.354,0.442,0.0,-14.0,1.5,-1.7,0.125,-0.015,-0.185,2.175,17.22,OFF,PAPER,0
44.2,MANUAL,IDLE,,0,0.0,-3.871,-4.965,1.2,-0.35,0.496,0.0,-13.7,1.4,-1.9,0.347,0.19,-0.232,1.997,6.98,OFF,PAPER,0
44.22,MANUAL,IDLE,,0,0.0,-3.878,-4.955,1.2,-0.348,0.541,0.0,-13.2,1.2,-2.1,0.605,0.267,-0.177,1.991,12.04,OFF,PAPER,0
44.24,MANUAL,IDLE,,0,0.0,-3.885,-4.943,1.2,-0.346,0.583,0.0,-12.7,1.2,-2.3,0.3,-0.071,-0.092,2.117,21.77,OFF,PAPER,0
44.26,MANUAL,IDLE,,0,0.0,-3.892,-4.931,1.2,-0.34,0.624,0.0,-12.2,1.2,-2.3,0.465,0.021,-0.071,2.097,20.48,OFF,PAPER,0
44.28,MANUAL,IDLE,,0,0.0,-3.898,-4.918,1.2,-0.326,0.664,0.0,-11.7,1.0,-2.4,0.125,-0.157,-0.037,2.008,12.21,OFF,PAPER,0
44.3,MANUAL,IDLE,,0,0.0,-3.905,-4.905,1.2,-0.317,0.702,0.0,-11.1,0.9,-2.3,0.687,-0.149,0.056,2.108,22.45,OFF,PAPER,0
44.32,MANUAL,IDLE,,0,0.0,-3.911,-4.89,1.2,-0.309,0.75,0.0,-10.5,0.8,-2.2,0.32,-0.239,0.085,1.971,7.85,OFF,PAPER,0
44.34,MANUAL,IDLE,,0,0.0,-3.917,-4.875,1.2,-0.31,0.786,0.0,-10.2,0.7,-2.1,0.067,-0.016,0.082,1.966,13.11,OFF,PAPER,0
44.36,MANUAL,IDLE,,0,0.0,-3.923,-4.859,1.2,-0.309,0.824,0.0,-10.3,0.8,-2.0,-0.283,0.145,0.043,2.04,11.72,OFF,PAPER,0
44.38,MANUAL,IDLE,,0,0.0,-3.929,-4.842,1.2,-0.301,0.864,0.0,-10.8,0.6,-1.9,-0.039,-0.037,0.032,2.12,12.51,OFF,PAPER,0
44.4,MANUAL,IDLE,,0,0.0,-3.936,-4.824,1.2,-0.309,0.905,0.0,-11.2,0.8,-1.9,-0.732,0.239,0.017,2.023,18.19,OFF,PAPER,0
44.42,MANUAL,IDLE,,0,0.0,-3.942,-4.806,1.2,-0.301,0.94,0.0,-11.9,0.7,-1.9,-0.428,0.202,-0.079,2.018,19.5,OFF,PAPER,0
44.44,MANUAL,IDLE,,0,0.0,-3.947,-4.786,1.2,-0.29,0.992,0.0,-12.3,0.6,-1.9,-0.33,0.144,-0.034,2.0,13.76,OFF,PAPER,0
44.46,MANUAL,IDLE,,0,0.0,-3.953,-4.766,1.2,-0.289,1.04,0.0,-12.7,0.6,-2.0,-0.678,-0.274,-0.028,2.135,11.15,OFF,PAPER,0
44.48,MANUAL,IDLE,,0,0.0,-3.959,-4.745,1.2,-0.28,1.092,0.0,-13.2,0.5,-2.0,-0.917,0.056,-0.053,2.068,9.68,OFF,PAPER,0
44.5,MANUAL,IDLE,,0,0.0,-3.964,-4.722,1.2,-0.28,1.137,0.0,-13.7,0.5,-2.1,-0.72,0.119,-0.153,2.17,8.84,OFF,PAPER,0
44.52,MANUAL,IDLE,,0,0.0,-3.97,-4.699,1.2,-0.28,1.193,0.0,-14.1,0.6,-2.3,-0.145,-0.073,-0.054,2.198,7.82,OFF,PAPER,0
44.54,MANUAL,IDLE,,0,0.0,-3.976,-4.675,1.2,-0.275,1.24,0.0,-14.6,0.5,-2.3,-0.517,-0.038,0.065,2.004,13.94,OFF,PAPER,0
44.56,MANUAL,IDLE,,0,0.0,-3.981,-4.65,1.2,-0.258,1.285,0.0,-15.2,0.4,-2.2,-0.555,-0.0,-0.008,2.139,9.6,OFF,PAPER,0
44.58,MANUAL,IDLE,,0,0.0,-3.986,-4.623,1.2,-0.254,1.339,0.0,-15.6,0.3,-2.2,-0.191,-0.201,-0.085,2.161,6.74,OFF,PAPER,0
44.6,MANUAL,IDLE,,0,0.0,-3.991,-4.596,1.2,-0.243,1.401,0.0,-15.9,0.2,-2.3,-0.536,-0.34,-0.054,2.086,10.99,OFF,PAPER,0
44.62,MANUAL,IDLE,,0,0.0,-3.996,-4.567,1.2,-0.237,1.462,0.0,-16.1,0.1,-2.3,-0.336,-0.03,0.08,1.987,17.55,OFF,PAPER,0
44.64,MANUAL,IDLE,,0,0.0,-4.001,-4.537,1.2,-0.241,1.523,0.0,-16.4,0.2,-2.1,-0.255,-0.008,0.096,2.016,12.89,OFF,PAPER,0
44.66,MANUAL,IDLE,,0,0.0,-4.006,-4.506,1.2,-0.241,1.582,0.0,-16.6,0.3,-2.0,-0.249,-0.138,0.146,2.224,6.39,OFF,PAPER,0
44.68,MANUAL,IDLE,,0,0.0,-4.01,-4.474,1.2,-0.24,1.645,0.0,-17.0,0.3,-1.9,-0.051,-0.094,0.032,2.153,7.9,OFF,PAPER,0
44.7,MANUAL,IDLE,,0,0.0,-4.015,-4.44,1.2,-0.228,1.716,0.0,-17.0,0.1,-1.8,-0.34,-0.294,0.156,2.031,10.47,OFF,PAPER,0
44.72,MANUAL,IDLE,,0,0.0,-4.02,-4.405,1.2,-0.224,1.772,0.0,-17.4,0.1,-1.6,-0.277,-0.19,0.142,2.223,19.53,OFF,PAPER,0
44.74,MANUAL,IDLE,,0,0.0,-4.024,-4.369,1.2,-0.232,1.826,0.0,-17.3,0.3,-1.6,-0.177,0.296,-0.014,1.998,7.98,OFF,PAPER,0
44.76,MANUAL,IDLE,,0,0.0,-4.029,-4.332,1.2,-0.235,1.881,0.0,-16.8,0.3,-1.7,0.422,-0.059,-0.14,2.093,17.89,OFF,PAPER,0
44.78,MANUAL,IDLE,,0,0.0,-4.034,-4.294,1.2,-0.238,1.934,0.0,-16.2,0.4,-1.8,0.434,-0.059,-0.126,2.016,13.21,OFF,PAPER,0
44.8,MANUAL,IDLE,,0,0.0,-4.038,-4.255,1.2,-0.239,1.99,0.0,-15.5,0.4,-2.0,0.398,0.106,-0.059,2.017,13.1,OFF,PAPER,0
44.82,MANUAL,IDLE,,0,0.0,-4.043,-4.215,1.2,-0.231,2.04,0.0,-14.9,0.2,-2.0,0.674,-0.134,-0.148,2.004,12.79,OFF,PAPER,0
44.84,MANUAL,IDLE,,0,0.0,-4.047,-4.173,1.2,-0.218,2.088,0.0,-14.2,0.0,-2.1,0.906,-0.064,-0.147,2.017,13.48,OFF,PAPER,0
44.86,MANUAL,IDLE,,0,0.0,-4.052,-4.131,1.2,-0.225,2.132,0.0,-13.6,0.1,-2.4,0.197,0.102,-0.177,2.036,17.38,OFF,PAPER,0
44.88,MANUAL,IDLE,,0,0.0,-4.056,-4.088,1.2,-0.235,2.169,0.0,-13.1,0.1,-2.5,0.45,0.292,-0.07,1.966,12.16,OFF,PAPER,0
44.9,MANUAL,IDLE,,0,0.0,-4.061,-4.044,1.2,-0.233,2.217,0.0,-12.6,0.2,-2.6,0.804,0.027,-0.067,2.131,24.59,OFF,PAPER,0
44.92,MANUAL,IDLE,,0,0.0,-4.066,-4.0,1.2,-0.22,2.265,0.0,-11.9,0.0,-2.6,0.427,0.025,0.034,2.014,14.55,OFF,PAPER,0
44.94,MANUAL,IDLE,,0,0.0,-4.07,-3.954,1.2,-0.212,2.313,0.0,-11.1,-0.1,-2.5,0.48,-0.17,0.04,2.09,20.22,OFF,PAPER,0
44.96,MANUAL,IDLE,,0,0.0,-4.074,-3.907,1.2,-0.209,2.357,0.0,-10.5,-0.1,-2.5,0.785,0.136,0.036,2.015,17.52,OFF,PAPER,0
44.98,MANUAL,IDLE,,0,0.0,-4.078,-3.86,1.2,-0.21,2.396,0.0,-9.9,0.0,-2.5,0.363,-0.022,0.033,1.993,10.7,OFF,PAPER,0
45.0,MANUAL,IDLE,,0,0.0,-4.083,-3.811,1.2,-0.204,2.424,0.0,-9.4,-0.0,-2.4,0.649,-0.153,0.026,1.984,13.4,OFF,PAPER,0
45.02,MANUAL,IDLE,,0,0.0,-4.087,-3.762,1.2,-0.204,2.468,0.0,-8.8,-0.1,-2.4,0.417,0.177,-0.064,2.015,13.21,OFF,PAPER,0
45.04,MANUAL,IDLE,,0,0.0,-4.091,-3.713,1.2,-0.2,2.508,0.0,-8.2,-0.2,-2.6,0.502,-0.347,-0.142,1.99,13.95,OFF,PAPER,0
45.06,MANUAL,IDLE,,0,0.0,-4.095,-3.662,1.2,-0.2,2.541,0.0,-7.7,-1.0,-2.6,0.527,-0.592,-0.178,2.091,29.59,OFF,PAPER,0
45.08,MANUAL,IDLE,,0,0.0,-4.099,-3.611,1.2,-0.201,2.567,0.0,-7.3,-2.0,-2.7,0.18,-1.221,-0.141,1.968,27.18,OFF,PAPER,0
45.1,MANUAL,IDLE,,0,0.0,-4.103,-3.559,1.2,-0.209,2.598,0.0,-6.8,-2.9,-2.6,0.367,-0.917,-0.055,2.055,16.82,OFF,PAPER,0
45.12,MANUAL,IDLE,,0,0.0,-4.107,-3.507,1.2,-0.224,2.616,0.0,-6.5,-3.9,-2.6,0.454,-0.707,-0.042,1.992,14.52,OFF,PAPER,0
45.14,MANUAL,IDLE,,0,0.0,-4.112,-3.455,1.2,-0.234,2.639,0.0,-6.2,-4.8,-2.6,-0.186,-0.709,-0.133,1.97,28.72,OFF,PAPER,0
45.16,MANUAL,IDLE,,0,0.0,-4.116,-3.402,1.2,-0.248,2.66,0.0,-6.0,-5.7,-2.6,0.474,-0.585,-0.008,2.058,24.69,OFF,PAPER,0
45.18,MANUAL,IDLE,,0,0.0,-4.122,-3.348,1.2,-0.273,2.685,0.0,-5.5,-6.4,-2.6,0.16,-0.705,-0.069,1.987,14.68,OFF,PAPER,0
45.2,MANUAL,IDLE,,0,0.0,-4.127,-3.294,1.2,-0.298,2.713,0.0,-5.1,-7.1,-2.6,0.423,-0.762,0.001,1.966,21.25,OFF,PAPER,0
45.22,MANUAL,IDLE,,0,0.0,-4.134,-3.24,1.2,-0.333,2.721,0.0,-5.0,-7.7,-2.5,-0.204,-0.415,0.053,1.992,13.07,OFF,PAPER,0
45.24,MANUAL,IDLE,,0,0.0,-4.14,-3.185,1.2,-0.353,2.749,0.0,-4.6,-8.5,-2.3,0.002,-0.812,0.104,1.969,21.73,OFF,PAPER,0
45.26,MANUAL,IDLE,,0,0.0,-4.148,-3.13,1.2,-0.385,2.768,0.0,-4.3,-9.0,-2.2,-0.072,-0.486,0.083,1.976,11.41,OFF,PAPER,0
45.28,MANUAL,IDLE,,0,0.0,-4.156,-3.074,1.2,-0.418,2.787,0.0,-4.1,-9.0,-2.1,0.029,-0.041,0.045,2.028,11.02,OFF,PAPER,0
45.3,MANUAL,IDLE,,0,0.0,-4.165,-3.018,1.2,-0.458,2.804,0.0,-3.9,-8.6,-2.0,0.311,0.346,0.092,2.042,16.68,OFF,PAPER,0
45.32,MANUAL,IDLE,,0,0.0,-4.174,-2.962,1.2,-0.49,2.812,0.0,-3.9,-8.2,-2.0,-0.115,0.59,0.146,2.028,17.14,OFF,PAPER,0
45.34,MANUAL,IDLE,,0,0.0,-4.184,-2.906,1.2,-0.515,2.832,0.0,-3.7,-7.9,-1.8,0.375,0.468,0.164,1.977,9.14,OFF,PAPER,0
45.36,MANUAL,IDLE,,0,0.0,-4.195,-2.849,1.2,-0.534,2.842,0.0,-3.6,-7.6,-1.7,-0.018,0.343,0.057,1.965,3.72,OFF,PAPER,0
45.38,MANUAL,IDLE,,0,0.0,-4.206,-2.792,1.2,-0.559,2.851,0.0,-3.4,-7.3,-1.7,0.137,0.263,0.062,1.962,1.53,OFF,PAPER,0
45.4,MANUAL,IDLE,,0,0.0,-4.217,-2.735,1.2,-0.576,2.859,0.0,-3.3,-7.0,-1.7,-0.107,0.43,0.01,2.006,12.06,OFF,PAPER,0
45.42,MANUAL,IDLE,,0,0.0,-4.229,-2.678,1.2,-0.603,2.872,0.0,-3.2,-6.6,-1.6,0.414,0.365,0.071,2.044,16.95,OFF,PAPER,0
45.44,MANUAL,IDLE,,0,0.0,-4.241,-2.62,1.2,-0.626,2.88,0.0,-3.0,-6.2,-1.6,0.128,-0.056,0.034,1.968,12.17,OFF,PAPER,0
45.46,MANUAL,IDLE,,0,0.0,-4.254,-2.562,1.2,-0.644,2.893,0.0,-2.9,-6.0,-1.6,0.047,0.605,0.002,1.994,10.64,OFF,PAPER,0
45.48,MANUAL,IDLE,,0,0.0,-4.267,-2.505,1.2,-0.67,2.901,0.0,-2.8,-5.7,-1.6,0.381,0.236,0.014,1.964,12.9,OFF,PAPER,0
45.5,MANUAL,IDLE,,0,0.0,-4.281,-2.446,1.2,-0.679,2.906,0.0,-2.7,-5.6,-1.5,0.272,-0.067,0.072,2.031,15.16,OFF,PAPER,0
45.52,MANUAL,IDLE,,0,0.0,-4.294,-2.388,1.2,-0.709,2.92,0.0,-2.5,-5.2,-1.4,-0.158,0.648,0.125,1.978,9.43,OFF,PAPER,0
45.54,MANUAL,IDLE,,0,0.0,-4.309,-2.33,1.2,-0.721,2.927,0.0,-2.5,-5.0,-1.3,0.333,0.011,0.082,1.972,8.35,OFF,PAPER,0
45.56,MANUAL,IDLE,,0,0.0,-4.323,-2.271,1.2,-0.732,2.928,0.0,-2.5,-4.8,-1.2,-0.236,-0.175,0.058,1.982,9.13,OFF,PAPER,0
45.58,MANUAL,IDLE,,0,0.0,-4.338,-2.212,1.2,-0.752,2.94,0.0,-2.3,-4.6,-1.2,0.095,0.297,0.004,2.04,16.39,OFF,PAPER,0
45.6,MANUAL,IDLE,,0,0.0,-4.353,-2.154,1.2,-0.768,2.951,0.0,-2.1,-4.2,-1.2,-0.118,0.173,0.008,1.968,5.9,OFF,PAPER,0
45.62,MANUAL,IDLE,,0,0.0,-4.369,-2.094,1.2,-0.784,2.954,0.0,-2.1,-3.9,-1.2,0.112,0.408,0.007,2.02,14.25,OFF,PAPER,0
45.64,MANUAL,IDLE,,0,0.0,-4.385,-2.035,1.2,-0.796,2.963,0.0,-1.8,-3.7,-1.2,0.113,0.108,0.047,1.989,14.05,OFF,PAPER,0
45.66,MANUAL,IDLE,,0,0.0,-4.401,-1.976,1.2,-0.81,2.967,0.0,-1.9,-3.5,-1.1,0.387,-0.201,0.048,1.998,12.53,OFF,PAPER,0
45.68,MANUAL,IDLE,,0,0.0,-4.417,-1.917,1.2,-0.82,2.967,0.0,-1.8,-3.5,-1.1,0.163,0.006,-0.098,1.998,12.22,OFF,PAPER,0
45.7,MANUAL,IDLE,,0,0.0,-4.433,-1.857,1.2,-0.831,2.974,0.0,-1.6,-3.4,-1.3,0.052,-0.057,-0.103,2.018,17.06,OFF,PAPER,0
45.72,MANUAL,IDLE,,0,0.0,-4.45,-1.798,1.2,-0.847,2.975,0.0,-1.7,-3.3,-1.4,-0.18,0.334,-0.129,1.964,9.49,OFF,PAPER,0
45.74,MANUAL,IDLE,,0,0.0,-4.467,-1.738,1.2,-0.863,2.971,0.0,-1.8,-3.1,-1.5,0.199,0.368,-0.035,1.981,10.33,OFF,PAPER,0
45.76,MANUAL,IDLE,,0,0.0,-4.485,-1.679,1.2,-0.875,2.98,0.0,-1.7,-2.8,-1.6,0.222,-0.378,-0.096,1.973,7.47,OFF,PAPER,0
45.78,MANUAL,IDLE,,0,0.0,-4.502,-1.619,1.2,-0.876,2.977,0.0,-1.8,-2.8,-1.7,-0.147,-0.104,-0.106,2.002,16.33,OFF,PAPER,0
45.8,MANUAL,IDLE,,0,0.0,-4.52,-1.56,1.2,-0.891,2.981,0.0,-1.8,-2.6,-1.9,0.081,0.325,-0.165,1.983,9.46,OFF,PAPER,0
45.82,MANUAL,IDLE,,0,0.0,-4.538,-1.5,1.2,-0.9,2.983,0.0,-1.7,-2.4,-2.0,-0.16,0.111,-0.105,2.006,13.1,OFF,PAPER,0
45.84,MANUAL,IDLE,,0,0.0,-4.556,-1.44,1.2,-0.91,2.992,0.0,-1.5,-2.1,-2.1,-0.031,0.165,-0.055,1.97,9.19,OFF,PAPER,0
45.86,MANUAL,IDLE,,0,0.0,-4.574,-1.381,1.2,-0.911,2.996,0.0,-1.5,-2.2,-2.1,0.217,0.126,-0.101,1.991,12.11,OFF,PAPER,0
45.88,MANUAL,IDLE,,0,0.0,-4.592,-1.321,1.2,-0.919,2.997,0.0,-1.4,-2.1,-2.3,-0.235,0.016,-0.064,1.975,6.62,OFF,PAPER,0
45.9,MANUAL,IDLE,,0,0.0,-4.611,-1.261,1.2,-0.924,3.001,0.0,-1.4,-2.1,-2.3,0.157,0.119,-0.075,2.007,15.67,OFF,PAPER,0
45.92,MANUAL,IDLE,,0,0.0,-4.629,-1.201,1.2,-0.93,3.008,0.0,-1.2,-2.0,-2.4,-0.006,0.064,-0.03,1.968,6.6,OFF,PAPER,0
45.94,MANUAL,IDLE,,0,0.0,-4.648,-1.14,1.2,-0.94,3.015,0.0,-1.1,-1.9,-2.5,0.251,0.102,-0.084,1.97,6.66,OFF,PAPER,0
45.96,MANUAL,IDLE,,0,0.0,-4.667,-1.08,1.2,-0.941,3.018,0.0,-1.0,-1.9,-2.6,-0.134,0.013,-0.034,2.034,16.9,OFF,PAPER,0
45.98,MANUAL,IDLE,,0,0.0,-4.686,-1.019,1.2,-0.953,3.03,0.0,-0.9,-1.7,-2.6,0.245,0.08,0.081,1.969,6.59,OFF,PAPER,0
46.0,MANUAL,IDLE,,0,0.0,-4.705,-0.959,1.2,-0.959,3.027,0.0,-0.9,-1.7,-2.5,-0.313,-0.094,0.117,1.978,7.74,OFF,PAPER,0
46.02,MANUAL,IDLE,,0,0.0,-4.724,-0.898,1.2,-0.963,3.029,0.0,-0.9,-1.6,-2.4,-0.354,0.225,-0.007,2.006,15.65,OFF,PAPER,0
46.04,MANUAL,IDLE,,0,0.0,-4.744,-0.838,1.2,-0.974,3.036,0.0,-0.8,-1.4,-2.4,0.255,0.293,-0.065,1.997,10.74,OFF,PAPER,0
46.06,MANUAL,IDLE,,0,0.0,-4.763,-0.777,1.2,-0.987,3.043,0.0,-0.7,-1.2,-2.5,0.155,0.299,-0.097,1.979,7.76,OFF,PAPER,0
46.08,MANUAL,IDLE,,0,0.0,-4.783,-0.716,1.2,-0.994,3.051,0.0,-0.6,-1.1,-2.6,-0.074,0.254,-0.013,2.03,17.91,OFF,PAPER,0
46.1,MANUAL,IDLE,,0,0.0,-4.803,-0.655,1.2,-0.992,3.046,0.0,-0.6,-1.1,-2.8,0.129,-0.04,-0.197,1.979,8.05,OFF,PAPER,0
46.12,MANUAL,IDLE,,0,0.0,-4.823,-0.594,1.2,-0.996,3.051,0.0,-0.5,-1.1,-3.0,-0.106,-0.058,-0.121,1.989,13.55,OFF,PAPER,0
46.14,MANUAL,IDLE,,0,0.0,-4.843,-0.533,1.2,-1.003,3.052,0.0,-0.4,-1.0,-3.0,-0.158,0.271,-0.025,1.997,12.99,OFF,PAPER,0
46.16,MANUAL,IDLE,,0,0.0,-4.863,-0.472,1.2,-1.001,3.049,0.0,-0.5,-1.0,-3.1,-0.185,0.03,-0.011,2.004,15.0,OFF,PAPER,0
46.18,MANUAL,IDLE,,0,0.0,-4.883,-0.411,1.2,-1.009,3.06,0.0,-0.3,-0.8,-3.1,-0.228,0.181,-0.008,1.998,11.11,OFF,PAPER,0
46.2,MANUAL,IDLE,,0,0.0,-4.903,-0.35,1.2,-1.025,3.053,0.0,-0.4,-0.6,-3.1,0.127,0.243,-0.013,1.988,9.65,OFF,PAPER,0
46.22,MANUAL,IDLE,,0,0.0,-4.924,-0.289,1.2,-1.026,3.052,0.0,-0.3,-0.6,-3.1,0.077,-0.258,0.009,1.98,8.41,OFF,PAPER,0
46.24,MANUAL,IDLE,,0,0.0,-4.944,-0.227,1.2,-1.036,3.062,0.0,-0.2,-0.5,-3.1,-0.055,0.391,-0.074,1.967,11.13,OFF,PAPER,0
46.26,MANUAL,IDLE,,0,0.0,-4.965,-0.166,1.2,-1.028,3.068,0.0,-0.1,-0.5,-3.1,-0.089,-0.261,0.068,2.006,14.03,OFF,PAPER,0
46.28,MANUAL,IDLE,,0,0.0,-4.986,-0.105,1.2,-1.029,3.074,0.0,0.1,-0.6,-3.0,-0.127,0.19,-0.0,2.017,14.38,OFF,PAPER,0
46.3,MANUAL,IDLE,,0,0.0,-5.006,-0.043,1.2,-1.024,3.064,0.0,-0.1,-0.6,-3.1,-0.016,-0.139,-0.021,1.963,9.98,OFF,PAPER,0
46.32,MANUAL,IDLE,,0,0.0,-5.027,0.018,1.2,-1.037,3.057,0.0,-0.1,-0.4,-3.0,-0.221,0.18,-0.011,2.03,17.24,OFF,PAPER,0
46.34,MANUAL,IDLE,,0,0.0,-5.048,0.079,1.2,-1.048,3.063,0.0,-0.1,-0.3,-3.0,0.225,0.051,-0.031,1.962,3.72,OFF,PAPER,0
46.36,MANUAL,IDLE,,0,0.0,-5.069,0.14,1.2,-1.056,3.063,0.0,-0.0,-0.2,-3.1,0.064,0.137,-0.02,2.0,11.74,OFF,PAPER,0
46.38,MANUAL,IDLE,,0,0.0,-5.09,0.202,1.2,-1.055,3.068,0.0,0.1,-0.2,-3.1,-0.06,-0.176,0.015,2.007,15.47,OFF,PAPER,0
46.4,MANUAL,IDLE,,0,0.0,-5.111,0.263,1.2,-1.066,3.067,0.0,0.0,-0.1,-3.1,-0.223,-0.147,-0.029,1.977,7.07,OFF,PAPER,0
46.42,MANUAL,IDLE,,0,0.0,-5.132,0.325,1.2,-1.069,3.074,0.0,0.1,-0.1,-3.1,0.327,0.271,0.019,1.979,12.95,OFF,PAPER,0
46.44,MANUAL,IDLE,,0,0.0,-5.154,0.386,1.2,-1.062,3.076,0.0,0.2,-0.2,-3.1,-0.221,-0.249,0.071,1.987,12.04,OFF,PAPER,0
46.46,MANUAL,IDLE,,0,0.0,-5.175,0.448,1.2,-1.068,3.078,0.0,0.2,-0.2,-3.0,0.074,0.116,0.088,1.989,14.48,OFF,PAPER,0
46.48,MANUAL,IDLE,,0,0.0,-5.196,0.509,1.2,-1.068,3.079,0.0,0.2,-0.1,-2.9,0.083,-0.03,0.051,1.982,13.55,OFF,PAPER,0
46.5,MANUAL,IDLE,,0,0.0,-5.218,0.571,1.2,-1.075,3.073,0.0,0.2,0.0,-2.8,0.001,0.27,0.044,2.017,14.46,OFF,PAPER,0
46.52,MANUAL,IDLE,,0,0.0,-5.239,0.632,1.2,-1.069,3.068,0.0,0.1,0.0,-2.8,0.047,-0.123,0.101,1.97,12.26,OFF,PAPER,0
46.54,MANUAL,IDLE,,0,0.0,-5.261,0.693,1.2,-1.061,3.068,0.0,0.2,-0.0,-2.5,-0.12,-0.117,0.3,1.965,11.19,OFF,PAPER,0
46.56,MANUAL,IDLE,,0,0.0,-5.282,0.755,1.2,-1.06,3.071,0.0,0.2,0.0,-2.2,0.173,0.195,0.352,1.99,14.64,OFF,PAPER,0
46.58,MANUAL,IDLE,,0,0.0,-5.303,0.816,1.2,-1.057,3.067,0.0,0.2,-0.1,-1.7,0.375,0.016,0.294,1.994,10.79,OFF,PAPER,0
46.6,MANUAL,IDLE,,0,0.0,-5.324,0.877,1.2,-1.059,3.074,0.0,0.4,-0.1,-1.4,-0.017,0.102,0.248,1.981,9.42,OFF,PAPER,0
46.62,MANUAL,IDLE,,0,0.0,-5.345,0.939,1.2,-1.063,3.069,0.0,0.4,-0.1,-1.1,0.01,-0.217,0.166,2.002,13.53,OFF,PAPER,0
46.64,MANUAL,IDLE,,0,0.0,-5.367,1.0,1.2,-1.073,3.067,0.0,0.3,0.1,-1.0,-0.098,0.047,0.171,1.963,3.61,OFF,PAPER,0
46.66,MANUAL,IDLE,,0,0.0,-5.388,1.062,1.2,-1.068,3.069,0.0,0.3,0.2,-0.9,0.19,-0.234,0.05,1.968,8.24,OFF,PAPER,0
46.68,MANUAL,IDLE,,0,0.0,-5.409,1.123,1.2,-1.064,3.069,0.0,0.3,0.1,-0.9,0.048,-0.171,-0.024,1.97,10.15,OFF,PAPER,0
46.7,MANUAL,IDLE,,0,0.0,-5.431,1.184,1.2,-1.065,3.066,0.0,0.2,0.1,-0.9,-0.116,0.15,0.014,1.962,3.42,OFF,PAPER,0
46.72,MANUAL,IDLE,,0,0.0,-5.452,1.246,1.2,-1.063,3.065,0.0,0.2,0.0,-0.9,-0.031,-0.257,0.115,2.001,11.4,OFF,PAPER,0
46.74,MANUAL,IDLE,,0,0.0,-5.473,1.307,1.2,-1.063,3.062,0.0,0.1,0.1,-0.8,-0.155,-0.286,0.01,2.014,13.84,OFF,PAPER,0
46.76,MANUAL,IDLE,,0,0.0,-5.494,1.368,1.2,-1.059,3.066,0.0,0.2,0.0,-0.8,0.002,-0.229,0.06,1.968,10.67,OFF,PAPER,0
46.78,MANUAL,IDLE,,0,0.0,-5.516,1.43,1.2,-1.06,3.06,0.0,0.1,-0.0,-0.7,0.025,0.078,0.029,1.962,5.18,OFF,PAPER,0
46.8,MANUAL,IDLE,,0,0.0,-5.537,1.491,1.2,-1.053,3.053,0.0,0.0,-0.1,-0.7,-0.129,-0.073,0.09,1.975,6.87,OFF,PAPER,0
46.82,MANUAL,IDLE,,0,0.0,-5.558,1.552,1.2,-1.05,3.051,0.0,-0.1,-0.2,-0.6,-0.142,-0.017,-0.069,2.006,12.05,OFF,PAPER,0
46.84,MANUAL,IDLE,,0,0.0,-5.579,1.613,1.2,-1.048,3.047,0.0,-0.0,-0.2,-0.7,0.351,-0.021,-0.088,1.978,11.38,OFF,PAPER,0
46.86,MANUAL,IDLE,,0,0.0,-5.6,1.674,1.2,-1.052,3.051,0.0,0.2,-0.3,-0.8,-0.028,0.007,-0.003,2.029,11.31,OFF,PAPER,0
46.88,MANUAL,IDLE,,0,0.0,-5.621,1.735,1.2,-1.052,3.049,0.0,0.1,-1.0,-0.8,-0.031,-0.595,-0.079,1.979,16.75,OFF,PAPER,0
46.9,MANUAL,IDLE,,0,0.0,-5.642,1.796,1.2,-1.06,3.055,0.0,0.1,-1.9,-0.9,0.015,-0.898,-0.09,2.004,30.35,OFF,PAPER,0
46.92,MANUAL,IDLE,,0,0.0,-5.663,1.857,1.2,-1.07,3.059,0.0,0.2,-2.8,-1.0,-0.078,-0.718,-0.063,1.998,11.45,OFF,PAPER,0
46.94,MANUAL,IDLE,,0,0.0,-5.685,1.918,1.2,-1.078,3.065,0.0,0.3,-3.7,-1.0,0.184,-1.039,-0.059,1.968,20.5,OFF,PAPER,0
46.96,MANUAL,IDLE,,0,0.0,-5.706,1.979,1.2,-1.089,3.07,0.0,0.4,-4.8,-1.2,-0.053,-0.725,-0.093,2.061,10.42,OFF,PAPER,0
46.98,MANUAL,IDLE,,0,0.0,-5.728,2.041,1.2,-1.12,3.067,0.0,0.3,-5.5,-1.2,0.014,-0.653,-0.038,2.024,15.15,OFF,PAPER,0
47.0,MANUAL,IDLE,,0,0.0,-5.751,2.102,1.2,-1.137,3.061,0.0,0.1,-5.9,-1.3,-0.216,-0.213,-0.111,1.971,10.49,OFF,PAPER,0
47.02,MANUAL,IDLE,,0,0.0,-5.774,2.163,1.2,-1.153,3.059,0.0,0.0,-5.9,-1.4,0.074,0.171,0.016,1.993,12.75,OFF,PAPER,0
47.04,MANUAL,IDLE,,0,0.0,-5.797,2.224,1.2,-1.175,3.057,0.0,0.0,-5.8,-1.4,0.22,0.399,-0.014,1.999,11.57,OFF,PAPER,0
47.06,MANUAL,IDLE,,0,0.0,-5.821,2.286,1.2,-1.19,3.059,0.0,0.1,-5.6,-1.4,-0.195,0.271,-0.016,2.006,16.36,OFF,PAPER,0
47.08,MANUAL,IDLE,,0,0.0,-5.845,2.347,1.2,-1.206,3.063,0.0,0.1,-5.4,-1.5,0.157,0.283,-0.075,1.997,11.29,OFF,PAPER,0
47.1,MANUAL,IDLE,,0,0.0,-5.869,2.408,1.2,-1.23,3.051,0.0,-0.1,-5.1,-1.6,0.034,0.321,-0.148,1.98,8.08,OFF,PAPER,0
47.12,MANUAL,IDLE,,0,0.0,-5.894,2.469,1.2,-1.248,3.047,0.0,-0.2,-4.7,-1.8,-0.037,-0.015,-0.179,1.973,7.35,OFF,PAPER,0
47.14,MANUAL,IDLE,,0,0.0,-5.919,2.53,1.2,-1.267,3.047,0.0,-0.2,-4.4,-1.9,0.189,0.355,-0.1,1.997,13.57,OFF,PAPER,0
47.16,MANUAL,IDLE,,0,0.0,-5.944,2.591,1.2,-1.28,3.051,0.0,-0.1,-4.2,-2.0,0.196,0.239,-0.148,1.998,13.24,OFF,PAPER,0
47.18,MANUAL,IDLE,,0,0.0,-5.97,2.652,1.2,-1.295,3.052,0.0,-0.0,-4.0,-2.2,-0.234,0.08,-0.14,2.003,15.32,OFF,PAPER,0
47.2,MANUAL,IDLE,,0,0.0,-5.996,2.713,1.2,-1.316,3.048,0.0,-0.0,-3.7,-2.4,-0.245,0.331,-0.133,2.006,15.95,OFF,PAPER,0
47.22,MANUAL,IDLE,,0,0.0,-6.023,2.774,1.2,-1.327,3.047,0.0,-0.0,-3.5,-2.4,-0.215,0.185,-0.058,1.979,11.11,OFF,PAPER,0
47.24,MANUAL,IDLE,,0,0.0,-6.049,2.835,1.2,-1.336,3.051,0.0,-0.0,-3.3,-2.5,0.161,0.048,-0.029,1.967,10.36,OFF,PAPER,0
47.26,MANUAL,IDLE,,0,0.0,-6.076,2.896,1.2,-1.35,3.05,0.0,0.0,-3.2,-2.5,-0.029,0.429,0.022,1.987,12.72,OFF,PAPER,0
47.28,MANUAL,IDLE,,0,0.0,-6.103,2.957,1.2,-1.356,3.051,0.0,0.1,-3.2,-2.5,0.068,0.139,0.084,1.963,7.54,OFF,PAPER,0
47.3,MANUAL,IDLE,,0,0.0,-6.13,3.018,1.2,-1.36,3.052,0.0,0.1,-3.2,-2.4,0.119,-0.079,0.05,1.963,5.3,OFF,PAPER,0
47.32,MANUAL,IDLE,,0,0.0,-6.158,3.079,1.2,-1.372,3.046,0.0,0.0,-3.1,-2.4,-0.031,0.301,0.03,2.056,17.92,OFF,PAPER,0
47.34,MANUAL,IDLE,,0,0.0,-6.185,3.14,1.2,-1.381,3.033,0.0,-0.1,-2.9,-2.3,-0.376,-0.026,0.015,1.997,12.83,OFF,PAPER,0
47.36,MANUAL,IDLE,,0,0.0,-6.213,3.2,1.2,-1.399,3.032,0.0,-0.2,-2.8,-2.3,-0.113,0.175,0.007,1.962,5.18,OFF,PAPER,0
47.38,MANUAL,IDLE,,0,0.0,-6.241,3.261,1.2,-1.406,3.036,0.0,-0.1,-2.6,-2.3,0.225,-0.176,0.072,1.981,11.67,OFF,PAPER,0
47.4,MANUAL,IDLE,,0,0.0,-6.269,3.322,1.2,-1.422,3.044,0.0,-0.1,-2.3,-2.2,0.052,0.247,0.044,1.978,8.01,OFF,PAPER,0
47.42,MANUAL,IDLE,,0,0.0,-6.298,3.383,1.2,-1.42,3.046,0.0,-0.1,-2.3,-2.2,-0.45,0.165,0.004,2.005,11.94,OFF,PAPER,0
47.44,MANUAL,IDLE,,0,0.0,-6.326,3.443,1.2,-1.417,3.044,0.0,-0.1,-2.3,-2.3,0.001,-0.245,-0.035,2.01,15.05,OFF,PAPER,0
47.46,MANUAL,IDLE,,0,0.0,-6.354,3.504,1.2,-1.419,3.044,0.0,-0.2,-2.3,-2.3,0.05,0.128,-0.016,2.006,12.15,OFF,PAPER,0
47.48,MANUAL,IDLE,,0,0.0,-6.383,3.565,1.2,-1.427,3.036,0.0,-0.2,-2.1,-2.3,-0.394,0.017,0.036,1.991,9.97,OFF,PAPER,0
47.5,MANUAL,IDLE,,0,0.0,-6.412,3.626,1.2,-1.432,3.039,0.0,-0.3,-2.0,-2.3,0.021,0.031,0.041,2.003,11.61,OFF,PAPER,0
47.52,MANUAL,IDLE,,0,0.0,-6.44,3.687,1.2,-1.443,3.037,0.0,-0.3,-1.9,-2.4,-0.25,0.227,-0.113,1.971,6.74,OFF,PAPER,0
47.54,MANUAL,IDLE,,0,0.0,-6.469,3.747,1.2,-1.453,3.039,0.0,-0.2,-1.8,-2.6,0.573,0.345,-0.131,1.996,10.92,OFF,PAPER,0
47.56,MANUAL,IDLE,,0,0.0,-6.498,3.808,1.2,-1.456,3.046,0.0,-0.1,-1.9,-2.7,-0.012,0.199,-0.099,2.0,13.22,OFF,PAPER,0
47.58,MANUAL,IDLE,,0,0.0,-6.527,3.869,1.2,-1.46,3.048,0.0,-0.0,-1.8,-2.7,0.18,0.29,-0.011,2.029,17.46,OFF,PAPER,0
47.6,MANUAL,IDLE,,0,0.0,-6.557,3.93,1.2,-1.47,3.052,0.0,0.2,-1.6,-2.7,0.244,-0.017,0.069,1.979,9.87,OFF,PAPER,0
47.62,MANUAL,IDLE,,0,0.0,-6.586,3.991,1.2,-1.464,3.049,0.0,0.1,-1.7,-2.6,-0.153,-0.151,0.162,2.004,11.63,OFF,PAPER,0
47.64,MANUAL,IDLE,,0,0.0,-6.615,4.052,1.2,-1.472,3.042,0.0,-0.0,-2.1,-2.4,-0.524,-0.616,0.069,1.989,26.01,OFF,PAPER,0
47.66,MANUAL,IDLE,,0,0.0,-6.645,4.113,1.2,-1.481,3.042,0.0,-0.0,-2.9,-2.3,0.28,-0.876,0.072,1.973,23.83,OFF,PAPER,0
47.68,MANUAL,IDLE,,0,0.0,-6.675,4.174,1.2,-1.495,3.044,0.0,-0.0,-3.8,-2.3,0.112,-0.853,-0.028,1.974,27.66,OFF,PAPER,0
47.7,MANUAL,IDLE,,0,0.0,-6.705,4.235,1.2,-1.51,3.051,0.0,0.1,-4.8,-2.3,0.199,-0.457,-0.002,2.06,7.5,OFF,PAPER,0
47.72,MANUAL,IDLE,,0,0.0,-6.735,4.296,1.2,-1.527,3.048,0.0,0.0,-5.6,-2.3,0.022,-0.84,-0.027,2.019,11.69,OFF,PAPER,0
47.74,MANUAL,IDLE,,0,0.0,-6.766,4.357,1.2,-1.546,3.041,0.0,-0.0,-6.3,-2.3,0.022,-0.459,0.07,2.023,5.7,OFF,PAPER,0
47.76,MANUAL,IDLE,,0,0.0,-6.797,4.417,1.2,-1.561,3.041,0.0,-0.1,-6.5,-2.3,0.007,-0.241,0.018,1.973,11.03,OFF,PAPER,0
47.78,MANUAL,IDLE,,0,0.0,-6.828,4.478,1.2,-1.585,3.04,0.0,-0.1,-6.3,-2.2,0.022,0.303,-0.014,1.989,9.98,OFF,PAPER,0
47.8,MANUAL,IDLE,,0,0.0,-6.86,4.539,1.2,-1.612,3.03,0.0,-0.3,-6.0,-2.2,-0.174,0.477,0.032,1.962,0.93,OFF,PAPER,0
47.82,MANUAL,IDLE,,0,0.0,-6.893,4.6,1.2,-1.624,3.037,0.0,-0.2,-5.8,-2.2,0.203,0.211,0.021,1.974,9.6,OFF,PAPER,0
47.84,MANUAL,IDLE,,0,0.0,-6.925,4.66,1.2,-1.643,3.036,0.0,-0.2,-5.6,-2.1,-0.375,0.132,0.118,2.021,13.82,OFF,PAPER,0
47.86,MANUAL,IDLE,,0,0.0,-6.958,4.721,1.2,-1.666,3.033,0.0,-0.2,-5.3,-2.0,-0.207,0.374,0.059,1.985,13.79,OFF,PAPER,0
47.88,MANUAL,IDLE,,0,0.0,-6.992,4.782,1.2,-1.681,3.038,0.0,-0.1,-5.1,-2.0,0.145,0.235,-0.077,2.017,13.73,OFF,PAPER,0
47.9,MANUAL,IDLE,,0,0.0,-7.026,4.842,1.2,-1.7,3.039,0.0,-0.1,-4.9,-2.2,0.064,0.401,-0.131,1.98,11.27,OFF,PAPER,0
47.92,MANUAL,IDLE,,0,0.0,-7.06,4.903,1.2,-1.717,3.047,0.0,0.0,-4.6,-2.3,-0.025,0.284,-0.063,1.994,12.62,OFF,PAPER,0
47.94,MANUAL,IDLE,,0,0.0,-7.094,4.964,1.2,-1.726,3.051,0.0,0.0,-4.5,-2.4,-0.015,-0.106,-0.058,2.042,17.2,OFF,PAPER,0
47.96,MANUAL,IDLE,,0,0.0,-7.129,5.025,1.2,-1.743,3.042,0.0,-0.0,-4.2,-2.5,-0.131,0.094,-0.095,1.988,13.66,OFF,PAPER,0
47.98,MANUAL,IDLE,,0,0.0,-7.164,5.086,1.2,-1.753,3.05,0.0,-0.0,-4.1,-2.6,0.397,-0.048,-0.158,2.018,14.93,OFF,PAPER,0
48.0,MANUAL,IDLE,,0,0.0,-7.199,5.147,1.2,-1.775,3.051,0.0,-0.0,-3.9,-2.7,0.212,0.482,-0.118,1.972,6.36,OFF,PAPER,0
48.02,MANUAL,IDLE,,0,0.0,-7.235,5.208,1.2,-1.784,3.049,0.0,-0.0,-3.7,-2.8,-0.194,0.329,-0.134,1.971,5.96,OFF,PAPER,0
48.04,MANUAL,IDLE,,0,0.0,-7.271,5.269,1.2,-1.789,3.046,0.0,-0.1,-3.6,-3.0,0.081,-0.04,-0.052,1.98,7.87,OFF,PAPER,0
48.06,MANUAL,IDLE,,0,0.0,-7.306,5.33,1.2,-1.794,3.047,0.0,-0.1,-3.7,-3.0,-0.007,0.3,0.023,2.008,15.56,OFF,PAPER,0
48.08,MANUAL,IDLE,,0,0.0,-7.342,5.391,1.2,-1.806,3.04,0.0,-0.2,-3.5,-3.1,-0.244,0.119,-0.121,2.0,11.88,OFF,PAPER,0
48.1,MANUAL,IDLE,,0,0.0,-7.379,5.452,1.2,-1.819,3.044,0.0,-0.2,-3.3,-3.2,0.032,0.312,-0.126,1.982,13.69,OFF,PAPER,0
48.12,MANUAL,IDLE,,0,0.0,-7.415,5.513,1.2,-1.832,3.04,0.0,-0.3,-3.1,-3.3,-0.135,0.321,-0.091,1.991,10.53,OFF,PAPER,0
48.14,MANUAL,IDLE,,0,0.0,-7.452,5.573,1.2,-1.84,3.047,0.0,-0.3,-3.0,-3.4,-0.069,0.064,-0.086,1.974,7.45,OFF,PAPER,0
48.16,MANUAL,IDLE,,0,0.0,-7.489,5.634,1.2,-1.843,3.04,0.0,-0.4,-3.0,-3.4,0.074,0.111,0.066,1.989,9.71,OFF,PAPER,0
48.18,MANUAL,IDLE,,0,0.0,-7.526,5.695,1.2,-1.846,3.041,0.0,-0.4,-2.9,-3.3,-0.017,-0.132,0.111,1.992,13.75,OFF,PAPER,0
48.2,MANUAL,IDLE,,0,0.0,-7.563,5.756,1.2,-1.855,3.045,0.0,-0.3,-2.7,-3.1,0.248,-0.337,0.126,1.991,11.35,OFF,PAPER,0
48.22,MANUAL,IDLE,,0,0.0,-7.6,5.817,1.2,-1.865,3.054,0.0,-0.1,-2.6,-3.0,0.395,0.382,0.152,1.982,8.09,OFF,PAPER,0
48.24,MANUAL,IDLE,,0,0.0,-7.637,5.878,1.2,-1.873,3.053,0.0,-0.0,-2.5,-2.8,-0.217,0.037,0.076,1.967,4.03,OFF,PAPER,0
48.26,MANUAL,IDLE,,0,0.0,-7.675,5.939,1.2,-1.882,3.053,0.0,-0.0,-2.4,-2.8,-0.187,-0.022,0.041,2.02,14.58,OFF,PAPER,0
48.28,MANUAL,IDLE,,0,0.0,-7.713,6.0,1.2,-1.9,3.059,0.0,-0.0,-2.1,-2.6,0.181,0.317,0.224,1.965,10.6,OFF,PAPER,0
48.3,MANUAL,IDLE,,0,0.0,-7.751,6.061,1.2,-1.903,3.055,0.0,-0.1,-2.2,-2.4,-0.115,-0.029,0.157,2.014,16.71,OFF,PAPER,0
48.32,MANUAL,IDLE,,0,0.0,-7.789,6.123,1.2,-1.908,3.059,0.0,-0.2,-2.0,-2.2,0.051,-0.099,0.163,1.969,11.6,OFF,PAPER,0
48.34,MANUAL,IDLE,,0,0.0,-7.827,6.184,1.2,-1.918,3.053,0.0,-0.3,-2.0,-2.0,-0.069,0.455,0.198,1.982,11.3,OFF,PAPER,0
48.36,MANUAL,IDLE,,0,0.0,-7.865,6.245,1.2,-1.926,3.055,0.0,-0.3,-1.8,-1.9,0.058,0.16,0.124,1.998,12.03,OFF,PAPER,0
48.38,MANUAL,IDLE,,0,0.0,-7.904,6.306,1.2,-1.939,3.064,0.0,-0.3,-1.6,-1.8,-0.162,0.472,0.123,1.968,20.16,OFF,PAPER,0
48.4,MANUAL,IDLE,,0,0.0,-7.943,6.367,1.2,-1.942,3.065,0.0,-1.0,-1.5,-1.7,-0.632,-0.071,0.028,1.979,26.69,OFF,PAPER,0
48.42,MANUAL,IDLE,,0,0.0,-7.982,6.429,1.2,-1.945,3.067,0.0,-2.0,-1.4,-1.8,-0.373,0.169,-0.148,1.98,18.65,OFF,PAPER,0
48.44,MANUAL,IDLE,,0,0.0,-8.021,6.49,1.2,-1.957,3.086,0.0,-2.8,-1.2,-1.9,-1.084,0.448,-0.132,2.059,13.26,OFF,PAPER,0
48.46,MANUAL,IDLE,,0,0.0,-8.06,6.552,1.2,-1.965,3.102,0.0,-3.7,-1.1,-2.0,-1.028,0.178,-0.081,1.982,28.92,OFF,PAPER,0
48.48,MANUAL,IDLE,,0,0.0,-8.099,6.614,1.2,-1.973,3.111,0.0,-4.8,-0.9,-2.1,-1.191,-0.084,-0.083,2.046,21.3,OFF,PAPER,0
48.5,MANUAL,IDLE,,0,0.0,-8.139,6.677,1.2,-1.982,3.135,0.0,-5.6,-0.8,-2.2,-0.661,0.534,-0.044,2.053,14.9,OFF,PAPER,0
48.52,MANUAL,IDLE,,0,0.0,-8.178,6.74,1.2,-1.98,3.161,0.0,-6.3,-0.6,-2.2,-0.813,-0.192,0.076,1.97,20.05,OFF,PAPER,0
48.54,MANUAL,IDLE,,0,0.0,-8.218,6.803,1.2,-1.986,3.185,0.0,-7.2,-0.7,-2.0,-0.778,0.038,0.061,2.039,15.42,OFF,PAPER,0
48.56,MANUAL,IDLE,,0,0.0,-8.258,6.867,1.2,-1.992,3.218,0.0,-7.8,-0.5,-2.0,-0.811,-0.165,0.102,2.026,15.13,OFF,PAPER,0
48.58,MANUAL,IDLE,,0,0.0,-8.298,6.932,1.2,-1.989,3.246,0.0,-8.3,-0.6,-1.9,-0.308,-0.17,-0.009,1.981,18.63,OFF,PAPER,0
48.6,MANUAL,IDLE,,0,0.0,-8.337,6.997,1.2,-1.99,3.277,0.0,-8.3,-0.6,-1.9,0.234,0.025,0.036,1.964,3.67,OFF,PAPER,0
48.62,MANUAL,IDLE,,0,0.0,-8.377,7.063,1.2,-1.992,3.301,0.0,-8.1,-0.6,-1.9,0.275,-0.009,0.036,1.967,7.82,OFF,PAPER,0
48.64,MANUAL,IDLE,,0,0.0,-8.417,7.129,1.2,-1.997,3.329,0.0,-7.8,-0.5,-1.8,-0.041,-0.215,0.041,1.985,9.65,OFF,PAPER,0
48.66,MANUAL,IDLE,,0,0.0,-8.457,7.196,1.2,-1.99,3.363,0.0,-7.3,-0.7,-1.8,0.432,0.096,-0.039,1.962,11.34,OFF,PAPER,0
48.68,MANUAL,IDLE,,0,0.0,-8.497,7.264,1.2,-1.982,3.394,0.0,-6.8,-0.8,-1.9,0.242,-0.377,0.002,1.965,4.06,OFF,PAPER,0
48.7,MANUAL,IDLE,,0,0.0,-8.536,7.332,1.2,-1.984,3.407,0.0,-6.6,-0.7,-1.9,0.274,0.184,-0.025,2.014,12.96,OFF,PAPER,0
48.72,MANUAL,IDLE,,0,0.0,-8.576,7.4,1.2,-1.989,3.419,0.0,-6.4,-0.6,-1.9,0.085,-0.201,0.015,1.969,8.72,OFF,PAPER,0
48.74,MANUAL,IDLE,,0,0.0,-8.616,7.468,1.2,-1.978,3.438,0.0,-6.1,-0.8,-1.9,0.103,-0.145,0.031,2.008,14.23,OFF,PAPER,0
48.76,MANUAL,IDLE,,0,0.0,-8.655,7.537,1.2,-1.981,3.456,0.0,-5.8,-0.9,-1.9,0.436,0.224,-0.114,1.993,10.64,OFF,PAPER,0
48.78,MANUAL,IDLE,,0,0.0,-8.695,7.607,1.2,-1.995,3.475,0.0,-5.5,-0.6,-2.1,-0.234,0.071,-0.154,1.967,6.65,OFF,PAPER,0
48.8,MANUAL,IDLE,,0,0.0,-8.735,7.676,1.2,-2.005,3.492,0.0,-5.5,-0.5,-2.2,-0.416,0.031,-0.093,1.97,14.26,OFF,PAPER,0
48.82,MANUAL,IDLE,,0,0.0,-8.775,7.747,1.2,-1.998,3.516,0.0,-5.9,-0.6,-2.2,-0.386,0.013,0.065,2.032,10.26,OFF,PAPER,0
48.84,MANUAL,IDLE,,0,0.0,-8.815,7.817,1.2,-1.994,3.541,0.0,-6.4,-0.6,-2.1,-0.5,-0.148,0.038,2.038,12.73,OFF,PAPER,0
48.86,MANUAL,IDLE,,0,0.0,-8.855,7.888,1.2,-1.998,3.564,0.0,-7.1,-0.6,-2.1,-0.483,-0.372,0.054,1.969,17.95,OFF,PAPER,0
48.88,MANUAL,IDLE,,0,0.0,-8.895,7.96,1.2,-1.999,3.589,0.0,-7.9,-0.5,-2.0,-0.603,0.017,0.091,2.01,11.91,OFF,PAPER,0
48.9,MANUAL,IDLE,,0,0.0,-8.935,8.032,1.2,-1.999,3.618,0.0,-8.7,-0.5,-1.9,-0.572,-0.291,0.18,1.967,24.64,OFF,PAPER,0
48.92,MANUAL,IDLE,,0,0.0,-8.975,8.104,1.2,-1.993,3.653,0.0,-9.2,-0.7,-1.7,-0.152,0.022,0.073,2.011,15.69,OFF,PAPER,0
48.94,MANUAL,IDLE,,0,0.0,-9.015,8.178,1.2,-2.0,3.681,0.0,-9.9,-0.5,-1.7,-0.679,0.19,0.063,2.128,11.62,OFF,PAPER,0
48.96,MANUAL,IDLE,,0,0.0,-9.055,8.252,1.2,-1.991,3.717,0.0,-10.6,-0.6,-1.6,-0.886,-0.31,0.108,2.134,6.39,OFF,PAPER,0
48.98,MANUAL,IDLE,,0,0.0,-9.095,8.327,1.2,-1.991,3.755,0.0,-11.2,-0.6,-1.5,-0.507,-0.224,0.05,1.965,25.08,OFF,PAPER,0
49.0,MANUAL,IDLE,,0,0.0,-9.134,8.402,1.2,-1.993,3.793,0.0,-11.8,-0.6,-1.4,-0.441,0.123,0.067,1.985,20.3,OFF,PAPER,0
49.02,MANUAL,IDLE,,0,0.0,-9.174,8.478,1.2,-1.991,3.831,0.0,-12.4,-0.5,-1.4,-0.398,0.059,0.022,2.032,11.05,OFF,PAPER,0
49.04,MANUAL,IDLE,,0,0.0,-9.214,8.555,1.2,-1.984,3.869,0.0,-13.0,-0.7,-1.3,-0.585,0.184,0.096,2.165,14.28,OFF,PAPER,0
49.06,MANUAL,IDLE,,0,0.0,-9.254,8.633,1.2,-1.985,3.916,0.0,-13.5,-0.5,-1.2,-0.609,0.087,0.114,1.975,23.44,OFF,PAPER,0
49.08,MANUAL,IDLE,,0,0.0,-9.293,8.712,1.2,-1.985,3.967,0.0,-14.0,-0.5,-1.1,-0.805,0.016,0.126,1.978,17.78,OFF,PAPER,0
49.1,MANUAL,IDLE,,0,0.0,-9.333,8.792,1.2,-1.99,4.014,0.0,-14.5,-0.4,-0.9,-0.494,0.104,0.143,2.0,22.74,OFF,PAPER,0
49.12,MANUAL,IDLE,,0,0.0,-9.373,8.873,1.2,-1.984,4.057,0.0,-15.0,-0.4,-0.8,-0.52,0.229,0.103,2.002,19.14,OFF,PAPER,0
49.14,MANUAL,IDLE,,0,0.0,-9.413,8.954,1.2,-1.986,4.12,0.0,-15.3,-0.4,-0.7,0.179,0.314,0.082,2.166,10.65,OFF,PAPER,0
49.16,MANUAL,IDLE,,0,0.0,-9.452,9.037,1.2,-1.98,4.167,0.0,-15.6,-0.3,-0.6,-0.249,-0.015,0.119,2.079,8.16,OFF,PAPER,0
49.18,MANUAL,IDLE,,0,0.0,-9.492,9.121,1.2,-1.981,4.216,0.0,-16.1,-0.3,-0.4,-0.62,0.055,0.138,2.022,20.92,OFF,PAPER,0
49.2,MANUAL,IDLE,,0,0.0,-9.531,9.206,1.2,-1.981,4.273,0.0,-16.5,-0.2,-0.3,-0.498,-0.122,0.088,2.049,6.58,OFF,PAPER,0
49.22,MANUAL,IDLE,,0,0.0,-9.571,9.292,1.2,-1.979,4.336,0.0,-16.7,-0.2,-0.4,-0.362,0.089,-0.077,2.052,12.18,OFF,PAPER,0
49.24,MANUAL,IDLE,,0,0.0,-9.611,9.379,1.2,-1.981,4.393,0.0,-17.0,-0.2,-0.5,-0.423,-0.105,-0.124,2.128,8.5,OFF,PAPER,0
49.26,MANUAL,IDLE,,0,0.0,-9.65,9.468,1.2,-1.979,4.448,0.0,-17.4,-0.2,-0.7,-0.299,-0.038,-0.142,2.067,9.08,OFF,PAPER,0
49.28,MANUAL,IDLE,,0,0.0,-9.69,9.557,1.2,-1.981,4.51,0.0,-17.7,-0.1,-0.8,0.001,0.114,-0.052,2.179,8.45,OFF,PAPER,0
49.3,MANUAL,IDLE,,0,0.0,-9.729,9.648,1.2,-1.976,4.568,0.0,-18.0,-0.2,-0.7,-0.456,-0.017,-0.013,2.113,10.78,OFF,PAPER,0
49.32,MANUAL,IDLE,,0,0.0,-9.769,9.74,1.2,-1.972,4.626,0.0,-18.3,-0.3,-0.7,-0.387,-0.166,-0.078,2.176,10.36,OFF,PAPER,0
49.34,MANUAL,IDLE,,0,0.0,-9.808,9.833,1.2,-1.97,4.699,0.0,-18.3,-0.3,-0.8,-0.05,0.202,-0.032,2.121,8.25,OFF,PAPER,0
49.36,MANUAL,IDLE,,0,0.0,-9.848,9.928,1.2,-1.971,4.763,0.0,-18.5,-0.3,-0.9,-0.099,0.396,-0.054,2.302,16.5,OFF,PAPER,0
49.38,MANUAL,IDLE,,0,0.0,-9.887,10.024,1.2,-1.964,4.831,0.0,-18.7,-0.4,-1.0,-0.049,-0.205,-0.215,2.091,9.85,OFF,PAPER,0
49.4,MANUAL,IDLE,,0,0.0,-9.926,10.121,1.2,-1.966,4.894,0.0,-18.8,-0.4,-1.2,0.205,-0.254,-0.229,2.185,16.65,OFF,PAPER,0
49.42,MANUAL,IDLE,,0,0.0,-9.966,10.22,1.2,-1.969,4.965,0.0,-18.3,-0.4,-1.5,0.941,-0.061,-0.279,2.161,22.37,OFF,PAPER,0
49.44,MANUAL,IDLE,,0,0.0,-10.005,10.32,1.2,-1.978,5.03,0.0,-17.6,-0.3,-1.8,0.573,0.026,-0.226,2.097,19.07,OFF,PAPER,0
49.46,MANUAL,IDLE,,0,0.0,-10.045,10.421,1.2,-1.975,5.097,0.0,-16.7,-0.5,-2.0,0.297,-0.257,-0.137,2.015,12.67,OFF,PAPER,0
49.48,MANUAL,IDLE,,0,0.0,-10.084,10.523,1.2,-1.973,5.15,0.0,-16.0,-0.5,-2.1,0.764,-0.365,-0.093,2.193,26.23,OFF,PAPER,0
49.5,MANUAL,IDLE,,0,0.0,-10.124,10.627,1.2,-1.969,5.202,0.0,-15.2,-0.6,-2.3,0.91,-0.57,-0.164,2.013,13.38,OFF,PAPER,0
49.52,MANUAL,IDLE,,0,0.0,-10.163,10.732,1.2,-1.957,5.261,0.0,-14.3,-0.9,-2.4,0.867,-0.12,-0.08,2.066,18.47,OFF,PAPER,0
49.54,MANUAL,IDLE,,0,0.0,-10.202,10.837,1.2,-1.957,5.308,0.0,-13.6,-1.0,-2.5,0.536,0.011,-0.17,1.981,11.37,OFF,PAPER,0
49.56,MANUAL,IDLE,,0,0.0,-10.241,10.944,1.2,-1.957,5.356,0.0,-12.9,-1.0,-2.7,0.183,0.208,-0.05,2.02,14.78,OFF,PAPER,0
49.58,MANUAL,IDLE,,0,0.0,-10.28,11.052,1.2,-1.953,5.401,0.0,-12.4,-1.0,-2.7,0.668,-0.277,-0.013,1.986,9.1,OFF,PAPER,0
49.6,MANUAL,IDLE,,0,0.0,-10.319,11.16,1.2,-1.946,5.451,0.0,-11.7,-1.1,-2.6,0.505,-0.128,0.085,2.124,22.59,OFF,PAPER,0
49.62,MANUAL,IDLE,,0,0.0,-10.358,11.27,1.2,-1.951,5.498,0.0,-11.0,-1.0,-2.6,0.67,0.171,0.054,2.105,24.27,OFF,PAPER,0
49.64,MANUAL,IDLE,,0,0.0,-10.397,11.38,1.2,-1.947,5.533,0.0,-10.5,-1.0,-2.5,0.58,0.255,0.022,1.991,11.2,OFF,PAPER,0
49.66,MANUAL,IDLE,,0,0.0,-10.423,11.463,1.203,-0.377,1.383,0.366,-10.9,-1.1,-1.2,-2.028,-0.382,1.332,1.708,12.49,OFF,PAPER,122
49.68,MANUAL,IDLE,,0,0.0,-10.426,11.465,1.212,-0.03,-0.538,0.482,-14.2,-1.1,-0.3,-3.157,-0.103,0.345,1.566,4.53,OFF,PAPER,322
49.7,MANUAL,IDLE,,0,0.0,-10.426,11.453,1.221,-0.009,-0.614,0.397,-17.3,-1.1,-0.1,-2.079,0.008,0.167,1.64,15.09,OFF,PAPER,522
49.72,MANUAL,IDLE,,0,0.0,-10.426,11.441,1.228,-0.016,-0.601,0.323,-18.6,-1.0,0.1,-0.165,0.094,0.167,1.909,29.3,OFF,PAPER,722
49.74,MANUAL,IDLE,,0,0.0,-10.427,11.429,1.234,-0.026,-0.565,0.276,-18.1,-0.8,0.2,0.576,0.343,0.059,1.93,28.25,OFF,PAPER,845
49.76,MANUAL,IDLE,,0,0.0,-10.427,11.418,1.239,-0.035,-0.507,0.251,-17.2,-0.6,0.2,0.474,-0.018,0.018,1.734,13.04,OFF,PAPER,845
49.78,MANUAL,IDLE,,0,0.0,-10.428,11.408,1.244,-0.034,-0.46,0.226,-16.5,-0.6,0.2,0.711,0.233,-0.08,1.854,21.48,OFF,PAPER,845
49.8,MANUAL,IDLE,,0,0.0,-10.429,11.4,1.248,-0.031,-0.41,0.204,-15.6,-0.6,0.1,0.734,-0.021,-0.083,1.848,21.57,OFF,PAPER,845
49.82,MANUAL,IDLE,,0,0.0,-10.429,11.392,1.252,-0.034,-0.361,0.182,-14.7,-0.5,-0.0,0.531,-0.221,-0.023,1.818,16.7,OFF,PAPER,845
49.84,MANUAL,IDLE,,0,0.0,-10.43,11.385,1.255,-0.032,-0.307,0.162,-13.9,-0.5,-0.1,0.724,0.059,-0.136,1.805,13.57,OFF,PAPER,845
49.86,MANUAL,IDLE,,0,0.0,-10.431,11.38,1.258,-0.034,-0.277,0.142,-13.4,-0.5,-0.2,0.142,0.127,-0.14,1.903,21.16,OFF,PAPER,845
49.88,MANUAL,IDLE,,0,0.0,-10.431,11.374,1.261,-0.027,-0.234,0.124,-12.8,-0.6,-0.4,0.648,-0.087,-0.061,1.793,5.65,OFF,PAPER,845
49.9,MANUAL,IDLE,,0,0.0,-10.432,11.37,1.263,-0.031,-0.195,0.107,-12.2,-0.5,-0.4,0.519,0.279,0.01,1.818,9.07,OFF,PAPER,845
49.92,MANUAL,IDLE,,0,0.0,-10.432,11.367,1.265,-0.033,-0.156,0.091,-11.6,-0.4,-0.4,0.548,0.277,-0.016,1.84,14.95,OFF,PAPER,845
49.94,MANUAL,IDLE,,0,0.0,-10.433,11.364,1.267,-0.034,-0.12,0.076,-11.0,-0.3,-0.4,0.674,0.299,-0.011,1.83,7.42,OFF,PAPER,845
49.96,MANUAL,IDLE,,0,0.0,-10.434,11.362,1.268,-0.042,-0.087,0.062,-10.4,-0.2,-0.5,0.438,0.275,0.023,1.849,9.65,OFF,PAPER,845
49.98,MANUAL,IDLE,,0,0.0,-10.435,11.36,1.269,-0.053,-0.063,0.049,-10.1,0.0,-0.5,0.117,0.008,0.016,1.873,11.76,OFF,PAPER,845
50.0,MANUAL,IDLE,,0,0.0,-10.436,11.359,1.27,-0.05,-0.034,0.037,-9.6,0.0,-0.5,0.227,0.049,0.022,1.877,12.27,OFF,PAPER,845
50.02,MANUAL,IDLE,,0,0.0,-10.437,11.359,1.271,-0.047,-0.017,0.025,-9.4,0.0,-0.4,0.411,0.006,0.073,1.853,7.35,OFF,PAPER,845
50.04,MANUAL,IDLE,,0,0.0,-10.438,11.359,1.271,-0.046,0.009,0.015,-9.0,-0.1,-0.4,0.132,0.083,-0.056,1.879,13.29,OFF,PAPER,845
50.06,MANUAL,IDLE,,0,0.0,-10.439,11.359,1.271,-0.048,0.045,0.005,-8.5,0.0,-0.5,0.521,-0.192,-0.064,1.916,17.79,OFF,PAPER,845
50.08,MANUAL,IDLE,,0,0.0,-10.44,11.361,1.271,-0.052,0.074,-0.005,-8.0,0.1,-0.6,0.216,-0.19,-0.03,1.982,19.42,OFF,PAPER,845
50.1,MANUAL,IDLE,,0,0.0,-10.441,11.362,1.271,-0.05,0.106,-0.013,-7.6,0.1,-0.6,0.341,-0.222,-0.007,1.926,13.37,OFF,PAPER,845
50.12,MANUAL,IDLE,,0,0.0,-10.442,11.365,1.271,-0.049,0.126,-0.021,-7.3,0.1,-0.6,0.304,0.144,-0.006,1.92,12.21,OFF,PAPER,845
50.14,MANUAL,IDLE,,0,0.0,-10.443,11.368,1.27,-0.057,0.152,-0.028,-6.8,0.2,-0.7,0.283,0.062,-0.1,1.915,14.41,OFF,PAPER,845
50.16,MANUAL,IDLE,,0,0.0,-10.444,11.371,1.27,-0.062,0.169,-0.035,-6.6,0.3,-0.9,-0.168,0.173,-0.239,1.903,9.09,OFF,PAPER,845
50.18,MANUAL,IDLE,,0,0.0,-10.445,11.374,1.269,-0.058,0.191,-0.041,-6.3,0.3,-1.2,0.334,-0.125,-0.251,1.912,14.0,OFF,PAPER,845
50.2,MANUAL,IDLE,,0,0.0,-10.446,11.378,1.268,-0.054,0.207,-0.047,-6.0,0.2,-1.4,0.606,-0.097,-0.194,1.951,12.06,OFF,PAPER,845
50.22,MANUAL,IDLE,,0,0.0,-10.447,11.383,1.267,-0.052,0.228,-0.052,-5.7,0.2,-1.6,0.438,0.087,-0.112,1.919,8.76,OFF,PAPER,845
50.24,MANUAL,IDLE,,0,0.0,-10.448,11.387,1.266,-0.058,0.241,-0.057,-5.4,0.4,-1.7,0.403,0.216,-0.087,1.927,9.67,OFF,PAPER,845
50.26,MANUAL,IDLE,,0,0.0,-10.449,11.392,1.265,-0.05,0.261,-0.061,-5.2,0.3,-1.7,0.462,-0.108,-0.004,1.948,12.99,OFF,PAPER,845
50.28,MANUAL,IDLE,,0,0.0,-10.45,11.398,1.264,-0.05,0.275,-0.065,-4.9,0.3,-1.7,-0.12,-0.24,0.027,1.95,13.78,OFF,PAPER,845
50.3,MANUAL,IDLE,,0,0.0,-10.451,11.403,1.262,-0.045,0.286,-0.068,-4.9,0.3,-1.7,0.228,0.054,-0.027,1.961,11.23,OFF,PAPER,845
50.32,MANUAL,IDLE,,0,0.0,-10.452,11.409,1.261,-0.041,0.291,-0.071,-4.7,0.2,-1.7,-0.087,-0.05,-0.055,2.006,15.6,OFF,PAPER,845
50.34,MANUAL,IDLE,,0,0.0,-10.453,11.415,1.26,-0.042,0.308,-0.074,-4.5,0.2,-1.8,0.198,0.052,-0.042,1.952,9.73,OFF,PAPER,845
50.36,MANUAL,IDLE,,0,0.0,-10.454,11.421,1.258,-0.037,0.326,-0.076,-4.3,0.1,-1.9,0.233,0.008,-0.036,1.951,9.41,OFF,PAPER,845
50.38,MANUAL,IDLE,,0,0.0,-10.454,11.427,1.256,0.095,0.173,-0.081,-4.0,0.1,-1.5,0.182,0.118,0.79,1.949,12.07,OFF,PAPER,971
50.4,MANUAL,IDLE,,0,0.0,-10.451,11.43,1.255,0.137,0.112,-0.086,-3.6,0.3,-0.3,0.481,-0.012,1.42,2.008,16.32,OFF,PAPER,1171
50.42,MANUAL,IDLE,,0,0.0,-10.449,11.43,1.253,0.041,-0.042,-0.065,-3.3,0.4,0.6,0.535,0.431,0.118,1.967,12.54,OFF,PAPER,1371
50.44,MANUAL,IDLE,,0,0.0,-10.449,11.429,1.252,0.036,-0.065,-0.051,-2.9,0.9,0.2,0.369,0.72,-0.529,1.961,29.61,OFF,PAPER,1571
50.46,MANUAL,IDLE,,0,0.0,-10.448,11.428,1.251,0.031,-0.046,-0.054,-2.6,1.9,-0.4,0.254,1.023,-0.465,1.943,21.06,OFF,PAPER,1573
50.48,MANUAL,IDLE,,0,0.0,-10.447,11.427,1.25,0.042,-0.042,-0.057,-2.5,2.9,-0.9,-0.006,0.735,-0.307,1.945,25.78,OFF,PAPER,1573
50.5,MANUAL,IDLE,,0,0.0,-10.446,11.426,1.249,0.042,-0.031,-0.059,-2.5,4.1,-1.2,0.224,0.672,-0.194,1.952,17.13,OFF,PAPER,1573
50.52,MANUAL,IDLE,,0,0.0,-10.445,11.425,1.248,0.06,-0.03,-0.064,-2.5,4.9,-1.4,-0.31,0.537,-0.118,2.045,15.41,OFF,PAPER,1583
50.54,MANUAL,IDLE,,0,0.0,-10.444,11.425,1.246,0.074,-0.031,-0.065,-2.5,5.8,-1.5,-0.202,0.779,-0.043,1.968,17.08,OFF,PAPER,1587
50.56,MANUAL,IDLE,,0,0.0,-10.442,11.424,1.245,0.095,-0.024,-0.067,-2.5,6.7,-1.6,0.305,0.589,-0.058,1.955,24.83,OFF,PAPER,1587
50.58,MANUAL,IDLE,,0,0.0,-10.44,11.424,1.244,0.119,-0.015,-0.068,-2.2,7.5,-1.7,0.174,0.543,-0.026,1.958,28.07,OFF,PAPER,1587
50.6,MANUAL,IDLE,,0,0.0,-10.438,11.424,1.242,0.14,-0.01,-0.069,-2.1,8.3,-1.8,-0.065,0.536,-0.017,1.974,16.64,OFF,PAPER,1587
50.62,MANUAL,IDLE,,0,0.0,-10.435,11.423,1.241,0.176,-0.01,-0.07,-2.2,8.9,-1.8,0.227,0.176,-0.037,1.958,20.32,OFF,PAPER,1587
50.64,MANUAL,IDLE,,0,0.0,-10.431,11.423,1.239,0.211,-0.003,-0.071,-2.1,9.5,-1.9,0.418,0.517,-0.028,1.982,24.48,OFF,PAPER,1587
50.66,MANUAL,IDLE,,0,0.0,-10.426,11.423,1.238,0.24,0.0,-0.072,-2.1,10.2,-2.0,0.128,0.445,-0.099,2.093,12.99,OFF,PAPER,1587
50.68,MANUAL,IDLE,,0,0.0,-10.421,11.423,1.237,0.278,0.008,-0.072,-2.0,10.8,-2.2,0.004,0.358,-0.116,2.02,10.25,OFF,PAPER,1587
50.7,MANUAL,IDLE,,0,0.0,-10.415,11.424,1.235,0.322,0.01,-0.074,-1.9,11.2,-2.1,-0.041,0.35,-0.002,1.99,20.18,OFF,PAPER,1616
50.72,MANUAL,IDLE,,0,0.0,-10.408,11.424,1.234,0.359,0.013,-0.074,-1.8,11.3,-2.0,0.094,-0.004,0.101,2.044,12.44,OFF,PAPER,1625
50.74,MANUAL,IDLE,,0,0.0,-10.401,11.424,1.232,0.402,0.015,-0.074,-1.9,11.0,-2.0,0.101,-0.254,-0.019,2.107,18.62,OFF,PAPER,1625
50.76,MANUAL,IDLE,,0,0.0,-10.392,11.424,1.231,0.442,0.013,-0.07,-1.8,10.6,-1.7,-0.181,-0.738,0.189,2.156,23.26,OFF,PAPER,1640
50.78,MANUAL,IDLE,,0,0.0,-10.383,11.425,1.229,0.485,0.018,-0.07,-1.7,10.0,-1.6,0.159,-0.5,0.04,1.995,14.31,OFF,PAPER,1640
50.8,MANUAL,IDLE,,0,0.0,-10.373,11.425,1.228,0.518,0.012,-0.07,-1.7,9.5,-1.4,-0.103,-0.503,0.146,2.078,21.12,OFF,PAPER,1640
50.82,MANUAL,IDLE,,0,0.0,-10.362,11.425,1.227,0.541,0.013,-0.069,-1.7,9.2,-1.2,0.189,-0.204,0.204,1.98,11.9,OFF,PAPER,1640
50.84,MANUAL,IDLE,,0,0.0,-10.351,11.426,1.225,0.579,0.025,-0.069,-1.4,8.8,-0.9,0.093,-0.295,0.226,1.983,7.72,OFF,PAPER,1640
50.86,MANUAL,IDLE,,0,0.0,-10.339,11.426,1.224,0.604,0.03,-0.068,-1.3,8.4,-0.7,-0.138,-0.506,0.062,2.043,16.07,OFF,PAPER,1640
50.88,MANUAL,IDLE,,0,0.0,-10.327,11.427,1.222,0.628,0.031,-0.067,-1.3,8.2,-0.6,0.252,0.063,0.069,2.026,8.18,OFF,PAPER,1640
50.9,MANUAL,IDLE,,0,0.0,-10.314,11.427,1.221,0.658,0.037,-0.066,-1.2,8.6,-0.5,-0.055,0.386,0.046,2.091,11.46,OFF,PAPER,1640
50.92,MANUAL,IDLE,,0,0.0,-10.301,11.428,1.22,0.676,0.041,-0.065,-1.0,9.2,-0.5,0.112,0.534,0.505,2.07,10.93,OFF,PAPER,1668
50.94,MANUAL,IDLE,,0,0.0,-10.287,11.429,1.218,0.706,0.043,-0.064,-0.8,9.8,-0.0,-0.153,0.746,0.347,1.989,23.29,OFF,PAPER,1670
50.96,MANUAL,IDLE,,0,0.0,-10.273,11.429,1.217,0.645,-0.059,-0.054,-0.6,10.5,0.1,0.346,0.302,-0.085,2.074,11.25,OFF,PAPER,1707
50.98,MANUAL,IDLE,,0,0.0,-10.26,11.428,1.216,0.683,-0.048,-0.053,-0.4,11.2,-0.0,-0.266,0.356,-0.084,2.02,21.0,OFF,PAPER,1707
51.0,MANUAL,IDLE,,0,0.0,-10.246,11.427,1.215,0.72,-0.049,-0.053,-0.5,11.8,-0.1,-0.117,0.554,-0.116,2.012,16.18,OFF,PAPER,1707
51.02,MANUAL,IDLE,,0,0.0,-10.231,11.426,1.214,0.762,-0.044,-0.052,-0.4,12.4,-0.4,0.152,0.738,-0.275,1.993,14.74,OFF,PAPER,1707
51.04,MANUAL,IDLE,,0,0.0,-10.216,11.425,1.213,0.812,-0.043,-0.052,-0.5,12.8,-0.7,0.057,0.328,-0.32,2.059,19.01,OFF,PAPER,1707
51.06,MANUAL,IDLE,,0,0.0,-10.199,11.424,1.212,0.864,-0.04,-0.051,-0.5,13.3,-1.0,-0.005,0.394,-0.241,2.083,9.66,OFF,PAPER,1707
51.08,MANUAL,IDLE,,0,0.0,-10.181,11.424,1.211,0.916,-0.032,-0.05,-0.4,13.3,-1.2,0.132,-0.18,-0.077,1.997,5.88,OFF,PAPER,1707
51.1,MANUAL,IDLE,,0,0.0,-10.162,11.423,1.21,0.955,-0.024,-0.05,-0.3,12.9,-1.3,0.199,-0.155,-0.059,2.102,18.58,OFF,PAPER,1707
51.12,MANUAL,IDLE,,0,0.0,-10.143,11.422,1.209,1.0,-0.025,-0.049,-0.3,12.3,-1.4,-0.138,-0.491,-0.029,2.042,17.08,OFF,PAPER,1707
51.14,MANUAL,IDLE,,0,0.0,-10.123,11.422,1.208,1.044,-0.027,-0.048,-0.4,11.8,-1.4,-0.165,-0.891,-0.101,2.147,24.85,OFF,PAPER,1707
51.16,MANUAL,IDLE,,0,0.0,-10.101,11.421,1.207,1.087,-0.033,-0.047,-0.5,11.1,-1.5,0.571,-0.662,-0.119,1.99,8.3,OFF,PAPER,1707
51.18,MANUAL,IDLE,,0,0.0,-10.079,11.421,1.206,1.123,-0.036,-0.046,-0.5,10.5,-1.7,0.21,-0.595,-0.161,1.975,7.76,OFF,PAPER,1707
51.2,MANUAL,IDLE,,0,0.0,-10.056,11.42,1.205,1.156,-0.039,-0.045,-0.5,10.1,-1.8,-0.048,-0.594,-0.101,2.111,20.91,OFF,PAPER,1707
51.22,MANUAL,IDLE,,0,0.0,-10.033,11.419,1.204,1.197,-0.039,-0.044,-0.6,9.4,-1.9,-0.174,-0.613,-0.068,1.975,6.95,OFF,PAPER,1707
51.24,MANUAL,IDLE,,0,0.0,-10.009,11.418,1.204,1.231,-0.046,-0.043,-0.7,9.0,-2.0,0.108,-0.43,-0.03,1.992,8.25,OFF,PAPER,1707
51.26,MANUAL,IDLE,,0,0.0,-9.984,11.417,1.203,1.268,-0.047,-0.042,-0.7,8.5,-1.9,-0.156,-0.764,0.021,2.017,14.8,OFF,PAPER,1707
51.28,MANUAL,IDLE,,0,0.0,-9.958,11.416,1.202,1.293,-0.043,-0.041,-0.7,8.1,-2.0,-0.095,-0.57,-0.059,2.055,19.18,OFF,PAPER,1707
51.3,MANUAL,IDLE,,0,0.0,-9.932,11.415,1.201,1.33,-0.05,-0.04,-0.7,7.4,-2.0,0.015,-0.813,-0.045,2.088,19.86,OFF,PAPER,1707
51.32,MANUAL,IDLE,,0,0.0,-9.905,11.414,1.2,1.352,-0.044,-0.039,-0.6,7.1,-2.1,0.239,-0.155,-0.068,2.016,22.99,OFF,PAPER,1707
51.34,MANUAL,IDLE,,0,0.0,-9.878,11.414,1.2,1.379,-0.044,-0.038,-0.6,6.2,-2.2,0.048,-0.6,-0.038,1.994,27.01,OFF,PAPER,1707
51.36,MANUAL,IDLE,,0,0.0,-9.85,11.413,1.199,1.399,-0.044,-0.037,-0.7,5.1,-2.2,0.23,-0.807,-0.124,1.988,28.83,OFF,PAPER,1707
51.38,MANUAL,IDLE,,0,0.0,-9.822,11.412,1.198,1.41,-0.04,-0.036,-0.6,3.9,-2.3,0.01,-0.897,-0.124,2.067,37.24,OFF,PAPER,1707
51.4,MANUAL,IDLE,,0,0.0,-9.793,11.411,1.197,1.418,-0.046,-0.034,-0.6,2.7,-2.5,-0.321,-0.982,-0.114,1.991,30.13,OFF,PAPER,1707
51.42,MANUAL,IDLE,,0,0.0,-9.765,11.41,1.197,1.43,-0.046,-0.033,-0.6,1.3,-2.6,-0.144,-0.825,-0.092,1.98,28.15,OFF,PAPER,1707
51.44,MANUAL,IDLE,,0,0.0,-9.736,11.409,1.196,1.428,-0.041,-0.032,-0.6,0.2,-2.6,0.045,-0.587,0.001,1.991,23.72,OFF,PAPER,1707
51.46,MANUAL,IDLE,,0,0.0,-9.708,11.408,1.195,1.425,-0.05,-0.031,-0.7,-0.8,-2.7,-0.148,-1.121,-0.137,2.005,34.15,OFF,PAPER,1707
51.48,MANUAL,IDLE,,0,0.0,-9.679,11.407,1.195,1.419,-0.049,-0.03,-0.8,-1.9,-2.9,0.093,-1.051,-0.082,1.987,26.74,OFF,PAPER,1707
51.5,MANUAL,IDLE,,0,0.0,-9.651,11.406,1.194,1.412,-0.051,-0.029,-0.8,-3.0,-2.9,0.052,-0.901,0.021,1.979,26.9,OFF,PAPER,1707
51.52,MANUAL,IDLE,,0,0.0,-9.623,11.405,1.194,1.405,-0.043,-0.028,-0.7,-4.0,-2.9,0.144,-1.013,-0.055,2.012,19.17,OFF,PAPER,1707
51.54,MANUAL,IDLE,,0,0.0,-9.595,11.405,1.193,1.388,-0.035,-0.027,-0.5,-4.9,-2.9,-0.239,-0.647,0.06,2.006,19.97,OFF,PAPER,1707
51.56,MANUAL,IDLE,,0,0.0,-9.567,11.404,1.193,1.366,-0.03,-0.026,-0.5,-5.8,-2.8,-0.151,-0.608,0.053,1.98,28.43,OFF,PAPER,1707
51.58,MANUAL,IDLE,,0,0.0,-9.54,11.403,1.192,1.345,-0.035,-0.025,-0.6,-6.6,-2.8,-0.177,-1.177,-0.02,2.067,7.5,OFF,PAPER,1707
51.6,MANUAL,IDLE,,0,0.0,-9.514,11.403,1.192,1.328,-0.038,-0.024,-0.6,-7.6,-2.8,-0.265,-1.005,-0.044,1.981,23.26,OFF,PAPER,1707
51.62,MANUAL,IDLE,,0,0.0,-9.487,11.402,1.191,1.305,-0.031,-0.023,-0.5,-8.5,-2.8,0.093,-0.684,-0.06,1.983,17.81,OFF,PAPER,1707
51.64,MANUAL,IDLE,,0,0.0,-9.461,11.401,1.191,1.271,-0.02,-0.022,-0.4,-9.1,-2.8,-0.017,-0.526,0.107,2.034,10.24,OFF,PAPER,1707
51.66,MANUAL,IDLE,,0,0.0,-9.436,11.401,1.19,1.238,-0.011,-0.021,-0.3,-9.7,-2.6,0.322,-0.702,0.109,1.995,22.1,OFF,PAPER,1707
51.68,MANUAL,IDLE,,0,0.0,-9.412,11.401,1.19,1.207,-0.015,-0.02,-0.4,-10.4,-2.4,0.183,-0.66,0.105,2.088,10.9,OFF,PAPER,1707
51.7,MANUAL,IDLE,,0,0.0,-9.388,11.4,1.189,1.176,-0.017,-0.019,-0.5,-11.0,-2.3,-0.03,-0.625,0.12,2.053,13.74,OFF,PAPER,1707
51.72,MANUAL,IDLE,,0,0.0,-9.365,11.4,1.189,1.14,-0.013,-0.018,-0.4,-11.7,-2.2,-0.151,-0.316,0.076,1.993,20.72,OFF,PAPER,1707
51.74,MANUAL,IDLE,,0,0.0,-9.343,11.4,1.189,1.099,-0.013,-0.018,-0.4,-12.2,-2.1,-0.126,-0.531,0.017,1.978,19.33,OFF,PAPER,1707
51.76,MANUAL,IDLE,,0,0.0,-9.321,11.4,1.188,1.068,-0.01,-0.017,-0.4,-12.9,-2.1,0.168,-1.027,0.007,1.976,23.74,OFF,PAPER,1707
51.78,MANUAL,IDLE,,0,0.0,-9.3,11.4,1.188,1.021,-0.014,-0.016,-0.4,-13.4,-2.0,-0.251,-0.571,0.118,2.128,11.87,OFF,PAPER,1707
51.8,MANUAL,IDLE,,0,0.0,-9.28,11.399,1.188,0.967,-0.009,-0.015,-0.4,-13.8,-1.9,0.009,-0.496,0.171,2.137,12.19,OFF,PAPER,1707
51.82,MANUAL,IDLE,,0,0.0,-9.261,11.399,1.187,0.918,-0.004,-0.014,-0.5,-14.3,-1.6,0.413,-0.245,0.178,1.99,24.11,OFF,PAPER,1707
51.84,MANUAL,IDLE,,0,0.0,-9.244,11.399,1.187,0.859,0.004,-0.013,-0.4,-14.6,-1.4,-0.218,-0.244,0.131,2.041,10.82,OFF,PAPER,1707
51.86,MANUAL,IDLE,,0,0.0,-9.227,11.399,1.187,0.805,0.002,-0.013,-0.6,-15.0,-1.4,-0.011,-0.439,-0.076,2.233,12.06,OFF,PAPER,1707
51.88,MANUAL,IDLE,,0,0.0,-9.212,11.399,1.187,0.738,0.012,-0.012,-0.5,-15.2,-1.5,-0.093,-0.206,-0.053,1.984,19.3,OFF,PAPER,1707
51.9,MANUAL,IDLE,,0,0.0,-9.197,11.4,1.186,0.689,0.008,-0.011,-0.5,-15.7,-1.6,-0.462,-0.156,-0.031,2.086,7.62,OFF,PAPER,1707
51.92,MANUAL,IDLE,,0,0.0,-9.184,11.4,1.186,0.639,0.012,-0.011,-0.6,-16.1,-1.6,0.003,-0.274,-0.051,2.054,7.81,OFF,PAPER,1707
51.94,MANUAL,IDLE,,0,0.0,-9.172,11.4,1.186,0.577,0.015,-0.01,-0.5,-16.4,-1.7,-0.167,0.124,-0.136,2.029,16.1,OFF,PAPER,1707
51.96,MANUAL,IDLE,,0,0.0,-9.161,11.4,1.186,0.519,0.022,-0.009,-0.5,-16.7,-1.8,-0.055,-0.124,-0.051,2.025,14.97,OFF,PAPER,1707
51.98,MANUAL,IDLE,,0,0.0,-9.151,11.401,1.186,0.456,0.028,-0.009,-0.4,-16.9,-1.9,-0.122,0.103,-0.06,2.006,14.94,OFF,PAPER,1707
52.0,MANUAL,IDLE,,0,0.0,-9.142,11.402,1.185,0.405,0.035,-0.008,-0.3,-17.3,-1.9,-0.12,-0.255,0.006,2.052,19.43,OFF,PAPER,1707
52.02,MANUAL,IDLE,,0,0.0,-9.135,11.402,1.185,0.341,0.036,-0.007,-0.4,-17.5,-1.9,0.271,-0.033,0.026,2.168,7.99,OFF,PAPER,1707
52.04,MANUAL,IDLE,,0,0.0,-9.129,11.403,1.185,0.281,0.051,-0.007,-0.1,-17.8,-1.9,0.187,-0.325,-0.035,2.113,11.23,OFF,PAPER,1707
52.06,MANUAL,IDLE,,0,0.0,-9.124,11.404,1.185,0.205,0.058,-0.006,-0.0,-17.9,-2.0,0.265,0.026,-0.031,2.204,8.4,OFF,PAPER,1707
52.08,MANUAL,IDLE,,0,0.0,-9.12,11.405,1.185,0.132,0.058,-0.006,-0.0,-18.0,-2.1,-0.016,-0.427,-0.02,2.188,8.44,OFF,PAPER,1707
52.1,MANUAL,IDLE,,0,0.0,-9.118,11.407,1.185,0.059,0.06,-0.005,-0.1,-18.1,-2.1,-0.046,0.015,-0.041,2.183,7.25,OFF,PAPER,1707
52.12,MANUAL,IDLE,,0,0.0,-9.118,11.408,1.185,-0.002,0.064,-0.005,0.0,-18.4,-2.0,0.141,-0.147,0.106,2.058,9.61,OFF,PAPER,1707
52.14,MANUAL,IDLE,,0,0.0,-9.119,11.409,1.185,-0.07,0.063,-0.004,-0.2,-18.5,-1.9,0.123,-0.299,0.131,2.168,5.2,OFF,PAPER,1707
52.16,MANUAL,IDLE,,0,0.0,-9.121,11.41,1.184,-0.135,0.07,-0.004,-0.2,-18.8,-1.7,0.24,0.01,0.066,2.204,9.15,OFF,PAPER,1707
52.18,MANUAL,IDLE,,0,0.0,-9.124,11.412,1.184,-0.209,0.08,-0.003,-0.0,-18.8,-1.7,0.163,-0.204,0.015,2.062,11.56,OFF,PAPER,1707
52.2,MANUAL,IDLE,,0,0.0,-9.129,11.414,1.184,-0.276,0.076,-0.003,-0.1,-19.0,-1.7,0.026,-0.394,-0.053,2.231,7.32,OFF,PAPER,1707
52.22,MANUAL,IDLE,,0,0.0,-9.135,11.415,1.184,-0.349,0.07,-0.003,-0.2,-19.2,-1.7,-0.174,-0.446,-0.052,2.017,11.57,OFF,PAPER,1707
52.24,MANUAL,IDLE,,0,0.0,-9.143,11.416,1.184,-0.426,0.07,-0.002,-0.2,-19.4,-1.9,-0.199,0.014,-0.122,2.124,2.49,OFF,PAPER,1707
52.26,MANUAL,IDLE,,0,0.0,-9.152,11.418,1.184,-0.504,0.072,-0.002,-0.1,-19.5,-2.0,-0.16,-0.478,-0.176,2.212,12.35,OFF,PAPER,1707
52.28,MANUAL,IDLE,,0,0.0,-9.163,11.419,1.184,-0.579,0.074,-0.002,-0.2,-19.6,-2.2,-0.268,0.209,-0.196,2.137,9.67,OFF,PAPER,1707
52.3,MANUAL,IDLE,,0,0.0,-9.176,11.421,1.184,-0.648,0.075,-0.001,-0.2,-19.8,-2.3,-0.194,-0.47,-0.041,2.188,6.9,OFF,PAPER,1707
52.32,MANUAL,IDLE,,0,0.0,-9.189,11.422,1.184,-0.731,0.067,-0.001,-0.4,-19.9,-2.4,-0.321,0.084,-0.092,2.233,13.92,OFF,PAPER,1707
52.34,MANUAL,IDLE,,0,0.0,-9.204,11.423,1.184,-0.712,-0.039,0.013,-0.5,-20.1,-2.4,0.006,0.02,0.07,2.175,11.43,OFF,PAPER,1743
52.36,MANUAL,IDLE,,0,0.0,-9.219,11.422,1.184,-0.786,-0.031,0.012,-0.3,-20.1,-2.2,0.008,0.003,0.17,2.093,11.78,OFF,PAPER,1743
52.38,MANUAL,IDLE,,0,0.0,-9.235,11.422,1.185,-0.844,-0.025,0.012,-0.3,-20.4,-2.0,-0.093,-0.035,0.117,2.204,9.88,OFF,PAPER,1743
52.4,MANUAL,IDLE,,0,0.0,-9.253,11.421,1.185,-0.921,-0.034,0.011,-0.6,-20.5,-1.9,-0.415,-0.096,0.11,2.077,9.75,OFF,PAPER,1743
52.42,MANUAL,IDLE,,0,0.0,-9.272,11.42,1.185,-0.994,-0.025,0.01,-0.6,-20.6,-1.8,0.075,0.013,0.043,2.156,5.71,OFF,PAPER,1743
52.44,MANUAL,IDLE,,0,0.0,-9.293,11.42,1.185,-1.062,-0.011,0.01,-0.5,-20.7,-1.8,0.728,-0.19,-0.037,2.051,5.8,OFF,PAPER,1743
52.46,MANUAL,IDLE,,0,0.0,-9.315,11.42,1.185,-1.125,-0.005,0.009,-0.3,-20.9,-1.8,0.157,-0.138,0.018,2.181,8.38,OFF,PAPER,1743
52.48,MANUAL,IDLE,,0,0.0,-9.338,11.42,1.186,-1.203,0.002,0.008,-0.3,-20.9,-1.8,0.089,-0.248,0.024,2.082,10.46,OFF,PAPER,1743
52.5,MANUAL,IDLE,,0,0.0,-9.363,11.42,1.186,-1.285,0.007,0.008,-0.2,-20.9,-1.7,0.242,-0.128,0.003,2.295,13.26,OFF,PAPER,1743
52.52,MANUAL,IDLE,,0,0.0,-9.389,11.42,1.186,-1.362,0.006,0.007,-0.3,-21.0,-1.8,0.289,-0.103,-0.105,2.051,11.12,OFF,PAPER,1743
52.54,MANUAL,IDLE,,0,0.0,-9.417,11.42,1.186,-1.428,0.008,0.007,-0.3,-21.1,-1.8,0.163,-0.269,-0.006,2.099,12.01,OFF,PAPER,1743
52.56,MANUAL,IDLE,,0,0.0,-9.447,11.42,1.186,-1.508,0.013,0.007,-0.2,-21.1,-1.9,-0.009,-0.142,0.004,2.174,11.35,OFF,PAPER,1743
52.58,MANUAL,IDLE,,0,0.0,-9.477,11.421,1.186,-1.579,0.023,0.006,-0.1,-21.1,-2.0,0.053,-0.028,-0.045,2.219,10.47,OFF,PAPER,1743
52.6,MANUAL,IDLE,,0,0.0,-9.51,11.421,1.186,-1.66,0.031,0.006,-0.0,-21.2,-2.0,0.023,0.047,-0.028,2.049,7.85,OFF,PAPER,1743
52.62,MANUAL,IDLE,,0,0.0,-9.544,11.422,1.187,-1.738,0.028,0.005,-0.1,-21.3,-1.9,-0.288,0.134,0.084,2.077,4.44,OFF,PAPER,1743
52.64,MANUAL,IDLE,,0,0.0,-9.579,11.422,1.187,-1.819,0.022,0.005,-0.3,-21.3,-1.9,-0.042,-0.336,0.027,2.105,13.53,OFF,PAPER,1743
52.66,MANUAL,IDLE,,0,0.0,-9.616,11.423,1.187,-1.894,0.029,0.005,-0.3,-21.4,-1.8,-0.113,-0.143,-0.022,2.247,10.39,OFF,PAPER,1743
52.68,MANUAL,IDLE,,0,0.0,-9.655,11.423,1.187,-1.978,0.029,0.004,-0.4,-21.4,-1.9,0.13,-0.205,-0.057,2.02,11.31,OFF,PAPER,1743
52.7,MANUAL,IDLE,,0,0.0,-9.696,11.424,1.187,-2.058,0.037,0.004,-0.3,-21.4,-1.9,0.27,-0.247,0.018,2.19,4.01,OFF,PAPER,1743
52.72,MANUAL,IDLE,,0,0.0,-9.737,11.424,1.187,-2.069,-0.03,0.015,-0.1,-21.5,-1.9,0.043,-0.265,0.123,2.158,9.42,OFF,PAPER,1752
52.74,MANUAL,IDLE,,0,0.0,-9.779,11.424,1.187,-2.146,-0.018,0.014,-0.1,-21.6,-1.7,-0.023,-0.262,0.167,2.17,4.73,OFF,PAPER,1752
52.76,MANUAL,IDLE,,0,0.0,-9.823,11.424,1.188,-2.221,-0.017,0.013,-0.3,-21.7,-1.5,0.104,-0.019,0.151,2.156,5.8,OFF,PAPER,1752
52.78,MANUAL,IDLE,,0,0.0,-9.868,11.423,1.188,-2.305,-0.017,0.012,-0.4,-21.7,-1.4,0.022,0.001,0.102,2.076,11.03,OFF,PAPER,1752
52.8,MANUAL,IDLE,,0,0.0,-9.915,11.423,1.188,-2.373,-0.011,0.011,-0.3,-21.9,-1.3,-0.023,-0.237,0.003,2.026,10.28,OFF,PAPER,1752
52.82,MANUAL,IDLE,,0,0.0,-9.963,11.423,1.188,-2.451,-0.002,0.01,-0.2,-22.0,-1.3,0.078,-0.028,-0.019,2.222,9.75,OFF,PAPER,1752
52.84,MANUAL,IDLE,,0,0.0,-10.013,11.423,1.188,-2.532,0.006,0.009,-0.2,-22.2,-1.3,0.194,-0.073,0.012,2.266,10.05,OFF,PAPER,1752
52.86,MANUAL,IDLE,,0,0.0,-10.065,11.423,1.189,-2.615,0.011,0.008,-0.2,-22.1,-1.3,0.072,0.089,0.114,2.049,11.86,OFF,PAPER,1752
52.88,MANUAL,IDLE,,0,0.0,-10.118,11.423,1.189,-2.706,0.015,0.008,-0.3,-21.9,-1.2,-0.229,0.186,-0.09,2.087,14.57,OFF,PAPER,1752
52.9,MANUAL,IDLE,,0,0.0,-10.173,11.424,1.189,-2.786,0.021,0.007,-0.3,-21.9,-1.3,0.136,0.134,0.039,2.171,7.97,OFF,PAPER,1752
52.92,MANUAL,IDLE,,0,0.0,-10.229,11.424,1.189,-2.855,0.022,0.006,-0.4,-22.1,-1.2,0.119,-0.04,0.041,2.125,6.71,OFF,PAPER,1752
52.94,MANUAL,IDLE,,0,0.0,-10.287,11.425,1.189,-2.921,0.029,0.006,-0.4,-22.3,-1.1,-0.17,-0.395,0.034,2.06,15.76,OFF,PAPER,1752
52.96,MANUAL,IDLE,,0,0.0,-10.346,11.425,1.189,-2.999,0.032,0.005,-0.4,-22.3,-1.2,-0.148,-0.186,-0.032,2.057,6.33,OFF,PAPER,1752
52.98,MANUAL,IDLE,,0,0.0,-10.407,11.426,1.189,-3.086,0.036,0.005,-0.3,-22.3,-1.2,-0.168,-0.051,-0.079,2.142,13.1,OFF,PAPER,1752
53.0,MANUAL,IDLE,,0,0.0,-10.469,11.426,1.19,-3.127,-0.018,0.013,-0.4,-22.5,-1.2,-0.141,0.064,0.008,2.232,10.27,OFF,PAPER,1756
53.02,MANUAL,IDLE,,0,0.0,-10.533,11.426,1.19,-3.213,-0.023,0.012,-0.5,-22.4,-1.1,-0.2,-0.344,0.176,2.393,18.31,OFF,PAPER,1756
53.04,MANUAL,IDLE,,0,0.0,-10.598,11.425,1.19,-3.297,-0.022,0.011,-0.7,-22.4,-1.0,-0.16,0.133,0.111,2.269,9.41,OFF,PAPER,1756
53.06,MANUAL,IDLE,,0,0.0,-10.664,11.425,1.19,-3.381,-0.01,0.01,-0.7,-22.4,-0.8,0.078,0.001,0.068,2.207,9.88,OFF,PAPER,1756
53.08,MANUAL,IDLE,,0,0.0,-10.733,11.425,1.19,-3.465,-0.003,0.009,-0.6,-22.4,-0.9,0.184,-0.176,-0.01,2.037,10.29,OFF,PAPER,1756
53.1,MANUAL,IDLE,,0,0.0,-10.803,11.425,1.191,-3.532,-0.006,0.008,-0.7,-22.6,-0.9,-0.278,-0.024,-0.109,2.342,10.62,OFF,PAPER,1756
53.12,MANUAL,IDLE,,0,0.0,-10.874,11.425,1.191,-3.617,-0.009,0.007,-0.8,-22.6,-1.1,-0.33,-0.1,-0.117,2.145,8.79,OFF,PAPER,1756
53.14,MANUAL,IDLE,,0,0.0,-10.948,11.424,1.191,-3.702,-0.013,0.006,-0.9,-22.6,-1.2,-0.318,0.206,-0.104,2.322,10.59,OFF,PAPER,1756
53.16,MANUAL,IDLE,,0,0.0,-11.022,11.424,1.191,-3.783,-0.015,0.005,-1.0,-22.6,-1.3,-0.223,0.068,-0.089,2.159,11.6,OFF,PAPER,1756
53.18,MANUAL,IDLE,,0,0.0,-11.099,11.424,1.191,-3.863,-0.002,0.005,-1.0,-22.5,-1.4,0.184,0.235,-0.089,2.154,8.72,OFF,PAPER,1756
53.2,MANUAL,IDLE,,0,0.0,-11.177,11.424,1.191,-3.946,0.004,0.004,-0.9,-22.6,-1.5,-0.119,-0.24,0.005,2.321,11.32,OFF,PAPER,1756
53.22,MANUAL,IDLE,,0,0.0,-11.257,11.424,1.191,-4.025,0.017,0.004,-0.8,-22.8,-1.4,0.068,0.018,0.008,2.02,13.86,OFF,PAPER,1756
53.24,MANUAL,IDLE,,0,0.0,-11.338,11.425,1.191,-4.113,0.023,0.003,-0.8,-22.7,-1.4,0.076,-0.178,0.006,2.096,7.18,OFF,PAPER,1756
53.26,MANUAL,IDLE,,0,0.0,-11.421,11.425,1.191,-4.205,0.022,0.003,-0.8,-22.6,-1.4,-0.389,0.308,0.048,2.095,13.62,OFF,PAPER,1756
53.28,MANUAL,IDLE,,0,0.0,-11.506,11.426,1.191,-4.286,0.024,0.002,-0.8,-22.6,-1.4,-0.168,0.088,0.024,2.414,16.43,OFF,PAPER,1756
53.3,MANUAL,IDLE,,0,0.0,-11.593,11.426,1.191,-4.364,0.032,0.002,-0.9,-22.7,-1.3,0.124,0.311,0.048,2.118,4.7,OFF,PAPER,1756
53.32,MANUAL,IDLE,,0,0.0,-11.681,11.427,1.191,-4.453,0.032,0.001,-1.0,-22.6,-1.1,-0.124,-0.002,0.144,2.087,13.01,OFF,PAPER,1756
53.34,MANUAL,IDLE,,0,0.0,-11.771,11.427,1.191,-4.531,0.04,0.001,-0.9,-22.8,-1.1,0.099,-0.349,0.012,2.037,12.22,OFF,PAPER,1756
53.36,MANUAL,IDLE,,0,0.0,-11.862,11.428,1.192,-4.619,0.049,0.001,-0.9,-22.8,-1.0,-0.265,-0.199,-0.001,2.099,11.71,OFF,PAPER,1756
53.38,MANUAL,IDLE,,0,0.0,-11.955,11.429,1.192,-4.703,0.048,0.0,-1.0,-22.8,-1.1,0.165,0.189,-0.042,2.211,16.05,OFF,PAPER,1756
53.4,MANUAL,IDLE,,0,0.0,-12.05,11.43,1.192,-4.792,0.057,-0.0,-0.9,-22.5,-1.1,0.014,-0.005,-0.123,2.004,11.98,OFF,PAPER,1756
53.42,MANUAL,IDLE,,0,0.0,-12.147,11.431,1.192,-4.876,0.057,-0.0,-0.9,-22.6,-1.2,0.512,-0.071,-0.068,2.161,14.08,OFF,PAPER,1756
53.44,MANUAL,IDLE,,0,0.0,-12.245,11.433,1.192,-4.958,0.067,-0.001,-0.8,-22.5,-1.3,-0.131,0.247,-0.132,2.275,10.25,OFF,PAPER,1756
53.46,MANUAL,IDLE,,0,0.0,-12.345,11.434,1.191,-5.038,0.063,-0.001,-0.9,-22.5,-1.5,-0.025,0.029,-0.124,2.19,12.06,OFF,PAPER,1756
53.48,MANUAL,IDLE,,0,0.0,-12.447,11.435,1.191,-5.124,0.068,-0.001,-1.0,-22.4,-1.7,-0.015,0.414,-0.125,2.08,4.55,OFF,PAPER,1756
53.5,MANUAL,IDLE,,0,0.0,-12.55,11.437,1.191,-5.208,0.08,-0.001,-0.9,-22.5,-1.8,-0.051,0.071,-0.142,2.142,12.86,OFF,PAPER,1756
53.52,MANUAL,IDLE,,0,0.0,-12.655,11.438,1.191,-5.296,0.086,-0.001,-0.9,-22.3,-2.0,0.351,-0.263,-0.165,2.087,2.95,OFF,PAPER,1756
53.54,MANUAL,IDLE,,0,0.0,-12.762,11.44,1.191,-5.38,0.097,-0.001,-0.7,-22.4,-2.2,0.115,0.113,-0.135,2.228,10.32,OFF,PAPER,1756
53.56,MANUAL,IDLE,,0,0.0,-12.87,11.442,1.191,-5.454,0.099,-0.001,-0.8,-22.5,-2.2,0.086,-0.084,0.034,2.216,10.28,OFF,PAPER,1756
53.58,MANUAL,IDLE,,0,0.0,-12.98,11.444,1.191,-5.546,0.101,-0.001,-0.8,-22.4,-2.1,-0.252,-0.127,0.14,2.07,18.55,OFF,PAPER,1756
53.6,MANUAL,IDLE,,0,0.0,-13.092,11.446,1.191,-5.63,0.119,-0.002,-0.7,-22.3,-1.9,0.199,-0.056,0.171,2.006,14.34,OFF,PAPER,1756
53.62,MANUAL,IDLE,,0,0.0,-13.206,11.449,1.191,-5.715,0.121,-0.002,-0.8,-22.3,-1.7,-0.103,-0.052,0.041,2.129,11.19,OFF,PAPER,1756
53.64,MANUAL,IDLE,,0,0.0,-13.321,11.451,1.191,-5.798,0.13,-0.002,-0.7,-22.3,-1.7,-0.142,0.584,-0.032,2.13,8.99,OFF,PAPER,1756
53.66,MANUAL,IDLE,,0,0.0,-13.437,11.454,1.191,-5.881,0.139,-0.002,-0.6,-22.3,-1.8,-0.15,0.093,-0.059,2.06,16.48,OFF,PAPER,1756
53.68,MANUAL,IDLE,,0,0.0,-13.556,11.457,1.191,-5.959,0.134,-0.002,-0.7,-22.3,-1.9,-0.17,0.034,-0.105,2.083,10.75,OFF,PAPER,1756
53.7,MANUAL,IDLE,,0,0.0,-13.676,11.459,1.191,-6.036,0.14,-0.002,-0.5,-22.3,-2.0,-0.108,-0.047,-0.092,2.018,14.15,OFF,PAPER,1756
53.72,MANUAL,IDLE,,0,0.0,-13.797,11.462,1.191,-6.123,0.154,-0.002,-0.4,-22.2,-2.0,0.73,0.357,0.083,2.035,14.46,OFF,PAPER,1756
53.74,MANUAL,IDLE,,0,0.0,-13.921,11.465,1.191,-6.204,0.159,-0.002,-0.3,-22.1,-1.9,-0.34,0.061,0.078,2.055,10.24,OFF,PAPER,1756
53.76,MANUAL,IDLE,,0,0.0,-14.045,11.469,1.191,-6.279,0.148,-0.002,-0.6,-22.3,-1.8,-0.296,0.141,0.029,2.258,8.36,OFF,PAPER,1756
53.78,MANUAL,IDLE,,0,0.0,-14.172,11.472,1.191,-6.362,0.155,-0.002,-0.5,-22.2,-1.8,0.025,-0.001,0.087,2.056,14.8,OFF,PAPER,1756
53.8,MANUAL,IDLE,,0,0.0,-14.3,11.475,1.191,-6.442,0.16,-0.002,-0.4,-22.4,-1.7,0.321,0.208,0.014,2.114,12.11,OFF,PAPER,1756
53.82,MANUAL,IDLE,,0,0.0,-14.429,11.478,1.191,-6.52,0.169,-0.002,-0.3,-22.4,-1.7,-0.091,-0.118,0.006,2.257,12.18,OFF,PAPER,1756
53.84,MANUAL,IDLE,,0,0.0,-14.561,11.481,1.191,-6.597,0.172,-0.002,-0.4,-22.3,-1.6,0.069,-0.266,0.076,2.04,10.66,OFF,PAPER,1756
53.86,MANUAL,IDLE,,0,0.0,-14.693,11.485,1.191,-6.672,0.176,-0.002,-0.4,-22.4,-1.5,-0.056,0.099,0.06,2.103,10.14,OFF,PAPER,1756
53.88,MANUAL,IDLE,,0,0.0,-14.828,11.489,1.191,-6.754,0.185,-0.001,-0.2,-22.5,-1.5,0.194,0.143,0.019,2.265,10.16,OFF,PAPER,1756
53.9,MANUAL,IDLE,,0,0.0,-14.964,11.492,1.191,-6.838,0.192,-0.001,-0.2,-22.4,-1.5,-0.052,0.077,0.003,2.153,7.85,OFF,PAPER,1756
53.92,MANUAL,IDLE,,0,0.0,-15.101,11.496,1.191,-6.927,0.192,-0.001,-0.3,-22.2,-1.4,0.256,0.322,0.029,2.12,10.35,OFF,PAPER,1756
53.94,MANUAL,IDLE,,0,0.0,-15.24,11.5,1.191,-7.004,0.207,-0.001,-0.1,-22.3,-1.3,0.077,-0.054,0.15,2.135,9.42,OFF,PAPER,1756
53.96,MANUAL,IDLE,,0,0.0,-15.381,11.504,1.191,-7.084,0.213,-0.001,-0.2,-22.3,-1.1,0.035,0.267,0.116,2.148,4.56,OFF,PAPER,1756
53.98,MANUAL,IDLE,,0,0.0,-15.524,11.509,1.191,-7.168,0.212,-0.001,-0.3,-22.4,-0.9,-0.196,0.01,0.137,2.241,13.54,OFF,PAPER,1756
54.0,MANUAL,IDLE,,0,0.0,-15.668,11.513,1.191,-7.249,0.215,-0.001,-0.4,-22.4,-0.8,0.233,0.322,0.091,2.135,6.82,OFF,PAPER,1756
54.02,MANUAL,IDLE,,0,0.0,-15.814,11.517,1.191,-7.335,0.213,-0.001,-0.5,-22.2,-0.8,0.084,0.203,0.059,2.005,16.1,OFF,PAPER,1756
54.04,MANUAL,IDLE,,0,0.0,-15.961,11.521,1.191,-7.408,0.213,-0.001,-0.5,-22.3,-0.8,-0.108,-0.394,-0.156,2.157,14.52,OFF,PAPER,1756
54.06,MANUAL,IDLE,,0,0.0,-16.11,11.526,1.191,-7.485,0.219,-0.001,-0.3,-22.4,-1.0,0.092,-0.042,-0.092,2.263,10.76,OFF,PAPER,1756
54.08,MANUAL,IDLE,,0,0.0,-16.261,11.53,1.191,-7.563,0.223,-0.001,-0.1,-22.5,-1.1,0.001,0.246,-0.129,2.312,10.49,OFF,PAPER,1756
54.1,MANUAL,IDLE,,0,0.0,-16.413,11.535,1.191,-7.651,0.222,-0.001,-0.1,-22.4,-1.2,-0.461,-0.102,-0.116,2.052,11.56,OFF,PAPER,1756
54.12,MANUAL,IDLE,,0,0.0,-16.567,11.539,1.191,-7.74,0.229,-0.001,-0.1,-22.3,-1.4,-0.151,0.107,-0.169,2.034,16.29,OFF,PAPER,1756
54.14,MANUAL,IDLE,,0,0.0,-16.722,11.544,1.191,-7.825,0.225,-0.0,-0.0,-22.2,-1.6,-0.139,-0.063,-0.128,2.067,13.57,OFF,PAPER,1756
54.16,MANUAL,IDLE,,0,0.0,-16.88,11.548,1.191,-7.917,0.231,-0.0,0.1,-22.0,-1.8,0.443,-0.251,-0.104,2.066,15.87,OFF,PAPER,1756
54.18,MANUAL,IDLE,,0,0.0,-17.039,11.553,1.191,-7.984,0.24,-0.0,0.2,-22.2,-1.8,-0.171,-0.179,0.015,2.152,12.95,OFF,PAPER,1756
54.2,MANUAL,IDLE,,0,0.0,-17.199,11.558,1.191,-8.07,0.244,-0.0,0.2,-22.1,-1.7,0.405,0.428,0.043,2.113,12.75,OFF,PAPER,1756
54.22,MANUAL,IDLE,,0,0.0,-17.361,11.563,1.191,-8.147,0.241,-0.0,-0.0,-21.3,-1.5,-0.342,0.543,0.189,2.285,27.16,OFF,PAPER,1756
54.24,MANUAL,IDLE,,0,0.0,-17.525,11.568,1.191,-8.212,0.25,-0.0,-0.0,-20.7,-1.2,-0.199,0.648,0.181,2.349,31.74,OFF,PAPER,1756
54.26,MANUAL,IDLE,,0,0.0,-17.69,11.573,1.191,-8.284,0.256,0.0,-0.0,-19.8,-1.1,0.055,0.962,0.062,2.064,20.76,OFF,PAPER,1756
54.28,MANUAL,IDLE,,0,0.0,-17.856,11.578,1.191,-8.348,0.265,0.0,0.2,-18.9,-1.0,0.176,0.794,-0.046,2.141,24.41,OFF,PAPER,1756
54.3,MANUAL,IDLE,,0,0.0,-18.024,11.583,1.191,-8.405,0.266,0.0,0.2,-18.1,-1.1,0.12,0.687,0.023,2.238,29.08,OFF,PAPER,1756
54.32,MANUAL,IDLE,,0,0.0,-18.193,11.589,1.191,-8.469,0.262,0.0,0.2,-17.2,-1.1,-0.218,0.671,-0.067,2.049,21.02,OFF,PAPER,1756
54.34,MANUAL,IDLE,,0,0.0,-18.363,11.594,1.191,-8.536,0.258,0.0,0.2,-16.2,-1.2,-0.084,0.505,0.024,2.038,19.6,OFF,PAPER,1756
54.36,MANUAL,IDLE,,0,0.0,-18.534,11.599,1.191,-8.591,0.252,0.0,0.1,-15.4,-1.2,0.069,0.652,-0.048,2.02,13.69,OFF,PAPER,1756
54.38,MANUAL,IDLE,,0,0.0,-18.706,11.604,1.191,-8.646,0.258,0.0,0.1,-14.7,-1.2,0.038,0.498,0.014,2.215,29.68,OFF,PAPER,1756
54.4,MANUAL,IDLE,,0,0.0,-18.88,11.609,1.191,-8.7,0.26,0.001,0.3,-13.9,-1.2,-0.331,0.743,-0.093,2.184,27.14,OFF,PAPER,1756
54.42,MANUAL,IDLE,,0,0.0,-19.054,11.614,1.191,-8.749,0.256,0.001,0.1,-13.2,-1.4,0.06,0.617,-0.111,2.12,23.07,OFF,PAPER,1756
54.44,MANUAL,IDLE,,0,0.0,-19.23,11.619,1.191,-8.795,0.255,0.001,0.1,-12.6,-1.5,-0.05,0.641,-0.102,1.967,4.01,OFF,PAPER,1756
54.46,MANUAL,IDLE,,0,0.0,-19.406,11.624,1.191,-8.835,0.244,0.001,-0.0,-11.9,-1.6,-0.07,0.706,-0.044,1.978,7.74,OFF,PAPER,1756
54.48,MANUAL,IDLE,,0,0.0,-19.583,11.629,1.191,-8.867,0.241,0.001,-0.1,-11.5,-1.6,-0.37,0.333,0.025,2.156,24.6,OFF,PAPER,1756
54.5,MANUAL,IDLE,,0,0.0,-19.761,11.634,1.191,-8.911,0.242,0.001,-0.1,-10.9,-1.6,0.209,0.336,0.038,2.119,22.22,OFF,PAPER,1756
54.52,MANUAL,IDLE,,0,0.0,-19.94,11.639,1.191,-8.944,0.249,0.001,-0.1,-10.3,-1.6,0.101,0.145,-0.003,2.119,22.49,OFF,PAPER,1756
54.54,MANUAL,IDLE,,0,0.0,-20.119,11.644,1.191,-8.976,0.248,0.001,-0.2,-9.9,-1.7,-0.044,0.033,-0.062,1.973,11.95,OFF,PAPER,1756
54.56,MANUAL,IDLE,,0,0.0,-20.299,11.649,1.191,-9.01,0.242,0.001,-0.3,-9.4,-1.7,-0.051,0.427,0.008,2.093,20.54,OFF,PAPER,1756
54.58,MANUAL,IDLE,,0,0.0,-20.479,11.654,1.191,-9.042,0.235,0.001,-0.3,-9.0,-1.7,-0.163,0.263,-0.033,2.0,13.12,OFF,PAPER,1756
54.6,MANUAL,IDLE,,0,0.0,-20.66,11.658,1.191,-9.079,0.236,0.001,-0.2,-8.4,-1.8,-0.177,0.517,0.044,2.091,22.21,OFF,PAPER,1756
54.62,MANUAL,IDLE,,0,0.0,-20.842,11.663,1.191,-9.101,0.234,0.001,-0.4,-8.1,-1.7,0.117,0.327,0.011,2.025,15.01,OFF,PAPER,1756
54.64,MANUAL,IDLE,,0,0.0,-21.025,11.668,1.191,-9.127,0.238,0.001,-0.2,-7.7,-1.7,0.047,0.275,0.033,1.966,4.64,OFF,PAPER,1756
54.66,MANUAL,IDLE,,0,0.0,-21.207,11.672,1.191,-9.152,0.232,0.001,-0.3,-7.4,-1.7,-0.259,0.088,-0.018,1.974,10.85,OFF,PAPER,1756
54.68,MANUAL,IDLE,,0,0.0,-21.391,11.677,1.191,-9.176,0.232,0.001,-0.3,-7.1,-1.7,-0.117,0.271,-0.019,2.057,18.68,OFF,PAPER,1756
54.7,MANUAL,IDLE,,0,0.0,-21.574,11.682,1.191,-9.199,0.236,0.001,-0.4,-6.8,-1.8,0.274,0.396,-0.109,1.978,14.19,OFF,PAPER,1756
54.72,MANUAL,IDLE,,0,0.0,-21.759,11.686,1.191,-9.216,0.235,0.001,-0.4,-6.5,-1.9,-0.287,0.173,-0.096,1.985,9.41,OFF,PAPER,1756
54.74,MANUAL,IDLE,,0,0.0,-21.943,11.691,1.191,-9.247,0.238,0.002,-0.6,-6.0,-2.0,-0.121,0.463,-0.125,1.989,13.4,OFF,PAPER,1756
54.76,MANUAL,IDLE,,0,0.0,-22.128,11.696,1.191,-9.258,0.238,0.002,-0.5,-5.9,-2.2,-0.039,0.098,-0.128,1.967,8.64,OFF,PAPER,1756
54.78,MANUAL,IDLE,,0,0.0,-22.314,11.701,1.191,-9.279,0.239,0.002,-0.5,-5.6,-2.3,0.145,0.34,-0.121,1.965,4.96,OFF,PAPER,1756
54.8,MANUAL,IDLE,,0,0.0,-22.499,11.705,1.191,-9.297,0.233,0.002,-0.6,-5.3,-2.4,0.013,0.47,-0.001,2.0,13.1,OFF,PAPER,1756
54.82,MANUAL,IDLE,,0,0.0,-22.685,11.71,1.191,-9.311,0.238,0.002,-0.5,-5.1,-2.5,-0.361,0.275,-0.104,1.997,10.9,OFF,PAPER,1756
54.84,MANUAL,IDLE,,0,0.0,-22.872,11.715,1.191,-9.326,0.234,0.002,-0.5,-5.0,-2.6,0.001,-0.084,-0.159,1.969,6.64,OFF,PAPER,1756
54.86,MANUAL,IDLE,,0,0.0,-23.058,11.72,1.191,-9.338,0.233,0.002,-0.6,-4.8,-2.8,-0.317,0.061,-0.155,2.013,14.78,OFF,PAPER,1756
54.88,MANUAL,IDLE,,0,0.0,-23.245,11.724,1.191,-9.352,0.235,0.002,-0.7,-4.7,-3.0,0.105,0.039,-0.161,2.0,11.64,OFF,PAPER,1756
54.9,MANUAL,IDLE,,0,0.0,-23.432,11.729,1.191,-9.369,0.236,0.002,-0.6,-4.4,-3.1,-0.201,0.387,-0.138,2.06,19.92,OFF,PAPER,1756
54.92,MANUAL,IDLE,,0,0.0,-23.62,11.734,1.191,-9.382,0.238,0.002,-0.7,-4.2,-3.1,0.118,0.153,0.008,2.02,14.38,OFF,PAPER,1756
54.94,MANUAL,IDLE,,0,0.0,-23.808,11.739,1.191,-9.387,0.245,0.002,-0.5,-4.2,-3.1,-0.004,-0.056,0.033,1.972,6.81,OFF,PAPER,1756
54.96,MANUAL,IDLE,,0,0.0,-23.996,11.743,1.191,-9.406,0.244,0.002,-0.6,-4.0,-3.1,-0.277,0.126,0.113,2.02,14.08,OFF,PAPER,1756
54.98,MANUAL,IDLE,,0,0.0,-24.184,11.748,1.191,-9.415,0.252,0.002,-0.5,-3.8,-3.0,0.155,0.222,0.06,1.974,9.73,OFF,PAPER,1756
55.0,MANUAL,IDLE,,0,0.0,-24.372,11.754,1.191,-9.428,0.257,0.002,-0.4,-3.7,-2.9,-0.001,0.372,0.057,2.017,13.78,OFF,PAPER,1756
55.02,MANUAL,IDLE,,0,0.0,-24.561,11.759,1.191,-9.449,0.259,0.002,-0.4,-3.3,-2.9,0.139,0.362,0.011,1.968,4.59,OFF,PAPER,1756
55.04,MANUAL,IDLE,,0,0.0,-24.75,11.764,1.192,-9.465,0.263,0.002,-0.4,-3.2,-2.9,0.141,0.297,-0.013,1.988,12.12,OFF,PAPER,1756
55.06,MANUAL,IDLE,,0,0.0,-24.939,11.769,1.192,-9.475,0.261,0.002,-0.4,-2.9,-2.9,-0.102,0.626,-0.014,1.987,10.14,OFF,PAPER,1756
55.08,MANUAL,IDLE,,0,0.0,-25.129,11.774,1.192,-9.49,0.264,0.002,-0.3,-2.6,-2.9,0.281,0.449,-0.058,2.056,19.37,OFF,PAPER,1756
55.1,MANUAL,IDLE,,0,0.0,-25.319,11.78,1.192,-9.503,0.258,0.002,-0.4,-2.4,-2.9,-0.092,0.289,-0.035,1.985,13.95,OFF,PAPER,1756
55.12,MANUAL,IDLE,,0,0.0,-25.509,11.785,1.192,-9.502,0.257,0.002,-0.4,-2.5,-2.9,-0.22,0.158,0.078,1.979,10.92,OFF,PAPER,1756
55.14,MANUAL,IDLE,,0,0.0,-25.699,11.79,1.192,-9.513,0.26,0.002,-0.3,-2.3,-2.9,0.187,0.127,0.01,1.985,8.88,OFF,PAPER,1756
55.16,MANUAL,IDLE,,0,0.0,-25.89,11.795,1.192,-9.521,0.266,0.002,-0.2,-2.2,-2.9,0.181,0.257,0.011,2.001,12.1,OFF,PAPER,1756
55.18,MANUAL,IDLE,,0,0.0,-26.08,11.8,1.192,-9.526,0.265,0.002,-0.2,-2.0,-2.9,0.105,0.056,0.033,1.965,9.69,OFF,PAPER,1756
55.2,MANUAL,IDLE,,0,0.0,-26.271,11.806,1.192,-9.54,0.275,0.002,0.0,-1.9,-2.9,0.371,0.407,0.022,1.987,13.52,OFF,PAPER,1756
55.22,MANUAL,IDLE,,0,0.0,-26.462,11.811,1.192,-9.554,0.272,0.002,-0.0,-1.6,-2.9,-0.212,0.055,-0.05,1.98,10.7,OFF,PAPER,1756
55.24,MANUAL,IDLE,,0,0.0,-26.653,11.817,1.192,-9.559,0.263,0.002,-0.2,-1.6,-2.9,-0.22,-0.01,-0.019,1.967,5.88,OFF,PAPER,1756
55.26,MANUAL,IDLE,,0,0.0,-26.844,11.822,1.192,-9.564,0.262,0.002,-0.3,-1.4,-3.0,0.051,0.01,-0.104,1.992,10.11,OFF,PAPER,1756
55.28,MANUAL,IDLE,,0,0.0,-27.035,11.827,1.192,-9.57,0.27,0.002,-0.1,-1.4,-3.1,0.272,0.206,-0.066,2.022,14.11,OFF,PAPER,1756
55.3,MANUAL,IDLE,,0,0.0,-27.227,11.833,1.192,-9.576,0.265,0.002,-0.2,-1.3,-3.2,0.034,0.062,-0.029,1.971,9.15,OFF,PAPER,1756
55.32,MANUAL,IDLE,,0,0.0,-27.418,11.838,1.192,-9.582,0.265,0.002,-0.2,-1.2,-3.2,0.185,0.211,0.004,1.997,14.17,OFF,PAPER,1756
55.34,MANUAL,IDLE,,0,0.0,-27.61,11.843,1.192,-9.587,0.27,0.002,-0.1,-1.0,-3.2,0.151,0.299,-0.031,1.965,9.03,OFF,PAPER,1756
55.36,MANUAL,IDLE,,0,0.0,-27.802,11.849,1.192,-9.59,0.272,0.002,0.0,-0.9,-3.3,-0.112,0.212,-0.034,2.009,12.6,OFF,PAPER,1756
55.38,MANUAL,IDLE,,0,0.0,-27.994,11.854,1.192,-9.59,0.282,0.002,0.1,-0.9,-3.2,0.296,0.15,0.027,1.993,12.56,OFF,PAPER,1756
55.4,MANUAL,IDLE,,0,0.0,-28.185,11.86,1.192,-9.597,0.288,0.002,0.2,-0.8,-3.2,0.193,0.163,0.078,1.98,8.5,OFF,PAPER,1756
55.42,MANUAL,IDLE,,0,0.0,-28.377,11.866,1.192,-9.603,0.293,0.002,0.3,-0.7,-3.1,0.002,0.416,0.118,1.999,13.13,OFF,PAPER,1756
55.44,MANUAL,IDLE,,0,0.0,-28.57,11.871,1.192,-9.606,0.288,0.002,0.2,-0.6,-3.0,0.078,-0.395,0.049,2.005,15.03,OFF,PAPER,1756
55.46,MANUAL,IDLE,,0,0.0,-28.762,11.877,1.192,-9.614,0.289,0.002,0.2,-0.6,-2.9,0.032,0.298,0.12,1.994,12.51,OFF,PAPER,1756
55.48,MANUAL,IDLE,,0,0.0,-28.954,11.883,1.192,-9.619,0.283,0.002,0.1,-0.5,-2.7,-0.132,0.178,0.235,1.994,11.31,OFF,PAPER,1756
55.5,MANUAL,IDLE,,0,0.0,-29.146,11.889,1.193,-9.62,0.284,0.002,0.1,-0.5,-2.4,-0.053,0.401,0.112,1.994,10.29,OFF,PAPER,1756
55.52,MANUAL,IDLE,,0,0.0,-29.339,11.894,1.193,-9.609,0.291,0.002,0.2,-0.5,-2.3,0.113,-0.077,0.138,1.989,13.28,OFF,PAPER,1756
55.54,MANUAL,IDLE,,0,0.0,-29.531,11.9,1.193,-9.601,0.282,0.002,0.1,-0.6,-2.1,0.034,-0.165,0.191,1.973,7.28,OFF,PAPER,1756
55.56,MANUAL,IDLE,,0,0.0,-29.723,11.906,1.193,-9.605,0.277,0.002,-0.0,-0.6,-1.9,-0.048,0.037,0.197,2.024,16.24,OFF,PAPER,1756
55.58,MANUAL,IDLE,,0,0.0,-29.915,11.911,1.193,-9.602,0.278,0.002,-0.0,-0.7,-1.6,-0.267,0.097,0.206,2.024,15.35,OFF,PAPER,1756
55.6,MANUAL,IDLE,,0,0.0,-30.107,11.917,1.193,-9.606,0.273,0.002,-0.1,-0.7,-1.5,-0.155,-0.119,0.064,1.994,10.37,OFF,PAPER,1756
55.62,MANUAL,IDLE,,0,0.0,-30.299,11.922,1.193,-9.614,0.265,0.002,-0.3,-0.6,-1.4,0.013,0.063,-0.004,1.989,11.11,OFF,PAPER,1756
55.64,MANUAL,IDLE,,0,0.0,-30.492,11.927,1.193,-9.616,0.268,0.002,-0.3,-0.6,-1.5,0.257,-0.165,-0.072,1.991,9.75,OFF,PAPER,1756
55.66,MANUAL,IDLE,,0,0.0,-30.684,11.933,1.193,-9.603,0.264,0.002,-0.3,-0.8,-1.7,0.146,-0.112,-0.224,2.034,15.37,OFF,PAPER,1756
55.68,MANUAL,IDLE,,0,0.0,-30.876,11.938,1.193,-9.615,0.268,0.002,-0.3,-0.7,-1.9,-0.155,0.152,-0.192,1.971,6.33,OFF,PAPER,1756
55.7,MANUAL,IDLE,,0,0.0,-31.068,11.943,1.193,-9.614,0.266,0.002,-0.4,-0.6,-2.1,0.112,-0.079,-0.18,1.969,8.43,OFF,PAPER,1756
55.72,MANUAL,IDLE,,0,0.0,-31.261,11.949,1.193,-9.613,0.273,0.002,-0.4,-0.7,-2.3,-0.191,0.081,-0.118,1.999,11.3,OFF,PAPER,1756
55.74,MANUAL,IDLE,,0,0.0,-31.453,11.954,1.193,-9.611,0.279,0.002,-0.3,-0.8,-2.4,-0.184,0.023,-0.015,1.986,12.6,OFF,PAPER,1756
55.76,MANUAL,IDLE,,0,0.0,-31.645,11.96,1.193,-9.611,0.289,0.002,-0.2,-0.8,-2.4,0.208,0.228,0.029,1.97,9.15,OFF,PAPER,1756
55.78,MANUAL,IDLE,,0,0.0,-31.837,11.966,1.193,-9.618,0.295,0.002,-0.1,-0.8,-2.4,0.066,0.09,0.01,1.975,6.81,OFF,PAPER,1756
55.8,MANUAL,IDLE,,0,0.0,-32.03,11.972,1.193,-9.62,0.294,0.002,-0.2,-0.8,-2.4,0.158,0.163,-0.022,1.989,13.49,OFF,PAPER,1756
55.82,MANUAL,IDLE,,0,0.0,-32.222,11.978,1.193,-9.626,0.3,0.002,-0.0,-0.7,-2.4,-0.035,-0.039,-0.015,2.009,12.47,OFF,PAPER,1756
55.84,MANUAL,IDLE,,0,0.0,-32.415,11.984,1.193,-9.631,0.301,0.002,-0.1,-0.7,-2.4,0.035,0.114,0.024,1.995,11.28,OFF,PAPER,1756
55.86,MANUAL,IDLE,,0,0.0,-32.607,11.99,1.193,-9.631,0.311,0.002,0.0,-0.7,-2.4,-0.088,0.063,-0.007,1.982,12.11,OFF,PAPER,1756
55.88,MANUAL,IDLE,,0,0.0,-32.8,11.996,1.193,-9.624,0.315,0.002,0.1,-0.8,-2.4,-0.057,-0.018,0.028,1.962,1.23,OFF,PAPER,1756
55.9,MANUAL,IDLE,,0,0.0,-32.992,12.002,1.193,-9.629,0.314,0.002,0.2,-0.7,-2.3,-0.153,-0.153,0.014,1.981,10.95,OFF,PAPER,1756
55.92,MANUAL,IDLE,,0,0.0,-33.185,12.009,1.193,-9.625,0.313,0.002,0.1,-0.8,-2.3,0.229,-0.095,0.03,1.977,13.87,OFF,PAPER,1756
55.94,MANUAL,IDLE,,0,0.0,-33.377,12.015,1.193,-9.627,0.304,0.002,0.0,-0.8,-2.2,-0.33,0.199,0.073,1.986,9.06,OFF,PAPER,1756
55.96,MANUAL,IDLE,,0,0.0,-33.57,12.021,1.193,-9.627,0.303,0.002,-0.1,-0.8,-2.1,0.071,-0.222,0.1,1.984,13.94,OFF,PAPER,1756
55.98,MANUAL,IDLE,,0,0.0,-33.762,12.027,1.194,-9.624,0.294,0.002,-0.2,-0.9,-2.0,0.198,-0.067,0.09,1.997,13.42,OFF,PAPER,1756
56.0,MANUAL,IDLE,,0,0.0,-33.955,12.033,1.194,-9.63,0.295,0.002,-0.2,-0.8,-1.9,0.241,0.548,0.042,1.979,7.61,OFF,PAPER,1756
56.02,MANUAL,IDLE,,0,0.0,-34.147,12.039,1.194,-9.636,0.302,0.002,-0.1,-0.7,-1.9,0.214,0.354,-0.033,1.985,11.33,OFF,PAPER,1756
56.04,MANUAL,IDLE,,0,0.0,-34.34,12.045,1.194,-9.632,0.3,0.002,-0.2,-0.7,-2.0,0.175,0.021,-0.038,1.985,8.82,OFF,PAPER,1756
56.06,MANUAL,IDLE,,0,0.0,-34.533,12.051,1.194,-9.634,0.306,0.002,-0.1,-0.7,-2.0,0.222,-0.034,0.016,1.994,11.14,OFF,PAPER,1756
56.08,MANUAL,IDLE,,0,0.0,-34.725,12.057,1.194,-9.628,0.313,0.002,0.0,-0.8,-2.0,-0.308,-0.303,0.031,1.975,6.79,OFF,PAPER,1756
56.1,MANUAL,IDLE,,0,0.0,-34.918,12.063,1.194,-9.628,0.305,0.002,-0.1,-0.9,-1.9,0.101,-0.061,0.027,2.001,11.4,OFF,PAPER,1756
56.12,MANUAL,IDLE,,0,0.0,-35.111,12.069,1.194,-9.631,0.31,0.002,0.1,-0.8,-1.9,0.222,-0.142,0.025,1.987,13.71,OFF,PAPER,1756
56.14,MANUAL,IDLE,,0,0.0,-35.303,12.076,1.194,-9.629,0.309,0.002,0.1,-0.8,-1.8,-0.118,-0.155,0.093,2.013,16.03,OFF,PAPER,1756
56.16,MANUAL,IDLE,,0,0.0,-35.496,12.082,1.194,-9.625,0.322,0.002,0.3,-0.8,-1.7,0.085,0.001,0.13,1.988,11.48,OFF,PAPER,1756
56.18,MANUAL,IDLE,,0,0.0,-35.688,12.088,1.194,-9.625,0.317,0.002,0.3,-0.9,-1.6,-0.075,-0.067,0.13,1.973,11.34,OFF,PAPER,1756
56.2,MANUAL,IDLE,,0,0.0,-35.881,12.095,1.194,-9.634,0.317,0.002,0.3,-0.8,-1.5,-0.077,0.109,0.087,1.967,5.59,OFF,PAPER,1756
56.22,MANUAL,IDLE,,0,0.0,-36.073,12.101,1.194,-9.632,0.321,0.002,0.3,-0.8,-1.4,-0.308,0.322,-0.013,1.996,14.34,OFF,PAPER,1756
56.24,MANUAL,IDLE,,0,0.0,-36.266,12.107,1.194,-9.637,0.316,0.002,0.3,-0.7,-1.4,-0.29,0.064,0.045,2.004,11.9,OFF,PAPER,1756
56.26,MANUAL,IDLE,,0,0.0,-36.459,12.114,1.194,-9.637,0.321,0.002,0.3,-0.7,-1.4,-0.094,-0.157,-0.084,1.978,10.65,OFF,PAPER,1756
56.28,MANUAL,IDLE,,0,0.0,-36.652,12.12,1.194,-9.636,0.324,0.002,0.3,-0.8,-1.5,0.049,-0.004,-0.133,1.962,11.16,OFF,PAPER,1756
56.3,MANUAL,IDLE,,0,0.0,-36.844,12.127,1.194,-9.639,0.322,0.002,0.3,-0.5,-1.7,0.152,0.109,-0.209,1.999,12.6,OFF,PAPER,1756
56.32,MANUAL,IDLE,,0,0.0,-37.037,12.133,1.194,-9.644,0.326,0.002,0.3,-0.5,-2.0,0.12,-0.068,-0.276,1.964,3.82,OFF,PAPER,1756
56.34,MANUAL,IDLE,,0,0.0,-37.23,12.14,1.194,-9.637,0.323,0.002,0.4,-0.5,-2.2,0.423,-0.145,-0.192,2.022,14.04,OFF,PAPER,1756
56.36,MANUAL,IDLE,,0,0.0,-37.423,12.146,1.194,-9.642,0.322,0.002,0.4,-0.5,-2.4,-0.247,-0.169,-0.122,1.969,10.48,OFF,PAPER,1756
56.38,MANUAL,IDLE,,0,0.0,-37.616,12.153,1.194,-9.635,0.325,0.002,0.5,-0.6,-2.6,-0.147,-0.324,-0.147,2.006,13.65,OFF,PAPER,1756
56.4,MANUAL,IDLE,,0,0.0,-37.808,12.159,1.194,-9.639,0.322,0.002,0.4,-0.6,-2.7,-0.259,0.091,-0.075,1.986,9.91,OFF,PAPER,1756
56.42,MANUAL,IDLE,,0,0.0,-38.001,12.165,1.194,-9.649,0.316,0.002,0.2,-0.5,-2.8,-0.021,0.235,0.046,1.988,11.62,OFF,PAPER,1756
56.44,MANUAL,IDLE,,0,0.0,-38.194,12.172,1.194,-9.652,0.314,0.002,0.1,-0.5,-2.7,0.281,-0.065,0.076,1.998,13.38,OFF,PAPER,1756
56.46,MANUAL,IDLE,,0,0.0,-38.387,12.178,1.194,-9.658,0.314,0.002,-0.0,-0.5,-2.6,0.027,0.236,0.124,1.972,6.71,OFF,PAPER,1756
56.48,MANUAL,IDLE,,0,0.0,-38.58,12.184,1.194,-9.653,0.318,0.002,-0.0,-0.6,-2.5,0.048,-0.303,0.066,1.982,8.19,OFF,PAPER,1756
56.5,MANUAL,IDLE,,0,0.0,-38.774,12.191,1.194,-9.658,0.318,0.002,0.0,-0.6,-2.4,-0.102,-0.187,0.003,1.986,9.83,OFF,PAPER,1756
56.52,MANUAL,IDLE,,0,0.0,-38.967,12.197,1.195,-9.672,0.32,0.002,-0.1,-0.4,-2.4,0.106,-0.018,0.117,1.996,14.57,OFF,PAPER,1756
56.54,MANUAL,IDLE,,0,0.0,-39.16,12.203,1.195,-9.668,0.328,0.002,0.1,-0.5,-2.2,0.354,-0.09,0.181,2.004,12.88,OFF,PAPER,1756
56.56,MANUAL,IDLE,,0,0.0,-39.354,12.21,1.195,-9.668,0.329,0.002,0.2,-0.5,-2.0,0.248,0.091,0.13,1.963,8.68,OFF,PAPER,1756
56.58,MANUAL,IDLE,,0,0.0,-39.547,12.216,1.195,-9.671,0.329,0.002,0.1,-0.4,-1.8,0.256,0.153,0.15,1.992,14.57,OFF,PAPER,1756
56.6,MANUAL,IDLE,,0,0.0,-39.74,12.223,1.195,-9.665,0.332,0.002,0.2,-0.5,-1.7,0.068,-0.044,0.103,1.97,8.66,OFF,PAPER,1756
56.62,MANUAL,IDLE,,0,0.0,-39.934,12.23,1.195,-9.657,0.329,0.002,0.1,-0.6,-1.6,-0.215,-0.355,0.059,1.99,9.93,OFF,PAPER,1756
56.64,MANUAL,IDLE,,0,0.0,-40.127,12.236,1.195,-9.662,0.319,0.002,-0.1,-0.5,-1.5,-0.145,0.508,0.098,1.996,10.84,OFF,PAPER,1756
56.66,MANUAL,IDLE,,0,0.0,-40.32,12.243,1.195,-9.672,0.319,0.002,-0.1,-0.3,-1.3,-0.119,0.101,0.072,2.001,12.15,OFF,PAPER,1756
56.68,MANUAL,IDLE,,0,0.0,-40.514,12.249,1.195,-9.678,0.319,0.002,-0.1,-0.2,-1.3,0.165,0.007,0.104,2.002,11.96,OFF,PAPER,1756
56.7,MANUAL,IDLE,,0,0.0,-40.707,12.255,1.195,-9.687,0.321,0.002,-0.0,-0.1,-1.2,0.207,-0.165,0.103,2.005,13.37,OFF,PAPER,1756
56.72,MANUAL,IDLE,,0,0.0,-40.901,12.262,1.195,-9.686,0.32,0.002,-0.1,-0.1,-1.0,-0.217,0.169,0.133,2.01,13.16,OFF,PAPER,1756
56.74,MANUAL,IDLE,,0,0.0,-41.095,12.268,1.195,-9.679,0.316,0.002,-0.2,-0.1,-0.9,-0.15,-0.376,0.086,2.008,12.72,OFF,PAPER,1756
56.76,MANUAL,IDLE,,0,0.0,-41.288,12.274,1.195,-9.676,0.317,0.002,-0.1,-0.3,-0.8,-0.056,-0.338,0.095,1.964,10.93,OFF,PAPER,1756
56.78,MANUAL,IDLE,,0,0.0,-41.482,12.281,1.195,-9.679,0.325,0.002,-0.0,-0.2,-0.7,-0.11,-0.172,0.05,2.026,16.43,OFF,PAPER,1756
56.8,MANUAL,IDLE,,0,0.0,-41.675,12.287,1.195,-9.684,0.322,0.002,-0.1,-0.2,-0.7,0.038,-0.008,0.009,1.975,11.78,OFF,PAPER,1756
56.82,MANUAL,IDLE,,0,0.0,-41.869,12.294,1.195,-9.69,0.32,0.002,-0.0,-0.1,-0.6,-0.237,0.142,0.072,2.003,15.34,OFF,PAPER,1756
56.84,MANUAL,IDLE,,0,0.0,-42.063,12.3,1.195,-9.692,0.314,0.002,-0.1,-0.0,-0.6,-0.017,-0.183,-0.05,1.965,7.38,OFF,PAPER,1756
56.86,MANUAL,IDLE,,0,0.0,-42.257,12.307,1.195,-9.692,0.318,0.002,-0.2,-0.1,-0.7,-0.047,-0.208,-0.046,1.97,6.42,OFF,PAPER,1756
56.88,MANUAL,IDLE,,0,0.0,-42.451,12.313,1.195,-9.69,0.318,0.002,-0.1,-0.1,-0.8,0.197,-0.064,-0.143,2.027,14.67,OFF,PAPER,1756
56.9,MANUAL,IDLE,,0,0.0,-42.644,12.319,1.195,-9.688,0.317,0.002,-0.1,-0.2,-1.0,0.1,0.055,-0.147,1.982,10.74,OFF,PAPER,1756
56.92,MANUAL,IDLE,,0,0.0,-42.838,12.326,1.195,-9.687,0.316,0.002,-0.1,-0.2,-1.1,-0.396,-0.025,-0.22,1.984,12.1,OFF,PAPER,1756
56.94,MANUAL,IDLE,,0,0.0,-43.032,12.332,1.195,-9.693,0.307,0.002,-0.4,-0.1,-1.4,0.012,-0.239,-0.305,1.977,13.95,OFF,PAPER,1756
56.96,MANUAL,IDLE,,0,0.0,-43.226,12.338,1.195,-9.693,0.308,0.001,-0.4,-0.1,-1.7,0.061,-0.364,-0.166,1.969,5.05,OFF,PAPER,1756
56.98,MANUAL,IDLE,,0,0.0,-43.42,12.344,1.195,-9.692,0.306,0.001,-0.4,-0.1,-1.9,-0.019,0.136,-0.102,1.975,8.97,OFF,PAPER,1756
57.0,MANUAL,IDLE,,0,0.0,-43.613,12.35,1.195,-9.693,0.308,0.001,-0.3,0.0,-2.0,0.02,-0.078,-0.153,1.964,4.57,OFF,PAPER,1756
57.02,MANUAL,IDLE,,0,0.0,-43.807,12.357,1.195,-9.703,0.305,0.001,-0.4,0.1,-2.2,-0.221,0.068,-0.156,1.965,6.04,OFF,PAPER,1756
57.04,MANUAL,IDLE,,0,0.0,-44.001,12.363,1.195,-9.694,0.308,0.001,-0.4,0.0,-2.3,0.257,-0.487,-0.077,1.997,12.54,OFF,PAPER,1756
57.06,MANUAL,IDLE,,0,0.0,-44.195,12.369,1.195,-9.681,0.309,0.001,-0.4,-0.3,-2.4,0.428,0.17,-0.048,2.025,14.3,OFF,PAPER,1756
57.08,MANUAL,IDLE,,0,0.0,-44.389,12.375,1.195,-9.686,0.303,0.001,-0.4,-0.2,-2.5,-0.138,0.112,-0.09,2.006,15.12,OFF,PAPER,1756
57.1,MANUAL,IDLE,,0,0.0,-44.583,12.381,1.195,-9.683,0.3,0.001,-0.5,-0.3,-2.6,0.124,0.119,-0.001,2.006,13.52,OFF,PAPER,1756
57.12,MANUAL,IDLE,,0,0.0,-44.776,12.387,1.195,-9.683,0.295,0.001,-0.6,-0.3,-2.6,0.041,0.375,0.014,1.969,4.86,OFF,PAPER,1756
57.14,MANUAL,IDLE,,0,0.0,-44.97,12.393,1.195,-9.691,0.302,0.001,-0.5,-0.1,-2.6,0.132,0.073,-0.013,1.985,8.8,OFF,PAPER,1756
57.16,MANUAL,IDLE,,0,0.0,-45.164,12.399,1.196,-9.693,0.294,0.001,-0.6,-0.1,-2.6,0.079,0.19,0.048,2.012,14.83,OFF,PAPER,1756
57.18,MANUAL,IDLE,,0,0.0,-45.358,12.405,1.196,-9.693,0.297,0.001,-0.6,-0.2,-2.6,0.161,0.259,-0.018,2.019,13.74,OFF,PAPER,1756
57.2,MANUAL,IDLE,,0,0.0,-45.551,12.411,1.196,-9.683,0.299,0.001,-0.5,-0.2,-2.5,0.245,-0.049,0.066,1.976,8.62,OFF,PAPER,1756
57.22,MANUAL,IDLE,,0,0.0,-45.745,12.417,1.196,-9.689,0.306,0.001,-0.4,-0.2,-2.4,-0.062,0.095,0.128,2.038,16.13,OFF,PAPER,1756
57.24,MANUAL,IDLE,,0,0.0,-45.939,12.423,1.196,-9.689,0.306,0.001,-0.5,-0.1,-2.3,-0.104,0.022,0.087,1.993,13.94,OFF,PAPER,1756
57.26,MANUAL,IDLE,,0,0.0,-46.133,12.429,1.196,-9.687,0.307,0.001,-0.5,-0.1,-2.2,-0.156,-0.177,0.067,1.986,8.92,OFF,PAPER,1756
57.28,MANUAL,IDLE,,0,0.0,-46.327,12.435,1.196,-9.694,0.302,0.001,-0.6,-0.0,-2.0,0.001,0.066,0.195,1.976,11.09,OFF,PAPER,1756
57.3,MANUAL,IDLE,,0,0.0,-46.52,12.441,1.196,-9.693,0.307,0.001,-0.4,-0.1,-1.8,0.171,0.167,0.145,1.999,13.35,OFF,PAPER,1756
57.32,MANUAL,IDLE,,0,0.0,-46.714,12.447,1.196,-9.692,0.302,0.001,-0.5,-0.1,-1.7,0.058,0.241,0.067,1.992,10.21,OFF,PAPER,1756
57.34,MANUAL,IDLE,,0,0.0,-46.908,12.453,1.196,-9.691,0.295,0.001,-0.6,-0.2,-1.7,-0.119,-0.173,-0.04,1.975,9.13,OFF,PAPER,1756
57.36,MANUAL,IDLE,,0,0.0,-47.102,12.459,1.196,-9.685,0.29,0.001,-0.7,-0.2,-1.7,-0.322,-0.028,0.004,1.963,10.6,OFF,PAPER,1756
57.38,MANUAL,IDLE,,0,0.0,-47.295,12.465,1.196,-9.687,0.293,0.001,-0.8,-0.2,-1.6,-0.146,0.403,0.139,1.972,7.16,OFF,PAPER,1756
57.4,MANUAL,IDLE,,0,0.0,-47.489,12.471,1.196,-9.682,0.297,0.001,-0.8,-0.3,-1.4,-0.358,0.078,0.151,1.995,10.52,OFF,PAPER,1756
57.42,MANUAL,IDLE,,0,0.0,-47.683,12.477,1.196,-9.675,0.297,0.001,-0.8,-0.5,-1.3,-0.02,0.23,0.13,2.003,13.54,OFF,PAPER,1756
57.44,MANUAL,IDLE,,0,0.0,-47.876,12.483,1.196,-9.682,0.3,0.001,-0.8,-0.3,-1.1,-0.123,-0.01,0.109,1.991,9.85,OFF,PAPER,1756
57.46,MANUAL,IDLE,,0,0.0,-48.07,12.489,1.196,-9.681,0.297,0.001,-0.9,-0.3,-1.0,0.297,-0.401,0.017,1.968,5.75,OFF,PAPER,1756
57.48,MANUAL,IDLE,,0,0.0,-48.264,12.495,1.196,-9.683,0.297,0.001,-0.7,-0.3,-1.0,-0.215,-0.115,0.125,1.968,4.59,OFF,PAPER,1756
57.5,MANUAL,IDLE,,0,0.0,-48.457,12.501,1.196,-9.685,0.292,0.001,-0.8,-0.4,-0.8,-0.167,-0.027,0.129,1.988,13.69,OFF,PAPER,1756
57.52,MANUAL,IDLE,,0,0.0,-48.651,12.507,1.196,-9.679,0.3,0.001,-0.7,-0.5,-0.8,0.052,-0.184,0.031,2.012,14.43,OFF,PAPER,1756
57.54,MANUAL,IDLE,,0,0.0,-48.845,12.513,1.196,-9.688,0.303,0.001,-0.6,-0.4,-0.8,-0.319,0.0,-0.106,1.983,8.46,OFF,PAPER,1756
57.56,MANUAL,IDLE,,0,0.0,-49.039,12.519,1.196,-9.698,0.306,0.001,-0.6,-0.2,-1.0,0.228,0.232,-0.084,1.999,15.3,OFF,PAPER,1756
57.58,MANUAL,IDLE,,0,0.0,-49.233,12.525,1.196,-9.701,0.305,0.001,-0.6,-0.1,-1.0,-0.201,0.036,-0.171,1.963,2.39,OFF,PAPER,1756
57.6,MANUAL,IDLE,,0,0.0,-49.427,12.531,1.196,-9.699,0.308,0.001,-0.6,-0.1,-1.1,-0.213,0.084,0.012,1.993,10.25,OFF,PAPER,1756
57.62,MANUAL,IDLE,,0,0.0,-49.62,12.537,1.196,-9.698,0.306,0.001,-0.8,-0.2,-1.1,-0.161,0.052,0.009,1.982,10.54,OFF,PAPER,1756
57.64,MANUAL,IDLE,,0,0.0,-49.814,12.543,1.196,-9.691,0.313,0.001,-0.7,-0.2,-1.0,0.358,0.129,0.141,1.983,8.88,OFF,PAPER,1756
57.66,MANUAL,IDLE,,0,0.0,-50.008,12.55,1.196,-9.69,0.315,0.001,-0.6,-0.3,-0.9,-0.017,0.124,0.113,2.01,12.66,OFF,PAPER,1756
57.68,MANUAL,IDLE,,0,0.0,-50.202,12.556,1.196,-9.688,0.323,0.001,-0.4,-0.3,-0.8,0.354,0.121,0.101,1.984,9.28,OFF,PAPER,1756
57.7,MANUAL,IDLE,,0,0.0,-50.396,12.563,1.196,-9.687,0.332,0.001,-0.2,-0.3,-0.7,-0.137,0.055,0.035,1.971,11.17,OFF,PAPER,1756
57.72,MANUAL,IDLE,,0,0.0,-50.589,12.569,1.196,-9.689,0.339,0.001,-0.1,-0.2,-0.7,0.448,0.015,-0.087,1.982,11.12,OFF,PAPER,1756
57.74,MANUAL,IDLE,,0,0.0,-50.783,12.576,1.196,-9.688,0.334,0.001,-0.2,-0.2,-0.7,-0.271,-0.115,0.001,1.969,7.43,OFF,PAPER,1756
57.76,MANUAL,IDLE,,0,0.0,-50.977,12.583,1.196,-9.689,0.329,0.001,-0.3,-0.2,-0.8,-0.311,0.14,-0.039,1.977,12.94,OFF,PAPER,1756
57.78,MANUAL,IDLE,,0,0.0,-51.171,12.589,1.196,-9.694,0.331,0.001,-0.4,-0.2,-0.9,0.286,-0.039,-0.097,2.012,14.96,OFF,PAPER,1756
57.8,MANUAL,IDLE,,0,0.0,-51.365,12.596,1.196,-9.699,0.342,0.001,-0.1,-0.1,-1.0,0.106,0.1,-0.068,2.012,15.28,OFF,PAPER,1756
57.82,MANUAL,IDLE,,0,0.0,-51.559,12.603,1.196,-9.695,0.347,0.001,-0.0,-0.2,-1.0,-0.209,0.03,-0.002,1.964,3.13,OFF,PAPER,1756
57.84,MANUAL,IDLE,,0,0.0,-51.753,12.61,1.196,-9.691,0.353,0.001,0.1,-0.2,-1.1,-0.268,-0.135,-0.063,2.045,19.39,OFF,PAPER,1756
57.86,MANUAL,IDLE,,0,0.0,-51.946,12.617,1.196,-9.689,0.352,0.001,0.1,-0.3,-1.2,-0.246,-0.27,-0.089,1.995,10.57,OFF,PAPER,1756
57.88,MANUAL,IDLE,,0,0.0,-52.14,12.624,1.196,-9.693,0.356,0.001,0.1,-0.2,-1.2,-0.062,-0.002,-0.074,1.964,3.69,OFF,PAPER,1756
57.9,MANUAL,IDLE,,0,0.0,-52.334,12.631,1.196,-9.685,0.353,0.001,0.0,-0.3,-1.3,-0.042,-0.256,-0.064,1.967,6.88,OFF,PAPER,1756
57.92,MANUAL,IDLE,,0,0.0,-52.528,12.638,1.196,-9.685,0.356,0.001,0.1,-0.3,-1.4,0.049,0.204,-0.054,1.968,10.91,OFF,PAPER,1756
57.94,MANUAL,IDLE,,0,0.0,-52.721,12.645,1.196,-9.689,0.355,0.001,0.0,-0.3,-1.5,0.271,0.126,-0.114,1.968,4.87,OFF,PAPER,1756
57.96,MANUAL,IDLE,,0,0.0,-52.915,12.652,1.197,-9.683,0.353,0.001,-0.0,-0.4,-1.6,0.029,-0.142,0.044,1.98,8.18,OFF,PAPER,1756
57.98,MANUAL,IDLE,,0,0.0,-53.109,12.659,1.197,-9.678,0.351,0.001,-0.1,-0.4,-1.5,0.024,-0.441,-0.06,1.98,10.27,OFF,PAPER,1756
58.0,MANUAL,IDLE,,0,0.0,-53.302,12.666,1.197,-9.669,0.351,0.001,-0.1,-0.6,-1.6,0.212,-0.215,-0.042,1.964,2.82,OFF,PAPER,1756
58.02,MANUAL,IDLE,,0,0.0,-53.496,12.673,1.197,-9.671,0.348,0.001,-0.2,-0.6,-1.6,-0.365,0.088,0.02,1.994,16.01,OFF,PAPER,1756
58.04,MANUAL,IDLE,,0,0.0,-53.689,12.68,1.197,-9.674,0.345,0.001,-0.3,-0.5,-1.7,-0.338,0.162,-0.001,1.973,6.19,OFF,PAPER,1756
58.06,MANUAL,IDLE,,0,0.0,-53.883,12.687,1.197,-9.679,0.34,0.001,-0.4,-0.4,-1.7,-0.139,-0.23,-0.013,1.99,9.64,OFF,PAPER,1756
58.08,MANUAL,IDLE,,0,0.0,-54.076,12.694,1.197,-9.683,0.349,0.001,-0.4,-0.4,-1.8,-0.133,-0.159,-0.074,1.977,9.55,OFF,PAPER,1756
58.1,MANUAL,IDLE,,0,0.0,-54.27,12.701,1.197,-9.682,0.362,0.001,-0.2,-0.4,-1.8,-0.094,0.309,-0.078,2.016,16.28,OFF,PAPER,1756
58.12,MANUAL,IDLE,,0,0.0,-54.464,12.708,1.197,-9.684,0.361,0.001,-0.3,-0.3,-1.9,0.005,0.221,-0.096,1.985,8.81,OFF,PAPER,1756
58.14,MANUAL,IDLE,,0,0.0,-54.657,12.716,1.197,-9.686,0.359,0.001,-0.4,-0.3,-2.0,0.183,-0.098,-0.007,2.001,11.43,OFF,PAPER,1756
58.16,MANUAL,IDLE,,0,0.0,-54.851,12.723,1.197,-9.686,0.361,0.001,-0.4,-0.3,-2.0,0.035,0.219,0.077,1.991,14.13,OFF,PAPER,1756
58.18,MANUAL,IDLE,,0,0.0,-55.045,12.73,1.197,-9.685,0.362,0.001,-0.4,-0.2,-2.0,-0.148,0.047,0.005,1.993,14.69,OFF,PAPER,1756
58.2,MANUAL,IDLE,,0,0.0,-55.238,12.737,1.197,-9.683,0.362,0.001,-0.5,-0.3,-1.9,-0.271,0.128,0.048,1.993,10.26,OFF,PAPER,1756
58.22,MANUAL,IDLE,,0,0.0,-55.432,12.744,1.197,-9.69,0.366,0.001,-0.4,-0.2,-1.9,-0.055,0.137,0.072,1.996,12.29,OFF,PAPER,1756
58.24,MANUAL,IDLE,,0,0.0,-55.626,12.752,1.197,-9.699,0.365,0.001,-0.4,0.0,-1.8,-0.123,0.08,0.032,1.982,10.1,OFF,PAPER,1756
58.26,MANUAL,IDLE,,0,0.0,-55.82,12.759,1.197,-9.705,0.363,0.001,-0.5,0.1,-1.8,-0.005,0.094,0.008,1.967,7.08,OFF,PAPER,1756
58.28,MANUAL,IDLE,,0,0.0,-56.014,12.766,1.197,-9.707,0.363,0.001,-0.5,0.2,-1.9,0.044,0.153,-0.139,1.976,6.98,OFF,PAPER,1756
58.3,MANUAL,IDLE,,0,0.0,-56.208,12.774,1.197,-9.71,0.371,0.001,-0.4,0.4,-2.0,0.204,0.183,-0.046,2.013,14.24,OFF,PAPER,1756
58.32,MANUAL,IDLE,,0,0.0,-56.402,12.781,1.197,-9.703,0.37,0.001,-0.3,0.2,-2.0,-0.049,0.132,-0.033,1.978,7.9,OFF,PAPER,1756
58.34,MANUAL,IDLE,,0,0.0,-56.596,12.789,1.197,-9.691,0.367,0.001,-0.2,0.0,-2.1,-0.032,0.042,-0.055,1.979,10.81,OFF,PAPER,1756
58.36,MANUAL,IDLE,,0,0.0,-56.79,12.796,1.197,-9.692,0.373,0.001,-0.1,0.1,-2.1,0.198,0.033,-0.001,2.016,13.74,OFF,PAPER,1756
58.38,MANUAL,IDLE,,0,0.0,-56.984,12.803,1.197,-9.692,0.364,0.001,-0.2,0.1,-2.1,0.103,-0.047,0.001,1.988,10.06,OFF,PAPER,1756
58.4,MANUAL,IDLE,,0,0.0,-57.178,12.811,1.197,-9.69,0.368,0.001,-0.2,-0.0,-2.1,0.109,-0.044,0.006,1.982,8.42,OFF,PAPER,1756
58.42,MANUAL,IDLE,,0,0.0,-57.371,12.818,1.197,-9.69,0.359,0.001,-0.4,0.0,-2.1,-0.3,-0.145,-0.015,1.964,3.29,OFF,PAPER,1756
58.44,MANUAL,IDLE,,0,0.0,-57.565,12.825,1.197,-9.685,0.362,0.001,-0.3,-0.0,-2.0,0.105,-0.15,0.004,1.968,10.22,OFF,PAPER,1756
58.46,MANUAL,IDLE,,0,0.0,-57.759,12.832,1.197,-9.685,0.363,0.001,-0.3,-0.0,-2.0,0.002,0.274,0.081,2.002,13.23,OFF,PAPER,1756
58.48,MANUAL,IDLE,,0,0.0,-57.952,12.84,1.197,-9.68,0.356,0.001,-0.4,-0.1,-1.9,0.118,0.231,0.039,1.996,12.07,OFF,PAPER,1756
58.5,MANUAL,IDLE,,0,0.0,-58.146,12.847,1.197,-9.674,0.36,0.001,-0.2,-0.2,-2.0,-0.104,0.074,-0.136,1.985,9.46,OFF,PAPER,1756
58.52,MANUAL,IDLE,,0,0.0,-58.339,12.854,1.197,-9.674,0.358,0.001,-0.2,-0.2,-2.1,0.306,-0.044,-0.125,2.0,13.95,OFF,PAPER,1756
58.54,MANUAL,IDLE,,0,0.0,-58.533,12.861,1.197,-9.678,0.366,0.001,-0.0,-0.1,-2.2,0.122,0.123,-0.073,1.998,14.18,OFF,PAPER,1756
58.56,MANUAL,IDLE,,0,0.0,-58.727,12.868,1.197,-9.686,0.356,0.001,-0.1,-0.0,-2.3,-0.231,0.027,-0.028,1.984,8.8,OFF,PAPER,1756
58.58,MANUAL,IDLE,,0,0.0,-58.92,12.876,1.197,-9.686,0.363,0.001,-0.0,-0.0,-2.4,0.226,0.124,-0.126,1.967,10.88,OFF,PAPER,1756
58.6,MANUAL,IDLE,,0,0.0,-59.114,12.883,1.197,-9.687,0.368,0.001,-0.0,-0.0,-2.6,0.177,0.121,-0.162,1.965,9.95,OFF,PAPER,1756
58.62,MANUAL,IDLE,,0,0.0,-59.308,12.89,1.197,-9.686,0.366,0.001,-0.0,-0.1,-2.7,-0.074,-0.287,-0.106,1.979,12.64,OFF,PAPER,1756
58.64,MANUAL,IDLE,,0,0.0,-59.502,12.898,1.197,-9.69,0.365,0.001,-0.0,-0.1,-2.8,-0.178,0.334,0.031,1.963,3.66,OFF,PAPER,1756
58.66,MANUAL,IDLE,,0,0.0,-59.695,12.905,1.197,-9.689,0.364,0.001,-0.1,-0.1,-2.8,-0.027,-0.094,0.024,1.992,10.29,OFF,PAPER,1756
58.68,MANUAL,IDLE,,0,0.0,-59.889,12.912,1.197,-9.683,0.367,0.001,-0.0,-0.2,-2.8,0.293,-0.373,0.039,1.97,7.52,OFF,PAPER,1756
58.7,MANUAL,IDLE,,0,0.0,-60.083,12.919,1.197,-9.68,0.366,0.001,-0.1,-0.2,-2.7,-0.152,-0.07,0.033,1.976,6.97,OFF,PAPER,1756
58.72,MANUAL,IDLE,,0,0.0,-60.277,12.927,1.197,-9.686,0.365,0.001,-0.1,-0.2,-2.6,-0.125,0.205,0.083,1.965,4.82,OFF,PAPER,1756
58.74,MANUAL,IDLE,,0,0.0,-60.47,12.934,1.197,-9.68,0.361,0.001,-0.2,-0.3,-2.5,-0.372,-0.224,0.018,2.004,12.11,OFF,PAPER,1756
58.76,MANUAL,IDLE,,0,0.0,-60.664,12.941,1.197,-9.684,0.359,0.001,-0.3,-0.3,-2.5,0.181,0.437,0.036,2.005,12.8,OFF,PAPER,1756
58.78,MANUAL,IDLE,,0,0.0,-60.857,12.948,1.197,-9.686,0.355,0.001,-0.2,-0.2,-2.4,-0.097,0.244,0.1,2.021,14.02,OFF,PAPER,1756
58.8,MANUAL,IDLE,,0,0.0,-61.051,12.955,1.197,-9.681,0.351,0.001,-0.3,-0.3,-2.4,0.108,-0.299,-0.006,2.003,15.3,OFF,PAPER,1756
58.82,MANUAL,IDLE,,0,0.0,-61.245,12.962,1.197,-9.682,0.345,0.001,-0.4,-0.3,-2.4,-0.248,0.073,0.025,2.01,13.45,OFF,PAPER,1756
58.84,MANUAL,IDLE,,0,0.0,-61.438,12.969,1.197,-9.683,0.351,0.001,-0.3,-0.3,-2.3,-0.318,0.114,0.143,2.0,11.44,OFF,PAPER,1756
58.86,MANUAL,IDLE,,0,0.0,-61.632,12.976,1.197,-9.689,0.35,0.001,-0.4,-0.2,-2.1,-0.269,0.118,0.094,1.969,7.77,OFF,PAPER,1756
58.88,MANUAL,IDLE,,0,0.0,-61.826,12.983,1.197,-9.681,0.343,0.001,-0.5,-0.3,-2.1,0.022,-0.161,0.017,1.966,8.31,OFF,PAPER,1756
58.9,MANUAL,IDLE,,0,0.0,-62.019,12.99,1.197,-9.68,0.347,0.001,-0.5,-0.3,-2.1,0.249,-0.201,0.03,1.968,8.27,OFF,PAPER,1756
58.92,MANUAL,IDLE,,0,0.0,-62.213,12.997,1.197,-9.681,0.341,0.001,-0.5,-0.4,-2.1,-0.019,-0.061,-0.039,1.992,14.17,OFF,PAPER,1756
58.94,MANUAL,IDLE,,0,0.0,-62.407,13.004,1.197,-9.697,0.339,0.001,-0.6,-0.1,-2.1,0.124,0.202,-0.06,1.968,9.05,OFF,PAPER,1756
58.96,MANUAL,IDLE,,0,0.0,-62.601,13.01,1.197,-9.696,0.333,0.001,-0.6,-0.1,-2.1,-0.195,-0.003,-0.07,2.019,15.02,OFF,PAPER,1756
58.98,MANUAL,IDLE,,0,0.0,-62.795,13.017,1.197,-9.701,0.337,0.001,-0.6,-0.0,-2.2,0.247,0.3,-0.029,2.013,13.26,OFF,PAPER,1756
59.0,MANUAL,IDLE,,0,0.0,-62.989,13.024,1.197,-9.7,0.334,0.001,-0.5,0.0,-2.2,-0.314,0.089,-0.001,1.978,10.49,OFF,PAPER,1756
59.02,MANUAL,IDLE,,0,0.0,-63.183,13.031,1.197,-9.706,0.343,0.001,-0.3,0.1,-2.2,0.35,0.099,-0.009,2.005,13.96,OFF,PAPER,1756
59.04,MANUAL,IDLE,,0,0.0,-63.377,13.037,1.197,-9.705,0.341,0.001,-0.3,0.0,-2.3,-0.071,-0.37,-0.072,1.992,11.57,OFF,PAPER,1756
59.06,MANUAL,IDLE,,0,0.0,-63.571,13.044,1.198,-9.708,0.338,0.001,-0.3,-0.1,-2.4,0.115,0.077,-0.124,1.981,12.47,OFF,PAPER,1756
59.08,MANUAL,IDLE,,0,0.0,-63.765,13.051,1.198,-9.713,0.333,0.001,-0.4,-0.0,-2.4,-0.159,0.49,-0.029,2.014,13.23,OFF,PAPER,1756
59.1,MANUAL,IDLE,,0,0.0,-63.96,13.058,1.198,-9.716,0.335,0.001,-0.4,0.1,-2.5,-0.118,0.053,-0.081,1.978,13.36,OFF,PAPER,1756
59.12,MANUAL,IDLE,,0,0.0,-64.154,13.064,1.198,-9.712,0.33,0.001,-0.5,0.1,-2.5,-0.089,-0.045,-0.066,2.007,12.32,OFF,PAPER,1756
59.14,MANUAL,IDLE,,0,0.0,-64.348,13.071,1.198,-9.716,0.334,0.001,-0.4,0.1,-2.6,0.525,0.055,0.102,2.007,12.86,OFF,PAPER,1756
59.16,MANUAL,IDLE,,0,0.0,-64.543,13.078,1.198,-9.729,0.337,0.001,-0.3,0.2,-2.5,0.103,0.367,0.077,2.011,16.78,OFF,PAPER,1756
59.18,MANUAL,IDLE,,0,0.0,-64.737,13.084,1.198,-9.741,0.33,0.001,-0.3,0.5,-2.4,-0.192,0.341,0.0,1.983,8.92,OFF,PAPER,1756
59.2,MANUAL,IDLE,,0,0.0,-64.932,13.091,1.198,-9.736,0.333,0.001,-0.3,0.3,-2.5,-0.255,0.148,-0.066,1.965,6.43,OFF,PAPER,1756
59.22,MANUAL,IDLE,,0,0.0,-65.127,13.097,1.198,-9.741,0.325,0.001,-0.5,0.4,-2.6,0.05,0.178,-0.02,2.024,16.15,OFF,PAPER,1756
59.24,MANUAL,IDLE,,0,0.0,-65.322,13.104,1.198,-9.737,0.327,0.001,-0.4,0.4,-2.5,0.272,0.002,0.018,1.997,11.34,OFF,PAPER,1756
59.26,MANUAL,IDLE,,0,0.0,-65.516,13.111,1.198,-9.728,0.334,0.001,-0.2,0.2,-2.6,-0.221,-0.064,-0.152,1.995,14.7,OFF,PAPER,1756
59.28,MANUAL,IDLE,,0,0.0,-65.711,13.117,1.198,-9.731,0.328,0.001,-0.3,0.2,-2.7,-0.041,0.232,-0.087,1.981,8.04,OFF,PAPER,1756
59.3,MANUAL,IDLE,,0,0.0,-65.905,13.124,1.198,-9.726,0.325,0.001,-0.4,0.2,-2.8,-0.171,-0.169,-0.053,1.981,11.69,OFF,PAPER,1756
59.32,MANUAL,IDLE,,0,0.0,-66.1,13.13,1.198,-9.72,0.324,0.001,-0.5,0.0,-2.8,0.319,-0.154,0.04,1.997,13.86,OFF,PAPER,1756
59.34,MANUAL,IDLE,,0,0.0,-66.294,13.137,1.198,-9.714,0.327,0.001,-0.3,-0.1,-2.7,0.135,-0.126,0.104,1.982,11.13,OFF,PAPER,1756
59.36,MANUAL,IDLE,,0,0.0,-66.489,13.143,1.198,-9.715,0.336,0.001,-0.2,-0.2,-2.6,0.541,-0.174,0.155,1.966,5.61,OFF,PAPER,1756
59.38,MANUAL,IDLE,,0,0.0,-66.683,13.15,1.198,-9.709,0.338,0.001,-0.0,-0.2,-2.4,-0.123,-0.273,0.162,2.01,13.94,OFF,PAPER,1756
59.4,MANUAL,IDLE,,0,0.0,-66.877,13.157,1.198,-9.721,0.333,0.001,-0.2,-0.1,-2.3,-0.359,0.177,0.063,2.016,17.63,OFF,PAPER,1756
59.42,MANUAL,IDLE,,0,0.0,-67.071,13.163,1.198,-9.711,0.331,0.001,-0.3,-0.2,-2.3,0.079,-0.094,-0.106,1.975,11.94,OFF,PAPER,1756
59.44,MANUAL,IDLE,,0,0.0,-67.266,13.17,1.198,-9.714,0.331,0.001,-0.4,-0.1,-2.5,-0.187,-0.168,-0.141,2.015,14.65,OFF,PAPER,1756
59.46,MANUAL,IDLE,,0,0.0,-67.46,13.177,1.198,-9.711,0.339,0.001,-0.2,-0.1,-2.7,0.167,-0.246,-0.148,1.966,6.56,OFF,PAPER,1756
59.48,MANUAL,IDLE,,0,0.0,-67.654,13.184,1.198,-9.709,0.345,0.001,-0.0,-0.1,-2.8,-0.019,-0.35,-0.064,1.98,7.76,OFF,PAPER,1756
59.5,MANUAL,IDLE,,0,0.0,-67.848,13.19,1.198,-9.712,0.337,0.001,-0.2,-0.1,-2.8,-0.183,0.056,0.038,1.993,14.28,OFF,PAPER,1756
59.52,MANUAL,IDLE,,0,0.0,-68.043,13.197,1.198,-9.711,0.346,0.001,-0.2,-0.1,-2.7,0.136,0.092,0.165,1.969,12.16,OFF,PAPER,1756
59.54,MANUAL,IDLE,,0,0.0,-68.237,13.204,1.198,-9.715,0.346,0.001,-0.2,0.1,-2.5,-0.155,-0.107,0.214,2.011,15.96,OFF,PAPER,1756
59.56,MANUAL,IDLE,,0,0.0,-68.431,13.211,1.198,-9.716,0.351,0.001,-0.1,0.1,-2.2,0.113,0.426,0.24,1.972,7.65,OFF,PAPER,1756
59.58,MANUAL,IDLE,,0,0.0,-68.626,13.218,1.198,-9.719,0.347,0.001,-0.2,0.2,-2.0,0.086,0.008,0.211,1.97,5.84,OFF,PAPER,1756
59.6,MANUAL,IDLE,,0,0.0,-68.82,13.225,1.198,-9.716,0.347,0.001,-0.2,0.2,-1.8,-0.21,-0.038,0.093,1.97,11.02,OFF,PAPER,1756
59.62,MANUAL,IDLE,,0,0.0,-69.014,13.232,1.198,-9.719,0.343,0.001,-0.3,0.2,-1.8,-0.101,-0.186,-0.073,1.993,15.31,OFF,PAPER,1756
59.64,MANUAL,IDLE,,0,0.0,-69.209,13.239,1.198,-9.722,0.341,0.001,-0.3,0.2,-1.8,-0.165,0.435,0.024,2.018,13.53,OFF,PAPER,1756
59.66,MANUAL,IDLE,,0,0.0,-69.403,13.246,1.198,-9.723,0.348,0.001,-0.2,0.3,-1.8,0.174,-0.102,0.035,1.995,11.03,OFF,PAPER,1756
59.68,MANUAL,IDLE,,0,0.0,-69.598,13.253,1.198,-9.729,0.35,0.001,-0.2,0.4,-1.8,0.174,-0.292,0.034,1.993,10.46,OFF,PAPER,1756
59.7,MANUAL,IDLE,,0,0.0,-69.792,13.26,1.198,-9.729,0.355,0.001,-0.1,0.5,-1.8,0.162,0.17,0.032,1.963,7.59,OFF,PAPER,1756
59.72,MANUAL,IDLE,,0,0.0,-69.987,13.267,1.198,-9.734,0.343,0.001,-0.2,0.5,-1.7,-0.149,-0.089,0.106,1.98,13.4,OFF,PAPER,1756
59.74,MANUAL,IDLE,,0,0.0,-70.182,13.274,1.198,-9.734,0.341,0.001,-0.4,0.5,-1.5,0.237,0.075,0.143,1.962,3.53,OFF,PAPER,1756
59.76,MANUAL,IDLE,,0,0.0,-70.376,13.28,1.198,-9.731,0.336,0.001,-0.5,0.4,-1.4,-0.062,0.028,0.102,1.965,9.76,OFF,PAPER,1756
59.78,MANUAL,IDLE,,0,0.0,-70.571,13.287,1.198,-9.72,0.333,0.001,-0.6,0.3,-1.3,0.077,-0.197,0.019,1.984,10.67,OFF,PAPER,1756
59.8,MANUAL,IDLE,,0,0.0,-70.765,13.294,1.198,-9.722,0.323,0.001,-0.8,0.2,-1.3,-0.34,-0.052,0.015,1.991,9.85,OFF,PAPER,1756
59.82,MANUAL,IDLE,,0,0.0,-70.96,13.3,1.198,-9.727,0.317,0.001,-0.9,0.3,-1.2,0.246,0.304,0.076,1.996,12.46,OFF,PAPER,1756
59.84,MANUAL,IDLE,,0,0.0,-71.154,13.306,1.198,-9.734,0.324,0.001,-0.7,0.5,-1.2,0.131,0.018,-0.002,2.003,11.82,OFF,PAPER,1756
59.86,MANUAL,IDLE,,0,0.0,-71.349,13.313,1.198,-9.727,0.334,0.001,-0.5,0.4,-1.2,0.04,-0.094,-0.022,2.003,14.9,OFF,PAPER,1756
59.88,MANUAL,IDLE,,0,0.0,-71.543,13.32,1.198,-9.719,0.336,0.001,-0.5,0.3,-1.2,0.37,-0.037,-0.012,2.006,12.75,OFF,PAPER,1756
59.9,MANUAL,IDLE,,0,0.0,-71.738,13.326,1.198,-9.722,0.338,0.001,-0.5,0.3,-1.3,0.093,-0.047,-0.086,1.976,7.3,OFF,PAPER,1756
59.92,MANUAL,IDLE,,0,0.0,-71.932,13.333,1.198,-9.722,0.343,0.001,-0.4,0.2,-1.4,0.265,-0.099,-0.092,2.032,15.95,OFF,PAPER,1756
59.94,MANUAL,IDLE,,0,0.0,-72.127,13.34,1.198,-9.722,0.341,0.001,-0.4,0.2,-1.6,0.057,-0.627,-0.232,1.999,15.17,OFF,PAPER,1756
59.96,MANUAL,IDLE,,0,0.0,-72.321,13.347,1.198,-9.725,0.342,0.001,-0.5,0.2,-1.8,-0.21,0.332,-0.224,2.004,13.09,OFF,PAPER,1756
59.98,MANUAL,IDLE,,0,0.0,-72.516,13.354,1.198,-9.718,0.342,0.001,-0.5,0.1,-2.0,0.084,-0.042,-0.19,1.963,5.98,OFF,PAPER,1756
60.0,MANUAL,IDLE,,0,0.0,-72.71,13.361,1.198,-9.726,0.344,0.001,-0.5,0.1,-2.2,-0.121,0.078,-0.145,2.0,16.77,OFF,PAPER,1756
60.02,MANUAL,IDLE,,0,0.0,-72.905,13.367,1.198,-9.733,0.342,0.001,-0.5,0.2,-2.4,-0.317,-0.211,-0.151,1.993,10.39,OFF,PAPER,1756
60.04,MANUAL,IDLE,,0,0.0,-73.099,13.374,1.198,-9.729,0.35,0.001,-0.5,0.1,-2.5,-0.269,-0.122,-0.045,2.001,14.71,OFF,PAPER,1756
60.06,MANUAL,IDLE,,0,0.0,-73.294,13.381,1.198,-9.727,0.357,0.001,-0.3,-0.0,-2.6,-0.076,-0.331,-0.136,1.984,11.0,OFF,PAPER,1756
60.08,MANUAL,IDLE,,0,0.0,-73.488,13.389,1.198,-9.729,0.353,0.001,-0.4,-0.0,-2.8,-0.118,0.211,-0.235,1.983,8.86,OFF,PAPER,1756
60.1,MANUAL,IDLE,,0,0.0,-73.683,13.396,1.198,-9.726,0.348,0.001,-0.6,-0.1,-3.0,0.122,-0.139,-0.147,1.969,9.06,OFF,PAPER,1756
60.12,MANUAL,IDLE,,0,0.0,-73.877,13.402,1.198,-9.725,0.35,0.001,-0.6,-0.1,-3.2,0.0,-0.02,-0.141,2.013,13.24,OFF,PAPER,1756
60.14,MANUAL,IDLE,,0,0.0,-74.072,13.409,1.198,-9.721,0.346,0.001,-0.6,-0.2,-3.3,-0.415,-0.042,-0.137,2.003,11.72,OFF,PAPER,1756
60.16,MANUAL,IDLE,,0,0.0,-74.266,13.417,1.198,-9.733,0.353,0.001,-0.6,-0.1,-3.5,-0.044,-0.107,-0.152,2.002,12.81,OFF,PAPER,1756
60.18,MANUAL,IDLE,,0,0.0,-74.461,13.424,1.198,-9.726,0.354,0.001,-0.7,-0.2,-3.6,0.032,-0.19,-0.116,1.972,6.73,OFF,PAPER,1756
60.2,MANUAL,IDLE,,0,0.0,-74.656,13.431,1.198,-9.728,0.361,0.001,-0.5,-0.2,-3.7,-0.1,0.042,-0.037,1.992,14.47,OFF,PAPER,1756
60.22,MANUAL,IDLE,,0,0.0,-74.85,13.438,1.198,-9.723,0.362,0.001,-0.5,-0.2,-3.6,0.386,0.012,0.004,1.97,6.26,OFF,PAPER,1756
60.24,MANUAL,IDLE,,0,0.0,-75.045,13.445,1.198,-9.72,0.365,0.001,-0.3,-0.3,-3.7,-0.181,-0.039,-0.057,1.967,5.42,OFF,PAPER,1756
60.26,MANUAL,IDLE,,0,0.0,-75.239,13.452,1.198,-9.721,0.365,0.001,-0.3,-0.3,-3.6,-0.041,0.155,0.037,1.964,5.37,OFF,PAPER,1756
60.28,MANUAL,IDLE,,0,0.0,-75.433,13.46,1.198,-9.724,0.368,0.001,-0.3,-0.2,-3.6,-0.055,0.331,-0.017,1.994,12.98,OFF,PAPER,1756
60.3,MANUAL,IDLE,,0,0.0,-75.628,13.467,1.198,-9.717,0.38,0.001,-0.1,-0.4,-3.7,0.176,-0.023,-0.045,2.007,14.48,OFF,PAPER,1756
60.32,MANUAL,IDLE,,0,0.0,-75.822,13.475,1.198,-9.73,0.377,0.001,-0.1,-0.2,-3.6,-0.019,0.367,0.111,2.012,13.38,OFF,PAPER,1756
60.34,MANUAL,IDLE,,0,0.0,-76.017,13.482,1.198,-9.739,0.384,0.001,-0.2,-0.1,-3.5,0.217,0.319,0.105,1.986,8.9,OFF,PAPER,1756
60.36,MANUAL,IDLE,,0,0.0,-76.212,13.49,1.198,-9.743,0.385,0.001,-0.1,-0.0,-3.4,-0.174,0.158,0.207,1.963,5.09,OFF,PAPER,1756
60.38,MANUAL,IDLE,,0,0.0,-76.407,13.498,1.198,-9.748,0.38,0.001,-0.3,0.0,-3.1,0.283,0.228,0.164,2.021,15.21,OFF,PAPER,1756
60.4,MANUAL,IDLE,,0,0.0,-76.602,13.505,1.198,-9.748,0.392,0.001,-0.1,0.1,-2.9,0.584,-0.191,0.313,2.013,15.56,OFF,PAPER,1756
60.42,MANUAL,IDLE,,0,0.0,-76.797,13.513,1.198,-9.748,0.395,0.001,-0.0,0.1,-2.6,0.087,0.359,0.222,1.981,10.26,OFF,PAPER,1756
60.44,MANUAL,IDLE,,0,0.0,-76.992,13.521,1.198,-9.754,0.384,0.001,-0.2,0.3,-2.3,-0.001,-0.05,0.077,1.973,9.63,OFF,PAPER,1756
60.46,MANUAL,IDLE,,0,0.0,-77.187,13.529,1.198,-9.747,0.381,0.0,-0.2,0.2,-2.2,-0.094,-0.207,0.057,1.996,10.72,OFF,PAPER,1756
60.48,MANUAL,IDLE,,0,0.0,-77.382,13.536,1.198,-9.753,0.388,0.0,-0.2,0.2,-2.3,0.567,0.454,0.022,1.976,9.8,OFF,PAPER,1756
60.5,MANUAL,IDLE,,0,0.0,-77.577,13.544,1.198,-9.751,0.389,0.0,-0.1,0.2,-2.2,0.196,0.017,0.053,1.972,6.15,OFF,PAPER,1756
60.52,MANUAL,IDLE,,0,0.0,-77.772,13.552,1.198,-9.753,0.389,0.0,-0.1,0.1,-2.1,-0.28,-0.037,0.092,1.974,8.02,OFF,PAPER,1756
60.54,MANUAL,IDLE,,0,0.0,-77.967,13.56,1.198,-9.754,0.383,0.0,-0.3,0.1,-1.9,0.341,-0.046,0.222,1.973,10.91,OFF,PAPER,1756
60.56,MANUAL,IDLE,,0,0.0,-78.162,13.567,1.198,-9.762,0.382,0.0,-0.3,0.3,-1.8,-0.293,-0.079,0.067,1.967,4.15,OFF,PAPER,1756
60.58,MANUAL,IDLE,,0,0.0,-78.357,13.575,1.198,-9.765,0.387,0.0,-0.3,0.2,-1.8,0.543,-0.383,-0.029,1.968,4.34,OFF,PAPER,1756
60.6,MANUAL,IDLE,,0,0.0,-78.552,13.583,1.198,-9.76,0.386,0.0,-0.2,0.1,-1.9,-0.309,0.123,-0.116,1.992,11.77,OFF,PAPER,1756
60.62,MANUAL,IDLE,,0,0.0,-78.747,13.59,1.198,-9.757,0.38,0.0,-0.3,-0.0,-2.0,-0.196,0.137,-0.044,1.966,3.82,OFF,PAPER,1756
60.64,MANUAL,IDLE,,0,0.0,-78.942,13.598,1.198,-9.744,0.381,0.0,-0.3,-0.2,-2.1,0.119,-0.038,-0.091,1.986,9.81,OFF,PAPER,1756
60.66,MANUAL,IDLE,,0,0.0,-79.137,13.606,1.198,-9.749,0.381,0.0,-0.3,-0.1,-2.2,-0.074,-0.073,-0.012,1.965,3.11,OFF,PAPER,1756
60.68,MANUAL,IDLE,,0,0.0,-79.332,13.613,1.198,-9.745,0.387,0.0,-0.3,-0.1,-2.1,0.05,-0.033,-0.02,1.976,8.07,OFF,PAPER,1756
60.7,MANUAL,IDLE,,0,0.0,-79.527,13.621,1.199,-9.744,0.379,0.0,-0.3,-0.2,-2.1,-0.132,-0.202,0.049,2.009,13.36,OFF,PAPER,1756
60.72,MANUAL,IDLE,,0,0.0,-79.722,13.629,1.199,-9.743,0.383,0.0,-0.3,-0.2,-2.1,-0.115,-0.115,0.065,1.971,5.61,OFF,PAPER,1756
60.74,MANUAL,IDLE,,0,0.0,-79.917,13.636,1.199,-9.75,0.38,0.0,-0.3,-0.1,-2.0,0.251,0.099,0.023,1.98,9.45,OFF,PAPER,1756
60.76,MANUAL,IDLE,,0,0.0,-80.112,13.644,1.199,-9.762,0.375,0.0,-0.3,0.0,-2.0,-0.281,-0.213,-0.035,1.988,13.51,OFF,PAPER,1756
60.78,MANUAL,IDLE,,0,0.0,-80.307,13.651,1.199,-9.758,0.37,0.0,-0.4,-0.1,-2.1,-0.346,-0.136,-0.098,2.0,13.12,OFF,PAPER,1756
60.8,MANUAL,IDLE,,0,0.0,-80.503,13.659,1.199,-9.764,0.377,0.0,-0.4,0.0,-2.2,0.189,-0.025,-0.067,2.035,17.43,OFF,PAPER,1756
60.82,MANUAL,IDLE,,0,0.0,-80.698,13.666,1.199,-9.759,0.377,0.0,-0.3,-0.1,-2.3,-0.236,-0.133,-0.051,1.997,11.53,OFF,PAPER,1756
60.84,MANUAL,IDLE,,0,0.0,-80.893,13.674,1.199,-9.75,0.385,0.0,-0.2,-0.2,-2.3,-0.067,-0.367,0.018,1.974,6.61,OFF,PAPER,1756
60.86,MANUAL,IDLE,,0,0.0,-81.088,13.682,1.199,-9.747,0.383,0.0,-0.3,-0.3,-2.3,0.041,0.052,0.021,1.973,8.28,OFF,PAPER,1756
60.88,MANUAL,IDLE,,0,0.0,-81.283,13.689,1.199,-9.745,0.385,0.0,-0.2,-0.4,-2.3,-0.089,-0.121,-0.053,1.97,9.73,OFF,PAPER,1756
60.9,MANUAL,IDLE,,0,0.0,-81.478,13.697,1.199,-9.749,0.375,0.0,-0.4,-0.3,-2.3,-0.362,-0.136,0.032,1.972,11.52,OFF,PAPER,1756
60.92,MANUAL,IDLE,,0,0.0,-81.673,13.704,1.199,-9.748,0.372,0.0,-0.4,-0.3,-2.2,0.086,-0.276,0.116,2.012,14.58,OFF,PAPER,1756
60.94,MANUAL,IDLE,,0,0.0,-81.868,13.712,1.199,-9.752,0.37,0.0,-0.3,-0.3,-2.1,-0.26,0.061,0.112,2.017,14.6,OFF,PAPER,1756
60.96,MANUAL,IDLE,,0,0.0,-82.063,13.719,1.199,-9.747,0.375,0.0,-0.4,-0.3,-2.1,0.236,-0.063,-0.03,1.995,14.65,OFF,PAPER,1756
60.98,MANUAL,IDLE,,0,0.0,-82.258,13.727,1.199,-9.75,0.379,0.0,-0.2,-0.2,-2.1,-0.115,0.173,-0.021,1.974,8.28,OFF,PAPER,1756
61.0,MANUAL,IDLE,,0,0.0,-82.453,13.734,1.199,-9.755,0.381,0.0,-0.2,-0.1,-2.1,0.07,0.085,0.05,2.002,12.14,OFF,PAPER,1756
61.02,MANUAL,IDLE,,0,0.0,-82.648,13.742,1.199,-9.752,0.377,0.0,-0.2,-0.2,-2.0,0.093,-0.297,0.027,1.974,7.13,OFF,PAPER,1756
61.04,MANUAL,IDLE,,0,0.0,-82.843,13.75,1.199,-9.749,0.376,0.0,-0.2,-0.3,-2.0,0.379,0.02,-0.042,2.031,18.38,OFF,PAPER,1756
61.06,MANUAL,IDLE,,0,0.0,-83.038,13.757,1.199,-9.746,0.38,0.0,-0.1,-0.3,-2.0,-0.006,-0.173,0.098,1.963,9.9,OFF,PAPER,1756
61.08,MANUAL,IDLE,,0,0.0,-83.233,13.765,1.199,-9.748,0.384,0.0,0.0,-0.3,-1.8,0.147,-0.356,0.147,1.963,12.16,OFF,PAPER,1756
61.1,MANUAL,IDLE,,0,0.0,-83.428,13.772,1.199,-9.749,0.383,0.0,0.0,-0.4,-1.7,0.285,0.026,0.075,1.995,13.16,OFF,PAPER,1756
61.12,MANUAL,IDLE,,0,0.0,-83.623,13.78,1.199,-9.752,0.384,0.0,0.1,-0.3,-1.6,0.034,0.155,0.097,2.028,14.76,OFF,PAPER,1756
61.14,MANUAL,IDLE,,0,0.0,-83.818,13.788,1.199,-9.744,0.382,0.0,0.1,-0.4,-1.6,0.107,-0.269,-0.005,2.003,13.21,OFF,PAPER,1756
61.16,MANUAL,IDLE,,0,0.0,-84.013,13.796,1.199,-9.741,0.394,0.0,0.3,-0.5,-1.5,0.183,-0.124,0.194,1.974,11.42,OFF,PAPER,1756
61.18,MANUAL,IDLE,,0,0.0,-84.207,13.803,1.199,-9.742,0.381,0.0,0.1,-0.4,-1.3,-0.119,0.077,0.101,1.963,9.38,OFF,PAPER,1756
61.2,MANUAL,IDLE,,0,0.0,-84.402,13.811,1.199,-9.742,0.381,0.0,0.1,-0.4,-1.3,-0.277,0.046,-0.049,1.978,8.46,OFF,PAPER,1756
61.22,MANUAL,IDLE,,0,0.0,-84.597,13.819,1.199,-9.743,0.379,0.0,0.0,-0.4,-1.4,-0.11,-0.21,-0.122,1.967,6.69,OFF,PAPER,1756
61.24,MANUAL,IDLE,,0,0.0,-84.792,13.826,1.199,-9.746,0.379,0.0,0.1,-0.4,-1.5,-0.165,0.022,-0.068,2.003,11.93,OFF,PAPER,1756
61.26,MANUAL,IDLE,,0,0.0,-84.987,13.834,1.199,-9.754,0.381,0.0,0.1,-0.3,-1.6,-0.255,0.018,-0.155,1.977,10.04,OFF,PAPER,1756
61.28,MANUAL,IDLE,,0,0.0,-85.182,13.841,1.199,-9.756,0.379,0.0,0.1,-0.2,-1.8,-0.187,0.393,-0.147,1.967,6.95,OFF,PAPER,1756
61.3,MANUAL,IDLE,,0,0.0,-85.377,13.849,1.199,-9.756,0.379,0.0,0.1,-0.1,-2.0,-0.119,0.12,-0.103,1.994,13.49,OFF,PAPER,1756
61.32,MANUAL,IDLE,,0,0.0,-85.572,13.857,1.199,-9.757,0.379,0.0,0.2,-0.1,-2.1,-0.013,-0.159,-0.085,2.002,11.47,OFF,PAPER,1756
61.34,MANUAL,IDLE,,0,0.0,-85.767,13.864,1.199,-9.761,0.378,0.0,0.2,0.0,-2.1,-0.374,0.08,0.047,1.967,6.98,OFF,PAPER,1756
61.36,MANUAL,IDLE,,0,0.0,-85.963,13.872,1.199,-9.759,0.387,0.0,0.4,0.1,-2.1,0.093,0.027,-0.022,2.006,12.88,OFF,PAPER,1756
61.38,MANUAL,IDLE,,0,0.0,-86.158,13.88,1.199,-9.756,0.392,0.0,0.5,0.0,-2.1,0.28,-0.126,0.001,2.009,13.84,OFF,PAPER,1756
61.4,MANUAL,IDLE,,0,0.0,-86.353,13.888,1.199,-9.748,0.394,0.0,0.5,-0.2,-2.0,-0.076,-0.395,0.116,1.964,8.82,OFF,PAPER,1756
61.42,MANUAL,IDLE,,0,0.0,-86.548,13.895,1.199,-9.743,0.392,0.0,0.5,-0.3,-1.9,0.024,0.024,0.07,1.994,11.05,OFF,PAPER,1756
61.44,MANUAL,IDLE,,0,0.0,-86.743,13.903,1.199,-9.744,0.389,0.0,0.5,-0.3,-1.9,-0.287,-0.114,0.005,1.991,14.78,OFF,PAPER,1756
61.46,MANUAL,IDLE,,0,0.0,-86.938,13.911,1.199,-9.744,0.383,0.0,0.3,-0.4,-1.8,0.09,0.038,0.077,2.008,13.7,OFF,PAPER,1756
61.48,MANUAL,IDLE,,0,0.0,-87.132,13.919,1.199,-9.743,0.384,0.0,0.4,-0.4,-1.7,0.374,-0.059,0.085,1.996,13.44,OFF,PAPER,1756
61.5,MANUAL,IDLE,,0,0.0,-87.327,13.926,1.199,-9.746,0.392,0.0,0.5,-0.3,-1.8,0.312,-0.066,-0.058,1.986,8.86,OFF,PAPER,1756
61.52,MANUAL,IDLE,,0,0.0,-87.522,13.934,1.199,-9.742,0.4,0.0,0.6,-0.4,-1.7,0.051,0.127,0.116,1.976,7.71,OFF,PAPER,1756
61.54,MANUAL,IDLE,,0,0.0,-87.717,13.942,1.199,-9.743,0.396,0.0,0.6,-0.4,-1.6,-0.024,-0.09,0.113,1.974,6.72,OFF,PAPER,1756
61.56,MANUAL,IDLE,,0,0.0,-87.912,13.95,1.199,-9.744,0.404,0.0,0.7,-0.5,-1.5,0.308,0.227,0.083,2.024,17.21,OFF,PAPER,1756
61.58,MANUAL,IDLE,,0,0.0,-88.107,13.958,1.199,-9.749,0.41,0.0,0.8,-0.4,-1.3,0.228,-0.037,0.156,1.964,7.83,OFF,PAPER,1756
61.6,MANUAL,IDLE,,0,0.0,-88.302,13.966,1.199,-9.758,0.409,0.0,0.8,-0.3,-1.2,-0.009,0.316,-0.015,1.981,10.58,OFF,PAPER,1756
61.62,MANUAL,IDLE,,0,0.0,-88.497,13.975,1.199,-9.749,0.398,0.0,0.6,-0.4,-1.3,-0.164,0.161,-0.053,1.982,9.66,OFF,PAPER,1756
61.64,MANUAL,IDLE,,0,0.0,-88.692,13.983,1.199,-9.759,0.404,0.0,0.6,-0.1,-1.4,0.085,0.083,0.012,1.981,11.2,OFF,PAPER,1756
61.66,MANUAL,IDLE,,0,0.0,-88.887,13.991,1.199,-9.755,0.404,0.0,0.6,-0.2,-1.4,0.153,-0.158,-0.087,2.018,14.44,OFF,PAPER,1756
61.68,MANUAL,IDLE,,0,0.0,-89.082,13.999,1.199,-9.748,0.41,0.0,0.6,-0.3,-1.5,0.085,-0.299,0.004,1.98,9.59,OFF,PAPER,1756
61.7,MANUAL,IDLE,,0,0.0,-89.277,14.007,1.199,-9.747,0.413,0.0,0.7,-0.3,-1.5,-0.054,-0.163,-0.072,1.966,4.37,OFF,PAPER,1756
61.72,MANUAL,IDLE,,0,0.0,-89.472,14.015,1.199,-9.746,0.413,0.0,0.7,-0.3,-1.6,0.131,0.134,0.022,1.984,9.39,OFF,PAPER,1756
61.74,MANUAL,IDLE,,0,0.0,-89.667,14.023,1.199,-9.754,0.413,0.0,0.7,-0.2,-1.6,0.036,0.034,0.023,1.965,8.52,OFF,PAPER,1756
61.76,MANUAL,IDLE,,0,0.0,-89.862,14.032,1.199,-9.747,0.41,0.0,0.6,-0.3,-1.5,0.445,0.116,0.032,1.996,13.55,OFF,PAPER,1756
61.78,MANUAL,IDLE,,0,0.0,-90.057,14.04,1.199,-9.737,0.402,0.0,0.5,-0.5,-1.6,-0.052,-0.376,-0.022,1.999,11.0,OFF,PAPER,1756
61.8,MANUAL,IDLE,,0,0.0,-90.252,14.048,1.199,-9.741,0.391,0.0,0.4,-0.5,-1.7,-0.02,-0.152,-0.027,2.03,14.97,OFF,PAPER,1756
61.82,MANUAL,IDLE,,0,0.0,-90.447,14.055,1.199,-9.739,0.392,0.0,0.4,-0.5,-1.6,0.163,-0.057,0.075,2.002,11.71,OFF,PAPER,1756
61.84,MANUAL,IDLE,,0,0.0,-90.641,14.063,1.199,-9.738,0.392,0.0,0.4,-0.6,-1.5,-0.051,0.031,0.022,2.003,11.7,OFF,PAPER,1756
61.86,MANUAL,IDLE,,0,0.0,-90.836,14.071,1.199,-9.731,0.387,0.0,0.3,-0.7,-1.5,-0.056,0.126,0.026,1.969,10.02,OFF,PAPER,1756
61.88,MANUAL,IDLE,,0,0.0,-91.031,14.079,1.199,-9.734,0.383,0.0,0.2,-0.7,-1.5,-0.017,-0.296,-0.019,1.969,7.08,OFF,PAPER,1756
61.9,MANUAL,IDLE,,0,0.0,-91.225,14.086,1.199,-9.729,0.375,0.0,0.2,-0.8,-1.6,-0.307,-0.307,-0.096,2.004,12.06,OFF,PAPER,1756
61.92,MANUAL,IDLE,,0,0.0,-91.42,14.094,1.199,-9.737,0.374,0.0,0.1,-0.7,-1.7,0.07,-0.245,-0.023,1.975,7.48,OFF,PAPER,1756
61.94,MANUAL,IDLE,,0,0.0,-91.615,14.101,1.199,-9.743,0.371,0.0,0.0,-0.6,-1.7,0.211,0.118,-0.063,1.989,11.26,OFF,PAPER,1756
61.96,MANUAL,IDLE,,0,0.0,-91.81,14.109,1.199,-9.74,0.369,0.0,0.0,-0.7,-1.8,-0.145,-0.186,-0.082,1.974,9.01,OFF,PAPER,1756
61.98,MANUAL,IDLE,,0,0.0,-92.004,14.116,1.199,-9.74,0.371,0.0,-0.0,-0.7,-1.8,-0.081,0.049,-0.021,1.979,7.61,OFF,PAPER,1756
62.0,MANUAL,IDLE,,0,0.0,-92.199,14.124,1.199,-9.744,0.38,0.0,0.1,-0.6,-1.9,0.01,0.237,-0.042,1.985,9.88,OFF,PAPER,1756
62.02,MANUAL,IDLE,,0,0.0,-92.394,14.131,1.199,-9.75,0.378,0.0,-0.0,-0.5,-1.9,0.233,-0.179,-0.059,2.023,14.98,OFF,PAPER,1756
62.04,MANUAL,IDLE,,0,0.0,-92.589,14.139,1.199,-9.756,0.376,0.0,0.0,-0.5,-2.1,-0.108,-0.039,-0.094,1.988,11.81,OFF,PAPER,1756
62.06,MANUAL,IDLE,,0,0.0,-92.785,14.146,1.199,-9.765,0.374,0.0,-0.0,-0.3,-2.2,0.14,0.011,-0.039,1.995,13.6,OFF,PAPER,1756
62.08,MANUAL,IDLE,,0,0.0,-92.98,14.154,1.199,-9.762,0.376,0.0,0.0,-0.3,-2.2,0.213,0.097,-0.029,1.987,9.66,OFF,PAPER,1756
62.1,MANUAL,IDLE,,0,0.0,-93.175,14.161,1.199,-9.76,0.379,0.0,0.1,-0.2,-2.2,0.39,0.432,0.008,1.988,9.37,OFF,PAPER,1756
62.12,MANUAL,IDLE,,0,0.0,-93.37,14.169,1.199,-9.762,0.381,0.0,0.2,-0.1,-2.1,0.047,-0.096,0.092,2.011,13.88,OFF,PAPER,1756
62.14,MANUAL,IDLE,,0,0.0,-93.566,14.176,1.199,-9.772,0.38,0.0,0.1,0.0,-2.0,-0.008,0.221,0.059,2.016,13.29,OFF,PAPER,1756
62.16,MANUAL,IDLE,,0,0.0,-93.761,14.184,1.199,-9.773,0.385,0.0,0.1,0.1,-1.9,-0.267,-0.05,0.05,1.981,10.95,OFF,PAPER,1756
62.18,MANUAL,IDLE,,0,0.0,-93.956,14.192,1.199,-9.765,0.38,0.0,0.1,-0.0,-1.9,-0.105,0.064,-0.022,1.986,11.28,OFF,PAPER,1756
62.2,MANUAL,IDLE,,0,0.0,-94.152,14.199,1.199,-9.767,0.37,0.0,-0.1,-0.0,-2.0,-0.342,-0.102,0.0,1.974,11.97,OFF,PAPER,1756
62.22,MANUAL,IDLE,,0,0.0,-94.347,14.207,1.199,-9.765,0.37,0.0,-0.1,-0.1,-1.9,0.189,0.057,0.025,1.975,8.35,OFF,PAPER,1756
62.24,MANUAL,IDLE,,0,0.0,-94.543,14.214,1.199,-9.774,0.371,0.0,-0.1,-0.0,-1.9,-0.32,-0.157,0.022,1.998,11.23,OFF,PAPER,1756
62.26,MANUAL,IDLE,,0,0.0,-94.738,14.222,1.199,-9.768,0.375,0.0,-0.2,-0.2,-1.9,0.049,0.171,0.087,1.993,10.41,OFF,PAPER,1756
62.28,MANUAL,IDLE,,0,0.0,-94.933,14.229,1.199,-9.76,0.378,0.0,-0.1,-0.3,-1.8,-0.021,-0.541,0.003,2.007,12.51,OFF,PAPER,1756
62.3,MANUAL,IDLE,,0,0.0,-95.129,14.237,1.199,-9.76,0.378,0.0,-0.1,-0.3,-1.8,0.069,-0.197,0.039,2.001,15.32,OFF,PAPER,1756
62.32,MANUAL,IDLE,,0,0.0,-95.324,14.244,1.199,-9.764,0.383,0.0,0.0,-0.3,-1.7,-0.032,-0.216,0.089,1.993,12.81,OFF,PAPER,1756
62.34,MANUAL,IDLE,,0,0.0,-95.519,14.252,1.199,-9.764,0.379,0.0,0.0,-0.3,-1.6,-0.086,0.142,0.145,1.987,13.39,OFF,PAPER,1756
62.36,MANUAL,IDLE,,0,0.0,-95.715,14.259,1.199,-9.777,0.389,0.0,0.2,-0.1,-1.5,0.439,0.282,0.17,1.977,12.69,OFF,PAPER,1756
62.38,MANUAL,IDLE,,0,0.0,-95.91,14.267,1.199,-9.782,0.387,0.0,0.3,-0.1,-1.4,-0.376,-0.088,0.05,2.021,14.6,OFF,PAPER,1756
62.4,MANUAL,IDLE,,0,0.0,-96.106,14.275,1.199,-9.787,0.381,0.0,0.2,-0.1,-1.4,-0.033,0.094,-0.015,1.964,6.59,OFF,PAPER,1756
62.42,MANUAL,IDLE,,0,0.0,-96.301,14.282,1.199,-9.782,0.375,0.0,0.1,-0.2,-1.5,-0.144,-0.223,-0.079,2.001,12.63,OFF,PAPER,1756
62.44,MANUAL,IDLE,,0,0.0,-96.497,14.29,1.199,-9.781,0.385,0.0,0.2,-0.2,-1.5,0.522,-0.066,-0.054,1.989,11.04,OFF,PAPER,1756
62.46,MANUAL,IDLE,,0,0.0,-96.693,14.298,1.199,-9.771,0.378,0.0,0.1,-0.4,-1.6,-0.117,-0.166,-0.071,1.978,9.46,OFF,PAPER,1756
62.48,MANUAL,IDLE,,0,0.0,-96.888,14.305,1.199,-9.775,0.372,0.0,0.1,-0.2,-1.7,-0.028,0.229,-0.006,1.991,12.79,OFF,PAPER,1756
62.5,MANUAL,IDLE,,0,0.0,-97.084,14.313,1.199,-9.773,0.376,0.0,0.2,-0.2,-1.7,0.27,-0.218,-0.023,1.963,9.31,OFF,PAPER,1756
62.52,MANUAL,IDLE,,0,0.0,-97.279,14.32,1.199,-9.775,0.374,0.0,0.1,-0.2,-1.8,0.1,-0.173,-0.069,1.968,4.54,OFF,PAPER,1756
62.54,MANUAL,IDLE,,0,0.0,-97.475,14.328,1.199,-9.769,0.37,0.0,0.1,-0.4,-1.8,-0.072,0.048,0.005,1.972,12.7,OFF,PAPER,1756
62.56,MANUAL,IDLE,,0,0.0,-97.67,14.335,1.199,-9.769,0.372,0.0,0.0,-0.3,-1.7,0.394,-0.165,0.002,1.996,14.69,OFF,PAPER,1756
62.58,MANUAL,IDLE,,0,0.0,-97.865,14.342,1.199,-9.764,0.375,0.0,0.2,-0.4,-1.8,-0.081,0.024,-0.066,2.02,15.83,OFF,PAPER,1756
62.6,MANUAL,IDLE,,0,0.0,-98.06,14.35,1.199,-9.757,0.374,0.0,0.1,-0.5,-1.9,-0.12,-0.175,-0.07,1.99,12.24,OFF,PAPER,1756
62.62,MANUAL,IDLE,,0,0.0,-98.256,14.357,1.199,-9.757,0.369,0.0,-0.0,-0.5,-2.0,-0.272,0.218,-0.163,1.999,11.22,OFF,PAPER,1756
62.64,MANUAL,IDLE,,0,0.0,-98.451,14.365,1.199,-9.757,0.369,0.0,-0.0,-0.5,-2.2,0.097,0.462,-0.16,1.992,10.27,OFF,PAPER,1756
62.66,MANUAL,IDLE,,0,0.0,-98.646,14.372,1.199,-9.757,0.371,0.0,-0.0,-0.5,-2.4,0.315,-0.188,-0.181,1.975,7.61,OFF,PAPER,1756
62.68,MANUAL,IDLE,,0,0.0,-98.841,14.379,1.199,-9.759,0.365,0.0,-0.0,-0.4,-2.5,-0.165,-0.261,-0.096,1.977,7.04,OFF,PAPER,1756
62.7,MANUAL,IDLE,,0,0.0,-99.036,14.387,1.199,-9.755,0.364,0.0,-0.2,-0.5,-2.6,0.079,0.032,-0.034,1.996,12.02,OFF,PAPER,1756
62.72,MANUAL,IDLE,,0,0.0,-99.231,14.394,1.199,-9.763,0.365,0.0,-0.1,-0.2,-2.6,0.129,0.031,0.021,1.988,11.27,OFF,PAPER,1756
62.74,MANUAL,IDLE,,0,0.0,-99.427,14.401,1.199,-9.767,0.37,0.0,-0.0,-0.1,-2.6,0.043,0.396,0.063,1.981,10.42,OFF,PAPER,1756
62.76,MANUAL,IDLE,,0,0.0,-99.622,14.409,1.199,-9.76,0.367,0.0,0.0,-0.2,-2.4,-0.147,-0.116,0.076,2.008,16.45,OFF,PAPER,1756
62.78,MANUAL,IDLE,,0,0.0,-99.817,14.416,1.199,-9.756,0.362,0.0,-0.2,-0.3,-2.4,0.171,0.098,0.027,1.985,12.51,OFF,PAPER,1756
62.8,MANUAL,IDLE,,0,0.0,-100.012,14.423,1.199,-9.752,0.361,0.0,-0.1,-0.3,-2.3,-0.071,-0.261,0.098,1.976,12.89,OFF,PAPER,1756
62.82,MANUAL,IDLE,,0,0.0,-100.207,14.431,1.199,-9.752,0.369,0.0,-0.2,-0.3,-2.2,0.34,0.246,0.07,1.992,12.0,OFF,PAPER,1756
62.84,MANUAL,IDLE,,0,0.0,-100.402,14.438,1.199,-9.759,0.366,0.0,-0.2,-0.2,-2.1,-0.266,0.325,0.077,1.978,12.55,OFF,PAPER,1756
62.86,MANUAL,IDLE,,0,0.0,-100.598,14.445,1.199,-9.764,0.375,0.0,-0.2,-0.1,-2.0,0.095,0.19,0.127,2.0,11.79,OFF,PAPER,1756
62.88,MANUAL,IDLE,,0,0.0,-100.793,14.453,1.199,-9.769,0.372,0.0,-0.2,-0.0,-1.9,0.083,-0.086,0.052,2.011,17.1,OFF,PAPER,1756
62.9,MANUAL,IDLE,,0,0.0,-100.988,14.46,1.199,-9.773,0.371,0.0,-0.2,0.1,-1.8,-0.08,0.233,0.072,1.984,10.69,OFF,PAPER,1756
62.92,MANUAL,IDLE,,0,0.0,-101.184,14.468,1.199,-9.775,0.364,0.0,-0.4,0.1,-1.8,0.095,-0.106,-0.029,1.966,3.86,OFF,PAPER,1756
62.94,MANUAL,IDLE,,0,0.0,-101.379,14.475,1.199,-9.772,0.366,0.0,-0.3,0.2,-1.8,0.107,-0.2,-0.006,1.991,9.78,OFF,PAPER,1756
62.96,MANUAL,IDLE,,0,0.0,-101.575,14.482,1.199,-9.768,0.365,0.0,-0.3,0.1,-1.8,-0.187,-0.11,0.012,1.982,8.78,OFF,PAPER,1756
62.98,MANUAL,IDLE,,0,0.0,-101.77,14.49,1.199,-9.778,0.361,0.0,-0.5,0.4,-1.7,0.134,-0.029,0.033,1.999,13.91,OFF,PAPER,1756
63.0,MANUAL,IDLE,,0,0.0,-101.966,14.497,1.199,-9.781,0.357,0.0,-0.5,0.3,-1.7,0.127,0.276,0.062,1.999,13.75,OFF,PAPER,1756
63.02,MANUAL,IDLE,,0,0.0,-102.161,14.504,1.199,-9.789,0.361,0.0,-0.5,0.4,-1.6,0.185,0.189,0.013,1.968,10.73,OFF,PAPER,1756
63.04,MANUAL,IDLE,,0,0.0,-102.357,14.511,1.199,-9.792,0.363,0.0,-0.4,0.5,-1.6,0.078,-0.025,0.109,1.982,13.28,OFF,PAPER,1756
63.06,MANUAL,IDLE,,0,0.0,-102.553,14.518,1.199,-9.79,0.361,0.0,-0.4,0.5,-1.5,-0.051,-0.058,-0.021,1.966,10.46,OFF,PAPER,1756
63.08,MANUAL,IDLE,,0,0.0,-102.749,14.526,1.199,-9.788,0.355,0.0,-0.5,0.5,-1.4,-0.211,0.008,0.057,1.989,12.25,OFF,PAPER,1756
63.1,MANUAL,IDLE,,0,0.0,-102.945,14.533,1.199,-9.788,0.355,0.0,-0.5,0.5,-1.4,-0.066,-0.24,-0.006,1.971,12.53,OFF,PAPER,1756
63.12,MANUAL,IDLE,,0,0.0,-103.14,14.54,1.199,-9.783,0.348,0.0,-0.6,0.4,-1.5,-0.042,-0.041,-0.049,1.97,8.62,OFF,PAPER,1756
63.14,MANUAL,IDLE,,0,0.0,-103.336,14.547,1.199,-9.773,0.348,0.0,-0.7,0.3,-1.5,-0.115,-0.162,0.005,2.018,16.34,OFF,PAPER,1756
63.16,MANUAL,IDLE,,0,0.0,-103.531,14.554,1.199,-9.768,0.355,0.0,-0.6,0.1,-1.4,-0.194,0.108,0.051,1.99,10.8,OFF,PAPER,1756
63.18,MANUAL,IDLE,,0,0.0,-103.727,14.561,1.199,-9.771,0.359,0.0,-0.5,0.2,-1.3,0.076,-0.062,0.071,2.009,14.45,OFF,PAPER,1756
63.2,MANUAL,IDLE,,0,0.0,-103.922,14.568,1.199,-9.782,0.364,0.0,-0.5,0.3,-1.3,-0.293,0.081,0.012,2.012,15.93,OFF,PAPER,1756
63.22,MANUAL,IDLE,,0,0.0,-104.118,14.575,1.199,-9.786,0.363,0.0,-0.5,0.5,-1.2,-0.164,0.204,0.018,1.994,12.64,OFF,PAPER,1756
63.24,MANUAL,IDLE,,0,0.0,-104.313,14.583,1.199,-9.775,0.371,0.0,-0.3,0.4,-1.2,0.004,-0.383,-0.051,2.018,14.97,OFF,PAPER,1756
63.26,MANUAL,IDLE,,0,0.0,-104.509,14.59,1.199,-9.776,0.369,0.0,-0.3,0.4,-1.4,0.052,-0.21,-0.205,1.975,6.85,OFF,PAPER,1756
63.28,MANUAL,IDLE,,0,0.0,-104.704,14.598,1.199,-9.77,0.38,0.0,-0.1,0.3,-1.5,0.278,-0.188,-0.083,1.983,12.31,OFF,PAPER,1756
63.3,MANUAL,IDLE,,0,0.0,-104.9,14.605,1.199,-9.781,0.382,0.0,-0.0,0.4,-1.7,-0.212,-0.204,-0.179,1.978,14.16,OFF,PAPER,1756
63.32,MANUAL,IDLE,,0,0.0,-105.096,14.613,1.199,-9.786,0.387,0.0,0.0,0.4,-1.9,0.039,0.06,-0.157,1.992,12.43,OFF,PAPER,1756
63.34,MANUAL,IDLE,,0,0.0,-105.291,14.621,1.199,-9.787,0.397,0.0,0.2,0.5,-2.1,0.266,0.024,-0.15,2.001,11.61,OFF,PAPER,1756
63.36,MANUAL,IDLE,,0,0.0,-105.487,14.629,1.199,-9.789,0.389,0.0,0.0,0.5,-2.2,-0.056,-0.131,-0.061,1.974,8.56,OFF,PAPER,1756
63.38,MANUAL,IDLE,,0,0.0,-105.683,14.637,1.199,-9.792,0.388,0.0,0.1,0.6,-2.2,-0.262,0.258,-0.003,1.999,11.15,OFF,PAPER,1756
63.4,MANUAL,IDLE,,0,0.0,-105.879,14.644,1.199,-9.791,0.392,0.0,0.1,0.7,-2.2,0.206,-0.14,0.051,1.993,11.29,OFF,PAPER,1756
63.42,MANUAL,IDLE,,0,0.0,-106.075,14.652,1.199,-9.789,0.388,0.0,0.1,0.6,-2.1,-0.112,0.091,0.091,1.991,11.57,OFF,PAPER,1756
63.44,MANUAL,IDLE,,0,0.0,-106.27,14.66,1.199,-9.793,0.386,0.0,0.1,0.7,-2.0,-0.072,0.023,0.091,1.97,5.28,OFF,PAPER,1756
63.46,MANUAL,IDLE,,0,0.0,-106.466,14.668,1.199,-9.796,0.379,0.0,-0.0,0.8,-1.9,-0.226,0.227,0.12,2.04,16.04,OFF,PAPER,1756
63.48,MANUAL,IDLE,,0,0.0,-106.662,14.675,1.199,-9.795,0.374,0.0,-0.1,0.8,-1.7,-0.223,-0.15,0.197,1.977,9.21,OFF,PAPER,1756
63.5,MANUAL,IDLE,,0,0.0,-106.858,14.683,1.199,-9.787,0.368,0.0,-0.2,0.7,-1.6,0.15,-0.396,0.008,2.016,13.76,OFF,PAPER,1756
63.52,MANUAL,IDLE,,0,0.0,-107.054,14.69,1.199,-9.787,0.373,0.0,-0.2,0.7,-1.7,-0.095,0.054,-0.084,2.021,18.41,OFF,PAPER,1756
63.54,MANUAL,IDLE,,0,0.0,-107.25,14.697,1.199,-9.783,0.377,0.0,-0.1,0.7,-1.8,0.515,-0.31,-0.109,1.981,12.29,OFF,PAPER,1756
63.56,MANUAL,IDLE,,0,0.0,-107.445,14.705,1.199,-9.784,0.377,0.0,-0.0,0.6,-1.9,-0.242,0.202,-0.189,1.995,10.47,OFF,PAPER,1756
63.58,MANUAL,IDLE,,0,0.0,-107.641,14.712,1.199,-9.788,0.379,0.0,-0.0,0.8,-2.1,0.418,-0.351,-0.149,1.992,9.94,OFF,PAPER,1756
63.6,MANUAL,IDLE,,0,0.0,-107.837,14.72,1.199,-9.791,0.381,0.0,0.1,0.8,-2.2,0.152,0.235,-0.155,1.985,9.93,OFF,PAPER,1756
63.62,MANUAL,IDLE,,0,0.0,-108.033,14.728,1.199,-9.788,0.388,0.0,0.2,0.8,-2.4,0.419,-0.251,-0.143,1.973,7.68,OFF,PAPER,1756
63.64,MANUAL,IDLE,,0,0.0,-108.229,14.736,1.199,-9.787,0.394,0.0,0.3,0.8,-2.6,0.252,-0.119,-0.128,2.013,14.53,OFF,PAPER,1756
63.66,MANUAL,IDLE,,0,0.0,-108.424,14.743,1.199,-9.77,0.388,0.0,0.3,0.6,-2.7,0.189,-0.148,-0.114,1.976,9.45,OFF,PAPER,1756
63.68,MANUAL,IDLE,,0,0.0,-108.619,14.751,1.199,-9.764,0.393,0.0,0.4,0.6,-2.9,0.016,-0.065,-0.1,1.986,12.35,OFF,PAPER,1756
63.7,MANUAL,IDLE,,0,0.0,-108.815,14.759,1.199,-9.761,0.395,0.0,0.4,0.6,-3.0,0.141,-0.073,-0.134,2.007,13.19,OFF,PAPER,1756
63.72,MANUAL,IDLE,,0,0.0,-109.01,14.767,1.199,-9.751,0.396,0.0,0.4,0.4,-3.1,0.192,-0.215,-0.164,2.01,12.71,OFF,PAPER,1756
63.74,MANUAL,IDLE,,0,0.0,-109.205,14.775,1.199,-9.748,0.404,0.0,0.6,0.4,-3.3,0.159,-0.091,-0.126,2.005,14.59,OFF,PAPER,1756
63.76,MANUAL,IDLE,,0,0.0,-109.4,14.783,1.199,-9.758,0.411,0.0,0.6,0.5,-3.4,0.053,0.367,-0.084,2.021,14.81,OFF,PAPER,1756
63.78,MANUAL,IDLE,,0,0.0,-109.595,14.791,1.199,-9.757,0.415,0.0,0.6,0.6,-3.5,0.11,0.123,-0.005,1.987,9.99,OFF,PAPER,1756
63.8,MANUAL,IDLE,,0,0.0,-109.79,14.8,1.199,-9.763,0.417,0.0,0.7,0.8,-3.5,-0.094,0.03,0.06,1.972,7.24,OFF,PAPER,1756
63.82,MANUAL,IDLE,,0,0.0,-109.986,14.808,1.199,-9.768,0.412,0.0,0.6,0.9,-3.5,-0.375,0.018,0.02,1.989,12.21,OFF,PAPER,1756
63.84,MANUAL,IDLE,,0,0.0,-110.181,14.816,1.199,-9.766,0.403,0.0,0.4,0.8,-3.5,-0.185,-0.341,-0.063,1.979,9.16,OFF,PAPER,1756
63.86,MANUAL,IDLE,,0,0.0,-110.376,14.824,1.199,-9.758,0.402,0.0,0.4,0.7,-3.5,0.104,-0.01,-0.059,1.994,13.4,OFF,PAPER,1756
63.88,MANUAL,IDLE,,0,0.0,-110.571,14.832,1.199,-9.754,0.407,0.0,0.5,0.7,-3.5,0.128,0.127,0.04,2.014,14.62,OFF,PAPER,1756
63.9,MANUAL,IDLE,,0,0.0,-110.766,14.84,1.199,-9.75,0.408,0.0,0.5,0.7,-3.4,0.298,-0.052,0.012,1.98,10.1,OFF,PAPER,1756
63.92,MANUAL,IDLE,,0,0.0,-110.961,14.849,1.199,-9.753,0.413,0.0,0.6,0.8,-3.4,-0.079,-0.206,0.019,1.968,13.25,OFF,PAPER,1756
63.94,MANUAL,IDLE,,0,0.0,-111.156,14.857,1.199,-9.759,0.413,0.0,0.6,0.9,-3.3,-0.251,0.415,0.073,2.022,15.17,OFF,PAPER,1756
63.96,MANUAL,IDLE,,0,0.0,-111.352,14.865,1.199,-9.751,0.409,0.0,0.5,0.9,-3.3,-0.158,-0.266,0.031,2.0,12.31,OFF,PAPER,1756
63.98,MANUAL,IDLE,,0,0.0,-111.547,14.873,1.199,-9.744,0.405,0.0,0.5,0.7,-3.3,-0.187,-0.117,-0.02,1.973,6.47,OFF,PAPER,1756
64.0,MANUAL,IDLE,,0,0.0,-111.741,14.881,1.199,-9.749,0.405,0.0,0.5,0.7,-3.4,0.221,0.212,-0.006,1.972,11.07,OFF,PAPER,1756
64.02,MANUAL,IDLE,,0,0.0,-111.936,14.89,1.199,-9.744,0.402,0.0,0.5,0.7,-3.4,-0.169,-0.106,0.023,1.991,14.06,OFF,PAPER,1756
64.04,MANUAL,IDLE,,0,0.0,-112.131,14.898,1.199,-9.738,0.401,0.0,0.5,0.5,-3.3,-0.127,0.104,0.078,1.999,12.1,OFF,PAPER,1756
64.06,MANUAL,IDLE,,0,0.0,-112.326,14.906,1.199,-9.74,0.4,0.0,0.5,0.5,-3.2,-0.016,0.058,0.147,1.971,5.45,OFF,PAPER,1756
64.08,MANUAL,IDLE,,0,0.0,-112.521,14.914,1.199,-9.756,0.405,0.0,0.5,0.7,-3.1,-0.134,0.277,0.106,1.992,10.25,OFF,PAPER,1756
64.1,MANUAL,IDLE,,0,0.0,-112.716,14.922,1.199,-9.75,0.409,0.0,0.6,0.7,-2.9,0.018,-0.316,0.108,1.992,13.42,OFF,PAPER,1756
64.12,MANUAL,IDLE,,0,0.0,-112.911,14.93,1.199,-9.74,0.408,0.0,0.6,0.4,-2.9,0.13,-0.01,-0.02,1.982,15.63,OFF,PAPER,1756
64.14,MANUAL,IDLE,,0,0.0,-113.106,14.938,1.199,-9.728,0.404,0.0,0.6,0.3,-2.9,-0.025,-0.276,-0.004,1.973,7.08,OFF,PAPER,1756
64.16,MANUAL,IDLE,,0,0.0,-113.3,14.946,1.199,-9.722,0.397,0.0,0.4,0.2,-2.9,-0.21,0.059,0.095,1.973,13.52,OFF,PAPER,1756
64.18,MANUAL,IDLE,,0,0.0,-113.495,14.954,1.199,-9.722,0.395,0.0,0.4,0.2,-2.7,0.22,-0.002,0.089,1.979,8.3,OFF,PAPER,1756
64.2,MANUAL,IDLE,,0,0.0,-113.689,14.962,1.199,-9.715,0.404,0.0,0.6,0.1,-2.6,0.153,-0.142,0.185,1.983,9.57,OFF,PAPER,1756
64.22,MANUAL,IDLE,,0,0.0,-113.883,14.97,1.199,-9.716,0.401,0.0,0.5,0.1,-2.4,-0.224,0.056,0.139,1.976,9.66,OFF,PAPER,1756
64.24,MANUAL,IDLE,,0,0.0,-114.078,14.978,1.199,-9.722,0.398,0.0,0.4,0.3,-2.3,-0.219,0.13,0.01,2.031,17.77,OFF,PAPER,1756
64.26,MANUAL,IDLE,,0,0.0,-114.272,14.986,1.2,-9.717,0.395,0.0,0.3,0.1,-2.4,-0.164,-0.029,-0.068,1.994,13.73,OFF,PAPER,1756
64.28,MANUAL,IDLE,,0,0.0,-114.466,14.994,1.2,-9.712,0.394,0.0,0.2,0.0,-2.3,0.324,0.034,0.072,2.024,18.1,OFF,PAPER,1756
64.3,MANUAL,IDLE,,0,0.0,-114.661,15.002,1.2,-9.711,0.387,0.0,0.2,0.1,-2.3,-0.221,-0.288,-0.054,2.012,14.66,OFF,PAPER,1756
64.32,MANUAL,IDLE,,0,0.0,-114.855,15.01,1.2,-9.714,0.387,0.0,0.3,0.1,-2.5,-0.226,0.429,-0.135,2.011,15.08,OFF,PAPER,1756
64.34,MANUAL,IDLE,,0,0.0,-115.049,15.017,1.2,-9.719,0.39,0.0,0.3,0.3,-2.6,-0.237,0.016,-0.175,1.97,5.3,OFF,PAPER,1756
64.36,MANUAL,IDLE,,0,0.0,-115.243,15.025,1.2,-9.726,0.393,0.0,0.3,0.4,-2.7,0.389,-0.079,-0.052,1.976,10.42,OFF,PAPER,1756
64.38,MANUAL,IDLE,,0,0.0,-115.438,15.033,1.2,-9.728,0.392,0.0,0.3,0.5,-2.8,0.082,0.04,-0.116,1.999,11.6,OFF,PAPER,1756
64.4,MANUAL,IDLE,,0,0.0,-115.633,15.041,1.2,-9.724,0.387,0.0,0.3,0.5,-3.0,-0.248,-0.012,-0.103,2.008,16.2,OFF,PAPER,1756
64.42,MANUAL,IDLE,,0,0.0,-115.827,15.048,1.2,-9.722,0.377,0.0,0.0,0.5,-3.1,-0.166,0.004,-0.13,2.02,18.37,OFF,PAPER,1756
64.44,MANUAL,IDLE,,0,0.0,-116.022,15.056,1.2,-9.718,0.375,0.0,-0.0,0.4,-3.2,-0.09,-0.371,-0.024,1.964,6.91,OFF,PAPER,1756
64.46,MANUAL,IDLE,,0,0.0,-116.216,15.063,1.2,-9.716,0.375,0.0,-0.1,0.3,-3.2,0.053,0.028,-0.018,1.972,7.29,OFF,PAPER,1756
64.48,MANUAL,IDLE,,0,0.0,-116.41,15.071,1.2,-9.714,0.374,0.0,-0.1,0.3,-3.2,-0.042,-0.341,-0.005,2.013,17.44,OFF,PAPER,1756
64.5,MANUAL,IDLE,,0,0.0,-116.604,15.078,1.2,-9.706,0.376,0.0,0.0,0.2,-3.2,0.171,-0.124,0.066,2.029,15.29,OFF,PAPER,1756
64.52,MANUAL,IDLE,,0,0.0,-116.798,15.086,1.2,-9.698,0.379,0.0,0.1,0.0,-3.2,-0.253,-0.216,0.056,1.972,9.24,OFF,PAPER,1756
64.54,MANUAL,IDLE,,0,0.0,-116.992,15.094,1.2,-9.691,0.381,0.0,0.2,-0.2,-3.1,-0.092,-0.024,0.035,1.997,10.71,OFF,PAPER,1756
64.56,MANUAL,IDLE,,0,0.0,-117.186,15.101,1.2,-9.69,0.388,0.0,0.4,-0.2,-3.1,0.136,0.112,-0.064,1.965,3.76,OFF,PAPER,1756
64.58,MANUAL,IDLE,,0,0.0,-117.38,15.109,1.2,-9.689,0.392,0.0,0.3,-0.2,-3.1,0.066,0.053,0.031,1.964,10.08,OFF,PAPER,1756
64.6,MANUAL,IDLE,,0,0.0,-117.574,15.117,1.2,-9.697,0.386,0.0,0.2,-0.0,-3.1,0.2,0.031,0.078,2.004,15.43,OFF,PAPER,1756
64.62,MANUAL,IDLE,,0,0.0,-117.768,15.125,1.2,-9.694,0.377,0.0,0.2,-0.1,-3.0,-0.289,-0.012,0.114,1.98,8.19,OFF,PAPER,1756
64.64,MANUAL,IDLE,,0,0.0,-117.961,15.132,1.2,-9.685,0.385,0.0,0.3,-0.3,-2.8,0.381,0.075,0.064,1.98,12.11,OFF,PAPER,1756
64.66,MANUAL,IDLE,,0,0.0,-118.155,15.14,1.2,-9.682,0.383,0.0,0.3,-0.3,-2.9,0.3,-0.027,-0.095,1.979,11.58,OFF,PAPER,1756
64.68,MANUAL,IDLE,,0,0.0,-118.349,15.147,1.2,-9.681,0.377,0.0,0.3,-0.3,-2.9,-0.058,-0.201,0.017,1.988,14.32,OFF,PAPER,1756
64.7,MANUAL,IDLE,,0,0.0,-118.542,15.155,1.2,-9.685,0.37,0.0,0.2,-0.2,-2.9,-0.13,0.17,0.012,1.986,10.14,OFF,PAPER,1756
64.72,MANUAL,IDLE,,0,0.0,-118.736,15.162,1.2,-9.677,0.377,0.0,0.3,-0.3,-2.9,0.276,-0.046,0.025,1.987,10.73,OFF,PAPER,1756
64.74,MANUAL,IDLE,,0,0.0,-118.93,15.17,1.2,-9.675,0.377,0.0,0.4,-0.3,-2.8,-0.045,0.172,0.103,2.004,11.75,OFF,PAPER,1756
64.76,MANUAL,IDLE,,0,0.0,-119.123,15.177,1.2,-9.671,0.377,0.0,0.4,-0.4,-2.7,-0.221,-0.113,0.011,1.999,11.03,OFF,PAPER,1756
64.78,MANUAL,IDLE,,0,0.0,-119.316,15.185,1.2,-9.675,0.374,0.0,0.2,-0.5,-2.7,0.028,0.001,0.161,1.962,10.58,OFF,PAPER,1756
64.8,MANUAL,IDLE,,0,0.0,-119.51,15.192,1.2,-9.674,0.372,0.0,0.0,-0.4,-2.6,-0.057,-0.313,0.038,1.965,11.08,OFF,PAPER,1756
64.82,MANUAL,IDLE,,0,0.0,-119.703,15.2,1.2,-9.672,0.374,0.0,0.0,-0.5,-2.5,-0.284,-0.172,0.104,2.006,13.61,OFF,PAPER,1756
64.84,MANUAL,IDLE,,0,0.0,-119.897,15.207,1.2,-9.682,0.38,0.0,0.0,-0.4,-2.3,0.311,0.341,0.231,1.995,11.2,OFF,PAPER,1756
64.86,MANUAL,IDLE,,0,0.0,-120.091,15.215,1.2,-9.687,0.372,0.0,-0.1,-0.3,-2.1,-0.283,-0.04,0.183,1.998,12.26,OFF,PAPER,1756
64.88,MANUAL,IDLE,,0,0.0,-120.285,15.222,1.2,-9.695,0.382,0.0,0.0,-0.3,-1.9,0.365,-0.014,0.089,1.98,10.0,OFF,PAPER,1756
64.9,MANUAL,IDLE,,0,0.0,-120.478,15.23,1.2,-9.702,0.382,0.0,0.1,-0.3,-1.9,-0.038,0.151,0.023,2.013,13.14,OFF,PAPER,1756
64.92,MANUAL,IDLE,,0,0.0,-120.672,15.238,1.2,-9.698,0.382,0.0,0.1,-0.5,-1.9,-0.017,-0.059,-0.074,1.983,14.56,OFF,PAPER,1756
64.94,MANUAL,IDLE,,0,0.0,-120.866,15.245,1.2,-9.705,0.385,0.0,0.3,-0.4,-2.0,-0.061,0.172,-0.134,1.97,8.11,OFF,PAPER,1756
64.96,MANUAL,IDLE,,0,0.0,-121.061,15.253,1.2,-9.706,0.384,0.0,0.3,-0.3,-2.0,0.124,0.005,-0.028,2.008,15.06,OFF,PAPER,1756
64.98,MANUAL,IDLE,,0,0.0,-121.255,15.261,1.2,-9.703,0.383,0.0,0.4,-0.4,-1.9,-0.159,-0.08,0.135,1.966,4.1,OFF,PAPER,1756
65.0,MANUAL,IDLE,,0,0.0,-121.449,15.268,1.2,-9.699,0.385,0.0,0.4,-0.4,-1.8,0.402,-0.019,0.12,2.006,12.91,OFF,PAPER,1756
65.02,MANUAL,IDLE,,0,0.0,-121.643,15.276,1.2,-9.701,0.386,0.0,0.5,-0.4,-1.7,0.071,-0.009,0.059,1.977,7.99,OFF,PAPER,1756
65.04,MANUAL,IDLE,,0,0.0,-121.837,15.284,1.2,-9.707,0.391,0.0,0.6,-0.3,-1.7,0.321,0.26,-0.018,2.014,15.15,OFF,PAPER,1756
65.06,MANUAL,IDLE,,0,0.0,-122.031,15.291,1.2,-9.706,0.388,0.0,0.6,-0.3,-1.7,0.215,-0.163,0.003,2.021,13.92,OFF,PAPER,1756
65.08,MANUAL,IDLE,,0,0.0,-122.225,15.299,1.2,-9.699,0.38,0.0,0.6,-0.4,-1.7,0.078,-0.184,0.025,1.987,9.54,OFF,PAPER,1756
65.1,MANUAL,IDLE,,0,0.0,-122.419,15.307,1.2,-9.709,0.384,0.0,0.7,-0.3,-1.6,-0.206,0.107,0.047,1.991,11.1,OFF,PAPER,1756
65.12,MANUAL,IDLE,,0,0.0,-122.613,15.314,1.2,-9.708,0.376,0.0,0.6,-0.2,-1.5,-0.291,0.125,0.115,1.974,6.46,OFF,PAPER,1756
65.14,MANUAL,IDLE,,0,0.0,-122.807,15.322,1.2,-9.707,0.372,0.0,0.6,-0.1,-1.4,-0.176,0.167,0.056,2.005,15.74,OFF,PAPER,1756
65.16,MANUAL,IDLE,,0,0.0,-123.001,15.329,1.2,-9.707,0.364,0.0,0.4,-0.2,-1.4,0.027,0.163,0.065,1.983,12.58,OFF,PAPER,1756
65.18,MANUAL,IDLE,,0,0.0,-123.195,15.337,1.2,-9.703,0.36,0.0,0.3,-0.2,-1.3,-0.135,-0.151,-0.046,1.983,8.43,OFF,PAPER,1756
65.2,MANUAL,IDLE,,0,0.0,-123.39,15.344,1.2,-9.713,0.359,0.0,0.3,0.0,-1.4,-0.164,0.106,-0.094,1.972,12.36,OFF,PAPER,1756
65.22,MANUAL,IDLE,,0,0.0,-123.584,15.351,1.2,-9.706,0.364,0.0,0.3,-0.0,-1.5,-0.069,-0.186,-0.087,1.974,8.57,OFF,PAPER,1756
65.24,MANUAL,IDLE,,0,0.0,-123.778,15.358,1.2,-9.71,0.362,0.0,0.3,0.0,-1.7,-0.224,0.244,-0.177,1.988,13.83,OFF,PAPER,1756
65.26,MANUAL,IDLE,,0,0.0,-123.972,15.366,1.2,-9.71,0.363,0.0,0.4,0.1,-1.8,0.001,0.285,-0.129,1.964,5.94,OFF,PAPER,1756
65.28,MANUAL,IDLE,,0,0.0,-124.166,15.373,1.2,-9.712,0.365,0.0,0.6,0.1,-2.0,-0.143,-0.19,-0.161,1.967,4.4,OFF,PAPER,1756
65.3,MANUAL,IDLE,,0,0.0,-124.361,15.38,1.2,-9.718,0.367,0.0,0.7,0.1,-2.1,-0.151,0.048,-0.107,1.98,9.29,OFF,PAPER,1756
65.32,MANUAL,IDLE,,0,0.0,-124.555,15.387,1.2,-9.717,0.36,0.0,0.5,0.1,-2.2,-0.347,0.12,-0.08,1.994,11.46,OFF,PAPER,1756
65.34,MANUAL,IDLE,,0,0.0,-124.749,15.395,1.2,-9.716,0.357,0.0,0.3,0.1,-2.4,0.228,-0.022,-0.092,1.989,13.48,OFF,PAPER,1756
65.36,MANUAL,IDLE,,0,0.0,-124.944,15.402,1.2,-9.72,0.362,0.0,0.4,0.1,-2.4,0.144,0.149,-0.073,2.006,12.19,OFF,PAPER,1756
65.38,MANUAL,IDLE,,0,0.0,-125.138,15.409,1.2,-9.722,0.358,0.0,0.4,0.2,-2.5,-0.479,0.082,-0.077,1.974,10.95,OFF,PAPER,1756
65.4,MANUAL,IDLE,,0,0.0,-125.332,15.416,1.2,-9.722,0.355,0.0,0.2,0.3,-2.6,0.036,-0.024,-0.115,1.971,5.57,OFF,PAPER,1756
65.42,MANUAL,IDLE,,0,0.0,-125.527,15.423,1.2,-9.718,0.359,0.0,0.4,0.2,-2.7,-0.143,0.162,-0.15,2.016,13.61,OFF,PAPER,1756
65.44,MANUAL,IDLE,,0,0.0,-125.721,15.43,1.2,-9.723,0.35,0.0,0.3,0.2,-2.9,-0.004,-0.026,-0.046,1.988,10.09,OFF,PAPER,1756
65.46,MANUAL,IDLE,,0,0.0,-125.916,15.437,1.2,-9.72,0.352,0.0,0.2,0.1,-2.8,-0.093,-0.148,0.085,1.98,11.54,OFF,PAPER,1756
65.48,MANUAL,IDLE,,0,0.0,-126.11,15.444,1.2,-9.72,0.349,0.0,0.1,0.1,-2.7,-0.243,-0.099,0.096,1.993,11.09,OFF,PAPER,1756
65.5,MANUAL,IDLE,,0,0.0,-126.304,15.451,1.2,-9.725,0.354,0.0,0.0,0.1,-2.6,-0.211,0.176,0.004,1.984,11.83,OFF,PAPER,1756
65.52,MANUAL,IDLE,,0,0.0,-126.499,15.458,1.2,-9.722,0.35,0.0,-0.1,0.1,-2.6,-0.093,-0.033,0.057,2.001,13.63,OFF,PAPER,1756
65.54,MANUAL,IDLE,,0,0.0,-126.693,15.465,1.2,-9.726,0.345,0.0,-0.2,0.1,-2.5,-0.212,0.166,0.038,2.011,15.0,OFF,PAPER,1756
65.56,MANUAL,IDLE,,0,0.0,-126.888,15.472,1.2,-9.725,0.342,0.0,-0.3,0.2,-2.5,-0.322,0.016,-0.009,2.013,13.12,OFF,PAPER,1756
65.58,MANUAL,IDLE,,0,0.0,-127.082,15.479,1.2,-9.722,0.34,0.0,-0.4,0.0,-2.5,0.04,0.182,0.03,1.983,9.25,OFF,PAPER,1756
65.6,MANUAL,IDLE,,0,0.0,-127.277,15.486,1.2,-9.719,0.345,0.0,-0.3,0.0,-2.4,0.173,-0.006,0.022,1.976,7.23,OFF,PAPER,1756
65.62,MANUAL,IDLE,,0,0.0,-127.471,15.493,1.2,-9.726,0.345,0.0,-0.3,0.0,-2.5,0.083,0.171,-0.085,1.97,8.26,OFF,PAPER,1756
65.64,MANUAL,IDLE,,0,0.0,-127.666,15.5,1.2,-9.722,0.345,0.0,-0.4,-0.0,-2.6,-0.168,0.062,-0.165,1.979,9.39,OFF,PAPER,1756
65.66,MANUAL,IDLE,,0,0.0,-127.86,15.507,1.2,-9.72,0.344,0.0,-0.4,-0.1,-2.8,0.153,0.041,-0.093,2.0,11.16,OFF,PAPER,1756
65.68,MANUAL,IDLE,,0,0.0,-128.055,15.514,1.2,-9.725,0.349,0.0,-0.3,0.2,-2.9,-0.171,0.112,-0.168,1.978,13.2,OFF,PAPER,1756
65.7,MANUAL,IDLE,,0,0.0,-128.249,15.521,1.2,-9.729,0.362,0.0,-0.1,0.2,-3.1,-0.212,0.133,-0.03,1.975,7.17,OFF,PAPER,1756
65.72,MANUAL,IDLE,,0,0.0,-128.444,15.528,1.2,-9.736,0.363,0.0,-0.1,0.4,-3.2,-0.091,0.045,-0.101,1.986,8.94,OFF,PAPER,1756
65.74,MANUAL,IDLE,,0,0.0,-128.639,15.535,1.2,-9.744,0.358,0.0,-0.2,0.5,-3.3,-0.265,0.13,-0.017,1.992,10.23,OFF,PAPER,1756
65.76,MANUAL,IDLE,,0,0.0,-128.833,15.542,1.2,-9.743,0.362,0.0,-0.2,0.5,-3.3,0.268,-0.289,-0.024,1.974,9.27,OFF,PAPER,1756
65.78,MANUAL,IDLE,,0,0.0,-129.028,15.55,1.2,-9.741,0.36,0.0,-0.2,0.4,-3.4,0.049,-0.308,-0.135,1.993,11.03,OFF,PAPER,1756
65.8,MANUAL,IDLE,,0,0.0,-129.223,15.557,1.2,-9.749,0.361,0.0,-0.3,0.5,-3.5,0.408,0.268,-0.074,1.989,13.22,OFF,PAPER,1756
65.82,MANUAL,IDLE,,0,0.0,-129.418,15.564,1.2,-9.745,0.353,0.0,-0.4,0.4,-3.6,-0.248,-0.205,-0.052,2.011,16.07,OFF,PAPER,1756
65.84,MANUAL,IDLE,,0,0.0,-129.613,15.571,1.2,-9.746,0.354,0.0,-0.4,0.4,-3.5,-0.072,0.181,0.119,1.991,16.31,OFF,PAPER,1756
65.86,MANUAL,IDLE,,0,0.0,-129.808,15.578,1.2,-9.748,0.353,0.0,-0.4,0.6,-3.4,-0.182,0.028,0.139,1.985,10.16,OFF,PAPER,1756
65.88,MANUAL,IDLE,,0,0.0,-130.003,15.585,1.2,-9.75,0.359,0.0,-0.4,0.7,-3.2,0.149,-0.051,0.19,1.98,10.98,OFF,PAPER,1756
65.9,MANUAL,IDLE,,0,0.0,-130.198,15.592,1.2,-9.748,0.354,0.0,-0.5,0.5,-2.9,-0.101,-0.062,0.181,1.974,6.63,OFF,PAPER,1756
65.92,MANUAL,IDLE,,0,0.0,-130.393,15.599,1.2,-9.745,0.352,0.0,-0.5,0.6,-2.7,-0.289,-0.12,0.202,1.997,11.0,OFF,PAPER,1756
65.94,MANUAL,IDLE,,0,0.0,-130.588,15.607,1.2,-9.747,0.363,0.0,-0.3,0.6,-2.6,0.399,0.347,-0.006,2.024,16.11,OFF,PAPER,1756
65.96,MANUAL,IDLE,,0,0.0,-130.783,15.614,1.2,-9.743,0.359,0.0,-0.4,0.6,-2.6,0.047,-0.104,-0.06,2.0,12.66,OFF,PAPER,1756
65.98,MANUAL,IDLE,,0,0.0,-130.977,15.621,1.2,-9.743,0.356,0.0,-0.3,0.5,-2.7,-0.147,0.023,-0.063,1.973,6.54,OFF,PAPER,1756
66.0,MANUAL,IDLE,,0,0.0,-131.172,15.628,1.2,-9.742,0.357,0.0,-0.3,0.5,-2.8,0.028,-0.241,-0.095,1.983,12.99,OFF,PAPER,1756
66.02,MANUAL,IDLE,,0,0.0,-131.367,15.635,1.2,-9.739,0.365,0.0,-0.2,0.4,-2.8,0.154,0.112,0.02,1.997,11.45,OFF,PAPER,1756
66.04,MANUAL,IDLE,,0,0.0,-131.562,15.643,1.2,-9.742,0.368,0.0,-0.2,0.5,-2.8,0.241,0.321,0.103,1.997,12.45,OFF,PAPER,1756
66.06,MANUAL,IDLE,,0,0.0,-131.757,15.65,1.2,-9.743,0.363,0.0,-0.3,0.6,-2.6,-0.094,0.026,0.071,2.005,12.18,OFF,PAPER,1756
66.08,MANUAL,IDLE,,0,0.0,-131.952,15.657,1.2,-9.738,0.366,0.0,-0.2,0.5,-2.6,-0.284,0.119,0.001,2.006,12.07,OFF,PAPER,1756
66.1,MANUAL,IDLE,,0,0.0,-132.146,15.665,1.2,-9.737,0.364,0.0,-0.3,0.4,-2.5,-0.031,-0.232,0.089,1.969,10.25,OFF,PAPER,1756
66.12,MANUAL,IDLE,,0,0.0,-132.341,15.672,1.2,-9.74,0.362,0.0,-0.3,0.4,-2.4,0.076,-0.181,0.115,1.993,10.86,OFF,PAPER,1756
66.14,MANUAL,IDLE,,0,0.0,-132.536,15.679,1.2,-9.74,0.37,0.0,-0.2,0.5,-2.3,0.325,0.036,0.158,1.973,7.43,OFF,PAPER,1756
66.16,MANUAL,IDLE,,0,0.0,-132.731,15.686,1.2,-9.747,0.368,0.0,-0.2,0.6,-2.1,0.045,0.06,0.106,1.998,10.95,OFF,PAPER,1756
66.18,MANUAL,IDLE,,0,0.0,-132.926,15.694,1.2,-9.739,0.372,0.0,-0.2,0.5,-2.1,-0.04,-0.039,0.051,1.983,9.62,OFF,PAPER,1756
66.2,MANUAL,IDLE,,0,0.0,-133.12,15.701,1.2,-9.734,0.368,0.0,-0.3,0.5,-2.0,-0.048,-0.223,0.026,1.975,8.56,OFF,PAPER,1756
66.22,MANUAL,IDLE,,0,0.0,-133.315,15.709,1.2,-9.732,0.366,0.0,-0.2,0.4,-2.0,-0.185,0.214,-0.027,1.984,8.64,OFF,PAPER,1756
66.24,MANUAL,IDLE,,0,0.0,-133.51,15.716,1.2,-9.721,0.361,0.0,-0.4,0.3,-2.0,-0.241,-0.375,0.062,1.982,8.18,OFF,PAPER,1756
66.26,MANUAL,IDLE,,0,0.0,-133.704,15.723,1.2,-9.724,0.362,0.0,-0.4,0.3,-1.9,-0.05,-0.167,0.046,1.982,8.45,OFF,PAPER,1756
66.28,MANUAL,IDLE,,0,0.0,-133.899,15.73,1.2,-9.72,0.358,0.0,-0.5,0.2,-1.9,0.066,0.176,0.023,1.992,10.27,OFF,PAPER,1756
66.3,MANUAL,IDLE,,0,0.0,-134.093,15.737,1.2,-9.714,0.359,0.0,-0.5,0.1,-1.9,0.057,-0.185,0.036,2.013,13.43,OFF,PAPER,1756
66.32,MANUAL,IDLE,,0,0.0,-134.287,15.744,1.2,-9.715,0.358,0.0,-0.6,0.1,-1.8,-0.244,0.064,0.052,1.986,12.72,OFF,PAPER,1756
66.34,MANUAL,IDLE,,0,0.0,-134.481,15.752,1.2,-9.714,0.355,0.0,-0.7,0.0,-1.8,0.034,0.309,0.07,1.981,8.69,OFF,PAPER,1756
66.36,MANUAL,IDLE,,0,0.0,-134.676,15.759,1.2,-9.718,0.351,0.0,-0.7,0.2,-1.8,-0.139,0.472,-0.058,2.006,13.25,OFF,PAPER,1756
66.38,MANUAL,IDLE,,0,0.0,-134.87,15.766,1.2,-9.705,0.357,0.0,-0.6,0.1,-1.9,0.286,-0.217,-0.129,1.962,1.2,OFF,PAPER,1756
66.4,MANUAL,IDLE,,0,0.0,-135.064,15.773,1.2,-9.702,0.357,0.0,-0.6,-0.0,-2.0,-0.199,-0.193,-0.108,1.991,10.02,OFF,PAPER,1756
66.42,MANUAL,IDLE,,0,0.0,-135.258,15.78,1.2,-9.7,0.355,0.0,-0.7,-0.0,-2.1,-0.044,0.456,-0.047,1.986,10.17,OFF,PAPER,1756
66.44,MANUAL,IDLE,,0,0.0,-135.452,15.787,1.2,-9.711,0.359,0.0,-0.6,0.2,-2.1,0.008,0.267,0.009,1.978,9.24,OFF,PAPER,1756
66.46,MANUAL,IDLE,,0,0.0,-135.646,15.794,1.2,-9.713,0.367,0.0,-0.6,0.1,-2.1,0.004,0.01,0.094,1.997,11.88,OFF,PAPER,1756
66.48,MANUAL,IDLE,,0,0.0,-135.841,15.802,1.2,-9.715,0.373,0.0,-0.5,0.1,-2.0,-0.184,0.122,0.032,1.986,9.02,OFF,PAPER,1756
66.5,MANUAL,IDLE,,0,0.0,-136.035,15.809,1.2,-9.717,0.374,0.0,-0.4,0.1,-2.0,0.04,0.099,0.061,1.972,6.45,OFF,PAPER,1756
66.52,MANUAL,IDLE,,0,0.0,-136.229,15.817,1.2,-9.716,0.383,0.0,-0.3,0.1,-2.0,0.221,-0.159,-0.067,1.978,7.71,OFF,PAPER,1756
66.54,MANUAL,IDLE,,0,0.0,-136.423,15.825,1.2,-9.709,0.379,0.0,-0.3,-0.1,-2.0,-0.171,-0.037,-0.035,2.013,16.07,OFF,PAPER,1756
66.56,MANUAL,IDLE,,0,0.0,-136.618,15.832,1.2,-9.708,0.378,0.0,-0.3,-0.1,-2.1,0.117,-0.298,-0.07,2.007,15.78,OFF,PAPER,1756
66.58,MANUAL,IDLE,,0,0.0,-136.812,15.84,1.2,-9.717,0.381,0.0,-0.3,-0.0,-2.1,0.166,-0.042,0.036,1.986,11.78,OFF,PAPER,1756
66.6,MANUAL,IDLE,,0,0.0,-137.006,15.847,1.2,-9.709,0.382,0.0,-0.3,-0.1,-2.0,0.001,-0.032,-0.01,2.003,13.08,OFF,PAPER,1756
66.62,MANUAL,IDLE,,0,0.0,-137.2,15.855,1.2,-9.708,0.389,0.0,-0.2,-0.1,-2.1,-0.142,0.203,-0.097,1.977,11.74,OFF,PAPER,1756
66.64,MANUAL,IDLE,,0,0.0,-137.394,15.863,1.2,-9.706,0.387,0.0,-0.2,-0.1,-2.3,0.156,0.111,-0.059,1.982,8.69,OFF,PAPER,1756
66.66,MANUAL,IDLE,,0,0.0,-137.589,15.871,1.2,-9.706,0.387,0.0,-0.2,-0.0,-2.4,-0.118,-0.144,-0.126,1.967,6.1,OFF,PAPER,1756
66.68,MANUAL,IDLE,,0,0.0,-137.783,15.878,1.2,-9.703,0.388,0.0,-0.1,-0.0,-2.5,-0.047,-0.01,-0.01,2.0,13.87,OFF,PAPER,1756
66.7,MANUAL,IDLE,,0,0.0,-137.977,15.886,1.2,-9.697,0.386,0.0,-0.1,-0.1,-2.5,0.125,-0.343,-0.054,2.008,12.56,OFF,PAPER,1756
66.72,MANUAL,IDLE,,0,0.0,-138.171,15.894,1.2,-9.693,0.378,0.0,-0.2,-0.3,-2.5,-0.147,0.207,-0.027,2.008,15.41,OFF,PAPER,1756
66.74,MANUAL,IDLE,,0,0.0,-138.365,15.901,1.2,-9.702,0.384,0.0,-0.1,-0.1,-2.5,0.062,0.074,0.055,1.979,8.9,OFF,PAPER,1756
66.76,MANUAL,IDLE,,0,0.0,-138.559,15.909,1.2,-9.708,0.382,0.0,-0.1,-0.1,-2.5,-0.198,0.0,-0.057,1.994,15.01,OFF,PAPER,1756
66.78,MANUAL,IDLE,,0,0.0,-138.753,15.917,1.2,-9.704,0.387,0.0,0.0,-0.1,-2.6,0.109,-0.154,-0.062,1.982,13.32,OFF,PAPER,1756
66.8,MANUAL,IDLE,,0,0.0,-138.947,15.924,1.2,-9.706,0.389,0.0,0.1,-0.1,-2.7,0.282,-0.031,-0.078,2.013,16.51,OFF,PAPER,1756
66.82,MANUAL,IDLE,,0,0.0,-139.141,15.932,1.2,-9.706,0.393,0.0,0.1,-0.1,-2.8,-0.013,-0.201,-0.085,1.986,8.94,OFF,PAPER,1756
66.84,MANUAL,IDLE,,0,0.0,-139.335,15.94,1.2,-9.709,0.39,0.0,0.1,-0.2,-2.9,-0.253,-0.062,-0.082,2.009,16.47,OFF,PAPER,1756
66.86,MANUAL,IDLE,,0,0.0,-139.529,15.948,1.2,-9.711,0.386,0.0,0.0,-0.1,-3.0,0.275,0.162,-0.051,1.974,9.31,OFF,PAPER,1756
66.88,MANUAL,IDLE,,0,0.0,-139.724,15.956,1.2,-9.707,0.393,0.0,0.2,-0.2,-3.1,0.105,0.452,-0.113,1.984,8.84,OFF,PAPER,1756
66.9,MANUAL,IDLE,,0,0.0,-139.918,15.964,1.2,-9.704,0.391,0.0,0.1,-0.2,-3.1,0.292,-0.093,-0.004,1.982,10.96,OFF,PAPER,1756
66.92,MANUAL,IDLE,,0,0.0,-140.112,15.971,1.2,-9.707,0.397,0.0,0.2,-0.2,-3.1,0.296,-0.12,0.065,1.999,13.03,OFF,PAPER,1756
66.94,MANUAL,IDLE,,0,0.0,-140.306,15.979,1.2,-9.694,0.401,0.0,0.3,-0.5,-3.0,0.514,0.061,0.137,1.996,12.28,OFF,PAPER,1756
66.96,MANUAL,IDLE,,0,0.0,-140.5,15.987,1.2,-9.695,0.402,0.0,0.3,-0.5,-2.8,-0.084,0.19,0.136,1.996,12.97,OFF,PAPER,1756
66.98,MANUAL,IDLE,,0,0.0,-140.694,15.995,1.2,-9.696,0.4,0.0,0.3,-0.4,-2.7,0.06,0.025,0.099,2.019,16.48,OFF,PAPER,1756
67.0,MANUAL,IDLE,,0,0.0,-140.888,16.003,1.2,-9.702,0.4,0.0,0.3,-0.3,-2.5,-0.012,0.23,0.215,1.975,6.58,OFF,PAPER,1756
67.02,MANUAL,IDLE,,0,0.0,-141.082,16.011,1.2,-9.714,0.396,0.0,0.2,-0.0,-2.3,-0.079,0.035,0.102,1.989,10.35,OFF,PAPER,1756
67.04,MANUAL,IDLE,,0,0.0,-141.276,16.019,1.2,-9.715,0.397,0.0,0.2,-0.1,-2.3,0.168,0.211,0.026,1.975,6.99,OFF,PAPER,1756
67.06,MANUAL,IDLE,,0,0.0,-141.47,16.027,1.2,-9.709,0.396,0.0,0.2,-0.2,-2.3,0.103,0.148,-0.038,1.996,13.79,OFF,PAPER,1756
67.08,MANUAL,IDLE,,0,0.0,-141.664,16.035,1.2,-9.705,0.395,0.0,0.2,-0.1,-2.3,0.233,-0.102,-0.011,1.975,11.56,OFF,PAPER,1756
67.1,MANUAL,IDLE,,0,0.0,-141.858,16.043,1.2,-9.693,0.39,0.0,0.1,-0.3,-2.3,-0.064,-0.35,0.003,1.975,7.75,OFF,PAPER,1756
67.12,MANUAL,IDLE,,0,0.0,-142.052,16.051,1.2,-9.692,0.378,0.0,-0.1,-0.4,-2.3,-0.135,-0.082,-0.009,1.963,1.76,OFF,PAPER,1756
67.14,MANUAL,IDLE,,0,0.0,-142.246,16.058,1.2,-9.69,0.376,0.0,-0.2,-0.4,-2.4,0.255,-0.343,-0.111,1.968,6.66,OFF,PAPER,1756
67.16,MANUAL,IDLE,,0,0.0,-142.44,16.066,1.2,-9.7,0.38,0.0,-0.2,-0.2,-2.5,-0.077,0.263,-0.089,1.976,7.88,OFF,PAPER,1756
67.18,MANUAL,IDLE,,0,0.0,-142.634,16.073,1.2,-9.707,0.386,0.0,-0.0,-0.1,-2.6,0.041,0.019,-0.064,1.993,11.58,OFF,PAPER,1756
67.2,MANUAL,IDLE,,0,0.0,-142.828,16.081,1.2,-9.7,0.384,0.0,-0.1,-0.3,-2.7,-0.023,-0.324,-0.061,2.001,15.05,OFF,PAPER,1756
67.22,MANUAL,IDLE,,0,0.0,-143.022,16.089,1.2,-9.701,0.384,0.0,-0.0,-0.3,-2.6,0.112,-0.194,0.151,1.992,12.39,OFF,PAPER,1756
67.24,MANUAL,IDLE,,0,0.0,-143.216,16.096,1.2,-9.708,0.388,0.0,0.1,-0.1,-2.5,-0.105,0.217,0.16,1.969,11.15,OFF,PAPER,1756
67.26,MANUAL,IDLE,,0,0.0,-143.411,16.104,1.2,-9.711,0.391,0.0,0.1,-0.1,-2.3,0.165,-0.257,0.259,1.987,10.67,OFF,PAPER,1756
67.28,MANUAL,IDLE,,0,0.0,-143.605,16.112,1.2,-9.709,0.395,0.0,0.2,-0.2,-2.1,0.075,-0.113,0.155,1.967,10.91,OFF,PAPER,1756
67.3,MANUAL,IDLE,,0,0.0,-143.799,16.12,1.2,-9.703,0.394,0.0,0.2,-0.3,-1.9,0.31,-0.076,0.097,1.989,14.39,OFF,PAPER,1756
67.32,MANUAL,IDLE,,0,0.0,-143.993,16.128,1.2,-9.708,0.401,0.0,0.4,-0.2,-1.8,0.02,-0.08,-0.011,1.998,10.91,OFF,PAPER,1756
67.34,MANUAL,IDLE,,0,0.0,-144.187,16.136,1.2,-9.711,0.397,0.0,0.4,-0.3,-1.9,-0.119,0.152,-0.106,2.004,12.8,OFF,PAPER,1756
67.36,MANUAL,IDLE,,0,0.0,-144.381,16.144,1.2,-9.709,0.4,0.0,0.4,-0.3,-2.0,-0.081,0.14,-0.088,1.995,10.43,OFF,PAPER,1756
67.38,MANUAL,IDLE,,0,0.0,-144.575,16.152,1.2,-9.71,0.398,0.0,0.4,-0.2,-2.1,-0.342,0.135,-0.03,1.973,10.98,OFF,PAPER,1756
67.4,MANUAL,IDLE,,0,0.0,-144.77,16.16,1.2,-9.709,0.396,0.0,0.3,-0.3,-2.1,0.214,-0.103,-0.101,1.994,15.33,OFF,PAPER,1756
67.42,MANUAL,IDLE,,0,0.0,-144.964,16.168,1.2,-9.709,0.392,0.0,0.2,-0.4,-2.2,0.018,-0.256,-0.111,1.998,11.76,OFF,PAPER,1756
67.44,MANUAL,IDLE,,0,0.0,-145.158,16.175,1.2,-9.717,0.39,0.0,0.2,-0.2,-2.3,-0.065,-0.31,-0.062,1.99,13.58,OFF,PAPER,1756
67.46,MANUAL,IDLE,,0,0.0,-145.352,16.183,1.2,-9.715,0.389,0.0,0.1,-0.3,-2.4,0.001,0.121,-0.083,1.998,10.99,OFF,PAPER,1756
67.48,MANUAL,IDLE,,0,0.0,-145.547,16.191,1.2,-9.717,0.394,0.0,0.3,-0.2,-2.5,0.105,0.19,-0.081,2.015,17.41,OFF,PAPER,1756
67.5,MANUAL,IDLE,,0,0.0,-145.741,16.199,1.2,-9.715,0.396,0.0,0.3,-0.2,-2.5,-0.166,0.043,0.037,1.98,7.85,OFF,PAPER,1756
67.52,MANUAL,IDLE,,0,0.0,-145.936,16.207,1.2,-9.721,0.401,0.0,0.4,-0.2,-2.4,-0.136,0.189,0.003,1.966,3.81,OFF,PAPER,1756
67.54,MANUAL,IDLE,,0,0.0,-146.13,16.215,1.2,-9.721,0.396,0.0,0.4,-0.2,-2.4,-0.16,-0.2,0.051,1.993,12.43,OFF,PAPER,1756
67.56,MANUAL,IDLE,,0,0.0,-146.324,16.223,1.2,-9.723,0.398,0.0,0.3,-0.2,-2.4,0.297,0.116,0.043,1.985,12.73,OFF,PAPER,1756
67.58,MANUAL,IDLE,,0,0.0,-146.519,16.231,1.2,-9.718,0.398,0.0,0.4,-0.3,-2.3,0.041,0.08,0.182,1.981,10.48,OFF,PAPER,1756
67.6,MANUAL,IDLE,,0,0.0,-146.713,16.239,1.2,-9.713,0.395,0.0,0.4,-0.4,-2.0,-0.158,-0.307,0.149,1.996,13.15,OFF,PAPER,1756
67.62,MANUAL,IDLE,,0,0.0,-146.908,16.247,1.2,-9.718,0.391,0.0,0.3,-0.4,-1.9,0.03,-0.145,0.137,2.024,14.3,OFF,PAPER,1756
67.64,MANUAL,IDLE,,0,0.0,-147.102,16.254,1.2,-9.722,0.38,0.0,0.2,-0.3,-1.8,-0.198,0.143,-0.022,2.044,19.18,OFF,PAPER,1756
67.66,MANUAL,IDLE,,0,0.0,-147.296,16.262,1.2,-9.717,0.372,0.0,0.1,-0.5,-1.9,0.084,-0.213,-0.099,1.971,11.06,OFF,PAPER,1756
67.68,MANUAL,IDLE,,0,0.0,-147.491,16.269,1.2,-9.717,0.372,0.0,0.0,-0.5,-2.0,-0.264,-0.003,-0.078,1.966,7.97,OFF,PAPER,1756
67.7,MANUAL,IDLE,,0,0.0,-147.685,16.277,1.2,-9.713,0.367,0.0,-0.1,-0.6,-2.1,0.03,0.221,-0.129,1.971,11.15,OFF,PAPER,1756
67.72,MANUAL,IDLE,,0,0.0,-147.879,16.284,1.2,-9.717,0.366,0.0,-0.1,-0.6,-2.3,0.006,0.069,-0.249,1.987,9.09,OFF,PAPER,1756
67.74,MANUAL,IDLE,,0,0.0,-148.074,16.291,1.2,-9.719,0.364,0.0,-0.0,-0.5,-2.5,-0.071,-0.288,-0.16,1.975,7.18,OFF,PAPER,1756
67.76,MANUAL,IDLE,,0,0.0,-148.268,16.298,1.2,-9.722,0.355,0.0,-0.2,-0.5,-2.7,-0.205,0.048,-0.072,2.036,17.81,OFF,PAPER,1756
67.78,MANUAL,IDLE,,0,0.0,-148.462,16.306,1.2,-9.725,0.358,0.0,-0.2,-0.4,-2.7,0.429,0.191,0.052,1.991,10.21,OFF,PAPER,1756
67.8,MANUAL,IDLE,,0,0.0,-148.657,16.313,1.2,-9.729,0.358,0.0,-0.2,-0.4,-2.7,0.038,-0.015,-0.089,2.006,12.54,OFF,PAPER,1756
67.82,MANUAL,IDLE,,0,0.0,-148.852,16.32,1.2,-9.731,0.364,0.0,-0.0,-0.5,-2.8,0.339,-0.13,-0.069,1.985,12.66,OFF,PAPER,1756
67.84,MANUAL,IDLE,,0,0.0,-149.046,16.327,1.2,-9.726,0.368,0.0,0.1,-0.6,-2.8,0.123,0.159,-0.009,2.003,12.01,OFF,PAPER,1756
67.86,MANUAL,IDLE,,0,0.0,-149.241,16.335,1.2,-9.722,0.365,0.0,0.1,-0.7,-2.9,-0.127,0.129,-0.132,2.022,16.24,OFF,PAPER,1756
67.88,MANUAL,IDLE,,0,0.0,-149.435,16.342,1.2,-9.721,0.362,0.0,0.0,-0.6,-3.0,-0.28,0.088,-0.011,1.989,9.52,OFF,PAPER,1756
67.9,MANUAL,IDLE,,0,0.0,-149.63,16.349,1.2,-9.725,0.362,0.0,0.0,-0.6,-3.1,-0.266,-0.279,-0.096,2.003,11.71,OFF,PAPER,1756
67.92,MANUAL,IDLE,,0,0.0,-149.824,16.357,1.2,-9.735,0.369,0.0,0.1,-0.5,-3.2,0.016,0.163,-0.068,2.001,14.7,OFF,PAPER,1756
67.94,MANUAL,IDLE,,0,0.0,-150.019,16.364,1.2,-9.734,0.375,0.0,0.3,-0.5,-3.2,-0.049,0.016,0.001,1.98,7.85,OFF,PAPER,1756
67.96,MANUAL,IDLE,,0,0.0,-150.213,16.371,1.2,-9.735,0.37,0.0,0.3,-0.6,-3.2,-0.054,0.323,-0.019,1.976,8.84,OFF,PAPER,1756
67.98,MANUAL,IDLE,,0,0.0,-150.408,16.379,1.2,-9.738,0.37,0.0,0.3,-0.5,-3.3,-0.193,0.061,-0.008,1.987,10.47,OFF,PAPER,1756
68.0,MANUAL,IDLE,,0,0.0,-150.603,16.386,1.2,-9.738,0.372,0.0,0.3,-0.5,-3.3,-0.133,-0.066,-0.036,2.014,13.31,OFF,PAPER,1756
68.02,MANUAL,IDLE,,0,0.0,-150.798,16.394,1.2,-9.735,0.376,0.0,0.4,-0.7,-3.4,0.023,-0.152,-0.04,1.995,11.72,OFF,PAPER,1756
68.04,MANUAL,IDLE,,0,0.0,-150.992,16.401,1.2,-9.739,0.373,0.0,0.3,-0.6,-3.4,-0.094,0.31,-0.043,1.971,5.5,OFF,PAPER,1756
68.06,MANUAL,IDLE,,0,0.0,-151.187,16.409,1.2,-9.74,0.37,0.0,0.2,-0.6,-3.4,0.459,-0.175,-0.027,1.987,9.8,OFF,PAPER,1756
68.08,MANUAL,IDLE,,0,0.0,-151.382,16.416,1.2,-9.745,0.365,0.0,0.1,-0.5,-3.4,-0.08,0.223,0.044,1.991,12.03,OFF,PAPER,1756
68.1,MANUAL,IDLE,,0,0.0,-151.577,16.423,1.2,-9.735,0.365,0.0,0.1,-0.7,-3.4,-0.211,0.038,0.066,2.033,16.14,OFF,PAPER,1756
68.12,MANUAL,IDLE,,0,0.0,-151.772,16.431,1.2,-9.74,0.365,0.0,0.1,-0.7,-3.3,0.053,0.104,0.072,2.025,16.21,OFF,PAPER,1756
68.14,MANUAL,IDLE,,0,0.0,-151.966,16.438,1.2,-9.739,0.371,0.0,0.2,-0.8,-3.3,0.303,-0.159,0.047,1.991,11.16,OFF,PAPER,1756
68.16,MANUAL,IDLE,,0,0.0,-152.161,16.445,1.2,-9.736,0.365,0.0,0.0,-0.8,-3.2,0.049,-0.196,-0.007,1.962,6.63,OFF,PAPER,1756
68.18,MANUAL,IDLE,,0,0.0,-152.356,16.452,1.2,-9.743,0.356,0.0,-0.1,-0.8,-3.3,0.012,-0.016,-0.044,1.995,11.63,OFF,PAPER,1756
68.2,MANUAL,IDLE,,0,0.0,-152.551,16.46,1.2,-9.745,0.37,0.0,0.1,-0.7,-3.3,0.447,0.301,-0.008,2.007,17.08,OFF,PAPER,1756
68.22,MANUAL,IDLE,,0,0.0,-152.746,16.467,1.2,-9.754,0.377,0.0,0.3,-0.5,-3.2,-0.142,0.252,0.012,1.984,13.56,OFF,PAPER,1756
68.24,MANUAL,IDLE,,0,0.0,-152.941,16.475,1.2,-9.754,0.374,0.0,0.2,-0.4,-3.3,-0.064,0.207,-0.059,2.014,14.85,OFF,PAPER,1756
68.26,MANUAL,IDLE,,0,0.0,-153.136,16.482,1.2,-9.756,0.376,0.0,0.2,-0.4,-3.4,0.472,0.019,-0.062,2.001,11.28,OFF,PAPER,1756
68.28,MANUAL,IDLE,,0,0.0,-153.331,16.49,1.2,-9.749,0.376,0.0,0.2,-0.5,-3.4,-0.159,-0.035,-0.036,1.997,10.82,OFF,PAPER,1756
68.3,MANUAL,IDLE,,0,0.0,-153.526,16.497,1.2,-9.748,0.371,0.0,0.0,-0.5,-3.5,-0.258,0.128,0.009,1.974,6.5,OFF,PAPER,1756
68.32,MANUAL,IDLE,,0,0.0,-153.721,16.505,1.2,-9.752,0.366,0.0,-0.1,-0.5,-3.5,-0.213,0.041,-0.066,2.0,12.57,OFF,PAPER,1756
68.34,MANUAL,IDLE,,0,0.0,-153.916,16.512,1.2,-9.747,0.376,0.0,0.0,-0.6,-3.6,0.223,0.079,-0.067,1.996,12.89,OFF,PAPER,1756
68.36,MANUAL,IDLE,,0,0.0,-154.111,16.519,1.2,-9.746,0.368,0.0,-0.0,-0.6,-3.6,-0.181,-0.066,-0.049,2.01,17.75,OFF,PAPER,1756
68.38,MANUAL,IDLE,,0,0.0,-154.306,16.527,1.2,-9.747,0.372,0.0,0.0,-0.5,-3.7,0.226,-0.139,-0.097,1.981,8.09,OFF,PAPER,1756
68.4,MANUAL,IDLE,,0,0.0,-154.501,16.534,1.2,-9.74,0.372,0.0,0.1,-0.7,-3.8,0.133,-0.188,-0.021,1.977,7.14,OFF,PAPER,1756
68.42,MANUAL,IDLE,,0,0.0,-154.695,16.541,1.2,-9.744,0.362,0.0,-0.1,-0.6,-3.8,0.175,-0.259,0.026,1.977,7.04,OFF,PAPER,1756
68.44,MANUAL,IDLE,,0,0.0,-154.89,16.549,1.2,-9.74,0.356,0.0,-0.1,-0.7,-3.7,-0.176,-0.148,-0.042,1.973,8.95,OFF,PAPER,1756
68.46,MANUAL,IDLE,,0,0.0,-155.085,16.556,1.2,-9.736,0.354,0.0,-0.2,-0.8,-3.8,-0.166,-0.273,-0.043,1.989,9.65,OFF,PAPER,1756
68.48,MANUAL,IDLE,,0,0.0,-155.28,16.563,1.2,-9.736,0.35,0.0,-0.3,-0.8,-3.8,0.109,-0.052,-0.067,1.991,9.87,OFF,PAPER,1756
68.5,MANUAL,IDLE,,0,0.0,-155.474,16.57,1.2,-9.739,0.346,0.0,-0.2,-0.8,-4.0,-0.231,0.137,-0.103,1.973,11.32,OFF,PAPER,1756
68.52,MANUAL,IDLE,,0,0.0,-155.669,16.577,1.2,-9.737,0.338,0.0,-0.4,-0.9,-4.1,-0.317,-0.174,-0.036,2.003,13.25,OFF,PAPER,1756
68.54,MANUAL,IDLE,,0,0.0,-155.864,16.583,1.2,-9.745,0.337,0.0,-0.5,-0.7,-4.0,-0.188,-0.131,0.003,1.968,4.81,OFF,PAPER,1756
68.56,MANUAL,IDLE,,0,0.0,-156.059,16.59,1.2,-9.745,0.346,0.0,-0.3,-0.7,-4.0,-0.048,-0.139,0.16,2.015,13.67,OFF,PAPER,1756
68.58,MANUAL,IDLE,,0,0.0,-156.254,16.597,1.2,-9.749,0.351,0.0,-0.2,-0.7,-3.9,0.192,-0.027,-0.008,1.965,8.06,OFF,PAPER,1756
68.6,MANUAL,IDLE,,0,0.0,-156.449,16.604,1.2,-9.743,0.345,0.0,-0.3,-0.9,-3.9,-0.043,0.088,0.019,1.997,10.84,OFF,PAPER,1756
68.62,MANUAL,IDLE,,0,0.0,-156.644,16.611,1.2,-9.739,0.342,0.0,-0.3,-0.9,-3.9,-0.008,-0.017,-0.028,1.971,9.46,OFF,PAPER,1756
68.64,MANUAL,IDLE,,0,0.0,-156.839,16.618,1.2,-9.743,0.345,0.0,-0.2,-0.8,-3.9,-0.126,-0.179,-0.013,1.971,12.07,OFF,PAPER,1756
68.66,MANUAL,IDLE,,0,0.0,-157.034,16.625,1.2,-9.747,0.348,0.0,-0.2,-0.7,-3.9,0.025,-0.142,-0.09,1.984,8.54,OFF,PAPER,1756
68.68,MANUAL,IDLE,,0,0.0,-157.228,16.632,1.2,-9.747,0.353,0.0,-0.2,-0.7,-4.1,-0.149,0.137,-0.125,2.024,14.33,OFF,PAPER,1756
68.7,MANUAL,IDLE,,0,0.0,-157.423,16.639,1.2,-9.753,0.362,0.0,-0.1,-0.6,-4.1,-0.37,0.165,0.119,1.994,11.32,OFF,PAPER,1756
68.72,MANUAL,IDLE,,0,0.0,-157.619,16.646,1.2,-9.758,0.36,0.0,-0.1,-0.4,-4.0,-0.019,-0.16,0.088,1.989,15.4,OFF,PAPER,1756
68.74,MANUAL,IDLE,,0,0.0,-157.814,16.653,1.2,-9.757,0.375,0.0,0.0,-0.4,-3.9,0.388,0.024,0.11,1.969,6.07,OFF,PAPER,1756
68.76,MANUAL,IDLE,,0,0.0,-158.009,16.661,1.2,-9.756,0.378,0.0,0.1,-0.4,-3.7,0.039,-0.248,0.064,1.965,9.41,OFF,PAPER,1756
68.78,MANUAL,IDLE,,0,0.0,-158.204,16.669,1.2,-9.762,0.381,0.0,0.2,-0.4,-3.5,0.195,0.164,0.21,1.976,7.72,OFF,PAPER,1756
68.8,MANUAL,IDLE,,0,0.0,-158.399,16.676,1.2,-9.765,0.383,0.0,0.2,-0.4,-3.3,-0.029,0.183,0.156,2.005,15.72,OFF,PAPER,1756
68.82,MANUAL,IDLE,,0,0.0,-158.595,16.684,1.2,-9.764,0.376,0.0,0.1,-0.3,-3.1,0.067,-0.051,0.182,2.017,14.24,OFF,PAPER,1756
68.84,MANUAL,IDLE,,0,0.0,-158.79,16.691,1.2,-9.769,0.37,0.0,-0.1,-0.2,-2.9,-0.333,0.056,0.153,2.03,16.79,OFF,PAPER,1756
68.86,MANUAL,IDLE,,0,0.0,-158.985,16.699,1.2,-9.779,0.371,0.0,-0.2,-0.0,-2.7,-0.112,0.284,0.171,1.983,11.55,OFF,PAPER,1756
68.88,MANUAL,IDLE,,0,0.0,-159.181,16.706,1.2,-9.786,0.375,0.0,-0.2,0.2,-2.5,-0.005,0.052,0.114,2.014,14.99,OFF,PAPER,1756
68.9,MANUAL,IDLE,,0,0.0,-159.377,16.714,1.2,-9.782,0.371,0.0,-0.3,0.1,-2.4,-0.015,-0.155,0.007,1.989,12.04,OFF,PAPER,1756
68.92,MANUAL,IDLE,,0,0.0,-159.572,16.721,1.2,-9.781,0.373,0.0,-0.3,0.2,-2.4,-0.035,-0.19,0.067,1.978,8.8,OFF,PAPER,1756
68.94,MANUAL,IDLE,,0,0.0,-159.768,16.728,1.2,-9.785,0.37,0.0,-0.4,0.2,-2.4,0.151,0.046,0.007,1.983,8.59,OFF,PAPER,1756
68.96,MANUAL,IDLE,,0,0.0,-159.964,16.736,1.2,-9.788,0.362,0.0,-0.5,0.3,-2.3,-0.118,0.027,0.066,1.992,10.03,OFF,PAPER,1756
68.98,MANUAL,IDLE,,0,0.0,-160.16,16.743,1.2,-9.798,0.362,0.0,-0.6,0.5,-2.3,-0.06,-0.004,0.09,1.973,10.13,OFF,PAPER,1756
69.0,MANUAL,IDLE,,0,0.0,-160.355,16.75,1.2,-9.798,0.361,0.0,-0.7,0.4,-2.2,-0.175,0.229,0.026,1.981,9.55,OFF,PAPER,1756
69.02,MANUAL,IDLE,,0,0.0,-160.551,16.758,1.2,-9.795,0.36,0.0,-0.8,0.3,-2.1,0.138,-0.003,0.057,2.006,16.08,OFF,PAPER,1756
69.04,MANUAL,IDLE,,0,0.0,-160.747,16.765,1.2,-9.793,0.366,0.0,-0.8,0.3,-2.1,-0.023,-0.5,0.114,2.007,14.21,OFF,PAPER,1756
69.06,MANUAL,IDLE,,0,0.0,-160.943,16.772,1.2,-9.794,0.374,0.0,-0.7,0.4,-2.0,-0.106,0.288,0.007,2.011,14.38,OFF,PAPER,1756
69.08,MANUAL,IDLE,,0,0.0,-161.139,16.78,1.2,-9.797,0.376,0.0,-0.6,0.4,-1.9,-0.153,0.067,0.007,2.016,14.68,OFF,PAPER,1756
69.1,MANUAL,IDLE,,0,0.0,-161.335,16.787,1.2,-9.798,0.374,0.0,-0.6,0.6,-1.9,-0.156,0.002,0.023,1.968,4.69,OFF,PAPER,1756
69.12,MANUAL,IDLE,,0,0.0,-161.531,16.795,1.2,-9.796,0.375,0.0,-0.5,0.6,-1.9,-0.167,-0.123,-0.033,2.005,12.41,OFF,PAPER,1756
69.14,MANUAL,IDLE,,0,0.0,-161.727,16.802,1.2,-9.796,0.375,0.0,-0.5,0.6,-2.0,0.059,0.254,-0.111,1.964,7.16,OFF,PAPER,1756
69.16,MANUAL,IDLE,,0,0.0,-161.923,16.81,1.2,-9.798,0.369,0.0,-0.7,0.6,-2.2,0.241,0.447,-0.178,2.021,17.56,OFF,PAPER,1756
69.18,MANUAL,IDLE,,0,0.0,-162.119,16.817,1.2,-9.796,0.369,0.0,-0.7,0.6,-2.3,0.011,-0.408,-0.079,1.983,8.36,OFF,PAPER,1756
69.2,MANUAL,IDLE,,0,0.0,-162.315,16.825,1.2,-9.79,0.384,0.0,-0.5,0.5,-2.4,0.312,-0.1,-0.077,1.978,11.59,OFF,PAPER,1756
69.22,MANUAL,IDLE,,0,0.0,-162.51,16.832,1.2,-9.792,0.385,0.0,-0.5,0.6,-2.5,0.243,-0.198,-0.068,2.003,12.79,OFF,PAPER,1756
69.24,MANUAL,IDLE,,0,0.0,-162.706,16.84,1.2,-9.788,0.395,0.0,-0.3,0.5,-2.6,0.367,0.133,-0.098,1.979,10.73,OFF,PAPER,1756
69.26,MANUAL,IDLE,,0,0.0,-162.902,16.848,1.2,-9.785,0.386,0.0,-0.4,0.5,-2.7,-0.193,-0.216,-0.116,1.994,13.17,OFF,PAPER,1756
69.28,MANUAL,IDLE,,0,0.0,-163.098,16.856,1.2,-9.776,0.382,0.0,-0.5,0.3,-2.9,-0.082,-0.009,-0.155,2.016,15.07,OFF,PAPER,1756
69.3,MANUAL,IDLE,,0,0.0,-163.293,16.863,1.2,-9.775,0.381,0.0,-0.5,0.2,-3.0,-0.133,-0.135,-0.075,1.992,11.22,OFF,PAPER,1756
69.32,MANUAL,IDLE,,0,0.0,-163.489,16.871,1.2,-9.777,0.383,0.0,-0.5,0.2,-3.1,-0.1,-0.258,-0.067,1.998,13.08,OFF,PAPER,1756
69.34,MANUAL,IDLE,,0,0.0,-163.684,16.878,1.2,-9.784,0.376,0.0,-0.5,0.3,-3.2,-0.177,-0.163,-0.069,2.013,15.48,OFF,PAPER,1756
69.36,MANUAL,IDLE,,0,0.0,-163.88,16.886,1.2,-9.781,0.374,0.0,-0.6,0.3,-3.2,-0.185,-0.356,-0.04,1.969,10.55,OFF,PAPER,1756
69.38,MANUAL,IDLE,,0,0.0,-164.075,16.893,1.2,-9.773,0.376,0.0,-0.7,0.1,-3.3,0.052,-0.435,-0.02,1.965,11.19,OFF,PAPER,1756
69.4,MANUAL,IDLE,,0,0.0,-164.271,16.901,1.2,-9.767,0.38,0.0,-0.6,-0.1,-3.3,0.04,-0.093,-0.028,2.039,16.61,OFF,PAPER,1756
69.42,MANUAL,IDLE,,0,0.0,-164.466,16.909,1.2,-9.763,0.383,0.0,-0.6,-0.2,-3.3,-0.038,-0.1,-0.057,2.001,14.05,OFF,PAPER,1756
69.44,MANUAL,IDLE,,0,0.0,-164.661,16.916,1.2,-9.762,0.382,0.0,-0.5,-0.3,-3.4,-0.17,0.134,-0.079,2.004,12.63,OFF,PAPER,1756
69.46,MANUAL,IDLE,,0,0.0,-164.857,16.924,1.2,-9.762,0.378,0.0,-0.6,-0.3,-3.4,-0.205,-0.181,-0.019,1.994,10.73,OFF,PAPER,1756
69.48,MANUAL,IDLE,,0,0.0,-165.052,16.931,1.2,-9.766,0.387,0.0,-0.6,-0.2,-3.4,0.535,0.028,0.053,2.005,12.25,OFF,PAPER,1756
69.5,MANUAL,IDLE,,0,0.0,-165.247,16.939,1.2,-9.763,0.394,0.0,-0.4,-0.2,-3.4,0.224,-0.028,0.001,2.007,12.2,OFF,PAPER,1756
69.52,MANUAL,IDLE,,0,0.0,-165.442,16.947,1.2,-9.755,0.392,0.0,-0.4,-0.3,-3.3,-0.117,-0.323,0.108,1.988,14.82,OFF,PAPER,1756
69.54,MANUAL,IDLE,,0,0.0,-165.637,16.955,1.2,-9.76,0.393,0.0,-0.4,-0.4,-3.1,0.277,-0.331,0.225,1.962,6.57,OFF,PAPER,1756
69.56,MANUAL,IDLE,,0,0.0,-165.833,16.963,1.2,-9.766,0.401,0.0,-0.2,-0.1,-2.9,-0.105,0.1,0.156,1.972,13.11,OFF,PAPER,1756
69.58,MANUAL,IDLE,,0,0.0,-166.028,16.971,1.2,-9.763,0.41,0.0,-0.1,-0.2,-2.7,0.199,-0.296,0.127,1.979,7.91,OFF,PAPER,1756
69.6,MANUAL,IDLE,,0,0.0,-166.223,16.979,1.2,-9.762,0.409,0.0,-0.1,-0.1,-2.6,-0.144,0.248,0.034,1.995,14.15,OFF,PAPER,1756
69.62,MANUAL,IDLE,,0,0.0,-166.418,16.987,1.2,-9.765,0.413,0.0,0.0,-0.1,-2.6,0.124,0.241,-0.077,1.987,11.61,OFF,PAPER,1756
69.64,MANUAL,IDLE,,0,0.0,-166.614,16.995,1.2,-9.763,0.418,0.0,0.1,-0.1,-2.7,0.376,-0.224,-0.032,1.996,14.96,OFF,PAPER,1756
69.66,MANUAL,IDLE,,0,0.0,-166.809,17.004,1.2,-9.763,0.424,0.0,0.2,-0.2,-2.8,0.153,-0.22,0.016,1.971,11.05,OFF,PAPER,1756
69.68,MANUAL,IDLE,,0,0.0,-167.004,17.012,1.2,-9.768,0.416,0.0,0.0,-0.1,-2.8,0.083,0.085,-0.113,1.977,10.86,OFF,PAPER,1756
69.7,MANUAL,IDLE,,0,0.0,-167.2,17.021,1.2,-9.767,0.412,0.0,0.1,-0.2,-2.8,-0.154,0.144,0.004,1.972,6.81,OFF,PAPER,1756
69.72,MANUAL,IDLE,,0,0.0,-167.395,17.029,1.2,-9.769,0.417,0.0,0.1,-0.2,-2.8,0.265,0.26,0.069,2.014,14.74,OFF,PAPER,1756
69.74,MANUAL,IDLE,,0,0.0,-167.59,17.037,1.2,-9.765,0.416,0.0,0.1,-0.1,-2.6,-0.038,0.107,0.14,2.002,11.49,OFF,PAPER,1756
69.76,MANUAL,IDLE,,0,0.0,-167.786,17.045,1.2,-9.777,0.41,0.0,-0.0,0.1,-2.5,-0.176,0.303,0.028,2.014,17.41,OFF,PAPER,1756
69.78,MANUAL,IDLE,,0,0.0,-167.981,17.054,1.2,-9.779,0.401,0.0,-0.2,0.2,-2.5,-0.502,0.283,0.109,1.974,9.93,OFF,PAPER,1756
69.8,MANUAL,IDLE,,0,0.0,-168.177,17.062,1.2,-9.778,0.401,0.0,-0.2,0.2,-2.3,0.072,0.257,0.161,2.007,12.36,OFF,PAPER,1756
69.82,MANUAL,IDLE,,0,0.0,-168.372,17.07,1.2,-9.779,0.407,0.0,-0.1,0.2,-2.2,0.052,0.089,0.039,1.978,10.63,OFF,PAPER,1756
69.84,MANUAL,IDLE,,0,0.0,-168.568,17.078,1.2,-9.769,0.403,0.0,-0.3,0.0,-2.1,0.16,-0.164,0.069,1.995,13.42,OFF,PAPER,1756
69.86,MANUAL,IDLE,,0,0.0,-168.763,17.086,1.2,-9.764,0.408,0.0,-0.3,-0.1,-2.0,-0.286,-0.038,0.139,1.981,8.5,OFF,PAPER,1756
69.88,MANUAL,IDLE,,0,0.0,-168.958,17.094,1.2,-9.763,0.411,0.0,-0.4,-0.1,-1.9,0.012,0.002,0.017,1.997,11.39,OFF,PAPER,1756
69.9,MANUAL,IDLE,,0,0.0,-169.154,17.102,1.2,-9.765,0.421,0.0,-0.2,-0.1,-1.9,0.164,0.138,-0.012,1.983,10.6,OFF,PAPER,1756
69.92,MANUAL,IDLE,,0,0.0,-169.349,17.111,1.2,-9.762,0.423,0.0,-0.2,-0.2,-1.9,-0.353,-0.367,0.04,1.996,12.22,OFF,PAPER,1756
69.94,MANUAL,IDLE,,0,0.0,-169.544,17.119,1.2,-9.764,0.418,0.0,-0.3,-0.2,-1.9,-0.002,0.22,0.023,1.985,13.75,OFF,PAPER,1756
69.96,MANUAL,IDLE,,0,0.0,-169.739,17.128,1.2,-9.761,0.419,0.0,-0.4,-0.2,-1.9,0.155,0.12,-0.057,1.966,7.37,OFF,PAPER,1756
69.98,MANUAL,IDLE,,0,0.0,-169.935,17.136,1.2,-9.759,0.419,0.0,-0.3,-0.2,-2.0,0.025,-0.4,-0.058,2.003,13.71,OFF,PAPER,1756
70.0,MANUAL,IDLE,,0,0.0,-170.13,17.144,1.2,-9.752,0.42,0.0,-0.4,-0.4,-2.1,0.175,0.155,-0.064,1.994,13.2,OFF,PAPER,1756
70.02,MANUAL,IDLE,,0,0.0,-170.325,17.153,1.2,-9.737,0.42,0.0,-0.4,-0.7,-2.1,-0.125,-0.258,-0.032,1.995,13.45,OFF,PAPER,1756
70.04,MANUAL,IDLE,,0,0.0,-170.52,17.161,1.2,-9.743,0.425,0.0,-0.4,-0.6,-2.1,-0.037,0.064,0.032,1.991,9.98,OFF,PAPER,1756
70.06,MANUAL,IDLE,,0,0.0,-170.715,17.17,1.2,-9.758,0.434,0.0,-0.3,-0.4,-2.1,0.271,0.066,0.083,1.992,13.68,OFF,PAPER,1756
70.08,MANUAL,IDLE,,0,0.0,-170.91,17.178,1.2,-9.771,0.425,0.0,-0.4,-0.1,-2.1,-0.198,-0.137,-0.052,1.984,8.58,OFF,PAPER,1756
70.1,MANUAL,IDLE,,0,0.0,-171.105,17.187,1.2,-9.772,0.428,0.0,-0.4,-0.1,-2.1,-0.249,0.228,-0.076,1.982,11.44,OFF,PAPER,1756
70.12,MANUAL,IDLE,,0,0.0,-171.301,17.196,1.2,-9.776,0.43,0.0,-0.5,-0.1,-2.3,-0.043,-0.195,-0.114,1.968,9.87,OFF,PAPER,1756
70.14,MANUAL,IDLE,,0,0.0,-171.496,17.204,1.2,-9.775,0.422,0.0,-0.6,-0.2,-2.3,-0.086,-0.288,-0.063,1.975,12.3,OFF,PAPER,1756
70.16,MANUAL,IDLE,,0,0.0,-171.692,17.213,1.2,-9.779,0.419,0.0,-0.7,-0.2,-2.4,-0.212,-0.019,-0.135,2.018,14.62,OFF,PAPER,1756
70.18,MANUAL,IDLE,,0,0.0,-171.887,17.221,1.2,-9.779,0.421,0.0,-0.8,-0.1,-2.6,-0.095,0.071,-0.143,2.004,15.94,OFF,PAPER,1756
70.2,MANUAL,IDLE,,0,0.0,-172.083,17.229,1.2,-9.773,0.427,0.0,-0.6,-0.1,-2.7,0.223,-0.077,-0.046,2.01,12.9,OFF,PAPER,1756
70.22,MANUAL,IDLE,,0,0.0,-172.278,17.238,1.2,-9.776,0.435,0.0,-0.5,-0.1,-2.7,0.273,0.245,0.042,1.974,12.08,OFF,PAPER,1756
70.24,MANUAL,IDLE,,0,0.0,-172.474,17.247,1.2,-9.774,0.435,0.0,-0.5,-0.0,-2.7,-0.372,0.305,-0.093,1.975,11.66,OFF,PAPER,1756
70.26,MANUAL,IDLE,,0,0.0,-172.669,17.256,1.2,-9.769,0.439,0.0,-0.5,-0.0,-2.9,-0.247,-0.19,-0.15,1.97,9.31,OFF,PAPER,1756
70.28,MANUAL,IDLE,,0,0.0,-172.865,17.264,1.2,-9.772,0.443,0.0,-0.4,-0.0,-3.0,0.119,0.373,-0.191,2.0,11.25,OFF,PAPER,1756
70.3,MANUAL,IDLE,,0,0.0,-173.06,17.273,1.2,-9.764,0.439,0.0,-0.5,-0.1,-3.2,0.106,-0.02,-0.184,1.986,12.74,OFF,PAPER,1756
70.32,MANUAL,IDLE,,0,0.0,-173.255,17.282,1.2,-9.762,0.442,0.0,-0.4,-0.1,-3.4,0.14,-0.251,-0.056,1.994,13.56,OFF,PAPER,1756
70.34,MANUAL,IDLE,,0,0.0,-173.45,17.291,1.2,-9.763,0.444,0.0,-0.4,-0.2,-3.4,-0.126,0.099,-0.025,1.979,7.63,OFF,PAPER,1756
70.36,MANUAL,IDLE,,0,0.0,-173.646,17.3,1.2,-9.767,0.449,0.0,-0.5,-0.2,-3.5,0.23,0.07,-0.069,1.972,6.91,OFF,PAPER,1756
70.38,MANUAL,IDLE,,0,0.0,-173.841,17.309,1.2,-9.774,0.448,0.0,-0.5,-0.1,-3.5,0.077,0.209,0.04,1.968,13.03,OFF,PAPER,1756
70.4,MANUAL,IDLE,,0,0.0,-174.037,17.318,1.2,-9.772,0.453,0.0,-0.5,-0.0,-3.5,-0.099,0.348,-0.075,1.982,9.17,OFF,PAPER,1756
70.42,MANUAL,IDLE,,0,0.0,-174.232,17.327,1.2,-9.765,0.459,0.0,-0.3,-0.2,-3.6,0.389,-0.277,-0.034,1.987,10.46,OFF,PAPER,1756
70.44,MANUAL,IDLE,,0,0.0,-174.427,17.336,1.2,-9.766,0.462,0.0,-0.3,-0.1,-3.6,0.086,0.121,0.052,1.972,5.8,OFF,PAPER,1756
70.46,MANUAL,IDLE,,0,0.0,-174.623,17.345,1.2,-9.77,0.46,0.0,-0.3,-0.1,-3.5,-0.032,0.406,0.103,1.994,12.52,OFF,PAPER,1756
70.48,MANUAL,IDLE,,0,0.0,-174.818,17.355,1.2,-9.778,0.468,0.0,-0.2,0.2,-3.3,-0.083,0.13,0.22,1.988,12.8,OFF,PAPER,1756
70.5,MANUAL,IDLE,,0,0.0,-175.014,17.364,1.2,-9.775,0.462,0.0,-0.3,0.1,-3.1,-0.15,-0.343,0.261,1.979,9.83,OFF,PAPER,1756
70.52,MANUAL,IDLE,,0,0.0,-175.209,17.373,1.2,-9.772,0.469,0.0,-0.2,-0.0,-2.7,-0.021,0.049,0.288,1.974,6.79,OFF,PAPER,1756
70.54,MANUAL,IDLE,,0,0.0,-175.404,17.383,1.2,-9.766,0.47,0.0,-0.1,-0.1,-2.5,0.066,-0.09,0.231,1.969,5.09,OFF,PAPER,1756
70.56,MANUAL,IDLE,,0,0.0,-175.6,17.392,1.2,-9.766,0.471,0.0,-0.1,-0.1,-2.3,0.35,0.136,0.128,1.978,11.69,OFF,PAPER,1756
70.58,MANUAL,IDLE,,0,0.0,-175.795,17.401,1.2,-9.764,0.474,0.0,-0.1,-0.2,-2.2,0.291,0.053,0.019,1.988,11.78,OFF,PAPER,1756
70.6,MANUAL,IDLE,,0,0.0,-175.99,17.411,1.2,-9.768,0.474,0.0,-0.0,-0.2,-2.2,-0.183,0.156,0.005,1.974,8.53,OFF,PAPER,1756
70.62,MANUAL,IDLE,,0,0.0,-176.186,17.42,1.2,-9.765,0.477,0.0,0.0,-0.2,-2.1,0.046,-0.189,0.046,2.005,12.76,OFF,PAPER,1756
70.64,MANUAL,IDLE,,0,0.0,-176.381,17.43,1.2,-9.763,0.478,0.0,-0.0,-0.3,-2.1,-0.214,-0.123,0.046,2.04,16.06,OFF,PAPER,1756
70.66,MANUAL,IDLE,,0,0.0,-176.576,17.439,1.2,-9.77,0.476,0.0,-0.1,-0.3,-2.0,-0.13,0.013,0.048,1.967,5.36,OFF,PAPER,1756
70.68,MANUAL,IDLE,,0,0.0,-176.772,17.449,1.2,-9.764,0.476,0.0,-0.1,-0.3,-2.0,0.063,-0.192,-0.064,1.972,6.79,OFF,PAPER,1756
70.7,MANUAL,IDLE,,0,0.0,-176.967,17.458,1.2,-9.767,0.471,0.0,-0.3,-0.4,-2.1,-0.078,-0.005,-0.086,1.97,8.75,OFF,PAPER,1756
70.72,MANUAL,IDLE,,0,0.0,-177.162,17.468,1.2,-9.777,0.468,0.0,-0.4,-0.3,-2.3,-0.313,0.027,-0.199,1.997,12.36,OFF,PAPER,1756
70.74,MANUAL,IDLE,,0,0.0,-177.358,17.477,1.2,-9.782,0.466,0.0,-0.5,-0.2,-2.4,-0.23,0.18,-0.093,1.963,12.3,OFF,PAPER,1756
70.76,MANUAL,IDLE,,0,0.0,-177.554,17.487,1.2,-9.783,0.464,0.0,-0.5,-0.1,-2.5,0.031,0.072,-0.101,2.008,13.13,OFF,PAPER,1756
70.78,MANUAL,IDLE,,0,0.0,-177.749,17.496,1.2,-9.786,0.464,0.0,-0.6,-0.1,-2.6,-0.248,-0.373,-0.119,1.98,11.55,OFF,PAPER,1756
70.8,MANUAL,IDLE,,0,0.0,-177.945,17.505,1.2,-9.785,0.463,0.0,-0.6,-0.1,-2.7,-0.122,-0.132,0.02,1.999,12.0,OFF,PAPER,1756
70.82,MANUAL,IDLE,,0,0.0,-178.141,17.514,1.2,-9.787,0.469,0.0,-0.5,-0.1,-2.6,-0.081,0.098,0.054,2.007,16.35,OFF,PAPER,1756
70.84,MANUAL,IDLE,,0,0.0,-178.336,17.524,1.2,-9.784,0.466,0.0,-0.5,-0.2,-2.6,-0.289,-0.113,-0.018,2.035,18.05,OFF,PAPER,1756
70.86,MANUAL,IDLE,,0,0.0,-178.532,17.533,1.2,-9.795,0.463,0.0,-0.7,-0.0,-2.6,-0.012,-0.095,-0.078,2.014,13.19,OFF,PAPER,1756
70.88,MANUAL,IDLE,,0,0.0,-178.728,17.542,1.2,-9.786,0.464,0.0,-0.6,-0.2,-2.6,0.308,-0.162,-0.014,1.994,12.82,OFF,PAPER,1756
70.9,MANUAL,IDLE,,0,0.0,-178.924,17.552,1.2,-9.796,0.467,0.0,-0.6,-0.1,-2.7,0.132,-0.128,-0.028,1.973,8.03,OFF,PAPER,1756
70.92,MANUAL,IDLE,,0,0.0,-179.12,17.561,1.2,-9.798,0.465,0.0,-0.6,-0.2,-2.8,0.111,0.135,-0.096,1.985,9.24,OFF,PAPER,1756
70.94,MANUAL,IDLE,,0,0.0,-179.316,17.57,1.2,-9.799,0.467,0.0,-0.6,-0.2,-2.9,0.087,0.108,-0.132,2.002,13.58,OFF,PAPER,1756
70.96,MANUAL,IDLE,,0,0.0,-179.512,17.58,1.2,-9.794,0.478,0.0,-0.3,-0.3,-3.0,0.122,0.131,-0.102,1.981,12.27,OFF,PAPER,1756
70.98,MANUAL,IDLE,,0,0.0,-179.708,17.589,1.2,-9.799,0.477,0.0,-0.4,-0.2,-3.1,0.01,0.168,-0.094,1.991,12.84,OFF,PAPER,1756
71.0,MANUAL,IDLE,,0,0.0,-179.904,17.599,1.2,-9.805,0.478,0.0,-0.4,-0.1,-3.3,-0.27,0.394,-0.164,1.968,8.09,OFF,PAPER,1756
71.02,MANUAL,IDLE,,0,0.0,-180.1,17.608,1.2,-9.805,0.485,0.0,-0.3,-0.1,-3.4,-0.226,0.005,-0.065,2.001,13.52,OFF,PAPER,1756
71.04,MANUAL,IDLE,,0,0.0,-180.296,17.618,1.2,-9.81,0.478,0.0,-0.4,-0.0,-3.4,-0.133,-0.078,-0.039,1.989,9.62,OFF,PAPER,1756
71.06,MANUAL,IDLE,,0,0.0,-180.492,17.628,1.2,-9.815,0.488,0.0,-0.3,0.2,-3.4,0.01,-0.073,0.021,1.98,7.97,OFF,PAPER,1756
71.08,MANUAL,IDLE,,0,0.0,-180.688,17.638,1.2,-9.805,0.485,0.0,-0.4,-0.0,-3.4,-0.096,-0.065,0.06,2.026,15.54,OFF,PAPER,1756
71.1,MANUAL,IDLE,,0,0.0,-180.885,17.647,1.2,-9.814,0.486,0.0,-0.5,0.1,-3.3,0.258,0.241,0.086,1.993,11.41,OFF,PAPER,1756
71.12,MANUAL,IDLE,,0,0.0,-181.081,17.657,1.2,-9.815,0.493,0.0,-0.4,0.2,-3.2,0.276,0.048,0.146,1.981,9.12,OFF,PAPER,1756
71.14,MANUAL,IDLE,,0,0.0,-181.277,17.667,1.2,-9.801,0.495,0.0,-0.4,0.1,-3.0,0.334,-0.47,0.119,1.999,10.99,OFF,PAPER,1756
71.16,MANUAL,IDLE,,0,0.0,-181.473,17.677,1.2,-9.803,0.503,0.0,-0.3,-0.0,-2.9,0.178,-0.175,0.102,1.968,6.09,OFF,PAPER,1756
71.18,MANUAL,IDLE,,0,0.0,-181.669,17.687,1.2,-9.81,0.506,0.0,-0.2,0.1,-2.7,-0.155,-0.122,0.094,2.003,14.65,OFF,PAPER,1756
71.2,MANUAL,IDLE,,0,0.0,-181.865,17.697,1.2,-9.806,0.496,0.0,-0.4,-0.1,-2.7,-0.334,0.121,0.096,2.035,17.3,OFF,PAPER,1756
71.22,MANUAL,IDLE,,0,0.0,-182.062,17.707,1.2,-9.81,0.499,0.0,-0.4,0.0,-2.5,-0.28,0.177,-0.022,1.964,10.63,OFF,PAPER,1756
71.24,MANUAL,IDLE,,0,0.0,-182.258,17.717,1.2,-9.806,0.495,0.0,-0.4,0.1,-2.5,-0.007,-0.344,0.052,2.002,14.23,OFF,PAPER,1756
71.26,MANUAL,IDLE,,0,0.0,-182.454,17.727,1.2,-9.809,0.5,0.0,-0.4,0.1,-2.5,-0.2,-0.1,0.067,2.01,14.1,OFF,PAPER,1756
71.28,MANUAL,IDLE,,0,0.0,-182.65,17.737,1.2,-9.81,0.502,0.0,-0.4,0.1,-2.4,-0.389,0.065,-0.03,1.995,11.79,OFF,PAPER,1756
71.3,MANUAL,IDLE,,0,0.0,-182.846,17.747,1.2,-9.809,0.51,0.0,-0.3,0.1,-2.5,0.273,-0.093,-0.01,1.987,10.18,OFF,PAPER,1756
71.32,MANUAL,IDLE,,0,0.0,-183.043,17.757,1.2,-9.812,0.514,0.0,-0.2,0.2,-2.5,0.208,-0.233,-0.048,2.005,12.42,OFF,PAPER,1756
71.34,MANUAL,IDLE,,0,0.0,-183.239,17.767,1.2,-9.816,0.516,0.0,-0.1,0.3,-2.6,-0.094,0.153,-0.093,1.965,6.56,OFF,PAPER,1756
71.36,MANUAL,IDLE,,0,0.0,-183.435,17.778,1.2,-9.811,0.511,0.0,-0.1,0.2,-2.7,-0.353,0.323,-0.099,1.978,8.64,OFF,PAPER,1756
71.38,MANUAL,IDLE,,0,0.0,-183.631,17.788,1.2,-9.805,0.506,0.0,-0.2,0.2,-2.8,-0.137,0.012,-0.085,1.981,10.23,OFF,PAPER,1756
71.4,MANUAL,IDLE,,0,0.0,-183.827,17.798,1.2,-9.805,0.507,0.0,-0.3,0.2,-2.9,0.227,-0.22,-0.097,1.988,13.33,OFF,PAPER,1756
71.42,MANUAL,IDLE,,0,0.0,-184.023,17.808,1.2,-9.803,0.513,0.0,-0.2,0.1,-3.0,-0.034,-0.028,-0.057,2.004,14.92,OFF,PAPER,1756
71.44,MANUAL,IDLE,,0,0.0,-184.219,17.818,1.2,-9.8,0.511,0.0,-0.2,0.1,-3.1,-0.257,0.098,-0.072,1.998,11.55,OFF,PAPER,1756
71.46,MANUAL,IDLE,,0,0.0,-184.416,17.829,1.2,-9.809,0.512,0.0,-0.4,0.2,-3.2,0.02,-0.092,-0.041,2.004,12.02,OFF,PAPER,1756
71.48,MANUAL,IDLE,,0,0.0,-184.612,17.839,1.2,-9.812,0.506,0.0,-0.4,0.2,-3.2,0.128,0.14,0.013,2.009,14.24,OFF,PAPER,1756
71.5,MANUAL,IDLE,,0,0.0,-184.808,17.849,1.2,-9.803,0.509,0.0,-0.2,0.1,-3.1,0.051,-0.055,0.045,1.983,8.3,OFF,PAPER,1756
71.52,MANUAL,IDLE,,0,0.0,-185.004,17.859,1.2,-9.803,0.511,0.0,-0.2,0.2,-3.1,-0.066,-0.15,0.077,1.965,6.8,OFF,PAPER,1756
71.54,MANUAL,IDLE,,0,0.0,-185.2,17.869,1.2,-9.797,0.51,0.0,-0.2,0.1,-2.9,0.206,-0.094,0.12,1.979,7.71,OFF,PAPER,1756
71.56,MANUAL,IDLE,,0,0.0,-185.396,17.88,1.2,-9.781,0.51,0.0,-0.2,-0.2,-2.8,-0.075,-0.087,0.064,1.987,9.13,OFF,PAPER,1756
71.58,MANUAL,IDLE,,0,0.0,-185.591,17.89,1.2,-9.782,0.51,0.0,-0.2,-0.2,-2.6,-0.038,0.054,0.171,1.974,8.33,OFF,PAPER,1756
71.6,MANUAL,IDLE,,0,0.0,-185.787,17.9,1.2,-9.79,0.51,0.0,-0.3,-0.0,-2.5,0.139,0.196,0.028,1.974,9.94,OFF,PAPER,1756
71.62,MANUAL,IDLE,,0,0.0,-185.983,17.91,1.2,-9.792,0.512,0.0,-0.2,0.1,-2.5,0.172,-0.093,0.012,1.964,3.0,OFF,PAPER,1756
71.64,MANUAL,IDLE,,0,0.0,-186.179,17.92,1.2,-9.8,0.508,0.0,-0.2,0.2,-2.5,-0.165,-0.017,0.026,1.983,12.29,OFF,PAPER,1756
71.66,MANUAL,IDLE,,0,0.0,-186.375,17.931,1.2,-9.795,0.512,0.0,-0.2,0.2,-2.5,-0.067,0.034,0.011,1.978,13.41,OFF,PAPER,1756
71.68,MANUAL,IDLE,,0,0.0,-186.571,17.941,1.2,-9.795,0.514,0.0,-0.2,0.3,-2.5,0.277,-0.039,-0.013,1.963,1.96,OFF,PAPER,1756
71.7,MANUAL,IDLE,,0,0.0,-186.767,17.951,1.2,-9.797,0.514,0.0,-0.3,0.3,-2.5,-0.411,-0.044,-0.004,1.994,13.01,OFF,PAPER,1756
71.72,MANUAL,IDLE,,0,0.0,-186.963,17.961,1.2,-9.801,0.513,0.0,-0.3,0.3,-2.6,-0.215,0.133,-0.119,1.969,5.15,OFF,PAPER,1756
71.74,MANUAL,IDLE,,0,0.0,-187.159,17.972,1.2,-9.803,0.515,0.0,-0.3,0.4,-2.7,0.276,0.104,-0.087,1.999,11.2,OFF,PAPER,1756
71.76,MANUAL,IDLE,,0,0.0,-187.355,17.982,1.2,-9.807,0.517,0.0,-0.2,0.5,-2.8,-0.165,0.013,-0.08,2.001,15.61,OFF,PAPER,1756
71.78,MANUAL,IDLE,,0,0.0,-187.551,17.992,1.2,-9.818,0.519,0.0,-0.4,0.6,-2.9,0.296,0.2,-0.088,2.006,15.23,OFF,PAPER,1756
71.8,MANUAL,IDLE,,0,0.0,-187.747,18.003,1.2,-9.817,0.513,0.0,-0.4,0.7,-3.1,-0.192,-0.596,-0.162,1.985,13.81,OFF,PAPER,1756
71.82,MANUAL,IDLE,,0,0.0,-187.944,18.013,1.2,-9.81,0.522,0.0,-0.4,0.5,-3.2,0.127,-0.163,-0.068,1.986,14.13,OFF,PAPER,1756
71.84,MANUAL,IDLE,,0,0.0,-188.14,18.023,1.2,-9.814,0.519,0.0,-0.5,0.4,-3.2,0.272,0.011,0.02,1.986,9.0,OFF,PAPER,1756
71.86,MANUAL,IDLE,,0,0.0,-188.336,18.034,1.2,-9.821,0.521,0.0,-0.4,0.5,-3.1,-0.023,0.114,0.125,1.968,6.87,OFF,PAPER,1756
71.88,MANUAL,IDLE,,0,0.0,-188.533,18.044,1.2,-9.816,0.521,0.0,-0.5,0.4,-3.0,-0.093,0.162,0.007,1.963,11.13,OFF,PAPER,1756
71.9,MANUAL,IDLE,,0,0.0,-188.729,18.055,1.2,-9.817,0.52,0.0,-0.5,0.4,-3.0,-0.066,-0.105,-0.007,2.009,12.48,OFF,PAPER,1756
71.92,MANUAL,IDLE,,0,0.0,-188.925,18.065,1.2,-9.814,0.526,0.0,-0.4,0.4,-3.0,0.212,-0.058,-0.035,1.984,9.7,OFF,PAPER,1756
71.94,MANUAL,IDLE,,0,0.0,-189.122,18.076,1.2,-9.817,0.535,0.0,-0.2,0.4,-3.0,0.193,-0.077,0.033,1.998,11.61,OFF,PAPER,1756
71.96,MANUAL,IDLE,,0,0.0,-189.318,18.086,1.2,-9.826,0.533,0.0,-0.1,0.5,-3.0,-0.273,0.257,-0.005,1.974,6.28,OFF,PAPER,1756
71.98,MANUAL,IDLE,,0,0.0,-189.514,18.097,1.2,-9.829,0.531,0.0,-0.2,0.6,-3.1,-0.213,0.186,-0.146,1.997,11.88,OFF,PAPER,1756
72.0,MANUAL,IDLE,,0,0.0,-189.711,18.108,1.2,-9.835,0.536,0.0,-0.1,0.7,-3.3,0.186,0.034,-0.09,1.967,6.21,OFF,PAPER,1756
72.02,MANUAL,IDLE,,0,0.0,-189.908,18.119,1.2,-9.832,0.534,0.0,-0.1,0.7,-3.4,-0.196,0.035,-0.12,1.999,14.25,OFF,PAPER,1756
72.04,MANUAL,IDLE,,0,0.0,-190.104,18.129,1.2,-9.835,0.531,0.0,-0.2,0.8,-3.5,-0.03,0.306,-0.057,1.99,10.62,OFF,PAPER,1756
72.06,MANUAL,IDLE,,0,0.0,-190.301,18.14,1.2,-9.836,0.526,0.0,-0.3,0.8,-3.6,0.008,0.163,-0.038,1.97,6.97,OFF,PAPER,1756
72.08,MANUAL,IDLE,,0,0.0,-190.498,18.15,1.2,-9.83,0.519,0.0,-0.4,0.6,-3.6,-0.07,-0.119,-0.027,1.973,7.79,OFF,PAPER,1756
72.1,MANUAL,IDLE,,0,0.0,-190.694,18.161,1.2,-9.837,0.523,0.0,-0.3,0.7,-3.6,-0.028,0.419,0.047,2.001,13.38,OFF,PAPER,1756
72.12,MANUAL,IDLE,,0,0.0,-190.891,18.171,1.2,-9.838,0.53,0.0,-0.2,0.9,-3.5,0.121,-0.14,0.107,2.007,13.28,OFF,PAPER,1756
72.14,MANUAL,IDLE,,0,0.0,-191.088,18.182,1.2,-9.829,0.525,0.0,-0.2,0.7,-3.4,0.056,-0.483,0.096,1.987,11.25,OFF,PAPER,1756
72.16,MANUAL,IDLE,,0,0.0,-191.284,18.192,1.2,-9.828,0.524,0.0,-0.3,0.7,-3.3,0.158,-0.114,0.121,1.971,7.85,OFF,PAPER,1756
72.18,MANUAL,IDLE,,0,0.0,-191.481,18.203,1.2,-9.825,0.526,0.0,-0.2,0.6,-3.2,0.064,0.046,0.05,1.975,7.83,OFF,PAPER,1756
72.2,MANUAL,IDLE,,0,0.0,-191.677,18.213,1.2,-9.821,0.528,0.0,-0.2,0.5,-3.1,0.059,-0.085,0.142,1.99,9.74,OFF,PAPER,1756
72.22,MANUAL,IDLE,,0,0.0,-191.874,18.224,1.2,-9.808,0.517,0.0,-0.3,0.2,-2.9,-0.187,0.038,0.097,1.98,10.02,OFF,PAPER,1756
72.24,MANUAL,IDLE,,0,0.0,-192.07,18.234,1.2,-9.812,0.518,0.0,-0.3,0.3,-2.9,-0.039,-0.192,0.015,1.988,11.19,OFF,PAPER,1756
72.26,MANUAL,IDLE,,0,0.0,-192.266,18.244,1.2,-9.814,0.526,0.0,-0.2,0.3,-2.9,-0.276,0.138,-0.063,1.963,4.66,OFF,PAPER,1756
72.28,MANUAL,IDLE,,0,0.0,-192.463,18.255,1.2,-9.821,0.538,0.0,-0.0,0.5,-2.9,0.311,-0.051,-0.02,1.986,15.44,OFF,PAPER,1756
72.3,MANUAL,IDLE,,0,0.0,-192.659,18.266,1.2,-9.82,0.54,0.0,0.1,0.3,-2.9,-0.07,0.389,0.12,2.001,11.51,OFF,PAPER,1756
72.32,MANUAL,IDLE,,0,0.0,-192.855,18.277,1.2,-9.816,0.538,0.0,0.1,0.3,-2.7,-0.141,-0.037,0.087,1.977,10.92,OFF,PAPER,1756
72.34,MANUAL,IDLE,,0,0.0,-193.052,18.287,1.2,-9.817,0.533,0.0,0.1,0.3,-2.6,-0.204,0.051,0.069,1.965,8.44,OFF,PAPER,1756
72.36,MANUAL,IDLE,,0,0.0,-193.248,18.298,1.2,-9.819,0.536,0.0,0.1,0.3,-2.5,-0.006,0.235,0.061,1.973,8.54,OFF,PAPER,1756
72.38,MANUAL,IDLE,,0,0.0,-193.444,18.309,1.2,-9.823,0.542,0.0,0.2,0.4,-2.5,0.19,0.3,0.038,1.979,12.56,OFF,PAPER,1756
72.4,MANUAL,IDLE,,0,0.0,-193.641,18.32,1.2,-9.815,0.532,0.0,0.0,0.4,-2.5,-0.192,-0.14,0.009,2.009,16.19,OFF,PAPER,1756
72.42,MANUAL,IDLE,,0,0.0,-193.837,18.33,1.2,-9.811,0.522,0.0,-0.2,0.3,-2.5,0.157,0.062,0.031,1.999,11.08,OFF,PAPER,1756
72.44,MANUAL,IDLE,,0,0.0,-194.033,18.34,1.2,-9.809,0.515,0.0,-0.3,0.2,-2.5,-0.039,-0.15,-0.091,1.971,11.91,OFF,PAPER,1756
72.46,MANUAL,IDLE,,0,0.0,-194.229,18.351,1.2,-9.807,0.505,0.0,-0.5,0.1,-2.6,-0.048,0.008,-0.07,1.982,11.71,OFF,PAPER,1756
72.48,MANUAL,IDLE,,0,0.0,-194.426,18.361,1.2,-9.814,0.506,0.0,-0.5,0.2,-2.7,0.054,0.245,-0.012,2.008,14.57,OFF,PAPER,1756
72.5,MANUAL,IDLE,,0,0.0,-194.622,18.371,1.2,-9.82,0.506,0.0,-0.5,0.3,-2.7,-0.222,0.036,-0.027,1.972,7.46,OFF,PAPER,1756
72.52,MANUAL,IDLE,,0,0.0,-194.818,18.381,1.2,-9.822,0.519,0.0,-0.3,0.3,-2.8,-0.091,0.164,-0.12,1.985,13.17,OFF,PAPER,1756
72.54,MANUAL,IDLE,,0,0.0,-195.015,18.392,1.2,-9.821,0.519,0.0,-0.2,0.4,-3.0,0.02,-0.036,-0.305,1.979,7.48,OFF,PAPER,1756
72.56,MANUAL,IDLE,,0,0.0,-195.211,18.402,1.2,-9.814,0.514,0.0,-0.3,0.2,-3.3,-0.225,-0.011,-0.184,2.029,15.38,OFF,PAPER,1756
72.58,MANUAL,IDLE,,0,0.0,-195.407,18.412,1.2,-9.807,0.51,0.0,-0.5,0.1,-3.5,0.157,-0.087,-0.09,1.996,10.63,OFF,PAPER,1756
72.6,MANUAL,IDLE,,0,0.0,-195.603,18.422,1.2,-9.803,0.518,0.0,-0.4,0.1,-3.5,0.442,-0.039,-0.078,1.998,13.46,OFF,PAPER,1756
72.62,MANUAL,IDLE,,0,0.0,-195.799,18.433,1.2,-9.797,0.512,0.0,-0.4,-0.0,-3.6,0.098,-0.079,0.054,2.028,15.99,OFF,PAPER,1756
72.64,MANUAL,IDLE,,0,0.0,-195.995,18.443,1.2,-9.8,0.506,0.0,-0.5,-0.1,-3.6,-0.417,0.323,0.047,1.963,2.38,OFF,PAPER,1756
72.66,MANUAL,IDLE,,0,0.0,-196.191,18.453,1.2,-9.796,0.507,0.0,-0.4,-0.1,-3.4,-0.079,-0.182,0.121,1.963,2.15,OFF,PAPER,1756
72.68,MANUAL,IDLE,,0,0.0,-196.387,18.463,1.2,-9.797,0.512,0.0,-0.3,-0.0,-3.3,0.277,-0.129,0.056,2.021,18.03,OFF,PAPER,1756
72.7,MANUAL,IDLE,,0,0.0,-196.583,18.473,1.2,-9.796,0.507,0.0,-0.4,0.0,-3.2,0.049,0.148,0.063,1.965,3.13,OFF,PAPER,1756
72.72,MANUAL,IDLE,,0,0.0,-196.779,18.483,1.2,-9.795,0.501,0.0,-0.5,-0.0,-3.2,0.059,0.013,0.028,1.978,7.3,OFF,PAPER,1756
72.74,MANUAL,IDLE,,0,0.0,-196.975,18.494,1.2,-9.791,0.503,0.0,-0.4,0.0,-3.1,0.063,-0.024,0.078,1.983,9.51,OFF,PAPER,1756
72.76,MANUAL,IDLE,,0,0.0,-197.171,18.504,1.2,-9.795,0.507,0.0,-0.3,0.1,-3.0,0.249,0.398,0.111,1.989,9.61,OFF,PAPER,1756
72.78,MANUAL,IDLE,,0,0.0,-197.367,18.514,1.2,-9.788,0.514,0.0,-0.2,-0.0,-2.9,0.07,-0.248,0.14,1.992,10.04,OFF,PAPER,1756
72.8,MANUAL,IDLE,,0,0.0,-197.562,18.524,1.2,-9.786,0.521,0.0,-0.0,-0.0,-2.8,0.262,0.124,0.034,2.034,15.33,OFF,PAPER,1756
72.82,MANUAL,IDLE,,0,0.0,-197.758,18.535,1.2,-9.784,0.521,0.0,0.0,0.0,-2.8,0.041,0.354,0.007,1.966,8.52,OFF,PAPER,1756
72.84,MANUAL,IDLE,,0,0.0,-197.954,18.545,1.2,-9.783,0.528,0.0,0.2,0.1,-2.7,0.143,0.088,0.095,1.993,10.65,OFF,PAPER,1756
72.86,MANUAL,IDLE,,0,0.0,-198.149,18.556,1.2,-9.788,0.531,0.0,0.3,0.2,-2.6,-0.062,0.005,0.11,1.992,11.54,OFF,PAPER,1756
72.88,MANUAL,IDLE,,0,0.0,-198.345,18.566,1.2,-9.795,0.526,0.0,0.3,0.4,-2.4,-0.053,-0.109,0.064,1.978,11.51,OFF,PAPER,1756
72.9,MANUAL,IDLE,,0,0.0,-198.541,18.577,1.2,-9.801,0.518,0.0,0.1,0.4,-2.3,-0.153,0.424,0.096,1.963,4.1,OFF,PAPER,1756
72.92,MANUAL,IDLE,,0,0.0,-198.737,18.587,1.2,-9.794,0.523,0.0,0.2,0.5,-2.2,0.192,-0.117,0.149,2.01,16.47,OFF,PAPER,1756
72.94,MANUAL,IDLE,,0,0.0,-198.933,18.597,1.2,-9.805,0.515,0.0,0.1,0.6,-2.1,0.033,-0.126,0.069,2.003,13.72,OFF,PAPER,1756
72.96,MANUAL,IDLE,,0,0.0,-199.129,18.608,1.2,-9.798,0.513,0.0,0.1,0.5,-2.0,-0.067,0.101,0.09,1.99,10.03,OFF,PAPER,1756
72.98,MANUAL,IDLE,,0,0.0,-199.325,18.618,1.2,-9.796,0.513,0.0,0.0,0.5,-1.9,-0.323,-0.149,0.037,1.986,10.17,OFF,PAPER,1756
73.0,MANUAL,IDLE,,0,0.0,-199.521,18.628,1.2,-9.796,0.518,0.0,0.1,0.4,-1.9,0.122,0.173,0.046,2.007,12.2,OFF,PAPER,1756
73.02,MANUAL,IDLE,,0,0.0,-199.717,18.639,1.2,-9.798,0.513,0.0,-0.1,0.4,-1.7,-0.048,0.202,0.165,2.006,14.4,OFF,PAPER,1756
73.04,MANUAL,IDLE,,0,0.0,-199.913,18.649,1.2,-9.785,0.521,0.0,0.0,0.2,-1.6,0.152,-0.301,0.088,1.963,4.21,OFF,PAPER,1756
73.06,MANUAL,IDLE,,0,0.0,-200.108,18.659,1.2,-9.791,0.52,0.0,-0.0,0.3,-1.5,0.203,-0.163,0.047,2.028,16.77,OFF,PAPER,1756
73.08,MANUAL,IDLE,,0,0.0,-200.304,18.67,1.2,-9.782,0.531,0.0,0.2,0.3,-1.5,0.282,-0.046,0.003,1.966,8.59,OFF,PAPER,1756
73.1,MANUAL,IDLE,,0,0.0,-200.5,18.681,1.2,-9.785,0.532,0.0,0.2,0.3,-1.5,0.213,0.015,-0.028,1.969,6.3,OFF,PAPER,1756
73.12,MANUAL,IDLE,,0,0.0,-200.696,18.691,1.2,-9.785,0.537,0.0,0.3,0.3,-1.5,0.18,-0.127,0.001,1.977,11.1,OFF,PAPER,1756
73.14,MANUAL,IDLE,,0,0.0,-200.891,18.702,1.2,-9.78,0.532,0.0,0.3,0.2,-1.5,0.011,0.002,0.002,2.003,11.68,OFF,PAPER,1756
73.16,MANUAL,IDLE,,0,0.0,-201.087,18.713,1.2,-9.77,0.534,0.0,0.4,0.1,-1.5,-0.082,-0.168,0.024,2.036,15.75,OFF,PAPER,1756
73.18,MANUAL,IDLE,,0,0.0,-201.282,18.723,1.2,-9.767,0.534,0.0,0.4,-0.0,-1.5,-0.248,-0.26,0.006,2.012,13.1,OFF,PAPER,1756
73.2,MANUAL,IDLE,,0,0.0,-201.477,18.734,1.2,-9.758,0.533,0.0,0.3,-0.2,-1.5,-0.071,-0.166,-0.054,1.996,10.6,OFF,PAPER,1756
73.22,MANUAL,IDLE,,0,0.0,-201.673,18.745,1.2,-9.762,0.531,0.0,0.3,-0.0,-1.5,-0.092,0.109,0.009,2.02,14.32,OFF,PAPER,1756
73.24,MANUAL,IDLE,,0,0.0,-201.868,18.755,1.2,-9.765,0.537,0.0,0.4,0.0,-1.5,0.15,-0.158,-0.05,1.973,6.41,OFF,PAPER,1756
73.26,MANUAL,IDLE,,0,0.0,-202.063,18.766,1.2,-9.76,0.54,0.0,0.5,-0.0,-1.5,-0.108,-0.179,-0.037,2.001,14.41,OFF,PAPER,1756
73.28,MANUAL,IDLE,,0,0.0,-202.258,18.777,1.2,-9.751,0.537,0.0,0.5,-0.2,-1.6,-0.027,0.218,0.003,2.005,16.29,OFF,PAPER,1756
73.3,MANUAL,IDLE,,0,0.0,-202.453,18.788,1.2,-9.751,0.535,0.0,0.5,-0.1,-1.6,-0.11,-0.046,-0.039,1.986,12.13,OFF,PAPER,1756
73.32,MANUAL,IDLE,,0,0.0,-202.648,18.798,1.2,-9.756,0.548,0.0,0.7,-0.0,-1.7,0.041,0.002,-0.168,1.978,10.08,OFF,PAPER,1756
73.34,MANUAL,IDLE,,0,0.0,-202.843,18.809,1.2,-9.752,0.558,0.0,0.8,-0.1,-1.9,0.156,0.129,-0.079,1.982,8.41,OFF,PAPER,1756
73.36,MANUAL,IDLE,,0,0.0,-203.038,18.821,1.2,-9.753,0.549,0.0,0.8,-0.1,-2.0,-0.106,-0.106,-0.115,1.972,9.58,OFF,PAPER,1756
73.38,MANUAL,IDLE,,0,0.0,-203.234,18.832,1.2,-9.754,0.541,0.0,0.7,0.1,-2.2,0.005,0.124,-0.106,1.994,10.37,OFF,PAPER,1756
73.4,MANUAL,IDLE,,0,0.0,-203.429,18.842,1.2,-9.755,0.545,0.0,0.6,0.1,-2.3,-0.178,-0.244,-0.15,2.008,16.13,OFF,PAPER,1756
73.42,MANUAL,IDLE,,0,0.0,-203.624,18.853,1.2,-9.764,0.548,0.0,0.7,0.2,-2.5,0.029,0.132,-0.172,1.98,10.88,OFF,PAPER,1756
73.44,MANUAL,IDLE,,0,0.0,-203.819,18.864,1.2,-9.759,0.554,0.0,0.9,0.2,-2.7,-0.165,-0.066,-0.053,1.988,11.14,OFF,PAPER,1756
73.46,MANUAL,IDLE,,0,0.0,-204.014,18.875,1.2,-9.756,0.55,0.0,0.8,0.2,-2.7,0.19,-0.081,-0.075,1.972,6.87,OFF,PAPER,1756
73.48,MANUAL,IDLE,,0,0.0,-204.209,18.886,1.2,-9.758,0.548,0.0,0.7,0.2,-2.7,-0.17,0.007,-0.075,1.996,13.51,OFF,PAPER,1756
73.5,MANUAL,IDLE,,0,0.0,-204.405,18.897,1.2,-9.759,0.541,0.0,0.6,0.3,-2.8,0.169,-0.334,-0.091,2.005,11.99,OFF,PAPER,1756
73.52,MANUAL,IDLE,,0,0.0,-204.6,18.908,1.2,-9.759,0.535,0.0,0.5,0.3,-2.9,-0.156,0.155,-0.052,1.987,9.23,OFF,PAPER,1756
73.54,MANUAL,IDLE,,0,0.0,-204.795,18.919,1.2,-9.765,0.535,0.0,0.5,0.4,-2.9,0.238,-0.1,-0.004,1.983,13.14,OFF,PAPER,1756
73.56,MANUAL,IDLE,,0,0.0,-204.99,18.929,1.2,-9.764,0.532,0.0,0.4,0.4,-2.8,-0.188,-0.058,0.06,2.02,15.75,OFF,PAPER,1756
73.58,MANUAL,IDLE,,0,0.0,-205.185,18.94,1.2,-9.752,0.535,0.0,0.4,0.2,-2.8,0.226,-0.545,0.081,1.976,8.31,OFF,PAPER,1756
73.6,MANUAL,IDLE,,0,0.0,-205.381,18.951,1.2,-9.752,0.531,0.0,0.3,0.1,-2.7,-0.246,-0.082,0.11,1.962,8.03,OFF,PAPER,1756
73.62,MANUAL,IDLE,,0,0.0,-205.576,18.961,1.2,-9.756,0.523,0.0,0.2,0.1,-2.5,0.093,-0.011,0.084,1.968,8.72,OFF,PAPER,1756
73.64,MANUAL,IDLE,,0,0.0,-205.771,18.972,1.2,-9.762,0.525,0.0,0.2,0.2,-2.5,0.106,0.172,0.062,1.984,10.35,OFF,PAPER,1756
73.66,MANUAL,IDLE,,0,0.0,-205.966,18.982,1.2,-9.759,0.514,0.0,0.1,0.1,-2.4,0.189,0.07,-0.01,1.997,11.1,OFF,PAPER,1756
73.68,MANUAL,IDLE,,0,0.0,-206.161,18.992,1.2,-9.768,0.519,0.0,0.2,0.1,-2.4,0.196,-0.169,0.119,1.983,13.42,OFF,PAPER,1756
73.7,MANUAL,IDLE,,0,0.0,-206.357,19.003,1.2,-9.77,0.516,0.0,0.2,0.2,-2.2,-0.436,-0.422,0.135,1.987,9.2,OFF,PAPER,1756
73.72,MANUAL,IDLE,,0,0.0,-206.552,19.013,1.2,-9.764,0.513,0.0,0.1,0.1,-2.1,0.254,-0.218,0.114,1.986,9.01,OFF,PAPER,1756
73.74,MANUAL,IDLE,,0,0.0,-206.747,19.023,1.2,-9.77,0.513,0.0,0.1,0.1,-2.0,0.062,-0.075,0.028,2.008,14.63,OFF,PAPER,1756
73.76,MANUAL,IDLE,,0,0.0,-206.943,19.033,1.2,-9.777,0.515,0.0,0.2,0.3,-1.9,0.217,-0.005,0.057,1.976,7.8,OFF,PAPER,1756
73.78,MANUAL,IDLE,,0,0.0,-207.138,19.044,1.2,-9.777,0.514,0.0,0.2,0.3,-1.9,-0.156,-0.044,-0.001,1.965,6.37,OFF,PAPER,1756
73.8,MANUAL,IDLE,,0,0.0,-207.334,19.054,1.2,-9.774,0.508,0.0,0.1,0.2,-1.9,0.046,0.226,0.018,1.99,9.57,OFF,PAPER,1756
73.82,MANUAL,IDLE,,0,0.0,-207.529,19.064,1.2,-9.772,0.505,0.0,0.0,0.3,-1.9,-0.1,-0.172,-0.059,1.972,5.69,OFF,PAPER,1756
73.84,MANUAL,IDLE,,0,0.0,-207.725,19.074,1.2,-9.766,0.514,0.0,0.2,0.2,-1.9,0.068,0.393,-0.1,2.035,15.42,OFF,PAPER,1756
73.86,MANUAL,IDLE,,0,0.0,-207.92,19.085,1.2,-9.759,0.515,0.0,0.3,0.2,-2.0,0.113,-0.106,-0.091,1.971,6.78,OFF,PAPER,1756
73.88,MANUAL,IDLE,,0,0.0,-208.115,19.095,1.2,-9.755,0.505,0.0,0.2,0.1,-2.2,-0.247,0.024,-0.159,2.02,14.9,OFF,PAPER,1756
73.9,MANUAL,IDLE,,0,0.0,-208.31,19.105,1.2,-9.758,0.507,0.0,0.2,0.1,-2.3,-0.34,-0.337,-0.191,1.992,11.68,OFF,PAPER,1756
73.92,MANUAL,IDLE,,0,0.0,-208.505,19.115,1.2,-9.758,0.511,0.0,0.3,0.0,-2.5,-0.013,0.043,-0.154,1.971,6.06,OFF,PAPER,1756
73.94,MANUAL,IDLE,,0,0.0,-208.7,19.125,1.2,-9.755,0.511,0.0,0.2,-0.1,-2.7,-0.04,0.002,-0.147,2.001,13.34,OFF,PAPER,1756
73.96,MANUAL,IDLE,,0,0.0,-208.896,19.136,1.2,-9.764,0.511,0.0,0.3,0.1,-3.0,0.022,-0.186,-0.172,1.981,11.76,OFF,PAPER,1756
73.98,MANUAL,IDLE,,0,0.0,-209.091,19.146,1.2,-9.765,0.513,0.0,0.3,0.1,-3.1,-0.047,0.346,-0.122,1.987,10.33,OFF,PAPER,1756
74.0,MANUAL,IDLE,,0,0.0,-209.286,19.156,1.2,-9.762,0.513,0.0,0.3,0.1,-3.2,-0.169,0.086,-0.031,1.963,3.21,OFF,PAPER,1756
74.02,MANUAL,IDLE,,0,0.0,-209.481,19.166,1.2,-9.764,0.506,0.0,0.1,0.1,-3.2,-0.039,-0.11,0.001,1.97,12.03,OFF,PAPER,1756
74.04,MANUAL,IDLE,,0,0.0,-209.677,19.176,1.2,-9.76,0.502,0.0,0.1,0.1,-3.2,0.004,-0.007,0.063,1.978,12.19,OFF,PAPER,1756
74.06,MANUAL,IDLE,,0,0.0,-209.872,19.186,1.2,-9.761,0.499,0.0,0.1,0.1,-3.2,-0.023,0.087,-0.073,1.972,8.65,OFF,PAPER,1756
74.08,MANUAL,IDLE,,0,0.0,-210.067,19.196,1.2,-9.761,0.496,0.0,-0.0,0.1,-3.2,0.071,0.075,-0.033,1.993,13.6,OFF,PAPER,1756
74.1,MANUAL,IDLE,,0,0.0,-210.262,19.206,1.2,-9.767,0.498,0.0,0.0,0.3,-3.2,0.224,0.418,0.055,1.973,9.07,OFF,PAPER,1756
74.12,MANUAL,IDLE,,0,0.0,-210.458,19.216,1.2,-9.764,0.496,0.0,0.1,0.2,-3.2,0.189,0.136,0.069,1.994,15.0,OFF,PAPER,1756
74.14,MANUAL,IDLE,,0,0.0,-210.653,19.226,1.2,-9.764,0.496,0.0,-0.0,0.2,-3.1,0.282,-0.039,0.065,1.981,11.77,OFF,PAPER,1756
74.16,MANUAL,IDLE,,0,0.0,-210.848,19.236,1.2,-9.76,0.497,0.0,0.0,0.2,-3.0,-0.124,-0.196,0.091,1.974,8.76,OFF,PAPER,1756
74.18,MANUAL,IDLE,,0,0.0,-211.043,19.246,1.2,-9.766,0.49,0.0,-0.2,0.2,-2.9,-0.27,-0.118,0.112,1.98,12.71,OFF,PAPER,1756
74.2,MANUAL,IDLE,,0,0.0,-211.239,19.256,1.2,-9.765,0.487,0.0,-0.2,0.2,-2.7,0.07,-0.014,0.234,1.966,7.96,OFF,PAPER,1756
74.22,MANUAL,IDLE,,0,0.0,-211.434,19.265,1.2,-9.768,0.486,0.0,-0.3,0.2,-2.5,0.056,0.209,0.22,2.012,14.61,OFF,PAPER,1756
74.24,MANUAL,IDLE,,0,0.0,-211.63,19.275,1.2,-9.776,0.495,0.0,-0.1,0.4,-2.2,-0.044,-0.035,0.177,1.98,10.56,OFF,PAPER,1756
74.26,MANUAL,IDLE,,0,0.0,-211.825,19.285,1.2,-9.774,0.502,0.0,0.0,0.5,-2.1,0.197,-0.308,0.106,2.01,16.18,OFF,PAPER,1756
74.28,MANUAL,IDLE,,0,0.0,-212.021,19.295,1.2,-9.777,0.487,0.0,-0.2,0.5,-2.0,0.135,0.012,0.004,1.964,2.79,OFF,PAPER,1756
74.3,MANUAL,IDLE,,0,0.0,-212.216,19.305,1.2,-9.778,0.491,0.0,-0.1,0.5,-2.0,0.091,0.104,0.058,1.971,9.06,OFF,PAPER,1756
74.32,MANUAL,IDLE,,0,0.0,-212.412,19.315,1.2,-9.771,0.496,0.0,0.0,0.3,-1.9,0.058,-0.183,0.112,1.98,10.9,OFF,PAPER,1756
74.34,MANUAL,IDLE,,0,0.0,-212.607,19.325,1.2,-9.766,0.498,0.0,0.0,0.2,-1.8,0.212,0.229,0.096,1.988,9.94,OFF,PAPER,1756
74.36,MANUAL,IDLE,,0,0.0,-212.802,19.335,1.2,-9.763,0.503,0.0,0.1,0.2,-1.7,0.137,-0.044,-0.013,1.99,9.62,OFF,PAPER,1756
74.38,MANUAL,IDLE,,0,0.0,-212.998,19.345,1.2,-9.771,0.503,0.0,0.1,0.3,-1.8,-0.258,0.229,0.014,1.97,7.75,OFF,PAPER,1756
74.4,MANUAL,IDLE,,0,0.0,-213.193,19.355,1.2,-9.764,0.507,0.0,0.1,0.2,-1.7,0.1,-0.048,0.129,1.999,14.52,OFF,PAPER,1756
74.42,MANUAL,IDLE,,0,0.0,-213.388,19.365,1.2,-9.773,0.504,0.0,0.1,0.3,-1.5,-0.157,0.15,0.101,1.976,12.24,OFF,PAPER,1756
74.44,MANUAL,IDLE,,0,0.0,-213.584,19.375,1.2,-9.771,0.494,0.0,-0.1,0.3,-1.5,-0.044,0.015,-0.026,1.979,9.53,OFF,PAPER,1756
74.46,MANUAL,IDLE,,0,0.0,-213.779,19.385,1.2,-9.767,0.492,0.0,-0.2,0.3,-1.5,-0.028,0.099,-0.011,1.974,9.36,OFF,PAPER,1756
74.48,MANUAL,IDLE,,0,0.0,-213.974,19.395,1.2,-9.76,0.497,0.0,-0.1,0.2,-1.5,0.241,-0.226,-0.005,1.975,11.82,OFF,PAPER,1756
74.5,MANUAL,IDLE,,0,0.0,-214.17,19.405,1.2,-9.764,0.497,0.0,-0.2,0.3,-1.5,0.064,0.249,0.003,1.983,8.71,OFF,PAPER,1756
74.52,MANUAL,IDLE,,0,0.0,-214.365,19.415,1.2,-9.753,0.506,0.0,-0.0,0.1,-1.5,-0.167,-0.089,-0.024,1.969,4.9,OFF,PAPER,1756
74.54,MANUAL,IDLE,,0,0.0,-214.56,19.425,1.2,-9.756,0.506,0.0,-0.0,0.2,-1.6,-0.147,0.059,-0.075,1.98,8.16,OFF,PAPER,1756
74.56,MANUAL,IDLE,,0,0.0,-214.755,19.435,1.2,-9.759,0.509,0.0,-0.0,0.2,-1.6,0.053,-0.068,0.033,2.007,13.52,OFF,PAPER,1756
74.58,MANUAL,IDLE,,0,0.0,-214.95,19.445,1.2,-9.752,0.502,0.0,-0.2,-0.0,-1.5,0.033,-0.197,0.092,2.004,12.24,OFF,PAPER,1756
74.6,MANUAL,IDLE,,0,0.0,-215.145,19.455,1.2,-9.759,0.504,0.0,-0.2,0.0,-1.4,-0.053,0.256,0.169,2.015,16.09,OFF,PAPER,1756
74.62,MANUAL,IDLE,,0,0.0,-215.34,19.465,1.2,-9.767,0.502,0.0,-0.3,0.1,-1.2,-0.099,0.021,0.17,1.988,10.07,OFF,PAPER,1756
74.64,MANUAL,IDLE,,0,0.0,-215.536,19.475,1.2,-9.768,0.504,0.0,-0.1,0.1,-1.0,-0.166,-0.135,0.212,1.974,12.81,OFF,PAPER,1756
74.66,MANUAL,IDLE,,0,0.0,-215.731,19.485,1.2,-9.769,0.51,0.0,-0.1,0.1,-0.7,0.364,-0.174,0.155,2.033,15.23,OFF,PAPER,1756
74.68,MANUAL,IDLE,,0,0.0,-215.927,19.496,1.2,-9.775,0.506,0.0,0.0,0.2,-0.6,-0.307,0.146,0.058,2.003,12.8,OFF,PAPER,1756
74.7,MANUAL,IDLE,,0,0.0,-216.122,19.506,1.2,-9.782,0.51,0.0,-0.0,0.4,-0.6,-0.095,-0.115,0.035,1.988,9.21,OFF,PAPER,1756
74.72,MANUAL,IDLE,,0,0.0,-216.318,19.516,1.2,-9.775,0.521,0.0,0.0,0.3,-0.5,-0.096,-0.259,0.099,1.972,8.27,OFF,PAPER,1756
74.74,MANUAL,IDLE,,0,0.0,-216.513,19.526,1.2,-9.768,0.518,0.0,-0.0,0.2,-0.5,-0.178,-0.338,0.083,1.983,12.26,OFF,PAPER,1756
74.76,MANUAL,IDLE,,0,0.0,-216.709,19.537,1.2,-9.767,0.514,0.0,-0.1,0.1,-0.4,-0.081,-0.08,0.098,1.991,9.91,OFF,PAPER,1756
74.78,MANUAL,IDLE,,0,0.0,-216.904,19.547,1.2,-9.761,0.519,0.0,-0.0,-0.1,-0.3,0.106,-0.16,0.052,1.962,12.54,OFF,PAPER,1756
74.8,MANUAL,IDLE,,0,0.0,-217.099,19.558,1.2,-9.761,0.521,0.0,0.0,-0.0,-0.3,-0.08,-0.094,0.003,1.968,9.86,OFF,PAPER,1756
74.82,MANUAL,IDLE,,0,0.0,-217.294,19.568,1.2,-9.766,0.524,0.0,0.0,0.0,-0.3,0.188,0.179,0.016,1.986,12.88,OFF,PAPER,1756
74.84,MANUAL,IDLE,,0,0.0,-217.49,19.579,1.2,-9.764,0.53,0.0,0.1,-0.0,-0.3,-0.1,-0.14,-0.006,2.014,13.12,OFF,PAPER,1756
74.86,MANUAL,IDLE,,0,0.0,-217.685,19.589,1.2,-9.768,0.544,0.0,0.3,0.0,-0.3,0.137,0.393,-0.095,1.968,6.24,OFF,PAPER,1756
74.88,MANUAL,IDLE,,0,0.0,-217.88,19.6,1.2,-9.768,0.543,0.0,0.3,0.1,-0.5,-0.213,0.048,-0.163,1.965,5.4,OFF,PAPER,1756
74.9,MANUAL,IDLE,,0,0.0,-218.076,19.611,1.2,-9.766,0.539,0.0,0.1,0.1,-0.6,0.181,0.107,-0.073,1.981,12.11,OFF,PAPER,1756
74.92,MANUAL,IDLE,,0,0.0,-218.271,19.622,1.2,-9.765,0.533,0.0,0.0,0.1,-0.7,-0.066,0.116,-0.112,1.977,7.05,OFF,PAPER,1756
74.94,MANUAL,IDLE,,0,0.0,-218.466,19.632,1.2,-9.754,0.538,0.0,0.0,-0.2,-0.9,0.259,-0.229,-0.13,1.992,12.0,OFF,PAPER,1756
74.96,MANUAL,IDLE,,0,0.0,-218.661,19.643,1.2,-9.749,0.549,0.0,0.2,-0.2,-1.0,0.389,-0.01,-0.081,1.982,12.84,OFF,PAPER,1756
74.98,MANUAL,IDLE,,0,0.0,-218.856,19.654,1.2,-9.747,0.549,0.0,0.4,-0.1,-1.1,0.34,0.159,0.007,1.997,12.02,OFF,PAPER,1756
75.0,MANUAL,IDLE,,0,0.0,-219.051,19.665,1.2,-9.742,0.548,0.0,0.4,-0.2,-1.1,-0.077,0.12,-0.093,1.975,6.71,OFF,PAPER,1756
75.02,MANUAL,IDLE,,0,0.0,-219.246,19.676,1.2,-9.739,0.557,0.0,0.5,-0.2,-1.2,0.203,0.282,-0.033,2.002,12.13,OFF,PAPER,1756
75.04,MANUAL,IDLE,,0,0.0,-219.441,19.687,1.2,-9.739,0.553,0.0,0.5,-0.2,-1.2,-0.094,-0.465,0.008,1.994,14.06,OFF,PAPER,1756
75.06,MANUAL,IDLE,,0,0.0,-219.636,19.698,1.2,-9.742,0.55,0.0,0.4,-0.1,-1.2,-0.058,-0.195,-0.087,1.984,8.57,OFF,PAPER,1756
75.08,MANUAL,IDLE,,0,0.0,-219.83,19.709,1.2,-9.736,0.545,0.0,0.2,-0.3,-1.3,0.147,0.016,-0.104,1.992,14.65,OFF,PAPER,1756
75.1,MANUAL,IDLE,,0,0.0,-220.025,19.72,1.2,-9.737,0.542,0.0,0.2,-0.2,-1.4,0.18,-0.087,-0.033,1.971,12.57,OFF,PAPER,1756
75.12,MANUAL,IDLE,,0,0.0,-220.22,19.731,1.2,-9.735,0.541,0.0,0.2,-0.2,-1.5,0.095,-0.014,-0.042,1.99,9.98,OFF,PAPER,1756
75.14,MANUAL,IDLE,,0,0.0,-220.415,19.742,1.2,-9.736,0.537,0.0,0.2,-0.2,-1.5,-0.481,0.178,-0.003,1.972,7.12,OFF,PAPER,1756
75.16,MANUAL,IDLE,,0,0.0,-220.609,19.752,1.2,-9.744,0.536,0.0,0.1,-0.0,-1.5,0.047,0.267,0.017,1.986,12.34,OFF,PAPER,1756
75.18,MANUAL,IDLE,,0,0.0,-220.804,19.763,1.2,-9.741,0.541,0.0,0.1,-0.0,-1.5,-0.022,-0.004,-0.06,2.005,12.84,OFF,PAPER,1756
75.2,MANUAL,IDLE,,0,0.0,-220.999,19.774,1.2,-9.744,0.55,0.0,0.3,0.1,-1.6,0.214,0.074,-0.069,1.976,7.7,OFF,PAPER,1756
75.22,MANUAL,IDLE,,0,0.0,-221.194,19.785,1.2,-9.753,0.549,0.0,0.3,0.2,-1.7,-0.374,0.08,-0.067,1.967,4.1,OFF,PAPER,1756
75.24,MANUAL,IDLE,,0,0.0,-221.389,19.796,1.2,-9.755,0.549,0.0,0.2,0.3,-1.8,0.167,0.011,-0.089,1.991,10.19,OFF,PAPER,1756
75.26,MANUAL,IDLE,,0,0.0,-221.584,19.807,1.2,-9.752,0.553,0.0,0.3,0.4,-1.9,0.095,-0.051,-0.19,1.976,8.42,OFF,PAPER,1756
75.28,MANUAL,IDLE,,0,0.0,-221.779,19.818,1.2,-9.748,0.553,0.0,0.3,0.4,-2.1,-0.086,-0.224,-0.162,1.965,6.32,OFF,PAPER,1756
75.3,MANUAL,IDLE,,0,0.0,-221.974,19.829,1.2,-9.758,0.556,0.0,0.4,0.5,-2.2,0.162,0.139,-0.059,2.006,13.18,OFF,PAPER,1756
75.32,MANUAL,IDLE,,0,0.0,-222.169,19.84,1.2,-9.751,0.551,0.0,0.2,0.4,-2.3,-0.312,-0.023,-0.027,1.967,9.59,OFF,PAPER,1756
75.34,MANUAL,IDLE,,0,0.0,-222.364,19.851,1.2,-9.746,0.555,0.0,0.3,0.4,-2.4,-0.212,-0.179,-0.043,1.98,12.91,OFF,PAPER,1756
75.36,MANUAL,IDLE,,0,0.0,-222.559,19.863,1.2,-9.738,0.55,0.0,0.2,0.3,-2.4,-0.144,-0.211,-0.071,1.971,6.11,OFF,PAPER,1756
75.38,MANUAL,IDLE,,0,0.0,-222.754,19.874,1.2,-9.745,0.552,0.0,0.2,0.4,-2.4,0.145,0.052,-0.01,2.024,15.18,OFF,PAPER,1756
75.4,MANUAL,IDLE,,0,0.0,-222.949,19.885,1.2,-9.75,0.552,0.0,0.3,0.5,-2.4,0.321,0.095,0.06,1.981,12.35,OFF,PAPER,1756
75.42,MANUAL,IDLE,,0,0.0,-223.144,19.896,1.2,-9.745,0.555,0.0,0.4,0.5,-2.3,0.098,-0.026,-0.002,1.966,6.85,OFF,PAPER,1756
75.44,MANUAL,IDLE,,0,0.0,-223.339,19.907,1.2,-9.739,0.558,0.0,0.5,0.4,-2.3,-0.02,0.074,0.035,1.977,13.43,OFF,PAPER,1756
75.46,MANUAL,IDLE,,0,0.0,-223.533,19.918,1.2,-9.739,0.547,0.0,0.3,0.5,-2.3,-0.201,-0.295,0.014,1.994,10.73,OFF,PAPER,1756
75.48,MANUAL,IDLE,,0,0.0,-223.728,19.929,1.2,-9.732,0.546,0.0,0.2,0.3,-2.3,0.142,0.083,-0.054,2.015,13.99,OFF,PAPER,1756
75.5,MANUAL,IDLE,,0,0.0,-223.923,19.94,1.2,-9.73,0.544,0.0,0.2,0.2,-2.4,-0.143,0.186,0.035,2.02,13.77,OFF,PAPER,1756
75.52,MANUAL,IDLE,,0,0.0,-224.117,19.951,1.2,-9.733,0.546,0.0,0.2,0.4,-2.4,-0.019,-0.18,-0.028,1.963,1.63,OFF,PAPER,1756
75.54,MANUAL,IDLE,,0,0.0,-224.312,19.962,1.2,-9.734,0.545,0.0,0.1,0.5,-2.4,-0.045,0.158,0.031,1.98,10.48,OFF,PAPER,1756
75.56,MANUAL,IDLE,,0,0.0,-224.507,19.973,1.2,-9.734,0.549,0.0,0.1,0.6,-2.4,0.358,-0.337,0.02,1.99,11.27,OFF,PAPER,1756
75.58,MANUAL,IDLE,,0,0.0,-224.701,19.983,1.2,-9.731,0.545,0.0,0.1,0.5,-2.5,-0.11,0.01,-0.081,1.972,9.19,OFF,PAPER,1756
75.6,MANUAL,IDLE,,0,0.0,-224.896,19.994,1.2,-9.738,0.551,0.0,0.3,0.6,-2.6,0.4,0.014,-0.083,1.98,8.02,OFF,PAPER,1756
75.62,MANUAL,IDLE,,0,0.0,-225.091,20.005,1.2,-9.739,0.548,0.0,0.3,0.6,-2.7,-0.027,-0.141,-0.1,1.982,10.33,OFF,PAPER,1756
75.64,MANUAL,IDLE,,0,0.0,-225.286,20.016,1.2,-9.74,0.547,0.0,0.3,0.7,-2.8,0.017,-0.288,-0.07,2.012,15.28,OFF,PAPER,1756
75.66,MANUAL,IDLE,,0,0.0,-225.481,20.027,1.2,-9.741,0.554,0.0,0.5,0.8,-2.8,0.103,0.034,-0.025,1.984,12.56,OFF,PAPER,1756
75.68,MANUAL,IDLE,,0,0.0,-225.675,20.039,1.2,-9.736,0.565,0.0,0.7,0.7,-2.9,-0.103,-0.075,-0.018,2.003,15.19,OFF,PAPER,1756
75.7,MANUAL,IDLE,,0,0.0,-225.87,20.05,1.2,-9.731,0.561,0.0,0.6,0.7,-2.9,-0.144,-0.063,0.025,1.991,12.58,OFF,PAPER,1756
75.72,MANUAL,IDLE,,0,0.0,-226.065,20.061,1.2,-9.734,0.562,0.0,0.6,0.7,-2.9,0.185,-0.044,0.04,1.991,11.46,OFF,PAPER,1756
75.74,MANUAL,IDLE,,0,0.0,-226.259,20.072,1.2,-9.732,0.56,0.0,0.7,0.7,-2.8,-0.047,-0.086,0.059,1.996,13.94,OFF,PAPER,1756
75.76,MANUAL,IDLE,,0,0.0,-226.454,20.083,1.2,-9.738,0.558,0.0,0.7,0.8,-2.7,-0.305,0.333,0.03,2.007,12.56,OFF,PAPER,1756
75.78,MANUAL,IDLE,,0,0.0,-226.649,20.095,1.2,-9.735,0.559,0.0,0.6,0.9,-2.8,0.131,0.163,-0.008,1.974,9.88,OFF,PAPER,1756
75.8,MANUAL,IDLE,,0,0.0,-226.843,20.106,1.2,-9.742,0.549,0.0,0.5,1.0,-2.7,0.121,0.157,0.007,1.979,12.39,OFF,PAPER,1756
75.82,MANUAL,IDLE,,0,0.0,-227.038,20.117,1.2,-9.731,0.549,0.0,0.5,0.8,-2.7,-0.231,-0.186,-0.007,1.997,13.49,OFF,PAPER,1756
75.84,MANUAL,IDLE,,0,0.0,-227.233,20.128,1.2,-9.729,0.544,0.0,0.3,0.8,-2.8,-0.176,0.069,-0.001,1.998,12.07,OFF,PAPER,1756
75.86,MANUAL,IDLE,,0,0.0,-227.427,20.138,1.2,-9.724,0.541,0.0,0.1,0.7,-2.7,-0.153,-0.15,0.096,1.988,10.21,OFF,PAPER,1756
75.88,MANUAL,IDLE,,0,0.0,-227.622,20.149,1.2,-9.718,0.54,0.0,0.1,0.6,-2.6,0.114,0.114,0.012,2.009,13.8,OFF,PAPER,1756
75.9,MANUAL,IDLE,,0,0.0,-227.816,20.16,1.2,-9.722,0.542,0.0,0.2,0.7,-2.5,-0.276,0.381,0.022,1.965,3.14,OFF,PAPER,1756
75.92,MANUAL,IDLE,,0,0.0,-228.01,20.171,1.2,-9.725,0.543,0.0,0.3,0.8,-2.5,0.02,-0.012,0.002,1.97,6.76,OFF,PAPER,1756
75.94,MANUAL,IDLE,,0,0.0,-228.205,20.182,1.2,-9.723,0.541,0.0,0.3,0.7,-2.4,-0.068,-0.196,0.046,1.978,12.76,OFF,PAPER,1756
75.96,MANUAL,IDLE,,0,0.0,-228.399,20.193,1.2,-9.729,0.533,0.0,0.2,0.8,-2.3,0.147,0.148,0.094,1.962,3.72,OFF,PAPER,1756
75.98,MANUAL,IDLE,,0,0.0,-228.594,20.203,1.2,-9.727,0.535,0.0,0.3,0.7,-2.3,0.142,0.242,0.023,1.991,12.78,OFF,PAPER,1756
76.0,MANUAL,IDLE,,0,0.0,-228.789,20.214,1.2,-9.723,0.536,0.0,0.3,0.7,-2.1,0.066,-0.304,0.121,1.997,11.43,OFF,PAPER,1756
76.02,MANUAL,IDLE,,0,0.0,-228.983,20.225,1.2,-9.722,0.546,0.0,0.5,0.7,-2.1,0.219,0.171,0.041,1.985,10.74,OFF,PAPER,1756
76.04,MANUAL,IDLE,,0,0.0,-229.177,20.236,1.2,-9.714,0.546,0.0,0.5,0.5,-2.0,0.297,0.088,0.075,2.007,12.39,OFF,PAPER,1756
76.06,MANUAL,IDLE,,0,0.0,-229.372,20.246,1.2,-9.71,0.541,0.0,0.5,0.4,-1.9,-0.057,-0.169,0.015,1.988,12.18,OFF,PAPER,1756
76.08,MANUAL,IDLE,,0,0.0,-229.566,20.257,1.2,-9.714,0.547,0.0,0.7,0.4,-2.0,-0.206,0.12,-0.056,1.975,10.79,OFF,PAPER,1756
76.1,MANUAL,IDLE,,0,0.0,-229.76,20.268,1.2,-9.718,0.546,0.0,0.7,0.5,-2.0,-0.493,-0.021,-0.048,1.968,10.2,OFF,PAPER,1756
76.12,MANUAL,IDLE,,0,0.0,-229.955,20.279,1.2,-9.721,0.54,0.0,0.5,0.5,-2.0,-0.141,0.044,-0.005,1.973,9.32,OFF,PAPER,1756
76.14,MANUAL,IDLE,,0,0.0,-230.149,20.29,1.2,-9.721,0.541,0.0,0.5,0.6,-2.0,0.04,-0.176,0.047,1.998,10.83,OFF,PAPER,1756
76.16,MANUAL,IDLE,,0,0.0,-230.343,20.301,1.2,-9.726,0.536,0.0,0.4,0.7,-2.0,0.059,0.038,-0.075,1.993,12.74,OFF,PAPER,1756
76.18,MANUAL,IDLE,,0,0.0,-230.538,20.312,1.2,-9.724,0.544,0.0,0.5,0.7,-2.0,0.209,-0.199,0.066,1.973,10.89,OFF,PAPER,1756
76.2,MANUAL,IDLE,,0,0.0,-230.732,20.322,1.2,-9.731,0.535,0.0,0.4,0.8,-2.0,-0.238,-0.005,-0.032,1.995,13.9,OFF,PAPER,1756
76.22,MANUAL,IDLE,,0,0.0,-230.927,20.333,1.2,-9.724,0.532,0.0,0.4,0.7,-2.0,-0.033,0.051,-0.047,1.992,14.78,OFF,PAPER,1756
76.24,MANUAL,IDLE,,0,0.0,-231.122,20.344,1.2,-9.735,0.531,0.0,0.4,0.9,-2.1,-0.218,0.173,-0.067,2.003,14.83,OFF,PAPER,1756
76.26,MANUAL,IDLE,,0,0.0,-231.316,20.354,1.2,-9.731,0.532,0.0,0.3,0.7,-2.3,-0.278,0.116,-0.148,1.989,10.18,OFF,PAPER,1756
76.28,MANUAL,IDLE,,0,0.0,-231.511,20.365,1.2,-9.725,0.532,0.0,0.2,0.7,-2.4,0.073,-0.006,-0.071,1.998,15.15,OFF,PAPER,1756
76.3,MANUAL,IDLE,,0,0.0,-231.705,20.376,1.2,-9.72,0.527,0.0,0.0,0.7,-2.4,0.039,-0.214,0.001,2.031,15.16,OFF,PAPER,1756
76.32,MANUAL,IDLE,,0,0.0,-231.9,20.386,1.2,-9.718,0.528,0.0,0.0,0.6,-2.4,-0.019,0.19,0.029,1.995,14.79,OFF,PAPER,1756
76.34,MANUAL,IDLE,,0,0.0,-232.094,20.397,1.2,-9.721,0.529,0.0,0.1,0.7,-2.4,0.076,0.102,0.005,1.998,10.89,OFF,PAPER,1756
76.36,MANUAL,IDLE,,0,0.0,-232.288,20.407,1.2,-9.718,0.526,0.0,0.0,0.6,-2.5,0.315,-0.144,-0.042,1.977,7.6,OFF,PAPER,1756
76.38,MANUAL,IDLE,,0,0.0,-232.483,20.418,1.2,-9.712,0.521,0.0,-0.0,0.5,-2.6,-0.297,-0.127,-0.061,1.983,10.14,OFF,PAPER,1756
76.4,MANUAL,IDLE,,0,0.0,-232.677,20.428,1.2,-9.71,0.523,0.0,-0.0,0.5,-2.7,-0.151,0.097,-0.091,1.985,12.73,OFF,PAPER,1756
76.42,MANUAL,IDLE,,0,0.0,-232.871,20.439,1.2,-9.71,0.522,0.0,0.0,0.5,-2.8,-0.388,0.06,-0.093,1.996,13.75,OFF,PAPER,1756
76.44,MANUAL,IDLE,,0,0.0,-233.065,20.449,1.2,-9.694,0.518,0.0,-0.1,0.3,-2.9,-0.096,-0.377,-0.153,1.964,4.55,OFF,PAPER,1756
76.46,MANUAL,IDLE,,0,0.0,-233.259,20.459,1.2,-9.691,0.522,0.0,-0.0,0.3,-3.1,-0.066,0.116,-0.175,1.995,13.84,OFF,PAPER,1756
76.48,MANUAL,IDLE,,0,0.0,-233.453,20.47,1.2,-9.69,0.521,0.0,-0.0,0.2,-3.2,0.053,0.182,-0.151,1.993,12.39,OFF,PAPER,1756
76.5,MANUAL,IDLE,,0,0.0,-233.647,20.48,1.2,-9.693,0.527,0.0,0.1,0.2,-3.4,0.102,0.386,-0.247,2.0,11.57,OFF,PAPER,1756
76.52,MANUAL,IDLE,,0,0.0,-233.84,20.491,1.2,-9.686,0.527,0.0,0.1,0.1,-3.7,-0.209,-0.09,-0.229,1.978,11.5,OFF,PAPER,1756
76.54,MANUAL,IDLE,,0,0.0,-234.034,20.501,1.2,-9.683,0.526,0.0,0.0,-0.1,-3.8,0.064,0.152,0.012,1.996,14.38,OFF,PAPER,1756
76.56,MANUAL,IDLE,,0,0.0,-234.228,20.512,1.2,-9.684,0.527,0.0,0.1,-0.0,-3.8,-0.0,-0.058,0.104,2.019,13.67,OFF,PAPER,1756
76.58,MANUAL,IDLE,,0,0.0,-234.422,20.523,1.2,-9.691,0.536,0.0,0.3,0.1,-3.6,-0.325,0.207,0.144,1.968,12.36,OFF,PAPER,1756
76.6,MANUAL,IDLE,,0,0.0,-234.615,20.533,1.2,-9.687,0.534,0.0,0.4,-0.1,-3.4,-0.266,-0.089,0.016,1.984,8.59,OFF,PAPER,1756
76.62,MANUAL,IDLE,,0,0.0,-234.809,20.544,1.2,-9.69,0.533,0.0,0.3,-0.1,-3.4,0.221,0.385,0.018,1.994,10.47,OFF,PAPER,1756
76.64,MANUAL,IDLE,,0,0.0,-235.003,20.555,1.2,-9.695,0.531,0.0,0.3,0.0,-3.4,0.097,-0.014,0.043,1.982,9.33,OFF,PAPER,1756
76.66,MANUAL,IDLE,,0,0.0,-235.197,20.565,1.2,-9.689,0.526,0.0,0.3,-0.1,-3.3,-0.196,0.006,-0.004,1.962,4.36,OFF,PAPER,1756
76.68,MANUAL,IDLE,,0,0.0,-235.39,20.576,1.2,-9.691,0.517,0.0,0.3,-0.1,-3.3,-0.116,-0.089,0.055,1.979,8.11,OFF,PAPER,1756
76.7,MANUAL,IDLE,,0,0.0,-235.584,20.586,1.2,-9.695,0.509,0.0,0.1,0.0,-3.2,-0.101,0.227,0.145,1.976,10.77,OFF,PAPER,1756
76.72,MANUAL,IDLE,,0,0.0,-235.778,20.596,1.2,-9.7,0.503,0.0,0.0,0.1,-3.0,0.007,0.049,0.105,1.968,7.9,OFF,PAPER,1756
76.74,MANUAL,IDLE,,0,0.0,-235.972,20.606,1.2,-9.691,0.51,0.0,0.1,0.0,-2.9,-0.04,-0.226,0.067,1.986,8.98,OFF,PAPER,1756
76.76,MANUAL,IDLE,,0,0.0,-236.166,20.616,1.2,-9.69,0.506,0.0,0.1,0.0,-2.9,0.021,0.024,-0.002,1.979,7.56,OFF,PAPER,1756
76.78,MANUAL,IDLE,,0,0.0,-236.36,20.626,1.2,-9.692,0.506,0.0,0.1,0.1,-2.9,0.262,0.04,0.026,2.012,12.83,OFF,PAPER,1756
76.8,MANUAL,IDLE,,0,0.0,-236.554,20.636,1.2,-9.69,0.507,0.0,0.2,0.0,-2.9,0.114,0.009,0.003,2.018,18.73,OFF,PAPER,1756
76.82,MANUAL,IDLE,,0,0.0,-236.747,20.646,1.2,-9.693,0.498,0.0,0.1,-0.1,-2.9,-0.289,-0.109,-0.023,1.994,12.79,OFF,PAPER,1756
76.84,MANUAL,IDLE,,0,0.0,-236.941,20.656,1.2,-9.693,0.495,0.0,-0.0,-0.0,-3.0,0.27,-0.223,-0.05,2.014,15.46,OFF,PAPER,1756
76.86,MANUAL,IDLE,,0,0.0,-237.135,20.666,1.2,-9.695,0.496,0.0,0.0,-0.1,-3.1,0.076,0.098,-0.132,1.972,8.47,OFF,PAPER,1756
76.88,MANUAL,IDLE,,0,0.0,-237.329,20.676,1.2,-9.702,0.498,0.0,0.0,0.0,-3.3,-0.027,0.03,-0.285,1.982,8.61,OFF,PAPER,1756
76.9,MANUAL,IDLE,,0,0.0,-237.523,20.686,1.2,-9.706,0.5,0.0,0.1,0.1,-3.6,0.244,0.191,-0.175,1.981,8.63,OFF,PAPER,1756
76.92,MANUAL,IDLE,,0,0.0,-237.717,20.696,1.2,-9.706,0.501,0.0,0.1,0.1,-3.7,0.185,-0.149,-0.011,2.01,17.17,OFF,PAPER,1756
76.94,MANUAL,IDLE,,0,0.0,-237.911,20.706,1.2,-9.717,0.502,0.0,0.2,0.2,-3.7,0.122,0.225,0.053,1.999,15.75,OFF,PAPER,1756
76.96,MANUAL,IDLE,,0,0.0,-238.106,20.716,1.2,-9.713,0.503,0.0,0.1,0.2,-3.7,0.028,0.032,0.067,1.998,15.42,OFF,PAPER,1756
76.98,MANUAL,IDLE,,0,0.0,-238.3,20.726,1.2,-9.716,0.489,0.0,-0.1,0.2,-3.6,0.125,-0.121,0.101,1.97,8.11,OFF,PAPER,1756
77.0,MANUAL,IDLE,,0,0.0,-238.494,20.736,1.2,-9.712,0.49,0.0,-0.2,0.1,-3.5,0.284,-0.03,0.085,1.988,10.05,OFF,PAPER,1756
77.02,MANUAL,IDLE,,0,0.0,-238.689,20.746,1.2,-9.712,0.497,0.0,0.0,0.2,-3.4,-0.123,-0.061,0.124,2.003,11.71,OFF,PAPER,1756
77.04,MANUAL,IDLE,,0,0.0,-238.883,20.756,1.2,-9.712,0.495,0.0,-0.1,0.1,-3.2,-0.357,-0.439,0.106,2.009,16.24,OFF,PAPER,1756
77.06,MANUAL,IDLE,,0,0.0,-239.077,20.766,1.2,-9.711,0.494,0.0,-0.1,0.0,-3.0,-0.048,-0.091,0.207,1.996,13.86,OFF,PAPER,1756
77.08,MANUAL,IDLE,,0,0.0,-239.271,20.776,1.2,-9.717,0.498,0.0,-0.1,0.2,-2.8,0.196,0.291,0.206,2.008,12.3,OFF,PAPER,1756
77.1,MANUAL,IDLE,,0,0.0,-239.466,20.786,1.2,-9.719,0.509,0.0,0.1,0.2,-2.6,-0.048,0.046,0.208,2.001,14.41,OFF,PAPER,1756
77.12,MANUAL,IDLE,,0,0.0,-239.66,20.796,1.2,-9.719,0.507,0.0,0.0,0.1,-2.3,0.039,0.043,0.213,1.988,9.88,OFF,PAPER,1756
77.14,MANUAL,IDLE,,0,0.0,-239.854,20.806,1.2,-9.716,0.512,0.0,0.1,0.1,-2.1,0.172,-0.224,0.149,2.01,13.79,OFF,PAPER,1756
77.16,MANUAL,IDLE,,0,0.0,-240.049,20.816,1.2,-9.713,0.512,0.0,0.2,0.0,-2.0,-0.016,0.097,0.101,1.984,9.92,OFF,PAPER,1756
77.18,MANUAL,IDLE,,0,0.0,-240.243,20.826,1.2,-9.713,0.512,0.0,0.2,0.0,-1.8,-0.215,0.063,0.157,1.991,11.3,OFF,PAPER,1756
77.2,MANUAL,IDLE,,0,0.0,-240.437,20.837,1.2,-9.712,0.517,0.0,0.2,-0.1,-1.7,0.107,-0.143,0.105,1.972,7.56,OFF,PAPER,1756
77.22,MANUAL,IDLE,,0,0.0,-240.631,20.847,1.2,-9.702,0.515,0.0,0.2,-0.3,-1.6,-0.24,-0.079,0.041,1.984,12.41,OFF,PAPER,1756
77.24,MANUAL,IDLE,,0,0.0,-240.825,20.857,1.2,-9.7,0.516,0.0,0.2,-0.2,-1.6,0.074,-0.095,0.064,1.966,6.75,OFF,PAPER,1756
77.26,MANUAL,IDLE,,0,0.0,-241.019,20.868,1.2,-9.706,0.518,0.0,0.2,-0.2,-1.6,0.052,0.19,-0.04,1.973,7.65,OFF,PAPER,1756
77.28,MANUAL,IDLE,,0,0.0,-241.214,20.878,1.2,-9.704,0.525,0.0,0.4,-0.3,-1.6,-0.084,-0.098,-0.005,1.993,10.2,OFF,PAPER,1756
77.3,MANUAL,IDLE,,0,0.0,-241.408,20.889,1.2,-9.702,0.526,0.0,0.4,-0.1,-1.6,0.261,-0.013,0.023,1.99,10.6,OFF,PAPER,1756
77.32,MANUAL,IDLE,,0,0.0,-241.602,20.899,1.2,-9.7,0.526,0.0,0.4,-0.2,-1.6,0.11,0.3,-0.033,1.987,12.02,OFF,PAPER,1756
77.34,MANUAL,IDLE,,0,0.0,-241.796,20.91,1.2,-9.707,0.528,0.0,0.4,-0.0,-1.7,-0.203,0.196,-0.006,1.998,11.19,OFF,PAPER,1756
77.36,MANUAL,IDLE,,0,0.0,-241.99,20.92,1.2,-9.703,0.536,0.0,0.4,-0.1,-1.7,0.205,-0.074,-0.06,1.982,8.44,OFF,PAPER,1756
77.38,MANUAL,IDLE,,0,0.0,-242.184,20.931,1.2,-9.7,0.536,0.0,0.5,-0.3,-1.7,-0.104,-0.014,-0.009,2.007,16.41,OFF,PAPER,1756
77.4,MANUAL,IDLE,,0,0.0,-242.378,20.942,1.2,-9.703,0.546,0.0,0.7,-0.3,-1.7,0.06,0.212,-0.062,2.017,14.76,OFF,PAPER,1756
77.42,MANUAL,IDLE,,0,0.0,-242.572,20.953,1.2,-9.713,0.542,0.0,0.7,-0.1,-1.8,0.248,0.238,0.018,1.962,10.05,OFF,PAPER,1756
77.44,MANUAL,IDLE,,0,0.0,-242.766,20.964,1.2,-9.712,0.543,0.0,0.7,-0.2,-1.7,-0.105,-0.147,0.024,2.002,12.28,OFF,PAPER,1756
77.46,MANUAL,IDLE,,0,0.0,-242.961,20.974,1.2,-9.714,0.547,0.0,0.8,-0.2,-1.8,0.092,-0.036,-0.036,1.979,8.55,OFF,PAPER,1756
77.48,MANUAL,IDLE,,0,0.0,-243.155,20.985,1.2,-9.718,0.548,0.0,0.8,-0.2,-1.9,0.052,0.202,-0.154,2.016,14.33,OFF,PAPER,1756
77.5,MANUAL,IDLE,,0,0.0,-243.349,20.996,1.2,-9.71,0.541,0.0,0.8,-0.2,-2.1,-0.207,-0.39,-0.138,1.99,11.54,OFF,PAPER,1756
77.52,MANUAL,IDLE,,0,0.0,-243.543,21.007,1.2,-9.715,0.532,0.0,0.6,-0.2,-2.2,-0.1,0.011,-0.135,1.965,4.1,OFF,PAPER,1756
77.54,MANUAL,IDLE,,0,0.0,-243.738,21.018,1.2,-9.712,0.527,0.0,0.5,-0.2,-2.3,0.318,-0.051,-0.008,1.968,6.73,OFF,PAPER,1756
77.56,MANUAL,IDLE,,0,0.0,-243.932,21.028,1.2,-9.704,0.522,0.0,0.4,-0.3,-2.3,-0.192,-0.061,0.003,2.001,11.33,OFF,PAPER,1756
77.58,MANUAL,IDLE,,0,0.0,-244.126,21.039,1.2,-9.699,0.518,0.0,0.3,-0.3,-2.3,0.219,-0.327,-0.01,1.978,11.19,OFF,PAPER,1756
77.6,MANUAL,IDLE,,0,0.0,-244.32,21.049,1.2,-9.699,0.514,0.0,0.3,-0.3,-2.3,0.008,0.253,-0.019,2.001,12.97,OFF,PAPER,1756
77.62,MANUAL,IDLE,,0,0.0,-244.514,21.059,1.2,-9.7,0.513,0.0,0.2,-0.3,-2.3,-0.253,-0.132,0.048,1.995,10.98,OFF,PAPER,1756
77.64,MANUAL,IDLE,,0,0.0,-244.708,21.069,1.2,-9.696,0.502,0.0,-0.1,-0.3,-2.3,-0.063,-0.214,0.06,1.985,12.88,OFF,PAPER,1756
77.66,MANUAL,IDLE,,0,0.0,-244.902,21.079,1.2,-9.69,0.507,0.0,0.0,-0.3,-2.2,0.317,0.157,0.095,1.971,5.36,OFF,PAPER,1756
77.68,MANUAL,IDLE,,0,0.0,-245.096,21.09,1.2,-9.694,0.506,0.0,0.0,-0.2,-2.1,-0.013,0.135,0.106,2.001,11.62,OFF,PAPER,1756
77.7,MANUAL,IDLE,,0,0.0,-245.29,21.1,1.2,-9.692,0.499,0.0,-0.1,-0.2,-2.0,0.327,0.008,0.105,2.004,11.99,OFF,PAPER,1756
77.72,MANUAL,IDLE,,0,0.0,-245.483,21.109,1.2,-9.694,0.491,0.0,-0.2,-0.1,-1.8,-0.075,-0.002,0.11,1.967,8.45,OFF,PAPER,1756
77.74,MANUAL,IDLE,,0,0.0,-245.677,21.119,1.2,-9.689,0.489,0.0,-0.2,-0.2,-1.7,-0.1,-0.131,0.111,2.006,12.05,OFF,PAPER,1756
77.76,MANUAL,IDLE,,0,0.0,-245.871,21.129,1.2,-9.691,0.496,0.0,-0.1,-0.2,-1.6,-0.114,-0.224,0.068,1.968,8.15,OFF,PAPER,1756
77.78,MANUAL,IDLE,,0,0.0,-246.065,21.139,1.2,-9.696,0.495,0.0,-0.2,-0.1,-1.5,-0.24,-0.199,0.039,2.011,13.58,OFF,PAPER,1756
77.8,MANUAL,IDLE,,0,0.0,-246.259,21.149,1.2,-9.702,0.484,0.0,-0.4,-0.0,-1.5,-0.155,-0.296,-0.054,1.989,9.81,OFF,PAPER,1756
77.82,MANUAL,IDLE,,0,0.0,-246.453,21.158,1.2,-9.7,0.478,0.0,-0.6,-0.1,-1.6,-0.233,0.097,-0.087,1.969,10.15,OFF,PAPER,1756
77.84,MANUAL,IDLE,,0,0.0,-246.647,21.168,1.2,-9.702,0.485,0.0,-0.4,-0.1,-1.7,-0.154,0.198,-0.0,2.004,13.25,OFF,PAPER,1756
77.86,MANUAL,IDLE,,0,0.0,-246.841,21.178,1.2,-9.7,0.492,0.0,-0.3,-0.1,-1.6,0.273,-0.225,0.025,2.0,14.15,OFF,PAPER,1756
77.88,MANUAL,IDLE,,0,0.0,-247.035,21.188,1.2,-9.701,0.488,0.0,-0.3,-0.1,-1.6,-0.113,0.018,0.086,1.998,11.15,OFF,PAPER,1756
77.9,MANUAL,IDLE,,0,0.0,-247.229,21.197,1.2,-9.7,0.488,0.0,-0.3,-0.1,-1.5,0.386,-0.311,0.108,1.98,10.05,OFF,PAPER,1756
77.92,MANUAL,IDLE,,0,0.0,-247.423,21.207,1.2,-9.699,0.493,0.0,-0.2,-0.1,-1.4,-0.087,0.014,0.072,1.987,11.42,OFF,PAPER,1756
77.94,MANUAL,IDLE,,0,0.0,-247.617,21.217,1.2,-9.7,0.492,0.0,-0.1,-0.1,-1.4,-0.343,0.137,-0.118,1.973,6.41,OFF,PAPER,1756
77.96,MANUAL,IDLE,,0,0.0,-247.811,21.227,1.2,-9.689,0.495,0.0,-0.1,-0.2,-1.6,0.256,-0.253,-0.218,2.024,14.86,OFF,PAPER,1756
77.98,MANUAL,IDLE,,0,0.0,-248.005,21.237,1.2,-9.689,0.498,0.0,-0.1,-0.2,-1.9,0.1,0.014,-0.282,1.998,11.02,OFF,PAPER,1756
78.0,MANUAL,IDLE,,0,0.0,-248.199,21.247,1.2,-9.699,0.5,0.0,-0.1,-0.1,-2.2,0.107,0.184,-0.198,1.982,10.98,OFF,PAPER,1756
78.02,MANUAL,IDLE,,0,0.0,-248.393,21.257,1.2,-9.701,0.499,0.0,-0.2,0.1,-2.3,0.157,0.091,-0.095,1.997,10.91,OFF,PAPER,1756
78.04,MANUAL,IDLE,,0,0.0,-248.587,21.267,1.2,-9.701,0.5,0.0,-0.2,0.1,-2.4,0.348,0.054,-0.051,1.984,13.64,OFF,PAPER,1756
0.01,MANUAL,IDLE,,0,0.0,0.0,-6.0,1.2,-0.002,0.003,-0.0,0.1,-0.0,0.0,0.127,0.274,-0.001,2.011,13.2,OFF,PAPER,1756
0.03,MANUAL,IDLE,,0,0.0,-0.0,-6.0,1.2,-0.002,-0.0,-0.0,0.1,0.1,0.0,0.06,0.112,-0.002,1.99,11.33,OFF,PAPER,1756
0.05,MANUAL,IDLE,,0,0.0,-0.0,-6.0,1.2,0.005,0.001,-0.0,0.1,-0.0,0.0,-0.241,-0.337,0.011,1.975,7.37,OFF,PAPER,1756
0.07,MANUAL,IDLE,,0,0.0,0.0,-6.0,1.2,0.003,-0.006,-0.0,0.0,-0.0,0.1,-0.095,0.351,-0.019,1.995,16.44,OFF,PAPER,1756
0.09,MANUAL,IDLE,,0,0.0,0.0,-6.0,1.2,0.002,-0.008,-0.0,-0.0,0.1,0.1,-0.397,-0.204,0.023,1.988,10.84,OFF,PAPER,1756
0.11,MANUAL,IDLE,,0,0.0,0.0,-6.0,1.2,0.013,-0.01,-0.0,-0.1,-0.0,0.1,-0.074,-0.052,0.095,1.993,14.82,OFF,PAPER,1756
0.13,MANUAL,IDLE,,0,0.0,0.0,-6.0,1.2,0.014,-0.01,-0.0,-0.1,0.0,0.2,0.126,0.013,0.075,1.996,12.15,OFF,PAPER,1756
0.15,MANUAL,IDLE,,0,0.0,0.001,-6.001,1.2,0.007,-0.011,-0.0,-0.0,0.1,0.2,0.088,0.121,-0.076,1.977,7.83,OFF,PAPER,1756
0.17,MANUAL,IDLE,,0,0.0,0.001,-6.001,1.2,0.01,-0.015,-0.0,-0.2,0.1,0.1,-0.064,0.187,-0.129,1.99,9.7,OFF,PAPER,1756
0.19,MANUAL,IDLE,,0,0.0,0.001,-6.001,1.2,0.012,-0.02,-0.0,-0.2,0.0,-0.0,-0.345,0.016,-0.092,1.977,8.45,OFF,PAPER,1756
0.21,MANUAL,IDLE,,0,0.0,0.001,-6.002,1.2,0.001,-0.006,-0.0,-0.0,0.2,-0.1,0.245,0.023,-0.049,1.985,14.37,OFF,PAPER,1756
0.23,MANUAL,IDLE,,0,0.0,0.001,-6.002,1.2,0.001,-0.009,-0.0,-0.0,0.2,-0.2,0.051,-0.008,-0.013,1.989,11.02,OFF,PAPER,1756
0.25,MANUAL,IDLE,,0,0.0,0.001,-6.002,1.2,0.005,-0.012,-0.0,-0.1,0.1,-0.2,-0.212,0.082,0.092,2.001,11.37,OFF,PAPER,1756
0.27,MANUAL,IDLE,,0,0.0,0.001,-6.002,1.2,0.007,-0.009,-0.0,-0.1,0.1,-0.1,-0.124,0.025,0.013,1.992,12.62,OFF,PAPER,1756
0.29,MANUAL,IDLE,,0,0.0,0.002,-6.002,1.2,0.013,-0.006,-0.0,-0.1,0.1,-0.1,0.249,-0.258,0.028,2.021,14.71,OFF,PAPER,1756
0.31,MANUAL,IDLE,,0,0.0,0.002,-6.002,1.2,0.003,-0.003,-0.0,-0.1,0.2,-0.1,0.207,0.257,-0.04,1.983,11.5,OFF,PAPER,1756
0.33,MANUAL,IDLE,,0,0.0,0.002,-6.002,1.2,-0.004,-0.001,-0.0,-0.0,0.3,-0.2,0.3,0.032,-0.069,2.015,16.8,OFF,PAPER,1756
0.35,MANUAL,IDLE,,0,0.0,0.002,-6.002,1.2,-0.002,-0.001,-0.0,-0.0,0.3,-0.3,0.03,0.163,-0.085,1.965,7.11,OFF,PAPER,1756
0.37,MANUAL,IDLE,,0,0.0,0.002,-6.002,1.2,-0.002,-0.002,-0.0,-0.1,0.2,-0.4,-0.303,-0.315,-0.105,1.969,4.84,OFF,PAPER,1756
0.39,MANUAL,IDLE,,0,0.0,0.002,-6.003,1.2,-0.001,-0.007,-0.0,-0.3,0.2,-0.5,-0.119,-0.14,-0.049,1.967,4.48,OFF,PAPER,1756
0.41,MANUAL,IDLE,,0,0.0,0.002,-6.003,1.2,-0.005,-0.007,-0.0,-0.2,0.1,-0.5,0.087,0.273,-0.085,2.003,11.94,OFF,PAPER,1756
0.43,MANUAL,IDLE,,0,0.0,0.001,-6.003,1.2,-0.005,0.005,-0.0,0.0,0.1,-0.6,0.495,0.375,-0.031,1.969,4.71,OFF,PAPER,1756
0.45,MANUAL,IDLE,,0,0.0,0.001,-6.003,1.2,-0.01,0.005,-0.0,0.1,0.3,-0.6,-0.008,0.59,0.042,1.993,13.65,OFF,PAPER,1756
0.47,MANUAL,IDLE,,0,0.0,0.001,-6.003,1.2,-0.014,-0.002,-0.0,-0.1,0.4,-0.5,-0.061,0.137,0.069,1.984,12.15,OFF,PAPER,1756
0.49,MANUAL,IDLE,,0,0.0,0.001,-6.003,1.2,0.003,0.001,-0.0,0.0,0.2,-0.5,-0.067,-0.273,0.059,2.01,13.27,OFF,PAPER,1756
0.51,MANUAL,IDLE,,0,0.0,0.001,-6.003,1.2,0.0,-0.001,-0.0,0.0,0.3,-0.3,0.047,-0.304,0.057,1.995,15.49,OFF,PAPER,1756
0.53,MANUAL,IDLE,,0,0.0,0.001,-6.003,1.2,-0.001,-0.004,-0.0,-0.1,0.2,-0.3,0.07,0.173,0.058,2.023,15.12,OFF,PAPER,1756
0.55,MANUAL,IDLE,,0,0.0,0.001,-6.003,1.2,-0.004,-0.002,-0.0,-0.0,0.2,-0.2,0.155,0.022,0.067,1.971,6.81,OFF,PAPER,1756
0.57,MANUAL,IDLE,,0,0.0,0.001,-6.003,1.2,-0.001,-0.002,-0.0,-0.0,0.2,-0.1,-0.348,-0.251,0.076,1.987,12.42,OFF,PAPER,1756
0.59,MANUAL,IDLE,,0,0.0,0.001,-6.003,1.2,0.006,-0.003,-0.0,-0.0,-0.0,-0.1,-0.164,-0.09,0.008,1.996,12.51,OFF,PAPER,1756
0.61,MANUAL,IDLE,,0,0.0,0.001,-6.003,1.2,0.005,-0.003,-0.0,-0.0,-0.1,-0.0,0.098,0.204,-0.025,2.003,12.48,OFF,PAPER,1756
0.63,MANUAL,IDLE,,0,0.0,0.001,-6.003,1.2,0.003,-0.004,-0.0,-0.0,-0.1,-0.1,0.027,-0.352,-0.126,1.98,9.34,OFF,PAPER,1756
0.65,MANUAL,IDLE,,0,0.0,0.001,-6.003,1.2,0.005,-0.004,-0.0,-0.1,-0.2,-0.2,0.09,-0.184,-0.159,2.023,14.89,OFF,PAPER,1756
0.67,MANUAL,IDLE,,0,0.0,0.001,-6.003,1.2,0.007,0.003,-0.0,0.0,-0.2,-0.4,0.208,0.206,-0.113,1.981,8.62,OFF,PAPER,1756
0.69,MANUAL,IDLE,,0,0.0,0.001,-6.003,1.2,0.006,0.007,-0.0,0.1,-0.2,-0.5,0.017,-0.092,-0.118,1.988,12.97,OFF,PAPER,1756
0.71,MANUAL,IDLE,,0,0.0,0.001,-6.003,1.2,0.008,0.002,-0.0,-0.0,-0.2,-0.6,0.161,0.253,-0.021,1.976,9.55,OFF,PAPER,1756
0.73,MANUAL,IDLE,,0,0.0,0.002,-6.003,1.2,0.005,0.001,-0.0,0.0,-0.2,-0.7,-0.165,-0.315,-0.146,2.009,14.19,OFF,PAPER,1756
0.75,MANUAL,IDLE,,0,0.0,0.002,-6.003,1.2,0.011,-0.002,-0.0,-0.0,-0.3,-0.7,0.15,0.002,-0.027,1.985,9.8,OFF,PAPER,1756
0.77,MANUAL,IDLE,,0,0.0,0.002,-6.003,1.2,0.002,-0.007,-0.0,-0.1,-0.2,-0.8,-0.175,0.37,-0.02,1.996,11.37,OFF,PAPER,1756
0.79,MANUAL,IDLE,,0,0.0,0.002,-6.003,1.2,0.002,-0.006,-0.0,-0.1,-0.1,-0.8,-0.174,-0.169,0.03,2.001,12.6,OFF,PAPER,1756
0.81,MANUAL,IDLE,,0,0.0,0.002,-6.003,1.2,0.003,-0.001,-0.0,0.0,-0.2,-0.7,0.063,0.026,0.007,1.994,10.23,OFF,PAPER,1756
0.83,MANUAL,IDLE,,0,0.0,0.002,-6.003,1.2,0.003,-0.002,-0.0,-0.0,-0.3,-0.8,0.137,-0.008,-0.089,1.963,5.81,OFF,PAPER,1756
0.85,MANUAL,IDLE,,0,0.0,0.002,-6.003,1.2,0.012,0.001,-0.0,0.0,-0.5,-0.8,0.135,0.016,-0.168,1.969,11.52,OFF,PAPER,1756
0.87,MANUAL,IDLE,,0,0.0,0.002,-6.003,1.2,0.004,-0.008,-0.0,-0.0,-0.3,-1.0,-0.005,0.084,-0.084,1.97,7.18,OFF,PAPER,1756
0.89,MANUAL,IDLE,,0,0.0,0.002,-6.003,1.2,-0.002,-0.006,-0.0,0.0,-0.3,-1.1,0.363,-0.059,-0.126,1.992,10.81,OFF,PAPER,1756
0.91,MANUAL,IDLE,,0,0.0,0.002,-6.003,1.2,-0.004,-0.005,-0.0,0.1,-0.2,-1.2,-0.097,-0.062,-0.004,2.005,12.63,OFF,PAPER,1756
0.93,MANUAL,IDLE,,0,0.0,0.002,-6.003,1.2,-0.015,-0.004,-0.0,-0.1,0.0,-1.3,0.064,0.309,-0.063,1.971,5.54,OFF,PAPER,1756
0.95,MANUAL,IDLE,,0,0.0,0.002,-6.004,1.2,-0.014,-0.005,-0.0,0.0,0.1,-1.3,-0.051,-0.128,-0.029,1.984,8.48,OFF,PAPER,1756
0.97,MANUAL,IDLE,,0,0.0,0.002,-6.004,1.2,-0.016,-0.004,-0.0,0.1,-0.0,-1.4,-0.004,0.193,0.007,1.975,6.63,OFF,PAPER,1756
0.99,MANUAL,IDLE,,0,0.0,0.001,-6.004,1.2,-0.019,-0.001,-0.0,0.1,0.1,-1.4,0.13,-0.128,-0.013,1.972,11.15,OFF,PAPER,1756
1.01,MANUAL,IDLE,,0,0.0,0.001,-6.004,1.2,-0.018,-0.004,-0.0,0.1,0.0,-1.4,0.013,-0.287,-0.022,1.968,10.9,OFF,PAPER,1756
1.03,MANUAL,IDLE,,0,0.0,0.001,-6.004,1.2,-0.007,-0.004,-0.0,0.1,-0.1,-1.5,0.27,0.034,-0.031,2.004,14.4,OFF,PAPER,1756
1.05,MANUAL,IDLE,,0,0.0,0.0,-6.004,1.2,-0.008,-0.003,-0.0,0.1,-0.3,-1.5,-0.185,0.349,0.024,1.967,4.85,OFF,PAPER,1756
1.07,MANUAL,IDLE,,0,0.0,0.0,-6.004,1.2,-0.01,-0.006,-0.0,0.1,-0.2,-1.5,0.234,-0.164,0.027,1.999,10.98,OFF,PAPER,1756
1.09,MANUAL,IDLE,,0,0.0,0.0,-6.004,1.2,-0.008,-0.008,-0.0,0.0,-0.3,-1.4,0.066,0.19,0.062,1.975,10.31,OFF,PAPER,1756
1.11,MANUAL,IDLE,,0,0.0,-0.0,-6.004,1.2,-0.007,-0.014,-0.0,-0.1,-0.3,-1.4,-0.057,-0.298,-0.03,2.021,13.92,OFF,PAPER,1756
1.13,MANUAL,IDLE,,0,0.0,-0.0,-6.005,1.2,-0.007,-0.023,-0.0,-0.2,-0.3,-1.4,-0.241,0.092,0.105,1.988,12.63,OFF,PAPER,1756
1.15,MANUAL,IDLE,,0,0.0,-0.001,-6.005,1.2,-0.013,-0.025,-0.0,-0.3,-0.2,-1.2,0.235,-0.166,0.105,2.002,14.97,OFF,PAPER,1756
1.17,MANUAL,IDLE,,0,0.0,-0.001,-6.006,1.2,-0.01,-0.025,-0.0,-0.2,-0.2,-1.1,0.131,0.107,0.104,1.982,8.44,OFF,PAPER,1756
1.19,MANUAL,IDLE,,0,0.0,-0.001,-6.006,1.2,-0.013,-0.024,-0.0,-0.2,-0.1,-1.0,0.029,-0.119,0.053,1.99,10.33,OFF,PAPER,1756
1.21,MANUAL,IDLE,,0,0.0,-0.001,-6.007,1.2,-0.013,-0.021,-0.0,-0.1,-0.1,-0.9,0.081,0.041,0.123,1.966,5.62,OFF,PAPER,1756
1.23,MANUAL,IDLE,,0,0.0,-0.001,-6.007,1.2,-0.011,-0.017,-0.0,-0.1,-0.2,-0.8,0.05,0.057,0.023,1.966,4.23,OFF,PAPER,1756
1.25,MANUAL,IDLE,,0,0.0,-0.002,-6.007,1.2,-0.012,-0.013,-0.0,-0.0,-0.1,-0.8,0.015,-0.328,-0.099,1.992,12.77,OFF,PAPER,1756
1.27,MANUAL,IDLE,,0,0.0,-0.002,-6.008,1.2,-0.016,-0.014,-0.0,-0.1,-0.0,-0.8,-0.092,-0.197,-0.02,1.991,16.14,OFF,PAPER,1756
1.29,MANUAL,IDLE,,0,0.0,-0.002,-6.008,1.2,-0.008,-0.013,-0.0,0.1,-0.2,-0.9,-0.23,-0.107,-0.114,2.017,13.38,OFF,PAPER,1756
1.31,MANUAL,IDLE,,0,0.0,-0.002,-6.008,1.2,-0.004,-0.013,-0.0,-0.0,-0.2,-1.0,-0.085,0.094,-0.087,1.971,5.67,OFF,PAPER,1756
1.33,MANUAL,IDLE,,0,0.0,-0.002,-6.009,1.2,-0.008,-0.023,-0.0,-0.2,-0.1,-1.0,-0.058,0.404,-0.056,1.991,14.5,OFF,PAPER,1756
1.35,MANUAL,IDLE,,0,0.0,-0.003,-6.009,1.2,-0.007,-0.025,-0.0,-0.3,-0.0,-1.1,-0.201,0.123,0.038,2.002,14.24,OFF,PAPER,1756
1.37,MANUAL,IDLE,,0,0.0,-0.003,-6.009,1.2,-0.004,-0.019,-0.0,-0.2,-0.1,-1.0,0.009,-0.026,0.112,1.979,7.94,OFF,PAPER,1756
1.39,MANUAL,IDLE,,0,0.0,-0.003,-6.01,1.2,-0.01,-0.021,-0.0,-0.2,-0.0,-0.9,0.209,0.077,0.015,1.979,8.43,OFF,PAPER,1756
1.41,MANUAL,IDLE,,0,0.0,-0.003,-6.01,1.2,-0.006,-0.025,-0.0,-0.3,-0.0,-0.9,-0.087,-0.313,0.024,1.976,7.62,OFF,PAPER,1756
1.43,MANUAL,IDLE,,0,0.0,-0.003,-6.011,1.2,-0.006,-0.015,-0.0,-0.2,-0.1,-0.8,0.168,0.103,0.055,2.044,18.71,OFF,PAPER,1756
1.45,MANUAL,IDLE,,0,0.0,-0.003,-6.011,1.2,-0.004,-0.016,-0.0,-0.3,-0.1,-0.7,-0.007,-0.237,0.093,1.996,11.62,OFF,PAPER,1756
1.47,MANUAL,IDLE,,0,0.0,-0.003,-6.011,1.2,0.005,-0.017,-0.0,-0.2,-0.1,-0.6,0.029,-0.048,0.114,1.99,10.1,OFF,PAPER,1756
1.49,MANUAL,IDLE,,0,0.0,-0.003,-6.012,1.2,-0.003,-0.017,-0.0,-0.2,0.0,-0.5,-0.221,-0.248,0.028,2.0,11.17,OFF,PAPER,1756
1.51,MANUAL,IDLE,,0,0.0,-0.003,-6.012,1.2,0.003,-0.019,-0.0,-0.2,-0.2,-0.5,-0.158,0.025,-0.003,1.962,1.07,OFF,PAPER,1756
1.53,MANUAL,IDLE,,0,0.0,-0.003,-6.012,1.2,-0.001,-0.031,-0.0,-0.4,-0.1,-0.5,-0.278,0.116,-0.006,2.034,15.91,OFF,PAPER,1756
1.55,MANUAL,IDLE,,0,0.0,-0.003,-6.013,1.2,-0.009,-0.037,0.0,-0.5,0.0,-0.6,0.016,0.168,-0.061,2.0,11.24,OFF,PAPER,1756
1.57,MANUAL,IDLE,,0,0.0,-0.003,-6.014,1.2,-0.008,-0.028,0.0,-0.3,-0.0,-0.6,-0.12,-0.158,-0.084,1.978,12.82,OFF,PAPER,1756
1.59,MANUAL,IDLE,,0,0.0,-0.004,-6.014,1.2,-0.017,-0.026,0.0,-0.3,0.1,-0.7,0.213,0.245,-0.055,2.004,13.91,OFF,PAPER,1756
1.61,MANUAL,IDLE,,0,0.0,-0.004,-6.015,1.2,-0.014,-0.026,0.0,-0.3,0.1,-0.7,0.01,0.028,-0.014,2.024,14.94,OFF,PAPER,1756
1.63,MANUAL,IDLE,,0,0.0,-0.004,-6.015,1.2,-0.015,-0.025,0.0,-0.4,0.1,-0.7,0.083,0.004,0.027,1.988,9.74,OFF,PAPER,1756
1.65,MANUAL,IDLE,,0,0.0,-0.005,-6.016,1.2,-0.023,-0.018,0.0,-0.3,0.1,-0.7,0.089,0.053,0.004,1.98,7.81,OFF,PAPER,1756
1.67,MANUAL,IDLE,,0,0.0,-0.005,-6.016,1.2,-0.015,-0.018,0.0,-0.3,-0.0,-0.7,-0.028,-0.463,0.029,1.972,5.76,OFF,PAPER,1756
1.69,MANUAL,IDLE,,0,0.0,-0.005,-6.016,1.2,-0.013,-0.021,0.0,-0.3,-0.1,-0.8,-0.277,0.01,-0.056,2.022,15.0,OFF,PAPER,1756
1.71,MANUAL,IDLE,,0,0.0,-0.006,-6.017,1.2,-0.009,-0.026,0.0,-0.4,-0.2,-0.9,-0.369,0.031,-0.087,1.968,13.25,OFF,PAPER,1756
1.73,MANUAL,IDLE,,0,0.0,-0.006,-6.017,1.2,-0.011,-0.018,0.0,-0.3,-0.2,-1.0,0.26,0.025,-0.114,1.967,4.33,OFF,PAPER,1756
1.75,MANUAL,IDLE,,0,0.0,-0.006,-6.018,1.2,-0.014,-0.018,0.0,-0.3,-0.0,-1.0,0.101,0.075,0.0,1.982,9.4,OFF,PAPER,1756
1.77,MANUAL,IDLE,,0,0.0,-0.006,-6.018,1.2,-0.02,-0.019,0.0,-0.4,0.0,-1.1,-0.004,0.047,-0.101,1.971,8.2,OFF,PAPER,1756
1.79,MANUAL,IDLE,,0,0.0,-0.007,-6.019,1.2,-0.017,-0.02,0.0,-0.4,-0.0,-1.2,-0.299,-0.18,-0.089,2.008,16.78,OFF,PAPER,1756
1.81,MANUAL,IDLE,,0,0.0,-0.007,-6.019,1.2,-0.013,-0.023,0.0,-0.4,-0.1,-1.4,0.104,-0.086,-0.201,1.987,11.01,OFF,PAPER,1756
1.83,MANUAL,IDLE,,0,0.0,-0.007,-6.019,1.2,-0.018,-0.019,0.0,-0.4,-0.1,-1.6,0.403,0.202,-0.12,1.977,7.8,OFF,PAPER,1756
1.85,MANUAL,IDLE,,0,0.0,-0.008,-6.02,1.2,-0.015,-0.022,0.0,-0.4,-0.2,-1.7,0.071,0.213,-0.052,1.995,14.05,OFF,PAPER,1756
1.87,MANUAL,IDLE,,0,0.0,-0.008,-6.02,1.2,-0.017,-0.022,0.0,-0.4,-0.0,-1.7,-0.018,-0.233,-0.069,1.977,10.45,OFF,PAPER,1756
1.89,MANUAL,IDLE,,0,0.0,-0.008,-6.021,1.2,-0.028,-0.022,0.0,-0.4,0.1,-1.8,-0.292,0.209,-0.144,1.971,8.71,OFF,PAPER,1756
1.91,MANUAL,IDLE,,0,0.0,-0.009,-6.021,1.2,-0.025,-0.027,0.0,-0.6,0.1,-2.0,-0.035,-0.149,-0.115,1.973,7.22,OFF,PAPER,1756
1.93,MANUAL,IDLE,,0,0.0,-0.01,-6.022,1.2,-0.023,-0.026,0.0,-0.6,0.1,-2.1,0.107,-0.127,-0.189,1.971,13.01,OFF,PAPER,1756
1.95,MANUAL,IDLE,,0,0.0,-0.01,-6.022,1.2,-0.021,-0.023,0.0,-0.7,0.0,-2.3,0.264,0.188,-0.214,1.964,2.97,OFF,PAPER,1756
1.97,MANUAL,IDLE,,0,0.0,-0.01,-6.023,1.2,-0.026,-0.019,0.0,-0.5,0.1,-2.6,-0.082,0.018,-0.23,2.005,14.81,OFF,PAPER,1756
1.99,MANUAL,IDLE,,0,0.0,-0.011,-6.023,1.2,-0.015,-0.015,0.0,-0.5,-0.0,-2.7,0.097,-0.07,-0.008,1.972,7.38,OFF,PAPER,1756
2.01,MANUAL,IDLE,,0,0.0,-0.011,-6.023,1.2,-0.011,-0.014,0.0,-0.4,-0.1,-2.7,-0.236,-0.091,0.017,1.984,8.79,OFF,PAPER,1756
2.03,MANUAL,IDLE,,0,0.0,-0.011,-6.024,1.2,-0.008,-0.016,0.0,-0.5,-0.1,-2.7,-0.034,-0.101,-0.034,1.971,7.37,OFF,PAPER,1756
2.05,MANUAL,IDLE,,0,0.0,-0.012,-6.024,1.2,-0.017,-0.012,0.0,-0.4,0.0,-2.7,-0.143,-0.08,0.024,2.015,17.33,OFF,PAPER,1756
2.07,MANUAL,IDLE,,0,0.0,-0.012,-6.024,1.2,-0.022,-0.015,0.0,-0.5,0.1,-2.6,-0.115,0.145,0.111,1.965,6.04,OFF,PAPER,1756
2.09,MANUAL,IDLE,,0,0.0,-0.012,-6.024,1.2,-0.022,-0.016,0.0,-0.6,-0.1,-2.5,-0.164,0.102,0.202,1.998,12.07,OFF,PAPER,1756
2.11,MANUAL,IDLE,,0,0.0,-0.013,-6.025,1.2,-0.019,-0.01,0.0,-0.5,-0.0,-2.2,-0.076,-0.282,0.218,1.979,7.8,OFF,PAPER,1756
2.13,MANUAL,IDLE,,0,0.0,-0.013,-6.025,1.2,-0.027,-0.014,0.0,-0.6,0.2,-1.9,-0.171,0.12,0.214,2.004,13.64,OFF,PAPER,1756
2.15,MANUAL,IDLE,,0,0.0,-0.014,-6.025,1.2,-0.019,-0.007,0.0,-0.5,0.0,-1.8,0.065,-0.142,0.043,1.973,11.81,OFF,PAPER,1756
2.17,MANUAL,IDLE,,0,0.0,-0.014,-6.025,1.2,-0.026,-0.003,0.0,-0.5,0.1,-1.7,0.027,-0.113,0.136,1.988,9.71,OFF,PAPER,1756
2.19,MANUAL,IDLE,,0,0.0,-0.015,-6.025,1.2,-0.027,0.002,0.0,-0.4,0.0,-1.6,-0.188,-0.179,0.077,2.01,13.99,OFF,PAPER,1756
2.21,MANUAL,IDLE,,0,0.0,-0.015,-6.025,1.2,-0.027,-0.005,0.0,-0.5,0.0,-1.6,-0.052,0.196,0.106,2.005,13.9,OFF,PAPER,1756
2.23,MANUAL,IDLE,,0,0.0,-0.016,-6.025,1.2,-0.03,0.003,0.0,-0.5,0.1,-1.4,0.21,-0.166,0.114,1.975,7.43,OFF,PAPER,1756
2.25,MANUAL,IDLE,,0,0.0,-0.016,-6.025,1.2,-0.018,0.01,0.0,-0.5,-0.1,-1.3,0.037,-0.416,0.113,1.992,10.24,OFF,PAPER,1756
2.27,MANUAL,IDLE,,0,0.0,-0.017,-6.025,1.2,-0.015,0.016,0.0,-0.3,-0.2,-1.2,0.08,0.051,0.17,1.967,6.67,OFF,PAPER,1756
2.29,MANUAL,IDLE,,0,0.0,-0.017,-6.025,1.2,-0.017,0.014,0.0,-0.4,-0.2,-1.0,-0.282,0.129,0.075,1.977,8.57,OFF,PAPER,1756
2.31,MANUAL,IDLE,,0,0.0,-0.017,-6.024,1.2,-0.018,0.019,0.0,-0.4,-0.1,-0.9,0.055,-0.337,0.021,2.005,12.67,OFF,PAPER,1756
2.33,MANUAL,IDLE,,0,0.0,-0.018,-6.024,1.2,-0.025,0.027,0.0,-0.2,-0.1,-1.0,0.085,0.334,-0.03,1.987,11.47,OFF,PAPER,1756
2.35,MANUAL,IDLE,,0,0.0,-0.018,-6.023,1.2,-0.027,0.025,0.0,-0.2,-0.1,-1.1,-0.023,0.009,-0.007,2.001,16.8,OFF,PAPER,1756
2.37,MANUAL,IDLE,,0,0.0,-0.019,-6.023,1.2,-0.023,0.026,0.0,-0.3,-0.2,-1.0,0.127,-0.116,-0.046,1.983,8.38,OFF,PAPER,1756
2.39,MANUAL,IDLE,,0,0.0,-0.019,-6.022,1.2,-0.027,0.021,0.0,-0.4,-0.2,-1.1,-0.374,0.226,-0.111,1.983,14.01,OFF,PAPER,1756
2.41,MANUAL,IDLE,,0,0.0,-0.02,-6.022,1.2,-0.034,0.024,0.0,-0.4,-0.1,-1.3,0.094,0.066,-0.16,2.008,15.77,OFF,PAPER,1756
2.43,MANUAL,IDLE,,0,0.0,-0.021,-6.021,1.2,-0.038,0.023,0.0,-0.5,-0.0,-1.5,0.299,0.398,-0.142,1.963,11.9,OFF,PAPER,1756
2.45,MANUAL,IDLE,,0,0.0,-0.021,-6.021,1.2,-0.038,0.027,0.0,-0.4,-0.1,-1.6,-0.219,0.402,-0.1,2.01,12.51,OFF,PAPER,1756
2.47,MANUAL,IDLE,,0,0.0,-0.022,-6.02,1.2,-0.039,0.036,0.0,-0.3,-0.1,-1.7,-0.023,0.177,-0.15,1.969,5.15,OFF,PAPER,1756
2.49,MANUAL,IDLE,,0,0.0,-0.023,-6.02,1.2,-0.046,0.035,0.0,-0.3,0.0,-1.9,-0.04,-0.14,-0.1,1.995,12.85,OFF,PAPER,1756
2.51,MANUAL,IDLE,,0,0.0,-0.024,-6.019,1.2,-0.052,0.034,0.0,-0.2,0.2,-2.0,-0.103,-0.124,-0.096,2.005,12.47,OFF,PAPER,1756
2.53,MANUAL,IDLE,,0,0.0,-0.025,-6.018,1.2,-0.053,0.032,0.0,-0.3,0.2,-2.0,-0.033,-0.033,-0.082,1.972,5.94,OFF,PAPER,1756
2.55,MANUAL,IDLE,,0,0.0,-0.026,-6.018,1.2,-0.053,0.037,0.0,-0.2,0.1,-2.1,0.096,-0.114,-0.024,1.993,10.36,OFF,PAPER,1756
2.57,MANUAL,IDLE,,0,0.0,-0.027,-6.017,1.2,-0.052,0.036,0.0,-0.2,0.2,-2.2,-0.187,-0.242,-0.075,1.971,5.9,OFF,PAPER,1756
2.59,MANUAL,IDLE,,0,0.0,-0.028,-6.016,1.2,-0.054,0.036,0.0,-0.1,0.2,-2.3,-0.219,-0.228,-0.1,1.981,10.67,OFF,PAPER,1756
2.61,MANUAL,IDLE,,0,0.0,-0.029,-6.015,1.2,-0.049,0.044,0.0,-0.1,0.1,-2.4,0.266,0.198,-0.139,1.992,12.61,OFF,PAPER,1756
2.63,MANUAL,IDLE,,0,0.0,-0.03,-6.014,1.2,-0.048,0.041,0.0,-0.1,0.2,-2.5,-0.071,0.136,-0.053,1.988,13.32,OFF,PAPER,1756
2.65,MANUAL,IDLE,,0,0.0,-0.031,-6.014,1.2,-0.046,0.047,0.0,-0.0,0.1,-2.6,0.284,-0.246,0.028,1.981,9.0,OFF,PAPER,1756
2.67,MANUAL,IDLE,,0,0.0,-0.032,-6.013,1.2,-0.038,0.046,0.0,-0.0,0.0,-2.5,-0.159,-0.048,0.063,1.979,12.16,OFF,PAPER,1756
2.69,MANUAL,IDLE,,0,0.0,-0.033,-6.012,1.2,-0.042,0.05,0.0,0.1,0.1,-2.5,-0.253,0.207,-0.048,2.006,15.59,OFF,PAPER,1756
2.71,MANUAL,IDLE,,0,0.0,-0.033,-6.011,1.2,-0.042,0.045,0.0,0.0,0.1,-2.5,-0.044,0.041,-0.077,2.005,12.0,OFF,PAPER,1756
2.73,MANUAL,IDLE,,0,0.0,-0.034,-6.01,1.2,-0.045,0.046,0.0,0.0,0.3,-2.5,-0.337,-0.294,0.084,1.975,7.06,OFF,PAPER,1756
2.75,MANUAL,IDLE,,0,0.0,-0.035,-6.009,1.2,-0.04,0.04,0.0,-0.1,0.2,-2.6,0.053,0.218,-0.088,1.979,9.07,OFF,PAPER,1756
2.77,MANUAL,IDLE,,0,0.0,-0.036,-6.008,1.2,-0.042,0.046,0.0,-0.1,0.2,-2.6,-0.029,-0.191,0.017,1.971,9.94,OFF,PAPER,1756
2.79,MANUAL,IDLE,,0,0.0,-0.037,-6.007,1.2,-0.042,0.049,0.0,-0.0,0.3,-2.6,0.11,0.154,-0.003,1.975,6.73,OFF,PAPER,1756
2.81,MANUAL,IDLE,,0,0.0,-0.038,-6.006,1.2,-0.034,0.049,0.0,0.1,0.3,-2.5,-0.04,0.108,0.12,1.997,13.49,OFF,PAPER,1756
2.83,MANUAL,IDLE,,0,0.0,-0.038,-6.005,1.2,-0.033,0.043,0.0,0.0,0.3,-2.4,0.209,-0.147,0.149,1.963,7.65,OFF,PAPER,1756
2.85,MANUAL,IDLE,,0,0.0,-0.039,-6.005,1.2,-0.033,0.041,0.0,0.0,0.3,-2.2,-0.148,0.089,0.199,1.991,14.41,OFF,PAPER,1756
2.87,MANUAL,IDLE,,0,0.0,-0.04,-6.004,1.2,-0.033,0.047,0.0,-0.0,0.4,-2.1,-0.083,0.178,0.092,2.027,14.7,OFF,PAPER,1756
2.89,MANUAL,IDLE,,0,0.0,-0.04,-6.003,1.2,-0.026,0.047,0.0,-0.0,0.2,-2.0,0.197,0.154,0.061,2.0,14.89,OFF,PAPER,1756
2.91,MANUAL,IDLE,,0,0.0,-0.041,-6.002,1.2,-0.026,0.045,0.0,-0.1,0.3,-1.9,-0.107,-0.025,0.045,1.971,10.69,OFF,PAPER,1756
2.93,MANUAL,IDLE,,0,0.0,-0.041,-6.001,1.2,-0.032,0.037,0.0,-0.2,0.4,-1.9,0.337,0.337,0.034,2.002,11.54,OFF,PAPER,1756
2.95,MANUAL,IDLE,,0,0.0,-0.042,-6.0,1.2,-0.031,0.032,0.0,-0.2,0.5,-1.8,-0.21,-0.151,0.036,1.984,10.93,OFF,PAPER,1756
2.97,MANUAL,IDLE,,0,0.0,-0.043,-6.0,1.2,-0.031,0.047,0.0,-0.0,0.4,-1.8,0.114,-0.091,-0.043,1.972,11.82,OFF,PAPER,1756
2.99,MANUAL,IDLE,,0,0.0,-0.043,-5.999,1.2,-0.029,0.043,0.0,-0.1,0.4,-1.9,-0.099,-0.241,-0.051,1.985,10.67,OFF,PAPER,1756
3.01,MANUAL,IDLE,,0,0.0,-0.044,-5.998,1.2,-0.034,0.048,0.0,-0.1,0.5,-1.9,-0.337,0.14,-0.057,1.973,9.32,OFF,PAPER,1756
3.03,MANUAL,IDLE,,0,0.0,-0.044,-5.997,1.2,-0.025,0.049,0.0,-0.0,0.3,-2.0,-0.02,0.192,-0.029,1.981,8.82,OFF,PAPER,1756
3.05,MANUAL,IDLE,,0,0.0,-0.045,-5.996,1.2,-0.024,0.05,0.0,-0.1,0.4,-1.9,0.157,0.213,0.135,2.009,13.14,OFF,PAPER,1756
3.07,MANUAL,IDLE,,0,0.0,-0.045,-5.995,1.2,-0.023,0.052,0.0,0.0,0.4,-1.8,-0.084,-0.244,0.121,1.977,10.25,OFF,PAPER,1756
3.09,MANUAL,IDLE,,0,0.0,-0.046,-5.994,1.2,-0.02,0.053,0.0,0.0,0.3,-1.6,-0.024,-0.08,0.093,1.976,8.31,OFF,PAPER,1756
3.11,MANUAL,IDLE,,0,0.0,-0.046,-5.993,1.2,-0.017,0.059,0.0,0.1,0.2,-1.6,0.115,0.088,0.006,1.996,10.79,OFF,PAPER,1756
3.13,MANUAL,IDLE,,0,0.0,-0.047,-5.991,1.2,-0.021,0.059,0.0,0.1,0.3,-1.6,0.314,-0.2,-0.036,2.005,13.17,OFF,PAPER,1756
3.15,MANUAL,IDLE,,0,0.0,-0.047,-5.99,1.2,-0.017,0.06,0.0,0.2,0.2,-1.6,-0.109,-0.299,0.004,1.975,7.82,OFF,PAPER,1756
3.17,MANUAL,IDLE,,0,0.0,-0.047,-5.989,1.2,-0.016,0.059,0.0,0.1,0.1,-1.5,0.24,0.165,0.061,1.962,8.67,OFF,PAPER,1756
3.19,MANUAL,IDLE,,0,0.0,-0.048,-5.988,1.2,-0.023,0.056,0.0,0.1,0.3,-1.4,-0.248,0.263,0.09,1.984,8.67,OFF,PAPER,1756
3.21,MANUAL,IDLE,,0,0.0,-0.048,-5.987,1.2,-0.012,0.055,0.0,0.1,0.2,-1.3,-0.331,-0.134,0.068,1.965,7.44,OFF,PAPER,1756
3.23,MANUAL,IDLE,,0,0.0,-0.048,-5.986,1.2,-0.015,0.055,0.0,0.2,0.1,-1.2,-0.011,-0.064,0.059,1.978,7.78,OFF,PAPER,1756
3.25,MANUAL,IDLE,,0,0.0,-0.049,-5.984,1.2,-0.017,0.052,0.0,0.2,0.2,-1.2,0.103,-0.136,-0.081,2.015,15.92,OFF,PAPER,1756
3.27,MANUAL,IDLE,,0,0.0,-0.049,-5.983,1.2,-0.017,0.047,0.0,0.0,0.2,-1.3,-0.197,0.18,0.012,1.975,13.44,OFF,PAPER,1756
3.29,MANUAL,IDLE,,0,0.0,-0.049,-5.982,1.2,-0.011,0.052,0.0,0.1,0.1,-1.3,0.115,0.349,-0.021,1.973,7.95,OFF,PAPER,1756
3.31,MANUAL,IDLE,,0,0.0,-0.049,-5.982,1.2,-0.005,0.049,0.0,0.1,0.1,-1.3,-0.012,-0.118,0.005,1.965,4.84,OFF,PAPER,1756
3.33,MANUAL,IDLE,,0,0.0,-0.049,-5.981,1.2,-0.004,0.041,0.0,0.1,0.1,-1.4,-0.226,0.228,-0.036,1.971,7.2,OFF,PAPER,1756
3.35,MANUAL,IDLE,,0,0.0,-0.049,-5.98,1.2,-0.006,0.034,0.0,-0.1,0.0,-1.4,0.031,0.03,0.004,1.975,7.22,OFF,PAPER,1756
3.37,MANUAL,IDLE,,0,0.0,-0.05,-5.979,1.2,0.003,0.032,0.0,-0.0,-0.1,-1.4,0.218,-0.11,-0.068,1.986,10.04,OFF,PAPER,1756
3.39,MANUAL,IDLE,,0,0.0,-0.049,-5.978,1.2,0.006,0.04,0.0,0.2,-0.3,-1.5,0.347,0.082,-0.14,1.996,13.94,OFF,PAPER,1756
3.41,MANUAL,IDLE,,0,0.0,-0.049,-5.978,1.2,0.001,0.039,0.0,0.3,-0.2,-1.6,0.065,0.285,-0.081,2.003,11.62,OFF,PAPER,1756
3.43,MANUAL,IDLE,,0,0.0,-0.049,-5.977,1.2,0.001,0.047,0.0,0.4,-0.1,-1.7,0.132,0.076,-0.067,2.029,17.51,OFF,PAPER,1756
3.45,MANUAL,IDLE,,0,0.0,-0.049,-5.976,1.2,0.003,0.045,0.0,0.3,-0.3,-1.8,-0.288,-0.12,-0.11,1.999,14.16,OFF,PAPER,1756
3.47,MANUAL,IDLE,,0,0.0,-0.049,-5.975,1.2,0.004,0.035,0.0,0.2,-0.3,-1.9,0.051,-0.125,-0.048,1.982,11.08,OFF,PAPER,1756
3.49,MANUAL,IDLE,,0,0.0,-0.049,-5.974,1.2,0.012,0.033,0.0,0.3,-0.5,-2.0,-0.051,-0.073,-0.073,1.965,8.16,OFF,PAPER,1756
3.51,MANUAL,IDLE,,0,0.0,-0.049,-5.974,1.2,0.01,0.035,0.0,0.2,-0.5,-2.1,0.178,0.062,-0.09,1.963,7.59,OFF,PAPER,1756
3.53,MANUAL,IDLE,,0,0.0,-0.049,-5.973,1.2,0.005,0.041,0.0,0.2,-0.4,-2.2,0.36,-0.042,-0.063,1.982,11.08,OFF,PAPER,1756
3.55,MANUAL,IDLE,,0,0.0,-0.049,-5.972,1.2,0.006,0.038,0.0,0.1,-0.4,-2.2,-0.309,-0.332,0.003,1.998,12.18,OFF,PAPER,1756
3.57,MANUAL,IDLE,,0,0.0,-0.048,-5.971,1.2,0.006,0.043,0.0,0.1,-0.4,-2.3,0.302,0.392,-0.078,2.004,16.56,OFF,PAPER,1756
3.59,MANUAL,IDLE,,0,0.0,-0.048,-5.971,1.2,0.007,0.047,0.0,0.1,-0.4,-2.4,0.256,0.07,-0.114,1.974,6.3,OFF,PAPER,1756
3.61,MANUAL,IDLE,,0,0.0,-0.048,-5.97,1.2,0.004,0.054,0.0,0.2,-0.3,-2.5,0.183,-0.217,-0.094,1.978,9.23,OFF,PAPER,1756
3.63,MANUAL,IDLE,,0,0.0,-0.048,-5.968,1.2,-0.002,0.054,0.0,0.2,-0.1,-2.6,0.131,-0.046,-0.108,1.965,11.47,OFF,PAPER,1756
3.65,MANUAL,IDLE,,0,0.0,-0.048,-5.967,1.2,-0.006,0.06,0.0,0.3,-0.1,-2.7,0.038,-0.319,-0.002,1.983,9.38,OFF,PAPER,1756
3.67,MANUAL,IDLE,,0,0.0,-0.048,-5.966,1.2,-0.002,0.061,0.0,0.3,-0.3,-2.7,-0.005,0.131,-0.013,2.005,14.67,OFF,PAPER,1756
3.69,MANUAL,IDLE,,0,0.0,-0.049,-5.965,1.2,-0.008,0.062,0.0,0.3,-0.2,-2.8,-0.153,0.181,-0.105,2.026,14.95,OFF,PAPER,1756
3.71,MANUAL,IDLE,,0,0.0,-0.049,-5.964,1.2,-0.009,0.061,0.0,0.2,-0.2,-2.9,-0.011,-0.24,-0.126,2.014,16.98,OFF,PAPER,1756
3.73,MANUAL,IDLE,,0,0.0,-0.049,-5.962,1.2,-0.017,0.058,0.0,0.2,-0.1,-3.0,-0.043,-0.11,-0.034,1.963,10.42,OFF,PAPER,1756
3.75,MANUAL,IDLE,,0,0.0,-0.049,-5.961,1.2,-0.016,0.045,0.0,0.0,-0.2,-2.9,-0.187,-0.177,0.068,1.998,11.38,OFF,PAPER,1756
3.77,MANUAL,IDLE,,0,0.0,-0.05,-5.96,1.2,-0.008,0.042,0.0,-0.0,-0.4,-2.9,0.051,0.086,0.112,2.026,14.46,OFF,PAPER,1756
3.79,MANUAL,IDLE,,0,0.0,-0.05,-5.96,1.2,-0.011,0.039,0.0,0.0,-0.3,-2.8,-0.094,-0.07,0.076,1.974,9.04,OFF,PAPER,1756
3.81,MANUAL,IDLE,,0,0.0,-0.05,-5.959,1.2,-0.014,0.038,0.0,0.1,-0.3,-2.7,-0.251,0.17,0.039,2.011,12.69,OFF,PAPER,1756
3.83,MANUAL,IDLE,,0,0.0,-0.05,-5.958,1.2,-0.019,0.032,0.0,-0.0,-0.2,-2.8,0.002,0.116,-0.084,1.995,11.0,OFF,PAPER,1756
3.85,MANUAL,IDLE,,0,0.0,-0.051,-5.957,1.2,-0.016,0.035,0.0,0.1,-0.1,-2.9,-0.071,-0.328,-0.106,1.974,9.54,OFF,PAPER,1756
3.87,MANUAL,IDLE,,0,0.0,-0.051,-5.957,1.2,-0.018,0.036,0.0,0.1,-0.1,-3.0,-0.043,0.005,-0.064,2.001,11.41,OFF,PAPER,1756
3.89,MANUAL,IDLE,,0,0.0,-0.051,-5.956,1.2,-0.017,0.026,0.0,-0.1,-0.1,-3.1,-0.216,-0.267,-0.048,1.968,10.09,OFF,PAPER,1756
3.91,MANUAL,IDLE,,0,0.0,-0.052,-5.956,1.2,-0.018,0.017,0.0,-0.2,-0.1,-3.1,-0.162,0.077,0.09,2.012,14.36,OFF,PAPER,1756
3.93,MANUAL,IDLE,,0,0.0,-0.052,-5.955,1.2,-0.023,0.01,0.0,-0.3,0.0,-3.0,-0.015,-0.282,0.038,1.993,10.36,OFF,PAPER,1756
3.95,MANUAL,IDLE,,0,0.0,-0.053,-5.955,1.2,-0.02,0.013,0.0,-0.3,-0.1,-3.0,0.199,0.123,0.087,2.033,17.05,OFF,PAPER,1756
3.97,MANUAL,IDLE,,0,0.0,-0.053,-5.955,1.2,-0.02,0.018,0.0,-0.2,-0.0,-2.9,-0.043,0.372,0.074,1.998,17.01,OFF,PAPER,1756
3.99,MANUAL,IDLE,,0,0.0,-0.053,-5.955,1.2,-0.014,0.016,0.0,-0.2,-0.2,-2.8,0.042,-0.29,0.067,1.987,10.23,OFF,PAPER,1756
4.01,MANUAL,IDLE,,0,0.0,-0.054,-5.954,1.2,-0.015,0.009,0.0,-0.3,-0.2,-2.6,0.283,0.003,0.078,1.967,4.27,OFF,PAPER,1756
4.03,MANUAL,IDLE,,0,0.0,-0.054,-5.954,1.2,-0.018,0.01,0.0,-0.4,-0.2,-2.6,-0.023,0.342,0.005,1.995,11.15,OFF,PAPER,1756
4.05,MANUAL,IDLE,,0,0.0,-0.054,-5.954,1.2,-0.02,0.017,0.0,-0.2,-0.0,-2.6,0.135,-0.01,-0.034,1.991,15.35,OFF,PAPER,1756
4.07,MANUAL,IDLE,,0,0.0,-0.055,-5.953,1.2,-0.019,0.019,0.0,-0.2,-0.1,-2.5,0.224,0.147,0.145,2.016,13.49,OFF,PAPER,1756
4.09,MANUAL,IDLE,,0,0.0,-0.055,-5.953,1.2,-0.013,0.029,0.0,-0.1,-0.1,-2.4,0.106,-0.067,0.047,1.987,10.87,OFF,PAPER,1756
4.11,MANUAL,IDLE,,0,0.0,-0.055,-5.952,1.2,-0.018,0.023,0.0,-0.2,0.0,-2.3,0.228,0.113,0.069,1.999,12.08,OFF,PAPER,1756
4.13,MANUAL,IDLE,,0,0.0,-0.056,-5.952,1.2,-0.017,0.027,0.0,-0.0,0.0,-2.2,-0.188,-0.149,0.09,1.995,15.1,OFF,PAPER,1756
4.15,MANUAL,IDLE,,0,0.0,-0.056,-5.951,1.2,-0.011,0.029,0.0,0.0,-0.2,-2.1,0.218,-0.003,-0.019,1.969,4.93,OFF,PAPER,1756
4.17,MANUAL,IDLE,,0,0.0,-0.056,-5.951,1.2,-0.006,0.028,0.0,0.1,-0.3,-2.1,-0.313,0.096,0.032,1.99,14.53,OFF,PAPER,1756
4.19,MANUAL,IDLE,,0,0.0,-0.056,-5.95,1.2,-0.002,0.026,0.0,0.1,-0.3,-2.1,-0.135,-0.066,-0.077,1.971,10.87,OFF,PAPER,1756
4.21,MANUAL,IDLE,,0,0.0,-0.056,-5.95,1.2,-0.003,0.033,0.0,0.2,-0.3,-2.3,0.042,-0.33,-0.126,1.967,8.09,OFF,PAPER,1756
4.23,MANUAL,IDLE,,0,0.0,-0.056,-5.949,1.2,0.004,0.034,0.0,0.2,-0.4,-2.4,0.255,0.145,-0.075,1.974,8.06,OFF,PAPER,1756
4.25,MANUAL,IDLE,,0,0.0,-0.056,-5.948,1.2,0.008,0.041,0.0,0.3,-0.3,-2.5,0.092,-0.119,-0.012,1.997,14.33,OFF,PAPER,1756
4.27,MANUAL,IDLE,,0,0.0,-0.056,-5.947,1.2,0.013,0.042,0.0,0.3,-0.5,-2.5,-0.044,-0.175,-0.073,1.982,11.3,OFF,PAPER,1756
4.29,MANUAL,IDLE,,0,0.0,-0.056,-5.946,1.2,0.009,0.045,0.0,0.3,-0.5,-2.6,-0.107,-0.053,0.056,2.015,14.93,OFF,PAPER,1756
4.31,MANUAL,IDLE,,0,0.0,-0.056,-5.946,1.2,0.011,0.044,0.0,0.3,-0.5,-2.4,-0.019,-0.216,0.157,1.981,10.08,OFF,PAPER,1756
4.33,MANUAL,IDLE,,0,0.0,-0.055,-5.945,1.2,0.011,0.04,0.0,0.2,-0.7,-2.2,-0.227,0.148,0.187,1.985,12.84,OFF,PAPER,1756
4.35,MANUAL,IDLE,,0,0.0,-0.055,-5.944,1.2,0.016,0.038,0.0,0.2,-0.7,-2.1,-0.199,-0.266,0.115,1.963,3.35,OFF,PAPER,1756
4.37,MANUAL,IDLE,,0,0.0,-0.055,-5.943,1.2,0.004,0.035,0.0,0.0,-0.6,-1.9,-0.257,0.427,0.096,1.994,10.47,OFF,PAPER,1756
4.39,MANUAL,IDLE,,0,0.0,-0.055,-5.943,1.2,0.011,0.035,0.0,0.0,-0.7,-1.8,-0.147,0.093,0.121,1.964,9.4,OFF,PAPER,1756
4.41,MANUAL,IDLE,,0,0.0,-0.054,-5.942,1.2,0.02,0.031,0.0,-0.1,-0.8,-1.6,0.252,-0.29,0.067,1.998,12.91,OFF,PAPER,1756
4.43,MANUAL,IDLE,,0,0.0,-0.054,-5.941,1.2,0.011,0.039,0.0,0.0,-0.7,-1.6,0.181,0.035,0.032,1.981,8.1,OFF,PAPER,1756
4.45,MANUAL,IDLE,,0,0.0,-0.054,-5.94,1.2,0.005,0.042,0.0,0.1,-0.6,-1.5,-0.034,-0.021,0.087,1.988,9.28,OFF,PAPER,1756
4.47,MANUAL,IDLE,,0,0.0,-0.054,-5.94,1.2,0.008,0.035,0.0,0.0,-0.7,-1.5,-0.163,-0.257,0.067,1.993,10.38,OFF,PAPER,1756
4.49,MANUAL,IDLE,,0,0.0,-0.054,-5.939,1.2,0.002,0.03,0.0,-0.1,-0.6,-1.4,-0.309,0.143,0.027,1.963,2.77,OFF,PAPER,1756
4.51,MANUAL,IDLE,,0,0.0,-0.054,-5.938,1.2,0.001,0.023,0.0,-0.2,-0.6,-1.3,-0.242,0.207,0.047,1.977,13.0,OFF,PAPER,1756
4.53,MANUAL,IDLE,,0,0.0,-0.054,-5.938,1.2,-0.002,0.018,0.0,-0.4,-0.4,-1.3,-0.388,-0.329,-0.085,1.998,11.58,OFF,PAPER,1756
4.55,MANUAL,IDLE,,0,0.0,-0.054,-5.938,1.2,-0.003,0.015,0.0,-0.4,-0.5,-1.4,0.154,0.248,0.005,2.0,11.38,OFF,PAPER,1756
4.57,MANUAL,IDLE,,0,0.0,-0.054,-5.937,1.2,-0.01,0.022,0.0,-0.3,-0.3,-1.4,-0.286,0.035,-0.051,1.993,10.2,OFF,PAPER,1756
4.59,MANUAL,IDLE,,0,0.0,-0.054,-5.937,1.2,-0.012,0.018,0.0,-0.4,-0.3,-1.5,-0.422,0.083,-0.206,1.994,11.18,OFF,PAPER,1756
4.61,MANUAL,IDLE,,0,0.0,-0.054,-5.936,1.2,-0.009,0.029,0.0,-0.3,-0.3,-1.7,0.203,-0.275,-0.137,1.992,12.48,OFF,PAPER,1756
4.63,MANUAL,IDLE,,0,0.0,-0.055,-5.936,1.2,-0.01,0.033,0.0,-0.2,-0.4,-1.9,-0.02,-0.01,-0.167,1.976,9.62,OFF,PAPER,1756
4.65,MANUAL,IDLE,,0,0.0,-0.055,-5.935,1.2,-0.006,0.028,0.0,-0.3,-0.4,-2.1,-0.193,-0.214,-0.108,1.973,6.03,OFF,PAPER,1756
4.67,MANUAL,IDLE,,0,0.0,-0.055,-5.935,1.2,-0.012,0.021,0.0,-0.4,-0.4,-2.2,-0.17,0.015,-0.029,1.982,11.49,OFF,PAPER,1756
4.69,MANUAL,IDLE,,0,0.0,-0.055,-5.934,1.2,-0.014,0.014,0.0,-0.6,-0.3,-2.2,0.077,0.294,-0.023,1.982,8.14,OFF,PAPER,1756
4.71,MANUAL,IDLE,,0,0.0,-0.055,-5.934,1.2,-0.015,0.023,0.0,-0.4,-0.2,-2.2,-0.013,0.007,-0.005,1.977,11.64,OFF,PAPER,1756
4.73,MANUAL,IDLE,,0,0.0,-0.056,-5.933,1.2,-0.022,0.028,0.0,-0.4,-0.1,-2.3,-0.164,0.086,-0.078,1.976,8.26,OFF,PAPER,1756
4.75,MANUAL,IDLE,,0,0.0,-0.056,-5.933,1.2,-0.021,0.033,0.0,-0.4,-0.1,-2.4,-0.108,-0.154,-0.013,1.995,13.94,OFF,PAPER,1756
4.77,MANUAL,IDLE,,0,0.0,-0.057,-5.932,1.2,-0.029,0.03,0.0,-0.5,-0.0,-2.4,-0.004,0.201,0.052,1.98,9.86,OFF,PAPER,1756
4.79,MANUAL,IDLE,,0,0.0,-0.057,-5.931,1.2,-0.029,0.033,0.0,-0.5,0.0,-2.3,-0.112,0.157,0.055,1.985,10.92,OFF,PAPER,1756
4.81,MANUAL,IDLE,,0,0.0,-0.058,-5.931,1.2,-0.018,0.034,0.0,-0.5,-0.1,-2.3,-0.256,-0.25,0.058,2.012,13.69,OFF,PAPER,1756
4.83,MANUAL,IDLE,,0,0.0,-0.058,-5.93,1.2,-0.021,0.047,0.0,-0.3,-0.1,-2.1,0.28,0.021,0.163,1.975,12.5,OFF,PAPER,1756
4.85,MANUAL,IDLE,,0,0.0,-0.059,-5.929,1.2,-0.015,0.044,0.0,-0.4,-0.2,-1.9,0.288,0.16,0.179,2.021,17.18,OFF,PAPER,1756
4.87,MANUAL,IDLE,,0,0.0,-0.059,-5.928,1.2,-0.02,0.042,0.0,-0.4,-0.1,-1.7,-0.16,0.079,0.176,1.968,9.8,OFF,PAPER,1756
4.89,MANUAL,IDLE,,0,0.0,-0.059,-5.927,1.2,-0.016,0.038,0.0,-0.4,-0.2,-1.6,-0.034,-0.295,0.061,1.971,7.56,OFF,PAPER,1756
4.91,MANUAL,IDLE,,0,0.0,-0.06,-5.927,1.2,-0.01,0.041,0.0,-0.3,-0.4,-1.6,0.115,0.1,-0.065,2.024,17.03,OFF,PAPER,1756
4.93,MANUAL,IDLE,,0,0.0,-0.06,-5.926,1.2,-0.017,0.048,0.0,-0.3,-0.3,-1.7,0.503,0.158,-0.196,1.971,7.87,OFF,PAPER,1756
4.95,MANUAL,IDLE,,0,0.0,-0.06,-5.925,1.2,-0.022,0.05,0.0,-0.2,-0.2,-2.0,0.34,0.236,-0.167,1.966,4.77,OFF,PAPER,1756
4.97,MANUAL,IDLE,,0,0.0,-0.061,-5.924,1.2,-0.024,0.061,0.0,0.0,-0.2,-2.1,0.322,0.136,-0.095,1.986,9.25,OFF,PAPER,1756
4.99,MANUAL,IDLE,,0,0.0,-0.061,-5.923,1.2,-0.024,0.06,0.0,-0.0,-0.1,-2.3,0.077,-0.081,-0.099,1.988,9.24,OFF,PAPER,1756
5.01,MANUAL,IDLE,,0,0.0,-0.062,-5.921,1.2,-0.016,0.06,0.0,0.0,-0.3,-2.4,-0.121,0.229,-0.193,1.968,5.07,OFF,PAPER,1756
5.03,MANUAL,IDLE,,0,0.0,-0.062,-5.92,1.2,-0.017,0.063,0.0,0.0,-0.3,-2.6,-0.465,-0.3,-0.208,2.006,13.39,OFF,PAPER,1756
5.05,MANUAL,IDLE,,0,0.0,-0.062,-5.919,1.2,-0.023,0.062,0.0,-0.0,-0.2,-2.8,0.121,0.451,-0.077,1.984,8.85,OFF,PAPER,1756
5.07,MANUAL,IDLE,,0,0.0,-0.063,-5.918,1.2,-0.019,0.072,0.0,0.2,-0.2,-2.8,0.387,-0.109,-0.021,1.965,6.05,OFF,PAPER,1756
5.09,MANUAL,IDLE,,0,0.0,-0.063,-5.916,1.2,-0.021,0.066,0.0,0.2,-0.3,-2.8,-0.009,0.057,-0.018,2.009,16.49,OFF,PAPER,1756
5.11,MANUAL,IDLE,,0,0.0,-0.063,-5.915,1.2,-0.016,0.078,0.0,0.3,-0.3,-2.9,0.104,-0.246,-0.026,1.996,13.52,OFF,PAPER,1756
5.13,MANUAL,IDLE,,0,0.0,-0.064,-5.913,1.2,-0.015,0.08,0.0,0.4,-0.3,-2.9,0.181,0.228,0.029,1.978,8.23,OFF,PAPER,1756
5.15,MANUAL,IDLE,,0,0.0,-0.064,-5.912,1.2,-0.022,0.081,0.0,0.4,-0.2,-2.8,0.261,0.153,0.044,1.997,12.31,OFF,PAPER,1756
5.17,MANUAL,IDLE,,0,0.0,-0.065,-5.91,1.2,-0.026,0.072,0.0,0.3,-0.1,-2.6,0.003,0.039,0.202,1.975,6.73,OFF,PAPER,1756
5.19,MANUAL,IDLE,,0,0.0,-0.065,-5.909,1.2,-0.023,0.071,0.0,0.2,-0.1,-2.5,0.112,-0.283,0.119,2.026,14.64,OFF,PAPER,1756
5.21,MANUAL,IDLE,,0,0.0,-0.066,-5.907,1.2,-0.025,0.06,0.0,0.1,-0.1,-2.4,-0.062,-0.206,0.147,2.002,12.65,OFF,PAPER,1756
5.23,MANUAL,IDLE,,0,0.0,-0.066,-5.906,1.2,-0.031,0.05,0.0,-0.1,0.0,-2.2,-0.029,-0.025,0.114,1.985,9.7,OFF,PAPER,1756
5.25,MANUAL,IDLE,,0,0.0,-0.067,-5.905,1.2,-0.024,0.05,0.0,-0.1,-0.1,-2.1,0.029,-0.122,0.156,2.03,16.32,OFF,PAPER,1756
5.27,MANUAL,IDLE,,0,0.0,-0.067,-5.904,1.2,-0.023,0.051,0.0,0.0,-0.2,-1.9,0.286,0.13,0.133,1.97,5.44,OFF,PAPER,1756
5.29,MANUAL,IDLE,,0,0.0,-0.068,-5.903,1.2,-0.022,0.052,0.0,0.2,-0.2,-1.8,-0.222,0.098,0.041,1.979,7.96,OFF,PAPER,1756
5.31,MANUAL,IDLE,,0,0.0,-0.068,-5.902,1.2,-0.018,0.052,0.0,0.1,-0.2,-1.7,-0.059,-0.239,0.134,2.013,16.35,OFF,PAPER,1756
5.33,MANUAL,IDLE,,0,0.0,-0.068,-5.901,1.2,-0.024,0.05,0.0,0.1,-0.1,-1.6,-0.024,-0.085,0.03,2.021,14.15,OFF,PAPER,1756
5.35,MANUAL,IDLE,,0,0.0,-0.069,-5.9,1.2,-0.024,0.049,0.0,0.1,-0.1,-1.6,0.133,0.201,0.011,1.988,9.99,OFF,PAPER,1756
5.37,MANUAL,IDLE,,0,0.0,-0.069,-5.899,1.2,-0.025,0.044,0.0,0.1,-0.0,-1.5,-0.001,-0.289,0.117,1.986,9.84,OFF,PAPER,1756
5.39,MANUAL,IDLE,,0,0.0,-0.07,-5.899,1.2,-0.033,0.036,0.0,-0.0,0.0,-1.5,0.335,0.34,0.04,2.02,15.08,OFF,PAPER,1756
5.41,MANUAL,IDLE,,0,0.0,-0.071,-5.898,1.2,-0.023,0.038,0.0,-0.1,-0.1,-1.4,-0.045,0.219,-0.028,1.987,13.8,OFF,PAPER,1756
5.43,MANUAL,IDLE,,0,0.0,-0.071,-5.897,1.2,-0.034,0.038,0.0,-0.1,0.1,-1.5,0.027,-0.213,-0.14,1.975,9.78,OFF,PAPER,1756
5.45,MANUAL,IDLE,,0,0.0,-0.072,-5.896,1.2,-0.03,0.045,0.0,0.0,0.0,-1.6,0.132,0.136,-0.093,1.992,10.29,OFF,PAPER,1756
5.47,MANUAL,IDLE,,0,0.0,-0.072,-5.895,1.2,-0.025,0.055,0.0,0.3,0.0,-1.8,-0.056,-0.111,-0.179,2.008,12.29,OFF,PAPER,1756
5.49,MANUAL,IDLE,,0,0.0,-0.073,-5.894,1.2,-0.02,0.052,0.0,0.2,-0.1,-2.1,-0.002,-0.178,-0.169,1.987,9.64,OFF,PAPER,1756
5.51,MANUAL,IDLE,,0,0.0,-0.073,-5.893,1.2,-0.008,0.055,0.0,0.1,-0.3,-2.1,-0.02,-0.173,-0.048,2.027,18.81,OFF,PAPER,1756
5.53,MANUAL,IDLE,,0,0.0,-0.073,-5.892,1.2,-0.013,0.057,0.0,0.3,-0.2,-2.1,-0.126,-0.088,0.07,1.988,11.1,OFF,PAPER,1756
5.55,MANUAL,IDLE,,0,0.0,-0.073,-5.891,1.2,-0.008,0.061,0.0,0.3,-0.3,-2.1,0.104,-0.334,0.027,1.981,12.49,OFF,PAPER,1756
5.57,MANUAL,IDLE,,0,0.0,-0.074,-5.89,1.2,-0.005,0.067,0.0,0.4,-0.3,-2.1,0.232,0.301,-0.048,1.986,12.55,OFF,PAPER,1756
5.59,MANUAL,IDLE,,0,0.0,-0.074,-5.888,1.2,-0.01,0.061,0.0,0.4,-0.2,-2.1,0.327,-0.082,0.024,1.963,1.93,OFF,PAPER,1756
5.61,MANUAL,IDLE,,0,0.0,-0.074,-5.887,1.2,-0.008,0.063,0.0,0.4,-0.3,-2.0,0.093,-0.176,0.184,2.002,15.65,OFF,PAPER,1756
5.63,MANUAL,IDLE,,0,0.0,-0.074,-5.886,1.2,-0.018,0.063,0.0,0.5,-0.2,-1.8,-0.189,0.341,0.199,1.966,4.38,OFF,PAPER,1756
5.65,MANUAL,IDLE,,0,0.0,-0.075,-5.885,1.2,-0.013,0.065,0.0,0.5,-0.3,-1.6,0.252,-0.082,0.124,1.985,11.92,OFF,PAPER,1756
5.67,MANUAL,IDLE,,0,0.0,-0.075,-5.883,1.2,-0.015,0.064,0.0,0.5,-0.3,-1.5,-0.14,-0.062,0.096,2.01,12.58,OFF,PAPER,1756
5.69,MANUAL,IDLE,,0,0.0,-0.075,-5.882,1.2,-0.016,0.055,0.0,0.3,-0.4,-1.5,-0.073,-0.371,-0.045,1.992,10.32,OFF,PAPER,1756
5.71,MANUAL,IDLE,,0,0.0,-0.075,-5.881,1.2,-0.019,0.051,0.0,0.3,-0.5,-1.6,-0.153,-0.099,-0.024,1.983,8.33,OFF,PAPER,1756
5.73,MANUAL,IDLE,,0,0.0,-0.076,-5.88,1.2,-0.017,0.052,0.0,0.3,-0.6,-1.5,-0.018,0.007,0.068,1.99,9.71,OFF,PAPER,1756
5.75,MANUAL,IDLE,,0,0.0,-0.076,-5.879,1.2,-0.025,0.056,0.0,0.4,-0.3,-1.5,-0.406,0.37,-0.034,2.012,16.79,OFF,PAPER,1756
5.77,MANUAL,IDLE,,0,0.0,-0.077,-5.878,1.2,-0.023,0.044,0.0,0.1,-0.4,-1.5,-0.125,-0.366,0.004,1.99,11.32,OFF,PAPER,1756
5.79,MANUAL,IDLE,,0,0.0,-0.077,-5.877,1.2,-0.027,0.049,0.0,0.2,-0.3,-1.5,-0.03,0.027,-0.053,1.962,1.53,OFF,PAPER,1756
5.81,MANUAL,IDLE,,0,0.0,-0.078,-5.876,1.2,-0.036,0.051,0.0,0.2,-0.2,-1.6,0.08,0.102,-0.0,1.964,3.0,OFF,PAPER,1756
5.83,MANUAL,IDLE,,0,0.0,-0.079,-5.875,1.2,-0.032,0.047,0.0,0.1,-0.3,-1.6,-0.136,-0.302,-0.02,2.027,14.84,OFF,PAPER,1756
5.85,MANUAL,IDLE,,0,0.0,-0.079,-5.874,1.2,-0.033,0.05,0.0,0.2,-0.3,-1.6,-0.42,0.002,0.044,1.983,10.85,OFF,PAPER,1756
5.87,MANUAL,IDLE,,0,0.0,-0.08,-5.873,1.2,-0.039,0.046,0.0,0.0,-0.3,-1.6,-0.235,0.361,-0.109,1.967,8.18,OFF,PAPER,1756
5.89,MANUAL,IDLE,,0,0.0,-0.081,-5.872,1.2,-0.04,0.046,0.0,0.1,-0.2,-1.7,-0.04,0.182,-0.107,1.963,1.73,OFF,PAPER,1756
5.91,MANUAL,IDLE,,0,0.0,-0.082,-5.871,1.2,-0.04,0.044,0.0,0.1,-0.2,-1.8,-0.218,-0.116,-0.055,1.973,6.12,OFF,PAPER,1756
5.93,MANUAL,IDLE,,0,0.0,-0.082,-5.87,1.2,-0.041,0.039,0.0,-0.0,-0.3,-1.9,-0.082,0.094,0.035,1.97,11.71,OFF,PAPER,1756
5.95,MANUAL,IDLE,,0,0.0,-0.083,-5.869,1.2,-0.036,0.034,0.0,-0.1,-0.3,-1.9,-0.323,-0.226,-0.002,1.978,11.73,OFF,PAPER,1756
5.97,MANUAL,IDLE,,0,0.0,-0.084,-5.869,1.2,-0.042,0.031,0.0,-0.1,-0.3,-1.9,-0.232,0.207,0.004,1.994,10.73,OFF,PAPER,1756
5.99,MANUAL,IDLE,,0,0.0,-0.085,-5.868,1.2,-0.04,0.033,0.0,-0.2,-0.4,-1.9,-0.127,-0.086,0.007,1.969,6.96,OFF,PAPER,1756
6.01,MANUAL,IDLE,,0,0.0,-0.086,-5.867,1.2,-0.043,0.031,0.0,-0.1,-0.4,-1.9,-0.47,-0.255,-0.07,1.995,13.14,OFF,PAPER,1756
6.03,MANUAL,IDLE,,0,0.0,-0.086,-5.867,1.2,-0.044,0.034,0.0,-0.1,-0.4,-2.0,-0.218,0.167,-0.133,1.999,11.13,OFF,PAPER,1756
6.05,MANUAL,IDLE,,0,0.0,-0.087,-5.866,1.2,-0.044,0.031,0.0,-0.2,-0.4,-2.2,-0.051,-0.365,-0.175,1.989,11.28,OFF,PAPER,1756
6.07,MANUAL,IDLE,,0,0.0,-0.088,-5.865,1.2,-0.043,0.037,0.0,-0.0,-0.3,-2.4,0.223,0.053,-0.128,1.989,9.84,OFF,PAPER,1756
6.09,MANUAL,IDLE,,0,0.0,-0.089,-5.865,1.2,-0.051,0.042,0.0,0.0,-0.2,-2.5,0.459,0.476,-0.062,2.009,12.39,OFF,PAPER,1756
6.11,MANUAL,IDLE,,0,0.0,-0.09,-5.864,1.2,-0.051,0.047,0.0,0.1,-0.3,-2.5,-0.213,0.149,-0.024,1.994,11.04,OFF,PAPER,1756
6.13,MANUAL,IDLE,,0,0.0,-0.091,-5.863,1.2,-0.052,0.045,0.0,-0.0,-0.3,-2.5,0.227,0.031,-0.05,1.963,7.33,OFF,PAPER,1756
6.15,MANUAL,IDLE,,0,0.0,-0.092,-5.862,1.2,-0.055,0.042,0.0,-0.1,-0.3,-2.6,0.014,0.039,-0.025,1.982,8.27,OFF,PAPER,1756
6.17,MANUAL,IDLE,,0,0.0,-0.093,-5.861,1.2,-0.057,0.042,0.0,-0.1,-0.2,-2.7,0.003,0.234,-0.077,2.01,15.97,OFF,PAPER,1756
6.19,MANUAL,IDLE,,0,0.0,-0.094,-5.86,1.2,-0.054,0.033,0.0,-0.2,-0.2,-2.7,-0.399,0.007,0.057,1.969,5.02,OFF,PAPER,1756
6.21,MANUAL,IDLE,,0,0.0,-0.095,-5.86,1.2,-0.051,0.038,0.0,-0.1,-0.3,-2.7,-0.384,0.065,0.032,1.966,12.12,OFF,PAPER,1756
6.23,MANUAL,IDLE,,0,0.0,-0.096,-5.859,1.2,-0.056,0.034,0.0,-0.3,-0.3,-2.6,-0.225,-0.24,0.051,2.005,13.97,OFF,PAPER,1756
6.25,MANUAL,IDLE,,0,0.0,-0.098,-5.858,1.2,-0.056,0.034,0.0,-0.4,-0.4,-2.6,0.286,0.169,-0.029,1.971,12.12,OFF,PAPER,1756
6.27,MANUAL,IDLE,,0,0.0,-0.099,-5.858,1.2,-0.056,0.033,0.0,-0.3,-0.4,-2.7,-0.221,-0.178,-0.013,1.978,9.24,OFF,PAPER,1756
6.29,MANUAL,IDLE,,0,0.0,-0.1,-5.857,1.2,-0.05,0.026,0.0,-0.5,-0.4,-2.7,-0.033,-0.38,0.019,1.992,10.04,OFF,PAPER,1756
6.31,MANUAL,IDLE,,0,0.0,-0.101,-5.856,1.2,-0.05,0.026,0.0,-0.4,-0.5,-2.7,0.066,-0.125,-0.089,2.001,14.77,OFF,PAPER,1756
6.33,MANUAL,IDLE,,0,0.0,-0.102,-5.856,1.2,-0.051,0.025,0.0,-0.4,-0.5,-2.8,-0.14,0.234,-0.145,1.97,5.57,OFF,PAPER,1756
6.35,MANUAL,IDLE,,0,0.0,-0.103,-5.855,1.2,-0.051,0.028,0.0,-0.3,-0.4,-2.9,0.139,-0.073,0.0,2.008,15.75,OFF,PAPER,1756
6.37,MANUAL,IDLE,,0,0.0,-0.104,-5.855,1.2,-0.054,0.026,0.0,-0.3,-0.4,-2.9,-0.209,0.021,-0.102,2.002,12.92,OFF,PAPER,1756
6.39,MANUAL,IDLE,,0,0.0,-0.105,-5.854,1.2,-0.049,0.026,0.0,-0.3,-0.6,-3.0,0.183,-0.019,-0.058,1.998,13.68,OFF,PAPER,1756
6.41,MANUAL,IDLE,,0,0.0,-0.106,-5.854,1.2,-0.057,0.025,0.0,-0.3,-0.4,-3.1,0.19,0.25,-0.023,1.973,8.81,OFF,PAPER,1756
6.43,MANUAL,IDLE,,0,0.0,-0.107,-5.853,1.2,-0.063,0.026,0.0,-0.2,-0.3,-3.1,-0.477,0.501,-0.067,1.968,11.34,OFF,PAPER,1756
6.45,MANUAL,IDLE,,0,0.0,-0.108,-5.853,1.2,-0.063,0.032,0.0,-0.2,-0.2,-3.2,0.002,-0.102,-0.092,2.013,16.8,OFF,PAPER,1756
6.47,MANUAL,IDLE,,0,0.0,-0.11,-5.852,1.2,-0.074,0.034,0.0,-0.2,-0.1,-3.3,0.048,0.365,0.029,1.971,14.31,OFF,PAPER,1756
6.49,MANUAL,IDLE,,0,0.0,-0.111,-5.851,1.2,-0.087,0.029,0.0,-0.2,0.2,-3.3,-0.194,0.055,-0.014,1.977,8.34,OFF,PAPER,1756
6.51,MANUAL,IDLE,,0,0.0,-0.113,-5.851,1.2,-0.085,0.025,0.0,-0.3,0.2,-3.2,-0.066,0.034,0.09,2.003,11.65,OFF,PAPER,1756
6.53,MANUAL,IDLE,,0,0.0,-0.115,-5.85,1.2,-0.085,0.022,0.0,-0.4,0.2,-3.1,0.055,-0.139,0.094,1.972,7.95,OFF,PAPER,1756
6.55,MANUAL,IDLE,,0,0.0,-0.116,-5.85,1.2,-0.09,0.023,0.0,-0.3,0.2,-3.0,0.056,-0.066,0.029,2.002,11.49,OFF,PAPER,1756
6.57,MANUAL,IDLE,,0,0.0,-0.118,-5.849,1.2,-0.085,0.021,0.0,-0.4,0.2,-2.9,-0.203,0.174,0.084,1.97,9.29,OFF,PAPER,1756
6.59,MANUAL,IDLE,,0,0.0,-0.12,-5.849,1.2,-0.081,0.014,0.0,-0.4,0.1,-2.8,-0.115,-0.02,0.03,1.967,5.08,OFF,PAPER,1756
6.61,MANUAL,IDLE,,0,0.0,-0.121,-5.849,1.2,-0.081,0.018,0.0,-0.4,0.0,-2.9,0.131,0.469,-0.075,1.982,8.82,OFF,PAPER,1756
6.63,MANUAL,IDLE,,0,0.0,-0.123,-5.848,1.2,-0.079,0.013,0.0,-0.5,0.0,-2.9,-0.294,-0.015,0.013,2.021,14.09,OFF,PAPER,1756
6.65,MANUAL,IDLE,,0,0.0,-0.125,-5.848,1.2,-0.078,0.023,0.0,-0.3,-0.0,-2.8,0.054,-0.139,0.179,1.963,10.61,OFF,PAPER,1756
6.67,MANUAL,IDLE,,0,0.0,-0.126,-5.848,1.2,-0.077,0.025,0.0,-0.3,-0.0,-2.7,-0.156,-0.068,-0.005,2.02,14.92,OFF,PAPER,1756
6.69,MANUAL,IDLE,,0,0.0,-0.128,-5.847,1.2,-0.081,0.028,0.0,-0.3,-0.0,-2.7,0.274,0.062,0.033,1.963,9.87,OFF,PAPER,1756
6.71,MANUAL,IDLE,,0,0.0,-0.129,-5.846,1.2,-0.084,0.031,0.0,-0.2,0.0,-2.7,0.24,0.178,-0.022,1.965,7.11,OFF,PAPER,1756
6.73,MANUAL,IDLE,,0,0.0,-0.131,-5.846,1.2,-0.084,0.024,0.0,-0.3,0.1,-2.7,-0.079,-0.005,-0.018,1.967,5.3,OFF,PAPER,1756
6.75,MANUAL,IDLE,,0,0.0,-0.133,-5.845,1.2,-0.093,0.022,0.0,-0.3,0.2,-2.7,0.035,-0.007,-0.025,1.969,6.42,OFF,PAPER,1756
6.77,MANUAL,IDLE,,0,0.0,-0.135,-5.845,1.2,-0.095,0.015,0.0,-0.4,0.2,-2.7,-0.306,0.237,-0.047,1.975,11.99,OFF,PAPER,1756
6.79,MANUAL,IDLE,,0,0.0,-0.137,-5.845,1.2,-0.1,0.023,0.0,-0.4,0.3,-2.8,0.29,0.063,-0.084,1.994,12.68,OFF,PAPER,1756
6.81,MANUAL,IDLE,,0,0.0,-0.139,-5.844,1.2,-0.1,0.03,0.0,-0.3,0.3,-2.9,0.034,-0.309,-0.025,1.995,14.16,OFF,PAPER,1756
6.83,MANUAL,IDLE,,0,0.0,-0.141,-5.844,1.2,-0.101,0.043,0.0,-0.1,0.4,-2.8,0.492,0.187,0.059,1.965,9.97,OFF,PAPER,1756
6.85,MANUAL,IDLE,,0,0.0,-0.143,-5.843,1.2,-0.097,0.038,0.0,-0.1,0.3,-2.7,-0.341,0.131,0.122,1.984,12.4,OFF,PAPER,1756
6.87,MANUAL,IDLE,,0,0.0,-0.145,-5.842,1.2,-0.098,0.041,0.0,-0.1,0.3,-2.5,0.081,-0.061,0.171,1.967,7.73,OFF,PAPER,1756
6.89,MANUAL,IDLE,,0,0.0,-0.147,-5.841,1.2,-0.096,0.05,0.0,0.1,0.2,-2.4,0.36,-0.223,0.037,1.988,9.42,OFF,PAPER,1756
6.91,MANUAL,IDLE,,0,0.0,-0.149,-5.84,1.2,-0.104,0.051,0.0,0.1,0.3,-2.4,-0.006,0.281,0.003,1.995,10.57,OFF,PAPER,1756
6.93,MANUAL,IDLE,,0,0.0,-0.151,-5.839,1.2,-0.103,0.054,0.0,0.1,0.3,-2.4,0.426,-0.18,-0.099,1.966,11.05,OFF,PAPER,1756
6.95,MANUAL,IDLE,,0,0.0,-0.153,-5.838,1.2,-0.108,0.054,0.0,0.1,0.5,-2.5,-0.288,0.317,-0.031,1.963,2.99,OFF,PAPER,1756
6.97,MANUAL,IDLE,,0,0.0,-0.155,-5.837,1.2,-0.109,0.055,0.0,0.1,0.6,-2.5,0.311,0.221,0.069,1.977,9.94,OFF,PAPER,1756
6.99,MANUAL,IDLE,,0,0.0,-0.157,-5.836,1.2,-0.116,0.052,0.0,0.1,0.7,-2.4,-0.109,-0.079,0.106,1.997,11.66,OFF,PAPER,1756
7.01,MANUAL,IDLE,,0,0.0,-0.159,-5.835,1.2,-0.11,0.05,0.0,0.0,0.5,-2.3,0.08,0.096,0.142,2.04,18.04,OFF,PAPER,1756
7.03,MANUAL,IDLE,,0,0.0,-0.162,-5.834,1.2,-0.104,0.046,0.0,0.1,0.5,-2.1,0.071,-0.073,0.09,1.968,5.95,OFF,PAPER,1756
7.05,MANUAL,IDLE,,0,0.0,-0.164,-5.833,1.2,-0.108,0.045,0.0,0.1,0.6,-2.1,0.157,-0.331,0.037,1.99,9.62,OFF,PAPER,1756
7.07,MANUAL,IDLE,,0,0.0,-0.166,-5.832,1.2,-0.106,0.048,0.0,0.2,0.6,-2.1,-0.067,-0.439,-0.058,2.035,19.48,OFF,PAPER,1756
7.09,MANUAL,IDLE,,0,0.0,-0.168,-5.831,1.2,-0.093,0.042,0.0,0.1,0.4,-2.2,-0.113,-0.439,-0.012,2.005,12.31,OFF,PAPER,1756
7.11,MANUAL,IDLE,,0,0.0,-0.17,-5.83,1.2,-0.094,0.036,0.0,0.0,0.4,-2.2,-0.28,0.41,-0.03,2.001,11.39,OFF,PAPER,1756
7.13,MANUAL,IDLE,,0,0.0,-0.172,-5.83,1.2,-0.09,0.035,0.0,-0.0,0.4,-2.2,-0.334,-0.339,0.07,1.986,8.86,OFF,PAPER,1756
7.15,MANUAL,IDLE,,0,0.0,-0.174,-5.829,1.2,-0.087,0.032,0.0,-0.0,0.3,-2.2,-0.366,-0.416,-0.159,1.985,9.11,OFF,PAPER,1756
7.17,MANUAL,IDLE,,0,0.0,-0.175,-5.828,1.2,-0.087,0.031,0.0,-0.2,0.3,-2.4,-0.1,-0.062,-0.153,2.009,13.0,OFF,PAPER,1756
7.19,MANUAL,IDLE,,0,0.0,-0.177,-5.828,1.2,-0.095,0.037,0.0,-0.1,0.4,-2.5,0.045,0.33,-0.06,1.993,13.66,OFF,PAPER,1756
7.21,MANUAL,IDLE,,0,0.0,-0.179,-5.827,1.2,-0.083,0.035,0.0,0.0,0.2,-2.5,0.197,0.026,-0.033,1.982,10.37,OFF,PAPER,1756
7.23,MANUAL,IDLE,,0,0.0,-0.181,-5.826,1.2,-0.085,0.03,0.0,-0.0,0.3,-2.5,-0.059,-0.196,0.1,2.014,14.06,OFF,PAPER,1756
7.25,MANUAL,IDLE,,0,0.0,-0.182,-5.826,1.2,-0.098,0.035,0.0,-0.0,0.4,-2.4,-0.158,0.168,0.034,1.978,7.67,OFF,PAPER,1756
7.27,MANUAL,IDLE,,0,0.0,-0.184,-5.825,1.2,-0.099,0.024,0.0,-0.1,0.4,-2.3,-0.129,0.037,0.1,2.023,17.92,OFF,PAPER,1756
7.29,MANUAL,IDLE,,0,0.0,-0.186,-5.824,1.2,-0.102,0.023,0.0,-0.2,0.5,-2.1,0.13,0.312,0.172,1.986,11.26,OFF,PAPER,1756
7.31,MANUAL,IDLE,,0,0.0,-0.188,-5.824,1.2,-0.102,0.015,0.0,-0.3,0.5,-2.0,-0.052,0.087,0.127,1.994,10.65,OFF,PAPER,1756
7.33,MANUAL,IDLE,,0,0.0,-0.19,-5.824,1.2,-0.101,0.022,0.0,-0.3,0.5,-1.8,0.109,-0.014,0.175,1.967,5.46,OFF,PAPER,1756
7.35,MANUAL,IDLE,,0,0.0,-0.192,-5.823,1.2,-0.098,0.019,0.0,-0.3,0.5,-1.6,-0.333,-0.023,0.12,2.021,14.11,OFF,PAPER,1756
7.37,MANUAL,IDLE,,0,0.0,-0.194,-5.823,1.2,-0.099,0.014,0.0,-0.5,0.5,-1.5,0.039,0.064,0.072,1.986,11.59,OFF,PAPER,1756
7.39,MANUAL,IDLE,,0,0.0,-0.196,-5.823,1.2,-0.098,0.005,0.0,-0.6,0.5,-1.4,-0.164,-0.102,0.093,1.98,7.69,OFF,PAPER,1756
7.41,MANUAL,IDLE,,0,0.0,-0.198,-5.823,1.2,-0.094,0.014,0.0,-0.5,0.4,-1.4,0.23,-0.017,0.08,1.997,12.28,OFF,PAPER,1756
7.43,MANUAL,IDLE,,0,0.0,-0.2,-5.822,1.2,-0.088,0.014,0.0,-0.4,0.3,-1.3,-0.406,-0.048,-0.043,1.998,13.55,OFF,PAPER,1756
7.45,MANUAL,IDLE,,0,0.0,-0.202,-5.822,1.2,-0.081,0.021,0.0,-0.2,0.1,-1.4,-0.332,-0.152,-0.023,1.999,15.94,OFF,PAPER,1756
7.47,MANUAL,IDLE,,0,0.0,-0.203,-5.822,1.2,-0.08,0.016,0.0,-0.3,0.1,-1.4,-0.146,0.128,0.011,2.003,12.03,OFF,PAPER,1756
7.49,MANUAL,IDLE,,0,0.0,-0.205,-5.821,1.2,-0.085,0.009,0.0,-0.5,0.3,-1.4,-0.196,0.152,-0.005,2.012,13.53,OFF,PAPER,1756
7.51,MANUAL,IDLE,,0,0.0,-0.207,-5.821,1.2,-0.085,0.006,0.0,-0.6,0.3,-1.4,-0.331,0.082,0.036,2.022,14.38,OFF,PAPER,1756
7.53,MANUAL,IDLE,,0,0.0,-0.208,-5.821,1.2,-0.082,0.006,0.0,-0.7,0.3,-1.4,0.54,-0.305,-0.0,1.982,9.7,OFF,PAPER,1756
7.55,MANUAL,IDLE,,0,0.0,-0.21,-5.821,1.2,-0.077,0.008,0.0,-0.6,0.2,-1.5,-0.21,-0.038,-0.053,1.982,11.94,OFF,PAPER,1756
7.57,MANUAL,IDLE,,0,0.0,-0.211,-5.821,1.2,-0.081,0.012,0.0,-0.6,0.3,-1.4,-0.113,-0.219,0.023,1.981,8.23,OFF,PAPER,1756
7.59,MANUAL,IDLE,,0,0.0,-0.213,-5.82,1.2,-0.077,0.015,0.0,-0.6,0.2,-1.4,-0.275,0.047,0.064,1.967,6.54,OFF,PAPER,1756
7.61,MANUAL,IDLE,,0,0.0,-0.215,-5.82,1.2,-0.073,0.013,0.0,-0.6,0.1,-1.3,0.159,0.04,-0.014,1.987,9.18,OFF,PAPER,1756
7.63,MANUAL,IDLE,,0,0.0,-0.216,-5.82,1.2,-0.08,0.02,0.0,-0.5,0.2,-1.4,0.139,0.205,-0.029,1.974,7.44,OFF,PAPER,1756
7.65,MANUAL,IDLE,,0,0.0,-0.218,-5.819,1.2,-0.085,0.023,0.0,-0.4,0.3,-1.4,0.336,0.321,-0.062,2.012,16.02,OFF,PAPER,1756
7.67,MANUAL,IDLE,,0,0.0,-0.219,-5.819,1.2,-0.078,0.025,0.0,-0.3,0.1,-1.5,-0.055,-0.076,-0.034,1.979,12.8,OFF,PAPER,1756
7.69,MANUAL,IDLE,,0,0.0,-0.221,-5.818,1.2,-0.084,0.027,0.0,-0.2,0.3,-1.6,0.157,0.304,-0.111,1.978,9.87,OFF,PAPER,1756
7.71,MANUAL,IDLE,,0,0.0,-0.223,-5.818,1.2,-0.085,0.03,0.0,-0.1,0.2,-1.6,0.063,0.068,0.002,1.995,10.53,OFF,PAPER,1756
7.73,MANUAL,IDLE,,0,0.0,-0.224,-5.817,1.2,-0.078,0.025,0.0,-0.2,0.1,-1.6,-0.111,-0.069,0.037,1.984,8.57,OFF,PAPER,1756
7.75,MANUAL,IDLE,,0,0.0,-0.226,-5.817,1.2,-0.066,0.026,0.0,-0.3,-0.0,-1.6,0.205,-0.117,0.008,1.987,11.25,OFF,PAPER,1756
7.77,MANUAL,IDLE,,0,0.0,-0.227,-5.816,1.2,-0.062,0.023,0.0,-0.3,-0.1,-1.4,0.109,-0.024,0.095,1.962,2.62,OFF,PAPER,1756
7.79,MANUAL,IDLE,,0,0.0,-0.228,-5.816,1.2,-0.062,0.02,0.0,-0.4,-0.1,-1.3,0.174,0.043,0.135,2.001,12.36,OFF,PAPER,1756
7.81,MANUAL,IDLE,,0,0.0,-0.229,-5.815,1.2,-0.063,0.022,0.0,-0.4,-0.1,-1.1,0.165,-0.064,0.101,2.021,14.03,OFF,PAPER,1756
7.83,MANUAL,IDLE,,0,0.0,-0.231,-5.815,1.2,-0.065,0.017,0.0,-0.4,-0.1,-1.1,0.105,0.089,0.025,1.996,11.61,OFF,PAPER,1756
7.85,MANUAL,IDLE,,0,0.0,-0.232,-5.815,1.2,-0.063,0.015,0.0,-0.4,-0.1,-1.1,0.089,-0.17,0.008,1.966,4.73,OFF,PAPER,1756
7.87,MANUAL,IDLE,,0,0.0,-0.233,-5.814,1.2,-0.067,0.011,0.0,-0.5,0.0,-1.1,0.126,-0.029,-0.009,2.017,13.53,OFF,PAPER,1756
7.89,MANUAL,IDLE,,0,0.0,-0.235,-5.814,1.2,-0.064,0.015,0.0,-0.4,-0.1,-1.1,-0.035,0.146,-0.053,1.968,6.7,OFF,PAPER,1756
7.91,MANUAL,IDLE,,0,0.0,-0.236,-5.814,1.2,-0.059,0.019,0.0,-0.3,-0.1,-1.1,-0.095,-0.001,0.054,1.979,7.61,OFF,PAPER,1756
7.93,MANUAL,IDLE,,0,0.0,-0.237,-5.813,1.2,-0.057,0.019,0.0,-0.4,-0.2,-1.1,0.014,0.021,0.001,1.977,13.86,OFF,PAPER,1756
7.95,MANUAL,IDLE,,0,0.0,-0.238,-5.813,1.2,-0.069,0.016,0.0,-0.5,0.0,-1.1,0.047,0.166,0.013,1.965,6.73,OFF,PAPER,1756
7.97,MANUAL,IDLE,,0,0.0,-0.239,-5.813,1.2,-0.07,0.02,0.0,-0.4,0.1,-1.2,0.044,0.269,-0.034,1.99,10.05,OFF,PAPER,1756
7.99,MANUAL,IDLE,,0,0.0,-0.241,-5.812,1.2,-0.079,0.022,0.0,-0.2,0.2,-1.2,0.032,0.038,0.024,1.997,11.39,OFF,PAPER,1756
8.01,MANUAL,IDLE,,0,0.0,-0.243,-5.812,1.2,-0.074,0.022,0.0,-0.3,0.1,-1.1,-0.144,-0.118,0.084,1.982,14.18,OFF,PAPER,1756
8.03,MANUAL,IDLE,,0,0.0,-0.244,-5.812,1.2,-0.076,0.021,0.0,-0.3,0.1,-1.0,-0.255,-0.027,0.047,1.999,13.66,OFF,PAPER,1756
8.05,MANUAL,IDLE,,0,0.0,-0.246,-5.811,1.2,-0.079,0.022,0.0,-0.3,0.2,-0.9,-0.017,0.137,0.171,1.969,4.95,OFF,PAPER,1756
8.07,MANUAL,IDLE,,0,0.0,-0.247,-5.811,1.2,-0.086,0.022,0.0,-0.4,0.3,-0.8,0.259,-0.004,0.114,1.996,14.28,OFF,PAPER,1756
8.09,MANUAL,IDLE,,0,0.0,-0.249,-5.81,1.2,-0.081,0.024,0.0,-0.3,0.1,-0.7,0.041,-0.015,0.068,1.991,9.78,OFF,PAPER,1756
8.11,MANUAL,IDLE,,0,0.0,-0.251,-5.81,1.2,-0.085,0.024,0.0,-0.3,0.2,-0.6,-0.094,0.085,0.09,1.972,6.46,OFF,PAPER,1756
8.13,MANUAL,IDLE,,0,0.0,-0.252,-5.809,1.2,-0.086,0.024,0.0,-0.4,0.3,-0.6,-0.055,-0.04,0.025,1.962,10.91,OFF,PAPER,1756
8.15,MANUAL,IDLE,,0,0.0,-0.254,-5.809,1.2,-0.087,0.012,0.0,-0.5,0.4,-0.6,-0.211,-0.122,0.012,1.978,14.33,OFF,PAPER,1756
8.17,MANUAL,IDLE,,0,0.0,-0.256,-5.809,1.2,-0.078,0.012,0.0,-0.5,0.2,-0.6,0.169,0.063,0.056,2.013,17.48,OFF,PAPER,1756
8.19,MANUAL,IDLE,,0,0.0,-0.257,-5.809,1.2,-0.089,0.013,0.0,-0.4,0.4,-0.5,-0.173,-0.136,0.093,1.968,8.19,OFF,PAPER,1756
8.21,MANUAL,IDLE,,0,0.0,-0.259,-5.808,1.2,-0.084,0.014,0.0,-0.4,0.4,-0.4,0.133,-0.32,-0.005,1.964,8.51,OFF,PAPER,1756
8.23,MANUAL,IDLE,,0,0.0,-0.261,-5.808,1.2,-0.094,0.019,0.0,-0.3,0.5,-0.5,0.045,0.086,0.004,2.008,18.46,OFF,PAPER,1756
8.25,MANUAL,IDLE,,0,0.0,-0.263,-5.808,1.2,-0.084,0.027,0.0,-0.2,0.3,-0.4,0.315,-0.284,-0.001,1.987,12.7,OFF,PAPER,1756
8.27,MANUAL,IDLE,,0,0.0,-0.264,-5.807,1.2,-0.088,0.036,0.0,-0.0,0.3,-0.5,0.121,-0.109,-0.029,2.002,12.65,OFF,PAPER,1756
8.29,MANUAL,IDLE,,0,0.0,-0.266,-5.806,1.2,-0.089,0.043,0.0,0.1,0.3,-0.5,0.166,0.093,-0.022,1.994,11.35,OFF,PAPER,1756
8.31,MANUAL,IDLE,,0,0.0,-0.268,-5.805,1.2,-0.082,0.037,0.0,0.0,0.3,-0.5,0.017,-0.039,-0.046,1.983,12.6,OFF,PAPER,1756
8.33,MANUAL,IDLE,,0,0.0,-0.269,-5.805,1.2,-0.077,0.036,0.0,-0.0,0.2,-0.6,0.091,-0.131,-0.114,2.015,13.21,OFF,PAPER,1756
8.35,MANUAL,IDLE,,0,0.0,-0.271,-5.804,1.2,-0.078,0.046,0.0,0.1,0.3,-0.8,0.023,-0.08,-0.109,2.009,13.38,OFF,PAPER,1756
8.37,MANUAL,IDLE,,0,0.0,-0.273,-5.803,1.2,-0.075,0.041,0.0,0.1,0.3,-0.8,-0.122,0.194,-0.001,1.987,12.2,OFF,PAPER,1756
8.39,MANUAL,IDLE,,0,0.0,-0.274,-5.802,1.2,-0.078,0.048,0.0,0.2,0.4,-0.8,0.185,-0.016,0.077,2.005,14.94,OFF,PAPER,1756
8.41,MANUAL,IDLE,,0,0.0,-0.276,-5.801,1.2,-0.074,0.054,0.0,0.2,0.4,-0.7,0.068,0.122,0.048,1.996,17.15,OFF,PAPER,1756
8.43,MANUAL,IDLE,,0,0.0,-0.277,-5.8,1.2,-0.068,0.048,0.0,0.2,0.2,-0.6,-0.134,-0.35,0.004,2.009,17.06,OFF,PAPER,1756
8.45,MANUAL,IDLE,,0,0.0,-0.279,-5.799,1.2,-0.072,0.043,0.0,0.2,0.2,-0.6,0.038,0.055,-0.051,1.972,10.92,OFF,PAPER,1756
8.47,MANUAL,IDLE,,0,0.0,-0.28,-5.798,1.2,-0.074,0.039,0.0,0.1,0.2,-0.7,-0.152,0.138,-0.03,2.008,14.04,OFF,PAPER,1756
8.49,MANUAL,IDLE,,0,0.0,-0.282,-5.797,1.2,-0.081,0.038,0.0,0.2,0.4,-0.7,-0.023,0.247,-0.053,2.007,16.01,OFF,PAPER,1756
8.51,MANUAL,IDLE,,0,0.0,-0.283,-5.797,1.2,-0.08,0.032,0.0,0.1,0.4,-0.8,-0.159,0.129,-0.125,1.981,9.5,OFF,PAPER,1756
8.53,MANUAL,IDLE,,0,0.0,-0.285,-5.796,1.2,-0.076,0.035,0.0,0.2,0.3,-1.0,0.064,0.131,-0.158,1.986,12.18,OFF,PAPER,1756
8.55,MANUAL,IDLE,,0,0.0,-0.286,-5.795,1.2,-0.079,0.029,0.0,-0.0,0.4,-1.2,0.031,-0.024,-0.126,1.974,11.36,OFF,PAPER,1756
8.57,MANUAL,IDLE,,0,0.0,-0.288,-5.795,1.2,-0.077,0.031,0.0,0.0,0.4,-1.4,0.082,-0.085,-0.203,1.964,6.06,OFF,PAPER,1756
8.59,MANUAL,IDLE,,0,0.0,-0.289,-5.794,1.2,-0.077,0.022,0.0,-0.1,0.4,-1.6,0.164,-0.124,-0.199,1.965,10.45,OFF,PAPER,1756
8.61,MANUAL,IDLE,,0,0.0,-0.291,-5.794,1.2,-0.076,0.025,0.0,-0.0,0.3,-1.7,0.054,0.304,-0.14,2.045,18.11,OFF,PAPER,1756
8.63,MANUAL,IDLE,,0,0.0,-0.292,-5.793,1.2,-0.065,0.026,0.0,0.1,0.2,-1.8,-0.244,0.042,-0.128,1.983,8.55,OFF,PAPER,1756
8.65,MANUAL,IDLE,,0,0.0,-0.294,-5.793,1.2,-0.068,0.017,0.0,-0.0,0.3,-1.9,-0.278,-0.069,-0.074,1.989,11.52,OFF,PAPER,1756
8.67,MANUAL,IDLE,,0,0.0,-0.295,-5.793,1.2,-0.068,0.014,0.0,-0.1,0.3,-2.0,0.467,-0.065,-0.03,1.962,1.64,OFF,PAPER,1756
8.69,MANUAL,IDLE,,0,0.0,-0.296,-5.792,1.2,-0.076,0.009,0.0,-0.2,0.4,-2.1,-0.118,0.372,0.008,1.98,8.24,OFF,PAPER,1756
8.71,MANUAL,IDLE,,0,0.0,-0.298,-5.792,1.2,-0.071,0.009,0.0,-0.2,0.4,-2.1,0.125,0.022,0.009,1.996,14.49,OFF,PAPER,1756
8.73,MANUAL,IDLE,,0,0.0,-0.299,-5.792,1.2,-0.065,0.018,0.0,-0.1,0.3,-2.1,0.333,0.021,-0.104,1.979,11.47,OFF,PAPER,1756
8.75,MANUAL,IDLE,,0,0.0,-0.3,-5.792,1.2,-0.055,0.017,0.0,-0.1,0.2,-2.2,0.131,-0.189,-0.139,2.046,16.91,OFF,PAPER,1756
8.77,MANUAL,IDLE,,0,0.0,-0.302,-5.791,1.2,-0.057,0.01,0.0,-0.2,0.2,-2.4,-0.203,-0.053,-0.158,1.966,3.76,OFF,PAPER,1756
8.79,MANUAL,IDLE,,0,0.0,-0.303,-5.791,1.2,-0.057,0.013,0.0,-0.3,0.2,-2.6,0.139,0.048,-0.177,1.989,9.5,OFF,PAPER,1756
8.81,MANUAL,IDLE,,0,0.0,-0.304,-5.791,1.2,-0.059,0.01,0.0,-0.3,0.3,-2.8,-0.191,-0.044,-0.132,1.971,10.44,OFF,PAPER,1756
8.83,MANUAL,IDLE,,0,0.0,-0.305,-5.791,1.2,-0.055,0.013,0.0,-0.4,0.2,-2.9,-0.028,-0.282,-0.097,1.972,8.95,OFF,PAPER,1756
8.85,MANUAL,IDLE,,0,0.0,-0.306,-5.79,1.2,-0.06,0.014,0.0,-0.4,0.2,-3.1,-0.156,-0.164,-0.146,1.993,12.61,OFF,PAPER,1756
8.87,MANUAL,IDLE,,0,0.0,-0.307,-5.79,1.2,-0.062,0.015,0.0,-0.4,0.2,-3.3,-0.015,0.253,-0.128,1.989,14.35,OFF,PAPER,1756
8.89,MANUAL,IDLE,,0,0.0,-0.309,-5.79,1.2,-0.068,0.016,0.0,-0.4,0.3,-3.3,-0.139,0.281,0.008,2.002,13.92,OFF,PAPER,1756
8.91,MANUAL,IDLE,,0,0.0,-0.31,-5.789,1.2,-0.066,0.018,0.0,-0.5,0.2,-3.3,-0.076,0.119,0.04,2.005,12.29,OFF,PAPER,1756
8.93,MANUAL,IDLE,,0,0.0,-0.311,-5.789,1.2,-0.059,0.019,0.0,-0.5,0.0,-3.2,0.083,0.115,0.121,1.965,5.65,OFF,PAPER,1756
8.95,MANUAL,IDLE,,0,0.0,-0.312,-5.789,1.2,-0.056,0.027,0.0,-0.5,0.1,-3.1,-0.015,0.328,0.094,2.028,14.91,OFF,PAPER,1756
8.97,MANUAL,IDLE,,0,0.0,-0.314,-5.788,1.2,-0.057,0.033,0.0,-0.5,0.1,-3.0,0.065,-0.131,0.078,1.998,12.04,OFF,PAPER,1756
8.99,MANUAL,IDLE,,0,0.0,-0.315,-5.787,1.2,-0.051,0.029,0.0,-0.6,0.0,-2.9,0.217,-0.512,0.034,1.979,10.02,OFF,PAPER,1756
9.01,MANUAL,IDLE,,0,0.0,-0.316,-5.787,1.2,-0.051,0.033,0.0,-0.5,0.0,-2.9,0.541,0.068,0.036,1.983,11.53,OFF,PAPER,1756
9.03,MANUAL,IDLE,,0,0.0,-0.317,-5.786,1.2,-0.054,0.033,0.0,-0.4,0.0,-2.7,-0.024,0.069,0.15,1.988,12.42,OFF,PAPER,1756
9.05,MANUAL,IDLE,,0,0.0,-0.318,-5.785,1.2,-0.057,0.031,0.0,-0.4,0.1,-2.5,-0.15,0.061,0.206,1.98,9.54,OFF,PAPER,1756
9.07,MANUAL,IDLE,,0,0.0,-0.319,-5.785,1.2,-0.053,0.03,0.0,-0.4,0.1,-2.2,0.074,-0.215,0.242,2.004,11.82,OFF,PAPER,1756
9.09,MANUAL,IDLE,,0,0.0,-0.32,-5.784,1.2,-0.044,0.024,0.0,-0.5,-0.1,-2.0,-0.002,0.076,0.183,1.991,13.41,OFF,PAPER,1756
9.11,MANUAL,IDLE,,0,0.0,-0.321,-5.784,1.2,-0.036,0.038,0.0,-0.3,-0.3,-1.8,0.506,-0.281,0.12,2.014,13.16,OFF,PAPER,1756
9.13,MANUAL,IDLE,,0,0.0,-0.321,-5.783,1.2,-0.043,0.055,0.0,-0.0,-0.1,-1.6,0.24,0.008,0.065,2.0,11.69,OFF,PAPER,1756
9.15,MANUAL,IDLE,,0,0.0,-0.322,-5.782,1.2,-0.039,0.059,0.0,0.0,-0.2,-1.6,0.285,0.145,0.027,1.997,10.87,OFF,PAPER,1756
9.17,MANUAL,IDLE,,0,0.0,-0.323,-5.781,1.2,-0.045,0.062,0.0,0.1,-0.1,-1.6,-0.0,0.088,-0.124,1.988,13.19,OFF,PAPER,1756
9.19,MANUAL,IDLE,,0,0.0,-0.324,-5.779,1.2,-0.041,0.052,0.0,-0.1,-0.1,-1.8,-0.487,-0.119,-0.093,1.992,13.52,OFF,PAPER,1756
9.21,MANUAL,IDLE,,0,0.0,-0.325,-5.778,1.2,-0.051,0.055,0.0,-0.0,-0.1,-1.8,-0.371,-0.114,-0.11,1.972,10.07,OFF,PAPER,1756
9.23,MANUAL,IDLE,,0,0.0,-0.326,-5.777,1.2,-0.053,0.065,0.0,0.0,0.0,-2.1,0.052,0.058,-0.265,1.962,10.68,OFF,PAPER,1756
9.25,MANUAL,IDLE,,0,0.0,-0.327,-5.776,1.2,-0.053,0.062,0.0,0.1,0.1,-2.3,-0.022,0.023,-0.125,1.965,5.69,OFF,PAPER,1756
9.27,MANUAL,IDLE,,0,0.0,-0.328,-5.775,1.2,-0.055,0.058,0.0,0.0,0.1,-2.5,-0.145,0.027,-0.179,1.979,8.49,OFF,PAPER,1756
9.29,MANUAL,IDLE,,0,0.0,-0.329,-5.773,1.2,-0.056,0.053,0.0,-0.1,0.1,-2.6,-0.352,0.142,-0.108,2.009,14.81,OFF,PAPER,1756
9.31,MANUAL,IDLE,,0,0.0,-0.33,-5.772,1.2,-0.057,0.062,0.0,0.0,0.1,-2.7,-0.055,0.089,0.014,1.973,6.66,OFF,PAPER,1756
9.33,MANUAL,IDLE,,0,0.0,-0.331,-5.771,1.2,-0.054,0.052,0.0,-0.2,0.1,-2.7,-0.332,-0.227,0.057,2.003,14.4,OFF,PAPER,1756
9.35,MANUAL,IDLE,,0,0.0,-0.333,-5.77,1.2,-0.064,0.039,0.0,-0.4,0.1,-2.6,-0.078,0.289,0.057,1.994,12.23,OFF,PAPER,1756
9.37,MANUAL,IDLE,,0,0.0,-0.334,-5.77,1.2,-0.065,0.031,0.0,-0.6,0.1,-2.5,-0.234,-0.021,0.167,1.988,10.25,OFF,PAPER,1756
9.39,MANUAL,IDLE,,0,0.0,-0.335,-5.769,1.2,-0.065,0.029,0.0,-0.6,0.1,-2.2,-0.09,-0.079,0.151,2.013,14.17,OFF,PAPER,1756
9.41,MANUAL,IDLE,,0,0.0,-0.337,-5.768,1.2,-0.067,0.036,0.0,-0.6,0.1,-2.1,0.223,0.203,0.196,1.964,3.54,OFF,PAPER,1756
9.43,MANUAL,IDLE,,0,0.0,-0.338,-5.767,1.2,-0.057,0.035,0.0,-0.5,0.1,-1.9,-0.103,-0.291,0.193,1.964,3.28,OFF,PAPER,1756
9.45,MANUAL,IDLE,,0,0.0,-0.339,-5.767,1.2,-0.045,0.032,0.0,-0.4,-0.1,-1.7,0.266,-0.318,0.165,1.986,11.24,OFF,PAPER,1756
9.47,MANUAL,IDLE,,0,0.0,-0.34,-5.766,1.2,-0.041,0.029,0.0,-0.5,-0.2,-1.5,0.133,-0.193,0.134,1.983,10.16,OFF,PAPER,1756
9.49,MANUAL,IDLE,,0,0.0,-0.341,-5.766,1.2,-0.041,0.039,0.0,-0.4,-0.2,-1.3,-0.003,0.105,0.15,1.979,7.74,OFF,PAPER,1756
9.51,MANUAL,IDLE,,0,0.0,-0.341,-5.765,1.2,-0.048,0.04,0.0,-0.4,-0.1,-1.2,-0.308,0.198,0.034,2.017,13.47,OFF,PAPER,1756
9.53,MANUAL,IDLE,,0,0.0,-0.342,-5.764,1.2,-0.052,0.041,0.0,-0.4,-0.0,-1.1,-0.085,0.443,0.027,1.972,6.39,OFF,PAPER,1756
9.55,MANUAL,IDLE,,0,0.0,-0.344,-5.763,1.2,-0.061,0.039,0.0,-0.5,0.2,-1.1,-0.198,0.182,0.029,1.988,13.75,OFF,PAPER,1756
9.57,MANUAL,IDLE,,0,0.0,-0.345,-5.762,1.2,-0.068,0.049,0.0,-0.4,0.2,-1.1,0.415,-0.106,-0.004,1.997,12.47,OFF,PAPER,1756
9.59,MANUAL,IDLE,,0,0.0,-0.346,-5.761,1.2,-0.067,0.053,0.0,-0.2,0.2,-1.1,0.305,0.259,-0.115,1.963,8.31,OFF,PAPER,1756
9.61,MANUAL,IDLE,,0,0.0,-0.348,-5.76,1.2,-0.066,0.054,0.0,-0.2,0.2,-1.3,0.054,0.049,-0.101,1.98,9.24,OFF,PAPER,1756
9.63,MANUAL,IDLE,,0,0.0,-0.349,-5.759,1.2,-0.052,0.049,0.0,-0.2,-0.0,-1.4,0.107,-0.248,-0.242,2.002,11.6,OFF,PAPER,1756
9.65,MANUAL,IDLE,,0,0.0,-0.35,-5.758,1.2,-0.059,0.057,0.0,-0.1,0.1,-1.6,0.258,0.193,-0.093,1.973,6.75,OFF,PAPER,1756
9.67,MANUAL,IDLE,,0,0.0,-0.351,-5.757,1.2,-0.062,0.062,0.0,-0.1,0.1,-1.6,0.198,0.087,-0.046,1.985,11.44,OFF,PAPER,1756
9.69,MANUAL,IDLE,,0,0.0,-0.352,-5.756,1.2,-0.076,0.057,0.0,-0.1,0.3,-1.7,-0.037,0.172,-0.182,1.994,14.77,OFF,PAPER,1756
9.71,MANUAL,IDLE,,0,0.0,-0.354,-5.755,1.2,-0.077,0.058,0.0,-0.1,0.3,-1.9,-0.077,-0.232,-0.172,1.965,8.51,OFF,PAPER,1756
9.73,MANUAL,IDLE,,0,0.0,-0.356,-5.753,1.2,-0.081,0.066,0.0,0.0,0.4,-2.1,-0.021,0.259,-0.04,1.97,6.56,OFF,PAPER,1756
9.75,MANUAL,IDLE,,0,0.0,-0.357,-5.752,1.2,-0.073,0.068,0.0,0.1,0.3,-2.1,0.096,-0.117,-0.043,1.977,8.05,OFF,PAPER,1756
9.77,MANUAL,IDLE,,0,0.0,-0.358,-5.751,1.2,-0.072,0.062,0.0,0.1,0.2,-2.1,0.138,0.172,-0.033,2.007,16.24,OFF,PAPER,1756
9.79,MANUAL,IDLE,,0,0.0,-0.36,-5.749,1.2,-0.074,0.069,0.0,0.3,0.3,-2.2,0.116,0.13,-0.016,1.995,14.32,OFF,PAPER,1756
9.81,MANUAL,IDLE,,0,0.0,-0.361,-5.748,1.2,-0.071,0.069,0.0,0.2,0.2,-2.1,0.042,0.055,0.058,1.994,10.86,OFF,PAPER,1756
9.83,MANUAL,IDLE,,0,0.0,-0.363,-5.747,1.2,-0.08,0.067,0.0,0.2,0.3,-2.1,-0.19,-0.019,-0.019,1.982,11.3,OFF,PAPER,1756
9.85,MANUAL,IDLE,,0,0.0,-0.364,-5.745,1.2,-0.081,0.072,0.0,0.3,0.3,-2.1,0.359,0.367,0.002,1.978,12.39,OFF,PAPER,1756
9.87,MANUAL,IDLE,,0,0.0,-0.366,-5.744,1.2,-0.076,0.067,0.0,0.2,0.2,-2.1,0.217,-0.208,0.028,2.002,14.88,OFF,PAPER,1756
9.89,MANUAL,IDLE,,0,0.0,-0.367,-5.743,1.2,-0.075,0.066,0.0,0.2,0.1,-2.1,0.183,0.108,0.045,1.967,5.9,OFF,PAPER,1756
9.91,MANUAL,IDLE,,0,0.0,-0.369,-5.741,1.2,-0.073,0.063,0.0,0.2,0.1,-2.1,-0.187,0.024,-0.058,2.03,14.87,OFF,PAPER,1756
9.93,MANUAL,IDLE,,0,0.0,-0.37,-5.74,1.2,-0.079,0.064,0.0,0.2,0.3,-2.1,-0.317,0.199,-0.013,1.994,10.43,OFF,PAPER,1756
9.95,MANUAL,IDLE,,0,0.0,-0.372,-5.739,1.2,-0.081,0.063,0.0,0.1,0.4,-2.1,-0.2,-0.163,0.062,1.992,11.03,OFF,PAPER,1756
9.97,MANUAL,IDLE,,0,0.0,-0.374,-5.737,1.2,-0.072,0.071,0.0,0.2,0.3,-2.1,0.178,-0.09,0.002,1.989,13.29,OFF,PAPER,1756
9.99,MANUAL,IDLE,,0,0.0,-0.375,-5.736,1.2,-0.056,0.075,0.0,0.3,0.0,-2.1,-0.278,-0.535,0.004,2.023,14.57,OFF,PAPER,1756
10.01,MANUAL,IDLE,,0,0.0,-0.376,-5.734,1.2,-0.058,0.079,0.0,0.3,-0.0,-2.1,0.008,0.268,0.037,1.969,7.55,OFF,PAPER,1756
10.03,MANUAL,IDLE,,0,0.0,-0.377,-5.733,1.2,-0.056,0.078,0.0,0.2,0.0,-2.1,0.117,-0.072,-0.063,2.01,12.55,OFF,PAPER,1756
10.05,MANUAL,IDLE,,0,0.0,-0.378,-5.731,1.2,-0.057,0.076,0.0,0.1,-0.1,-2.2,-0.196,0.177,-0.099,2.004,11.9,OFF,PAPER,1756
10.07,MANUAL,IDLE,,0,0.0,-0.38,-5.73,1.2,-0.058,0.071,0.0,0.0,-0.1,-2.3,-0.046,0.187,-0.036,2.004,15.1,OFF,PAPER,1756
10.09,MANUAL,IDLE,,0,0.0,-0.381,-5.728,1.2,-0.06,0.07,0.0,-0.0,0.0,-2.3,-0.198,-0.014,-0.018,1.985,12.36,OFF,PAPER,1756
10.11,MANUAL,IDLE,,0,0.0,-0.382,-5.727,1.2,-0.05,0.072,0.0,-0.0,-0.1,-2.3,0.008,-0.262,-0.098,1.988,9.28,OFF,PAPER,1756
10.13,MANUAL,IDLE,,0,0.0,-0.383,-5.726,1.2,-0.053,0.073,0.0,0.1,-0.1,-2.5,-0.049,-0.034,-0.07,1.988,10.05,OFF,PAPER,1756
10.15,MANUAL,IDLE,,0,0.0,-0.384,-5.724,1.2,-0.055,0.072,0.0,0.1,-0.1,-2.6,-0.112,0.058,-0.158,2.001,15.52,OFF,PAPER,1756
10.17,MANUAL,IDLE,,0,0.0,-0.385,-5.723,1.2,-0.049,0.068,0.0,-0.0,-0.2,-2.7,-0.08,0.022,-0.048,1.987,10.69,OFF,PAPER,1756
10.19,MANUAL,IDLE,,0,0.0,-0.386,-5.721,1.2,-0.05,0.067,0.0,-0.0,-0.2,-2.7,-0.335,-0.506,-0.058,2.01,13.02,OFF,PAPER,1756
10.21,MANUAL,IDLE,,0,0.0,-0.387,-5.72,1.2,-0.054,0.078,0.0,0.1,-0.2,-2.7,0.112,0.131,0.046,1.983,10.39,OFF,PAPER,1756
10.23,MANUAL,IDLE,,0,0.0,-0.388,-5.718,1.2,-0.053,0.069,0.0,-0.1,-0.3,-2.7,0.108,0.069,0.036,1.985,9.23,OFF,PAPER,1756
10.25,MANUAL,IDLE,,0,0.0,-0.389,-5.717,1.2,-0.052,0.065,0.0,-0.1,-0.3,-2.7,-0.148,0.287,0.007,2.011,14.04,OFF,PAPER,1756
10.27,MANUAL,IDLE,,0,0.0,-0.39,-5.716,1.2,-0.045,0.064,0.0,-0.1,-0.4,-2.7,-0.14,0.08,-0.059,1.992,12.27,OFF,PAPER,1756
10.29,MANUAL,IDLE,,0,0.0,-0.391,-5.714,1.2,-0.045,0.06,0.0,-0.2,-0.4,-2.7,0.035,-0.012,-0.024,1.976,7.83,OFF,PAPER,1756
10.31,MANUAL,IDLE,,0,0.0,-0.392,-5.713,1.2,-0.051,0.058,0.0,-0.3,-0.4,-2.8,-0.216,0.171,-0.106,1.97,9.1,OFF,PAPER,1756
10.33,MANUAL,IDLE,,0,0.0,-0.393,-5.712,1.2,-0.054,0.064,0.0,-0.2,-0.4,-2.9,0.165,0.221,-0.091,1.992,9.93,OFF,PAPER,1756
10.35,MANUAL,IDLE,,0,0.0,-0.394,-5.711,1.2,-0.056,0.073,0.0,-0.1,-0.4,-3.0,0.088,0.28,0.013,1.965,7.74,OFF,PAPER,1756
10.37,MANUAL,IDLE,,0,0.0,-0.395,-5.709,1.2,-0.059,0.077,0.0,-0.0,-0.5,-2.9,0.231,-0.159,0.036,2.014,15.88,OFF,PAPER,1756
10.39,MANUAL,IDLE,,0,0.0,-0.396,-5.708,1.2,-0.061,0.071,0.0,-0.1,-0.5,-2.8,-0.196,-0.068,0.068,1.984,12.39,OFF,PAPER,1756
10.41,MANUAL,IDLE,,0,0.0,-0.398,-5.706,1.2,-0.064,0.066,0.0,-0.2,-0.5,-2.7,-0.341,0.174,0.071,1.98,8.43,OFF,PAPER,1756
10.43,MANUAL,IDLE,,0,0.0,-0.399,-5.705,1.2,-0.064,0.066,0.0,-0.1,-0.5,-2.7,-0.308,-0.003,0.009,2.008,12.97,OFF,PAPER,1756
10.45,MANUAL,IDLE,,0,0.0,-0.4,-5.704,1.2,-0.059,0.061,0.0,-0.2,-0.5,-2.7,-0.18,-0.247,0.055,1.973,7.74,OFF,PAPER,1756
10.47,MANUAL,IDLE,,0,0.0,-0.401,-5.703,1.2,-0.072,0.063,0.0,-0.1,-0.4,-2.7,0.173,0.672,-0.033,1.966,9.1,OFF,PAPER,1756
10.49,MANUAL,IDLE,,0,0.0,-0.403,-5.701,1.2,-0.077,0.055,0.0,-0.2,-0.2,-2.7,0.087,0.015,0.006,2.001,15.37,OFF,PAPER,1756
10.51,MANUAL,IDLE,,0,0.0,-0.404,-5.7,1.2,-0.075,0.053,0.0,-0.3,-0.1,-2.7,0.056,-0.319,0.029,1.985,9.17,OFF,PAPER,1756
10.53,MANUAL,IDLE,,0,0.0,-0.406,-5.699,1.2,-0.083,0.052,0.0,-0.3,0.1,-2.7,-0.018,0.122,-0.014,1.982,8.09,OFF,PAPER,1756
10.55,MANUAL,IDLE,,0,0.0,-0.408,-5.698,1.2,-0.088,0.057,0.0,-0.1,0.2,-2.6,-0.106,0.023,0.065,1.99,10.78,OFF,PAPER,1756
10.57,MANUAL,IDLE,,0,0.0,-0.41,-5.697,1.2,-0.091,0.061,0.0,-0.1,0.3,-2.6,0.402,-0.045,0.018,2.012,13.1,OFF,PAPER,1756
10.59,MANUAL,IDLE,,0,0.0,-0.411,-5.696,1.2,-0.089,0.067,0.0,0.0,0.3,-2.5,0.03,-0.026,0.014,1.971,10.84,OFF,PAPER,1756
10.61,MANUAL,IDLE,,0,0.0,-0.413,-5.694,1.2,-0.09,0.069,0.0,0.1,0.4,-2.4,0.027,0.121,0.134,1.981,10.65,OFF,PAPER,1756
10.63,MANUAL,IDLE,,0,0.0,-0.415,-5.693,1.2,-0.087,0.077,0.0,0.3,0.4,-2.3,-0.117,0.028,0.173,1.968,4.68,OFF,PAPER,1756
10.65,MANUAL,IDLE,,0,0.0,-0.417,-5.691,1.2,-0.088,0.082,0.0,0.4,0.4,-2.1,0.195,0.033,0.102,1.997,12.29,OFF,PAPER,1756
10.67,MANUAL,IDLE,,0,0.0,-0.418,-5.69,1.2,-0.088,0.08,0.0,0.3,0.3,-2.0,0.135,-0.219,0.042,1.992,9.94,OFF,PAPER,1756
10.69,MANUAL,IDLE,,0,0.0,-0.42,-5.688,1.2,-0.084,0.083,0.0,0.4,0.2,-1.9,0.04,0.113,0.012,2.02,14.18,OFF,PAPER,1756
10.71,MANUAL,IDLE,,0,0.0,-0.422,-5.686,1.2,-0.091,0.075,0.0,0.2,0.3,-1.9,0.328,0.161,0.072,1.993,10.2,OFF,PAPER,1756
10.73,MANUAL,IDLE,,0,0.0,-0.424,-5.685,1.2,-0.095,0.072,0.0,0.2,0.3,-1.8,-0.167,-0.089,0.082,1.986,12.38,OFF,PAPER,1756
10.75,MANUAL,IDLE,,0,0.0,-0.426,-5.683,1.2,-0.093,0.075,0.0,0.3,0.3,-1.7,0.132,0.108,0.09,1.987,10.79,OFF,PAPER,1756
10.77,MANUAL,IDLE,,0,0.0,-0.428,-5.682,1.2,-0.099,0.073,0.0,0.3,0.5,-1.6,-0.11,0.33,-0.042,2.031,17.16,OFF,PAPER,1756
10.79,MANUAL,IDLE,,0,0.0,-0.429,-5.681,1.2,-0.094,0.077,0.0,0.3,0.5,-1.7,0.138,-0.362,-0.082,1.963,9.28,OFF,PAPER,1756
10.81,MANUAL,IDLE,,0,0.0,-0.431,-5.679,1.2,-0.095,0.079,0.0,0.2,0.5,-1.8,0.049,-0.012,-0.036,1.975,7.33,OFF,PAPER,1756
10.83,MANUAL,IDLE,,0,0.0,-0.433,-5.677,1.2,-0.09,0.082,0.0,0.3,0.4,-1.9,-0.039,0.019,-0.084,1.966,10.76,OFF,PAPER,1756
10.85,MANUAL,IDLE,,0,0.0,-0.435,-5.676,1.2,-0.089,0.076,0.0,0.2,0.5,-2.0,-0.123,-0.021,-0.078,1.989,9.54,OFF,PAPER,1756
10.87,MANUAL,IDLE,,0,0.0,-0.437,-5.674,1.2,-0.079,0.073,0.0,0.1,0.4,-2.0,-0.023,-0.245,0.007,1.993,11.48,OFF,PAPER,1756
10.89,MANUAL,IDLE,,0,0.0,-0.438,-5.673,1.2,-0.068,0.079,0.0,0.1,0.2,-2.0,0.457,0.18,0.011,1.992,13.81,OFF,PAPER,1756
10.91,MANUAL,IDLE,,0,0.0,-0.439,-5.671,1.2,-0.066,0.074,0.0,0.1,0.2,-1.9,-0.335,-0.103,0.091,2.023,17.8,OFF,PAPER,1756
10.93,MANUAL,IDLE,,0,0.0,-0.441,-5.67,1.2,-0.062,0.072,0.0,0.1,0.1,-1.8,0.029,-0.054,0.142,2.048,20.27,OFF,PAPER,1756
10.95,MANUAL,IDLE,,0,0.0,-0.442,-5.668,1.2,-0.06,0.073,0.0,0.0,0.1,-1.7,-0.311,-0.033,0.098,1.996,11.42,OFF,PAPER,1756
10.97,MANUAL,IDLE,,0,0.0,-0.443,-5.667,1.2,-0.063,0.082,0.0,0.2,0.2,-1.7,-0.269,0.285,-0.063,1.971,7.91,OFF,PAPER,1756
10.99,MANUAL,IDLE,,0,0.0,-0.444,-5.665,1.2,-0.064,0.088,0.0,0.1,0.3,-1.7,-0.237,0.13,-0.088,1.964,9.59,OFF,PAPER,1756
11.01,MANUAL,IDLE,,0,0.0,-0.446,-5.663,1.2,-0.062,0.084,0.0,0.1,0.2,-1.9,0.116,-0.052,-0.105,1.99,11.46,OFF,PAPER,1756
11.03,MANUAL,IDLE,,0,0.0,-0.447,-5.662,1.2,-0.064,0.083,0.0,0.1,0.3,-1.9,0.247,-0.185,-0.039,2.018,17.82,OFF,PAPER,1756
11.05,MANUAL,IDLE,,0,0.0,-0.448,-5.66,1.2,-0.06,0.08,0.0,0.1,0.2,-1.9,-0.013,0.208,-0.021,1.992,14.01,OFF,PAPER,1756
11.07,MANUAL,IDLE,,0,0.0,-0.449,-5.659,1.2,-0.053,0.074,0.0,-0.0,0.2,-2.0,0.039,0.018,-0.096,1.994,11.24,OFF,PAPER,1756
11.09,MANUAL,IDLE,,0,0.0,-0.45,-5.657,1.2,-0.052,0.076,0.0,0.0,0.1,-2.1,-0.152,0.0,-0.063,1.981,10.58,OFF,PAPER,1756
11.11,MANUAL,IDLE,,0,0.0,-0.451,-5.656,1.2,-0.055,0.073,0.0,0.1,0.1,-2.1,-0.119,0.009,-0.124,1.989,10.11,OFF,PAPER,1756
11.13,MANUAL,IDLE,,0,0.0,-0.453,-5.654,1.2,-0.056,0.073,0.0,0.0,0.0,-2.2,-0.238,-0.14,0.071,2.022,17.79,OFF,PAPER,1756
11.15,MANUAL,IDLE,,0,0.0,-0.454,-5.653,1.2,-0.06,0.073,0.0,-0.0,0.1,-2.1,0.235,-0.23,-0.072,2.0,15.42,OFF,PAPER,1756
11.17,MANUAL,IDLE,,0,0.0,-0.455,-5.651,1.2,-0.058,0.071,0.0,-0.0,0.1,-2.2,-0.031,0.179,-0.051,1.989,9.77,OFF,PAPER,1756
11.19,MANUAL,IDLE,,0,0.0,-0.456,-5.65,1.2,-0.057,0.072,0.0,0.0,0.1,-2.3,-0.072,0.224,0.002,2.002,14.88,OFF,PAPER,1756
11.21,MANUAL,IDLE,,0,0.0,-0.457,-5.648,1.2,-0.054,0.073,0.0,0.1,0.1,-2.3,-0.114,-0.519,-0.048,1.989,10.29,OFF,PAPER,1756
11.23,MANUAL,IDLE,,0,0.0,-0.458,-5.647,1.2,-0.059,0.063,0.0,-0.1,0.1,-2.3,-0.014,0.161,0.066,1.993,12.79,OFF,PAPER,1756
11.25,MANUAL,IDLE,,0,0.0,-0.459,-5.646,1.2,-0.057,0.058,0.0,-0.2,0.2,-2.3,-0.176,-0.203,-0.063,1.996,14.14,OFF,PAPER,1756
11.27,MANUAL,IDLE,,0,0.0,-0.461,-5.645,1.2,-0.059,0.06,0.0,-0.2,0.2,-2.4,0.016,0.111,-0.039,1.991,12.24,OFF,PAPER,1756
11.29,MANUAL,IDLE,,0,0.0,-0.462,-5.643,1.2,-0.051,0.052,0.0,-0.4,0.1,-2.4,-0.215,0.151,0.002,1.967,10.64,OFF,PAPER,1756
11.31,MANUAL,IDLE,,0,0.0,-0.463,-5.642,1.2,-0.043,0.05,0.0,-0.3,-0.1,-2.4,0.009,-0.103,-0.017,2.006,12.57,OFF,PAPER,1756
11.33,MANUAL,IDLE,,0,0.0,-0.463,-5.641,1.2,-0.045,0.055,0.0,-0.3,-0.1,-2.4,0.143,-0.108,-0.1,1.978,9.4,OFF,PAPER,1756
11.35,MANUAL,IDLE,,0,0.0,-0.464,-5.64,1.2,-0.047,0.056,0.0,-0.3,-0.0,-2.6,-0.245,0.113,-0.15,2.011,15.23,OFF,PAPER,1756
11.37,MANUAL,IDLE,,0,0.0,-0.465,-5.639,1.2,-0.048,0.064,0.0,-0.2,-0.1,-2.7,-0.025,0.056,-0.083,2.009,13.43,OFF,PAPER,1756
11.39,MANUAL,IDLE,,0,0.0,-0.466,-5.638,1.2,-0.043,0.065,0.0,-0.2,-0.1,-2.8,0.095,-0.138,-0.118,1.977,11.05,OFF,PAPER,1756
11.41,MANUAL,IDLE,,0,0.0,-0.467,-5.636,1.2,-0.046,0.074,0.0,-0.1,-0.1,-3.0,0.265,0.205,-0.12,2.024,18.9,OFF,PAPER,1756
11.43,MANUAL,IDLE,,0,0.0,-0.468,-5.635,1.2,-0.04,0.077,0.0,-0.0,-0.2,-3.0,0.146,-0.235,-0.033,1.992,12.35,OFF,PAPER,1756
11.45,MANUAL,IDLE,,0,0.0,-0.469,-5.633,1.2,-0.035,0.074,0.0,-0.0,-0.2,-3.0,0.057,-0.125,0.113,1.987,10.59,OFF,PAPER,1756
11.47,MANUAL,IDLE,,0,0.0,-0.47,-5.632,1.2,-0.045,0.077,0.0,0.1,-0.0,-2.9,0.149,0.223,0.103,1.999,11.12,OFF,PAPER,1756
11.49,MANUAL,IDLE,,0,0.0,-0.47,-5.63,1.2,-0.041,0.075,0.0,-0.0,-0.1,-2.8,-0.181,-0.399,0.107,1.964,2.46,OFF,PAPER,1756
11.51,MANUAL,IDLE,,0,0.0,-0.471,-5.629,1.2,-0.041,0.08,0.0,0.0,-0.2,-2.7,0.243,-0.035,0.041,1.989,9.65,OFF,PAPER,1756
11.53,MANUAL,IDLE,,0,0.0,-0.472,-5.627,1.2,-0.048,0.076,0.0,-0.0,-0.1,-2.7,-0.111,-0.065,0.034,1.975,8.2,OFF,PAPER,1756
11.55,MANUAL,IDLE,,0,0.0,-0.473,-5.626,1.2,-0.053,0.072,0.0,-0.1,-0.1,-2.6,-0.164,0.011,-0.012,1.999,12.08,OFF,PAPER,1756
11.57,MANUAL,IDLE,,0,0.0,-0.474,-5.624,1.2,-0.054,0.07,0.0,-0.2,-0.1,-2.6,0.021,0.009,0.017,1.978,8.57,OFF,PAPER,1756
11.59,MANUAL,IDLE,,0,0.0,-0.475,-5.623,1.2,-0.057,0.073,0.0,-0.1,0.0,-2.7,0.036,0.108,0.033,1.97,9.46,OFF,PAPER,1756
11.61,MANUAL,IDLE,,0,0.0,-0.477,-5.621,1.2,-0.058,0.072,0.0,-0.1,0.0,-2.6,-0.202,0.016,0.032,1.99,12.91,OFF,PAPER,1756
11.63,MANUAL,IDLE,,0,0.0,-0.478,-5.62,1.2,-0.058,0.073,0.0,-0.1,0.0,-2.6,-0.175,-0.044,0.059,1.965,3.2,OFF,PAPER,1756
11.65,MANUAL,IDLE,,0,0.0,-0.479,-5.618,1.2,-0.054,0.077,0.0,-0.0,-0.0,-2.5,-0.041,-0.073,-0.009,1.979,8.06,OFF,PAPER,1756
11.67,MANUAL,IDLE,,0,0.0,-0.48,-5.617,1.2,-0.05,0.087,0.0,0.1,-0.1,-2.6,0.078,0.02,-0.051,1.971,6.22,OFF,PAPER,1756
11.69,MANUAL,IDLE,,0,0.0,-0.481,-5.615,1.2,-0.04,0.074,0.0,-0.1,-0.3,-2.6,-0.179,0.062,0.094,1.984,9.39,OFF,PAPER,1756
11.71,MANUAL,IDLE,,0,0.0,-0.482,-5.614,1.2,-0.044,0.076,0.0,-0.1,-0.2,-2.5,-0.009,0.258,0.085,1.983,10.25,OFF,PAPER,1756
11.73,MANUAL,IDLE,,0,0.0,-0.482,-5.612,1.2,-0.044,0.071,0.0,-0.1,-0.2,-2.5,-0.045,-0.378,-0.047,2.002,12.67,OFF,PAPER,1756
11.75,MANUAL,IDLE,,0,0.0,-0.483,-5.611,1.2,-0.054,0.07,0.0,-0.1,-0.0,-2.6,0.314,0.142,-0.08,1.996,11.83,OFF,PAPER,1756
11.77,MANUAL,IDLE,,0,0.0,-0.485,-5.609,1.2,-0.056,0.071,0.0,0.0,0.0,-2.7,0.032,0.071,-0.121,2.005,12.44,OFF,PAPER,1756
11.79,MANUAL,IDLE,,0,0.0,-0.486,-5.608,1.2,-0.064,0.063,0.0,-0.1,0.1,-2.8,-0.34,0.091,-0.147,1.999,15.68,OFF,PAPER,1756
11.81,MANUAL,IDLE,,0,0.0,-0.487,-5.607,1.2,-0.056,0.053,0.0,-0.2,-0.0,-3.0,0.002,-0.096,-0.11,1.975,7.16,OFF,PAPER,1756
11.83,MANUAL,IDLE,,0,0.0,-0.488,-5.606,1.2,-0.056,0.06,0.0,-0.1,-0.0,-3.1,0.128,0.18,-0.028,1.988,11.99,OFF,PAPER,1756
11.85,MANUAL,IDLE,,0,0.0,-0.489,-5.605,1.2,-0.061,0.064,0.0,-0.1,0.1,-3.1,0.218,0.191,-0.043,1.992,14.08,OFF,PAPER,1756
11.87,MANUAL,IDLE,,0,0.0,-0.49,-5.603,1.2,-0.06,0.063,0.0,-0.0,0.1,-3.1,0.162,0.049,0.111,1.988,11.12,OFF,PAPER,1756
11.89,MANUAL,IDLE,,0,0.0,-0.491,-5.602,1.2,-0.049,0.058,0.0,-0.2,-0.2,-3.0,-0.271,-0.113,0.097,1.963,8.18,OFF,PAPER,1756
11.91,MANUAL,IDLE,,0,0.0,-0.492,-5.601,1.2,-0.044,0.057,0.0,-0.2,-0.3,-2.8,-0.024,0.029,0.058,1.969,5.38,OFF,PAPER,1756
11.93,MANUAL,IDLE,,0,0.0,-0.493,-5.6,1.2,-0.046,0.06,0.0,-0.1,-0.3,-2.8,-0.003,-0.157,-0.05,2.008,13.58,OFF,PAPER,1756
11.95,MANUAL,IDLE,,0,0.0,-0.494,-5.598,1.2,-0.046,0.06,0.0,-0.2,-0.3,-2.9,-0.503,0.299,-0.083,2.038,16.66,OFF,PAPER,1756
11.97,MANUAL,IDLE,,0,0.0,-0.495,-5.597,1.2,-0.04,0.064,0.0,-0.2,-0.3,-2.9,-0.006,-0.085,0.012,2.012,16.1,OFF,PAPER,1756
11.99,MANUAL,IDLE,,0,0.0,-0.496,-5.596,1.2,-0.04,0.063,0.0,-0.2,-0.3,-3.0,0.09,0.143,-0.093,1.973,9.38,OFF,PAPER,1756
12.01,MANUAL,IDLE,,0,0.0,-0.497,-5.595,1.2,-0.04,0.071,0.0,-0.1,-0.1,-3.1,0.195,0.013,-0.119,1.99,10.35,OFF,PAPER,1756
12.03,MANUAL,IDLE,,0,0.0,-0.497,-5.593,1.2,-0.036,0.068,0.0,-0.2,-0.1,-3.2,-0.181,-0.493,-0.099,1.965,4.92,OFF,PAPER,1756
12.05,MANUAL,IDLE,,0,0.0,-0.498,-5.592,1.2,-0.042,0.072,0.0,-0.2,-0.0,-3.2,-0.198,0.451,-0.073,1.984,9.82,OFF,PAPER,1756
12.07,MANUAL,IDLE,,0,0.0,-0.499,-5.59,1.2,-0.028,0.066,0.0,-0.3,-0.2,-3.2,-0.214,-0.052,0.079,1.987,11.46,OFF,PAPER,1756
12.09,MANUAL,IDLE,,0,0.0,-0.499,-5.589,1.2,-0.035,0.064,0.0,-0.4,-0.1,-3.1,-0.376,-0.144,0.121,2.007,15.24,OFF,PAPER,1756
12.11,MANUAL,IDLE,,0,0.0,-0.5,-5.588,1.2,-0.031,0.057,0.0,-0.6,-0.1,-2.8,0.09,-0.274,0.197,1.997,11.81,OFF,PAPER,1756
12.13,MANUAL,IDLE,,0,0.0,-0.501,-5.587,1.2,-0.028,0.061,0.0,-0.5,-0.0,-2.6,0.089,-0.14,0.266,1.982,13.02,OFF,PAPER,1756
12.15,MANUAL,IDLE,,0,0.0,-0.501,-5.586,1.2,-0.02,0.064,0.0,-0.4,-0.2,-2.3,-0.029,-0.091,0.241,1.985,8.96,OFF,PAPER,1756
12.17,MANUAL,IDLE,,0,0.0,-0.502,-5.584,1.2,-0.022,0.063,0.0,-0.4,-0.2,-2.1,-0.238,0.089,0.123,1.98,8.66,OFF,PAPER,1756
12.19,MANUAL,IDLE,,0,0.0,-0.502,-5.583,1.2,-0.021,0.069,0.0,-0.3,-0.2,-2.0,-0.084,0.0,0.141,2.006,12.13,OFF,PAPER,1756
12.21,MANUAL,IDLE,,0,0.0,-0.503,-5.581,1.2,-0.023,0.075,0.0,-0.2,-0.2,-1.8,0.029,-0.062,0.085,1.987,10.21,OFF,PAPER,1756
12.23,MANUAL,IDLE,,0,0.0,-0.503,-5.58,1.2,-0.025,0.086,0.0,-0.0,-0.3,-1.8,0.145,0.166,-0.007,2.001,12.67,OFF,PAPER,1756
12.25,MANUAL,IDLE,,0,0.0,-0.504,-5.578,1.2,-0.028,0.095,0.0,0.1,-0.2,-1.9,0.2,0.181,-0.108,1.979,8.39,OFF,PAPER,1756
12.27,MANUAL,IDLE,,0,0.0,-0.504,-5.576,1.2,-0.035,0.092,0.0,0.0,-0.1,-2.0,0.108,0.046,-0.058,1.998,15.31,OFF,PAPER,1756
12.29,MANUAL,IDLE,,0,0.0,-0.505,-5.575,1.2,-0.036,0.081,0.0,-0.1,-0.1,-2.1,-0.214,-0.201,-0.045,1.979,10.58,OFF,PAPER,1756
12.31,MANUAL,IDLE,,0,0.0,-0.506,-5.573,1.2,-0.04,0.084,0.0,-0.1,-0.1,-2.1,0.238,0.101,0.022,1.975,12.03,OFF,PAPER,1756
12.33,MANUAL,IDLE,,0,0.0,-0.507,-5.571,1.2,-0.045,0.073,0.0,-0.3,-0.0,-2.1,0.019,-0.008,-0.009,1.985,8.92,OFF,PAPER,1756
12.35,MANUAL,IDLE,,0,0.0,-0.507,-5.57,1.2,-0.044,0.076,0.0,-0.3,-0.0,-2.2,-0.019,-0.149,-0.049,1.975,10.76,OFF,PAPER,1756
12.37,MANUAL,IDLE,,0,0.0,-0.508,-5.568,1.2,-0.042,0.084,0.0,-0.2,-0.1,-2.1,0.305,0.216,0.093,2.013,15.05,OFF,PAPER,1756
12.39,MANUAL,IDLE,,0,0.0,-0.509,-5.567,1.2,-0.04,0.085,0.0,-0.1,-0.1,-2.0,0.127,-0.046,0.052,1.973,6.63,OFF,PAPER,1756
12.41,MANUAL,IDLE,,0,0.0,-0.51,-5.565,1.2,-0.05,0.082,0.0,-0.2,-0.0,-2.0,0.142,0.177,0.063,1.971,5.99,OFF,PAPER,1756
12.43,MANUAL,IDLE,,0,0.0,-0.511,-5.563,1.2,-0.054,0.076,0.0,-0.2,0.0,-1.9,-0.046,-0.03,0.061,1.978,7.34,OFF,PAPER,1756
12.45,MANUAL,IDLE,,0,0.0,-0.512,-5.562,1.2,-0.049,0.076,0.0,-0.3,-0.0,-1.9,-0.265,-0.326,0.011,1.988,10.44,OFF,PAPER,1756
12.47,MANUAL,IDLE,,0,0.0,-0.513,-5.56,1.2,-0.046,0.073,0.0,-0.4,-0.0,-1.8,-0.29,-0.181,0.015,1.978,7.3,OFF,PAPER,1756
12.49,MANUAL,IDLE,,0,0.0,-0.514,-5.559,1.2,-0.035,0.076,0.0,-0.3,-0.4,-1.8,0.148,-0.13,0.023,1.989,10.29,OFF,PAPER,1756
12.51,MANUAL,IDLE,,0,0.0,-0.515,-5.557,1.2,-0.035,0.077,0.0,-0.2,-0.4,-1.8,-0.121,0.076,-0.02,1.982,8.12,OFF,PAPER,1756
12.53,MANUAL,IDLE,,0,0.0,-0.515,-5.556,1.2,-0.042,0.078,0.0,-0.2,-0.3,-1.8,-0.183,-0.048,0.027,1.976,9.2,OFF,PAPER,1756
12.55,MANUAL,IDLE,,0,0.0,-0.516,-5.554,1.2,-0.049,0.081,0.0,-0.1,-0.2,-1.9,0.138,0.056,-0.034,1.99,9.82,OFF,PAPER,1756
12.57,MANUAL,IDLE,,0,0.0,-0.517,-5.552,1.2,-0.048,0.081,0.0,-0.1,-0.2,-1.8,0.052,0.032,-0.003,1.986,8.89,OFF,PAPER,1756
12.59,MANUAL,IDLE,,0,0.0,-0.518,-5.551,1.2,-0.045,0.084,0.0,0.1,-0.2,-1.8,0.334,0.149,0.029,1.982,8.96,OFF,PAPER,1756
12.61,MANUAL,IDLE,,0,0.0,-0.519,-5.549,1.2,-0.045,0.084,0.0,0.1,-0.3,-1.8,-0.154,-0.074,0.015,1.971,13.64,OFF,PAPER,1756
12.63,MANUAL,IDLE,,0,0.0,-0.52,-5.548,1.2,-0.042,0.086,0.0,0.1,-0.3,-1.8,0.112,-0.01,0.039,1.98,10.42,OFF,PAPER,1756
12.65,MANUAL,IDLE,,0,0.0,-0.521,-5.546,1.2,-0.038,0.093,0.0,0.2,-0.4,-1.8,0.081,-0.039,-0.031,1.963,10.31,OFF,PAPER,1756
12.67,MANUAL,IDLE,,0,0.0,-0.522,-5.544,1.2,-0.049,0.091,0.0,0.2,-0.3,-1.8,0.351,0.253,0.077,2.004,14.94,OFF,PAPER,1756
12.69,MANUAL,IDLE,,0,0.0,-0.523,-5.542,1.2,-0.062,0.081,0.0,0.1,-0.1,-1.7,-0.024,0.315,0.072,1.993,13.28,OFF,PAPER,1756
12.71,MANUAL,IDLE,,0,0.0,-0.524,-5.541,1.2,-0.067,0.078,0.0,0.0,0.0,-1.7,-0.26,-0.086,0.015,2.01,15.99,OFF,PAPER,1756
12.73,MANUAL,IDLE,,0,0.0,-0.525,-5.539,1.2,-0.065,0.075,0.0,-0.1,-0.0,-1.6,-0.223,-0.114,0.085,2.008,13.16,OFF,PAPER,1756
12.75,MANUAL,IDLE,,0,0.0,-0.527,-5.537,1.2,-0.073,0.076,0.0,-0.0,0.1,-1.5,-0.198,-0.05,0.097,2.011,12.78,OFF,PAPER,1756
12.77,MANUAL,IDLE,,0,0.0,-0.528,-5.536,1.2,-0.075,0.082,0.0,0.0,0.1,-1.4,0.218,-0.072,0.056,2.009,14.2,OFF,PAPER,1756
12.79,MANUAL,IDLE,,0,0.0,-0.53,-5.534,1.2,-0.078,0.084,0.0,0.0,0.2,-1.4,-0.02,-0.056,-0.045,2.005,14.08,OFF,PAPER,1756
12.81,MANUAL,IDLE,,0,0.0,-0.531,-5.533,1.2,-0.074,0.087,0.0,0.1,0.2,-1.4,0.012,-0.039,0.013,1.997,12.25,OFF,PAPER,1756
12.83,MANUAL,IDLE,,0,0.0,-0.533,-5.531,1.2,-0.071,0.08,0.0,-0.0,0.2,-1.5,-0.337,-0.152,-0.108,1.971,12.83,OFF,PAPER,1756
12.85,MANUAL,IDLE,,0,0.0,-0.534,-5.529,1.2,-0.065,0.085,0.0,0.0,0.2,-1.6,0.034,-0.231,-0.128,1.965,4.83,OFF,PAPER,1756
12.87,MANUAL,IDLE,,0,0.0,-0.535,-5.527,1.2,-0.071,0.094,0.0,0.3,0.2,-1.7,-0.126,-0.018,-0.033,1.994,11.45,OFF,PAPER,1756
12.89,MANUAL,IDLE,,0,0.0,-0.537,-5.526,1.2,-0.072,0.093,0.0,0.2,0.2,-1.7,0.102,0.234,0.032,1.985,12.13,OFF,PAPER,1756
12.91,MANUAL,IDLE,,0,0.0,-0.538,-5.524,1.2,-0.077,0.088,0.0,0.1,0.4,-1.8,-0.13,0.236,-0.099,1.969,10.95,OFF,PAPER,1756
12.93,MANUAL,IDLE,,0,0.0,-0.54,-5.522,1.2,-0.078,0.095,0.0,0.1,0.4,-1.9,-0.077,0.002,-0.076,1.991,14.15,OFF,PAPER,1756
12.95,MANUAL,IDLE,,0,0.0,-0.541,-5.52,1.2,-0.076,0.092,0.0,0.1,0.4,-2.0,-0.1,0.176,0.023,1.979,10.44,OFF,PAPER,1756
12.97,MANUAL,IDLE,,0,0.0,-0.543,-5.518,1.2,-0.074,0.098,0.0,0.1,0.3,-2.0,0.134,0.351,-0.074,2.001,11.58,OFF,PAPER,1756
12.99,MANUAL,IDLE,,0,0.0,-0.544,-5.516,1.2,-0.073,0.104,0.0,0.3,0.4,-2.0,-0.068,-0.255,0.019,1.975,11.38,OFF,PAPER,1756
13.01,MANUAL,IDLE,,0,0.0,-0.546,-5.514,1.2,-0.07,0.098,0.0,0.2,0.3,-2.0,-0.422,-0.202,-0.047,1.996,10.82,OFF,PAPER,1756
13.03,MANUAL,IDLE,,0,0.0,-0.547,-5.512,1.2,-0.073,0.099,0.0,0.2,0.3,-2.0,-0.069,-0.009,0.005,1.963,4.24,OFF,PAPER,1756
13.05,MANUAL,IDLE,,0,0.0,-0.549,-5.51,1.2,-0.069,0.099,0.0,0.2,0.3,-2.0,0.119,-0.009,-0.021,1.995,15.94,OFF,PAPER,1756
13.07,MANUAL,IDLE,,0,0.0,-0.55,-5.508,1.2,-0.071,0.099,0.0,0.2,0.4,-2.0,-0.133,0.228,0.027,1.978,7.22,OFF,PAPER,1756
13.09,MANUAL,IDLE,,0,0.0,-0.551,-5.506,1.2,-0.063,0.101,0.0,0.3,0.2,-2.1,-0.157,0.033,-0.182,1.97,8.11,OFF,PAPER,1756
13.11,MANUAL,IDLE,,0,0.0,-0.553,-5.504,1.2,-0.064,0.09,0.0,0.0,0.3,-2.3,-0.138,-0.245,-0.251,1.968,6.04,OFF,PAPER,1756
13.13,MANUAL,IDLE,,0,0.0,-0.554,-5.502,1.2,-0.054,0.092,0.0,0.1,0.1,-2.6,-0.11,-0.229,-0.168,1.982,8.11,OFF,PAPER,1756
13.15,MANUAL,IDLE,,0,0.0,-0.555,-5.5,1.2,-0.066,0.091,0.0,-0.0,0.3,-2.7,-0.385,0.12,-0.087,1.972,8.22,OFF,PAPER,1756
13.17,MANUAL,IDLE,,0,0.0,-0.556,-5.499,1.2,-0.061,0.087,0.0,-0.1,0.3,-2.8,-0.222,0.126,-0.175,2.013,15.98,OFF,PAPER,1756
13.19,MANUAL,IDLE,,0,0.0,-0.558,-5.497,1.2,-0.065,0.084,0.0,-0.1,0.4,-3.0,-0.15,0.029,-0.114,1.984,8.67,OFF,PAPER,1756
13.21,MANUAL,IDLE,,0,0.0,-0.559,-5.495,1.2,-0.07,0.08,0.0,-0.2,0.4,-3.1,0.142,-0.241,-0.131,2.009,12.77,OFF,PAPER,1756
13.23,MANUAL,IDLE,,0,0.0,-0.56,-5.494,1.2,-0.069,0.079,0.0,-0.2,0.3,-3.2,0.083,-0.009,-0.101,1.977,8.29,OFF,PAPER,1756
13.25,MANUAL,IDLE,,0,0.0,-0.562,-5.492,1.2,-0.069,0.077,0.0,-0.2,0.2,-3.4,-0.143,0.039,-0.165,1.973,8.46,OFF,PAPER,1756
13.27,MANUAL,IDLE,,0,0.0,-0.563,-5.491,1.2,-0.076,0.073,0.0,-0.2,0.5,-3.5,-0.208,-0.002,-0.115,2.013,13.0,OFF,PAPER,1756
13.29,MANUAL,IDLE,,0,0.0,-0.565,-5.489,1.2,-0.079,0.067,0.0,-0.3,0.5,-3.5,0.031,-0.073,-0.009,1.996,10.84,OFF,PAPER,1756
13.31,MANUAL,IDLE,,0,0.0,-0.566,-5.488,1.2,-0.08,0.072,0.0,-0.2,0.5,-3.5,0.166,-0.018,0.002,1.98,10.76,OFF,PAPER,1756
13.33,MANUAL,IDLE,,0,0.0,-0.568,-5.486,1.2,-0.071,0.069,0.0,-0.2,0.4,-3.5,-0.173,0.019,0.1,2.006,13.31,OFF,PAPER,1756
13.35,MANUAL,IDLE,,0,0.0,-0.569,-5.485,1.2,-0.065,0.075,0.0,-0.1,0.3,-3.3,0.017,-0.094,0.146,1.996,10.7,OFF,PAPER,1756
13.37,MANUAL,IDLE,,0,0.0,-0.57,-5.483,1.2,-0.062,0.077,0.0,-0.2,0.2,-3.1,0.072,-0.298,0.135,1.964,8.64,OFF,PAPER,1756
13.39,MANUAL,IDLE,,0,0.0,-0.572,-5.482,1.2,-0.064,0.085,0.0,-0.0,0.2,-2.9,0.318,0.177,0.163,2.001,11.67,OFF,PAPER,1756
13.41,MANUAL,IDLE,,0,0.0,-0.573,-5.48,1.2,-0.054,0.079,0.0,-0.0,0.1,-2.7,-0.125,-0.091,0.165,1.999,13.31,OFF,PAPER,1756
13.43,MANUAL,IDLE,,0,0.0,-0.574,-5.479,1.2,-0.059,0.078,0.0,0.0,0.2,-2.5,0.101,-0.032,0.187,2.005,15.3,OFF,PAPER,1756
13.45,MANUAL,IDLE,,0,0.0,-0.575,-5.477,1.2,-0.05,0.076,0.0,0.1,-0.0,-2.3,0.227,-0.043,0.197,2.0,11.41,OFF,PAPER,1756
13.47,MANUAL,IDLE,,0,0.0,-0.576,-5.476,1.2,-0.045,0.072,0.0,0.1,-0.1,-2.1,0.225,-0.228,0.036,1.981,8.23,OFF,PAPER,1756
13.49,MANUAL,IDLE,,0,0.0,-0.577,-5.474,1.2,-0.045,0.067,0.0,0.1,-0.1,-2.1,-0.134,-0.15,-0.026,1.997,11.38,OFF,PAPER,1756
13.51,MANUAL,IDLE,,0,0.0,-0.578,-5.473,1.2,-0.043,0.062,0.0,0.0,-0.2,-2.1,0.043,-0.04,-0.04,1.994,10.89,OFF,PAPER,1756
13.53,MANUAL,IDLE,,0,0.0,-0.579,-5.472,1.2,-0.051,0.058,0.0,-0.1,-0.1,-2.2,0.012,0.147,-0.068,2.003,13.82,OFF,PAPER,1756
13.55,MANUAL,IDLE,,0,0.0,-0.58,-5.47,1.2,-0.055,0.062,0.0,-0.0,0.1,-2.3,-0.043,0.004,-0.033,2.0,15.69,OFF,PAPER,1756
13.57,MANUAL,IDLE,,0,0.0,-0.581,-5.469,1.2,-0.058,0.066,0.0,0.1,0.1,-2.4,0.096,0.001,-0.079,1.997,13.79,OFF,PAPER,1756
13.59,MANUAL,IDLE,,0,0.0,-0.582,-5.468,1.2,-0.068,0.062,0.0,-0.1,0.2,-2.5,-0.209,0.041,-0.104,1.995,16.06,OFF,PAPER,1756
13.61,MANUAL,IDLE,,0,0.0,-0.583,-5.467,1.2,-0.06,0.07,0.0,-0.0,-0.0,-2.6,0.042,0.01,-0.104,1.989,11.09,OFF,PAPER,1756
13.63,MANUAL,IDLE,,0,0.0,-0.585,-5.465,1.2,-0.062,0.073,0.0,0.0,0.0,-2.8,-0.299,-0.111,-0.115,1.998,16.01,OFF,PAPER,1756
13.65,MANUAL,IDLE,,0,0.0,-0.586,-5.464,1.2,-0.057,0.067,0.0,-0.1,-0.0,-2.9,-0.314,0.119,-0.059,1.967,9.44,OFF,PAPER,1756
13.67,MANUAL,IDLE,,0,0.0,-0.587,-5.462,1.2,-0.054,0.061,0.0,-0.2,-0.1,-2.9,-0.249,-0.051,-0.032,2.03,15.02,OFF,PAPER,1756
13.69,MANUAL,IDLE,,0,0.0,-0.588,-5.461,1.2,-0.058,0.059,0.0,-0.1,0.0,-2.9,-0.218,0.147,-0.024,2.002,13.21,OFF,PAPER,1756
13.71,MANUAL,IDLE,,0,0.0,-0.589,-5.46,1.2,-0.052,0.066,0.0,-0.1,-0.1,-2.9,0.126,0.28,0.023,1.969,12.51,OFF,PAPER,1756
13.73,MANUAL,IDLE,,0,0.0,-0.59,-5.459,1.2,-0.051,0.073,0.0,-0.0,-0.1,-2.9,0.19,-0.021,-0.007,1.995,11.01,OFF,PAPER,1756
13.75,MANUAL,IDLE,,0,0.0,-0.591,-5.457,1.2,-0.044,0.074,0.0,0.0,-0.2,-2.9,0.005,-0.056,-0.008,2.004,13.54,OFF,PAPER,1756
13.77,MANUAL,IDLE,,0,0.0,-0.592,-5.455,1.2,-0.047,0.077,0.0,0.1,-0.1,-3.0,-0.214,0.288,0.02,1.991,10.72,OFF,PAPER,1756
13.79,MANUAL,IDLE,,0,0.0,-0.593,-5.454,1.2,-0.04,0.08,0.0,0.2,-0.1,-3.0,0.198,-0.324,0.017,2.0,11.12,OFF,PAPER,1756
13.81,MANUAL,IDLE,,0,0.0,-0.594,-5.452,1.2,-0.04,0.076,0.0,0.1,-0.1,-3.0,-0.127,-0.148,0.017,1.984,14.05,OFF,PAPER,1756
13.83,MANUAL,IDLE,,0,0.0,-0.594,-5.451,1.2,-0.04,0.078,0.0,0.1,-0.2,-3.0,0.226,0.168,0.042,1.98,9.2,OFF,PAPER,1756
13.85,MANUAL,IDLE,,0,0.0,-0.595,-5.449,1.2,-0.041,0.069,0.0,0.1,-0.1,-2.9,-0.48,0.117,0.05,1.97,7.88,OFF,PAPER,1756
13.87,MANUAL,IDLE,,0,0.0,-0.596,-5.448,1.2,-0.048,0.066,0.0,-0.0,-0.0,-2.9,-0.142,0.125,-0.036,1.979,9.55,OFF,PAPER,1756
13.89,MANUAL,IDLE,,0,0.0,-0.597,-5.447,1.2,-0.052,0.062,0.0,-0.1,0.0,-3.0,-0.091,-0.028,-0.119,1.984,11.93,OFF,PAPER,1756
13.91,MANUAL,IDLE,,0,0.0,-0.598,-5.446,1.2,-0.054,0.059,0.0,-0.2,0.0,-3.1,-0.153,-0.193,0.053,1.999,11.33,OFF,PAPER,1756
13.93,MANUAL,IDLE,,0,0.0,-0.599,-5.444,1.2,-0.068,0.055,0.0,-0.3,0.3,-3.0,0.017,0.367,0.084,1.972,7.3,OFF,PAPER,1756
13.95,MANUAL,IDLE,,0,0.0,-0.601,-5.443,1.2,-0.06,0.052,0.0,-0.4,0.2,-3.0,0.014,-0.03,-0.053,1.97,8.91,OFF,PAPER,1756
13.97,MANUAL,IDLE,,0,0.0,-0.602,-5.442,1.2,-0.067,0.056,0.0,-0.3,0.3,-3.1,0.33,-0.063,-0.099,1.974,8.41,OFF,PAPER,1756
13.99,MANUAL,IDLE,,0,0.0,-0.603,-5.441,1.2,-0.07,0.057,0.0,-0.3,0.4,-3.2,0.29,0.452,-0.056,1.97,12.56,OFF,PAPER,1756
14.01,MANUAL,IDLE,,0,0.0,-0.605,-5.44,1.2,-0.061,0.055,0.0,-0.3,0.2,-3.1,-0.189,-0.068,0.108,1.979,12.34,OFF,PAPER,1756
14.03,MANUAL,IDLE,,0,0.0,-0.606,-5.439,1.2,-0.059,0.06,0.0,-0.2,0.1,-2.9,0.235,0.172,0.202,2.009,13.84,OFF,PAPER,1756
14.05,MANUAL,IDLE,,0,0.0,-0.607,-5.438,1.2,-0.061,0.061,0.0,-0.2,0.1,-2.7,-0.058,0.1,0.131,1.998,12.52,OFF,PAPER,1756
14.07,MANUAL,IDLE,,0,0.0,-0.608,-5.437,1.2,-0.059,0.062,0.0,-0.2,0.1,-2.6,-0.006,0.046,0.071,1.99,10.59,OFF,PAPER,1756
14.09,MANUAL,IDLE,,0,0.0,-0.609,-5.435,1.2,-0.062,0.064,0.0,-0.2,0.1,-2.6,-0.299,0.081,-0.022,1.972,9.05,OFF,PAPER,1756
14.11,MANUAL,IDLE,,0,0.0,-0.61,-5.434,1.2,-0.057,0.058,0.0,-0.3,0.2,-2.6,-0.164,-0.108,0.063,1.974,6.71,OFF,PAPER,1756
14.13,MANUAL,IDLE,,0,0.0,-0.612,-5.433,1.2,-0.055,0.063,0.0,-0.2,0.2,-2.4,0.25,0.197,0.116,1.993,11.78,OFF,PAPER,1756
14.15,MANUAL,IDLE,,0,0.0,-0.613,-5.432,1.2,-0.058,0.062,0.0,-0.1,0.3,-2.3,0.001,-0.211,0.175,1.995,14.49,OFF,PAPER,1756
14.17,MANUAL,IDLE,,0,0.0,-0.614,-5.43,1.2,-0.062,0.063,0.0,-0.1,0.3,-2.1,-0.004,-0.009,0.182,2.018,13.51,OFF,PAPER,1756
14.19,MANUAL,IDLE,,0,0.0,-0.615,-5.429,1.2,-0.051,0.063,0.0,-0.2,0.1,-1.9,0.163,0.135,0.168,1.991,12.31,OFF,PAPER,1756
14.21,MANUAL,IDLE,,0,0.0,-0.616,-5.428,1.2,-0.047,0.065,0.0,-0.2,-0.0,-1.7,-0.223,0.234,0.083,1.973,6.69,OFF,PAPER,1756
14.23,MANUAL,IDLE,,0,0.0,-0.617,-5.426,1.2,-0.049,0.065,0.0,-0.3,0.0,-1.7,0.081,-0.024,0.057,2.008,13.14,OFF,PAPER,1756
14.25,MANUAL,IDLE,,0,0.0,-0.618,-5.425,1.2,-0.046,0.062,0.0,-0.2,0.1,-1.5,-0.089,-0.179,0.094,1.965,3.66,OFF,PAPER,1756
14.27,MANUAL,IDLE,,0,0.0,-0.619,-5.424,1.2,-0.054,0.067,0.0,-0.2,0.1,-1.5,0.124,0.124,0.032,1.972,6.22,OFF,PAPER,1756
14.29,MANUAL,IDLE,,0,0.0,-0.62,-5.422,1.2,-0.055,0.071,0.0,-0.1,0.2,-1.4,0.066,-0.471,0.087,1.985,9.22,OFF,PAPER,1756
14.31,MANUAL,IDLE,,0,0.0,-0.621,-5.421,1.2,-0.053,0.077,0.0,-0.1,0.2,-1.4,0.2,-0.393,0.029,2.007,12.61,OFF,PAPER,1756
14.33,MANUAL,IDLE,,0,0.0,-0.622,-5.419,1.2,-0.048,0.079,0.0,-0.0,0.1,-1.3,0.197,0.06,0.07,1.968,4.7,OFF,PAPER,1756
14.35,MANUAL,IDLE,,0,0.0,-0.623,-5.418,1.2,-0.053,0.077,0.0,-0.0,0.2,-1.2,0.128,-0.137,-0.005,1.997,10.96,OFF,PAPER,1756
14.37,MANUAL,IDLE,,0,0.0,-0.624,-5.416,1.2,-0.052,0.074,0.0,-0.1,0.1,-1.3,-0.106,0.001,-0.081,1.976,10.85,OFF,PAPER,1756
14.39,MANUAL,IDLE,,0,0.0,-0.625,-5.415,1.2,-0.042,0.078,0.0,-0.1,-0.1,-1.4,0.321,-0.381,-0.121,1.988,12.06,OFF,PAPER,1756
14.41,MANUAL,IDLE,,0,0.0,-0.626,-5.413,1.2,-0.045,0.086,0.0,0.1,-0.1,-1.6,0.25,-0.003,-0.092,1.996,10.81,OFF,PAPER,1756
14.43,MANUAL,IDLE,,0,0.0,-0.627,-5.412,1.2,-0.041,0.078,0.0,-0.1,-0.2,-1.7,-0.235,-0.218,-0.192,1.987,9.04,OFF,PAPER,1756
14.45,MANUAL,IDLE,,0,0.0,-0.627,-5.41,1.2,-0.034,0.082,0.0,-0.0,-0.3,-1.9,0.12,0.409,-0.034,1.983,10.68,OFF,PAPER,1756
14.47,MANUAL,IDLE,,0,0.0,-0.628,-5.408,1.2,-0.031,0.073,0.0,-0.2,-0.4,-1.9,0.078,0.164,0.024,1.965,3.57,OFF,PAPER,1756
14.49,MANUAL,IDLE,,0,0.0,-0.629,-5.407,1.2,-0.027,0.078,0.0,-0.1,-0.5,-1.9,-0.197,0.089,-0.007,1.994,10.98,OFF,PAPER,1756
14.51,MANUAL,IDLE,,0,0.0,-0.629,-5.405,1.2,-0.032,0.079,0.0,-0.0,-0.3,-1.9,-0.023,0.241,0.045,1.981,9.89,OFF,PAPER,1756
14.53,MANUAL,IDLE,,0,0.0,-0.63,-5.404,1.2,-0.039,0.076,0.0,-0.1,-0.1,-1.8,-0.112,0.279,0.055,2.006,12.46,OFF,PAPER,1756
14.55,MANUAL,IDLE,,0,0.0,-0.631,-5.402,1.2,-0.051,0.07,0.0,-0.2,0.1,-1.7,-0.236,-0.007,0.064,1.976,10.95,OFF,PAPER,1756
14.57,MANUAL,IDLE,,0,0.0,-0.632,-5.401,1.2,-0.051,0.07,0.0,-0.2,0.1,-1.6,-0.271,0.185,0.025,1.976,11.37,OFF,PAPER,1756
14.59,MANUAL,IDLE,,0,0.0,-0.633,-5.4,1.2,-0.05,0.064,0.0,-0.3,0.1,-1.6,0.121,-0.359,-0.045,2.004,14.73,OFF,PAPER,1756
14.61,MANUAL,IDLE,,0,0.0,-0.634,-5.398,1.2,-0.055,0.069,0.0,-0.2,0.1,-1.7,0.309,0.075,-0.044,1.991,9.74,OFF,PAPER,1756
14.63,MANUAL,IDLE,,0,0.0,-0.635,-5.397,1.2,-0.059,0.064,0.0,-0.2,0.2,-1.7,-0.039,0.017,-0.063,2.005,13.42,OFF,PAPER,1756
14.65,MANUAL,IDLE,,0,0.0,-0.636,-5.396,1.2,-0.068,0.062,0.0,-0.3,0.4,-1.8,0.045,0.066,-0.068,1.993,12.02,OFF,PAPER,1756
14.67,MANUAL,IDLE,,0,0.0,-0.638,-5.394,1.2,-0.065,0.066,0.0,-0.1,0.4,-1.9,0.227,-0.143,-0.006,1.975,8.97,OFF,PAPER,1756
14.69,MANUAL,IDLE,,0,0.0,-0.639,-5.393,1.2,-0.063,0.06,0.0,-0.2,0.3,-1.8,-0.183,-0.1,0.093,1.991,12.96,OFF,PAPER,1756
14.71,MANUAL,IDLE,,0,0.0,-0.64,-5.392,1.2,-0.06,0.06,0.0,-0.2,0.3,-1.7,-0.185,-0.326,0.131,2.012,13.16,OFF,PAPER,1756
14.73,MANUAL,IDLE,,0,0.0,-0.641,-5.391,1.2,-0.068,0.058,0.0,-0.4,0.3,-1.5,0.216,-0.042,0.151,2.022,18.14,OFF,PAPER,1756
14.75,MANUAL,IDLE,,0,0.0,-0.643,-5.389,1.2,-0.069,0.066,0.0,-0.2,0.5,-1.4,-0.016,-0.199,0.121,1.98,8.9,OFF,PAPER,1756
14.77,MANUAL,IDLE,,0,0.0,-0.644,-5.388,1.2,-0.065,0.066,0.0,-0.1,0.4,-1.2,0.048,-0.333,0.069,1.976,9.8,OFF,PAPER,1756
14.79,MANUAL,IDLE,,0,0.0,-0.646,-5.387,1.2,-0.064,0.063,0.0,-0.1,0.5,-1.1,-0.011,-0.176,0.077,1.989,10.81,OFF,PAPER,1756
14.81,MANUAL,IDLE,,0,0.0,-0.647,-5.385,1.2,-0.061,0.066,0.0,-0.1,0.4,-1.0,-0.03,-0.062,0.048,2.021,14.37,OFF,PAPER,1756
14.83,MANUAL,IDLE,,0,0.0,-0.648,-5.384,1.2,-0.063,0.07,0.0,-0.1,0.4,-0.9,-0.179,0.254,0.143,1.963,6.1,OFF,PAPER,1756
14.85,MANUAL,IDLE,,0,0.0,-0.649,-5.383,1.2,-0.06,0.071,0.0,-0.0,0.2,-0.8,0.11,-0.26,0.108,1.966,11.57,OFF,PAPER,1756
14.87,MANUAL,IDLE,,0,0.0,-0.65,-5.381,1.2,-0.061,0.069,0.0,-0.0,0.2,-0.7,0.089,0.108,0.027,1.991,13.76,OFF,PAPER,1756
14.89,MANUAL,IDLE,,0,0.0,-0.652,-5.38,1.2,-0.067,0.069,0.0,-0.0,0.2,-0.7,0.157,0.172,0.014,1.985,9.07,OFF,PAPER,1756
14.91,MANUAL,IDLE,,0,0.0,-0.653,-5.378,1.2,-0.069,0.072,0.0,-0.0,0.3,-0.7,-0.048,0.098,0.062,1.965,6.84,OFF,PAPER,1756
14.93,MANUAL,IDLE,,0,0.0,-0.655,-5.377,1.2,-0.072,0.069,0.0,-0.1,0.2,-0.6,-0.057,-0.16,0.015,1.984,10.54,OFF,PAPER,1756
14.95,MANUAL,IDLE,,0,0.0,-0.656,-5.376,1.2,-0.074,0.07,0.0,-0.1,0.3,-0.6,-0.136,0.269,-0.01,1.983,10.66,OFF,PAPER,1756
14.97,MANUAL,IDLE,,0,0.0,-0.658,-5.374,1.2,-0.076,0.068,0.0,-0.1,0.4,-0.6,-0.321,0.064,-0.017,1.98,9.76,OFF,PAPER,1756
14.99,MANUAL,IDLE,,0,0.0,-0.659,-5.373,1.2,-0.071,0.07,0.0,-0.0,0.3,-0.5,-0.034,-0.17,0.116,2.013,18.73,OFF,PAPER,1756
15.01,MANUAL,IDLE,,0,0.0,-0.66,-5.371,1.2,-0.063,0.072,0.0,-0.1,0.1,-0.5,0.011,0.215,-0.053,1.963,10.08,OFF,PAPER,1756
15.03,MANUAL,IDLE,,0,0.0,-0.662,-5.37,1.2,-0.066,0.073,0.0,-0.1,0.1,-0.6,0.033,0.105,-0.06,1.983,13.65,OFF,PAPER,1756
15.05,MANUAL,IDLE,,0,0.0,-0.663,-5.369,1.2,-0.064,0.071,0.0,-0.2,0.1,-0.7,0.087,-0.103,-0.078,1.992,11.16,OFF,PAPER,1756
15.07,MANUAL,IDLE,,0,0.0,-0.664,-5.367,1.2,-0.061,0.068,0.0,-0.2,-0.0,-0.7,-0.079,0.262,-0.076,2.003,16.77,OFF,PAPER,1756
15.09,MANUAL,IDLE,,0,0.0,-0.665,-5.366,1.2,-0.064,0.071,0.0,-0.1,0.1,-0.7,0.224,0.179,-0.041,1.964,5.44,OFF,PAPER,1756
15.11,MANUAL,IDLE,,0,0.0,-0.667,-5.365,1.2,-0.06,0.072,0.0,-0.1,0.1,-0.8,0.276,-0.21,-0.079,1.967,4.54,OFF,PAPER,1756
15.13,MANUAL,IDLE,,0,0.0,-0.668,-5.363,1.2,-0.055,0.069,0.0,-0.1,-0.1,-0.9,-0.16,-0.142,-0.068,1.987,10.97,OFF,PAPER,1756
15.15,MANUAL,IDLE,,0,0.0,-0.669,-5.362,1.2,-0.063,0.073,0.0,-0.2,-0.0,-0.9,0.262,-0.06,0.008,1.982,9.55,OFF,PAPER,1756
15.17,MANUAL,IDLE,,0,0.0,-0.67,-5.36,1.2,-0.064,0.082,0.0,0.0,0.0,-0.9,0.098,-0.269,0.03,1.985,8.73,OFF,PAPER,1756
15.19,MANUAL,IDLE,,0,0.0,-0.672,-5.359,1.2,-0.068,0.071,0.0,-0.2,-0.0,-0.9,-0.31,0.367,-0.035,1.994,12.18,OFF,PAPER,1756
15.21,MANUAL,IDLE,,0,0.0,-0.673,-5.357,1.2,-0.072,0.071,0.0,-0.2,0.1,-0.9,0.201,0.105,0.05,1.988,13.38,OFF,PAPER,1756
15.23,MANUAL,IDLE,,0,0.0,-0.675,-5.356,1.2,-0.078,0.076,0.0,-0.1,0.1,-0.9,0.014,-0.168,-0.012,1.992,11.15,OFF,PAPER,1756
15.25,MANUAL,IDLE,,0,0.0,-0.676,-5.354,1.2,-0.078,0.067,0.0,-0.2,0.1,-0.9,-0.22,0.062,-0.013,1.987,14.09,OFF,PAPER,1756
15.27,MANUAL,IDLE,,0,0.0,-0.678,-5.353,1.2,-0.081,0.067,0.0,-0.2,0.1,-1.0,-0.178,0.128,0.002,1.976,9.41,OFF,PAPER,1756
15.29,MANUAL,IDLE,,0,0.0,-0.679,-5.352,1.2,-0.08,0.068,0.0,-0.3,0.2,-0.9,-0.034,-0.242,0.018,2.005,11.95,OFF,PAPER,1756
15.31,MANUAL,IDLE,,0,0.0,-0.681,-5.35,1.2,-0.07,0.064,0.0,-0.4,-0.0,-0.9,0.053,-0.248,0.019,1.967,6.43,OFF,PAPER,1756
15.33,MANUAL,IDLE,,0,0.0,-0.682,-5.349,1.2,-0.069,0.056,0.0,-0.6,-0.1,-0.9,-0.126,-0.105,0.053,1.966,5.12,OFF,PAPER,1756
15.35,MANUAL,IDLE,,0,0.0,-0.684,-5.348,1.2,-0.075,0.064,0.0,-0.5,-0.1,-0.8,0.034,0.249,0.089,1.965,5.6,OFF,PAPER,1756
15.37,MANUAL,IDLE,,0,0.0,-0.685,-5.347,1.2,-0.073,0.06,0.0,-0.6,-0.1,-0.7,-0.207,0.175,-0.003,2.003,14.99,OFF,PAPER,1756
15.39,MANUAL,IDLE,,0,0.0,-0.687,-5.345,1.2,-0.079,0.063,0.0,-0.5,0.0,-0.8,0.026,0.146,-0.048,2.037,17.52,OFF,PAPER,1756
15.41,MANUAL,IDLE,,0,0.0,-0.688,-5.344,1.2,-0.082,0.062,0.0,-0.4,0.1,-0.8,-0.116,0.19,-0.069,1.996,14.88,OFF,PAPER,1756
15.43,MANUAL,IDLE,,0,0.0,-0.69,-5.343,1.2,-0.087,0.066,0.0,-0.3,0.2,-0.9,-0.299,0.029,-0.009,1.99,12.92,OFF,PAPER,1756
15.45,MANUAL,IDLE,,0,0.0,-0.692,-5.341,1.2,-0.093,0.072,0.0,-0.3,0.3,-0.9,-0.048,0.185,-0.086,2.016,16.38,OFF,PAPER,1756
15.47,MANUAL,IDLE,,0,0.0,-0.693,-5.34,1.2,-0.087,0.066,0.0,-0.3,0.3,-1.0,0.105,-0.33,-0.02,2.003,11.92,OFF,PAPER,1756
15.49,MANUAL,IDLE,,0,0.0,-0.695,-5.339,1.2,-0.093,0.074,0.0,-0.2,0.4,-0.9,0.297,-0.229,0.059,1.976,8.57,OFF,PAPER,1756
15.51,MANUAL,IDLE,,0,0.0,-0.697,-5.337,1.2,-0.094,0.076,0.0,-0.1,0.4,-0.8,0.278,0.117,0.096,1.996,15.59,OFF,PAPER,1756
15.53,MANUAL,IDLE,,0,0.0,-0.699,-5.336,1.2,-0.096,0.081,0.0,-0.0,0.5,-0.8,0.385,-0.402,0.079,1.985,8.77,OFF,PAPER,1756
15.55,MANUAL,IDLE,,0,0.0,-0.701,-5.334,1.2,-0.093,0.076,0.0,-0.1,0.3,-0.8,0.343,-0.053,-0.06,2.014,14.62,OFF,PAPER,1756
15.57,MANUAL,IDLE,,0,0.0,-0.703,-5.333,1.2,-0.087,0.076,0.0,-0.0,0.1,-0.8,0.097,0.071,-0.069,1.97,12.89,OFF,PAPER,1756
15.59,MANUAL,IDLE,,0,0.0,-0.704,-5.331,1.2,-0.078,0.084,0.0,0.1,-0.0,-1.0,0.553,0.055,-0.154,1.994,12.71,OFF,PAPER,1756
15.61,MANUAL,IDLE,,0,0.0,-0.706,-5.329,1.2,-0.07,0.082,0.0,0.2,-0.1,-1.1,0.072,-0.318,-0.159,2.022,16.32,OFF,PAPER,1756
15.63,MANUAL,IDLE,,0,0.0,-0.707,-5.328,1.2,-0.075,0.078,0.0,0.2,-0.1,-1.3,0.271,-0.041,-0.113,2.033,15.15,OFF,PAPER,1756
15.65,MANUAL,IDLE,,0,0.0,-0.709,-5.326,1.2,-0.078,0.077,0.0,0.2,-0.2,-1.5,-0.018,0.124,-0.175,1.965,4.59,OFF,PAPER,1756
15.67,MANUAL,IDLE,,0,0.0,-0.71,-5.325,1.2,-0.076,0.082,0.0,0.1,-0.3,-1.7,0.121,0.143,-0.258,1.974,13.42,OFF,PAPER,1756
15.69,MANUAL,IDLE,,0,0.0,-0.712,-5.323,1.2,-0.07,0.071,0.0,-0.0,-0.3,-2.0,-0.138,0.052,-0.209,1.995,12.21,OFF,PAPER,1756
15.71,MANUAL,IDLE,,0,0.0,-0.713,-5.322,1.2,-0.064,0.069,0.0,-0.1,-0.3,-2.1,-0.047,0.087,-0.117,1.97,12.14,OFF,PAPER,1756
15.73,MANUAL,IDLE,,0,0.0,-0.714,-5.321,1.2,-0.067,0.063,0.0,-0.1,-0.2,-2.2,-0.241,0.241,-0.096,1.971,6.11,OFF,PAPER,1756
15.75,MANUAL,IDLE,,0,0.0,-0.716,-5.319,1.2,-0.062,0.06,0.0,-0.2,-0.3,-2.3,-0.218,-0.167,0.025,2.002,12.15,OFF,PAPER,1756
15.77,MANUAL,IDLE,,0,0.0,-0.717,-5.318,1.2,-0.066,0.076,0.0,0.0,-0.2,-2.1,-0.113,0.259,0.187,1.968,5.62,OFF,PAPER,1756
15.79,MANUAL,IDLE,,0,0.0,-0.718,-5.316,1.2,-0.07,0.079,0.0,-0.0,-0.1,-1.9,0.149,0.029,0.168,2.045,17.9,OFF,PAPER,1756
15.81,MANUAL,IDLE,,0,0.0,-0.72,-5.315,1.2,-0.075,0.08,0.0,-0.1,-0.0,-1.8,0.034,-0.243,0.046,1.975,7.48,OFF,PAPER,1756
15.83,MANUAL,IDLE,,0,0.0,-0.721,-5.313,1.2,-0.069,0.072,0.0,-0.2,-0.1,-1.8,-0.046,-0.09,-0.051,2.019,13.83,OFF,PAPER,1756
15.85,MANUAL,IDLE,,0,0.0,-0.723,-5.312,1.2,-0.061,0.078,0.0,-0.1,-0.2,-1.8,0.075,-0.388,-0.101,2.015,15.47,OFF,PAPER,1756
15.87,MANUAL,IDLE,,0,0.0,-0.724,-5.31,1.2,-0.061,0.079,0.0,-0.1,-0.3,-2.0,0.134,0.032,-0.079,1.974,7.89,OFF,PAPER,1756
15.89,MANUAL,IDLE,,0,0.0,-0.725,-5.309,1.2,-0.065,0.078,0.0,-0.0,-0.3,-2.0,-0.213,0.348,-0.033,1.988,9.52,OFF,PAPER,1756
15.91,MANUAL,IDLE,,0,0.0,-0.726,-5.307,1.2,-0.06,0.082,0.0,-0.0,-0.4,-2.1,0.09,-0.123,-0.121,1.962,8.31,OFF,PAPER,1756
15.93,MANUAL,IDLE,,0,0.0,-0.728,-5.305,1.2,-0.058,0.085,0.0,0.1,-0.5,-2.1,-0.037,0.058,0.056,1.968,4.93,OFF,PAPER,1756
15.95,MANUAL,IDLE,,0,0.0,-0.729,-5.304,1.2,-0.056,0.077,0.0,-0.0,-0.5,-2.0,-0.093,0.141,0.166,2.033,16.9,OFF,PAPER,1756
15.97,MANUAL,IDLE,,0,0.0,-0.73,-5.302,1.2,-0.07,0.079,0.0,-0.0,-0.3,-1.8,0.249,0.282,0.141,2.011,16.19,OFF,PAPER,1756
15.99,MANUAL,IDLE,,0,0.0,-0.731,-5.301,1.2,-0.067,0.078,0.0,0.0,-0.3,-1.7,0.205,-0.066,0.124,1.99,11.65,OFF,PAPER,1756
16.01,MANUAL,IDLE,,0,0.0,-0.733,-5.299,1.2,-0.078,0.077,0.0,0.0,-0.1,-1.6,0.039,0.262,0.039,1.999,11.97,OFF,PAPER,1756
16.03,MANUAL,IDLE,,0,0.0,-0.735,-5.298,1.2,-0.083,0.07,0.0,-0.0,0.0,-1.5,-0.076,-0.04,-0.015,1.986,8.89,OFF,PAPER,1756
16.05,MANUAL,IDLE,,0,0.0,-0.736,-5.296,1.2,-0.084,0.071,0.0,-0.1,0.0,-1.7,0.216,0.188,-0.205,1.966,4.4,OFF,PAPER,1756
16.07,MANUAL,IDLE,,0,0.0,-0.738,-5.295,1.2,-0.087,0.072,0.0,-0.0,0.1,-1.9,0.096,-0.101,-0.246,1.995,15.73,OFF,PAPER,1756
16.09,MANUAL,IDLE,,0,0.0,-0.74,-5.294,1.2,-0.098,0.071,0.0,-0.1,0.2,-2.1,0.057,0.282,-0.164,1.975,9.62,OFF,PAPER,1756
16.11,MANUAL,IDLE,,0,0.0,-0.742,-5.292,1.2,-0.102,0.073,0.0,-0.1,0.4,-2.3,0.038,-0.16,-0.189,1.987,9.88,OFF,PAPER,1756
16.13,MANUAL,IDLE,,0,0.0,-0.744,-5.291,1.2,-0.104,0.071,0.0,-0.1,0.4,-2.5,-0.375,0.097,-0.084,2.011,12.7,OFF,PAPER,1756
16.15,MANUAL,IDLE,,0,0.0,-0.746,-5.289,1.2,-0.101,0.071,0.0,-0.2,0.3,-2.6,-0.367,0.064,-0.142,2.003,14.69,OFF,PAPER,1756
16.17,MANUAL,IDLE,,0,0.0,-0.748,-5.288,1.2,-0.092,0.066,0.0,-0.2,0.3,-2.8,-0.047,-0.317,-0.162,1.986,11.93,OFF,PAPER,1756
16.19,MANUAL,IDLE,,0,0.0,-0.75,-5.287,1.2,-0.092,0.056,0.0,-0.4,0.2,-3.0,0.009,0.012,-0.184,1.982,11.58,OFF,PAPER,1756
16.21,MANUAL,IDLE,,0,0.0,-0.752,-5.285,1.2,-0.102,0.054,0.0,-0.4,0.4,-3.2,0.097,0.34,-0.008,1.989,13.81,OFF,PAPER,1756
16.23,MANUAL,IDLE,,0,0.0,-0.754,-5.284,1.2,-0.1,0.047,0.0,-0.4,0.3,-3.3,0.008,-0.092,-0.099,1.984,11.6,OFF,PAPER,1756
16.25,MANUAL,IDLE,,0,0.0,-0.756,-5.283,1.2,-0.095,0.043,0.0,-0.4,0.2,-3.3,-0.147,0.117,-0.004,2.011,15.82,OFF,PAPER,1756
16.27,MANUAL,IDLE,,0,0.0,-0.757,-5.283,1.2,-0.086,0.046,0.0,-0.4,0.1,-3.3,0.09,0.032,0.015,2.003,16.05,OFF,PAPER,1756
16.29,MANUAL,IDLE,,0,0.0,-0.759,-5.282,1.2,-0.086,0.048,0.0,-0.3,0.1,-3.3,-0.193,0.01,0.018,1.982,13.83,OFF,PAPER,1756
16.31,MANUAL,IDLE,,0,0.0,-0.761,-5.281,1.2,-0.087,0.053,0.0,-0.1,0.1,-3.2,-0.041,0.09,0.01,1.994,13.74,OFF,PAPER,1756
16.33,MANUAL,IDLE,,0,0.0,-0.763,-5.28,1.2,-0.09,0.048,0.0,-0.3,0.1,-3.3,0.157,-0.086,-0.035,1.997,11.06,OFF,PAPER,1756
16.35,MANUAL,IDLE,,0,0.0,-0.764,-5.279,1.2,-0.087,0.054,0.0,-0.1,0.0,-3.4,-0.168,0.2,-0.096,1.989,12.84,OFF,PAPER,1756
16.37,MANUAL,IDLE,,0,0.0,-0.766,-5.278,1.2,-0.084,0.049,0.0,-0.2,-0.0,-3.4,-0.198,0.016,-0.022,1.986,9.14,OFF,PAPER,1756
16.39,MANUAL,IDLE,,0,0.0,-0.768,-5.277,1.2,-0.077,0.052,0.0,-0.2,-0.1,-3.5,0.029,0.081,-0.09,2.008,14.42,OFF,PAPER,1756
16.41,MANUAL,IDLE,,0,0.0,-0.769,-5.275,1.2,-0.08,0.056,0.0,-0.2,-0.0,-3.6,-0.049,-0.096,-0.024,1.993,13.85,OFF,PAPER,1756
16.43,MANUAL,IDLE,,0,0.0,-0.771,-5.274,1.2,-0.082,0.052,0.0,-0.2,0.0,-3.6,-0.085,-0.113,0.02,1.981,8.6,OFF,PAPER,1756
16.45,MANUAL,IDLE,,0,0.0,-0.772,-5.273,1.2,-0.083,0.056,0.0,-0.1,0.0,-3.6,0.406,0.151,0.044,1.991,10.89,OFF,PAPER,1756
16.47,MANUAL,IDLE,,0,0.0,-0.774,-5.272,1.2,-0.084,0.062,0.0,-0.1,0.0,-3.5,0.403,0.065,0.067,1.97,6.8,OFF,PAPER,1756
16.49,MANUAL,IDLE,,0,0.0,-0.776,-5.271,1.2,-0.079,0.065,0.0,0.0,-0.0,-3.4,0.175,-0.338,0.18,2.027,14.67,OFF,PAPER,1756
16.51,MANUAL,IDLE,,0,0.0,-0.777,-5.27,1.2,-0.069,0.064,0.0,-0.0,-0.2,-3.2,0.025,-0.268,0.215,1.973,6.18,OFF,PAPER,1756
16.53,MANUAL,IDLE,,0,0.0,-0.779,-5.268,1.2,-0.073,0.059,0.0,-0.1,-0.0,-2.9,-0.221,-0.159,0.202,2.016,14.33,OFF,PAPER,1756
16.55,MANUAL,IDLE,,0,0.0,-0.78,-5.267,1.2,-0.072,0.057,0.0,-0.1,-0.2,-2.7,-0.275,-0.002,0.154,2.004,11.82,OFF,PAPER,1756
16.57,MANUAL,IDLE,,0,0.0,-0.782,-5.266,1.2,-0.064,0.058,0.0,-0.1,-0.2,-2.5,-0.332,-0.358,0.241,2.032,16.91,OFF,PAPER,1756
16.59,MANUAL,IDLE,,0,0.0,-0.783,-5.265,1.2,-0.063,0.053,0.0,-0.3,-0.4,-2.3,0.061,-0.168,0.126,2.009,16.13,OFF,PAPER,1756
16.61,MANUAL,IDLE,,0,0.0,-0.784,-5.264,1.2,-0.061,0.064,0.0,-0.1,-0.4,-2.2,-0.304,0.011,0.064,1.986,12.71,OFF,PAPER,1756
16.63,MANUAL,IDLE,,0,0.0,-0.785,-5.263,1.2,-0.064,0.057,0.0,-0.2,-0.3,-2.2,-0.334,-0.172,0.052,1.999,11.04,OFF,PAPER,1756
16.65,MANUAL,IDLE,,0,0.0,-0.787,-5.261,1.2,-0.063,0.06,0.0,-0.2,-0.4,-2.2,-0.098,-0.184,0.019,1.967,10.51,OFF,PAPER,1756
16.67,MANUAL,IDLE,,0,0.0,-0.788,-5.26,1.2,-0.068,0.06,0.0,-0.3,-0.3,-2.1,-0.01,0.048,0.044,1.983,9.14,OFF,PAPER,1756
16.69,MANUAL,IDLE,,0,0.0,-0.79,-5.259,1.2,-0.081,0.058,0.0,-0.2,-0.2,-2.1,-0.036,0.006,-0.048,1.979,7.92,OFF,PAPER,1756
16.71,MANUAL,IDLE,,0,0.0,-0.791,-5.258,1.2,-0.085,0.054,0.0,-0.3,-0.2,-2.1,-0.014,0.175,0.063,1.996,11.2,OFF,PAPER,1756
16.73,MANUAL,IDLE,,0,0.0,-0.793,-5.257,1.2,-0.079,0.057,0.0,-0.2,-0.4,-2.1,-0.048,0.062,-0.048,1.997,11.32,OFF,PAPER,1756
16.75,MANUAL,IDLE,,0,0.0,-0.794,-5.256,1.2,-0.077,0.056,0.0,-0.2,-0.4,-2.1,-0.014,-0.058,-0.001,2.0,13.27,OFF,PAPER,1756
16.77,MANUAL,IDLE,,0,0.0,-0.796,-5.255,1.2,-0.085,0.057,0.0,-0.1,-0.3,-2.2,0.013,0.032,-0.075,1.968,5.18,OFF,PAPER,1756
16.79,MANUAL,IDLE,,0,0.0,-0.798,-5.253,1.2,-0.094,0.063,0.0,-0.1,-0.2,-2.2,0.061,0.035,-0.027,2.006,15.91,OFF,PAPER,1756
16.81,MANUAL,IDLE,,0,0.0,-0.8,-5.252,1.2,-0.088,0.064,0.0,-0.1,-0.3,-2.2,-0.225,0.19,0.025,1.985,9.2,OFF,PAPER,1756
16.83,MANUAL,IDLE,,0,0.0,-0.801,-5.251,1.2,-0.08,0.07,0.0,-0.1,-0.4,-2.3,-0.052,-0.266,-0.036,2.041,16.02,OFF,PAPER,1756
16.85,MANUAL,IDLE,,0,0.0,-0.803,-5.249,1.2,-0.078,0.073,0.0,-0.1,-0.6,-2.3,0.043,-0.293,-0.083,1.988,11.95,OFF,PAPER,1756
16.87,MANUAL,IDLE,,0,0.0,-0.805,-5.248,1.2,-0.091,0.072,0.0,-0.1,-0.4,-2.4,0.288,0.186,-0.114,1.977,8.03,OFF,PAPER,1756
16.89,MANUAL,IDLE,,0,0.0,-0.806,-5.246,1.2,-0.085,0.073,0.0,-0.0,-0.5,-2.5,-0.011,-0.098,-0.06,1.972,8.74,OFF,PAPER,1756
16.91,MANUAL,IDLE,,0,0.0,-0.808,-5.245,1.2,-0.081,0.071,0.0,-0.1,-0.5,-2.5,-0.024,-0.105,-0.0,1.99,10.03,OFF,PAPER,1756
16.93,MANUAL,IDLE,,0,0.0,-0.81,-5.244,1.2,-0.081,0.072,0.0,-0.1,-0.6,-2.5,0.325,0.269,-0.052,2.019,17.65,OFF,PAPER,1756
16.95,MANUAL,IDLE,,0,0.0,-0.811,-5.242,1.2,-0.081,0.072,0.0,0.0,-0.6,-2.6,0.236,0.462,-0.068,1.99,9.92,OFF,PAPER,1756
16.97,MANUAL,IDLE,,0,0.0,-0.813,-5.241,1.2,-0.08,0.066,0.0,-0.0,-0.5,-2.6,-0.105,0.306,0.025,1.984,12.21,OFF,PAPER,1756
16.99,MANUAL,IDLE,,0,0.0,-0.814,-5.239,1.2,-0.09,0.069,0.0,0.1,-0.4,-2.6,0.026,0.237,-0.018,1.996,11.51,OFF,PAPER,1756
17.01,MANUAL,IDLE,,0,0.0,-0.816,-5.238,1.2,-0.098,0.066,0.0,-0.0,-0.2,-2.7,0.31,-0.182,-0.074,1.998,10.92,OFF,PAPER,1756
17.03,MANUAL,IDLE,,0,0.0,-0.818,-5.237,1.2,-0.096,0.075,0.0,0.1,-0.2,-2.8,0.39,-0.081,-0.184,1.996,10.98,OFF,PAPER,1756
17.05,MANUAL,IDLE,,0,0.0,-0.82,-5.235,1.2,-0.1,0.08,0.0,0.3,-0.2,-3.0,-0.177,0.065,-0.101,1.965,9.02,OFF,PAPER,1756
17.07,MANUAL,IDLE,,0,0.0,-0.822,-5.233,1.2,-0.097,0.091,0.0,0.4,-0.2,-3.0,-0.069,-0.127,-0.053,1.987,9.93,OFF,PAPER,1756
17.09,MANUAL,IDLE,,0,0.0,-0.824,-5.232,1.2,-0.1,0.092,0.0,0.4,-0.2,-3.1,0.28,0.153,-0.029,2.007,12.3,OFF,PAPER,1756
17.11,MANUAL,IDLE,,0,0.0,-0.826,-5.23,1.2,-0.106,0.085,0.0,0.5,-0.0,-3.2,-0.383,0.24,-0.122,1.987,9.73,OFF,PAPER,1756
17.13,MANUAL,IDLE,,0,0.0,-0.828,-5.228,1.2,-0.102,0.086,0.0,0.4,-0.1,-3.3,0.001,0.038,-0.024,1.99,10.75,OFF,PAPER,1756
17.15,MANUAL,IDLE,,0,0.0,-0.83,-5.226,1.2,-0.104,0.084,0.0,0.3,-0.2,-3.2,0.033,0.268,0.115,1.979,9.93,OFF,PAPER,1756
17.17,MANUAL,IDLE,,0,0.0,-0.832,-5.225,1.2,-0.107,0.085,0.0,0.5,-0.1,-3.1,0.3,0.11,0.045,1.995,10.97,OFF,PAPER,1756
17.19,MANUAL,IDLE,,0,0.0,-0.835,-5.223,1.2,-0.097,0.084,0.0,0.5,-0.2,-3.1,-0.133,-0.206,0.066,1.997,14.09,OFF,PAPER,1756
17.21,MANUAL,IDLE,,0,0.0,-0.836,-5.221,1.2,-0.096,0.087,0.0,0.5,-0.3,-3.0,0.022,-0.074,0.051,1.983,11.65,OFF,PAPER,1756
17.23,MANUAL,IDLE,,0,0.0,-0.838,-5.22,1.2,-0.099,0.088,0.0,0.5,-0.2,-3.0,0.06,-0.054,0.037,1.996,14.49,OFF,PAPER,1756
17.25,MANUAL,IDLE,,0,0.0,-0.84,-5.218,1.2,-0.1,0.091,0.0,0.5,-0.3,-3.0,0.159,0.166,0.032,1.994,10.3,OFF,PAPER,1756
17.27,MANUAL,IDLE,,0,0.0,-0.842,-5.216,1.2,-0.107,0.09,0.0,0.4,-0.1,-2.9,0.086,0.162,0.064,1.98,7.9,OFF,PAPER,1756
17.29,MANUAL,IDLE,,0,0.0,-0.845,-5.214,1.2,-0.119,0.072,0.0,0.2,0.1,-2.9,-0.073,-0.323,-0.042,2.036,16.05,OFF,PAPER,1756
17.31,MANUAL,IDLE,,0,0.0,-0.847,-5.213,1.2,-0.112,0.066,0.0,0.0,-0.0,-3.0,-0.095,-0.067,-0.066,1.997,12.84,OFF,PAPER,1756
17.33,MANUAL,IDLE,,0,0.0,-0.849,-5.212,1.2,-0.118,0.063,0.0,0.0,-0.0,-3.0,0.066,0.061,0.021,1.983,10.21,OFF,PAPER,1756
17.35,MANUAL,IDLE,,0,0.0,-0.852,-5.21,1.2,-0.119,0.06,0.0,0.1,-0.1,-2.9,-0.32,-0.307,0.056,1.973,6.89,OFF,PAPER,1756
17.37,MANUAL,IDLE,,0,0.0,-0.854,-5.209,1.2,-0.123,0.067,0.0,0.2,-0.1,-2.9,-0.001,0.418,0.049,2.0,11.62,OFF,PAPER,1756
17.39,MANUAL,IDLE,,0,0.0,-0.857,-5.208,1.2,-0.121,0.06,0.0,0.1,-0.1,-2.8,-0.409,0.082,0.016,1.995,12.46,OFF,PAPER,1756
17.41,MANUAL,IDLE,,0,0.0,-0.859,-5.207,1.2,-0.121,0.059,0.0,0.1,-0.1,-2.9,0.136,0.213,-0.057,1.966,7.88,OFF,PAPER,1756
17.43,MANUAL,IDLE,,0,0.0,-0.861,-5.205,1.2,-0.121,0.06,0.0,0.1,-0.2,-2.9,-0.009,-0.126,0.095,2.005,12.5,OFF,PAPER,1756
17.45,MANUAL,IDLE,,0,0.0,-0.864,-5.204,1.2,-0.125,0.051,0.0,-0.2,-0.2,-2.7,-0.064,-0.157,0.082,1.988,9.43,OFF,PAPER,1756
17.47,MANUAL,IDLE,,0,0.0,-0.866,-5.203,1.2,-0.125,0.056,0.0,-0.0,-0.1,-2.6,-0.093,0.275,0.148,1.984,8.94,OFF,PAPER,1756
17.49,MANUAL,IDLE,,0,0.0,-0.869,-5.202,1.2,-0.131,0.057,0.0,-0.0,0.0,-2.4,0.131,-0.236,0.2,2.013,13.3,OFF,PAPER,1756
17.51,MANUAL,IDLE,,0,0.0,-0.872,-5.201,1.2,-0.13,0.056,0.0,0.1,-0.0,-2.2,0.131,0.029,0.221,1.973,13.67,OFF,PAPER,1756
17.53,MANUAL,IDLE,,0,0.0,-0.874,-5.2,1.2,-0.132,0.049,0.0,0.1,0.1,-2.0,-0.298,-0.092,0.109,1.975,10.75,OFF,PAPER,1756
17.55,MANUAL,IDLE,,0,0.0,-0.877,-5.199,1.2,-0.133,0.051,0.0,0.0,0.1,-1.9,0.03,-0.111,0.055,2.003,11.69,OFF,PAPER,1756
17.57,MANUAL,IDLE,,0,0.0,-0.88,-5.198,1.2,-0.133,0.049,0.0,-0.0,0.2,-1.8,-0.096,-0.196,0.103,1.983,8.45,OFF,PAPER,1756
17.59,MANUAL,IDLE,,0,0.0,-0.882,-5.197,1.2,-0.136,0.058,0.0,0.1,0.2,-1.7,0.233,0.024,0.174,1.998,13.53,OFF,PAPER,1756
17.61,MANUAL,IDLE,,0,0.0,-0.885,-5.196,1.2,-0.129,0.059,0.0,0.2,0.1,-1.6,-0.051,-0.144,0.081,1.983,13.02,OFF,PAPER,1756
17.63,MANUAL,IDLE,,0,0.0,-0.887,-5.195,1.2,-0.124,0.057,0.0,0.1,0.0,-1.5,0.118,0.023,0.091,1.971,8.32,OFF,PAPER,1756
17.65,MANUAL,IDLE,,0,0.0,-0.89,-5.193,1.2,-0.125,0.06,0.0,0.2,0.1,-1.3,0.04,0.026,0.077,1.975,7.68,OFF,PAPER,1756
17.67,MANUAL,IDLE,,0,0.0,-0.892,-5.192,1.2,-0.123,0.061,0.0,0.1,0.0,-1.3,0.273,0.105,0.036,1.994,14.61,OFF,PAPER,1756
17.69,MANUAL,IDLE,,0,0.0,-0.895,-5.191,1.2,-0.118,0.06,0.0,0.1,-0.0,-1.3,-0.123,-0.055,-0.043,1.995,12.26,OFF,PAPER,1756
17.71,MANUAL,IDLE,,0,0.0,-0.897,-5.19,1.2,-0.116,0.065,0.0,0.2,-0.2,-1.4,-0.103,0.035,-0.017,1.999,14.11,OFF,PAPER,1756
17.73,MANUAL,IDLE,,0,0.0,-0.899,-5.188,1.2,-0.113,0.068,0.0,0.2,-0.2,-1.4,0.298,0.278,-0.082,1.985,12.19,OFF,PAPER,1756
17.75,MANUAL,IDLE,,0,0.0,-0.902,-5.187,1.2,-0.113,0.072,0.0,0.3,-0.2,-1.5,0.191,0.159,-0.057,1.973,8.2,OFF,PAPER,1756
17.77,MANUAL,IDLE,,0,0.0,-0.904,-5.186,1.2,-0.12,0.066,0.0,0.3,-0.1,-1.4,0.382,0.38,0.116,1.984,8.55,OFF,PAPER,1756
17.79,MANUAL,IDLE,,0,0.0,-0.906,-5.184,1.2,-0.123,0.059,0.0,0.3,-0.0,-1.3,-0.285,0.034,0.064,1.982,8.93,OFF,PAPER,1756
17.81,MANUAL,IDLE,,0,0.0,-0.909,-5.183,1.2,-0.126,0.058,0.0,0.2,0.0,-1.3,0.222,-0.011,0.032,1.998,11.6,OFF,PAPER,1756
17.83,MANUAL,IDLE,,0,0.0,-0.911,-5.182,1.2,-0.126,0.068,0.0,0.4,0.0,-1.3,0.19,0.154,-0.014,1.969,8.62,OFF,PAPER,1756
17.85,MANUAL,IDLE,,0,0.0,-0.914,-5.181,1.2,-0.121,0.061,0.0,0.4,0.0,-1.3,-0.005,-0.197,-0.08,2.002,13.14,OFF,PAPER,1756
17.87,MANUAL,IDLE,,0,0.0,-0.916,-5.18,1.2,-0.12,0.06,0.0,0.3,-0.1,-1.4,-0.157,0.025,-0.014,2.022,14.64,OFF,PAPER,1756
17.89,MANUAL,IDLE,,0,0.0,-0.919,-5.178,1.2,-0.119,0.056,0.0,0.3,-0.0,-1.3,-0.15,0.198,0.08,1.966,3.81,OFF,PAPER,1756
17.91,MANUAL,IDLE,,0,0.0,-0.921,-5.177,1.2,-0.117,0.045,0.0,0.1,-0.1,-1.2,-0.354,0.072,0.14,1.995,10.91,OFF,PAPER,1756
17.93,MANUAL,IDLE,,0,0.0,-0.923,-5.176,1.2,-0.112,0.047,0.0,0.1,-0.2,-1.1,-0.05,-0.15,0.068,1.973,7.97,OFF,PAPER,1756
17.95,MANUAL,IDLE,,0,0.0,-0.926,-5.175,1.2,-0.12,0.053,0.0,0.2,-0.0,-1.0,0.008,-0.001,0.06,1.965,6.99,OFF,PAPER,1756
17.97,MANUAL,IDLE,,0,0.0,-0.928,-5.174,1.2,-0.12,0.047,0.0,0.1,-0.1,-1.0,-0.45,0.029,-0.052,2.002,15.53,OFF,PAPER,1756
17.99,MANUAL,IDLE,,0,0.0,-0.931,-5.173,1.2,-0.125,0.048,0.0,-0.0,-0.0,-1.1,0.213,0.23,-0.091,2.003,12.77,OFF,PAPER,1756
18.01,MANUAL,IDLE,,0,0.0,-0.933,-5.172,1.2,-0.118,0.048,0.0,0.1,-0.1,-1.2,-0.218,-0.139,-0.056,1.965,4.63,OFF,PAPER,1756
18.03,MANUAL,IDLE,,0,0.0,-0.935,-5.171,1.2,-0.123,0.052,0.0,0.0,-0.1,-1.1,-0.207,-0.035,0.008,1.993,10.34,OFF,PAPER,1756
18.05,MANUAL,IDLE,,0,0.0,-0.938,-5.17,1.2,-0.12,0.056,0.0,0.0,-0.2,-1.1,0.051,0.26,-0.041,1.997,13.72,OFF,PAPER,1756
18.07,MANUAL,IDLE,,0,0.0,-0.94,-5.169,1.2,-0.116,0.055,0.0,0.2,-0.2,-1.2,0.046,0.078,-0.097,1.966,3.66,OFF,PAPER,1756
18.09,MANUAL,IDLE,,0,0.0,-0.943,-5.168,1.2,-0.121,0.057,0.0,0.2,-0.1,-1.3,-0.167,-0.173,-0.058,1.997,12.58,OFF,PAPER,1756
18.11,MANUAL,IDLE,,0,0.0,-0.945,-5.167,1.2,-0.123,0.054,0.0,0.2,-0.1,-1.4,-0.284,-0.173,-0.076,2.029,15.37,OFF,PAPER,1756
18.13,MANUAL,IDLE,,0,0.0,-0.947,-5.166,1.2,-0.12,0.047,0.0,0.1,-0.3,-1.5,-0.253,0.233,-0.128,2.01,12.52,OFF,PAPER,1756
18.15,MANUAL,IDLE,,0,0.0,-0.95,-5.165,1.2,-0.12,0.053,0.0,0.2,-0.2,-1.6,0.263,-0.472,-0.114,1.988,13.16,OFF,PAPER,1756
18.17,MANUAL,IDLE,,0,0.0,-0.952,-5.164,1.2,-0.121,0.062,0.0,0.4,-0.3,-1.8,0.324,0.356,-0.085,1.982,10.0,OFF,PAPER,1756
18.19,MANUAL,IDLE,,0,0.0,-0.955,-5.163,1.2,-0.115,0.064,0.0,0.4,-0.3,-1.9,0.206,-0.231,-0.131,1.968,8.58,OFF,PAPER,1756
18.21,MANUAL,IDLE,,0,0.0,-0.957,-5.161,1.2,-0.119,0.054,0.0,0.4,-0.2,-2.1,-0.332,-0.062,-0.135,1.978,8.95,OFF,PAPER,1756
18.23,MANUAL,IDLE,,0,0.0,-0.959,-5.16,1.2,-0.125,0.054,0.0,0.3,-0.1,-2.2,-0.12,0.103,-0.126,1.98,10.15,OFF,PAPER,1756
18.25,MANUAL,IDLE,,0,0.0,-0.962,-5.159,1.2,-0.131,0.049,0.0,0.1,-0.1,-2.3,-0.422,0.301,-0.097,1.981,8.57,OFF,PAPER,1756
18.27,MANUAL,IDLE,,0,0.0,-0.965,-5.158,1.2,-0.132,0.05,0.0,0.0,0.0,-2.4,0.039,0.064,-0.042,1.968,5.41,OFF,PAPER,1756
18.29,MANUAL,IDLE,,0,0.0,-0.967,-5.157,1.2,-0.127,0.056,0.0,0.2,-0.1,-2.4,0.16,0.208,-0.011,2.007,13.79,OFF,PAPER,1756
18.31,MANUAL,IDLE,,0,0.0,-0.97,-5.156,1.2,-0.135,0.059,0.0,0.4,0.1,-2.4,0.035,0.184,0.044,2.003,12.1,OFF,PAPER,1756
18.33,MANUAL,IDLE,,0,0.0,-0.972,-5.155,1.2,-0.123,0.054,0.0,0.2,0.0,-2.3,-0.045,-0.325,0.003,2.004,15.91,OFF,PAPER,1756
18.35,MANUAL,IDLE,,0,0.0,-0.975,-5.154,1.2,-0.123,0.053,0.0,0.1,-0.1,-2.3,-0.064,-0.162,0.032,1.974,11.73,OFF,PAPER,1756
18.37,MANUAL,IDLE,,0,0.0,-0.977,-5.153,1.2,-0.125,0.051,0.0,0.1,0.0,-2.3,-0.173,0.076,-0.002,2.006,16.3,OFF,PAPER,1756
18.39,MANUAL,IDLE,,0,0.0,-0.98,-5.152,1.2,-0.133,0.044,0.0,-0.1,0.2,-2.3,-0.027,0.14,-0.004,1.97,5.4,OFF,PAPER,1756
18.41,MANUAL,IDLE,,0,0.0,-0.983,-5.151,1.2,-0.131,0.055,0.0,0.1,0.2,-2.4,0.011,-0.171,-0.069,1.978,10.78,OFF,PAPER,1756
18.43,MANUAL,IDLE,,0,0.0,-0.985,-5.15,1.2,-0.137,0.055,0.0,0.2,0.3,-2.4,-0.092,0.361,-0.034,1.965,3.18,OFF,PAPER,1756
18.45,MANUAL,IDLE,,0,0.0,-0.988,-5.149,1.2,-0.136,0.052,0.0,0.1,0.4,-2.4,-0.123,-0.141,0.055,2.024,15.83,OFF,PAPER,1756
18.47,MANUAL,IDLE,,0,0.0,-0.991,-5.148,1.2,-0.138,0.05,0.0,0.0,0.4,-2.3,0.09,0.107,-0.005,2.023,16.58,OFF,PAPER,1756
18.49,MANUAL,IDLE,,0,0.0,-0.993,-5.147,1.2,-0.136,0.053,0.0,-0.0,0.4,-2.3,-0.104,0.408,0.008,2.018,13.95,OFF,PAPER,1756
18.51,MANUAL,IDLE,,0,0.0,-0.996,-5.146,1.2,-0.132,0.055,0.0,0.1,0.4,-2.4,0.108,-0.184,-0.091,1.965,6.24,OFF,PAPER,1756
18.53,MANUAL,IDLE,,0,0.0,-0.999,-5.145,1.2,-0.133,0.059,0.0,0.0,0.4,-2.5,0.257,0.027,-0.115,1.977,9.23,OFF,PAPER,1756
18.55,MANUAL,IDLE,,0,0.0,-1.001,-5.143,1.2,-0.136,0.062,0.0,0.0,0.4,-2.6,-0.335,-0.154,-0.097,1.987,9.14,OFF,PAPER,1756
18.57,MANUAL,IDLE,,0,0.0,-1.004,-5.142,1.2,-0.132,0.065,0.0,0.1,0.3,-2.7,-0.061,-0.077,-0.027,1.997,11.62,OFF,PAPER,1756
18.59,MANUAL,IDLE,,0,0.0,-1.007,-5.141,1.2,-0.128,0.065,0.0,0.0,0.3,-2.7,-0.07,0.067,0.02,2.021,14.8,OFF,PAPER,1756
18.61,MANUAL,IDLE,,0,0.0,-1.009,-5.139,1.2,-0.121,0.071,0.0,0.1,0.1,-2.6,0.041,0.256,0.03,1.964,8.16,OFF,PAPER,1756
18.63,MANUAL,IDLE,,0,0.0,-1.012,-5.138,1.2,-0.123,0.061,0.0,-0.0,0.2,-2.7,-0.292,0.059,-0.164,1.992,11.11,OFF,PAPER,1756
18.65,MANUAL,IDLE,,0,0.0,-1.014,-5.137,1.2,-0.124,0.064,0.0,0.1,0.2,-2.8,0.135,0.134,-0.122,1.964,7.64,OFF,PAPER,1756
18.67,MANUAL,IDLE,,0,0.0,-1.016,-5.135,1.2,-0.115,0.066,0.0,0.1,0.0,-2.9,-0.016,-0.118,0.036,2.02,14.15,OFF,PAPER,1756
18.69,MANUAL,IDLE,,0,0.0,-1.019,-5.134,1.2,-0.116,0.075,0.0,0.2,-0.0,-2.9,-0.142,-0.174,0.028,2.023,14.16,OFF,PAPER,1756
18.71,MANUAL,IDLE,,0,0.0,-1.021,-5.133,1.2,-0.12,0.077,0.0,0.2,0.0,-2.9,0.096,-0.181,-0.096,1.982,9.07,OFF,PAPER,1756
18.73,MANUAL,IDLE,,0,0.0,-1.023,-5.131,1.2,-0.117,0.076,0.0,0.3,-0.1,-3.0,-0.198,-0.001,-0.089,2.0,16.03,OFF,PAPER,1756
18.75,MANUAL,IDLE,,0,0.0,-1.026,-5.129,1.2,-0.126,0.078,0.0,0.3,0.0,-3.1,-0.294,-0.132,-0.037,2.011,14.86,OFF,PAPER,1756
18.77,MANUAL,IDLE,,0,0.0,-1.028,-5.128,1.2,-0.116,0.077,0.0,0.2,-0.1,-3.1,0.015,-0.145,-0.033,1.988,9.58,OFF,PAPER,1756
18.79,MANUAL,IDLE,,0,0.0,-1.031,-5.126,1.2,-0.127,0.079,0.0,0.2,0.1,-3.1,0.16,0.022,-0.014,2.014,16.12,OFF,PAPER,1756
18.81,MANUAL,IDLE,,0,0.0,-1.033,-5.125,1.2,-0.123,0.075,0.0,0.2,-0.0,-3.1,-0.068,0.052,0.027,2.013,17.58,OFF,PAPER,1756
18.83,MANUAL,IDLE,,0,0.0,-1.036,-5.123,1.2,-0.118,0.075,0.0,0.1,-0.1,-3.0,0.327,0.125,0.002,1.987,10.11,OFF,PAPER,1756
18.85,MANUAL,IDLE,,0,0.0,-1.038,-5.122,1.2,-0.112,0.072,0.0,0.1,-0.3,-3.0,-0.159,-0.387,-0.05,1.994,11.12,OFF,PAPER,1756
18.87,MANUAL,IDLE,,0,0.0,-1.04,-5.12,1.2,-0.113,0.07,0.0,0.1,-0.4,-3.1,-0.18,0.083,-0.018,1.99,9.66,OFF,PAPER,1756
18.89,MANUAL,IDLE,,0,0.0,-1.043,-5.119,1.2,-0.119,0.071,0.0,0.1,-0.4,-3.1,-0.321,0.062,-0.037,1.98,14.48,OFF,PAPER,1756
18.91,MANUAL,IDLE,,0,0.0,-1.045,-5.118,1.2,-0.12,0.067,0.0,-0.0,-0.4,-3.2,-0.061,-0.354,-0.12,2.007,12.92,OFF,PAPER,1756
18.93,MANUAL,IDLE,,0,0.0,-1.047,-5.116,1.2,-0.117,0.064,0.0,-0.1,-0.4,-3.3,-0.275,-0.354,-0.124,1.988,10.02,OFF,PAPER,1756
18.95,MANUAL,IDLE,,0,0.0,-1.05,-5.115,1.2,-0.122,0.059,0.0,-0.1,-0.4,-3.5,-0.128,0.233,-0.185,1.99,9.55,OFF,PAPER,1756
18.97,MANUAL,IDLE,,0,0.0,-1.052,-5.114,1.2,-0.121,0.059,0.0,-0.2,-0.4,-3.6,-0.052,-0.166,0.01,1.967,6.66,OFF,PAPER,1756
18.99,MANUAL,IDLE,,0,0.0,-1.054,-5.113,1.2,-0.112,0.056,0.0,-0.2,-0.6,-3.6,-0.096,-0.026,-0.056,1.973,6.86,OFF,PAPER,1756
19.01,MANUAL,IDLE,,0,0.0,-1.057,-5.112,1.2,-0.112,0.049,0.0,-0.4,-0.6,-3.6,0.065,0.027,-0.033,1.972,5.88,OFF,PAPER,1756
19.03,MANUAL,IDLE,,0,0.0,-1.059,-5.111,1.2,-0.111,0.051,0.0,-0.4,-0.6,-3.6,0.115,-0.059,0.053,2.01,14.91,OFF,PAPER,1756
19.05,MANUAL,IDLE,,0,0.0,-1.061,-5.109,1.2,-0.112,0.062,0.0,-0.3,-0.6,-3.6,-0.145,0.118,0.032,1.98,10.42,OFF,PAPER,1756
19.07,MANUAL,IDLE,,0,0.0,-1.063,-5.108,1.2,-0.115,0.062,0.0,-0.4,-0.5,-3.5,-0.311,0.287,0.124,1.967,5.37,OFF,PAPER,1756
19.09,MANUAL,IDLE,,0,0.0,-1.066,-5.107,1.2,-0.114,0.06,0.0,-0.3,-0.5,-3.4,-0.265,-0.222,0.06,1.981,10.45,OFF,PAPER,1756
19.11,MANUAL,IDLE,,0,0.0,-1.068,-5.106,1.2,-0.113,0.064,0.0,-0.4,-0.5,-3.3,0.111,0.079,0.074,1.985,10.06,OFF,PAPER,1756
19.13,MANUAL,IDLE,,0,0.0,-1.07,-5.104,1.2,-0.109,0.067,0.0,-0.4,-0.7,-3.3,-0.061,-0.177,-0.016,1.977,7.11,OFF,PAPER,1756
19.15,MANUAL,IDLE,,0,0.0,-1.072,-5.103,1.2,-0.108,0.063,0.0,-0.4,-0.7,-3.3,-0.142,0.102,-0.016,1.99,9.68,OFF,PAPER,1756
19.17,MANUAL,IDLE,,0,0.0,-1.074,-5.102,1.2,-0.114,0.073,0.0,-0.3,-0.6,-3.3,-0.111,-0.051,-0.023,1.981,12.78,OFF,PAPER,1756
19.19,MANUAL,IDLE,,0,0.0,-1.077,-5.1,1.2,-0.114,0.072,0.0,-0.3,-0.5,-3.3,-0.104,-0.043,0.0,1.969,12.49,OFF,PAPER,1756
19.21,MANUAL,IDLE,,0,0.0,-1.079,-5.099,1.2,-0.117,0.077,0.0,-0.3,-0.4,-3.3,-0.127,0.064,-0.028,2.0,13.06,OFF,PAPER,1756
19.23,MANUAL,IDLE,,0,0.0,-1.081,-5.097,1.2,-0.12,0.073,0.0,-0.4,-0.3,-3.4,-0.008,-0.081,-0.043,2.018,15.94,OFF,PAPER,1756
19.25,MANUAL,IDLE,,0,0.0,-1.084,-5.096,1.2,-0.131,0.077,0.0,-0.4,-0.2,-3.4,0.098,-0.11,-0.038,1.977,9.47,OFF,PAPER,1756
19.27,MANUAL,IDLE,,0,0.0,-1.087,-5.094,1.2,-0.135,0.084,0.0,-0.3,-0.2,-3.5,0.068,-0.043,-0.118,2.002,12.49,OFF,PAPER,1756
19.29,MANUAL,IDLE,,0,0.0,-1.089,-5.092,1.2,-0.141,0.087,0.0,-0.3,-0.1,-3.6,0.063,0.288,-0.08,1.99,11.66,OFF,PAPER,1756
19.31,MANUAL,IDLE,,0,0.0,-1.092,-5.091,1.2,-0.143,0.081,0.0,-0.4,-0.1,-3.8,-0.083,0.176,-0.081,2.001,12.9,OFF,PAPER,1756
19.33,MANUAL,IDLE,,0,0.0,-1.095,-5.089,1.2,-0.145,0.08,0.0,-0.5,-0.0,-3.9,0.166,-0.105,-0.127,1.968,4.9,OFF,PAPER,1756
19.35,MANUAL,IDLE,,0,0.0,-1.098,-5.088,1.2,-0.143,0.083,0.0,-0.4,-0.0,-4.1,0.058,0.192,-0.209,1.963,5.75,OFF,PAPER,1756
19.37,MANUAL,IDLE,,0,0.0,-1.101,-5.086,1.2,-0.152,0.083,0.0,-0.4,0.1,-4.3,-0.231,0.269,-0.11,2.013,13.64,OFF,PAPER,1756
19.39,MANUAL,IDLE,,0,0.0,-1.104,-5.084,1.2,-0.157,0.088,0.0,-0.4,0.4,-4.3,0.207,-0.024,-0.019,1.974,9.57,OFF,PAPER,1756
19.41,MANUAL,IDLE,,0,0.0,-1.107,-5.082,1.2,-0.156,0.091,0.0,-0.4,0.3,-4.3,-0.134,-0.265,0.099,1.992,12.77,OFF,PAPER,1756
19.43,MANUAL,IDLE,,0,0.0,-1.111,-5.081,1.2,-0.164,0.089,0.0,-0.4,0.3,-4.1,0.383,-0.253,0.184,1.966,10.17,OFF,PAPER,1756
19.45,MANUAL,IDLE,,0,0.0,-1.114,-5.079,1.2,-0.163,0.092,0.0,-0.3,0.4,-3.9,0.009,0.291,0.162,1.972,9.98,OFF,PAPER,1756
19.47,MANUAL,IDLE,,0,0.0,-1.117,-5.077,1.2,-0.16,0.09,0.0,-0.3,0.4,-3.7,0.105,0.013,0.151,1.981,9.68,OFF,PAPER,1756
19.49,MANUAL,IDLE,,0,0.0,-1.12,-5.075,1.2,-0.163,0.083,0.0,-0.5,0.5,-3.6,-0.055,0.024,0.061,1.964,5.15,OFF,PAPER,1756
19.51,MANUAL,IDLE,,0,0.0,-1.124,-5.074,1.2,-0.17,0.089,0.0,-0.4,0.6,-3.5,-0.249,0.219,0.081,1.984,12.59,OFF,PAPER,1756
19.53,MANUAL,IDLE,,0,0.0,-1.127,-5.072,1.2,-0.168,0.083,0.0,-0.5,0.6,-3.4,0.126,0.029,-0.001,1.97,9.69,OFF,PAPER,1756
19.55,MANUAL,IDLE,,0,0.0,-1.13,-5.07,1.2,-0.17,0.079,0.0,-0.5,0.6,-3.4,-0.028,0.207,0.051,1.996,14.03,OFF,PAPER,1756
19.57,MANUAL,IDLE,,0,0.0,-1.134,-5.069,1.2,-0.166,0.077,0.0,-0.5,0.7,-3.4,-0.045,-0.224,0.023,1.988,11.22,OFF,PAPER,1756
19.59,MANUAL,IDLE,,0,0.0,-1.137,-5.067,1.2,-0.163,0.08,0.0,-0.5,0.7,-3.4,-0.065,-0.107,-0.008,1.967,4.0,OFF,PAPER,1756
19.61,MANUAL,IDLE,,0,0.0,-1.14,-5.066,1.2,-0.149,0.076,0.0,-0.6,0.5,-3.4,-0.369,-0.262,-0.01,1.999,13.16,OFF,PAPER,1756
19.63,MANUAL,IDLE,,0,0.0,-1.143,-5.064,1.2,-0.151,0.076,0.0,-0.6,0.6,-3.4,-0.011,0.064,0.002,1.981,9.04,OFF,PAPER,1756
19.65,MANUAL,IDLE,,0,0.0,-1.146,-5.063,1.2,-0.15,0.08,0.0,-0.6,0.6,-3.3,0.2,0.101,0.085,1.987,10.98,OFF,PAPER,1756
19.67,MANUAL,IDLE,,0,0.0,-1.149,-5.061,1.2,-0.138,0.083,0.0,-0.5,0.4,-3.2,-0.062,-0.4,0.159,1.977,10.8,OFF,PAPER,1756
19.69,MANUAL,IDLE,,0,0.0,-1.152,-5.059,1.2,-0.136,0.074,0.0,-0.6,0.3,-3.1,-0.146,0.131,0.112,2.005,11.93,OFF,PAPER,1756
19.71,MANUAL,IDLE,,0,0.0,-1.155,-5.058,1.2,-0.138,0.083,0.0,-0.4,0.4,-3.0,-0.086,-0.109,0.03,1.972,7.46,OFF,PAPER,1756
19.73,MANUAL,IDLE,,0,0.0,-1.157,-5.056,1.2,-0.142,0.09,0.0,-0.4,0.4,-3.0,0.303,0.125,-0.108,1.971,5.65,OFF,PAPER,1756
19.75,MANUAL,IDLE,,0,0.0,-1.16,-5.054,1.2,-0.146,0.087,0.0,-0.5,0.6,-3.1,0.145,0.184,-0.108,2.021,13.9,OFF,PAPER,1756
19.77,MANUAL,IDLE,,0,0.0,-1.163,-5.053,1.2,-0.14,0.091,0.0,-0.6,0.5,-3.2,0.175,-0.195,-0.056,1.989,9.96,OFF,PAPER,1756
19.79,MANUAL,IDLE,,0,0.0,-1.166,-5.051,1.2,-0.143,0.091,0.0,-0.6,0.4,-3.3,0.062,0.255,-0.091,1.979,9.58,OFF,PAPER,1756
19.81,MANUAL,IDLE,,0,0.0,-1.169,-5.049,1.2,-0.146,0.093,0.0,-0.6,0.5,-3.4,0.016,0.21,-0.129,2.033,15.24,OFF,PAPER,1756
19.83,MANUAL,IDLE,,0,0.0,-1.172,-5.047,1.2,-0.151,0.097,0.0,-0.5,0.6,-3.5,-0.144,0.453,-0.093,2.006,15.49,OFF,PAPER,1756
19.85,MANUAL,IDLE,,0,0.0,-1.175,-5.045,1.2,-0.152,0.088,0.0,-0.6,0.7,-3.6,-0.311,0.093,0.013,1.986,12.84,OFF,PAPER,1756
19.87,MANUAL,IDLE,,0,0.0,-1.178,-5.043,1.2,-0.145,0.099,0.0,-0.4,0.6,-3.6,0.304,0.004,0.029,1.974,11.34,OFF,PAPER,1756
19.89,MANUAL,IDLE,,0,0.0,-1.181,-5.041,1.2,-0.155,0.101,0.0,-0.4,0.8,-3.6,0.026,0.382,0.0,2.027,14.6,OFF,PAPER,1756
19.91,MANUAL,IDLE,,0,0.0,-1.184,-5.039,1.2,-0.155,0.095,0.0,-0.5,0.9,-3.6,-0.071,0.014,-0.007,1.978,15.3,OFF,PAPER,1756
19.93,MANUAL,IDLE,,0,0.0,-1.187,-5.037,1.2,-0.155,0.101,0.0,-0.4,0.9,-3.6,0.006,0.129,-0.11,1.993,12.46,OFF,PAPER,1756
19.95,MANUAL,IDLE,,0,0.0,-1.19,-5.035,1.2,-0.15,0.108,0.0,-0.3,0.9,-3.8,-0.063,-0.063,-0.138,1.974,6.32,OFF,PAPER,1756
19.97,MANUAL,IDLE,,0,0.0,-1.193,-5.033,1.2,-0.151,0.108,0.0,-0.4,0.9,-3.8,0.139,-0.059,-0.004,2.003,12.05,OFF,PAPER,1756
19.99,MANUAL,IDLE,,0,0.0,-1.196,-5.031,1.2,-0.147,0.103,0.0,-0.5,0.9,-3.8,-0.194,-0.03,0.024,1.971,6.06,OFF,PAPER,1756
20.01,MANUAL,IDLE,,0,0.0,-1.199,-5.029,1.2,-0.142,0.111,0.0,-0.4,0.8,-3.8,0.164,-0.409,0.064,1.981,8.12,OFF,PAPER,1756
20.03,MANUAL,IDLE,,0,0.0,-1.202,-5.027,1.2,-0.141,0.115,0.0,-0.3,0.7,-3.7,0.138,0.088,0.088,2.012,17.33,OFF,PAPER,1756
20.05,MANUAL,IDLE,,0,0.0,-1.204,-5.024,1.2,-0.135,0.118,0.0,-0.3,0.6,-3.6,0.004,-0.326,0.159,1.963,4.03,OFF,PAPER,1756
20.07,MANUAL,IDLE,,0,0.0,-1.207,-5.022,1.2,-0.137,0.122,0.0,-0.3,0.6,-3.4,-0.119,0.121,0.106,1.989,11.5,OFF,PAPER,1756
20.09,MANUAL,IDLE,,0,0.0,-1.21,-5.019,1.2,-0.131,0.122,0.0,-0.3,0.6,-3.3,0.169,-0.278,0.006,1.988,9.27,OFF,PAPER,1756
20.11,MANUAL,IDLE,,0,0.0,-1.213,-5.017,1.2,-0.133,0.116,0.0,-0.5,0.6,-3.2,-0.199,0.297,0.102,1.976,12.6,OFF,PAPER,1756
20.13,MANUAL,IDLE,,0,0.0,-1.215,-5.015,1.2,-0.131,0.117,0.0,-0.6,0.6,-3.1,0.076,0.138,0.081,1.994,10.36,OFF,PAPER,1756
20.15,MANUAL,IDLE,,0,0.0,-1.218,-5.012,1.2,-0.126,0.127,0.0,-0.4,0.6,-3.0,0.061,0.061,0.073,1.988,9.47,OFF,PAPER,1756
20.17,MANUAL,IDLE,,0,0.0,-1.22,-5.01,1.2,-0.13,0.125,0.0,-0.5,0.6,-3.0,-0.014,0.146,0.051,1.982,12.01,OFF,PAPER,1756
20.19,MANUAL,IDLE,,0,0.0,-1.223,-5.007,1.2,-0.118,0.126,0.0,-0.5,0.5,-2.9,0.165,-0.269,0.061,1.967,8.19,OFF,PAPER,1756
20.21,MANUAL,IDLE,,0,0.0,-1.225,-5.005,1.2,-0.11,0.124,0.0,-0.5,0.2,-2.9,0.163,-0.333,0.002,1.993,10.33,OFF,PAPER,1756
20.23,MANUAL,IDLE,,0,0.0,-1.227,-5.002,1.2,-0.109,0.126,0.0,-0.4,0.2,-2.9,-0.2,0.092,0.065,1.988,10.77,OFF,PAPER,1756
20.25,MANUAL,IDLE,,0,0.0,-1.229,-5.0,1.2,-0.11,0.119,0.0,-0.7,0.3,-2.8,-0.086,0.094,0.051,1.976,7.51,OFF,PAPER,1756
20.27,MANUAL,IDLE,,0,0.0,-1.232,-4.997,1.2,-0.114,0.117,0.0,-0.7,0.4,-2.7,0.115,0.158,0.078,2.006,13.68,OFF,PAPER,1756
20.29,MANUAL,IDLE,,0,0.0,-1.234,-4.995,1.2,-0.115,0.114,0.0,-0.8,0.4,-2.6,0.352,0.134,0.121,1.982,10.23,OFF,PAPER,1756
20.31,MANUAL,IDLE,,0,0.0,-1.236,-4.993,1.2,-0.114,0.108,0.0,-0.9,0.5,-2.4,-0.142,0.108,0.199,1.983,12.28,OFF,PAPER,1756
20.33,MANUAL,IDLE,,0,0.0,-1.238,-4.991,1.2,-0.106,0.108,0.0,-0.8,0.2,-2.2,-0.286,0.18,0.126,1.986,12.79,OFF,PAPER,1756
20.35,MANUAL,IDLE,,0,0.0,-1.24,-4.989,1.2,-0.092,0.114,0.0,-0.8,0.0,-2.1,0.133,-0.44,0.09,1.973,6.15,OFF,PAPER,1756
20.37,MANUAL,IDLE,,0,0.0,-1.242,-4.986,1.2,-0.089,0.12,0.0,-0.6,-0.1,-1.9,0.012,0.079,0.15,2.003,12.84,OFF,PAPER,1756
20.39,MANUAL,IDLE,,0,0.0,-1.244,-4.984,1.2,-0.088,0.126,0.0,-0.6,-0.0,-1.8,0.218,0.008,0.13,1.98,7.64,OFF,PAPER,1756
20.41,MANUAL,IDLE,,0,0.0,-1.246,-4.981,1.2,-0.088,0.13,0.0,-0.5,-0.0,-1.7,0.079,-0.366,0.036,1.998,11.58,OFF,PAPER,1756
20.43,MANUAL,IDLE,,0,0.0,-1.247,-4.978,1.2,-0.085,0.134,0.0,-0.4,-0.1,-1.7,-0.067,-0.122,-0.076,2.016,15.34,OFF,PAPER,1756
20.45,MANUAL,IDLE,,0,0.0,-1.249,-4.976,1.2,-0.075,0.143,0.0,-0.3,-0.3,-1.8,0.371,-0.093,0.004,1.976,12.56,OFF,PAPER,1756
20.47,MANUAL,IDLE,,0,0.0,-1.251,-4.973,1.2,-0.078,0.152,0.0,-0.0,-0.2,-1.8,0.31,0.34,-0.016,1.998,12.92,OFF,PAPER,1756
20.49,MANUAL,IDLE,,0,0.0,-1.252,-4.97,1.2,-0.075,0.144,0.0,-0.1,-0.2,-1.7,-0.197,-0.198,0.095,1.99,14.42,OFF,PAPER,1756
20.51,MANUAL,IDLE,,0,0.0,-1.254,-4.967,1.2,-0.071,0.136,0.0,-0.2,-0.3,-1.6,-0.24,0.07,0.074,1.988,10.47,OFF,PAPER,1756
20.53,MANUAL,IDLE,,0,0.0,-1.255,-4.964,1.2,-0.077,0.136,0.0,-0.2,-0.2,-1.6,-0.008,-0.042,-0.094,1.996,12.44,OFF,PAPER,1756
20.55,MANUAL,IDLE,,0,0.0,-1.257,-4.962,1.2,-0.084,0.144,0.0,-0.1,-0.1,-1.7,0.013,0.329,-0.137,2.001,12.56,OFF,PAPER,1756
20.57,MANUAL,IDLE,,0,0.0,-1.258,-4.959,1.2,-0.079,0.144,0.0,-0.2,-0.1,-1.9,-0.152,-0.097,-0.156,2.0,13.41,OFF,PAPER,1756
20.59,MANUAL,IDLE,,0,0.0,-1.26,-4.956,1.2,-0.086,0.134,0.0,-0.3,0.0,-2.0,-0.184,0.014,-0.033,1.994,10.25,OFF,PAPER,1756
20.61,MANUAL,IDLE,,0,0.0,-1.262,-4.953,1.2,-0.094,0.142,0.0,-0.2,0.1,-2.1,0.238,-0.066,-0.023,2.004,12.06,OFF,PAPER,1756
20.63,MANUAL,IDLE,,0,0.0,-1.264,-4.95,1.2,-0.091,0.136,0.0,-0.3,0.1,-2.1,-0.17,0.017,-0.114,1.976,9.79,OFF,PAPER,1756
20.65,MANUAL,IDLE,,0,0.0,-1.265,-4.948,1.2,-0.077,0.134,0.0,-0.4,-0.1,-2.3,-0.264,-0.451,-0.056,2.026,17.97,OFF,PAPER,1756
20.67,MANUAL,IDLE,,0,0.0,-1.267,-4.945,1.2,-0.087,0.128,0.0,-0.6,-0.0,-2.3,0.037,0.341,0.051,1.989,10.24,OFF,PAPER,1756
20.69,MANUAL,IDLE,,0,0.0,-1.269,-4.942,1.2,-0.087,0.126,0.0,-0.6,-0.1,-2.2,0.007,-0.024,0.118,1.975,11.72,OFF,PAPER,1756
20.71,MANUAL,IDLE,,0,0.0,-1.27,-4.94,1.2,-0.084,0.131,0.0,-0.5,-0.1,-2.1,-0.028,-0.138,-0.006,2.003,15.96,OFF,PAPER,1756
20.73,MANUAL,IDLE,,0,0.0,-1.272,-4.937,1.2,-0.078,0.127,0.0,-0.6,-0.2,-2.2,-0.246,-0.056,-0.121,1.989,13.86,OFF,PAPER,1756
20.75,MANUAL,IDLE,,0,0.0,-1.274,-4.935,1.2,-0.069,0.132,0.0,-0.6,-0.3,-2.3,0.138,0.034,-0.157,2.018,13.89,OFF,PAPER,1756
20.77,MANUAL,IDLE,,0,0.0,-1.275,-4.932,1.2,-0.071,0.135,0.0,-0.6,-0.3,-2.4,0.198,0.121,-0.104,2.014,13.41,OFF,PAPER,1756
20.79,MANUAL,IDLE,,0,0.0,-1.276,-4.929,1.2,-0.074,0.14,0.0,-0.5,-0.3,-2.5,0.19,0.091,-0.083,1.99,11.64,OFF,PAPER,1756
20.81,MANUAL,IDLE,,0,0.0,-1.278,-4.927,1.2,-0.075,0.14,0.0,-0.5,-0.3,-2.5,-0.342,0.014,0.09,1.965,5.63,OFF,PAPER,1756
20.83,MANUAL,IDLE,,0,0.0,-1.279,-4.924,1.2,-0.077,0.142,0.0,-0.5,-0.3,-2.4,0.235,0.207,0.175,1.989,9.43,OFF,PAPER,1756
20.85,MANUAL,IDLE,,0,0.0,-1.281,-4.921,1.2,-0.079,0.147,0.0,-0.3,-0.2,-2.2,-0.08,0.019,0.14,1.997,11.86,OFF,PAPER,1756
20.87,MANUAL,IDLE,,0,0.0,-1.283,-4.918,1.2,-0.082,0.148,0.0,-0.2,-0.1,-2.0,-0.271,-0.144,0.092,1.973,9.99,OFF,PAPER,1756
20.89,MANUAL,IDLE,,0,0.0,-1.284,-4.915,1.2,-0.09,0.152,0.0,-0.1,0.0,-2.0,-0.123,-0.141,0.049,1.968,4.53,OFF,PAPER,1756
20.91,MANUAL,IDLE,,0,0.0,-1.286,-4.912,1.2,-0.089,0.15,0.0,-0.1,-0.0,-1.9,-0.268,0.028,0.098,2.005,11.94,OFF,PAPER,1756
20.93,MANUAL,IDLE,,0,0.0,-1.288,-4.909,1.2,-0.092,0.156,0.0,-0.1,0.0,-1.8,-0.051,0.07,0.007,2.007,12.64,OFF,PAPER,1756
20.95,MANUAL,IDLE,,0,0.0,-1.29,-4.906,1.2,-0.093,0.154,0.0,-0.1,0.1,-1.8,0.082,-0.274,-0.046,1.989,14.07,OFF,PAPER,1756
20.97,MANUAL,IDLE,,0,0.0,-1.292,-4.903,1.2,-0.093,0.153,0.0,-0.0,0.1,-1.9,-0.426,-0.082,-0.099,1.982,10.57,OFF,PAPER,1756
20.99,MANUAL,IDLE,,0,0.0,-1.294,-4.9,1.2,-0.097,0.154,0.0,-0.1,0.1,-2.0,0.045,-0.135,-0.088,2.015,16.24,OFF,PAPER,1756
21.01,MANUAL,IDLE,,0,0.0,-1.295,-4.896,1.2,-0.097,0.16,0.0,0.0,0.1,-2.1,-0.023,0.061,-0.117,1.969,8.86,OFF,PAPER,1756
21.03,MANUAL,IDLE,,0,0.0,-1.297,-4.893,1.2,-0.096,0.157,0.0,0.0,0.1,-2.2,0.038,-0.094,-0.102,1.992,9.98,OFF,PAPER,1756
21.05,MANUAL,IDLE,,0,0.0,-1.299,-4.89,1.2,-0.098,0.148,0.0,-0.1,0.2,-2.3,-0.241,-0.05,-0.05,1.962,10.01,OFF,PAPER,1756
21.07,MANUAL,IDLE,,0,0.0,-1.301,-4.887,1.2,-0.109,0.154,0.0,0.0,0.3,-2.4,-0.17,0.206,-0.025,2.002,11.5,OFF,PAPER,1756
21.09,MANUAL,IDLE,,0,0.0,-1.303,-4.884,1.2,-0.105,0.153,0.0,-0.1,0.3,-2.4,0.387,-0.135,-0.014,1.974,6.51,OFF,PAPER,1756
21.11,MANUAL,IDLE,,0,0.0,-1.306,-4.881,1.2,-0.107,0.152,0.0,-0.1,0.3,-2.5,0.053,0.089,-0.0,1.999,11.02,OFF,PAPER,1756
21.13,MANUAL,IDLE,,0,0.0,-1.308,-4.878,1.2,-0.1,0.154,0.0,-0.0,0.2,-2.5,-0.21,-0.178,0.028,1.997,11.51,OFF,PAPER,1756
21.15,MANUAL,IDLE,,0,0.0,-1.31,-4.875,1.2,-0.102,0.155,0.0,-0.2,0.4,-2.4,0.094,0.174,0.028,1.978,11.12,OFF,PAPER,1756
21.17,MANUAL,IDLE,,0,0.0,-1.312,-4.872,1.2,-0.096,0.16,0.0,0.1,0.3,-2.4,-0.411,-0.323,-0.036,1.993,10.1,OFF,PAPER,1756
21.19,MANUAL,IDLE,,0,0.0,-1.314,-4.868,1.2,-0.098,0.16,0.0,-0.0,0.3,-2.5,-0.0,-0.092,0.025,1.963,3.42,OFF,PAPER,1756
21.21,MANUAL,IDLE,,0,0.0,-1.316,-4.865,1.2,-0.091,0.166,0.0,0.1,0.2,-2.4,-0.029,0.012,0.086,1.98,12.91,OFF,PAPER,1756
21.23,MANUAL,IDLE,,0,0.0,-1.317,-4.862,1.2,-0.084,0.16,0.0,0.1,0.1,-2.3,-0.306,0.235,0.13,1.992,11.61,OFF,PAPER,1756
21.25,MANUAL,IDLE,,0,0.0,-1.319,-4.859,1.2,-0.073,0.157,0.0,-0.0,0.0,-2.1,0.166,-0.013,0.123,1.992,10.85,OFF,PAPER,1756
21.27,MANUAL,IDLE,,0,0.0,-1.32,-4.856,1.2,-0.072,0.161,0.0,0.1,0.0,-2.0,0.308,0.02,0.083,2.018,16.48,OFF,PAPER,1756
21.29,MANUAL,IDLE,,0,0.0,-1.322,-4.852,1.2,-0.069,0.162,0.0,0.1,-0.0,-1.9,0.202,-0.109,0.065,1.963,10.64,OFF,PAPER,1756
21.31,MANUAL,IDLE,,0,0.0,-1.323,-4.849,1.2,-0.07,0.161,0.0,0.2,-0.1,-1.9,-0.25,-0.405,0.066,1.99,12.57,OFF,PAPER,1756
21.33,MANUAL,IDLE,,0,0.0,-1.324,-4.846,1.2,-0.07,0.161,0.0,0.3,-0.0,-1.8,-0.146,0.055,0.101,1.976,11.74,OFF,PAPER,1756
21.35,MANUAL,IDLE,,0,0.0,-1.326,-4.843,1.2,-0.071,0.161,0.0,0.3,0.0,-1.7,0.058,-0.088,0.045,1.964,4.31,OFF,PAPER,1756
21.37,MANUAL,IDLE,,0,0.0,-1.327,-4.839,1.2,-0.08,0.162,0.0,0.3,0.2,-1.7,-0.279,0.099,-0.072,2.02,16.36,OFF,PAPER,1756
21.39,MANUAL,IDLE,,0,0.0,-1.329,-4.836,1.2,-0.074,0.153,0.0,0.1,0.3,-1.8,0.267,-0.203,-0.122,1.97,6.55,OFF,PAPER,1756
21.41,MANUAL,IDLE,,0,0.0,-1.331,-4.833,1.2,-0.081,0.162,0.0,0.3,0.3,-1.9,-0.0,0.087,-0.106,2.0,11.48,OFF,PAPER,1756
21.43,MANUAL,IDLE,,0,0.0,-1.332,-4.83,1.2,-0.082,0.155,0.0,0.1,0.4,-2.0,-0.119,-0.103,-0.047,1.984,8.76,OFF,PAPER,1756
21.45,MANUAL,IDLE,,0,0.0,-1.334,-4.827,1.2,-0.077,0.151,0.0,-0.0,0.3,-2.0,0.027,-0.085,-0.053,2.01,15.09,OFF,PAPER,1756
21.47,MANUAL,IDLE,,0,0.0,-1.335,-4.824,1.2,-0.078,0.146,0.0,-0.2,0.2,-2.1,-0.049,0.155,-0.093,1.985,10.25,OFF,PAPER,1756
21.49,MANUAL,IDLE,,0,0.0,-1.337,-4.821,1.2,-0.077,0.133,0.0,-0.4,0.2,-2.2,-0.537,0.075,-0.072,1.962,2.16,OFF,PAPER,1756
21.51,MANUAL,IDLE,,0,0.0,-1.338,-4.819,1.2,-0.077,0.129,0.0,-0.5,0.2,-2.3,-0.245,-0.013,-0.081,1.972,7.95,OFF,PAPER,1756
21.53,MANUAL,IDLE,,0,0.0,-1.34,-4.816,1.2,-0.074,0.13,0.0,-0.5,0.1,-2.4,0.001,0.088,-0.056,2.005,14.41,OFF,PAPER,1756
21.55,MANUAL,IDLE,,0,0.0,-1.341,-4.813,1.2,-0.066,0.134,0.0,-0.4,0.0,-2.4,0.125,-0.228,0.022,2.021,14.11,OFF,PAPER,1756
21.57,MANUAL,IDLE,,0,0.0,-1.343,-4.811,1.2,-0.074,0.137,0.0,-0.4,0.2,-2.4,-0.14,0.24,0.008,1.981,8.25,OFF,PAPER,1756
21.59,MANUAL,IDLE,,0,0.0,-1.344,-4.808,1.2,-0.086,0.139,0.0,-0.3,0.4,-2.4,0.087,0.204,0.052,1.997,10.74,OFF,PAPER,1756
21.61,MANUAL,IDLE,,0,0.0,-1.346,-4.805,1.2,-0.082,0.147,0.0,-0.2,0.3,-2.2,0.285,-0.196,0.148,2.031,15.25,OFF,PAPER,1756
21.63,MANUAL,IDLE,,0,0.0,-1.348,-4.802,1.2,-0.081,0.159,0.0,0.0,0.3,-2.1,0.189,0.142,0.037,1.97,11.21,OFF,PAPER,1756
21.65,MANUAL,IDLE,,0,0.0,-1.349,-4.799,1.2,-0.076,0.162,0.0,0.1,0.3,-2.1,0.155,-0.134,0.0,1.973,9.18,OFF,PAPER,1756
21.67,MANUAL,IDLE,,0,0.0,-1.351,-4.796,1.2,-0.069,0.16,0.0,0.1,0.1,-2.0,0.016,-0.387,0.051,2.001,11.72,OFF,PAPER,1756
21.69,MANUAL,IDLE,,0,0.0,-1.352,-4.792,1.2,-0.064,0.163,0.0,0.1,-0.1,-2.0,0.413,-0.306,0.047,1.994,13.53,OFF,PAPER,1756
21.71,MANUAL,IDLE,,0,0.0,-1.353,-4.789,1.2,-0.06,0.165,0.0,0.1,-0.1,-1.9,0.31,-0.041,0.01,1.989,9.57,OFF,PAPER,1756
21.73,MANUAL,IDLE,,0,0.0,-1.354,-4.786,1.2,-0.058,0.166,0.0,0.2,-0.2,-1.9,0.214,0.228,-0.077,1.995,12.98,OFF,PAPER,1756
21.75,MANUAL,IDLE,,0,0.0,-1.356,-4.783,1.2,-0.057,0.169,0.0,0.2,-0.1,-2.0,0.476,0.11,-0.137,1.964,9.18,OFF,PAPER,1756
21.77,MANUAL,IDLE,,0,0.0,-1.357,-4.779,1.2,-0.06,0.17,0.0,0.2,0.0,-2.1,-0.267,-0.01,-0.093,1.965,4.93,OFF,PAPER,1756
21.79,MANUAL,IDLE,,0,0.0,-1.358,-4.776,1.2,-0.066,0.169,0.0,0.2,0.1,-2.3,-0.261,0.105,-0.145,1.972,10.49,OFF,PAPER,1756
21.81,MANUAL,IDLE,,0,0.0,-1.359,-4.772,1.2,-0.062,0.175,0.0,0.2,0.1,-2.5,-0.015,0.065,-0.162,1.988,11.86,OFF,PAPER,1756
21.83,MANUAL,IDLE,,0,0.0,-1.361,-4.769,1.2,-0.063,0.171,0.0,0.0,0.2,-2.7,-0.067,0.025,-0.181,2.006,13.1,OFF,PAPER,1756
21.85,MANUAL,IDLE,,0,0.0,-1.362,-4.765,1.2,-0.06,0.171,0.0,0.1,0.2,-3.0,0.008,-0.227,-0.189,1.97,7.35,OFF,PAPER,1756
21.87,MANUAL,IDLE,,0,0.0,-1.363,-4.762,1.2,-0.063,0.175,0.0,0.0,0.2,-3.2,0.427,-0.033,-0.293,1.982,11.93,OFF,PAPER,1756
21.89,MANUAL,IDLE,,0,0.0,-1.364,-4.758,1.2,-0.066,0.186,0.0,0.2,0.3,-3.5,-0.03,0.024,-0.249,1.975,8.46,OFF,PAPER,1756
21.91,MANUAL,IDLE,,0,0.0,-1.366,-4.755,1.2,-0.07,0.19,0.0,0.4,0.4,-3.7,0.356,-0.043,-0.078,1.991,10.05,OFF,PAPER,1756
21.93,MANUAL,IDLE,,0,0.0,-1.367,-4.751,1.2,-0.07,0.191,0.0,0.4,0.4,-3.7,0.322,0.188,-0.056,1.995,10.58,OFF,PAPER,1756
21.95,MANUAL,IDLE,,0,0.0,-1.368,-4.747,1.2,-0.067,0.192,0.0,0.5,0.5,-3.7,-0.261,0.014,-0.02,2.025,15.52,OFF,PAPER,1756
21.97,MANUAL,IDLE,,0,0.0,-1.37,-4.743,1.2,-0.072,0.192,0.0,0.5,0.5,-3.7,0.122,0.053,-0.009,1.996,13.15,OFF,PAPER,1756
21.99,MANUAL,IDLE,,0,0.0,-1.371,-4.739,1.2,-0.068,0.189,0.0,0.5,0.6,-3.7,0.058,-0.247,0.057,1.963,11.24,OFF,PAPER,1756
22.01,MANUAL,IDLE,,0,0.0,-1.373,-4.735,1.2,-0.061,0.184,0.0,0.4,0.4,-3.6,0.087,0.301,0.02,1.992,13.72,OFF,PAPER,1756
22.03,MANUAL,IDLE,,0,0.0,-1.374,-4.732,1.2,-0.06,0.181,0.0,0.4,0.6,-3.6,0.026,-0.199,0.038,1.996,10.76,OFF,PAPER,1756
22.05,MANUAL,IDLE,,0,0.0,-1.375,-4.728,1.2,-0.063,0.173,0.0,0.3,0.6,-3.5,-0.042,0.096,0.035,2.0,13.32,OFF,PAPER,1756
22.07,MANUAL,IDLE,,0,0.0,-1.376,-4.725,1.2,-0.057,0.172,0.0,0.2,0.5,-3.5,-0.014,-0.301,0.064,1.969,11.66,OFF,PAPER,1756
22.09,MANUAL,IDLE,,0,0.0,-1.377,-4.721,1.2,-0.06,0.174,0.0,0.3,0.5,-3.4,0.187,-0.142,0.024,1.988,12.04,OFF,PAPER,1756
22.11,MANUAL,IDLE,,0,0.0,-1.378,-4.718,1.2,-0.054,0.173,0.0,0.2,0.4,-3.4,0.353,0.071,-0.025,1.979,10.34,OFF,PAPER,1756
22.13,MANUAL,IDLE,,0,0.0,-1.38,-4.714,1.2,-0.053,0.175,0.0,0.3,0.3,-3.4,0.065,0.238,0.012,2.015,13.34,OFF,PAPER,1756
22.15,MANUAL,IDLE,,0,0.0,-1.381,-4.711,1.2,-0.054,0.173,0.0,0.4,0.4,-3.4,-0.232,0.417,0.078,1.978,11.68,OFF,PAPER,1756
22.17,MANUAL,IDLE,,0,0.0,-1.382,-4.707,1.2,-0.047,0.169,0.0,0.3,0.3,-3.3,-0.244,-0.094,0.014,1.968,7.91,OFF,PAPER,1756
22.19,MANUAL,IDLE,,0,0.0,-1.382,-4.704,1.2,-0.04,0.165,0.0,0.3,0.1,-3.3,-0.289,-0.116,0.001,1.982,8.41,OFF,PAPER,1756
22.21,MANUAL,IDLE,,0,0.0,-1.383,-4.701,1.2,-0.032,0.166,0.0,0.2,-0.1,-3.3,-0.004,-0.06,0.026,2.041,16.06,OFF,PAPER,1756
22.23,MANUAL,IDLE,,0,0.0,-1.384,-4.698,1.2,-0.035,0.161,0.0,0.2,-0.0,-3.3,0.164,0.284,0.058,2.003,11.84,OFF,PAPER,1756
22.25,MANUAL,IDLE,,0,0.0,-1.384,-4.694,1.2,-0.04,0.164,0.0,0.3,0.0,-3.1,-0.092,0.342,0.191,1.99,9.83,OFF,PAPER,1756
22.27,MANUAL,IDLE,,0,0.0,-1.385,-4.691,1.2,-0.038,0.167,0.0,0.2,0.1,-3.0,0.039,-0.127,0.099,2.005,12.24,OFF,PAPER,1756
22.29,MANUAL,IDLE,,0,0.0,-1.386,-4.688,1.2,-0.036,0.163,0.0,0.2,0.0,-2.9,0.012,0.318,0.042,2.021,15.05,OFF,PAPER,1756
22.31,MANUAL,IDLE,,0,0.0,-1.387,-4.684,1.2,-0.037,0.159,0.0,0.1,0.0,-2.9,-0.29,0.029,0.059,1.969,10.12,OFF,PAPER,1756
22.33,MANUAL,IDLE,,0,0.0,-1.387,-4.681,1.2,-0.025,0.164,0.0,0.2,-0.1,-2.8,0.518,-0.206,-0.016,1.964,5.63,OFF,PAPER,1756
22.35,MANUAL,IDLE,,0,0.0,-1.388,-4.678,1.2,-0.017,0.166,0.0,0.4,-0.2,-2.8,0.222,-0.032,0.044,2.018,13.78,OFF,PAPER,1756
22.37,MANUAL,IDLE,,0,0.0,-1.388,-4.675,1.2,-0.018,0.167,0.0,0.4,-0.2,-2.8,-0.142,0.286,0.086,1.984,9.09,OFF,PAPER,1756
22.39,MANUAL,IDLE,,0,0.0,-1.389,-4.671,1.2,-0.03,0.161,0.0,0.3,-0.0,-2.7,-0.382,0.54,0.049,1.965,4.86,OFF,PAPER,1756
22.41,MANUAL,IDLE,,0,0.0,-1.389,-4.668,1.2,-0.023,0.165,0.0,0.3,-0.0,-2.6,0.057,-0.304,0.017,1.976,8.34,OFF,PAPER,1756
22.43,MANUAL,IDLE,,0,0.0,-1.389,-4.665,1.2,-0.02,0.17,0.0,0.4,-0.0,-2.6,0.182,0.086,-0.073,1.967,4.11,OFF,PAPER,1756
22.45,MANUAL,IDLE,,0,0.0,-1.39,-4.661,1.2,-0.023,0.168,0.0,0.4,0.1,-2.7,0.042,0.097,-0.034,1.991,13.08,OFF,PAPER,1756
22.47,MANUAL,IDLE,,0,0.0,-1.39,-4.658,1.2,-0.022,0.165,0.0,0.3,0.0,-2.7,0.024,0.238,-0.058,1.996,10.58,OFF,PAPER,1756
22.49,MANUAL,IDLE,,0,0.0,-1.391,-4.655,1.2,-0.019,0.165,0.0,0.2,-0.0,-2.8,0.251,-0.06,-0.035,1.984,12.16,OFF,PAPER,1756
22.51,MANUAL,IDLE,,0,0.0,-1.391,-4.651,1.2,-0.019,0.17,0.0,0.2,-0.1,-2.8,0.101,0.089,-0.044,1.986,11.96,OFF,PAPER,1756
22.53,MANUAL,IDLE,,0,0.0,-1.392,-4.648,1.2,-0.015,0.169,0.0,0.2,-0.2,-2.8,0.185,-0.055,0.023,1.966,10.8,OFF,PAPER,1756
22.55,MANUAL,IDLE,,0,0.0,-1.392,-4.645,1.2,-0.015,0.168,0.0,0.3,-0.1,-2.8,0.071,0.083,0.063,1.968,4.79,OFF,PAPER,1756
22.57,MANUAL,IDLE,,0,0.0,-1.392,-4.641,1.2,-0.026,0.169,0.0,0.3,0.1,-2.7,-0.188,0.013,0.091,1.984,11.42,OFF,PAPER,1756
22.59,MANUAL,IDLE,,0,0.0,-1.393,-4.638,1.2,-0.016,0.175,0.0,0.5,-0.1,-2.6,-0.202,-0.337,0.159,1.991,13.5,OFF,PAPER,1756
22.61,MANUAL,IDLE,,0,0.0,-1.393,-4.634,1.2,-0.011,0.175,0.0,0.5,-0.2,-2.5,-0.14,-0.264,0.095,1.98,8.27,OFF,PAPER,1756
22.63,MANUAL,IDLE,,0,0.0,-1.393,-4.631,1.2,-0.012,0.174,0.0,0.6,-0.1,-2.4,0.168,0.086,0.073,1.996,11.01,OFF,PAPER,1756
22.65,MANUAL,IDLE,,0,0.0,-1.393,-4.627,1.2,-0.005,0.165,0.0,0.6,-0.3,-2.3,-0.236,-0.053,0.009,1.991,13.9,OFF,PAPER,1756
22.67,MANUAL,IDLE,,0,0.0,-1.394,-4.624,1.2,-0.014,0.156,0.0,0.4,-0.1,-2.3,-0.165,-0.052,0.047,2.012,12.86,OFF,PAPER,1756
22.69,MANUAL,IDLE,,0,0.0,-1.394,-4.621,1.2,-0.016,0.15,0.0,0.3,-0.1,-2.2,0.003,-0.169,0.052,1.982,12.78,OFF,PAPER,1756
22.71,MANUAL,IDLE,,0,0.0,-1.394,-4.618,1.2,-0.012,0.15,0.0,0.3,-0.1,-2.2,0.008,-0.071,0.024,1.99,9.62,OFF,PAPER,1756
22.73,MANUAL,IDLE,,0,0.0,-1.394,-4.615,1.2,-0.007,0.154,0.0,0.3,-0.3,-2.1,0.382,0.136,0.155,1.981,12.21,OFF,PAPER,1756
22.75,MANUAL,IDLE,,0,0.0,-1.395,-4.612,1.2,-0.01,0.155,0.0,0.4,-0.3,-2.1,-0.201,-0.25,-0.057,1.986,13.41,OFF,PAPER,1756
22.77,MANUAL,IDLE,,0,0.0,-1.395,-4.609,1.2,-0.007,0.157,0.0,0.4,-0.4,-2.1,0.212,0.226,-0.008,1.966,6.56,OFF,PAPER,1756
22.79,MANUAL,IDLE,,0,0.0,-1.395,-4.606,1.2,-0.01,0.158,0.0,0.5,-0.4,-2.0,-0.084,-0.207,-0.005,2.001,14.07,OFF,PAPER,1756
22.81,MANUAL,IDLE,,0,0.0,-1.395,-4.603,1.2,-0.015,0.158,0.0,0.5,-0.4,-2.1,0.103,0.214,-0.129,1.967,4.06,OFF,PAPER,1756
22.83,MANUAL,IDLE,,0,0.0,-1.396,-4.599,1.2,-0.018,0.154,0.0,0.5,-0.3,-2.2,-0.089,0.169,-0.115,1.971,5.84,OFF,PAPER,1756
22.85,MANUAL,IDLE,,0,0.0,-1.396,-4.596,1.2,-0.017,0.15,0.0,0.4,-0.3,-2.3,0.056,-0.06,-0.071,1.995,11.27,OFF,PAPER,1756
22.87,MANUAL,IDLE,,0,0.0,-1.396,-4.593,1.2,-0.014,0.156,0.0,0.5,-0.3,-2.4,0.18,-0.191,-0.021,1.963,8.49,OFF,PAPER,1756
22.89,MANUAL,IDLE,,0,0.0,-1.397,-4.59,1.2,-0.021,0.155,0.0,0.4,-0.2,-2.5,-0.21,-0.076,-0.026,2.004,11.71,OFF,PAPER,1756
22.91,MANUAL,IDLE,,0,0.0,-1.397,-4.587,1.2,-0.031,0.149,0.0,0.3,-0.0,-2.4,0.065,0.349,0.049,1.991,10.27,OFF,PAPER,1756
22.93,MANUAL,IDLE,,0,0.0,-1.398,-4.584,1.2,-0.031,0.147,0.0,0.4,-0.0,-2.4,-0.045,-0.075,0.056,2.009,14.19,OFF,PAPER,1756
22.95,MANUAL,IDLE,,0,0.0,-1.398,-4.581,1.2,-0.034,0.137,0.0,0.2,0.1,-2.3,-0.183,-0.277,-0.097,2.011,14.12,OFF,PAPER,1756
22.97,MANUAL,IDLE,,0,0.0,-1.399,-4.579,1.2,-0.032,0.138,0.0,0.1,0.0,-2.4,0.24,0.262,0.053,2.014,13.9,OFF,PAPER,1756
22.99,MANUAL,IDLE,,0,0.0,-1.4,-4.576,1.2,-0.034,0.136,0.0,0.2,0.1,-2.3,-0.273,-0.185,0.054,1.963,2.82,OFF,PAPER,1756
23.01,MANUAL,IDLE,,0,0.0,-1.4,-4.573,1.2,-0.038,0.141,0.0,0.2,0.2,-2.3,0.111,0.274,0.104,1.968,8.13,OFF,PAPER,1756
23.03,MANUAL,IDLE,,0,0.0,-1.401,-4.57,1.2,-0.034,0.143,0.0,0.2,0.1,-2.1,-0.134,-0.137,0.155,1.979,9.64,OFF,PAPER,1756
23.05,MANUAL,IDLE,,0,0.0,-1.402,-4.567,1.2,-0.03,0.144,0.0,0.2,0.0,-2.0,0.025,0.183,0.145,2.028,16.43,OFF,PAPER,1756
23.07,MANUAL,IDLE,,0,0.0,-1.402,-4.564,1.2,-0.03,0.143,0.0,0.3,0.1,-1.9,-0.171,-0.119,-0.037,2.002,11.71,OFF,PAPER,1756
23.09,MANUAL,IDLE,,0,0.0,-1.403,-4.562,1.2,-0.025,0.145,0.0,0.3,0.0,-1.9,0.107,-0.25,0.04,1.995,12.08,OFF,PAPER,1756
23.11,MANUAL,IDLE,,0,0.0,-1.403,-4.559,1.2,-0.026,0.144,0.0,0.3,0.1,-1.9,-0.259,0.004,0.05,2.003,13.42,OFF,PAPER,1756
23.13,MANUAL,IDLE,,0,0.0,-1.404,-4.556,1.2,-0.025,0.149,0.0,0.4,0.1,-1.8,-0.205,-0.207,0.007,1.987,9.93,OFF,PAPER,1756
23.15,MANUAL,IDLE,,0,0.0,-1.405,-4.553,1.2,-0.032,0.149,0.0,0.3,0.2,-1.8,0.289,-0.127,-0.008,2.008,13.28,OFF,PAPER,1756
23.17,MANUAL,IDLE,,0,0.0,-1.405,-4.55,1.2,-0.029,0.161,0.0,0.5,0.2,-1.8,0.49,0.193,0.02,1.965,5.96,OFF,PAPER,1756
23.19,MANUAL,IDLE,,0,0.0,-1.406,-4.546,1.2,-0.027,0.157,0.0,0.5,0.1,-1.8,-0.206,-0.219,0.007,1.993,11.21,OFF,PAPER,1756
23.21,MANUAL,IDLE,,0,0.0,-1.406,-4.543,1.2,-0.036,0.158,0.0,0.4,0.2,-1.8,-0.037,0.143,0.005,1.968,8.54,OFF,PAPER,1756
23.23,MANUAL,IDLE,,0,0.0,-1.407,-4.54,1.2,-0.036,0.162,0.0,0.5,0.2,-1.8,0.359,-0.08,-0.007,1.974,7.28,OFF,PAPER,1756
23.25,MANUAL,IDLE,,0,0.0,-1.408,-4.537,1.2,-0.04,0.17,0.0,0.7,0.3,-1.8,0.176,0.106,0.007,1.98,11.01,OFF,PAPER,1756
23.27,MANUAL,IDLE,,0,0.0,-1.408,-4.533,1.2,-0.033,0.165,0.0,0.7,0.1,-1.8,-0.19,0.079,0.006,1.963,3.33,OFF,PAPER,1756
23.29,MANUAL,IDLE,,0,0.0,-1.409,-4.53,1.2,-0.032,0.162,0.0,0.7,0.1,-1.8,-0.186,-0.133,0.059,1.989,13.83,OFF,PAPER,1756
23.31,MANUAL,IDLE,,0,0.0,-1.41,-4.527,1.2,-0.032,0.155,0.0,0.6,0.1,-1.8,0.075,0.324,0.047,1.995,13.85,OFF,PAPER,1756
23.33,MANUAL,IDLE,,0,0.0,-1.41,-4.524,1.2,-0.028,0.151,0.0,0.5,0.1,-1.7,-0.085,0.164,0.02,2.009,12.5,OFF,PAPER,1756
23.35,MANUAL,IDLE,,0,0.0,-1.411,-4.521,1.2,-0.028,0.144,0.0,0.3,0.1,-1.6,-0.159,-0.114,0.075,1.985,11.99,OFF,PAPER,1756
23.37,MANUAL,IDLE,,0,0.0,-1.411,-4.518,1.2,-0.028,0.139,0.0,0.3,0.2,-1.5,-0.371,0.145,0.069,2.008,12.4,OFF,PAPER,1756
23.39,MANUAL,IDLE,,0,0.0,-1.412,-4.515,1.2,-0.027,0.143,0.0,0.3,0.2,-1.4,0.09,0.143,0.089,1.989,10.4,OFF,PAPER,1756
23.41,MANUAL,IDLE,,0,0.0,-1.413,-4.512,1.2,-0.024,0.141,0.0,0.2,0.3,-1.3,0.284,-0.366,0.047,2.008,12.26,OFF,PAPER,1756
23.43,MANUAL,IDLE,,0,0.0,-1.413,-4.51,1.2,-0.025,0.136,0.0,0.2,0.3,-1.3,-0.248,0.007,0.014,2.025,14.68,OFF,PAPER,1756
23.45,MANUAL,IDLE,,0,0.0,-1.413,-4.507,1.2,-0.023,0.126,0.0,-0.0,0.3,-1.3,-0.138,0.086,-0.019,2.011,14.75,OFF,PAPER,1756
23.47,MANUAL,IDLE,,0,0.0,-1.414,-4.505,1.2,-0.022,0.128,0.0,-0.0,0.3,-1.3,0.007,0.276,-0.025,1.999,15.21,OFF,PAPER,1756
23.49,MANUAL,IDLE,,0,0.0,-1.414,-4.502,1.2,-0.015,0.131,0.0,-0.0,0.3,-1.3,0.186,0.279,0.04,2.015,15.11,OFF,PAPER,1756
23.51,MANUAL,IDLE,,0,0.0,-1.415,-4.499,1.2,-0.017,0.135,0.0,0.1,0.3,-1.2,-0.094,0.208,0.085,1.978,9.92,OFF,PAPER,1756
23.53,MANUAL,IDLE,,0,0.0,-1.415,-4.497,1.2,-0.011,0.123,0.0,-0.0,0.2,-1.1,-0.098,-0.032,0.015,2.012,12.87,OFF,PAPER,1756
23.55,MANUAL,IDLE,,0,0.0,-1.415,-4.494,1.2,-0.011,0.135,0.0,0.1,-0.0,-1.1,0.323,-0.03,-0.012,1.965,3.45,OFF,PAPER,1756
23.57,MANUAL,IDLE,,0,0.0,-1.415,-4.491,1.2,-0.001,0.132,0.0,0.0,-0.2,-1.1,-0.17,-0.147,0.015,1.986,9.8,OFF,PAPER,1756
23.59,MANUAL,IDLE,,0,0.0,-1.415,-4.489,1.2,-0.006,0.133,0.0,-0.0,-0.1,-1.1,0.205,0.083,0.032,1.965,9.98,OFF,PAPER,1756
23.61,MANUAL,IDLE,,0,0.0,-1.415,-4.486,1.2,0.008,0.141,0.0,0.1,-0.3,-1.0,0.442,-0.18,0.003,1.977,8.37,OFF,PAPER,1756
23.63,MANUAL,IDLE,,0,0.0,-1.415,-4.483,1.2,0.007,0.143,0.0,0.2,-0.3,-1.1,0.318,0.215,-0.16,2.002,15.64,OFF,PAPER,1756
23.65,MANUAL,IDLE,,0,0.0,-1.415,-4.48,1.2,0.003,0.145,0.0,0.2,-0.2,-1.3,0.132,-0.059,-0.226,2.01,13.79,OFF,PAPER,1756
23.67,MANUAL,IDLE,,0,0.0,-1.415,-4.478,1.2,0.003,0.138,0.0,0.1,-0.3,-1.5,-0.291,0.205,-0.099,1.972,6.29,OFF,PAPER,1756
23.69,MANUAL,IDLE,,0,0.0,-1.415,-4.475,1.2,0.004,0.141,0.0,0.2,-0.3,-1.6,0.391,-0.182,-0.156,1.964,11.42,OFF,PAPER,1756
23.71,MANUAL,IDLE,,0,0.0,-1.415,-4.472,1.2,0.008,0.136,0.0,0.1,-0.4,-1.7,-0.069,-0.172,-0.058,1.985,10.96,OFF,PAPER,1756
23.73,MANUAL,IDLE,,0,0.0,-1.415,-4.469,1.2,0.002,0.135,0.0,0.2,-0.3,-1.8,-0.418,0.289,-0.112,1.973,11.21,OFF,PAPER,1756
23.75,MANUAL,IDLE,,0,0.0,-1.415,-4.467,1.2,0.002,0.137,0.0,0.2,-0.2,-1.9,0.347,-0.026,-0.228,1.966,6.61,OFF,PAPER,1756
23.77,MANUAL,IDLE,,0,0.0,-1.415,-4.464,1.2,-0.007,0.135,0.0,0.1,0.0,-2.2,-0.366,0.23,-0.284,2.006,14.65,OFF,PAPER,1756
23.79,MANUAL,IDLE,,0,0.0,-1.415,-4.461,1.2,-0.008,0.137,0.0,0.2,0.1,-2.5,0.201,0.084,-0.283,1.972,10.98,OFF,PAPER,1756
23.81,MANUAL,IDLE,,0,0.0,-1.415,-4.458,1.2,-0.015,0.134,0.0,0.1,0.2,-2.9,-0.336,0.149,-0.242,1.99,12.02,OFF,PAPER,1756
23.83,MANUAL,IDLE,,0,0.0,-1.415,-4.456,1.2,-0.015,0.131,0.0,0.0,0.2,-3.1,-0.072,0.162,-0.174,1.986,10.41,OFF,PAPER,1756
23.85,MANUAL,IDLE,,0,0.0,-1.415,-4.453,1.2,-0.011,0.121,0.0,-0.1,0.1,-3.3,-0.144,0.167,-0.214,2.011,13.51,OFF,PAPER,1756
23.87,MANUAL,IDLE,,0,0.0,-1.416,-4.451,1.2,-0.013,0.131,0.0,-0.0,0.1,-3.6,-0.088,0.302,-0.207,1.985,9.84,OFF,PAPER,1756
23.89,MANUAL,IDLE,,0,0.0,-1.416,-4.448,1.2,-0.011,0.135,0.0,-0.0,0.1,-3.7,-0.082,0.082,-0.101,2.005,11.97,OFF,PAPER,1756
23.91,MANUAL,IDLE,,0,0.0,-1.416,-4.445,1.2,-0.009,0.143,0.0,0.1,0.1,-3.9,0.352,-0.136,-0.138,1.997,10.73,OFF,PAPER,1756
23.93,MANUAL,IDLE,,0,0.0,-1.416,-4.443,1.2,0.0,0.142,0.0,0.2,-0.0,-4.0,0.144,-0.19,-0.045,1.972,12.06,OFF,PAPER,1756
23.95,MANUAL,IDLE,,0,0.0,-1.416,-4.44,1.2,0.003,0.139,0.0,0.1,-0.1,-4.0,-0.133,-0.125,0.007,2.004,14.19,OFF,PAPER,1756
23.97,MANUAL,IDLE,,0,0.0,-1.416,-4.437,1.2,0.008,0.151,0.0,0.3,-0.2,-4.0,0.186,-0.168,0.05,2.006,12.21,OFF,PAPER,1756
23.99,MANUAL,IDLE,,0,0.0,-1.416,-4.434,1.2,0.021,0.154,0.0,0.4,-0.4,-4.1,0.006,-0.185,-0.087,1.981,11.19,OFF,PAPER,1756
24.01,MANUAL,IDLE,,0,0.0,-1.415,-4.431,1.2,0.013,0.15,0.0,0.3,-0.3,-4.1,0.005,-0.157,-0.013,1.975,11.27,OFF,PAPER,1756
24.03,MANUAL,IDLE,,0,0.0,-1.415,-4.428,1.2,0.004,0.159,0.0,0.4,-0.2,-4.1,0.332,0.14,0.009,1.975,11.84,OFF,PAPER,1756
24.05,MANUAL,IDLE,,0,0.0,-1.415,-4.424,1.2,0.007,0.153,0.0,0.3,-0.3,-4.1,-0.176,0.091,0.043,2.0,11.52,OFF,PAPER,1756
24.07,MANUAL,IDLE,,0,0.0,-1.415,-4.421,1.2,0.007,0.156,0.0,0.3,-0.3,-4.0,0.204,-0.119,0.124,1.991,12.82,OFF,PAPER,1756
24.09,MANUAL,IDLE,,0,0.0,-1.415,-4.418,1.2,0.008,0.16,0.0,0.4,-0.3,-3.9,-0.168,0.057,0.037,1.992,15.5,OFF,PAPER,1756
24.11,MANUAL,IDLE,,0,0.0,-1.415,-4.415,1.2,0.004,0.157,0.0,0.3,-0.3,-3.9,0.027,-0.118,0.043,1.988,13.68,OFF,PAPER,1756
24.13,MANUAL,IDLE,,0,0.0,-1.415,-4.412,1.2,0.0,0.164,0.0,0.4,-0.2,-3.9,0.115,0.051,-0.006,1.965,7.92,OFF,PAPER,1756
24.15,MANUAL,IDLE,,0,0.0,-1.415,-4.409,1.2,-0.007,0.164,0.0,0.4,-0.1,-3.9,-0.026,0.383,-0.024,1.995,12.65,OFF,PAPER,1756
24.17,MANUAL,IDLE,,0,0.0,-1.415,-4.405,1.2,-0.014,0.165,0.0,0.3,0.1,-4.0,0.211,0.101,-0.065,1.969,7.44,OFF,PAPER,1756
24.19,MANUAL,IDLE,,0,0.0,-1.415,-4.402,1.2,-0.017,0.175,0.0,0.4,0.2,-4.0,0.213,0.093,0.06,2.001,12.62,OFF,PAPER,1756
24.21,MANUAL,IDLE,,0,0.0,-1.416,-4.398,1.2,-0.019,0.17,0.0,0.4,0.2,-3.8,-0.031,-0.097,0.153,1.988,9.35,OFF,PAPER,1756
24.23,MANUAL,IDLE,,0,0.0,-1.416,-4.395,1.2,-0.025,0.168,0.0,0.4,0.3,-3.7,-0.018,0.181,0.113,1.976,10.04,OFF,PAPER,1756
24.25,MANUAL,IDLE,,0,0.0,-1.417,-4.392,1.2,-0.023,0.168,0.0,0.4,0.3,-3.5,0.25,0.04,0.176,1.996,10.81,OFF,PAPER,1756
24.27,MANUAL,IDLE,,0,0.0,-1.417,-4.388,1.2,-0.02,0.168,0.0,0.4,0.3,-3.4,0.21,0.119,0.023,1.986,9.44,OFF,PAPER,1756
24.29,MANUAL,IDLE,,0,0.0,-1.417,-4.385,1.2,-0.009,0.169,0.0,0.5,0.1,-3.4,-0.187,0.14,-0.055,2.006,14.28,OFF,PAPER,1756
24.31,MANUAL,IDLE,,0,0.0,-1.417,-4.382,1.2,-0.012,0.157,0.0,0.4,0.1,-3.5,-0.211,0.093,-0.066,1.977,7.21,OFF,PAPER,1756
24.33,MANUAL,IDLE,,0,0.0,-1.418,-4.379,1.2,-0.009,0.149,0.0,0.3,-0.0,-3.5,-0.18,0.086,0.039,1.991,15.94,OFF,PAPER,1756
24.35,MANUAL,IDLE,,0,0.0,-1.418,-4.376,1.2,-0.001,0.144,0.0,0.2,-0.1,-3.5,-0.119,-0.286,-0.028,1.992,13.23,OFF,PAPER,1756
24.37,MANUAL,IDLE,,0,0.0,-1.418,-4.373,1.2,0.011,0.145,0.0,0.1,-0.3,-3.5,0.052,0.035,-0.062,1.981,11.53,OFF,PAPER,1756
24.39,MANUAL,IDLE,,0,0.0,-1.417,-4.37,1.2,0.007,0.147,0.0,0.2,-0.3,-3.6,0.237,0.329,-0.1,2.002,12.86,OFF,PAPER,1756
24.41,MANUAL,IDLE,,0,0.0,-1.417,-4.367,1.2,0.003,0.151,0.0,0.3,-0.2,-3.7,0.172,0.056,0.038,1.973,6.15,OFF,PAPER,1756
24.43,MANUAL,IDLE,,0,0.0,-1.417,-4.364,1.2,-0.002,0.153,0.0,0.4,-0.2,-3.6,0.005,0.011,0.117,1.975,8.02,OFF,PAPER,1756
24.45,MANUAL,IDLE,,0,0.0,-1.417,-4.361,1.2,-0.008,0.152,0.0,0.4,-0.1,-3.5,-0.076,-0.422,0.089,1.968,10.2,OFF,PAPER,1756
24.47,MANUAL,IDLE,,0,0.0,-1.418,-4.358,1.2,-0.003,0.143,0.0,0.4,-0.1,-3.3,0.203,-0.163,0.111,2.0,13.0,OFF,PAPER,1756
24.49,MANUAL,IDLE,,0,0.0,-1.418,-4.355,1.2,-0.002,0.14,0.0,0.4,-0.2,-3.3,0.313,0.133,-0.012,1.974,12.13,OFF,PAPER,1756
24.51,MANUAL,IDLE,,0,0.0,-1.418,-4.352,1.2,0.004,0.133,0.0,0.2,-0.3,-3.3,0.057,-0.268,-0.057,1.989,11.31,OFF,PAPER,1756
24.53,MANUAL,IDLE,,0,0.0,-1.418,-4.35,1.2,-0.006,0.123,0.0,0.0,-0.2,-3.3,-0.181,-0.199,-0.006,1.975,9.33,OFF,PAPER,1756
24.55,MANUAL,IDLE,,0,0.0,-1.418,-4.347,1.2,-0.007,0.122,0.0,0.0,-0.2,-3.3,0.104,-0.35,-0.004,1.994,13.56,OFF,PAPER,1756
24.57,MANUAL,IDLE,,0,0.0,-1.418,-4.345,1.2,0.003,0.117,0.0,0.0,-0.4,-3.3,0.011,-0.147,0.064,2.027,16.07,OFF,PAPER,1756
24.59,MANUAL,IDLE,,0,0.0,-1.418,-4.343,1.2,0.001,0.124,0.0,0.1,-0.4,-3.2,-0.011,0.277,0.22,1.999,12.22,OFF,PAPER,1756
24.61,MANUAL,IDLE,,0,0.0,-1.418,-4.34,1.2,-0.002,0.125,0.0,0.2,-0.3,-3.0,-0.18,-0.331,0.115,1.971,10.03,OFF,PAPER,1756
24.63,MANUAL,IDLE,,0,0.0,-1.418,-4.337,1.2,-0.007,0.129,0.0,0.1,-0.3,-2.9,-0.133,-0.198,0.119,1.97,12.21,OFF,PAPER,1756
24.65,MANUAL,IDLE,,0,0.0,-1.418,-4.335,1.2,-0.005,0.129,0.0,0.1,-0.3,-2.7,0.163,0.129,0.18,1.963,9.94,OFF,PAPER,1756
24.67,MANUAL,IDLE,,0,0.0,-1.418,-4.332,1.2,-0.004,0.126,0.0,0.1,-0.4,-2.5,-0.256,0.17,0.138,1.969,11.63,OFF,PAPER,1756
24.69,MANUAL,IDLE,,0,0.0,-1.418,-4.33,1.2,-0.001,0.128,0.0,0.1,-0.4,-2.3,0.137,0.175,0.076,1.978,12.47,OFF,PAPER,1756
24.71,MANUAL,IDLE,,0,0.0,-1.418,-4.327,1.2,0.001,0.137,0.0,0.2,-0.3,-2.2,0.235,-0.301,0.091,1.962,10.12,OFF,PAPER,1756
24.73,MANUAL,IDLE,,0,0.0,-1.418,-4.324,1.2,0.005,0.14,0.0,0.3,-0.5,-2.2,-0.113,0.071,0.088,2.027,14.75,OFF,PAPER,1756
24.75,MANUAL,IDLE,,0,0.0,-1.418,-4.322,1.2,0.011,0.125,0.0,-0.1,-0.6,-2.1,-0.161,-0.405,0.012,1.997,12.04,OFF,PAPER,1756
24.77,MANUAL,IDLE,,0,0.0,-1.418,-4.319,1.2,0.012,0.124,0.0,-0.1,-0.7,-2.1,-0.182,0.122,-0.081,1.991,11.16,OFF,PAPER,1756
24.79,MANUAL,IDLE,,0,0.0,-1.417,-4.317,1.2,0.015,0.126,0.0,-0.1,-0.7,-2.3,-0.08,0.183,-0.109,2.005,14.93,OFF,PAPER,1756
24.81,MANUAL,IDLE,,0,0.0,-1.417,-4.314,1.2,0.015,0.127,0.0,-0.1,-0.7,-2.4,-0.077,0.298,-0.081,1.989,9.53,OFF,PAPER,1756
24.83,MANUAL,IDLE,,0,0.0,-1.417,-4.312,1.2,0.015,0.128,0.0,-0.1,-0.7,-2.5,-0.125,0.086,-0.102,1.997,12.47,OFF,PAPER,1756
24.85,MANUAL,IDLE,,0,0.0,-1.416,-4.309,1.2,0.014,0.127,0.0,-0.1,-0.6,-2.6,-0.214,-0.153,-0.049,1.983,13.47,OFF,PAPER,1756
24.87,MANUAL,IDLE,,0,0.0,-1.416,-4.306,1.2,0.009,0.13,0.0,-0.2,-0.6,-2.6,0.071,0.045,-0.024,1.97,7.32,OFF,PAPER,1756
24.89,MANUAL,IDLE,,0,0.0,-1.416,-4.304,1.2,0.011,0.129,0.0,-0.2,-0.7,-2.7,0.005,0.044,-0.014,1.981,9.29,OFF,PAPER,1756
24.91,MANUAL,IDLE,,0,0.0,-1.416,-4.301,1.2,-0.001,0.139,0.0,-0.1,-0.5,-2.7,0.194,0.322,-0.001,1.997,12.94,OFF,PAPER,1756
24.93,MANUAL,IDLE,,0,0.0,-1.416,-4.298,1.2,-0.0,0.131,0.0,-0.2,-0.4,-2.8,-0.282,-0.201,-0.115,1.987,11.89,OFF,PAPER,1756
24.95,MANUAL,IDLE,,0,0.0,-1.416,-4.296,1.2,-0.002,0.134,0.0,-0.3,-0.4,-2.9,0.063,0.072,-0.082,1.983,11.07,OFF,PAPER,1756
24.97,MANUAL,IDLE,,0,0.0,-1.416,-4.293,1.2,-0.003,0.138,0.0,-0.2,-0.4,-3.1,-0.233,-0.182,-0.113,1.979,11.57,OFF,PAPER,1756
24.99,MANUAL,IDLE,,0,0.0,-1.416,-4.29,1.2,-0.01,0.14,0.0,-0.2,-0.2,-3.2,-0.016,-0.141,-0.049,2.003,12.21,OFF,PAPER,1756
25.01,MANUAL,IDLE,,0,0.0,-1.416,-4.287,1.2,-0.002,0.145,0.0,-0.0,-0.3,-3.3,0.176,-0.127,-0.155,2.016,13.8,OFF,PAPER,1756
25.03,MANUAL,IDLE,,0,0.0,-1.416,-4.285,1.2,-0.005,0.147,0.0,0.0,-0.3,-3.4,0.073,0.191,-0.079,2.014,15.38,OFF,PAPER,1756
25.05,MANUAL,IDLE,,0,0.0,-1.416,-4.282,1.2,-0.002,0.147,0.0,0.1,-0.3,-3.4,-0.136,0.104,0.024,1.989,9.4,OFF,PAPER,1756
25.07,MANUAL,IDLE,,0,0.0,-1.416,-4.279,1.2,0.0,0.152,0.0,0.1,-0.3,-3.5,0.287,0.033,-0.035,1.989,10.88,OFF,PAPER,1756
25.09,MANUAL,IDLE,,0,0.0,-1.416,-4.275,1.2,-0.008,0.165,0.0,0.4,-0.1,-3.5,-0.023,0.094,0.004,1.985,9.02,OFF,PAPER,1756
25.11,MANUAL,IDLE,,0,0.0,-1.417,-4.272,1.2,-0.002,0.172,0.0,0.5,-0.2,-3.5,0.093,0.153,0.045,1.97,8.33,OFF,PAPER,1756
25.13,MANUAL,IDLE,,0,0.0,-1.417,-4.269,1.2,0.004,0.167,0.0,0.5,-0.3,-3.4,-0.308,-0.057,0.017,2.009,15.07,OFF,PAPER,1756
25.15,MANUAL,IDLE,,0,0.0,-1.416,-4.265,1.2,0.003,0.179,0.0,0.7,-0.3,-3.4,0.028,0.272,0.055,1.978,7.57,OFF,PAPER,1756
25.17,MANUAL,IDLE,,0,0.0,-1.416,-4.262,1.2,0.002,0.181,0.0,0.7,-0.2,-3.3,0.331,-0.534,0.027,1.998,11.54,OFF,PAPER,1756
25.19,MANUAL,IDLE,,0,0.0,-1.416,-4.258,1.2,-0.003,0.177,0.0,0.6,-0.3,-3.3,0.11,0.17,0.015,2.006,14.1,OFF,PAPER,1756
25.21,MANUAL,IDLE,,0,0.0,-1.416,-4.254,1.2,0.001,0.178,0.0,0.7,-0.3,-3.3,-0.156,0.232,0.02,1.968,5.5,OFF,PAPER,1756
25.23,MANUAL,IDLE,,0,0.0,-1.416,-4.251,1.2,-0.009,0.172,0.0,0.6,-0.2,-3.3,-0.088,0.186,0.05,1.994,12.66,OFF,PAPER,1756
25.25,MANUAL,IDLE,,0,0.0,-1.417,-4.248,1.2,-0.012,0.164,0.0,0.6,-0.1,-3.3,-0.075,0.115,0.079,1.978,12.0,OFF,PAPER,1756
25.27,MANUAL,IDLE,,0,0.0,-1.417,-4.244,1.2,-0.005,0.162,0.0,0.5,-0.3,-3.1,-0.041,-0.17,0.089,1.969,6.97,OFF,PAPER,1756
25.29,MANUAL,IDLE,,0,0.0,-1.417,-4.241,1.2,-0.008,0.164,0.0,0.5,-0.3,-3.0,-0.083,0.142,0.111,2.007,16.3,OFF,PAPER,1756
25.31,MANUAL,IDLE,,0,0.0,-1.417,-4.238,1.2,-0.007,0.16,0.0,0.4,-0.3,-2.9,-0.052,-0.139,0.032,1.968,10.55,OFF,PAPER,1756
25.33,MANUAL,IDLE,,0,0.0,-1.417,-4.235,1.2,-0.007,0.163,0.0,0.5,-0.4,-2.9,-0.031,0.048,0.09,2.036,15.93,OFF,PAPER,1756
25.35,MANUAL,IDLE,,0,0.0,-1.417,-4.231,1.2,-0.012,0.165,0.0,0.5,-0.3,-2.8,0.141,0.069,0.002,2.031,19.17,OFF,PAPER,1756
25.37,MANUAL,IDLE,,0,0.0,-1.418,-4.228,1.2,-0.018,0.171,0.0,0.6,-0.2,-2.8,0.127,0.273,-0.01,1.974,10.81,OFF,PAPER,1756
25.39,MANUAL,IDLE,,0,0.0,-1.418,-4.225,1.2,-0.027,0.161,0.0,0.5,-0.1,-2.8,-0.473,0.525,-0.042,1.962,4.45,OFF,PAPER,1756
25.41,MANUAL,IDLE,,0,0.0,-1.419,-4.221,1.2,-0.022,0.166,0.0,0.6,-0.2,-2.9,-0.065,0.125,-0.009,2.009,12.85,OFF,PAPER,1756
25.43,MANUAL,IDLE,,0,0.0,-1.419,-4.218,1.2,-0.026,0.165,0.0,0.6,-0.2,-2.9,0.117,-0.191,0.026,1.972,5.81,OFF,PAPER,1756
25.45,MANUAL,IDLE,,0,0.0,-1.419,-4.215,1.2,-0.02,0.162,0.0,0.6,-0.3,-2.8,-0.057,-0.109,0.114,1.978,7.35,OFF,PAPER,1756
25.47,MANUAL,IDLE,,0,0.0,-1.42,-4.212,1.2,-0.015,0.16,0.0,0.6,-0.4,-2.7,-0.185,-0.157,0.092,2.014,14.81,OFF,PAPER,1756
25.49,MANUAL,IDLE,,0,0.0,-1.42,-4.208,1.2,-0.012,0.161,0.0,0.5,-0.5,-2.6,0.385,0.067,0.128,2.01,12.61,OFF,PAPER,1756
25.51,MANUAL,IDLE,,0,0.0,-1.42,-4.205,1.2,-0.018,0.157,0.0,0.6,-0.4,-2.5,-0.052,0.082,0.122,1.976,7.67,OFF,PAPER,1756
25.53,MANUAL,IDLE,,0,0.0,-1.421,-4.202,1.2,-0.015,0.158,0.0,0.6,-0.5,-2.3,0.114,0.255,0.057,1.99,15.02,OFF,PAPER,1756
25.55,MANUAL,IDLE,,0,0.0,-1.421,-4.199,1.2,-0.018,0.16,0.0,0.6,-0.4,-2.3,0.219,0.279,-0.017,1.985,10.29,OFF,PAPER,1756
25.57,MANUAL,IDLE,,0,0.0,-1.421,-4.196,1.2,-0.015,0.155,0.0,0.6,-0.4,-2.3,-0.153,-0.203,-0.065,1.997,14.27,OFF,PAPER,1756
25.59,MANUAL,IDLE,,0,0.0,-1.421,-4.193,1.2,-0.016,0.157,0.0,0.7,-0.4,-2.5,-0.141,0.33,-0.11,2.003,12.44,OFF,PAPER,1756
25.61,MANUAL,IDLE,,0,0.0,-1.422,-4.19,1.2,-0.019,0.156,0.0,0.7,-0.3,-2.5,0.108,0.147,0.026,2.004,13.24,OFF,PAPER,1756
25.63,MANUAL,IDLE,,0,0.0,-1.422,-4.186,1.2,-0.012,0.154,0.0,0.6,-0.5,-2.5,-0.281,-0.106,0.034,1.99,11.38,OFF,PAPER,1756
25.65,MANUAL,IDLE,,0,0.0,-1.422,-4.183,1.2,-0.024,0.146,0.0,0.4,-0.3,-2.4,-0.172,-0.034,-0.024,1.965,5.38,OFF,PAPER,1756
25.67,MANUAL,IDLE,,0,0.0,-1.423,-4.18,1.2,-0.033,0.144,0.0,0.4,-0.2,-2.4,-0.256,0.143,-0.045,1.976,8.4,OFF,PAPER,1756
25.69,MANUAL,IDLE,,0,0.0,-1.424,-4.178,1.2,-0.026,0.138,0.0,0.2,-0.3,-2.5,-0.038,0.182,-0.039,1.975,9.67,OFF,PAPER,1756
25.71,MANUAL,IDLE,,0,0.0,-1.424,-4.175,1.2,-0.026,0.133,0.0,0.2,-0.4,-2.6,-0.303,0.115,-0.059,1.975,7.48,OFF,PAPER,1756
25.73,MANUAL,IDLE,,0,0.0,-1.425,-4.172,1.2,-0.035,0.131,0.0,0.1,-0.3,-2.6,-0.206,0.143,0.005,1.969,4.89,OFF,PAPER,1756
25.75,MANUAL,IDLE,,0,0.0,-1.425,-4.17,1.2,-0.039,0.134,0.0,0.1,-0.2,-2.5,0.092,-0.038,0.129,2.026,14.45,OFF,PAPER,1756
25.77,MANUAL,IDLE,,0,0.0,-1.426,-4.167,1.2,-0.04,0.127,0.0,-0.1,-0.1,-2.4,0.167,-0.291,0.079,2.033,17.97,OFF,PAPER,1756
25.79,MANUAL,IDLE,,0,0.0,-1.427,-4.165,1.2,-0.037,0.124,0.0,-0.1,-0.3,-2.3,-0.183,-0.216,0.043,1.964,5.54,OFF,PAPER,1756
25.81,MANUAL,IDLE,,0,0.0,-1.428,-4.162,1.2,-0.04,0.121,0.0,-0.2,-0.4,-2.3,0.109,0.258,-0.021,1.977,8.74,OFF,PAPER,1756
25.83,MANUAL,IDLE,,0,0.0,-1.429,-4.16,1.2,-0.035,0.125,0.0,-0.1,-0.3,-2.3,0.142,-0.391,0.101,1.987,9.18,OFF,PAPER,1756
25.85,MANUAL,IDLE,,0,0.0,-1.429,-4.157,1.2,-0.041,0.118,0.0,-0.2,-0.3,-2.2,-0.093,0.031,-0.004,2.0,11.67,OFF,PAPER,1756
25.87,MANUAL,IDLE,,0,0.0,-1.43,-4.155,1.2,-0.042,0.116,0.0,-0.3,-0.3,-2.2,0.0,-0.063,0.084,1.99,9.6,OFF,PAPER,1756
25.89,MANUAL,IDLE,,0,0.0,-1.431,-4.152,1.2,-0.048,0.12,0.0,-0.2,-0.2,-2.1,0.14,-0.241,0.045,1.983,13.39,OFF,PAPER,1756
25.91,MANUAL,IDLE,,0,0.0,-1.432,-4.15,1.2,-0.057,0.116,0.0,-0.2,-0.1,-2.1,-0.07,0.175,-0.015,1.976,10.11,OFF,PAPER,1756
25.93,MANUAL,IDLE,,0,0.0,-1.433,-4.148,1.2,-0.054,0.121,0.0,-0.2,-0.1,-2.1,0.153,-0.102,0.041,2.002,15.59,OFF,PAPER,1756
25.95,MANUAL,IDLE,,0,0.0,-1.434,-4.145,1.2,-0.06,0.125,0.0,-0.1,-0.1,-2.1,-0.047,0.397,-0.088,1.979,13.27,OFF,PAPER,1756
25.97,MANUAL,IDLE,,0,0.0,-1.436,-4.143,1.2,-0.056,0.125,0.0,-0.1,-0.0,-2.2,-0.056,-0.208,-0.109,1.968,5.3,OFF,PAPER,1756
25.99,MANUAL,IDLE,,0,0.0,-1.437,-4.14,1.2,-0.057,0.128,0.0,-0.0,-0.1,-2.3,0.247,0.203,-0.111,2.019,14.38,OFF,PAPER,1756
26.01,MANUAL,IDLE,,0,0.0,-1.438,-4.138,1.2,-0.058,0.13,0.0,0.0,0.0,-2.5,0.037,0.042,-0.119,1.988,13.42,OFF,PAPER,1756
26.03,MANUAL,IDLE,,0,0.0,-1.439,-4.135,1.2,-0.059,0.129,0.0,0.1,0.2,-2.6,-0.171,-0.279,-0.105,2.006,12.7,OFF,PAPER,1756
26.05,MANUAL,IDLE,,0,0.0,-1.44,-4.133,1.2,-0.064,0.126,0.0,-0.1,0.2,-2.7,0.051,0.283,-0.07,2.007,14.63,OFF,PAPER,1756
26.07,MANUAL,IDLE,,0,0.0,-1.441,-4.13,1.2,-0.064,0.124,0.0,-0.1,0.2,-2.7,-0.079,-0.213,-0.024,1.996,15.21,OFF,PAPER,1756
26.09,MANUAL,IDLE,,0,0.0,-1.443,-4.128,1.2,-0.059,0.133,0.0,-0.0,0.1,-2.8,0.324,0.173,0.021,1.986,9.94,OFF,PAPER,1756
26.11,MANUAL,IDLE,,0,0.0,-1.444,-4.125,1.2,-0.061,0.132,0.0,-0.0,0.1,-2.8,-0.257,-0.193,0.031,1.99,13.55,OFF,PAPER,1756
26.13,MANUAL,IDLE,,0,0.0,-1.445,-4.122,1.2,-0.055,0.136,0.0,0.0,-0.0,-2.8,0.002,-0.533,-0.064,1.998,15.66,OFF,PAPER,1756
26.15,MANUAL,IDLE,,0,0.0,-1.446,-4.12,1.2,-0.049,0.14,0.0,0.0,-0.2,-2.9,-0.003,0.537,-0.065,1.978,10.23,OFF,PAPER,1756
26.17,MANUAL,IDLE,,0,0.0,-1.447,-4.117,1.2,-0.05,0.142,0.0,0.0,-0.1,-3.0,-0.404,0.06,-0.11,1.964,8.36,OFF,PAPER,1756
26.19,MANUAL,IDLE,,0,0.0,-1.448,-4.114,1.2,-0.055,0.141,0.0,0.0,-0.1,-3.1,-0.115,0.207,-0.01,1.981,9.77,OFF,PAPER,1756
26.21,MANUAL,IDLE,,0,0.0,-1.449,-4.111,1.2,-0.053,0.139,0.0,-0.0,-0.1,-3.1,-0.365,-0.168,-0.078,1.971,7.87,OFF,PAPER,1756
26.23,MANUAL,IDLE,,0,0.0,-1.45,-4.108,1.2,-0.051,0.145,0.0,-0.0,-0.1,-3.2,0.102,0.161,-0.046,1.994,11.57,OFF,PAPER,1756
26.25,MANUAL,IDLE,,0,0.0,-1.451,-4.105,1.2,-0.055,0.15,0.0,0.0,0.1,-3.3,0.348,0.138,-0.101,1.978,8.09,OFF,PAPER,1756
26.27,MANUAL,IDLE,,0,0.0,-1.452,-4.102,1.2,-0.057,0.151,0.0,0.0,0.0,-3.4,-0.007,-0.026,-0.111,1.993,11.54,OFF,PAPER,1756
26.29,MANUAL,IDLE,,0,0.0,-1.454,-4.099,1.2,-0.052,0.155,0.0,0.1,-0.0,-3.5,-0.024,0.002,-0.007,1.989,13.78,OFF,PAPER,1756
26.31,MANUAL,IDLE,,0,0.0,-1.454,-4.096,1.2,-0.05,0.15,0.0,0.1,-0.1,-3.6,-0.427,0.217,-0.032,1.991,10.0,OFF,PAPER,1756
26.33,MANUAL,IDLE,,0,0.0,-1.455,-4.093,1.2,-0.049,0.148,0.0,-0.0,-0.1,-3.6,0.072,0.078,0.021,2.012,15.21,OFF,PAPER,1756
26.35,MANUAL,IDLE,,0,0.0,-1.456,-4.09,1.2,-0.041,0.148,0.0,-0.0,-0.3,-3.6,-0.396,-0.322,0.001,1.984,12.04,OFF,PAPER,1756
26.37,MANUAL,IDLE,,0,0.0,-1.457,-4.087,1.2,-0.041,0.148,0.0,-0.0,-0.4,-3.6,-0.203,-0.04,-0.08,2.004,15.73,OFF,PAPER,1756
26.39,MANUAL,IDLE,,0,0.0,-1.458,-4.084,1.2,-0.045,0.146,0.0,-0.0,-0.3,-3.7,-0.387,-0.084,-0.035,1.989,12.26,OFF,PAPER,1756
26.41,MANUAL,IDLE,,0,0.0,-1.459,-4.081,1.2,-0.05,0.145,0.0,-0.1,-0.2,-3.7,0.024,0.286,-0.056,1.996,11.38,OFF,PAPER,1756
26.43,MANUAL,IDLE,,0,0.0,-1.46,-4.078,1.2,-0.047,0.144,0.0,-0.2,-0.3,-3.8,-0.087,0.23,-0.033,1.975,7.78,OFF,PAPER,1756
26.45,MANUAL,IDLE,,0,0.0,-1.461,-4.075,1.2,-0.049,0.142,0.0,-0.2,-0.3,-3.8,0.215,0.241,0.072,1.984,8.66,OFF,PAPER,1756
26.47,MANUAL,IDLE,,0,0.0,-1.462,-4.073,1.2,-0.054,0.135,0.0,-0.3,-0.1,-3.7,-0.06,-0.123,0.098,2.009,13.67,OFF,PAPER,1756
26.49,MANUAL,IDLE,,0,0.0,-1.463,-4.07,1.2,-0.06,0.136,0.0,-0.3,-0.1,-3.6,0.372,0.309,0.092,2.002,14.93,OFF,PAPER,1756
26.51,MANUAL,IDLE,,0,0.0,-1.464,-4.067,1.2,-0.063,0.128,0.0,-0.4,-0.0,-3.5,-0.311,0.135,0.007,1.984,14.14,OFF,PAPER,1756
26.53,MANUAL,IDLE,,0,0.0,-1.465,-4.065,1.2,-0.065,0.128,0.0,-0.4,0.1,-3.6,0.166,0.124,-0.056,1.967,5.91,OFF,PAPER,1756
26.55,MANUAL,IDLE,,0,0.0,-1.467,-4.062,1.2,-0.064,0.124,0.0,-0.5,0.0,-3.6,0.207,-0.136,-0.09,1.984,10.94,OFF,PAPER,1756
26.57,MANUAL,IDLE,,0,0.0,-1.468,-4.06,1.2,-0.059,0.121,0.0,-0.7,-0.1,-3.7,-0.076,-0.094,-0.123,1.983,8.37,OFF,PAPER,1756
26.59,MANUAL,IDLE,,0,0.0,-1.469,-4.057,1.2,-0.056,0.124,0.0,-0.5,-0.2,-3.8,-0.123,0.301,-0.105,1.991,13.84,OFF,PAPER,1756
26.61,MANUAL,IDLE,,0,0.0,-1.47,-4.055,1.2,-0.066,0.137,0.0,-0.3,-0.0,-3.9,0.102,-0.163,-0.029,1.998,16.01,OFF,PAPER,1756
26.63,MANUAL,IDLE,,0,0.0,-1.472,-4.052,1.2,-0.068,0.13,0.0,-0.4,-0.0,-3.9,-0.335,0.184,0.043,1.997,14.99,OFF,PAPER,1756
26.65,MANUAL,IDLE,,0,0.0,-1.473,-4.05,1.2,-0.071,0.128,0.0,-0.4,0.0,-3.9,0.145,0.027,-0.052,1.985,9.0,OFF,PAPER,1756
26.67,MANUAL,IDLE,,0,0.0,-1.474,-4.047,1.2,-0.07,0.125,0.0,-0.5,0.0,-4.0,0.13,-0.124,-0.102,2.012,13.52,OFF,PAPER,1756
26.69,MANUAL,IDLE,,0,0.0,-1.476,-4.044,1.2,-0.062,0.136,0.0,-0.3,-0.1,-4.1,-0.178,-0.016,-0.037,1.993,11.93,OFF,PAPER,1756
26.71,MANUAL,IDLE,,0,0.0,-1.477,-4.042,1.2,-0.061,0.134,0.0,-0.4,-0.1,-4.1,0.103,0.021,0.051,1.966,10.2,OFF,PAPER,1756
26.73,MANUAL,IDLE,,0,0.0,-1.478,-4.039,1.2,-0.069,0.144,0.0,-0.4,0.1,-4.0,0.187,-0.509,0.075,1.97,6.54,OFF,PAPER,1756
26.75,MANUAL,IDLE,,0,0.0,-1.48,-4.036,1.2,-0.07,0.148,0.0,-0.3,-0.0,-4.0,-0.121,-0.213,0.01,1.982,14.94,OFF,PAPER,1756
26.77,MANUAL,IDLE,,0,0.0,-1.481,-4.033,1.2,-0.071,0.141,0.0,-0.5,-0.1,-3.9,-0.009,0.023,0.065,1.967,8.38,OFF,PAPER,1756
26.79,MANUAL,IDLE,,0,0.0,-1.483,-4.03,1.2,-0.069,0.15,0.0,-0.4,-0.1,-3.8,0.153,-0.257,0.051,1.979,8.27,OFF,PAPER,1756
26.81,MANUAL,IDLE,,0,0.0,-1.484,-4.027,1.2,-0.065,0.161,0.0,-0.2,-0.2,-3.7,-0.026,-0.123,0.119,1.965,7.06,OFF,PAPER,1756
26.83,MANUAL,IDLE,,0,0.0,-1.485,-4.024,1.2,-0.066,0.16,0.0,-0.2,-0.3,-3.6,-0.224,0.221,0.062,1.992,10.12,OFF,PAPER,1756
26.85,MANUAL,IDLE,,0,0.0,-1.486,-4.021,1.2,-0.066,0.158,0.0,-0.4,-0.3,-3.6,0.2,0.085,-0.006,1.982,9.11,OFF,PAPER,1756
26.87,MANUAL,IDLE,,0,0.0,-1.488,-4.017,1.2,-0.07,0.168,0.0,-0.2,-0.2,-3.6,0.2,0.368,-0.072,1.991,12.04,OFF,PAPER,1756
26.89,MANUAL,IDLE,,0,0.0,-1.489,-4.014,1.2,-0.069,0.171,0.0,-0.2,-0.1,-3.7,0.206,0.064,-0.01,1.992,14.3,OFF,PAPER,1756
26.91,MANUAL,IDLE,,0,0.0,-1.491,-4.011,1.2,-0.072,0.177,0.0,-0.0,0.0,-3.6,0.16,-0.194,0.016,1.972,6.46,OFF,PAPER,1756
26.93,MANUAL,IDLE,,0,0.0,-1.492,-4.007,1.2,-0.075,0.175,0.0,0.1,0.1,-3.6,-0.301,0.091,0.062,1.996,12.51,OFF,PAPER,1756
26.95,MANUAL,IDLE,,0,0.0,-1.494,-4.004,1.2,-0.079,0.172,0.0,-0.1,0.1,-3.5,0.017,-0.13,0.128,1.975,11.45,OFF,PAPER,1756
26.97,MANUAL,IDLE,,0,0.0,-1.495,-4.0,1.2,-0.081,0.168,0.0,-0.1,0.2,-3.3,-0.182,-0.146,0.134,1.996,12.5,OFF,PAPER,1756
26.99,MANUAL,IDLE,,0,0.0,-1.497,-3.997,1.2,-0.086,0.166,0.0,-0.2,0.3,-3.2,-0.03,0.014,0.163,1.968,8.46,OFF,PAPER,1756
27.01,MANUAL,IDLE,,0,0.0,-1.499,-3.994,1.2,-0.08,0.162,0.0,-0.3,0.1,-3.0,0.102,-0.128,0.103,1.981,12.69,OFF,PAPER,1756
27.03,MANUAL,IDLE,,0,0.0,-1.5,-3.99,1.2,-0.086,0.165,0.0,-0.3,0.2,-2.9,-0.084,0.107,0.05,2.005,11.88,OFF,PAPER,1756
27.05,MANUAL,IDLE,,0,0.0,-1.502,-3.987,1.2,-0.081,0.162,0.0,-0.4,0.1,-2.8,-0.179,-0.132,0.16,2.0,15.12,OFF,PAPER,1756
27.07,MANUAL,IDLE,,0,0.0,-1.504,-3.984,1.2,-0.088,0.169,0.0,-0.3,0.2,-2.5,0.051,0.191,0.285,1.986,8.95,OFF,PAPER,1756
27.09,MANUAL,IDLE,,0,0.0,-1.505,-3.98,1.2,-0.082,0.171,0.0,-0.2,0.1,-2.2,0.275,0.013,0.189,1.982,14.41,OFF,PAPER,1756
27.11,MANUAL,IDLE,,0,0.0,-1.507,-3.977,1.2,-0.084,0.173,0.0,-0.2,0.1,-2.0,0.116,-0.075,0.108,1.992,11.79,OFF,PAPER,1756
27.13,MANUAL,IDLE,,0,0.0,-1.509,-3.974,1.2,-0.081,0.161,0.0,-0.4,-0.0,-1.8,0.042,0.12,0.085,1.978,10.91,OFF,PAPER,1756
27.15,MANUAL,IDLE,,0,0.0,-1.51,-3.971,1.2,-0.089,0.161,0.0,-0.5,0.1,-1.8,0.001,0.056,0.044,1.978,7.62,OFF,PAPER,1756
27.17,MANUAL,IDLE,,0,0.0,-1.512,-3.967,1.2,-0.088,0.166,0.0,-0.4,0.1,-1.7,0.11,0.162,-0.004,1.968,9.83,OFF,PAPER,1756
27.19,MANUAL,IDLE,,0,0.0,-1.514,-3.964,1.2,-0.085,0.162,0.0,-0.4,0.0,-1.7,-0.177,-0.398,0.036,2.017,13.78,OFF,PAPER,1756
27.21,MANUAL,IDLE,,0,0.0,-1.516,-3.961,1.2,-0.088,0.166,0.0,-0.4,0.0,-1.7,-0.078,-0.052,-0.026,1.998,12.55,OFF,PAPER,1756
27.23,MANUAL,IDLE,,0,0.0,-1.517,-3.957,1.2,-0.082,0.176,0.0,-0.3,-0.1,-1.7,-0.056,0.186,-0.069,1.964,2.57,OFF,PAPER,1756
27.25,MANUAL,IDLE,,0,0.0,-1.519,-3.954,1.2,-0.082,0.181,0.0,-0.3,-0.1,-1.9,0.284,-0.053,-0.174,2.005,12.79,OFF,PAPER,1756
27.27,MANUAL,IDLE,,0,0.0,-1.52,-3.95,1.2,-0.071,0.18,0.0,-0.3,-0.3,-2.0,0.025,-0.092,-0.059,1.966,11.89,OFF,PAPER,1756
27.29,MANUAL,IDLE,,0,0.0,-1.522,-3.947,1.2,-0.068,0.185,0.0,-0.2,-0.4,-2.1,-0.138,0.208,-0.064,2.023,17.2,OFF,PAPER,1756
27.31,MANUAL,IDLE,,0,0.0,-1.523,-3.943,1.2,-0.076,0.183,0.0,-0.3,-0.3,-2.1,-0.055,0.548,-0.011,1.982,8.78,OFF,PAPER,1756
27.33,MANUAL,IDLE,,0,0.0,-1.525,-3.939,1.2,-0.079,0.177,0.0,-0.3,-0.2,-2.1,-0.204,0.279,0.059,1.993,14.2,OFF,PAPER,1756
27.35,MANUAL,IDLE,,0,0.0,-1.526,-3.936,1.2,-0.086,0.18,0.0,-0.3,-0.1,-2.0,-0.192,-0.093,0.037,1.988,14.15,OFF,PAPER,1756
27.37,MANUAL,IDLE,,0,0.0,-1.528,-3.932,1.2,-0.094,0.182,0.0,-0.3,0.0,-2.0,0.404,0.012,0.055,1.968,4.69,OFF,PAPER,1756
27.39,MANUAL,IDLE,,0,0.0,-1.53,-3.928,1.2,-0.099,0.181,0.0,-0.2,0.1,-1.9,0.088,-0.221,-0.002,1.98,8.0,OFF,PAPER,1756
27.41,MANUAL,IDLE,,0,0.0,-1.532,-3.925,1.2,-0.104,0.177,0.0,-0.2,0.1,-2.0,-0.05,0.307,0.045,1.969,6.57,OFF,PAPER,1756
27.43,MANUAL,IDLE,,0,0.0,-1.534,-3.921,1.2,-0.1,0.18,0.0,-0.1,0.1,-1.9,0.007,-0.382,-0.012,1.965,8.66,OFF,PAPER,1756
27.45,MANUAL,IDLE,,0,0.0,-1.536,-3.918,1.2,-0.094,0.186,0.0,-0.1,0.0,-2.0,0.019,0.2,-0.144,1.977,12.99,OFF,PAPER,1756
27.47,MANUAL,IDLE,,0,0.0,-1.538,-3.914,1.2,-0.096,0.182,0.0,-0.1,0.0,-2.2,-0.106,0.081,-0.125,1.965,6.96,OFF,PAPER,1756
27.49,MANUAL,IDLE,,0,0.0,-1.54,-3.91,1.2,-0.096,0.185,0.0,-0.1,0.0,-2.3,-0.124,0.362,-0.062,1.998,14.31,OFF,PAPER,1756
27.51,MANUAL,IDLE,,0,0.0,-1.542,-3.906,1.2,-0.102,0.184,0.0,-0.1,0.2,-2.3,-0.092,-0.149,-0.001,1.998,11.88,OFF,PAPER,1756
27.53,MANUAL,IDLE,,0,0.0,-1.544,-3.903,1.2,-0.109,0.19,0.0,0.0,0.3,-2.3,0.1,-0.061,-0.019,1.996,13.54,OFF,PAPER,1756
27.55,MANUAL,IDLE,,0,0.0,-1.546,-3.899,1.2,-0.107,0.191,0.0,0.0,0.3,-2.4,-0.041,-0.034,-0.106,2.01,13.08,OFF,PAPER,1756
27.57,MANUAL,IDLE,,0,0.0,-1.548,-3.895,1.2,-0.099,0.192,0.0,0.0,0.1,-2.5,0.047,0.079,0.024,1.97,11.48,OFF,PAPER,1756
27.59,MANUAL,IDLE,,0,0.0,-1.55,-3.891,1.2,-0.093,0.188,0.0,-0.1,0.0,-2.5,0.139,0.047,0.049,1.988,9.33,OFF,PAPER,1756
27.61,MANUAL,IDLE,,0,0.0,-1.552,-3.887,1.2,-0.087,0.191,0.0,0.1,-0.2,-2.4,0.107,0.079,-0.017,2.003,13.72,OFF,PAPER,1756
27.63,MANUAL,IDLE,,0,0.0,-1.554,-3.884,1.2,-0.085,0.186,0.0,-0.0,-0.2,-2.5,-0.161,0.187,-0.018,2.0,13.97,OFF,PAPER,1756
27.65,MANUAL,IDLE,,0,0.0,-1.555,-3.88,1.2,-0.089,0.179,0.0,-0.2,-0.1,-2.5,-0.285,-0.146,-0.025,2.003,11.77,OFF,PAPER,1756
27.67,MANUAL,IDLE,,0,0.0,-1.557,-3.876,1.2,-0.088,0.179,0.0,-0.3,-0.1,-2.5,-0.211,-0.189,0.002,1.991,10.63,OFF,PAPER,1756
27.69,MANUAL,IDLE,,0,0.0,-1.559,-3.873,1.2,-0.095,0.174,0.0,-0.4,0.0,-2.5,0.021,0.208,0.04,1.974,6.23,OFF,PAPER,1756
27.71,MANUAL,IDLE,,0,0.0,-1.561,-3.869,1.2,-0.095,0.169,0.0,-0.3,0.0,-2.5,-0.398,0.162,-0.055,1.994,12.67,OFF,PAPER,1756
27.73,MANUAL,IDLE,,0,0.0,-1.563,-3.866,1.2,-0.095,0.161,0.0,-0.5,-0.1,-2.5,-0.062,-0.271,-0.004,1.969,7.54,OFF,PAPER,1756
27.75,MANUAL,IDLE,,0,0.0,-1.565,-3.863,1.2,-0.099,0.163,0.0,-0.5,-0.0,-2.5,-0.19,0.243,0.046,2.0,13.18,OFF,PAPER,1756
27.77,MANUAL,IDLE,,0,0.0,-1.567,-3.859,1.2,-0.103,0.17,0.0,-0.3,0.0,-2.5,-0.33,-0.053,0.004,1.981,9.7,OFF,PAPER,1756
27.79,MANUAL,IDLE,,0,0.0,-1.569,-3.856,1.2,-0.094,0.166,0.0,-0.5,-0.2,-2.6,0.122,-0.283,-0.046,1.965,10.2,OFF,PAPER,1756
27.81,MANUAL,IDLE,,0,0.0,-1.571,-3.853,1.2,-0.089,0.167,0.0,-0.5,-0.3,-2.6,0.058,-0.33,-0.098,1.996,13.77,OFF,PAPER,1756
27.83,MANUAL,IDLE,,0,0.0,-1.572,-3.849,1.2,-0.085,0.171,0.0,-0.5,-0.3,-2.8,-0.04,-0.135,-0.161,1.998,12.08,OFF,PAPER,1756
27.85,MANUAL,IDLE,,0,0.0,-1.574,-3.846,1.2,-0.086,0.175,0.0,-0.4,-0.3,-2.9,-0.054,0.212,-0.046,1.993,10.97,OFF,PAPER,1756
27.87,MANUAL,IDLE,,0,0.0,-1.576,-3.842,1.2,-0.087,0.184,0.0,-0.2,-0.3,-2.9,0.076,-0.249,0.043,2.046,17.3,OFF,PAPER,1756
27.89,MANUAL,IDLE,,0,0.0,-1.578,-3.839,1.2,-0.085,0.193,0.0,-0.0,-0.4,-2.8,0.132,-0.15,0.055,1.979,11.06,OFF,PAPER,1756
27.91,MANUAL,IDLE,,0,0.0,-1.579,-3.835,1.2,-0.085,0.196,0.0,0.0,-0.4,-2.8,0.184,0.065,0.014,1.997,14.41,OFF,PAPER,1756
27.93,MANUAL,IDLE,,0,0.0,-1.581,-3.831,1.2,-0.082,0.197,0.0,0.1,-0.4,-2.7,0.096,0.22,0.028,2.0,14.17,OFF,PAPER,1756
27.95,MANUAL,IDLE,,0,0.0,-1.583,-3.827,1.2,-0.093,0.203,0.0,0.2,-0.2,-2.6,0.232,0.025,0.101,1.983,9.47,OFF,PAPER,1756
27.97,MANUAL,IDLE,,0,0.0,-1.585,-3.823,1.2,-0.1,0.203,0.0,0.2,-0.1,-2.5,0.01,0.251,0.105,1.993,11.09,OFF,PAPER,1756
27.99,MANUAL,IDLE,,0,0.0,-1.586,-3.819,1.2,-0.093,0.204,0.0,0.3,-0.2,-2.3,0.06,-0.138,0.197,1.971,8.9,OFF,PAPER,1756
28.01,MANUAL,IDLE,,0,0.0,-1.588,-3.815,1.2,-0.097,0.191,0.0,0.0,-0.2,-2.1,-0.432,0.274,0.186,1.973,12.0,OFF,PAPER,1756
28.03,MANUAL,IDLE,,0,0.0,-1.59,-3.811,1.2,-0.097,0.189,0.0,-0.1,-0.2,-1.9,-0.046,-0.091,0.157,1.998,11.31,OFF,PAPER,1756
28.05,MANUAL,IDLE,,0,0.0,-1.592,-3.807,1.2,-0.09,0.184,0.0,-0.2,-0.3,-1.7,0.016,0.041,0.068,2.034,18.37,OFF,PAPER,1756
28.07,MANUAL,IDLE,,0,0.0,-1.594,-3.803,1.2,-0.096,0.187,0.0,-0.2,-0.2,-1.7,-0.139,0.22,0.079,1.98,11.11,OFF,PAPER,1756
28.09,MANUAL,IDLE,,0,0.0,-1.596,-3.799,1.2,-0.1,0.194,0.0,-0.0,-0.2,-1.5,-0.135,0.287,0.108,1.996,13.04,OFF,PAPER,1756
28.11,MANUAL,IDLE,,0,0.0,-1.598,-3.796,1.2,-0.097,0.19,0.0,-0.1,-0.2,-1.5,-0.311,-0.173,0.065,1.984,8.74,OFF,PAPER,1756
28.13,MANUAL,IDLE,,0,0.0,-1.6,-3.792,1.2,-0.102,0.195,0.0,-0.0,-0.2,-1.5,-0.234,0.136,-0.178,1.968,11.58,OFF,PAPER,1756
28.15,MANUAL,IDLE,,0,0.0,-1.602,-3.788,1.2,-0.104,0.196,0.0,-0.1,-0.1,-1.6,-0.015,0.089,0.023,1.981,11.12,OFF,PAPER,1756
28.17,MANUAL,IDLE,,0,0.0,-1.604,-3.784,1.2,-0.11,0.2,0.0,-0.1,-0.1,-1.6,0.3,0.419,0.014,1.965,3.57,OFF,PAPER,1756
28.19,MANUAL,IDLE,,0,0.0,-1.606,-3.78,1.2,-0.117,0.206,0.0,0.1,0.1,-1.6,-0.268,0.29,0.051,1.972,11.55,OFF,PAPER,1756
28.21,MANUAL,IDLE,,0,0.0,-1.609,-3.776,1.2,-0.119,0.212,0.0,0.2,0.3,-1.5,-0.143,-0.168,0.118,1.993,11.4,OFF,PAPER,1756
28.23,MANUAL,IDLE,,0,0.0,-1.611,-3.771,1.2,-0.126,0.212,0.0,0.2,0.4,-1.4,-0.048,0.209,0.087,1.98,10.82,OFF,PAPER,1756
28.25,MANUAL,IDLE,,0,0.0,-1.614,-3.767,1.2,-0.135,0.215,0.0,0.2,0.5,-1.3,0.424,0.101,0.074,1.987,9.49,OFF,PAPER,1756
28.27,MANUAL,IDLE,,0,0.0,-1.616,-3.763,1.2,-0.13,0.211,0.0,0.3,0.5,-1.2,-0.196,0.074,0.054,2.008,12.24,OFF,PAPER,1756
28.29,MANUAL,IDLE,,0,0.0,-1.619,-3.759,1.2,-0.131,0.207,0.0,0.2,0.5,-1.1,0.116,0.056,0.092,1.975,6.66,OFF,PAPER,1756
28.31,MANUAL,IDLE,,0,0.0,-1.622,-3.755,1.2,-0.129,0.21,0.0,0.3,0.4,-1.1,-0.088,0.101,-0.063,1.983,8.45,OFF,PAPER,1756
28.33,MANUAL,IDLE,,0,0.0,-1.624,-3.75,1.2,-0.125,0.213,0.0,0.3,0.3,-1.2,0.192,-0.1,-0.127,1.996,12.15,OFF,PAPER,1756
28.35,MANUAL,IDLE,,0,0.0,-1.627,-3.746,1.2,-0.114,0.208,0.0,0.3,0.1,-1.4,-0.159,-0.29,-0.119,2.006,16.31,OFF,PAPER,1756
28.37,MANUAL,IDLE,,0,0.0,-1.629,-3.742,1.2,-0.111,0.209,0.0,0.3,0.0,-1.5,0.289,0.096,-0.126,1.987,10.23,OFF,PAPER,1756
28.39,MANUAL,IDLE,,0,0.0,-1.631,-3.738,1.2,-0.107,0.198,0.0,0.2,-0.0,-1.6,-0.344,-0.113,-0.154,1.975,7.02,OFF,PAPER,1756
28.41,MANUAL,IDLE,,0,0.0,-1.633,-3.734,1.2,-0.098,0.203,0.0,0.2,-0.2,-1.8,0.019,0.017,-0.187,1.973,9.16,OFF,PAPER,1756
28.43,MANUAL,IDLE,,0,0.0,-1.635,-3.73,1.2,-0.099,0.209,0.0,0.3,-0.2,-2.0,0.011,0.307,-0.147,1.971,9.77,OFF,PAPER,1756
28.45,MANUAL,IDLE,,0,0.0,-1.637,-3.726,1.2,-0.093,0.207,0.0,0.3,-0.2,-2.1,-0.244,0.14,-0.09,2.013,13.0,OFF,PAPER,1756
28.47,MANUAL,IDLE,,0,0.0,-1.639,-3.721,1.2,-0.102,0.217,0.0,0.4,-0.0,-2.3,0.373,-0.006,-0.099,2.017,14.81,OFF,PAPER,1756
28.49,MANUAL,IDLE,,0,0.0,-1.641,-3.717,1.2,-0.103,0.214,0.0,0.4,0.0,-2.3,-0.1,-0.016,-0.025,1.971,6.62,OFF,PAPER,1756
28.51,MANUAL,IDLE,,0,0.0,-1.643,-3.713,1.2,-0.11,0.216,0.0,0.4,0.1,-2.2,-0.13,0.329,0.052,1.964,2.75,OFF,PAPER,1756
28.53,MANUAL,IDLE,,0,0.0,-1.645,-3.708,1.2,-0.109,0.21,0.0,0.3,0.2,-2.2,0.13,0.035,0.066,2.0,11.46,OFF,PAPER,1756
28.55,MANUAL,IDLE,,0,0.0,-1.647,-3.704,1.2,-0.107,0.213,0.0,0.4,0.3,-2.1,0.326,0.072,0.105,1.968,10.65,OFF,PAPER,1756
28.57,MANUAL,IDLE,,0,0.0,-1.65,-3.7,1.2,-0.111,0.203,0.0,0.2,0.3,-2.0,-0.054,-0.298,0.037,1.971,10.29,OFF,PAPER,1756
28.59,MANUAL,IDLE,,0,0.0,-1.652,-3.696,1.2,-0.113,0.202,0.0,0.2,0.3,-1.9,-0.076,0.066,0.045,1.992,10.31,OFF,PAPER,1756
28.61,MANUAL,IDLE,,0,0.0,-1.654,-3.692,1.2,-0.102,0.205,0.0,0.3,0.2,-2.0,0.267,-0.498,-0.073,1.991,10.89,OFF,PAPER,1756
28.63,MANUAL,IDLE,,0,0.0,-1.656,-3.688,1.2,-0.104,0.2,0.0,0.2,0.2,-2.0,0.136,-0.112,-0.087,1.978,10.47,OFF,PAPER,1756
28.65,MANUAL,IDLE,,0,0.0,-1.658,-3.684,1.2,-0.105,0.195,0.0,0.2,0.2,-2.1,0.005,0.216,-0.018,1.97,10.96,OFF,PAPER,1756
28.67,MANUAL,IDLE,,0,0.0,-1.66,-3.68,1.2,-0.105,0.19,0.0,0.1,0.3,-2.1,-0.23,0.2,-0.073,1.97,5.56,OFF,PAPER,1756
28.69,MANUAL,IDLE,,0,0.0,-1.662,-3.676,1.2,-0.106,0.197,0.0,0.2,0.3,-2.2,0.047,0.111,-0.081,1.996,11.06,OFF,PAPER,1756
28.71,MANUAL,IDLE,,0,0.0,-1.664,-3.672,1.2,-0.102,0.199,0.0,0.2,0.3,-2.3,-0.192,0.331,-0.031,1.995,10.42,OFF,PAPER,1756
28.73,MANUAL,IDLE,,0,0.0,-1.666,-3.668,1.2,-0.1,0.205,0.0,0.4,0.3,-2.2,-0.345,0.207,-0.014,1.977,7.94,OFF,PAPER,1756
28.75,MANUAL,IDLE,,0,0.0,-1.668,-3.664,1.2,-0.096,0.199,0.0,0.3,0.2,-2.3,-0.503,0.147,-0.057,1.985,10.19,OFF,PAPER,1756
28.77,MANUAL,IDLE,,0,0.0,-1.67,-3.66,1.2,-0.098,0.196,0.0,0.1,0.3,-2.3,0.147,-0.164,0.033,1.994,11.73,OFF,PAPER,1756
28.79,MANUAL,IDLE,,0,0.0,-1.672,-3.656,1.2,-0.095,0.195,0.0,0.2,0.2,-2.3,0.063,0.056,-0.049,1.979,8.09,OFF,PAPER,1756
28.81,MANUAL,IDLE,,0,0.0,-1.674,-3.652,1.2,-0.088,0.202,0.0,0.3,0.0,-2.3,0.059,-0.564,0.041,1.986,14.19,OFF,PAPER,1756
28.83,MANUAL,IDLE,,0,0.0,-1.676,-3.648,1.2,-0.09,0.201,0.0,0.3,-0.1,-2.3,-0.215,0.121,0.057,2.018,15.87,OFF,PAPER,1756
28.85,MANUAL,IDLE,,0,0.0,-1.678,-3.644,1.2,-0.086,0.206,0.0,0.4,-0.1,-2.3,0.263,-0.052,0.053,1.996,12.06,OFF,PAPER,1756
28.87,MANUAL,IDLE,,0,0.0,-1.679,-3.64,1.2,-0.081,0.198,0.0,0.3,-0.2,-2.2,-0.14,-0.095,0.109,1.979,8.61,OFF,PAPER,1756
28.89,MANUAL,IDLE,,0,0.0,-1.681,-3.636,1.2,-0.083,0.209,0.0,0.5,-0.1,-2.1,0.303,-0.103,0.029,1.989,10.14,OFF,PAPER,1756
28.91,MANUAL,IDLE,,0,0.0,-1.683,-3.632,1.2,-0.086,0.201,0.0,0.4,-0.0,-2.1,-0.104,0.204,-0.011,1.978,12.7,OFF,PAPER,1756
28.93,MANUAL,IDLE,,0,0.0,-1.684,-3.628,1.2,-0.076,0.197,0.0,0.4,-0.2,-2.1,-0.043,0.016,-0.094,1.97,10.48,OFF,PAPER,1756
28.95,MANUAL,IDLE,,0,0.0,-1.686,-3.624,1.2,-0.077,0.2,0.0,0.4,-0.2,-2.3,-0.03,-0.14,-0.201,2.002,11.85,OFF,PAPER,1756
28.97,MANUAL,IDLE,,0,0.0,-1.687,-3.62,1.2,-0.079,0.199,0.0,0.4,-0.1,-2.4,-0.021,-0.159,-0.155,1.975,11.83,OFF,PAPER,1756
28.99,MANUAL,IDLE,,0,0.0,-1.689,-3.616,1.2,-0.079,0.204,0.0,0.6,-0.1,-2.5,0.218,-0.053,-0.06,1.999,14.56,OFF,PAPER,1756
29.01,MANUAL,IDLE,,0,0.0,-1.691,-3.612,1.2,-0.084,0.206,0.0,0.7,-0.1,-2.6,-0.125,0.117,-0.056,2.017,13.93,OFF,PAPER,1756
29.03,MANUAL,IDLE,,0,0.0,-1.692,-3.608,1.2,-0.087,0.206,0.0,0.7,0.0,-2.7,-0.262,-0.334,-0.068,1.984,8.63,OFF,PAPER,1756
29.05,MANUAL,IDLE,,0,0.0,-1.694,-3.604,1.2,-0.084,0.196,0.0,0.5,-0.1,-2.7,-0.092,-0.215,-0.013,1.97,9.63,OFF,PAPER,1756
29.07,MANUAL,IDLE,,0,0.0,-1.696,-3.6,1.2,-0.086,0.193,0.0,0.4,-0.1,-2.7,-0.074,-0.207,-0.001,1.996,13.06,OFF,PAPER,1756
29.09,MANUAL,IDLE,,0,0.0,-1.698,-3.596,1.2,-0.092,0.196,0.0,0.4,-0.1,-2.7,0.216,0.266,0.041,1.997,14.16,OFF,PAPER,1756
29.11,MANUAL,IDLE,,0,0.0,-1.7,-3.592,1.2,-0.099,0.188,0.0,0.3,0.0,-2.7,0.065,0.281,0.009,2.002,14.11,OFF,PAPER,1756
29.13,MANUAL,IDLE,,0,0.0,-1.702,-3.588,1.2,-0.102,0.183,0.0,0.2,0.1,-2.7,-0.474,0.151,-0.01,2.003,11.8,OFF,PAPER,1756
29.15,MANUAL,IDLE,,0,0.0,-1.704,-3.585,1.2,-0.107,0.184,0.0,0.2,0.2,-2.7,0.079,-0.101,-0.022,2.011,14.2,OFF,PAPER,1756
29.17,MANUAL,IDLE,,0,0.0,-1.706,-3.581,1.2,-0.11,0.184,0.0,0.3,0.2,-2.8,0.024,0.24,-0.042,1.988,9.45,OFF,PAPER,1756
29.19,MANUAL,IDLE,,0,0.0,-1.708,-3.577,1.2,-0.117,0.189,0.0,0.4,0.4,-2.8,-0.044,0.269,0.017,2.013,13.12,OFF,PAPER,1756
29.21,MANUAL,IDLE,,0,0.0,-1.711,-3.574,1.2,-0.119,0.183,0.0,0.3,0.4,-2.8,0.175,-0.076,0.026,1.987,10.03,OFF,PAPER,1756
29.23,MANUAL,IDLE,,0,0.0,-1.713,-3.57,1.2,-0.116,0.182,0.0,0.4,0.4,-2.7,0.031,-0.034,0.092,1.966,9.92,OFF,PAPER,1756
29.25,MANUAL,IDLE,,0,0.0,-1.715,-3.566,1.2,-0.118,0.175,0.0,0.3,0.5,-2.6,0.042,0.081,0.069,1.991,11.33,OFF,PAPER,1756
29.27,MANUAL,IDLE,,0,0.0,-1.718,-3.563,1.2,-0.119,0.182,0.0,0.4,0.5,-2.5,0.215,-0.126,0.116,1.966,8.9,OFF,PAPER,1756
29.29,MANUAL,IDLE,,0,0.0,-1.72,-3.559,1.2,-0.123,0.183,0.0,0.4,0.5,-2.5,0.218,0.079,-0.097,2.027,15.72,OFF,PAPER,1756
29.31,MANUAL,IDLE,,0,0.0,-1.722,-3.556,1.2,-0.124,0.179,0.0,0.3,0.4,-2.6,0.02,0.212,-0.032,1.994,12.88,OFF,PAPER,1756
29.33,MANUAL,IDLE,,0,0.0,-1.725,-3.552,1.2,-0.11,0.18,0.0,0.3,0.2,-2.6,-0.208,-0.182,-0.063,1.998,15.35,OFF,PAPER,1756
29.35,MANUAL,IDLE,,0,0.0,-1.727,-3.548,1.2,-0.105,0.177,0.0,0.2,0.1,-2.7,-0.008,0.022,-0.126,1.991,14.04,OFF,PAPER,1756
29.37,MANUAL,IDLE,,0,0.0,-1.729,-3.545,1.2,-0.098,0.174,0.0,0.2,-0.1,-2.8,-0.099,-0.159,-0.073,1.992,13.47,OFF,PAPER,1756
29.39,MANUAL,IDLE,,0,0.0,-1.731,-3.541,1.2,-0.103,0.167,0.0,0.1,-0.1,-3.0,-0.281,0.003,-0.189,1.984,11.7,OFF,PAPER,1756
29.41,MANUAL,IDLE,,0,0.0,-1.733,-3.538,1.2,-0.101,0.165,0.0,0.0,-0.0,-3.1,0.142,0.224,-0.082,1.988,9.34,OFF,PAPER,1756
29.43,MANUAL,IDLE,,0,0.0,-1.735,-3.535,1.2,-0.105,0.165,0.0,0.1,-0.0,-3.1,-0.068,0.417,0.024,2.004,12.56,OFF,PAPER,1756
29.45,MANUAL,IDLE,,0,0.0,-1.737,-3.532,1.2,-0.107,0.159,0.0,0.1,-0.0,-3.2,-0.238,0.023,-0.094,1.972,11.97,OFF,PAPER,1756
29.47,MANUAL,IDLE,,0,0.0,-1.739,-3.528,1.2,-0.1,0.16,0.0,0.0,-0.1,-3.3,-0.011,-0.255,-0.121,1.998,14.07,OFF,PAPER,1756
29.49,MANUAL,IDLE,,0,0.0,-1.741,-3.525,1.2,-0.091,0.156,0.0,-0.1,-0.3,-3.4,-0.02,-0.292,-0.101,2.011,12.87,OFF,PAPER,1756
29.51,MANUAL,IDLE,,0,0.0,-1.743,-3.522,1.2,-0.094,0.161,0.0,-0.0,-0.3,-3.4,-0.006,0.037,0.0,1.988,11.83,OFF,PAPER,1756
29.53,MANUAL,IDLE,,0,0.0,-1.745,-3.519,1.2,-0.097,0.166,0.0,-0.0,-0.2,-3.4,-0.026,-0.041,0.057,1.992,12.69,OFF,PAPER,1756
29.55,MANUAL,IDLE,,0,0.0,-1.747,-3.515,1.2,-0.097,0.168,0.0,0.0,-0.2,-3.4,-0.049,0.179,-0.052,1.983,9.63,OFF,PAPER,1756
29.57,MANUAL,IDLE,,0,0.0,-1.749,-3.512,1.2,-0.093,0.173,0.0,0.1,-0.3,-3.4,0.045,0.022,0.011,1.999,12.28,OFF,PAPER,1756
29.59,MANUAL,IDLE,,0,0.0,-1.751,-3.509,1.2,-0.094,0.169,0.0,0.0,-0.3,-3.4,-0.163,-0.114,0.02,2.026,17.1,OFF,PAPER,1756
29.61,MANUAL,IDLE,,0,0.0,-1.752,-3.505,1.2,-0.095,0.173,0.0,0.0,-0.3,-3.4,0.301,0.66,-0.013,1.991,12.19,OFF,PAPER,1756
29.63,MANUAL,IDLE,,0,0.0,-1.754,-3.502,1.2,-0.098,0.168,0.0,-0.0,-0.2,-3.5,-0.225,-0.082,-0.119,1.989,10.12,OFF,PAPER,1756
29.65,MANUAL,IDLE,,0,0.0,-1.756,-3.498,1.2,-0.1,0.161,0.0,-0.2,-0.2,-3.6,-0.199,-0.225,-0.082,1.987,10.8,OFF,PAPER,1756
29.67,MANUAL,IDLE,,0,0.0,-1.759,-3.495,1.2,-0.113,0.161,0.0,-0.2,0.0,-3.7,-0.099,-0.089,-0.053,2.004,12.38,OFF,PAPER,1756
29.69,MANUAL,IDLE,,0,0.0,-1.761,-3.492,1.2,-0.106,0.152,0.0,-0.4,-0.1,-3.7,-0.487,-0.009,-0.012,1.964,4.29,OFF,PAPER,1756
29.71,MANUAL,IDLE,,0,0.0,-1.763,-3.489,1.2,-0.113,0.16,0.0,-0.3,0.1,-3.7,0.061,0.396,-0.046,2.027,15.02,OFF,PAPER,1756
29.73,MANUAL,IDLE,,0,0.0,-1.765,-3.486,1.2,-0.113,0.162,0.0,-0.3,0.1,-3.7,0.204,-0.007,0.04,1.981,12.05,OFF,PAPER,1756
29.75,MANUAL,IDLE,,0,0.0,-1.767,-3.482,1.2,-0.115,0.17,0.0,-0.1,0.2,-3.7,-0.117,-0.072,0.025,1.99,11.73,OFF,PAPER,1756
29.77,MANUAL,IDLE,,0,0.0,-1.77,-3.479,1.2,-0.119,0.17,0.0,-0.1,0.3,-3.7,-0.019,0.057,0.004,2.007,15.8,OFF,PAPER,1756
29.79,MANUAL,IDLE,,0,0.0,-1.772,-3.476,1.2,-0.117,0.171,0.0,-0.1,0.3,-3.6,0.072,-0.09,0.033,1.965,3.35,OFF,PAPER,1756
29.81,MANUAL,IDLE,,0,0.0,-1.774,-3.472,1.2,-0.117,0.17,0.0,-0.0,0.3,-3.6,-0.433,-0.331,0.097,1.972,10.47,OFF,PAPER,1756
29.83,MANUAL,IDLE,,0,0.0,-1.777,-3.469,1.2,-0.12,0.178,0.0,0.0,0.4,-3.5,0.04,0.085,-0.042,1.999,14.19,OFF,PAPER,1756
29.85,MANUAL,IDLE,,0,0.0,-1.779,-3.465,1.2,-0.116,0.189,0.0,0.2,0.3,-3.5,0.497,0.067,0.115,2.017,16.72,OFF,PAPER,1756
29.87,MANUAL,IDLE,,0,0.0,-1.781,-3.461,1.2,-0.104,0.192,0.0,0.3,0.2,-3.3,-0.209,-0.324,0.206,1.99,12.82,OFF,PAPER,1756
29.89,MANUAL,IDLE,,0,0.0,-1.784,-3.457,1.2,-0.107,0.192,0.0,0.2,0.2,-3.1,-0.011,-0.022,0.175,2.016,14.42,OFF,PAPER,1756
29.91,MANUAL,IDLE,,0,0.0,-1.786,-3.453,1.2,-0.108,0.194,0.0,0.3,0.2,-2.9,0.155,-0.129,0.104,1.978,7.68,OFF,PAPER,1756
29.93,MANUAL,IDLE,,0,0.0,-1.788,-3.45,1.2,-0.106,0.195,0.0,0.3,0.2,-2.8,-0.112,0.025,0.089,2.008,13.29,OFF,PAPER,1756
29.95,MANUAL,IDLE,,0,0.0,-1.79,-3.446,1.2,-0.109,0.194,0.0,0.3,0.2,-2.7,0.084,0.092,0.101,2.03,15.12,OFF,PAPER,1756
29.97,MANUAL,IDLE,,0,0.0,-1.792,-3.442,1.2,-0.107,0.195,0.0,0.4,0.1,-2.5,-0.182,0.225,0.153,1.986,13.9,OFF,PAPER,1756
29.99,MANUAL,IDLE,,0,0.0,-1.794,-3.438,1.2,-0.104,0.191,0.0,0.3,0.1,-2.2,0.081,0.202,0.259,1.977,11.89,OFF,PAPER,1756
30.01,MANUAL,IDLE,,0,0.0,-1.796,-3.434,1.2,-0.104,0.197,0.0,0.4,0.2,-1.9,0.071,-0.14,0.296,1.984,9.76,OFF,PAPER,1756
30.03,MANUAL,IDLE,,0,0.0,-1.798,-3.43,1.2,-0.1,0.198,0.0,0.4,-0.0,-1.6,-0.154,-0.127,0.181,1.982,10.4,OFF,PAPER,1756
30.05,MANUAL,IDLE,,0,0.0,-1.8,-3.426,1.2,-0.098,0.196,0.0,0.3,0.0,-1.4,-0.091,0.069,0.129,1.995,13.1,OFF,PAPER,1756
30.07,MANUAL,IDLE,,0,0.0,-1.802,-3.422,1.2,-0.097,0.198,0.0,0.3,0.0,-1.2,0.514,-0.109,0.107,1.973,8.3,OFF,PAPER,1756
30.09,MANUAL,IDLE,,0,0.0,-1.804,-3.418,1.2,-0.095,0.197,0.0,0.3,0.0,-1.0,0.165,0.019,0.188,2.001,16.04,OFF,PAPER,1756
30.11,MANUAL,IDLE,,0,0.0,-1.806,-3.414,1.2,-0.095,0.191,0.0,0.2,0.1,-0.9,-0.298,-0.012,0.052,2.012,12.98,OFF,PAPER,1756
30.13,MANUAL,IDLE,,0,0.0,-1.808,-3.41,1.2,-0.092,0.198,0.0,0.3,0.1,-0.9,0.137,-0.449,0.035,2.002,11.53,OFF,PAPER,1756
30.15,MANUAL,IDLE,,0,0.0,-1.81,-3.407,1.2,-0.094,0.19,0.0,0.3,0.2,-0.8,0.037,-0.077,0.08,1.986,8.97,OFF,PAPER,1756
30.17,MANUAL,IDLE,,0,0.0,-1.812,-3.403,1.2,-0.095,0.183,0.0,0.1,0.1,-0.8,-0.235,0.12,-0.075,1.982,10.61,OFF,PAPER,1756
30.19,MANUAL,IDLE,,0,0.0,-1.814,-3.399,1.2,-0.096,0.188,0.0,0.2,0.2,-0.9,0.179,-0.153,-0.024,1.997,11.66,OFF,PAPER,1756
30.21,MANUAL,IDLE,,0,0.0,-1.816,-3.395,1.2,-0.095,0.191,0.0,0.3,0.1,-0.9,-0.03,-0.196,0.025,1.998,13.68,OFF,PAPER,1756
30.23,MANUAL,IDLE,,0,0.0,-1.817,-3.392,1.2,-0.087,0.186,0.0,0.3,-0.1,-0.9,-0.454,-0.058,-0.028,1.987,9.78,OFF,PAPER,1756
30.25,MANUAL,IDLE,,0,0.0,-1.819,-3.388,1.2,-0.085,0.184,0.0,0.2,-0.2,-1.0,-0.05,-0.257,-0.082,1.971,5.61,OFF,PAPER,1756
30.27,MANUAL,IDLE,,0,0.0,-1.821,-3.384,1.2,-0.093,0.186,0.0,0.2,-0.1,-1.0,0.278,-0.108,-0.052,2.03,16.27,OFF,PAPER,1756
30.29,MANUAL,IDLE,,0,0.0,-1.823,-3.38,1.2,-0.092,0.188,0.0,0.2,-0.1,-1.2,-0.051,-0.321,-0.191,2.01,13.15,OFF,PAPER,1756
30.31,MANUAL,IDLE,,0,0.0,-1.825,-3.376,1.2,-0.094,0.194,0.0,0.4,-0.1,-1.4,-0.208,-0.054,-0.228,1.967,8.38,OFF,PAPER,1756
30.33,MANUAL,IDLE,,0,0.0,-1.827,-3.373,1.2,-0.099,0.188,0.0,0.4,-0.0,-1.6,-0.036,0.217,-0.162,2.03,16.46,OFF,PAPER,1756
30.35,MANUAL,IDLE,,0,0.0,-1.828,-3.369,1.2,-0.096,0.192,0.0,0.4,-0.0,-1.8,-0.102,0.314,-0.142,1.969,12.98,OFF,PAPER,1756
30.37,MANUAL,IDLE,,0,0.0,-1.83,-3.365,1.2,-0.088,0.194,0.0,0.5,-0.1,-1.9,-0.178,-0.108,-0.08,1.996,10.65,OFF,PAPER,1756
30.39,MANUAL,IDLE,,0,0.0,-1.832,-3.361,1.2,-0.088,0.188,0.0,0.4,-0.2,-1.9,-0.039,0.117,-0.031,1.989,11.2,OFF,PAPER,1756
30.41,MANUAL,IDLE,,0,0.0,-1.834,-3.357,1.2,-0.094,0.192,0.0,0.4,-0.1,-1.9,0.174,0.004,0.102,1.967,8.28,OFF,PAPER,1756
30.43,MANUAL,IDLE,,0,0.0,-1.836,-3.354,1.2,-0.087,0.183,0.0,0.3,-0.2,-1.8,-0.216,-0.157,-0.007,2.019,13.95,OFF,PAPER,1756
30.45,MANUAL,IDLE,,0,0.0,-1.837,-3.35,1.2,-0.085,0.191,0.0,0.4,-0.3,-1.8,-0.156,0.08,-0.059,1.998,15.23,OFF,PAPER,1756
30.47,MANUAL,IDLE,,0,0.0,-1.839,-3.346,1.2,-0.088,0.2,0.0,0.5,-0.4,-1.9,0.021,0.106,-0.011,1.963,6.63,OFF,PAPER,1756
30.49,MANUAL,IDLE,,0,0.0,-1.841,-3.342,1.2,-0.092,0.196,0.0,0.4,-0.3,-1.9,-0.11,-0.338,-0.028,1.968,11.12,OFF,PAPER,1756
30.51,MANUAL,IDLE,,0,0.0,-1.843,-3.338,1.2,-0.094,0.203,0.0,0.6,-0.3,-1.8,0.313,0.049,0.004,1.98,7.96,OFF,PAPER,1756
30.53,MANUAL,IDLE,,0,0.0,-1.845,-3.334,1.2,-0.089,0.205,0.0,0.7,-0.4,-1.8,-0.183,0.098,0.043,1.973,10.32,OFF,PAPER,1756
30.55,MANUAL,IDLE,,0,0.0,-1.847,-3.33,1.2,-0.09,0.212,0.0,0.8,-0.4,-1.7,0.152,0.279,0.144,1.969,8.45,OFF,PAPER,1756
30.57,MANUAL,IDLE,,0,0.0,-1.848,-3.325,1.2,-0.09,0.212,0.0,0.8,-0.4,-1.6,-0.004,0.24,0.011,1.974,6.38,OFF,PAPER,1756
30.59,MANUAL,IDLE,,0,0.0,-1.85,-3.321,1.2,-0.09,0.214,0.0,0.9,-0.4,-1.7,-0.048,0.452,-0.1,1.963,2.87,OFF,PAPER,1756
30.61,MANUAL,IDLE,,0,0.0,-1.852,-3.317,1.2,-0.084,0.219,0.0,0.8,-0.4,-1.7,-0.004,-0.452,-0.017,2.035,17.18,OFF,PAPER,1756
30.63,MANUAL,IDLE,,0,0.0,-1.854,-3.313,1.2,-0.087,0.211,0.0,0.7,-0.4,-1.7,0.063,-0.23,0.004,1.988,11.58,OFF,PAPER,1756
30.65,MANUAL,IDLE,,0,0.0,-1.855,-3.308,1.2,-0.1,0.204,0.0,0.7,-0.2,-1.7,-0.218,0.145,0.008,2.005,12.97,OFF,PAPER,1756
30.67,MANUAL,IDLE,,0,0.0,-1.857,-3.304,1.2,-0.102,0.207,0.0,0.7,-0.1,-1.7,0.279,0.121,-0.037,1.987,11.07,OFF,PAPER,1756
30.69,MANUAL,IDLE,,0,0.0,-1.859,-3.3,1.2,-0.103,0.203,0.0,0.7,-0.1,-1.8,-0.165,0.232,-0.068,1.982,10.62,OFF,PAPER,1756
30.71,MANUAL,IDLE,,0,0.0,-1.862,-3.296,1.2,-0.104,0.201,0.0,0.7,-0.2,-1.9,-0.074,0.115,-0.185,1.968,12.1,OFF,PAPER,1756
30.73,MANUAL,IDLE,,0,0.0,-1.864,-3.292,1.2,-0.109,0.192,0.0,0.6,-0.1,-2.1,-0.069,-0.22,-0.063,1.99,10.3,OFF,PAPER,1756
30.75,MANUAL,IDLE,,0,0.0,-1.866,-3.288,1.2,-0.113,0.19,0.0,0.4,-0.0,-2.1,0.059,-0.049,0.036,2.018,16.84,OFF,PAPER,1756
30.77,MANUAL,IDLE,,0,0.0,-1.868,-3.285,1.2,-0.113,0.182,0.0,0.3,-0.1,-2.0,-0.222,-0.052,0.001,2.005,11.99,OFF,PAPER,1756
30.79,MANUAL,IDLE,,0,0.0,-1.87,-3.281,1.2,-0.112,0.189,0.0,0.4,-0.1,-2.0,0.172,-0.142,0.028,1.972,5.96,OFF,PAPER,1756
30.81,MANUAL,IDLE,,0,0.0,-1.873,-3.277,1.2,-0.108,0.193,0.0,0.5,-0.2,-2.0,-0.167,-0.143,0.025,1.963,2.58,OFF,PAPER,1756
30.83,MANUAL,IDLE,,0,0.0,-1.875,-3.273,1.2,-0.11,0.206,0.0,0.7,-0.2,-2.0,0.333,0.101,-0.05,1.966,7.56,OFF,PAPER,1756
30.85,MANUAL,IDLE,,0,0.0,-1.877,-3.269,1.2,-0.114,0.213,0.0,0.9,-0.1,-2.0,0.134,0.201,0.015,1.978,8.6,OFF,PAPER,1756
30.87,MANUAL,IDLE,,0,0.0,-1.879,-3.265,1.2,-0.115,0.207,0.0,0.8,-0.1,-2.0,-0.508,-0.153,-0.097,1.981,10.07,OFF,PAPER,1756
30.89,MANUAL,IDLE,,0,0.0,-1.882,-3.261,1.2,-0.109,0.216,0.0,0.8,-0.2,-2.1,0.178,-0.304,-0.086,1.975,7.58,OFF,PAPER,1756
30.91,MANUAL,IDLE,,0,0.0,-1.884,-3.256,1.2,-0.111,0.21,0.0,0.7,-0.2,-2.2,-0.098,-0.039,-0.075,1.972,8.16,OFF,PAPER,1756
30.93,MANUAL,IDLE,,0,0.0,-1.886,-3.252,1.2,-0.117,0.215,0.0,0.7,-0.1,-2.2,0.196,0.053,0.079,1.977,8.77,OFF,PAPER,1756
30.95,MANUAL,IDLE,,0,0.0,-1.889,-3.248,1.2,-0.119,0.22,0.0,0.7,-0.0,-2.2,0.051,-0.037,-0.026,1.997,11.99,OFF,PAPER,1756
30.97,MANUAL,IDLE,,0,0.0,-1.891,-3.243,1.2,-0.114,0.219,0.0,0.8,-0.2,-2.3,-0.037,-0.125,-0.102,1.999,14.28,OFF,PAPER,1756
30.99,MANUAL,IDLE,,0,0.0,-1.893,-3.239,1.2,-0.113,0.212,0.0,0.7,-0.2,-2.3,-0.088,0.083,-0.005,1.991,10.56,OFF,PAPER,1756
31.01,MANUAL,IDLE,,0,0.0,-1.895,-3.235,1.2,-0.11,0.21,0.0,0.7,-0.3,-2.3,-0.234,0.059,-0.014,1.996,12.13,OFF,PAPER,1756
31.03,MANUAL,IDLE,,0,0.0,-1.898,-3.231,1.2,-0.112,0.209,0.0,0.7,-0.2,-2.4,0.12,0.12,-0.044,1.978,9.55,OFF,PAPER,1756
31.05,MANUAL,IDLE,,0,0.0,-1.9,-3.226,1.2,-0.109,0.204,0.0,0.7,-0.1,-2.4,-0.127,0.106,0.007,1.998,16.57,OFF,PAPER,1756
31.07,MANUAL,IDLE,,0,0.0,-1.902,-3.222,1.2,-0.106,0.201,0.0,0.6,-0.2,-2.4,-0.0,-0.101,-0.019,1.99,11.48,OFF,PAPER,1756
31.09,MANUAL,IDLE,,0,0.0,-1.904,-3.218,1.2,-0.111,0.2,0.0,0.7,-0.2,-2.4,0.03,0.207,-0.08,1.979,9.68,OFF,PAPER,1756
31.11,MANUAL,IDLE,,0,0.0,-1.907,-3.214,1.2,-0.126,0.199,0.0,0.7,-0.0,-2.6,0.05,0.343,-0.1,2.028,14.66,OFF,PAPER,1756
31.13,MANUAL,IDLE,,0,0.0,-1.909,-3.211,1.2,-0.125,0.199,0.0,0.6,0.0,-2.7,0.121,0.38,-0.027,1.997,12.24,OFF,PAPER,1756
31.15,MANUAL,IDLE,,0,0.0,-1.912,-3.207,1.2,-0.132,0.194,0.0,0.5,0.2,-2.6,0.304,0.086,0.018,1.998,10.93,OFF,PAPER,1756
31.17,MANUAL,IDLE,,0,0.0,-1.914,-3.203,1.2,-0.125,0.198,0.0,0.7,0.2,-2.5,-0.097,-0.257,0.146,1.963,9.21,OFF,PAPER,1756
31.19,MANUAL,IDLE,,0,0.0,-1.917,-3.199,1.2,-0.12,0.192,0.0,0.5,0.2,-2.4,0.319,-0.222,0.037,1.999,15.28,OFF,PAPER,1756
31.21,MANUAL,IDLE,,0,0.0,-1.919,-3.195,1.2,-0.112,0.189,0.0,0.5,0.1,-2.3,0.219,-0.197,0.129,2.018,14.78,OFF,PAPER,1756
31.23,MANUAL,IDLE,,0,0.0,-1.921,-3.191,1.2,-0.112,0.196,0.0,0.6,0.0,-2.2,0.421,-0.123,0.116,1.98,13.24,OFF,PAPER,1756
31.25,MANUAL,IDLE,,0,0.0,-1.924,-3.187,1.2,-0.109,0.193,0.0,0.7,0.0,-2.1,-0.124,-0.301,-0.013,2.034,18.68,OFF,PAPER,1756
31.27,MANUAL,IDLE,,0,0.0,-1.926,-3.183,1.2,-0.109,0.195,0.0,0.6,-0.0,-2.1,-0.266,0.249,-0.055,1.972,13.06,OFF,PAPER,1756
31.29,MANUAL,IDLE,,0,0.0,-1.928,-3.179,1.2,-0.109,0.187,0.0,0.6,-0.0,-2.2,-0.082,0.062,-0.13,1.965,7.93,OFF,PAPER,1756
31.31,MANUAL,IDLE,,0,0.0,-1.93,-3.176,1.2,-0.107,0.179,0.0,0.3,-0.1,-2.3,0.053,-0.237,-0.08,1.977,11.6,OFF,PAPER,1756
31.33,MANUAL,IDLE,,0,0.0,-1.932,-3.172,1.2,-0.108,0.168,0.0,0.3,0.0,-2.3,-0.04,0.103,-0.0,1.97,5.77,OFF,PAPER,1756
31.35,MANUAL,IDLE,,0,0.0,-1.935,-3.169,1.2,-0.111,0.163,0.0,0.2,0.1,-2.3,-0.053,-0.052,0.039,2.001,11.27,OFF,PAPER,1756
31.37,MANUAL,IDLE,,0,0.0,-1.937,-3.166,1.2,-0.104,0.167,0.0,0.3,-0.1,-2.3,0.089,-0.164,-0.007,1.986,10.77,OFF,PAPER,1756
31.39,MANUAL,IDLE,,0,0.0,-1.939,-3.163,1.2,-0.101,0.16,0.0,0.3,-0.1,-2.2,-0.097,-0.135,0.063,1.963,8.8,OFF,PAPER,1756
31.41,MANUAL,IDLE,,0,0.0,-1.941,-3.159,1.2,-0.107,0.161,0.0,0.4,-0.1,-2.2,-0.143,0.065,0.036,1.964,3.71,OFF,PAPER,1756
31.43,MANUAL,IDLE,,0,0.0,-1.943,-3.156,1.2,-0.104,0.161,0.0,0.3,-0.2,-2.2,0.2,-0.15,-0.09,2.011,16.01,OFF,PAPER,1756
31.45,MANUAL,IDLE,,0,0.0,-1.945,-3.153,1.2,-0.098,0.16,0.0,0.3,-0.3,-2.2,0.38,-0.333,-0.031,2.026,14.51,OFF,PAPER,1756
31.47,MANUAL,IDLE,,0,0.0,-1.947,-3.15,1.2,-0.097,0.15,0.0,0.2,-0.3,-2.2,-0.157,-0.215,0.066,1.991,9.85,OFF,PAPER,1756
31.49,MANUAL,IDLE,,0,0.0,-1.949,-3.147,1.2,-0.097,0.148,0.0,0.2,-0.4,-2.1,-0.394,-0.055,0.079,1.984,13.66,OFF,PAPER,1756
31.51,MANUAL,IDLE,,0,0.0,-1.951,-3.144,1.2,-0.102,0.149,0.0,0.1,-0.3,-1.9,0.17,-0.16,0.136,1.962,6.79,OFF,PAPER,1756
31.53,MANUAL,IDLE,,0,0.0,-1.953,-3.141,1.2,-0.105,0.144,0.0,-0.0,-0.2,-1.9,-0.122,-0.09,0.006,2.016,13.46,OFF,PAPER,1756
31.55,MANUAL,IDLE,,0,0.0,-1.955,-3.138,1.2,-0.11,0.144,0.0,-0.1,-0.2,-1.9,-0.031,-0.009,0.003,1.997,13.52,OFF,PAPER,1756
31.57,MANUAL,IDLE,,0,0.0,-1.957,-3.135,1.2,-0.102,0.148,0.0,-0.0,-0.4,-1.9,0.114,0.011,-0.016,1.973,7.18,OFF,PAPER,1756
31.59,MANUAL,IDLE,,0,0.0,-1.959,-3.132,1.2,-0.104,0.147,0.0,-0.0,-0.4,-1.9,-0.213,0.279,0.02,1.969,8.83,OFF,PAPER,1756
31.61,MANUAL,IDLE,,0,0.0,-1.961,-3.129,1.2,-0.1,0.143,0.0,-0.1,-0.5,-1.8,0.028,-0.082,-0.024,1.965,3.55,OFF,PAPER,1756
31.63,MANUAL,IDLE,,0,0.0,-1.963,-3.126,1.2,-0.104,0.147,0.0,-0.1,-0.4,-1.9,0.154,0.022,-0.116,1.994,12.74,OFF,PAPER,1756
31.65,MANUAL,IDLE,,0,0.0,-1.965,-3.123,1.2,-0.105,0.155,0.0,0.1,-0.4,-2.1,0.059,0.08,-0.139,1.97,12.92,OFF,PAPER,1756
31.67,MANUAL,IDLE,,0,0.0,-1.968,-3.12,1.2,-0.106,0.145,0.0,-0.0,-0.3,-2.2,-0.234,-0.002,-0.093,1.969,4.75,OFF,PAPER,1756
31.69,MANUAL,IDLE,,0,0.0,-1.97,-3.117,1.2,-0.108,0.141,0.0,-0.1,-0.4,-2.2,-0.343,-0.0,-0.079,1.975,10.21,OFF,PAPER,1756
31.71,MANUAL,IDLE,,0,0.0,-1.972,-3.114,1.2,-0.12,0.151,0.0,-0.0,-0.1,-2.3,0.361,-0.121,-0.07,1.993,10.76,OFF,PAPER,1756
31.73,MANUAL,IDLE,,0,0.0,-1.974,-3.111,1.2,-0.122,0.147,0.0,-0.1,-0.0,-2.4,-0.207,0.135,-0.107,1.985,13.24,OFF,PAPER,1756
31.75,MANUAL,IDLE,,0,0.0,-1.977,-3.109,1.2,-0.123,0.142,0.0,-0.2,0.0,-2.6,-0.278,0.021,-0.102,1.971,6.69,OFF,PAPER,1756
31.77,MANUAL,IDLE,,0,0.0,-1.979,-3.106,1.2,-0.121,0.14,0.0,-0.4,0.0,-2.7,0.089,0.411,-0.115,1.989,14.77,OFF,PAPER,1756
31.79,MANUAL,IDLE,,0,0.0,-1.982,-3.103,1.2,-0.122,0.14,0.0,-0.3,0.1,-2.8,0.095,0.128,-0.03,1.994,10.35,OFF,PAPER,1756
31.81,MANUAL,IDLE,,0,0.0,-1.984,-3.1,1.2,-0.123,0.133,0.0,-0.4,0.0,-2.9,-0.122,0.224,-0.042,1.985,9.28,OFF,PAPER,1756
31.83,MANUAL,IDLE,,0,0.0,-1.987,-3.098,1.2,-0.121,0.139,0.0,-0.3,0.1,-2.9,0.015,-0.193,-0.01,2.005,15.82,OFF,PAPER,1756
31.85,MANUAL,IDLE,,0,0.0,-1.989,-3.095,1.2,-0.126,0.136,0.0,-0.4,0.1,-2.9,-0.271,-0.046,0.038,2.022,14.83,OFF,PAPER,1756
31.87,MANUAL,IDLE,,0,0.0,-1.991,-3.092,1.2,-0.123,0.137,0.0,-0.5,0.0,-2.9,0.029,0.146,0.051,2.016,14.15,OFF,PAPER,1756
31.89,MANUAL,IDLE,,0,0.0,-1.994,-3.089,1.2,-0.125,0.143,0.0,-0.4,0.2,-2.8,0.004,0.026,0.047,1.988,10.22,OFF,PAPER,1756
31.91,MANUAL,IDLE,,0,0.0,-1.996,-3.086,1.2,-0.123,0.144,0.0,-0.3,0.1,-2.7,-0.0,0.019,0.078,2.011,14.96,OFF,PAPER,1756
31.93,MANUAL,IDLE,,0,0.0,-1.999,-3.084,1.2,-0.117,0.147,0.0,-0.1,-0.0,-2.7,0.061,0.114,-0.005,2.021,16.52,OFF,PAPER,1756
31.95,MANUAL,IDLE,,0,0.0,-2.001,-3.081,1.2,-0.118,0.146,0.0,-0.2,-0.0,-2.7,0.201,0.022,-0.007,1.975,11.45,OFF,PAPER,1756
31.97,MANUAL,IDLE,,0,0.0,-2.003,-3.078,1.2,-0.114,0.136,0.0,-0.4,-0.1,-2.7,0.006,-0.415,-0.06,2.016,13.46,OFF,PAPER,1756
31.99,MANUAL,IDLE,,0,0.0,-2.006,-3.075,1.2,-0.118,0.141,0.0,-0.2,-0.0,-2.8,0.095,-0.027,-0.007,1.98,11.99,OFF,PAPER,1756
32.01,MANUAL,IDLE,,0,0.0,-2.008,-3.072,1.2,-0.116,0.134,0.0,-0.4,-0.1,-2.8,-0.17,-0.015,-0.017,1.969,9.07,OFF,PAPER,1756
32.03,MANUAL,IDLE,,0,0.0,-2.011,-3.07,1.2,-0.12,0.133,0.0,-0.4,-0.0,-2.7,-0.162,0.096,0.138,1.977,7.1,OFF,PAPER,1756
32.05,MANUAL,IDLE,,0,0.0,-2.013,-3.067,1.2,-0.109,0.135,0.0,-0.4,-0.3,-2.6,0.425,-0.304,0.033,1.974,9.73,OFF,PAPER,1756
32.07,MANUAL,IDLE,,0,0.0,-2.015,-3.064,1.2,-0.11,0.125,0.0,-0.6,-0.4,-2.6,0.024,0.216,0.004,1.981,10.02,OFF,PAPER,1756
32.09,MANUAL,IDLE,,0,0.0,-2.017,-3.062,1.2,-0.119,0.133,0.0,-0.4,-0.2,-2.6,0.385,-0.103,0.012,1.964,2.69,OFF,PAPER,1756
32.11,MANUAL,IDLE,,0,0.0,-2.02,-3.059,1.2,-0.126,0.138,0.0,-0.2,-0.1,-2.6,-0.087,0.213,-0.028,2.005,14.79,OFF,PAPER,1756
32.13,MANUAL,IDLE,,0,0.0,-2.022,-3.056,1.2,-0.124,0.143,0.0,-0.0,-0.2,-2.6,0.061,0.249,-0.018,1.986,10.3,OFF,PAPER,1756
32.15,MANUAL,IDLE,,0,0.0,-2.025,-3.053,1.2,-0.123,0.139,0.0,-0.1,-0.1,-2.6,0.09,0.03,-0.034,2.03,14.93,OFF,PAPER,1756
32.17,MANUAL,IDLE,,0,0.0,-2.027,-3.051,1.2,-0.128,0.14,0.0,-0.1,-0.1,-2.7,0.022,0.115,-0.006,1.985,9.28,OFF,PAPER,1756
32.19,MANUAL,IDLE,,0,0.0,-2.03,-3.048,1.2,-0.132,0.138,0.0,0.0,-0.0,-2.6,-0.044,0.167,-0.003,2.003,14.17,OFF,PAPER,1756
32.21,MANUAL,IDLE,,0,0.0,-2.033,-3.045,1.2,-0.133,0.137,0.0,0.0,0.1,-2.6,-0.153,0.023,0.068,1.997,10.84,OFF,PAPER,1756
32.23,MANUAL,IDLE,,0,0.0,-2.035,-3.042,1.2,-0.143,0.147,0.0,0.2,0.3,-2.5,-0.012,-0.045,0.06,2.0,12.33,OFF,PAPER,1756
32.25,MANUAL,IDLE,,0,0.0,-2.038,-3.039,1.2,-0.137,0.154,0.0,0.3,0.2,-2.3,0.183,-0.136,0.161,1.977,10.7,OFF,PAPER,1756
32.27,MANUAL,IDLE,,0,0.0,-2.041,-3.036,1.2,-0.137,0.15,0.0,0.3,0.2,-2.1,-0.247,-0.117,0.167,1.978,7.85,OFF,PAPER,1756
32.29,MANUAL,IDLE,,0,0.0,-2.044,-3.033,1.2,-0.128,0.151,0.0,0.4,-0.0,-1.9,-0.074,-0.499,0.146,1.995,14.19,OFF,PAPER,1756
32.31,MANUAL,IDLE,,0,0.0,-2.046,-3.03,1.2,-0.122,0.155,0.0,0.4,-0.2,-1.8,0.107,-0.063,0.078,2.005,13.15,OFF,PAPER,1756
32.33,MANUAL,IDLE,,0,0.0,-2.049,-3.027,1.2,-0.13,0.153,0.0,0.4,-0.0,-1.7,-0.184,-0.174,0.015,1.979,7.53,OFF,PAPER,1756
32.35,MANUAL,IDLE,,0,0.0,-2.051,-3.024,1.2,-0.134,0.151,0.0,0.4,0.0,-1.8,0.218,0.031,0.012,1.992,10.21,OFF,PAPER,1756
32.37,MANUAL,IDLE,,0,0.0,-2.054,-3.021,1.2,-0.137,0.153,0.0,0.3,0.1,-1.7,0.187,-0.081,-0.049,1.976,10.15,OFF,PAPER,1756
32.39,MANUAL,IDLE,,0,0.0,-2.057,-3.018,1.2,-0.14,0.152,0.0,0.3,0.1,-1.8,0.094,0.162,0.03,2.011,14.98,OFF,PAPER,1756
32.41,MANUAL,IDLE,,0,0.0,-2.06,-3.015,1.2,-0.144,0.151,0.0,0.3,0.2,-1.7,0.031,-0.031,0.083,1.982,13.26,OFF,PAPER,1756
32.43,MANUAL,IDLE,,0,0.0,-2.063,-3.012,1.2,-0.149,0.142,0.0,0.1,0.3,-1.7,-0.154,-0.164,-0.031,2.013,13.27,OFF,PAPER,1756
32.45,MANUAL,IDLE,,0,0.0,-2.066,-3.009,1.2,-0.139,0.147,0.0,0.2,0.2,-1.6,-0.17,-0.189,0.036,1.969,12.12,OFF,PAPER,1756
32.47,MANUAL,IDLE,,0,0.0,-2.068,-3.006,1.2,-0.141,0.152,0.0,0.3,0.1,-1.6,0.378,0.186,-0.037,1.965,11.57,OFF,PAPER,1756
32.49,MANUAL,IDLE,,0,0.0,-2.071,-3.003,1.2,-0.141,0.155,0.0,0.4,0.1,-1.6,0.035,-0.236,-0.02,1.985,9.28,OFF,PAPER,1756
32.51,MANUAL,IDLE,,0,0.0,-2.074,-3.0,1.2,-0.141,0.144,0.0,0.2,0.1,-1.6,-0.189,-0.012,0.125,2.002,13.0,OFF,PAPER,1756
32.53,MANUAL,IDLE,,0,0.0,-2.077,-2.997,1.2,-0.141,0.148,0.0,0.2,0.1,-1.5,-0.086,-0.128,0.062,2.031,15.65,OFF,PAPER,1756
32.55,MANUAL,IDLE,,0,0.0,-2.08,-2.994,1.2,-0.14,0.156,0.0,0.3,0.1,-1.5,0.127,0.181,0.04,1.973,6.81,OFF,PAPER,1756
32.57,MANUAL,IDLE,,0,0.0,-2.082,-2.991,1.2,-0.144,0.148,0.0,0.2,0.1,-1.5,0.016,-0.207,-0.083,1.977,7.18,OFF,PAPER,1756
32.59,MANUAL,IDLE,,0,0.0,-2.085,-2.988,1.2,-0.14,0.15,0.0,0.2,0.1,-1.7,0.152,-0.073,-0.165,2.011,14.8,OFF,PAPER,1756
32.61,MANUAL,IDLE,,0,0.0,-2.088,-2.985,1.2,-0.139,0.145,0.0,0.2,0.0,-1.9,-0.24,-0.069,-0.133,2.0,14.25,OFF,PAPER,1756
32.63,MANUAL,IDLE,,0,0.0,-2.091,-2.982,1.2,-0.141,0.15,0.0,0.2,-0.0,-2.0,0.289,0.217,-0.127,2.014,13.35,OFF,PAPER,1756
32.65,MANUAL,IDLE,,0,0.0,-2.094,-2.979,1.2,-0.135,0.145,0.0,0.2,-0.1,-2.1,-0.182,-0.279,-0.129,1.971,10.1,OFF,PAPER,1756
32.67,MANUAL,IDLE,,0,0.0,-2.096,-2.976,1.2,-0.128,0.138,0.0,0.0,-0.3,-2.2,-0.155,-0.141,-0.048,1.991,9.95,OFF,PAPER,1756
32.69,MANUAL,IDLE,,0,0.0,-2.099,-2.974,1.2,-0.126,0.139,0.0,0.0,-0.4,-2.3,0.161,-0.079,-0.0,1.985,12.09,OFF,PAPER,1756
32.71,MANUAL,IDLE,,0,0.0,-2.101,-2.971,1.2,-0.129,0.134,0.0,-0.1,-0.3,-2.3,-0.206,-0.019,-0.043,1.972,8.46,OFF,PAPER,1756
32.73,MANUAL,IDLE,,0,0.0,-2.104,-2.968,1.2,-0.137,0.138,0.0,-0.0,-0.1,-2.3,0.216,-0.102,0.004,1.982,8.31,OFF,PAPER,1756
32.75,MANUAL,IDLE,,0,0.0,-2.107,-2.965,1.2,-0.136,0.142,0.0,0.2,-0.1,-2.3,0.017,-0.101,-0.018,1.991,10.76,OFF,PAPER,1756
32.77,MANUAL,IDLE,,0,0.0,-2.11,-2.963,1.2,-0.138,0.142,0.0,0.1,-0.2,-2.3,0.299,-0.303,0.021,2.012,16.94,OFF,PAPER,1756
32.79,MANUAL,IDLE,,0,0.0,-2.112,-2.96,1.2,-0.138,0.148,0.0,0.3,-0.2,-2.3,0.1,-0.024,0.003,1.976,11.99,OFF,PAPER,1756
32.81,MANUAL,IDLE,,0,0.0,-2.115,-2.957,1.2,-0.144,0.141,0.0,0.2,-0.1,-2.4,-0.165,0.338,-0.027,1.974,9.04,OFF,PAPER,1756
32.83,MANUAL,IDLE,,0,0.0,-2.118,-2.954,1.2,-0.133,0.138,0.0,0.2,-0.3,-2.4,0.064,-0.203,-0.123,1.962,7.02,OFF,PAPER,1756
32.85,MANUAL,IDLE,,0,0.0,-2.12,-2.951,1.2,-0.129,0.135,0.0,0.2,-0.4,-2.6,0.107,0.138,-0.086,2.001,11.5,OFF,PAPER,1756
32.87,MANUAL,IDLE,,0,0.0,-2.123,-2.948,1.2,-0.132,0.142,0.0,0.3,-0.3,-2.7,0.272,-0.236,-0.08,1.972,8.12,OFF,PAPER,1756
32.89,MANUAL,IDLE,,0,0.0,-2.126,-2.946,1.2,-0.132,0.144,0.0,0.3,-0.3,-2.9,0.298,0.216,-0.132,1.973,7.76,OFF,PAPER,1756
32.91,MANUAL,IDLE,,0,0.0,-2.128,-2.943,1.2,-0.139,0.143,0.0,0.3,-0.1,-3.0,0.029,0.22,-0.116,1.962,6.64,OFF,PAPER,1756
32.93,MANUAL,IDLE,,0,0.0,-2.131,-2.94,1.2,-0.143,0.136,0.0,0.1,-0.1,-3.0,0.045,0.216,0.116,2.004,14.56,OFF,PAPER,1756
32.95,MANUAL,IDLE,,0,0.0,-2.134,-2.937,1.2,-0.141,0.131,0.0,-0.1,-0.0,-3.0,0.056,0.039,0.047,2.029,17.95,OFF,PAPER,1756
32.97,MANUAL,IDLE,,0,0.0,-2.137,-2.935,1.2,-0.137,0.138,0.0,0.1,-0.1,-2.9,0.033,-0.338,0.138,1.972,6.0,OFF,PAPER,1756
32.99,MANUAL,IDLE,,0,0.0,-2.14,-2.932,1.2,-0.137,0.14,0.0,0.1,-0.2,-2.7,-0.002,-0.216,0.052,1.993,10.17,OFF,PAPER,1756
33.01,MANUAL,IDLE,,0,0.0,-2.142,-2.929,1.2,-0.14,0.137,0.0,0.0,-0.2,-2.7,0.091,0.089,0.008,1.99,12.04,OFF,PAPER,1756
33.03,MANUAL,IDLE,,0,0.0,-2.145,-2.926,1.2,-0.142,0.137,0.0,0.1,-0.2,-2.6,0.134,-0.065,0.115,1.986,9.19,OFF,PAPER,1756
33.05,MANUAL,IDLE,,0,0.0,-2.148,-2.924,1.2,-0.143,0.135,0.0,0.1,-0.2,-2.6,0.096,0.123,-0.027,1.973,6.86,OFF,PAPER,1756
33.07,MANUAL,IDLE,,0,0.0,-2.151,-2.921,1.2,-0.142,0.142,0.0,0.2,-0.3,-2.7,-0.045,-0.177,-0.041,1.966,11.25,OFF,PAPER,1756
33.09,MANUAL,IDLE,,0,0.0,-2.154,-2.918,1.2,-0.152,0.144,0.0,0.2,-0.2,-2.7,-0.005,0.351,-0.047,1.973,6.69,OFF,PAPER,1756
33.11,MANUAL,IDLE,,0,0.0,-2.157,-2.915,1.2,-0.142,0.146,0.0,0.3,-0.3,-2.8,0.154,-0.184,-0.069,1.983,10.24,OFF,PAPER,1756
33.13,MANUAL,IDLE,,0,0.0,-2.16,-2.912,1.2,-0.146,0.144,0.0,0.4,-0.3,-2.8,0.012,-0.003,-0.059,2.007,12.24,OFF,PAPER,1756
33.15,MANUAL,IDLE,,0,0.0,-2.162,-2.909,1.2,-0.141,0.146,0.0,0.4,-0.3,-2.8,0.112,-0.43,0.008,1.98,10.11,OFF,PAPER,1756
33.17,MANUAL,IDLE,,0,0.0,-2.165,-2.907,1.2,-0.145,0.14,0.0,0.4,-0.3,-2.7,0.097,-0.209,0.152,1.99,10.28,OFF,PAPER,1756
33.19,MANUAL,IDLE,,0,0.0,-2.168,-2.904,1.2,-0.146,0.142,0.0,0.5,-0.3,-2.5,0.004,-0.131,0.161,1.994,15.47,OFF,PAPER,1756
33.21,MANUAL,IDLE,,0,0.0,-2.171,-2.901,1.2,-0.149,0.141,0.0,0.5,-0.3,-2.3,0.03,0.06,0.181,1.97,11.75,OFF,PAPER,1756
33.23,MANUAL,IDLE,,0,0.0,-2.174,-2.898,1.2,-0.146,0.137,0.0,0.5,-0.3,-2.2,0.008,0.235,0.079,2.003,11.79,OFF,PAPER,1756
33.25,MANUAL,IDLE,,0,0.0,-2.177,-2.895,1.2,-0.137,0.138,0.0,0.6,-0.3,-2.0,-0.147,-0.525,0.173,2.011,13.72,OFF,PAPER,1756
33.27,MANUAL,IDLE,,0,0.0,-2.18,-2.893,1.2,-0.146,0.137,0.0,0.6,-0.2,-1.8,-0.002,0.29,0.092,1.99,12.27,OFF,PAPER,1756
33.29,MANUAL,IDLE,,0,0.0,-2.183,-2.89,1.2,-0.149,0.14,0.0,0.6,-0.2,-1.7,0.3,-0.117,0.05,1.968,8.32,OFF,PAPER,1756
33.31,MANUAL,IDLE,,0,0.0,-2.186,-2.887,1.2,-0.147,0.147,0.0,0.7,-0.3,-1.6,0.35,0.141,0.043,2.014,17.29,OFF,PAPER,1756
33.33,MANUAL,IDLE,,0,0.0,-2.189,-2.884,1.2,-0.15,0.153,0.0,0.8,-0.2,-1.6,-0.079,-0.034,-0.071,1.993,10.21,OFF,PAPER,1756
33.35,MANUAL,IDLE,,0,0.0,-2.192,-2.881,1.2,-0.156,0.154,0.0,0.9,0.0,-1.7,-0.01,-0.137,0.005,1.989,9.4,OFF,PAPER,1756
33.37,MANUAL,IDLE,,0,0.0,-2.195,-2.878,1.2,-0.157,0.152,0.0,0.9,0.0,-1.7,-0.11,-0.03,-0.002,1.999,12.01,OFF,PAPER,1756
33.39,MANUAL,IDLE,,0,0.0,-2.198,-2.875,1.2,-0.153,0.147,0.0,0.8,-0.2,-1.8,0.11,-0.178,-0.043,1.969,6.94,OFF,PAPER,1756
33.41,MANUAL,IDLE,,0,0.0,-2.201,-2.872,1.2,-0.146,0.144,0.0,0.8,-0.3,-1.8,0.182,-0.157,-0.053,1.98,7.75,OFF,PAPER,1756
33.43,MANUAL,IDLE,,0,0.0,-2.204,-2.869,1.2,-0.148,0.14,0.0,0.7,-0.2,-1.8,-0.164,-0.271,0.074,1.988,10.04,OFF,PAPER,1756
33.45,MANUAL,IDLE,,0,0.0,-2.207,-2.866,1.2,-0.156,0.141,0.0,0.8,-0.1,-1.7,-0.213,0.122,0.059,1.995,11.09,OFF,PAPER,1756
33.47,MANUAL,IDLE,,0,0.0,-2.21,-2.864,1.2,-0.159,0.131,0.0,0.6,-0.0,-1.7,0.082,-0.031,-0.011,2.005,16.83,OFF,PAPER,1756
33.49,MANUAL,IDLE,,0,0.0,-2.213,-2.861,1.2,-0.157,0.131,0.0,0.5,-0.1,-1.7,-0.268,0.122,0.05,1.981,10.36,OFF,PAPER,1756
33.51,MANUAL,IDLE,,0,0.0,-2.216,-2.858,1.2,-0.163,0.123,0.0,0.4,0.0,-1.7,-0.284,0.1,0.042,1.983,8.44,OFF,PAPER,1756
33.53,MANUAL,IDLE,,0,0.0,-2.22,-2.856,1.2,-0.163,0.122,0.0,0.3,0.1,-1.7,-0.096,0.053,-0.004,1.977,7.0,OFF,PAPER,1756
33.55,MANUAL,IDLE,,0,0.0,-2.223,-2.854,1.2,-0.162,0.114,0.0,0.2,0.1,-1.7,0.336,-0.155,0.064,2.006,12.15,OFF,PAPER,1756
33.57,MANUAL,IDLE,,0,0.0,-2.226,-2.851,1.2,-0.176,0.116,0.0,0.3,0.4,-1.7,0.228,0.177,0.052,1.988,9.52,OFF,PAPER,1756
33.59,MANUAL,IDLE,,0,0.0,-2.23,-2.849,1.2,-0.176,0.114,0.0,0.3,0.5,-1.6,-0.061,-0.097,0.025,1.962,7.09,OFF,PAPER,1756
33.61,MANUAL,IDLE,,0,0.0,-2.233,-2.847,1.2,-0.182,0.102,0.0,0.1,0.6,-1.6,-0.324,0.184,0.087,1.976,9.93,OFF,PAPER,1756
33.63,MANUAL,IDLE,,0,0.0,-2.237,-2.845,1.2,-0.173,0.101,0.0,-0.0,0.4,-1.5,0.264,0.086,0.029,1.98,11.47,OFF,PAPER,1756
33.65,MANUAL,IDLE,,0,0.0,-2.24,-2.843,1.2,-0.167,0.101,0.0,0.1,0.3,-1.5,0.008,0.187,-0.116,1.981,8.18,OFF,PAPER,1756
33.67,MANUAL,IDLE,,0,0.0,-2.243,-2.841,1.2,-0.159,0.105,0.0,0.2,0.2,-1.6,-0.041,0.128,-0.088,1.965,3.76,OFF,PAPER,1756
33.69,MANUAL,IDLE,,0,0.0,-2.247,-2.839,1.2,-0.16,0.098,0.0,0.1,0.3,-1.7,-0.015,0.175,-0.013,1.964,8.54,OFF,PAPER,1756
33.71,MANUAL,IDLE,,0,0.0,-2.25,-2.837,1.2,-0.157,0.096,0.0,0.1,0.3,-1.6,-0.141,-0.076,0.029,1.978,10.16,OFF,PAPER,1756
33.73,MANUAL,IDLE,,0,0.0,-2.253,-2.835,1.2,-0.158,0.091,0.0,0.0,0.4,-1.6,0.279,0.049,0.036,1.98,7.84,OFF,PAPER,1756
33.75,MANUAL,IDLE,,0,0.0,-2.256,-2.833,1.2,-0.153,0.082,0.0,-0.1,0.3,-1.5,0.014,0.067,0.044,2.011,12.98,OFF,PAPER,1756
33.77,MANUAL,IDLE,,0,0.0,-2.259,-2.831,1.2,-0.146,0.083,0.0,-0.0,0.2,-1.5,0.396,-0.181,0.019,2.001,12.61,OFF,PAPER,1756
33.79,MANUAL,IDLE,,0,0.0,-2.262,-2.83,1.2,-0.156,0.085,0.0,0.1,0.3,-1.6,-0.12,0.159,-0.036,1.978,8.61,OFF,PAPER,1756
33.81,MANUAL,IDLE,,0,0.0,-2.265,-2.828,1.2,-0.164,0.081,0.0,-0.0,0.5,-1.6,-0.233,0.203,-0.012,1.964,2.57,OFF,PAPER,1756
33.83,MANUAL,IDLE,,0,0.0,-2.269,-2.827,1.2,-0.166,0.073,0.0,-0.1,0.6,-1.5,0.074,0.145,0.046,1.978,13.79,OFF,PAPER,1756
33.85,MANUAL,IDLE,,0,0.0,-2.272,-2.825,1.2,-0.164,0.074,0.0,-0.2,0.6,-1.5,-0.096,0.136,-0.084,2.026,16.98,OFF,PAPER,1756
33.87,MANUAL,IDLE,,0,0.0,-2.275,-2.824,1.2,-0.165,0.073,0.0,-0.2,0.6,-1.6,-0.091,0.01,-0.003,2.001,14.64,OFF,PAPER,1756
33.89,MANUAL,IDLE,,0,0.0,-2.278,-2.822,1.2,-0.169,0.072,0.0,-0.3,0.6,-1.5,0.061,-0.051,0.091,1.965,11.75,OFF,PAPER,1756
33.91,MANUAL,IDLE,,0,0.0,-2.282,-2.821,1.2,-0.179,0.074,0.0,-0.3,0.8,-1.5,-0.003,-0.121,0.066,1.997,13.99,OFF,PAPER,1756
33.93,MANUAL,IDLE,,0,0.0,-2.286,-2.819,1.2,-0.178,0.079,0.0,-0.1,0.7,-1.5,0.09,-0.103,-0.064,1.972,8.15,OFF,PAPER,1756
33.95,MANUAL,IDLE,,0,0.0,-2.289,-2.818,1.2,-0.18,0.072,0.0,-0.3,0.8,-1.6,-0.075,-0.282,-0.099,1.99,10.37,OFF,PAPER,1756
33.97,MANUAL,IDLE,,0,0.0,-2.293,-2.816,1.2,-0.182,0.067,0.0,-0.4,0.8,-1.6,0.087,0.032,-0.03,1.988,14.18,OFF,PAPER,1756
33.99,MANUAL,IDLE,,0,0.0,-2.296,-2.815,1.2,-0.173,0.069,0.0,-0.4,0.6,-1.6,0.056,-0.26,-0.054,1.979,7.46,OFF,PAPER,1756
34.01,MANUAL,IDLE,,0,0.0,-2.3,-2.814,1.2,-0.175,0.073,0.0,-0.3,0.6,-1.7,0.349,0.193,-0.046,1.965,7.81,OFF,PAPER,1756
34.03,MANUAL,IDLE,,0,0.0,-2.303,-2.812,1.2,-0.178,0.081,0.0,-0.2,0.6,-1.7,0.345,0.178,0.066,1.994,10.35,OFF,PAPER,1756
34.05,MANUAL,IDLE,,0,0.0,-2.307,-2.811,1.2,-0.177,0.076,0.0,-0.3,0.7,-1.6,-0.017,0.157,0.082,1.99,10.13,OFF,PAPER,1756
34.07,MANUAL,IDLE,,0,0.0,-2.31,-2.809,1.2,-0.169,0.069,0.0,-0.4,0.5,-1.6,0.015,-0.276,0.039,1.999,13.95,OFF,PAPER,1756
34.09,MANUAL,IDLE,,0,0.0,-2.314,-2.808,1.2,-0.166,0.065,0.0,-0.5,0.5,-1.5,0.084,-0.235,0.011,1.981,10.12,OFF,PAPER,1756
34.11,MANUAL,IDLE,,0,0.0,-2.317,-2.806,1.2,-0.173,0.07,0.0,-0.4,0.6,-1.4,0.014,0.22,0.164,2.015,14.69,OFF,PAPER,1756
34.13,MANUAL,IDLE,,0,0.0,-2.321,-2.805,1.2,-0.173,0.069,0.0,-0.3,0.7,-1.3,0.165,-0.225,0.094,2.035,15.59,OFF,PAPER,1756
34.15,MANUAL,IDLE,,0,0.0,-2.324,-2.804,1.2,-0.173,0.068,0.0,-0.3,0.8,-1.2,0.065,-0.105,0.089,2.0,12.19,OFF,PAPER,1756
34.17,MANUAL,IDLE,,0,0.0,-2.327,-2.802,1.2,-0.171,0.063,0.0,-0.4,0.8,-1.1,-0.305,0.187,-0.057,1.974,9.28,OFF,PAPER,1756
34.19,MANUAL,IDLE,,0,0.0,-2.331,-2.801,1.2,-0.168,0.057,0.0,-0.6,0.7,-1.3,-0.092,-0.021,-0.141,1.982,10.42,OFF,PAPER,1756
34.21,MANUAL,IDLE,,0,0.0,-2.334,-2.8,1.2,-0.17,0.068,0.0,-0.4,0.7,-1.4,-0.173,0.174,-0.023,1.988,9.67,OFF,PAPER,1756
34.23,MANUAL,IDLE,,0,0.0,-2.338,-2.799,1.2,-0.175,0.068,0.0,-0.4,0.8,-1.4,0.127,0.136,-0.067,1.969,9.43,OFF,PAPER,1756
34.25,MANUAL,IDLE,,0,0.0,-2.341,-2.797,1.2,-0.172,0.066,0.0,-0.4,0.8,-1.5,0.031,-0.05,-0.116,1.984,8.99,OFF,PAPER,1756
34.27,MANUAL,IDLE,,0,0.0,-2.345,-2.796,1.2,-0.168,0.066,0.0,-0.4,0.7,-1.6,0.192,0.299,-0.12,2.001,11.46,OFF,PAPER,1756
34.29,MANUAL,IDLE,,0,0.0,-2.348,-2.795,1.2,-0.167,0.061,0.0,-0.3,0.8,-1.8,-0.065,0.032,-0.104,1.964,2.9,OFF,PAPER,1756
34.31,MANUAL,IDLE,,0,0.0,-2.351,-2.793,1.2,-0.157,0.061,0.0,-0.4,0.5,-1.9,-0.116,-0.065,-0.168,1.973,11.55,OFF,PAPER,1756
34.33,MANUAL,IDLE,,0,0.0,-2.354,-2.792,1.2,-0.15,0.062,0.0,-0.5,0.4,-2.2,0.063,-0.014,-0.291,1.999,12.03,OFF,PAPER,1756
34.35,MANUAL,IDLE,,0,0.0,-2.357,-2.791,1.2,-0.152,0.059,0.0,-0.5,0.4,-2.5,0.204,-0.101,-0.238,2.004,16.09,OFF,PAPER,1756
34.37,MANUAL,IDLE,,0,0.0,-2.36,-2.79,1.2,-0.154,0.061,0.0,-0.4,0.5,-2.7,-0.056,-0.201,-0.156,1.966,4.91,OFF,PAPER,1756
34.39,MANUAL,IDLE,,0,0.0,-2.363,-2.789,1.2,-0.153,0.053,0.0,-0.6,0.5,-2.9,-0.063,0.104,-0.1,1.99,12.75,OFF,PAPER,1756
34.41,MANUAL,IDLE,,0,0.0,-2.366,-2.788,1.2,-0.148,0.053,0.0,-0.5,0.5,-3.0,0.219,-0.329,-0.01,1.962,3.66,OFF,PAPER,1756
34.43,MANUAL,IDLE,,0,0.0,-2.369,-2.787,1.2,-0.153,0.051,0.0,-0.5,0.6,-2.9,-0.059,0.177,0.087,2.001,11.46,OFF,PAPER,1756
34.45,MANUAL,IDLE,,0,0.0,-2.372,-2.785,1.2,-0.153,0.053,0.0,-0.3,0.6,-2.9,-0.153,-0.062,0.037,2.005,11.94,OFF,PAPER,1756
34.47,MANUAL,IDLE,,0,0.0,-2.376,-2.784,1.2,-0.154,0.053,0.0,-0.4,0.7,-2.8,0.333,-0.361,0.103,2.005,15.45,OFF,PAPER,1756
34.49,MANUAL,IDLE,,0,0.0,-2.379,-2.783,1.2,-0.163,0.06,0.0,-0.2,0.7,-2.7,-0.079,0.02,0.042,1.999,11.03,OFF,PAPER,1756
34.51,MANUAL,IDLE,,0,0.0,-2.382,-2.782,1.2,-0.156,0.064,0.0,-0.1,0.7,-2.8,-0.171,-0.346,-0.139,1.984,9.87,OFF,PAPER,1756
34.53,MANUAL,IDLE,,0,0.0,-2.385,-2.781,1.2,-0.148,0.062,0.0,-0.2,0.5,-2.9,0.165,-0.219,-0.167,2.013,13.02,OFF,PAPER,1756
34.55,MANUAL,IDLE,,0,0.0,-2.388,-2.779,1.2,-0.144,0.072,0.0,-0.0,0.4,-3.1,0.466,-0.041,-0.22,1.971,9.43,OFF,PAPER,1756
34.57,MANUAL,IDLE,,0,0.0,-2.391,-2.778,1.2,-0.144,0.072,0.0,0.0,0.4,-3.3,0.087,0.149,-0.087,1.975,10.57,OFF,PAPER,1756
34.59,MANUAL,IDLE,,0,0.0,-2.394,-2.776,1.2,-0.143,0.074,0.0,0.1,0.4,-3.4,0.218,0.186,-0.079,1.985,8.75,OFF,PAPER,1756
34.61,MANUAL,IDLE,,0,0.0,-2.397,-2.775,1.2,-0.138,0.071,0.0,0.1,0.4,-3.4,-0.069,-0.137,-0.014,1.98,8.89,OFF,PAPER,1756
34.63,MANUAL,IDLE,,0,0.0,-2.399,-2.774,1.2,-0.133,0.066,0.0,0.0,0.3,-3.5,-0.066,-0.083,-0.008,1.982,11.96,OFF,PAPER,1756
34.65,MANUAL,IDLE,,0,0.0,-2.402,-2.772,1.2,-0.132,0.058,0.0,-0.2,0.3,-3.5,-0.192,-0.122,-0.053,2.004,14.47,OFF,PAPER,1756
34.67,MANUAL,IDLE,,0,0.0,-2.405,-2.771,1.2,-0.132,0.055,0.0,-0.3,0.3,-3.6,0.178,-0.072,-0.058,2.007,12.37,OFF,PAPER,1756
34.69,MANUAL,IDLE,,0,0.0,-2.407,-2.77,1.2,-0.134,0.054,0.0,-0.4,0.3,-3.7,0.066,0.151,-0.064,1.974,6.28,OFF,PAPER,1756
34.71,MANUAL,IDLE,,0,0.0,-2.41,-2.769,1.2,-0.123,0.058,0.0,-0.3,0.2,-3.7,-0.164,-0.175,0.031,1.97,5.66,OFF,PAPER,1756
34.73,MANUAL,IDLE,,0,0.0,-2.412,-2.768,1.2,-0.121,0.056,0.0,-0.4,0.1,-3.7,0.102,-0.053,0.09,1.969,10.72,OFF,PAPER,1756
34.75,MANUAL,IDLE,,0,0.0,-2.415,-2.767,1.2,-0.113,0.066,0.0,-0.2,-0.0,-3.6,0.097,-0.372,0.122,1.992,13.73,OFF,PAPER,1756
34.77,MANUAL,IDLE,,0,0.0,-2.417,-2.765,1.2,-0.107,0.074,0.0,-0.1,-0.1,-3.5,0.271,-0.006,0.049,1.981,11.49,OFF,PAPER,1756
34.79,MANUAL,IDLE,,0,0.0,-2.419,-2.764,1.2,-0.105,0.067,0.0,-0.1,-0.1,-3.5,-0.07,-0.457,-0.002,2.008,12.34,OFF,PAPER,1756
34.81,MANUAL,IDLE,,0,0.0,-2.421,-2.763,1.2,-0.105,0.07,0.0,-0.1,-0.1,-3.4,0.275,-0.279,0.028,2.003,16.15,OFF,PAPER,1756
34.83,MANUAL,IDLE,,0,0.0,-2.423,-2.761,1.2,-0.099,0.064,0.0,-0.1,-0.3,-3.3,0.218,0.407,0.201,1.984,9.08,OFF,PAPER,1756
34.85,MANUAL,IDLE,,0,0.0,-2.425,-2.76,1.2,-0.101,0.076,0.0,0.1,-0.2,-3.0,0.018,0.281,0.186,2.034,17.39,OFF,PAPER,1756
34.87,MANUAL,IDLE,,0,0.0,-2.427,-2.758,1.2,-0.097,0.065,0.0,-0.1,-0.1,-2.8,0.056,-0.04,0.183,1.969,12.21,OFF,PAPER,1756
34.89,MANUAL,IDLE,,0,0.0,-2.429,-2.757,1.2,-0.098,0.06,0.0,-0.1,-0.1,-2.6,-0.344,-0.278,0.121,1.985,12.83,OFF,PAPER,1756
34.91,MANUAL,IDLE,,0,0.0,-2.431,-2.756,1.2,-0.102,0.056,0.0,-0.2,-0.1,-2.4,-0.226,0.035,0.16,1.985,8.75,OFF,PAPER,1756
34.93,MANUAL,IDLE,,0,0.0,-2.433,-2.755,1.2,-0.111,0.061,0.0,-0.2,0.1,-2.2,-0.212,-0.094,0.221,1.976,11.24,OFF,PAPER,1756
34.95,MANUAL,IDLE,,0,0.0,-2.436,-2.754,1.2,-0.117,0.065,0.0,-0.2,0.3,-1.9,0.396,-0.072,0.23,2.0,13.04,OFF,PAPER,1756
34.97,MANUAL,IDLE,,0,0.0,-2.438,-2.752,1.2,-0.119,0.061,0.0,-0.2,0.2,-1.8,0.01,-0.117,0.161,1.981,10.05,OFF,PAPER,1756
34.99,MANUAL,IDLE,,0,0.0,-2.44,-2.751,1.2,-0.122,0.064,0.0,-0.1,0.3,-1.6,-0.295,-0.128,0.078,1.965,4.64,OFF,PAPER,1756
35.01,MANUAL,IDLE,,0,0.0,-2.443,-2.75,1.2,-0.122,0.069,0.0,-0.1,0.2,-1.5,0.235,0.523,0.041,1.998,11.2,OFF,PAPER,1756
35.03,MANUAL,IDLE,,0,0.0,-2.445,-2.748,1.2,-0.117,0.066,0.0,-0.1,0.2,-1.5,-0.112,-0.044,-0.047,1.989,9.88,OFF,PAPER,1756
35.05,MANUAL,IDLE,,0,0.0,-2.448,-2.747,1.2,-0.122,0.058,0.0,-0.2,0.1,-1.6,0.154,0.232,-0.002,2.008,15.62,OFF,PAPER,1756
35.07,MANUAL,IDLE,,0,0.0,-2.45,-2.746,1.2,-0.126,0.051,0.0,-0.3,0.2,-1.5,-0.071,0.172,-0.008,1.977,7.17,OFF,PAPER,1756
35.09,MANUAL,IDLE,,0,0.0,-2.453,-2.745,1.2,-0.128,0.05,0.0,-0.3,0.3,-1.6,-0.085,-0.134,-0.073,2.018,14.19,OFF,PAPER,1756
35.11,MANUAL,IDLE,,0,0.0,-2.455,-2.744,1.2,-0.118,0.041,0.0,-0.5,0.1,-1.6,-0.15,-0.25,0.039,2.0,11.72,OFF,PAPER,1756
35.13,MANUAL,IDLE,,0,0.0,-2.458,-2.743,1.2,-0.119,0.042,0.0,-0.6,0.1,-1.6,0.1,-0.247,-0.038,2.029,17.89,OFF,PAPER,1756
35.15,MANUAL,IDLE,,0,0.0,-2.46,-2.742,1.2,-0.121,0.046,0.0,-0.6,0.0,-1.6,-0.044,0.303,0.029,1.973,9.68,OFF,PAPER,1756
35.17,MANUAL,IDLE,,0,0.0,-2.462,-2.741,1.2,-0.116,0.046,0.0,-0.6,-0.0,-1.7,-0.015,-0.041,-0.102,1.97,5.19,OFF,PAPER,1756
35.19,MANUAL,IDLE,,0,0.0,-2.465,-2.74,1.2,-0.125,0.052,0.0,-0.6,0.1,-1.7,0.223,0.094,-0.047,1.967,5.57,OFF,PAPER,1756
35.21,MANUAL,IDLE,,0,0.0,-2.467,-2.739,1.2,-0.112,0.062,0.0,-0.4,-0.2,-1.8,-0.11,0.055,-0.061,1.964,9.15,OFF,PAPER,1756
35.23,MANUAL,IDLE,,0,0.0,-2.469,-2.738,1.2,-0.106,0.064,0.0,-0.4,-0.2,-1.8,0.35,0.337,0.007,1.963,9.73,OFF,PAPER,1756
35.25,MANUAL,IDLE,,0,0.0,-2.471,-2.737,1.2,-0.092,0.061,0.0,-0.3,-0.4,-1.7,0.14,-0.417,0.05,1.988,9.42,OFF,PAPER,1756
35.27,MANUAL,IDLE,,0,0.0,-2.473,-2.736,1.2,-0.102,0.055,0.0,-0.5,-0.2,-1.7,-0.334,0.277,0.069,2.001,11.32,OFF,PAPER,1756
35.29,MANUAL,IDLE,,0,0.0,-2.475,-2.734,1.2,-0.1,0.054,0.0,-0.6,-0.2,-1.6,-0.365,0.247,0.115,2.005,13.83,OFF,PAPER,1756
35.31,MANUAL,IDLE,,0,0.0,-2.477,-2.733,1.2,-0.106,0.055,0.0,-0.6,-0.1,-1.5,0.002,-0.144,-0.022,1.968,4.56,OFF,PAPER,1756
35.33,MANUAL,IDLE,,0,0.0,-2.479,-2.732,1.2,-0.107,0.06,0.0,-0.5,-0.1,-1.6,-0.069,0.167,-0.08,1.995,12.62,OFF,PAPER,1756
35.35,MANUAL,IDLE,,0,0.0,-2.481,-2.731,1.2,-0.106,0.053,0.0,-0.7,-0.2,-1.7,-0.191,0.11,-0.176,1.985,8.94,OFF,PAPER,1756
35.37,MANUAL,IDLE,,0,0.0,-2.483,-2.73,1.2,-0.103,0.066,0.0,-0.6,-0.2,-1.9,0.193,0.133,-0.194,2.004,12.7,OFF,PAPER,1756
35.39,MANUAL,IDLE,,0,0.0,-2.485,-2.729,1.2,-0.098,0.061,0.0,-0.6,-0.2,-2.0,0.108,0.002,-0.063,1.981,8.89,OFF,PAPER,1756
35.41,MANUAL,IDLE,,0,0.0,-2.487,-2.727,1.2,-0.093,0.063,0.0,-0.6,-0.4,-2.1,-0.189,-0.29,-0.098,1.998,12.81,OFF,PAPER,1756
35.43,MANUAL,IDLE,,0,0.0,-2.489,-2.726,1.2,-0.102,0.07,0.0,-0.6,-0.2,-2.2,0.003,0.231,-0.083,1.965,11.18,OFF,PAPER,1756
35.45,MANUAL,IDLE,,0,0.0,-2.491,-2.725,1.2,-0.097,0.08,0.0,-0.4,-0.3,-2.4,0.2,-0.033,-0.235,1.981,10.33,OFF,PAPER,1756
35.47,MANUAL,IDLE,,0,0.0,-2.493,-2.723,1.2,-0.1,0.078,0.0,-0.4,-0.1,-2.6,-0.161,-0.302,-0.221,2.005,13.34,OFF,PAPER,1756
35.49,MANUAL,IDLE,,0,0.0,-2.495,-2.722,1.2,-0.101,0.069,0.0,-0.6,-0.1,-2.9,0.005,-0.042,-0.205,1.995,13.33,OFF,PAPER,1756
35.51,MANUAL,IDLE,,0,0.0,-2.497,-2.72,1.2,-0.096,0.066,0.0,-0.6,-0.2,-3.2,-0.015,-0.401,-0.117,1.963,6.84,OFF,PAPER,1756
35.53,MANUAL,IDLE,,0,0.0,-2.499,-2.719,1.2,-0.097,0.071,0.0,-0.6,-0.3,-3.2,0.157,0.267,-0.038,1.991,11.72,OFF,PAPER,1756
35.55,MANUAL,IDLE,,0,0.0,-2.501,-2.717,1.2,-0.094,0.075,0.0,-0.5,-0.3,-3.3,0.264,0.069,-0.016,1.991,9.81,OFF,PAPER,1756
35.57,MANUAL,IDLE,,0,0.0,-2.503,-2.716,1.2,-0.089,0.075,0.0,-0.4,-0.2,-3.3,0.194,0.196,-0.071,1.971,5.61,OFF,PAPER,1756
35.59,MANUAL,IDLE,,0,0.0,-2.505,-2.714,1.2,-0.101,0.071,0.0,-0.5,-0.1,-3.4,-0.017,0.071,-0.057,1.974,8.36,OFF,PAPER,1756
35.61,MANUAL,IDLE,,0,0.0,-2.507,-2.713,1.2,-0.105,0.067,0.0,-0.5,-0.0,-3.4,-0.143,-0.103,0.003,1.967,8.28,OFF,PAPER,1756
35.63,MANUAL,IDLE,,0,0.0,-2.509,-2.712,1.2,-0.105,0.06,0.0,-0.6,0.1,-3.3,-0.104,-0.187,0.134,1.971,6.03,OFF,PAPER,1756
35.65,MANUAL,IDLE,,0,0.0,-2.511,-2.71,1.2,-0.105,0.065,0.0,-0.5,0.1,-3.2,0.247,-0.031,0.069,1.965,3.44,OFF,PAPER,1756
35.67,MANUAL,IDLE,,0,0.0,-2.513,-2.709,1.2,-0.106,0.067,0.0,-0.4,0.0,-3.2,-0.159,0.044,0.028,2.002,12.11,OFF,PAPER,1756
35.69,MANUAL,IDLE,,0,0.0,-2.515,-2.708,1.2,-0.103,0.063,0.0,-0.5,-0.1,-3.2,0.084,0.273,-0.061,1.989,9.47,OFF,PAPER,1756
35.71,MANUAL,IDLE,,0,0.0,-2.517,-2.706,1.2,-0.106,0.07,0.0,-0.3,-0.0,-3.2,0.243,-0.017,-0.05,1.994,10.64,OFF,PAPER,1756
35.73,MANUAL,IDLE,,0,0.0,-2.519,-2.705,1.2,-0.102,0.078,0.0,-0.2,-0.1,-3.3,0.26,0.282,0.028,1.977,9.14,OFF,PAPER,1756
35.75,MANUAL,IDLE,,0,0.0,-2.521,-2.703,1.2,-0.098,0.08,0.0,-0.0,-0.0,-3.2,0.14,-0.092,0.036,1.972,13.06,OFF,PAPER,1756
35.77,MANUAL,IDLE,,0,0.0,-2.523,-2.702,1.2,-0.097,0.087,0.0,0.0,-0.1,-3.2,-0.1,0.075,-0.05,2.027,15.48,OFF,PAPER,1756
35.79,MANUAL,IDLE,,0,0.0,-2.525,-2.7,1.2,-0.097,0.089,0.0,0.0,-0.1,-3.2,-0.341,-0.016,-0.019,2.005,15.23,OFF,PAPER,1756
35.81,MANUAL,IDLE,,0,0.0,-2.527,-2.698,1.2,-0.099,0.093,0.0,-0.0,-0.1,-3.2,0.349,-0.238,-0.005,2.001,11.43,OFF,PAPER,1756
35.83,MANUAL,IDLE,,0,0.0,-2.529,-2.696,1.2,-0.102,0.097,0.0,0.0,-0.1,-3.3,0.033,-0.08,-0.043,1.966,11.36,OFF,PAPER,1756
35.85,MANUAL,IDLE,,0,0.0,-2.531,-2.694,1.2,-0.089,0.094,0.0,0.1,-0.3,-3.3,0.193,-0.229,-0.009,2.005,12.48,OFF,PAPER,1756
35.87,MANUAL,IDLE,,0,0.0,-2.533,-2.693,1.2,-0.084,0.091,0.0,0.0,-0.6,-3.2,0.215,-0.208,0.091,2.009,13.56,OFF,PAPER,1756
35.89,MANUAL,IDLE,,0,0.0,-2.534,-2.691,1.2,-0.076,0.093,0.0,0.2,-0.7,-3.1,-0.006,-0.027,0.116,1.993,13.13,OFF,PAPER,1756
35.91,MANUAL,IDLE,,0,0.0,-2.536,-2.689,1.2,-0.082,0.086,0.0,0.1,-0.7,-3.1,-0.18,0.15,0.044,1.977,10.08,OFF,PAPER,1756
35.93,MANUAL,IDLE,,0,0.0,-2.538,-2.687,1.2,-0.085,0.087,0.0,0.1,-0.5,-3.0,0.046,0.094,0.099,1.998,10.9,OFF,PAPER,1756
35.95,MANUAL,IDLE,,0,0.0,-2.539,-2.685,1.2,-0.078,0.091,0.0,0.2,-0.6,-2.9,-0.205,0.215,0.124,2.004,12.81,OFF,PAPER,1756
35.97,MANUAL,IDLE,,0,0.0,-2.541,-2.684,1.2,-0.072,0.089,0.0,0.2,-0.6,-2.7,-0.179,0.294,0.192,1.994,10.68,OFF,PAPER,1756
35.99,MANUAL,IDLE,,0,0.0,-2.542,-2.682,1.2,-0.076,0.09,0.0,0.3,-0.5,-2.4,0.09,0.339,0.228,2.01,17.02,OFF,PAPER,1756
36.01,MANUAL,IDLE,,0,0.0,-2.544,-2.68,1.2,-0.078,0.082,0.0,0.1,-0.4,-2.2,-0.032,0.184,0.179,1.992,13.0,OFF,PAPER,1756
36.03,MANUAL,IDLE,,0,0.0,-2.545,-2.678,1.2,-0.074,0.093,0.0,0.3,-0.5,-2.0,0.128,-0.182,0.157,1.97,9.83,OFF,PAPER,1756
36.05,MANUAL,IDLE,,0,0.0,-2.547,-2.676,1.2,-0.074,0.091,0.0,0.2,-0.5,-1.8,-0.322,0.058,0.179,2.017,14.11,OFF,PAPER,1756
36.07,MANUAL,IDLE,,0,0.0,-2.548,-2.675,1.2,-0.073,0.087,0.0,0.1,-0.5,-1.8,-0.359,-0.055,-0.018,1.986,9.67,OFF,PAPER,1756
36.09,MANUAL,IDLE,,0,0.0,-2.55,-2.673,1.2,-0.069,0.077,0.0,-0.1,-0.6,-1.8,0.133,-0.257,-0.065,1.993,10.61,OFF,PAPER,1756
36.11,MANUAL,IDLE,,0,0.0,-2.551,-2.671,1.2,-0.07,0.086,0.0,0.1,-0.6,-1.9,0.262,-0.265,-0.152,1.99,9.64,OFF,PAPER,1756
36.13,MANUAL,IDLE,,0,0.0,-2.553,-2.67,1.2,-0.074,0.082,0.0,-0.1,-0.6,-2.1,-0.096,0.093,-0.162,1.973,7.79,OFF,PAPER,1756
36.15,MANUAL,IDLE,,0,0.0,-2.554,-2.668,1.2,-0.071,0.081,0.0,-0.1,-0.7,-2.2,-0.262,-0.193,-0.082,2.011,13.92,OFF,PAPER,1756
36.17,MANUAL,IDLE,,0,0.0,-2.555,-2.666,1.2,-0.072,0.082,0.0,-0.2,-0.7,-2.2,0.232,0.116,-0.033,1.982,8.29,OFF,PAPER,1756
36.19,MANUAL,IDLE,,0,0.0,-2.557,-2.665,1.2,-0.076,0.079,0.0,-0.2,-0.6,-2.2,0.046,0.048,0.071,1.969,6.55,OFF,PAPER,1756
36.21,MANUAL,IDLE,,0,0.0,-2.558,-2.663,1.2,-0.069,0.076,0.0,-0.3,-0.6,-2.2,0.116,-0.284,0.08,2.001,15.58,OFF,PAPER,1756
36.23,MANUAL,IDLE,,0,0.0,-2.56,-2.662,1.2,-0.078,0.079,0.0,-0.3,-0.6,-2.1,0.178,0.252,0.102,2.01,15.15,OFF,PAPER,1756
36.25,MANUAL,IDLE,,0,0.0,-2.561,-2.66,1.2,-0.074,0.083,0.0,-0.2,-0.7,-1.9,0.08,0.064,0.16,1.989,10.93,OFF,PAPER,1756
36.27,MANUAL,IDLE,,0,0.0,-2.563,-2.658,1.2,-0.085,0.073,0.0,-0.4,-0.6,-1.7,0.039,0.26,0.141,1.989,9.69,OFF,PAPER,1756
36.29,MANUAL,IDLE,,0,0.0,-2.565,-2.657,1.2,-0.086,0.07,0.0,-0.4,-0.6,-1.6,0.08,0.246,0.101,1.974,9.16,OFF,PAPER,1756
36.31,MANUAL,IDLE,,0,0.0,-2.566,-2.656,1.2,-0.09,0.065,0.0,-0.5,-0.5,-1.5,-0.003,0.152,-0.015,1.966,9.25,OFF,PAPER,1756
36.33,MANUAL,IDLE,,0,0.0,-2.568,-2.654,1.2,-0.088,0.073,0.0,-0.2,-0.5,-1.5,0.076,0.115,-0.016,1.978,7.44,OFF,PAPER,1756
36.35,MANUAL,IDLE,,0,0.0,-2.57,-2.653,1.2,-0.086,0.079,0.0,-0.1,-0.5,-1.6,0.113,0.051,-0.062,1.963,5.32,OFF,PAPER,1756
36.37,MANUAL,IDLE,,0,0.0,-2.572,-2.651,1.2,-0.081,0.082,0.0,-0.0,-0.6,-1.7,-0.334,-0.197,-0.026,2.014,16.76,OFF,PAPER,1756
36.39,MANUAL,IDLE,,0,0.0,-2.573,-2.649,1.2,-0.076,0.088,0.0,0.0,-0.6,-1.7,0.066,0.236,-0.064,1.99,12.81,OFF,PAPER,1756
36.41,MANUAL,IDLE,,0,0.0,-2.575,-2.648,1.2,-0.079,0.086,0.0,-0.0,-0.6,-1.7,0.032,0.287,0.047,1.993,11.96,OFF,PAPER,1756
36.43,MANUAL,IDLE,,0,0.0,-2.576,-2.646,1.2,-0.082,0.091,0.0,0.1,-0.6,-1.7,0.072,-0.02,-0.008,1.963,5.31,OFF,PAPER,1756
36.45,MANUAL,IDLE,,0,0.0,-2.578,-2.644,1.2,-0.082,0.091,0.0,0.0,-0.6,-1.7,-0.194,-0.073,0.042,1.989,9.55,OFF,PAPER,1756
36.47,MANUAL,IDLE,,0,0.0,-2.58,-2.642,1.2,-0.075,0.097,0.0,0.1,-0.7,-1.7,0.042,-0.47,0.032,1.974,6.37,OFF,PAPER,1756
36.49,MANUAL,IDLE,,0,0.0,-2.581,-2.64,1.2,-0.078,0.103,0.0,0.2,-0.7,-1.8,0.25,0.048,-0.045,2.023,14.16,OFF,PAPER,1756
36.51,MANUAL,IDLE,,0,0.0,-2.583,-2.638,1.2,-0.082,0.11,0.0,0.3,-0.6,-1.8,0.13,-0.042,-0.053,1.973,10.02,OFF,PAPER,1756
36.53,MANUAL,IDLE,,0,0.0,-2.584,-2.636,1.2,-0.085,0.11,0.0,0.3,-0.6,-1.9,-0.003,0.2,-0.094,1.979,7.84,OFF,PAPER,1756
36.55,MANUAL,IDLE,,0,0.0,-2.586,-2.634,1.2,-0.089,0.108,0.0,0.3,-0.6,-2.1,0.073,-0.102,-0.149,2.004,16.02,OFF,PAPER,1756
36.57,MANUAL,IDLE,,0,0.0,-2.588,-2.632,1.2,-0.092,0.111,0.0,0.4,-0.5,-2.2,-0.338,0.378,-0.102,1.988,9.49,OFF,PAPER,1756
36.59,MANUAL,IDLE,,0,0.0,-2.59,-2.629,1.2,-0.092,0.109,0.0,0.4,-0.5,-2.2,0.017,0.116,0.036,1.974,7.59,OFF,PAPER,1756
36.61,MANUAL,IDLE,,0,0.0,-2.592,-2.627,1.2,-0.092,0.11,0.0,0.4,-0.5,-2.2,0.253,-0.114,-0.021,1.98,10.09,OFF,PAPER,1756
36.63,MANUAL,IDLE,,0,0.0,-2.594,-2.625,1.2,-0.097,0.113,0.0,0.4,-0.4,-2.3,-0.033,0.216,-0.077,2.005,15.17,OFF,PAPER,1756
36.65,MANUAL,IDLE,,0,0.0,-2.595,-2.623,1.2,-0.093,0.117,0.0,0.5,-0.4,-2.4,0.192,0.0,-0.114,1.997,15.0,OFF,PAPER,1756
36.67,MANUAL,IDLE,,0,0.0,-2.597,-2.62,1.2,-0.1,0.122,0.0,0.6,-0.3,-2.5,0.207,0.156,-0.057,1.971,5.72,OFF,PAPER,1756
36.69,MANUAL,IDLE,,0,0.0,-2.599,-2.618,1.2,-0.104,0.119,0.0,0.6,-0.3,-2.6,0.198,0.312,-0.059,1.992,14.32,OFF,PAPER,1756
36.71,MANUAL,IDLE,,0,0.0,-2.602,-2.615,1.2,-0.107,0.121,0.0,0.7,-0.2,-2.6,0.364,-0.104,0.061,1.998,12.91,OFF,PAPER,1756
36.73,MANUAL,IDLE,,0,0.0,-2.604,-2.613,1.2,-0.116,0.115,0.0,0.5,-0.1,-2.5,-0.01,0.059,0.123,1.966,3.86,OFF,PAPER,1756
36.75,MANUAL,IDLE,,0,0.0,-2.606,-2.611,1.2,-0.12,0.119,0.0,0.5,-0.0,-2.4,-0.03,0.509,0.059,1.972,12.34,OFF,PAPER,1756
36.77,MANUAL,IDLE,,0,0.0,-2.608,-2.608,1.2,-0.118,0.122,0.0,0.6,-0.0,-2.4,0.157,0.19,-0.049,2.002,11.63,OFF,PAPER,1756
36.79,MANUAL,IDLE,,0,0.0,-2.611,-2.606,1.2,-0.111,0.118,0.0,0.6,-0.1,-2.4,0.102,-0.002,-0.036,1.999,11.28,OFF,PAPER,1756
36.81,MANUAL,IDLE,,0,0.0,-2.613,-2.604,1.2,-0.114,0.114,0.0,0.5,-0.1,-2.5,0.141,0.148,-0.078,1.968,4.71,OFF,PAPER,1756
36.83,MANUAL,IDLE,,0,0.0,-2.615,-2.601,1.2,-0.113,0.115,0.0,0.6,-0.1,-2.5,-0.103,0.138,-0.045,1.989,16.07,OFF,PAPER,1756
36.85,MANUAL,IDLE,,0,0.0,-2.617,-2.599,1.2,-0.113,0.111,0.0,0.5,-0.1,-2.6,0.063,0.27,-0.061,2.02,14.05,OFF,PAPER,1756
36.87,MANUAL,IDLE,,0,0.0,-2.62,-2.597,1.2,-0.116,0.106,0.0,0.4,0.0,-2.6,0.023,0.044,-0.042,1.994,13.36,OFF,PAPER,1756
36.89,MANUAL,IDLE,,0,0.0,-2.622,-2.595,1.2,-0.119,0.105,0.0,0.4,0.2,-2.7,0.026,0.058,-0.063,1.998,15.3,OFF,PAPER,1756
36.91,MANUAL,IDLE,,0,0.0,-2.624,-2.593,1.2,-0.115,0.107,0.0,0.3,0.2,-2.8,0.041,0.11,-0.039,2.012,14.05,OFF,PAPER,1756
36.93,MANUAL,IDLE,,0,0.0,-2.627,-2.591,1.2,-0.111,0.103,0.0,0.2,0.2,-2.8,-0.266,-0.032,0.056,1.969,12.29,OFF,PAPER,1756
36.95,MANUAL,IDLE,,0,0.0,-2.629,-2.588,1.2,-0.112,0.102,0.0,0.2,0.2,-2.8,-0.055,0.036,-0.051,1.988,11.17,OFF,PAPER,1756
36.97,MANUAL,IDLE,,0,0.0,-2.631,-2.586,1.2,-0.105,0.107,0.0,0.3,0.2,-2.9,-0.316,0.158,-0.096,1.987,12.25,OFF,PAPER,1756
36.99,MANUAL,IDLE,,0,0.0,-2.633,-2.584,1.2,-0.101,0.108,0.0,0.3,0.2,-3.0,0.148,-0.15,-0.012,2.004,11.97,OFF,PAPER,1756
37.01,MANUAL,IDLE,,0,0.0,-2.635,-2.582,1.2,-0.101,0.107,0.0,0.3,0.2,-3.0,0.19,0.009,-0.01,1.991,9.97,OFF,PAPER,1756
37.03,MANUAL,IDLE,,0,0.0,-2.637,-2.58,1.2,-0.097,0.103,0.0,0.3,0.1,-3.0,-0.044,0.209,-0.011,1.977,12.6,OFF,PAPER,1756
37.05,MANUAL,IDLE,,0,0.0,-2.639,-2.578,1.2,-0.1,0.1,0.0,0.3,0.2,-3.1,-0.366,-0.005,-0.058,1.993,10.7,OFF,PAPER,1756
37.07,MANUAL,IDLE,,0,0.0,-2.641,-2.576,1.2,-0.11,0.098,0.0,0.2,0.4,-3.1,-0.057,0.218,-0.063,2.007,12.81,OFF,PAPER,1756
37.09,MANUAL,IDLE,,0,0.0,-2.643,-2.574,1.2,-0.112,0.101,0.0,0.2,0.5,-3.2,0.146,-0.007,-0.148,1.969,7.18,OFF,PAPER,1756
37.11,MANUAL,IDLE,,0,0.0,-2.646,-2.572,1.2,-0.115,0.09,0.0,0.1,0.5,-3.3,-0.087,0.032,-0.08,1.98,8.12,OFF,PAPER,1756
37.13,MANUAL,IDLE,,0,0.0,-2.648,-2.57,1.2,-0.106,0.1,0.0,0.2,0.5,-3.4,0.387,-0.084,-0.06,2.009,12.51,OFF,PAPER,1756
37.15,MANUAL,IDLE,,0,0.0,-2.65,-2.568,1.2,-0.104,0.108,0.0,0.4,0.4,-3.4,0.14,-0.179,0.027,2.01,15.77,OFF,PAPER,1756
37.17,MANUAL,IDLE,,0,0.0,-2.652,-2.566,1.2,-0.093,0.11,0.0,0.5,0.2,-3.4,-0.09,-0.148,0.018,2.007,12.14,OFF,PAPER,1756
37.19,MANUAL,IDLE,,0,0.0,-2.654,-2.564,1.2,-0.099,0.107,0.0,0.4,0.2,-3.4,0.013,-0.102,-0.08,1.966,6.29,OFF,PAPER,1756
37.21,MANUAL,IDLE,,0,0.0,-2.656,-2.562,1.2,-0.101,0.104,0.0,0.3,0.2,-3.5,0.211,-0.047,-0.031,1.976,10.54,OFF,PAPER,1756
37.23,MANUAL,IDLE,,0,0.0,-2.658,-2.56,1.2,-0.109,0.11,0.0,0.4,0.3,-3.5,0.332,0.417,-0.042,1.966,12.0,OFF,PAPER,1756
37.25,MANUAL,IDLE,,0,0.0,-2.66,-2.557,1.2,-0.109,0.11,0.0,0.5,0.4,-3.5,0.092,0.118,0.01,1.97,5.09,OFF,PAPER,1756
37.27,MANUAL,IDLE,,0,0.0,-2.662,-2.555,1.2,-0.111,0.112,0.0,0.6,0.5,-3.5,-0.196,0.084,-0.003,1.971,5.61,OFF,PAPER,1756
37.29,MANUAL,IDLE,,0,0.0,-2.665,-2.553,1.2,-0.106,0.109,0.0,0.4,0.4,-3.5,0.054,-0.143,0.01,1.968,6.58,OFF,PAPER,1756
37.31,MANUAL,IDLE,,0,0.0,-2.667,-2.551,1.2,-0.105,0.104,0.0,0.3,0.4,-3.4,-0.171,0.002,0.13,1.972,5.85,OFF,PAPER,1756
37.33,MANUAL,IDLE,,0,0.0,-2.669,-2.549,1.2,-0.107,0.097,0.0,0.2,0.4,-3.3,-0.114,-0.069,0.034,1.99,11.5,OFF,PAPER,1756
37.35,MANUAL,IDLE,,0,0.0,-2.671,-2.547,1.2,-0.096,0.104,0.0,0.4,0.2,-3.3,0.113,0.073,0.104,2.001,12.62,OFF,PAPER,1756
37.37,MANUAL,IDLE,,0,0.0,-2.673,-2.545,1.2,-0.094,0.109,0.0,0.5,0.3,-3.1,0.343,-0.245,0.182,1.972,7.86,OFF,PAPER,1756
37.39,MANUAL,IDLE,,0,0.0,-2.674,-2.543,1.2,-0.086,0.104,0.0,0.5,0.0,-2.9,0.083,-0.182,0.158,1.992,10.09,OFF,PAPER,1756
37.41,MANUAL,IDLE,,0,0.0,-2.676,-2.541,1.2,-0.09,0.1,0.0,0.5,0.1,-2.7,0.049,0.242,0.178,1.97,5.31,OFF,PAPER,1756
37.43,MANUAL,IDLE,,0,0.0,-2.678,-2.538,1.2,-0.091,0.104,0.0,0.5,0.1,-2.5,-0.273,0.157,0.149,1.99,12.71,OFF,PAPER,1756
37.45,MANUAL,IDLE,,0,0.0,-2.68,-2.536,1.2,-0.095,0.105,0.0,0.4,0.2,-2.4,0.1,-0.003,0.12,1.998,11.16,OFF,PAPER,1756
37.47,MANUAL,IDLE,,0,0.0,-2.682,-2.534,1.2,-0.095,0.103,0.0,0.5,0.2,-2.2,0.057,0.267,0.113,2.004,12.94,OFF,PAPER,1756
37.49,MANUAL,IDLE,,0,0.0,-2.684,-2.532,1.2,-0.103,0.103,0.0,0.5,0.3,-2.0,0.015,0.411,0.215,1.968,7.36,OFF,PAPER,1756
37.51,MANUAL,IDLE,,0,0.0,-2.686,-2.53,1.2,-0.103,0.095,0.0,0.4,0.4,-1.8,0.29,-0.179,0.112,2.014,16.73,OFF,PAPER,1756
37.53,MANUAL,IDLE,,0,0.0,-2.688,-2.528,1.2,-0.103,0.097,0.0,0.4,0.4,-1.8,-0.041,-0.316,-0.052,1.987,11.47,OFF,PAPER,1756
37.55,MANUAL,IDLE,,0,0.0,-2.69,-2.527,1.2,-0.098,0.092,0.0,0.3,0.3,-2.0,-0.078,-0.23,-0.155,1.966,7.86,OFF,PAPER,1756
37.57,MANUAL,IDLE,,0,0.0,-2.692,-2.525,1.2,-0.089,0.091,0.0,0.2,0.1,-2.1,0.389,0.166,-0.009,1.988,10.73,OFF,PAPER,1756
37.59,MANUAL,IDLE,,0,0.0,-2.693,-2.523,1.2,-0.087,0.094,0.0,0.2,0.2,-2.1,-0.196,-0.216,0.07,1.999,15.33,OFF,PAPER,1756
37.61,MANUAL,IDLE,,0,0.0,-2.695,-2.521,1.2,-0.076,0.098,0.0,0.3,0.0,-2.0,-0.103,-0.27,0.079,1.976,7.11,OFF,PAPER,1756
37.63,MANUAL,IDLE,,0,0.0,-2.697,-2.519,1.2,-0.073,0.097,0.0,0.3,-0.0,-2.0,0.197,0.437,-0.05,1.984,12.04,OFF,PAPER,1756
37.65,MANUAL,IDLE,,0,0.0,-2.698,-2.517,1.2,-0.073,0.092,0.0,0.3,0.0,-2.1,-0.326,-0.461,-0.177,1.985,9.15,OFF,PAPER,1756
37.67,MANUAL,IDLE,,0,0.0,-2.7,-2.515,1.2,-0.078,0.085,0.0,0.2,0.1,-2.2,-0.024,-0.071,-0.033,1.967,8.31,OFF,PAPER,1756
37.69,MANUAL,IDLE,,0,0.0,-2.701,-2.514,1.2,-0.077,0.091,0.0,0.3,0.1,-2.3,0.383,-0.147,-0.106,1.997,10.75,OFF,PAPER,1756
37.71,MANUAL,IDLE,,0,0.0,-2.703,-2.512,1.2,-0.077,0.09,0.0,0.3,0.2,-2.5,0.025,0.139,-0.117,1.97,6.77,OFF,PAPER,1756
37.73,MANUAL,IDLE,,0,0.0,-2.704,-2.51,1.2,-0.07,0.083,0.0,0.2,0.1,-2.6,-0.27,-0.076,-0.106,2.005,12.96,OFF,PAPER,1756
37.75,MANUAL,IDLE,,0,0.0,-2.706,-2.508,1.2,-0.067,0.081,0.0,0.2,0.2,-2.8,-0.162,-0.161,-0.118,2.017,14.04,OFF,PAPER,1756
37.77,MANUAL,IDLE,,0,0.0,-2.707,-2.507,1.2,-0.061,0.082,0.0,0.2,0.1,-2.9,0.075,-0.074,-0.059,1.989,9.94,OFF,PAPER,1756
37.79,MANUAL,IDLE,,0,0.0,-2.708,-2.505,1.2,-0.058,0.081,0.0,0.2,-0.1,-2.9,-0.062,-0.03,-0.051,1.998,15.24,OFF,PAPER,1756
37.81,MANUAL,IDLE,,0,0.0,-2.709,-2.503,1.2,-0.049,0.088,0.0,0.3,-0.3,-3.0,0.188,0.005,-0.046,2.004,14.13,OFF,PAPER,1756
37.83,MANUAL,IDLE,,0,0.0,-2.71,-2.502,1.2,-0.047,0.075,0.0,0.1,-0.4,-3.1,-0.133,0.321,-0.101,1.969,7.95,OFF,PAPER,1756
37.85,MANUAL,IDLE,,0,0.0,-2.711,-2.5,1.2,-0.048,0.073,0.0,0.1,-0.3,-3.1,0.256,-0.245,0.013,2.013,16.3,OFF,PAPER,1756
37.87,MANUAL,IDLE,,0,0.0,-2.712,-2.499,1.2,-0.053,0.07,0.0,0.0,-0.2,-3.2,-0.076,0.096,0.01,2.013,16.07,OFF,PAPER,1756
37.89,MANUAL,IDLE,,0,0.0,-2.713,-2.497,1.2,-0.053,0.076,0.0,0.2,-0.2,-3.2,-0.059,0.504,-0.055,1.983,8.31,OFF,PAPER,1756
37.91,MANUAL,IDLE,,0,0.0,-2.714,-2.496,1.2,-0.058,0.086,0.0,0.4,-0.1,-3.2,-0.119,0.247,-0.051,2.006,15.02,OFF,PAPER,1756
37.93,MANUAL,IDLE,,0,0.0,-2.715,-2.494,1.2,-0.058,0.08,0.0,0.2,-0.1,-3.3,0.34,0.248,-0.042,1.997,14.34,OFF,PAPER,1756
37.95,MANUAL,IDLE,,0,0.0,-2.716,-2.493,1.2,-0.054,0.082,0.0,0.3,-0.1,-3.3,0.294,0.118,-0.021,1.995,13.92,OFF,PAPER,1756
37.97,MANUAL,IDLE,,0,0.0,-2.717,-2.491,1.2,-0.054,0.074,0.0,0.2,-0.0,-3.3,-0.277,-0.244,0.05,1.99,11.72,OFF,PAPER,1756
37.99,MANUAL,IDLE,,0,0.0,-2.719,-2.49,1.2,-0.053,0.076,0.0,0.4,-0.1,-3.3,0.035,-0.189,0.097,2.024,17.77,OFF,PAPER,1756
38.01,MANUAL,IDLE,,0,0.0,-2.72,-2.488,1.2,-0.058,0.071,0.0,0.3,-0.0,-3.2,0.09,-0.069,0.065,1.963,2.21,OFF,PAPER,1756
38.03,MANUAL,IDLE,,0,0.0,-2.721,-2.487,1.2,-0.054,0.074,0.0,0.4,0.0,-3.1,-0.278,-0.321,0.139,1.972,9.36,OFF,PAPER,1756
38.05,MANUAL,IDLE,,0,0.0,-2.722,-2.485,1.2,-0.058,0.076,0.0,0.4,0.0,-3.0,-0.054,0.484,0.098,1.992,12.07,OFF,PAPER,1756
38.07,MANUAL,IDLE,,0,0.0,-2.723,-2.484,1.2,-0.059,0.077,0.0,0.5,-0.0,-2.9,0.103,-0.081,0.062,1.974,8.24,OFF,PAPER,1756
38.09,MANUAL,IDLE,,0,0.0,-2.724,-2.482,1.2,-0.062,0.079,0.0,0.5,-0.1,-2.9,0.196,0.215,0.037,1.971,11.49,OFF,PAPER,1756
38.11,MANUAL,IDLE,,0,0.0,-2.725,-2.481,1.2,-0.061,0.078,0.0,0.5,-0.1,-2.8,0.246,-0.124,0.156,2.003,11.68,OFF,PAPER,1756
38.13,MANUAL,IDLE,,0,0.0,-2.727,-2.479,1.2,-0.067,0.062,0.0,0.2,0.0,-2.7,-0.091,-0.29,0.018,1.984,9.19,OFF,PAPER,1756
38.15,MANUAL,IDLE,,0,0.0,-2.728,-2.478,1.2,-0.062,0.065,0.0,0.2,-0.1,-2.6,-0.176,-0.283,0.089,1.984,12.09,OFF,PAPER,1756
38.17,MANUAL,IDLE,,0,0.0,-2.729,-2.477,1.2,-0.063,0.059,0.0,0.1,-0.2,-2.4,-0.124,-0.131,0.088,1.985,11.43,OFF,PAPER,1756
38.19,MANUAL,IDLE,,0,0.0,-2.731,-2.476,1.2,-0.06,0.054,0.0,0.0,-0.2,-2.4,-0.112,-0.027,0.042,1.966,7.98,OFF,PAPER,1756
38.21,MANUAL,IDLE,,0,0.0,-2.732,-2.475,1.2,-0.067,0.051,0.0,-0.1,0.0,-2.2,-0.09,-0.041,0.15,1.981,9.6,OFF,PAPER,1756
38.23,MANUAL,IDLE,,0,0.0,-2.733,-2.474,1.2,-0.056,0.047,0.0,-0.1,-0.2,-2.1,0.124,-0.034,0.12,1.985,10.9,OFF,PAPER,1756
38.25,MANUAL,IDLE,,0,0.0,-2.734,-2.473,1.2,-0.062,0.044,0.0,-0.2,-0.1,-2.0,-0.073,0.137,0.005,2.002,13.96,OFF,PAPER,1756
38.27,MANUAL,IDLE,,0,0.0,-2.736,-2.472,1.2,-0.065,0.039,0.0,-0.3,-0.1,-2.0,-0.155,0.085,-0.037,2.024,15.04,OFF,PAPER,1756
38.29,MANUAL,IDLE,,0,0.0,-2.737,-2.471,1.2,-0.067,0.05,0.0,-0.1,-0.1,-2.0,0.209,-0.045,-0.017,1.964,10.1,OFF,PAPER,1756
38.31,MANUAL,IDLE,,0,0.0,-2.738,-2.47,1.2,-0.075,0.048,0.0,-0.2,0.1,-2.1,-0.053,0.022,-0.087,1.998,12.05,OFF,PAPER,1756
38.33,MANUAL,IDLE,,0,0.0,-2.74,-2.469,1.2,-0.065,0.051,0.0,-0.1,-0.0,-2.1,-0.004,-0.252,0.005,1.98,7.88,OFF,PAPER,1756
38.35,MANUAL,IDLE,,0,0.0,-2.741,-2.468,1.2,-0.059,0.051,0.0,-0.1,-0.2,-2.1,0.08,0.262,-0.032,1.972,6.24,OFF,PAPER,1756
38.37,MANUAL,IDLE,,0,0.0,-2.742,-2.467,1.2,-0.054,0.052,0.0,0.0,-0.3,-2.1,0.078,-0.22,-0.0,2.012,12.82,OFF,PAPER,1756
38.39,MANUAL,IDLE,,0,0.0,-2.743,-2.466,1.2,-0.048,0.05,0.0,0.0,-0.4,-2.1,-0.043,-0.044,-0.039,2.009,14.59,OFF,PAPER,1756
38.41,MANUAL,IDLE,,0,0.0,-2.744,-2.465,1.2,-0.047,0.055,0.0,0.1,-0.5,-2.2,-0.041,-0.018,-0.084,1.973,6.27,OFF,PAPER,1756
38.43,MANUAL,IDLE,,0,0.0,-2.745,-2.464,1.2,-0.049,0.049,0.0,0.1,-0.4,-2.3,-0.079,0.284,-0.223,2.035,15.7,OFF,PAPER,1756
38.45,MANUAL,IDLE,,0,0.0,-2.746,-2.463,1.2,-0.052,0.051,0.0,0.1,-0.4,-2.6,0.037,-0.046,-0.178,1.967,6.78,OFF,PAPER,1756
38.47,MANUAL,IDLE,,0,0.0,-2.747,-2.462,1.2,-0.052,0.05,0.0,0.1,-0.4,-2.7,0.103,-0.175,-0.089,1.972,6.59,OFF,PAPER,1756
38.49,MANUAL,IDLE,,0,0.0,-2.748,-2.461,1.2,-0.064,0.052,0.0,0.1,-0.2,-2.7,-0.166,-0.073,0.068,1.975,11.62,OFF,PAPER,1756
38.51,MANUAL,IDLE,,0,0.0,-2.749,-2.46,1.2,-0.065,0.048,0.0,-0.1,-0.2,-2.7,0.147,-0.041,0.046,1.984,12.68,OFF,PAPER,1756
38.53,MANUAL,IDLE,,0,0.0,-2.751,-2.459,1.2,-0.067,0.051,0.0,-0.0,-0.2,-2.6,0.068,0.154,0.069,2.007,14.01,OFF,PAPER,1756
38.55,MANUAL,IDLE,,0,0.0,-2.752,-2.458,1.2,-0.068,0.046,0.0,-0.1,-0.2,-2.5,-0.283,-0.063,0.087,1.994,12.91,OFF,PAPER,1756
38.57,MANUAL,IDLE,,0,0.0,-2.753,-2.457,1.2,-0.064,0.041,0.0,-0.3,-0.3,-2.5,0.064,0.004,-0.008,2.024,17.69,OFF,PAPER,1756
38.59,MANUAL,IDLE,,0,0.0,-2.755,-2.456,1.2,-0.072,0.051,0.0,-0.2,-0.1,-2.6,0.331,0.074,-0.105,2.015,13.29,OFF,PAPER,1756
38.61,MANUAL,IDLE,,0,0.0,-2.756,-2.455,1.2,-0.074,0.048,0.0,-0.2,-0.1,-2.7,0.103,0.114,-0.005,1.965,4.4,OFF,PAPER,1756
38.63,MANUAL,IDLE,,0,0.0,-2.758,-2.454,1.2,-0.079,0.048,0.0,-0.3,-0.0,-2.7,-0.365,0.095,0.028,1.997,11.0,OFF,PAPER,1756
38.65,MANUAL,IDLE,,0,0.0,-2.759,-2.453,1.2,-0.08,0.044,0.0,-0.4,0.0,-2.6,-0.21,0.228,0.079,1.971,5.78,OFF,PAPER,1756
38.67,MANUAL,IDLE,,0,0.0,-2.761,-2.452,1.2,-0.081,0.037,0.0,-0.7,0.1,-2.5,0.03,-0.064,0.089,1.965,7.31,OFF,PAPER,1756
38.69,MANUAL,IDLE,,0,0.0,-2.762,-2.452,1.2,-0.068,0.035,0.0,-0.7,-0.2,-2.5,0.242,0.18,-0.011,1.999,11.25,OFF,PAPER,1756
38.71,MANUAL,IDLE,,0,0.0,-2.764,-2.451,1.2,-0.063,0.036,0.0,-0.6,-0.1,-2.5,-0.208,-0.116,-0.093,2.004,14.67,OFF,PAPER,1756
38.73,MANUAL,IDLE,,0,0.0,-2.765,-2.45,1.2,-0.063,0.037,0.0,-0.6,-0.0,-2.6,0.016,-0.093,-0.015,1.971,5.38,OFF,PAPER,1756
38.75,MANUAL,IDLE,,0,0.0,-2.766,-2.449,1.2,-0.063,0.045,0.0,-0.4,0.0,-2.6,0.028,0.212,0.011,1.993,12.7,OFF,PAPER,1756
38.77,MANUAL,IDLE,,0,0.0,-2.767,-2.448,1.2,-0.064,0.053,0.0,-0.3,0.1,-2.6,-0.016,-0.086,-0.016,2.0,12.79,OFF,PAPER,1756
38.79,MANUAL,IDLE,,0,0.0,-2.769,-2.447,1.2,-0.059,0.057,0.0,-0.2,0.0,-2.6,-0.278,0.188,0.031,1.971,10.61,OFF,PAPER,1756
38.81,MANUAL,IDLE,,0,0.0,-2.77,-2.446,1.2,-0.057,0.057,0.0,-0.2,-0.1,-2.6,-0.217,-0.272,-0.032,1.993,16.02,OFF,PAPER,1756
38.83,MANUAL,IDLE,,0,0.0,-2.771,-2.445,1.2,-0.06,0.054,0.0,-0.2,-0.1,-2.7,-0.228,0.133,-0.023,1.995,13.12,OFF,PAPER,1756
38.85,MANUAL,IDLE,,0,0.0,-2.772,-2.444,1.2,-0.057,0.057,0.0,-0.2,-0.2,-2.7,0.119,-0.289,0.01,1.99,12.53,OFF,PAPER,1756
38.87,MANUAL,IDLE,,0,0.0,-2.773,-2.443,1.2,-0.053,0.052,0.0,-0.2,-0.3,-2.6,0.141,0.23,-0.003,1.966,4.12,OFF,PAPER,1756
38.89,MANUAL,IDLE,,0,0.0,-2.774,-2.442,1.2,-0.052,0.056,0.0,-0.3,-0.3,-2.6,0.252,-0.294,0.134,1.997,11.81,OFF,PAPER,1756
38.91,MANUAL,IDLE,,0,0.0,-2.775,-2.441,1.2,-0.046,0.056,0.0,-0.2,-0.4,-2.4,0.079,0.131,0.116,1.978,10.68,OFF,PAPER,1756
38.93,MANUAL,IDLE,,0,0.0,-2.776,-2.44,1.2,-0.058,0.051,0.0,-0.2,-0.2,-2.2,-0.107,0.017,0.143,1.966,7.29,OFF,PAPER,1756
38.95,MANUAL,IDLE,,0,0.0,-2.778,-2.439,1.2,-0.066,0.061,0.0,-0.1,-0.1,-2.1,0.249,-0.086,0.004,2.03,17.01,OFF,PAPER,1756
38.97,MANUAL,IDLE,,0,0.0,-2.779,-2.437,1.2,-0.075,0.058,0.0,-0.1,-0.0,-2.1,0.012,0.438,0.079,1.983,9.56,OFF,PAPER,1756
38.99,MANUAL,IDLE,,0,0.0,-2.78,-2.436,1.2,-0.077,0.067,0.0,0.0,0.1,-1.9,0.422,0.214,0.141,1.968,4.72,OFF,PAPER,1756
39.01,MANUAL,IDLE,,0,0.0,-2.782,-2.435,1.2,-0.072,0.071,0.0,0.1,0.1,-1.8,0.341,-0.034,0.102,2.023,17.11,OFF,PAPER,1756
39.03,MANUAL,IDLE,,0,0.0,-2.783,-2.433,1.2,-0.073,0.067,0.0,0.1,0.1,-1.6,-0.087,-0.235,0.157,1.995,11.29,OFF,PAPER,1756
39.05,MANUAL,IDLE,,0,0.0,-2.785,-2.432,1.2,-0.078,0.072,0.0,0.2,0.2,-1.4,0.127,0.14,0.207,1.991,9.88,OFF,PAPER,1756
39.07,MANUAL,IDLE,,0,0.0,-2.787,-2.431,1.2,-0.077,0.071,0.0,0.2,0.2,-1.2,-0.09,0.111,0.08,1.965,9.72,OFF,PAPER,1756
39.09,MANUAL,IDLE,,0,0.0,-2.788,-2.429,1.2,-0.073,0.068,0.0,0.1,0.1,-1.2,-0.046,-0.072,0.054,2.034,15.82,OFF,PAPER,1756
39.11,MANUAL,IDLE,,0,0.0,-2.79,-2.428,1.2,-0.074,0.066,0.0,0.1,0.1,-1.0,-0.09,-0.119,0.107,1.965,6.74,OFF,PAPER,1756
39.13,MANUAL,IDLE,,0,0.0,-2.791,-2.427,1.2,-0.066,0.068,0.0,0.1,-0.0,-1.0,0.17,-0.026,-0.08,1.975,6.77,OFF,PAPER,1756
39.15,MANUAL,IDLE,,0,0.0,-2.792,-2.425,1.2,-0.067,0.075,0.0,0.1,0.0,-1.2,-0.088,0.027,-0.097,1.966,6.49,OFF,PAPER,1756
39.17,MANUAL,IDLE,,0,0.0,-2.794,-2.424,1.2,-0.071,0.07,0.0,0.0,0.2,-1.3,-0.086,-0.198,-0.072,1.994,10.31,OFF,PAPER,1756
39.19,MANUAL,IDLE,,0,0.0,-2.795,-2.422,1.2,-0.07,0.068,0.0,0.0,0.2,-1.4,-0.037,-0.208,-0.03,1.99,10.33,OFF,PAPER,1756
39.21,MANUAL,IDLE,,0,0.0,-2.797,-2.421,1.2,-0.064,0.058,0.0,-0.2,0.1,-1.4,0.005,0.181,-0.044,1.997,12.97,OFF,PAPER,1756
39.23,MANUAL,IDLE,,0,0.0,-2.798,-2.42,1.2,-0.062,0.058,0.0,-0.2,0.1,-1.5,-0.036,-0.193,-0.088,1.964,9.95,OFF,PAPER,1756
39.25,MANUAL,IDLE,,0,0.0,-2.799,-2.419,1.2,-0.064,0.059,0.0,-0.2,0.1,-1.5,0.077,0.0,0.003,1.995,13.39,OFF,PAPER,1756
39.27,MANUAL,IDLE,,0,0.0,-2.8,-2.418,1.2,-0.059,0.06,0.0,-0.1,-0.0,-1.5,-0.013,0.077,0.06,1.967,9.3,OFF,PAPER,1756
39.29,MANUAL,IDLE,,0,0.0,-2.802,-2.416,1.2,-0.068,0.059,0.0,-0.1,0.1,-1.4,0.091,0.107,0.045,1.997,12.13,OFF,PAPER,1756
39.31,MANUAL,IDLE,,0,0.0,-2.803,-2.415,1.2,-0.07,0.064,0.0,-0.0,0.2,-1.5,0.224,-0.028,-0.072,1.982,13.63,OFF,PAPER,1756
39.33,MANUAL,IDLE,,0,0.0,-2.804,-2.414,1.2,-0.071,0.062,0.0,-0.0,0.2,-1.5,0.305,0.104,0.0,1.969,11.34,OFF,PAPER,1756
39.35,MANUAL,IDLE,,0,0.0,-2.806,-2.413,1.2,-0.08,0.059,0.0,-0.0,0.2,-1.6,-0.457,0.341,-0.052,1.985,8.86,OFF,PAPER,1756
39.37,MANUAL,IDLE,,0,0.0,-2.807,-2.412,1.2,-0.077,0.058,0.0,-0.1,0.2,-1.6,-0.109,0.032,0.052,1.965,7.49,OFF,PAPER,1756
39.39,MANUAL,IDLE,,0,0.0,-2.809,-2.41,1.2,-0.075,0.065,0.0,0.0,0.1,-1.4,0.088,0.101,0.14,1.988,12.0,OFF,PAPER,1756
39.41,MANUAL,IDLE,,0,0.0,-2.81,-2.409,1.2,-0.077,0.07,0.0,0.0,0.1,-1.3,0.061,-0.006,0.05,2.023,14.86,OFF,PAPER,1756
39.43,MANUAL,IDLE,,0,0.0,-2.812,-2.408,1.2,-0.072,0.068,0.0,-0.1,0.0,-1.2,0.07,0.124,0.01,1.981,10.64,OFF,PAPER,1756
39.45,MANUAL,IDLE,,0,0.0,-2.813,-2.406,1.2,-0.075,0.071,0.0,0.0,0.1,-1.3,-0.135,-0.079,-0.098,1.966,10.18,OFF,PAPER,1756
39.47,MANUAL,IDLE,,0,0.0,-2.815,-2.405,1.2,-0.063,0.075,0.0,0.2,-0.1,-1.4,-0.265,-0.389,-0.071,2.016,14.88,OFF,PAPER,1756
39.49,MANUAL,IDLE,,0,0.0,-2.816,-2.403,1.2,-0.05,0.07,0.0,0.0,-0.3,-1.4,-0.115,-0.39,-0.013,1.993,11.64,OFF,PAPER,1756
39.51,MANUAL,IDLE,,0,0.0,-2.817,-2.402,1.2,-0.051,0.07,0.0,0.0,-0.3,-1.5,0.206,-0.367,-0.164,1.963,4.77,OFF,PAPER,1756
39.53,MANUAL,IDLE,,0,0.0,-2.818,-2.401,1.2,-0.051,0.076,0.0,0.1,-0.5,-1.7,0.035,0.084,-0.164,2.005,14.23,OFF,PAPER,1756
39.55,MANUAL,IDLE,,0,0.0,-2.819,-2.399,1.2,-0.055,0.082,0.0,0.2,-0.3,-1.8,0.416,-0.213,-0.108,1.988,12.97,OFF,PAPER,1756
39.57,MANUAL,IDLE,,0,0.0,-2.82,-2.397,1.2,-0.057,0.084,0.0,0.3,-0.3,-1.9,0.147,0.556,-0.037,1.979,7.67,OFF,PAPER,1756
39.59,MANUAL,IDLE,,0,0.0,-2.821,-2.396,1.2,-0.055,0.075,0.0,0.2,-0.3,-2.0,0.031,0.204,-0.076,1.971,11.41,OFF,PAPER,1756
39.61,MANUAL,IDLE,,0,0.0,-2.822,-2.394,1.2,-0.054,0.078,0.0,0.3,-0.2,-2.1,0.236,-0.113,-0.028,1.996,11.38,OFF,PAPER,1756
39.63,MANUAL,IDLE,,0,0.0,-2.824,-2.393,1.2,-0.061,0.095,0.0,0.6,-0.0,-2.1,0.347,0.17,-0.005,1.967,5.68,OFF,PAPER,1756
39.65,MANUAL,IDLE,,0,0.0,-2.825,-2.391,1.2,-0.057,0.085,0.0,0.5,-0.1,-2.1,-0.024,-0.138,0.039,2.0,12.45,OFF,PAPER,1756
39.67,MANUAL,IDLE,,0,0.0,-2.826,-2.389,1.2,-0.059,0.094,0.0,0.6,-0.2,-2.1,0.155,0.246,-0.018,2.003,15.1,OFF,PAPER,1756
39.69,MANUAL,IDLE,,0,0.0,-2.827,-2.387,1.2,-0.05,0.097,0.0,0.7,-0.3,-2.1,-0.201,-0.292,0.08,2.023,14.15,OFF,PAPER,1756
39.71,MANUAL,IDLE,,0,0.0,-2.828,-2.385,1.2,-0.043,0.103,0.0,0.7,-0.5,-2.0,-0.158,0.38,0.018,1.977,11.82,OFF,PAPER,1756
39.73,MANUAL,IDLE,,0,0.0,-2.829,-2.383,1.2,-0.036,0.09,0.0,0.5,-0.5,-2.0,-0.357,-0.481,0.002,1.965,8.21,OFF,PAPER,1756
39.75,MANUAL,IDLE,,0,0.0,-2.83,-2.381,1.2,-0.043,0.082,0.0,0.3,-0.5,-1.9,-0.217,0.077,0.073,2.008,12.78,OFF,PAPER,1756
39.77,MANUAL,IDLE,,0,0.0,-2.83,-2.38,1.2,-0.047,0.084,0.0,0.2,-0.4,-1.8,0.002,-0.092,0.053,2.002,11.85,OFF,PAPER,1756
39.79,MANUAL,IDLE,,0,0.0,-2.831,-2.378,1.2,-0.053,0.081,0.0,0.2,-0.4,-1.8,0.036,-0.031,-0.013,1.994,10.92,OFF,PAPER,1756
39.81,MANUAL,IDLE,,0,0.0,-2.833,-2.376,1.2,-0.054,0.081,0.0,0.2,-0.4,-1.8,-0.051,-0.144,0.005,1.968,12.55,OFF,PAPER,1756
39.83,MANUAL,IDLE,,0,0.0,-2.834,-2.375,1.2,-0.054,0.082,0.0,0.2,-0.3,-1.8,-0.02,-0.06,-0.041,1.969,9.16,OFF,PAPER,1756
39.85,MANUAL,IDLE,,0,0.0,-2.835,-2.373,1.2,-0.046,0.087,0.0,0.2,-0.4,-1.8,-0.011,-0.093,0.024,1.988,11.4,OFF,PAPER,1756
39.87,MANUAL,IDLE,,0,0.0,-2.836,-2.371,1.2,-0.053,0.089,0.0,0.2,-0.2,-1.8,0.449,0.323,-0.07,1.993,11.36,OFF,PAPER,1756
39.89,MANUAL,IDLE,,0,0.0,-2.837,-2.37,1.2,-0.052,0.097,0.0,0.4,-0.1,-1.9,0.346,-0.113,-0.055,1.99,10.68,OFF,PAPER,1756
39.91,MANUAL,IDLE,,0,0.0,-2.838,-2.368,1.2,-0.048,0.098,0.0,0.4,-0.2,-1.9,-0.099,-0.196,-0.08,1.984,10.65,OFF,PAPER,1756
39.93,MANUAL,IDLE,,0,0.0,-2.839,-2.366,1.2,-0.046,0.099,0.0,0.5,-0.3,-2.0,0.026,-0.212,-0.126,1.989,9.75,OFF,PAPER,1756
39.95,MANUAL,IDLE,,0,0.0,-2.84,-2.364,1.2,-0.044,0.106,0.0,0.6,-0.2,-2.0,0.123,0.12,-0.0,2.019,16.71,OFF,PAPER,1756
39.97,MANUAL,IDLE,,0,0.0,-2.84,-2.361,1.2,-0.044,0.113,0.0,0.8,-0.2,-2.1,0.3,0.12,-0.078,2.001,15.67,OFF,PAPER,1756
39.99,MANUAL,IDLE,,0,0.0,-2.841,-2.359,1.2,-0.047,0.11,0.0,0.8,-0.2,-2.3,-0.18,-0.15,-0.123,1.99,11.43,OFF,PAPER,1756
40.01,MANUAL,IDLE,,0,0.0,-2.842,-2.357,1.2,-0.048,0.114,0.0,0.8,-0.2,-2.3,0.097,0.182,0.002,1.967,6.36,OFF,PAPER,1756
40.03,MANUAL,IDLE,,0,0.0,-2.843,-2.355,1.2,-0.045,0.106,0.0,0.7,-0.2,-2.3,0.069,-0.115,0.014,1.981,8.04,OFF,PAPER,1756
40.05,MANUAL,IDLE,,0,0.0,-2.844,-2.353,1.2,-0.034,0.11,0.0,0.8,-0.4,-2.3,0.01,-0.153,0.024,2.0,11.2,OFF,PAPER,1756
40.07,MANUAL,IDLE,,0,0.0,-2.845,-2.35,1.2,-0.047,0.106,0.0,0.8,-0.2,-2.2,-0.255,0.356,0.074,1.991,11.69,OFF,PAPER,1756
40.09,MANUAL,IDLE,,0,0.0,-2.846,-2.348,1.2,-0.046,0.1,0.0,0.7,-0.2,-2.2,-0.055,0.087,0.012,1.966,9.65,OFF,PAPER,1756
40.11,MANUAL,IDLE,,0,0.0,-2.847,-2.346,1.2,-0.052,0.096,0.0,0.6,-0.1,-2.1,0.089,-0.065,0.11,1.969,9.54,OFF,PAPER,1756
40.13,MANUAL,IDLE,,0,0.0,-2.848,-2.345,1.2,-0.057,0.089,0.0,0.5,-0.0,-2.0,-0.361,-0.206,0.046,2.015,13.72,OFF,PAPER,1756
40.15,MANUAL,IDLE,,0,0.0,-2.849,-2.343,1.2,-0.064,0.079,0.0,0.3,0.1,-1.9,-0.333,-0.104,0.085,1.987,10.62,OFF,PAPER,1756
40.17,MANUAL,IDLE,,0,0.0,-2.85,-2.341,1.2,-0.068,0.075,0.0,0.2,0.1,-1.8,0.048,-0.085,0.008,2.016,15.81,OFF,PAPER,1756
40.19,MANUAL,IDLE,,0,0.0,-2.852,-2.34,1.2,-0.063,0.075,0.0,0.1,-0.0,-1.8,-0.181,-0.253,0.046,2.012,16.08,OFF,PAPER,1756
40.21,MANUAL,IDLE,,0,0.0,-2.853,-2.338,1.2,-0.061,0.07,0.0,0.1,-0.1,-1.8,-0.249,-0.287,0.021,1.995,11.77,OFF,PAPER,1756
40.23,MANUAL,IDLE,,0,0.0,-2.854,-2.337,1.2,-0.064,0.076,0.0,0.1,-0.0,-1.8,0.064,0.167,-0.017,1.962,7.7,OFF,PAPER,1756
40.25,MANUAL,IDLE,,0,0.0,-2.856,-2.335,1.2,-0.074,0.074,0.0,0.0,0.1,-1.9,-0.068,0.224,-0.027,1.967,10.62,OFF,PAPER,1756
40.27,MANUAL,IDLE,,0,0.0,-2.857,-2.334,1.2,-0.074,0.078,0.0,0.1,0.2,-1.9,-0.145,0.062,-0.01,2.037,17.75,OFF,PAPER,1756
40.29,MANUAL,IDLE,,0,0.0,-2.859,-2.332,1.2,-0.082,0.077,0.0,0.1,0.3,-1.9,0.272,0.153,0.03,1.978,7.82,OFF,PAPER,1756
40.31,MANUAL,IDLE,,0,0.0,-2.86,-2.331,1.2,-0.082,0.083,0.0,0.2,0.3,-1.8,0.159,-0.013,0.121,1.98,8.16,OFF,PAPER,1756
40.33,MANUAL,IDLE,,0,0.0,-2.862,-2.329,1.2,-0.077,0.082,0.0,0.2,0.2,-1.6,-0.024,-0.304,0.103,1.985,9.75,OFF,PAPER,1756
40.35,MANUAL,IDLE,,0,0.0,-2.863,-2.328,1.2,-0.075,0.081,0.0,0.2,0.2,-1.5,-0.193,0.279,0.025,1.995,14.53,OFF,PAPER,1756
40.37,MANUAL,IDLE,,0,0.0,-2.865,-2.326,1.2,-0.08,0.086,0.0,0.2,0.3,-1.5,-0.254,-0.124,0.061,2.017,13.81,OFF,PAPER,1756
40.39,MANUAL,IDLE,,0,0.0,-2.866,-2.324,1.2,-0.076,0.088,0.0,0.3,0.1,-1.5,0.042,0.084,-0.101,1.967,4.33,OFF,PAPER,1756
40.41,MANUAL,IDLE,,0,0.0,-2.868,-2.322,1.2,-0.086,0.091,0.0,0.3,0.3,-1.6,-0.011,0.224,-0.042,1.994,10.31,OFF,PAPER,1756
40.43,MANUAL,IDLE,,0,0.0,-2.87,-2.321,1.2,-0.092,0.092,0.0,0.3,0.4,-1.6,0.018,0.04,-0.049,1.988,13.49,OFF,PAPER,1756
40.45,MANUAL,IDLE,,0,0.0,-2.872,-2.319,1.2,-0.087,0.096,0.0,0.3,0.4,-1.7,0.234,0.112,-0.139,2.006,12.42,OFF,PAPER,1756
40.47,MANUAL,IDLE,,0,0.0,-2.873,-2.317,1.2,-0.082,0.097,0.0,0.4,0.3,-1.8,0.01,0.169,-0.139,2.013,14.17,OFF,PAPER,1756
40.49,MANUAL,IDLE,,0,0.0,-2.875,-2.315,1.2,-0.078,0.1,0.0,0.4,0.4,-2.0,0.463,-0.286,-0.128,2.006,15.16,OFF,PAPER,1756
40.51,MANUAL,IDLE,,0,0.0,-2.876,-2.313,1.2,-0.073,0.1,0.0,0.4,0.3,-2.1,0.073,-0.057,-0.111,1.968,9.99,OFF,PAPER,1756
40.53,MANUAL,IDLE,,0,0.0,-2.878,-2.311,1.2,-0.081,0.093,0.0,0.3,0.4,-2.2,-0.102,0.134,-0.006,1.982,10.57,OFF,PAPER,1756
40.55,MANUAL,IDLE,,0,0.0,-2.88,-2.309,1.2,-0.073,0.096,0.0,0.4,0.3,-2.2,-0.031,0.122,-0.026,2.009,15.28,OFF,PAPER,1756
40.57,MANUAL,IDLE,,0,0.0,-2.881,-2.307,1.2,-0.077,0.097,0.0,0.4,0.5,-2.3,-0.116,0.042,-0.016,1.978,10.91,OFF,PAPER,1756
40.59,MANUAL,IDLE,,0,0.0,-2.883,-2.305,1.2,-0.079,0.084,0.0,0.2,0.5,-2.3,-0.091,-0.205,0.049,1.973,8.87,OFF,PAPER,1756
40.61,MANUAL,IDLE,,0,0.0,-2.884,-2.304,1.2,-0.075,0.082,0.0,0.1,0.4,-2.3,-0.096,0.254,-0.035,1.992,10.97,OFF,PAPER,1756
40.63,MANUAL,IDLE,,0,0.0,-2.886,-2.302,1.2,-0.08,0.08,0.0,0.1,0.5,-2.4,-0.023,-0.01,-0.17,1.995,10.92,OFF,PAPER,1756
40.65,MANUAL,IDLE,,0,0.0,-2.887,-2.3,1.2,-0.07,0.08,0.0,0.0,0.3,-2.6,0.36,-0.269,-0.188,1.99,15.04,OFF,PAPER,1756
40.67,MANUAL,IDLE,,0,0.0,-2.889,-2.299,1.2,-0.065,0.084,0.0,0.1,0.2,-2.7,0.437,-0.333,-0.134,1.978,8.18,OFF,PAPER,1756
40.69,MANUAL,IDLE,,0,0.0,-2.89,-2.297,1.2,-0.062,0.089,0.0,0.2,0.2,-2.9,-0.061,-0.187,-0.088,1.978,8.95,OFF,PAPER,1756
40.71,MANUAL,IDLE,,0,0.0,-2.891,-2.295,1.2,-0.06,0.101,0.0,0.4,0.0,-2.9,0.282,0.272,-0.009,1.975,12.36,OFF,PAPER,1756
40.73,MANUAL,IDLE,,0,0.0,-2.892,-2.293,1.2,-0.055,0.102,0.0,0.5,0.1,-3.0,-0.089,-0.055,-0.038,2.002,11.67,OFF,PAPER,1756
40.75,MANUAL,IDLE,,0,0.0,-2.894,-2.291,1.2,-0.063,0.092,0.0,0.3,0.2,-3.0,-0.013,0.163,-0.133,2.013,12.93,OFF,PAPER,1756
40.77,MANUAL,IDLE,,0,0.0,-2.895,-2.289,1.2,-0.055,0.086,0.0,0.1,0.1,-3.3,-0.199,0.292,-0.167,2.046,19.08,OFF,PAPER,1756
40.79,MANUAL,IDLE,,0,0.0,-2.896,-2.288,1.2,-0.043,0.087,0.0,-0.0,0.0,-3.5,-0.105,-0.212,-0.126,2.005,12.55,OFF,PAPER,1756
40.81,MANUAL,IDLE,,0,0.0,-2.897,-2.286,1.2,-0.038,0.094,0.0,0.1,-0.0,-3.5,0.1,-0.1,-0.014,1.996,14.5,OFF,PAPER,1756
40.83,MANUAL,IDLE,,0,0.0,-2.897,-2.284,1.2,-0.032,0.093,0.0,0.2,-0.1,-3.5,-0.005,-0.425,0.006,2.037,20.43,OFF,PAPER,1756
40.85,MANUAL,IDLE,,0,0.0,-2.898,-2.282,1.2,-0.04,0.089,0.0,0.1,-0.1,-3.5,-0.086,0.162,-0.01,2.024,15.17,OFF,PAPER,1756
40.87,MANUAL,IDLE,,0,0.0,-2.899,-2.28,1.2,-0.043,0.096,0.0,0.2,-0.0,-3.6,-0.022,0.146,-0.081,1.963,4.72,OFF,PAPER,1756
40.89,MANUAL,IDLE,,0,0.0,-2.9,-2.278,1.2,-0.038,0.094,0.0,0.2,-0.1,-3.7,0.167,-0.018,-0.09,1.974,6.82,OFF,PAPER,1756
40.91,MANUAL,IDLE,,0,0.0,-2.9,-2.277,1.2,-0.037,0.09,0.0,0.1,-0.2,-3.8,-0.085,-0.016,-0.019,1.996,11.02,OFF,PAPER,1756
40.93,MANUAL,IDLE,,0,0.0,-2.901,-2.275,1.2,-0.03,0.095,0.0,0.2,-0.3,-3.8,-0.305,-0.056,-0.003,1.985,9.18,OFF,PAPER,1756
40.95,MANUAL,IDLE,,0,0.0,-2.902,-2.273,1.2,-0.035,0.086,0.0,-0.0,-0.2,-3.8,-0.136,-0.296,-0.013,1.988,9.58,OFF,PAPER,1756
40.97,MANUAL,IDLE,,0,0.0,-2.902,-2.271,1.2,-0.038,0.085,0.0,-0.0,-0.1,-3.8,-0.062,0.194,0.006,1.97,10.33,OFF,PAPER,1756
40.99,MANUAL,IDLE,,0,0.0,-2.903,-2.269,1.2,-0.041,0.082,0.0,-0.1,-0.1,-3.8,0.213,-0.067,0.019,1.97,10.95,OFF,PAPER,1756
41.01,MANUAL,IDLE,,0,0.0,-2.904,-2.268,1.2,-0.037,0.075,0.0,-0.2,-0.2,-3.8,-0.115,-0.116,0.077,1.971,6.7,OFF,PAPER,1756
41.03,MANUAL,IDLE,,0,0.0,-2.905,-2.266,1.2,-0.04,0.082,0.0,-0.1,-0.2,-3.7,0.214,-0.024,0.05,1.986,10.35,OFF,PAPER,1756
41.05,MANUAL,IDLE,,0,0.0,-2.906,-2.265,1.2,-0.039,0.081,0.0,-0.1,-0.4,-3.6,0.065,-0.064,0.054,1.98,10.17,OFF,PAPER,1756
41.07,MANUAL,IDLE,,0,0.0,-2.906,-2.263,1.2,-0.039,0.074,0.0,-0.2,-0.3,-3.6,-0.403,-0.051,0.09,2.008,12.31,OFF,PAPER,1756
41.09,MANUAL,IDLE,,0,0.0,-2.907,-2.262,1.2,-0.035,0.082,0.0,-0.2,-0.3,-3.5,-0.097,-0.034,0.161,1.996,11.21,OFF,PAPER,1756
41.11,MANUAL,IDLE,,0,0.0,-2.908,-2.26,1.2,-0.038,0.082,0.0,-0.3,-0.2,-3.3,0.088,0.375,0.078,1.988,10.13,OFF,PAPER,1756
41.13,MANUAL,IDLE,,0,0.0,-2.909,-2.258,1.2,-0.041,0.091,0.0,-0.1,-0.3,-3.2,0.311,0.417,0.049,1.984,8.72,OFF,PAPER,1756
41.15,MANUAL,IDLE,,0,0.0,-2.909,-2.257,1.2,-0.032,0.084,0.0,-0.1,-0.5,-3.2,-0.068,-0.302,0.051,2.014,15.04,OFF,PAPER,1756
41.17,MANUAL,IDLE,,0,0.0,-2.91,-2.255,1.2,-0.033,0.088,0.0,0.1,-0.5,-3.1,-0.229,-0.113,0.065,1.97,10.94,OFF,PAPER,1756
41.19,MANUAL,IDLE,,0,0.0,-2.911,-2.253,1.2,-0.041,0.089,0.0,0.1,-0.3,-3.1,0.005,0.183,0.015,1.974,6.7,OFF,PAPER,1756
41.21,MANUAL,IDLE,,0,0.0,-2.912,-2.251,1.2,-0.038,0.086,0.0,0.1,-0.4,-3.1,0.056,-0.124,0.037,1.978,10.56,OFF,PAPER,1756
41.23,MANUAL,IDLE,,0,0.0,-2.912,-2.25,1.2,-0.047,0.087,0.0,0.1,-0.3,-3.0,0.208,-0.032,0.024,1.968,4.71,OFF,PAPER,1756
41.25,MANUAL,IDLE,,0,0.0,-2.913,-2.248,1.2,-0.055,0.085,0.0,0.1,-0.2,-3.1,-0.092,0.162,-0.123,1.977,7.84,OFF,PAPER,1756
41.27,MANUAL,IDLE,,0,0.0,-2.914,-2.246,1.2,-0.061,0.08,0.0,0.1,-0.1,-3.2,0.142,0.045,-0.141,2.022,13.98,OFF,PAPER,1756
41.29,MANUAL,IDLE,,0,0.0,-2.916,-2.244,1.2,-0.069,0.09,0.0,0.3,0.1,-3.4,-0.216,-0.345,-0.154,1.997,14.53,OFF,PAPER,1756
41.31,MANUAL,IDLE,,0,0.0,-2.917,-2.243,1.2,-0.073,0.086,0.0,0.2,0.1,-3.5,-0.206,0.105,-0.108,2.0,11.21,OFF,PAPER,1756
41.33,MANUAL,IDLE,,0,0.0,-2.919,-2.241,1.2,-0.07,0.084,0.0,0.1,0.1,-3.6,-0.46,-0.236,0.049,1.978,11.94,OFF,PAPER,1756
41.35,MANUAL,IDLE,,0,0.0,-2.92,-2.239,1.2,-0.079,0.078,0.0,-0.0,0.1,-3.4,0.208,0.012,0.251,2.012,14.11,OFF,PAPER,1756
41.37,MANUAL,IDLE,,0,0.0,-2.922,-2.238,1.2,-0.087,0.074,0.0,-0.0,0.2,-3.1,-0.197,0.341,0.249,2.012,16.51,OFF,PAPER,1756
41.39,MANUAL,IDLE,,0,0.0,-2.923,-2.236,1.2,-0.076,0.075,0.0,-0.1,0.1,-2.9,-0.281,0.007,0.172,1.964,8.27,OFF,PAPER,1756
41.41,MANUAL,IDLE,,0,0.0,-2.925,-2.235,1.2,-0.07,0.078,0.0,-0.0,-0.0,-2.7,0.046,0.019,0.15,1.978,8.76,OFF,PAPER,1756
41.43,MANUAL,IDLE,,0,0.0,-2.926,-2.233,1.2,-0.071,0.079,0.0,-0.0,-0.0,-2.6,-0.1,-0.25,0.103,1.983,13.73,OFF,PAPER,1756
41.45,MANUAL,IDLE,,0,0.0,-2.928,-2.232,1.2,-0.071,0.07,0.0,-0.3,-0.1,-2.5,-0.226,-0.03,0.074,1.985,9.3,OFF,PAPER,1756
41.47,MANUAL,IDLE,,0,0.0,-2.929,-2.23,1.2,-0.066,0.071,0.0,-0.3,-0.2,-2.4,0.253,0.075,0.036,1.97,5.71,OFF,PAPER,1756
41.49,MANUAL,IDLE,,0,0.0,-2.93,-2.229,1.2,-0.066,0.078,0.0,-0.4,-0.1,-2.4,-0.015,0.201,0.012,1.994,12.68,OFF,PAPER,1756
41.51,MANUAL,IDLE,,0,0.0,-2.932,-2.227,1.2,-0.068,0.08,0.0,-0.3,0.0,-2.4,-0.14,-0.066,-0.049,2.028,14.7,OFF,PAPER,1756
41.53,MANUAL,IDLE,,0,0.0,-2.933,-2.226,1.2,-0.072,0.076,0.0,-0.3,0.1,-2.4,-0.104,0.293,0.015,1.971,6.18,OFF,PAPER,1756
41.55,MANUAL,IDLE,,0,0.0,-2.935,-2.224,1.2,-0.071,0.077,0.0,-0.4,0.1,-2.3,-0.298,-0.206,0.049,2.034,16.0,OFF,PAPER,1756
41.57,MANUAL,IDLE,,0,0.0,-2.936,-2.223,1.2,-0.056,0.074,0.0,-0.6,-0.1,-2.3,0.059,-0.377,0.009,1.979,7.61,OFF,PAPER,1756
41.59,MANUAL,IDLE,,0,0.0,-2.937,-2.221,1.2,-0.055,0.075,0.0,-0.5,-0.2,-2.3,-0.169,0.07,0.014,1.992,11.35,OFF,PAPER,1756
41.61,MANUAL,IDLE,,0,0.0,-2.938,-2.219,1.2,-0.058,0.085,0.0,-0.4,-0.1,-2.3,0.325,-0.015,0.076,1.982,8.55,OFF,PAPER,1756
41.63,MANUAL,IDLE,,0,0.0,-2.939,-2.218,1.2,-0.06,0.089,0.0,-0.3,-0.0,-2.2,0.119,-0.122,0.098,1.982,13.45,OFF,PAPER,1756
41.65,MANUAL,IDLE,,0,0.0,-2.94,-2.216,1.2,-0.057,0.097,0.0,-0.2,-0.1,-2.1,0.136,-0.398,0.062,1.978,9.81,OFF,PAPER,1756
41.67,MANUAL,IDLE,,0,0.0,-2.942,-2.214,1.2,-0.051,0.099,0.0,-0.1,-0.3,-2.1,-0.066,0.043,0.047,1.995,11.25,OFF,PAPER,1756
41.69,MANUAL,IDLE,,0,0.0,-2.943,-2.212,1.2,-0.053,0.1,0.0,-0.1,-0.2,-2.0,0.625,-0.046,0.122,2.014,15.13,OFF,PAPER,1756
41.71,MANUAL,IDLE,,0,0.0,-2.944,-2.21,1.2,-0.057,0.101,0.0,0.0,-0.2,-1.9,-0.066,-0.098,0.13,1.983,8.54,OFF,PAPER,1756
41.73,MANUAL,IDLE,,0,0.0,-2.945,-2.208,1.2,-0.064,0.096,0.0,0.0,-0.0,-1.7,0.042,0.02,0.115,2.02,14.32,OFF,PAPER,1756
41.75,MANUAL,IDLE,,0,0.0,-2.946,-2.206,1.2,-0.065,0.09,0.0,-0.1,-0.0,-1.7,0.061,-0.032,0.023,2.001,11.72,OFF,PAPER,1756
41.77,MANUAL,IDLE,,0,0.0,-2.948,-2.204,1.2,-0.061,0.086,0.0,-0.1,-0.1,-1.6,-0.168,-0.189,0.126,1.981,8.0,OFF,PAPER,1756
41.79,MANUAL,IDLE,,0,0.0,-2.949,-2.203,1.2,-0.062,0.083,0.0,-0.2,-0.2,-1.4,-0.211,0.103,0.057,1.986,15.14,OFF,PAPER,1756
41.81,MANUAL,IDLE,,0,0.0,-2.95,-2.201,1.2,-0.06,0.085,0.0,-0.2,-0.2,-1.3,-0.066,-0.083,0.142,2.003,16.09,OFF,PAPER,1756
41.83,MANUAL,IDLE,,0,0.0,-2.951,-2.199,1.2,-0.058,0.077,0.0,-0.4,-0.2,-1.2,0.106,0.197,0.095,1.994,10.41,OFF,PAPER,1756
41.85,MANUAL,IDLE,,0,0.0,-2.952,-2.198,1.2,-0.067,0.086,0.0,-0.3,-0.0,-1.1,0.122,0.318,-0.005,2.012,16.56,OFF,PAPER,1756
41.87,MANUAL,IDLE,,0,0.0,-2.954,-2.196,1.2,-0.066,0.092,0.0,-0.1,0.0,-1.1,0.26,0.135,0.035,1.975,6.82,OFF,PAPER,1756
41.89,MANUAL,IDLE,,0,0.0,-2.955,-2.194,1.2,-0.067,0.092,0.0,-0.1,0.1,-1.1,-0.218,-0.189,-0.07,1.971,5.98,OFF,PAPER,1756
41.91,MANUAL,IDLE,,0,0.0,-2.956,-2.192,1.2,-0.067,0.097,0.0,-0.1,0.0,-1.1,0.286,0.161,-0.069,1.977,15.0,OFF,PAPER,1756
41.93,MANUAL,IDLE,,0,0.0,-2.958,-2.19,1.2,-0.067,0.096,0.0,-0.1,0.1,-1.3,0.081,0.154,-0.136,1.979,7.54,OFF,PAPER,1756
41.95,MANUAL,IDLE,,0,0.0,-2.959,-2.188,1.2,-0.068,0.1,0.0,0.1,0.1,-1.4,-0.277,-0.05,-0.068,1.992,14.7,OFF,PAPER,1756
41.97,MANUAL,IDLE,,0,0.0,-2.96,-2.186,1.2,-0.066,0.097,0.0,-0.0,-0.1,-1.5,0.25,-0.012,0.039,1.967,7.75,OFF,PAPER,1756
41.99,MANUAL,IDLE,,0,0.0,-2.962,-2.184,1.2,-0.075,0.094,0.0,-0.0,0.1,-1.5,-0.137,0.144,-0.092,1.988,13.36,OFF,PAPER,1756
42.01,MANUAL,IDLE,,0,0.0,-2.963,-2.183,1.2,-0.07,0.096,0.0,-0.1,-0.0,-1.7,0.072,0.411,-0.086,1.994,14.12,OFF,PAPER,1756
42.03,MANUAL,IDLE,,0,0.0,-2.965,-2.181,1.2,-0.079,0.082,0.0,-0.4,0.1,-1.8,-0.124,0.165,-0.074,2.002,14.25,OFF,PAPER,1756
42.05,MANUAL,IDLE,,0,0.0,-2.966,-2.179,1.2,-0.072,0.088,0.0,-0.2,0.0,-1.9,0.24,0.296,-0.115,2.003,12.32,OFF,PAPER,1756
42.07,MANUAL,IDLE,,0,0.0,-2.968,-2.177,1.2,-0.078,0.099,0.0,-0.1,0.1,-2.0,0.128,0.256,-0.06,1.984,9.64,OFF,PAPER,1756
42.09,MANUAL,IDLE,,0,0.0,-2.969,-2.175,1.2,-0.079,0.099,0.0,-0.1,0.1,-2.0,0.202,0.12,0.031,1.964,3.66,OFF,PAPER,1756
42.11,MANUAL,IDLE,,0,0.0,-2.971,-2.173,1.2,-0.076,0.105,0.0,-0.0,0.0,-1.9,0.038,-0.21,0.002,2.001,15.73,OFF,PAPER,1756
42.13,MANUAL,IDLE,,0,0.0,-2.972,-2.171,1.2,-0.075,0.099,0.0,-0.0,-0.0,-1.9,-0.022,-0.204,0.025,1.993,12.45,OFF,PAPER,1756
42.15,MANUAL,IDLE,,0,0.0,-2.974,-2.169,1.2,-0.077,0.105,0.0,0.1,-0.1,-1.9,0.132,0.019,-0.011,1.998,14.92,OFF,PAPER,1756
42.17,MANUAL,IDLE,,0,0.0,-2.975,-2.167,1.2,-0.07,0.096,0.0,-0.1,-0.3,-2.0,0.362,-0.303,-0.124,1.975,8.2,OFF,PAPER,1756
42.19,MANUAL,IDLE,,0,0.0,-2.977,-2.165,1.2,-0.071,0.102,0.0,0.0,-0.2,-2.1,0.019,0.032,-0.148,2.012,16.0,OFF,PAPER,1756
42.21,MANUAL,IDLE,,0,0.0,-2.978,-2.163,1.2,-0.075,0.099,0.0,0.0,-0.1,-2.3,-0.096,-0.037,-0.049,2.0,13.3,OFF,PAPER,1756
42.23,MANUAL,IDLE,,0,0.0,-2.98,-2.161,1.2,-0.076,0.098,0.0,-0.1,-0.0,-2.3,-0.23,0.102,0.02,1.979,11.61,OFF,PAPER,1756
42.25,MANUAL,IDLE,,0,0.0,-2.981,-2.159,1.2,-0.072,0.103,0.0,-0.1,-0.0,-2.2,-0.487,-0.099,0.068,2.001,11.67,OFF,PAPER,1756
42.27,MANUAL,IDLE,,0,0.0,-2.983,-2.157,1.2,-0.077,0.096,0.0,-0.2,0.0,-2.2,-0.316,0.433,-0.006,1.996,14.31,OFF,PAPER,1756
42.29,MANUAL,IDLE,,0,0.0,-2.984,-2.155,1.2,-0.081,0.095,0.0,-0.1,0.2,-2.2,0.073,0.022,0.047,1.987,12.25,OFF,PAPER,1756
42.31,MANUAL,IDLE,,0,0.0,-2.986,-2.153,1.2,-0.073,0.083,0.0,-0.3,0.0,-2.2,-0.229,-0.354,-0.027,1.978,13.38,OFF,PAPER,1756
42.33,MANUAL,IDLE,,0,0.0,-2.987,-2.152,1.2,-0.075,0.087,0.0,-0.3,0.0,-2.2,-0.262,-0.044,0.045,1.991,10.06,OFF,PAPER,1756
42.35,MANUAL,IDLE,,0,0.0,-2.989,-2.15,1.2,-0.071,0.078,0.0,-0.5,-0.0,-2.1,-0.147,-0.046,0.103,1.978,12.78,OFF,PAPER,1756
42.37,MANUAL,IDLE,,0,0.0,-2.99,-2.148,1.2,-0.079,0.073,0.0,-0.6,0.1,-2.0,0.019,-0.106,0.047,1.972,5.66,OFF,PAPER,1756
42.39,MANUAL,IDLE,,0,0.0,-2.992,-2.147,1.2,-0.075,0.071,0.0,-0.6,-0.0,-2.0,-0.27,-0.097,0.026,1.98,13.82,OFF,PAPER,1756
42.41,MANUAL,IDLE,,0,0.0,-2.993,-2.146,1.2,-0.073,0.072,0.0,-0.7,-0.1,-2.0,-0.235,-0.021,-0.002,2.003,11.69,OFF,PAPER,1756
42.43,MANUAL,IDLE,,0,0.0,-2.995,-2.144,1.2,-0.076,0.086,0.0,-0.5,0.0,-2.0,0.345,-0.25,-0.053,2.007,14.49,OFF,PAPER,1756
42.45,MANUAL,IDLE,,0,0.0,-2.996,-2.142,1.2,-0.069,0.095,0.0,-0.3,-0.2,-2.1,0.153,0.01,-0.028,1.993,11.79,OFF,PAPER,1756
42.47,MANUAL,IDLE,,0,0.0,-2.997,-2.14,1.2,-0.06,0.1,0.0,-0.1,-0.3,-2.1,0.081,-0.378,-0.074,2.054,17.2,OFF,PAPER,1756
42.49,MANUAL,IDLE,,0,0.0,-2.999,-2.138,1.2,-0.065,0.097,0.0,-0.2,-0.2,-2.2,0.096,-0.032,-0.122,1.983,11.69,OFF,PAPER,1756
42.51,MANUAL,IDLE,,0,0.0,-3.0,-2.136,1.2,-0.066,0.091,0.0,-0.3,-0.2,-2.4,0.003,0.02,-0.129,1.968,12.34,OFF,PAPER,1756
42.53,MANUAL,IDLE,,0,0.0,-3.001,-2.135,1.2,-0.066,0.098,0.0,-0.2,-0.2,-2.5,0.057,0.02,0.01,1.997,11.16,OFF,PAPER,1756
42.55,MANUAL,IDLE,,0,0.0,-3.003,-2.133,1.2,-0.059,0.103,0.0,-0.2,-0.3,-2.4,0.291,-0.054,0.023,1.971,5.94,OFF,PAPER,1756
42.57,MANUAL,IDLE,,0,0.0,-3.004,-2.13,1.2,-0.053,0.108,0.0,-0.1,-0.4,-2.3,0.191,-0.202,0.094,2.006,14.7,OFF,PAPER,1756
42.59,MANUAL,IDLE,,0,0.0,-3.005,-2.128,1.2,-0.058,0.107,0.0,-0.1,-0.4,-2.2,-0.107,0.034,0.141,1.984,12.11,OFF,PAPER,1756
42.61,MANUAL,IDLE,,0,0.0,-3.006,-2.126,1.2,-0.064,0.107,0.0,-0.0,-0.2,-2.0,-0.083,0.102,0.179,2.007,14.13,OFF,PAPER,1756
42.63,MANUAL,IDLE,,0,0.0,-3.007,-2.124,1.2,-0.056,0.114,0.0,-0.0,-0.3,-1.9,0.4,-0.245,0.081,1.966,3.8,OFF,PAPER,1756
42.65,MANUAL,IDLE,,0,0.0,-3.008,-2.122,1.2,-0.056,0.108,0.0,-0.2,-0.5,-1.8,-0.032,0.075,-0.006,1.971,11.49,OFF,PAPER,1756
42.67,MANUAL,IDLE,,0,0.0,-3.01,-2.12,1.2,-0.058,0.109,0.0,-0.1,-0.4,-1.8,-0.008,-0.069,-0.037,1.976,9.17,OFF,PAPER,1756
42.69,MANUAL,IDLE,,0,0.0,-3.011,-2.118,1.2,-0.053,0.109,0.0,-0.1,-0.6,-1.9,-0.135,-0.105,-0.147,1.976,9.81,OFF,PAPER,1756
42.71,MANUAL,IDLE,,0,0.0,-3.012,-2.115,1.2,-0.048,0.111,0.0,-0.1,-0.6,-2.1,0.141,0.039,-0.108,2.029,17.6,OFF,PAPER,1756
42.73,MANUAL,IDLE,,0,0.0,-3.013,-2.113,1.2,-0.051,0.109,0.0,-0.0,-0.5,-2.2,-0.066,0.175,-0.052,1.973,6.05,OFF,PAPER,1756
42.75,MANUAL,IDLE,,0,0.0,-3.014,-2.111,1.2,-0.051,0.115,0.0,0.1,-0.5,-2.2,0.424,0.344,-0.008,2.006,13.82,OFF,PAPER,1756
42.77,MANUAL,IDLE,,0,0.0,-3.015,-2.109,1.2,-0.051,0.106,0.0,0.1,-0.5,-2.2,-0.296,-0.241,-0.006,1.979,7.7,OFF,PAPER,1756
42.79,MANUAL,IDLE,,0,0.0,-3.016,-2.107,1.2,-0.049,0.11,0.0,0.1,-0.5,-2.2,0.058,0.123,0.037,1.977,10.23,OFF,PAPER,1756
42.81,MANUAL,IDLE,,0,0.0,-3.017,-2.104,1.2,-0.05,0.115,0.0,0.2,-0.5,-2.2,0.407,-0.026,0.068,2.019,13.81,OFF,PAPER,1756
42.83,MANUAL,IDLE,,0,0.0,-3.018,-2.102,1.2,-0.053,0.12,0.0,0.3,-0.4,-2.2,0.031,-0.024,-0.003,1.98,8.42,OFF,PAPER,1756
42.85,MANUAL,IDLE,,0,0.0,-3.019,-2.1,1.2,-0.054,0.119,0.0,0.3,-0.3,-2.1,0.081,0.09,0.07,1.971,7.2,OFF,PAPER,1756
42.87,MANUAL,IDLE,,0,0.0,-3.02,-2.097,1.2,-0.06,0.125,0.0,0.4,-0.3,-2.1,-0.142,-0.052,0.008,1.967,5.15,OFF,PAPER,1756
42.89,MANUAL,IDLE,,0,0.0,-3.021,-2.095,1.2,-0.061,0.128,0.0,0.4,-0.2,-2.0,0.317,0.127,0.082,1.976,10.84,OFF,PAPER,1756
42.91,MANUAL,IDLE,,0,0.0,-3.022,-2.092,1.2,-0.048,0.122,0.0,0.4,-0.5,-1.9,-0.332,-0.002,0.171,2.007,12.21,OFF,PAPER,1756
42.93,MANUAL,IDLE,,0,0.0,-3.023,-2.09,1.2,-0.056,0.116,0.0,0.3,-0.4,-1.7,0.035,-0.243,0.134,1.995,10.52,OFF,PAPER,1756
42.95,MANUAL,IDLE,,0,0.0,-3.025,-2.087,1.2,-0.067,0.123,0.0,0.4,-0.2,-1.5,0.196,0.027,0.145,1.976,12.81,OFF,PAPER,1756
42.97,MANUAL,IDLE,,0,0.0,-3.026,-2.085,1.2,-0.062,0.126,0.0,0.4,-0.3,-1.4,0.182,-0.051,0.169,1.994,14.23,OFF,PAPER,1756
42.99,MANUAL,IDLE,,0,0.0,-3.027,-2.082,1.2,-0.061,0.128,0.0,0.5,-0.3,-1.2,0.06,-0.306,0.148,2.005,15.06,OFF,PAPER,1756
43.01,MANUAL,IDLE,,0,0.0,-3.028,-2.08,1.2,-0.063,0.129,0.0,0.5,-0.3,-1.0,-0.243,-0.095,0.157,2.009,12.43,OFF,PAPER,1756
43.03,MANUAL,IDLE,,0,0.0,-3.03,-2.077,1.2,-0.06,0.128,0.0,0.5,-0.3,-0.9,0.071,-0.125,0.123,1.992,10.14,OFF,PAPER,1756
43.05,MANUAL,IDLE,,0,0.0,-3.031,-2.075,1.2,-0.063,0.128,0.0,0.4,-0.2,-0.8,-0.016,-0.025,0.059,1.973,6.41,OFF,PAPER,1756
43.07,MANUAL,IDLE,,0,0.0,-3.032,-2.072,1.2,-0.065,0.127,0.0,0.4,-0.3,-0.7,-0.071,0.0,0.065,1.986,9.5,OFF,PAPER,1756
43.09,MANUAL,IDLE,,0,0.0,-3.033,-2.07,1.2,-0.063,0.126,0.0,0.4,-0.4,-0.7,0.159,0.181,-0.052,1.988,9.39,OFF,PAPER,1756
43.11,MANUAL,IDLE,,0,0.0,-3.035,-2.067,1.2,-0.067,0.123,0.0,0.3,-0.3,-0.8,-0.127,-0.032,-0.152,1.967,9.31,OFF,PAPER,1756
43.13,MANUAL,IDLE,,0,0.0,-3.036,-2.065,1.2,-0.062,0.119,0.0,0.2,-0.4,-1.1,0.127,-0.118,-0.206,2.009,13.07,OFF,PAPER,1756
43.15,MANUAL,IDLE,,0,0.0,-3.037,-2.063,1.2,-0.068,0.113,0.0,0.1,-0.3,-1.2,-0.006,0.234,-0.145,1.979,7.58,OFF,PAPER,1756
43.17,MANUAL,IDLE,,0,0.0,-3.039,-2.06,1.2,-0.076,0.111,0.0,0.1,-0.2,-1.4,-0.261,0.109,-0.061,2.002,12.94,OFF,PAPER,1756
43.19,MANUAL,IDLE,,0,0.0,-3.04,-2.058,1.2,-0.087,0.113,0.0,0.1,0.1,-1.4,0.073,0.074,-0.051,1.979,12.38,OFF,PAPER,1756
43.21,MANUAL,IDLE,,0,0.0,-3.042,-2.056,1.2,-0.089,0.118,0.0,0.2,0.1,-1.5,-0.038,0.005,0.017,2.028,16.84,OFF,PAPER,1756
43.23,MANUAL,IDLE,,0,0.0,-3.044,-2.053,1.2,-0.091,0.112,0.0,0.1,0.1,-1.4,0.021,0.282,0.057,1.989,10.59,OFF,PAPER,1756
43.25,MANUAL,IDLE,,0,0.0,-3.045,-2.051,1.2,-0.088,0.11,0.0,0.1,0.1,-1.2,0.146,0.329,0.138,2.011,12.86,OFF,PAPER,1756
43.27,MANUAL,IDLE,,0,0.0,-3.047,-2.049,1.2,-0.092,0.118,0.0,0.3,0.2,-1.1,0.008,0.015,-0.007,1.979,10.18,OFF,PAPER,1756
43.29,MANUAL,IDLE,,0,0.0,-3.049,-2.047,1.2,-0.082,0.107,0.0,0.1,-0.0,-1.2,-0.415,0.074,-0.033,2.033,16.13,OFF,PAPER,1756
0.02,MANUAL,IDLE,,0,0.0,0.0,-6.0,1.2,0.004,0.006,-0.0,0.1,-0.0,0.0,0.07,-0.05,0.003,2.003,13.44,OFF,PAPER,1756
0.04,MANUAL,IDLE,,0,0.0,0.0,-6.0,1.2,0.015,0.007,-0.0,0.0,-0.2,0.0,0.321,0.023,-0.057,1.993,10.3,OFF,PAPER,1756
0.06,MANUAL,IDLE,,0,0.0,0.0,-6.0,1.2,0.012,0.002,-0.0,0.1,-0.1,-0.2,0.313,-0.14,-0.262,2.004,12.89,OFF,PAPER,1756
0.08,MANUAL,IDLE,,0,0.0,0.001,-6.0,1.2,0.016,-0.005,-0.0,0.0,-0.2,-0.4,-0.298,0.014,-0.156,1.98,7.71,OFF,PAPER,1756
0.1,MANUAL,IDLE,,0,0.0,0.001,-6.0,1.2,0.014,-0.007,-0.0,-0.0,-0.2,-0.6,-0.266,0.006,-0.187,2.013,15.34,OFF,PAPER,1756
0.12,MANUAL,IDLE,,0,0.0,0.001,-6.0,1.2,0.018,-0.015,-0.0,-0.1,-0.2,-0.8,-0.205,-0.074,-0.208,1.995,10.52,OFF,PAPER,1756
0.14,MANUAL,IDLE,,0,0.0,0.002,-6.0,1.2,0.021,-0.016,-0.0,-0.2,-0.4,-1.1,-0.012,0.178,-0.278,1.988,9.3,OFF,PAPER,1756
0.16,MANUAL,IDLE,,0,0.0,0.002,-6.001,1.2,0.022,-0.016,-0.0,-0.2,-0.3,-1.4,0.055,-0.003,-0.18,1.973,10.91,OFF,PAPER,1756
0.18,MANUAL,IDLE,,0,0.0,0.003,-6.001,1.2,0.022,-0.011,-0.0,-0.2,-0.4,-1.6,0.028,0.37,-0.071,1.986,9.71,OFF,PAPER,1756
0.2,MANUAL,IDLE,,0,0.0,0.003,-6.001,1.2,0.023,-0.008,-0.0,-0.1,-0.3,-1.6,0.043,0.104,-0.057,1.976,7.26,OFF,PAPER,1756
0.22,MANUAL,IDLE,,0,0.0,0.004,-6.001,1.2,0.019,-0.005,-0.0,-0.1,-0.3,-1.7,0.03,0.183,-0.146,1.971,9.45,OFF,PAPER,1756
0.24,MANUAL,IDLE,,0,0.0,0.004,-6.001,1.2,0.014,-0.007,-0.0,-0.1,-0.2,-1.8,-0.498,0.24,-0.111,1.975,10.51,OFF,PAPER,1756
0.26,MANUAL,IDLE,,0,0.0,0.004,-6.001,1.2,0.012,-0.005,-0.0,-0.1,-0.2,-1.9,0.03,-0.035,-0.028,1.994,14.84,OFF,PAPER,1756
0.28,MANUAL,IDLE,,0,0.0,0.004,-6.002,1.2,0.014,-0.0,-0.0,-0.0,-0.1,-1.9,-0.076,-0.169,0.026,2.015,14.57,OFF,PAPER,1756
0.3,MANUAL,IDLE,,0,0.0,0.005,-6.002,1.2,0.009,0.0,-0.0,-0.1,-0.1,-1.8,0.203,-0.013,0.111,1.964,7.57,OFF,PAPER,1756
0.32,MANUAL,IDLE,,0,0.0,0.005,-6.002,1.2,0.016,0.0,-0.0,-0.1,-0.2,-1.7,0.135,0.044,0.113,1.981,8.99,OFF,PAPER,1756
0.34,MANUAL,IDLE,,0,0.0,0.005,-6.002,1.2,0.019,0.001,-0.0,-0.1,-0.2,-1.6,0.152,-0.038,0.056,1.99,11.4,OFF,PAPER,1756
0.36,MANUAL,IDLE,,0,0.0,0.006,-6.002,1.2,0.011,0.005,-0.0,0.0,-0.1,-1.6,0.168,0.029,0.029,2.01,12.59,OFF,PAPER,1756
0.38,MANUAL,IDLE,,0,0.0,0.006,-6.002,1.2,0.016,0.001,-0.0,-0.0,-0.2,-1.5,-0.074,0.05,0.09,2.031,15.22,OFF,PAPER,1756
0.4,MANUAL,IDLE,,0,0.0,0.006,-6.002,1.2,0.013,-0.002,-0.0,-0.1,-0.2,-1.4,0.344,0.129,0.197,1.985,8.74,OFF,PAPER,1756
0.42,MANUAL,IDLE,,0,0.0,0.006,-6.002,1.2,0.009,-0.004,-0.0,-0.1,-0.1,-1.2,0.052,-0.394,0.102,1.982,11.03,OFF,PAPER,1756
0.44,MANUAL,IDLE,,0,0.0,0.007,-6.002,1.2,0.011,-0.006,-0.0,-0.1,-0.4,-1.2,-0.053,-0.009,-0.077,1.972,10.39,OFF,PAPER,1756
0.46,MANUAL,IDLE,,0,0.0,0.007,-6.002,1.2,0.013,-0.005,-0.0,-0.2,-0.4,-1.3,0.224,-0.201,-0.081,1.972,10.31,OFF,PAPER,1756
0.48,MANUAL,IDLE,,0,0.0,0.007,-6.002,1.2,0.014,-0.003,-0.0,-0.2,-0.4,-1.4,0.028,-0.196,-0.015,2.0,11.5,OFF,PAPER,1756
0.5,MANUAL,IDLE,,0,0.0,0.007,-6.002,1.2,0.01,-0.012,-0.0,-0.2,-0.4,-1.5,-0.19,-0.006,-0.096,1.977,10.61,OFF,PAPER,1756
0.52,MANUAL,IDLE,,0,0.0,0.007,-6.002,1.2,0.016,-0.007,-0.0,-0.2,-0.5,-1.6,0.238,-0.251,-0.094,2.016,15.87,OFF,PAPER,1756
0.54,MANUAL,IDLE,,0,0.0,0.008,-6.002,1.2,0.018,-0.007,-0.0,-0.1,-0.5,-1.7,0.101,-0.031,-0.129,2.015,13.29,OFF,PAPER,1756
0.56,MANUAL,IDLE,,0,0.0,0.008,-6.003,1.2,0.026,-0.02,-0.0,-0.3,-0.7,-1.9,0.018,-0.242,-0.141,2.012,14.56,OFF,PAPER,1756
0.58,MANUAL,IDLE,,0,0.0,0.009,-6.003,1.2,0.022,-0.018,-0.0,-0.3,-0.7,-2.0,0.023,0.189,-0.098,1.988,9.34,OFF,PAPER,1756
0.6,MANUAL,IDLE,,0,0.0,0.009,-6.003,1.2,0.016,-0.02,-0.0,-0.2,-0.6,-2.1,0.068,0.099,-0.048,2.012,16.62,OFF,PAPER,1756
0.62,MANUAL,IDLE,,0,0.0,0.009,-6.004,1.2,0.011,-0.021,-0.0,-0.3,-0.5,-2.2,0.082,0.044,0.014,1.98,9.52,OFF,PAPER,1756
0.64,MANUAL,IDLE,,0,0.0,0.009,-6.004,1.2,0.007,-0.027,-0.0,-0.3,-0.5,-2.2,-0.319,0.088,0.021,1.987,9.17,OFF,PAPER,1756
0.66,MANUAL,IDLE,,0,0.0,0.01,-6.005,1.2,0.004,-0.029,-0.0,-0.4,-0.3,-2.1,-0.201,0.047,-0.016,2.002,13.66,OFF,PAPER,1756
0.68,MANUAL,IDLE,,0,0.0,0.01,-6.005,1.2,0.01,-0.025,-0.0,-0.3,-0.4,-2.2,0.316,0.294,-0.074,1.99,10.56,OFF,PAPER,1756
0.7,MANUAL,IDLE,,0,0.0,0.01,-6.006,1.2,0.012,-0.018,-0.0,-0.2,-0.4,-2.3,0.153,0.089,-0.069,1.983,9.88,OFF,PAPER,1756
0.72,MANUAL,IDLE,,0,0.0,0.01,-6.006,1.2,0.011,-0.009,-0.0,-0.0,-0.4,-2.3,0.23,0.18,-0.119,2.006,13.07,OFF,PAPER,1756
0.74,MANUAL,IDLE,,0,0.0,0.01,-6.006,1.2,0.011,-0.001,-0.0,0.2,-0.3,-2.4,0.018,-0.105,0.016,1.981,8.79,OFF,PAPER,1756
0.76,MANUAL,IDLE,,0,0.0,0.011,-6.006,1.2,0.005,0.003,-0.0,0.3,-0.2,-2.4,0.045,-0.034,0.081,1.964,5.71,OFF,PAPER,1756
0.78,MANUAL,IDLE,,0,0.0,0.011,-6.006,1.2,0.009,-0.001,-0.0,0.3,-0.3,-2.3,-0.364,-0.11,0.059,1.998,14.46,OFF,PAPER,1756
0.8,MANUAL,IDLE,,0,0.0,0.011,-6.006,1.2,0.004,0.003,-0.0,0.3,-0.3,-2.2,-0.196,0.019,0.061,2.01,15.32,OFF,PAPER,1756
0.82,MANUAL,IDLE,,0,0.0,0.011,-6.006,1.2,0.004,-0.002,-0.0,0.2,-0.2,-2.1,-0.119,-0.065,0.041,1.977,9.96,OFF,PAPER,1756
0.84,MANUAL,IDLE,,0,0.0,0.011,-6.006,1.2,-0.0,-0.0,-0.0,0.2,-0.1,-2.1,0.053,-0.267,0.02,1.975,6.9,OFF,PAPER,1756
0.86,MANUAL,IDLE,,0,0.0,0.011,-6.006,1.2,0.008,0.005,-0.0,0.4,-0.3,-2.1,0.077,0.129,0.013,2.016,14.13,OFF,PAPER,1756
0.88,MANUAL,IDLE,,0,0.0,0.011,-6.006,1.2,0.01,0.007,-0.0,0.3,-0.2,-2.0,0.151,-0.129,0.011,1.974,11.35,OFF,PAPER,1756
0.9,MANUAL,IDLE,,0,0.0,0.011,-6.006,1.2,0.012,0.009,-0.0,0.2,-0.2,-2.1,0.276,-0.207,0.011,1.985,12.13,OFF,PAPER,1756
0.92,MANUAL,IDLE,,0,0.0,0.012,-6.006,1.2,0.009,-0.007,-0.0,0.1,-0.1,-2.1,-0.236,0.062,-0.02,1.977,7.31,OFF,PAPER,1756
0.94,MANUAL,IDLE,,0,0.0,0.012,-6.006,1.2,0.007,-0.003,-0.0,0.1,-0.1,-2.1,-0.245,0.29,-0.085,1.971,9.93,OFF,PAPER,1756
0.96,MANUAL,IDLE,,0,0.0,0.012,-6.006,1.2,0.005,-0.007,-0.0,-0.0,0.0,-2.1,-0.194,-0.405,-0.042,1.998,14.1,OFF,PAPER,1756
0.98,MANUAL,IDLE,,0,0.0,0.012,-6.006,1.2,0.009,-0.01,-0.0,-0.2,-0.1,-2.1,-0.184,-0.307,0.091,1.973,5.95,OFF,PAPER,1756
1.0,MANUAL,IDLE,,0,0.0,0.012,-6.006,1.2,-0.008,-0.014,-0.0,-0.3,0.1,-2.0,0.045,0.575,0.12,1.978,13.09,OFF,PAPER,1756
1.02,MANUAL,IDLE,,0,0.0,0.012,-6.007,1.2,-0.014,-0.007,-0.0,-0.2,0.2,-1.9,0.011,0.314,0.071,1.988,10.12,OFF,PAPER,1756
1.04,MANUAL,IDLE,,0,0.0,0.012,-6.007,1.2,-0.008,0.001,-0.0,0.0,0.1,-1.8,0.213,-0.123,-0.068,1.979,12.43,OFF,PAPER,1756
1.06,MANUAL,IDLE,,0,0.0,0.012,-6.007,1.2,-0.005,-0.004,-0.0,-0.1,0.1,-1.9,0.046,0.039,-0.024,1.985,12.7,OFF,PAPER,1756
1.08,MANUAL,IDLE,,0,0.0,0.012,-6.007,1.2,0.004,-0.007,-0.0,0.0,-0.1,-1.9,-0.058,-0.199,-0.05,1.994,11.92,OFF,PAPER,1756
1.1,MANUAL,IDLE,,0,0.0,0.012,-6.007,1.2,0.006,0.011,-0.0,0.3,-0.1,-1.8,0.441,-0.201,0.095,1.984,11.8,OFF,PAPER,1756
1.12,MANUAL,IDLE,,0,0.0,0.012,-6.006,1.2,-0.001,0.01,-0.0,0.4,-0.0,-1.8,-0.185,-0.013,-0.014,1.97,6.34,OFF,PAPER,1756
1.14,MANUAL,IDLE,,0,0.0,0.012,-6.006,1.2,0.005,0.015,-0.0,0.5,-0.2,-1.8,-0.121,-0.059,0.04,1.975,13.35,OFF,PAPER,1756
1.16,MANUAL,IDLE,,0,0.0,0.012,-6.006,1.2,0.004,0.012,-0.0,0.5,-0.2,-1.8,-0.203,-0.236,-0.029,1.98,10.37,OFF,PAPER,1756
1.18,MANUAL,IDLE,,0,0.0,0.012,-6.006,1.2,-0.005,0.005,-0.0,0.4,-0.1,-1.8,0.032,-0.245,0.029,2.008,16.66,OFF,PAPER,1756
1.2,MANUAL,IDLE,,0,0.0,0.012,-6.006,1.2,-0.002,-0.001,-0.0,0.2,-0.1,-1.8,0.137,0.21,0.009,1.962,6.19,OFF,PAPER,1756
1.22,MANUAL,IDLE,,0,0.0,0.012,-6.006,1.2,-0.006,0.006,-0.0,0.3,-0.1,-1.8,0.221,-0.153,-0.095,2.0,13.8,OFF,PAPER,1756
1.24,MANUAL,IDLE,,0,0.0,0.011,-6.005,1.2,-0.008,0.008,-0.0,0.3,-0.0,-1.9,-0.144,0.189,-0.025,1.99,10.94,OFF,PAPER,1756
1.26,MANUAL,IDLE,,0,0.0,0.011,-6.005,1.2,-0.005,0.003,-0.0,0.2,-0.0,-1.9,0.073,-0.052,-0.079,1.974,6.4,OFF,PAPER,1756
1.28,MANUAL,IDLE,,0,0.0,0.011,-6.005,1.2,-0.01,0.002,-0.0,0.2,0.1,-2.0,0.059,-0.021,0.045,1.981,10.6,OFF,PAPER,1756
1.3,MANUAL,IDLE,,0,0.0,0.011,-6.005,1.2,-0.008,-0.002,-0.0,0.2,-0.0,-1.9,-0.043,0.247,0.05,2.011,13.24,OFF,PAPER,1756
1.32,MANUAL,IDLE,,0,0.0,0.011,-6.005,1.2,-0.009,0.004,-0.0,0.3,0.0,-1.8,-0.311,-0.258,0.142,2.033,16.42,OFF,PAPER,1756
1.34,MANUAL,IDLE,,0,0.0,0.01,-6.005,1.2,-0.016,-0.005,-0.0,0.1,0.1,-1.6,-0.101,0.122,0.163,1.967,11.59,OFF,PAPER,1756
1.36,MANUAL,IDLE,,0,0.0,0.01,-6.005,1.2,-0.015,-0.009,-0.0,0.1,0.2,-1.5,-0.248,-0.101,0.015,2.03,14.98,OFF,PAPER,1756
1.38,MANUAL,IDLE,,0,0.0,0.01,-6.006,1.2,-0.014,-0.011,-0.0,-0.1,0.2,-1.5,0.076,-0.178,-0.005,1.974,8.6,OFF,PAPER,1756
1.4,MANUAL,IDLE,,0,0.0,0.01,-6.006,1.2,-0.007,-0.011,-0.0,-0.0,0.0,-1.5,0.187,0.165,0.012,1.982,9.12,OFF,PAPER,1756
1.42,MANUAL,IDLE,,0,0.0,0.01,-6.006,1.2,-0.007,-0.013,-0.0,-0.0,0.1,-1.5,-0.062,0.108,0.064,1.978,8.74,OFF,PAPER,1756
1.44,MANUAL,IDLE,,0,0.0,0.009,-6.006,1.2,-0.003,-0.012,-0.0,0.0,-0.0,-1.5,-0.015,0.085,-0.028,1.982,8.06,OFF,PAPER,1756
1.46,MANUAL,IDLE,,0,0.0,0.009,-6.007,1.2,-0.003,-0.014,-0.0,-0.0,0.1,-1.5,0.221,0.033,-0.069,1.981,10.42,OFF,PAPER,1756
1.48,MANUAL,IDLE,,0,0.0,0.009,-6.007,1.2,-0.006,-0.012,-0.0,-0.0,0.1,-1.6,0.002,-0.065,-0.045,1.972,6.79,OFF,PAPER,1756
1.5,MANUAL,IDLE,,0,0.0,0.009,-6.007,1.2,0.0,-0.011,-0.0,0.1,-0.1,-1.7,-0.005,-0.161,-0.063,1.992,14.46,OFF,PAPER,1756
1.52,MANUAL,IDLE,,0,0.0,0.009,-6.007,1.2,0.005,-0.017,-0.0,-0.0,-0.2,-1.8,-0.197,0.002,-0.097,2.009,12.5,OFF,PAPER,1756
1.54,MANUAL,IDLE,,0,0.0,0.009,-6.008,1.2,0.004,-0.023,-0.0,-0.1,-0.2,-1.9,-0.037,-0.104,-0.093,1.971,11.59,OFF,PAPER,1756
1.56,MANUAL,IDLE,,0,0.0,0.009,-6.008,1.2,0.006,-0.029,0.0,-0.3,-0.2,-1.9,0.333,-0.32,-0.07,2.001,12.13,OFF,PAPER,1756
1.58,MANUAL,IDLE,,0,0.0,0.009,-6.009,1.2,0.0,-0.027,0.0,-0.2,-0.2,-2.0,0.143,0.058,-0.052,1.984,8.62,OFF,PAPER,1756
1.6,MANUAL,IDLE,,0,0.0,0.009,-6.01,1.2,-0.002,-0.024,0.0,-0.2,-0.1,-2.1,-0.022,0.028,-0.031,1.969,10.09,OFF,PAPER,1756
1.62,MANUAL,IDLE,,0,0.0,0.009,-6.01,1.2,0.002,-0.026,0.0,-0.2,-0.1,-2.1,-0.261,-0.269,0.022,1.979,9.15,OFF,PAPER,1756
1.64,MANUAL,IDLE,,0,0.0,0.01,-6.011,1.2,0.004,-0.034,0.0,-0.4,-0.1,-2.1,0.092,-0.102,-0.012,2.008,13.98,OFF,PAPER,1756
1.66,MANUAL,IDLE,,0,0.0,0.01,-6.011,1.2,0.001,-0.036,0.0,-0.4,-0.1,-2.1,-0.188,0.216,-0.053,1.992,9.99,OFF,PAPER,1756
1.68,MANUAL,IDLE,,0,0.0,0.01,-6.012,1.2,0.011,-0.038,0.0,-0.5,-0.2,-2.1,0.166,-0.209,0.034,1.995,13.24,OFF,PAPER,1756
1.7,MANUAL,IDLE,,0,0.0,0.01,-6.013,1.2,0.015,-0.031,0.0,-0.4,-0.3,-2.1,-0.183,0.027,0.073,1.984,9.52,OFF,PAPER,1756
1.72,MANUAL,IDLE,,0,0.0,0.01,-6.013,1.2,0.014,-0.027,0.0,-0.3,-0.2,-1.9,0.13,0.185,0.159,2.012,15.9,OFF,PAPER,1756
1.74,MANUAL,IDLE,,0,0.0,0.011,-6.014,1.2,0.016,-0.028,0.0,-0.3,-0.2,-1.7,0.115,0.01,0.208,1.971,8.5,OFF,PAPER,1756
1.76,MANUAL,IDLE,,0,0.0,0.011,-6.014,1.2,0.02,-0.032,0.0,-0.4,-0.2,-1.4,-0.093,-0.321,0.308,1.992,10.0,OFF,PAPER,1756
1.78,MANUAL,IDLE,,0,0.0,0.011,-6.015,1.2,0.014,-0.03,0.0,-0.3,-0.1,-1.1,-0.003,0.076,0.27,2.016,19.01,OFF,PAPER,1756
1.8,MANUAL,IDLE,,0,0.0,0.012,-6.016,1.2,0.012,-0.031,0.0,-0.3,-0.0,-0.9,-0.196,0.246,0.21,1.972,8.6,OFF,PAPER,1756
1.82,MANUAL,IDLE,,0,0.0,0.012,-6.016,1.2,0.014,-0.025,0.0,-0.2,0.0,-0.6,0.029,-0.126,0.201,1.963,14.03,OFF,PAPER,1756
1.84,MANUAL,IDLE,,0,0.0,0.012,-6.017,1.2,0.018,-0.019,0.0,-0.1,-0.2,-0.5,0.494,-0.01,0.079,2.003,13.92,OFF,PAPER,1756
1.86,MANUAL,IDLE,,0,0.0,0.013,-6.017,1.2,0.013,-0.024,0.0,-0.1,-0.1,-0.4,-0.33,0.398,0.077,2.001,13.31,OFF,PAPER,1756
1.88,MANUAL,IDLE,,0,0.0,0.013,-6.018,1.2,0.015,-0.024,0.0,-0.2,-0.1,-0.4,-0.289,0.247,0.033,1.99,10.8,OFF,PAPER,1756
1.9,MANUAL,IDLE,,0,0.0,0.013,-6.018,1.2,0.009,-0.02,0.0,-0.2,-0.1,-0.5,0.007,0.433,-0.088,1.969,8.11,OFF,PAPER,1756
1.92,MANUAL,IDLE,,0,0.0,0.013,-6.018,1.2,0.01,-0.02,0.0,-0.2,-0.0,-0.6,-0.185,-0.004,-0.138,1.988,13.05,OFF,PAPER,1756
1.94,MANUAL,IDLE,,0,0.0,0.014,-6.019,1.2,0.01,-0.014,0.0,-0.2,-0.1,-0.8,0.056,0.174,-0.196,1.963,8.36,OFF,PAPER,1756
1.96,MANUAL,IDLE,,0,0.0,0.014,-6.019,1.2,0.003,-0.014,0.0,-0.2,-0.0,-1.0,0.168,0.36,-0.168,2.001,12.82,OFF,PAPER,1756
1.98,MANUAL,IDLE,,0,0.0,0.014,-6.019,1.2,0.018,-0.011,0.0,-0.2,-0.3,-1.1,-0.208,-0.08,-0.043,1.97,10.83,OFF,PAPER,1756
2.0,MANUAL,IDLE,,0,0.0,0.014,-6.019,1.2,0.022,-0.009,0.0,-0.1,-0.4,-1.1,0.165,-0.202,0.025,2.026,15.41,OFF,PAPER,1756
2.02,MANUAL,IDLE,,0,0.0,0.015,-6.019,1.2,0.024,-0.003,0.0,-0.1,-0.5,-1.1,0.109,-0.157,0.09,1.975,6.69,OFF,PAPER,1756
2.04,MANUAL,IDLE,,0,0.0,0.015,-6.019,1.2,0.015,0.008,0.0,0.2,-0.4,-1.0,0.309,0.311,0.143,2.001,12.7,OFF,PAPER,1756
2.06,MANUAL,IDLE,,0,0.0,0.015,-6.019,1.2,0.009,0.012,0.0,0.2,-0.3,-0.8,0.098,0.198,0.165,1.972,6.21,OFF,PAPER,1756
2.08,MANUAL,IDLE,,0,0.0,0.016,-6.019,1.2,0.001,0.0,0.0,-0.0,-0.2,-0.7,-0.13,0.149,0.062,1.965,6.08,OFF,PAPER,1756
2.1,MANUAL,IDLE,,0,0.0,0.016,-6.019,1.2,0.008,0.0,0.0,-0.0,-0.3,-0.6,-0.054,0.003,0.066,1.988,10.46,OFF,PAPER,1756
2.12,MANUAL,IDLE,,0,0.0,0.016,-6.019,1.2,-0.006,0.005,0.0,-0.1,-0.0,-0.7,-0.127,0.513,-0.15,1.98,13.16,OFF,PAPER,1756
2.14,MANUAL,IDLE,,0,0.0,0.015,-6.019,1.2,-0.007,0.004,0.0,-0.1,0.1,-0.9,-0.001,-0.425,-0.178,1.975,7.41,OFF,PAPER,1756
2.16,MANUAL,IDLE,,0,0.0,0.015,-6.019,1.2,-0.007,0.007,0.0,-0.1,0.1,-1.1,0.021,0.391,-0.173,1.979,7.59,OFF,PAPER,1756
2.18,MANUAL,IDLE,,0,0.0,0.015,-6.019,1.2,-0.009,0.012,0.0,-0.1,0.2,-1.3,-0.146,-0.009,-0.223,2.017,13.59,OFF,PAPER,1756
2.2,MANUAL,IDLE,,0,0.0,0.015,-6.018,1.2,-0.008,0.013,0.0,-0.1,0.3,-1.4,-0.165,-0.056,-0.138,2.017,13.9,OFF,PAPER,1756
2.22,MANUAL,IDLE,,0,0.0,0.015,-6.018,1.2,0.005,0.014,0.0,-0.2,0.1,-1.6,0.091,-0.167,0.012,1.998,11.25,OFF,PAPER,1756
2.24,MANUAL,IDLE,,0,0.0,0.015,-6.018,1.2,0.011,0.022,0.0,-0.0,0.1,-1.6,-0.03,-0.178,0.008,1.987,13.28,OFF,PAPER,1756
2.26,MANUAL,IDLE,,0,0.0,0.015,-6.017,1.2,0.017,0.031,0.0,0.1,-0.0,-1.6,0.233,-0.163,-0.009,1.972,8.07,OFF,PAPER,1756
2.28,MANUAL,IDLE,,0,0.0,0.016,-6.017,1.2,0.021,0.035,0.0,0.1,-0.1,-1.6,0.165,-0.039,-0.062,1.968,6.16,OFF,PAPER,1756
2.3,MANUAL,IDLE,,0,0.0,0.016,-6.016,1.2,0.021,0.038,0.0,0.1,0.0,-1.7,0.266,0.041,-0.026,2.016,14.34,OFF,PAPER,1756
2.32,MANUAL,IDLE,,0,0.0,0.017,-6.015,1.2,0.016,0.035,0.0,0.1,0.1,-1.7,0.231,0.275,-0.117,2.018,15.72,OFF,PAPER,1756
2.34,MANUAL,IDLE,,0,0.0,0.017,-6.014,1.2,0.011,0.04,0.0,0.2,0.2,-1.8,0.148,0.083,0.047,1.99,10.2,OFF,PAPER,1756
2.36,MANUAL,IDLE,,0,0.0,0.017,-6.014,1.2,0.018,0.038,0.0,0.2,0.1,-1.7,-0.228,-0.449,0.087,1.993,14.2,OFF,PAPER,1756
2.38,MANUAL,IDLE,,0,0.0,0.017,-6.013,1.2,0.013,0.04,0.0,0.3,0.0,-1.6,0.063,0.12,0.064,1.984,11.13,OFF,PAPER,1756
2.4,MANUAL,IDLE,,0,0.0,0.018,-6.012,1.2,0.011,0.035,0.0,0.2,0.0,-1.5,-0.086,0.331,0.099,1.99,13.0,OFF,PAPER,1756
2.42,MANUAL,IDLE,,0,0.0,0.018,-6.011,1.2,0.008,0.034,0.0,0.2,0.1,-1.4,-0.295,-0.131,0.018,2.02,15.94,OFF,PAPER,1756
2.44,MANUAL,IDLE,,0,0.0,0.018,-6.011,1.2,0.003,0.035,0.0,0.1,0.1,-1.5,-0.051,-0.284,-0.008,1.963,9.05,OFF,PAPER,1756
2.46,MANUAL,IDLE,,0,0.0,0.018,-6.01,1.2,-0.002,0.026,0.0,-0.0,0.2,-1.5,-0.036,0.072,-0.128,2.007,14.06,OFF,PAPER,1756
2.48,MANUAL,IDLE,,0,0.0,0.018,-6.01,1.2,0.002,0.033,0.0,0.1,0.2,-1.7,0.17,-0.401,-0.082,1.965,12.27,OFF,PAPER,1756
2.5,MANUAL,IDLE,,0,0.0,0.018,-6.009,1.2,-0.003,0.026,0.0,-0.1,0.2,-1.7,0.402,0.022,-0.015,1.989,9.46,OFF,PAPER,1756
2.52,MANUAL,IDLE,,0,0.0,0.018,-6.008,1.2,-0.006,0.023,0.0,-0.1,0.2,-1.8,-0.066,0.128,-0.03,1.994,10.5,OFF,PAPER,1756
2.54,MANUAL,IDLE,,0,0.0,0.018,-6.008,1.2,-0.005,0.017,0.0,-0.3,0.2,-1.9,-0.27,-0.032,-0.084,2.006,13.14,OFF,PAPER,1756
2.56,MANUAL,IDLE,,0,0.0,0.018,-6.008,1.2,-0.008,0.021,0.0,-0.2,0.2,-1.9,-0.108,0.099,-0.062,2.027,17.44,OFF,PAPER,1756
2.58,MANUAL,IDLE,,0,0.0,0.018,-6.007,1.2,-0.001,0.017,0.0,-0.3,0.1,-1.9,-0.164,-0.257,0.032,1.987,9.74,OFF,PAPER,1756
2.6,MANUAL,IDLE,,0,0.0,0.018,-6.007,1.2,0.002,0.019,0.0,-0.3,-0.0,-1.9,-0.08,-0.032,-0.09,1.967,10.86,OFF,PAPER,1756
2.62,MANUAL,IDLE,,0,0.0,0.018,-6.007,1.2,0.007,0.024,0.0,-0.2,0.0,-2.1,0.237,0.032,-0.122,1.966,8.28,OFF,PAPER,1756
2.64,MANUAL,IDLE,,0,0.0,0.018,-6.006,1.2,0.007,0.032,0.0,-0.0,-0.0,-2.1,0.067,-0.169,-0.101,2.025,15.02,OFF,PAPER,1756
2.66,MANUAL,IDLE,,0,0.0,0.018,-6.005,1.2,0.005,0.032,0.0,-0.0,-0.1,-2.2,-0.153,0.096,-0.06,2.008,17.09,OFF,PAPER,1756
2.68,MANUAL,IDLE,,0,0.0,0.018,-6.005,1.2,0.004,0.023,0.0,-0.1,0.0,-2.2,-0.189,-0.354,0.102,2.013,12.92,OFF,PAPER,1756
2.7,MANUAL,IDLE,,0,0.0,0.018,-6.004,1.2,-0.004,0.014,0.0,-0.3,0.2,-2.0,0.061,0.14,0.093,1.994,10.67,OFF,PAPER,1756
2.72,MANUAL,IDLE,,0,0.0,0.018,-6.004,1.2,0.0,0.017,0.0,-0.3,0.1,-2.0,-0.289,0.055,0.038,1.976,6.96,OFF,PAPER,1756
2.74,MANUAL,IDLE,,0,0.0,0.018,-6.004,1.2,-0.01,0.02,0.0,-0.3,0.3,-1.9,0.231,0.215,-0.016,1.99,15.07,OFF,PAPER,1756
2.76,MANUAL,IDLE,,0,0.0,0.018,-6.003,1.2,-0.009,0.023,0.0,-0.2,0.3,-2.0,0.02,-0.109,0.015,2.009,14.42,OFF,PAPER,1756
2.78,MANUAL,IDLE,,0,0.0,0.017,-6.003,1.2,-0.008,0.029,0.0,-0.1,0.2,-1.9,0.055,-0.015,0.054,1.998,14.74,OFF,PAPER,1756
2.8,MANUAL,IDLE,,0,0.0,0.017,-6.002,1.2,-0.006,0.032,0.0,-0.1,0.2,-1.9,0.248,0.186,0.017,1.966,6.66,OFF,PAPER,1756
2.82,MANUAL,IDLE,,0,0.0,0.017,-6.001,1.2,-0.005,0.037,0.0,0.1,0.2,-1.9,-0.14,0.118,0.007,2.023,14.42,OFF,PAPER,1756
2.84,MANUAL,IDLE,,0,0.0,0.017,-6.001,1.2,-0.001,0.031,0.0,0.0,0.2,-1.9,-0.16,0.037,-0.006,1.978,11.83,OFF,PAPER,1756
2.86,MANUAL,IDLE,,0,0.0,0.017,-6.0,1.2,0.0,0.031,0.0,-0.0,0.1,-1.9,-0.118,-0.02,0.004,1.968,10.45,OFF,PAPER,1756
2.88,MANUAL,IDLE,,0,0.0,0.017,-5.999,1.2,0.003,0.038,0.0,-0.0,0.0,-2.0,0.154,0.016,-0.053,2.001,13.59,OFF,PAPER,1756
2.9,MANUAL,IDLE,,0,0.0,0.017,-5.999,1.2,-0.011,0.037,0.0,-0.0,0.1,-2.0,0.139,-0.015,-0.054,1.988,10.4,OFF,PAPER,1756
2.92,MANUAL,IDLE,,0,0.0,0.017,-5.998,1.2,-0.006,0.04,0.0,0.1,0.0,-2.1,0.032,-0.434,-0.108,1.994,10.81,OFF,PAPER,1756
2.94,MANUAL,IDLE,,0,0.0,0.017,-5.997,1.2,-0.004,0.043,0.0,0.1,-0.1,-2.2,-0.11,0.416,-0.029,1.976,8.56,OFF,PAPER,1756
2.96,MANUAL,IDLE,,0,0.0,0.017,-5.996,1.2,-0.005,0.041,0.0,0.1,-0.1,-2.2,-0.27,-0.093,-0.05,2.01,16.0,OFF,PAPER,1756
2.98,MANUAL,IDLE,,0,0.0,0.017,-5.995,1.2,-0.005,0.047,0.0,0.1,-0.0,-2.3,-0.059,0.252,-0.018,1.982,11.52,OFF,PAPER,1756
3.0,MANUAL,IDLE,,0,0.0,0.017,-5.994,1.2,-0.006,0.054,0.0,0.2,-0.1,-2.3,0.17,0.048,-0.107,1.963,7.6,OFF,PAPER,1756
3.02,MANUAL,IDLE,,0,0.0,0.016,-5.993,1.2,-0.007,0.05,0.0,0.2,-0.2,-2.5,-0.485,0.129,-0.133,2.004,14.3,OFF,PAPER,1756
3.04,MANUAL,IDLE,,0,0.0,0.016,-5.992,1.2,-0.005,0.037,0.0,-0.0,-0.2,-2.6,0.057,0.115,-0.136,1.963,6.88,OFF,PAPER,1756
3.06,MANUAL,IDLE,,0,0.0,0.016,-5.992,1.2,0.003,0.037,0.0,-0.0,-0.3,-2.7,-0.242,-0.246,0.039,1.965,6.14,OFF,PAPER,1756
3.08,MANUAL,IDLE,,0,0.0,0.016,-5.991,1.2,0.004,0.043,0.0,-0.0,-0.4,-2.6,0.109,-0.138,0.115,2.005,12.62,OFF,PAPER,1756
3.1,MANUAL,IDLE,,0,0.0,0.016,-5.99,1.2,-0.004,0.04,0.0,0.1,-0.3,-2.6,-0.445,0.215,-0.01,1.964,3.86,OFF,PAPER,1756
3.12,MANUAL,IDLE,,0,0.0,0.016,-5.989,1.2,-0.005,0.043,0.0,-0.0,-0.2,-2.6,0.346,-0.321,0.047,1.995,11.8,OFF,PAPER,1756
3.14,MANUAL,IDLE,,0,0.0,0.016,-5.988,1.2,-0.005,0.047,0.0,0.1,-0.2,-2.5,0.362,0.004,-0.029,1.977,12.1,OFF,PAPER,1756
3.16,MANUAL,IDLE,,0,0.0,0.016,-5.987,1.2,-0.007,0.049,0.0,0.2,-0.2,-2.6,0.057,0.023,-0.059,1.967,4.78,OFF,PAPER,1756
3.18,MANUAL,IDLE,,0,0.0,0.016,-5.986,1.2,-0.001,0.048,0.0,0.2,-0.3,-2.6,-0.081,0.021,0.064,1.982,11.15,OFF,PAPER,1756
3.2,MANUAL,IDLE,,0,0.0,0.016,-5.985,1.2,-0.009,0.046,0.0,0.2,-0.2,-2.5,-0.135,0.214,0.062,1.98,11.11,OFF,PAPER,1756
3.22,MANUAL,IDLE,,0,0.0,0.016,-5.984,1.2,-0.018,0.048,0.0,0.3,-0.1,-2.4,-0.02,-0.034,0.042,1.965,5.24,OFF,PAPER,1756
3.24,MANUAL,IDLE,,0,0.0,0.015,-5.983,1.2,-0.016,0.049,0.0,0.3,-0.0,-2.5,-0.121,0.124,-0.111,1.99,10.15,OFF,PAPER,1756
3.26,MANUAL,IDLE,,0,0.0,0.015,-5.982,1.2,-0.015,0.047,0.0,0.2,-0.1,-2.6,-0.058,-0.248,-0.005,2.002,11.54,OFF,PAPER,1756
3.28,MANUAL,IDLE,,0,0.0,0.015,-5.981,1.2,-0.013,0.05,0.0,0.2,-0.1,-2.6,0.051,-0.213,0.033,1.975,6.53,OFF,PAPER,1756
3.3,MANUAL,IDLE,,0,0.0,0.014,-5.98,1.2,-0.008,0.057,0.0,0.3,-0.2,-2.6,0.058,-0.056,-0.039,1.971,7.93,OFF,PAPER,1756
3.32,MANUAL,IDLE,,0,0.0,0.014,-5.979,1.2,-0.008,0.053,0.0,0.3,-0.2,-2.6,-0.194,-0.275,-0.013,2.021,16.97,OFF,PAPER,1756
3.34,MANUAL,IDLE,,0,0.0,0.014,-5.978,1.2,-0.004,0.065,0.0,0.4,-0.2,-2.6,0.18,-0.022,-0.015,2.002,13.62,OFF,PAPER,1756
3.36,MANUAL,IDLE,,0,0.0,0.014,-5.977,1.2,-0.008,0.063,0.0,0.5,-0.2,-2.5,-0.234,-0.014,0.111,1.981,13.93,OFF,PAPER,1756
3.38,MANUAL,IDLE,,0,0.0,0.014,-5.975,1.2,-0.01,0.057,0.0,0.4,-0.1,-2.4,-0.31,0.05,0.154,2.026,16.96,OFF,PAPER,1756
3.4,MANUAL,IDLE,,0,0.0,0.014,-5.974,1.2,-0.013,0.06,0.0,0.4,-0.1,-2.2,-0.076,-0.288,0.123,2.007,12.29,OFF,PAPER,1756
3.42,MANUAL,IDLE,,0,0.0,0.013,-5.973,1.2,-0.009,0.059,0.0,0.3,-0.1,-2.1,-0.216,0.15,0.046,1.987,9.73,OFF,PAPER,1756
3.44,MANUAL,IDLE,,0,0.0,0.013,-5.972,1.2,-0.013,0.06,0.0,0.2,0.0,-2.2,-0.309,0.164,-0.128,1.995,12.11,OFF,PAPER,1756
3.46,MANUAL,IDLE,,0,0.0,0.013,-5.971,1.2,-0.013,0.057,0.0,0.2,0.0,-2.4,-0.142,0.046,-0.138,2.008,12.28,OFF,PAPER,1756
3.48,MANUAL,IDLE,,0,0.0,0.013,-5.969,1.2,-0.011,0.064,0.0,0.3,-0.0,-2.6,-0.316,-0.122,-0.2,1.984,8.55,OFF,PAPER,1756
3.5,MANUAL,IDLE,,0,0.0,0.012,-5.968,1.2,-0.01,0.067,0.0,0.3,0.0,-2.7,0.167,-0.095,-0.034,2.013,15.0,OFF,PAPER,1756
3.52,MANUAL,IDLE,,0,0.0,0.012,-5.967,1.2,-0.017,0.077,0.0,0.5,0.1,-2.7,0.166,0.122,0.0,1.998,13.59,OFF,PAPER,1756
3.54,MANUAL,IDLE,,0,0.0,0.012,-5.965,1.2,-0.012,0.078,0.0,0.6,0.1,-2.7,-0.032,-0.05,0.014,1.99,14.32,OFF,PAPER,1756
3.56,MANUAL,IDLE,,0,0.0,0.012,-5.964,1.2,-0.011,0.073,0.0,0.5,0.1,-2.7,-0.219,0.143,0.033,1.977,10.73,OFF,PAPER,1756
3.58,MANUAL,IDLE,,0,0.0,0.012,-5.962,1.2,-0.015,0.074,0.0,0.5,0.1,-2.7,-0.052,0.207,0.036,1.994,10.87,OFF,PAPER,1756
3.6,MANUAL,IDLE,,0,0.0,0.011,-5.961,1.2,-0.003,0.07,0.0,0.5,-0.1,-2.7,0.001,-0.074,0.077,1.989,10.57,OFF,PAPER,1756
3.62,MANUAL,IDLE,,0,0.0,0.011,-5.959,1.2,-0.004,0.072,0.0,0.5,-0.2,-2.6,0.087,0.143,0.013,1.99,14.26,OFF,PAPER,1756
3.64,MANUAL,IDLE,,0,0.0,0.011,-5.958,1.2,-0.002,0.072,0.0,0.5,-0.3,-2.6,0.146,-0.166,0.08,1.962,5.86,OFF,PAPER,1756
3.66,MANUAL,IDLE,,0,0.0,0.011,-5.957,1.2,0.006,0.066,0.0,0.5,-0.3,-2.5,0.397,-0.055,0.021,1.973,6.97,OFF,PAPER,1756
3.68,MANUAL,IDLE,,0,0.0,0.011,-5.955,1.2,0.003,0.062,0.0,0.5,-0.3,-2.6,-0.006,0.152,-0.146,1.988,9.21,OFF,PAPER,1756
3.7,MANUAL,IDLE,,0,0.0,0.011,-5.954,1.2,0.0,0.058,0.0,0.5,-0.3,-2.8,-0.277,-0.086,-0.14,1.999,13.01,OFF,PAPER,1756
3.72,MANUAL,IDLE,,0,0.0,0.011,-5.953,1.2,-0.008,0.048,0.0,0.1,-0.2,-3.0,-0.278,0.183,-0.161,1.973,11.04,OFF,PAPER,1756
3.74,MANUAL,IDLE,,0,0.0,0.011,-5.952,1.2,-0.008,0.045,0.0,0.1,-0.2,-3.1,-0.307,-0.155,-0.054,1.987,10.92,OFF,PAPER,1756
3.76,MANUAL,IDLE,,0,0.0,0.011,-5.951,1.2,-0.013,0.044,0.0,0.1,-0.1,-3.1,0.15,0.31,0.011,1.999,11.53,OFF,PAPER,1756
3.78,MANUAL,IDLE,,0,0.0,0.011,-5.95,1.2,-0.013,0.045,0.0,0.2,-0.1,-3.1,0.171,0.02,-0.099,1.989,10.11,OFF,PAPER,1756
3.8,MANUAL,IDLE,,0,0.0,0.011,-5.949,1.2,-0.006,0.048,0.0,0.3,-0.2,-3.2,-0.026,0.039,-0.018,1.982,8.72,OFF,PAPER,1756
3.82,MANUAL,IDLE,,0,0.0,0.01,-5.948,1.2,-0.003,0.043,0.0,0.2,-0.2,-3.2,0.12,-0.142,-0.033,2.004,11.79,OFF,PAPER,1756
3.84,MANUAL,IDLE,,0,0.0,0.01,-5.947,1.2,0.006,0.042,0.0,0.2,-0.3,-3.3,-0.144,-0.215,-0.058,2.015,15.51,OFF,PAPER,1756
3.86,MANUAL,IDLE,,0,0.0,0.011,-5.947,1.2,0.003,0.043,0.0,0.2,-0.2,-3.3,-0.017,-0.028,0.038,1.984,9.15,OFF,PAPER,1756
3.88,MANUAL,IDLE,,0,0.0,0.011,-5.946,1.2,0.004,0.047,0.0,0.2,-0.3,-3.2,0.149,0.186,-0.002,1.977,8.86,OFF,PAPER,1756
3.9,MANUAL,IDLE,,0,0.0,0.011,-5.945,1.2,0.005,0.044,0.0,0.1,-0.3,-3.2,0.297,-0.057,0.111,1.999,11.49,OFF,PAPER,1756
3.92,MANUAL,IDLE,,0,0.0,0.011,-5.944,1.2,0.002,0.04,0.0,0.1,-0.2,-3.1,0.187,-0.198,0.108,1.962,7.5,OFF,PAPER,1756
3.94,MANUAL,IDLE,,0,0.0,0.011,-5.943,1.2,-0.002,0.035,0.0,0.1,-0.1,-2.9,-0.214,0.206,0.078,1.995,13.32,OFF,PAPER,1756
3.96,MANUAL,IDLE,,0,0.0,0.011,-5.943,1.2,0.0,0.038,0.0,0.1,-0.1,-2.8,-0.141,0.202,0.113,1.981,10.18,OFF,PAPER,1756
3.98,MANUAL,IDLE,,0,0.0,0.011,-5.942,1.2,-0.001,0.028,0.0,-0.1,-0.2,-2.7,0.211,0.205,0.04,1.967,4.28,OFF,PAPER,1756
4.0,MANUAL,IDLE,,0,0.0,0.011,-5.942,1.2,-0.007,0.023,0.0,-0.1,-0.1,-2.6,0.019,0.176,0.184,2.025,14.6,OFF,PAPER,1756
4.02,MANUAL,IDLE,,0,0.0,0.011,-5.941,1.2,-0.01,0.024,0.0,-0.2,-0.0,-2.3,0.061,0.183,0.249,1.991,13.28,OFF,PAPER,1756
4.04,MANUAL,IDLE,,0,0.0,0.01,-5.941,1.2,-0.004,0.024,0.0,-0.3,-0.1,-2.0,-0.481,0.016,0.281,2.001,12.66,OFF,PAPER,1756
4.06,MANUAL,IDLE,,0,0.0,0.01,-5.94,1.2,-0.004,0.017,0.0,-0.4,-0.1,-1.7,0.022,-0.133,0.171,1.989,12.12,OFF,PAPER,1756
4.08,MANUAL,IDLE,,0,0.0,0.01,-5.94,1.2,-0.008,0.015,0.0,-0.3,-0.0,-1.5,-0.105,0.039,0.17,2.007,14.11,OFF,PAPER,1756
4.1,MANUAL,IDLE,,0,0.0,0.01,-5.94,1.2,-0.005,0.018,0.0,-0.3,-0.0,-1.4,0.427,-0.072,0.114,1.986,12.84,OFF,PAPER,1756
4.12,MANUAL,IDLE,,0,0.0,0.01,-5.939,1.2,-0.01,0.016,0.0,-0.4,-0.0,-1.3,-0.211,-0.329,0.022,1.964,5.79,OFF,PAPER,1756
4.14,MANUAL,IDLE,,0,0.0,0.01,-5.939,1.2,-0.005,0.026,0.0,-0.3,-0.2,-1.3,0.206,0.393,-0.027,1.972,5.78,OFF,PAPER,1756
4.16,MANUAL,IDLE,,0,0.0,0.01,-5.938,1.2,0.0,0.017,0.0,-0.5,-0.3,-1.3,0.106,0.047,-0.053,1.965,3.9,OFF,PAPER,1756
4.18,MANUAL,IDLE,,0,0.0,0.01,-5.938,1.2,0.003,0.02,0.0,-0.4,-0.3,-1.4,-0.019,0.217,-0.024,1.977,7.54,OFF,PAPER,1756
4.2,MANUAL,IDLE,,0,0.0,0.01,-5.938,1.2,0.003,0.017,0.0,-0.4,-0.3,-1.4,0.387,0.218,-0.095,1.973,6.41,OFF,PAPER,1756
4.22,MANUAL,IDLE,,0,0.0,0.01,-5.937,1.2,-0.002,0.013,0.0,-0.5,-0.3,-1.6,0.219,-0.03,-0.07,2.009,13.79,OFF,PAPER,1756
4.24,MANUAL,IDLE,,0,0.0,0.01,-5.937,1.2,-0.002,0.026,0.0,-0.3,-0.2,-1.7,-0.115,-0.269,-0.076,1.966,11.36,OFF,PAPER,1756
4.26,MANUAL,IDLE,,0,0.0,0.01,-5.936,1.2,-0.003,0.025,0.0,-0.3,-0.3,-1.7,-0.089,-0.099,-0.039,2.004,13.08,OFF,PAPER,1756
4.28,MANUAL,IDLE,,0,0.0,0.01,-5.936,1.2,-0.004,0.03,0.0,-0.2,-0.2,-1.8,0.203,0.177,0.021,2.007,12.6,OFF,PAPER,1756
4.3,MANUAL,IDLE,,0,0.0,0.01,-5.935,1.2,-0.004,0.03,0.0,-0.1,-0.2,-1.7,-0.071,-0.152,-0.01,1.979,7.91,OFF,PAPER,1756
4.32,MANUAL,IDLE,,0,0.0,0.009,-5.935,1.2,-0.007,0.031,0.0,-0.1,-0.2,-1.8,0.051,0.115,-0.024,1.964,5.05,OFF,PAPER,1756
4.34,MANUAL,IDLE,,0,0.0,0.009,-5.934,1.2,-0.008,0.031,0.0,-0.1,-0.2,-1.8,-0.197,0.239,-0.062,1.972,5.92,OFF,PAPER,1756
4.36,MANUAL,IDLE,,0,0.0,0.009,-5.933,1.2,-0.013,0.031,0.0,-0.1,-0.1,-1.9,0.168,0.22,0.036,1.973,6.27,OFF,PAPER,1756
4.38,MANUAL,IDLE,,0,0.0,0.009,-5.933,1.2,-0.01,0.028,0.0,-0.1,-0.1,-1.8,-0.295,0.092,-0.034,1.976,9.74,OFF,PAPER,1756
4.4,MANUAL,IDLE,,0,0.0,0.009,-5.932,1.2,-0.015,0.034,0.0,-0.1,-0.1,-1.8,0.305,0.063,0.13,2.007,14.35,OFF,PAPER,1756
4.42,MANUAL,IDLE,,0,0.0,0.008,-5.932,1.2,-0.011,0.033,0.0,-0.1,-0.2,-1.7,-0.199,-0.208,0.102,1.991,9.76,OFF,PAPER,1756
4.44,MANUAL,IDLE,,0,0.0,0.008,-5.931,1.2,-0.023,0.038,0.0,-0.1,-0.0,-1.6,0.048,0.24,0.035,1.988,9.38,OFF,PAPER,1756
4.46,MANUAL,IDLE,,0,0.0,0.008,-5.93,1.2,-0.01,0.03,0.0,-0.1,-0.3,-1.5,-0.067,-0.343,0.1,1.985,9.99,OFF,PAPER,1756
4.48,MANUAL,IDLE,,0,0.0,0.008,-5.93,1.2,-0.008,0.029,0.0,-0.1,-0.3,-1.3,-0.005,-0.025,0.086,1.98,13.15,OFF,PAPER,1756
4.5,MANUAL,IDLE,,0,0.0,0.007,-5.929,1.2,-0.004,0.027,0.0,-0.0,-0.3,-1.3,-0.072,0.05,0.005,1.994,11.04,OFF,PAPER,1756
4.52,MANUAL,IDLE,,0,0.0,0.007,-5.928,1.2,-0.013,0.03,0.0,0.0,-0.2,-1.3,0.149,-0.115,-0.008,2.011,13.02,OFF,PAPER,1756
4.54,MANUAL,IDLE,,0,0.0,0.007,-5.928,1.2,-0.014,0.017,0.0,-0.1,-0.2,-1.3,-0.26,-0.095,-0.026,2.019,16.23,OFF,PAPER,1756
4.56,MANUAL,IDLE,,0,0.0,0.007,-5.928,1.2,-0.018,0.018,0.0,-0.2,-0.2,-1.2,0.207,0.001,0.073,1.985,13.02,OFF,PAPER,1756
4.58,MANUAL,IDLE,,0,0.0,0.006,-5.927,1.2,-0.014,0.018,0.0,-0.1,-0.2,-1.1,0.114,-0.221,0.101,1.977,11.77,OFF,PAPER,1756
4.6,MANUAL,IDLE,,0,0.0,0.006,-5.927,1.2,-0.022,0.024,0.0,-0.1,-0.1,-1.0,0.27,0.213,0.141,1.968,9.81,OFF,PAPER,1756
4.62,MANUAL,IDLE,,0,0.0,0.005,-5.926,1.2,-0.022,0.023,0.0,-0.0,0.0,-0.8,-0.213,0.138,0.175,1.981,8.77,OFF,PAPER,1756
4.64,MANUAL,IDLE,,0,0.0,0.005,-5.926,1.2,-0.027,0.023,0.0,-0.0,0.2,-0.6,-0.1,-0.187,0.15,1.996,12.74,OFF,PAPER,1756
4.66,MANUAL,IDLE,,0,0.0,0.004,-5.925,1.2,-0.024,0.023,0.0,-0.1,0.1,-0.5,-0.03,-0.193,0.12,1.978,11.35,OFF,PAPER,1756
4.68,MANUAL,IDLE,,0,0.0,0.004,-5.925,1.2,-0.027,0.02,0.0,-0.1,0.1,-0.4,-0.097,0.199,0.068,1.976,11.18,OFF,PAPER,1756
4.7,MANUAL,IDLE,,0,0.0,0.003,-5.925,1.2,-0.022,0.014,0.0,-0.2,0.0,-0.4,-0.414,-0.159,-0.069,1.996,14.05,OFF,PAPER,1756
4.72,MANUAL,IDLE,,0,0.0,0.003,-5.924,1.2,-0.024,0.015,0.0,-0.3,0.0,-0.5,-0.232,-0.246,-0.079,1.969,5.34,OFF,PAPER,1756
4.74,MANUAL,IDLE,,0,0.0,0.003,-5.924,1.2,-0.02,0.01,0.0,-0.4,-0.2,-0.5,0.06,-0.095,-0.004,2.015,13.73,OFF,PAPER,1756
4.76,MANUAL,IDLE,,0,0.0,0.002,-5.924,1.2,-0.025,0.013,0.0,-0.3,-0.1,-0.5,-0.143,0.105,0.053,1.974,7.52,OFF,PAPER,1756
4.78,MANUAL,IDLE,,0,0.0,0.002,-5.924,1.2,-0.027,0.015,0.002,-0.3,-0.0,-0.5,-0.117,0.345,-0.011,2.009,6.49,OFF,PAPER,1756
4.8,MANUAL,IDLE,,0,0.0,0.001,-5.923,1.2,-0.03,0.015,0.005,-0.3,-0.0,-0.5,-0.036,0.101,0.024,2.033,13.78,OFF,PAPER,1756
4.82,MANUAL,IDLE,,0,0.0,0.0,-5.923,1.2,-0.026,0.017,0.008,-0.3,-0.0,-0.5,-0.324,-0.066,-0.156,2.011,9.73,OFF,PAPER,1756
4.84,MANUAL,IDLE,,0,0.0,-0.0,-5.923,1.2,-0.019,0.011,0.011,-0.4,-0.2,-0.8,0.157,-0.516,-0.263,2.045,14.72,OFF,PAPER,1756
4.86,MANUAL,IDLE,,0,0.0,-0.0,-5.922,1.201,-0.024,0.016,0.014,-0.4,-0.2,-1.1,0.275,0.36,-0.248,2.036,19.58,OFF,PAPER,1756
4.88,MANUAL,IDLE,,0,0.0,-0.001,-5.922,1.201,-0.023,0.016,0.016,-0.4,0.3,-1.4,0.243,0.686,-0.214,1.991,12.12,OFF,PAPER,1756
4.9,MANUAL,IDLE,,0,0.0,-0.001,-5.922,1.201,-0.022,0.013,0.018,-0.3,1.1,-1.6,-0.024,0.816,-0.126,2.015,28.65,OFF,PAPER,1756
4.92,MANUAL,IDLE,,0,0.0,-0.002,-5.921,1.202,-0.018,0.02,0.02,-0.2,2.1,-1.8,-0.007,0.792,-0.161,1.99,22.14,OFF,PAPER,1756
4.94,MANUAL,IDLE,,0,0.0,-0.0,-6.0,1.2,-0.0,0.0,0.0,-0.0,0.0,-0.0,-0.011,0.023,-0.004,2.008,14.45,OFF,PAPER,1756
4.96,MANUAL,IDLE,,0,0.0,-0.0,-6.0,1.2,-0.003,0.008,-0.0,-0.4,0.0,-0.0,-0.825,-0.085,-0.072,1.983,18.13,OFF,PAPER,1756
4.98,MANUAL,IDLE,,0,0.0,-0.0,-6.0,1.2,0.002,0.013,0.0,-1.2,-0.1,-0.1,-0.698,-0.268,-0.084,1.985,15.3,OFF,PAPER,1756
5.0,MANUAL,IDLE,,0,0.0,-0.0,-5.999,1.2,-0.004,0.022,0.0,-1.7,-0.0,-0.2,-0.105,-0.083,-0.028,1.987,12.84,OFF,PAPER,1756
5.02,MANUAL,IDLE,,0,0.0,-0.0,-5.999,1.2,-0.002,0.021,0.0,-1.8,-0.1,-0.2,-0.284,0.278,-0.016,1.976,9.39,OFF,PAPER,1756
5.04,MANUAL,IDLE,,0,0.0,-0.0,-6.0,1.2,-0.0,-0.0,-0.0,-0.0,0.0,0.0,-0.01,0.022,0.001,2.013,15.41,OFF,PAPER,1756
5.06,MANUAL,IDLE,,0,0.0,-0.0,-6.0,1.2,-0.002,-0.008,0.0,-0.1,0.0,0.0,-0.4,0.115,0.072,1.971,5.63,OFF,PAPER,1756
5.08,MANUAL,IDLE,,0,0.0,-0.0,-6.0,1.2,-0.002,-0.005,-0.0,-0.0,0.1,0.0,-0.449,0.351,0.003,1.997,11.72,OFF,PAPER,1756
5.1,MANUAL,IDLE,,0,0.0,-0.0,-6.0,1.2,-0.004,-0.002,0.0,0.0,0.1,0.0,0.089,0.069,-0.103,1.992,11.89,OFF,PAPER,1756
5.12,MANUAL,IDLE,,0,0.0,-0.0,-6.0,1.2,-0.0,-0.003,0.0,-0.0,0.1,-0.1,0.085,-0.142,-0.108,1.998,13.4,OFF,PAPER,1756
5.14,MANUAL,IDLE,,0,0.0,-0.0,-6.0,1.2,0.003,0.001,-0.0,0.1,0.0,-0.2,0.266,-0.413,-0.093,1.989,11.74,OFF,PAPER,1756
5.16,MANUAL,IDLE,,0,0.0,-0.0,-6.0,1.2,0.007,-0.001,-0.0,0.1,-0.1,-0.3,-0.076,-0.257,-0.097,1.989,11.32,OFF,PAPER,1756
5.18,MANUAL,IDLE,,0,0.0,0.0,-6.0,1.2,0.004,-0.005,-0.0,0.1,-0.2,-0.4,0.076,0.18,-0.134,1.979,13.69,OFF,PAPER,1756
5.2,MANUAL,IDLE,,0,0.0,0.0,-6.0,1.2,-0.001,-0.003,0.0,0.1,-0.1,-0.5,-0.167,0.111,-0.122,2.012,14.9,OFF,PAPER,1756
5.22,MANUAL,IDLE,,0,0.0,0.0,-6.0,1.2,0.0,0.0,-0.0,0.0,-0.0,-0.0,0.013,-0.02,-0.002,2.008,12.85,OFF,PAPER,1756
5.24,MANUAL,IDLE,,0,0.0,0.0,-6.0,1.2,0.0,-0.001,0.0,-0.0,0.0,-0.0,0.226,-0.037,-0.045,1.966,4.57,OFF,PAPER,1756
5.26,MANUAL,IDLE,,0,0.0,0.0,-6.0,1.2,0.001,0.002,0.0,-0.0,-0.0,-0.1,-0.053,0.301,0.013,1.999,12.84,OFF,PAPER,1756
5.28,MANUAL,IDLE,,0,0.0,0.0,-6.0,1.2,-0.001,-0.006,0.0,-0.1,0.1,-0.1,-0.261,0.093,-0.062,1.982,10.4,OFF,PAPER,1756
5.3,MANUAL,IDLE,,0,0.0,0.0,-6.0,1.2,0.006,-0.003,0.0,-0.1,0.1,-0.2,0.102,-0.141,-0.031,1.979,7.6,OFF,PAPER,1756
5.32,MANUAL,IDLE,,0,0.0,0.0,-6.0,1.2,0.012,-0.001,0.0,-0.1,-0.1,-0.2,0.044,-0.338,-0.032,1.968,5.81,OFF,PAPER,1756
5.34,MANUAL,IDLE,,0,0.0,0.0,-6.0,1.2,0.005,0.0,0.0,0.1,-0.0,-0.2,0.137,0.251,0.003,1.974,7.41,OFF,PAPER,1756
5.36,MANUAL,IDLE,,0,0.0,0.001,-6.0,1.2,0.003,0.0,0.0,0.1,0.0,-0.2,0.274,0.173,0.05,1.984,8.85,OFF,PAPER,1756
5.38,MANUAL,IDLE,,0,0.0,0.001,-6.0,1.2,-0.006,-0.005,0.0,0.1,0.2,-0.2,-0.079,0.236,-0.062,1.98,12.45,OFF,PAPER,1756
5.4,MANUAL,IDLE,,0,0.0,0.0,-6.0,1.2,-0.001,-0.004,0.0,0.1,0.1,-0.3,0.062,-0.069,-0.104,1.98,14.12,OFF,PAPER,1756
5.42,MANUAL,IDLE,,0,0.0,0.0,-6.0,1.2,-0.003,0.001,0.0,0.2,0.1,-0.4,-0.434,0.116,-0.02,1.999,12.65,OFF,PAPER,1756
5.44,MANUAL,IDLE,,0,0.0,0.0,-6.0,1.2,-0.003,0.008,0.0,0.1,0.0,-0.4,0.314,-0.03,0.074,1.985,9.68,OFF,PAPER,1756
5.46,MANUAL,IDLE,,0,0.0,0.0,-6.0,1.2,-0.004,0.017,0.0,0.2,0.0,-0.3,0.107,-0.061,0.069,1.994,11.33,OFF,PAPER,1756
5.48,MANUAL,IDLE,,0,0.0,0.0,-6.0,1.2,0.002,0.021,0.0,0.3,-0.0,-0.1,0.38,-0.13,0.137,1.988,12.92,OFF,PAPER,1756
5.5,MANUAL,IDLE,,0,0.0,0.0,-5.999,1.2,0.009,0.022,0.0,0.4,-0.1,0.0,0.134,-0.4,0.102,1.976,12.4,OFF,PAPER,1756
5.52,MANUAL,IDLE,,0,0.0,0.0,-5.999,1.2,0.004,0.021,0.0,0.4,-0.1,0.1,-0.081,0.167,-0.015,2.008,12.51,OFF,PAPER,1756
5.54,MANUAL,IDLE,,0,0.0,0.001,-5.998,1.2,0.007,0.024,0.0,0.4,-0.2,0.2,0.173,-0.163,0.059,1.971,11.43,OFF,PAPER,1756
5.56,MANUAL,IDLE,,0,0.0,0.001,-5.998,1.2,0.01,0.021,0.0,0.4,-0.2,0.2,-0.149,-0.002,0.04,1.972,12.28,OFF,PAPER,1756
5.58,MANUAL,IDLE,,0,0.0,0.001,-5.997,1.2,0.011,0.014,0.0,0.3,-0.2,0.2,-0.154,-0.046,-0.068,1.979,8.45,OFF,PAPER,1756
5.6,MANUAL,IDLE,,0,0.0,0.001,-5.997,1.2,0.01,0.002,0.0,0.0,-0.1,0.2,-0.437,0.324,-0.026,1.982,11.51,OFF,PAPER,1756
5.62,MANUAL,IDLE,,0,0.0,0.001,-5.997,1.2,0.009,0.005,0.0,0.0,0.0,0.1,0.193,0.002,-0.119,1.998,12.62,OFF,PAPER,1756
5.64,MANUAL,IDLE,,0,0.0,0.001,-5.997,1.2,0.006,0.011,0.0,0.2,0.1,-0.0,0.247,0.1,-0.122,1.965,5.79,OFF,PAPER,1756
5.66,MANUAL,IDLE,,0,0.0,0.001,-5.997,1.2,0.002,0.009,0.0,0.1,0.2,-0.1,0.147,0.059,0.026,1.995,14.72,OFF,PAPER,1756
5.68,MANUAL,IDLE,,0,0.0,0.002,-5.997,1.2,0.007,0.012,0.0,0.1,0.1,-0.1,-0.166,-0.115,0.096,1.988,11.35,OFF,PAPER,1756
5.7,MANUAL,IDLE,,0,0.0,0.002,-5.996,1.2,0.01,0.017,0.0,0.3,0.1,0.0,-0.046,-0.166,0.088,1.997,14.46,OFF,PAPER,1756
5.72,MANUAL,IDLE,,0,0.0,0.002,-5.996,1.2,0.027,0.011,0.0,0.2,0.1,0.1,-0.244,0.072,0.031,1.967,14.24,OFF,PAPER,1756
5.74,MANUAL,IDLE,,0,0.0,0.002,-5.996,1.2,0.026,0.012,0.0,0.3,0.8,0.1,-0.222,0.537,0.031,1.998,16.5,OFF,PAPER,1756
5.76,MANUAL,IDLE,,0,0.0,0.003,-5.996,1.2,0.031,0.007,0.0,0.2,1.7,0.2,-0.219,1.022,0.167,2.003,13.62,OFF,PAPER,1756
5.78,MANUAL,IDLE,,0,0.0,0.004,-5.995,1.2,0.031,0.004,0.0,0.1,2.8,0.3,-0.031,0.892,0.062,2.033,12.91,OFF,PAPER,1756
5.8,MANUAL,IDLE,,0,0.0,0.004,-5.995,1.2,0.042,0.017,0.0,0.4,3.6,0.4,-0.079,0.326,0.069,1.979,16.25,OFF,PAPER,1756
5.82,MANUAL,IDLE,,0,0.0,0.005,-5.995,1.2,0.046,0.021,0.0,0.5,3.9,0.5,0.231,0.347,0.103,2.02,11.43,OFF,PAPER,1756
5.84,MANUAL,IDLE,,0,0.0,0.006,-5.994,1.2,0.062,0.013,0.0,0.3,3.9,0.6,-0.079,-0.164,-0.015,1.983,14.73,OFF,PAPER,1756
5.86,MANUAL,IDLE,,0,0.0,0.008,-5.994,1.2,0.074,0.015,0.0,0.2,3.9,0.5,-0.056,0.13,-0.089,1.983,11.04,OFF,PAPER,1756
5.88,MANUAL,IDLE,,0,0.0,0.009,-5.994,1.2,0.081,0.016,0.0,0.2,3.8,0.4,0.027,-0.072,-0.003,2.004,14.78,OFF,PAPER,1756
5.9,MANUAL,IDLE,,0,0.0,0.011,-5.994,1.2,0.095,0.005,0.0,0.1,3.7,0.4,-0.29,-0.362,-0.016,1.968,6.78,OFF,PAPER,1756
5.92,MANUAL,IDLE,,0,0.0,0.013,-5.994,1.2,0.113,0.006,0.0,0.2,3.3,0.3,0.006,0.025,-0.117,1.979,8.52,OFF,PAPER,1756
5.94,MANUAL,IDLE,,0,0.0,0.015,-5.993,1.2,0.122,0.011,0.0,0.3,3.2,0.2,-0.261,-0.374,-0.111,2.05,18.84,OFF,PAPER,1756
5.96,MANUAL,IDLE,,0,0.0,0.018,-5.993,1.2,0.131,0.011,0.0,0.3,3.1,0.1,0.0,-0.285,-0.046,1.981,8.2,OFF,PAPER,1756
5.98,MANUAL,IDLE,,0,0.0,0.021,-5.993,1.2,0.143,0.007,0.0,0.0,2.8,0.1,-0.554,0.101,0.057,1.984,14.45,OFF,PAPER,1756
6.0,MANUAL,IDLE,,0,0.0,0.024,-5.993,1.2,0.144,0.01,0.0,-0.5,2.8,0.2,-0.862,-0.165,0.127,2.004,28.16,OFF,PAPER,1756
6.02,MANUAL,IDLE,,0,0.0,0.027,-5.993,1.2,0.15,0.015,0.0,-1.4,2.7,0.4,-0.75,0.112,0.123,2.004,31.25,OFF,PAPER,1756
6.04,MANUAL,IDLE,,0,0.0,0.03,-5.992,1.2,0.161,0.02,0.0,-2.3,2.1,0.5,-1.171,-0.608,0.071,1.973,23.87,OFF,PAPER,1756
6.06,MANUAL,IDLE,,0,0.0,0.033,-5.992,1.2,0.159,0.029,0.0,-3.4,1.4,0.5,-0.981,-0.78,-0.132,1.972,30.58,OFF,PAPER,1756
6.08,MANUAL,IDLE,,0,0.0,0.036,-5.991,1.2,0.162,0.041,0.0,-3.8,0.4,0.3,-0.395,-1.256,-0.318,1.979,32.7,OFF,PAPER,1756
6.1,MANUAL,IDLE,,0,0.0,0.039,-5.99,1.2,0.16,0.053,0.0,-4.0,-0.7,0.0,-0.026,-0.862,-0.292,1.982,23.26,OFF,PAPER,1756
6.12,MANUAL,IDLE,,0,0.0,0.043,-5.989,1.2,0.168,0.062,0.0,-3.9,-1.5,-0.2,0.292,-0.621,-0.187,1.974,12.08,OFF,PAPER,1756
6.14,MANUAL,IDLE,,0,0.0,0.046,-5.988,1.2,0.162,0.074,0.0,-3.9,-1.7,-0.4,0.021,-0.016,-0.2,1.97,4.78,OFF,PAPER,1756
6.16,MANUAL,IDLE,,0,0.0,0.049,-5.986,1.2,0.168,0.096,0.0,-3.6,-1.9,-0.6,0.42,0.006,-0.202,1.971,12.09,OFF,PAPER,1756
6.18,MANUAL,IDLE,,0,0.0,0.053,-5.984,1.2,0.161,0.108,0.0,-3.4,-1.8,-0.7,0.405,0.052,-0.11,1.981,16.59,OFF,PAPER,1756
6.2,MANUAL,IDLE,,0,0.0,0.056,-5.982,1.2,0.149,0.123,0.0,-2.8,-1.7,-0.9,0.532,0.237,-0.219,1.971,19.24,OFF,PAPER,1756
6.22,MANUAL,IDLE,,0,0.0,0.059,-5.979,1.2,0.147,0.12,-0.0,-1.9,-1.7,-1.2,0.641,-0.068,-0.288,1.982,13.08,OFF,PAPER,1756
6.24,MANUAL,IDLE,,0,0.0,0.062,-5.977,1.2,0.145,0.126,0.0,-0.8,-1.8,-1.5,1.12,0.116,-0.233,1.986,21.32,OFF,PAPER,1756
6.26,MANUAL,IDLE,,0,0.0,0.064,-5.974,1.2,0.136,0.136,0.0,-0.1,-1.6,-1.6,0.472,0.032,-0.075,2.003,9.0,OFF,PAPER,1756
6.28,MANUAL,IDLE,,0,0.0,0.067,-5.971,1.2,0.134,0.135,0.0,0.1,-1.6,-1.7,-0.087,0.165,-0.038,1.984,11.15,OFF,PAPER,1756
6.3,MANUAL,IDLE,,0,0.0,0.07,-5.969,1.2,0.134,0.129,0.0,0.0,-1.6,-1.8,-0.187,0.221,-0.112,1.985,8.64,OFF,PAPER,1756
6.32,MANUAL,IDLE,,0,0.0,0.073,-5.966,1.2,0.147,0.126,0.0,0.0,-1.8,-1.9,-0.003,-0.351,-0.111,1.985,9.66,OFF,PAPER,1756
6.34,MANUAL,IDLE,,0,0.0,0.076,-5.964,1.2,0.137,0.126,0.0,0.1,-1.7,-2.0,0.032,0.139,-0.037,1.963,3.16,OFF,PAPER,1756
6.36,MANUAL,IDLE,,0,0.0,0.078,-5.961,1.2,0.136,0.126,0.0,0.2,-1.7,-2.0,0.22,0.16,-0.03,1.965,5.87,OFF,PAPER,1756
6.38,MANUAL,IDLE,,0,0.0,0.081,-5.959,1.2,0.133,0.132,0.0,0.2,-1.7,-2.1,-0.021,0.428,-0.083,2.015,19.92,OFF,PAPER,1756
6.4,MANUAL,IDLE,,0,0.0,0.084,-5.956,1.2,0.135,0.126,-0.0,-0.3,-1.6,-2.1,-0.737,-0.16,-0.017,1.981,13.76,OFF,PAPER,1756
6.42,MANUAL,IDLE,,0,0.0,0.086,-5.953,1.2,0.132,0.139,-0.0,-1.0,-1.6,-2.2,-0.622,-0.078,-0.038,1.963,20.16,OFF,PAPER,1756
6.44,MANUAL,IDLE,,0,0.0,0.089,-5.95,1.2,0.121,0.149,-0.0,-1.4,-1.5,-2.1,0.035,0.291,0.122,1.968,9.21,OFF,PAPER,1756
6.46,MANUAL,IDLE,,0,0.0,0.091,-5.947,1.2,0.118,0.148,0.001,-1.7,-1.4,-2.0,-0.372,-0.095,0.167,2.003,9.5,OFF,PAPER,1756
6.48,MANUAL,IDLE,,0,0.0,0.094,-5.944,1.2,0.127,0.159,0.003,-1.7,-1.5,-1.8,0.001,-0.234,0.124,2.024,12.99,OFF,PAPER,1756
6.5,MANUAL,IDLE,,0,0.0,0.096,-5.941,1.2,0.118,0.171,0.008,-1.6,-1.4,-1.7,-0.139,-0.154,0.225,2.045,14.13,OFF,PAPER,1756
6.52,MANUAL,IDLE,,0,0.0,0.099,-5.937,1.2,0.121,0.186,0.015,-1.5,-1.5,-1.5,0.038,-0.024,0.082,2.059,10.77,OFF,PAPER,1756
6.54,MANUAL,IDLE,,0,0.0,0.101,-5.934,1.201,0.117,0.191,0.021,-1.4,-1.4,-1.4,0.159,-0.332,0.054,2.019,2.08,OFF,PAPER,1756
6.56,MANUAL,IDLE,,0,0.0,0.103,-5.93,1.201,0.11,0.192,0.026,-1.3,-1.3,-1.3,-0.399,0.167,0.043,2.051,11.11,OFF,PAPER,1756
6.58,MANUAL,IDLE,,0,0.0,0.105,-5.926,1.202,0.111,0.195,0.031,-1.4,-1.3,-1.3,-0.154,0.056,0.068,2.029,10.15,OFF,PAPER,1756
6.6,MANUAL,IDLE,,0,0.0,0.108,-5.922,1.202,0.114,0.205,0.035,-1.2,-1.3,-1.3,0.243,0.044,0.02,2.076,16.94,OFF,PAPER,1756
6.62,MANUAL,IDLE,,0,0.0,0.11,-5.918,1.203,0.098,0.212,0.039,-1.1,-1.0,-1.3,-0.028,0.11,-0.003,2.019,10.94,OFF,PAPER,1756
6.64,MANUAL,IDLE,,0,0.0,0.112,-5.914,1.204,0.103,0.209,0.043,-1.1,-1.1,-1.3,-0.07,-0.301,-0.068,2.012,11.57,OFF,PAPER,1756
6.66,MANUAL,IDLE,,0,0.0,0.114,-5.909,1.205,0.094,0.217,0.047,-1.0,-1.0,-1.4,0.231,-0.247,-0.101,2.057,17.91,OFF,PAPER,1756
6.68,MANUAL,IDLE,,0,0.0,0.116,-5.905,1.206,0.09,0.215,0.05,-1.0,-1.0,-1.6,-0.152,0.126,-0.122,2.027,13.09,LOW,PAPER,1756
6.7,MANUAL,IDLE,,0,0.0,0.117,-5.901,1.207,0.095,0.22,0.052,-1.1,-1.0,-1.7,0.251,-0.077,-0.09,2.006,9.33,LOW,PAPER,1756
6.72,MANUAL,IDLE,,0,0.0,0.119,-5.896,1.208,0.101,0.219,0.055,-1.0,-1.1,-1.8,-0.349,-0.108,-0.084,2.041,21.57,LOW,PAPER,1756
6.74,MANUAL,IDLE,,0,0.0,0.121,-5.892,1.209,0.115,0.221,0.057,-1.0,-0.8,-1.9,-0.253,0.264,-0.094,1.998,10.45,LOW,PAPER,1756
6.76,MANUAL,IDLE,,0,0.0,0.124,-5.887,1.21,0.122,0.227,0.059,-0.9,-0.5,-2.1,0.225,0.013,-0.141,2.042,17.1,LOW,PAPER,1756
6.78,MANUAL,IDLE,,0,0.0,0.126,-5.883,1.211,0.119,0.231,0.064,-0.9,-0.2,-2.3,0.062,0.122,-0.19,2.057,11.45,LOW,PAPER,1756
6.8,MANUAL,IDLE,,0,0.0,0.129,-5.878,1.213,0.122,0.24,0.07,-0.7,-0.2,-2.5,0.115,0.247,-0.193,2.081,12.5,LOW,PAPER,1756
6.82,MANUAL,IDLE,,0,0.0,0.131,-5.873,1.214,0.118,0.244,0.078,-0.7,-0.1,-2.7,0.062,-0.352,-0.18,2.091,13.12,MEDIUM,PAPER,1756
6.84,MANUAL,IDLE,,0,0.0,0.133,-5.868,1.216,0.119,0.237,0.086,-0.8,-0.1,-2.9,-0.198,0.215,-0.137,2.101,14.85,MEDIUM,PAPER,1756
6.86,MANUAL,IDLE,,0,0.0,0.136,-5.864,1.218,0.124,0.246,0.093,-0.6,-0.1,-3.0,0.241,0.046,-0.025,2.057,14.32,MEDIUM,PAPER,1756
6.88,MANUAL,IDLE,,0,0.0,0.138,-5.859,1.22,0.137,0.242,0.1,-0.6,-0.3,-3.1,-0.252,-0.037,-0.064,2.086,14.19,MEDIUM,PAPER,1756
6.9,MANUAL,IDLE,,0,0.0,0.141,-5.854,1.222,0.141,0.25,0.106,-0.4,-0.3,-3.1,-0.147,0.184,-0.061,2.033,9.75,MEDIUM,PAPER,1756
6.92,MANUAL,IDLE,,0,0.0,0.144,-5.849,1.224,0.144,0.247,0.111,-0.5,-0.3,-3.2,-0.517,-0.232,0.001,2.065,18.05,MEDIUM,PAPER,1756
6.94,MANUAL,IDLE,,0,0.0,0.147,-5.844,1.226,0.151,0.243,0.115,-0.6,-0.4,-3.2,0.035,-0.067,0.031,2.026,12.39,MEDIUM,PAPER,1756
6.96,MANUAL,IDLE,,0,0.0,0.15,-5.839,1.229,0.153,0.247,0.119,-0.5,-0.4,-3.2,-0.155,0.178,-0.003,2.004,6.9,MEDIUM,PAPER,1756
6.98,MANUAL,IDLE,,0,0.0,0.153,-5.834,1.231,0.159,0.253,0.123,-0.5,-0.3,-3.2,0.254,-0.283,-0.083,2.03,15.79,MEDIUM,PAPER,1756
7.0,MANUAL,IDLE,,0,0.0,0.156,-5.829,1.233,0.163,0.256,0.126,-0.3,-0.3,-3.3,0.027,0.105,-0.02,2.003,12.69,MEDIUM,PAPER,1756
7.02,MANUAL,IDLE,,0,0.0,0.16,-5.824,1.236,0.167,0.256,0.128,-0.2,-0.3,-3.3,-0.147,0.232,-0.02,2.022,13.71,MEDIUM,PAPER,1756
7.04,MANUAL,IDLE,,0,0.0,0.163,-5.819,1.239,0.177,0.264,0.131,-0.1,-0.2,-3.4,0.16,-0.223,-0.071,2.01,15.22,MEDIUM,PAPER,1756
7.06,MANUAL,IDLE,,0,0.0,0.166,-5.813,1.241,0.177,0.259,0.132,-0.2,-0.2,-3.4,-0.161,0.165,-0.009,1.983,8.52,MEDIUM,PAPER,1756
7.08,MANUAL,IDLE,,0,0.0,0.17,-5.808,1.244,0.194,0.261,0.133,-0.1,-0.3,-3.4,0.087,-0.141,0.041,2.001,12.68,MEDIUM,PAPER,1756
7.1,MANUAL,IDLE,,0,0.0,0.174,-5.803,1.247,0.203,0.26,0.134,-0.1,-0.5,-3.3,-0.166,0.31,0.062,2.029,17.58,MEDIUM,PAPER,1756
7.12,MANUAL,IDLE,,0,0.0,0.178,-5.798,1.249,0.198,0.257,0.135,-0.2,-0.3,-3.3,0.326,0.408,0.038,2.01,12.0,MEDIUM,PAPER,1756
7.14,MANUAL,IDLE,,0,0.0,0.182,-5.793,1.252,0.204,0.261,0.135,-0.1,-0.2,-3.2,0.004,-0.03,0.062,1.99,11.22,MEDIUM,PAPER,1756
7.16,MANUAL,IDLE,,0,0.0,0.186,-5.787,1.255,0.209,0.26,0.135,-0.1,-0.1,-3.2,-0.314,0.13,0.005,1.976,8.01,MEDIUM,PAPER,1756
7.18,MANUAL,IDLE,,0,0.0,0.191,-5.782,1.257,0.213,0.267,0.135,-0.0,-0.1,-3.2,0.208,0.202,0.013,1.984,10.15,MEDIUM,PAPER,1756
7.2,MANUAL,IDLE,,0,0.0,0.195,-5.777,1.26,0.217,0.276,0.135,0.2,-0.1,-3.2,-0.05,-0.072,-0.02,2.016,16.08,MEDIUM,PAPER,1756
7.22,MANUAL,IDLE,,0,0.0,0.199,-5.771,1.263,0.223,0.264,0.134,0.1,-0.2,-3.3,-0.204,0.307,-0.118,1.988,11.21,MEDIUM,PAPER,1756
7.24,MANUAL,IDLE,,0,0.0,0.204,-5.766,1.265,0.226,0.268,0.133,0.1,-0.1,-3.5,-0.007,0.214,-0.22,1.965,11.16,MEDIUM,PAPER,1756
7.26,MANUAL,IDLE,,0,0.0,0.208,-5.76,1.268,0.228,0.28,0.132,0.3,-0.0,-3.7,0.422,0.166,-0.116,1.956,8.52,MEDIUM,PAPER,1756
7.28,MANUAL,IDLE,,0,0.0,0.213,-5.755,1.271,0.239,0.274,0.13,0.3,-0.1,-3.8,0.078,-0.081,-0.12,1.976,9.85,MEDIUM,PAPER,1756
7.3,MANUAL,IDLE,,0,0.0,0.218,-5.749,1.273,0.239,0.27,0.129,0.3,-0.1,-3.9,-0.427,0.41,-0.046,2.008,16.36,MEDIUM,PAPER,1756
7.32,MANUAL,IDLE,,0,0.0,0.0,-6.0,1.2,0.003,0.0,0.0,0.0,-0.1,0.0,-0.31,-0.151,0.035,1.993,10.73,MEDIUM,PAPER,1756
7.34,MANUAL,IDLE,,0,0.0,0.0,-6.0,1.2,0.003,0.003,-0.0,0.1,-0.0,0.0,0.147,0.288,-0.036,1.988,13.08,MEDIUM,PAPER,1756
7.36,MANUAL,IDLE,,0,0.0,0.0,-6.0,1.2,0.007,0.006,0.0,0.0,0.1,-0.0,-0.144,0.062,-0.039,1.984,12.52,MEDIUM,PAPER,1756
7.38,MANUAL,IDLE,,0,0.0,0.0,-6.0,1.2,0.001,0.001,0.0,0.0,0.1,-0.0,-0.061,0.235,-0.077,2.004,11.96,HIGH,PAPER,1756
7.4,MANUAL,IDLE,,0,0.0,0.0,-6.0,1.2,0.015,-0.0,0.0,-0.1,0.0,-0.0,-0.236,-0.004,-0.044,1.989,10.59,HIGH,PAPER,1756
7.42,MANUAL,IDLE,,0,0.0,0.0,-6.0,1.2,0.014,-0.001,0.0,-0.1,0.3,-0.1,-0.156,-0.108,-0.085,2.033,17.88,HIGH,PAPER,1756
7.44,MANUAL,IDLE,,0,0.0,0.001,-6.0,1.2,0.022,-0.008,-0.0,-0.2,0.3,-0.2,0.207,0.032,0.025,2.013,13.01,HIGH,PAPER,1756
7.46,MANUAL,IDLE,,0,0.0,0.001,-6.0,1.2,0.035,-0.003,-0.0,-0.0,0.3,-0.2,-0.232,-0.185,-0.008,1.97,11.25,HIGH,PAPER,1756
7.48,MANUAL,IDLE,,0,0.0,0.002,-6.0,1.2,0.051,-0.008,-0.0,-0.2,0.3,-0.2,-0.078,0.087,-0.007,1.966,9.07,HIGH,PAPER,1756
7.5,MANUAL,IDLE,,0,0.0,0.003,-6.0,1.2,0.064,-0.005,-0.0,-0.2,0.2,-0.2,0.074,0.209,-0.078,2.028,15.33,HIGH,PAPER,1756
7.52,MANUAL,IDLE,,0,0.0,0.005,-6.001,1.2,0.074,-0.003,-0.0,-0.1,0.2,-0.2,0.306,0.125,0.038,1.981,12.24,HIGH,PAPER,1756
7.54,MANUAL,IDLE,,0,0.0,0.006,-6.001,1.2,0.08,-0.009,-0.0,-0.3,0.3,-0.3,-0.36,0.218,-0.073,1.997,16.62,HIGH,PAPER,1756
7.56,MANUAL,IDLE,,0,0.0,0.008,-6.001,1.2,0.092,-0.013,-0.0,-0.2,0.3,-0.3,-0.253,-0.098,-0.023,1.981,8.13,HIGH,PAPER,1756
7.58,MANUAL,IDLE,,0,0.0,0.01,-6.001,1.2,0.096,-0.008,-0.0,-0.1,0.3,-0.3,0.196,0.115,0.056,1.981,11.4,HIGH,PAPER,1756
7.6,MANUAL,IDLE,,0,0.0,0.012,-6.001,1.2,0.115,-0.0,-0.0,0.0,0.2,-0.2,-0.086,-0.337,0.004,1.968,5.28,HIGH,PAPER,1756
7.62,MANUAL,IDLE,,0,0.0,0.014,-6.001,1.2,0.131,-0.006,-0.0,-0.0,0.1,-0.2,-0.319,0.044,0.004,1.969,5.5,HIGH,PAPER,1756
7.64,MANUAL,IDLE,,0,0.0,0.017,-6.001,1.2,0.141,-0.002,0.0,-0.1,0.2,-0.2,0.276,-0.231,-0.016,1.974,8.43,HIGH,PAPER,1756
7.66,MANUAL,IDLE,,0,0.0,0.02,-6.001,1.2,0.153,-0.001,0.0,0.0,0.1,-0.2,-0.119,0.002,0.005,1.962,5.37,HIGH,PAPER,1756
7.68,MANUAL,IDLE,,0,0.0,0.023,-6.001,1.2,0.168,0.01,0.0,0.2,0.0,-0.2,0.288,-0.107,0.016,1.998,13.07,HIGH,PAPER,1756
7.7,MANUAL,IDLE,,0,0.0,0.027,-6.001,1.2,0.185,0.016,0.0,0.4,-0.0,-0.3,0.343,-0.102,-0.076,1.979,8.71,HIGH,PAPER,1756
7.72,MANUAL,IDLE,,0,0.0,0.031,-6.001,1.2,0.191,0.021,0.0,0.5,-0.0,-0.4,-0.025,0.094,-0.097,2.023,14.31,HIGH,PAPER,1756
7.74,MANUAL,IDLE,,0,0.0,0.035,-6.0,1.2,0.209,0.026,0.0,0.5,-0.1,-0.5,-0.07,-0.103,-0.098,2.005,13.5,HIGH,PAPER,1756
7.76,MANUAL,IDLE,,0,0.0,0.039,-6.0,1.2,0.219,0.02,0.0,0.4,-0.2,-0.6,-0.051,-0.013,-0.083,2.025,14.65,HIGH,PAPER,1756
7.78,MANUAL,IDLE,,0,0.0,0.043,-5.999,1.2,0.219,0.027,0.0,0.5,0.0,-0.6,-0.026,-0.125,0.02,2.004,15.47,HIGH,PAPER,1756
7.8,MANUAL,IDLE,,0,0.0,0.048,-5.999,1.2,0.233,0.027,0.0,0.4,0.1,-0.6,0.287,0.031,0.026,1.987,9.15,HIGH,PAPER,1756
7.82,MANUAL,IDLE,,0,0.0,0.052,-5.998,1.2,0.244,0.028,0.0,0.5,0.1,-0.6,-0.051,-0.239,-0.084,2.01,12.85,HIGH,PAPER,1756
7.84,MANUAL,IDLE,,0,0.0,0.057,-5.997,1.2,0.252,0.031,0.0,0.5,0.0,-0.6,-0.116,-0.114,0.079,2.02,13.86,HIGH,PAPER,1756
7.86,MANUAL,IDLE,,0,0.0,0.063,-5.997,1.2,0.268,0.032,0.0,0.3,-0.1,-0.5,0.265,0.107,0.129,2.018,16.82,HIGH,PAPER,1756
7.88,MANUAL,IDLE,,0,0.0,0.068,-5.996,1.2,0.281,0.038,0.0,0.4,-0.0,-0.4,-0.284,-0.346,0.088,1.976,11.71,HIGH,PAPER,1756
7.9,MANUAL,IDLE,,0,0.0,0.074,-5.995,1.2,0.298,0.034,0.0,0.3,-0.2,-0.3,-0.222,-0.111,0.077,1.994,11.49,HIGH,PAPER,1756
7.92,MANUAL,IDLE,,0,0.0,0.08,-5.995,1.2,0.312,0.032,0.0,0.1,-0.2,-0.2,-0.188,-0.076,0.103,2.02,17.52,HIGH,PAPER,1756
7.94,MANUAL,IDLE,,0,0.0,0.086,-5.994,1.2,0.319,0.026,0.0,-0.1,-0.1,-0.1,0.276,0.142,0.089,1.987,15.3,HIGH,PAPER,1756
7.96,MANUAL,IDLE,,0,0.0,0.093,-5.994,1.2,0.334,0.026,0.0,-0.2,-0.1,0.1,-0.192,-0.303,0.162,1.994,14.21,HIGH,PAPER,1756
7.98,MANUAL,IDLE,,0,0.0,0.1,-5.993,1.2,0.356,0.032,0.0,-0.1,-0.3,0.2,0.378,-0.179,0.039,1.985,9.16,HIGH,PAPER,1756
8.0,MANUAL,IDLE,,0,0.0,-0.0,-6.0,1.2,-0.0,0.0,0.0,0.0,0.0,0.0,0.019,0.013,0.0,1.98,7.78,HIGH,PAPER,1756
8.02,MANUAL,IDLE,,0,0.0,0.0,-6.0,1.2,0.001,-0.0,0.0,-0.0,0.0,0.0,0.067,0.24,0.051,1.993,10.41,HIGH,PAPER,1756
8.04,MANUAL,IDLE,,0,0.0,0.0,-6.0,1.2,0.008,0.006,0.0,0.1,0.2,0.1,-0.003,-0.03,0.042,1.991,11.81,HIGH,PAPER,1756
8.06,MANUAL,IDLE,,0,0.0,0.0,-6.0,1.2,0.019,0.012,0.0,0.1,0.2,0.1,-0.043,0.099,0.048,1.985,9.74,HIGH,PAPER,1756
8.08,MANUAL,IDLE,,0,0.0,0.001,-5.999,1.2,0.036,0.016,0.0,0.1,0.2,0.1,0.005,-0.389,0.002,1.979,15.73,HIGH,PAPER,1756
8.1,MANUAL,IDLE,,0,0.0,0.002,-5.999,1.2,0.046,0.015,0.0,0.0,0.2,0.0,0.115,0.14,-0.111,1.969,15.72,HIGH,PAPER,1756
8.12,MANUAL,IDLE,,0,0.0,0.003,-5.999,1.2,0.059,0.012,0.0,-0.1,0.2,-0.1,-0.277,0.025,-0.123,2.01,19.92,HIGH,PAPER,1756
8.14,MANUAL,IDLE,,0,0.0,0.004,-5.999,1.2,0.069,0.015,0.0,-0.1,0.2,-0.3,-0.361,-0.346,-0.136,1.991,9.78,HIGH,PAPER,1756
8.16,MANUAL,IDLE,,0,0.0,0.005,-5.998,1.2,0.085,0.012,0.0,-0.3,0.1,-0.5,0.249,-0.504,-0.245,1.999,14.08,HIGH,PAPER,1756
8.18,MANUAL,IDLE,,0,0.0,0.007,-5.998,1.2,0.087,0.014,0.0,-0.3,0.2,-0.7,-0.288,0.075,-0.163,1.987,16.55,HIGH,PAPER,1756
8.2,MANUAL,IDLE,,0,0.0,0.009,-5.998,1.2,0.095,0.014,0.0,-0.4,0.3,-0.9,0.072,0.392,-0.154,1.984,12.87,HIGH,PAPER,1756
8.22,MANUAL,IDLE,,0,0.0,0.011,-5.997,1.2,0.11,0.015,0.0,-0.3,0.2,-1.2,-0.061,0.044,-0.171,1.991,14.35,HIGH,PAPER,1756
8.24,MANUAL,IDLE,,0,0.0,0.013,-5.997,1.2,0.129,0.025,0.0,-0.2,0.1,-1.4,0.184,-0.437,-0.211,2.003,11.69,HIGH,PAPER,1756
8.26,MANUAL,IDLE,,0,0.0,0.016,-5.996,1.2,0.135,0.029,0.0,-0.1,0.1,-1.6,-0.209,-0.129,-0.282,1.984,10.51,OFF,PAPER,1756
8.28,MANUAL,IDLE,,0,0.0,0.019,-5.996,1.2,0.14,0.027,0.0,-0.2,0.0,-2.0,0.021,-0.173,-0.324,1.983,8.54,OFF,PAPER,1756
8.3,MANUAL,IDLE,,0,0.0,0.022,-5.995,1.2,0.143,0.027,0.0,-0.1,-0.2,-2.4,-0.273,0.196,-0.334,1.991,9.77,OFF,PAPER,1756
8.32,MANUAL,IDLE,,0,0.0,0.025,-5.995,1.2,0.14,0.019,-0.0,-0.3,-0.1,-2.8,-0.112,0.151,-0.37,1.983,13.76,OFF,PAPER,1756
8.34,MANUAL,IDLE,,0,0.0,0.027,-5.994,1.2,0.133,0.025,-0.0,-0.2,0.0,-3.2,0.116,0.1,-0.406,1.974,6.4,OFF,PAPER,1756
8.36,MANUAL,IDLE,,0,0.0,0.03,-5.994,1.2,0.13,0.032,-0.0,-0.1,0.0,-3.6,-0.033,-0.008,-0.279,1.984,14.5,OFF,PAPER,1756
8.38,MANUAL,IDLE,,0,0.0,0.032,-5.993,1.2,0.13,0.032,-0.0,-0.1,0.1,-4.0,0.161,0.163,-0.331,1.981,9.41,OFF,PAPER,1756
8.4,MANUAL,IDLE,,0,0.0,0.035,-5.993,1.2,0.117,0.027,0.0,-0.2,0.2,-4.3,-0.009,0.137,-0.232,1.968,5.88,OFF,PAPER,1756
8.42,MANUAL,IDLE,,0,0.0,0.037,-5.992,1.2,0.115,0.036,-0.0,-0.1,0.3,-4.6,-0.101,-0.135,-0.207,1.986,9.92,OFF,PAPER,1756
8.44,MANUAL,IDLE,,0,0.0,0.04,-5.991,1.2,0.112,0.033,0.0,-0.2,0.3,-4.8,-0.068,0.07,-0.272,1.962,2.58,OFF,PAPER,1756
8.46,MANUAL,IDLE,,0,0.0,0.042,-5.991,1.2,0.106,0.033,0.0,-0.2,0.4,-5.2,0.266,-0.139,-0.298,1.98,10.18,OFF,PAPER,1756
8.48,MANUAL,IDLE,,0,0.0,0.044,-5.99,1.2,0.11,0.034,0.0,-0.2,0.3,-5.4,0.193,0.123,-0.18,1.999,12.79,OFF,PAPER,1756
8.5,MANUAL,IDLE,,0,0.0,0.046,-5.989,1.2,0.11,0.032,0.0,-0.2,0.3,-5.7,0.082,0.218,-0.214,1.977,7.14,OFF,PAPER,1756
8.52,MANUAL,IDLE,,0,0.0,0.048,-5.989,1.2,0.122,0.039,0.0,-0.1,0.2,-5.9,0.242,0.167,-0.222,1.969,5.44,OFF,PAPER,1756
8.54,MANUAL,IDLE,,0,0.0,0.051,-5.988,1.2,0.119,0.044,0.0,-0.1,0.3,-6.2,0.224,-0.158,-0.283,2.024,19.7,OFF,PAPER,1756
8.56,MANUAL,IDLE,,0,0.0,0.053,-5.987,1.2,0.116,0.052,0.0,0.2,0.3,-6.5,0.257,0.117,-0.214,1.984,8.77,OFF,PAPER,1756
8.58,MANUAL,IDLE,,0,0.0,0.055,-5.986,1.2,0.115,0.051,0.0,0.2,0.4,-6.7,-0.085,0.113,-0.152,1.964,3.09,OFF,PAPER,1756
8.6,MANUAL,IDLE,,0,0.0,0.058,-5.985,1.2,0.114,0.054,0.0,0.2,0.4,-7.0,0.192,0.021,-0.171,1.989,9.62,OFF,PAPER,1756
8.62,MANUAL,IDLE,,0,0.0,0.06,-5.984,1.2,0.111,0.059,0.0,0.4,0.4,-7.2,0.079,0.173,-0.217,1.97,10.34,OFF,PAPER,1756
8.64,MANUAL,IDLE,,0,0.0,0.062,-5.983,1.2,0.113,0.062,0.0,0.4,0.4,-7.4,0.348,0.129,-0.263,1.972,7.11,OFF,PAPER,1756
8.66,MANUAL,IDLE,,0,0.0,0.065,-5.982,1.2,0.108,0.054,0.0,0.3,0.4,-7.7,-0.149,0.222,-0.204,2.032,15.93,OFF,PAPER,1756
8.68,MANUAL,IDLE,,0,0.0,0.067,-5.981,1.2,0.105,0.055,0.0,0.3,0.5,-8.0,0.19,-0.002,-0.24,1.963,12.95,OFF,PAPER,1756
8.7,MANUAL,IDLE,,0,0.0,0.069,-5.979,1.2,0.114,0.051,0.0,0.3,0.3,-8.3,0.024,-0.039,-0.32,1.988,16.45,OFF,PAPER,1756
8.72,MANUAL,IDLE,,0,0.0,0.071,-5.978,1.2,0.114,0.06,0.0,0.4,0.3,-8.6,0.064,0.273,-0.345,1.969,8.59,OFF,PAPER,1756
8.74,MANUAL,IDLE,,0,0.0,0.073,-5.977,1.2,0.112,0.059,0.0,0.4,0.3,-8.9,-0.14,0.207,-0.226,2.036,15.53,OFF,PAPER,1756
8.76,MANUAL,IDLE,,0,0.0,0.076,-5.976,1.2,0.111,0.063,0.0,0.5,0.4,-9.2,-0.071,0.335,-0.204,2.006,12.39,OFF,PAPER,1756
8.78,MANUAL,IDLE,,0,0.0,0.078,-5.975,1.2,0.109,0.055,0.0,0.4,0.3,-9.4,-0.183,-0.121,-0.153,2.004,15.67,OFF,PAPER,1756
8.8,MANUAL,IDLE,,0,0.0,0.08,-5.974,1.2,0.121,0.055,0.0,0.5,0.2,-9.6,0.284,-0.296,-0.171,1.975,6.46,OFF,PAPER,1756
8.82,MANUAL,IDLE,,0,0.0,0.083,-5.973,1.2,0.119,0.052,0.0,0.5,0.1,-9.8,-0.339,0.396,-0.185,1.968,4.55,OFF,PAPER,1756
8.84,MANUAL,IDLE,,0,0.0,0.085,-5.972,1.2,0.11,0.05,0.0,0.4,0.3,-9.9,0.002,0.066,-0.128,2.006,12.41,OFF,PAPER,1756
8.86,MANUAL,IDLE,,0,0.0,0.087,-5.971,1.2,0.103,0.046,0.0,0.3,0.5,-10.0,-0.067,0.262,-0.123,1.962,1.21,OFF,PAPER,1756
8.88,MANUAL,IDLE,,0,0.0,0.089,-5.97,1.2,0.107,0.048,0.0,0.3,0.4,-10.2,-0.08,0.085,-0.061,1.977,8.55,OFF,PAPER,1756
8.9,MANUAL,IDLE,,0,0.0,0.091,-5.969,1.2,0.109,0.048,0.0,0.3,0.4,-10.3,-0.047,0.108,-0.161,2.002,16.03,OFF,PAPER,1756
8.92,MANUAL,IDLE,,0,0.0,0.094,-5.968,1.2,0.115,0.049,0.0,0.4,0.3,-10.5,-0.113,0.042,-0.145,1.979,8.98,OFF,PAPER,1756
8.94,MANUAL,IDLE,,0,0.0,0.096,-5.967,1.2,0.122,0.042,0.0,0.4,0.2,-10.6,-0.105,-0.176,-0.167,2.005,12.21,OFF,PAPER,1756
8.96,MANUAL,IDLE,,0,0.0,0.099,-5.966,1.2,0.132,0.042,0.0,0.4,0.0,-10.8,0.257,-0.088,-0.121,1.994,10.79,OFF,PAPER,1756
8.98,MANUAL,IDLE,,0,0.0,0.101,-5.965,1.2,0.134,0.047,0.0,0.5,0.1,-10.9,0.197,-0.273,-0.073,1.974,8.01,OFF,PAPER,1756
9.0,MANUAL,IDLE,,0,0.0,0.104,-5.964,1.2,0.122,0.046,0.0,0.4,0.3,-11.0,-0.059,0.264,-0.024,1.976,8.0,OFF,PAPER,1756
9.02,MANUAL,IDLE,,0,0.0,0.106,-5.963,1.2,0.127,0.045,0.0,0.4,0.2,-11.1,0.109,-0.113,-0.045,1.983,11.69,OFF,PAPER,1756
9.04,MANUAL,IDLE,,0,0.0,0.109,-5.962,1.2,0.135,0.039,0.0,0.3,0.1,-11.1,-0.179,-0.068,-0.016,1.992,10.37,OFF,PAPER,1756
9.06,MANUAL,IDLE,,0,0.0,0.112,-5.962,1.2,0.131,0.033,0.0,0.1,0.1,-11.1,0.141,0.059,-0.01,1.964,8.78,OFF,PAPER,1756
9.08,MANUAL,IDLE,,0,0.0,0.114,-5.961,1.2,0.137,0.027,0.0,-0.1,0.1,-11.1,-0.179,-0.044,0.022,1.979,7.83,OFF,PAPER,1756
9.1,MANUAL,IDLE,,0,0.0,0.117,-5.96,1.2,0.137,0.023,0.0,-0.2,0.0,-11.1,-0.083,0.095,-0.035,1.99,14.15,OFF,PAPER,1756
9.12,MANUAL,IDLE,,0,0.0,0.12,-5.96,1.2,0.135,0.021,0.0,-0.4,0.2,-11.1,0.322,0.133,-0.063,2.016,13.32,OFF,PAPER,1756
9.14,MANUAL,IDLE,,0,0.0,0.122,-5.96,1.2,0.137,0.026,0.0,-0.3,0.1,-11.2,-0.085,-0.159,-0.033,2.017,13.83,OFF,PAPER,1756
9.16,MANUAL,IDLE,,0,0.0,0.125,-5.959,1.2,0.138,0.023,0.0,-0.3,0.1,-11.2,0.079,0.078,0.047,1.983,8.52,OFF,PAPER,1756
9.18,MANUAL,IDLE,,0,0.0,0.128,-5.959,1.2,0.143,0.026,0.0,-0.3,0.0,-11.2,-0.087,-0.425,0.002,1.963,2.87,OFF,PAPER,1756
9.2,MANUAL,IDLE,,0,0.0,0.131,-5.958,1.2,0.143,0.022,0.0,-0.5,-0.0,-11.2,-0.212,0.035,0.057,1.97,9.27,OFF,PAPER,1756
9.22,MANUAL,IDLE,,0,0.0,0.134,-5.958,1.2,0.141,0.025,0.0,-0.5,0.0,-11.1,0.167,-0.035,0.055,1.971,9.67,OFF,PAPER,1756
9.24,MANUAL,IDLE,,0,0.0,0.137,-5.957,1.2,0.14,0.024,0.0,-0.5,0.0,-11.1,-0.105,0.355,-0.045,2.012,18.99,OFF,PAPER,1756
9.26,MANUAL,IDLE,,0,0.0,0.139,-5.957,1.2,0.144,0.012,0.0,-0.6,0.0,-11.2,-0.066,0.043,-0.099,2.022,20.67,OFF,PAPER,1756
9.28,MANUAL,IDLE,,0,0.0,0.142,-5.957,1.2,0.138,0.008,0.002,-0.7,0.2,-11.4,-0.139,-0.029,-0.128,1.998,5.37,OFF,PAPER,1756
9.3,MANUAL,IDLE,,0,0.0,0.145,-5.956,1.2,0.134,0.01,0.006,-0.6,0.2,-11.6,-0.009,0.017,-0.211,2.084,14.52,OFF,PAPER,1756
9.32,MANUAL,IDLE,,0,0.0,0.148,-5.956,1.2,0.136,0.014,0.012,-0.4,0.2,-11.8,-0.01,-0.042,-0.207,2.078,11.48,OFF,PAPER,1756
9.34,MANUAL,IDLE,,0,0.0,0.15,-5.956,1.201,0.138,0.026,0.019,-0.4,0.2,-12.1,0.133,-0.01,-0.278,2.054,8.68,OFF,PAPER,1756
9.36,MANUAL,IDLE,,0,0.0,0.153,-5.955,1.201,0.141,0.02,0.026,-0.4,0.1,-12.4,0.311,-0.178,-0.366,2.026,10.1,OFF,PAPER,1756
9.38,MANUAL,IDLE,,0,0.0,0.156,-5.955,1.202,0.146,0.024,0.032,-0.4,-0.1,-12.9,0.321,-0.315,-0.476,2.052,9.75,OFF,PAPER,1756
9.4,MANUAL,IDLE,,0,0.0,0.159,-5.954,1.202,0.142,0.025,0.037,-0.5,-0.7,-13.4,-0.095,-0.881,-0.44,2.042,27.87,OFF,PAPER,1756
9.42,MANUAL,IDLE,,0,0.0,0.162,-5.954,1.203,0.14,0.024,0.042,-0.5,-1.5,-13.9,-0.163,-0.656,-0.389,2.013,9.39,OFF,PAPER,1756
9.44,MANUAL,IDLE,,0,0.0,0.165,-5.953,1.204,0.143,0.017,0.047,-0.6,-2.0,-14.2,-0.22,0.083,-0.248,2.01,12.54,OFF,PAPER,1756
9.46,MANUAL,IDLE,,0,0.0,0.167,-5.953,1.205,0.146,0.021,0.051,-0.7,-2.1,-14.5,-0.125,-0.462,-0.182,2.041,15.54,LOW,PAPER,1756
9.48,MANUAL,IDLE,,0,0.0,0.17,-5.953,1.206,0.14,0.031,0.055,-0.5,-1.9,-14.7,0.287,0.108,-0.153,2.005,14.17,LOW,PAPER,1756
9.5,MANUAL,IDLE,,0,0.0,0.173,-5.952,1.207,0.128,0.042,0.059,-0.5,-1.7,-14.9,0.031,0.329,-0.243,2.026,12.97,LOW,PAPER,1756
9.52,MANUAL,IDLE,,0,0.0,0.175,-5.951,1.208,0.124,0.044,0.062,-0.5,-1.6,-15.2,0.122,0.091,-0.318,2.045,18.28,LOW,PAPER,1756
9.54,MANUAL,IDLE,,0,0.0,0.178,-5.95,1.21,0.125,0.049,0.065,-0.4,-1.6,-15.5,0.182,0.078,-0.321,1.998,6.0,LOW,PAPER,1756
9.56,MANUAL,IDLE,,0,0.0,0.18,-5.949,1.211,0.127,0.048,0.067,-0.4,-1.6,-15.9,0.033,0.032,-0.182,1.989,6.23,MEDIUM,PAPER,1756
9.58,MANUAL,IDLE,,0,0.0,0.183,-5.948,1.212,0.129,0.051,0.069,-0.5,-1.6,-16.1,0.017,-0.133,-0.161,2.024,15.84,MEDIUM,PAPER,1756
9.6,MANUAL,IDLE,,0,0.0,0.186,-5.947,1.214,0.131,0.049,0.071,-0.6,-1.7,-16.2,-0.321,0.162,-0.14,1.987,5.3,MEDIUM,PAPER,1756
9.62,MANUAL,IDLE,,0,0.0,0.188,-5.946,1.215,0.136,0.058,0.072,-0.6,-1.6,-16.4,0.06,0.157,-0.165,1.976,0.98,MEDIUM,PAPER,1756
9.64,MANUAL,IDLE,,0,0.0,0.191,-5.945,1.217,0.135,0.06,0.074,-0.6,-1.5,-16.7,-0.175,-0.125,-0.311,1.995,13.78,MEDIUM,PAPER,1756
9.66,MANUAL,IDLE,,0,0.0,0.194,-5.943,1.218,0.145,0.073,0.075,-0.5,-1.6,-17.0,0.153,0.27,-0.224,1.982,10.69,MEDIUM,PAPER,1756
9.68,MANUAL,IDLE,,0,0.0,0.197,-5.942,1.22,0.142,0.084,0.076,-0.5,-1.4,-17.1,0.019,0.122,-0.148,2.0,10.37,MEDIUM,PAPER,1756
9.7,MANUAL,IDLE,,0,0.0,0.2,-5.94,1.221,0.145,0.095,0.076,-0.4,-1.3,-17.3,-0.145,0.077,-0.14,2.038,17.37,MEDIUM,PAPER,1756
9.72,MANUAL,IDLE,,0,0.0,0.203,-5.938,1.223,0.151,0.097,0.077,-0.4,-1.3,-17.4,0.154,-0.003,-0.057,1.996,14.84,MEDIUM,PAPER,1756
9.74,MANUAL,IDLE,,0,0.0,0.206,-5.936,1.224,0.159,0.105,0.077,-0.3,-1.4,-17.5,0.336,0.127,-0.132,1.966,6.46,MEDIUM,PAPER,1756
9.76,MANUAL,IDLE,,0,0.0,0.209,-5.934,1.226,0.167,0.111,0.077,-0.2,-1.5,-17.6,-0.098,-0.087,-0.058,1.965,9.93,MEDIUM,PAPER,1756
9.78,MANUAL,IDLE,,0,0.0,0.212,-5.932,1.227,0.169,0.113,0.077,-0.5,-1.4,-17.6,-0.06,0.188,-0.07,1.984,17.77,MEDIUM,PAPER,1756
9.8,MANUAL,IDLE,,0,0.0,0.216,-5.929,1.229,0.17,0.12,0.077,-1.1,-1.3,-17.6,-0.923,-0.081,0.019,2.002,16.07,MEDIUM,PAPER,1756
9.82,MANUAL,IDLE,,0,0.0,0.219,-5.927,1.23,0.169,0.128,0.076,-2.1,-1.2,-17.6,-0.506,-0.113,0.002,1.963,24.88,MEDIUM,PAPER,1756
9.84,MANUAL,IDLE,,0,0.0,0.222,-5.924,1.232,0.175,0.131,0.076,-3.3,-1.3,-17.6,-1.077,-0.029,-0.004,1.957,14.22,HIGH,PAPER,1756
9.86,MANUAL,IDLE,,0,0.0,0.226,-5.921,1.233,0.189,0.154,0.075,-3.0,-1.3,-17.6,0.676,0.112,-0.076,1.973,2.78,HIGH,PAPER,1756
9.88,MANUAL,IDLE,,0,0.0,0.23,-5.918,1.235,0.201,0.162,0.075,-2.5,-1.1,-17.8,0.008,0.048,-0.155,1.964,7.27,HIGH,PAPER,1756
9.9,MANUAL,IDLE,,0,0.0,0.234,-5.915,1.236,0.216,0.188,0.074,-2.2,-1.1,-18.0,-0.111,-0.012,-0.184,1.997,13.64,HIGH,PAPER,1756
9.92,MANUAL,IDLE,,0,0.0,0.239,-5.911,1.238,0.233,0.201,0.073,-2.1,-1.0,-18.2,-0.081,-0.049,-0.167,1.987,11.8,HIGH,PAPER,1756
9.94,MANUAL,IDLE,,0,0.0,0.243,-5.907,1.239,0.241,0.214,0.072,-2.0,-0.9,-18.3,0.087,-0.132,-0.036,1.982,13.18,HIGH,PAPER,1756
9.96,MANUAL,IDLE,,0,0.0,0.248,-5.902,1.241,0.256,0.231,0.071,-1.9,-0.9,-18.3,0.491,0.079,-0.058,1.99,14.82,HIGH,PAPER,1756
9.98,MANUAL,IDLE,,0,0.0,0.0,-6.0,1.2,0.006,0.002,-0.0,0.1,-0.0,0.0,0.058,0.045,0.006,1.985,9.61,HIGH,PAPER,1756
10.0,MANUAL,IDLE,,0,0.0,0.0,-6.0,1.2,0.017,-0.013,0.0,-0.2,0.0,-0.1,-0.333,0.076,-0.14,1.984,9.3,HIGH,PAPER,1756
10.02,MANUAL,IDLE,,0,0.0,0.001,-6.0,1.2,0.03,-0.006,0.0,-0.2,0.0,-0.2,-0.062,-0.116,-0.131,1.978,8.54,HIGH,PAPER,1756
10.04,MANUAL,IDLE,,0,0.0,0.001,-6.0,1.2,0.039,0.001,0.0,-0.3,0.2,-0.4,0.007,-0.071,-0.243,2.019,13.81,HIGH,PAPER,1756
10.06,MANUAL,IDLE,,0,0.0,0.002,-6.0,1.2,0.047,0.007,0.0,-0.3,0.3,-0.7,0.168,0.205,-0.196,2.01,14.25,HIGH,PAPER,1756
10.08,MANUAL,IDLE,,0,0.0,0.003,-6.0,1.2,0.067,0.014,-0.0,-0.3,0.3,-0.8,-0.011,-0.013,-0.059,1.986,13.56,HIGH,PAPER,1756
10.1,MANUAL,IDLE,,0,0.0,0.005,-6.0,1.2,0.076,0.007,0.0,-0.5,0.3,-0.9,-0.093,0.281,-0.1,2.001,12.01,HIGH,PAPER,1756
10.12,MANUAL,IDLE,,0,0.0,0.007,-6.0,1.2,0.108,0.007,-0.0,-0.6,0.1,-1.0,-0.118,0.058,-0.079,2.055,17.29,HIGH,PAPER,1756
10.14,MANUAL,IDLE,,0,0.0,0.009,-5.999,1.2,0.122,0.02,-0.0,-0.6,0.2,-1.2,0.056,0.122,-0.202,1.968,7.56,HIGH,PAPER,1756
10.16,MANUAL,IDLE,,0,0.0,0.012,-5.999,1.2,0.137,0.026,0.0,-0.6,0.2,-1.4,0.052,0.056,-0.095,1.965,9.15,HIGH,PAPER,1756
10.18,MANUAL,IDLE,,0,0.0,0.015,-5.998,1.2,0.153,0.032,0.0,-0.7,0.2,-1.5,-0.012,0.025,-0.084,1.975,11.22,HIGH,PAPER,1756
10.2,MANUAL,IDLE,,0,0.0,0.018,-5.998,1.2,0.168,0.039,0.0,-0.6,0.3,-1.6,0.232,-0.091,-0.072,1.984,8.74,HIGH,PAPER,1756
10.22,MANUAL,IDLE,,0,0.0,0.021,-5.997,1.2,0.191,0.047,0.0,-0.5,0.1,-1.8,0.203,-0.235,-0.282,1.992,10.16,HIGH,PAPER,1756
10.24,MANUAL,IDLE,,0,0.0,0.025,-5.996,1.2,0.209,0.053,0.0,-0.5,-0.0,-2.1,0.122,-0.218,-0.31,1.963,12.22,HIGH,PAPER,1756
10.26,MANUAL,IDLE,,0,0.0,0.03,-5.995,1.2,0.216,0.052,0.0,-0.7,-0.3,-2.5,-0.058,-0.495,-0.354,1.999,30.13,HIGH,PAPER,1756
10.28,MANUAL,IDLE,,0,0.0,0.034,-5.994,1.2,0.239,0.055,0.0,-0.7,-1.0,-2.9,0.206,-0.535,-0.358,2.007,21.11,HIGH,PAPER,1756
10.3,MANUAL,IDLE,,0,0.0,0.039,-5.992,1.2,0.25,0.072,0.0,-0.5,-1.4,-3.4,-0.113,-0.248,-0.4,1.999,11.05,HIGH,PAPER,1756
10.32,MANUAL,IDLE,,0,0.0,0.044,-5.991,1.2,0.264,0.081,0.0,-0.5,-1.4,-3.8,0.059,-0.096,-0.284,2.0,17.42,HIGH,PAPER,1756
10.34,MANUAL,IDLE,,0,0.0,0.05,-5.989,1.2,0.276,0.1,0.0,-0.4,-1.3,-4.1,-0.469,0.219,-0.291,1.989,18.02,HIGH,PAPER,1756
10.36,MANUAL,IDLE,,0,0.0,0.055,-5.987,1.2,0.282,0.108,0.0,-0.9,-1.2,-4.4,-0.649,-0.026,-0.292,1.99,12.54,HIGH,PAPER,1756
10.38,MANUAL,IDLE,,0,0.0,0.061,-5.985,1.2,0.291,0.12,0.0,-1.8,-1.1,-4.7,-0.664,0.272,-0.235,1.984,23.21,HIGH,PAPER,1756
10.4,MANUAL,IDLE,,0,0.0,0.067,-5.982,1.2,0.309,0.14,0.0,-2.5,-1.0,-5.0,-0.67,-0.061,-0.176,2.026,13.88,HIGH,PAPER,1756
10.42,MANUAL,IDLE,,0,0.0,0.073,-5.979,1.2,0.331,0.157,0.0,-3.2,-1.0,-5.1,-0.592,0.314,-0.029,1.983,12.89,HIGH,PAPER,1756
10.44,MANUAL,IDLE,,0,0.0,0.08,-5.976,1.2,0.351,0.18,0.0,-3.4,-0.9,-5.2,-0.305,-0.164,-0.105,1.979,14.75,HIGH,PAPER,1756
10.46,MANUAL,IDLE,,0,0.0,0.087,-5.972,1.2,0.363,0.194,0.002,-3.5,-0.8,-5.3,0.129,0.23,-0.111,2.035,10.55,HIGH,PAPER,1756
10.48,MANUAL,IDLE,,0,0.0,0.095,-5.968,1.2,0.382,0.216,0.006,-3.3,-0.7,-5.5,-0.017,-0.084,-0.164,2.052,16.02,HIGH,PAPER,1756
10.5,MANUAL,IDLE,,0,0.0,0.103,-5.963,1.2,0.404,0.23,0.012,-3.2,-0.8,-5.6,-0.008,-0.29,-0.134,2.078,11.57,HIGH,PAPER,1756
10.52,MANUAL,IDLE,,0,0.0,0.111,-5.958,1.201,0.429,0.262,0.019,-2.8,-0.8,-5.9,0.081,0.12,-0.216,2.096,15.32,HIGH,PAPER,1756
10.54,MANUAL,IDLE,,0,0.0,0.12,-5.953,1.201,0.446,0.264,0.029,-2.9,-0.8,-6.1,0.09,0.149,-0.236,2.065,15.75,HIGH,PAPER,1756
10.56,MANUAL,IDLE,,0,0.0,0.129,-5.948,1.202,0.462,0.281,0.038,-2.7,-0.8,-6.5,0.113,0.049,-0.399,2.058,5.26,HIGH,PAPER,1756
10.58,MANUAL,IDLE,,0,0.0,0.138,-5.942,1.203,0.481,0.302,0.047,-2.5,-0.7,-7.0,0.388,0.254,-0.449,2.14,19.22,HIGH,PAPER,1756
10.6,MANUAL,IDLE,,0,0.0,0.148,-5.936,1.204,0.496,0.313,0.055,-2.4,-0.6,-7.5,0.016,-0.201,-0.447,2.126,19.83,HIGH,PAPER,1756
10.62,MANUAL,IDLE,,0,0.0,0.158,-5.929,1.205,0.503,0.327,0.062,-2.3,-0.5,-7.9,0.061,0.128,-0.422,2.05,9.55,HIGH,PAPER,1756
10.64,MANUAL,IDLE,,0,0.0,0.168,-5.923,1.206,0.532,0.337,0.069,-2.2,-0.8,-8.4,0.019,-0.586,-0.39,2.097,25.35,HIGH,PAPER,1756
10.66,MANUAL,IDLE,,0,0.0,0.179,-5.916,1.208,0.553,0.357,0.075,-2.0,-1.5,-8.8,0.171,-0.481,-0.382,2.041,29.41,HIGH,PAPER,1756
10.68,MANUAL,IDLE,,0,0.0,0.19,-5.908,1.209,0.57,0.37,0.08,-1.9,-2.1,-9.1,0.047,-0.015,-0.221,2.022,16.57,HIGH,PAPER,1756
10.7,MANUAL,IDLE,,0,0.0,0.202,-5.901,1.211,0.587,0.379,0.085,-1.9,-2.0,-9.4,0.058,0.177,-0.234,2.012,13.8,HIGH,PAPER,1756
10.72,MANUAL,IDLE,,0,0.0,0.214,-5.893,1.212,0.609,0.397,0.089,-1.6,-2.0,-9.7,0.443,0.051,-0.223,2.029,9.77,HIGH,PAPER,1756
10.74,MANUAL,IDLE,,0,0.0,0.226,-5.885,1.214,0.624,0.408,0.093,-1.5,-2.0,-9.9,0.011,0.184,-0.167,2.055,14.16,HIGH,PAPER,1756
10.76,MANUAL,IDLE,,0,0.0,0.239,-5.877,1.216,0.633,0.423,0.096,-1.4,-1.7,-10.1,0.055,0.07,-0.104,2.028,11.21,HIGH,PAPER,1756
10.78,MANUAL,IDLE,,0,0.0,0.252,-5.868,1.218,0.641,0.445,0.099,-1.3,-1.6,-10.2,0.108,0.063,-0.109,2.078,18.91,HIGH,PAPER,1756
10.8,MANUAL,IDLE,,0,0.0,0.264,-5.859,1.22,0.649,0.46,0.102,-1.1,-1.4,-10.4,0.018,0.07,-0.162,2.023,16.95,HIGH,PAPER,1756
10.82,MANUAL,IDLE,,0,0.0,0.278,-5.85,1.222,0.666,0.467,0.104,-1.1,-1.4,-10.6,-0.164,0.125,-0.278,2.019,11.99,HIGH,PAPER,1756
10.84,MANUAL,IDLE,,0,0.0,0.291,-5.84,1.224,0.678,0.475,0.106,-1.0,-1.3,-10.9,-0.056,0.161,-0.242,2.049,15.25,HIGH,PAPER,1756
10.86,MANUAL,IDLE,,0,0.0,0.305,-5.831,1.226,0.696,0.478,0.107,-1.0,-1.2,-11.2,0.191,0.174,-0.22,2.01,14.61,HIGH,PAPER,1756
10.88,MANUAL,IDLE,,0,0.0,0.319,-5.821,1.229,0.712,0.486,0.108,-0.9,-1.1,-11.5,-0.168,-0.089,-0.322,1.98,5.45,HIGH,PAPER,1756
10.9,MANUAL,IDLE,,0,0.0,0.333,-5.811,1.231,0.726,0.491,0.109,-1.1,-1.0,-11.8,0.248,0.08,-0.254,2.015,13.56,HIGH,PAPER,1756
10.92,MANUAL,IDLE,,0,0.0,0.348,-5.801,1.233,0.747,0.508,0.11,-0.8,-1.0,-12.1,0.215,0.108,-0.19,2.003,14.94,HIGH,PAPER,1756
10.94,MANUAL,IDLE,,0,0.0,0.363,-5.791,1.235,0.773,0.511,0.11,-0.9,-1.1,-12.3,-0.169,-0.006,-0.135,1.987,9.27,HIGH,PAPER,1756
10.96,MANUAL,IDLE,,0,0.0,0.379,-5.781,1.237,0.79,0.522,0.11,-0.8,-1.1,-12.5,-0.079,0.287,-0.233,1.968,8.42,HIGH,PAPER,1756
10.98,MANUAL,IDLE,,0,0.0,0.395,-5.77,1.24,0.812,0.532,0.11,-0.8,-1.0,-12.7,-0.052,-0.123,-0.133,1.963,3.93,HIGH,PAPER,1756
11.0,MANUAL,IDLE,,0,0.0,0.411,-5.76,1.242,0.822,0.538,0.109,-0.9,-0.9,-12.9,-0.334,0.261,-0.135,1.982,10.43,HIGH,PAPER,1756
11.02,MANUAL,IDLE,,0,0.0,0.428,-5.749,1.244,0.849,0.555,0.109,-0.8,-0.9,-12.9,0.168,0.069,-0.083,1.992,13.17,HIGH,PAPER,1756
11.04,MANUAL,IDLE,,0,0.0,0.445,-5.738,1.246,0.861,0.564,0.108,-0.8,-0.8,-13.0,-0.119,0.397,-0.102,1.961,4.91,HIGH,PAPER,1756
11.06,MANUAL,IDLE,,0,0.0,0.463,-5.726,1.248,0.879,0.565,0.107,-1.0,-0.7,-13.2,-0.056,0.082,-0.09,2.004,13.12,HIGH,PAPER,1756
11.08,MANUAL,IDLE,,0,0.0,0.48,-5.715,1.25,0.892,0.573,0.106,-1.0,-0.6,-13.2,-0.215,0.461,0.0,1.985,10.88,HIGH,PAPER,1756
11.1,MANUAL,IDLE,,0,0.0,0.498,-5.704,1.252,0.911,0.581,0.105,-1.1,-0.5,-13.2,-0.113,-0.24,0.065,1.966,7.76,HIGH,PAPER,1756
11.12,MANUAL,IDLE,,0,0.0,0.517,-5.692,1.255,0.938,0.59,0.104,-1.1,-0.6,-13.1,0.273,-0.132,0.073,1.97,8.8,HIGH,PAPER,1756
11.14,MANUAL,IDLE,,0,0.0,0.536,-5.68,1.257,0.959,0.596,0.102,-1.1,-0.5,-13.1,0.103,-0.019,0.055,1.96,13.39,HIGH,PAPER,1756
11.16,MANUAL,IDLE,,0,0.0,0.555,-5.668,1.259,0.976,0.601,0.101,-1.2,-0.5,-13.0,0.103,0.484,0.138,1.962,10.43,HIGH,PAPER,1756
11.18,MANUAL,IDLE,,0,0.0,0.575,-5.656,1.261,0.998,0.616,0.099,-1.1,-0.4,-12.9,0.033,-0.151,0.108,1.954,10.06,HIGH,PAPER,1756
11.2,MANUAL,IDLE,,0,0.0,0.595,-5.643,1.263,1.014,0.623,0.097,-1.3,-0.4,-12.8,0.024,0.256,0.004,1.954,5.81,HIGH,PAPER,1756
11.22,MANUAL,IDLE,,0,0.0,0.615,-5.631,1.265,1.031,0.64,0.096,-1.2,-0.3,-12.9,0.305,-0.033,-0.046,1.997,13.8,HIGH,PAPER,1756
11.24,MANUAL,IDLE,,0,0.0,0.636,-5.618,1.266,1.053,0.653,0.094,-1.1,-0.2,-12.9,-0.018,0.009,0.018,1.968,11.46,HIGH,PAPER,1756
11.26,MANUAL,IDLE,,0,0.0,0.658,-5.605,1.268,1.07,0.672,0.092,-0.9,-0.1,-12.8,0.034,0.089,0.107,1.979,12.07,HIGH,PAPER,1756
11.28,MANUAL,IDLE,,0,0.0,0.679,-5.591,1.27,1.091,0.688,0.09,-0.7,-0.1,-12.7,0.233,0.233,0.096,1.996,16.49,HIGH,PAPER,1756
11.3,MANUAL,IDLE,,0,0.0,0.701,-5.577,1.272,1.106,0.702,0.088,-0.5,0.1,-12.6,-0.113,-0.188,0.074,1.98,12.22,HIGH,PAPER,1756
11.32,MANUAL,IDLE,,0,0.0,0.724,-5.563,1.274,1.13,0.711,0.086,-0.4,0.0,-12.5,-0.159,0.085,0.051,1.975,15.81,HIGH,PAPER,1756
11.34,MANUAL,IDLE,,0,0.0,0.746,-5.549,1.275,1.148,0.71,0.084,-0.5,0.1,-12.5,0.04,-0.179,0.01,1.953,8.76,HIGH,PAPER,1756
11.36,MANUAL,IDLE,,0,0.0,0.769,-5.534,1.277,1.172,0.719,0.082,-0.5,0.1,-12.4,-0.022,-0.013,0.116,1.946,8.44,HIGH,PAPER,1756
11.38,MANUAL,IDLE,,0,0.0,0.793,-5.52,1.279,1.193,0.727,0.08,-0.7,0.0,-12.3,-0.527,0.338,0.163,1.959,16.12,HIGH,PAPER,1756
11.4,MANUAL,IDLE,,0,0.0,0.817,-5.505,1.28,1.213,0.738,0.078,-1.5,0.1,-12.2,-0.565,0.148,-0.021,1.98,13.92,HIGH,PAPER,1756
11.42,MANUAL,IDLE,,0,0.0,0.842,-5.49,1.282,1.241,0.749,0.076,-2.5,-0.0,-12.2,-0.749,0.109,-0.064,1.995,16.7,HIGH,PAPER,1756
11.44,MANUAL,IDLE,,0,0.0,0.867,-5.475,1.283,1.268,0.766,0.074,-3.3,-0.1,-12.3,-0.872,0.132,0.011,1.942,16.48,HIGH,PAPER,1756
11.46,MANUAL,IDLE,,0,0.0,0.892,-5.46,1.285,1.29,0.784,0.071,-3.8,-0.1,-12.2,-0.089,-0.027,0.118,2.006,9.93,HIGH,PAPER,1756
11.48,MANUAL,IDLE,,0,0.0,0.919,-5.444,1.286,1.319,0.802,0.069,-3.8,-0.3,-12.1,0.042,0.136,0.164,1.954,10.65,HIGH,PAPER,1756
11.5,MANUAL,IDLE,,0,0.0,0.945,-5.428,1.287,1.336,0.825,0.067,-3.7,0.0,-11.8,0.348,0.205,0.219,1.963,9.12,HIGH,PAPER,1756
11.52,MANUAL,IDLE,,0,0.0,0.972,-5.411,1.289,1.358,0.846,0.065,-3.6,0.1,-11.7,0.481,-0.057,-0.014,1.949,12.24,HIGH,PAPER,1756
11.54,MANUAL,IDLE,,0,0.0,1.0,-5.394,1.29,1.391,0.86,0.063,-3.4,-0.1,-11.7,0.154,-0.241,-0.022,1.97,9.91,HIGH,PAPER,1756
11.56,MANUAL,IDLE,,0,0.0,1.028,-5.376,1.291,1.414,0.88,0.061,-3.2,-0.0,-11.7,0.322,0.243,-0.034,1.986,12.75,HIGH,PAPER,1756
11.58,MANUAL,IDLE,,0,0.0,1.056,-5.359,1.292,1.443,0.902,0.059,-2.9,0.1,-11.7,0.291,-0.137,0.017,1.985,13.64,HIGH,PAPER,1756
11.6,MANUAL,IDLE,,0,0.0,1.085,-5.34,1.294,1.473,0.922,0.057,-2.6,0.0,-11.7,0.206,-0.333,-0.038,1.981,13.21,HIGH,PAPER,1756
11.62,MANUAL,IDLE,,0,0.0,1.115,-5.322,1.295,1.497,0.942,0.055,-2.4,0.1,-11.8,0.098,0.15,-0.13,1.952,6.44,HIGH,PAPER,1756
11.64,MANUAL,IDLE,,0,0.0,1.145,-5.303,1.296,1.517,0.959,0.053,-2.3,0.2,-12.0,0.012,0.171,-0.091,1.996,15.52,HIGH,PAPER,1756
11.66,MANUAL,IDLE,,0,0.0,1.176,-5.283,1.297,1.542,0.978,0.051,-2.2,0.2,-12.1,-0.001,-0.086,-0.1,1.995,13.08,HIGH,PAPER,1756
11.68,MANUAL,IDLE,,0,0.0,1.207,-5.264,1.298,1.567,0.991,0.049,-2.0,0.1,-12.2,0.336,-0.308,-0.12,1.985,12.05,HIGH,PAPER,1756
11.7,MANUAL,IDLE,,0,0.0,1.238,-5.244,1.299,1.594,1.008,0.048,-1.8,0.1,-12.3,0.17,-0.221,-0.057,1.955,13.89,HIGH,PAPER,1756
11.72,MANUAL,IDLE,,0,0.0,1.271,-5.223,1.3,1.613,1.028,0.046,-1.6,0.1,-12.4,0.155,0.147,-0.199,2.013,15.1,HIGH,PAPER,1756
11.74,MANUAL,IDLE,,0,0.0,1.303,-5.202,1.301,1.636,1.042,0.044,-1.4,0.2,-12.6,-0.003,-0.099,-0.076,1.955,5.92,HIGH,PAPER,1756
11.76,MANUAL,IDLE,,0,0.0,1.336,-5.181,1.302,1.661,1.058,0.042,-1.3,0.2,-12.7,0.409,0.099,-0.133,1.975,10.15,HIGH,PAPER,1756
11.78,MANUAL,IDLE,,0,0.0,1.37,-5.16,1.302,1.679,1.07,0.04,-1.4,0.3,-12.8,-0.043,-0.119,-0.086,1.953,8.52,HIGH,PAPER,1756
11.8,MANUAL,IDLE,,0,0.0,1.403,-5.139,1.303,1.7,1.09,0.039,-1.3,0.3,-13.0,0.455,-0.192,-0.096,1.955,5.99,HIGH,PAPER,1756
11.82,MANUAL,IDLE,,0,0.0,1.437,-5.117,1.304,1.718,1.106,0.037,-1.1,0.4,-13.1,0.048,0.06,-0.078,2.006,14.52,HIGH,PAPER,1756
11.84,MANUAL,IDLE,,0,0.0,1.472,-5.094,1.305,1.744,1.12,0.036,-1.0,0.3,-13.1,-0.078,-0.163,-0.028,1.974,9.66,HIGH,PAPER,1756
11.86,MANUAL,IDLE,,0,0.0,1.507,-5.072,1.305,1.759,1.124,0.034,-1.2,0.4,-13.2,-0.053,-0.093,-0.014,1.975,10.28,HIGH,PAPER,1756
11.88,MANUAL,IDLE,,0,0.0,1.542,-5.049,1.306,1.79,1.14,0.032,-1.1,0.4,-13.2,0.054,-0.297,-0.041,1.99,14.48,HIGH,PAPER,1756
11.9,MANUAL,IDLE,,0,0.0,1.579,-5.026,1.307,1.823,1.152,0.031,-1.0,0.2,-13.2,0.121,0.057,-0.043,1.979,10.71,HIGH,PAPER,1756
11.92,MANUAL,IDLE,,0,0.0,1.615,-5.003,1.307,1.841,1.164,0.03,-1.0,0.3,-13.3,0.201,0.041,-0.023,1.976,11.73,HIGH,PAPER,1756
11.94,MANUAL,IDLE,,0,0.0,1.652,-4.98,1.308,1.853,1.173,0.028,-1.1,0.4,-13.4,-0.013,0.091,-0.124,1.965,8.18,HIGH,PAPER,1756
11.96,MANUAL,IDLE,,0,0.0,1.69,-4.956,1.308,1.876,1.187,0.027,-1.1,0.4,-13.5,0.163,0.055,-0.053,1.99,13.65,HIGH,PAPER,1756
11.98,MANUAL,IDLE,,0,0.0,1.727,-4.932,1.309,1.9,1.194,0.025,-1.1,0.3,-13.5,0.098,-0.191,-0.054,1.966,7.98,HIGH,PAPER,1756
12.0,MANUAL,IDLE,,0,0.0,1.765,-4.908,1.309,1.916,1.215,0.024,-1.0,0.4,-13.5,-0.095,0.134,-0.01,1.975,10.22,HIGH,PAPER,1756
12.02,MANUAL,IDLE,,0,0.0,1.804,-4.884,1.31,1.939,1.231,0.023,-0.9,0.3,-13.6,0.206,0.258,-0.07,1.961,9.64,HIGH,PAPER,1756
12.04,MANUAL,IDLE,,0,0.0,1.843,-4.859,1.31,1.969,1.239,0.022,-0.9,0.2,-13.6,0.145,0.209,0.034,1.951,2.33,HIGH,PAPER,1756
12.06,MANUAL,IDLE,,0,0.0,1.883,-4.834,1.311,1.991,1.254,0.02,-0.8,0.2,-13.6,0.286,-0.14,-0.055,1.98,10.26,HIGH,PAPER,1756
12.08,MANUAL,IDLE,,0,0.0,1.923,-4.809,1.311,2.017,1.271,0.019,-0.6,0.1,-13.7,0.135,-0.054,-0.09,1.966,7.32,HIGH,PAPER,1756
12.1,MANUAL,IDLE,,0,0.0,1.963,-4.784,1.312,2.038,1.277,0.018,-0.7,0.0,-13.8,-0.012,-0.354,-0.039,1.97,8.3,HIGH,PAPER,1756
12.12,MANUAL,IDLE,,0,0.0,2.004,-4.758,1.312,2.065,1.291,0.017,-0.6,-0.1,-13.8,-0.171,-0.142,-0.004,1.981,11.72,HIGH,PAPER,1756
12.14,MANUAL,IDLE,,0,0.0,2.046,-4.732,1.312,2.087,1.296,0.016,-0.7,-0.3,-13.9,-0.141,0.074,-0.008,1.959,6.13,HIGH,PAPER,1756
12.16,MANUAL,IDLE,,0,0.0,2.088,-4.706,1.313,2.113,1.306,0.015,-0.8,-0.3,-13.9,0.11,-0.346,-0.002,1.989,13.7,HIGH,PAPER,1756
12.18,MANUAL,IDLE,,0,0.0,2.13,-4.68,1.313,2.136,1.313,0.014,-0.9,-0.4,-13.9,-0.057,-0.238,0.035,1.954,1.98,HIGH,PAPER,1756
12.2,MANUAL,IDLE,,0,0.0,2.173,-4.653,1.313,2.152,1.324,0.013,-0.9,-0.3,-13.8,-0.052,-0.239,0.155,1.983,10.25,HIGH,PAPER,1756
12.22,MANUAL,IDLE,,0,0.0,2.216,-4.627,1.313,2.173,1.336,0.012,-0.9,-0.4,-13.6,0.323,-0.101,0.179,1.966,9.41,HIGH,PAPER,1756
12.24,MANUAL,IDLE,,0,0.0,2.26,-4.6,1.314,2.191,1.35,0.012,-0.8,-0.4,-13.5,0.108,0.185,0.038,1.977,10.58,HIGH,PAPER,1756
12.26,MANUAL,IDLE,,0,0.0,2.304,-4.573,1.314,2.205,1.372,0.011,-0.6,-0.4,-13.4,0.213,0.376,0.079,1.984,12.54,HIGH,PAPER,1756
12.28,MANUAL,IDLE,,0,0.0,2.348,-4.545,1.314,2.219,1.391,0.01,-0.4,-0.2,-13.3,0.011,-0.005,0.112,1.984,12.35,HIGH,PAPER,1756
12.3,MANUAL,IDLE,,0,0.0,2.393,-4.517,1.314,2.234,1.404,0.009,-0.4,-0.1,-13.2,0.108,-0.239,0.107,1.964,6.77,HIGH,PAPER,1756
12.32,MANUAL,IDLE,,0,0.0,2.438,-4.489,1.314,2.256,1.412,0.008,-0.4,-0.2,-13.1,-0.075,0.081,0.044,1.984,15.26,HIGH,PAPER,1756
12.34,MANUAL,IDLE,,0,0.0,2.483,-4.461,1.315,2.272,1.425,0.008,-0.4,-0.2,-13.1,-0.134,-0.102,-0.053,1.967,6.44,HIGH,PAPER,1756
12.36,MANUAL,IDLE,,0,0.0,2.529,-4.432,1.315,2.289,1.448,0.007,-0.3,-0.1,-13.2,0.17,0.047,-0.123,1.96,4.1,HIGH,PAPER,1756
12.38,MANUAL,IDLE,,0,0.0,2.575,-4.403,1.315,2.31,1.467,0.006,-0.1,-0.1,-13.3,0.437,0.233,-0.064,1.965,9.94,HIGH,PAPER,1756
12.4,MANUAL,IDLE,,0,0.0,2.621,-4.373,1.315,2.326,1.474,0.006,-0.2,-0.1,-13.3,0.068,0.006,0.022,1.978,8.52,HIGH,PAPER,1756
12.42,MANUAL,IDLE,,0,0.0,2.668,-4.344,1.315,2.339,1.49,0.005,-0.1,-0.1,-13.3,0.043,0.241,0.0,1.973,7.98,HIGH,PAPER,1756
12.44,MANUAL,IDLE,,0,0.0,2.715,-4.314,1.315,2.351,1.504,0.005,-0.2,-0.0,-13.4,-0.166,0.009,-0.064,1.961,4.63,HIGH,PAPER,1756
12.46,MANUAL,IDLE,,0,0.0,2.762,-4.284,1.315,2.374,1.52,0.004,-0.1,-0.1,-13.4,0.285,0.169,-0.047,1.957,8.68,HIGH,PAPER,1756
12.48,MANUAL,IDLE,,0,0.0,2.809,-4.253,1.315,2.388,1.532,0.003,-0.1,-0.0,-13.5,-0.335,0.081,-0.085,1.999,13.71,HIGH,PAPER,1756
12.5,MANUAL,IDLE,,0,0.0,2.857,-4.222,1.315,2.409,1.545,0.003,-0.1,-0.1,-13.5,0.157,-0.388,-0.029,1.977,10.33,HIGH,PAPER,1756
12.52,MANUAL,IDLE,,0,0.0,2.906,-4.191,1.315,2.427,1.56,0.002,-0.1,-0.1,-13.5,-0.405,-0.085,-0.048,1.981,8.99,HIGH,PAPER,1756
12.54,MANUAL,IDLE,,0,0.0,2.954,-4.16,1.315,2.441,1.573,0.002,-0.1,-0.1,-13.5,-0.038,0.121,-0.028,1.985,10.02,HIGH,PAPER,1756
12.56,MANUAL,IDLE,,0,0.0,3.003,-4.128,1.316,2.449,1.586,0.002,-0.1,0.1,-13.5,-0.101,0.068,0.006,1.988,11.81,HIGH,PAPER,1756
12.58,MANUAL,IDLE,,0,0.0,3.053,-4.097,1.316,2.464,1.596,0.001,-0.1,0.1,-13.5,0.248,0.077,0.019,1.978,11.43,HIGH,PAPER,1756
12.6,MANUAL,IDLE,,0,0.0,3.102,-4.065,1.316,2.472,1.608,0.001,-0.2,0.2,-13.5,0.012,0.269,0.03,1.971,11.58,HIGH,PAPER,1756
12.62,MANUAL,IDLE,,0,0.0,3.152,-4.032,1.316,2.491,1.615,0.0,-0.3,0.1,-13.5,0.056,0.17,-0.028,2.033,15.64,HIGH,PAPER,1756
12.64,MANUAL,IDLE,,0,0.0,3.202,-4.0,1.316,2.51,1.636,0.0,-0.1,0.1,-13.6,0.247,-0.033,-0.04,1.981,10.97,HIGH,PAPER,1756
12.66,MANUAL,IDLE,,0,0.0,3.252,-3.967,1.316,2.526,1.649,-0.0,-0.1,0.2,-13.6,-0.404,-0.26,0.017,1.999,13.63,HIGH,PAPER,1756
12.68,MANUAL,IDLE,,0,0.0,3.303,-3.934,1.316,2.539,1.663,-0.001,-0.2,0.2,-13.6,0.112,0.095,0.008,1.975,10.46,HIGH,PAPER,1756
12.7,MANUAL,IDLE,,0,0.0,3.354,-3.9,1.316,2.557,1.674,-0.001,-0.1,0.0,-13.6,-0.333,-0.015,0.011,2.001,11.87,HIGH,PAPER,1756
12.72,MANUAL,IDLE,,0,0.0,3.405,-3.867,1.316,2.583,1.688,-0.001,-0.2,-0.2,-13.6,0.367,0.044,-0.1,1.978,9.83,HIGH,PAPER,1756
12.74,MANUAL,IDLE,,0,0.0,3.457,-3.833,1.315,2.593,1.698,-0.001,-0.2,-0.0,-13.7,-0.224,0.377,-0.073,2.02,14.04,HIGH,PAPER,1756
12.76,MANUAL,IDLE,,0,0.0,3.509,-3.799,1.315,2.611,1.712,-0.002,-0.2,0.0,-13.7,0.184,-0.34,-0.036,1.987,12.39,HIGH,PAPER,1756
12.78,MANUAL,IDLE,,0,0.0,3.561,-3.765,1.315,2.611,1.719,-0.002,-0.4,0.2,-13.8,-0.107,0.178,-0.003,1.986,12.82,HIGH,PAPER,1756
12.8,MANUAL,IDLE,,0,0.0,3.613,-3.73,1.315,2.625,1.726,-0.002,-0.5,0.2,-13.8,-0.087,0.087,-0.064,1.994,14.65,HIGH,PAPER,1756
12.82,MANUAL,IDLE,,0,0.0,3.666,-3.695,1.315,2.637,1.75,-0.002,-0.3,0.3,-13.8,0.3,-0.122,0.057,1.961,1.81,HIGH,PAPER,1756
12.84,MANUAL,IDLE,,0,0.0,3.719,-3.66,1.315,2.651,1.757,-0.003,-0.4,0.3,-13.7,-0.229,-0.071,0.109,1.982,9.14,HIGH,PAPER,1756
12.86,MANUAL,IDLE,,0,0.0,3.772,-3.625,1.315,2.668,1.768,-0.003,-0.5,0.3,-13.6,-0.044,-0.12,0.047,1.975,11.27,HIGH,PAPER,1756
12.88,MANUAL,IDLE,,0,0.0,3.826,-3.589,1.315,2.693,1.794,-0.003,-0.3,0.2,-13.5,0.008,-0.125,0.021,2.006,16.5,HIGH,PAPER,1756
12.9,MANUAL,IDLE,,0,0.0,3.88,-3.553,1.315,2.704,1.808,-0.003,-0.2,0.2,-13.5,-0.221,-0.014,0.042,2.002,13.95,HIGH,PAPER,1756
12.92,MANUAL,IDLE,,0,0.0,3.934,-3.517,1.315,2.728,1.824,-0.003,-0.2,0.1,-13.5,0.149,0.063,0.007,1.991,11.09,HIGH,PAPER,1756
12.94,MANUAL,IDLE,,0,0.0,3.989,-3.48,1.315,2.74,1.844,-0.003,-0.1,0.2,-13.5,-0.114,-0.03,-0.082,1.993,10.52,HIGH,PAPER,1756
12.96,MANUAL,IDLE,,0,0.0,4.044,-3.443,1.315,2.743,1.864,-0.004,-0.1,0.4,-13.6,0.117,0.199,-0.044,1.963,4.81,HIGH,PAPER,1756
12.98,MANUAL,IDLE,,0,0.0,4.099,-3.406,1.315,2.759,1.865,-0.004,-0.3,0.3,-13.7,-0.279,0.186,-0.115,1.992,13.44,HIGH,PAPER,1756
13.0,MANUAL,IDLE,,0,0.0,4.154,-3.368,1.315,2.779,1.879,-0.004,-0.3,0.2,-13.9,0.1,0.117,-0.17,1.966,5.45,HIGH,PAPER,1756
13.02,MANUAL,IDLE,,0,0.0,4.21,-3.331,1.315,2.793,1.899,-0.004,-0.2,0.2,-14.1,-0.099,-0.02,-0.164,1.964,5.91,HIGH,PAPER,1756
13.04,MANUAL,IDLE,,0,0.0,4.266,-3.292,1.315,2.811,1.913,-0.004,-0.2,0.1,-14.2,0.101,-0.08,-0.048,1.985,13.03,HIGH,PAPER,1756
13.06,MANUAL,IDLE,,0,0.0,4.322,-3.254,1.315,2.825,1.921,-0.004,-0.2,-0.0,-14.2,0.043,0.018,0.056,1.985,9.56,HIGH,PAPER,1756
13.08,MANUAL,IDLE,,0,0.0,4.379,-3.216,1.314,2.837,1.935,-0.004,-0.2,-0.0,-14.0,0.288,0.131,0.175,2.028,14.77,HIGH,PAPER,1756
13.1,MANUAL,IDLE,,0,0.0,4.436,-3.177,1.314,2.853,1.947,-0.004,-0.2,-0.1,-13.9,-0.236,0.171,0.129,2.012,12.93,HIGH,PAPER,1756
13.12,MANUAL,IDLE,,0,0.0,4.493,-3.138,1.314,2.859,1.955,-0.004,-0.3,0.0,-13.7,-0.033,-0.182,0.128,2.023,15.68,HIGH,PAPER,1756
13.14,MANUAL,IDLE,,0,0.0,4.55,-3.099,1.314,2.871,1.971,-0.004,-0.3,0.0,-13.6,0.207,0.247,0.112,1.97,9.55,HIGH,PAPER,1756
13.16,MANUAL,IDLE,,0,0.0,4.608,-3.059,1.314,2.891,1.993,-0.004,-0.1,-0.1,-13.5,0.308,-0.062,0.041,2.003,14.46,HIGH,PAPER,1756
13.18,MANUAL,IDLE,,0,0.0,4.666,-3.019,1.314,2.897,2.009,-0.004,-0.0,0.0,-13.4,0.118,-0.021,0.095,2.027,15.35,HIGH,PAPER,1756
13.2,MANUAL,IDLE,,0,0.0,4.723,-2.979,1.314,2.897,2.017,-0.004,-0.1,0.2,-13.4,-0.065,0.082,0.025,2.042,16.41,HIGH,PAPER,1756
13.22,MANUAL,IDLE,,0,0.0,4.782,-2.938,1.314,2.918,2.031,-0.005,0.0,-0.0,-13.4,-0.122,-0.318,-0.068,1.967,4.53,HIGH,PAPER,1756
13.24,MANUAL,IDLE,,0,0.0,4.84,-2.897,1.314,2.925,2.043,-0.005,-0.0,0.1,-13.5,-0.17,-0.351,-0.097,1.972,12.05,HIGH,PAPER,1756
13.26,MANUAL,IDLE,,0,0.0,4.899,-2.856,1.314,2.934,2.051,-0.005,-0.1,0.0,-13.6,-0.236,-0.15,-0.037,1.977,8.48,HIGH,PAPER,1756
13.28,MANUAL,IDLE,,0,0.0,4.957,-2.815,1.314,2.948,2.059,-0.005,-0.3,0.0,-13.6,-0.122,-0.32,-0.064,1.968,4.87,HIGH,PAPER,1756
13.3,MANUAL,IDLE,,0,0.0,5.016,-2.774,1.313,2.958,2.083,-0.005,-0.1,0.1,-13.7,0.254,0.228,0.015,1.964,4.83,HIGH,PAPER,1756
13.32,MANUAL,IDLE,,0,0.0,5.076,-2.732,1.313,2.965,2.098,-0.005,-0.2,0.1,-13.6,-0.144,0.021,-0.009,1.965,4.7,HIGH,PAPER,1756
13.34,MANUAL,IDLE,,0,0.0,5.135,-2.69,1.313,2.978,2.115,-0.005,-0.1,0.0,-13.6,-0.037,-0.035,0.065,1.987,13.88,HIGH,PAPER,1756
13.36,MANUAL,IDLE,,0,0.0,5.195,-2.647,1.313,2.986,2.122,-0.005,-0.2,-0.0,-13.5,-0.235,0.127,0.026,1.965,3.59,HIGH,PAPER,1756
13.38,MANUAL,IDLE,,0,0.0,5.254,-2.605,1.313,2.993,2.14,-0.005,-0.1,-0.0,-13.5,0.254,-0.141,0.024,2.006,12.0,HIGH,PAPER,1756
13.4,MANUAL,IDLE,,0,0.0,5.314,-2.562,1.313,2.995,2.156,-0.005,-0.1,0.1,-13.4,0.261,0.166,0.034,1.99,11.38,HIGH,PAPER,1756
13.42,MANUAL,IDLE,,0,0.0,5.374,-2.519,1.313,3.016,2.173,-0.005,0.1,-0.0,-13.4,0.227,-0.377,-0.012,1.968,4.29,HIGH,PAPER,1756
13.44,MANUAL,IDLE,,0,0.0,5.435,-2.475,1.313,3.031,2.19,-0.005,0.1,-0.0,-13.4,-0.084,-0.23,0.036,1.973,11.18,HIGH,PAPER,1756
13.46,MANUAL,IDLE,,0,0.0,5.495,-2.431,1.313,3.028,2.199,-0.005,0.1,0.2,-13.4,-0.333,0.288,-0.006,1.982,11.55,HIGH,PAPER,1756
13.48,MANUAL,IDLE,,0,0.0,5.556,-2.387,1.313,3.04,2.211,-0.005,0.1,0.2,-13.5,0.079,0.101,-0.005,1.977,10.83,HIGH,PAPER,1756
13.5,MANUAL,IDLE,,0,0.0,5.617,-2.343,1.313,3.053,2.216,-0.005,0.0,0.1,-13.5,-0.204,0.022,-0.034,1.999,11.09,HIGH,PAPER,1756
13.52,MANUAL,IDLE,,0,0.0,5.678,-2.298,1.312,3.053,2.225,-0.005,-0.1,0.2,-13.5,-0.116,-0.061,-0.071,2.012,14.35,HIGH,PAPER,1756
13.54,MANUAL,IDLE,,0,0.0,5.739,-2.253,1.312,3.069,2.247,-0.005,0.1,0.2,-13.5,-0.173,-0.061,0.14,2.024,14.92,HIGH,PAPER,1756
13.56,MANUAL,IDLE,,0,0.0,5.801,-2.208,1.312,3.081,2.253,-0.005,-0.1,0.1,-13.3,-0.081,-0.098,0.119,1.988,13.86,HIGH,PAPER,1756
13.58,MANUAL,IDLE,,0,0.0,5.863,-2.163,1.312,3.09,2.267,-0.004,-0.1,0.1,-13.2,-0.143,-0.021,0.187,1.987,9.41,HIGH,PAPER,1756
13.6,MANUAL,IDLE,,0,0.0,5.924,-2.118,1.312,3.099,2.285,-0.004,-0.1,0.1,-13.0,0.308,0.25,0.116,1.988,10.07,HIGH,PAPER,1756
13.62,MANUAL,IDLE,,0,0.0,5.986,-2.072,1.312,3.107,2.297,-0.004,-0.1,0.1,-12.9,-0.147,0.159,0.094,1.968,6.49,HIGH,PAPER,1756
13.64,MANUAL,IDLE,,0,0.0,6.049,-2.026,1.312,3.115,2.315,-0.004,-0.0,0.1,-12.8,0.243,0.367,0.052,2.002,14.21,HIGH,PAPER,1756
13.66,MANUAL,IDLE,,0,0.0,6.111,-1.979,1.312,3.12,2.322,-0.004,-0.1,0.1,-12.8,-0.218,0.029,0.069,1.997,10.72,HIGH,PAPER,1756
13.68,MANUAL,IDLE,,0,0.0,6.174,-1.933,1.312,3.127,2.331,-0.004,-0.2,0.2,-12.8,-0.337,-0.375,-0.019,2.025,15.58,HIGH,PAPER,1756
13.7,MANUAL,IDLE,,0,0.0,6.236,-1.886,1.312,3.127,2.349,-0.004,-0.2,0.3,-12.9,-0.095,0.339,-0.132,2.013,13.11,HIGH,PAPER,1756
13.72,MANUAL,IDLE,,0,0.0,6.299,-1.839,1.312,3.133,2.367,-0.004,-0.1,0.5,-13.0,-0.142,-0.005,-0.151,1.994,10.29,HIGH,PAPER,1756
13.74,MANUAL,IDLE,,0,0.0,6.362,-1.791,1.311,3.148,2.377,-0.004,-0.2,0.4,-13.1,-0.13,0.15,0.0,1.975,7.15,HIGH,PAPER,1756
13.76,MANUAL,IDLE,,0,0.0,6.425,-1.744,1.311,3.157,2.395,-0.004,-0.1,0.4,-13.1,0.178,0.124,-0.048,1.973,11.46,HIGH,PAPER,1756
13.78,MANUAL,IDLE,,0,0.0,6.488,-1.696,1.311,3.166,2.412,-0.004,-0.0,0.4,-13.1,-0.198,0.193,-0.003,1.969,5.21,HIGH,PAPER,1756
13.8,MANUAL,IDLE,,0,0.0,6.551,-1.647,1.311,3.181,2.43,-0.004,0.1,0.4,-13.2,-0.22,0.003,-0.067,1.985,8.96,HIGH,PAPER,1756
13.82,MANUAL,IDLE,,0,0.0,6.615,-1.598,1.311,3.207,2.444,-0.004,0.2,0.1,-13.3,0.456,-0.162,-0.091,1.982,9.51,HIGH,PAPER,1756
13.84,MANUAL,IDLE,,0,0.0,6.679,-1.549,1.311,3.216,2.465,-0.004,0.3,0.2,-13.4,0.225,-0.132,-0.016,1.976,9.38,HIGH,PAPER,1756
13.86,MANUAL,IDLE,,0,0.0,6.744,-1.5,1.311,3.223,2.476,-0.004,0.4,0.2,-13.5,0.226,-0.006,-0.102,2.0,13.19,HIGH,PAPER,1756
13.88,MANUAL,IDLE,,0,0.0,6.808,-1.45,1.311,3.234,2.477,-0.004,0.1,0.1,-13.6,-0.363,-0.077,-0.134,1.972,11.36,HIGH,PAPER,1756
13.9,MANUAL,IDLE,,0,0.0,6.873,-1.401,1.311,3.236,2.49,-0.004,0.1,0.3,-13.7,0.015,-0.175,-0.024,1.993,12.64,HIGH,PAPER,1756
13.92,MANUAL,IDLE,,0,0.0,6.938,-1.351,1.311,3.249,2.502,-0.004,0.1,0.1,-13.7,0.142,-0.08,0.004,1.975,9.82,HIGH,PAPER,1756
13.94,MANUAL,IDLE,,0,0.0,7.003,-1.301,1.311,3.258,2.513,-0.004,0.1,0.2,-13.8,0.018,-0.172,-0.065,1.964,3.11,HIGH,PAPER,1756
13.96,MANUAL,IDLE,,0,0.0,7.068,-1.25,1.311,3.264,2.528,-0.004,0.1,0.3,-13.8,-0.476,0.237,-0.058,1.969,8.98,HIGH,PAPER,1756
13.98,MANUAL,IDLE,,0,0.0,7.133,-1.2,1.311,3.264,2.542,-0.004,0.2,0.4,-13.9,-0.136,0.237,-0.034,1.973,6.0,HIGH,PAPER,1756
14.0,MANUAL,IDLE,,0,0.0,7.199,-1.149,1.31,3.275,2.556,-0.004,0.2,0.4,-13.9,0.13,0.244,-0.009,1.997,13.72,HIGH,PAPER,1756
14.02,MANUAL,IDLE,,0,0.0,7.264,-1.097,1.31,3.292,2.568,-0.004,0.2,0.4,-13.9,0.254,-0.147,-0.009,1.989,13.22,HIGH,PAPER,1756
14.04,MANUAL,IDLE,,0,0.0,7.331,-1.046,1.31,3.313,2.582,-0.004,0.3,0.3,-14.0,0.115,-0.128,-0.078,1.974,7.13,HIGH,PAPER,1756
14.06,MANUAL,IDLE,,0,0.0,7.397,-0.994,1.31,3.326,2.597,-0.004,0.4,0.2,-14.1,0.144,0.013,-0.026,1.964,3.19,HIGH,PAPER,1756
14.08,MANUAL,IDLE,,0,0.0,7.463,-0.942,1.31,3.331,2.614,-0.004,0.5,0.3,-14.1,0.093,-0.17,0.007,2.009,12.41,HIGH,PAPER,1756
14.1,MANUAL,IDLE,,0,0.0,7.53,-0.89,1.31,3.346,2.631,-0.004,0.6,0.1,-14.0,-0.028,0.395,0.143,1.978,12.64,HIGH,PAPER,1756
14.12,MANUAL,IDLE,,0,0.0,7.597,-0.837,1.31,3.353,2.629,-0.004,0.4,0.1,-13.9,-0.496,0.278,0.006,2.025,14.29,HIGH,PAPER,1756
14.14,MANUAL,IDLE,,0,0.0,7.664,-0.784,1.31,3.366,2.636,-0.004,0.4,0.1,-13.9,0.001,-0.124,0.014,1.963,1.69,HIGH,PAPER,1756
14.16,MANUAL,IDLE,,0,0.0,7.732,-0.732,1.31,3.357,2.648,-0.004,0.4,0.4,-13.8,0.035,0.073,0.059,1.99,10.5,HIGH,PAPER,1756
14.18,MANUAL,IDLE,,0,0.0,7.799,-0.679,1.31,3.358,2.65,-0.003,0.2,0.6,-13.8,-0.258,0.115,-0.056,1.971,7.54,HIGH,PAPER,1756
14.2,MANUAL,IDLE,,0,0.0,7.866,-0.626,1.31,3.366,2.657,-0.003,0.1,0.6,-13.8,-0.133,0.042,0.029,1.989,12.43,HIGH,PAPER,1756
14.22,MANUAL,IDLE,,0,0.0,7.934,-0.572,1.31,3.382,2.662,-0.003,0.1,0.5,-13.8,-0.051,-0.034,0.011,1.965,5.3,HIGH,PAPER,1756
14.24,MANUAL,IDLE,,0,0.0,8.001,-0.519,1.31,3.397,2.674,-0.003,0.1,0.4,-13.8,-0.14,0.063,-0.112,2.011,15.66,HIGH,PAPER,1756
14.26,MANUAL,IDLE,,0,0.0,8.07,-0.465,1.31,3.41,2.677,-0.003,0.0,0.3,-13.9,-0.01,-0.038,-0.095,2.004,11.88,HIGH,PAPER,1756
14.28,MANUAL,IDLE,,0,0.0,8.138,-0.412,1.309,3.414,2.695,-0.003,0.1,0.4,-13.9,0.323,0.238,0.019,1.987,12.23,HIGH,PAPER,1756
14.3,MANUAL,IDLE,,0,0.0,8.206,-0.358,1.309,3.437,2.698,-0.003,0.1,0.2,-13.9,-0.219,-0.138,0.048,1.993,12.16,HIGH,PAPER,1756
14.32,MANUAL,IDLE,,0,0.0,8.275,-0.304,1.309,3.446,2.706,-0.003,-0.1,0.3,-13.8,-0.282,0.23,0.079,1.966,8.36,HIGH,PAPER,1756
14.34,MANUAL,IDLE,,0,0.0,8.344,-0.249,1.309,3.452,2.723,-0.003,-0.0,0.3,-13.7,-0.098,-0.242,0.103,1.991,12.09,HIGH,PAPER,1756
14.36,MANUAL,IDLE,,0,0.0,8.413,-0.195,1.309,3.467,2.729,-0.003,-0.1,0.2,-13.6,0.052,-0.334,0.053,1.996,10.74,HIGH,PAPER,1756
14.38,MANUAL,IDLE,,0,0.0,8.483,-0.14,1.309,3.477,2.741,-0.003,-0.1,0.2,-13.5,-0.211,-0.06,-0.007,1.985,8.76,HIGH,PAPER,1756
14.4,MANUAL,IDLE,,0,0.0,8.552,-0.085,1.309,3.491,2.745,-0.003,-0.2,0.2,-13.6,-0.023,0.089,-0.051,2.0,11.09,HIGH,PAPER,1756
14.42,MANUAL,IDLE,,0,0.0,8.622,-0.03,1.309,3.509,2.75,-0.003,-0.3,0.3,-13.6,-0.201,-0.337,0.002,1.992,10.19,HIGH,PAPER,1756
14.44,MANUAL,IDLE,,0,0.0,8.693,0.025,1.309,3.516,2.762,-0.003,-0.2,0.3,-13.6,-0.019,0.653,-0.104,1.976,10.44,HIGH,PAPER,1756
14.46,MANUAL,IDLE,,0,0.0,8.763,0.08,1.309,3.532,2.769,-0.003,-0.3,0.3,-13.7,-0.376,0.027,0.022,1.963,10.71,HIGH,PAPER,1756
14.48,MANUAL,IDLE,,0,0.0,8.834,0.136,1.309,3.546,2.778,-0.003,-0.3,0.2,-13.7,0.138,0.04,-0.032,1.979,8.86,HIGH,PAPER,1756
14.5,MANUAL,IDLE,,0,0.0,8.905,0.191,1.309,3.554,2.792,-0.003,-0.2,0.2,-13.7,0.013,0.208,0.091,1.969,8.91,HIGH,PAPER,1756
14.52,MANUAL,IDLE,,0,0.0,8.976,0.247,1.309,3.569,2.794,-0.003,-0.3,0.1,-13.6,0.244,-0.357,0.039,1.993,14.65,HIGH,PAPER,1756
14.54,MANUAL,IDLE,,0,0.0,9.048,0.303,1.309,3.58,2.802,-0.003,-0.3,0.0,-13.6,-0.014,-0.105,0.019,1.996,12.59,HIGH,PAPER,1756
14.56,MANUAL,IDLE,,0,0.0,9.119,0.359,1.309,3.587,2.812,-0.003,-0.3,0.1,-13.6,0.162,-0.057,0.04,1.994,10.29,HIGH,PAPER,1756
14.58,MANUAL,IDLE,,0,0.0,9.191,0.416,1.309,3.594,2.816,-0.003,-0.3,0.1,-13.5,0.027,0.051,0.045,1.967,4.06,HIGH,PAPER,1756
14.6,MANUAL,IDLE,,0,0.0,9.263,0.472,1.308,3.599,2.826,-0.003,-0.3,0.2,-13.4,-0.046,0.15,-0.0,2.029,14.76,HIGH,PAPER,1756
14.62,MANUAL,IDLE,,0,0.0,9.335,0.529,1.308,3.609,2.839,-0.003,-0.3,0.2,-13.4,0.226,0.084,0.118,1.979,13.78,HIGH,PAPER,1756
14.64,MANUAL,IDLE,,0,0.0,9.408,0.586,1.308,3.626,2.852,-0.003,-0.1,0.0,-13.3,-0.191,-0.183,-0.039,1.973,9.55,HIGH,PAPER,1756
14.66,MANUAL,IDLE,,0,0.0,9.48,0.643,1.308,3.64,2.861,-0.003,-0.0,-0.0,-13.3,0.054,-0.02,0.063,1.985,12.62,HIGH,PAPER,1756
14.68,MANUAL,IDLE,,0,0.0,9.553,0.7,1.308,3.656,2.882,-0.003,0.3,-0.1,-13.3,-0.002,0.132,-0.011,1.987,9.42,HIGH,PAPER,1756
14.7,MANUAL,IDLE,,0,0.0,9.627,0.758,1.308,3.665,2.883,-0.003,0.1,-0.1,-13.4,-0.039,0.08,-0.112,1.983,9.84,HIGH,PAPER,1756
14.72,MANUAL,IDLE,,0,0.0,9.7,0.816,1.308,3.677,2.891,-0.003,0.2,-0.1,-13.5,-0.083,0.003,-0.067,1.963,2.22,HIGH,PAPER,1756
14.74,MANUAL,IDLE,,0,0.0,9.774,0.873,1.308,3.685,2.898,-0.003,0.2,-0.0,-13.5,0.276,0.035,-0.044,2.018,13.61,HIGH,PAPER,1756
14.76,MANUAL,IDLE,,0,0.0,9.847,0.932,1.308,3.692,2.911,-0.003,0.3,0.0,-13.6,0.1,0.131,-0.073,1.966,11.59,HIGH,PAPER,1756
14.78,MANUAL,IDLE,,0,0.0,9.921,0.99,1.308,3.701,2.921,-0.003,0.3,0.1,-13.7,0.082,0.048,-0.083,1.966,3.81,HIGH,PAPER,1756
14.8,MANUAL,IDLE,,0,0.0,9.995,1.048,1.308,3.71,2.92,-0.003,0.1,0.1,-13.8,-0.449,0.034,-0.022,1.975,6.78,HIGH,PAPER,1756
14.82,MANUAL,IDLE,,0,0.0,10.07,1.107,1.308,3.718,2.928,-0.003,0.1,0.1,-13.8,-0.224,0.267,-0.016,1.963,3.72,HIGH,PAPER,1756
14.84,MANUAL,IDLE,,0,0.0,10.144,1.165,1.308,3.724,2.932,-0.003,-0.0,0.2,-13.9,-0.144,-0.246,-0.056,1.983,12.8,HIGH,PAPER,1756
14.86,MANUAL,IDLE,,0,0.0,10.219,1.224,1.308,3.74,2.931,-0.003,-0.1,0.1,-14.0,-0.179,0.015,-0.023,1.993,12.82,HIGH,PAPER,1756
14.88,MANUAL,IDLE,,0,0.0,10.294,1.283,1.308,3.748,2.947,-0.002,-0.0,0.2,-13.9,0.034,0.221,0.03,1.993,10.19,HIGH,PAPER,1756
14.9,MANUAL,IDLE,,0,0.0,10.369,1.342,1.308,3.748,2.954,-0.002,-0.1,0.3,-13.9,0.17,0.129,0.114,1.973,8.44,HIGH,PAPER,1756
14.92,MANUAL,IDLE,,0,0.0,10.444,1.401,1.308,3.754,2.961,-0.002,-0.0,0.4,-13.8,-0.01,-0.156,0.005,2.007,12.88,HIGH,PAPER,1756
14.94,MANUAL,IDLE,,0,0.0,10.519,1.46,1.308,3.762,2.965,-0.002,-0.1,0.4,-13.8,-0.065,-0.176,-0.023,2.003,14.83,HIGH,PAPER,1756
14.96,MANUAL,IDLE,,0,0.0,10.594,1.52,1.308,3.764,2.978,-0.002,-0.0,0.6,-13.8,0.307,0.24,-0.103,2.001,16.02,HIGH,PAPER,1756
14.98,MANUAL,IDLE,,0,0.0,10.669,1.579,1.307,3.777,2.979,-0.002,0.0,0.7,-14.0,0.176,-0.251,-0.14,1.985,11.53,HIGH,PAPER,1756
15.0,MANUAL,IDLE,,0,0.0,10.745,1.639,1.307,3.785,2.977,-0.002,-0.0,0.7,-14.1,-0.311,0.002,-0.06,1.984,8.53,HIGH,PAPER,1756
15.02,MANUAL,IDLE,,0,0.0,10.821,1.698,1.307,3.795,2.979,-0.002,-0.1,0.7,-14.2,-0.176,0.046,-0.008,1.981,10.56,HIGH,PAPER,1756
15.04,MANUAL,IDLE,,0,0.0,10.897,1.758,1.307,3.808,2.981,-0.002,-0.2,0.8,-14.2,-0.003,-0.399,-0.02,1.994,10.79,HIGH,PAPER,1756
15.06,MANUAL,IDLE,,0,0.0,10.973,1.818,1.307,3.825,2.991,-0.002,-0.1,0.6,-14.1,0.097,-0.096,0.127,2.031,18.73,HIGH,PAPER,1756
15.08,MANUAL,IDLE,,0,0.0,11.05,1.877,1.307,3.847,2.997,-0.002,0.1,0.4,-13.9,0.046,-0.09,0.07,2.004,13.68,HIGH,PAPER,1756
15.1,MANUAL,IDLE,,0,0.0,11.127,1.937,1.307,3.853,3.008,-0.002,0.1,0.6,-13.9,0.188,-0.314,0.052,1.966,5.99,HIGH,PAPER,1756
15.12,MANUAL,IDLE,,0,0.0,11.204,1.998,1.307,3.875,3.009,-0.002,0.1,0.3,-13.9,0.242,-0.185,-0.016,1.997,15.92,HIGH,PAPER,1756
15.14,MANUAL,IDLE,,0,0.0,11.282,2.058,1.307,3.885,3.006,-0.002,-0.0,0.3,-13.9,0.067,-0.164,-0.07,2.002,13.04,HIGH,PAPER,1756
15.16,MANUAL,IDLE,,0,0.0,11.36,2.118,1.307,3.902,3.003,-0.002,-0.1,0.2,-14.0,-0.143,0.051,0.001,1.964,10.72,HIGH,PAPER,1756
15.18,MANUAL,IDLE,,0,0.0,11.438,2.178,1.307,3.912,3.019,-0.002,0.1,0.3,-13.9,0.115,0.023,0.042,2.03,17.69,HIGH,PAPER,1756
15.2,MANUAL,IDLE,,0,0.0,11.516,2.238,1.307,3.92,3.025,-0.002,0.0,0.2,-13.9,0.109,0.186,-0.033,2.002,15.44,HIGH,PAPER,1756
15.22,MANUAL,IDLE,,0,0.0,11.594,2.299,1.307,3.928,3.036,-0.002,0.1,0.3,-13.9,-0.054,0.317,0.007,1.983,10.37,HIGH,PAPER,1756
15.24,MANUAL,IDLE,,0,0.0,11.673,2.36,1.307,3.95,3.041,-0.002,0.2,0.2,-14.0,0.009,0.307,-0.11,1.97,12.16,HIGH,PAPER,1756
15.26,MANUAL,IDLE,,0,0.0,11.752,2.421,1.307,3.962,3.051,-0.002,0.3,0.3,-14.2,0.032,-0.002,-0.117,1.981,10.36,HIGH,PAPER,1756
15.28,MANUAL,IDLE,,0,0.0,11.832,2.482,1.307,3.97,3.062,-0.002,0.3,0.3,-14.3,0.013,0.052,-0.128,1.991,10.73,HIGH,PAPER,1756
15.3,MANUAL,IDLE,,0,0.0,11.911,2.543,1.307,3.988,3.067,-0.002,0.4,0.2,-14.4,-0.115,-0.047,-0.104,1.982,12.15,HIGH,PAPER,1756
15.32,MANUAL,IDLE,,0,0.0,11.991,2.605,1.307,4.005,3.072,-0.002,0.5,0.2,-14.5,0.204,-0.203,-0.088,1.96,8.54,HIGH,PAPER,1756
15.34,MANUAL,IDLE,,0,0.0,12.071,2.666,1.307,4.011,3.079,-0.004,0.6,0.2,-14.6,0.151,-0.175,-0.126,1.984,16.43,HIGH,PAPER,1756
15.36,MANUAL,IDLE,,0,0.0,12.152,2.728,1.307,4.019,3.073,-0.008,0.5,0.2,-14.7,0.147,-0.221,-0.098,1.934,14.32,HIGH,PAPER,1756
15.38,MANUAL,IDLE,,0,0.0,12.232,2.789,1.306,4.03,3.069,-0.014,0.4,0.1,-14.8,-0.173,-0.221,-0.092,1.888,1.83,HIGH,PAPER,1756
15.4,MANUAL,IDLE,,0,0.0,12.313,2.85,1.306,4.033,3.067,-0.022,0.2,0.3,-14.9,0.224,0.0,0.021,1.946,16.56,HIGH,PAPER,1756
15.42,MANUAL,IDLE,,0,0.0,0.0,-6.0,1.2,0.0,0.0,-0.0,0.0,-0.0,-0.0,0.021,-0.011,-0.003,2.021,17.82,HIGH,PAPER,1756
15.44,MANUAL,IDLE,,0,0.0,0.0,-6.0,1.2,0.003,0.006,-0.0,0.0,0.1,-0.0,-0.065,0.127,-0.034,1.968,5.36,HIGH,PAPER,1756
15.46,MANUAL,IDLE,,0,0.0,0.0,-6.0,1.2,0.006,0.012,-0.0,0.2,0.2,-0.1,-0.129,-0.092,-0.018,1.992,10.41,HIGH,PAPER,1756
15.48,MANUAL,IDLE,,0,0.0,0.0,-5.999,1.2,0.017,0.013,-0.0,0.2,0.2,-0.1,-0.336,0.251,-0.064,2.009,12.54,HIGH,PAPER,1756
15.5,MANUAL,IDLE,,0,0.0,0.001,-5.999,1.2,0.022,0.007,-0.0,0.0,0.2,-0.1,-0.119,0.068,0.049,1.998,13.0,HIGH,PAPER,1756
15.52,MANUAL,IDLE,,0,0.0,0.001,-5.999,1.2,0.03,0.013,-0.0,0.1,0.3,-0.1,0.023,0.06,0.058,2.002,11.55,HIGH,PAPER,1756
15.54,MANUAL,IDLE,,0,0.0,0.002,-5.999,1.2,0.038,0.012,-0.0,-0.0,0.2,0.0,-0.433,-0.015,0.039,1.982,10.06,HIGH,PAPER,1756
15.56,MANUAL,IDLE,,0,0.0,0.003,-5.999,1.2,0.051,0.01,-0.0,-0.1,0.3,0.1,-0.057,-0.138,0.14,2.006,14.15,HIGH,PAPER,1756
15.58,MANUAL,IDLE,,0,0.0,0.004,-5.998,1.2,0.065,0.019,-0.0,-0.1,0.1,0.3,0.223,-0.195,0.148,2.005,15.01,HIGH,PAPER,1756
15.6,MANUAL,IDLE,,0,0.0,0.005,-5.998,1.2,0.077,0.027,-0.0,0.1,0.1,0.5,-0.056,-0.253,0.187,1.976,6.81,HIGH,PAPER,1756
15.62,MANUAL,IDLE,,0,0.0,0.007,-5.997,1.2,0.093,0.031,-0.0,0.2,-0.1,0.6,-0.193,-0.093,0.016,1.992,10.02,HIGH,PAPER,1756
15.64,MANUAL,IDLE,,0,0.0,0.009,-5.997,1.2,0.102,0.03,0.0,0.1,-0.0,0.6,-0.189,0.488,-0.0,2.006,14.56,HIGH,PAPER,1756
15.66,MANUAL,IDLE,,0,0.0,0.011,-5.996,1.2,0.112,0.039,0.0,0.1,0.0,0.6,0.131,-0.03,-0.037,1.965,3.85,HIGH,PAPER,1756
15.68,MANUAL,IDLE,,0,0.0,0.014,-5.995,1.2,0.129,0.029,0.0,-0.1,-0.2,0.5,0.054,-0.28,0.025,1.978,8.39,HIGH,PAPER,1756
15.7,MANUAL,IDLE,,0,0.0,0.016,-5.995,1.2,0.133,0.033,-0.0,-0.0,-0.2,0.5,0.138,0.013,0.079,1.991,10.77,HIGH,PAPER,1756
15.72,MANUAL,IDLE,,0,0.0,0.019,-5.994,1.2,0.135,0.03,-0.0,-0.0,-0.1,0.6,0.273,0.153,0.06,2.011,14.05,HIGH,PAPER,1756
15.74,MANUAL,IDLE,,0,0.0,0.022,-5.993,1.2,0.146,0.036,-0.0,0.1,-0.1,0.6,-0.25,-0.101,-0.039,1.992,16.79,HIGH,PAPER,1756
15.76,MANUAL,IDLE,,0,0.0,0.025,-5.993,1.2,0.155,0.049,-0.0,0.2,-0.6,0.6,-0.017,-0.317,-0.105,1.967,16.95,HIGH,PAPER,1756
15.78,MANUAL,IDLE,,0,0.0,0.028,-5.992,1.2,0.161,0.046,-0.0,0.1,-1.5,0.5,0.057,-0.878,-0.035,2.004,11.17,HIGH,PAPER,1756
15.8,MANUAL,IDLE,,0,0.0,0.031,-5.991,1.2,0.172,0.052,-0.0,0.2,-2.1,0.4,0.161,-0.183,-0.039,1.968,6.25,HIGH,PAPER,1756
15.82,MANUAL,IDLE,,0,0.0,0.035,-5.99,1.2,0.163,0.044,-0.0,0.1,-2.3,0.3,0.147,0.066,-0.067,1.969,11.43,HIGH,PAPER,1756
15.84,MANUAL,IDLE,,0,0.0,0.038,-5.989,1.2,0.161,0.045,-0.0,0.2,-2.5,0.2,0.188,-0.195,-0.059,1.983,9.12,HIGH,PAPER,1756
15.86,MANUAL,IDLE,,0,0.0,0.041,-5.988,1.2,0.166,0.039,-0.0,0.2,-2.5,0.1,-0.168,0.05,-0.099,1.971,5.86,HIGH,PAPER,1756
15.88,MANUAL,IDLE,,0,0.0,0.045,-5.987,1.2,0.169,0.027,-0.0,0.0,-2.4,0.0,-0.264,0.038,-0.116,2.024,14.28,HIGH,PAPER,1756
15.9,MANUAL,IDLE,,0,0.0,0.048,-5.987,1.2,0.174,0.029,-0.0,-0.0,-2.3,-0.1,0.239,-0.107,-0.0,1.977,10.27,HIGH,PAPER,1756
15.92,MANUAL,IDLE,,0,0.0,0.052,-5.986,1.2,0.177,0.029,-0.0,-0.0,-2.2,-0.1,0.12,0.134,0.002,2.003,11.56,HIGH,PAPER,1756
15.94,MANUAL,IDLE,,0,0.0,0.055,-5.986,1.2,0.181,0.02,-0.0,-0.2,-2.2,-0.1,0.075,0.434,0.039,1.978,12.05,HIGH,PAPER,1756
15.96,MANUAL,IDLE,,0,0.0,0.059,-5.985,1.2,0.176,0.019,-0.0,-0.3,-2.0,-0.0,0.288,0.223,0.029,1.977,9.92,HIGH,PAPER,1756
15.98,MANUAL,IDLE,,0,0.0,0.062,-5.985,1.2,0.185,0.018,-0.0,-0.3,-2.0,-0.0,0.083,-0.132,-0.031,1.989,9.91,HIGH,PAPER,1756
16.0,MANUAL,IDLE,,0,0.0,0.066,-5.985,1.2,0.18,0.018,0.0,-0.3,-1.9,0.0,-0.284,0.426,0.18,2.003,11.72,HIGH,PAPER,1756
16.02,MANUAL,IDLE,,0,0.0,0.07,-5.984,1.2,0.188,0.026,-0.0,-0.3,-1.9,0.2,0.47,-0.173,0.08,1.993,12.01,HIGH,PAPER,1756
16.04,MANUAL,IDLE,,0,0.0,0.074,-5.984,1.2,0.188,0.022,-0.0,-0.3,-1.8,0.3,-0.295,-0.031,0.102,2.004,11.77,HIGH,PAPER,1756
16.06,MANUAL,IDLE,,0,0.0,0.077,-5.983,1.2,0.182,0.03,0.0,-0.2,-1.6,0.4,0.284,-0.077,0.077,1.995,14.76,HIGH,PAPER,1756
16.08,MANUAL,IDLE,,0,0.0,0.081,-5.983,1.2,0.182,0.037,-0.0,-0.1,-1.6,0.3,0.133,-0.26,-0.019,1.964,4.25,HIGH,PAPER,1756
16.1,MANUAL,IDLE,,0,0.0,0.084,-5.982,1.2,0.189,0.041,-0.0,-0.1,-1.6,0.3,0.261,-0.18,0.012,1.995,11.66,HIGH,PAPER,1756
16.12,MANUAL,IDLE,,0,0.0,0.088,-5.981,1.2,0.195,0.045,-0.0,0.0,-1.6,0.3,0.206,-0.001,-0.126,2.001,15.7,HIGH,PAPER,1756
16.14,MANUAL,IDLE,,0,0.0,0.092,-5.98,1.2,0.204,0.043,0.0,-0.1,-1.8,0.2,-0.112,0.002,-0.02,1.994,10.48,HIGH,PAPER,1756
16.16,MANUAL,IDLE,,0,0.0,0.096,-5.979,1.2,0.209,0.04,0.0,-0.1,-1.8,0.0,-0.257,0.092,-0.146,1.969,10.16,HIGH,PAPER,1756
16.18,MANUAL,IDLE,,0,0.0,0.101,-5.978,1.2,0.214,0.044,0.0,-0.0,-1.8,-0.2,-0.036,-0.122,-0.159,1.973,6.15,HIGH,PAPER,1756
16.2,MANUAL,IDLE,,0,0.0,0.105,-5.977,1.2,0.214,0.044,0.0,-0.0,-1.8,-0.4,-0.113,0.115,-0.142,1.978,8.04,HIGH,PAPER,1756
16.22,MANUAL,IDLE,,0,0.0,0.109,-5.977,1.2,0.209,0.043,0.0,-0.0,-1.6,-0.5,-0.136,0.174,-0.032,2.005,16.59,HIGH,PAPER,1756
16.24,MANUAL,IDLE,,0,0.0,0.113,-5.976,1.2,0.217,0.035,0.0,-0.1,-1.6,-0.5,-0.24,0.006,-0.021,2.0,11.14,HIGH,PAPER,1756
16.26,MANUAL,IDLE,,0,0.0,0.118,-5.975,1.2,0.222,0.036,0.0,-0.2,-1.6,-0.5,0.403,-0.363,-0.011,2.009,14.08,HIGH,PAPER,1756
16.28,MANUAL,IDLE,,0,0.0,0.122,-5.974,1.2,0.224,0.032,0.0,-0.2,-1.7,-0.5,0.234,0.022,0.03,1.989,13.12,HIGH,PAPER,1756
16.3,MANUAL,IDLE,,0,0.0,0.127,-5.974,1.2,0.22,0.025,0.0,-0.3,-1.6,-0.5,0.021,0.057,0.012,1.986,9.92,HIGH,PAPER,1756
16.32,MANUAL,IDLE,,0,0.0,0.131,-5.973,1.2,0.212,0.032,0.0,-0.3,-1.4,-0.5,0.098,0.397,-0.045,1.982,8.23,HIGH,PAPER,1756
16.34,MANUAL,IDLE,,0,0.0,0.135,-5.973,1.2,0.204,0.031,0.0,-0.3,-1.1,-0.6,-0.021,0.215,-0.011,1.993,14.31,HIGH,PAPER,1756
16.36,MANUAL,IDLE,,0,0.0,0.139,-5.972,1.2,0.205,0.047,0.0,-0.0,-1.0,-0.6,0.259,-0.177,-0.011,1.997,11.63,HIGH,PAPER,1756
16.38,MANUAL,IDLE,,0,0.0,0.143,-5.971,1.2,0.213,0.05,0.0,0.1,-0.9,-0.6,-0.199,-0.052,0.027,1.994,10.47,HIGH,PAPER,1756
16.4,MANUAL,IDLE,,0,0.0,0.148,-5.97,1.2,0.215,0.037,0.0,-0.1,-0.9,-0.5,-0.282,0.377,0.054,1.974,6.67,HIGH,PAPER,1756
16.42,MANUAL,IDLE,,0,0.0,0.152,-5.969,1.2,0.228,0.037,0.0,-0.1,-1.0,-0.5,0.071,0.026,0.074,2.003,14.05,HIGH,PAPER,1756
16.44,MANUAL,IDLE,,0,0.0,0.157,-5.969,1.2,0.226,0.038,0.0,-0.0,-1.0,-0.3,-0.015,0.158,0.19,1.99,9.7,HIGH,PAPER,1756
16.46,MANUAL,IDLE,,0,0.0,0.161,-5.968,1.2,0.223,0.041,0.0,0.0,-0.9,-0.1,0.021,0.381,0.172,1.968,7.55,HIGH,PAPER,1756
16.48,MANUAL,IDLE,,0,0.0,0.166,-5.967,1.2,0.221,0.037,0.0,-0.1,-0.8,0.1,0.112,-0.005,0.122,2.005,13.73,HIGH,PAPER,1756
16.5,MANUAL,IDLE,,0,0.0,0.17,-5.966,1.2,0.218,0.031,0.0,-0.2,-0.7,0.2,-0.194,0.186,-0.038,2.009,15.96,HIGH,PAPER,1756
16.52,MANUAL,IDLE,,0,0.0,0.174,-5.966,1.2,0.219,0.029,0.0,-0.2,-0.6,0.2,0.064,0.026,0.045,2.008,12.23,HIGH,PAPER,1756
16.54,MANUAL,IDLE,,0,0.0,0.179,-5.965,1.2,0.217,0.02,0.0,-0.3,-0.5,0.3,-0.114,-0.227,0.131,2.005,13.5,HIGH,PAPER,1756
16.56,MANUAL,IDLE,,0,0.0,0.183,-5.965,1.2,0.22,0.023,0.0,-0.3,-0.5,0.4,-0.202,0.131,0.088,1.978,11.86,HIGH,PAPER,1756
16.58,MANUAL,IDLE,,0,0.0,0.188,-5.964,1.2,0.222,0.018,0.0,-0.4,-0.4,0.4,-0.264,-0.146,-0.077,1.989,11.37,HIGH,PAPER,1756
16.6,MANUAL,IDLE,,0,0.0,0.192,-5.964,1.2,0.229,0.017,0.0,-0.4,-0.4,0.3,0.163,-0.193,-0.126,1.971,10.47,HIGH,PAPER,1756
16.62,MANUAL,IDLE,,0,0.0,0.197,-5.964,1.2,0.241,0.024,0.0,-0.3,-0.6,0.1,0.277,-0.387,-0.098,2.006,15.29,HIGH,PAPER,1756
16.64,MANUAL,IDLE,,0,0.0,0.202,-5.963,1.2,0.247,0.027,0.0,-0.3,-0.7,-0.1,0.182,0.094,-0.227,2.021,13.96,HIGH,PAPER,1756
16.66,MANUAL,IDLE,,0,0.0,0.207,-5.962,1.2,0.253,0.028,0.0,-0.2,-0.6,-0.3,-0.293,0.063,-0.152,1.979,11.46,HIGH,PAPER,1756
16.68,MANUAL,IDLE,,0,0.0,0.212,-5.962,1.2,0.254,0.027,0.0,-0.2,-0.5,-0.4,-0.016,0.035,-0.034,1.998,11.85,HIGH,PAPER,1756
16.68,MANUAL,IDLE,,0,0.0,0.212,-5.962,1.2,0.254,0.027,0.0,-0.2,-0.5,-0.4,-0.016,0.035,-0.034,1.998,11.85,HIGH,PAPER,1756
16.68,MANUAL,IDLE,,0,0.0,0.212,-5.962,1.2,0.254,0.027,0.0,-0.2,-0.5,-0.4,-0.016,0.035,-0.034,1.998,11.85,HIGH,PAPER,1756
16.68,MANUAL,IDLE,,0,0.0,0.212,-5.962,1.2,0.254,0.027,0.0,-0.2,-0.5,-0.4,-0.016,0.035,-0.034,1.998,11.85,HIGH,PAPER,1756
16.68,MANUAL,IDLE,,0,0.0,0.212,-5.962,1.2,0.254,0.027,0.0,-0.2,-0.5,-0.4,-0.016,0.035,-0.034,1.998,11.85,HIGH,PAPER,1756
16.68,MANUAL,IDLE,,0,0.0,0.212,-5.962,1.2,0.254,0.027,0.0,-0.2,-0.5,-0.4,-0.016,0.035,-0.034,1.998,11.85,HIGH,PAPER,1756
16.68,MANUAL,IDLE,,0,0.0,0.212,-5.962,1.2,0.254,0.027,0.0,-0.2,-0.5,-0.4,-0.016,0.035,-0.034,1.998,11.85,HIGH,PAPER,1756
16.68,MANUAL,IDLE,,0,0.0,0.212,-5.962,1.2,0.254,0.027,0.0,-0.2,-0.5,-0.4,-0.016,0.035,-0.034,1.998,11.85,HIGH,PAPER,1756
16.68,MANUAL,IDLE,,0,0.0,0.212,-5.962,1.2,0.254,0.027,0.0,-0.2,-0.5,-0.4,-0.016,0.035,-0.034,1.998,11.85,HIGH,PAPER,1756
16.68,MANUAL,IDLE,,0,0.0,0.212,-5.962,1.2,0.254,0.027,0.0,-0.2,-0.5,-0.4,-0.016,0.035,-0.034,1.998,11.85,HIGH,PAPER,1756
16.68,MANUAL,IDLE,,0,0.0,0.212,-5.962,1.2,0.254,0.027,0.0,-0.2,-0.5,-0.4,-0.016,0.035,-0.034,1.998,11.85,HIGH,PAPER,1756
16.68,MANUAL,IDLE,,0,0.0,0.212,-5.962,1.2,0.254,0.027,0.0,-0.2,-0.5,-0.4,-0.016,0.035,-0.034,1.998,11.85,HIGH,PAPER,1756
16.68,MANUAL,IDLE,,0,0.0,0.212,-5.962,1.2,0.254,0.027,0.0,-0.2,-0.5,-0.4,-0.016,0.035,-0.034,1.998,11.85,HIGH,PAPER,1756
16.68,MANUAL,IDLE,,0,0.0,0.212,-5.962,1.2,0.254,0.027,0.0,-0.2,-0.5,-0.4,-0.016,0.035,-0.034,1.998,11.85,HIGH,PAPER,1756
16.68,MANUAL,IDLE,,0,0.0,0.212,-5.962,1.2,0.254,0.027,0.0,-0.2,-0.5,-0.4,-0.016,0.035,-0.034,1.998,11.85,HIGH,PAPER,1756
16.68,MANUAL,IDLE,,0,0.0,0.212,-5.962,1.2,0.254,0.027,0.0,-0.2,-0.5,-0.4,-0.016,0.035,-0.034,1.998,11.85,HIGH,PAPER,1756
16.68,MANUAL,IDLE,,0,0.0,0.212,-5.962,1.2,0.254,0.027,0.0,-0.2,-0.5,-0.4,-0.016,0.035,-0.034,1.998,11.85,HIGH,PAPER,1756
16.68,MANUAL,IDLE,,0,0.0,0.212,-5.962,1.2,0.254,0.027,0.0,-0.2,-0.5,-0.4,-0.016,0.035,-0.034,1.998,11.85,HIGH,PAPER,1756
16.68,MANUAL,IDLE,,0,0.0,0.212,-5.962,1.2,0.254,0.027,0.0,-0.2,-0.5,-0.4,-0.016,0.035,-0.034,1.998,11.85,HIGH,PAPER,1756
16.68,MANUAL,IDLE,,0,0.0,0.212,-5.962,1.2,0.254,0.027,0.0,-0.2,-0.5,-0.4,-0.016,0.035,-0.034,1.998,11.85,HIGH,PAPER,1756
16.68,MANUAL,IDLE,,0,0.0,0.212,-5.962,1.2,0.254,0.027,0.0,-0.2,-0.5,-0.4,-0.016,0.035,-0.034,1.998,11.85,HIGH,PAPER,1756
16.68,MANUAL,IDLE,,0,0.0,0.212,-5.962,1.2,0.254,0.027,0.0,-0.2,-0.5,-0.4,-0.016,0.035,-0.034,1.998,11.85,HIGH,PAPER,1756
16.68,MANUAL,IDLE,,0,0.0,0.212,-5.962,1.2,0.254,0.027,0.0,-0.2,-0.5,-0.4,-0.016,0.035,-0.034,1.998,11.85,HIGH,PAPER,1756
16.68,MANUAL,IDLE,,0,0.0,0.212,-5.962,1.2,0.254,0.027,0.0,-0.2,-0.5,-0.4,-0.016,0.035,-0.034,1.998,11.85,HIGH,PAPER,1756
16.68,MANUAL,IDLE,,0,0.0,0.212,-5.962,1.2,0.254,0.027,0.0,-0.2,-0.5,-0.4,-0.016,0.035,-0.034,1.998,11.85,HIGH,PAPER,1756
16.68,MANUAL,IDLE,,0,0.0,0.212,-5.962,1.2,0.254,0.027,0.0,-0.2,-0.5,-0.4,-0.016,0.035,-0.034,1.998,11.85,HIGH,PAPER,1756
16.68,MANUAL,IDLE,,0,0.0,0.212,-5.962,1.2,0.254,0.027,0.0,-0.2,-0.5,-0.4,-0.016,0.035,-0.034,1.998,11.85,HIGH,PAPER,1756
16.68,MANUAL,IDLE,,0,0.0,0.212,-5.962,1.2,0.254,0.027,0.0,-0.2,-0.5,-0.4,-0.016,0.035,-0.034,1.998,11.85,HIGH,PAPER,1756
16.68,MANUAL,IDLE,,0,0.0,0.212,-5.962,1.2,0.254,0.027,0.0,-0.2,-0.5,-0.4,-0.016,0.035,-0.034,1.998,11.85,HIGH,PAPER,1756
16.69,MANUAL,IDLE,,0,0.0,0.0,-6.0,1.2,0.007,0.002,0.0,0.0,-0.0,-0.0,-0.074,-0.089,0.014,1.999,14.86,HIGH,PAPER,1756
16.71,MANUAL,IDLE,,0,0.0,0.0,-6.0,1.2,0.018,0.002,0.0,0.0,-0.1,0.0,0.009,0.167,0.027,2.029,17.4,HIGH,PAPER,1756
16.73,MANUAL,IDLE,,0,0.0,0.001,-6.0,1.2,0.02,-0.003,0.0,-0.0,-0.1,0.1,-0.084,0.268,0.078,2.006,12.27,HIGH,PAPER,1756
16.75,MANUAL,IDLE,,0,0.0,0.001,-6.0,1.2,0.016,-0.003,0.0,-0.2,0.1,0.2,0.212,-0.097,0.026,2.017,17.58,HIGH,PAPER,1756
16.77,MANUAL,IDLE,,0,0.0,0.001,-6.0,1.2,0.027,-0.004,0.0,-0.3,0.1,0.2,-0.073,-0.028,-0.011,1.983,8.34,HIGH,PAPER,1756
16.79,MANUAL,IDLE,,0,0.0,0.002,-6.0,1.2,0.031,0.0,0.0,-0.2,0.1,0.2,0.345,0.027,-0.015,2.007,12.19,HIGH,PAPER,1756
16.81,MANUAL,IDLE,,0,0.0,0.003,-6.0,1.2,0.03,0.01,0.0,-0.1,0.1,0.1,-0.136,0.063,-0.081,1.998,11.32,HIGH,PAPER,1756
16.83,MANUAL,IDLE,,0,0.0,0.003,-6.0,1.2,0.025,0.011,0.0,-0.0,0.3,0.0,-0.064,0.041,-0.073,1.972,5.82,HIGH,PAPER,1756
16.85,MANUAL,IDLE,,0,0.0,0.004,-6.0,1.2,0.034,0.012,0.0,-0.1,0.2,-0.1,-0.049,0.114,-0.083,2.009,13.64,HIGH,PAPER,1756
16.87,MANUAL,IDLE,,0,0.0,0.005,-5.999,1.2,0.051,0.013,0.0,0.0,0.0,-0.2,-0.127,-0.044,-0.048,1.979,10.69,HIGH,PAPER,1756
16.89,MANUAL,IDLE,,0,0.0,0.006,-5.999,1.2,0.059,0.004,0.0,-0.2,-0.1,-0.2,-0.379,-0.027,-0.04,1.989,10.25,HIGH,PAPER,1756
16.91,MANUAL,IDLE,,0,0.0,0.007,-5.999,1.2,0.068,0.005,0.0,-0.2,-0.2,-0.2,-0.106,-0.189,0.025,1.97,6.76,HIGH,PAPER,1756
16.93,MANUAL,IDLE,,0,0.0,0.008,-5.999,1.2,0.067,0.005,0.0,-0.2,-0.1,-0.3,-0.317,0.431,-0.067,1.973,7.33,HIGH,PAPER,1756
16.95,MANUAL,IDLE,,0,0.0,0.01,-5.999,1.2,0.071,0.009,0.0,-0.1,-0.1,-0.3,0.065,-0.052,-0.046,1.981,12.39,HIGH,PAPER,1756
16.97,MANUAL,IDLE,,0,0.0,0.011,-5.999,1.2,0.081,0.018,0.0,0.1,-0.1,-0.4,0.132,0.058,-0.011,2.002,14.01,HIGH,PAPER,1756
16.99,MANUAL,IDLE,,0,0.0,0.013,-5.998,1.2,0.082,0.017,0.0,0.0,-0.1,-0.5,0.045,-0.173,-0.125,1.99,12.9,HIGH,PAPER,1756
17.01,MANUAL,IDLE,,0,0.0,0.015,-5.998,1.2,0.095,0.017,0.0,0.0,-0.2,-0.7,0.047,0.296,-0.19,2.003,12.81,HIGH,PAPER,1756
17.03,MANUAL,IDLE,,0,0.0,0.017,-5.998,1.2,0.114,0.008,0.0,-0.1,-0.4,-0.8,0.161,-0.119,-0.046,1.999,11.54,HIGH,PAPER,1756
17.05,MANUAL,IDLE,,0,0.0,0.019,-5.997,1.2,0.114,0.015,0.0,-0.1,-0.3,-0.8,0.383,0.041,-0.036,1.989,11.54,HIGH,PAPER,1756
17.07,MANUAL,IDLE,,0,0.0,0.021,-5.997,1.2,0.125,0.023,0.0,0.1,-0.5,-0.9,0.039,0.265,-0.079,2.001,13.42,HIGH,PAPER,1756
17.09,MANUAL,IDLE,,0,0.0,0.024,-5.997,1.2,0.126,0.02,0.0,0.0,-0.3,-1.0,-0.109,0.111,-0.131,1.994,11.09,HIGH,PAPER,1756
17.11,MANUAL,IDLE,,0,0.0,0.026,-5.996,1.2,0.128,0.025,0.0,0.0,-0.1,-1.2,0.289,-0.084,-0.169,2.003,12.33,HIGH,PAPER,1756
17.13,MANUAL,IDLE,,0,0.0,0.029,-5.996,1.2,0.136,0.026,0.0,0.1,-0.3,-1.4,-0.051,-0.035,-0.183,1.964,5.09,HIGH,PAPER,1756
17.15,MANUAL,IDLE,,0,0.0,0.032,-5.995,1.2,0.141,0.023,0.0,0.1,-0.2,-1.5,0.296,0.152,-0.132,1.986,9.01,HIGH,PAPER,1756
17.17,MANUAL,IDLE,,0,0.0,0.035,-5.995,1.2,0.146,0.019,0.0,0.1,-0.2,-1.6,-0.067,0.129,0.025,1.994,11.32,HIGH,PAPER,1756
17.19,MANUAL,IDLE,,0,0.0,0.038,-5.994,1.2,0.152,0.031,0.0,0.2,-0.2,-1.5,0.272,-0.058,-0.016,2.005,16.4,HIGH,PAPER,1756
17.21,MANUAL,IDLE,,0,0.0,0.041,-5.994,1.2,0.156,0.035,0.0,0.4,-0.2,-1.5,-0.087,-0.212,-0.073,1.996,12.47,HIGH,PAPER,1756
17.23,MANUAL,IDLE,,0,0.0,0.044,-5.993,1.2,0.162,0.039,-0.0,0.4,-0.2,-1.5,-0.091,-0.086,0.103,1.972,12.22,HIGH,PAPER,1756
17.25,MANUAL,IDLE,,0,0.0,0.047,-5.992,1.2,0.171,0.039,0.0,0.4,-0.3,-1.5,-0.324,0.046,0.03,1.984,10.07,HIGH,PAPER,1756
17.27,MANUAL,IDLE,,0,0.0,0.051,-5.991,1.2,0.177,0.037,0.0,0.3,-0.2,-1.4,-0.1,0.358,0.035,2.025,15.24,HIGH,PAPER,1756
17.29,MANUAL,IDLE,,0,0.0,0.054,-5.99,1.2,0.186,0.04,0.0,0.3,-0.2,-1.3,-0.171,-0.378,0.18,1.977,10.87,HIGH,PAPER,1756
17.31,MANUAL,IDLE,,0,0.0,0.058,-5.99,1.2,0.188,0.038,0.0,0.2,-0.3,-1.1,-0.102,-0.073,0.199,2.004,12.55,HIGH,PAPER,1756
17.33,MANUAL,IDLE,,0,0.0,0.062,-5.989,1.2,0.189,0.041,0.0,0.3,-0.2,-0.9,-0.249,-0.304,0.126,1.978,9.59,HIGH,PAPER,1756
17.35,MANUAL,IDLE,,0,0.0,0.066,-5.988,1.2,0.194,0.042,0.0,0.4,-0.1,-0.8,0.229,0.129,0.15,1.993,10.16,HIGH,PAPER,1756
17.37,MANUAL,IDLE,,0,0.0,0.07,-5.987,1.2,0.194,0.04,0.0,0.4,0.0,-0.7,0.025,0.138,-0.038,2.021,17.88,HIGH,PAPER,1756
17.39,MANUAL,IDLE,,0,0.0,0.073,-5.986,1.2,0.195,0.045,0.0,0.5,0.2,-0.7,0.124,0.035,-0.07,1.969,8.97,HIGH,PAPER,1756
17.41,MANUAL,IDLE,,0,0.0,0.077,-5.986,1.2,0.205,0.038,0.0,0.3,0.2,-0.8,-0.034,-0.146,-0.037,2.04,18.13,HIGH,PAPER,1756
17.43,MANUAL,IDLE,,0,0.0,0.082,-5.985,1.2,0.217,0.036,0.0,0.2,0.1,-0.8,0.065,-0.193,-0.037,1.988,10.01,HIGH,PAPER,1756
17.45,MANUAL,IDLE,,0,0.0,0.086,-5.984,1.2,0.226,0.042,0.0,0.3,0.1,-0.8,0.3,0.129,0.058,2.008,15.27,HIGH,PAPER,1756
17.47,MANUAL,IDLE,,0,0.0,0.091,-5.983,1.2,0.243,0.037,0.0,0.3,-0.0,-0.7,-0.222,0.049,0.089,1.988,9.35,HIGH,PAPER,1756
17.49,MANUAL,IDLE,,0,0.0,0.096,-5.982,1.2,0.252,0.041,0.0,0.4,0.1,-0.6,-0.244,-0.337,0.068,2.011,16.27,HIGH,PAPER,1756
17.51,MANUAL,IDLE,,0,0.0,0.101,-5.982,1.2,0.258,0.035,0.0,0.2,0.0,-0.4,0.02,0.199,0.189,1.989,11.65,HIGH,PAPER,1756
17.53,MANUAL,IDLE,,0,0.0,0.106,-5.981,1.2,0.273,0.036,0.0,0.2,-0.1,-0.3,-0.139,-0.017,0.132,2.018,14.2,HIGH,PAPER,1756
17.55,MANUAL,IDLE,,0,0.0,0.112,-5.98,1.2,0.269,0.035,0.0,0.1,0.1,-0.2,-0.112,0.382,0.05,1.993,14.07,HIGH,PAPER,1756
17.57,MANUAL,IDLE,,0,0.0,0.117,-5.979,1.2,0.278,0.042,0.0,0.1,0.2,-0.1,0.203,0.13,-0.007,1.994,11.23,HIGH,PAPER,1756
17.59,MANUAL,IDLE,,0,0.0,0.123,-5.978,1.2,0.286,0.046,0.0,0.2,0.3,-0.1,-0.04,0.091,0.028,2.005,12.09,HIGH,PAPER,1756
17.61,MANUAL,IDLE,,0,0.0,0.128,-5.978,1.2,0.296,0.048,0.0,0.2,0.2,-0.1,-0.194,-0.12,0.06,1.969,9.43,HIGH,PAPER,1756
17.63,MANUAL,IDLE,,0,0.0,0.134,-5.977,1.2,0.302,0.054,0.0,0.3,0.2,0.1,0.197,0.11,0.211,2.001,11.57,HIGH,PAPER,1756
17.65,MANUAL,IDLE,,0,0.0,0.141,-5.975,1.2,0.317,0.055,0.0,0.2,0.2,0.3,-0.071,-0.03,0.109,2.014,15.0,HIGH,PAPER,1756
17.67,MANUAL,IDLE,,0,0.0,0.147,-5.974,1.2,0.336,0.049,0.0,0.1,0.1,0.3,0.016,0.128,-0.041,1.996,11.32,HIGH,PAPER,1756
17.69,MANUAL,IDLE,,0,0.0,0.154,-5.973,1.2,0.341,0.05,0.0,0.1,0.3,0.3,-0.184,0.053,-0.024,1.999,12.16,HIGH,PAPER,1756
17.71,MANUAL,IDLE,,0,0.0,0.161,-5.972,1.2,0.355,0.051,0.0,0.1,0.1,0.3,0.053,0.263,0.026,1.976,10.6,HIGH,PAPER,1756
17.73,MANUAL,IDLE,,0,0.0,0.168,-5.971,1.2,0.374,0.053,0.0,0.1,0.2,0.3,0.117,-0.251,0.036,1.99,10.41,HIGH,PAPER,1756
17.75,MANUAL,IDLE,,0,0.0,0.176,-5.97,1.2,0.39,0.055,0.0,0.2,0.2,0.3,-0.131,-0.042,0.031,1.969,8.33,HIGH,PAPER,1756
17.77,MANUAL,IDLE,,0,0.0,0.184,-5.969,1.2,0.399,0.058,0.0,0.2,0.3,0.3,0.258,0.275,0.03,1.964,3.31,HIGH,PAPER,1756
17.79,MANUAL,IDLE,,0,0.0,0.192,-5.968,1.2,0.415,0.059,0.0,0.2,0.2,0.3,-0.059,-0.27,-0.001,1.97,5.82,HIGH,PAPER,1756
17.81,MANUAL,IDLE,,0,0.0,0.2,-5.967,1.2,0.428,0.065,0.0,0.1,0.2,0.3,0.275,-0.199,0.006,1.97,6.42,HIGH,PAPER,1756
17.83,MANUAL,IDLE,,0,0.0,0.209,-5.966,1.2,0.438,0.058,0.0,0.0,0.2,0.3,-0.265,-0.022,0.0,1.986,12.8,HIGH,PAPER,1756
17.85,MANUAL,IDLE,,0,0.0,0.218,-5.964,1.2,0.451,0.059,0.0,0.0,0.1,0.3,0.153,-0.047,-0.015,2.02,13.82,HIGH,PAPER,1756
17.87,MANUAL,IDLE,,0,0.0,0.227,-5.963,1.2,0.475,0.063,0.0,0.1,0.0,0.3,0.075,-0.26,-0.001,1.967,9.35,HIGH,PAPER,1756
17.89,MANUAL,IDLE,,0,0.0,0.237,-5.962,1.2,0.487,0.07,0.0,0.2,0.1,0.3,0.446,-0.156,0.065,1.978,7.94,HIGH,PAPER,1756
17.91,MANUAL,IDLE,,0,0.0,0.246,-5.96,1.2,0.496,0.076,0.0,0.2,0.1,0.4,0.203,0.032,0.026,1.971,9.76,HIGH,PAPER,1756
17.93,MANUAL,IDLE,,0,0.0,0.257,-5.959,1.2,0.508,0.079,0.0,0.2,0.1,0.3,0.014,0.078,-0.138,1.965,11.73,HIGH,PAPER,1756
17.95,MANUAL,IDLE,,0,0.0,0.267,-5.957,1.2,0.518,0.079,0.0,0.2,0.2,0.2,-0.176,0.247,-0.03,1.97,5.68,HIGH,PAPER,1756
17.97,MANUAL,IDLE,,0,0.0,0.277,-5.956,1.2,0.538,0.074,0.0,0.1,0.1,0.2,-0.094,-0.185,-0.001,1.986,13.58,HIGH,PAPER,1756
17.99,MANUAL,IDLE,,0,0.0,0.288,-5.954,1.2,0.552,0.079,0.0,0.0,0.1,0.2,0.173,0.024,0.047,1.972,8.93,HIGH,PAPER,1756
18.01,MANUAL,IDLE,,0,0.0,0.3,-5.953,1.2,0.574,0.086,0.0,0.1,-0.1,0.3,0.27,0.05,0.059,1.98,9.41,HIGH,PAPER,1756
18.03,MANUAL,IDLE,,0,0.0,0.311,-5.951,1.2,0.589,0.087,0.0,0.0,-0.0,0.4,-0.187,-0.185,0.04,1.971,12.65,HIGH,PAPER,1756
18.05,MANUAL,IDLE,,0,0.0,0.323,-5.949,1.2,0.606,0.1,0.0,0.2,-0.1,0.4,0.103,-0.16,0.056,1.981,8.59,HIGH,PAPER,1756
18.07,MANUAL,IDLE,,0,0.0,0.336,-5.947,1.2,0.632,0.099,0.0,0.2,-0.2,0.5,0.266,-0.314,0.049,1.968,6.83,HIGH,PAPER,1756
18.09,MANUAL,IDLE,,0,0.0,0.348,-5.945,1.2,0.65,0.1,0.0,0.2,-0.3,0.4,0.252,0.239,-0.108,1.998,15.66,HIGH,PAPER,1756
18.11,MANUAL,IDLE,,0,0.0,0.362,-5.943,1.2,0.666,0.102,0.0,0.2,-0.4,0.3,0.174,0.047,-0.148,1.966,6.27,HIGH,PAPER,1756
18.13,MANUAL,IDLE,,0,0.0,0.375,-5.941,1.2,0.683,0.102,0.0,0.2,-0.4,0.1,0.061,0.12,-0.215,2.039,18.74,HIGH,PAPER,1756
18.15,MANUAL,IDLE,,0,0.0,0.389,-5.939,1.2,0.697,0.096,0.0,0.1,-0.5,-0.1,-0.047,-0.186,-0.111,1.989,12.1,HIGH,PAPER,1756
18.17,MANUAL,IDLE,,0,0.0,0.403,-5.937,1.2,0.718,0.097,0.0,0.1,-0.6,-0.1,0.043,-0.207,0.028,2.021,13.88,HIGH,PAPER,1756
18.19,MANUAL,IDLE,,0,0.0,0.417,-5.935,1.2,0.728,0.096,0.0,0.0,-0.5,-0.1,-0.094,0.065,0.026,1.973,11.03,HIGH,PAPER,1756
18.21,MANUAL,IDLE,,0,0.0,0.432,-5.933,1.2,0.746,0.097,0.0,-0.1,-0.6,-0.0,0.003,-0.208,0.109,1.976,8.52,HIGH,PAPER,1756
18.23,MANUAL,IDLE,,0,0.0,0.447,-5.931,1.2,0.761,0.103,0.0,-0.0,-0.5,0.1,-0.029,0.089,0.115,1.979,13.81,HIGH,PAPER,1756
18.25,MANUAL,IDLE,,0,0.0,0.463,-5.929,1.2,0.78,0.105,0.0,-0.1,-0.6,0.4,0.189,-0.25,0.166,1.969,6.33,HIGH,PAPER,1756
18.27,MANUAL,IDLE,,0,0.0,0.478,-5.927,1.2,0.793,0.111,0.0,0.0,-0.5,0.6,0.074,0.137,0.158,2.004,12.08,HIGH,PAPER,1756
18.29,MANUAL,IDLE,,0,0.0,0.494,-5.925,1.2,0.815,0.116,0.0,0.1,-0.6,0.8,-0.503,-0.029,0.158,2.037,15.63,HIGH,PAPER,1756
18.31,MANUAL,IDLE,,0,0.0,0.511,-5.922,1.2,0.832,0.116,0.0,-0.1,-0.6,0.9,-0.066,-0.362,0.199,1.976,9.45,HIGH,PAPER,1756
18.33,MANUAL,IDLE,,0,0.0,0.528,-5.92,1.2,0.842,0.115,0.0,-0.1,-0.6,1.1,-0.152,0.124,0.202,2.031,18.19,HIGH,PAPER,1756
18.35,MANUAL,IDLE,,0,0.0,0.545,-5.918,1.2,0.861,0.118,0.0,-0.1,-0.6,1.3,0.141,0.113,0.151,2.028,16.45,HIGH,PAPER,1756
18.37,MANUAL,IDLE,,0,0.0,0.562,-5.916,1.2,0.875,0.113,0.0,-0.1,-0.5,1.5,-0.111,-0.057,0.189,1.985,10.64,HIGH,PAPER,1756
18.39,MANUAL,IDLE,,0,0.0,0.58,-5.913,1.2,0.897,0.121,0.0,-0.0,-0.6,1.6,0.332,-0.136,0.077,1.975,12.68,HIGH,PAPER,1756
18.41,MANUAL,IDLE,,0,0.0,0.598,-5.911,1.2,0.913,0.131,0.0,0.0,-0.6,1.7,0.108,0.062,0.051,1.99,9.79,HIGH,PAPER,1756
18.43,MANUAL,IDLE,,0,0.0,0.616,-5.908,1.2,0.929,0.129,0.0,0.0,-0.6,1.7,-0.117,0.118,0.022,2.009,12.47,HIGH,PAPER,1756
18.45,MANUAL,IDLE,,0,0.0,0.635,-5.905,1.2,0.949,0.146,0.0,0.3,-0.6,1.6,0.172,0.07,-0.11,2.003,12.71,HIGH,PAPER,1756
18.47,MANUAL,IDLE,,0,0.0,0.654,-5.902,1.2,0.97,0.138,0.0,0.2,-0.7,1.4,0.08,0.063,-0.179,1.989,11.23,HIGH,PAPER,1756
18.49,MANUAL,IDLE,,0,0.0,0.674,-5.9,1.2,0.978,0.145,0.0,0.2,-0.6,1.3,0.291,0.194,-0.145,1.967,11.32,HIGH,PAPER,1756
18.51,MANUAL,IDLE,,0,0.0,0.694,-5.897,1.2,0.993,0.153,0.0,0.4,-0.5,1.2,0.063,-0.036,-0.076,1.992,10.01,HIGH,PAPER,1756
18.53,MANUAL,IDLE,,0,0.0,0.714,-5.894,1.2,1.009,0.15,0.0,0.4,-0.5,1.0,-0.132,0.088,-0.128,1.995,14.65,HIGH,PAPER,1756
18.55,MANUAL,IDLE,,0,0.0,0.734,-5.891,1.2,1.029,0.14,0.0,0.1,-0.6,0.9,-0.304,-0.146,-0.078,1.965,9.4,HIGH,PAPER,1756
18.57,MANUAL,IDLE,,0,0.0,0.755,-5.888,1.2,1.046,0.134,0.0,-0.1,-0.6,0.8,-0.22,0.036,-0.068,2.007,12.26,HIGH,PAPER,1756
18.59,MANUAL,IDLE,,0,0.0,0.776,-5.885,1.2,1.05,0.135,0.0,-0.1,-0.4,0.7,-0.175,0.119,-0.058,2.039,15.82,HIGH,PAPER,1756
18.61,MANUAL,IDLE,,0,0.0,0.797,-5.882,1.2,1.069,0.147,0.0,0.0,-0.3,0.7,-0.085,0.245,-0.072,1.986,10.53,HIGH,PAPER,1756
18.63,MANUAL,IDLE,,0,0.0,0.818,-5.879,1.2,1.088,0.159,0.0,0.2,-0.3,0.6,-0.142,0.282,-0.091,1.992,12.35,HIGH,PAPER,1756
18.65,MANUAL,IDLE,,0,0.0,0.84,-5.876,1.2,1.107,0.16,0.0,0.2,-0.3,0.5,0.351,0.112,-0.079,1.971,10.74,HIGH,PAPER,1756
18.67,MANUAL,IDLE,,0,0.0,0.863,-5.873,1.2,1.12,0.165,0.0,0.2,-0.2,0.4,0.168,0.195,-0.088,2.012,12.94,HIGH,PAPER,1756
18.69,MANUAL,IDLE,,0,0.0,0.885,-5.87,1.2,1.144,0.167,0.0,0.3,-0.2,0.4,-0.246,-0.078,0.04,1.982,11.59,HIGH,PAPER,1756
18.71,MANUAL,IDLE,,0,0.0,0.908,-5.866,1.2,1.166,0.165,0.0,0.2,-0.2,0.4,-0.255,-0.235,0.05,2.005,15.54,HIGH,PAPER,1756
18.73,MANUAL,IDLE,,0,0.0,0.932,-5.863,1.2,1.173,0.158,0.0,0.1,-0.1,0.5,-0.169,0.315,0.112,1.978,7.62,HIGH,PAPER,1756
18.75,MANUAL,IDLE,,0,0.0,0.956,-5.86,1.2,1.196,0.152,0.0,-0.1,-0.1,0.6,0.05,0.082,0.088,1.985,12.73,HIGH,PAPER,1756
18.77,MANUAL,IDLE,,0,0.0,0.98,-5.857,1.2,1.223,0.155,0.0,-0.0,-0.2,0.7,0.123,-0.2,0.01,1.999,11.59,HIGH,PAPER,1756
18.79,MANUAL,IDLE,,0,0.0,1.004,-5.854,1.2,1.242,0.159,0.0,0.0,-0.2,0.7,-0.097,0.029,0.034,2.002,16.54,HIGH,PAPER,1756
18.81,MANUAL,IDLE,,0,0.0,1.029,-5.851,1.2,1.269,0.149,0.0,-0.1,-0.3,0.8,0.197,-0.225,0.164,1.971,5.7,HIGH,PAPER,1756
18.83,MANUAL,IDLE,,0,0.0,1.055,-5.848,1.2,1.287,0.152,0.0,-0.1,-0.3,0.9,-0.078,0.126,0.003,1.97,8.12,HIGH,PAPER,1756
18.85,MANUAL,IDLE,,0,0.0,1.081,-5.845,1.2,1.305,0.16,0.0,0.0,-0.2,0.9,0.069,0.203,-0.061,1.985,9.05,HIGH,PAPER,1756
18.87,MANUAL,IDLE,,0,0.0,1.107,-5.841,1.2,1.332,0.16,0.0,0.1,-0.3,0.8,-0.146,-0.434,-0.041,1.998,14.12,HIGH,PAPER,1756
18.89,MANUAL,IDLE,,0,0.0,1.134,-5.838,1.2,1.354,0.159,0.0,-0.0,-0.4,0.8,-0.243,-0.06,-0.031,1.966,5.12,HIGH,PAPER,1756
18.91,MANUAL,IDLE,,0,0.0,1.162,-5.835,1.2,1.373,0.162,0.0,0.1,-0.4,0.7,-0.111,0.037,-0.06,1.965,10.36,HIGH,PAPER,1756
18.93,MANUAL,IDLE,,0,0.0,1.189,-5.832,1.2,1.392,0.174,0.0,0.2,-0.4,0.7,0.352,-0.271,-0.051,2.005,11.94,HIGH,PAPER,1756
18.95,MANUAL,IDLE,,0,0.0,1.217,-5.828,1.2,1.416,0.166,0.0,0.1,-0.5,0.7,-0.225,-0.108,0.063,1.985,10.82,HIGH,PAPER,1756
18.97,MANUAL,IDLE,,0,0.0,1.246,-5.825,1.2,1.427,0.171,0.0,0.1,-0.4,0.8,-0.032,-0.054,0.095,1.967,10.77,HIGH,PAPER,1756
18.99,MANUAL,IDLE,,0,0.0,1.275,-5.821,1.2,1.451,0.174,0.0,0.1,-0.5,0.9,-0.545,0.186,0.026,2.002,15.42,HIGH,PAPER,1756
19.01,MANUAL,IDLE,,0,0.0,1.304,-5.818,1.2,1.475,0.171,0.0,-0.0,-0.5,0.9,-0.046,0.111,-0.082,1.974,10.69,HIGH,PAPER,1756
19.03,MANUAL,IDLE,,0,0.0,1.334,-5.814,1.2,1.493,0.168,0.0,-0.2,-0.5,0.8,-0.269,0.292,0.014,1.991,11.14,HIGH,PAPER,1756
19.05,MANUAL,IDLE,,0,0.0,1.363,-5.811,1.2,1.507,0.168,0.0,-0.2,-0.3,0.8,-0.096,0.093,0.048,2.021,15.51,HIGH,PAPER,1756
19.07,MANUAL,IDLE,,0,0.0,1.394,-5.808,1.2,1.521,0.166,0.0,-0.2,-0.2,0.8,-0.227,0.111,-0.028,1.976,10.67,HIGH,PAPER,1756
19.09,MANUAL,IDLE,,0,0.0,1.424,-5.804,1.2,1.545,0.161,0.0,-0.3,-0.3,0.8,-0.185,-0.354,-0.024,2.049,19.75,HIGH,PAPER,1756
19.11,MANUAL,IDLE,,0,0.0,1.456,-5.801,1.2,1.572,0.164,0.0,-0.2,-0.5,0.7,-0.354,-0.334,-0.1,1.986,9.09,HIGH,PAPER,1756
19.13,MANUAL,IDLE,,0,0.0,1.487,-5.798,1.2,1.596,0.171,0.0,-0.2,-0.6,0.6,0.295,-0.236,-0.093,1.996,12.69,HIGH,PAPER,1756
19.15,MANUAL,IDLE,,0,0.0,1.519,-5.794,1.2,1.613,0.175,0.0,-0.2,-0.5,0.5,0.002,0.235,-0.119,1.974,9.6,HIGH,PAPER,1756
19.17,MANUAL,IDLE,,0,0.0,1.552,-5.791,1.2,1.633,0.172,0.0,-0.3,-0.5,0.4,-0.434,0.034,-0.024,1.98,11.19,HIGH,PAPER,1756
19.19,MANUAL,IDLE,,0,0.0,1.585,-5.788,1.2,1.657,0.175,0.0,-0.3,-0.5,0.4,0.003,-0.13,0.024,1.997,13.73,HIGH,PAPER,1756
19.21,MANUAL,IDLE,,0,0.0,1.618,-5.784,1.2,1.684,0.178,0.0,-0.2,-0.6,0.4,-0.035,-0.214,-0.021,1.972,5.82,HIGH,PAPER,1756
19.23,MANUAL,IDLE,,0,0.0,1.652,-5.78,1.2,1.698,0.178,0.0,-0.2,-0.6,0.4,0.053,-0.089,0.035,1.964,5.36,HIGH,PAPER,1756
19.25,MANUAL,IDLE,,0,0.0,1.686,-5.777,1.2,1.724,0.176,0.0,-0.2,-0.7,0.4,-0.569,-0.492,0.073,1.99,13.51,HIGH,PAPER,1756
19.27,MANUAL,IDLE,,0,0.0,1.721,-5.773,1.2,1.74,0.175,0.0,-0.3,-0.8,0.6,-0.08,0.042,0.051,1.991,9.9,HIGH,PAPER,1756
19.29,MANUAL,IDLE,,0,0.0,1.756,-5.77,1.2,1.767,0.172,0.0,-0.3,-0.9,0.7,0.312,-0.25,0.034,1.989,9.73,HIGH,PAPER,1756
19.31,MANUAL,IDLE,,0,0.0,1.791,-5.766,1.2,1.787,0.174,0.0,-0.3,-1.0,0.7,-0.199,0.239,-0.048,1.967,5.16,HIGH,PAPER,1756
19.33,MANUAL,IDLE,,0,0.0,1.827,-5.763,1.2,1.809,0.185,0.0,-0.1,-0.9,0.6,0.156,-0.122,-0.04,2.044,17.55,HIGH,PAPER,1756
19.35,MANUAL,IDLE,,0,0.0,1.863,-5.759,1.2,1.825,0.178,0.0,-0.2,-0.9,0.5,-0.275,-0.008,-0.079,1.997,13.37,HIGH,PAPER,1756
19.37,MANUAL,IDLE,,0,0.0,1.9,-5.755,1.2,1.84,0.183,0.0,-0.2,-0.8,0.4,-0.114,0.263,-0.062,2.046,19.64,HIGH,PAPER,1756
19.39,MANUAL,IDLE,,0,0.0,1.937,-5.752,1.2,1.866,0.18,0.0,-0.3,-0.9,0.3,0.01,-0.037,-0.024,1.985,12.98,HIGH,PAPER,1756
19.41,MANUAL,IDLE,,0,0.0,1.975,-5.748,1.2,1.873,0.179,0.0,-0.3,-0.6,0.3,-0.112,0.085,0.012,2.006,12.08,HIGH,PAPER,1756
19.43,MANUAL,IDLE,,0,0.0,2.012,-5.745,1.2,1.887,0.181,0.0,-0.3,-0.5,0.3,0.037,0.12,0.015,1.977,11.9,HIGH,PAPER,1756
19.45,MANUAL,IDLE,,0,0.0,2.05,-5.741,1.2,1.903,0.178,0.0,-0.3,-0.6,0.3,-0.07,0.137,-0.084,1.991,10.58,HIGH,PAPER,1756
19.47,MANUAL,IDLE,,0,0.0,2.088,-5.738,1.2,1.921,0.175,0.0,-0.3,-0.5,0.2,0.242,-0.011,-0.082,1.985,12.02,HIGH,PAPER,1756
19.49,MANUAL,IDLE,,0,0.0,2.127,-5.734,1.2,1.937,0.168,0.0,-0.3,-0.5,0.1,-0.323,0.398,-0.052,2.007,15.0,HIGH,PAPER,1756
19.51,MANUAL,IDLE,,0,0.0,2.166,-5.731,1.2,1.955,0.169,0.0,-0.3,-0.4,0.0,0.351,0.017,-0.017,1.969,9.65,HIGH,PAPER,1756
19.53,MANUAL,IDLE,,0,0.0,2.205,-5.727,1.2,1.965,0.171,0.0,-0.2,-0.3,0.1,0.18,0.185,0.025,1.986,9.06,HIGH,PAPER,1756
19.55,MANUAL,IDLE,,0,0.0,2.245,-5.724,1.2,1.985,0.167,0.0,-0.2,-0.2,0.1,0.089,-0.028,0.031,1.988,11.75,HIGH,PAPER,1756
19.57,MANUAL,IDLE,,0,0.0,2.284,-5.721,1.2,1.997,0.171,0.0,-0.1,0.0,0.2,-0.177,0.218,0.05,1.985,8.9,HIGH,PAPER,1756
19.59,MANUAL,IDLE,,0,0.0,2.324,-5.717,1.2,2.013,0.172,0.0,-0.1,0.1,0.3,0.132,0.022,0.184,1.972,12.11,HIGH,PAPER,1756
19.61,MANUAL,IDLE,,0,0.0,2.365,-5.714,1.2,2.033,0.171,0.0,-0.2,0.1,0.5,0.233,-0.06,0.155,1.99,10.3,HIGH,PAPER,1756
19.63,MANUAL,IDLE,,0,0.0,2.406,-5.71,1.2,2.052,0.171,0.0,-0.0,-0.0,0.7,-0.096,0.026,0.183,2.001,11.27,HIGH,PAPER,1756
19.65,MANUAL,IDLE,,0,0.0,2.447,-5.707,1.2,2.077,0.177,0.0,0.1,-0.1,0.8,0.222,-0.073,0.033,1.974,8.49,HIGH,PAPER,1756
19.67,MANUAL,IDLE,,0,0.0,2.489,-5.703,1.2,2.105,0.172,0.0,0.1,-0.2,0.9,0.171,-0.421,-0.04,1.996,10.79,HIGH,PAPER,1756
19.69,MANUAL,IDLE,,0,0.0,2.531,-5.7,1.2,2.121,0.166,0.0,0.0,-0.3,0.9,0.101,0.211,0.029,1.972,10.21,HIGH,PAPER,1756
19.71,MANUAL,IDLE,,0,0.0,2.574,-5.697,1.2,2.137,0.157,0.0,-0.1,-0.1,0.9,-0.142,-0.137,0.036,1.969,11.22,HIGH,PAPER,1756
19.73,MANUAL,IDLE,,0,0.0,2.617,-5.694,1.2,2.148,0.154,0.0,0.0,-0.0,0.9,-0.034,0.217,0.043,1.991,11.73,HIGH,PAPER,1756
19.75,MANUAL,IDLE,,0,0.0,2.66,-5.691,1.2,2.161,0.142,0.0,-0.0,0.1,1.0,-0.194,-0.075,-0.055,1.982,12.59,HIGH,PAPER,1756
19.77,MANUAL,IDLE,,0,0.0,2.703,-5.688,1.2,2.186,0.15,0.0,-0.0,-0.0,0.9,0.122,-0.142,-0.047,1.968,11.54,HIGH,PAPER,1756
19.79,MANUAL,IDLE,,0,0.0,2.747,-5.685,1.2,2.199,0.159,0.0,0.2,0.0,0.9,0.237,0.286,0.004,1.965,7.03,HIGH,PAPER,1756
19.81,MANUAL,IDLE,,0,0.0,2.791,-5.682,1.2,2.213,0.162,0.0,0.3,0.2,0.9,0.245,-0.209,0.039,1.999,14.84,HIGH,PAPER,1756
19.83,MANUAL,IDLE,,0,0.0,2.836,-5.678,1.2,2.24,0.163,0.0,0.4,0.2,1.0,-0.198,-0.103,0.119,1.979,9.59,HIGH,PAPER,1756
19.85,MANUAL,IDLE,,0,0.0,2.881,-5.675,1.2,2.261,0.151,0.0,0.3,0.2,1.1,0.157,-0.434,0.06,1.99,13.22,HIGH,PAPER,1756
19.87,MANUAL,IDLE,,0,0.0,2.926,-5.672,1.2,2.281,0.146,0.0,0.3,0.1,1.2,-0.086,0.055,0.017,1.994,13.92,HIGH,PAPER,1756
19.89,MANUAL,IDLE,,0,0.0,2.972,-5.669,1.2,2.294,0.142,0.0,0.4,0.3,1.3,-0.094,-0.025,0.088,1.974,6.48,HIGH,PAPER,1756
19.91,MANUAL,IDLE,,0,0.0,3.018,-5.666,1.2,2.309,0.14,0.0,0.3,0.4,1.4,-0.164,0.172,0.043,2.033,17.53,HIGH,PAPER,1756
19.93,MANUAL,IDLE,,0,0.0,3.064,-5.664,1.2,2.331,0.134,0.0,0.3,0.3,1.5,-0.158,0.052,0.096,1.982,8.8,HIGH,PAPER,1756
19.95,MANUAL,IDLE,,0,0.0,3.111,-5.661,1.2,2.348,0.127,0.0,0.1,0.3,1.5,-0.092,0.068,-0.056,1.971,8.57,HIGH,PAPER,1756
19.97,MANUAL,IDLE,,0,0.0,3.158,-5.659,1.2,2.365,0.123,0.0,0.1,0.4,1.4,0.114,0.092,-0.043,2.003,16.68,HIGH,PAPER,1756
19.99,MANUAL,IDLE,,0,0.0,3.205,-5.656,1.2,2.38,0.119,0.0,0.2,0.4,1.3,-0.003,0.143,-0.004,1.966,5.78,HIGH,PAPER,1756
20.01,MANUAL,IDLE,,0,0.0,3.253,-5.654,1.2,2.4,0.111,0.0,0.1,0.3,1.3,0.1,-0.133,-0.067,1.993,11.72,HIGH,PAPER,1756
20.03,MANUAL,IDLE,,0,0.0,3.301,-5.652,1.2,2.417,0.112,0.0,0.2,0.4,1.2,-0.204,-0.05,-0.079,1.977,10.38,HIGH,PAPER,1756
20.05,MANUAL,IDLE,,0,0.0,3.35,-5.649,1.2,2.439,0.114,0.0,0.3,0.4,1.1,0.135,0.288,-0.067,2.001,15.49,HIGH,PAPER,1756
20.07,MANUAL,IDLE,,0,0.0,3.399,-5.647,1.2,2.454,0.113,0.0,0.3,0.5,1.0,-0.129,-0.13,-0.067,1.968,4.45,HIGH,PAPER,1756
20.09,MANUAL,IDLE,,0,0.0,3.448,-5.645,1.2,2.477,0.117,0.0,0.4,0.3,1.0,0.358,-0.286,-0.045,2.013,12.92,HIGH,PAPER,1756
20.11,MANUAL,IDLE,,0,0.0,3.498,-5.642,1.2,2.498,0.116,0.0,0.5,0.2,0.8,0.228,0.276,-0.196,2.018,16.69,HIGH,PAPER,1756
20.13,MANUAL,IDLE,,0,0.0,3.548,-5.64,1.2,2.521,0.111,0.0,0.5,0.1,0.7,0.043,-0.191,-0.094,1.982,8.37,HIGH,PAPER,1756
20.15,MANUAL,IDLE,,0,0.0,3.599,-5.638,1.2,2.543,0.103,0.0,0.5,0.0,0.6,-0.18,-0.04,-0.113,2.001,13.4,HIGH,PAPER,1756
20.17,MANUAL,IDLE,,0,0.0,3.65,-5.636,1.2,2.563,0.098,0.0,0.4,-0.1,0.4,-0.047,-0.174,-0.054,1.982,8.49,HIGH,PAPER,1756
20.19,MANUAL,IDLE,,0,0.0,3.701,-5.634,1.2,2.577,0.092,0.0,0.4,-0.0,0.4,-0.264,0.057,0.006,1.968,10.85,HIGH,PAPER,1756
20.21,MANUAL,IDLE,,0,0.0,3.753,-5.632,1.2,2.598,0.09,0.0,0.4,-0.1,0.4,0.121,0.21,-0.012,2.003,12.48,HIGH,PAPER,1756
20.23,MANUAL,IDLE,,0,0.0,3.805,-5.63,1.2,2.616,0.094,0.0,0.5,-0.1,0.5,0.044,-0.237,0.018,1.986,12.91,HIGH,PAPER,1756
20.25,MANUAL,IDLE,,0,0.0,3.858,-5.629,1.2,2.64,0.09,0.0,0.5,-0.2,0.5,-0.003,-0.45,-0.03,2.017,13.64,HIGH,PAPER,1756
20.27,MANUAL,IDLE,,0,0.0,3.911,-5.627,1.2,2.656,0.082,0.0,0.3,-0.2,0.5,0.25,-0.101,-0.015,1.976,11.5,HIGH,PAPER,1756
20.29,MANUAL,IDLE,,0,0.0,3.964,-5.625,1.2,2.667,0.075,0.0,0.1,-0.1,0.4,-0.081,0.001,-0.077,1.965,8.53,HIGH,PAPER,1756
20.31,MANUAL,IDLE,,0,0.0,4.017,-5.624,1.2,2.681,0.069,0.0,0.2,-0.1,0.3,-0.255,-0.087,-0.021,2.002,13.2,HIGH,PAPER,1756
20.33,MANUAL,IDLE,,0,0.0,4.071,-5.622,1.2,2.697,0.073,0.0,0.2,-0.2,0.4,0.093,0.052,0.085,1.99,12.36,HIGH,PAPER,1756
20.35,MANUAL,IDLE,,0,0.0,4.125,-5.621,1.2,2.724,0.066,0.0,0.1,-0.3,0.6,-0.253,-0.204,0.123,1.981,8.18,HIGH,PAPER,1756
20.37,MANUAL,IDLE,,0,0.0,4.18,-5.62,1.2,2.736,0.071,0.0,0.2,-0.3,0.7,-0.17,0.127,0.079,1.994,11.16,HIGH,PAPER,1756
20.39,MANUAL,IDLE,,0,0.0,4.235,-5.618,1.2,2.747,0.061,0.0,0.1,-0.2,0.8,-0.166,-0.137,0.128,1.996,11.2,HIGH,PAPER,1756
20.41,MANUAL,IDLE,,0,0.0,4.29,-5.617,1.2,2.757,0.051,0.0,-0.0,-0.0,0.9,-0.158,-0.033,-0.043,1.995,10.51,HIGH,PAPER,1756
20.43,MANUAL,IDLE,,0,0.0,4.345,-5.616,1.2,2.775,0.054,0.0,0.1,-0.1,0.8,0.08,-0.276,-0.072,1.986,9.18,HIGH,PAPER,1756
20.45,MANUAL,IDLE,,0,0.0,4.401,-5.615,1.2,2.789,0.056,0.0,0.2,-0.1,0.8,-0.283,0.257,-0.04,1.991,10.72,HIGH,PAPER,1756
20.47,MANUAL,IDLE,,0,0.0,4.456,-5.614,1.2,2.799,0.059,0.0,0.4,-0.0,0.7,0.041,-0.164,-0.029,1.974,7.49,HIGH,PAPER,1756
20.49,MANUAL,IDLE,,0,0.0,4.513,-5.613,1.2,2.821,0.061,0.0,0.4,-0.1,0.8,0.234,0.072,-0.03,1.965,12.3,HIGH,PAPER,1756
20.51,MANUAL,IDLE,,0,0.0,4.569,-5.611,1.2,2.833,0.059,0.0,0.5,-0.0,0.7,0.133,0.378,-0.02,1.999,11.02,HIGH,PAPER,1756
20.53,MANUAL,IDLE,,0,0.0,4.626,-5.61,1.2,2.85,0.058,0.0,0.5,-0.2,0.7,0.037,0.12,0.12,1.973,7.33,HIGH,PAPER,1756
20.55,MANUAL,IDLE,,0,0.0,4.683,-5.609,1.2,2.859,0.051,0.0,0.4,0.0,1.0,0.032,0.389,0.258,1.99,11.78,HIGH,PAPER,1756
20.57,MANUAL,IDLE,,0,0.0,4.741,-5.608,1.2,2.871,0.057,0.0,0.6,0.0,1.2,0.303,-0.06,0.204,1.979,7.54,HIGH,PAPER,1756
20.59,MANUAL,IDLE,,0,0.0,4.798,-5.607,1.2,2.896,0.045,0.0,0.4,-0.1,1.5,-0.158,-0.223,0.26,1.963,9.76,HIGH,PAPER,1756
20.61,MANUAL,IDLE,,0,0.0,4.856,-5.606,1.2,2.912,0.048,0.0,0.4,-0.1,1.7,-0.138,-0.27,0.173,1.982,8.52,HIGH,PAPER,1756
20.63,MANUAL,IDLE,,0,0.0,4.915,-5.605,1.2,2.925,0.041,0.0,0.3,-0.1,1.9,-0.292,0.205,0.067,1.977,9.36,HIGH,PAPER,1756
20.65,MANUAL,IDLE,,0,0.0,4.973,-5.604,1.2,2.94,0.036,0.0,0.2,-0.1,1.9,-0.112,-0.011,0.057,1.967,6.59,HIGH,PAPER,1756
20.67,MANUAL,IDLE,,0,0.0,5.032,-5.604,1.2,2.957,0.032,0.0,0.2,-0.2,1.9,0.271,-0.037,0.021,1.999,14.99,HIGH,PAPER,1756
20.69,MANUAL,IDLE,,0,0.0,5.092,-5.603,1.2,2.971,0.025,0.0,0.1,-0.1,2.0,-0.251,-0.148,0.025,1.975,7.5,HIGH,PAPER,1756
20.71,MANUAL,IDLE,,0,0.0,5.151,-5.603,1.2,2.977,0.026,0.0,0.1,-0.1,2.0,-0.006,-0.001,-0.02,1.99,10.77,HIGH,PAPER,1756
20.73,MANUAL,IDLE,,0,0.0,5.211,-5.602,1.2,2.992,0.02,0.0,-0.0,-0.0,2.0,0.036,0.023,0.002,1.969,4.94,HIGH,PAPER,1756
20.75,MANUAL,IDLE,,0,0.0,5.271,-5.602,1.2,3.013,0.021,0.0,0.0,-0.2,1.9,0.092,-0.179,-0.125,1.977,9.17,HIGH,PAPER,1756
20.77,MANUAL,IDLE,,0,0.0,5.331,-5.601,1.2,3.018,0.019,0.0,0.1,-0.0,1.8,0.018,0.041,-0.126,1.969,10.14,HIGH,PAPER,1756
20.79,MANUAL,IDLE,,0,0.0,5.391,-5.601,1.2,3.036,0.017,0.0,0.0,-0.1,1.6,0.063,-0.23,-0.06,1.987,12.01,HIGH,PAPER,1756
20.81,MANUAL,IDLE,,0,0.0,5.452,-5.601,1.2,3.059,0.023,0.0,0.2,-0.2,1.6,0.177,-0.221,0.003,1.968,6.09,HIGH,PAPER,1756
20.83,MANUAL,IDLE,,0,0.0,5.514,-5.6,1.2,3.08,0.019,0.0,0.1,-0.3,1.6,-0.328,-0.148,0.09,2.003,12.09,HIGH,PAPER,1756
20.85,MANUAL,IDLE,,0,0.0,5.576,-5.6,1.2,3.101,0.012,0.0,-0.1,-0.4,1.7,0.077,-0.074,0.027,2.017,14.9,HIGH,PAPER,1756
20.87,MANUAL,IDLE,,0,0.0,5.638,-5.6,1.2,3.106,0.012,0.0,0.0,-0.4,1.6,0.085,0.191,-0.119,1.985,13.48,HIGH,PAPER,1756
20.89,MANUAL,IDLE,,0,0.0,5.7,-5.6,1.2,3.116,0.004,0.0,0.0,-0.3,1.5,0.161,0.409,0.028,2.027,19.35,HIGH,PAPER,1756
20.91,MANUAL,IDLE,,0,0.0,5.762,-5.599,1.2,3.128,-0.0,0.0,-0.0,-0.1,1.5,-0.212,-0.283,0.046,1.998,10.83,HIGH,PAPER,1756
20.93,MANUAL,IDLE,,0,0.0,5.825,-5.599,1.2,3.145,0.0,0.0,-0.1,-0.3,1.6,0.031,0.13,0.008,2.016,15.36,HIGH,PAPER,1756
20.95,MANUAL,IDLE,,0,0.0,5.888,-5.6,1.2,3.161,-0.001,0.0,-0.1,-0.3,1.6,-0.06,-0.057,0.048,1.987,14.62,HIGH,PAPER,1756
20.97,MANUAL,IDLE,,0,0.0,5.952,-5.6,1.2,3.175,-0.002,0.0,-0.1,-0.3,1.6,-0.156,0.15,-0.107,1.963,12.03,HIGH,PAPER,1756
