# simulator=gazebo,# scenario=flip
t,alpha_err,q_ref0,q_ref1,q_ref2,q_ref3,q_m0,q_m1,q_m2,q_m3,phi_ref,theta_ref,psi_ref,phi,theta,psi,p,q,r,tau_x,tau_y,tau_z,sat_x,sat_y,sat_z,thrust,desat,x,y,z
2.1457672119140625e-06,0.1444477181825025,0.9999999999943197,3.370563254625154e-06,0.0,0.0,0.9973931278875923,-0.04072172409633339,0.02428467319565256,-0.054396178882415144,6.7411265092630715e-06,0.0,0.0,-0.0840534136049478,0.04402674179669957,-0.1108204399862559,0.05881936867517523,-0.02857422372305296,0.08452319735879044,-1.0497791921552881,0.5999940257177387,-1.4260147300167423,0.0,0.0,0.0,1.7400677368934026,1.0,0.0,0.0,2.190000057220459
0.09870004653930664,0.40920356868475777,0.9880057144886615,0.15441731812769424,0.0,0.0,0.9973931278875923,-0.04072172409633339,0.02428467319565256,-0.054396178882415144,0.3100753411168565,0.0,0.0,-0.0840534136049478,0.04402674179669957,-0.1108204399862559,0.05881936867517523,-0.02857422372305296,0.08452319735879044,-4.0,0.7621590539164362,-1.3379680189490308,1.0,0.0,0.0,1.7389225879508938,1.0,0.0,0.0,2.190000057220459
0.09908390045166016,0.4103566342711989,0.9879124279992529,0.15501301430725387,0.0,0.0,0.9973931278875923,-0.04072172409633339,0.02428467319565256,-0.054396178882415144,0.31128125374795795,0.0,0.0,-0.0840534136049478,0.04402674179669957,-0.1108204399862559,0.05881936867517523,-0.02857422372305296,0.08452319735879044,-4.0,0.7627618171971171,-1.3375772046368368,1.0,0.0,0.0,1.737777439008385,1.0,0.0,0.0,2.190000057220459
0.09941840171813965,0.4113616922133786,0.9878308426224065,0.1555320750324716,0.0,0.0,0.9973931278875923,-0.04072172409633339,0.02428467319565256,-0.054396178882415144,0.31233212046934633,0.0,0.0,-0.0840534136049478,0.04402674179669957,-0.1108204399862559,0.05881936867517523,-0.02857422372305296,0.08452319735879044,-4.0,0.7632868901140273,-1.3372363415801622,1.0,0.0,0.0,1.7366322900658766,1.0,0.0,0.0,2.190000057220459
0.09977197647094727,0.41242430398890617,0.9877443087032123,0.15608068626326993,0.0,0.0,0.9973931278875923,-0.04072172409633339,0.02428467319565256,-0.054396178882415144,0.3134429083152616,0.0,0.0,-0.0840534136049478,0.04402674179669957,-0.1108204399862559,0.05881936867517523,-0.02857422372305296,0.08452319735879044,-4.0,0.7638417082480162,-1.3368757424001765,1.0,0.0,0.0,1.7354871411233677,1.0,0.0,0.0,2.190000057220459
0.10021615028381348,0.4137595501444866,0.9876351697738568,0.15676980393483,0.0,0.0,0.9973931278875923,-0.04072172409633339,0.02428467319565256,-0.054396178882415144,0.3148383215026791,0.0,0.0,-0.0840534136049478,0.04402674179669957,-0.1108204399862559,0.05881936867517523,-0.02857422372305296,0.08452319735879044,-4.0,0.764538407546034,-1.3364223076367476,1.0,0.0,0.0,1.7343419921808587,1.0,0.0,0.0,2.190000057220459
0.1201331615447998,0.3787049772493426,0.9822480347536018,0.18758677518068026,0.0,0.0,0.9941943832048239,0.029750703146525184,0.08294522674855434,0.06174555389578869,0.37740945776165885,0.0,0.0,0.07037730883992159,0.16196055219911462,0.12976691024036893,-0.039929575036316,-0.0012001923703720552,-0.04858433237270213,-2.9857846708532603,1.4026035020595584,1.7185148609168617,0.0,0.0,0.0,1.7527699249627324,1.0,0.0,0.0,2.190000057220459
0.14011406898498535,0.6275324773607379,0.9758776595540112,0.21831810182251346,0.0,0.0,0.9920656172220019,-0.07767005006425376,0.06557618289348062,0.07397931255469614,0.4401813297878035,0.0,0.0,-0.1463973051574744,0.1420812586453141,0.13843020299654085,-0.018233230722388097,0.03253856942947825,-0.007427677286122966,-4.0,0.826711898152086,1.7599352324517363,1.0,0.0,0.0,1.7611580989219542,1.0,0.0,0.0,2.190000057220459
0.16012120246887207,0.579624068590652,0.9685357969019905,0.24887428577381426,0.0,0.0,0.995572734404627,-0.023908552368159666,0.0033798280020245204,-0.09083990530835001,0.5030355933601723,0.0,0.0,-0.04823829519001593,0.0023860302092191445,-0.18204137687596522,-0.10193050223797429,-0.021772484074078058,-0.0678155135820769,-4.0,0.6047139555104925,-1.4715489016373313,1.0,0.0,0.0,1.7256346900075958,1.0,0.0,0.0,2.190000057220459
0.1800985336303711,0.6333250690710266,0.9602504929736015,0.27913973336656195,0.0,0.0,0.9920610424454545,-0.008408407079536271,0.09938556884495856,0.0765943565661784,0.5657962301754681,0.0,0.0,-0.0014881668542328854,0.19980802119501775,0.1539597062155844,-0.19935912313195284,-0.09369089370533289,0.09538405691998103,-4.0,1.8558538389926689,1.6443083691107645,1.0,0.0,0.0,1.758546808211523,1.0,0.0,0.0,2.190000057220459
0.2001032829284668,0.5969286493776517,0.9510063699606482,0.3091712863353752,0.0,0.0,0.9947653224012631,0.03157158429727524,-0.035835234131597324,-0.09033838833853859,0.6286430036072712,0.0,0.0,0.06949267414125906,-0.06563816647010588,-0.18341311455238388,-0.27111438834280654,-0.035454140142962845,-0.08812164332055734,-4.0,0.018826556570058273,-1.5873455906082554,1.0,0.0,0.0,1.7323745191705158,1.0,0.0,0.0,2.190000057220459
0.22012901306152344,0.7393493586878752,0.9408121032963758,0.33892858582753044,0.0,0.0,0.9965601614988665,-0.015138659227620303,-0.04079412275025172,-0.07053017126861834,0.6915556902760537,0.0,0.0,-0.02450664661348646,-0.08354019634280317,-0.14028732571104813,-0.6659660088555392,0.0042699661130928546,-0.03493129402211666,-4.0,-0.3065781288633419,-1.4639134861295322,1.0,0.0,0.0,1.7332533675466155,1.0,0.0,0.0,2.190000057220459
0.24011588096618652,0.7842799649538804,0.9297094624678743,0.3682937895182272,0.0,0.0,0.9998229395329822,-0.014802045868515024,0.0021591967349027046,0.011416080377833796,0.7543462876536128,0.0,0.0,-0.029554173294070493,0.004655608361949415,0.02276641035334704,-0.9496693361470718,-0.00740323459191447,-0.06124069832546464,-3.841126282525658,-0.014327978992908129,0.47313992728943066,0.0,0.0,0.0,1.7310992777116272,1.0,0.0,0.0,2.190000057220459
0.26013708114624023,0.7335675499895892,0.9176690879190595,0.3973454983736462,0.0,0.0,0.9974558016137121,0.045681157889887414,-0.05449282209920012,-0.005068331150514681,0.8172447430553204,0.0,0.0,0.09235537163707816,-0.10845781692343429,-0.015179232434501597,-1.1952875836974501,0.03198875324830722,0.03351313912953706,-2.307137387249913,-1.087805008732921,-0.6601231240973018,0.0,0.0,0.0,1.7532565906412094,1.0,0.0,0.0,2.190000057220459
0.2800898551940918,0.6833640510801618,0.904766947172137,0.4259069984219694,0.0,0.0,0.9931526027950077,0.10241848576376071,0.03993270247671446,-0.03954416022962199,0.8799282314227878,0.0,0.0,0.20242543546732725,0.08753036795550001,-0.07069637677288844,-1.6215081771512907,-0.07820070655709171,-0.005125482816325168,-0.12048295805318521,1.3722413042424848,-0.3549107023088178,0.0,0.0,0.0,1.7856345397278144,1.0,0.0,0.0,2.190000057220459
0.3001120090484619,0.958283375384119,0.8909266337647944,0.4541472594308282,0.0,0.0,0.9989172253308983,-0.005661190647674527,0.04591575389253435,0.004906261524851772,0.9428296828807214,0.0,0.0,-0.010905825372596593,0.09191700125259547,0.009321506801139998,-2.0860990281381806,-0.008088014623529344,0.07849135727155174,-0.8295884036294368,0.805940115027838,0.1905072281078085,0.0,0.0,0.0,1.770746708622252,1.0,0.0,0.0,2.180000066757202
0.32010841369628906,1.028855633307911,0.8762246266928875,0.48190289849399126,0.0,0.0,0.9930586769743325,0.0008963040932656983,0.08847083873587218,-0.07750207363891616,1.005650240820544,0.0,0.0,-0.012122382682845254,0.17677159389582123,-0.15684611189135403,-2.395501554739059,0.0757677657162533,0.04091141502114495,0.026556397175957258,1.9943049685436804,-0.6691430985480339,0.0,0.0,0.0,1.8019157038759783,1.0,0.0,-0.009078041650354862,2.180000066757202
0.34012436866760254,0.715289917393298,0.8606425653449736,0.5092095587441607,0.0,0.0,0.9787466915788936,0.18533191856508832,0.02634033725654884,0.08374473307357967,1.0685322179130066,0.0,0.0,0.3760776362491574,0.02052133210025576,0.1746157575760393,-2.4742044087265533,0.10114576627199065,-0.01693912436198447,3.119164972765568,-0.8040631280283037,1.7774971658110434,0.0,0.0,0.0,1.9204224090238295,1.0,0.0,-0.009078041650354862,2.180000066757202
0.3601076602935791,0.9824963543926828,0.844237298477074,0.5359695736328061,0.0,0.0,0.9956050885223379,0.0769032398313277,0.005900800004928011,-0.053118546395539624,1.1313115800797169,0.0,0.0,0.1531316659097513,0.01992102722333214,-0.10507667331343468,-2.7546657708553832,-0.06201084171045021,0.05137103629130632,1.6448740561688346,0.9170753692143155,-1.0391243220705406,0.0,0.0,0.0,1.8214277428339896,1.0,0.0,-0.009078041650354862,2.180000066757202
0.38010382652282715,0.9909098495562734,0.8269888929170932,0.5622182592123458,0.0,0.0,0.9946922252007823,0.10165641558046686,0.015892452533201835,-0.0008833170028518276,1.1941313890054828,0.0,0.0,0.20371398619525832,0.03180114751015105,0.0014746285351867,-2.9355341822576415,0.08265995658177744,0.09357789689156068,2.2388286345180024,-0.057849852850188566,-0.21022091461527687,0.0,0.0,0.0,1.8545969898265173,1.0,0.0,-0.018156083300709724,2.180000066757202
0.40010714530944824,1.0053400064208071,0.8089180566264602,0.5879214043251623,0.0,0.0,0.9900442717169806,0.1283074213199745,0.005843916986099103,-0.0575794608247732,1.2569736683529464,0.0,0.0,0.2562709634228037,0.026350266571458468,-0.11279086506134323,-3.264167001706322,-0.07884302147073281,0.002805891592021728,3.4911074334848156,1.0869610346802907,-0.8740495997830444,0.0,0.0,0.0,1.8941312192140987,1.0,0.0,-0.018156083300709724,2.180000066757202
0.42009568214416504,0.8688019374134439,0.7900628852616658,0.6130258047847675,0.0,0.0,0.9705885375190031,0.22885877909679628,-0.06412324929822004,-0.03833743557522895,1.3197695088289016,0.0,0.0,0.46873945005285855,-0.10713167508296527,-0.1045588558462649,-3.38536703840129,-0.016360959416230655,0.13018997609912564,4.0,-0.4777474034553955,-1.9127237338075873,1.0,0.0,0.0,2.0982360581071045,1.0,0.0,-0.03631216660141945,2.1700000762939453
0.4401204586029053,0.8516566481306946,0.7703926182096481,0.6375697717176397,0.0,0.0,0.9574983445170593,0.27141692774354137,0.041899211237531604,0.0881715809034907,1.3826791994414578,0.0,0.0,0.5555699643910287,0.032379989497540146,0.1928869271453167,-3.3307623972888285,0.017225254742639876,0.08745527974764841,4.0,-0.5476348522189771,1.54298699316513,1.0,0.0,0.0,2.1906083471701865,1.0,0.0,-0.03631216660141945,2.1700000762939453
0.4601297378540039,0.7957088176724896,0.7499762841562297,0.6614647180335579,0.0,0.0,0.9453649278071851,0.3218510742959909,0.017603821277010944,-0.04885841506925378,1.445540204140336,0.0,0.0,0.653650778039194,0.06477963460075119,-0.08130634870779536,-3.3818422055866364,0.007562579408050024,-0.0136463756702776,4.0,0.8801610066804705,-0.4453814154406994,1.0,0.0,0.0,2.371580702930183,1.0,0.0,-0.03631216660141945,2.1700000762939453
0.4803955554962158,0.7267507133131268,0.728543152208392,0.6849999090293806,0.0,0.0,0.9151536232586877,0.39120229716087385,0.013691631489007311,-0.09626602598903004,1.5092071479640994,0.0,0.0,0.7994972230965848,0.10054821049310471,-0.1671006277631314,-3.505000080824997,-0.0041505367232567425,-0.1812883253346222,4.0,1.5349454150726798,-0.4899504526652938,1.0,0.0,0.0,2.7372099490864854,1.0,0.0,-0.045390207320451736,2.1700000762939453
0.5001099109649658,0.9222425518555875,0.7069846902609618,0.7072288510352303,0.0,0.0,0.946811960626774,0.3198011293923473,-0.029076369207146253,0.020710229530187065,1.5711416222749819,0.0,0.0,0.6507629398904742,-0.0683592457282711,0.02066981908439427,-3.5187694738340243,0.007203265575602982,-0.10304996936439145,4.0,-0.7328814565651671,0.29376323791729647,1.0,0.0,0.0,2.4321724220021923,1.0,0.0,-0.0726243332028389,2.1600000858306885
0.5201013088226318,1.0678591466693497,0.6844310924551043,0.7290775539547988,0.0,0.0,0.9569097835092113,0.2823774701823359,-0.02055457226774911,-0.0645301488969944,1.6339464509196164,0.0,0.0,0.5740943832444854,-0.0028940262454307266,-0.1355223840264923,-3.687792292882317,0.0400025725515501,0.011846279195520448,4.0,0.4995756050337341,-1.2304314683304434,1.0,0.0,0.0,2.3252245772851596,1.0,0.0,-0.08170237392187119,2.1600000858306885
0.5401096343994141,0.6895744312454003,0.6611826764063006,0.7502249452132348,0.0,0.0,0.8708782059684547,0.4869710258977551,-0.0013859557304806468,-0.06654659594574966,1.6968044595622682,0.0,0.0,1.0160342766790538,0.0624390942708292,-0.11775871930515004,-3.7477804539174073,-0.059257192443903775,0.08940810283744263,4.0,1.2171996973409644,-1.2584171108519153,1.0,0.0,0.0,3.780123369270008,1.0,0.0,-0.09985845535993576,2.1500000953674316
0.5600969791412354,0.8327212152130098,0.6373066066199105,0.770610335486499,0.0,0.0,0.8918574057963526,0.44922869250964764,0.014000912053574649,-0.05087164253236036,1.7595965549679407,0.0,0.0,0.9304297967339873,0.07073861781019983,-0.078437651737721,-3.577175407414298,-0.06317111386749175,0.02896218261835068,4.0,1.2151862008511456,-0.548480457288554,1.0,0.0,0.0,3.3938617066006245,1.0,0.0,-0.12709258496761322,2.140000104904175
0.5801215171813965,0.6157784236291417,0.6127562186934623,0.7902719889079264,0.0,0.0,0.8204443859832492,0.5697316477920382,0.012307522968150795,0.04610188598231591,1.8225054965664402,0.0,0.0,1.2124862438424753,-0.032341768584419416,0.08983975965176241,-3.4605538252102144,0.06985150936612414,0.1396473719919661,4.0,-0.8572363953085811,0.20092067170676653,1.0,0.0,0.0,5.847756032567105,1.0,0.0,-0.1452486664056778,2.140000104904175
0.6001293659210205,0.7617952807546443,0.5876208418259624,0.8091364200502579,0.0,0.0,0.8430306742904645,0.5350753013354296,-0.04592160455020516,0.029747442607700583,1.8853620071809787,0.0,0.0,1.1310388868386352,-0.10947945401519381,0.0010190817225638445,-3.4343724669824267,0.08647902113390393,0.11632604434845867,4.0,-1.3670007073563328,-0.858836686222037,1.0,0.0,0.0,4.9500989122860375,1.0,0.0,-0.18156082928180695,2.130000114440918
0.6201460361480713,1.0330785666299305,0.5618936365336843,0.82720949053003,0.0,0.0,0.8871272821511786,0.44857121503257885,-0.07686651576513644,0.0766849989332141,1.948246231315611,0.0,0.0,0.9291891725819105,-0.20664570874035446,0.0686108903435124,-3.1537118888609514,0.0066070791799131,0.07422072054059312,2.9790316385522537,-2.1589356161153765,-0.7068008506970057,0.0,0.0,0.0,3.6696323267101683,1.0,0.0,-0.2178729921579361,2.119999885559082
0.6401114463806152,0.9693279513498497,0.5356789790897042,0.8444217141697697,0.0,0.0,0.860668105494579,0.5018697853356459,0.030247140764849037,-0.0803880664469335,2.0109694174280777,0.0,0.0,1.0485377739690067,0.13314724330726635,-0.10919608914680556,-2.951408725003541,0.019899581855872525,-0.025703150398995248,2.6471200454459076,1.6020853996407063,-0.247604496642029,0.0,0.0,0.0,4.482034618067676,1.0,0.0,-0.25418516993522644,2.109999895095825
0.6600987911224365,1.0261173002690505,0.5089078390437561,0.8608210100594748,0.0,0.0,0.8590087488944236,0.5042755380873448,-0.05851959369773195,0.06622392440054035,2.07376151283375,0.0,0.0,1.056993408202894,-0.16811872638469116,0.05556544797167843,-2.5848319829064694,0.052807070785552634,0.04983946740731744,0.6828678415745681,-1.9469887924023468,-0.5328182995387823,0.0,0.0,0.0,4.734770383306879,1.0,0.0,-0.2995753586292267,2.0999999046325684
0.6800918579101562,0.8581362091282417,0.4816272267368588,0.8763761831917629,0.0,0.0,0.7910727614722942,0.6028822608476629,-0.07937584191213662,0.06660586560167824,2.1365715845767803,0.0,0.0,1.3013810987351533,-0.20737834073346728,0.009883519117243495,-2.1760693490098912,0.07372851377385645,0.030536242119249435,0.6460210763365719,-2.2269412727799858,-0.8718229492459344,0.0,0.0,0.0,7.8,1.0,0.0,-0.3540436029434204,2.0899999141693115
0.7000954151153564,0.8950591473221856,0.45385695262111153,0.8910745572383256,0.0,0.0,0.791472558685528,0.6085950674749242,0.01327462014649581,-0.05483627588505956,2.1994146129383005,0.0,0.0,1.3079042734373274,0.08787221012172751,-0.07097828473019678,-1.8661102437377122,0.01660277063735531,0.06760113121329994,-1.1164781669008068,1.031348695485969,-0.5315875007879591,0.0,0.0,0.0,7.8,1.0,0.0,-0.4085118770599365,2.069999933242798
0.7200894355773926,0.8111664811443796,0.4256521726662462,0.9048868591732914,0.0,0.0,0.7474331235934069,0.6638685201979813,-0.002579569996683087,0.02481248605394607,2.262227680737557,0.0,0.0,1.4518921227488104,-0.03680888037521697,0.033695553233298675,-1.8438498383834323,-0.05028706853285739,-0.16232877037683452,-0.4999073197367503,-0.2698615688139539,0.8138604736232753,0.0,0.0,0.0,7.8,1.0,0.0,-0.47205814719200134,2.049999952316284
0.7401289939880371,0.9031102415729511,0.3969619240284969,0.9178350782529473,0.0,0.0,0.7473360699834536,0.6570958551426952,0.002004615055001072,0.0985384045662296,2.3251838102216213,0.0,0.0,1.4328118352901693,-0.1268419629072577,0.15171251057301816,-1.8739463585549545,0.17877129155094768,-0.09836406698264295,-1.0059990726985513,-2.508010134539715,1.212574281594229,0.0,0.0,0.0,7.8,1.0,0.0,-0.5537605285644531,2.0299999713897705
0.760188102722168,1.074852469149222,0.367849814570923,0.9298852154541105,0.0,0.0,0.7794859104092761,0.6154473126161577,0.06528340678064581,0.09676981795004229,2.3882013588583257,0.0,0.0,1.3346470353694615,-0.017339326099469282,0.23336557794761834,-1.9462541145983643,0.05276580181321899,-0.07024602652003549,-2.1837884200134763,-1.5304698859551045,2.207040793455826,0.0,0.0,0.0,7.8,1.0,0.0,-0.5537605285644531,2.0299999713897705
0.7801201343536377,1.247622442451394,0.3385603638028387,0.9409446742830789,0.0,0.0,0.8199374581782101,0.5675782944480253,-0.057312806493211216,-0.0476727024574686,2.450819683002871,0.0,0.0,1.213846370859378,-0.03988042189838632,-0.14384581347260184,-1.8400201490097459,-0.024613967461594305,0.0674374757195038,-4.0,0.6075264872290501,-1.6711152533873914,1.0,0.0,0.0,7.8,1.0,0.0,-0.6082288026809692,2.009999990463257
0.8001546859741211,0.9662898203528428,0.30878589739068213,0.9511315732182541,0.0,0.0,0.7061830183598553,0.7017734943333703,-0.05294343386454618,-0.0775661011133458,2.513760083191747,0.0,0.0,1.5613687960164095,0.034098767318678,-0.18502109179402268,-1.969894164159144,0.0819330796929956,0.0018357603200766098,-1.2199274837614222,0.8208153220987103,-1.493492834931172,0.0,0.0,0.0,7.8,1.0,0.0,-0.6899311542510986,1.9800000190734863
0.820138692855835,1.027235964934045,0.2787818915389177,0.9603544433957616,0.0,0.0,0.7085243751679363,0.7012502747099207,0.04026282622204361,-0.06797180913260822,2.576541692400627,0.0,0.0,1.5573853921332725,0.15298089530238046,-0.04033257264209038,-2.2390621253806406,-0.0022852599148952338,0.07902432093631362,-0.7425245768957538,1.5391725552402407,0.0782482071487488,0.0,0.0,0.0,7.8,1.0,0.0,-0.771633505821228,1.9500000476837158
0.8401150703430176,0.990468836711318,0.24851480968988673,0.9686280965183693,0.0,0.0,0.6671159334713861,0.7371963944051955,0.06801254251258049,0.08289813897522211,2.639299333159696,0.0,0.0,1.667161548843393,-0.03148511841381366,0.21258469202987088,-2.29500060071583,0.07302418746167225,-0.06372631519595695,-0.0796578998523998,-1.560003599875596,1.984510757272,0.0,0.0,0.0,7.8,1.0,0.0,-0.8624139428138733,1.9199999570846558
0.8601105213165283,1.0274522284291914,0.21797381263816554,0.9759546183117235,0.0,0.0,0.666558956390556,0.7435049114324154,0.03834319384979,-0.03780745715869225,2.7021168950432926,0.0,0.0,1.680184555070916,0.10754323829931373,0.006653394332636711,-2.46331873000413,0.08716783463998601,-0.0025916448252531754,0.08394108789090815,0.5564521528962825,0.5939702100108121,0.0,0.0,0.0,7.8,1.0,0.0,-0.9531943798065186,1.8799999952316284
0.8800959587097168,1.1175381187477973,0.18723325073972405,0.9823154838530418,0.0,0.0,0.6663578268748198,0.7361626661065862,-0.0830804571129463,0.0844358528080008,2.7649029983365123,0.0,0.0,1.6714570722636883,-0.23725938202039723,-0.010074884557592161,-2.443577926069427,0.11705321556129664,-0.0022797538515322013,-0.5604779372711288,-2.43817425552188,-1.3069213891421287,0.0,0.0,0.0,7.8,1.0,0.0,-1.043974757194519,1.840000033378601
0.9001200199127197,1.1373454072223188,0.15624825650148452,0.9877178151376264,0.0,0.0,0.6517582012813776,0.7499919420939042,-0.0919375822517502,0.0653514714936062,2.8278104419068986,0.0,0.0,1.7166862822468973,-0.21962976887848318,-0.0540420345310373,-2.6033601838767786,0.011411902886820258,-0.0886515915328641,-0.11792432899962257,-1.6239256030171085,-1.257340321669585,0.0,0.0,0.0,7.8,1.0,0.0,-1.1347551345825195,1.7999999523162842
0.9201080799102783,1.0145639648375298,0.12516479893203863,0.9921359650311555,0.0,0.0,0.5802719069282729,0.8077910370075382,-0.06978199772607822,0.0767373921466546,2.890604784354741,0.0,0.0,1.8982358913772395,-0.20642347388779106,-0.024197456684479497,-3.220020328245134,0.12092619879992175,0.021594417458858095,3.388048800288548,-2.181068321716806,-1.2789458577786224,0.0,0.0,0.0,7.8,1.0,0.0,-1.2527697086334229,1.75
0.9401113986968994,1.123976670010508,0.09393410380285544,0.9955784168727014,0.0,0.0,0.5984492258148125,0.7934909553181202,-0.05251920335689092,-0.09732605626832903,2.953447063702204,0.0,0.0,1.8399233909861115,0.0917230964627844,-0.20205200560285963,-4.137262153660815,0.1747297132107681,0.017186197487073146,4.0,1.1403286815632678,-1.2973292140623065,1.0,0.0,0.0,7.8,1.0,0.0,-1.3435500860214233,1.690000057220459
0.9601285457611084,0.8811024148661446,0.0625889974827166,0.998039386694788,0.0,0.0,0.4789189128272297,0.8762596965780522,0.0008576194259505628,0.05296115159477157,3.01633278586495,0.0,0.0,2.138793402467163,-0.09212423745998087,0.05247769837915531,-4.698941856487985,0.03500485331624928,-0.14292691859215206,4.0,-1.1960921675890686,0.6551221413634115,1.0,0.0,0.0,7.8,1.0,0.0,-1.4524866342544556,1.6399999856948853
0.9801299571990967,0.8894193744814375,0.03120672286303185,0.9995129516160108,0.0,0.0,0.45262022153441217,0.8890438083071751,-0.03656062021433665,-0.0583040566200799,3.0791690730999606,0.0,0.0,2.1955896103068415,0.0706322841821345,-0.11835774685011255,-4.767814052593699,0.04215713798962961,-0.012671837219345672,4.0,0.9740658996573557,-0.7165584903241565,1.0,0.0,0.0,7.8,1.0,0.0,-1.5614231824874878,1.5700000524520874
1.0001029968261719,1.3009329267825696,-0.00016178703551641337,0.9999999869124775,0.0,0.0,-0.5992724394665575,-0.7958983795747229,0.019296468020451756,-0.08394021091269152,-3.141269079517349,-0.0,0.0,1.8452311361124871,-0.15739246540955004,0.07082394703704574,-5.026571009157949,-0.026308926740997274,-0.08453958891598118,4.0,1.783977464879292,0.7243593197797844,1.0,0.0,0.0,7.8,1.0,0.0,-1.6794376373291016,1.5099999904632568
1.0203301906585693,1.0893167335737477,-0.031929161175072746,0.9994901343518385,0.0,0.0,-0.48862529508154295,-0.8713500169547905,-0.01589797734117473,0.04173395830520892,-3.0777234759707524,-0.0,0.0,2.1188662902494055,0.08838109402508645,-0.013130755806139111,-5.123432233024383,-0.12876043552055028,-0.17190776632869811,4.0,-0.3090596681702644,0.34318302951771246,1.0,0.0,0.0,7.8,1.0,0.0,-1.6794376373291016,1.5099999904632568
1.040116310119629,1.0876416664011601,-0.06297285747328851,0.9980152399746454,0.0,0.0,-0.4620166306511488,-0.8865921776856498,-0.015787802311142504,0.01567446224153862,-3.0155635484288377,-0.0,0.0,2.181085966917653,0.04239486409736888,0.01352352269440051,-4.920119536803967,-0.08742015608745268,-0.10561330564442421,4.0,0.056697640935677696,0.08758256279901688,1.0,0.0,0.0,7.8,1.0,0.0,-1.7792961597442627,1.4299999475479126
1.060121774673462,0.9496445116039363,-0.0942987458837908,0.9955439450495113,0.0,0.0,-0.370592620807726,-0.9284576746238333,0.00874092155934728,-0.023474499467683315,-2.9527145279548646,-0.0,0.0,2.382018896939986,-0.050089743522093305,0.0011692679454237253,-4.945228651601599,-0.034002148552323,-0.11207817191734588,4.0,0.5869213515533933,0.6666244355216469,1.0,0.0,0.0,7.8,1.0,0.0,-1.8973106145858765,1.3600000143051147
1.0801236629486084,0.9529106764766407,-0.1255259487901477,0.992090336703434,0.0,0.0,-0.34073592000603287,-0.9388231728005935,-0.03667332210395422,-0.03413430058062773,-2.8898767426917407,-0.0,0.0,2.4434751566259902,-0.03911027829281094,0.09232268950539957,-4.853400432257042,0.059598263378514704,0.14659394854929483,4.0,0.5309622126570759,-1.2283459543466604,1.0,0.0,0.0,7.8,1.0,0.0,-1.9971691370010376,1.2799999713897705
1.1001014709472656,0.8468949886383927,-0.1565918908859315,0.9876633939297176,0.0,0.0,-0.2606335104569801,-0.96438813588865,0.030018776670628362,-0.033534603490792146,-2.8271146078483316,-0.0,0.0,2.615320236835281,-0.08041518660233496,-0.04056118223663802,-4.662304117234514,-0.012667505108873156,0.0495309206147255,4.0,0.6190740863728315,0.49987019391838083,1.0,0.0,0.0,7.8,1.0,0.0,-2.1151835918426514,1.2000000476837158
1.120105266571045,0.9187482421982417,-0.1875437355218872,0.9822562533608511,0.0,0.0,-0.2592018757943575,-0.9620115571322543,0.017123661179972615,0.08399364116678906,-2.7642708304727552,-0.0,0.0,2.6092637562495,0.1533288174596052,-0.07747442882353775,-4.512840514644192,0.05735084525118064,0.05433094773181815,4.0,-1.9436976742473058,-0.19597694992815323,1.0,0.0,0.0,7.8,1.0,0.0,-2.2150421142578125,1.1100000143051147
1.1402106285095215,0.8495020275561271,-0.21846611589281098,0.975844534855173,0.0,0.0,-0.19335167367887288,-0.9769816010688684,0.08948189822251097,0.010727131442533315,-2.7011079731090732,-0.0,0.0,2.752058870916757,-0.013642952690916843,-0.17997930553515767,-4.41915650526034,0.04168865041591757,-0.15504244902166475,4.0,-0.7670901084688106,2.319707928246304,1.0,0.0,0.0,7.8,1.0,0.0,-2.333056688308716,1.0199999809265137
1.1601192951202393,0.9732380304475633,-0.24887138398499253,0.968536542538997,0.0,0.0,-0.22368156230608432,-0.9701099445019592,0.08706481525347268,-0.035678736070572446,-2.6385630523420733,-0.0,0.0,2.6967634271760823,-0.10838626930893855,-0.15448011924730515,-4.37512452253427,-0.05078275757508499,-0.017055460457103294,4.0,0.460895402448824,1.9323192731706849,1.0,0.0,0.0,7.8,1.0,0.0,-2.432915210723877,0.9300000071525574
1.1801278591156006,0.9297888726874983,-0.27918396639908977,0.9602376335603974,0.0,0.0,-0.17655787821690297,-0.9822162697575063,0.017248321419137454,-0.06148992170605539,-2.5757042946853654,-0.0,0.0,2.786663794451531,-0.12722640571362562,-0.012269576222287405,-4.364909188901559,-0.055765527910987364,0.0016679351338525217,4.0,1.307651754030261,0.6679180110219438,1.0,0.0,0.0,7.8,1.0,0.0,-2.532773494720459,0.8299999833106995
1.200122356414795,0.625721434521616,-0.30919977888216943,0.950997106588247,0.0,0.0,0.0025569180014936364,-0.9996522415236998,-0.02587281913939459,-0.00441082948618526,-2.5128897288579957,-0.0,0.0,-3.1367086220825846,-0.008951020046310787,0.051730227166321675,-4.23638312223311,-0.06753129501390757,0.009229236486691203,4.0,0.5140163007751398,-0.5017399187273617,1.0,0.0,0.0,7.8,1.0,0.0,-2.641710042953491,0.7300000190734863
1.2200982570648193,0.8949807133284081,-0.33888313347591636,0.9408284763151805,0.0,0.0,-0.10128537409203917,-0.9947188062672911,0.006848351594246567,-0.015128434606807252,-2.450133586127039,-0.0,0.0,2.93881222444166,-0.031489556406703464,-0.0105652241490223,-4.162077168895023,-0.08709198680623019,0.028190090213976046,4.0,0.5866173718799857,0.1186375495406152,1.0,0.0,0.0,7.8,1.0,0.0,-2.7506465911865234,0.6200000047683716
1.2400994300842285,0.5788352389942039,-0.368269764787035,0.9297189792317364,0.0,0.0,0.08946009599474795,-0.9954242283582421,-0.027705676644098554,-0.018970827702069346,-2.3872980479060852,-0.0,0.0,-2.9634396497341218,-0.04273815741376614,0.05183405771904182,-4.111295843686091,-0.06489896007344698,0.14774439604951714,4.0,0.8164098720405255,-0.966419807254457,1.0,0.0,0.0,7.8,1.0,0.0,-2.8595831394195557,0.5199999809265137
1.2600998878479004,0.8053452087645999,-0.3972918846259559,0.9176923005072867,0.0,0.0,0.02237211870823373,-0.9928476929397141,0.09898517339380046,-0.06288785556044373,-2.3244647567273007,-0.0,0.0,-3.084270027936537,-0.1207402575550461,-0.20220548429450616,-3.9035636737490167,-0.0553954666902446,0.022462944416026503,4.0,0.5892957618726495,2.226603545207154,1.0,0.0,0.0,7.8,1.0,0.0,-2.968519449234009,0.4000000059604645
1.2801146507263184,0.577835272079635,-0.4259422376233002,0.9047503579487858,0.0,0.0,0.16087479267521548,-0.9837293144450429,0.006426258806510491,-0.07971599702032371,-2.2615865247051206,-0.0,0.0,-2.81437252047968,-0.15539492742529917,-0.038768725591038014,-3.871114362892066,-0.09476318177339896,-0.07299648077862948,4.0,1.76676996274941,1.0873573251279363,1.0,0.0,0.0,7.8,1.0,0.0,-3.077455997467041,0.28999999165534973
1.3001339435577393,0.8354484987420888,-0.4541779557235733,0.8909109857526485,0.0,0.0,0.05953865400986658,-0.9955802613021991,-0.02903845622722774,-0.06657221675802563,-2.198694061415866,-0.0,0.0,-3.025572063588319,-0.1364366914724171,0.05038230704407239,-3.9156378876859828,-0.05220946288225843,-0.14178816994478663,4.0,1.6588087703746808,0.6544517528393883,1.0,0.0,0.0,7.8,1.0,0.0,-3.1863925457000732,0.17000000178813934
1.3200886249542236,0.9972579720846881,-0.4818756616218556,0.8762396057794346,0.0,0.0,0.015589350082913418,-0.9937086863847032,0.030000752681726764,0.10677065891952656,-2.1360045809359454,-0.0,0.0,-3.1164358929270946,0.2147807764181187,-0.05765087882137223,1.3612508239799965,-1.068835410877931,-2.1650538973233564,3.8586771988800974,2.1150753909493805,4.0,0.0,0.0,1.0,7.8,1.0,0.0,-3.2953290939331055,0.05000000074505806
1.340097188949585,0.928824673437957,-0.5091728141774774,0.8606643046522773,0.0,0.0,0.07095470295741954,-0.9968540840429164,0.025008146104311027,-0.02493908345564529,-2.0731458232792375,-0.0,0.0,-2.9982394738338938,-0.04618878470333722,-0.05348053637646505,12.180018990275574,0.11577070371517115,-5.931157722904657,-4.0,-0.2884685990261946,4.0,1.0,0.0,1.0,7.8,1.0,0.0,-3.2953290939331055,0.05000000074505806
1.3601086139678955,1.0432745088209907,-0.5359708383234119,0.8442364955786377,0.0,0.0,0.06481653468589862,-0.9858194115406286,-0.15478533719217386,0.0006356503011836395,-2.0102780774538505,-0.0,0.0,-3.0132261793492403,-0.018813135290838216,0.3102715284342335,1.678355466697305,1.8087372057934907,-6.72327693727042,2.759577580013758,-4.0,4.0,0.0,1.0,1.0,7.8,1.0,0.0,-3.340719223022461,0.019999999552965164
1.3801088333129883,1.313910779620205,-0.5622247631711655,0.8269844712430378,0.0,0.0,-0.045932291950452335,-0.9887483614895984,-0.13684894843566697,-0.03923349996960411,-1.9474455352891218,-0.0,0.0,3.0396316666701115,-0.06505843058286258,0.27838572197773187,-0.3184612010190057,-0.36294703099569947,-5.591603013636119,4.0,3.6394953810196515,4.0,1.0,0.0,1.0,7.8,1.0,0.0,-3.3861093521118164,0.019999999552965164
1.400116205215454,1.2964823577538427,-0.587932916194532,0.8089096896780217,0.0,0.0,-0.004040245802793879,-0.9883951014682617,-0.15179651678869174,-0.004076432045062983,-1.8845905227026967,-0.0,0.0,3.1323680128085125,-0.0068317135918009525,0.3048077684507562,0.14766406692221223,-0.8035727706650403,-4.922054353302486,4.0,4.0,4.0,1.0,1.0,1.0,7.8,1.0,-0.011131884530186653,-3.4042656421661377,0.019999999552965164
1.420093059539795,1.2661114167588874,-0.6130225500544292,0.7900654106621584,0.0,0.0,0.09824244093030911,-0.9442239115821067,-0.3094587023407908,-0.05499944674443981,-1.8218313839155142,-0.0,0.0,-2.9874002452768464,-0.1654209427183078,0.6206061959548664,-0.010068136830374733,-0.2083494842442377,-5.6321497622556755,4.0,4.0,4.0,1.0,1.0,1.0,7.8,1.0,-0.011131884530186653,-3.440577745437622,0.019999999552965164
1.4401166439056396,1.6720397743476247,-0.6375651554269928,0.770396438585586,0.0,0.0,-0.08646089234274382,-0.941782322506802,-0.3232022777953745,0.033329547504761574,-1.7589254383732407,-0.0,0.0,2.9987919162625416,0.11894736093580846,0.6526578045220728,0.028057008680019285,-0.006023942918696214,-6.000704084814871,4.0,3.6318066872673573,4.0,1.0,0.0,1.0,7.8,1.0,-0.04452753812074661,-3.4768898487091064,0.019999999552965164
1.460108995437622,1.5617043810715738,-0.661440281871575,0.7499978356753114,0.0,0.0,0.03903667888975671,-0.9126606603769284,-0.4031249828540331,-0.05492635888662962,-1.6961176136723797,-0.0,0.0,-3.1143820892982976,-0.13211557545805758,0.8300653670723535,0.07868883542668623,-0.010985713993651738,-5.255710780120907,4.0,4.0,4.0,1.0,1.0,1.0,7.8,1.0,-0.055659420788288116,-3.513201951980591,0.019999999552965164
1.4801216125488281,1.586445137287935,-0.6846863472538685,0.7288378460838563,0.0,0.0,0.03855049312171611,-0.9263480348123195,-0.3696938156027875,0.06098902019608141,-1.6332461227767097,-0.0,0.0,-3.0243895103712126,0.08459120862642779,0.7644045979905488,-0.07206000780722915,-0.06878888566724889,-3.9518405706339896,4.0,4.0,4.0,1.0,1.0,1.0,7.8,1.0,-0.06679131090641022,-3.5495142936706543,0.019999999552965164
1.500098705291748,1.775858567648669,-0.707216406701109,0.7069971386736806,0.0,0.0,-0.03224591466664414,-0.9247910283941989,-0.3768795361224292,0.041031329993725975,-1.5704862349754702,-0.0,0.0,3.1127296906103568,0.10036487530895152,0.7725109543516377,-0.07982527722873548,-0.02482881833125264,-3.5923970930088682,4.0,4.0,4.0,1.0,1.0,1.0,7.8,1.0,-0.07792319357395172,-3.5767483711242676,0.019999999552965164
1.5201199054718018,1.734886440310337,-0.7290975469355812,0.6844097946789759,0.0,0.0,0.07690788642532743,-0.8630871614309333,-0.4924785577548381,0.0814284896728249,-1.507587779573763,-0.0,0.0,-2.926530000923513,0.06485425211980422,1.0440476354096786,-0.06965709828681688,0.08429687173031672,-3.3759357134900063,4.0,4.0,4.0,1.0,1.0,1.0,7.8,1.0,-0.11131884157657623,-3.603982448577881,0.019999999552965164
1.5401060581207275,1.8798539744342226,-0.7502212309380077,0.6611868908635896,0.0,0.0,-0.027300581699583566,-0.923080100293705,-0.3832924697429432,-0.01626927530600682,-1.4447994292383737,-0.0,0.0,3.0786755150169767,-0.009107599701817563,0.7874228634370897,-0.07331615128909293,-0.007467849055121462,-2.452336333682703,4.0,4.0,4.0,1.0,1.0,1.0,7.8,1.0,-0.11131884157657623,-3.603982448577881,0.019999999552965164
1.560107946395874,1.8579000809270314,-0.7706213144591018,0.6372933309719522,0.0,0.0,0.03008490503832514,-0.9030241241658058,-0.4201289750510588,-0.0844628556583371,-1.3819616439752498,-0.0,0.0,3.1246866249425076,-0.1787738235215919,0.8724362060256577,-0.08833385485768563,0.06772577426852897,-1.1829013183127952,4.0,4.0,0.6784749312966936,1.0,1.0,0.0,7.8,1.0,-0.13358262181282043,-3.6402945518493652,0.019999999552965164
1.5801153182983398,2.248113202589721,-0.7902660223511887,0.6127639136871806,0.0,0.0,-0.06919436589945197,-0.794285479799862,-0.5950685173491227,0.10107510062717084,-1.3191066313888247,-0.0,0.0,-3.130899095617699,0.24537050312662556,1.2872800084395544,-0.09518403895171007,-0.08475715110366083,-1.4619734773657138,4.0,4.0,-3.042360717222281,1.0,1.0,0.0,7.8,1.0,-0.15584638714790344,-3.6675286293029785,0.019999999552965164
1.6000947952270508,2.280526859108635,-0.8091045089776444,0.5876647799145742,0.0,0.0,-0.09199278874277216,-0.8368493834042391,-0.5343702653094662,-0.07529180478885689,-1.2563392534470197,-0.0,0.0,2.9048621163704507,-0.02770292227926292,1.1398625332616985,-0.07765933966415127,-0.048476514506282035,-1.6505955713642129,4.0,4.0,1.5401493732118245,1.0,1.0,0.0,7.8,1.0,-0.18924203515052795,-3.694762945175171,0.019999999552965164
1.6201560497283936,2.3313912064110496,-0.8272183286185728,0.5618806250419166,0.0,0.0,-0.09199278874277216,-0.8368493834042391,-0.5343702653094662,-0.07529180478885689,-1.1933149636838059,-0.0,0.0,2.9048621163704507,-0.02770292227926292,1.1398625332616985,-0.07765933966415127,-0.048476514506282035,-1.6505955713642129,4.0,4.0,1.8429915302611803,1.0,1.0,0.0,7.8,1.0,-0.18924203515052795,-3.694762945175171,0.019999999552965164
1.640989065170288,2.384522897753988,-0.8451593773665956,0.5345143841369551,0.0,0.0,-0.09199278874277216,-0.8368493834042391,-0.5343702653094662,-0.07529180478885689,-1.1278661154194272,-0.0,0.0,2.9048621163704507,-0.02770292227926292,1.1398625332616985,-0.07765933966415127,-0.048476514506282035,-1.6505955713642129,4.0,4.0,2.16248191732019,1.0,1.0,0.0,7.8,1.0,-0.18924203515052795,-3.694762945175171,0.019999999552965164
1.6600956916809082,2.151516934088399,-0.8608185323849605,0.5089120300234636,0.0,0.0,0.016327552505351402,-0.9058734699592826,-0.4230287440932375,0.013166211452495045,-1.0678408779387791,-0.0,0.0,-3.1008585722401856,0.010039963920477062,0.873980532264666,-0.02210542247004965,0.019188322282659945,-1.4669105207080817,4.0,4.0,1.3352793681448736,1.0,1.0,0.0,7.8,1.0,-0.18924203515052795,-3.694762945175171,0.019999999552965164
1.6801056861877441,2.281726728481672,-0.8763866446063392,0.481608190498918,0.0,0.0,0.011407342115906813,-0.8446962333592561,-0.5306360307514854,0.0691632038214302,-1.0049776261977315,-0.0,0.0,-3.0482722826032873,0.10492994764569982,1.12669471975336,-0.08325876998715907,-0.09088128108155154,-0.9193421575908113,4.0,4.0,-2.6460787038575284,1.0,1.0,0.0,7.8,1.0,-0.21150580048561096,-3.7310750484466553,0.019999999552965164
1.7001433372497559,2.475697865742055,-0.8911087192100106,0.4537898748847253,0.0,0.0,-0.0835947345028503,-0.8843784212002521,-0.45259424079259997,0.07775076642784717,-0.9420274888261198,-0.0,0.0,3.062206503801273,0.21484008348606423,0.9374660067692431,-0.06497733834305225,-0.02206540747165049,-0.30023030995536043,4.0,4.0,-4.0,1.0,1.0,1.0,7.8,1.0,-0.24490146338939667,-3.7492311000823975,0.019999999552965164
1.7201075553894043,2.3302019464552264,-0.9048989739462587,0.4256264171207048,0.0,0.0,0.04018856051989837,-0.8417973241357927,-0.5319423612296955,0.08245889285294587,-0.8793080477839361,-0.0,0.0,-2.9848414238186973,0.09621975740297171,1.134672080128504,-0.061519223719259275,-0.05264181030641322,0.07737984974737064,4.0,4.0,-4.0,1.0,1.0,1.0,7.8,1.0,-0.26716524362564087,-3.785543203353882,0.019999999552965164
1.7401015758514404,2.2511129450005702,-0.917817980923207,0.3970014532644026,0.0,0.0,0.08540440527415448,-0.8873737394504095,-0.4486150932872123,-0.06339110480556596,-0.816494979984679,-0.0,0.0,-3.045007243060447,-0.19027670570468275,0.9269375044664822,0.06428325228506857,0.02940104227696652,1.094120172823718,4.0,4.0,-4.0,1.0,1.0,1.0,7.8,1.0,-0.2894290089607239,-3.8218555450439453,0.019999999552965164
1.7602932453155518,2.3492565626972906,-0.9299459559639223,0.36769623194472195,0.0,0.0,0.0841556067935989,-0.8366304439888229,-0.5386317694979219,-0.05332120519833998,-0.7530609795325136,-0.0,0.0,-3.0567350965464377,-0.18086248174624925,1.1363247016857756,-0.046098474104781455,-0.06662958181917629,1.9744107355397262,4.0,4.0,-4.0,1.0,1.0,1.0,7.8,1.0,-0.3228246569633484,-3.8581676483154297,0.019999999552965164
1.7801318168640137,2.3998626657011157,-0.9409508869931968,0.33854309661654036,0.0,0.0,0.0841556067935989,-0.8366304439888229,-0.5386317694979219,-0.05332120519833998,-0.6907362688981504,-0.0,0.0,-3.0567350965464377,-0.18086248174624925,1.1363247016857756,-0.046098474104781455,-0.06662958181917629,1.9744107355397262,4.0,4.0,-4.0,1.0,1.0,1.0,7.8,1.0,-0.3228246569633484,-3.8581676483154297,0.019999999552965164
1.8009402751922607,2.453216264066845,-0.9515118909508429,0.30761196559814,0.0,0.0,0.0841556067935989,-0.8366304439888229,-0.5386317694979219,-0.05332120519833998,-0.6253645690816001,-0.0,0.0,-3.0567350965464377,-0.18086248174624925,1.1363247016857756,-0.046098474104781455,-0.06662958181917629,1.9744107355397262,4.0,4.0,-4.0,1.0,1.0,1.0,7.8,1.0,-0.3228246569633484,-3.8581676483154297,0.019999999552965164
1.8201110363006592,2.5761724449800036,-0.9603423314193194,0.27882361177652465,0.0,0.0,0.024032392431118783,-0.9177123328256649,-0.39274986878904794,0.054534932473584506,-0.5651378468197302,-0.0,0.0,-3.054246621545385,0.08130687667491525,0.812315868380723,0.035337527179881756,0.04892977672514481,4.048115358355944,4.0,4.0,-4.0,1.0,1.0,1.0,7.8,1.0,-0.3562203049659729,-3.876323699951172,0.019999999552965164
1.8400979042053223,2.7445449229040637,-0.9686213950871466,0.2485409281776943,0.0,0.0,-0.03506927418564544,-0.930193894472531,-0.36534516384392957,-0.005689986816359908,-0.5023472494421716,-0.0,0.0,3.0721288866410283,0.015039764433026143,0.7479804541104063,0.008182191491252697,0.040935017857941125,7.262733485767946,4.0,4.0,-4.0,1.0,1.0,1.0,7.8,1.0,-0.3896159529685974,-3.9126358032226562,0.019999999552965164
1.8600986003875732,2.6809130074627325,-0.9759505365043791,0.21799208769314204,0.0,0.0,0.019278641073440926,-0.9610137082536344,-0.26304006769313903,0.08301150122090771,-0.43951320924932996,-0.0,0.0,-3.0598605347741192,0.14996979960266885,0.540478561446759,-0.0429748063512192,0.06853373512356953,7.966784335549036,4.0,4.0,-4.0,1.0,1.0,1.0,7.8,1.0,-0.3896159529685974,-3.9126358032226562,0.019999999552965164
1.8801016807556152,2.646687917898495,-0.9823171666974025,0.18722442151489624,0.0,0.0,0.06566791728397424,-0.963699087419513,-0.24309804377995065,-0.08874195544805083,-0.37667167891592274,-0.0,0.0,-3.056293696977375,-0.20438864433836484,0.4854472350756259,0.008126793867559587,-0.03096900746948404,7.132473989053356,4.0,4.0,-4.0,1.0,1.0,1.0,7.8,1.0,-0.4230116009712219,-3.9489481449127197,0.019999999552965164
1.9001071453094482,2.9871533268974733,-0.9877146550678539,0.1562682314617734,0.0,0.0,-0.07617533191319906,-0.975133810616142,-0.20633293684434645,-0.027167800322125006,-0.3138226584419502,-0.0,0.0,2.9810938509907636,-0.021551189627344383,0.4187709429175767,0.039271818147717685,-0.02942661466506684,6.60904518186681,4.0,4.0,-4.0,1.0,1.0,1.0,7.8,1.0,-0.4675391614437103,-3.967104196548462,0.019999999552965164
1.9201159477233887,3.000270174473679,-0.9921375118335845,0.125152537380047,0.0,0.0,-0.05073797098962823,-0.9663527324824421,-0.2310187198702492,-0.10108613056737516,-0.2509631517711857,-0.0,0.0,2.99410317043996,-0.17278533679419805,0.482113578819572,-0.04652670449128631,-0.06095193959517567,6.721840131844464,4.0,4.0,-4.0,1.0,1.0,1.0,7.8,1.0,-0.5009347796440125,-3.994338274002075,0.019999999552965164
1.9401023387908936,3.0610236465959804,-0.995577079970566,0.09394827213568745,0.0,0.0,-0.05073797098962823,-0.9663527324824421,-0.2310187198702492,-0.10108613056737516,-0.18817405242173926,-0.0,0.0,2.99410317043996,-0.17278533679419805,0.482113578819572,-0.04652670449128631,-0.06095193959517567,6.721840131844464,4.0,4.0,-4.0,1.0,1.0,1.0,7.8,1.0,-0.5009347796440125,-3.994338274002075,0.019999999552965164
1.9601047039031982,3.1218307443246385,-0.9980370419929407,0.06262637471529875,0.0,0.0,-0.05073797098962823,-0.9663527324824421,-0.2310187198702492,-0.10108613056737516,-0.12533476913050226,-0.0,0.0,2.99410317043996,-0.17278533679419805,0.482113578819572,-0.04652670449128631,-0.06095193959517567,6.721840131844464,4.0,4.0,-4.0,1.0,1.0,1.0,7.8,1.0,-0.5009347796440125,-3.994338274002075,0.019999999552965164
1.9801287651062012,2.943336963012699,-0.9995128931785733,0.031208594486103372,0.0,0.0,0.06807258730456522,-0.9909498663158857,-0.10640615287559928,-0.04541162776652355,-0.06242732556011556,-0.0,0.0,-3.015319092258467,-0.104679046122041,0.20731223922875766,0.04343644328965296,0.032292830352368074,6.258852902220542,4.0,2.0262597743627495,-4.0,1.0,0.0,1.0,7.8,1.0,-0.5454623699188232,-4.030650615692139,0.019999999552965164
2.000089406967163,3.0734546038474106,-1.0,1.2246467991473532e-16,0.0,0.0,0.03406243460957566,-0.9977077683083,-0.05415939892382942,-0.022039036139305673,-2.4492935982947064e-16,-0.0,0.0,-3.0758892903311734,-0.04768470620083537,0.10689382494896023,-0.05320520622785899,0.019861016426313258,4.925630135249666,4.0,1.0037439127713352,-4.0,1.0,0.0,1.0,7.8,1.0,-0.5899899005889893,-4.03972864151001,0.019999999552965164
2.020106554031372,3.0026795196359424,-1.0,1.2246467991473532e-16,0.0,0.0,-0.06940073488073512,-0.9898139789526015,-0.11366819440485754,-0.05031268874520863,-2.4492935982947064e-16,-0.0,0.0,2.991680614396133,-0.08392156568814622,0.23498006465795448,0.036512155240510685,0.09085671030137094,3.5640417579871704,4.0,1.909937046891667,-4.0,1.0,0.0,1.0,7.8,1.0,-0.6233855485916138,-4.076040744781494,0.019999999552965164
2.040112018585205,3.0403225007600123,-1.0,1.2246467991473532e-16,0.0,0.0,0.05061344188393393,-0.993418718080061,-0.006391137255343598,-0.10255088216789332,-2.4492935982947064e-16,-0.0,0.0,-3.0400276944534617,-0.20584958995062075,0.0023672242837412707,0.03234763292481663,-0.04350104463334068,3.7847943706750367,4.0,0.3018269236402349,-4.0,1.0,0.0,1.0,7.8,1.0,-0.6679130792617798,-4.094196796417236,0.019999999552965164
2.0600838661193848,2.9819131307320776,-1.0,1.2246467991473532e-16,0.0,0.0,-0.07975496686276555,-0.988878104912861,0.10166666045965365,-0.07364189728442236,-2.4492935982947064e-16,-0.0,0.0,2.996413456114596,-0.16257781315489508,-0.19305210385381769,0.0008959967885855818,0.014145175638869328,3.367958797477096,4.0,-2.08991391174855,-4.0,1.0,0.0,1.0,7.8,1.0,-0.6901768445968628,-4.12143087387085,0.019999999552965164
2.080113649368286,3.098615509494054,-1.0,1.2246467991473532e-16,0.0,0.0,0.021486918330099213,-0.9966119480385042,0.020460525584933772,-0.07670921887466985,-2.4492935982947064e-16,-0.0,0.0,-3.095068074165026,-0.1526110803182592,-0.04461202526308943,0.07752527384814081,0.07490424710999086,3.733408147330436,4.0,-0.7088275001386386,-4.0,1.0,0.0,1.0,7.8,1.0,-0.7458362579345703,-4.139586925506592,0.019999999552965164
2.101266860961914,2.9867515797003983,-1.0,1.2246467991473532e-16,0.0,0.0,-0.07734321778437697,-0.9917025557875038,0.08419948706836546,0.058775112800535476,-2.4492935982947064e-16,-0.0,0.0,2.976662719747095,0.10373629537923805,-0.17798337064417372,0.08713687641419776,0.015550862397434334,4.1628930743648915,4.0,-1.7461931909570465,-4.0,1.0,0.0,1.0,7.8,1.0,-0.7681000232696533,-4.166821002960205,0.019999999552965164
2.1201045513153076,2.933806459414534,-1.0,1.2246467991473532e-16,0.0,0.0,-0.10370629813298679,-0.9664691290432974,0.23369322231764675,0.02387266588877627,-2.4492935982947064e-16,-0.0,0.0,2.928364334023499,-0.0023265308505494454,-0.47424544591838597,0.01338244488509463,0.008066367745791767,3.875681003404179,4.0,-4.0,-4.0,1.0,1.0,1.0,7.8,1.0,-0.7681000232696533,-4.166821002960205,0.019999999552965164
2.1400959491729736,2.976124471786855,-1.0,1.2246467991473532e-16,0.0,0.0,-0.0826397383584084,-0.9671654752370882,0.23955892754301272,0.019316764426597917,-2.4492935982947064e-16,-0.0,0.0,2.971668058609735,-0.0022291607399387865,-0.4854202150224212,0.05537258926678834,-0.0879568968396085,3.1635107150768516,4.0,-4.0,-4.0,1.0,1.0,1.0,7.8,1.0,-0.8237594366073608,-4.175898551940918,0.019999999552965164
2.1601123809814453,2.985831524380339,-1.0,1.2246467991473532e-16,0.0,0.0,-0.07780185924385348,-0.9703337076878525,0.2245510854903454,0.04445420596583108,-2.4492935982947064e-16,-0.0,0.0,2.9695677980321404,0.05135241211199564,-0.4592551587436441,-0.09513790695389235,-0.0970945836717922,4.059255866637858,4.0,-4.0,-4.0,1.0,1.0,1.0,7.8,1.0,-0.8682869672775269,-4.2031331062316895,0.019999999552965164
2.1800954341888428,3.0557333256717834,-1.0,1.2246467991473532e-16,0.0,0.0,0.04291647892673262,-0.968731680962014,0.227392704015063,0.08949672786063241,-2.4492935982947064e-16,-0.0,0.0,-3.098319237577331,0.19413149748447908,-0.45690242425485506,-0.08415258715133299,0.07206052531142912,5.206847222096006,4.0,-4.0,-4.0,1.0,1.0,1.0,7.8,1.0,-0.8905507326126099,-4.2122111320495605,0.019999999552965164
2.2001125812530518,3.066809635529596,-1.0,1.2246467991473532e-16,0.0,0.0,-0.037382796638904724,-0.9662416132547904,0.24710921362570626,0.0625836070510433,-2.4492935982947064e-16,-0.0,0.0,3.0376882726676873,0.10264666229189469,-0.5060945741663465,-0.015377392538043197,-0.004528593544758208,6.337030082166097,4.0,-4.0,-4.0,1.0,1.0,1.0,7.8,1.0,-0.9462102055549622,-4.221289157867432,0.019999999552965164
2.2201266288757324,3.0103758755435126,-1.0,1.2246467991473532e-16,0.0,0.0,-0.06556133103011128,-0.9231533805473074,0.37792745859829674,0.025697935618859455,-2.4492935982947064e-16,-0.0,0.0,3.000655990549166,-0.0021085837202931023,-0.7769966977016354,-0.08281345334264643,-0.08516919097221859,7.361086004191444,4.0,-4.0,-4.0,1.0,1.0,1.0,7.8,1.0,-0.9907377362251282,-4.230367183685303,0.019999999552965164
2.2400999069213867,3.087153771902183,-1.0,1.2246467991473532e-16,0.0,0.0,0.027216079830284307,-0.8904997228870042,0.44698956194419626,0.08043544025972524,-2.4492935982947064e-16,-0.0,0.0,3.117818436286746,0.1683806099092094,-0.9324249659920393,0.0017781520579217558,-0.058428007973137214,9.419063840940886,4.0,-4.0,-4.0,1.0,1.0,1.0,7.8,1.0,-1.024133324623108,-4.248523235321045,0.019999999552965164
2.260108709335327,3.029056891605598,-1.0,1.2246467991473532e-16,0.0,0.0,-0.05623819430878077,-0.8340434420852528,0.5444133551929771,0.06944710867269192,-2.4492935982947064e-16,-0.0,0.0,2.9710884480893354,0.05463734321304356,-1.1612681400136042,-0.055461781791941146,-0.085127803874124,10.035166612387712,4.0,-4.0,-4.0,1.0,1.0,1.0,7.8,1.0,-1.079792857170105,-4.248523235321045,0.019999999552965164
2.2801222801208496,3.004545786856933,-1.0,1.2246467991473532e-16,0.0,0.0,0.06846982110410901,-0.8191687660845602,0.5660806914683308,-0.06186329296284512,-2.4492935982947064e-16,-0.0,0.0,-2.9583003736719693,-0.02383632449202574,-1.2115689493879596,-0.07536786363158395,-0.08969297415007203,9.299399303348634,4.0,-4.0,-4.0,1.0,1.0,1.0,7.8,1.0,-1.102056622505188,-4.257601261138916,0.019999999552965164
2.300142526626587,3.004545786856933,-1.0,1.2246467991473532e-16,0.0,0.0,0.06846982110410901,-0.8191687660845602,0.5660806914683308,-0.06186329296284512,-2.4492935982947064e-16,-0.0,0.0,-2.9583003736719693,-0.02383632449202574,-1.2115689493879596,-0.07536786363158395,-0.08969297415007203,9.299399303348634,4.0,-4.0,-4.0,1.0,1.0,1.0,7.8,1.0,-1.102056622505188,-4.257601261138916,0.019999999552965164
2.3200981616973877,3.004545786856933,-1.0,1.2246467991473532e-16,0.0,0.0,0.06846982110410901,-0.8191687660845602,0.5660806914683308,-0.06186329296284512,-2.4492935982947064e-16,-0.0,0.0,-2.9583003736719693,-0.02383632449202574,-1.2115689493879596,-0.07536786363158395,-0.08969297415007203,9.299399303348634,4.0,-4.0,-4.0,1.0,1.0,1.0,7.8,1.0,-1.102056622505188,-4.257601261138916,0.019999999552965164
2.340104818344116,3.008757527578384,-1.0,1.2246467991473532e-16,0.0,0.0,0.06636874255680983,-0.7638657912809326,0.6378347913867322,-0.07260180313757066,-2.4492935982947064e-16,-0.0,0.0,-2.9462767717013887,-0.02625449757186645,-1.3940250183431986,0.08468181400824781,0.027242672709326232,8.160105701021816,4.0,-4.0,-4.0,1.0,1.0,1.0,7.8,1.0,-1.146584153175354,-4.266679286956787,0.019999999552965164
2.3600993156433105,2.967764038102334,-1.0,1.2246467991473532e-16,0.0,0.0,0.08680492255024355,0.642311769476186,-0.7611535762188955,-0.023360856632479856,-2.4492935982947064e-16,-0.0,0.0,2.993201470295177,-0.10231225205731383,-1.7321364183818329,-0.03997063063908826,0.000870712614605626,8.89396922491641,-4.0,4.0,-4.0,1.0,1.0,1.0,7.8,1.0,-1.168847918510437,-4.275757312774658,0.019999999552965164
2.3800902366638184,3.0985393564641046,-1.0,1.2246467991473532e-16,0.0,0.0,-0.02152498603874551,0.6076371968359707,-0.7912300668221962,0.06533523822485379,-2.4492935982947064e-16,-0.0,0.0,-3.011543859275134,-0.045353356226464914,-1.8347462468941942,0.09258445593398995,-0.08443664394712612,8.643835338681095,-4.0,4.0,-4.0,1.0,1.0,1.0,7.8,1.0,-1.2022435665130615,-4.2939133644104,0.019999999552965164
2.4000911712646484,3.00360399869008,-1.0,1.2246467991473532e-16,0.0,0.0,-0.06893960247901347,0.5345417965052668,-0.8421147109123261,0.01884708635325128,-2.4492935982947064e-16,-0.0,0.0,-3.0354596247031194,0.09610888602493567,-2.005308023096431,-0.008000334874163184,0.05408154428049794,8.212714096254759,-4.0,4.0,-4.0,1.0,1.0,1.0,7.8,1.0,-1.235639214515686,-4.2939133644104,0.019999999552965164
2.420092821121216,3.0165017327769443,-1.0,1.2246467991473532e-16,0.0,0.0,-0.06250468942329102,0.442908042753135,-0.8936412108714966,0.03648308781901971,-2.4492935982947064e-16,-0.0,0.0,-3.020340683852098,0.07947987996400123,-2.2164878669252874,-0.02338110151131527,-0.08933188719771477,9.380274889022166,-4.0,4.0,-4.0,1.0,1.0,1.0,7.8,1.0,-1.257902979850769,-4.2939133644104,0.019999999552965164
2.440120220184326,3.0165017327769443,-1.0,1.2246467991473532e-16,0.0,0.0,-0.06250468942329102,0.442908042753135,-0.8936412108714966,0.03648308781901971,-2.4492935982947064e-16,-0.0,0.0,-3.020340683852098,0.07947987996400123,-2.2164878669252874,-0.02338110151131527,-0.08933188719771477,9.380274889022166,-4.0,4.0,-4.0,1.0,1.0,1.0,7.8,1.0,-1.257902979850769,-4.2939133644104,0.019999999552965164
2.460090160369873,3.0165017327769443,-1.0,1.2246467991473532e-16,0.0,0.0,-0.06250468942329102,0.442908042753135,-0.8936412108714966,0.03648308781901971,-2.4492935982947064e-16,-0.0,0.0,-3.020340683852098,0.07947987996400123,-2.2164878669252874,-0.02338110151131527,-0.08933188719771477,9.380274889022166,-4.0,4.0,-4.0,1.0,1.0,1.0,7.8,1.0,-1.257902979850769,-4.2939133644104,0.019999999552965164
2.480109691619873,2.9921188437056188,-1.0,1.2246467991473532e-16,0.0,0.0,-0.07466734923263767,0.49629931665961485,-0.8616278992051657,-0.07555884166041411,-2.4492935982947064e-16,-0.0,0.0,3.0842678600488926,0.2051055978293597,-2.1023199336692504,0.002196780441202681,0.0632492601545451,9.4908307874082,-4.0,4.0,-4.0,1.0,1.0,1.0,7.8,1.0,-1.257902979850769,-4.2939133644104,0.019999999552965164
2.500103235244751,2.93741553502143,-1.0,1.2246467991473532e-16,0.0,0.0,-0.10191132258260448,0.3619293854482109,-0.924053180148506,-0.06889791387246265,-2.4492935982947064e-16,-0.0,0.0,3.0864157865906576,0.2405278589227754,-2.4016424480672582,0.0475246523510825,-0.049936377007036375,9.496554075904765,-4.0,4.0,-4.0,1.0,1.0,1.0,7.8,1.0,-1.2912986278533936,-4.2939133644104,0.019999999552965164
2.5200979709625244,3.074533327318301,-1.0,1.2246467991473532e-16,0.0,0.0,0.03352338093358811,0.2319006262212431,-0.9702726931965315,-0.06057378414897089,-2.4492935982947064e-16,-0.0,0.0,3.0080103689765565,-0.03696786486742277,-2.6699104785458796,-0.043287378166389216,-0.08239012898755041,9.282402449183401,-4.0,4.0,-4.0,1.0,1.0,1.0,7.8,1.0,-1.302430510520935,-4.2939133644104,0.019999999552965164
2.540104627609253,3.118361665220442,-1.0,1.2246467991473532e-16,0.0,0.0,0.011615232993262585,0.12453904900212388,-0.9921033570448619,-0.009275805974362228,-2.4492935982947064e-16,-0.0,0.0,3.12028824471754,-0.020738109619770052,-2.8916174931497287,-0.014287086534252327,0.07540965377975689,9.281107929584298,-2.4336326339054684,4.0,-4.0,0.0,1.0,1.0,7.8,1.0,-1.346958041191101,-4.2939133644104,0.019999999552965164
2.56010365486145,3.135790705371084,-1.0,1.2246467991473532e-16,0.0,0.0,-0.0029009700404255562,0.15578634854492135,-0.9876367156186658,0.01720220746995575,-2.4492935982947064e-16,-0.0,0.0,-3.1067026465189373,0.00037047087682937606,-2.8286912395539634,0.1017356217570316,-0.0005765873001909866,8.003304997576773,-3.522669457926553,4.0,-4.0,0.0,1.0,1.0,7.8,1.0,-1.369221806526184,-4.2939133644104,0.019999999552965164
2.580122470855713,3.0393659395866615,-1.0,1.2246467991473532e-16,0.0,0.0,0.051091103659997784,0.033436369414253465,-0.9959711336534554,-0.06567502764558156,-2.4492935982947064e-16,-0.0,0.0,3.006301824369587,-0.0975332208785479,-3.0678616351311416,-0.0037558832676224396,-0.02445799149741333,7.542830330151288,-0.6537038552145797,4.0,-4.0,0.0,1.0,1.0,7.8,1.0,-1.4026174545288086,-4.2939133644104,0.019999999552965164
2.6001079082489014,3.0393659395866615,-1.0,1.2246467991473532e-16,0.0,0.0,0.051091103659997784,0.033436369414253465,-0.9959711336534554,-0.06567502764558156,-2.4492935982947064e-16,-0.0,0.0,3.006301824369587,-0.0975332208785479,-3.0678616351311416,-0.0037558832676224396,-0.02445799149741333,7.542830330151288,-0.6537038552145797,4.0,-4.0,0.0,1.0,1.0,7.8,1.0,-1.4026174545288086,-4.2939133644104,0.019999999552965164
2.620134115219116,3.0393659395866615,-1.0,1.2246467991473532e-16,0.0,0.0,0.051091103659997784,0.033436369414253465,-0.9959711336534554,-0.06567502764558156,-2.4492935982947064e-16,-0.0,0.0,3.006301824369587,-0.0975332208785479,-3.0678616351311416,-0.0037558832676224396,-0.02445799149741333,7.542830330151288,-0.6537038552145797,4.0,-4.0,0.0,1.0,1.0,7.8,1.0,-1.4026174545288086,-4.2939133644104,0.019999999552965164
2.640092611312866,2.9902282140428578,-1.0,1.2246467991473532e-16,0.0,0.0,-0.07560999171253328,-0.06583871352169722,-0.9909817061609156,-0.08890248033344751,-2.4492935982947064e-16,-0.0,0.0,2.9525080686890095,0.13859304466632322,2.9957489322354722,-0.052664665831025005,-0.03566602522464468,7.532883427837921,1.5274329337580448,4.0,-4.0,0.0,1.0,1.0,7.8,1.0,-1.4248812198638916,-4.275757312774658,0.019999999552965164
2.6600706577301025,3.0392384522458986,-1.0,1.2246467991473532e-16,0.0,0.0,-0.051154763977096875,-0.15285457408745087,-0.9867992891635124,-0.0156790372592824,-2.4492935982947064e-16,-0.0,0.0,3.0947760483960987,0.09631458564815577,2.8319799057634616,-0.0628731581244879,-0.016848637551668405,7.112617867787221,3.308584114246969,4.0,-4.0,0.0,1.0,1.0,7.8,1.0,-1.436013102531433,-4.266679286956787,0.019999999552965164
2.6801040172576904,3.069417339200802,-1.0,1.2246467991473532e-16,0.0,0.0,-0.03607982476424671,-0.15669499619039415,-0.9822943987422168,0.09613864266537364,-2.4492935982947064e-16,-0.0,0.0,-2.9621525384966017,0.10118347402197958,2.834329776242624,0.07042564140760946,-0.09080019208147883,7.080919848893473,2.8521973581774454,4.0,-4.0,0.0,1.0,1.0,7.8,1.0,-1.4694087505340576,-4.257601261138916,0.019999999552965164
2.7001023292541504,3.0956097477499696,-1.0,1.2246467991473532e-16,0.0,0.0,-0.022989427399977228,-0.27092524404896534,-0.962201064883589,0.015495454227517911,-2.4492935982947064e-16,-0.0,0.0,-3.124205021651204,0.052661459496158705,2.593125954111323,-0.013289819435338315,-0.09734837724385129,7.909708439965227,4.0,4.0,-4.0,1.0,1.0,1.0,7.8,1.0,-1.4694087505340576,-4.257601261138916,0.019999999552965164
2.7200849056243896,2.9743382590235505,-1.0,1.2246467991473532e-16,0.0,0.0,0.08352975678129229,-0.24609412392630223,-0.9656329057642858,0.0036814679444281146,-2.4492935982947064e-16,-0.0,0.0,-3.0927255489931866,-0.1601904166733325,2.638588183541832,-0.017419625957450918,-0.006217900748120647,6.605956166388508,4.0,4.0,-4.0,1.0,1.0,1.0,7.8,1.0,-1.4805406332015991,-4.248523235321045,0.019999999552965164
2.7401123046875,3.101541879152762,-1.0,1.2246467991473532e-16,0.0,0.0,-0.020024048828126896,-0.2928646462139151,-0.9540933204902597,-0.05945815555832249,-2.4492935982947064e-16,-0.0,0.0,3.0160766981516542,0.0033832455422319082,2.545727761896673,-0.07323570178742532,-0.08249763380605304,4.294671241240487,4.0,4.0,-4.0,1.0,1.0,1.0,7.8,1.0,-1.5028043985366821,-4.248523235321045,0.019999999552965164
2.760119915008545,3.0138266689546986,-1.0,1.2246467991473532e-16,0.0,0.0,-0.06383954971026701,-0.3867340205312343,-0.9166507829969764,0.07818344637816255,-2.4492935982947064e-16,-0.0,0.0,-3.045974849150445,0.17845522529651942,2.351671353265959,-0.06375538969910528,0.08266412559159372,3.2631018754241814,4.0,4.0,-4.0,1.0,1.0,1.0,7.8,1.0,-1.5028043985366821,-4.230367183685303,0.019999999552965164
2.7801151275634766,3.0291455514366534,-1.0,1.2246467991473532e-16,0.0,0.0,0.05619393449540218,-0.43847434748378766,-0.8954866351592223,-0.05182831828071195,-2.4492935982947064e-16,-0.0,0.0,3.0975622397112876,-0.14661734323479492,2.2341612525796934,0.05932395398747642,0.050123926212073316,3.859026123681309,4.0,4.0,-4.0,1.0,1.0,1.0,7.8,1.0,-1.5139362812042236,-4.221289157867432,0.019999999552965164
2.8001370429992676,3.0289655171664314,-1.0,1.2246467991473532e-16,0.0,0.0,0.0562838091641656,-0.5323038346113199,-0.843542457599104,0.043827875966332065,-2.4492935982947064e-16,-0.0,0.0,-3.007170284195481,-0.04831486744935556,2.0124868387962445,-0.0416328610789533,-0.07086600696550999,5.4407160421129745,4.0,4.0,-4.0,1.0,1.0,1.0,7.8,1.0,-1.5362000465393066,-4.2122111320495605,0.019999999552965164
2.8201005458831787,2.964203787048284,-1.0,1.2246467991473532e-16,0.0,0.0,-0.08857819021609503,-0.3808642818370564,-0.916046621869664,-0.089190187800908,-2.4492935982947064e-16,-0.0,0.0,2.9075501488309707,0.09448531331948092,2.3424240390341833,0.020751879243777,0.07082357450651008,6.012721759235455,4.0,4.0,-4.0,1.0,1.0,1.0,7.8,1.0,-1.5362000465393066,-4.2122111320495605,0.019999999552965164
2.840115547180176,3.0066848157194603,-1.0,1.2246467991473532e-16,0.0,0.0,0.06740277766554673,-0.5066639353892493,-0.8589184183883505,0.03174386069938765,-2.4492935982947064e-16,-0.0,0.0,-3.0180147661282946,-0.08371779305343555,2.0705111513441663,0.030305441463707783,0.0049940474585870726,5.080726208353348,4.0,4.0,-4.0,1.0,1.0,1.0,7.8,1.0,-1.5473319292068481,-4.2031331062316895,0.019999999552965164
2.8601880073547363,2.986600350844311,-1.0,1.2246467991473532e-16,0.0,0.0,0.077418605490257,-0.5384104059233993,-0.8382477410303151,-0.03822720202837422,-2.4492935982947064e-16,-0.0,0.0,-3.1220251298042556,-0.17179965739699074,1.99801473783993,-0.011792883722507905,0.0643689266639775,4.00383334574249,4.0,4.0,-4.0,1.0,1.0,1.0,7.8,1.0,-1.5473319292068481,-4.184976577758789,0.019999999552965164
2.8800907135009766,2.986600350844311,-1.0,1.2246467991473532e-16,0.0,0.0,0.077418605490257,-0.5384104059233993,-0.8382477410303151,-0.03822720202837422,-2.4492935982947064e-16,-0.0,0.0,-3.1220251298042556,-0.17179965739699074,1.99801473783993,-0.011792883722507905,0.0643689266639775,4.00383334574249,4.0,4.0,-4.0,1.0,1.0,1.0,7.8,1.0,-1.5473319292068481,-4.184976577758789,0.019999999552965164
2.9001009464263916,3.05814683157137,-1.0,1.2246467991473532e-16,0.0,0.0,-0.04171080684649814,-0.583327826337642,-0.808987479085347,0.05939793174472535,-2.4492935982947064e-16,-0.0,0.0,-3.0936819637715858,0.13721414021246184,1.8954449634262704,0.07462411679410502,-0.001504641911331192,1.8333642390335716,4.0,4.0,-4.0,1.0,1.0,1.0,7.8,1.0,-1.5584638118743896,-4.175898551940918,0.019999999552965164
2.9201271533966064,3.076398703519881,-1.0,1.2246467991473532e-16,0.0,0.0,0.032591202619565676,-0.4794865349368233,-0.8736522638317785,-0.07590914455912094,-2.4492935982947064e-16,-0.0,0.0,3.039167146718696,-0.13010835373030505,2.144382166990999,0.09165480063220863,-0.02755154799395175,1.5847922071045881,4.0,4.0,-4.0,1.0,1.0,1.0,7.8,1.0,-1.5584638118743896,-4.175898551940918,0.019999999552965164
2.9401447772979736,3.0953463732108975,-1.0,1.2246467991473532e-16,0.0,0.0,-0.02312107966592977,-0.5909390542568899,-0.8058089315528238,-0.030469913993158165,-2.4492935982947064e-16,-0.0,0.0,3.0650858239032868,0.0012506210130960734,1.876026937632826,-0.051545190161636056,-0.049509120393535416,0.6716091872263092,4.0,4.0,-2.077038469042076,1.0,1.0,0.0,7.8,1.0,-1.5584638118743896,-4.175898551940918,0.019999999552965164
2.9600830078125,3.0104452413127016,-1.0,1.2246467991473532e-16,0.0,0.0,-0.065526722724877,-0.5853024713058876,-0.8080728689178754,0.012062512631774935,-2.4492935982947064e-16,-0.0,0.0,3.083933010771853,0.12031120706971281,1.8843957064257337,-0.08960888670849772,-0.0563931419499915,1.7715352021648674,4.0,4.0,-4.0,1.0,1.0,1.0,7.8,1.0,-1.5584638118743896,-4.166820526123047,0.019999999552965164
2.980811595916748,3.0581163051497753,-1.0,1.2246467991473532e-16,0.0,0.0,0.04172605676925449,-0.593268292058064,-0.8016232417295132,0.060760580511241016,-2.4492935982947064e-16,-0.0,0.0,-2.994133169323289,0.00519752126594048,1.867727744878894,0.04745557907291295,0.04046319470981183,2.643887810964409,4.0,4.0,-4.0,1.0,1.0,1.0,7.8,1.0,-1.5584638118743896,-4.166820526123047,0.019999999552965164
3.0001296997070312,3.0581163051497753,-1.0,1.2246467991473532e-16,0.0,0.0,0.04172605676925449,-0.593268292058064,-0.8016232417295132,0.060760580511241016,-2.4492935982947064e-16,-0.0,0.0,-2.994133169323289,0.00519752126594048,1.867727744878894,0.04745557907291295,0.04046319470981183,2.643887810964409,4.0,4.0,-4.0,1.0,1.0,1.0,7.8,1.0,-1.5584638118743896,-4.166820526123047,0.019999999552965164
3.0201616287231445,3.0581163051497753,-1.0,1.2246467991473532e-16,0.0,0.0,0.04172605676925449,-0.593268292058064,-0.8016232417295132,0.060760580511241016,-2.4492935982947064e-16,-0.0,0.0,-2.994133169323289,0.00519752126594048,1.867727744878894,0.04745557907291295,0.04046319470981183,2.643887810964409,4.0,4.0,-4.0,1.0,1.0,1.0,7.8,1.0,-1.5584638118743896,-4.166820526123047,0.019999999552965164
3.0401008129119873,3.1371433634112487,-1.0,1.2246467991473532e-16,0.0,0.0,-0.0022246432542943817,-0.682736811441547,-0.7297324260361375,-0.03682504115997698,-2.4492935982947064e-16,-0.0,0.0,3.084716529831615,-0.0470541955667255,1.6386544380491697,-0.00670659184357128,0.05670998279650849,2.6440887409354925,4.0,4.0,-4.0,1.0,1.0,1.0,7.8,1.0,-1.5473319292068481,-4.166820526123047,0.019999999552965164
3.060105085372925,3.1223087021494447,-1.0,1.2246467991473532e-16,0.0,0.0,-0.00964182632215791,-0.5619726526751806,-0.8220708882721652,-0.09106715920576058,-2.4492935982947064e-16,-0.0,0.0,2.9797183220357204,-0.08661021796575641,1.9493455809687268,0.08317153282652942,0.01927802591276144,1.589756372904247,4.0,4.0,-4.0,1.0,1.0,1.0,7.8,1.0,-1.5473319292068481,-4.166820526123047,0.019999999552965164
3.0801050662994385,3.0668159826883477,-1.0,1.2246467991473532e-16,0.0,0.0,0.037379625277612155,-0.5248616702485159,-0.8503361493148951,-0.0071710449977470305,-2.4492935982947064e-16,-0.0,0.0,-3.114478053965073,-0.07115814267150163,2.034627920696775,0.04676392233128521,0.10089606854504865,1.3401090993393192,4.0,4.0,-4.0,1.0,1.0,1.0,7.8,1.0,-1.5473319292068481,-4.166820526123047,0.019999999552965164
3.100114107131958,3.002068077863671,-1.0,1.2246467991473532e-16,0.0,0.0,0.06970571538365797,-0.6931546406965001,-0.7119960608810492,0.08797367000203896,-2.4492935982947064e-16,-0.0,0.0,-2.917763700046703,0.02270027522842626,1.600163627617438,0.06186327862980834,-0.03727075577916841,1.1135293423127062,4.0,4.0,-4.0,1.0,1.0,1.0,7.8,1.0,-1.5362000465393066,-4.157742500305176,0.019999999552965164
3.1200973987579346,2.998377026149696,-1.0,1.2246467991473532e-16,0.0,0.0,0.07154663242778514,-0.7003800668819868,-0.7101627985069792,0.004200109446518482,-2.4492935982947064e-16,-0.0,0.0,-3.0347141106698174,-0.09588301762908823,1.579534255624223,-0.0532388575253175,-0.022842105763700757,1.1156818906958126,4.0,4.0,-4.0,1.0,1.0,1.0,7.8,1.0,-1.5362000465393066,-4.157742500305176,0.019999999552965164
3.140110969543457,3.0478638665624556,-1.0,1.2246467991473532e-16,0.0,0.0,0.0468472409096678,-0.6742023432721325,-0.7340333604245549,0.06672002794777998,-2.4492935982947064e-16,-0.0,0.0,-2.9797321407068043,0.021192309286148632,1.657437186495862,0.014476333122251342,-0.04691124909946878,1.2376982290310687,4.0,4.0,-4.0,1.0,1.0,1.0,7.8,1.0,-1.5139362812042236,-4.157742500305176,0.019999999552965164
3.160107135772705,3.0478638665624556,-1.0,1.2246467991473532e-16,0.0,0.0,0.0468472409096678,-0.6742023432721325,-0.7340333604245549,0.06672002794777998,-2.4492935982947064e-16,-0.0,0.0,-2.9797321407068043,0.021192309286148632,1.657437186495862,0.014476333122251342,-0.04691124909946878,1.2376982290310687,4.0,4.0,-4.0,1.0,1.0,1.0,7.8,1.0,-1.5139362812042236,-4.157742500305176,0.019999999552965164
3.1801133155822754,3.01748065781483,-1.0,1.2246467991473532e-16,0.0,0.0,-0.06201617649724691,-0.6751782470575532,-0.7350085286624829,-0.007126804779411593,-2.4492935982947064e-16,-0.0,0.0,3.046915999571205,0.08163174209764562,1.6517305312502548,0.04614737996560889,0.021810565986164265,1.4432333447276122,4.0,4.0,-4.0,1.0,1.0,1.0,7.8,1.0,-1.5139362812042236,-4.157742500305176,0.019999999552965164
3.200103282928467,3.1195668037087985,-1.0,1.2246467991473532e-16,0.0,0.0,0.011012702325635813,-0.6084842379621976,-0.7933342201208591,0.01569929056609565,-2.4492935982947064e-16,-0.0,0.0,-3.1032715436762772,0.0016320352159508741,1.8330436073847827,0.030664339356817283,0.06192314408841704,0.3675126445653979,4.0,4.0,-1.7840363895835065,1.0,1.0,0.0,7.8,1.0,-1.5139362812042236,-4.157742500305176,0.019999999552965164
3.2234702110290527,2.9244657007156696,-1.0,1.2246467991473532e-16,0.0,0.0,0.10835034670378767,-0.65607096445956,-0.7468003915708015,-0.010966636310613863,-2.4492935982947064e-16,-0.0,0.0,-3.0134511265122073,-0.17714700350436477,1.6885694210144921,-0.06530323028069565,0.051462117720916745,-0.18571375878806906,4.0,4.0,0.9621877613645516,1.0,1.0,0.0,7.8,1.0,-1.5139362812042236,-4.166820526123047,0.019999999552965164
3.240097761154175,3.1302004042983564,-1.0,1.2246467991473532e-16,0.0,0.0,0.005696093843180646,-0.5520328263746186,-0.8297665976837734,-0.08194331265011666,-2.4492935982947064e-16,-0.0,0.0,3.010869480446858,-0.10009069062539815,1.9740560146673543,-0.06230179305525459,-0.023555439127637662,-1.0654003411853177,4.0,4.0,4.0,1.0,1.0,1.0,7.8,1.0,-1.5362000465393066,-4.166820526123047,0.019999999552965164
3.260115146636963,3.003927749258847,-1.0,1.2246467991473532e-16,0.0,0.0,-0.06877811142004966,-0.6176490199671123,-0.7808046466375654,-0.0642134200330707,-2.4492935982947064e-16,-0.0,0.0,2.9552045012177985,0.028085518209812307,1.8004582096575914,-0.08531925173274224,-0.010917436614174908,-2.3031200024043583,4.0,4.0,4.0,1.0,1.0,1.0,7.8,1.0,-1.5362000465393066,-4.184976577758789,0.019999999552965164
3.2801315784454346,3.1209613398478724,-1.0,1.2246467991473532e-16,0.0,0.0,0.010315473918985334,-0.5665349424010842,-0.8238373442394369,-0.014959287180162907,-2.4492935982947064e-16,-0.0,0.0,3.1286249304451252,-0.03395298623218471,1.936996205713703,-0.08811982245846683,-0.05023821259688513,-2.8827543800127113,4.0,4.0,4.0,1.0,1.0,1.0,7.8,1.0,-1.5473319292068481,-4.2122111320495605,0.019999999552965164
3.3001115322113037,3.1209613398478724,-1.0,1.2246467991473532e-16,0.0,0.0,0.010315473918985334,-0.5665349424010842,-0.8238373442394369,-0.014959287180162907,-2.4492935982947064e-16,-0.0,0.0,3.1286249304451252,-0.03395298623218471,1.936996205713703,-0.08811982245846683,-0.05023821259688513,-2.8827543800127113,4.0,4.0,4.0,1.0,1.0,1.0,7.8,1.0,-1.5473319292068481,-4.2122111320495605,0.019999999552965164
3.320110559463501,3.1209613398478724,-1.0,1.2246467991473532e-16,0.0,0.0,0.010315473918985334,-0.5665349424010842,-0.8238373442394369,-0.014959287180162907,-2.4492935982947064e-16,-0.0,0.0,3.1286249304451252,-0.03395298623218471,1.936996205713703,-0.08811982245846683,-0.05023821259688513,-2.8827543800127113,4.0,4.0,4.0,1.0,1.0,1.0,7.8,1.0,-1.5473319292068481,-4.2122111320495605,0.019999999552965164
3.3401010036468506,2.9944766258407847,-1.0,1.2246467991473532e-16,0.0,0.0,-0.07349169742929108,-0.5950526933292973,-0.7990161109057816,0.04565651195076234,-2.4492935982947064e-16,-0.0,0.0,3.126871014496829,0.172634377495821,1.8600769040174125,-0.02263366502109257,0.0801777528940521,-2.6189846562823083,4.0,4.0,4.0,1.0,1.0,1.0,7.8,1.0,-1.5473319292068481,-4.2122111320495605,0.019999999552965164
3.3601064682006836,3.019006012806201,-1.0,1.2246467991473532e-16,0.0,0.0,-0.061254949082723005,-0.6129282567287512,-0.7862189153940817,-0.04926053585661509,-2.4492935982947064e-16,-0.0,0.0,2.9883460475693524,0.03594098784745958,1.814490609399102,0.029084361224197594,-0.08850015445382359,-2.825697465550281,4.0,4.0,4.0,1.0,1.0,1.0,7.8,1.0,-1.5473319292068481,-4.221289157867432,0.019999999552965164
3.380129337310791,3.0198189635234085,-1.0,1.2246467991473532e-16,0.0,0.0,0.060849231973707875,-0.5261130843489972,-0.8474370532008343,0.036780895955387576,-2.4492935982947064e-16,-0.0,0.0,-3.014622523441207,-0.06447462707998729,2.026304619500717,0.0497884031554163,-0.07174721041312847,-3.8366740263127816,4.0,4.0,4.0,1.0,1.0,1.0,7.8,1.0,-1.5473319292068481,-4.248523235321045,0.019999999552965164
3.40010666847229,2.9741249546404758,-1.0,1.2246467991473532e-16,0.0,0.0,0.08363603577837532,-0.49571145154221635,-0.8633025617511468,0.04454051193121355,-2.4492935982947064e-16,-0.0,0.0,-2.9802619807266058,-0.10041659752139694,2.090996978403074,-0.05050355888985201,0.007326145608224505,-4.503012486647431,4.0,4.0,4.0,1.0,1.0,1.0,7.8,1.0,-1.5473319292068481,-4.257601261138916,0.019999999552965164
3.4201009273529053,3.021264045875553,-1.0,1.2246467991473532e-16,0.0,0.0,0.06012801386821044,-0.4664911960463401,-0.8818223497180432,0.03405773770038658,-2.4492935982947064e-16,-0.0,0.0,-3.024841766421691,-0.07433763043202815,2.164078408284115,0.04173036696863297,0.06004100830492648,-4.864895723537931,4.0,4.0,4.0,1.0,1.0,1.0,7.8,1.0,-1.5473319292068481,-4.2939133644104,0.019999999552965164
3.440089702606201,2.930909884662338,-1.0,1.2246467991473532e-16,0.0,0.0,0.10514666702521382,-0.36345447635058137,-0.9200320901301211,0.10191160466313051,-2.4492935982947064e-16,-0.0,0.0,-2.87249911252905,-0.1196816673785758,2.3729171524176595,-0.03572526980706796,0.023741394897552365,-4.924422328017328,4.0,4.0,4.0,1.0,1.0,1.0,7.8,1.0,-1.5362000465393066,-4.321147441864014,0.019999999552965164
3.4601285457611084,2.930909884662338,-1.0,1.2246467991473532e-16,0.0,0.0,0.10514666702521382,-0.36345447635058137,-0.9200320901301211,0.10191160466313051,-2.4492935982947064e-16,-0.0,0.0,-2.87249911252905,-0.1196816673785758,2.3729171524176595,-0.03572526980706796,0.023741394897552365,-4.924422328017328,4.0,4.0,4.0,1.0,1.0,1.0,7.8,1.0,-1.5362000465393066,-4.321147441864014,0.019999999552965164
3.4800939559936523,2.930909884662338,-1.0,1.2246467991473532e-16,0.0,0.0,0.10514666702521382,-0.36345447635058137,-0.9200320901301211,0.10191160466313051,-2.4492935982947064e-16,-0.0,0.0,-2.87249911252905,-0.1196816673785758,2.3729171524176595,-0.03572526980706796,0.023741394897552365,-4.924422328017328,4.0,4.0,4.0,1.0,1.0,1.0,7.8,1.0,-1.5362000465393066,-4.321147441864014,0.019999999552965164
3.500089645385742,3.0636472063186866,-1.0,1.2246467991473532e-16,0.0,0.0,0.03896285861393957,-0.41253009847801647,-0.9083281254702942,0.056928288029501464,-2.4492935982947064e-16,-0.0,0.0,-3.005569295844325,-0.023815107217749317,2.2873474496085984,0.08341097014131768,0.07207435874254806,-4.918686992666341,4.0,4.0,4.0,1.0,1.0,1.0,7.8,1.0,-1.5139362812042236,-4.357459545135498,0.019999999552965164
3.5200998783111572,3.0190789148160153,-1.0,1.2246467991473532e-16,0.0,0.0,0.06121856648656001,-0.21545809803687832,-0.9739955771278941,0.034098546053495486,-2.4492935982947064e-16,-0.0,0.0,-3.048141458767386,-0.10475107370478184,2.70128070561401,0.0963203215661903,-0.08617100343547748,-6.77714530176866,3.923880674472805,4.0,4.0,0.0,1.0,1.0,7.8,1.0,-1.5028043985366821,-4.4028496742248535,0.019999999552965164
3.5400924682617188,3.139571716026781,-1.0,1.2246467991473532e-16,0.0,0.0,-0.0010104686095499854,-0.2444103743682457,-0.9652629136328009,-0.09235829913699659,-2.4492935982947064e-16,-0.0,0.0,2.96166229329874,-0.043209361598055676,2.6495035070003263,-0.08677124790331335,-0.05973285533121982,-8.669598473166616,4.0,4.0,4.0,1.0,1.0,1.0,7.8,1.0,-1.5028043985366821,-4.448239803314209,0.019999999552965164
3.5601091384887695,3.052451450537335,-1.0,1.2246467991473532e-16,0.0,0.0,-0.04455584612244594,-0.235512733336377,-0.9690605776940677,-0.05890777344274168,-2.4492935982947064e-16,-0.0,0.0,3.0057855145621746,0.058641169791409556,2.660783693440078,-0.06080554590624421,-0.07595599220436183,-9.339470388861397,4.0,4.0,4.0,1.0,1.0,1.0,7.8,1.0,-1.5028043985366821,-4.448239803314209,0.019999999552965164
3.5800979137420654,3.063431311273333,-1.0,1.2246467991473532e-16,0.0,0.0,0.039070723940473076,-0.07968704400060654,-0.996049367084102,-0.0030185891692353223,-2.4492935982947064e-16,-0.0,0.0,-3.1413784624223062,-0.07839409684055716,2.9819181079021426,-0.029353265527271313,-0.08122447207963393,-9.90544024370046,1.711153942121216,4.0,4.0,0.0,1.0,1.0,7.8,1.0,-1.4916725158691406,-4.493630409240723,0.019999999552965164
3.6001176834106445,3.069636980983029,-1.0,1.2246467991473532e-16,0.0,0.0,0.035970075158937354,-0.026075679388605694,-0.9981751906076772,0.04089622834455765,-2.4492935982947064e-16,-0.0,0.0,-3.057771972448251,-0.06973257962665318,3.0864324226569817,0.009173293045093928,-0.0952112757170781,-9.992270321202112,0.48482041559173805,4.0,4.0,0.0,1.0,1.0,7.8,1.0,-1.4916725158691406,-4.548098564147949,0.019999999552965164
3.6201252937316895,3.069636980983029,-1.0,1.2246467991473532e-16,0.0,0.0,0.035970075158937354,-0.026075679388605694,-0.9981751906076772,0.04089622834455765,-2.4492935982947064e-16,-0.0,0.0,-3.057771972448251,-0.06973257962665318,3.0864324226569817,0.009173293045093928,-0.0952112757170781,-9.992270321202112,0.48482041559173805,4.0,4.0,0.0,1.0,1.0,7.8,1.0,-1.4916725158691406,-4.548098564147949,0.019999999552965164
3.640103578567505,3.107629778641329,-1.0,1.2246467991473532e-16,0.0,0.0,0.016980621332023525,-0.05720337519545489,-0.9949572986368225,0.08061889514712678,-2.4492935982947064e-16,-0.0,0.0,-2.9784535430428907,-0.024569112192575196,3.0247238561421774,-0.08474942505881244,-0.03842292615221461,-9.061565835580257,1.4830652041443475,4.0,4.0,0.0,1.0,1.0,7.8,1.0,-1.4916725158691406,-4.548098564147949,0.019999999552965164
3.66011381149292,2.9989025455978013,-1.0,1.2246467991473532e-16,0.0,0.0,-0.07128454362280472,0.12675719815527964,-0.9883442640641824,0.045019354146202485,-2.4492935982947064e-16,-0.0,0.0,-3.033411780348458,0.12985895372929038,-2.8794403174841223,0.003522208371491392,-0.06075829995602047,-7.700570758325196,-2.5492327965915584,4.0,4.0,0.0,1.0,1.0,7.8,1.0,-1.4805406332015991,-4.593488693237305,0.019999999552965164
3.680110454559326,2.950560762660306,-1.0,1.2246467991473532e-16,0.0,0.0,0.09537077499760473,0.18392266623052744,-0.9763765808031865,-0.06136481550603048,-2.4492935982947064e-16,-0.0,0.0,2.983910678579925,-0.1644024033989821,-2.756193229582526,-0.024147999901123568,0.07586619005360404,-7.26158938359258,-3.5818613250060545,4.0,4.0,0.0,1.0,1.0,7.8,1.0,-1.4694087505340576,-4.647956848144531,0.019999999552965164
3.700101375579834,3.000124007583807,-1.0,1.2246467991473532e-16,0.0,0.0,0.07067535306019496,0.17239428398513426,-0.9822730166066151,0.02061373730331331,-2.4492935982947064e-16,-0.0,0.0,-3.125288768735992,-0.14647557844807627,-2.7953167381647748,0.08652924375139204,-0.09124691701563735,-6.480976462206756,-3.7940026547082533,4.0,4.0,0.0,1.0,1.0,7.8,1.0,-1.4471449851989746,-4.684268951416016,0.019999999552965164
3.720094919204712,3.1031132263893784,-1.0,1.2246467991473532e-16,0.0,0.0,0.019238526639014375,0.25914362325205403,-0.964322225712115,-0.05056784173949355,-2.4492935982947064e-16,-0.0,0.0,3.0338796398806247,-0.010895825788107523,-2.615947234007966,0.05559241385877098,0.09997165197055816,-6.083440365205769,-4.0,4.0,4.0,1.0,1.0,1.0,7.8,1.0,-1.436013102531433,-4.729659080505371,0.019999999552965164
3.740093946456909,3.0526668913609627,-1.0,1.2246467991473532e-16,0.0,0.0,0.04444823242999657,0.2391118591358535,-0.969759926769138,-0.020385236990548332,-2.4492935982947064e-16,-0.0,0.0,3.080582555887274,-0.07653421990575716,-2.655764035206742,0.05043612317290694,0.08415897696483274,-5.004829377746094,-4.0,4.0,4.0,1.0,1.0,1.0,7.8,1.0,-1.436013102531433,-4.775049686431885,0.019999999552965164
3.7600951194763184,3.106574170877956,-1.0,1.2246467991473532e-16,0.0,0.0,0.017508346724635564,0.27607126052263087,-0.9592389896490698,0.05778129148303316,-2.4492935982947064e-16,-0.0,0.0,-3.0400153246853763,-0.06553979616634951,-2.5844672051275452,-0.056501620363474996,0.04565261642266688,-4.4624470408650305,-4.0,4.0,4.0,1.0,1.0,1.0,7.8,1.0,-1.4248812198638916,-4.82043981552124,0.019999999552965164
3.78010630607605,3.069326279805028,-1.0,1.2246467991473532e-16,0.0,0.0,-0.03612532478084415,0.42972269875044833,-0.8971665932578075,-0.09552731038969998,-2.4492935982947064e-16,-0.0,0.0,2.999212126733996,0.1474551491568729,-2.258749407184742,-0.05893299836729147,0.08328043647845307,-4.494081992169361,-4.0,4.0,4.0,1.0,1.0,1.0,7.8,1.0,-1.4026174545288086,-4.865829944610596,0.019999999552965164
3.800128698348999,2.99277717883698,-1.0,1.2246467991473532e-16,0.0,0.0,0.07433909649990278,0.47358619422750503,-0.875513010828405,0.06055396963756567,-2.4492935982947064e-16,-0.0,0.0,-3.105321755268178,-0.18864157338996654,-2.1533272063275377,0.026716780627775966,-0.027998470491641614,-4.6925432440305395,-4.0,4.0,4.0,1.0,1.0,1.0,7.8,1.0,-1.4026174545288086,-4.865829944610596,0.019999999552965164
3.8201096057891846,3.042703927939893,-1.0,1.2246467991473532e-16,0.0,0.0,-0.04942421881086587,0.43740083708647165,-0.8955081859066886,0.06559606150601636,-2.4492935982947064e-16,-0.0,0.0,-2.9800935617749547,0.031141073647183774,-2.230360644005851,0.08132643581974708,0.005366882201683049,-4.747922411275841,-4.0,4.0,4.0,1.0,1.0,1.0,7.8,1.0,-1.3803536891937256,-4.920298099517822,0.019999999552965164
3.840100049972534,3.074562108801642,-1.0,1.2246467991473532e-16,0.0,0.0,0.033508998277000414,0.47549230770609874,-0.8779520590042235,-0.04454654236913611,-2.4492935982947064e-16,-0.0,0.0,3.0312680436477044,-0.016476257052088324,-2.1479519223549315,0.02308175091894618,0.04083613214189577,-3.8219710012779977,-4.0,4.0,4.0,1.0,1.0,1.0,7.8,1.0,-1.369221806526184,-4.98384428024292,0.019999999552965164
3.8601391315460205,2.9763814118204337,-1.0,1.2246467991473532e-16,0.0,0.0,-0.08251170709338507,0.47327241508793155,-0.8716100237442115,-0.09747310304892898,-2.4492935982947064e-16,-0.0,0.0,3.0469642105838175,0.23834910243142385,-2.158046850939011,-0.006024367877915784,0.0990498501943845,-2.6030695499015732,-4.0,4.0,4.0,1.0,1.0,1.0,7.8,1.0,-1.369221806526184,-5.029234409332275,0.019999999552965164
3.880120038986206,2.9763814118204337,-1.0,1.2246467991473532e-16,0.0,0.0,-0.08251170709338507,0.47327241508793155,-0.8716100237442115,-0.09747310304892898,-2.4492935982947064e-16,-0.0,0.0,3.0469642105838175,0.23834910243142385,-2.158046850939011,-0.006024367877915784,0.0990498501943845,-2.6030695499015732,-4.0,4.0,4.0,1.0,1.0,1.0,7.8,1.0,-1.369221806526184,-5.029234409332275,0.019999999552965164
3.900116205215454,2.9688939325518238,-1.0,1.2246467991473532e-16,0.0,0.0,-0.08624209399298471,0.39282244915185727,-0.915434265629037,0.015262043712011203,-2.4492935982947064e-16,-0.0,0.0,-3.0447074760613684,0.14643011547995197,-2.323786735928047,-0.09525472519398788,0.06664534438418243,-1.66568977722403,-4.0,4.0,4.0,1.0,1.0,1.0,7.8,1.0,-1.369221806526184,-5.029234409332275,0.019999999552965164
3.920114040374756,3.062438972394662,-1.0,1.2246467991473532e-16,0.0,0.0,0.039566509698883257,0.4207459219354456,-0.9009404773643537,0.09855768225476118,-2.4492935982947064e-16,-0.0,0.0,-2.995026773216501,-0.15484770272719497,-2.2791694126813153,0.006586884156007833,-0.047078945086704696,-0.17643730789731174,-4.0,4.0,-1.265404413505979,1.0,1.0,0.0,7.8,1.0,-1.346958041191101,-5.074625015258789,0.019999999552965164
3.9400932788848877,2.9521294836027896,-1.0,1.2246467991473532e-16,0.0,0.0,-0.09458996052624899,0.5036824758932962,-0.8566827414705029,-0.05874847497786873,-2.4492935982947064e-16,-0.0,0.0,3.136085138275282,0.22309433595347247,-2.079192575224429,-0.020319140754687687,0.007002353172007897,-0.047766418650720004,-4.0,4.0,1.3660351741602526,1.0,1.0,0.0,7.8,1.0,-1.3358261585235596,-5.1200151443481445,0.019999999552965164
3.960127830505371,3.10556506487551,-1.0,1.2246467991473532e-16,0.0,0.0,0.018012820136549406,0.5561908393643854,-0.8305075640724723,0.024175908178952734,-2.4492935982947064e-16,-0.0,0.0,-3.1214393232387443,-0.05684301029919902,-1.9619664129032548,-0.06325101951531736,-0.043633290449363774,-0.1376142506939389,-4.0,4.0,0.06693883919669891,1.0,1.0,0.0,7.8,1.0,-1.302430510520935,-5.1654052734375,0.019999999552965164
3.980100393295288,3.0801562618625,-1.0,1.2246467991473532e-16,0.0,0.0,0.030713365104609893,0.5711579458110612,-0.8173874489081782,-0.0686516460707274,-2.4492935982947064e-16,-0.0,0.0,2.993680895914192,0.02821617190504607,-1.9238963466058518,0.05079128302775843,-0.08153325109495912,-0.820982020741331,-4.0,4.0,4.0,1.0,1.0,1.0,7.8,1.0,-1.2912986278533936,-5.2107954025268555,0.019999999552965164
4.0001068115234375,3.131359207997812,-1.0,1.2246467991473532e-16,0.0,0.0,0.005116700469326018,0.5589926821080231,-0.8275628283441695,0.0513883826266644,-2.4492935982947064e-16,-0.0,0.0,-3.062001879853654,-0.06596807798938607,-1.956077214371585,0.08684082043124727,0.05371376324112914,-0.7139911413941755,-4.0,4.0,1.8281969130434121,1.0,1.0,0.0,7.8,1.0,-1.2690348625183105,-5.265263557434082,0.019999999552965164
4.020106077194214,3.131359207997812,-1.0,1.2246467991473532e-16,0.0,0.0,0.005116700469326018,0.5589926821080231,-0.8275628283441695,0.0513883826266644,-2.4492935982947064e-16,-0.0,0.0,-3.062001879853654,-0.06596807798938607,-1.956077214371585,0.08684082043124727,0.05371376324112914,-0.7139911413941755,-4.0,4.0,1.8281969130434121,1.0,1.0,0.0,7.8,1.0,-1.2690348625183105,-5.265263557434082,0.019999999552965164
4.040120363235474,3.131359207997812,-1.0,1.2246467991473532e-16,0.0,0.0,0.005116700469326018,0.5589926821080231,-0.8275628283441695,0.0513883826266644,-2.4492935982947064e-16,-0.0,0.0,-3.062001879853654,-0.06596807798938607,-1.956077214371585,0.08684082043124727,0.05371376324112914,-0.7139911413941755,-4.0,4.0,1.8281969130434121,1.0,1.0,0.0,7.8,1.0,-1.2690348625183105,-5.265263557434082,0.019999999552965164
4.060095310211182,3.0143998572006914,-1.0,1.2246467991473532e-16,0.0,0.0,0.06355353757112964,0.48331566424202344,-0.869376509913918,-0.08094072257140902,-2.4492935982947064e-16,-0.0,0.0,2.937913213304736,-0.032269667463159984,-2.1235198556272783,-0.0019494530616966238,-0.0036110875287584526,-1.165649643198964,-4.0,4.0,4.0,1.0,1.0,1.0,7.8,1.0,-1.235639214515686,-5.319731712341309,0.019999999552965164
4.08011794090271,3.005289696295948,-1.0,1.2246467991473532e-16,0.0,0.0,-0.06809873456453347,0.6010889530478946,-0.7960718462417841,-0.018006901335115177,-2.4492935982947064e-16,-0.0,0.0,-3.087913863422049,0.13044005280367,-1.8446114959098352,-0.04014684368920918,-0.09085833783200553,-2.4853014911631637,-4.0,4.0,4.0,1.0,1.0,1.0,7.8,1.0,-1.213375449180603,-5.3832783699035645,0.019999999552965164
4.100111961364746,3.070506586674959,-1.0,1.2246467991473532e-16,0.0,0.0,-0.035535550301600986,0.583108437719828,-0.8111593333889611,-0.027245373564701417,-2.4492935982947064e-16,-0.0,0.0,3.1388230343174652,0.0895436140480557,-1.895175560976079,-0.012504397187159302,0.09247857976875892,-0.869187919850111,-4.0,4.0,4.0,1.0,1.0,1.0,7.8,1.0,-1.19111168384552,-5.42866849899292,0.019999999552965164
4.12011456489563,3.028041678525936,-1.0,1.2246467991473532e-16,0.0,0.0,0.05674499023350262,0.5592033999345397,-0.8260262889693352,-0.041858493959999764,-2.4492935982947064e-16,-0.0,0.0,3.0084368143480282,-0.04694812782636115,-1.9482442247841587,-0.044268820110380386,-0.05398807461932469,0.257979484252637,-4.0,4.0,-0.19474805781055482,1.0,1.0,0.0,7.8,1.0,-1.168847918510437,-5.4831366539001465,0.019999999552965164
4.140100955963135,3.102232963895275,-1.0,1.2246467991473532e-16,0.0,0.0,-0.019678574550031677,0.45696794928998413,-0.8891866386301487,0.011839286591807222,-2.4492935982947064e-16,-0.0,0.0,-3.1025316813409667,0.024177857619204178,-2.1916824439708407,0.04974714563273158,0.043650714549384934,0.236642500816563,-4.0,4.0,-1.1833557351023987,1.0,1.0,0.0,7.8,1.0,-1.168847918510437,-5.4831366539001465,0.019999999552965164
4.1601057052612305,3.0573765697906463,-1.0,1.2246467991473532e-16,0.0,0.0,0.042095599464401265,0.5655858866676291,-0.8226549782332213,0.03974106309879935,-2.4492935982947064e-16,-0.0,0.0,-3.1237056430117804,-0.11446406584111996,-1.9380253366268758,0.024600005986523038,0.10006239033122641,0.10368033509405455,-4.0,4.0,-1.2095426023522073,1.0,1.0,0.0,7.8,1.0,-1.146584153175354,-5.528526782989502,0.019999999552965164
4.1800994873046875,3.0573765697906463,-1.0,1.2246467991473532e-16,0.0,0.0,0.042095599464401265,0.5655858866676291,-0.8226549782332213,0.03974106309879935,-2.4492935982947064e-16,-0.0,0.0,-3.1237056430117804,-0.11446406584111996,-1.9380253366268758,0.024600005986523038,0.10006239033122641,0.10368033509405455,-4.0,4.0,-1.2095426023522073,1.0,1.0,0.0,7.8,1.0,-1.146584153175354,-5.528526782989502,0.019999999552965164
4.200110673904419,3.135815003545024,-1.0,1.2246467991473532e-16,0.0,0.0,-0.0028888210043628774,0.5106634785438782,-0.8587234065417618,-0.04252737297297967,-2.4492935982947064e-16,-0.0,0.0,3.0713646475086818,0.04841466046976736,-2.070300322247677,0.0822871386171703,0.00874515117422088,0.8017354399139888,-4.0,4.0,-2.3563943001963636,1.0,1.0,0.0,7.8,1.0,-1.146584153175354,-5.528526782989502,0.019999999552965164
4.22010350227356,3.00051084626105,-1.0,1.2246467991473532e-16,0.0,0.0,0.07048241607082992,0.48008636800815985,-0.8713391548241687,0.07292040556562594,-2.4492935982947064e-16,-0.0,0.0,-3.0810177664763123,-0.19406010022000073,-2.1403071251645422,-0.03557966761011165,0.06339076316622891,1.786072090599579,-4.0,4.0,-4.0,1.0,1.0,1.0,7.8,1.0,-1.124320387840271,-5.573916912078857,0.019999999552965164
4.240089416503906,3.1128015445627937,-1.0,1.2246467991473532e-16,0.0,0.0,0.01439505731541746,0.49198719805029467,-0.8669579188990171,0.07826459057448185,-2.4492935982947064e-16,-0.0,0.0,-3.019109938677834,-0.10214771599188127,-2.1155223828086664,0.017434856484611336,-0.061539712356724674,3.870283828669787,-4.0,4.0,-4.0,1.0,1.0,1.0,7.8,1.0,-1.0909247398376465,-5.610229015350342,0.019999999552965164
4.260098934173584,2.9691406276272683,-1.0,1.2246467991473532e-16,0.0,0.0,0.0861192053665444,0.37337613438619455,-0.9236460153749895,0.007196041951108455,-2.4492935982947064e-16,-0.0,0.0,3.0898487942930415,-0.16521152800524752,-2.3689924857468894,-0.05398898799579486,-0.08971298328525179,4.581559634585859,-4.0,4.0,-4.0,1.0,1.0,1.0,7.8,1.0,-1.0686609745025635,-5.646541595458984,0.019999999552965164
4.280105113983154,3.1293069935495033,-1.0,1.2246467991473532e-16,0.0,0.0,-0.006142791387590611,0.41945484874530425,-0.907734185527362,0.006208413887551391,-2.4492935982947064e-16,-0.0,0.0,-3.1251671985723393,0.005943779855283956,-2.275819186087486,0.05598157288795305,0.09611836431940862,4.530853637674981,-4.0,4.0,-4.0,1.0,1.0,1.0,7.8,1.0,-1.0352652072906494,-5.682853698730469,0.019999999552965164
4.300098419189453,3.0006994960560536,-1.0,1.2246467991473532e-16,0.0,0.0,0.07038832544386657,0.2848996191374409,-0.9530401922276069,-0.07478022904027146,-2.4492935982947064e-16,-0.0,0.0,2.9571336942338595,-0.09168448555096462,-2.5521428894470586,0.0894237292782056,-0.08511278649958579,4.359237621921352,-4.0,4.0,-4.0,1.0,1.0,1.0,7.8,1.0,-1.024133324623108,-5.728243827819824,0.019999999552965164
4.320133924484253,3.0006994960560536,-1.0,1.2246467991473532e-16,0.0,0.0,0.07038832544386657,0.2848996191374409,-0.9530401922276069,-0.07478022904027146,-2.4492935982947064e-16,-0.0,0.0,2.9571336942338595,-0.09168448555096462,-2.5521428894470586,0.0894237292782056,-0.08511278649958579,4.359237621921352,-4.0,4.0,-4.0,1.0,1.0,1.0,7.8,1.0,-1.024133324623108,-5.728243827819824,0.019999999552965164
4.340083360671997,3.0006994960560536,-1.0,1.2246467991473532e-16,0.0,0.0,0.07038832544386657,0.2848996191374409,-0.9530401922276069,-0.07478022904027146,-2.4492935982947064e-16,-0.0,0.0,2.9571336942338595,-0.09168448555096462,-2.5521428894470586,0.0894237292782056,-0.08511278649958579,4.359237621921352,-4.0,4.0,-4.0,1.0,1.0,1.0,7.8,1.0,-1.024133324623108,-5.728243827819824,0.019999999552965164
4.360090732574463,3.0573626183104072,-1.0,1.2246467991473532e-16,0.0,0.0,-0.042102569020112335,0.2900658099174099,-0.9537266548853172,0.06704228039175733,-2.4492935982947064e-16,-0.0,0.0,-2.988560204660861,0.04142718652699943,-2.547916092559392,0.08546604734813332,-0.06726266794143695,4.425903725354762,-4.0,4.0,-4.0,1.0,1.0,1.0,7.8,1.0,-1.024133324623108,-5.728243827819824,0.019999999552965164
4.380125284194946,2.995755941180651,-1.0,1.2246467991473532e-16,0.0,0.0,0.07285375451162168,0.35836920438353387,-0.9274913659601491,0.07761191836599529,-2.4492935982947064e-16,-0.0,0.0,-3.0479877720635162,-0.1919463901959957,-2.413180589092548,0.0027858222606443883,-0.05576447855732385,5.836649093754791,-4.0,4.0,-4.0,1.0,1.0,1.0,7.8,1.0,-0.9907377362251282,-5.746399879455566,0.019999999552965164
4.400097370147705,3.0158427350649473,-1.0,1.2246467991473532e-16,0.0,0.0,-0.0628335406013696,0.2944761034608729,-0.9510592253481257,0.06944149009216494,-2.4492935982947064e-16,-0.0,0.0,-2.971151727534592,0.07870033450603733,-2.5343305949768924,-0.07931701986223097,-0.014212337255594981,7.815828848974674,-4.0,4.0,-4.0,1.0,1.0,1.0,7.8,1.0,-0.9573420882225037,-5.782711982727051,0.019999999552965164
4.42011284828186,2.9444839859742897,-1.0,1.2246467991473532e-16,0.0,0.0,0.09839486894154229,0.20962211555281407,-0.9718726418290615,0.04290205707585856,-2.4492935982947064e-16,-0.0,0.0,-3.0984862107690443,-0.2107987161666687,-2.721284634252962,0.07479431832881198,-0.07468873813192996,8.632840506404532,-4.0,4.0,-4.0,1.0,1.0,1.0,7.8,1.0,-0.9462102055549622,-5.819024085998535,0.019999999552965164
4.4401161670684814,3.116284064620735,-1.0,1.2246467991473532e-16,0.0,0.0,-0.012653956762738686,0.031318074901151995,-0.9992782470763202,-0.017379311919903936,-2.4492935982947064e-16,-0.0,0.0,3.107633370837859,0.026381280648593377,-3.0793797876446627,0.033576930098852126,0.09104318201009495,8.141154799581134,-0.7606692184184484,4.0,-4.0,0.0,1.0,1.0,7.8,1.0,-0.9239464402198792,-5.837180137634277,0.019999999552965164
4.460126161575317,3.108133537695242,-1.0,1.2246467991473532e-16,0.0,0.0,-0.016728777585355223,0.0961124942317376,-0.9920730401140281,-0.07920618367251246,-2.4492935982947064e-16,-0.0,0.0,2.986854174985566,0.0484366836441302,-2.9521902756643015,0.08531540381575314,0.08072713318903754,7.825602147986969,-2.2635114998977643,4.0,-4.0,0.0,1.0,1.0,7.8,1.0,-0.8905507326126099,-5.864414215087891,0.019999999552965164
4.4801294803619385,3.108133537695242,-1.0,1.2246467991473532e-16,0.0,0.0,-0.016728777585355223,0.0961124942317376,-0.9920730401140281,-0.07920618367251246,-2.4492935982947064e-16,-0.0,0.0,2.986854174985566,0.0484366836441302,-2.9521902756643015,0.08531540381575314,0.08072713318903754,7.825602147986969,-2.2635114998977643,4.0,-4.0,0.0,1.0,1.0,7.8,1.0,-0.8905507326126099,-5.864414215087891,0.019999999552965164
4.500091791152954,3.108133537695242,-1.0,1.2246467991473532e-16,0.0,0.0,-0.016728777585355223,0.0961124942317376,-0.9920730401140281,-0.07920618367251246,-2.4492935982947064e-16,-0.0,0.0,2.986854174985566,0.0484366836441302,-2.9521902756643015,0.08531540381575314,0.08072713318903754,7.825602147986969,-2.2635114998977643,4.0,-4.0,0.0,1.0,1.0,7.8,1.0,-0.8905507326126099,-5.864414215087891,0.019999999552965164
4.5201075077056885,3.0591680778455483,-1.0,1.2246467991473532e-16,0.0,0.0,-0.04120062267606549,0.030306569300030825,-0.9983494154322192,-0.026124035953755172,-2.4492935982947064e-16,-0.0,0.0,3.091731951635629,0.08394725824825834,-3.0829924395422235,-0.03474450236661768,-0.07806360405348618,7.42154720643417,-0.46715337653414574,4.0,-4.0,0.0,1.0,1.0,7.8,1.0,-0.8571550846099854,-5.900726318359375,0.019999999552965164
4.540093183517456,2.9660991042823786,-1.0,1.2246467991473532e-16,0.0,0.0,0.08763421699747535,-0.14270449970041288,-0.9851834854954873,-0.03700229294864782,-2.4492935982947064e-16,-0.0,0.0,3.0928519850191853,-0.18427347176742223,2.858396744308483,0.09785072512258292,-0.07061971295871874,7.481357479715016,2.4626870935179257,4.0,-4.0,0.0,1.0,1.0,7.8,1.0,-0.8237594366073608,-5.9279608726501465,0.019999999552965164
4.560091972351074,2.968714075132037,-1.0,1.2246467991473532e-16,0.0,0.0,-0.0863316872985292,-0.26448581628764645,-0.9601145012639344,0.027825118392431535,-2.4492935982947064e-16,-0.0,0.0,-3.133699346310461,0.18149000695068723,2.604698727843906,-0.037831120751273976,-0.08669790823721656,9.06205350423247,4.0,4.0,-4.0,1.0,1.0,1.0,7.8,1.0,-0.7903637886047363,-5.955195426940918,0.019999999552965164
4.580093622207642,3.013695936748942,-1.0,1.2246467991473532e-16,0.0,0.0,0.06390478234133638,-0.2664296817307369,-0.9617127010169131,-0.0063312075876639775,-2.4492935982947064e-16,-0.0,0.0,-3.119539654737174,-0.12662785852309613,2.5996770729747323,-0.020002347539897714,-0.05505274954731061,7.83858417516431,4.0,4.0,-4.0,1.0,1.0,1.0,7.8,1.0,-0.7569681406021118,-5.982429504394531,0.019999999552965164
4.600093603134155,3.103667405428402,-1.0,1.2246467991473532e-16,0.0,0.0,-0.018961487667551864,-0.2754806322727225,-0.9563110138376258,-0.09602149780599346,-2.4492935982947064e-16,-0.0,0.0,2.946225468275921,-0.016638734585638963,2.5822782559283595,0.019599138947634584,0.08862188822595346,5.078632387164526,4.0,4.0,-4.0,1.0,1.0,1.0,7.8,1.0,-0.7347043752670288,-6.000585556030273,0.019999999552965164
4.620105028152466,3.1251841237470708,-1.0,1.2246467991473532e-16,0.0,0.0,0.00820417288354307,-0.45018405066532674,-0.8921914281306415,0.03551714577583547,-2.4492935982947064e-16,-0.0,0.0,-3.0707598357501333,0.017339988601381928,2.207593509004853,0.03193305116356293,0.09976806477173614,3.9310963013308777,4.0,4.0,-4.0,1.0,1.0,1.0,7.8,1.0,-0.6901768445968628,-6.027819633483887,0.019999999552965164
4.640228271484375,3.1136308011929765,-1.0,1.2246467991473532e-16,0.0,0.0,-0.013980470736213614,-0.4635088911482771,-0.8825465027446903,0.07794693552414217,-2.4492935982947064e-16,-0.0,0.0,-3.0160500244603026,0.09708747862917359,2.1805002590667595,-0.026023478243566683,0.08329369403336104,4.333750398021481,4.0,4.0,-4.0,1.0,1.0,1.0,7.8,1.0,-0.6679130792617798,-6.036897659301758,0.019999999552965164
4.660110235214233,3.0206357269271407,-1.0,1.2246467991473532e-16,0.0,0.0,0.06044160195319621,-0.48499042976255163,-0.8724277257923542,-0.0009793165205310484,-2.4492935982947064e-16,-0.0,0.0,-3.0843178936277185,-0.10661363224564124,2.1237986833901332,0.04379965450430598,-0.05524718678944716,4.9566558259362,4.0,4.0,-4.0,1.0,1.0,1.0,7.8,1.0,-0.6679130792617798,-6.036897659301758,0.019999999552965164
4.680105686187744,3.1199920261853724,-1.0,1.2246467991473532e-16,0.0,0.0,0.010800103733139244,-0.48360693333447835,-0.8702646146018204,-0.09299028100893116,-2.4492935982947064e-16,-0.0,0.0,2.9886880940795213,-0.10895482749681039,2.135527676010528,0.009887642420439519,0.09828013139549502,5.072906687492162,4.0,4.0,-4.0,1.0,1.0,1.0,7.8,1.0,-0.6233855485916138,-6.045975685119629,0.019999999552965164
4.700117111206055,2.976447929763936,-1.0,1.2246467991473532e-16,0.0,0.0,-0.08247856148592639,-0.6113483626083848,-0.7840096080719949,0.0691332111365888,-2.4492935982947064e-16,-0.0,0.0,-3.133857693392105,0.21552152839105523,1.8178609785026052,0.014642338236995123,0.006508024475887969,3.2563880456916197,4.0,4.0,-4.0,1.0,1.0,1.0,7.8,1.0,-0.6011217832565308,-6.073209762573242,0.019999999552965164
4.720137596130371,3.087106578668068,-1.0,1.2246467991473532e-16,0.0,0.0,-0.02723966769895978,-0.605632143797621,-0.7894094922097995,0.09643837675850077,-2.4492935982947064e-16,-0.0,0.0,-3.020479536548628,0.16050715789395475,1.8425126035366932,0.0924720035966404,0.07701402261717924,2.698688476368808,4.0,4.0,-4.0,1.0,1.0,1.0,7.8,1.0,-0.5565942525863647,-6.082287788391113,0.019999999552965164
4.740112543106079,3.087106578668068,-1.0,1.2246467991473532e-16,0.0,0.0,-0.02723966769895978,-0.605632143797621,-0.7894094922097995,0.09643837675850077,-2.4492935982947064e-16,-0.0,0.0,-3.020479536548628,0.16050715789395475,1.8425126035366932,0.0924720035966404,0.07701402261717924,2.698688476368808,4.0,4.0,-4.0,1.0,1.0,1.0,7.8,1.0,-0.5565942525863647,-6.082287788391113,0.019999999552965164
4.760122776031494,3.004354228776451,-1.0,1.2246467991473532e-16,0.0,0.0,-0.06856537505474837,-0.5135856905439978,-0.8548007679730358,-0.029054687827522768,-2.4492935982947064e-16,-0.0,0.0,3.020737243821743,0.08748688743765484,2.054244384204998,0.0007071827425157717,0.03702216320395843,2.249092796176385,4.0,4.0,-4.0,1.0,1.0,1.0,7.8,1.0,-0.5565942525863647,-6.082287788391113,0.019999999552965164
4.7801148891448975,2.9791792878617356,-1.0,1.2246467991473532e-16,0.0,0.0,0.0811174590338728,-0.5753524190925376,-0.8114461483630057,0.0628068466896386,-2.4492935982947064e-16,-0.0,0.0,-2.9447070155906383,-0.05940769521475721,1.9021814101307464,0.09170565244478934,0.008426973723710457,3.067250341135687,4.0,4.0,-4.0,1.0,1.0,1.0,7.8,1.0,-0.5231985449790955,-6.1004438400268555,0.019999999552965164
4.801253795623779,3.054868039936505,-1.0,1.2246467991473532e-16,0.0,0.0,-0.04334871915466663,-0.6239821764658101,-0.7800330493281936,0.017764401380300263,-2.4492935982947064e-16,-0.0,0.0,3.115098518727207,0.08991732334172084,1.7909879586862076,0.05285016403729284,0.036660033264620445,2.7812911846679547,4.0,4.0,-4.0,1.0,1.0,1.0,7.8,1.0,-0.47867104411125183,-6.118599891662598,0.019999999552965164
4.820101022720337,3.0768957156622805,-1.0,1.2246467991473532e-16,0.0,0.0,-0.032342827559544235,-0.6150433839278107,-0.7874804170182351,-0.023455707298390204,-2.4492935982947064e-16,-0.0,0.0,3.0647720929243887,0.022087927476294546,1.8146149329644488,0.02939463154256297,0.027804720564643004,2.8345348047076353,4.0,4.0,-4.0,1.0,1.0,1.0,7.8,1.0,-0.4230116009712219,-6.127677917480469,0.019999999552965164
4.840084075927734,3.007926041232617,-1.0,1.2246467991473532e-16,0.0,0.0,-0.06678356333671125,-0.6842959992187231,-0.721142475096154,0.08504394001628607,-2.4492935982947064e-16,-0.0,0.0,-3.1095969561009498,0.21434901293397757,1.6266610576194835,-0.05493732967921805,-0.04949469900243997,2.7923768669706717,4.0,4.0,-4.0,1.0,1.0,1.0,7.8,1.0,-0.3784840703010559,-6.145833969116211,0.019999999552965164
4.860107421875,3.0221393061906854,-1.0,1.2246467991473532e-16,0.0,0.0,0.05969116978228439,-0.7151378723295981,-0.6952183520432655,-0.041063740601219714,-2.4492935982947064e-16,-0.0,0.0,-3.113022099232149,-0.14220809688737643,1.5405156523002823,0.09498862137459038,0.031860497181236874,1.914656649831731,4.0,4.0,-4.0,1.0,1.0,1.0,7.8,1.0,-0.3339565396308899,-6.163990020751953,0.019999999552965164
4.880130290985107,3.0221393061906854,-1.0,1.2246467991473532e-16,0.0,0.0,0.05969116978228439,-0.7151378723295981,-0.6952183520432655,-0.041063740601219714,-2.4492935982947064e-16,-0.0,0.0,-3.113022099232149,-0.14220809688737643,1.5405156523002823,0.09498862137459038,0.031860497181236874,1.914656649831731,4.0,4.0,-4.0,1.0,1.0,1.0,7.8,1.0,-0.3339565396308899,-6.163990020751953,0.019999999552965164
4.900126218795776,3.0221393061906854,-1.0,1.2246467991473532e-16,0.0,0.0,0.05969116978228439,-0.7151378723295981,-0.6952183520432655,-0.041063740601219714,-2.4492935982947064e-16,-0.0,0.0,-3.113022099232149,-0.14220809688737643,1.5405156523002823,0.09498862137459038,0.031860497181236874,1.914656649831731,4.0,4.0,-4.0,1.0,1.0,1.0,7.8,1.0,-0.3339565396308899,-6.163990020751953,0.019999999552965164
4.920095682144165,3.007842736034943,-1.0,1.2246467991473532e-16,0.0,0.0,-0.06682512288758431,-0.6878877243354201,-0.7219521093363499,-0.03361597067602572,-2.4492935982947064e-16,-0.0,0.0,3.00047248871455,0.0502622098558879,1.6155575447572352,-0.05334329713117152,-0.08442753091570064,1.3088718984189152,4.0,4.0,-4.0,1.0,1.0,1.0,7.8,1.0,-0.2782971262931824,-6.163990020751953,0.019999999552965164
4.940110921859741,2.9889104364996193,-1.0,1.2246467991473532e-16,0.0,0.0,0.07626697793366305,-0.5616991631773988,-0.8217731682842176,0.058019462689643225,-2.4492935982947064e-16,-0.0,0.0,-2.9592188994966873,-0.060205709859884014,1.9369250486795742,0.004415652924716934,-0.07098730654303938,0.9095839837888576,4.0,4.0,-4.0,1.0,1.0,1.0,7.8,1.0,-0.22263768315315247,-6.182146072387695,0.019999999552965164
4.960099458694458,3.0307853375537652,-1.0,1.2246467991473532e-16,0.0,0.0,0.055375318176688094,-0.7103863490285564,-0.7012924096414221,0.02176615331280254,-2.4492935982947064e-16,-0.0,0.0,-3.032049587124654,-0.046760863454659976,1.5553484456451103,0.05532202763290067,-0.0266698675518484,1.0982114681497406,4.0,4.0,-4.0,1.0,1.0,1.0,7.8,1.0,-0.22263768315315247,-6.182146072387695,0.019999999552965164
4.980099201202393,3.099209454941742,-1.0,1.2246467991473532e-16,0.0,0.0,0.021190013225359128,-0.6321415160237857,-0.7730249361424477,0.04879072822395584,-2.4492935982947064e-16,-0.0,0.0,-3.0391476934484243,0.02892850724986742,1.77213367773414,0.0933467975847661,-0.08010303720904462,2.034320538718896,4.0,4.0,-4.0,1.0,1.0,1.0,7.8,1.0,-0.17811015248298645,-6.209380149841309,0.019999999552965164
