# simulator=gazebo,# scenario=sine
t,alpha_err,q_ref0,q_ref1,q_ref2,q_ref3,q_m0,q_m1,q_m2,q_m3,phi_ref,theta_ref,psi_ref,phi,theta,psi,p,q,r,tau_x,tau_y,tau_z,sat_x,sat_y,sat_z,thrust,desat,x,y,z
1.1920928955078125e-06,0.4670540852162231,0.9689124217106246,2.1502627803567778e-07,3.6249052910944213e-07,0.24740395925424277,0.9950267822187991,0.05627517608421679,-0.07416467738243071,0.03541762065346438,5.960464477537651e-07,5.960464477537651e-07,0.4999999999996448,0.10819584666045086,-0.1521644701757312,0.06290352849360602,0.059195182170197536,0.0006585333132741733,-0.013766598195953689,1.2207022882156855,-1.1613690152638392,-4.0,0.0,0.0,1.0,1.760087765280706,1.0,0.0,-0.009078041650354862,2.190000057220459
0.05739760398864746,0.47374867727329895,0.9688657030539438,0.0103532913660818,0.017437176996472774,0.24675494658075206,0.9950267822187991,0.05627517608421679,-0.07416467738243071,0.03541762065346438,0.02868304662799341,0.028683046627993408,0.4991766048565741,0.10819584666045086,-0.1521644701757312,0.06290352849360602,0.059195182170197536,0.0006585333132741733,-0.013766598195953689,1.0260066747944483,-1.5163657590393558,-4.0,0.0,0.0,1.0,1.7589276549000095,1.0,0.0,-0.009078041650354862,2.190000057220459
0.05803656578063965,0.4738291171701634,0.9688646561924906,0.010468547952460182,0.01763092387557243,0.24674042637571167,0.9950267822187991,0.05627517608421679,-0.07416467738243071,0.03541762065346438,0.02900199552900508,0.029001995529005082,0.49915817558699316,0.10819584666045086,-0.1521644701757312,0.06290352849360602,0.059195182170197536,0.0006585333132741733,-0.013766598195953689,1.023827532085612,-1.5203178577330183,-4.0,0.0,0.0,1.0,1.757767544519313,1.0,0.0,-0.009078041650354862,2.190000057220459
0.060091495513916016,0.47408866789349463,0.9688612105890033,0.010839218635014488,0.018253939197278295,0.2466926420856029,0.9950267822187991,0.05627517608421679,-0.07416467738243071,0.03541762065346438,0.030027668549858787,0.030027668549858787,0.49909752465972,0.10819584666045086,-0.1521644701757312,0.06290352849360602,0.059195182170197536,0.0006585333132741733,-0.013766598195953689,1.0168175451935677,-1.5330274323674375,-4.0,0.0,0.0,1.0,1.7566074341386164,1.0,0.0,-0.009078041650354862,2.190000057220459
0.08011317253112793,0.7210662109213168,0.9688213340583344,0.014450781224483799,0.024316618486637246,0.2461404063960378,0.9890466907971294,-0.07806450796046534,-0.09875247082353886,-0.0770748047443796,0.0400137520146461,0.04001375201464608,0.49839632788545946,-0.14277395916629662,-0.2088910887038731,-0.14055064290478328,-0.10116799136131488,-0.06705901247226727,0.010042782455996907,-0.9451337028578783,-2.488260152983278,-4.0,0.0,0.0,1.0,1.7814211005954248,1.0,0.0,-0.009078041650354862,2.190000057220459
0.10008478164672852,0.6782543214555372,0.9687701275825883,0.018053365081581535,0.03034770690646041,0.2454333567353181,0.993153022039574,0.07652888771014235,-0.04053612885937168,-0.07840424999071256,0.04995888718978172,0.04995888718978169,0.4974978488302826,0.15941357517467183,-0.06857050046567775,-0.16304205520926365,-0.001880678476192818,-0.019046875311755335,0.04334728229666643,1.283096217865246,-0.9080506028723737,-4.0,0.0,0.0,1.0,1.7504798921168205,1.0,0.0,-0.009078041650354862,2.190000057220459
0.12011361122131348,0.49430431134890807,0.9687072484621515,0.02166631616134696,0.036375516402280414,0.24456831218976735,0.9957560644281774,0.0019670649138260688,0.09176726184216431,0.006690326159735592,0.0599125003588667,0.0599125003588667,0.4963975143982379,0.005233477624770479,0.18376177275448527,0.013919694157568224,-0.1317467181635359,-0.00954742712794665,-0.07655438080126487,-0.31039024625215794,1.0984016622696706,-4.0,0.0,0.0,1.0,1.7536807638332006,1.0,0.0,-0.009078041650354862,2.190000057220459
0.14015698432922363,0.5285098733475495,0.968632694658063,0.025281915384697887,0.042383027562641076,0.24354713418261603,0.996294913701443,-0.025434747407811476,0.08147672336031889,-0.010538600827492129,0.06984928065904707,0.06984928065904707,0.4950970389644981,-0.05312306432021801,0.16252819394920906,-0.025482332915562844,-0.0839321410290107,-0.11149264024348988,-0.19791767421944115,-1.0665764741303398,1.0613085507149678,-4.0,0.0,0.0,1.0,1.7506523472566866,1.0,0.0,-0.009078041650354862,2.190000057220459
0.1601274013519287,0.7054489269185785,0.9685467572322043,0.028884341731329755,0.04834010819695757,0.2423759637365799,0.9852574789603147,0.09808749149413117,0.10102536350096217,-0.09716182426576858,0.07972198970575672,0.07972198970575672,0.4936034890044389,0.17888869304953206,0.2199006935876611,-0.17679497382348744,-0.18625984498566275,-0.13937193999500996,-0.18610766468244389,1.4922568831034302,2.0935045739597165,-4.0,0.0,0.0,1.0,1.7987803412834036,1.0,0.0,-0.009078041650354862,2.190000057220459
0.18010687828063965,0.5868003948740319,0.9684490435348427,0.03248833442971209,0.05426738899144505,0.2410518796742368,0.9989790493845184,0.01261264166170498,-0.015592251146641985,-0.04048038865052234,0.08956736196270144,0.08956736196270144,0.4919122763979798,0.026477004441545195,-0.030136096498270547,-0.08139821449414376,-0.23721040780082442,-0.23973650050850184,-0.28730339288428414,0.5752678663807744,-0.34019087781078616,-4.0,0.0,0.0,1.0,1.7323883504218525,1.0,0.0,-0.009078041650354862,2.190000057220459
0.20010161399841309,0.3886198581529693,0.9683393965508534,0.03609493482381228,0.060162715675524045,0.23957549208994638,0.9928325243136314,-0.018238007297084934,-0.0615880863175049,0.10078621621333687,0.09938445912645236,0.09938445912645237,0.4900231925982102,-0.048994391272031715,-0.11889696390000597,0.20525116466047338,-0.13066993030781315,-0.327104120399872,-0.4048967051661195,-0.13088503236797977,-1.2391219722286433,-1.2081901133500514,0.0,0.0,0.0,1.750288529103165,1.0,0.0,-0.009078041650354862,2.190000057220459
0.22010040283203125,0.4931622119172955,0.968217746724006,0.03970202107256575,0.06601883729880399,0.2379488549523963,0.9919646955355159,-0.0720843694524702,-0.07501813015134852,0.0719872672100171,0.10916380242421635,0.10916380242421642,0.4879377667697866,-0.15593795750111242,-0.1388985529586183,0.15575594474542903,-0.29921705166154566,-0.32149363346467824,-0.3975835902939202,-0.5345992965333557,-1.8766789451455475,-1.7008048174323305,0.0,0.0,0.0,1.7730895407355516,1.0,0.0,-0.009078041650354862,2.190000057220459
0.2400963306427002,0.6037904859323417,0.9680840140214702,0.043308219755615565,0.07182987975352077,0.23617410584624163,0.9934167909708095,-0.02915691344890842,0.09699617302986159,-0.0535228571075293,0.11889809746774736,0.11889809746774732,0.48565753614923984,-0.06963112422996456,0.19074876388373133,-0.11431490947189168,-0.234655181877689,-0.3875342340482079,-0.4290768838363498,-1.021418859015478,1.9096430879015684,-3.886469975188167,0.0,0.0,0.0,1.7895348490473781,1.0,0.0,-0.009078041650354862,2.180000066757202
0.2601027488708496,0.44597013310640626,0.9679379752778238,0.04691578387383211,0.07759590188007377,0.23425170490305697,0.9979626549757271,0.05247057194664218,-0.013678665030911948,0.03361952522511526,0.12858992300699593,0.12858992300699595,0.4831817791484431,0.10404458722329718,-0.030834551035517153,0.06574518875198782,-0.16712897346208255,-0.35911189432628843,-0.6594479043249565,0.8641368322806696,-0.16282996336808297,-1.4811300792218005,0.0,0.0,0.0,1.7708239283941343,1.0,0.0,-0.009078041650354862,2.180000066757202
0.2801384925842285,0.47738675956373045,0.9677793247640006,0.05052792253134861,0.08331843895121119,0.2321812768823843,0.9914065226837275,0.09053470446969335,-0.07358002627629492,0.05918237744400564,0.13824437248232452,0.13824437248232452,0.48050857794317087,0.17381195945743771,-0.15725893170582156,0.10551987789899478,-0.31380218306373375,-0.42560155078111783,-0.7726444225428392,2.445984551056466,-1.0132252224478466,-0.5928544534368769,0.0,0.0,0.0,1.818760851463513,1.0,0.0,-0.009078041650354862,2.180000066757202
0.30011844635009766,0.5295387530143697,0.9676086270239052,0.0541290746673576,0.08896960980480413,0.22997390442341503,0.999756191582702,-0.020568862469466206,0.004591595592004115,-0.006587604927698473,0.1478166803541605,0.1478166803541606,0.47765073956718207,-0.041201481479760965,0.008910071058859057,-0.013361813393638022,-0.3481536268880485,-0.4416896540411785,-0.7174872608263384,-0.12059609490078471,-0.01081681205654239,-1.814321271105546,0.0,0.0,0.0,1.7809470097894433,1.0,0.0,-0.009078041650354862,2.180000066757202
0.3201253414154053,0.3804287156837057,0.9674250671064343,0.05773390154325693,0.09456932460508523,0.2276228876682716,0.9923989732915346,0.05998348827301312,-0.04258426872820836,0.09865515192524427,0.15734276832783356,0.15734276832783356,0.4745979912040649,0.11140034744410608,-0.09650626085682348,0.1927853079522931,-0.22760309232792417,-0.48794727475527705,-0.9003272344285871,1.3055597864255746,-0.590005334776768,0.8296607977252681,0.0,0.0,0.0,1.8103051877500025,1.0,0.0,-0.009078041650354862,2.180000066757202
0.34009647369384766,0.4941666399502335,0.9672290944877802,0.061330818423777175,0.10009654349049159,0.22513793875993982,0.9980869394592227,-0.05102977283663018,-0.004202187603146205,0.034652058878398895,0.16678902080686892,0.1667890208068689,0.47136124420478825,-0.10233525507014674,-0.004851742776445932,0.06965754541151878,-0.32647412267602527,-0.5445199482832612,-0.8570260436102802,-0.8172304423758261,-0.17359036398772743,-0.2987073545747747,0.0,0.0,0.0,1.8122291590810315,1.0,0.0,-0.009078041650354862,2.180000066757202
0.3601071834564209,0.47102295365539715,0.9670198340836633,0.06493306774408454,0.10556863578547905,0.22251202291233407,0.9977505652179963,-0.008611000083068754,0.06629267940479226,0.0049940907152034855,0.17618727195389913,0.17618727195389908,0.4679295301660741,-0.016668566247205717,0.13276279328189167,0.008902479890926752,-0.26806542242089476,-0.47840885379225145,-1.0269327001464612,-0.6744925457057918,1.044332157893343,-0.13163866500455068,0.0,0.0,0.0,1.8318338413943371,1.0,0.0,-0.009078041650354862,2.180000066757202
0.38012123107910156,0.42354766973402186,0.9667974952825215,0.06853375340890983,0.11097208782254131,0.2197519589979484,0.9938141647155244,0.10230012455680873,0.0032477366647721186,0.04309921963333524,0.1855165248514485,0.18551652485144848,0.4643098308317862,0.20504901045860496,-0.0023628198707208114,0.08643755408892001,-0.4041906917407395,-0.5041808085969318,-0.98446457952431,2.314018830594109,0.26434668225507885,0.18077290192002016,0.0,0.0,0.0,1.879801251442432,1.0,0.0,-0.009078041650354862,2.1700000762939453
0.40012478828430176,0.2984004053862825,0.9665621167804707,0.07212998090649798,0.11629989422488597,0.21686234081223962,0.9905719390408969,0.08971949388728677,0.029860522968240405,0.09912615784660458,0.1947666384487487,0.19476663844874859,0.4605061959923823,0.184875873600649,0.04138270534655552,0.2033119737292878,-0.3890491372937063,-0.6439336990762202,-1.1243674426598762,1.9626419020217258,1.0950437991815638,1.9517359869546373,0.0,0.0,0.0,1.8876939133094528,1.0,0.0,-0.009078041650354862,2.1700000762939453
0.4201018810272217,0.3369222381748346,0.9663138094513568,0.07571843624013695,0.12154478639500117,0.21384855617270057,0.9788324636897949,-0.00817357152653636,-0.023380175428914976,0.2031589726110571,0.20392673869118427,0.20392673869118425,0.4565236962598737,-0.02552667818069361,-0.04246223969391851,0.4098356122642039,-0.45078147928539264,-0.4786033414272771,-1.2413317979458616,0.7567025603110575,-1.2594937399711088,4.0,0.0,0.0,1.0,1.8701380190011763,1.0,0.011131884530186653,-0.009078041650354862,2.1700000762939453
0.4400942325592041,0.34208037661664614,0.9660519622863436,0.07930612339156291,0.12671465376131624,0.21070724116047077,0.9837609960325367,0.11666519971607288,-0.020647964182676493,0.13482282980041196,0.21301236011970973,0.21301236011970967,0.452355760918584,0.22648930338484466,-0.07214615967953314,0.26419096173426726,-0.28143229368438194,-0.5240403383574181,-1.2750372493489115,2.2481507335949127,-0.5181189249020353,3.2309408668180497,0.0,0.0,0.0,1.9362111828152229,1.0,0.011131884530186653,-0.009078041650354862,2.1700000762939453
0.460097074508667,0.3245822411769183,0.9657765202491516,0.08289164100376847,0.1318050687610977,0.20744182952342183,0.9843528483020402,-0.047745264789234396,0.12610349070523044,0.11343619070571181,0.22201754436477833,0.22201754436477822,0.44800469862963904,-0.0677505399547525,0.2620827508913077,0.22053385807049458,-0.32714263780057945,-0.563861220869445,-1.2375129862692704,-1.4697004990822886,1.7102012537410607,3.3921328844998193,0.0,0.0,0.0,1.9804060335691063,1.0,0.011131884530186653,-0.009078041650354862,2.1600000858306885
0.4800853729248047,0.29323157026151164,0.9654877544574537,0.08646991838316971,0.1368067390113354,0.20405946527567875,0.987674282035525,0.11568030636198144,0.046739192013815524,0.0945146933312695,0.23092744960469422,0.2309274496046942,0.44347774805402745,0.240239605921886,0.07051764824667764,0.19932238956566253,-0.4311235672224771,-0.5210871203326312,-1.1795039780655876,2.3180238113131697,0.5931205503849211,2.2764995483913126,0.0,0.0,0.0,1.9849458452061566,1.0,0.011131884530186653,-0.009078041650354862,2.1600000858306885
0.5001394748687744,0.16008656539493266,0.9651843899648925,0.09005468620286858,0.14173657561727013,0.20054922087430582,0.9791714221312025,0.05893206409123908,0.14592000042529854,0.12828753399837986,0.23977396732663736,0.23977396732663736,0.43875784277029706,0.15944878309642005,0.2740587045356394,0.2825815660284312,-0.2683388468941672,-0.5213001723886834,-1.2484370830333482,0.22575991834616915,2.1316244535356987,3.6384885385774135,0.0,0.0,0.0,2.022358571066546,1.0,0.011131884530186653,-0.009078041650354862,2.1600000858306885
0.5200920104980469,0.40793231306432076,0.9648689512383138,0.09361536197181482,0.14655092146896453,0.19694389646739516,0.9933173203419933,0.08545393118456249,-0.014685464207111547,0.07617521837663246,0.24847999210764207,0.24847999210764213,0.43388672890765645,0.1684735713875214,-0.04220612522673871,0.1495115179302525,-0.30796670384532654,-0.604764591085998,-1.0300450689550134,1.3022237244438486,-0.5817947860726354,1.3996439190798737,0.0,0.0,0.0,1.9791537715821084,1.0,0.022263769060373306,-0.009078041650354862,2.1500000953674316
0.5401022434234619,0.19691031381428686,0.964538941161885,0.09717965871268952,0.15128584951427745,0.19321836520253075,0.9686366114939328,0.16216364171971553,0.14535231157434636,0.11966107845805865,0.2571118420187798,0.2571118420187799,0.42882805492844095,0.36794949153800405,0.24522828740912733,0.2916795091777945,-0.3889784786567958,-0.7301845712354257,-1.0308453140813236,2.6019071915314074,3.1879647458114535,2.480413478326253,0.0,0.0,0.0,2.1707966608681417,1.0,0.022263769060373306,-0.018156083300709724,2.1500000953674316
0.5600943565368652,0.166969812984879,0.964195567150929,0.10073327532320211,0.15592059330113708,0.18938976771140398,0.9633540131248184,0.0317349172850668,0.20065847586789637,0.17515169563435556,0.2656330698071323,0.2656330698071323,0.423602493175901,0.1422920576559213,0.38492912271017216,0.38747431887414624,-0.25649236914044804,-0.6691662129174605,-0.8793012330845936,-0.5167514094499586,3.3093438174884904,3.5511240144211937,0.0,0.0,0.0,2.1718249139694557,1.0,0.04452753812074661,-0.018156083300709724,2.140000104904175
0.5801138877868652,0.23912925277150637,0.9638380586699946,0.10428347310284053,0.16046319139498788,0.18545273819547867,0.9638880503067551,0.16921906298297804,0.1856785999836293,0.08836397856097586,0.2740595980588047,0.2740595980588047,0.4182001156286862,0.3898637543830278,0.3342291018948665,0.24942448995706656,-0.39980986880024616,-0.7425037031790923,-0.8502885343420553,2.445774291203798,3.8992705056886123,1.373607451474756,0.0,0.0,0.0,2.2987345853791123,1.0,0.04452753812074661,-0.03631216660141945,2.140000104904175
0.6023166179656982,0.2640065340769994,0.9634256291399071,0.10821006118656001,0.16538305460193392,0.18096984562326648,0.9848564903492195,0.03382850595718338,0.060912190706140755,0.1587546239487261,0.2832764719300362,0.28327647193003624,0.4120126702552623,0.08659842478944374,0.1094571033325965,0.3243888840511859,-0.2622780200405863,-0.675525236705413,-0.8814331323809994,-0.1258494509146726,0.39707860411077034,3.0400444629760126,0.0,0.0,0.0,2.0566855971255613,1.0,0.055659420788288116,-0.03631216660141945,2.130000114440918
0.6201107501983643,0.34038878290782243,0.9630830614538508,0.11134797942439631,0.16923436235833914,0.17729177876018,0.9520802110937346,-0.012008229185396206,0.11806393564697534,0.2818864685916789,0.2905626470871331,0.2905626470871331,0.40690705095601154,0.04493182364270597,0.23370418138015092,0.5809779648180227,-0.31833452126941847,-0.6931764697932731,-0.8392785441124788,-0.5427422803318032,1.153990681871843,4.0,0.0,0.0,1.0,2.1249826774837923,1.0,0.055659420788288116,-0.03631216660141945,2.119999885559082
0.6401121616363525,0.10458387176336305,0.9626853184777059,0.11486465684255326,0.17346404024334539,0.1730702601210728,0.954656350073751,0.15264101441392436,0.15510746925357016,0.20315916657710745,0.2986427009892451,0.2986427009892453,0.40101438521061594,0.37319899101642656,0.23632135482455813,0.4641792516149398,-0.38189231408974833,-0.5676728333380356,-0.6938642155445742,2.441275442689838,2.0067502938591333,3.2093441283162196,0.0,0.0,0.0,2.299547304340069,1.0,0.055659420788288116,-0.03631216660141945,2.119999885559082
0.6601436138153076,0.14958338912583674,0.9622736546575399,0.11837450240682082,0.1775927205282454,0.16875341877228905,0.9509131857463253,0.09200021161570689,0.1754157121462688,0.2377591263624951,0.30661514972436354,0.30661514972436354,0.39495208565028006,0.27336411884790446,0.29408311181434754,0.530754858780841,-0.3574560333093668,-0.6239784438810939,-0.6181237741946513,1.2015800055571282,2.2419815901355404,3.927408540225123,0.0,0.0,0.0,2.2901812827396246,1.0,0.06679131090641022,-0.045390207320451736,2.109999895095825
0.6801161766052246,0.16049651450119792,0.9618500902844732,0.12186088747663712,0.18160040388650475,0.1643642942716436,0.9509131857463253,0.09200021161570689,0.1754157121462688,0.2377591263624951,0.3144416777668171,0.3144416777668171,0.38874983123236106,0.27336411884790446,0.29408311181434754,0.530754858780841,-0.3574560333093668,-0.6239784438810939,-0.6181237741946513,1.1689513485280112,2.1396220091948193,4.0,0.0,0.0,1.0,2.2894650836396284,1.0,0.06679131090641022,-0.045390207320451736,2.109999895095825
0.7001233100891113,0.1719562701403979,0.9614128644677314,0.12533902742501818,0.18550425032913614,0.15988622626707713,0.9509131857463253,0.09200021161570689,0.1754157121462688,0.2377591263624951,0.3221559975489678,0.3221559975489676,0.3823813714647061,0.27336411884790446,0.29408311181434754,0.530754858780841,-0.3574560333093668,-0.6239784438810939,-0.6181237741946513,1.1362726405532741,2.039064848095164,4.0,0.0,0.0,1.0,2.2887488845396327,1.0,0.06679131090641022,-0.045390207320451736,2.109999895095825
0.7201058864593506,0.18381580932819172,0.9609634907320667,0.12879746328934794,0.1892909620415626,0.1553361343012304,0.9509131857463253,0.09200021161570689,0.1754157121462688,0.2377591263624951,0.3297321371608056,0.3297321371608055,0.3758679525090796,0.27336411884790446,0.29408311181434754,0.530754858780841,-0.3574560333093668,-0.6239784438810939,-0.6181237741946513,1.1036420034898402,1.9406539395903548,4.0,0.0,0.0,1.0,2.288032685439637,1.0,0.06679131090641022,-0.045390207320451736,2.109999895095825
0.7401177883148193,0.2919009546831958,0.9605010198351925,0.1322442955652971,0.19296914065275306,0.15070550070163855,0.9737516239756394,0.04411875133129751,0.09062910743415008,0.20407762119218614,0.3371874449587296,0.3371874449587297,0.3691945651850846,0.124809428429789,0.1591643569270794,0.42314383889060286,-0.33255670699363704,-0.7253435124575575,-0.4805827048521398,0.11673455303958935,0.47749751550952224,2.977104062800965,0.0,0.0,0.0,2.1818085426913476,1.0,0.06679131090641022,-0.054468248039484024,2.0999999046325684
0.7601134777069092,0.35521156189947617,0.9600267951829113,0.13567039861381616,0.1965288486797557,0.14600858573182027,0.9636751397796183,0.04217174213383335,0.08662434395156211,0.24909434391630048,0.3445018467015364,0.34450184670153644,0.36237891442415787,0.12611583847356547,0.1464691123989425,0.5151593493134308,-0.23680148208468527,-0.7281659999293189,-0.45704418069672764,-0.13179129621938546,0.2353526613509933,3.8661126381710407,0.0,0.0,0.0,2.2071176536792474,1.0,0.07792319357395172,-0.0726243332028389,2.0899999141693115
0.7801218032836914,0.32970958978904585,0.9595404767111073,0.13907940684890643,0.19997390838662674,0.1412424444285581,0.9883856367597184,0.05236272905924328,0.06366746879390912,0.1276653087958149,0.35168300279330295,0.351683002793303,0.35541393549815353,0.1208241246115605,0.11272479384558508,0.26373397500771484,-0.26666926452998896,-0.65867963676695,-0.36870488381230704,-0.3469779069373531,-0.3036734727677035,1.1004531772302013,0.0,0.0,0.0,2.2245013551249104,1.0,0.08905507624149323,-0.08170237392187119,2.0799999237060547
0.8001244068145752,0.19324596339704328,0.9590428833337263,0.142466823951894,0.20329986633482025,0.13641523502980493,0.9606074476336386,0.05075208415541115,0.220602233194337,0.16122100425918434,0.3587213802052111,0.3587213802052111,0.3483087299848633,0.18572734168139,0.4196706360749096,0.37222857918043895,-0.25610968884733615,-0.6886269212543261,-0.2803429236917816,-0.6855325221775763,2.759114667928835,2.0151111674320643,0.0,0.0,0.0,2.4756949176703165,1.0,0.11131884157657623,-0.08170237392187119,2.069999933242798
0.820136308670044,0.3604098688073713,0.9585340561215187,0.14583378399369415,0.20650806735517044,0.13152714099585022,0.9356134804694596,0.14416613570941825,0.13227781498758504,0.29384710333870573,0.3656194077998423,0.36561940779984237,0.3410607697172053,0.359926004612315,0.16352401203533967,0.6384415075588492,-0.26524071655915793,-0.7643711828289552,-0.1766264908291417,1.9615182900454022,1.2512844024070024,3.6689658415990865,0.0,0.0,0.0,2.435475225261205,1.0,0.12245073169469833,-0.09078041464090347,2.059999942779541
0.8401172161102295,0.27533872241043594,0.9580154931600405,0.1491720998072248,0.20959123872232677,0.12659191188724572,0.9393277109247464,0.09028559336960662,0.21770648647556634,0.2492305135115646,0.3723606761256464,0.37236067612564633,0.33368776854306714,0.30324453449440125,0.3725499282528457,0.5762809937397043,-0.2461324644841585,-0.7095658774276581,-0.15047572340006038,0.4055330961879535,2.557113816712313,3.2700642310757466,0.0,0.0,0.0,2.52968478473541,1.0,0.12245073169469833,-0.09078041464090347,2.059999942779541
0.8601095676422119,0.286700593359655,0.957486603417057,0.15248741036935146,0.21255520836591854,0.12160294960336049,0.9393277109247464,0.09028559336960662,0.21770648647556634,0.2492305135115646,0.37895702219061783,0.37895702219061783,0.32617721461257776,0.30324453449440125,0.3725499282528457,0.5762809937397043,-0.2461324644841585,-0.7095658774276581,-0.15047572340006038,0.3787916346017417,2.473594026268479,3.3702365493923834,0.0,0.0,0.0,2.5292797923686208,1.0,0.12245073169469833,-0.09078041464090347,2.059999942779541
0.8801076412200928,0.2983031813624226,0.956948059915665,0.1557772072048241,0.21539818436079347,0.11656540873339527,0.9393277109247464,0.09028559336960662,0.21770648647556634,0.2492305135115646,0.38540372908012394,0.3854037290801239,0.31853408861711235,0.30324453449440125,0.3725499282528457,0.5762809937397043,-0.2461324644841585,-0.7095658774276581,-0.15047572340006038,0.3521204674003495,2.3923447129043947,3.4713807613185903,0.0,0.0,0.0,2.5288748000018315,1.0,0.12245073169469833,-0.09078041464090347,2.059999942779541
0.9001030921936035,0.3832091065919524,0.9564006592069502,0.1590385439890629,0.2181182725824761,0.11148515488614075,0.9540811631261522,0.14017590637387128,0.08740571790540604,0.24988015110759174,0.3916954942999827,0.3916954942999827,0.31076460503907505,0.31795666715383814,0.09688142859354903,0.5278511795440742,-0.29935637155578,-0.73068846370384,-0.0865714872224305,1.7391782290940174,-0.0496599802224611,2.6651980799498722,0.0,0.0,0.0,2.4053940773742584,1.0,0.12245073169469833,-0.09985845535993576,2.049999952316284
0.920180082321167,0.2635399594704372,0.9558426621858646,0.1622833639160687,0.22072561933928594,0.10634432711156891,0.9441936916868492,0.15913689726741564,0.17500125086272406,0.22923412203103916,0.3978553523176283,0.3978553523176282,0.3028384365172558,0.4050157601909164,0.2604453833110601,0.5301160074566772,-0.2270509085674036,-0.8136503494161569,0.10102607486530654,1.525610841332234,2.0263683166173965,1.8354219431588086,0.0,0.0,0.0,2.58879587629912,1.0,0.14471450448036194,-0.12709258496761322,2.0399999618530273
0.9401142597198486,0.27884945074205336,0.9552809930833397,0.16547390487309838,0.22319118952093686,0.10120426858579797,0.9307105323579672,0.13076181088438457,0.2518820915816107,0.2307263871182897,0.40381274207401385,0.40381274207401396,0.2948478749095301,0.40499260051151625,0.4208300595540682,0.5736516918842925,-0.26305624045784376,-0.831736607816014,0.19971933864567024,0.9904353700241565,3.4858712505667304,1.9753562988356999,0.0,0.0,0.0,2.7693089568303946,1.0,0.15584638714790344,-0.12709258496761322,2.0299999713897705
0.960106372833252,0.3038691389891853,0.9547107337275534,0.16864082122383334,0.2255402387118226,0.0960171289102195,0.9534632272300345,0.1537727615266523,0.13834926623826224,0.21936565971885705,0.4096262853060393,0.4096262853060392,0.28671642154989196,0.36929544726619773,0.19764114899027074,0.4893053486240316,-0.33920440115021694,-0.7698131701757346,0.1527813942864899,1.8009689698960052,0.9754530741365834,1.5195011603891737,0.0,0.0,0.0,2.5654209653720343,1.0,0.18924203515052795,-0.1452486664056778,2.0199999809265137
0.9801247119903564,0.45903548636838615,0.9541334733707845,0.17177716859785525,0.2277680006103936,0.0907945881638891,0.9218593344597108,0.050132574521851214,0.26474072142067323,0.27852188937850436,0.4152834157119374,0.4152834157119373,0.2784594847273589,0.2736150705468169,0.4781994754544472,0.6539118301177284,-0.2943089215254775,-0.7864361031463712,0.25472634456304455,-0.24516170915946112,3.1324642430898884,3.303195309329875,0.0,0.0,0.0,2.769562828015647,1.0,0.18924203515052795,-0.16340474784374237,2.009999990463257
1.0001354217529297,0.4702077318069259,0.9535509461682719,0.17487584634321487,0.22987037675520985,0.08554905795948811,0.9218593344597108,0.050132574521851214,0.26474072142067323,0.27852188937850436,0.4207720728885779,0.4207720728885779,0.27009417371918504,0.2736150705468169,0.4781994754544472,0.6539118301177284,-0.2943089215254775,-0.7864361031463712,0.25472634456304455,-0.26339141647641573,3.0680975378983666,3.410962170511133,0.0,0.0,0.0,2.7694926360729943,1.0,0.18924203515052795,-0.16340474784374237,2.009999990463257
1.0201730728149414,0.48151965624291787,0.9529629423768713,0.17794037163037235,0.23185076113808106,0.08027502201901406,0.9218593344597108,0.050132574521851214,0.26474072142067323,0.27852188937850436,0.4260992948026159,0.42609929480261577,0.2616092333399445,0.2736150705468169,0.4781994754544472,0.6539118301177284,-0.2943089215254775,-0.7864361031463712,0.25472634456304455,-0.2815255545934723,3.0061126828994555,3.5191655745658768,0.0,0.0,0.0,2.769422444130342,1.0,0.18924203515052795,-0.16340474784374237,2.009999990463257
1.040097713470459,0.4928698336261614,0.952374430615186,0.18094779151108012,0.23369616488788306,0.07501295337711947,0.9218593344597108,0.050132574521851214,0.26474072142067323,0.27852188937850436,0.4312268438321633,0.431226843832163,0.2530679931531271,0.2736150705468169,0.4781994754544472,0.6539118301177284,-0.2943089215254775,-0.7864361031463712,0.25472634456304455,-0.29942260483224303,2.9469439025671935,3.6269784816885933,0.0,0.0,0.0,2.7693522521876894,1.0,0.18924203515052795,-0.16340474784374237,2.009999990463257
1.060112476348877,0.3694475192446827,0.9517802857714804,0.1839270055410578,0.23542575142843214,0.06971269478234803,0.9161709824766611,0.2104541714328554,0.23338628880809623,0.24873804049771714,0.436205231686826,0.4362052316868261,0.24438697970440726,0.5587590325202304,0.3288422961203683,0.6253407086052956,-0.24031465094349166,-0.765018268004929,0.28731511029515816,2.44299658442535,2.5673512947456634,2.1758380584453967,0.0,0.0,0.0,2.975063634508251,1.0,0.21150580048561096,-0.17248278856277466,2.0
1.0801336765289307,0.24680492059850903,0.9511838727904287,0.18686339443764866,0.23703162004170825,0.06439971322175755,0.9441675452153931,0.11454656179246801,0.2640572088286045,0.16031382413600334,0.44101040227221716,0.4410104022722173,0.23560523145231133,0.34620933443416385,0.48013813771499986,0.4219326481627371,-0.2055903370079684,-0.7549787686476259,0.5340239242523237,-0.10726411654580847,3.115702596095604,0.1414097872693647,0.0,0.0,0.0,2.884123848940693,1.0,0.24490146338939667,-0.19063887000083923,1.9900000095367432
1.1001060009002686,0.2468106724517816,0.950587775982908,0.18974710637247966,0.23851005011880738,0.059092061797364606,0.9537307845667968,0.10352790712436222,0.24086533203617158,0.14718510399886378,0.4456277183258433,0.44562771832584336,0.2267508250474578,0.3016569707782007,0.44334761460412214,0.3747155986330595,-0.28283079074211814,-0.827616852185318,0.5285977560563655,-0.10234476099963241,2.904047268049284,-0.023081110809342498,0.0,0.0,0.0,2.8241601344681695,1.0,0.256033331155777,-0.2087949514389038,1.9700000286102295
1.120112657546997,0.4027948632945178,0.9499904727493322,0.19258830245128347,0.23986774703312444,0.05377091572296337,0.9560700763524812,0.11832245421399665,0.15398294079742683,0.21958838738766115,0.4500747596900779,0.45007475969007776,0.2177905202021399,0.30774917690809717,0.24491358565871646,0.4896979791013361,-0.19857186891415293,-0.7743335007719354,0.6127220248360211,0.24768065988351806,0.7178160721216122,0.7185456027111718,0.0,0.0,0.0,2.6523582093845333,1.0,0.2782971262931824,-0.23602907359600067,1.9600000381469727
1.1401376724243164,0.47489183695620574,0.9493934277102343,0.19538259942876698,0.24110363893756379,0.04844372562195571,0.9574002764711499,0.08373175014546123,0.146305856721483,0.23445319558397287,0.4543454893762305,0.4543454893762307,0.2087347031125241,0.23812307397251736,0.24327675642702212,0.5095628682252956,-0.33401673604216037,-0.6963741373758243,0.8290574654735654,0.17356567224781028,0.11184317674694544,0.37588765075668906,0.0,0.0,0.0,2.6160850455745726,1.0,0.3116927742958069,-0.25418516993522644,1.9500000476837158
1.160149335861206,0.4868591007547594,0.9487985997057218,0.19812360848422542,0.24221630733818664,0.04312207575133892,0.9574002764711499,0.08373175014546123,0.146305856721483,0.23445319558397287,0.4584313671305891,0.4584313671305893,0.19960130668605103,0.23812307397251736,0.24327675642702212,0.5095628682252956,-0.33401673604216037,-0.6963741373758243,0.8290574654735654,0.14087384001350012,0.06703267185326434,0.48115464548778686,0.0,0.0,0.0,2.6164031224967386,1.0,0.3116927742958069,-0.25418516993522644,1.9500000476837158
1.180102825164795,0.49865930445367257,0.9482083410384651,0.20080351480821448,0.24320457931560938,0.03782093369638632,0.9574002764711499,0.08373175014546123,0.146305856721483,0.23445319558397287,0.4623225880889275,0.46232258808892734,0.19041487479384567,0.23812307397251736,0.24327675642702212,0.5095628682252956,-0.33401673604216037,-0.6963741373758243,0.8290574654735654,0.10871634414176246,0.024938338493877055,0.5860799072205909,0.0,0.0,0.0,2.616721199418905,1.0,0.3116927742958069,-0.25418516993522644,1.9500000476837158
1.2001147270202637,0.36050504649432275,0.9476202554689538,0.2034360055021463,0.2440749728033682,0.032512316763354095,0.9242407163100134,0.15950921294211454,0.2826146970483466,0.20115874903571013,0.4660403260293459,0.466040326029346,0.1811254110125386,0.477600265346619,0.4760080572225436,0.5465944673783399,-0.21948110761455386,-0.6212794875946662,0.725070319962485,0.9387180167970577,2.614927258405001,0.6824126495451779,0.0,0.0,0.0,3.1435334398239165,1.0,0.3228246569633484,-0.2904973328113556,1.940000057220459
1.2201833724975586,0.525343109465236,0.9470355030633624,0.20601838730009736,0.24482720023728793,0.027199670140687464,0.9284984732162275,0.13840960607135966,0.20562725723614328,0.276497372978201,0.4695811778543309,0.469581177854331,0.17173676777248145,0.3998998335879316,0.3102633299797654,0.6422211143774829,-0.17831903214934203,-0.7192018901572511,0.8960274122225294,0.7511188682462239,1.1611232433051222,1.3173810730465023,0.0,0.0,0.0,2.8437955966051263,1.0,0.3562203049659729,-0.30865341424942017,1.9299999475479126
1.2402403354644775,0.2756438233559367,0.9464571894020372,0.208539650252226,0.24545919725761414,0.02190400382403527,0.9238662128032157,0.2098226786383831,0.2811493719876137,0.15297285707153221,0.472931016099945,0.472931016099945,0.16228448481193017,0.5610287784964859,0.4727029154406766,0.46674335840811954,-0.2883757724114606,-0.7026790744633831,1.0456838921094613,1.899817961223842,3.0511050196319043,-1.5492600336679767,0.0,0.0,0.0,3.3414544328683107,1.0,0.3896159529685974,-0.3449655771255493,1.909999966621399
1.2600831985473633,0.2966201060054694,0.9458921347520945,0.2109733712141816,0.24596756264940947,0.016681252259865338,0.9743805546135923,0.10948236286805287,0.17374566965422067,0.09169836033508307,0.4760578909089193,0.4760578909089193,0.15286884739328488,0.2616680533157949,0.3241573108560663,0.2306913539384865,-0.304896050277365,-0.6203699517137244,1.0357545662909446,-0.42748215239856435,0.6246606660585123,-2.5388288712624787,0.0,0.0,0.0,2.76486450132959,1.0,0.4118797183036804,-0.3631216585636139,1.899999976158142
1.2801012992858887,0.2640950745725384,0.9453303350442019,0.21336547913557424,0.2463636531667539,0.011431550935678991,0.9701385703514491,0.10063812785521276,0.21099168250680617,0.06469645624909869,0.4790224497099015,0.4790224497099013,0.1433090809192668,0.2448618445917815,0.40754922675098804,0.184020825679814,-0.2719379615882916,-0.695184485276542,1.118317012474442,-0.8788664061360052,1.7366662439987608,-3.0673860741796437,0.0,0.0,0.0,2.855035664894217,1.0,0.4564072787761688,-0.39035579562187195,1.8899999856948853
1.300124168395996,0.22847863796809564,0.9447778010509386,0.21569273661097882,0.24664362880769553,0.006202449773413686,0.9637508603306295,0.10999997237492216,0.2390118097148007,0.044245226932900075,0.48179569644480985,0.48179569644480974,0.13368959154422114,0.2643151683013798,0.46784255911412825,0.15508438583027084,-0.31610970035659447,-0.6946096178188607,1.0677232755748387,-0.6259248761079033,2.363417226748865,-3.0659608849431352,0.0,0.0,0.0,2.9524409613963756,1.0,0.4564072787761688,-0.39035579562187195,1.8899999856948853
1.3226268291473389,0.23749155004239392,0.9441694512774466,0.21822762164860152,0.24682104134355207,0.0003549283379586099,0.9637508603306295,0.10999997237492216,0.2390118097148007,0.044245226932900075,0.4846818358506771,0.48468183585067715,0.12281497464241638,0.2643151683013798,0.46784255911412825,0.15508438583027084,-0.31610970035659447,-0.6946096178188607,1.0677232755748387,-0.6480136712195552,2.341981866259518,-2.9420610984099977,0.0,0.0,0.0,2.9532070255797094,1.0,0.4564072787761688,-0.39035579562187195,1.8899999856948853
1.3400976657867432,0.4887430493062554,0.9437073183502206,0.22013509970405978,0.24685970933526966,-0.0041616195675915416,0.9330811862089411,0.10494419855952479,0.27343821543109764,0.20875286219228442,0.4867534391876927,0.4867534391876927,0.11432886529198612,0.3580733416045181,0.48529046306892126,0.5297301513098436,-0.2299988665846052,-0.6482165262319688,1.1749029805660327,-0.15393843461172108,2.2191645977832017,0.0038198210176751957,0.0,0.0,0.0,3.08363026083651,1.0,0.47867104411125183,-0.4266679584980011,1.8799999952316284
1.3600993156433105,0.3466188663252636,0.9431902175149645,0.2222519896804835,0.24679886775408652,-0.009305135272596243,0.9633040150976337,0.0914834798985253,0.23115927824755905,0.10120047175038921,0.48894268914267963,0.4889426891426797,0.10457077380379738,0.24920711302485718,0.44099223231246104,0.2654768093176867,-0.11345927015289531,-0.4846860028055973,1.1786091808087382,-1.559818529795358,1.0775751580836839,-2.050185535265954,0.0,0.0,0.0,2.939686559375163,1.0,0.5231985449790955,-0.47205814719200134,1.8600000143051147
1.3801016807556152,0.3474462206557838,0.9426869503048178,0.22429560220450398,0.24662710856841843,-0.014417554435563404,0.9398683386758061,0.20446241649493233,0.22439778816678124,0.15648724823987928,0.4909364040598343,0.49093640405983413,0.09477049735439438,0.5084183612115375,0.3659293101193333,0.42605223991130164,-0.10305112462318541,-0.5937850253434569,1.153687051505509,0.8875041330661202,1.2089922249406369,-1.3952571624393206,0.0,0.0,0.0,3.1695927781129183,1.0,0.5565942525863647,-0.5083703398704529,1.850000023841858
1.4000978469848633,0.2488904649360467,0.9421987895888331,0.22626325628152177,0.2463459470748482,-0.01949497663543758,0.9415793363174678,0.16900919877428294,0.27827301900757384,0.08618799824825998,0.4927331780217641,0.49273317802176414,0.08493535940097283,0.4350684953431886,0.5177187337714712,0.29948767377105384,-0.27840470620065944,-0.41166959296053895,1.149394645010027,0.570667742616673,1.7954431881544903,-2.1797681186791813,0.0,0.0,0.0,3.291506620359241,1.0,0.6011217832565308,-0.5356044173240662,1.840000033378601
1.4200973510742188,0.06307474733631625,0.9417265927079328,0.22815390964496796,0.24595673557172532,-0.0245377734793404,0.9359590397604319,0.24250839782468214,0.2552814705261287,0.0013128904192259469,0.49433319138886334,0.4943331913888633,0.07506461144441762,0.5437380391340901,0.4974990212091608,0.1441910529162737,-0.21658424182676622,-0.43803865667439024,1.0945212650571197,1.2947538900375544,1.8311498698371134,-3.9220925320796027,0.0,0.0,0.0,3.45910763049409,1.0,0.6567811965942383,-0.5719166398048401,1.8300000429153442
1.4400951862335205,0.04388321558187973,0.9412715586597992,0.22996509280892646,0.2454610706785182,-0.02954271024956056,0.9434505106533899,0.2170324236533347,0.25027720063383846,-0.012624732627136634,0.4957353791208751,0.4957353791208751,0.06516466748079225,0.47682358346140913,0.4980669786470225,0.09669491869029224,-0.13375282607911637,-0.47761668771855803,1.1532307066619567,0.3674263019477052,1.920265952153944,-4.0,0.0,0.0,1.0,3.3342210594046473,1.0,0.6567811965942383,-0.5719166398048401,1.8300000429153442
1.460141658782959,0.054065891682630055,0.9408336689922155,0.23169909934985816,0.24485889719402582,-0.034520357994036494,0.9434505106533899,0.2170324236533347,0.25027720063383846,-0.012624732627136634,0.4969420083099753,0.4969420083099755,0.055214494264172284,0.47682358346140913,0.4980669786470225,0.09669491869029224,-0.13375282607911637,-0.47761668771855803,1.1532307066619567,0.3578744701496829,1.9082681020766195,-4.0,0.0,0.0,1.0,3.3355278860286863,1.0,0.6567811965942383,-0.5719166398048401,1.8300000429153442
1.4801051616668701,0.06423867641948784,0.9404167907562438,0.23334279728742374,0.24415604201234264,-0.03943635082857477,0.9434505106533899,0.2170324236533347,0.25027720063383846,-0.012624732627136634,0.497945187105039,0.4979451871050388,0.045283447736759734,0.47682358346140913,0.4980669786470225,0.09669491869029224,-0.13375282607911637,-0.47761668771855803,1.1532307066619567,0.349834680774306,1.8985200094688084,-3.998036040012244,0.0,0.0,0.0,3.3368347126527245,1.0,0.6567811965942383,-0.5719166398048401,1.8300000429153442
1.500110387802124,0.2506458656703184,0.9400192769564696,0.23490476779990227,0.2433500825442943,-0.044319818826295106,0.9701983827099842,0.1591671061463764,0.1806737998182218,0.027164472517691374,0.498751394525394,0.4987513945253942,0.03531354497887137,0.3459628151495451,0.34897149401128824,0.11756507671385476,-0.1176941937792087,-0.32373286243817684,0.9747733008926088,-0.8025466463092619,-0.29899501551531005,-2.454254144829967,0.0,0.0,0.0,2.9537933788417257,1.0,0.6901768445968628,-0.6173068881034851,1.8200000524520874
1.5204017162322998,0.39767058471232786,0.9396377872168762,0.2364000118320383,0.24243039550209322,-0.04922770131423397,0.9240047755060296,0.2244163796456041,0.2730611995174353,0.14591108493500954,0.4993652301629651,0.4993652301629652,0.025186641385641306,0.5827321066119207,0.45463011431652817,0.45175680955958186,-0.2587513395505488,-0.4023623429565931,1.0225668847467413,1.8600219126465392,1.3500672399328106,-0.2355371549381,0.0,0.0,0.0,3.4890505037494415,1.0,0.7347043752670288,-0.6626970767974854,1.809999942779541
1.540130615234375,0.439126936893838,0.9392887810878313,0.2377659293666966,0.24143921724032325,-0.05395417438259327,0.9267877760326434,0.304568964461604,0.16845323689885863,0.1411583191368836,0.49976492195649364,0.49976492195649375,0.015330452759776314,0.6794873602485226,0.22823219452004914,0.3832712147881619,-0.20454157592204242,-0.35121746059664655,0.991828862576649,2.9959575814991677,-0.905771869487453,-0.9851145931667666,0.0,0.0,0.0,3.477843181572169,1.0,0.8014956712722778,-0.7080872654914856,1.7899999618530273
1.5601105690002441,0.31020844512651835,0.9389582676494582,0.2390590564057336,0.24033971988230918,-0.058693766364252255,0.9189594008181311,0.24560649766263892,0.2968660181699299,0.08403353622099045,0.49997145391671893,0.49997145391671877,0.0053427772180952736,0.6193888779475226,0.5286143079329654,0.3551539369538191,-0.16803216628275286,-0.280807327542804,0.9817618335350247,1.643117977171528,1.5907854882153254,-1.0314336281903187,0.0,0.0,0.0,3.757308700922912,1.0,0.8348913192749023,-0.7534775137901306,1.7799999713897705
1.5801136493682861,0.14219883873979475,0.93865137550781,0.24026093543611662,0.2391442563697869,-0.06339008444544186,0.9278185688241803,0.2951575219199264,0.22712115824721552,-0.021230168995586513,0.4999782970320239,0.4999782970320239,-0.0046585938819819215,0.6400509303610262,0.4489135025952526,0.10528434812639317,-0.11526952679142788,-0.3540627992595413,0.792727355394068,1.7301103692557533,0.97016771566361,-2.7135117026929985,0.0,0.0,0.0,3.6663072659168354,1.0,0.8905507326126099,-0.8170238137245178,1.7699999809265137
1.6001238822937012,0.1457822515639407,0.9383692551095392,0.2413685682141716,0.23785539211517467,-0.06803798780935336,0.9278185688241803,0.2951575219199264,0.22712115824721552,-0.021230168995586513,0.4997849890337888,0.4997849890337886,-0.014661675773789927,0.6400509303610262,0.4489135025952526,0.10528434812639317,-0.11526952679142788,-0.3540627992595413,0.792727355394068,1.729551324952075,0.9658358810346154,-2.614503996096663,0.0,0.0,0.0,3.668217046832503,1.0,0.8905507326126099,-0.8170238137245178,1.7699999809265137
1.6201157569885254,0.1499828195993439,0.9381130530371388,0.2423788264907391,0.23647670049115566,-0.07263039525657854,0.9278185688241803,0.2951575219199264,0.22712115824721552,-0.021230168995586513,0.49939202170384817,0.499392021703848,-0.024649719238631282,0.6400509303610262,0.4489135025952526,0.10528434812639317,-0.11526952679142788,-0.3540627992595413,0.792727355394068,1.730738252904466,0.9635749036384036,-2.5164491490651404,0.0,0.0,0.0,3.6701268277481707,1.0,0.8905507326126099,-0.8170238137245178,1.7699999809265137
1.6401193141937256,0.15474081409697255,0.9378831345669597,0.24329151288221043,0.23500803417545865,-0.07717311401858537,0.9278185688241803,0.2951575219199264,0.22712115824721552,-0.021230168995586513,0.498799061913447,0.4987990619134469,-0.03463373838131385,0.6400509303610262,0.4489135025952526,0.10528434812639317,-0.11526952679142788,-0.3540627992595413,0.792727355394068,1.7337034135740024,0.9633548117107757,-2.4192395824865636,0.0,0.0,0.0,3.6720366086638383,1.0,0.8905507326126099,-0.8170238137245178,1.7699999809265137
1.6601159572601318,0.24490628790228772,0.9376804379236132,0.24410401594835157,0.23345262813253376,-0.08166086058376189,0.9171807424633228,0.3152848152063075,0.24319129896129896,0.01526312760440868,0.49800682655969103,0.498006826559691,-0.04460045627508568,0.708981735922048,0.4516784626728712,0.202950838997946,-0.0948819777671272,-0.3759284897512395,0.7726908984635925,2.2829544914677493,1.192618935519441,-1.5913714155233487,0.0,0.0,0.0,3.897356578752131,1.0,0.9573420882225037,-0.8624140024185181,1.7599999904632568
1.680311679840088,0.20611050582299534,0.9375039442436608,0.2448215402042426,0.23179515563690964,-0.08613810888835671,0.9448234791045506,0.19378506803318357,0.2640962818566857,-0.003015733678800335,0.4970045924711448,0.4970045924711449,-0.054648285083717156,0.4346094728120012,0.5238499919896524,0.11185939638703202,-0.13258357183968394,-0.30818839966349026,0.7265000890301071,-0.02144875129580437,1.4853903543578086,-0.9400790763958944,0.0,0.0,0.0,3.39964939076956,1.0,1.0130014419555664,-0.9168822765350342,1.75
1.700103998184204,0.40271800647555955,0.9373590977641547,0.24542260371808775,0.23008829131489753,-0.0904712419655858,0.9599563306251392,0.15991769568090847,0.21204630903502059,0.08914334930577521,0.49582570274815263,0.49582570274815285,-0.06447381246909908,0.3817732465142447,0.3882823612973948,0.2611446713276434,0.0010014154285087062,-0.27129808068334776,0.6569178756703398,-0.9240004881387253,-0.08394608447604535,1.085399274584005,0.0,0.0,0.0,3.1198332710366774,1.0,1.079792857170105,-0.9713504910469055,1.7400000095367432
1.7200992107391357,0.3622901303467885,0.9372415873614762,0.24592557170351714,0.22828295026445122,-0.09479300987412853,0.9640454743697544,0.14528757789363736,0.21619145700850612,0.05262220988836013,0.49443750669608544,0.4944375066960855,-0.07437440401212221,0.3370599183237711,0.41320438492239625,0.18035298018890172,-0.09874942051297726,-0.33278179449411766,0.5490668257929358,-0.9731559591875678,0.44782888608578,1.017829225651735,0.0,0.0,0.0,3.1131466336898423,1.0,1.1354522705078125,-1.0348968505859375,1.7300000190734863
1.740147590637207,0.10727238126238897,0.937153347365341,0.24632310510154048,0.22639306691753153,-0.09906922159150186,0.9394332338844836,0.2378264193660476,0.2419719092954537,-0.048511735041933055,0.4928471571065191,0.49284715710651905,-0.08427146451807993,0.5028333587164139,0.4980435218309056,0.027262385464100158,0.07314013456315147,-0.16612683975590342,0.5849429594742238,-0.20326129789113973,0.7139452940267714,-1.2724317597411958,0.0,0.0,0.0,3.511511462264713,1.0,1.2022435665130615,-1.0984431505203247,1.7200000286102295
1.7601277828216553,0.11644876611309092,0.9370953180999969,0.24661140085231564,0.22443215701166563,-0.10327336860883007,0.9394332338844836,0.2378264193660476,0.2419719092954537,-0.048511735041933055,0.4910651380649968,0.49106513806499685,-0.09410116990349078,0.5028333587164139,0.4980435218309056,0.027262385464100158,0.07314013456315147,-0.16612683975590342,0.5849429594742238,-0.18670575547763815,0.7307899135777537,-1.1826628360726392,0.0,0.0,0.0,3.5136939140452115,1.0,1.2022435665130615,-1.0984431505203247,1.7200000286102295
1.7801134586334229,0.12555066704149043,0.9370675220021901,0.24679056489260487,0.22239534859112825,-0.10742059957798718,0.9394332338844836,0.2378264193660476,0.2419719092954537,-0.048511735041933055,0.48908651865468517,0.48908651865468494,-0.10389599256102425,0.5028333587164139,0.4980435218309056,0.027262385464100158,0.07314013456315147,-0.16612683975590342,0.5849429594742238,-0.168157771354718,0.7493717158422384,-1.0941597449436387,0.0,0.0,0.0,3.515876365825711,1.0,1.2022435665130615,-1.0984431505203247,1.7200000286102295
1.8001511096954346,0.19991393100159752,0.9370703398031033,0.2468591247449509,0.22027958803478112,-0.11151974662220347,0.9340933425810098,0.1893643779297235,0.29326252399517255,-0.07488559098455512,0.4869066436602541,0.48690664366025405,-0.1136746249587232,0.38883955422048144,0.614108903421785,-0.03528661149761923,0.08756475981277398,-0.14713497664649797,0.5776061420091333,-1.088917594621372,1.9168247130331366,-1.016860377416745,0.0,0.0,0.0,3.5968497931179164,1.0,1.280166745185852,-1.171067476272583,1.7100000381469727
1.8201124668121338,0.258773049349481,0.9371039458895563,0.2468154871252214,0.21810055947247442,-0.11554417281350385,0.9573818530344992,0.15563035175606574,0.24154105521929878,-0.02927626574649742,0.4845406924009088,0.4845406924009087,-0.1233706505115698,0.32773343103211616,0.4911118253579183,0.021690191501725572,0.0543430892395573,-0.10587025411601972,0.579955889055606,-1.5959995610288171,0.5592252904203477,-0.14266362543498357,0.0,0.0,0.0,3.27574368862386,1.0,1.346958041191101,-1.2255356311798096,1.7000000476837158
1.8401100635528564,0.13048584198019342,0.9371686188069007,0.2466584424437566,0.2158482054079888,-0.11951629561250877,0.9196645379308803,0.30677917039331465,0.2226781320462845,-0.10255792408949901,0.48197685869229406,0.48197685869229406,-0.13303498669563732,0.6291055730802025,0.49212936961327747,-0.05904945972304762,0.06495437829486761,-0.1243725275415776,0.3586385027291833,1.0429326966293178,0.4737038133315624,-1.3843832400386784,0.0,0.0,0.0,3.8593536604392016,1.0,1.4248812198638916,-1.2981600761413574,1.690000057220459
1.860114574432373,0.4554218873138109,0.9372644779239547,0.2463866123218015,0.21352762003749212,-0.12342970133500006,0.9258446782114444,0.17792148043562628,0.327917065465155,0.06021608426212503,0.47921930070666663,0.47921930070666663,-0.14264943683805192,0.4726228783354713,0.6258335775015484,0.28540803653719554,0.17908365329208373,-0.22950103223627785,0.456631339443071,-0.8768095674733242,2.375091615001247,2.4438417123137715,0.0,0.0,0.0,3.8342190517738834,1.0,1.5028043985366821,-1.3617063760757446,1.6799999475479126
1.8801124095916748,0.4222820755345209,0.9373915031946667,0.24599899979795012,0.21114239483857208,-0.12728138488673016,0.9560801802631154,0.1567236711232783,0.2401901081686886,0.060473893173872105,0.4762709909976777,0.4762709909976777,-0.15220362391904463,0.3748539533753101,0.45596242915015195,0.21428340325908338,0.05012520072607467,-0.05005581989919777,0.3729997801300717,-1.099360766448024,-0.030605030592712856,2.595489642578327,0.0,0.0,0.0,3.3323561442350016,1.0,1.5807275772094727,-1.434330701828003,1.6699999570846558
1.9001061916351318,0.19832022645882313,0.9375496603509325,0.24549453333018567,0.20869428251649413,-0.13107160228581646,0.942161869010563,0.25984501314038855,0.2090827421396215,-0.033105719565815456,0.4731328758520994,0.47313287585209945,-0.1616950270970688,0.5491403135350583,0.42375287969838893,0.05078833795043646,0.1681361995418829,-0.19072339763978777,0.40543531030860763,-0.01618777636786284,0.23230618191445618,0.16931698427257058,0.0,0.0,0.0,3.5833212302635076,1.0,1.5807275772094727,-1.434330701828003,1.6699999570846558
1.9201595783233643,0.20596862438880273,0.9377394854062755,0.24487006716324503,0.20617724323306721,-0.13481191375488377,0.942161869010563,0.25984501314038855,0.2090827421396215,-0.033105719565815456,0.4697954310268685,0.4697954310268686,-0.17114979692152385,0.5491403135350583,0.42375287969838893,0.05078833795043646,0.1681361995418829,-0.19072339763978777,0.40543531030860763,0.013872949232953014,0.2606776397967444,0.2501403754015492,0.0,0.0,0.0,3.5858677562873136,1.0,1.5807275772094727,-1.434330701828003,1.6699999570846558
1.9411816596984863,0.21402246054699756,0.93797183660822,0.24408695409170816,0.20347455258124958,-0.1386668634674315,0.942161869010563,0.25984501314038855,0.2090827421396215,-0.033105719565815456,0.4660939670342226,0.4660939670342226,-0.18098733075632956,0.5491403135350583,0.42375287969838893,0.05078833795043646,0.1681361995418829,-0.19072339763978777,0.40543531030860763,0.047746400267959066,0.29202439423411986,0.33339717003988945,0.0,0.0,0.0,3.58841428231112,1.0,1.5807275772094727,-1.434330701828003,1.6699999570846558
1.9601616859436035,0.4877874570982305,0.9382107168063977,0.24326608376299974,0.20097996330829815,-0.14208911889667628,0.9316849585490776,0.13703760953046845,0.3350132917422656,0.030820868637825197,0.46257507833909733,0.46257507833909733,-0.1898006767626974,0.35789419652874693,0.6634091087206591,0.1905791530914119,0.18873178134226629,-0.17052772885175987,0.365103456364232,-1.6405486615654086,2.6839874473171657,2.8446726117874,0.0,0.0,0.0,3.804531276235263,1.0,1.6697826385498047,-1.5160330533981323,1.659999966621399
1.9801065921783447,0.17654862535579846,0.9384911908888222,0.2422862869353336,0.1983048208552644,-0.14562567703784604,0.9458637479944649,0.18328560058792007,0.24738835107944893,-0.10269937973123254,0.45869776964705,0.45869776964704995,-0.19898833161977594,0.3500981252041155,0.5301212825317417,-0.12036496080859349,0.15561518555691514,-0.07253803875223035,0.3017129885434764,-1.4524123394699533,1.146032331524538,0.0921874923040571,0.0,0.0,0.0,3.4861415363621444,1.0,1.7477058172225952,-1.5977354049682617,1.649999976158142
2.0001208782196045,0.37361687431564383,0.938802598057933,0.2411816161345283,0.19556695323981085,-0.1491129663004189,0.9424446065632273,0.24331389353321545,0.22668964222235016,0.03476088150052729,0.45462355854699443,0.4546235585469943,-0.2081283738803232,0.5470839588343087,0.42285894102474825,0.1940325686175167,0.19050114558675402,-0.032053377870739835,0.17825643838073774,0.07247235230755811,-0.1949692328589816,2.8920449295748645,0.0,0.0,0.0,3.6659060405745194,1.0,1.8367609977722168,-1.6794377565383911,1.6299999952316284
2.020129680633545,0.3695827856814234,0.9391434581201201,0.239954949668441,0.19277830487903147,-0.1525375769040702,0.9492410187091667,0.1246308348427356,0.2856092020608373,-0.0428488868531967,0.4503684351738976,0.45036843517389746,-0.21718257894917548,0.25742070888329505,0.5858460238264677,-0.012189298043812125,0.23484886588112303,-0.03515977375527482,0.11621588885458713,-2.4478564194169135,1.6707562174152994,2.5163543194746367,0.0,0.0,0.0,3.5655181012314756,1.0,1.9369479417800903,-1.7520620822906494,1.6200000047683716
2.0401289463043213,0.4825549789497431,0.9395131377764953,0.2386060843643876,0.18994144202996852,-0.1558988423601509,0.9662466804818954,0.14957757014151055,0.19911589402068836,0.06592999102549227,0.4459351685467077,0.4459351685467077,-0.22614558464232584,0.3455231424102326,0.37370460537855155,0.20221260591034343,0.31539507004625655,-0.024041279711659744,0.12395062994810954,-2.190729675255057,-0.6140060112279633,4.0,0.0,0.0,1.0,3.3005984981488523,1.0,2.014871120452881,-1.8337645530700684,1.6100000143051147
2.060084104537964,0.28265446207512435,0.9399102816940821,0.2371373432487236,0.18706338429429892,-0.15919118398658835,0.9297223073460338,0.2894071859718334,0.22516309824857442,-0.034080656069602575,0.44133391251385734,0.44133391251385723,-0.2349986758796972,0.6207764094045847,0.4538229194285303,0.0745664185124913,0.19047357894886913,0.009758916027934272,0.07543967348183495,0.8583786663024233,-0.04449899444548605,2.002799848228584,0.0,0.0,0.0,3.957827216688528,1.0,2.014871120452881,-1.8337645530700684,1.6100000143051147
2.08011794090271,0.2912767850352048,0.940336733330729,0.2355389518595215,0.1841282060929364,-0.1624347063493776,0.9297223073460338,0.2894071859718334,0.22516309824857442,-0.034080656069602575,0.43653773967789045,0.4365377396778905,-0.2437925385177289,0.6207764094045847,0.4538229194285303,0.0745664185124913,0.19047357894886913,0.009758916027934272,0.07543967348183495,0.9071753191375005,-0.007864016150454567,2.072611933222136,0.0,0.0,0.0,3.9610279163708624,1.0,2.014871120452881,-1.8337645530700684,1.6100000143051147
2.102750062942505,0.30108958452606094,0.9408509929054282,0.23358355802445835,0.1807595500201597,-0.16602444291734175,0.9297223073460338,0.2894071859718334,0.22516309824857442,-0.034080656069602575,0.4309088728385795,0.4309088728385793,-0.25360903633148596,0.6207764094045847,0.4538229194285303,0.0745664185124913,0.19047357894886913,0.009758916027934272,0.07543967348183495,0.964973037158501,0.034979390099392715,2.149703185249466,0.0,0.0,0.0,3.9642286160531968,1.0,2.014871120452881,-1.8337645530700684,1.6100000143051147
2.120107650756836,0.45640459332521444,0.9412680572171331,0.23197606702866766,0.1781396349888336,-0.1687240920397556,0.924441899694602,0.19754221479371595,0.32616598139397995,6.688102177089423e-06,0.42644214101781275,0.42644214101781264,-0.2610499959091053,0.47558255271134386,0.6473069954473013,0.16226782271067225,0.2010385376735487,-0.01645417556592857,0.08334949385892507,-0.2736535280817457,2.2457805972001093,3.5956924043743794,0.0,0.0,0.0,4.112665472773459,1.0,2.115057945251465,-1.9154670238494873,1.600000023841858
2.14011287689209,0.2872040039928294,0.9417723117078365,0.23000715262882884,0.17508266996657532,-0.1717780000973108,0.9103843713479897,0.29152548517824645,0.2768321762954292,-0.0978628329063188,0.4211347949886317,0.4211347949886317,-0.2695282628035197,0.6135860090075719,0.5957218329050807,-0.02027133228762567,0.2375116943679368,-0.05089248725515543,0.06771201796124895,0.9614593140764975,1.6786067273619283,1.2661883395747764,0.0,0.0,0.0,4.338056292397611,1.0,2.226377010345459,-2.0062475204467773,1.590000033378601
2.1601765155792236,0.29493470406228306,0.9423024826943576,0.22790744078254446,0.17197826686735965,-0.17477901838979526,0.918748694825509,0.27548290429641503,0.27135773770944915,-0.07984349304762309,0.4156426791352495,0.41564267913524966,-0.27792294486290975,0.5836124085325854,0.5735414032062125,0.0033293828670241657,0.3396575129154406,-0.05277344750467845,0.14562413620459114,0.3192670357931584,1.5659849157531902,1.4136764233448451,0.0,0.0,0.0,4.218747259532366,1.0,2.315432071685791,-2.0970277786254883,1.5800000429153442
2.180104970932007,0.3673926644671674,0.9428523100809725,0.22569795898862796,0.16885837204518592,-0.17769862935203273,0.9369209993114604,0.17741354432126114,0.2961284593862698,-0.0548763235111164,0.410021938603177,0.41002193860317704,-0.2861503273877081,0.3751507105744005,0.6118337801180027,0.002742307374453515,0.3564355232939774,-0.043676301365214276,0.333689489297347,-1.4423639428173316,2.211860763326185,1.6977847549436076,0.0,0.0,0.0,3.8857564821844512,1.0,2.315432071685791,-2.0970277786254883,1.5800000429153442
2.200113534927368,0.5561823505888456,0.9434265684817285,0.22335550178824684,0.16569117678666975,-0.1805687227588418,0.9153736733810699,0.16417003498153912,0.3676056698198872,-0.0023041725800503165,0.40421479158864904,0.40421479158864904,-0.29429645302134544,0.4163589644005223,0.7392713625897087,0.15828895325488956,0.28715255410169027,0.04249495434120043,0.327648408024314,-0.8201115799996294,3.150225994265004,3.049791567357304,0.0,0.0,0.0,4.41425931115181,1.0,2.426750898361206,-2.1878082752227783,1.5700000524520874
2.2201144695281982,0.50105625472402,0.9440217313618114,0.2208899178952489,0.16249209419921454,-0.1833764821661487,0.9658386354905355,0.13816805169943921,0.21444888364482856,0.04557407143155405,0.3982481321020956,0.39824813210209564,-0.3023217247853548,0.31811986183901764,0.4133203344641187,0.16153983898594093,0.29345819484255264,0.13743325125983238,0.39334181494887555,-1.8974340856507406,-0.3477402105879717,3.3277004474724348,0.0,0.0,0.0,3.4563318778431222,1.0,2.515805959701538,-2.2785887718200684,1.559999942779541
2.2401163578033447,0.5057272211758365,0.9446368556027553,0.21830056618657268,0.15926145001787562,-0.1861232505028985,0.9658386354905355,0.13816805169943921,0.21444888364482856,0.04557407143155405,0.39212186793032433,0.3921218679303244,-0.3102264345455319,0.31811986183901764,0.4133203344641187,0.16153983898594093,0.29345819484255264,0.13743325125983238,0.39334181494887555,-1.8368802009748624,-0.28792650369182593,3.3791415860214618,0.0,0.0,0.0,3.4593669103317133,1.0,2.515805959701538,-2.2785887718200684,1.559999942779541
2.260106325149536,0.5103739530229621,0.9452702873524622,0.21558967391993591,0.1560029942792173,-0.1888074207323636,0.9658386354905355,0.13816805169943921,0.21444888364482856,0.04557407143155405,0.3858425215346696,0.3858425215346695,-0.3180024348582383,0.31811986183901764,0.4133203344641187,0.16153983898594093,0.29345819484255264,0.13743325125983238,0.39334181494887555,-1.7742217863119993,-0.22721328363602622,3.4289457867485953,0.0,0.0,0.0,3.4624019428203057,1.0,2.515805959701538,-2.2785887718200684,1.559999942779541
2.280149459838867,0.5150186716429567,0.9459228473886554,0.21274860036886287,0.15270764022516262,-0.1914376568131007,0.9658386354905355,0.13816805169943921,0.21444888364482856,0.04557407143155405,0.37939168351256286,0.3793916835125627,-0.32567153772091206,0.31811986183901764,0.4133203344641187,0.16153983898594093,0.29345819484255264,0.13743325125983238,0.39334181494887555,-1.7092607854940183,-0.16543756906656393,3.4772692076059566,0.0,0.0,0.0,3.465436975308897,1.0,2.515805959701538,-2.2785887718200684,1.559999942779541
2.3001365661621094,0.42063523488534,0.9465896317540372,0.20979352302980242,0.14939491885859213,-0.19399975507648134,0.9021267971635144,0.2725092298003981,0.31973350388252736,-0.09836893822795292,0.3728071072320261,0.37280710723202615,-0.3331889265826351,0.5852438647075932,0.6821884691430182,-0.00415083687974299,0.4585502449408706,0.20180159986037802,0.21557446248121503,0.4863281079963997,1.9058676467058926,1.3029798424821255,0.0,0.0,0.0,4.712486665096783,1.0,2.627124786376953,-2.3784472942352295,1.5399999618530273
2.3201229572296143,0.37605111636933714,0.9472710279311246,0.20671756320614298,0.14605730537621753,-0.19650117620681806,0.9361394916661231,0.21228896841870312,0.2739102660322247,-0.059576943467850134,0.3660738488755347,0.3660738488755346,-0.34057295425422746,0.4476444801508004,0.5682186702985002,0.005637492075764016,0.46183836345864865,0.041399781047708445,0.37354982960682936,-0.7933383254515198,1.7011572006722506,1.5684548169578059,0.0,0.0,0.0,4.042486177444516,1.0,2.74957537651062,-2.4692275524139404,1.5299999713897705
2.3401124477386475,0.45478224934452094,0.9479657367427803,0.2035210011754132,0.1426956462199653,-0.19894249569195008,0.9322403894522735,0.2592155921233479,0.2523017630816087,-0.008885573697149736,0.359193287001916,0.359193287001916,-0.34782205590324355,0.575348452329438,0.4949848801751796,0.13018245596100897,0.4134952707226935,0.0920279463469911,0.40773734686776547,0.44447115909174895,0.7596119336418695,2.1970262373015146,0.0,0.0,0.0,4.189759131495076,1.0,2.849762439727783,-2.5690863132476807,1.5199999809265137
2.3600940704345703,0.3912288910066108,0.9486719013618552,0.20020663223752513,0.1393132392362517,-0.2013225008489955,0.9606565658554094,0.16822135005284358,0.21940405699375978,-0.026502823245252643,0.3521719960796452,0.35217199607964533,-0.354929408724155,0.35244653728349074,0.4450029879624873,0.025369919599299885,0.5919086844234998,0.09183815116571012,0.22224610836415953,-2.2129181074398225,0.5476390759325594,2.886015261361389,0.0,0.0,0.0,3.6761995857449943,1.0,2.9610812664031982,-2.668944835662842,1.5099999904632568
2.3801052570343018,0.36918315436428994,0.9493893525757553,0.19676916559299115,0.13590511748107878,-0.20364565237215462,0.965459907908582,0.17921247051200834,0.18702272950459783,-0.028152358387614616,0.3449994006158338,0.3449994006158339,-0.3619052549697439,0.3696973154265227,0.3803186847215136,0.0136493533393479,0.6100088366683689,0.18599378744117362,0.37023283055210066,-2.151435605781754,-0.43617272031478005,2.165640238884397,0.0,0.0,0.0,3.6346028353130992,1.0,3.0724000930786133,-2.777881383895874,1.4900000095367432
2.4001386165618896,0.6380872284597606,0.9501163159873594,0.1932106397874483,0.13247382456068124,-0.20591095302047116,0.9098854048557945,0.2255911942964305,0.34745253760644185,0.022223797991369598,0.33768047954025504,0.33768047954025493,-0.36874366942018605,0.5753756479644367,0.6716226017844127,0.254664297213143,0.45375966516203337,0.238350439241863,0.23215839000358834,0.4454950974072247,2.223373312610092,3.9857096943683343,0.0,0.0,0.0,4.796100581422562,1.0,3.0724000930786133,-2.777881383895874,1.4900000095367432
2.4208717346191406,0.6473203124297943,0.9508761719744485,0.1894057130303801,0.1289036509147332,-0.20819181113464835,0.9098854048557945,0.2255911942964305,0.34745253760644185,0.022223797991369598,0.3299632457939213,0.32996324579392144,-0.37566508544864824,0.5753756479644367,0.6716226017844127,0.254664297213143,0.45375966516203337,0.238350439241863,0.23215839000358834,0.5324273226914613,2.2850229366461248,4.0,0.0,0.0,1.0,4.800759741718811,1.0,3.0724000930786133,-2.777881383895874,1.4900000095367432
2.4401025772094727,0.3498762956920171,0.9515862535353656,0.185766848877477,0.12557608218439528,-0.21024967901016464,0.934987631320849,0.16589036321638922,0.2820212934208466,-0.13690327507475997,0.3226783224534328,0.3226783224534328,-0.38194070249010964,0.288214140498575,0.6099112453734833,-0.19948653842814942,0.46488054501265563,0.1440877628271346,0.276056435103641,-1.3340743257610619,2.2538328844098725,0.8530526565624514,0.0,0.0,0.0,4.036323448012183,1.0,3.1948509216308594,-2.868661642074585,1.4800000190734863
2.460108518600464,0.34618563377139117,0.9523287608355913,0.18187087443996217,0.12209916839667793,-0.2123316024350363,0.9343119220372711,0.20119657981753292,0.2674866125658485,-0.12260538612473318,0.31497317698300803,0.314973176983008,-0.38831932450140916,0.38049909879971583,0.581367672584347,-0.14586402863389628,0.5283970966282047,0.2000092619059381,0.28683111989722776,-0.8434482131001626,1.6046517957670636,0.9667835441861645,0.0,0.0,0.0,4.110064794993876,1.0,3.3173015117645264,-2.9866762161254883,1.4700000286102295
2.4801948070526123,0.23478772555385866,0.9530765232627892,0.17784761209101244,0.1185938372792372,-0.214361539083448,0.9671661575081788,0.16953851174497994,0.1575984624834451,-0.1049239792850818,0.30711027025581106,0.3071102702558111,-0.39456720834783343,0.3189851925208982,0.3473689739056985,-0.15969560605923508,0.6685601003484003,0.35898121202581157,0.2632295161474831,-2.455946493911707,-1.0794970152004368,1.2519805801381179,0.0,0.0,0.0,3.6023493967476297,1.0,3.4397523403167725,-3.0774567127227783,1.4500000476837158
2.5001156330108643,0.409312725877763,0.95381872858726,0.1737487839321756,0.11510419973248563,-0.21631508565566335,0.9551148131430327,0.10249096226512905,0.26181622571508534,-0.09329287390269982,0.29918975072733955,0.29918975072733955,-0.4006064066633389,0.17278271916601048,0.5459760188965316,-0.146249998883556,0.6543712053397719,0.34741004103282097,0.2446304969038473,-3.06340162694932,1.286893344357228,2.0477652700700375,0.0,0.0,0.0,3.8360944358161277,1.0,3.5733349323272705,-3.1863932609558105,1.440000057220459
2.5201175212860107,0.4706701643427758,0.9545628981800481,0.16952625014805814,0.1115882299323572,-0.2182168436885854,0.9421119281952711,0.19647793827977034,0.267861203283993,-0.04551824136289374,0.29111755316703947,0.2911175531670394,-0.4065102338663025,0.41765687576381677,0.5498943184081247,0.022863287245045084,0.6913545504260827,0.24021641048915554,0.24936990928003105,-1.1412107191039778,1.3472044635839078,2.714911302403877,0.0,0.0,0.0,4.159973072116868,1.0,3.7069175243377686,-3.2953298091888428,1.4299999475479126
2.5401320457458496,0.28698222471866286,0.9553048105082698,0.1651957108213309,0.10805889880555863,-0.22005992487257633,0.9367634841256888,0.2156837671153709,0.22567666572895664,-0.15819206666923488,0.2829236811711961,0.2829236811711961,-0.4122550068010567,0.39185598457968696,0.5132949498629962,-0.23050601307147361,0.5237897988398001,0.2796361591049914,0.21543852820230874,-0.4179039908791169,0.742128786910746,0.5181804174481301,0.0,0.0,0.0,4.0308730332301534,1.0,3.7069175243377686,-3.2953298091888428,1.4299999475479126
2.5601227283477783,0.29770856226802317,0.9560414464547242,0.16076726399367286,0.10452362664961085,-0.22184104886327924,0.9367634841256888,0.2156837671153709,0.22567666572895664,-0.15819206666923488,0.27462644093004046,0.2746264409300404,-0.4178280961616858,0.39185598457968696,0.5132949498629962,-0.23050601307147361,0.5237897988398001,0.2796361591049914,0.21543852820230874,-0.3125340343286074,0.7899938012822205,0.5444817305358756,0.0,0.0,0.0,4.035120947275945,1.0,3.7069175243377686,-3.2953298091888428,1.4299999475479126
2.580103635787964,0.4592534293934297,0.9567716718139718,0.15624027546630018,0.10098087873171471,-0.22356163907764315,0.9445571254269877,0.1907458800656899,0.25983548693014646,-0.06255690029760898,0.26622359326583755,0.2662235932658375,-0.4232316131725346,0.39236557173695924,0.5406855386431774,-0.022223676644441574,0.5317649298053558,0.32591156367175744,0.13772860732562114,-0.3931680056701323,1.1033831538901122,2.90206858173911,0.0,0.0,0.0,4.114120652592447,1.0,3.8405001163482666,-3.404266357421875,1.4199999570846558
2.6001086235046387,0.2829652685007683,0.9574950584269397,0.1516092994004477,0.09742552140875016,-0.22522455727901813,0.9437461853378888,0.2224688935986675,0.19308204082240907,-0.1502333336946951,0.2577041452604768,0.2577041452604768,-0.4284723719396234,0.41273545734060973,0.44591696989938967,-0.22086849758428964,0.6755717618802082,0.32073750843901444,0.10204170607990172,-0.726638555559106,0.029078929710264045,1.1179537183329598,0.0,0.0,0.0,3.9679586831756937,1.0,3.9518189430236816,-3.5132029056549072,1.399999976158142
2.620119333267212,0.2797354933621085,0.9582092752471072,0.1468808076903424,0.09386162941994577,-0.2268281457078878,0.9571775553753142,0.0967184891664208,0.21207571851507873,-0.17169901268037432,0.2490790868664622,0.24907908686646218,-0.43354308723098023,0.12535987113070135,0.4547093033851111,-0.32594708266613337,0.553198122753882,0.27827895902834593,0.13660048341383518,-2.531305813995026,1.2199139569457318,0.9468564930785615,0.0,0.0,0.0,3.685900686072471,1.0,4.107665538787842,-3.6402955055236816,1.3899999856948853
2.6400749683380127,0.267886379408132,0.9589105597070505,0.14207205787257693,0.09030083635956321,-0.22836774686221759,0.9753794382822579,0.1502260797477983,0.12617099584450386,-0.10073706441723233,0.2403784400287776,0.24037844002877767,-0.4384269672013018,0.2822145737273531,0.2800418397630766,-0.1657929687906179,0.5393429494342531,0.4660003726692994,0.05985121428840928,-1.6534526961112714,-1.6057164528153913,2.3707391870843146,0.0,0.0,0.0,3.5632348486405903,1.0,4.24124813079834,-3.740154266357422,1.3799999952316284
2.6601197719573975,0.2675136124935639,0.9596023353799725,0.13715070620968253,0.08671812046723731,-0.22985432191307084,0.9577227104230365,0.08688556805397595,0.202237395237799,-0.18525156941661988,0.23154255635583965,0.23154255635583956,-0.4431569074224195,0.10096740228097141,0.4329672240081613,-0.35991547306427146,0.5020204527411078,0.44673022819281616,0.17755309622885046,-2.3592074237189338,0.5421175599796024,0.5412138943154703,0.0,0.0,0.0,3.643189859077418,1.0,4.374830722808838,-3.858168840408325,1.3700000047683716
2.681680202484131,0.2715022967266958,0.9603304456543711,0.13175846975948982,0.08285856745565992,-0.2313862541187581,0.9577227104230365,0.08688556805397595,0.202237395237799,-0.18525156941661988,0.22193482842940224,0.2219348284294022,-0.44804568062867395,0.10096740228097141,0.4329672240081613,-0.35991547306427146,0.5020204527411078,0.44673022819281616,0.17755309622885046,-2.2341607874245746,0.596349752612293,0.5527561002120007,0.0,0.0,0.0,3.647375433379792,1.0,4.374830722808838,-3.858168840408325,1.3700000047683716
2.700115442276001,0.3331562309410597,0.960938448014044,0.12706927961091466,0.07955415978094815,-0.23264099589081674,0.976126475927334,0.098473375838528,0.16830364529013905,-0.09567643506474767,0.21363775462024484,0.2136377546202448,-0.45206073684939724,0.17150993058318295,0.35481239443817336,-0.16458531916708974,0.5325442268877647,0.3969881804926173,0.1841265872260395,-2.0874962256772216,-0.12149045150071913,2.2374961858913323,0.0,0.0,0.0,3.5642570889889895,1.0,4.519545078277588,-3.9852614402770996,1.3600000143051147
2.720090389251709,0.4179518009978947,0.9615806059231029,0.12190952548072766,0.0759698595353467,-0.2339431263187741,0.9860971577999156,0.11620364097624766,0.11478788437637318,-0.03054260635878884,0.2045658466898644,0.2045658466898644,-0.45623767311354163,0.23051532293895918,0.2356574731358741,-0.03451915329493293,0.6361991194676979,0.3940978291214909,0.21148293003270346,-2.2236354791760893,-1.336340667815231,3.28381300494146,0.0,0.0,0.0,3.48889471654662,1.0,4.653127670288086,-4.094197750091553,1.340000033378601
2.740100860595703,0.5247465402549994,0.9622051148850238,0.11666124735919166,0.07237563528807149,-0.23518766479206243,0.9372533202138723,0.13012917561127735,0.30261410013562606,-0.11422485632255014,0.19539597041113158,0.19539597041113155,-0.46023951888890663,0.21964220947405322,0.6397315696025052,-0.1695318771548873,0.5738416074616545,0.4615371589129603,0.1367501204477002,-0.7198899509813317,2.2751187202516685,2.1811562249105054,0.0,0.0,0.0,4.212862034613136,1.0,4.797842025756836,-4.212212562561035,1.3300000429153442
2.7601137161254883,0.3995792811312489,0.962809431874812,0.1113360428388628,0.06877792718843666,-0.23637233380737882,0.9425742827887359,0.10857747498962528,0.25917020668350704,-0.18054212061955374,0.18614675009234702,0.18614675009234702,-0.46405752599226024,0.13117983706177386,0.5559847199929121,-0.3410129483310258,0.5904429217351175,0.3740487812482081,0.07691147356055492,-1.3929660856906834,2.0865918385630913,1.0995156655804714,0.0,0.0,0.0,3.9095863325307616,1.0,4.942556858062744,-4.3393049240112305,1.3200000524520874
2.780128240585327,0.5314960827991329,0.9633921164322903,0.10593730094777033,0.06517731687349289,-0.23749702235856845,0.970201980038236,0.10015269279251812,0.21950053816380322,-0.02229506228057216,0.17682219726886444,0.17682219726886447,-0.4676899726881161,0.20590556522165912,0.44491984985065414,0.000781827559574885,0.5796195178452723,0.4466558111461799,0.050270733870866446,-1.430811523033585,0.7494935261845104,4.0,0.0,0.0,1.0,3.730602607712449,1.0,4.942556858062744,-4.3393049240112305,1.3200000524520874
2.800107002258301,0.37010882193054,0.9639507733758823,0.10047860148366067,0.06158095477280112,-0.23855972661200872,0.9839300170470329,0.061452816037776824,0.14696983526859286,-0.08065445106114957,0.16744366416005188,0.16744366416005185,-0.4711290898815906,0.10206529865623633,0.3037796778413912,-0.1479414768508168,0.656333255191514,0.4791481024958581,0.2029963028352873,-2.815975358887531,-0.4261080911182742,2.54725790502836,0.0,0.0,0.0,3.450879646826391,1.0,5.087271213531494,-4.448241710662842,1.3200000524520874
2.8201472759246826,0.3729516171802254,0.964486763060771,0.09493662354607504,0.057971696316824466,-0.23956544787672807,0.9839300170470329,0.061452816037776824,0.14696983526859286,-0.08065445106114957,0.15796911761378984,0.1579691176137899,-0.47438987961414253,0.10206529865623633,0.3037796778413912,-0.1479414768508168,0.656333255191514,0.4791481024958581,0.2029963028352873,-2.6974799594832697,-0.36368324196637536,2.5543304030025507,0.0,0.0,0.0,3.4551777909156067,1.0,5.087271213531494,-4.448241710662842,1.3200000524520874
2.8401057720184326,0.3187432110591005,0.9649950365248186,0.08935454407007853,0.05437567899005002,-0.24050702790326853,0.9592024577059807,0.07950505919453794,0.20175558683358888,-0.18139535240659765,0.14847017584380426,0.14847017584380426,-0.47744801485073723,0.08734065577855164,0.428924100949625,-0.3547714484230891,0.48936034382386057,0.4733446855340755,0.0665760038694479,-1.3639807688633936,0.8990778274526754,1.120775073274176,0.0,0.0,0.0,3.608836967467421,1.0,5.254249572753906,-4.566256046295166,1.309999942779541
2.860107898712158,0.5581916322723709,0.965477662920659,0.08370099846034365,0.05077060226382932,-0.24139049526394424,0.955477347248558,0.16352434778860175,0.2396693599765994,-0.05367890147514434,0.13889113758849797,0.13889113758849803,-0.4803220293713093,0.3320443617267185,0.4955924476657726,-0.027506880407719772,0.5257522445292827,0.5018306083153546,0.17783760313727198,0.5576568720870583,0.950777717217822,3.1001636840469935,0.0,0.0,0.0,3.91784572219543,1.0,5.398963928222656,-4.6933488845825195,1.2999999523162842
2.880122184753418,0.45618998994551624,0.9659326323830755,0.07798824017414975,0.04716238789485684,-0.24221414752259288,0.9719978031333796,0.1607799244106236,0.15955410499260683,-0.06255057306217372,0.12925065989341666,0.12925065989341664,-0.483005452264378,0.3151841294328499,0.33660680909819873,-0.0745401102194896,0.6141049978361783,0.3804724671793118,0.26196544586645426,-0.15253189863462646,-0.037653548640316004,2.5495893822330746,0.0,0.0,0.0,3.6167544294262073,1.0,5.543678283691406,-4.820441246032715,1.2899999618530273
2.900125741958618,0.3525831568708327,0.9663583470119078,0.07222646995033603,0.04355538211856766,-0.24297697604388802,0.9713102928265914,0.13462683667910177,0.15414876661661783,-0.1211201372418101,0.11956361857074572,0.11956361857074574,-0.48549412057641766,0.23997079671649887,0.338491543807993,-0.20691620667507804,0.6405776978028919,0.4243334905786985,0.3284947591836697,-0.7198583713526192,-0.0434536698341379,1.1706305648933564,0.0,0.0,0.0,3.5265425758436453,1.0,5.699524879455566,-4.947534084320068,1.2799999713897705
2.920088052749634,0.4558075112345035,0.9667532668030769,0.06642840179706164,0.03995527725009841,-0.24367799322083744,0.9764914081791727,0.08167475235462389,0.1865195166901052,-0.07074061403293676,0.10984885581619211,0.10984885581619208,-0.4877839981752922,0.1441500590597084,0.38528672250668416,-0.11646947884514124,0.624610090695444,0.41446581106966596,0.39018972185715056,-1.3641041484358265,0.8641210220877267,2.0129931736417017,0.0,0.0,0.0,3.4936734635430144,1.0,5.8665032386779785,-5.074626445770264,1.2799999713897705
2.9428603649139404,0.29421334208853267,0.9671660963749961,0.05976022266968178,0.03584794589124259,-0.24440413782217346,0.9834629201016775,0.09855362445796635,0.09654362001753958,-0.11733370072229324,0.09871336499438756,0.09871336499438753,-0.49015882280285933,0.1761227377030015,0.21466636598287817,-0.21846541820334883,0.7365482017680873,0.5572264970860661,0.3382232680227974,-1.827487822754885,-1.4080346878772878,1.229461987895719,0.0,0.0,0.0,3.33525922621987,1.0,5.8665032386779785,-5.074626445770264,1.2799999713897705
2.9601058959960938,0.38915957038936916,0.9674512677876552,0.05467545522913501,0.03273723927168771,-0.24490184200290077,0.9583475272120872,0.08363416872193388,0.21085839422537764,-0.1735340902916892,0.09024605605022433,0.09024605605022434,-0.4917882159704315,0.09680947029458019,0.4480157869806936,-0.3361980665680814,0.7736340447807253,0.516807222936491,0.44333029894010073,-1.6050866320377013,1.1653203467205837,-0.2611986770301755,0.0,0.0,0.0,3.558612283080864,1.0,6.0223493576049805,-5.183563232421875,1.2699999809265137
2.9801270961761475,0.4403696878331216,0.9677519085261873,0.04873815654839989,0.029125727516965856,-0.24542316035124573,0.9666173875963691,0.03286667884955026,0.2168934875873615,-0.1323926828037045,0.0803824366319812,0.0803824366319812,-0.4934963666341481,0.006759242121718008,0.4422882523980935,-0.27071634056995086,0.6378356486757583,0.610385931278273,0.4863686145282859,-1.8699367226389227,1.161095935329314,0.4289404514064643,0.0,0.0,0.0,3.5009081557879367,1.0,6.178195953369141,-5.31065559387207,1.2699999809265137
3.000119924545288,0.32922470652385466,0.9680188188892481,0.04277642899986772,0.025519261009748457,-0.245883124097204,0.963461015177775,0.048208403342875746,0.18063661174777224,-0.19180520476782248,0.07050064132268585,0.07050064132268587,-0.4950047066171087,0.025368101942234694,0.3753153129912263,-0.38820290275528596,0.7292026586262708,0.5629978473372299,0.5233879033495867,-2.0173308886252403,0.6804873173524149,-0.9390615543773009,0.0,0.0,0.0,3.369591976451747,1.0,6.345174312591553,-5.437748908996582,1.2699999809265137
3.0201053619384766,0.3979251235266337,0.9682517341700385,0.03678807753318161,0.02191411221097749,-0.2462823345555463,0.9894720492821228,0.04481119970574873,0.11657084932506506,-0.07313177939856665,0.06059433516807017,0.06059433516807015,-0.4963147454444,0.07380081525158777,0.23952523242432952,-0.13866645863148241,0.6524536741872325,0.6472426859712204,0.6171012904450812,-1.92792529170102,-0.9321568201256489,1.0553135148892339,0.0,0.0,0.0,3.239463569161384,1.0,6.345174312591553,-5.437748908996582,1.2699999809265137
3.0401127338409424,0.2933450034885693,0.9684504044909675,0.030768297066127468,0.018305029279836457,-0.24662127207521262,0.9769757644114093,-0.029135494294561182,0.12689234061747548,-0.16902015447150856,0.05065291654900958,0.050652916549009566,-0.4974276651384391,-0.10296158166218504,0.24040140939278035,-0.3550623746526369,0.6993480821336069,0.6557799359710297,0.6394830158903899,-3.398906932479022,-0.27529447162481446,-0.9240729405932417,0.0,0.0,0.0,3.2284287976965693,1.0,6.501020431518555,-5.564841270446777,1.2599999904632568
3.0601024627685547,0.2671547644309167,0.9686139532599698,0.024733028032706373,0.014699173353158703,-0.2468992125891861,0.957434833620365,0.13032147978390415,0.09522758916476975,-0.23930431993414422,0.040700014720357204,0.04070001472035721,-0.49834075571014924,0.2119518634598858,0.24723235359898493,-0.46341794378622064,0.7725243528157928,0.6892385832291219,0.7535824085460209,-0.6391977663145507,-1.7187999185616687,-2.913608598743243,0.0,0.0,0.0,3.256357435211647,1.0,6.679130554199219,-5.691934108734131,1.2599999904632568
3.0805342197418213,0.2814760364687141,0.9687446155366308,0.01854705148191265,0.011013636309388616,-0.24712057090690984,0.957434833620365,0.13032147978390415,0.09522758916476975,-0.23930431993414422,0.030510250966202846,0.030510250966202846,-0.4990682564399175,0.2119518634598858,0.24723235359898493,-0.46341794378622064,0.7725243528157928,0.6892385832291219,0.7535824085460209,-0.5023429286000511,-1.6781614076664602,-2.912170656250773,0.0,0.0,0.0,3.2610414932591687,1.0,6.679130554199219,-5.691934108734131,1.2599999904632568
3.1000969409942627,0.2810945834740591,0.9688348405640111,0.012611842927131356,0.007484906888548703,-0.24727306625703904,0.9828814006900969,0.10724324134285565,0.029553997692776456,-0.14686592724021,0.02074190254159683,0.020741902541596833,-0.4995695882246586,0.2043697506176777,0.08971721534356106,-0.28744696854613766,0.782548729264704,0.6388559506044041,0.8600648143954325,-1.1759214645463376,-2.623222767226257,-1.4338333532918934,0.0,0.0,0.0,3.135147558666384,1.0,6.834977149963379,-5.819026470184326,1.2599999904632568
3.120102882385254,0.2323634456080636,0.9688916014893342,0.0065337377871800524,0.0038762671928738264,-0.2473688529031317,0.978012846891145,-0.01444797001147107,0.0980901201528681,-0.18346786041926094,0.010744058604951912,0.010744058604951912,-0.49988455187642417,-0.06544836977056913,0.18766491522517878,-0.377036033749018,0.5905653163315725,0.7420705393143875,0.7928609710830952,-2.298967790160468,-1.0478748941885265,-1.8741169588663755,0.0,0.0,0.0,3.084063087255272,1.0,7.013087272644043,-5.955197334289551,1.2599999904632568
3.140089511871338,0.2676961546530777,0.968912319823166,0.0004570736820398348,0.00027113236899891285,-0.24740378749279196,0.9592243943976102,0.0882061879016861,0.10073264449874239,-0.24891999506002047,0.0007515705762067854,0.0007515705762067853,-0.4999994351413499,0.12287614761083944,0.23944447530501484,-0.4930017378023633,0.6168568182419643,0.6121599315213712,0.8376430769406062,-0.26983180452919653,-0.9359946602406528,-3.4274478066922356,0.0,0.0,0.0,3.102588634235611,1.0,7.168933868408203,-6.082290172576904,1.2599999904632568
3.1601269245147705,0.39917592062397617,0.9688969336048229,-0.00563533746735578,-0.0033431610600093108,-0.24737784520228817,0.9689927796566882,0.15264360161021395,0.09107186995075724,-0.17163577239124575,-0.009266604898443581,-0.00926660489844358,-0.4999141226587384,0.2752358901985019,0.2309415456947838,-0.3184953881208057,0.577699002197557,0.885124788919632,0.8109590941181601,1.2183937477908406,-2.4854814814349653,-1.7756951023670207,0.0,0.0,0.0,3.161440430782179,1.0,7.358175754547119,-6.2093825340271,1.2599999904632568
3.1801021099090576,0.3512424435361158,0.9688455971531977,-0.011705016293933978,-0.006946248682359527,-0.24729122730025255,0.9579402444193885,0.08704011300969428,0.1372011357888938,-0.23653827425433577,-0.019249969455397233,-0.019249969455397236,-0.4996293012584093,0.10711780804644244,0.3089280583430241,-0.4674684262894807,0.5599483888049398,0.7901153023913137,0.5046045954542613,0.38246299211612156,-0.8547038741800717,-1.884022103945116,0.0,0.0,0.0,3.0909853715216276,1.0,7.514021873474121,-6.336475372314453,1.2699999809265137
3.200103998184204,0.3477152895004024,0.9687583004601384,-0.017774879077641248,-0.01055418907638738,-0.24714371943526905,0.957637351205923,0.11130557351542346,0.10500888994781825,-0.243956770579612,-0.02923898197784976,-0.02923898197784975,-0.49914434979562683,0.16829518515604447,0.2582907415999971,-0.47697877832363916,0.43271036446464956,0.8729086876695987,0.5840611010721836,1.3367013394833076,-1.8918238726665904,-2.34330180144954,0.0,0.0,0.0,3.076225048845899,1.0,7.514021873474121,-6.336475372314453,1.2699999809265137
3.220148801803589,0.36159764347033163,0.9686349942041297,-0.023845681289175105,-0.014169919186845067,-0.24693490007947244,0.957637351205923,0.11130557351542346,0.10500888994781825,-0.243956770579612,-0.03923768862285705,-0.03923768862285705,-0.4984580261080523,0.16829518515604447,0.2582907415999971,-0.47697877832363916,0.43271036446464956,0.8729086876695987,0.5840611010721836,1.4699024640490708,-1.8519870844987545,-2.351400383578777,0.0,0.0,0.0,3.080820249539679,1.0,7.514021873474121,-6.336475372314453,1.2699999809265137
3.2401270866394043,0.38295532581446945,0.968476708018261,-0.029880208564001257,-0.017773703258125998,-0.24666603867329542,0.9887273070138267,0.03755779636421795,0.09511199877774568,-0.10936833173250975,-0.049187532366658716,-0.049187532366658716,-0.4975747046019109,0.0545522020002416,0.19757789672802178,-0.2149267051845547,0.3941671309849549,0.7784175454008541,0.4063647271961308,0.24977166351198465,-1.1705717853143445,1.0903479119885633,0.0,0.0,0.0,2.984071333592967,1.0,7.692131996154785,-6.4726457595825195,1.2699999809265137
3.260362148284912,0.5182322519239979,0.9682807589426639,-0.03597172203358728,-0.02142385321608616,-0.24633194187667348,0.9807586857917683,0.10496633539718096,0.13382107301467083,-0.0958456524548305,-0.05924523033667797,-0.05924523033667799,-0.4964775953478203,0.18902459057776635,0.2865175830218017,-0.1674873952778033,0.6039605907815002,0.9330553104210496,0.5446855288050069,1.0228426308431335,-1.3065471243307432,0.745691872872813,0.0,0.0,0.0,3.0761424051985715,1.0,7.859110355377197,-6.599739074707031,1.2799999713897705
3.2801132202148438,0.3808426216319452,0.9680553716739996,-0.04189357381884568,-0.024986723875816748,-0.24594590762147853,0.9858405717644388,0.10239292006446257,-0.04477947119376235,-0.12501542282232153,-0.0690390019374183,-0.06903900193741828,-0.4952106786121289,0.21515860652248522,-0.0627305846122992,-0.2590523201047771,0.6021205829983836,0.7384908492419952,0.40766336357948396,0.2421736524331881,-3.936694276595107,0.886867311481097,0.0,0.0,0.0,2.9622704714743096,1.0,8.03722095489502,-6.726831436157227,1.2799999713897705
3.3001339435577393,0.20115179950565998,0.9677930423338236,-0.04786811418014145,-0.028598227677766586,-0.24549422035715873,0.9857001930079424,-0.02697657974603312,0.024298264551708207,-0.16455086748202186,-0.078938979640691,-0.07893897964069098,-0.49372931601565495,-0.061263191077902825,0.03903348014738081,-0.3320216112587156,0.4818293226640803,0.7075006130773442,0.39241301190334255,-1.292381092914407,-1.8209859600059017,0.04630637754273037,0.0,0.0,0.0,2.88817009292593,1.0,8.204198837280273,-6.863002300262451,1.2799999713897705
3.3201744556427,0.2827696223668398,0.9674969323347135,-0.05381618207431701,-0.03221323794532629,-0.24498124779448027,0.9531964959659691,0.03588652606267746,0.06465355710984588,-0.29316977142671924,-0.08881705437420803,-0.08881705437420802,-0.49204830134072103,0.030832396176584495,0.1448022756384676,-0.5945286660793704,0.560853024316261,0.7115716759064921,0.4045222010902505,-0.017404962109778044,-1.4725095042284475,-2.667068282993765,0.0,0.0,0.0,2.8941422402248715,1.0,8.382308959960938,-6.990095138549805,1.2899999618530273
3.3427066802978516,0.29725105300881927,0.967124835246749,-0.06046017773664825,-0.03627754572690276,-0.24433186372848278,0.9531964959659691,0.03588652606267746,0.06465355710984588,-0.29316977142671924,-0.09988051381639801,-0.09988051381639801,-0.4899223233939971,0.030832396176584495,0.1448022756384676,-0.5945286660793704,0.560853024316261,0.7115716759064921,0.4045222010902505,0.13197958401497356,-1.4339992645460051,-2.682940424271358,0.0,0.0,0.0,2.898449342277456,1.0,8.382308959960938,-6.990095138549805,1.2899999618530273
3.3600974082946777,0.2967906296160712,0.9668099718324203,-0.06555316750647912,-0.03941423342273019,-0.24377813437419027,0.9864673722882353,-0.021592382968711448,0.06420754832513918,-0.14930935384814864,-0.10838508680033003,-0.10838508680033006,-0.48811133254543976,-0.06226553779345738,0.1205209689136451,-0.3041927662889751,0.5657218085313728,0.8197940447245375,0.41494863156472495,-0.9563344382510257,-1.3505081185652295,0.16151243486450761,0.0,0.0,0.0,2.889086896521371,1.0,8.549287796020508,-7.117187976837158,1.2899999618530273
3.380096912384033,0.22428360221269833,0.966418869938017,-0.07136891589531527,-0.043021111973964896,-0.24308481975676188,0.9859469799480881,0.001090208653455616,-0.009749115947288015,-0.1667702578836594,-0.11812474541804746,-0.11812474541804745,-0.48584621488689345,0.005402488273152712,-0.0188617124613211,-0.3351735114384462,0.6377384761481664,0.7619315338377062,0.29454405591434435,-1.0264670016020645,-2.631174532844725,0.40665388777978095,0.0,0.0,0.0,2.8486160991072023,1.0,8.716265678405762,-7.253358840942383,1.2999999523162842
3.4001078605651855,0.3009458144372947,0.9659973770399126,-0.07714020274763536,-0.04662954114666912,-0.24233064718378788,0.9741681669039581,0.024295037147058298,0.060868052602828265,-0.21610463653828582,-0.12782268996981552,-0.12782268996981552,-0.48338531207400215,0.021206183018855903,0.12945324192617372,-0.43522533599996455,0.6272719656560495,0.6616693654712951,0.3381111770756998,-0.04021732890585028,-1.0133653372888871,-0.8774090521986918,0.0,0.0,0.0,2.871655998881349,1.0,8.894375801086426,-7.380451679229736,1.2999999523162842
3.4201087951660156,0.25659828247648697,0.9655469388098662,-0.08285709105696115,-0.05023546896580769,-0.24151647785246494,0.9618663937848102,0.004929828833016349,0.03843690519079333,-0.27076067220782946,-0.13746463731738015,-0.1374646373173801,-0.4807322263872073,-0.011364375161627261,0.07668708516877121,-0.5492251001015123,0.6785937446678361,0.5901681917223707,0.21627206281555517,-0.5675276222689121,-1.1245253878776431,-1.506341701238332,0.0,0.0,0.0,2.844035467708543,1.0,9.07248592376709,-7.516622066497803,1.309999942779541
3.440112590789795,0.295682569168654,0.9650683453732217,-0.08851960668370751,-0.05384100197814539,-0.24064188018120017,0.9878794924446405,0.0201408357134653,-0.010145199253484661,-0.15357581214563024,-0.14705296274869892,-0.1470529627486989,-0.4778864155286586,0.042926854961942776,-0.013858621788042157,-0.30874858812421585,0.7298159704278439,0.5273319156460099,0.31730489287969516,-0.6650378236936807,-1.6101994228226801,0.5607099356958676,0.0,0.0,0.0,2.8425249914577218,1.0,9.07248592376709,-7.516622066497803,1.309999942779541
3.460211992263794,0.13900762751126722,0.9645603090364934,-0.09414994757088035,-0.05746259848538682,-0.2397024142121482,0.954734710040369,-0.05885546978296834,-0.027057383151965833,-0.2903197636016648,-0.15662784429204704,-0.15662784429204707,-0.4748344115504123,-0.09718317404719695,-0.08594482421858819,-0.5862170749684414,0.6817813313983675,0.4954028151202754,0.29987887728962326,-1.8608177112639093,-1.6708659180208318,-2.239780369035622,0.0,0.0,0.0,2.8534155281615816,1.0,9.250596046447754,-7.643714904785156,1.3200000524520874
3.4801340103149414,0.149314439444132,0.9640310818374371,-0.0996684699611212,-0.06105079266550549,-0.23871126923935398,0.954734710040369,-0.05885546978296834,-0.027057383151965833,-0.2903197636016648,-0.16605579755276587,-0.1660557975527659,-0.47162005056943335,-0.09718317404719695,-0.08594482421858819,-0.5862170749684414,0.6817813313983675,0.4954028151202754,0.29987887728962326,-1.733449425965165,-1.6352734657316037,-2.2568704384813234,0.0,0.0,0.0,2.857530057539506,1.0,9.250596046447754,-7.643714904785156,1.3200000524520874
3.500117063522339,0.35657098526404923,0.9634757995105536,-0.10513830196361205,-0.06464821682655382,-0.23765716753099353,0.9530225589549344,0.06224603708137353,-0.04283027976779619,-0.293324053097705,-0.17544642510207895,-0.17544642510207897,-0.46820780847707,0.14441811387499087,-0.04513524916903171,-0.6004287870097446,0.665132091684333,0.6225513747902159,0.21211651307451368,0.7185851919788213,-2.995956273984621,-1.8002817809055656,0.0,0.0,0.0,2.8691296094886174,1.0,9.417573928833008,-7.770807266235352,1.3200000524520874
3.5201120376586914,0.3688691087085264,0.9628969931893282,-0.11054225580061094,-0.06824565749023515,-0.2365424283784798,0.9377651223522798,0.022132723201811005,-0.008227094640575323,-0.34646649589399053,-0.1847725338455315,-0.18477253384553144,-0.4646064041059937,0.0472289732830951,-9.367071993662333e-05,-0.7078115451485546,0.8525577936744014,0.43803107036499495,0.19342198971774643,-0.47677154421931744,-1.5012835505398154,-2.961096038873074,0.0,0.0,0.0,2.831104628655079,1.0,9.595684051513672,-7.906978130340576,1.3300000429153442
3.540877342224121,0.29072098274020264,0.962272781959351,-0.11607764662283536,-0.07197900576574796,-0.2353212607982753,0.9499902662557368,-0.001508293007298981,-0.026526528674737596,-0.31114717152503063,-0.1943796986702213,-0.19437969867022134,-0.4606696568527973,0.013660018964623764,-0.051361068707108555,-0.6333818943750944,0.8923133527260412,0.5190610802824498,0.21166154543441074,-1.0697523510185896,-1.93441831519349,-2.3043456927419914,0.0,0.0,0.0,2.83596008306275,1.0,9.762662887573242,-8.03407096862793,1.3300000429153442
3.5601134300231934,0.4826049360093437,0.9616748836390948,-0.12113251104396382,-0.07543454577318219,-0.23413236053546946,0.9521202735681376,0.07465388379512011,0.051776871038017966,-0.29191255183762155,-0.2032046723812498,-0.2032046723812498,-0.45684555499909263,0.11332149913481729,0.14266387564072552,-0.5868813162509723,0.7954638084771751,0.5249412588791051,0.13074216633956412,1.243513093205022,-0.7242393086504539,-1.691832320270191,0.0,0.0,0.0,2.871958973327582,1.0,9.940773010253906,-8.170242309570312,1.340000033378601
3.580089569091797,0.39879746889132256,0.9610353906570287,-0.12630457800650674,-0.07901962148291108,-0.2328390665244732,0.97856043805094,0.05186135952802823,-0.12236263279041983,-0.15734438206066992,-0.21228953311199897,-0.21228953311199902,-0.45269543197506373,0.1441254982057671,-0.22505325651610678,-0.3351688277600132,0.8096485634464141,0.3979332268240999,0.1756507181297561,-0.09099910553749613,-3.036093137530208,1.2211292264819518,0.0,0.0,0.0,2.933702881195099,1.0,10.10775089263916,-8.297334671020508,1.340000033378601
3.6001079082489014,0.427032728909291,0.9603770137442167,-0.13140558203997404,-0.0826082600883001,-0.2314831308014902,0.9513535167554789,0.06281906360154384,-0.02890533263941005,-0.3002411250149,-0.22130860417433132,-0.22130860417433132,-0.44835532975354403,0.137335151383096,-0.017277506641118597,-0.612589884982415,0.899179302895625,0.4903212453056923,0.1885915120278287,0.47237173543938304,-2.0245904131205124,-1.937059825779455,0.0,0.0,0.0,2.8613964842543074,1.0,10.10775089263916,-8.297334671020508,1.340000033378601
3.620112180709839,0.43892543627565933,0.9597030920812024,-0.136418053067334,-0.08618978435325567,-0.23006827447572234,0.9513535167554789,0.06281906360154384,-0.02890533263941005,-0.3002411250149,-0.23023274901482924,-0.23023274901482924,-0.44383880100896395,0.137335151383096,-0.017277506641118597,-0.612589884982415,0.899179302895625,0.4903212453056923,0.1885915120278287,0.5892220270196669,-1.9843763002443282,-1.9525361137787687,0.0,0.0,0.0,2.8653947212172746,1.0,10.10775089263916,-8.297334671020508,1.340000033378601
3.640155553817749,0.3589875277413186,0.9590133684994231,-0.14135227947184364,-0.08977307331770978,-0.228590654740295,0.9565176091320942,0.01276808593135252,-0.0224254097482267,-0.2905307907941875,-0.23908193513528841,-0.23908193513528847,-0.4391353188846985,0.03748872257338531,-0.03548900351027441,-0.5904306817241501,0.8791600091385418,0.3358847935105592,0.1515258898642596,-0.14851378875520238,-0.9359911129757302,-1.7192198132523169,0.0,0.0,0.0,2.8362145945742014,1.0,10.285861015319824,-8.433505058288574,1.350000023841858
3.660130023956299,0.06934810742766209,0.9583131767889151,-0.14617910751918325,-0.09333815418817784,-0.2270583904866247,0.9607044753059344,-0.12446982450037045,-0.06888894734880792,-0.2383453101052537,-0.2478051543817309,-0.2478051543817309,-0.4342725013880645,-0.21179732016146177,-0.1928913686741394,-0.46580180537221605,0.9018936936062558,0.39442896844074815,0.12031599215697261,-3.052399821307162,-1.236235678392289,-0.7176859332888565,0.0,0.0,0.0,2.946658107658784,1.0,10.463971138000488,-8.560598373413086,1.3600000143051147
3.6801085472106934,0.31743052723642606,0.9576016284250697,-0.15091395069403263,-0.09689735405136375,-0.22546619148204539,0.9798389126632787,-0.08356353359194948,0.03662883585669586,-0.17773904879978839,-0.25643124749218926,-0.25643124749218926,-0.4292353845031878,-0.17787148348020881,0.042088136244816166,-0.36264355868432785,0.7458787264204073,0.4335765102872359,0.030301925911075847,-1.116879042311776,0.706435569173193,0.6206414505556628,0.0,0.0,0.0,2.8828665462409218,1.0,10.630949974060059,-8.687690734863281,1.3600000143051147
3.7000792026519775,0.27822473655107555,0.9568807750676199,-0.1555514604540264,-0.10044778073316096,-0.223815032565718,0.9774042299169196,-0.0498232378954005,-0.14335562101393937,-0.1471318532128228,-0.2649516555091148,-0.2649516555091149,-0.42402903231144373,-0.05781220667170249,-0.29934453267719696,-0.2901024258309756,0.84340995308548,0.36614207307592234,0.15513962385059504,-1.6325261709726742,-2.4791990324283484,1.2847347115332917,0.0,0.0,0.0,2.9675616881015836,1.0,10.809060096740723,-8.823861122131348,1.3700000047683716
3.7201015949249268,0.10779409942468737,0.9561500809056761,-0.16010270610491475,-0.10399918354161265,-0.2220997886190586,0.9668481195294185,-0.15802172376798718,-0.1073649996597247,-0.16943023764336904,-0.27338805658670123,-0.2733880565867013,-0.41863942780840246,-0.2826088024056095,-0.26422227501966883,-0.30915462665061305,0.9349671227464971,0.4200662056956004,0.1864052076229846,-3.7903209106629028,-1.562970546140273,0.3242056550362459,0.0,0.0,0.0,3.0624679406512687,1.0,10.964906692504883,-8.95095443725586,1.3700000047683716
3.7400970458984375,0.3199704200913665,0.9554140608009908,-0.16454727100596242,-0.10753671981234356,-0.22032707940753044,0.9533648562350668,-0.08180397093784396,0.009877788662450017,-0.29035493886936115,-0.2817037320268131,-0.281703732026813,-0.4130895875741309,-0.16249485272698808,-0.028674029962011394,-0.5889314610774484,0.7458446164487277,0.2987979930400708,0.06530938180359641,-0.7410367990463649,0.44892052360428014,-1.8168253413145286,0.0,0.0,0.0,2.8743688536029515,1.0,11.15414810180664,-9.078046798706055,1.3799999952316284
3.7601141929626465,0.08612578150170637,0.9546725958589054,-0.1688937595133324,-0.11106807456699908,-0.21849259833104437,0.9582866936976331,-0.15297696703903865,-0.07296023325906756,-0.23013357990605815,-0.2899156193478443,-0.28991561934784427,-0.40736830222558534,-0.2687697998359878,-0.21182444500968714,-0.4426314466584732,0.7596189560428772,0.3056952185547827,0.12348661393342591,-2.529976887487969,-0.5960182305224813,-0.7937864869974953,0.0,0.0,0.0,3.0180365486205973,1.0,11.3099946975708,-9.20513916015625,1.3799999952316284
3.7801077365875244,0.23258723127498604,0.9539290342127077,-0.17313021646641819,-0.11458428626345955,-0.21660047823999642,0.9726890764394112,-0.16331910933274432,-0.012904793906538245,-0.1644271735341652,-0.2980018688851662,-0.29800186888516617,-0.4014908294605846,-0.31987905742659717,-0.07889472281543128,-0.3221880423293321,0.7628384884852013,0.2899769954432983,-0.11201751081549688,-2.4783016356568695,0.9611382388741443,1.195139452746836,0.0,0.0,0.0,3.0029719006811653,1.0,11.488104820251465,-9.341310501098633,1.3899999856948853
3.8001253604888916,0.1621057769041255,0.9531832737529705,-0.17726471497259216,-0.1180927180086631,-0.21464616795224112,0.9608600240078624,-0.1134932174714387,-0.16268559543343827,-0.19339260815775383,-0.30597852111688595,-0.3059785211168859,-0.3954455014475742,-0.1668663350838159,-0.36455510153607373,-0.36640694309435506,0.792429182043981,0.33243327065830036,-0.11699516329194533,-2.1684135120670165,-2.360121441249482,1.214820971292926,0.0,0.0,0.0,3.094043111479417,1.0,11.643951416015625,-9.468403816223145,1.3899999856948853
3.8201258182525635,0.18773320194828358,0.9524385152082488,-0.1812867663370534,-0.12158506362225333,-0.21263361776288767,0.9255306994137599,-0.20150715774782985,-0.11349008830207212,-0.299846276742359,-0.31382588841453884,-0.31382588841453896,-0.3892471088663671,-0.32905569120067296,-0.3372777688996595,-0.5700844596603768,0.791911303462063,0.2818913758322962,-0.0772917940624184,-3.4038790120096367,-1.2690172667791353,-1.545077046145738,0.0,0.0,0.0,3.188736861636457,1.0,11.822061538696289,-9.59549617767334,1.399999976158142
3.840095043182373,0.3441307788697492,0.9516969314371344,-0.18519213995359324,-0.12505779814760237,-0.21056440609710025,0.9746322478945567,-0.05868479391509509,-0.011140839452312068,-0.21569413071162669,-0.3215357648043375,-0.32153576480433743,-0.38290305816445214,-0.10992883334250418,-0.047049730914721984,-0.43300643507798947,0.7427414090981052,0.24249347259803683,-0.10812266394496503,0.014483607243884311,0.7039207364216282,0.3259231138004469,0.0,0.0,0.0,2.8717296168221402,1.0,11.822061538696289,-9.59549617767334,1.399999976158142
3.8601126670837402,0.14468786256846528,0.9509572096464793,-0.18899457697294814,-0.12852358385943624,-0.20843014102601504,0.9680038538252798,-0.1549030832396628,-0.0722360361624767,-0.18372677774833485,-0.32913564394928374,-0.3291356439492837,-0.376390392919493,-0.2825451448732408,-0.19806161405848483,-0.34687822782898464,0.8773419486375376,0.22918916107658632,-0.15432972362419978,-2.62540115892369,0.14886439457841139,1.0330868054873106,0.0,0.0,0.0,3.0382198167530547,1.0,11.97790813446045,-9.731666564941406,1.399999976158142
3.8801028728485107,0.338939987387965,0.950223780222715,-0.1926779227932307,-0.1319680555065076,-0.2062387400397187,0.9701774898477767,-0.026283133435579187,-0.14886151993028945,-0.18948636619429574,-0.336593503762688,-0.3365935037626881,-0.36973614000359406,0.005675150655147051,-0.30343997192274336,-0.38663349942030173,0.715842115987679,0.2915672560896736,-0.22856560731797332,0.2618727371733054,-2.05644019392605,1.8192129566157518,0.0,0.0,0.0,3.0071882275773167,1.0,12.156018257141113,-9.858759880065918,1.399999976158142
3.9001071453094482,0.40280555712471294,0.9494967190618928,-0.19624847021417413,-0.1353971151802814,-0.2039856358427109,0.9339410851856549,-0.030021121321352876,-0.20940650691754073,-0.2881001501864304,-0.34392196773868944,-0.3439219677386894,-0.36292930455771666,0.07081440498392526,-0.42074967652322687,-0.6135601181463609,0.7255479822445913,0.3455074350345566,-0.12078199613999738,0.1192393269364298,-3.8378937162792433,-0.4370449723990949,0.0,0.0,0.0,3.148194375824336,1.0,12.311863899230957,-9.98585319519043,1.409999966621399
3.920114517211914,0.2762213651880871,0.9487780124026648,-0.19970275982318383,-0.1388075503560565,-0.2016718990449671,0.9787671202993451,-0.1072429645949551,-0.046698679527399596,-0.16832440136893304,-0.3511139120640301,-0.3511139120640301,-0.35597615194713894,-0.19708260091604174,-0.12786562073179703,-0.327961876694504,0.6999508486413618,0.344348303510396,-0.15990374568642357,-0.6466110987377114,0.21393940244009713,1.2821560802903171,0.0,0.0,0.0,2.950698003489086,1.0,12.311863899230957,-9.98585319519043,1.409999966621399
3.9401490688323975,0.09013888726465964,0.9480683687240379,-0.20304343920912513,-0.14220206323008575,-0.19929451380351385,0.9600299600369963,-0.1898772985869231,-0.10924865980148606,-0.17422347041737782,-0.3581747943002764,-0.3581747943002764,-0.34887077367981795,-0.3465934609115136,-0.27955311199257,-0.309798900286192,0.7551017331515967,0.2126996741192947,-0.01468339029799215,-2.662138882240112,-0.14260642294943515,0.4854180157080056,0.0,0.0,0.0,3.184872600298889,1.0,12.467710494995117,-10.094789505004883,1.409999966621399
3.9601247310638428,0.3208013107906073,0.9473723280227716,-0.20625530971029565,-0.14556472185658426,-0.19686373730029422,0.9372008337956069,-0.12259904295425676,-0.08031205382239952,-0.3165028369704565,-0.36507179723678934,-0.36507179723678934,-0.3416468686557812,-0.18486043614816852,-0.23016989102084665,-0.6299408410385035,0.7606929203027802,0.2010273003308506,-0.03016532924058632,-0.8944352039509886,-0.4202516729416987,-2.211868258987033,0.0,0.0,0.0,3.00733543793788,1.0,12.645820617675781,-10.221881866455078,1.4199999570846558
3.9801321029663086,0.3304575091994646,0.946688190284674,-0.2093521641382312,-0.14890937962684986,-0.19436856331545738,0.9372008337956069,-0.12259904295425676,-0.08031205382239952,-0.3165028369704565,-0.3718337314158932,-0.3718337314158933,-0.33427485125467254,-0.18486043614816852,-0.23016989102084665,-0.6299408410385035,0.7606929203027802,0.2010273003308506,-0.03016532924058632,-0.8095304958650833,-0.3821818448771702,-2.2575339531113388,0.0,0.0,0.0,3.010971654048959,1.0,12.645820617675781,-10.221881866455078,1.4199999570846558
4.000133991241455,0.2635732117215586,0.9460186934089604,-0.21232710258544174,-0.15222828840781888,-0.19181340265190078,0.9680072661964937,-0.09570867872245817,-0.1823694172688088,-0.1433289121322947,-0.3784450355171052,-0.37844503551710496,-0.32677110504519374,-0.14433588522856663,-0.39034283470876113,-0.26541468229888915,0.6553919158038579,0.33601878774014443,-0.05758725344363724,-0.5849717546650828,-2.0888990278339588,1.7150957929541604,0.0,0.0,0.0,3.161699424672163,1.0,12.801667213439941,-10.34897518157959,1.4199999570846558
4.020105838775635,0.18243670980497964,0.9453660150922832,-0.2151759997864654,-0.15551591765381423,-0.18920144286110496,0.9277693040065997,-0.18722749121598695,-0.17330540307539924,-0.2723145650547365,-0.38489535079168563,-0.38489535079168563,-0.3191481927552549,-0.28307615460442576,-0.43735445057646205,-0.5076834905434836,0.7208616999343215,0.17438071511365427,0.043978769864352424,-2.239550851102767,-1.5520426789839177,-1.6504617992258708,0.0,0.0,0.0,3.3397777619539895,1.0,12.968645095825195,-10.466989517211914,1.4199999570846558
4.040071725845337,0.18993280519088734,0.9447306713905824,-0.2179019337091008,-0.15877474373991216,-0.18652958631289282,0.9572020866120523,-0.23966839508964163,-0.07890996293208852,-0.1417619255327221,-0.3911902900704858,-0.39119029007048584,-0.31140031624031655,-0.46375489856259833,-0.22080717169308614,-0.24172415769163139,0.7000241834528705,0.20794480668897342,-0.046081557440607074,-3.0012312842943185,0.9931388259909055,0.659546542689134,0.0,0.0,0.0,3.3299644556307544,1.0,13.113360404968262,-10.59408187866211,1.4299999475479126
4.060091018676758,0.19598022863001685,0.944112136613286,-0.22051199292444473,-0.16201275363093026,-0.1837895593794956,0.93794137600072,-0.1500071733268156,-0.20461674364950713,-0.23642295014369208,-0.39734550133809626,-0.3973455013380963,-0.30350708816496685,-0.20883734077398122,-0.47211091193620275,-0.443437593435397,0.6785841779033889,0.2098639533913189,-0.18679495696294332,-1.3963198882408974,-2.1551964052311146,0.14700835439549365,0.0,0.0,0.0,3.3489248424601836,1.0,13.269206047058105,-10.721175193786621,1.4299999475479126
4.08013129234314,0.2483991648730781,0.9435127712519187,-0.2230007861317539,-0.165222890862595,-0.18098534803721295,0.9534813730457742,-0.12141313735641923,-0.13108048187548693,-0.24279626974751176,-0.4033476725236957,-0.4033476725236955,-0.29548376447736957,-0.1774420429025395,-0.3140603401235241,-0.47051820751167023,0.68529965793118,0.3647853246016,-0.23507700424339312,-0.45191653166742984,-1.4253196979249882,-0.006580027213953565,0.0,0.0,0.0,3.1285284381252447,1.0,13.425052642822266,-10.830111503601074,1.4299999475479126
4.100103139877319,0.22770735690775665,0.9429363741576091,-0.22535727989194784,-0.16838926949421582,-0.17812957252912207,0.9273289223227227,-0.22734788023801003,-0.11166079811927142,-0.2755102127661128,-0.4091681969916414,-0.40916819699164136,-0.28736977323756474,-0.39177778696688836,-0.33881097826973006,-0.5097337924804323,0.7206811781740898,0.27499307848201393,-0.24555094659148125,-2.4605524954090003,-0.5145251081795181,-1.1722615392629927,0.0,0.0,0.0,3.3638153339672336,1.0,13.425052642822266,-10.830111503601074,1.4299999475479126
4.1201183795928955,0.2356917221747247,0.9423808185516211,-0.22759463341415254,-0.17152796732045061,-0.1752062558642486,0.9273289223227227,-0.22734788023801003,-0.11166079811927142,-0.2755102127661128,-0.41483763219846587,-0.41483763219846587,-0.2791231608304304,-0.39177778696688836,-0.33881097826973006,-0.5097337924804323,0.7206811781740898,0.27499307848201393,-0.24555094659148125,-2.392707891452073,-0.4806927989174341,-1.2326928685984684,0.0,0.0,0.0,3.367738749200989,1.0,13.425052642822266,-10.830111503601074,1.4299999475479126
4.140128135681152,0.2438708952282973,0.9418486041288889,-0.22970686468397544,-0.17462947712696764,-0.1722222660862508,0.9273289223227227,-0.22734788023801003,-0.11166079811927142,-0.2755102127661128,-0.42033940014453164,-0.42033940014453164,-0.27076703766547233,-0.39177778696688836,-0.33881097826973006,-0.5097337924804323,0.7206811781740898,0.27499307848201393,-0.24555094659148125,-2.32735942595483,-0.44718875498895816,-1.294488423935603,0.0,0.0,0.0,3.3716621644347446,1.0,13.425052642822266,-10.830111503601074,1.4299999475479126
4.160109043121338,0.25045441191172774,0.9413413090686713,-0.23169176216575785,-0.17768849928644456,-0.1691811585453215,0.9226761359766239,-0.1719779846865309,-0.2127005111545697,-0.2717550614744662,-0.42566530662139024,-0.4256653066213901,-0.26231478558960014,-0.23295003151892624,-0.5074831627065639,-0.5121930705376742,0.7963480966020732,0.3777709902920664,-0.2043111575265998,-1.9016062111385583,-2.9139402423211145,-0.8026033985748519,0.0,0.0,0.0,3.4542859145747355,1.0,13.592031478881836,-10.948126792907715,1.440000057220459
4.180091619491577,0.266632805298724,0.9408590610021109,-0.23355264342404192,-0.1807079850124843,-0.16607833763798419,0.9272314989835297,-0.27414794720329727,-0.0801225011611132,-0.24220866034199118,-0.43082170105930595,-0.4308217010593061,-0.2537570923075175,-0.5113524809283705,-0.28523840116893306,-0.43598044481419035,0.7311511028271873,0.19034454948034557,-0.3621085612117184,-3.1429001186081704,0.8613361434617188,-0.6459467145466684,0.0,0.0,0.0,3.5207440777548715,1.0,13.736745834350586,-11.07521915435791,1.440000057220459
4.200077533721924,0.12966729186429762,0.9404027154413199,-0.23528974535548441,-0.18368634593625283,-0.16291345812341673,0.9426841763053826,-0.27250398461174324,-0.1458453663928892,-0.12576665383116897,-0.4358068907700063,-0.43580689077000623,-0.24509662167679874,-0.5328598531313232,-0.35065824101442095,-0.16864161450202783,0.6668029382012419,0.3326360213376921,-0.2627788553927449,-3.3695742170327714,-0.3143881721824251,1.442421306346879,0.0,0.0,0.0,3.6535940615395672,1.0,13.89259147644043,-11.18415641784668,1.440000057220459
4.220097064971924,0.24270672229668422,0.9399724752974696,-0.23690557794394052,-0.18662612165362558,-0.159681506564541,0.945596831346203,-0.13340875676649736,-0.1971501652340874,-0.2217668787583255,-0.44062595371802454,-0.44062595371802454,-0.236323441304669,-0.18383181263162984,-0.44673186108850743,-0.4188546686953109,0.6367334350750076,0.2979373410417649,-0.26759379493273794,-0.37647650834528434,-1.9933005411666413,0.35733477239339995,0.0,0.0,0.0,3.3418902041095593,1.0,14.037306785583496,-11.302170753479004,1.440000057220459
4.240097999572754,0.3320049859175029,0.9395702464519005,-0.23839610159036645,-0.18951771522229116,-0.15639081285597656,0.93172992160821,-0.11522660013041021,-0.22393910534586217,-0.26163612307791156,-0.4452641977873009,-0.4452641977873008,-0.2274638304628484,-0.11124835630741035,-0.49791690512180875,-0.5192031422319544,0.66239848628209,0.21081364230719313,-0.3360027909927599,-0.08119479484405367,-2.4068514606800413,-0.027244618427957112,0.0,0.0,0.0,3.388824271567748,1.0,14.20428466796875,-11.420185089111328,1.4500000476837158
4.260116815567017,0.28291934573884936,0.9391959786322478,-0.23976444621617488,-0.19236449753276963,-0.1530353689204891,0.9308132537492378,-0.22917560962761174,-0.1061256817515396,-0.2642017529641705,-0.44972823271830104,-0.44972823271830087,-0.21850518688597242,-0.40165578601499907,-0.32431922804315666,-0.48654879615914864,0.7209342825955,0.3532741017895213,-0.3070960577672551,-2.033393771372813,-0.390928461121977,-1.258214967456055,0.0,0.0,0.0,3.395389763684824,1.0,14.20428466796875,-11.420185089111328,1.4500000476837158
4.280137062072754,0.29188617923500076,0.9388506347245056,-0.24100980141293835,-0.1951621339934104,-0.1496178557372995,0.9308132537492378,-0.22917560962761174,-0.1061256817515396,-0.2642017529641705,-0.45401234336554014,-0.4540123433655403,-0.2094583301559785,-0.40165578601499907,-0.32431922804315666,-0.48654879615914864,0.7209342825955,0.3532741017895213,-0.3070960577672551,-1.9865904934352212,-0.3603586358986053,-1.330191206897637,0.0,0.0,0.0,3.399172294156591,1.0,14.20428466796875,-11.420185089111328,1.4500000476837158
4.300562858581543,0.30106905615289725,0.9385286954184039,-0.24215412731790126,-0.19796356265389048,-0.14606743086846563,0.9308132537492378,-0.22917560962761174,-0.1061256817515396,-0.2642017529641705,-0.45819569243293096,-0.458195692432931,-0.2001417183795196,-0.40165578601499907,-0.32431922804315666,-0.48654879615914864,0.7209342825955,0.3532741017895213,-0.3070960577672551,-1.9414731338691704,-0.3298432506757061,-1.404997253889937,0.0,0.0,0.0,3.4029548246283587,1.0,14.20428466796875,-11.420185089111328,1.4500000476837158
4.320126533508301,0.3054572023179716,0.9382495913826719,-0.24313123718978547,-0.20059476079600624,-0.14260661875946162,0.975111209673221,-0.12108892854305098,-0.11678351097720589,-0.14442026075921688,-0.46202326867483917,-0.46202326867483917,-0.1911399989615396,-0.2113586252126219,-0.2658496979140364,-0.2657098676591157,0.7453993231348822,0.22727676515980041,-0.29415037660931287,-0.2659132302841387,0.4545954272483498,1.3297810410842366,0.0,0.0,0.0,3.1528147178602035,1.0,14.337867736816406,-11.529122352600098,1.4500000476837158
4.340109348297119,0.30749056425406146,0.937994441896109,-0.24400989290149605,-0.203227870116858,-0.13901090585264447,0.9718726462998042,-0.09986812499610487,-0.16241217025367508,-0.13824689485651798,-0.46575028682788794,-0.4657502868278879,-0.18186992692509715,-0.15954329881775323,-0.35042904361029387,-0.2542978954766099,0.4809865584498147,0.3880626299456243,-0.3020238656190794,1.0558408312423124,-1.045869650748053,1.7033008201705004,0.0,0.0,0.0,3.214233353176942,1.0,14.482582092285156,-11.63805866241455,1.4500000476837158
4.360288143157959,0.27520252110968113,0.9377678145035492,-0.24477555699007636,-0.20582895342093666,-0.1353177546188107,0.9550959523527213,-0.11177524948916313,-0.23559623682861777,-0.1406855663999601,-0.4693251339652134,-0.46932513396521336,-0.172435259238169,-0.16877479733593945,-0.5023475138726925,-0.2490938649985942,0.7040945672344766,0.2417319087131377,-0.3583180357200082,-0.29554384061173344,-1.8401152332502253,2.072725364011486,0.0,0.0,0.0,3.4584540831736748,1.0,14.627296447753906,-11.746994972229004,1.4500000476837158
4.380121946334839,0.279315221435788,0.9375756922375843,-0.24540993061589025,-0.20832693895913665,-0.13162702528065717,0.9575889210640748,-0.1980407683876613,-0.09158450426895196,-0.18819030498295186,-0.472652648257081,-0.4726526482570811,-0.1630934520315517,-0.3641072592316936,-0.2526175840261921,-0.34135901817617337,0.6083426358808718,0.20131448439638888,-0.4019046247390643,-0.9038958538292055,1.0649002875539733,0.22402740746430538,0.0,0.0,0.0,3.3115725469212607,1.0,14.772010803222656,-11.855931282043457,1.4500000476837158
4.400101184844971,0.24952965462598792,0.937413040782407,-0.2459314437235397,-0.21078248773880803,-0.1278485777072874,0.9127713448477954,-0.20262728772881716,-0.2779107583756724,-0.22035486078475502,-0.4758165832234188,-0.47581658322341885,-0.15361829034848473,-0.31342216875621537,-0.639304910621044,-0.3692547973364046,0.519798162779379,0.335795213500154,-0.46788304022853944,-1.1701893861935337,-3.271331509497575,0.5869263279886181,0.0,0.0,0.0,3.938731118237659,1.0,14.905592918395996,-11.964869499206543,1.4500000476837158
4.420129299163818,0.11805059917078034,0.937281204978764,-0.2463368938848902,-0.21318083716395345,-0.12400003294667683,0.9373413769382564,-0.2820155869181175,-0.18570906177297278,-0.08585159398709756,-0.47879763435880107,-0.47879763435880124,-0.14405840944705642,-0.5718357249523118,-0.4077758731120998,-0.06125670086631919,0.7114077108731629,0.2847996940083451,-0.5829798855348121,-3.608674061991975,-0.3475361096026339,2.7597185559791715,0.0,0.0,0.0,3.8994167659455092,1.0,14.905592918395996,-11.964869499206543,1.4500000476837158
4.440113306045532,0.11514075748322407,0.937180844332419,-0.2466254609057458,-0.21550881774701244,-0.12009952757062684,0.9373413769382564,-0.2820155869181175,-0.18570906177297278,-0.08585159398709756,-0.48158070373391015,-0.4815807037339101,-0.13446198641680074,-0.5718357249523118,-0.4077758731120998,-0.06125670086631919,0.7114077108731629,0.2847996940083451,-0.5829798855348121,-3.5842138797339054,-0.3260166465013309,2.6747100308143086,0.0,0.0,0.0,3.903691605632273,1.0,14.905592918395996,-11.964869499206543,1.4500000476837158
4.461164236068726,0.11279423169739534,0.9371087764564952,-0.246805414890381,-0.21788855643463656,-0.11592586097945495,0.9373413769382564,-0.2820155869181175,-0.18570906177297278,-0.08585159398709756,-0.48430434425499286,-0.48430434425499297,-0.12429522169311759,-0.5718357249523118,-0.4077758731120998,-0.06125670086631919,0.7114077108731629,0.2847996940083451,-0.5829798855348121,-3.5608459868044022,-0.3049861899793811,2.583836679524707,0.0,0.0,0.0,3.907966445319037,1.0,14.905592918395996,-11.964869499206543,1.4500000476837158
4.480134010314941,0.35278655502200346,0.9370733087153167,-0.24685975298482066,-0.219967369276801,-0.11210813040562892,0.9271135607477208,-0.14340156324913095,-0.23592660415904426,-0.2534463939087896,-0.48657491872834335,-0.4865749187283434,-0.11508626531652698,-0.17094189850882952,-0.535360026969338,-0.4867143675722183,0.3949342596900313,0.2810103189290152,-0.5274616614201726,0.896060826476613,-2.396741788453528,-0.02742864123501798,0.0,0.0,0.0,3.555686307371428,1.0,15.050308227539062,-12.073805809020996,1.4600000381469727
4.500100374221802,0.13134793343520665,0.9370659926925977,-0.24680778891388544,-0.22208620161742876,-0.10803221612842251,0.9191814026222882,-0.30984564843940987,-0.21935887362130088,-0.10479936917786602,-0.48877563560254406,-0.48877563560254406,-0.10534883977210698,-0.6342801240124099,-0.4872576446136119,-0.06423971879294257,0.5699761756351911,0.34543307737724827,-0.46760222121786876,-3.558065141671068,-1.257896767265223,1.5988951741638455,0.0,0.0,0.0,4.250472034963561,1.0,15.183890342712402,-12.173664093017578,1.4600000381469727
4.520122766494751,0.19206011107137339,0.9370893331555739,-0.24664458614131016,-0.22413773923858113,-0.10388601283253393,0.9539659636818263,-0.1675297415956715,-0.19912255779333024,-0.1491071185266957,-0.4907868595908074,-0.49078685959080737,-0.0955419198728656,-0.2923943329841031,-0.44435104893217786,-0.24359224652072956,0.5698729873908243,0.23905131606275087,-0.5156597566705501,-0.4587981430358048,-0.7991716071127284,1.4814348946377596,0.0,0.0,0.0,3.5086656775513854,1.0,15.317473411560059,-12.291679382324219,1.4600000381469727
4.540102243423462,0.19846982299929936,0.9371429407988898,-0.24637224631849824,-0.2261097695055057,-0.09969050551056884,0.9372816793947453,-0.2086243116979534,-0.2054977804316747,-0.1890756787034664,-0.49259765741195777,-0.4925976574119577,-0.08571783893829558,-0.36160923242265597,-0.48262977839423593,-0.30819459754773026,0.5257840662760027,0.3055230044480116,-0.4812386701000241,-0.949634818762052,-1.350839745454231,0.3190367123619511,0.0,0.0,0.0,3.674044751375542,1.0,15.451055526733398,-12.38245964050293,1.4600000381469727
4.560098886489868,0.40273232181194635,0.9372265501599104,-0.24599162003905226,-0.22800637148974393,-0.09543380483872813,0.9270008415408272,-0.15391743480003106,-0.20662173541299683,-0.2725551714829458,-0.49421312903083353,-0.49421312903083353,-0.07585105861853685,-0.196602445828952,-0.48587133530505006,-0.5230480356436856,0.5808921194656906,0.25802566539521055,-0.4760535888292168,0.2005225155141357,-1.7250354569936714,-1.1206989664531504,0.0,0.0,0.0,3.5188289261921857,1.0,15.584638595581055,-12.482317924499512,1.4600000381469727
4.580111742019653,0.2338568277057019,0.9373398016194202,-0.2455039651188632,-0.22982527224160848,-0.09111664858878825,0.8912482823245471,-0.33012511327645794,-0.2812071399712222,-0.1327269877114514,-0.4956320575499987,-0.4956320575499987,-0.06594591366229441,-0.6889395489550438,-0.6296770622734301,-0.06304249939928613,0.46996436383993,0.24273642429234765,-0.5829252745512723,-3.594918596178009,-2.1961531671530703,1.3309739395060545,0.0,0.0,0.0,4.896595022578353,1.0,15.584638595581055,-12.482317924499512,1.4600000381469727
4.60009241104126,0.15573732101681872,0.9374818961636384,-0.24491214354169283,-0.2315601945193403,-0.08675028890676534,0.9154700962464626,-0.2640709088404558,-0.26298572671234227,-0.15172200080492335,-0.4968506817611411,-0.49685068176114094,-0.056030349217984464,-0.5097068328418916,-0.5963688866048878,-0.16867816319421072,0.2373322312302226,0.18109403529463164,-0.5963210887857521,-1.1699942143761826,-1.7005412808700378,1.194099422393787,0.0,0.0,0.0,4.241053347628718,1.0,15.7070894241333,-12.591254234313965,1.4600000381469727
4.620112895965576,0.24133230457432578,0.9376528134962016,-0.2442155666722169,-0.23321537982424462,-0.08231977254012822,0.9447032514580511,-0.1883488441257035,-0.19681199503881802,-0.18255278198356165,-0.49787279111385596,-0.49787279111385585,-0.04607259346399748,-0.3219096478405372,-0.45629486768020605,-0.30641021243896094,0.5999031816566203,0.3451437135011566,-0.605570416759274,-0.7900524465825833,-1.2465626612254481,0.6369883233083393,0.0,0.0,0.0,3.6084720610418555,1.0,15.84067153930664,-12.682035446166992,1.4600000381469727
4.640118598937988,0.25316858558693855,0.9378515364746982,-0.2434175864523516,-0.23478421119455364,-0.07783796189206782,0.9048908731877341,-0.25851913962539097,-0.2793467050313676,-0.19054075799420478,-0.4986948162218859,-0.4986948162218859,-0.03610374320509394,-0.4706915823028799,-0.6486026823161676,-0.25419953591585265,0.25261298639211693,0.21195999904576535,-0.5885823929978403,-0.9943326768983751,-2.363640298933042,0.3350817140765332,0.0,0.0,0.0,4.333645968732323,1.0,15.963122367858887,-12.772815704345703,1.4600000381469727
4.660110235214233,0.2555795698094998,0.9380773547416081,-0.24252007953524485,-0.23626500287379482,-0.07330577030664764,0.9613681411094488,-0.17044611953291475,-0.16139642931685488,-0.1437727728038376,-0.4993168888045139,-0.4993168888045137,-0.026127467435264708,-0.3062110424503791,-0.36755390689240525,-0.23955001367163348,0.14266526002998625,0.2142363893550729,-0.48758113170830586,1.3372713220993164,0.21029866130875674,0.6398299606325184,0.0,0.0,0.0,3.462900101802743,1.0,15.963122367858887,-12.772815704345703,1.4600000381469727
4.680104494094849,0.2209748102288393,0.9383297260251738,-0.24152410423295134,-0.2376571618516139,-0.06872049004939136,0.9236855373752415,-0.2092679991905091,-0.2742690270596405,-0.1666986303314178,-0.49973945061805547,-0.4997394506180554,-0.016139439146518168,-0.36956215250393304,-0.6143726977320748,-0.23864908258744397,0.6016607052091741,0.19034342077425664,-0.5592635691636454,-1.456659639128124,-2.0356743965712054,0.7083819762096126,0.0,0.0,0.0,4.059745975608361,1.0,16.096704483032227,-12.863595962524414,1.4600000381469727
4.700102090835571,0.3160686362163509,0.9386079155709577,-0.24043133827712668,-0.2389588172241928,-0.06408304044461799,0.9632039989608124,-0.16257776906417826,-0.14301726812224297,-0.15922495536461703,-0.49996225856111687,-0.49996225856111687,-0.006143290198817804,-0.2871777124251159,-0.33342623683858935,-0.27900202535829205,0.13578057461527365,0.23539850619947547,-0.5764873904378914,1.6142951254123192,0.41970111638853747,0.4621831443317075,0.0,0.0,0.0,3.421722888099955,1.0,16.21915626525879,-12.954376220703125,1.4600000381469727
4.720271348953247,0.3220948340733199,0.9389137903303303,-0.23923313071393593,-0.2401778456567974,-0.059354915146101306,0.9632039989608124,-0.16257776906417826,-0.14301726812224297,-0.15922495536461703,-0.4999844671468613,-0.4999844671468611,0.003941143472302922,-0.2871777124251159,-0.33342623683858935,-0.27900202535829205,0.13578057461527365,0.23539850619947547,-0.5764873904378914,1.6076242565895373,0.43075159981926825,0.3627350766245685,0.0,0.0,0.0,3.425298142871568,1.0,16.21915626525879,-12.954376220703125,1.4600000381469727
4.740142107009888,0.2854661992216946,0.9392391421613786,-0.2379601290293042,-0.24128489246812546,-0.054648069416581506,0.9104678150690202,-0.27770897359353997,-0.24160745117170707,-0.18855217645887393,-0.49980745334997145,-0.4998074533499714,0.013874782009678184,-0.5170790908244112,-0.5760037777550554,-0.25204825478136095,0.1697605376866074,0.24671805445310266,-0.5394892701536543,-0.9168159211333315,-1.725605963733532,-0.5791292331079543,0.0,0.0,0.0,4.27430588444491,1.0,16.31934356689453,-13.045158386230469,1.4600000381469727
4.760109901428223,0.35345696184986786,0.9395892034670108,-0.23659023981988175,-0.2423016326746119,-0.049870892847598366,0.9454630886535569,-0.20348478409305,-0.1565750316987636,-0.20044388263255253,-0.49943078645784045,-0.4994307864578406,0.023851405369556034,-0.355177875008995,-0.3872531380560366,-0.3474685774152964,0.7652958802192871,0.17374207682872447,-0.5730192535919265,-1.5960919993812879,0.19895053866174717,-0.7768108005867931,0.0,0.0,0.0,3.6039001461420472,1.0,16.430662155151367,-13.13593864440918,1.4600000381469727
4.780109882354736,0.0916515153393583,0.9399621445067231,-0.2351289007414757,-0.2432220739305636,-0.045039867710094605,0.9328810894200296,-0.24207425476533512,-0.2514131136530436,-0.08901895565321077,-0.49885390796923335,-0.4988539079692332,0.03383457556736579,-0.49354030220531464,-0.5377157994184284,-0.05167966262977806,-0.22256918461094405,0.1959433323024574,-0.459082140304243,0.9329653598906027,-1.172762788096378,1.007910144320924,0.0,0.0,0.0,4.143208820079692,1.0,16.56424331665039,-13.21764087677002,1.4600000381469727
4.800132751464844,0.09940863765384578,0.9403569281291553,-0.23357832554659183,-0.24404364957365862,-0.04015856891273312,0.9503213705268427,-0.22862240960913613,-0.20151590787963697,-0.06334370857426583,-0.4980764922199852,-0.49807649221998546,0.04381561248955567,-0.4654899309141638,-0.42461865323130626,-0.03100999829428726,-0.10538649264017394,0.08599592939160408,-0.45112505660910696,0.7086229105940394,0.39218521917266036,1.2019752695270185,0.0,0.0,0.0,3.869777157661779,1.0,16.664430618286133,-13.29934310913086,1.4600000381469727
4.82014012336731,0.10631688915874815,0.9407718225376109,-0.2319433631775603,-0.24476303255900034,-0.0352379353774537,0.9454971157444602,-0.1991982323368815,-0.24587279799477296,-0.0768234050208013,-0.4971002300280028,-0.49710023002800263,0.05377137999072255,-0.4008306680787307,-0.5184681834798461,-0.05450417567436077,0.6585879357301513,0.016375576750877988,-0.6284647592605423,-1.7935282101965901,-0.2792383759924858,1.900184472298669,0.0,0.0,0.0,3.954691645905299,1.0,16.77574920654297,-13.3810453414917,1.4600000381469727
4.840100526809692,0.13510779249973168,0.941205069750303,-0.23022892109482804,-0.2453779171173532,-0.030287594143273252,0.9466662978050213,-0.2578872651825446,-0.19316618669684404,0.001975695776833546,-0.49592797937974314,-0.4959279793797429,0.06368233089582374,-0.5529558806487892,-0.37332006867896683,0.11124687866375764,0.054560604332432205,0.04959237971391467,-0.598023349578914,-0.840445861586155,0.9765836264817127,2.626581043757791,0.0,0.0,0.0,3.9949119525932635,1.0,16.87593650817871,-13.462748527526855,1.4600000381469727
4.8601038455963135,0.1594308959366794,0.9416575788427395,-0.22842925991816465,-0.24588949335966798,-0.02528704167345954,0.9544331221997202,-0.1998698239401772,-0.20436937572252986,-0.08568912995823913,-0.49455499115625773,-0.4945549911562578,0.07358913454059468,-0.3926801824313232,-0.4382628627159688,-0.09054379790833639,-0.06424935626419978,0.09552270692962772,-0.6161678855093513,1.171270966685221,0.17229551945640809,1.2843320817509396,0.0,0.0,0.0,3.7984644716726574,1.0,16.976123809814453,-13.553528785705566,1.4600000381469727
4.883059501647949,0.1315005914699021,0.9421981180217157,-0.22626595378778022,-0.24634547801804782,-0.019502051504972855,0.9561128652729213,-0.22836044374662207,-0.18345942488363853,-0.006506613006422553,-0.49273555249840256,-0.49273555249840256,0.08492158326417361,-0.48286526856857426,-0.3616174507570023,0.07635522536812449,0.736956629147042,0.051612439433811524,-0.5737318206677082,-2.9638255446028494,1.1067548045441842,2.2503413404958668,0.0,0.0,0.0,3.843557459053538,1.0,17.076311111450195,-13.617074966430664,1.4600000381469727
4.900115251541138,0.18870694534071353,0.9426135128139822,-0.22459250356136587,-0.24659225321578773,-0.015173445834211347,0.9662072413725109,-0.17955201672061813,-0.17702783653132015,-0.053533028159459664,-0.4912155551307222,-0.4912155551307223,0.09331279868065509,-0.35947216265401244,-0.36967786881624803,-0.042778722452846245,-0.14361506742050836,0.06349689715459714,-0.6194796350991537,1.7398493463153573,0.98784632832942,1.671573063410132,0.0,0.0,0.0,3.6472280185097974,1.0,17.176498413085938,-13.689699172973633,1.4600000381469727
4.920074462890625,0.22338684929827068,0.943113533287586,-0.2225644131250031,-0.24678006658682686,-0.010076908034201748,0.9016645334102904,-0.2771185952519561,-0.3316975855587634,0.013530154842898929,-0.4892553893640144,-0.48925538936401436,0.10309783692331584,-0.6821156433569916,-0.6318777380613514,0.26101971566408855,-0.04459214098427482,0.09173743525288217,-0.5646703332528733,-1.1687778034944363,-2.0571861156974025,2.8043452489481435,0.0,0.0,0.0,5.114387789370727,1.0,17.265552520751953,-13.771402359008789,1.4500000476837158
4.940070152282715,0.2818725651381225,0.9436284641604922,-0.2204590767313984,-0.24685768872689431,-0.004939496863657279,0.9432543993063335,-0.24587533785694116,-0.18296513396547817,-0.12782885502099112,-0.48709620876826476,-0.4870962087682649,0.11285957382332677,-0.474424849083235,-0.42029003197835774,-0.16635426731915548,0.5135436643777147,0.04326983571362927,-0.5995787815821526,-1.9224585264164076,0.4915598899076672,-0.32815761571319557,0.0,0.0,0.0,3.948550289740151,1.0,17.265552520751953,-13.771402359008789,1.4500000476837158
4.960129261016846,0.23691204631017193,0.944157987194615,-0.218275125413436,-0.2468230245455779,0.00024371404346128916,0.9759471620576375,-0.15158279667561808,-0.15579241842705902,0.016688768207674443,-0.48473450548012187,-0.48473450548012176,0.12260692964486837,-0.3209943021515522,-0.3036768990810192,0.08373014223129925,0.02620378772520454,0.06766135766864875,-0.5467882480429916,1.2116984000534383,1.677342054339305,2.429362334106389,0.0,0.0,0.0,3.547122580560969,1.0,17.37687110900879,-13.834948539733887,1.4500000476837158
4.980128526687622,0.38273022631118714,0.9446977318595109,-0.21602797936178905,-0.2466749471576312,0.005438565724330394,0.9049689088942298,-0.18296423679659105,-0.35702401219185387,-0.14173643394222735,-0.4821856838246203,-0.48218568382462035,0.13227609880315946,-0.3269291298627455,-0.7726798903560027,-0.17673057148466226,-0.29077913289725277,0.02850854444110465,-0.6032075427208745,2.35426115496895,-3.0272484819593934,0.2763234096302005,0.0,0.0,0.0,4.740771732248044,1.0,17.454795837402344,-13.898494720458984,1.4500000476837158
5.000159502029419,0.187219769637558,0.945249019914833,-0.21370952280139197,-0.24641176652539806,0.010666373886269849,0.9314637087601848,-0.2969612815658794,-0.21009199222344205,-0.007121187896492051,-0.4794395088855662,-0.47943950888556625,0.14190756611106764,-0.6423792434955102,-0.4067380024441508,0.12171817350588708,0.20118231687864938,-0.006889923535871548,-0.5057734258225304,-2.3576098958735177,0.5524597433968228,1.1242390905552193,0.0,0.0,0.0,4.381449098712117,1.0,17.532718658447266,-13.962040901184082,1.4500000476837158
5.02011251449585,0.2106493610220878,0.9458076800601551,-0.21133469434062374,-0.24603413999615364,0.01589595116800354,0.9310837009282283,-0.15304697974050202,-0.32851249781802144,0.04170494737400204,-0.4765127786146262,-0.4765127786146262,0.15144494648871007,-0.40077023818385804,-0.6422262579989642,0.2244385097976855,0.42128798302270015,0.007818948278603577,-0.7069410785201893,-0.7455827669853451,-1.5362836095205339,3.9560784091515537,0.0,0.0,0.0,4.376021869841509,1.0,17.62177276611328,-14.03466510772705,1.4500000476837158
5.040095329284668,0.28412507809980736,0.9463755827476527,-0.2088929126227302,-0.24553932957740354,0.02115289733612931,0.9044166169067035,-0.3387719053166129,-0.25889224718385145,-0.015459093740602744,-0.47339154801991057,-0.47339154801991074,0.16093614343370058,-0.7599125878183718,-0.49924988274698795,0.16874695065736373,-0.3738989213779886,-0.09090241689312697,-0.7006219051323902,-0.9525463413633102,-0.30308541192831007,1.5452433878205087,0.0,0.0,0.0,5.0779784755142074,1.0,17.71082878112793,-14.089133262634277,1.4500000476837158
5.060105562210083,0.15132952607522876,0.9469515877089429,-0.20638620549305875,-0.24492584116965094,0.026434013032986134,0.9277875197434362,-0.1950152669546976,-0.31500392239486924,0.044180230180002965,-0.4700766211548124,-0.4700766211548126,0.17037596733012217,-0.4929305729404085,-0.6032013661805975,0.2513761169686425,0.1348081524405073,-0.027231261784044725,-0.600886336199421,-0.4528632740909976,-1.2328983886668579,3.0947368984829673,0.0,0.0,0.0,4.460588082955782,1.0,17.78875160217285,-14.152681350708008,1.4500000476837158
5.080108404159546,0.28911216952888613,0.9475336035263441,-0.20382084591662541,-0.24419358182003176,0.031727394411067214,0.9081666897335869,-0.25287062462312215,-0.3263840175299422,-0.06901582399758137,-0.46657480595935946,-0.4665748059593594,0.1797441249220292,-0.5611414934172588,-0.6786289401464847,0.05103496761487993,0.12017758198584144,-0.021533139105004484,-0.6187736160602115,-1.0265418383920015,-2.105490185161507,0.6864126205186778,0.0,0.0,0.0,4.910332197194704,1.0,17.85554313659668,-14.207149505615234,1.4500000476837158
5.100113868713379,0.32213886913675577,0.9481208305502665,-0.20119756841914144,-0.24334131662050773,0.03703286060103152,0.909480346627249,-0.3518816928218812,-0.22140357362794003,0.00228712491209382,-0.46288581824324065,-0.4628858182432406,0.18904158079450556,-0.7751716937267539,-0.41273351919170637,0.17554105270320425,-0.3362507943496006,-0.04611075831980345,-0.5691843587272978,-1.51496628052092,0.16095869660896034,0.8248637969596333,0.0,0.0,0.0,4.969574703965806,1.0,17.9334659576416,-14.261617660522461,1.440000057220459
5.120111703872681,0.282337229957461,0.9487118926132856,-0.19851972484651967,-0.2423686920487134,0.04234478451445483,0.9345694022415437,-0.28943258598513405,-0.19931571395636213,-0.055516274495929864,-0.4590130938020972,-0.45901309380209715,0.19825987924496238,-0.6033406409985719,-0.4166345265905386,0.012695649685871498,0.23531552945044448,-0.1556829186454453,-0.6100074187086164,-2.2845078789242517,0.9055344628314708,-0.0164580533431824,0.0,0.0,0.0,4.316124752755521,1.0,18.00025749206543,-14.307007789611816,1.440000057220459
5.140125274658203,0.2945066047664153,0.9493064254730327,-0.19578612879291266,-0.2412737395747608,0.04766639192879109,0.9494013437642815,-0.2086184351744143,-0.2140847638652097,-0.09634910920570307,-0.45495354637854113,-0.45495354637854124,0.20740605255775116,-0.40785994403807485,-0.46307920330341895,-0.10483690271476831,0.0964881315589581,-0.17951863177573857,-0.5172061340062917,0.03980649229088562,0.6585877958142713,-0.8339492210791839,0.0,0.0,0.0,3.949281511131584,1.0,18.07818031311035,-14.370553970336914,1.440000057220459
5.160106420516968,0.17467131969396854,0.9499019596343357,-0.19300538272358783,-0.24005856893787966,0.05298181576793362,0.9342969983588671,-0.2722261650006816,-0.22916205487863522,0.02160524358654568,-0.4507187953315293,-0.45071879533152914,0.21645453918755087,-0.6069897308293801,-0.42953469918247966,0.1826533669832975,-0.23931814208361268,-0.14366324831940444,-0.6662551040289596,-0.4689058303954394,0.5016811367160134,1.663048381950201,0.0,0.0,0.0,4.339750443510352,1.0,18.14497184753418,-14.415945053100586,1.440000057220459
5.180095434188843,0.30742404483761643,0.950498679680407,-0.19017391486388965,-0.238720359773572,0.05829864372969046,0.9237489228677315,-0.29705935115041465,-0.236806292585191,-0.04864616312575608,-0.4463023289600987,-0.4463023289600987,0.22542012147275547,-0.6365004296791745,-0.48521743838231773,0.057480080845508014,0.22567254259947334,-0.2269188560692399,-0.6009618247292333,-2.5279553062933444,0.28495978830045554,-0.11557587364109523,0.0,0.0,0.0,4.546369624955899,1.0,18.200632095336914,-14.461335182189941,1.440000057220459
5.200093984603882,0.24489655930510426,0.9510956474649505,-0.187293348057368,-0.2372583295796026,0.0636141194373149,0.9099143912471357,-0.289204147727049,-0.2909905814478851,0.061165701560983145,-0.4417053092323148,-0.4417053092323149,0.2342998501834457,-0.7027710516587248,-0.5168847832557876,0.32746174661144095,-0.12778782035208808,-0.08702342069477914,-0.6457219345169956,-1.5016658371179041,-1.0082392193065493,2.306398478499714,0.0,0.0,0.0,4.86046666758238,1.0,18.26742172241211,-14.506725311279297,1.440000057220459
5.220095872879028,0.22514704693077164,0.9516917141319462,-0.1843664350286199,-0.23567238836602908,0.0689233215195485,0.9214884054490281,-0.28474622475432493,-0.24037846630567294,0.10953035674049315,-0.4369308274900222,-0.43693082749002216,0.2430873340774555,-0.6744181313004477,-0.3904831365271175,0.37506295072810186,-0.28000775097900366,-0.18656125412076585,-0.6567960982095928,-1.0868627750490343,0.5256699069702594,2.985944179536498,0.0,0.0,0.0,4.468726686701276,1.0,18.26742172241211,-14.506725311279297,1.440000057220459
5.240096807479858,0.13676346619819213,0.9522858158300213,-0.18139568033894804,-0.23396251919320177,0.07422177400258886,0.9392433420272626,-0.15703907940698147,-0.29647700703156005,0.07254003238264044,-0.43198178635482143,-0.43198178635482115,0.25177715594886196,-0.41132524546239124,-0.5634959057840472,0.27477701604185656,0.16243802022764653,-0.3061404067551063,-0.6649941870877437,-0.13251212341356366,0.002954014716166853,2.9880752807102033,0.0,0.0,0.0,4.159730004340163,1.0,18.334213256835938,-14.53395938873291,1.440000057220459
5.260090351104736,0.2637965519998713,0.9528768573701625,-0.1783839277755241,-0.2321291064255117,0.07950438321145131,0.9135956282902169,-0.2651735681534364,-0.3070195008600715,0.02765922655120837,-0.4268618664653508,-0.4268618664653509,0.26036310598415624,-0.6419477398704443,-0.5779575430817644,0.2575793480461565,-0.048384227795554624,-0.18024628694100475,-0.5851407544070962,-1.240824992831934,-1.2115776484403806,1.2792394373382145,0.0,0.0,0.0,4.795582023101443,1.0,18.389873504638672,-14.570271492004395,1.440000057220459
5.2800939083099365,0.32021035088009875,0.9534644786137201,-0.17533038332300016,-0.23017037944730595,0.08477228987564396,0.9143582840722997,-0.20622939542397167,-0.3482822755220018,-0.010854555202281877,-0.42156862561283204,-0.4215686256128322,0.26884920289803305,-0.5026015851073397,-0.6963042444395691,0.16207372384520358,-0.3349027269011912,-0.22603648843865956,-0.5712999484013481,1.2537202789439266,-1.9158991754344257,0.7998975606024794,0.0,0.0,0.0,4.771155325427741,1.0,18.423269271850586,-14.606583595275879,1.440000057220459
5.3001203536987305,0.31833764719105095,0.9540482056378159,-0.1722347956143406,-0.22808471582849085,0.09002532368387575,0.9513722425470736,-0.2671139097803622,-0.1528783249293702,-0.013008961510842673,-0.4161003575972597,-0.41610035759725966,0.277237249314432,-0.5565330717100931,-0.30242721275922035,0.05966051433967461,0.15371485454573156,-0.30695200070873774,-0.6289966378752345,-2.099860950246212,2.124859282700256,-0.1370615209751449,0.0,0.0,0.0,3.949097221975483,1.0,18.478927612304688,-14.642895698547363,1.440000057220459
5.32014799118042,0.23083531114291672,0.9546265884504442,-0.1691022355613383,-0.22587419334163977,0.09525418276321078,0.9231606262352219,-0.1579044286743461,-0.33622454315502287,0.09896315553890515,-0.41046487420791306,-0.410464874207913,0.28551460039984317,-0.45929669660153116,-0.6304707586165762,0.36576169840964395,-0.03735891987560894,-0.3047099207360063,-0.5927029020941017,0.4502822952473502,-0.996298182615537,2.925366308164395,0.0,0.0,0.0,4.409383420023745,1.0,18.534587860107422,-14.679207801818848,1.440000057220459
5.3400962352752686,0.15286895044241616,0.9551965629857703,-0.16594726717016206,-0.22354857809220846,0.10043437564836985,0.9600124754502772,-0.2105415543495442,-0.16350496986584043,0.08552441581840378,-0.4046880710605508,-0.40468807106055077,0.293645304987651,-0.4666960584872798,-0.2816288900168139,0.24506182449099168,-0.34331553989519387,-0.1835801537958077,-0.6449262531548446,0.48337287328836975,1.7638600574432872,1.8865312579878273,0.0,0.0,0.0,3.7092553705708253,1.0,18.567983627319336,-14.706441879272461,1.440000057220459
5.360103368759155,0.2115281963655697,0.9557613565334837,-0.1627497896501433,-0.2210921831312782,0.10559820966453248,0.9540301578985825,-0.21375444671737542,-0.20963539734931613,0.013729330163878747,-0.3987324695255775,-0.3987324695255776,0.30168264409149287,-0.4668111520892707,-0.4051183917198464,0.12635374810854674,0.036877386859428984,-0.2784070183063913,-0.5951732152916696,-0.7460766950024579,0.9182192202231348,0.3654281836611917,0.0,0.0,0.0,3.861470295187607,1.0,18.612510681152344,-14.724597930908203,1.440000057220459
5.38009786605835,0.28799363939040323,0.9563182304233011,-0.1595228011987401,-0.21851370634649328,0.11072343110864917,0.9646530816261227,-0.14850580487222115,-0.21526177108612987,-0.03244731017113035,-0.3926211786540702,-0.39262117865407026,0.3095942668595281,-0.3058252071252586,-0.43889901543372684,0.001474172064657823,-0.31067469416856225,-0.16643987362531476,-0.5485875757697767,2.0984999192873346,0.3319996172402585,-0.5246706248001787,0.0,0.0,0.0,3.6421358626459392,1.0,18.65703773498535,-14.760910034179688,1.4500000476837158
5.400095224380493,0.20968603119344906,0.9568669638180808,-0.15626547219501613,-0.21581169054552463,0.1158103189578501,0.956978932291235,-0.1284320051960897,-0.25903047496550186,0.02448992101225027,-0.3863520229082861,-0.386352022908286,0.31738322954226056,-0.3009643850643392,-0.5114965842758259,0.13042287956456383,-0.1851932748762315,-0.30042266434936654,-0.6078029395412929,1.768045350238925,0.15414495064686506,0.938530804173362,0.0,0.0,0.0,3.7629803588516126,1.0,18.690433502197266,-14.779067039489746,1.4500000476837158
5.4200966358184814,0.2864491584348193,0.9574069657776728,-0.15297920516392283,-0.21298646741074884,0.1208554068616478,0.928041609346201,-0.268182665198091,-0.253185736957626,0.05209426082195481,-0.37992705487463435,-0.3799270548746344,0.32504681658845164,-0.6240450674968486,-0.4578184203255388,0.26217538379504174,0.11387331511887075,-0.29405222583813895,-0.5517432439367863,-2.361201087233612,-0.2074605109587,0.593561700210818,0.0,0.0,0.0,4.291112375406471,1.0,18.734962463378906,-14.80630111694336,1.4500000476837158
5.440399169921875,0.3978753146758036,0.9579454569037508,-0.14961615869949352,-0.20999393692053425,0.12592876204460673,0.8874307131511731,-0.3060831005053967,-0.29908438499795903,0.17125535200803554,-0.37324993522262906,-0.3732499352226292,0.33269277998823965,-0.7947547689395257,-0.4400631506814504,0.568458651239443,-0.28678741704910105,-0.3578548070056202,-0.6263045049329863,-2.027574339558437,-0.8300519048991717,3.160667956321621,0.0,0.0,0.0,4.912593747532892,1.0,18.74609375,-14.81537914276123,1.4500000476837158
5.460153341293335,0.18316229732582365,0.9584595456274873,-0.14631906197483657,-0.20696233982029777,0.13081521851245864,0.9542556682179827,-0.200206974045502,-0.21454190094802378,0.057315442552627584,-0.3666054686713545,-0.3666054686713547,0.3400006328527292,-0.45666646790390314,-0.39683988868485487,0.2133635195997319,-0.21405683890820862,-0.2502271057883002,-0.48994750354917593,0.1350016843685633,0.4821379374325575,0.3609827177158351,0.0,0.0,0.0,3.752361355944468,1.0,18.790620803833008,-14.833535194396973,1.4500000476837158
5.4801201820373535,0.25860014733807174,0.9589687912103743,-0.14296300899373635,-0.20377881131920786,0.1357005217429222,0.9187614485945539,-0.19423170395198236,-0.31535388509477813,0.13676027534330246,-0.3597441055162522,-0.35974410551625224,0.3472523269127388,-0.5482553707697583,-0.5542945677416515,0.4551847547759319,0.06478144448619597,-0.3043541841644441,-0.6310178726291387,-1.0588937923281678,-1.222505287416891,2.7635927417000743,0.0,0.0,0.0,4.280456702607672,1.0,18.790620803833008,-14.833535194396973,1.4500000476837158
5.500263452529907,0.267519870436595,0.9594714992507497,-0.13955486464342864,-0.20044662617727804,0.1405703807137896,0.9187614485945539,-0.19423170395198236,-0.31535388509477813,0.13676027534330246,-0.3526768001214221,-0.3526768001214222,0.35442781303971393,-0.5482553707697583,-0.5542945677416515,0.4551847547759319,0.06478144448619597,-0.3043541841644441,-0.6310178726291387,-1.0836432718431404,-1.3151451663621045,2.6669318665732913,0.0,0.0,0.0,4.280456702607672,1.0,18.790620803833008,-14.833535194396973,1.4500000476837158
5.520113945007324,0.29975711329999655,0.9599556358511198,-0.13617560724100575,-0.19704553766295524,0.1453080771235124,0.9369004793958379,-0.18423038761654234,-0.2938045242978009,0.04422168572827909,-0.3455722130639994,-0.34557221306399943,0.3613583340094009,-0.454609489512698,-0.5636051755416839,0.22805747230832235,0.04261690158053458,-0.28418898567323814,-0.4889540383506331,-0.4762980572462945,-1.2267540313872005,0.1561938143874133,0.0,0.0,0.0,4.065401744469735,1.0,18.812885284423828,-14.851691246032715,1.4600000381469727
5.540080308914185,0.16334299656513976,0.960430936562311,-0.13275730096229477,-0.19350830399381386,0.15000817117972723,0.9428319099548575,-0.10313236056095955,-0.2617771495297025,0.17861811151197227,-0.3382888005653045,-0.3382888005653045,0.36818566975384526,-0.3296760125476255,-0.4743733529830476,0.4548405660235704,-0.2549195652268924,-0.41432155189354997,-0.6184899610545918,1.6360969332999875,0.44266805844024537,3.3722344288254464,0.0,0.0,0.0,3.6607409961766186,1.0,18.835147857666016,-14.860769271850586,1.4600000381469727
5.560122728347778,0.19654327908468083,0.9608959389222659,-0.1293078022192614,-0.18984162537066948,0.1546565359903803,0.9630207010580957,-0.19545285506570767,-0.16383151025611073,0.08688237466505833,-0.33084202018680153,-0.33084202018680153,0.3748913945114184,-0.43564326454192087,-0.2854439395710443,0.2435393063152941,0.010246914221552023,-0.4882778206436474,-0.6491350986672512,-1.1297884908486409,2.0811690763247706,0.9690819967364628,0.0,0.0,0.0,3.535219855887351,1.0,18.86854362487793,-14.860769271850586,1.4600000381469727
5.583173751831055,0.2593099492503939,0.9614153422247115,-0.12531964125676,-0.18548275550990126,0.15991145880978008,0.9261659955657829,-0.1768133882179939,-0.29840413109183134,0.1480153672827393,-0.3221132626063634,-0.32211326260636336,0.38241737153675953,-0.5010141429493319,-0.5240622433271106,0.4539891286478398,-0.03167917329864148,-0.4611861858946127,-0.552075031221316,-0.5464907487784832,-0.6518101167512933,2.1842951996845152,0.0,0.0,0.0,4.049782714161443,1.0,18.86854362487793,-14.860769271850586,1.4600000381469727
5.600080251693726,0.2684041190389918,0.9617855897194677,-0.12238142512649597,-0.18219068850870762,0.16370039466264769,0.9261659955657829,-0.1768133882179939,-0.29840413109183134,0.1480153672827393,-0.3156021976821289,-0.3156021976821289,0.3878082681148127,-0.5010141429493319,-0.5240622433271106,0.4539891286478398,-0.03167917329864148,-0.4611861858946127,-0.552075031221316,-0.5698673480637192,-0.7370965091343882,2.1093136889250372,0.0,0.0,0.0,4.049782714161443,1.0,18.86854362487793,-14.860769271850586,1.4600000381469727
5.620116233825684,0.5305711521281652,0.9622124275359444,-0.11888601343272368,-0.17818658033753929,0.16811574195497858,0.9007382939161277,-0.23789980052612533,-0.3619210491373958,0.03297521757290167,-0.3077692523691951,-0.30776925236919517,0.39405340665461425,-0.6267156083806086,-0.6896960094304192,0.3049292812825259,-0.0584171646334907,-0.400379673657165,-0.6302434394299588,-1.1034528457664923,-2.874878589610085,0.13972728473937845,0.0,0.0,0.0,4.893723518371017,1.0,18.879676818847656,-14.869847297668457,1.4700000286102295
5.640141487121582,0.16899090237088796,0.9626258996653585,-0.11537911489574453,-0.17407504171807442,0.17244395318533015,0.9438329469583622,-0.13994443745911603,-0.2519321021122454,0.1616327274578084,-0.2998170531453155,-0.2998170531453154,0.4001371447932059,-0.39290388392597125,-0.44485216095877794,0.4291750765067325,-0.2924539612456454,-0.5237410878215214,-0.6659207881842909,0.9596641222736952,0.4209215948221787,2.6144918393572762,0.0,0.0,0.0,3.662939111768552,1.0,18.89080810546875,-14.878925323486328,1.4700000286102295
5.660122632980347,0.13681263273730015,0.963025201927128,-0.11186771088683237,-0.16986526295824259,0.17667446944672444,0.9522906546310989,-0.09261424156704678,-0.2344430964430975,0.1720509979378391,-0.2917625380730098,-0.29176253807300984,0.40604756048669416,-0.28639205578953736,-0.42755506247069786,0.42006725079151086,-0.0886606006582899,-0.444565867862829,-0.6395312886216062,0.9453493750064286,0.5556809008930335,2.7168985724798986,0.0,0.0,0.0,3.499175961472233,1.0,18.89080810546875,-14.878925323486328,1.4700000286102295
5.68021821975708,0.14421711512059973,0.9634132945102005,-0.10832491477709821,-0.16552528797289862,0.18083671043520252,0.9522906546310989,-0.09261424156704678,-0.2344430964430975,0.1720509979378391,-0.28354441364033134,-0.2835444136403315,0.41182832041198986,-0.28639205578953736,-0.42755506247069786,0.42006725079151086,-0.0886606006582899,-0.444565867862829,-0.6395312886216062,0.9116051983250802,0.45130234798713054,2.6303879309241918,0.0,0.0,0.0,3.499175961472233,1.0,18.89080810546875,-14.878925323486328,1.4700000286102295
5.700093507766724,0.3267371386605037,0.9637837134803304,-0.10481080408340214,-0.16113033767012835,0.18485849523288173,0.9406375950235545,-0.1695586533156091,-0.2783980018580441,0.09457975721870401,-0.27530374403093516,-0.2753037440309351,0.41738213728254986,-0.4409493560661614,-0.5140060992589007,0.3180906635313287,-0.1922396714251958,-0.4600033500658301,-0.7042416781401738,0.19687231814408634,-0.923618276665058,1.1995198050226417,0.0,0.0,0.0,3.8755467877405354,1.0,18.924203872680664,-14.878925323486328,1.4700000286102295
5.720128774642944,0.27258586362692633,0.9641435297054394,-0.1012591215539331,-0.15659900680398578,0.18881365283598373,0.9678567152437904,-0.1663380336596696,-0.1749103390026419,0.0706499159639705,-0.2668866877147878,-0.2668866877147877,0.4228137839766217,-0.3739586793608629,-0.32053331373073124,0.20688102397743674,-0.4078953521900211,-0.4509437655183875,-0.7133084088719468,0.8234281134379161,0.9772507699794963,0.39393351423087797,0.0,0.0,0.0,3.437195239403455,1.0,18.935335159301758,-14.89708137512207,1.4800000190734863
5.740679979324341,0.4472818997740079,0.9644983889712111,-0.09760721893775473,-0.15184807091133057,0.1927637202475699,0.9326564853564273,-0.26634858158820063,-0.23160785307428616,0.07461980838135256,-0.2581416086633804,-0.25814160866338043,0.42820895585763036,-0.6158967221480572,-0.4030995831423372,0.2894703642647551,-0.3080099527202194,-0.4928480984023269,-0.7035555469768127,-1.4188412819994147,-0.5450520970856485,0.30123081305554367,0.0,0.0,0.0,4.041985211624482,1.0,18.935335159301758,-14.89708137512207,1.4800000190734863
5.760098218917847,0.3840847350370616,0.9648204270167421,-0.09414930011622327,-0.14726564451451743,0.1963931843129503,0.9633700452727201,-0.12163261021786362,-0.23720308980366966,0.02929775060339645,-0.24977840016555053,-0.2497784001655505,0.43314056703423437,-0.28168545526301564,-0.46665513170879236,0.1281696934994991,-0.18223544784297346,-0.6276693582067806,-0.645696755953496,1.0412919232874824,0.34834685895326345,-0.5474538254323607,0.0,0.0,0.0,3.522382511420886,1.0,18.946468353271484,-14.89708137512207,1.4900000095367432
5.780101537704468,0.17948894269882604,0.9651386969441704,-0.09058050645748003,-0.14245274803978353,0.20002420375226942,0.9497615364089186,-0.17813297663474187,-0.14687754574653875,0.21130227909062116,-0.24106475852613074,-0.24106475852613077,0.4380499768254055,-0.4213754776352356,-0.2051535365352664,0.4818496913916562,-0.4903089503040174,-0.7002421995028804,-0.8039201460620292,0.22894231808054477,2.3419267654920732,3.25346901766726,0.0,0.0,0.0,3.3825446218666664,1.0,18.957599639892578,-14.878925323486328,1.4900000095367432
5.800108194351196,0.0672787015594163,0.9654433663666363,-0.08700505870231079,-0.13754787049963968,0.20354313896537665,0.9582741173595325,-0.0794338267214104,-0.14160089621368127,0.23526616705910816,-0.2322531842425082,-0.23225318424250818,0.44278488954481665,-0.22706316906166094,-0.23619889839605873,0.5085533505195893,-0.34929466558606614,-0.745516909742108,-0.6612207274870021,1.4601259698746458,2.970108729396313,3.3144844910938014,0.0,0.0,0.0,3.190122544478174,1.0,18.957599639892578,-14.878925323486328,1.4900000095367432
5.820095777511597,0.09748490233864508,0.9657341511890093,-0.08342765582985734,-0.1325593521329033,0.2069429719320842,0.9580990264157806,-0.12408645710330028,-0.15816232573304614,0.2040428520272098,-0.22335718227647955,-0.2233571822764795,0.44733831618307807,-0.3177567656269232,-0.25519327742349557,0.4607699958535647,-0.14521245325939455,-0.6269269461861771,-0.7304199708721667,-0.10354578766561862,1.819832253803646,2.832191529316458,0.0,0.0,0.0,3.289396232080229,1.0,18.957599639892578,-14.878925323486328,1.4900000095367432
5.840099811553955,0.21071052382395833,0.9660116302010927,-0.07984257999336872,-0.12748118326352725,0.21022664115178383,0.9687188163898953,-0.07703317851068389,-0.1963906709802987,0.13069219002147583,-0.21436452020254873,-0.21436452020254873,0.45171656210319655,-0.2167198453415286,-0.3686531583652449,0.30876462293779233,-0.379030297155057,-0.6904988979033306,-0.5463687641311065,2.0672375750703873,1.3223580714896037,0.7546696496768441,0.0,0.0,0.0,3.3085403497174988,1.0,18.968730926513672,-14.878925323486328,1.5
5.8601014614105225,0.28291134468260465,0.9662756033797059,-0.07625379403274045,-0.12232099100214526,0.2133878918051595,0.9780148190239398,-0.10310266677721135,-0.16216651472017118,0.08098688397827133,-0.2052871675705158,-0.20528716757051568,0.45591356508758873,-0.2413196075555337,-0.30521954643386756,0.20253102330375128,-0.2144803405059331,-0.7239487086838017,-0.710811770668472,0.8509158382585839,1.8379726644497723,0.2295135113448903,0.0,0.0,0.0,3.2594517263572773,1.0,18.968730926513672,-14.869847297668457,1.5
5.880112648010254,0.33670590844565185,0.9665263107049317,-0.0726597033771636,-0.1170786884574187,0.21642559675174042,0.9448836714477349,-0.2006053635730876,-0.2058460897162948,0.15677921700808928,-0.19612330303531716,-0.1961233030353171,0.4599300490362825,-0.4884935208724606,-0.3321748010699199,0.4123592686451851,-0.1981645352395024,-0.7080732684051675,-0.5607689458273586,-1.188152598390527,0.4252025778608881,1.0131623575386195,0.0,0.0,0.0,3.616231606618835,1.0,18.968730926513672,-14.869847297668457,1.5
5.900102138519287,0.18135510144126474,0.9667634750907848,-0.06906642126783935,-0.11176564914208414,0.21933228753535455,0.9476773469929739,-0.14535924398796152,-0.1516182571365803,0.24039600721824134,-0.18689096580331083,-0.1868909658033108,0.46375830655752753,-0.36499864291482004,-0.21923480931131345,0.5374746359037522,-0.2981836547204125,-0.6749393854213044,-0.5934310615493601,-0.18103661329810916,1.580959483979249,2.74923222881794,0.0,0.0,0.0,3.3174558068272164,1.0,18.968730926513672,-14.860769271850586,1.5
5.920103311538696,0.3470792056292387,0.9669876148743697,-0.06546840639735073,-0.10637626669086113,0.2221101761025005,0.9592437526861523,-0.16771709150162753,-0.19617722634343893,0.11505171017858806,-0.1775784927839014,-0.17757849278390134,0.4674033364243326,-0.40042990401068224,-0.3445480048461885,0.3093307211654043,-0.3276023565136116,-0.7178997975884395,-0.6025858470439579,-0.050510645237638485,0.5240071994063489,0.2743048342644321,0.0,0.0,0.0,3.4848055419674533,1.0,18.968730926513672,-14.860769271850586,1.5099999904632568
5.940106153488159,0.3603582817062092,0.9671987253843962,-0.06186787118484516,-0.10091645973177304,0.22475511181074476,0.9592437526861523,-0.16771709150162753,-0.19617722634343893,0.11505171017858806,-0.16819419656829254,-0.16819419656829257,0.4708616699634263,-0.40042990401068224,-0.3445480048461885,0.3093307211654043,-0.3276023565136116,-0.7178997975884395,-0.6025858470439579,-0.09735387465086731,0.4012762104335663,0.2282350443208876,0.0,0.0,0.0,3.4848055419674533,1.0,18.968730926513672,-14.860769271850586,1.5099999904632568
5.960116386413574,0.37362086521331905,0.9673969854056576,-0.058264156716448065,-0.09538799744572209,0.22726524286274377,0.9592437526861523,-0.16771709150162753,-0.19617722634343893,0.11505171017858806,-0.15873910149688086,-0.15873910149688084,0.4741327848356017,-0.40042990401068224,-0.3445480048461885,0.3093307211654043,-0.3276023565136116,-0.7178997975884395,-0.6025858470439579,-0.14458592657474512,0.27772336237687023,0.18493971493292038,0.0,0.0,0.0,3.4848055419674533,1.0,18.968730926513672,-14.860769271850586,1.5099999904632568
5.980133771896362,0.3868634231663493,0.9675825103895677,-0.05465763677889817,-0.08979433327248804,0.2296379891092014,0.9592437526861523,-0.16771709150162753,-0.19617722634343893,0.11505171017858806,-0.14921703460970917,-0.1492170346097092,0.47721512610382,-0.40042990401068224,-0.3445480048461885,0.3093307211654043,-0.3276023565136116,-0.7178997975884395,-0.6025858470439579,-0.19221808703460397,0.15342397086695891,0.14445849415145062,0.0,0.0,0.0,3.4848055419674533,1.0,18.968730926513672,-14.860769271850586,1.5099999904632568
6.000225305557251,0.27149262363488613,0.9677559786970403,-0.051036528067164036,-0.08411992077868806,0.23187815211263538,0.9817774701662388,-0.10143828001795895,-0.11626614667100567,0.11092996691270755,-0.1395995797036694,-0.1395995797036694,0.48011660807199624,-0.23196985638855788,-0.20727079158952214,0.24925778620786093,-0.20552872518328086,-0.8574638719377254,-0.6317714586786921,0.21345831414060823,2.474054365701575,0.06911050486018544,0.0,0.0,0.0,3.180924252522745,1.0,18.968730926513672,-14.851691246032715,1.5099999904632568
6.020159721374512,0.18940946278154575,0.9679156072821503,-0.04744277605064369,-0.07843403859331048,0.23395867534711687,0.9798328923027388,-0.04137827196765622,-0.12331701547456698,0.15168472390147023,-0.13000163327631162,-0.13000163327631156,0.482803868403611,-0.12203894352609763,-0.2311604206389453,0.32136092093176694,-0.4300136698538552,-0.7613328989243705,-0.45512846460704526,2.1878378261434093,2.145478108842198,0.22416671190401805,0.0,0.0,0.0,3.1455418115338794,1.0,18.968730926513672,-14.824457168579102,1.5099999904632568
6.040098667144775,0.13757253781814974,0.9680629670904585,-0.043847470987674796,-0.07269486064198354,0.23589605395649427,0.9526665411750487,-0.03741816018237531,-0.12800656153125792,0.27320443411313744,-0.12034983000505532,-0.12034983000505528,0.4852998232204029,-0.14541367047522716,-0.22535204725334193,0.5750498621013788,-0.1707856474329611,-0.8661562481107611,-0.5593583004825722,1.000833946472276,2.4343865294660305,3.0902626691961697,0.0,0.0,0.0,3.1502706818274415,1.0,18.968730926513672,-14.81537914276123,1.5199999809265137
6.060105323791504,0.16086652088016745,0.9681985894566423,-0.04023940543723841,-0.06688763460464076,0.23769376508697443,0.9612213648625246,-0.11896373519210326,-0.08148149271713623,0.235078463040653,-0.11061716558314057,-0.11061716558314057,0.48761033897811484,-0.2717053042894758,-0.10088291249211898,0.4935101855856117,-0.37646961196669626,-0.9269450709662304,-0.6423873862673091,0.048723568980988174,3.039501015240532,2.4585070451037434,0.0,0.0,0.0,3.1826434655336886,1.0,18.968730926513672,-14.80630111694336,1.5199999809265137
6.080106496810913,0.22495267806762265,0.9683220486356463,-0.03663193584806575,-0.06103716330957738,0.23934280038724487,0.979014756699257,-0.061976325995425754,-0.12335107192493074,0.14991182153577473,-0.1008429117849971,-0.10084291178499712,0.4897251342770996,-0.16314575848225074,-0.22483249025924726,0.3223482383035227,-0.3007810455759321,-0.8721842057042841,-0.6252347724741353,1.127587411485361,2.108150697363017,0.7325094514529256,0.0,0.0,0.0,3.1840023127287385,1.0,18.957599639892578,-14.788145065307617,1.5199999809265137
6.100097179412842,0.23567658259985766,0.9684334501990206,-0.0330260960985604,-0.05514880246344965,0.24084131518275084,0.979014756699257,-0.061976325995425754,-0.12335107192493074,0.14991182153577473,-0.0910334749812878,-0.09103347498128782,0.4916430681224247,-0.16314575848225074,-0.22483249025924726,0.3223482383035227,-0.3007810455759321,-0.8721842057042841,-0.6252347724741353,1.0781974859245091,1.9799114151655126,0.7019051931817688,0.0,0.0,0.0,3.1840023127287385,1.0,18.957599639892578,-14.788145065307617,1.5199999809265137
6.120134353637695,0.24659364808992323,0.9685331946660554,-0.029411711753038076,-0.04920955862759411,0.24219170378317742,0.979014756699257,-0.061976325995425754,-0.12335107192493074,0.14991182153577473,-0.08116472251335591,-0.0811647225133559,0.49336830848700636,-0.16314575848225074,-0.22483249025924726,0.3223482383035227,-0.3007810455759321,-0.8721842057042841,-0.6252347724741353,1.0284418326665437,1.850862574946449,0.6742083299100421,0.0,0.0,0.0,3.1840023127287385,1.0,18.957599639892578,-14.788145065307617,1.5199999809265137
6.1401047706604,0.2576148873858138,0.968620842987839,-0.025809291405241942,-0.043256986092494974,0.24338524228243838,0.979014756699257,-0.061976325995425754,-0.12335107192493074,0.14991182153577473,-0.07129642212345169,-0.07129642212345169,0.49489071540330454,-0.16314575848225074,-0.22483249025924726,0.3223482383035227,-0.3007810455759321,-0.8721842057042841,-0.6252347724741353,0.9785884415373067,1.7218128870659863,0.6495924075226394,0.0,0.0,0.0,3.1840023127287385,1.0,18.957599639892578,-14.788145065307617,1.5199999809265137
6.1601362228393555,0.27628795601263,0.9686970586467534,-0.02219584167146263,-0.03725699240814542,0.24442845517313092,0.9519310158190908,-0.15046744882241192,-0.08463583167434206,0.25302897850503403,-0.06136940169305838,-0.06136940169305837,0.49621950438876955,-0.33682872764681626,-0.08509234765814043,0.5340736929180343,-0.22548931091827212,-0.9028935926163715,-0.4512895018845884,-1.3654059189234407,2.0579197805870564,1.9791979780042759,0.0,0.0,0.0,3.270205576879592,1.0,18.957599639892578,-14.769989013671875,1.5199999809265137
6.180100202560425,0.39744135986580875,0.9687614449644537,-0.01859458337154822,-0.031252084341194454,0.24531370007391184,0.9223011456987347,-0.12604679717029454,-0.17157753103207576,0.3225429466146318,-0.05145131431166853,-0.05145131431166852,0.4973457170375572,-0.360874086988737,-0.23740509186536704,0.7163479633306042,-0.5060765182191463,-0.8133297210747523,-0.48900199005372363,0.5653202289425991,0.0069725207532052025,3.6653129994364058,0.0,0.0,0.0,3.395236108833962,1.0,18.946468353271484,-14.760910034179688,1.5199999809265137
6.200089931488037,0.2547417261343486,0.9688144141635384,-0.01498872341263638,-0.02521833474854085,0.24604472087799367,0.9779219832215442,-0.060094748899542555,-0.11244218093140042,0.16557165166215163,-0.041499890983970264,-0.041499890983970264,0.49827478267349484,-0.15862694948085723,-0.20137770809966193,0.3514977944375163,-0.10521416374760684,-0.8403703322817687,-0.4571479531739739,0.01940679222890007,1.429914734267652,0.22790254390538056,0.0,0.0,0.0,3.1912762230780842,1.0,18.935335159301758,-14.733675956726074,1.5299999713897705
6.220124244689941,0.23838215033538657,0.9688560187688383,-0.011374873608559963,-0.019154023222947767,0.24662066121912934,0.9798078123462279,0.021181867856892182,-0.10344959741918477,0.1697826850217674,-0.031509637501659964,-0.03150963750165997,0.4990061550166631,0.006525860913042969,-0.21148707717699253,0.34246307234648893,-0.5146044645349956,-1.0552865201891222,-0.3688573259086487,3.1369809944328804,2.735038867410136,-0.03583930032712801,0.0,0.0,0.0,3.1707980547622197,1.0,18.935335159301758,-14.706441879272461,1.5299999713897705
6.240097522735596,0.2582030320445812,0.9688861038947246,-0.007772083719630339,-0.013095225152741292,0.24703810935269724,0.9536422095263173,-0.09364215083477713,-0.10635539410966936,0.2654923990259931,-0.021537226596191627,-0.021537226596191634,0.49953593251191075,-0.24018340545280062,-0.1537322536105431,0.5616330407252951,-0.22305303612891964,-0.9704905230138681,-0.4527086551466807,-0.31818063254213436,1.6494049975757004,2.2357599334614044,0.0,0.0,0.0,3.2432470199324057,1.0,18.924203872680664,-14.688285827636719,1.5299999713897705
6.260095119476318,0.27177936296505323,0.9689048664824467,-0.0041649467199012125,-0.0070201860218549565,0.2472988675948014,0.9536422095263173,-0.09364215083477713,-0.10635539410966936,0.2654923990259931,-0.011544067988160711,-0.011544067988160713,0.49986671672985455,-0.24018340545280062,-0.1537322536105431,0.5616330407252951,-0.22305303612891964,-0.9704905230138681,-0.4527086551466807,-0.35420193872039873,1.5138551043664799,2.2345909836950386,0.0,0.0,0.0,3.2432470199324057,1.0,18.924203872680664,-14.688285827636719,1.5299999713897705
6.280104875564575,0.2854694474918503,0.9689122872618874,-0.0005556393821677125,-0.0009366923476469816,0.2474020886436916,0.9536422095263173,-0.09364215083477713,-0.10635539410966936,0.2654923990259931,-0.0015402133716403677,-0.0015402133716403683,0.4999976277371422,-0.24018340545280062,-0.1537322536105431,0.5616330407252951,-0.22305303612891964,-0.9704905230138681,-0.4527086551466807,-0.390533604256466,1.378451602486889,2.2363777104806024,0.0,0.0,0.0,3.2432470199324057,1.0,18.924203872680664,-14.688285827636719,1.5299999713897705
6.300104141235352,0.2992384080237693,0.9689083656381807,0.003051772565506235,0.005144247774661041,0.2473475336351483,0.9536422095263173,-0.09364215083477713,-0.10635539410966936,0.2654923990259931,0.008459013453277433,0.008459013453277429,0.49992843997055947,-0.24018340545280062,-0.1537322536105431,0.5616330407252951,-0.22305303612891964,-0.9704905230138681,-0.4527086551466807,-0.4271570424405071,1.243426484640401,2.2411126982874343,0.0,0.0,0.0,3.2432470199324057,1.0,18.924203872680664,-14.688285827636719,1.5299999713897705
6.320122480392456,0.34494361090182407,0.9688930836235665,0.0066626420088509285,0.011227494308782707,0.24713507456333375,0.9545310739892093,-0.030553611892309276,-0.1562767492146765,0.25202079922941595,0.018464387275557465,0.018464387275557458,0.4996589500874954,-0.14343093705046883,-0.28685979206721796,0.5370197773593746,-0.1543337355024468,-1.0213298432873823,-0.21440269440154786,0.7270978636945135,0.6580704298839315,1.0093092901788225,0.0,0.0,0.0,3.293657943099225,1.0,18.924203872680664,-14.679207801818848,1.5299999713897705
6.340105772018433,0.3626129143089511,0.9688664772047101,0.010267224547019307,0.01729249033225259,0.2467656848655111,0.941066031137065,0.025901111447551996,-0.1525629845643441,0.3007463935054479,0.028444866671172228,0.02844486667117222,0.4991902338388234,-0.04514931028282587,-0.30754843717088076,0.6256440155285772,-0.46436280251045936,-1.068417843674584,-0.2934633141427316,3.023062126480224,1.0580141366816314,2.3167732963919585,0.0,0.0,0.0,3.2977956076809085,1.0,18.901939392089844,-14.642895698547363,1.5299999713897705
6.360088586807251,0.33309233375605357,0.9688284978930175,0.013871768747279254,0.023345648039459682,0.246239510273634,0.9640398646519366,-0.13865448930640867,-0.0388116236198759,0.22337352087712614,0.038413749786965753,0.03841374978696576,0.49852219993427016,-0.2886929777522117,-0.012888778684947881,0.45724905426693446,-0.13908435672108374,-1.0983374660889607,-0.10099090074315165,-2.1023346505885905,2.446375029185244,0.038454034636297485,0.0,0.0,0.0,3.2890866952055102,1.0,18.89080810546875,-14.633817672729492,1.5299999713897705
6.38008713722229,0.31926033520550623,0.9687790555980043,0.017479204165724273,0.029387775642136488,0.2455564649916175,0.9640767300028342,-0.038682748202103816,-0.11934315000620474,0.2341301266500563,0.04837512521660555,0.048375125216605565,0.4976543451636665,-0.1339042810525854,-0.2136193000763685,0.49086219375194196,-0.5923824934128789,-1.1786526308921519,-0.035797786767020945,2.0067242817161537,1.5638020838093567,-0.07409153646083277,0.0,0.0,0.0,3.2691461701145608,1.0,18.879676818847656,-14.597505569458008,1.5299999713897705
6.400103330612183,0.3950026625921999,0.9687180575659726,0.021089869600717955,0.03541533056495482,0.24471676834007242,0.9503616391435301,-0.11901218881866407,-0.09984686063708258,0.2695912798625582,0.058325915316883005,0.058325915316883005,0.49658643517765144,-0.2861707081731544,-0.12594464851470366,0.5709899086667534,-0.39399002049985093,-1.1139997448500094,-0.020908395055002582,-0.451047799288246,1.152183945889849,0.6975857925599669,0.0,0.0,0.0,3.3536081839367364,1.0,18.86854362487793,-14.588427543640137,1.5199999809265137
6.420122861862183,0.4086978348261,0.9686454573519137,0.02470116612441013,0.04141991361932455,0.2437216057294957,0.9503616391435301,-0.11901218881866407,-0.09984686063708258,0.2695912798625582,0.068254991343229,0.06825499134322897,0.49531934765031715,-0.2861707081731544,-0.12594464851470366,0.5709899086667534,-0.39399002049985093,-1.1139997448500094,-0.020908395055002582,-0.48912735939077545,1.0210956646550677,0.7231904712939533,0.0,0.0,0.0,3.3536081839367364,1.0,18.86854362487793,-14.588427543640137,1.5199999809265137
6.440102577209473,0.42240381130664567,0.9685613597484158,0.028305275011002815,0.04738462911730974,0.24257452614045463,0.9503616391435301,-0.11901218881866407,-0.09984686063708258,0.2695912798625582,0.0781370496415201,0.07813704964152007,0.49385686334536105,-0.2861707081731544,-0.12594464851470366,0.5709899086667534,-0.39399002049985093,-1.1139997448500094,-0.020908395055002582,-0.527561263390697,0.8911884688380036,0.7515401382396367,0.0,0.0,0.0,3.3536081839367364,1.0,18.86854362487793,-14.588427543640137,1.5199999809265137
6.460144281387329,0.43618180946275975,0.9684652223162007,0.03192050794761746,0.053335823268560206,0.24127056242455872,0.9503616391435301,-0.11901218881866407,-0.09984686063708258,0.2695912798625582,0.08801842808716619,0.08801842808716616,0.49219178814468695,-0.2861707081731544,-0.12594464851470366,0.5709899086667534,-0.39399002049985093,-1.1139997448500094,-0.020908395055002582,-0.5665641395659391,0.76187576271677,0.7827524235168624,0.0,0.0,0.0,3.3536081839367364,1.0,18.86854362487793,-14.588427543640137,1.5199999809265137
6.480139493942261,0.4346311156303807,0.9683574476625099,0.03552722317133323,0.05923729513723929,0.2398178743027875,0.951092967890586,-0.03797060561547248,-0.14153368426951288,0.27193494765360476,0.09784165706471998,0.09784165706472003,0.49033357027928404,-0.15465355027664948,-0.25120602779298895,0.5765427959364777,-0.1748671368214598,-1.1399828554723093,-0.051282380346889256,0.28931229106802986,0.31668150994021627,0.8543718253938121,0.0,0.0,0.0,3.3495987439172965,1.0,18.86854362487793,-14.552115440368652,1.5199999809265137
6.500094413757324,0.4364544999174384,0.9682379672786592,0.03912644349251674,0.06508721792565925,0.23821841700929525,0.9582326788234861,-0.06355384347183682,-0.1264459499961359,0.24852055034603798,0.10760609521799733,0.1076060952179973,0.48828365554453623,-0.19003131446818963,-0.21233231857804058,0.5278354226297605,-0.542357072500959,-1.0747524780802327,0.03623853961658299,1.1148239757659544,0.10577211149071086,0.08599630474961839,0.0,0.0,0.0,3.353440557783364,1.0,18.857412338256836,-14.53395938873291,1.5199999809265137
6.520116090774536,0.16713906789323443,0.9681059964275368,0.0427373546587898,0.07091303912144986,0.23646487916892608,0.9593586775323505,0.058071144350727126,-0.0004543587905083789,0.27614935016267195,0.11736013253567978,0.11736013253567981,0.48603147973275107,0.11146220323666106,-0.032950365839239645,0.5587037759216478,-0.21941305582930642,-1.1819934628490396,0.039758003148405094,1.5758242350493419,3.3971535816846545,0.5679637597215705,0.0,0.0,0.0,3.252655166449787,1.0,18.824016571044922,-14.506725311279297,1.5199999809265137
6.5400989055633545,0.13840602608989463,0.9679620801348493,0.04634075769213489,0.07668013701411955,0.23456790527484866,0.9501728619400972,0.05220095545971531,0.06558162395931148,0.30024264067669865,0.12704833228976345,0.12704833228976342,0.48358941392713495,0.1396409373323811,0.09341766778299987,0.6186554737913084,-0.6052213807198114,-1.060889629841493,0.040103680781406276,2.7036078776575665,4.0,1.175180454241115,0.0,1.0,0.0,3.288421236095871,1.0,18.812885284423828,-14.479491233825684,1.5199999809265137
6.5601136684417725,0.3071901898105318,0.967805583981235,0.04994924151362102,0.08240522245988705,0.2325226960928567,0.98582947075474,-0.03250857602954018,-0.025018421716946262,0.1626576947173223,0.13670116719539446,0.13670116719539446,0.48094988396652805,-0.07235211076706978,-0.03876196065423401,0.32844804832085295,-0.4841306510898374,-1.1439954983098153,-0.033630046303047195,0.7068781774186406,2.153300487096707,-1.2730293338239633,0.0,0.0,0.0,3.2751781117300394,1.0,18.8017520904541,-14.461335182189941,1.5099999904632568
6.5826005935668945,0.1715501702314389,0.9676148476703192,0.054002356773647495,0.08877170663361238,0.2300539852560539,0.9804014383519873,0.031634006915316294,0.015439872676423097,0.19383993297453364,0.14748077896278736,0.14748077896278738,0.4777545602467123,0.06807738579446956,0.018011653072734696,0.3910080410518782,-0.3137850843410679,-1.1854595875116871,0.09114143758643009,1.0815612163667039,3.236191496492897,-1.163711272241402,0.0,0.0,0.0,3.2722649651821416,1.0,18.8017520904541,-14.461335182189941,1.5099999904632568
6.6001317501068115,0.22068138245747673,0.9674550831715681,0.057161220434063596,0.0936836813522482,0.2280057560068887,0.9871442445332593,0.024327302997987483,0.018605575437519332,0.1568701863846139,0.1558332770273103,0.15583327702731029,0.4750957690518087,0.05391537377377081,0.029104425036039546,0.315975527237612,-0.22554277546575877,-1.2101146026688736,0.11176021775583729,0.4534351307555203,3.282470920415529,-1.937546160025853,0.0,0.0,0.0,3.2806225451495807,1.0,18.790620803833008,-14.434101104736328,1.5099999904632568
6.620090961456299,0.09689183490428249,0.9672612652349935,0.06075624458154628,0.09921778451782723,0.22554413039518595,0.9752885143340223,0.02335902435719399,0.09960150165476289,0.19582188503160677,0.16528414568235267,0.16528414568235258,0.4718910374080599,0.08616612316983391,0.18620616708288681,0.40434823942728,-0.5549791497761059,-1.1537923972178226,0.20308098334749386,1.4259944282265486,4.0,-1.3488417938599593,0.0,1.0,0.0,3.3537399709955054,1.0,18.76835823059082,-14.415945053100586,1.5099999904632568
6.640157222747803,0.40340816074381736,0.9670534792058397,0.06436880228612055,0.10471577955490105,0.22293234659945643,0.9569482243922278,-0.055976532708470375,-0.04552612565825403,0.2811478178842032,0.17471932397623588,0.17471932397623588,0.4684796237076776,-0.133333199536113,-0.055685704994544394,0.5752300935353918,-0.3481868888354465,-1.0348086676539232,0.11092773820686545,-0.13005350103987845,0.6430365582706865,0.7859175730946306,0.0,0.0,0.0,3.3373189627893365,1.0,18.757225036621094,-14.379631996154785,1.5
6.660118103027344,0.2090828073274175,0.9668337946787364,0.06796028989110622,0.11011605970635122,0.22020051285085307,0.9447179988700699,0.10436014660845963,0.06457478911220486,0.30405091518018096,0.1840351625461651,0.1840351625461651,0.4648989771408479,0.23912866364925342,0.05858183634241574,0.629787640740418,-0.1768128521061922,-1.159755270542702,0.2635569830954898,1.8263932992275473,3.853445768086063,0.5224941776459957,0.0,0.0,0.0,3.4133041858453432,1.0,18.734962463378906,-14.352397918701172,1.5
6.680095195770264,0.28793098540129736,0.9666008378499654,0.0715521996175571,0.11544867219073185,0.21733547130422926,0.9762065102561397,0.023873539883747866,-0.01989278387634733,0.2146047077223549,0.19328515325838774,0.19328515325838783,0.46112997032277314,0.03812802685748957,-0.049105410958212185,0.4318500690516068,-0.5868896332354853,-1.1491028693237153,0.22625127136235473,1.9940724664622258,1.754471501323906,-1.0831401380242256,0.0,0.0,0.0,3.3231845598719416,1.0,18.734962463378906,-14.33424186706543,1.5
6.700100421905518,0.35450553740203966,0.9663543110751299,0.07514622384371568,0.12071332784985621,0.21433777778999705,0.9801015661262886,-0.07293176669265912,0.030258595534194008,0.18211615765818845,0.2024708713365982,0.20247087133659813,0.45717124391216774,-0.1328193131068725,0.08598300733650718,0.36171454973974143,-0.3742902532262051,-1.098318191109665,0.25953169250792724,-1.0754504173986907,2.025509328667543,-1.4982548133502473,0.0,0.0,0.0,3.358646168928596,1.0,18.734962463378906,-14.33424186706543,1.5
6.720101594924927,0.3648848613275693,0.966094481644097,0.0787360879039314,0.1258982724160569,0.2112148337618841,0.9801015661262886,-0.07293176669265912,0.030258595534194008,0.18211615765818845,0.2115737252545123,0.2115737252545123,0.45303041706040903,-0.1328193131068725,0.08598300733650718,0.36171454973974143,-0.3742902532262051,-1.098318191109665,0.25953169250792724,-1.1246648871159746,1.9151964329239046,-1.4282497212044607,0.0,0.0,0.0,3.358646168928596,1.0,18.734962463378906,-14.33424186706543,1.5
6.740106105804443,0.3753866871673705,0.965821160434211,0.08232258639050946,0.13100236666293005,0.2079684056682715,0.9801015661262886,-0.07293176669265912,0.030258595534194008,0.18211615765818845,0.22059344030095263,0.22059344030095265,0.4487076265188614,-0.1328193131068725,0.08598300733650718,0.36171454973974143,-0.3742902532262051,-1.098318191109665,0.25953169250792724,-1.174013459070212,1.8066525795544628,-1.3559931998405634,0.0,0.0,0.0,3.358646168928596,1.0,18.734962463378906,-14.33424186706543,1.5
6.76012396812439,0.3860025335745605,0.9655341135259027,0.085906930718962,0.13602509299443824,0.20459972861187065,0.9801015661262886,-0.07293176669265912,0.030258595534194008,0.18211615765818845,0.22953081186767682,0.22953081186767685,0.4442022134156528,-0.1328193131068725,0.08598300733650718,0.36171454973974143,-0.3742902532262051,-1.098318191109665,0.25953169250792724,-1.223522170964368,1.6998815590001803,-1.2815103336604845,0.0,0.0,0.0,3.358646168928596,1.0,18.734962463378906,-14.33424186706543,1.5
6.780097961425781,0.2825472769323445,0.9652341279812299,0.08947826180805854,0.14094942312843883,0.20112180131423743,0.9595470383344723,0.013036197180386011,0.049735178494678275,0.27681392812992495,0.23835692862151814,0.23835692862151808,0.4395292647573271,0.052782721433115104,0.08834415617409769,0.564050425650732,-0.1747259774569731,-1.0955584912931962,0.27147509514601303,-0.18632976815895974,2.1944644542195055,0.450443511136539,0.0,0.0,0.0,3.3527805132228674,1.0,18.72382926940918,-14.307007789611816,1.4900000095367432
6.800122261047363,0.18467791991497381,0.9649197358445504,0.09305274227344992,0.14579575738072353,0.1975213600167208,0.9538830303583616,0.0947158252697733,0.09004401608809452,0.2702372143220503,0.247109820446572,0.2471098204465719,0.4346685365181876,0.23315496116838705,0.12088564508878914,0.5663102635190903,-0.5502612642251907,-1.0791566090542053,0.20123778935760017,2.6859562595428934,3.144131118612351,0.5333413455078058,0.0,0.0,0.0,3.4572914037772104,1.0,18.690433502197266,-14.288851737976074,1.4900000095367432
6.820111513137817,0.40150227417864937,0.9645922342118622,0.09661440876398564,0.15054066513163225,0.19381688744554473,0.9837431664767433,0.0217191842138586,-0.03341475412602975,0.1751031514681899,0.255748573569944,0.25574857356994396,0.42964248756022605,0.031118974107913977,-0.07341519826466279,0.35116098197946416,-0.07360095112059095,-1.1013382212655973,0.13798853678638717,-0.5307385845281416,0.5446947709064425,-1.117171459778716,0.0,0.0,0.0,3.3639036920862986,1.0,18.679302215576172,-14.25253963470459,1.4800000190734863
6.840097427368164,0.40246202348894655,0.9642511368787463,0.10016816168782552,0.1551893759621709,0.1900061630595148,0.9719475529588346,-0.023133100992508423,0.0030176515968671344,0.23403783393854014,0.2642837238487132,0.2642837238487131,0.4244456541286023,-0.04357569233720051,0.016694815377931656,0.4722248550251086,-0.4560879038993375,-0.9946506867007828,0.19792181002564543,0.14600150421065106,0.4633081152244025,0.10606288660249019,0.0,0.0,0.0,3.3615329814292676,1.0,18.668170928955078,-14.243461608886719,1.4800000190734863
6.860093832015991,0.18896893696124578,0.9638962177280301,0.10371563814696383,0.15974259354891857,0.1860899020893696,0.957172306872048,0.09065325597199075,0.09868841260623781,0.25663935660022946,0.27271770930658606,0.2727177093065861,0.4190764262405705,0.2284871733751284,0.14287887905850677,0.5403439713297584,-0.3637090378931963,-0.9739364073749539,0.27312697799243013,1.6695944180346496,2.5452724646255134,0.20765108297403856,0.0,0.0,0.0,3.4864063754029844,1.0,18.668170928955078,-14.207149505615234,1.4800000190734863
6.880107641220093,0.20176195566134533,0.9635273677998158,0.10725717876650005,0.16419932683365734,0.18207001447570395,0.957172306872048,0.09065325597199075,0.09868841260623781,0.25663935660022946,0.28104984796269145,0.2810498479626914,0.4135347421440527,0.2284871733751284,0.14287887905850677,0.5403439713297584,-0.3637090378931963,-0.9739364073749539,0.27312697799243013,1.631938166805492,2.4337609146262356,0.2816221895928779,0.0,0.0,0.0,3.4864063754029844,1.0,18.668170928955078,-14.207149505615234,1.4800000190734863
6.900143384933472,0.2147211126646629,0.9631445327574673,0.11079263724207579,0.16855802882218757,0.17794884509859757,0.957172306872048,0.09065325597199075,0.09868841260623781,0.25663935660022946,0.2892783605654356,0.2892783605654356,0.40782107609658164,0.2284871733751284,0.14287887905850677,0.5403439713297584,-0.3637090378931963,-0.9739364073749539,0.27312697799243013,1.5940697258024994,2.3239460060091557,0.3576261279620976,0.0,0.0,0.0,3.4864063754029844,1.0,18.668170928955078,-14.207149505615234,1.4800000190734863
6.920117139816284,0.22775384061595222,0.9627494543070327,0.11430626776007344,0.17279860997377497,0.17374753458223238,0.957172306872048,0.09065325597199075,0.09868841260623781,0.25663935660022946,0.29736583515219905,0.2973658351521991,0.4019621376252186,0.2284871733751284,0.14287887905850677,0.5403439713297584,-0.3637090378931963,-0.9739364073749539,0.27312697799243013,1.5561488399580259,2.2163349087771733,0.4352724785462998,0.0,0.0,0.0,3.4864063754029844,1.0,18.668170928955078,-14.207149505615234,1.4800000190734863
6.940332412719727,0.24102852304471678,0.9623360775143845,0.11785027685518974,0.17698202009874148,0.16940469509772188,0.957172306872048,0.09065325597199075,0.09868841260623781,0.25663935660022946,0.30543029774533714,0.30543029774533714,0.39586908596049114,0.2284871733751284,0.14287887905850677,0.5403439713297584,-0.3637090378931963,-0.9739364073749539,0.27312697799243013,1.5175991260470565,2.1093696173217458,0.5156978748788972,0.0,0.0,0.0,3.4864063754029844,1.0,18.668170928955078,-14.207149505615234,1.4800000190734863
6.960125684738159,0.3241422542772613,0.9619183081021689,0.12130744684449027,0.18097049235909043,0.16506772177879098,0.9523090548837512,0.09873967814594363,0.06978433389834114,0.28015725349956033,0.3132055028178718,0.3132055028178718,0.38974647272888063,0.2298684034723182,0.07766528665971338,0.5812015032248758,-0.1329089628685498,-1.0628927892511908,0.4347558570457851,0.9044034350981534,1.7935824057832095,0.3187624993243543,0.0,0.0,0.0,3.476076126874331,1.0,18.634775161743164,-14.179915428161621,1.4700000286102295
6.980136156082153,0.4086720947253176,0.9614830479832124,0.1247885117814626,0.1848926974905099,0.1606015759043552,0.9427461997100388,0.009381724296320232,0.11558235294564986,0.3127016243466837,0.3209412883546302,0.3209412883546302,0.38340147290962523,0.09219931762928599,0.21368476145763382,0.6504411167643817,-0.7040907292900263,-0.9568406688246753,0.3868001506017962,1.428963165712836,1.8135373645538895,1.6915898582909197,0.0,0.0,0.0,3.469702084500239,1.0,18.623641967773438,-14.161759376525879,1.4700000286102295
7.000241994857788,0.4337502922801724,0.9610328713762774,0.12827077583365712,0.18872045940090984,0.15603530499476304,0.9614768881884355,0.0018667747065211043,0.05449740499050855,0.26942297875455684,0.3285845099743852,0.32858450997438515,0.3768716224457515,0.03314044514520115,0.10397734029009807,0.5481460320159927,-0.3224376664035265,-0.9645462932101015,0.4153024447075893,-0.29411424284661436,0.5912976889750485,0.6495527258133269,0.0,0.0,0.0,3.4086023776822696,1.0,18.612510681152344,-14.152681350708008,1.4600000381469727
7.020092010498047,0.12932107408905283,0.9605760536112286,0.13169239716218495,0.1923866964858154,0.15145334850583675,0.9614710621046728,0.14615263193829334,0.13981747224882332,0.1861823819988651,0.3360001934873964,0.3360001934873965,0.3702753974765704,0.3480225894509809,0.2161172448742072,0.4206868075494818,-0.2789768177699745,-0.9713963896624006,0.50064868876597,1.6842168412090872,2.824537071026509,-1.5322067160742525,0.0,0.0,0.0,3.6928329986202924,1.0,18.60137939453125,-14.116369247436523,1.4600000381469727
7.040103435516357,0.16763833597758152,0.9601033774991634,0.13512415794124702,0.19596780724069715,0.14676370457521495,0.9625483275935494,0.131915379190559,0.1298513359948544,0.19808503305455358,0.34334216271123225,0.3433421627112323,0.3634778663203217,0.31681651789892046,0.1990268122724021,0.43781418383415444,-0.7160143876456639,-0.9605501814074031,0.6284745704421368,3.1910514570098703,2.414931477388019,-1.7017015675694451,0.0,0.0,0.0,3.652803517399925,1.0,18.60137939453125,-14.098213195800781,1.4500000476837158
7.060099840164185,0.2678950502035323,0.959619210825308,0.13853430595154997,0.19942959840072993,0.14201074456272253,0.9613069401784549,0.06583445765639295,0.1325777394232275,0.23233151736097302,0.35054128738178064,0.3505412873817806,0.3565400480180649,0.1943191675886623,0.22622976741881173,0.4964148050095592,-0.6733837749294264,-1.0066861035258012,0.5878548605826133,1.8437018647678147,2.280232484105038,-0.5179974688103273,0.0,0.0,0.0,3.558428941816447,1.0,18.60137939453125,-14.098213195800781,1.4500000476837158
7.0801122188568115,0.28147493872939594,0.9591231752129825,0.1419267734058182,0.20277617672613898,0.1371909177471669,0.9613069401784549,0.06583445765639295,0.1325777394232275,0.23233151736097302,0.35760583285487674,0.3576058328548768,0.34945395735085044,0.1943191675886623,0.22622976741881173,0.4964148050095592,-0.6733837749294264,-1.0066861035258012,0.5878548605826133,1.8061550371736983,2.1924656831876432,-0.42304679363290765,0.0,0.0,0.0,3.558428941816447,1.0,18.60137939453125,-14.098213195800781,1.4500000476837158
7.100103378295898,0.2949861384992433,0.9586166079282993,0.1452938687127,0.20600023194029748,0.13231702520492883,0.9613069401784549,0.06583445765639295,0.1325777394232275,0.23233151736097302,0.36451990174915877,0.3645199017491588,0.342235651603955,0.1943191675886623,0.22622976741881173,0.4964148050095592,-0.6733837749294264,-1.0066861035258012,0.5878548605826133,1.7686561896977235,2.1070733105416672,-0.3270115308654642,0.0,0.0,0.0,3.558428941816447,1.0,18.60137939453125,-14.098213195800781,1.4500000476837158
7.120089769363403,0.46954353273916094,0.9580995630100768,0.14863696847635186,0.20910362437314914,0.1273889839667175,0.9416726128650329,-0.015919113300467736,0.1716968279545636,0.2889973551470837,0.37128669956903204,0.3712866995690321,0.33488234758364804,0.07350497175048798,0.3390226847180593,0.608132307169438,-0.2617684631570689,-0.9443861808883383,0.5803662498765392,-1.2861531081333366,2.2297825050479174,1.394110252242542,0.0,0.0,0.0,3.614407659912684,1.0,18.590248107910156,-14.080057144165039,1.4500000476837158
7.140109300613403,0.15968449008422964,0.957571526976695,0.15196088152813145,0.2120910682974809,0.12240114361045495,0.9484262013511139,0.15247550928892195,0.19350533843869885,0.19948594851143056,0.37791603942161783,0.37791603942161783,0.3273827532841005,0.39511851711871315,0.31121723400124507,0.47740700360559185,-0.28370416289916833,-1.0889798514930373,0.539627391464691,1.5449454084996845,3.8057512516178638,-0.7185063497339015,0.0,0.0,0.0,3.883298379452657,1.0,18.590248107910156,-14.070979118347168,1.440000057220459
7.160110235214233,0.17225381467863418,0.9570343824459102,0.1552554675813199,0.21495390483834428,0.11737013843916616,0.9703366440534894,0.1773684899621157,0.13759527343481695,0.08974829638476936,0.3843879761445052,0.3843879761445052,0.31975910275632696,0.38931965207894764,0.2374144914796947,0.23147925506595948,-0.5733379030554219,-0.9028220828840284,0.6042460791006375,2.73814849904808,2.2110804794138983,-3.3121837531529312,0.0,0.0,0.0,3.7920352263015134,1.0,18.567983627319336,-14.043744087219238,1.440000057220459
7.180094242095947,0.24307947843933822,0.956488677648276,0.1585195109797656,0.2176920009064052,0.11229945196105753,0.9613732141317058,0.12990577791106828,0.13822110203718466,0.1994516456864161,0.390700866800697,0.390700866800697,0.3120141546167162,0.31744480672887215,0.21561096607304148,0.44377022890082923,-0.2405312154169637,-1.0200601843166324,0.5483558889313341,0.9572022173707928,2.1981413539895067,-0.6645665849333988,0.0,0.0,0.0,3.6716217097571935,1.0,18.556852340698242,-14.034666061401367,1.440000057220459
7.200096368789673,0.2904001318111195,0.9559340618340187,0.16175713367038128,0.2203095582268633,0.10718394322911193,0.9827997052951875,0.034505351540525815,0.15942030286105313,0.08659842390279127,0.3968632431217826,0.39686324312178284,0.30413741344803474,0.10045904998928,0.31243875499551976,0.19160961533972637,-0.5422134873787156,-1.0467434355125549,0.7658057562211844,-0.3111232230003331,2.6982864533188975,-3.1506720693410517,0.0,0.0,0.0,3.607459682121865,1.0,18.556852340698242,-14.007431983947754,1.4299999475479126
7.220103740692139,0.34664754175787166,0.9553715238705144,0.16496456157901063,0.22280419279510089,0.10203056636763207,0.9888738965798094,0.03751600783006591,0.11103755677596806,0.09160582298512789,0.40286839898255794,0.402868398982558,0.29613688237237606,0.09690682579651573,0.21436899955285693,0.1951806928589295,-0.6892413151848304,-1.067913045123848,0.79596306095206,0.39283552881000716,1.7611108729000509,-3.252236863860468,0.0,0.0,0.0,3.5119904387778984,1.0,18.556852340698242,-14.007431983947754,1.4299999475479126
7.240108489990234,0.35417389589110576,0.9548019687312927,0.1681388525124645,0.22517452055186274,0.09684504157094442,0.9888738965798094,0.03751600783006591,0.11103755677596806,0.09160582298512789,0.4087115386868345,0.4087115386868346,0.2880188850479081,0.09690682579651573,0.21436899955285693,0.1951806928589295,-0.6892413151848304,-1.067913045123848,0.79596306095206,0.34548718780246457,1.7032604533333,-3.145452947474223,0.0,0.0,0.0,3.5119904387778984,1.0,18.556852340698242,-14.007431983947754,1.4299999475479126
7.260112285614014,0.36181233856065775,0.9542260738383105,0.17127857132048974,0.2274204972279763,0.09163060871845663,0.9888738965798094,0.03751600783006591,0.11103755677596806,0.09160582298512789,0.41439085475273557,0.4143908547527356,0.2797860244853148,0.09690682579651573,0.21436899955285693,0.1951806928589295,-0.6892413151848304,-1.067913045123848,0.79596306095206,0.29865421133370695,1.6478969553675675,-3.0380923907840582,0.0,0.0,0.0,3.5119904387778984,1.0,18.556852340698242,-14.007431983947754,1.4299999475479126
7.280157089233398,0.3695615002251532,0.9536433748692639,0.17438845296801161,0.2295462867315516,0.08637987779072688,0.9888738965798094,0.03751600783006591,0.11103755677596806,0.09160582298512789,0.41991548799213524,0.41991548799213535,0.2714239910993996,0.09690682579651573,0.21436899955285693,0.1951806928589295,-0.6892413151848304,-1.067913045123848,0.79596306095206,0.25226664550768607,1.5949227763700944,-2.930002497621534,0.0,0.0,0.0,3.5119904387778984,1.0,18.556852340698242,-14.007431983947754,1.4299999475479126
7.300110340118408,0.5151719917903812,0.9530585402684798,0.17744630127446454,0.23153822905256,0.08113123610872974,0.9687886895231863,0.036822378573904795,0.07920912583048761,0.2319881502863397,0.42524733145349913,0.4252473314534991,0.2629918384506976,0.10933472842017662,0.1368155301373893,0.4775710514741522,-0.2894703648023473,-0.9183226877854301,0.6342416695268092,-0.6326444630067529,-0.06668280437934282,0.4236101627649629,0.0,0.0,0.0,3.4604847840143558,1.0,18.545719146728516,-13.998353958129883,1.4299999475479126
7.320119619369507,0.534261131117336,0.9524680873395273,0.18047303453362196,0.23341141366168783,0.07584944547234007,0.9697470171392402,0.02885178676989201,0.07827956720145057,0.22941361447936032,0.4304241318888391,0.43042413188883927,0.25443086818965027,0.09290342544910876,0.13903225030226776,0.47107298969337197,-0.362452424390132,-0.9398920213792454,0.6767142445987837,-0.5486400313830708,-0.06054814759457017,0.3400907774555666,0.0,0.0,0.0,3.463907556445099,1.0,18.545719146728516,-13.989275932312012,1.4199999570846558
7.3400959968566895,0.3040551814636128,0.9518754951940726,0.1834533086670994,0.23515742038687976,0.07056141172851696,0.9259500754687741,0.22459827003000604,0.21615665547575927,0.21318624517645146,0.4354205221858581,0.4354205221858581,0.24578236075722493,0.562656296422097,0.30945337250543636,0.542672796161743,-0.5829562417351345,-0.7995274737193858,0.6387199155804171,3.907844831180978,2.493078720505018,-0.06629722203113975,0.0,0.0,0.0,4.232998680439807,1.0,18.545719146728516,-13.98019790649414,1.4199999570846558
7.3600852489471436,0.43583171457948494,0.9512803050081154,0.18639216527840874,0.23678065150180005,0.06525844850191073,0.9468293672224627,0.04004163042937273,0.2257701837536367,0.22569590453864605,0.44024621294334015,0.4402462129433402,0.23703010776913375,0.1960694568419964,0.4218590401259332,0.5101168265998549,-0.1501877190279837,-0.8260615897337367,0.788837715000322,-1.3929241256822538,2.326745582271076,0.5548924094488181,0.0,0.0,0.0,3.804069570617812,1.0,18.545719146728516,-13.952963829040527,1.4199999570846558
7.380101442337036,0.29857882920049417,0.9506830184857704,0.18928966423895535,0.23828218616981814,0.059940146222880464,0.9109035226943412,0.2224268022199565,0.2914420899472112,0.18932141507089398,0.44490214768016123,0.44490214768016145,0.22817116160807865,0.6141581467765879,0.4631080552668233,0.5591040514513583,-0.5497355566308125,-0.840550238734518,0.8132535220609243,3.5324542454558636,4.0,-0.701982195167032,0.0,1.0,0.0,4.670781903796438,1.0,18.545719146728516,-13.943885803222656,1.409999966621399
7.40009880065918,0.30544039694418906,0.9500859563951486,0.19213725143330293,0.23965891220445598,0.05462195413337199,0.9109035226943412,0.2224268022199565,0.2914420899472112,0.18932141507089398,0.4493757100951006,0.44937571009510047,0.21922926624090172,0.6141581467765879,0.4631080552668233,0.5591040514513583,-0.5497355566308125,-0.840550238734518,0.8132535220609243,3.514132423861771,4.0,-0.5968820099144945,0.0,1.0,0.0,4.670781903796438,1.0,18.545719146728516,-13.943885803222656,1.409999966621399
7.420108318328857,0.3127539790937829,0.9494891767385246,0.19493744212038383,0.24091351028911495,0.049298858771141645,0.9109035226943412,0.2224268022199565,0.2914420899472112,0.18932141507089398,0.4536721315532618,0.4536721315532616,0.21019418891092106,0.6141581467765879,0.4631080552668233,0.5591040514513583,-0.5497355566308125,-0.840550238734518,0.8132535220609243,3.496241483268949,3.988834954556975,-0.49142440323314407,0.0,0.0,0.0,4.670781903796438,1.0,18.545719146728516,-13.943885803222656,1.409999966621399
7.440211057662964,0.32050634587157945,0.9488912839349066,0.19769923425879696,0.242050665646055,0.04395246643990879,0.9109035226943412,0.2224268022199565,0.2914420899472112,0.18932141507089398,0.45780566001501005,0.45780566001501,0.20103228013983487,0.6141581467765879,0.4631080552668233,0.5591040514513583,-0.5497355566308125,-0.840550238734518,0.8132535220609243,3.4787362441452387,3.9303922086737,-0.3852479564385085,0.0,0.0,0.0,4.670781903796438,1.0,18.545719146728516,-13.943885803222656,1.409999966621399
7.460106611251831,0.40891603975159874,0.9483022230316746,0.200379848106029,0.2430550803340556,0.038665723709702116,0.9554165570521818,0.0950520624635538,0.18996259279144362,0.20508174290251202,0.4617144403401226,0.4617144403401227,0.19188479768185743,0.2779066455343127,0.3299544411675864,0.4694468536298762,-0.29020931247776083,-0.8134582392229481,0.6854159744146987,-0.015303231568998932,1.4639151429579922,0.7083238800689688,0.0,0.0,0.0,3.750223767114005,1.0,18.545719146728516,-13.943885803222656,1.409999966621399
7.480112075805664,0.2501174674759338,0.9477136339158537,0.20302042875570556,0.24394438248220637,0.033357335823346976,0.9745700056424053,0.08961108238505779,0.2003726664485432,0.045099363146741865,0.46546053853271385,0.46546053853271374,0.18261020527023167,0.21014140728227124,0.39246978074640204,0.13440929870863752,-0.2736927509595202,-0.8031003578785612,0.6328047468675841,-1.0775117542232444,2.1321639229380924,-1.9501820500536011,0.0,0.0,0.0,3.786255737561936,1.0,18.545719146728516,-13.943885803222656,1.399999976158142
7.500086545944214,0.21689588564454448,0.9471307483758366,0.20560007842439748,0.2447124028037022,0.02806765303597218,0.9425073971463217,0.17464995963443947,0.2527357967835657,0.1315363635970323,0.4690149865713387,0.46901498657133867,0.17327706822164035,0.4538209640698905,0.44500797078079896,0.3817102635078081,-0.5127214722226503,-0.7527546112146568,0.7111281504444517,1.98551851172096,2.7427928914905957,-0.6974795567179357,0.0,0.0,0.0,4.214508075649927,1.0,18.545719146728516,-13.925729751586914,1.399999976158142
7.520105361938477,0.18441301093773604,0.9465524571654794,0.20812647561699163,0.2453628058719788,0.022779584629056854,0.9333442126815359,0.2191647106037349,0.2613663098539546,0.11190648932564902,0.4723895801904571,0.47238958019045696,0.16385385112191825,0.5473133674866584,0.45430460201365674,0.368238290679485,-0.2502274820925785,-0.6598265967736379,0.8035046728860648,1.6949324896647937,2.6411213030046095,-1.5082877008201465,0.0,0.0,0.0,4.4482535820418425,1.0,18.545719146728516,-13.925729751586914,1.399999976158142
7.540097951889038,0.3196728420375811,0.9459819031134327,0.21058863291785135,0.245894097070896,0.01751455661348779,0.9383716462091514,0.08739356225978936,0.3242708641017507,0.08166655105350931,0.4755708200472138,0.4755708200472136,0.15437744368793216,0.2731780274677265,0.6363936268623162,0.26410662065815305,-0.20595975427988014,-0.7472827177648693,0.7931157103357362,-1.1868772103384573,4.0,-1.0201005823652425,0.0,1.0,0.0,4.419604942690203,1.0,18.556852340698242,-13.925729751586914,1.3899999856948853
7.560120344161987,0.32728872651740415,0.9454185981271033,0.21299142142863575,0.2463087669386846,0.012260507425747962,0.9383716462091514,0.08739356225978936,0.3242708641017507,0.08166655105350931,0.4785662951774118,0.4785662951774119,0.14482507075836806,0.2731780274677265,0.6363936268623162,0.26410662065815305,-0.20595975427988014,-0.7472827177648693,0.7931157103357362,-1.198203972572089,4.0,-0.9075573335677127,0.0,1.0,0.0,4.419604942690203,1.0,18.556852340698242,-13.925729751586914,1.3899999856948853
7.580120086669922,0.33512020603343146,0.9448651371638273,0.21532649801982665,0.24660676655883165,0.007033811932197924,0.9383716462091514,0.08739356225978936,0.3242708641017507,0.08166655105350931,0.48136685860822237,0.4813668586082224,0.13522554282993882,0.2731780274677265,0.6363936268623162,0.26410662065815305,-0.20595975427988014,-0.7472827177648693,0.7931157103357362,-1.2086107110674855,4.0,-0.7957465803254022,0.0,1.0,0.0,4.419604942690203,1.0,18.556852340698242,-13.925729751586914,1.3899999856948853
7.600106954574585,0.34313838669134905,0.9443223427928426,0.217593162803303,0.2467897151278824,0.0018343692624609928,0.9383716462091514,0.08739356225978936,0.3242708641017507,0.08166655105350931,0.4839732699424282,0.4839732699424282,0.12557815885429116,0.2731780274677265,0.6363936268623162,0.26410662065815305,-0.20595975427988014,-0.7472827177648693,0.7931157103357362,-1.2180795541057305,4.0,-0.684672455246027,0.0,1.0,0.0,4.419604942690203,1.0,18.556852340698242,-13.925729751586914,1.3899999856948853
7.620434045791626,0.35145904708965625,0.9437820337587941,0.2198277303597259,0.24685927207171912,-0.0034265888617095314,0.9383716462091514,0.08739356225978936,0.3242708641017507,0.08166655105350931,0.48642574967903845,0.48642574967903857,0.11571512454811346,0.2731780274677265,0.6363936268623162,0.26410662065815305,-0.20595975427988014,-0.7472827177648693,0.7931157103357362,-1.2267279232069281,4.0,-0.5724497535737325,0.0,1.0,0.0,4.419604942690203,1.0,18.556852340698242,-13.925729751586914,1.3899999856948853
7.640141010284424,0.2611659442799796,0.9432705999886277,0.22192408983695078,0.24681581125277774,-0.008498756542500194,0.9536968020446217,0.09743518354818474,0.2844727114611799,-0.006638615120443044,0.48861154375129867,0.48861154375129867,0.10610730094094753,0.21870843090074646,0.5750718672766356,0.05099353945878653,-0.43779482165264894,-0.6456082833645114,0.7541240027920374,-0.6280487451397767,3.25428285444381,-2.197975407755196,0.0,0.0,0.0,4.171199099610829,1.0,18.567983627319336,-13.925729751586914,1.3899999856948853
7.660127401351929,0.15022919153138084,0.9427654802261398,0.2239777522409421,0.246661559284055,-0.013612162452383572,0.9407492277800358,0.25357444870594054,0.21956243780781123,0.0498319706477244,0.49063451846218925,0.4906345184621895,0.09632117780309558,0.5720474542002275,0.3982806688644071,0.22440569367502275,-0.24219260862043146,-0.581101579651882,0.8189393165956275,1.8414642464978552,1.5311316453082497,-2.347446757619583,0.0,0.0,0.0,4.396401416317295,1.0,18.590248107910156,-13.925729751586914,1.3899999856948853
7.680069923400879,0.20259256434630904,0.9422761798910838,0.225952230765532,0.24639844772468728,-0.01868141270917343,0.9708032760635557,0.16190446426198046,0.17695228950874764,0.003978803076458477,0.49245771788529363,0.4924577178852938,0.08651818361020108,0.34273271109472325,0.34934596631477904,0.06925951362010098,-0.3274607482759498,-0.6983225090536773,0.7269613058641287,0.05963587076444088,1.2654877075335982,-2.468347945402399,0.0,0.0,0.0,3.84249777534501,1.0,18.60137939453125,-13.925729751586914,1.3899999856948853
7.700094699859619,0.3203770113589496,0.9418007421637511,0.2278577989703448,0.24602595143365413,-0.023736400935337576,0.9010727600451813,0.28691150372184787,0.3076571220709283,0.10534118556225319,0.49409137696460254,0.49409137696460265,0.07664014097862146,0.733176053548089,0.5166793827235298,0.4349740820606027,-0.46123890285614805,-0.5933264943790287,0.8462410991579219,3.807282601978904,3.1183332900932257,-0.9827037958419371,0.0,0.0,0.0,5.265848606753296,1.0,18.612510681152344,-13.943885803222656,1.3799999952316284
7.720085382461548,0.2787969416447952,0.9413430674959122,0.2296811198199484,0.2455473481038513,-0.028745648623870565,0.9522068153909988,0.23068023938781343,0.17763959262862988,0.09237414686830756,0.4955246407192542,0.4955246407192542,0.06674826170061712,0.5169463585937478,0.30016881852127647,0.27333551299804565,-0.0692540536246957,-0.44932885363571956,0.93702299907476,0.8016943866004396,-0.09147878411616661,-1.7783898998894605,0.0,0.0,0.0,4.081823147853495,1.0,18.634775161743164,-13.943885803222656,1.3799999952316284
7.7401299476623535,0.2870404005427607,0.9409022357528555,0.23142811514609113,0.24496193247208103,-0.033729244206614356,0.9522068153909988,0.23068023938781343,0.17763959262862988,0.09237414686830756,0.49676294726049314,0.49676294726049314,0.05680294208109829,0.5169463585937478,0.30016881852127647,0.27333551299804565,-0.0692540536246957,-0.44932885363571956,0.93702299907476,0.7830146784318184,-0.10811611695058754,-1.6753884683094205,0.0,0.0,0.0,4.081823147853495,1.0,18.634775161743164,-13.943885803222656,1.3799999952316284
7.760108232498169,0.29524127992291266,0.9404819167076977,0.2330864252461706,0.24427490997666548,-0.038655543815456744,0.9522068153909988,0.23068023938781343,0.17763959262862988,0.09237414686830756,0.49779856346413404,0.49779856346413404,0.04686779505208871,0.5169463585937478,0.30016881852127647,0.27333551299804565,-0.0692540536246957,-0.44932885363571956,0.93702299907476,0.7657272636619044,-0.12231737205650917,-1.5732865984428983,0.0,0.0,0.0,4.081823147853495,1.0,18.634775161743164,-13.943885803222656,1.3799999952316284
7.781139612197876,0.3038453129877211,0.9400611152025564,0.23474058233297562,0.24344178650016252,-0.04379560795001042,0.9522068153909988,0.23068023938781343,0.17763959262862988,0.09237414686830756,0.498674096387418,0.49867409638741816,0.03638881135997738,0.5169463585937478,0.30016881852127647,0.27333551299804565,-0.0692540536246957,-0.44932885363571956,0.93702299907476,0.749006255358813,-0.1347165266619037,-1.4664553617534253,0.0,0.0,0.0,4.081823147853495,1.0,18.634775161743164,-13.943885803222656,1.3799999952316284
7.800096273422241,0.38585214126446843,0.9397018149033253,0.23614925656384253,0.2425958638874193,-0.0483867183890106,0.9309776198734214,0.24869879189496819,0.22585116174818748,0.1429014868424983,0.49927426761002386,0.49927426761002375,0.026929643563818988,0.5981513027564922,0.35697965528850395,0.41574952073950944,-0.2749246449377115,-0.4116512459092626,0.7978919151343911,2.2886693699503446,0.45863755069539947,0.2550928220816995,0.0,0.0,0.0,4.364692514578259,1.0,18.668170928955078,-13.952963829040527,1.3799999952316284
7.820105791091919,0.3770800207108331,0.9393440590878837,0.23754965698775582,0.24160693622939644,-0.053188226959945635,0.9282725116564862,0.25055371610487814,0.23979121288000702,0.13428757825849,0.4997131342520989,0.499713134252099,0.016934682044365552,0.6089155783888738,0.3875169817309054,0.41049416557239543,-0.3043974398974183,-0.4519439552933932,0.938754079296651,2.4184739152038763,0.9226337740167233,-0.316172066458408,0.0,0.0,0.0,4.431654091086928,1.0,18.679302215576172,-13.962041854858398,1.3799999952316284
7.84013557434082,0.17344581536094095,0.9390089731856547,0.23886063455380466,0.24051997127422445,-0.057947294635923685,0.9620565862249739,0.16881083841772807,0.199628340498182,-0.07809322252151527,0.49995207242385914,0.4999520724238591,0.00692280861272538,0.3278516235205749,0.42297324547799325,-0.09099495851251421,-0.10515668899605815,-0.3875632579640841,0.7896083986870533,-1.1493254838194047,0.8488579486814597,-3.368447317847581,0.0,0.0,0.0,3.883112269850822,1.0,18.701566696166992,-13.989275932312012,1.3799999952316284
7.8600852489471436,0.4280073365579775,0.9386990259790168,0.24007417350894064,0.23934263358286348,-0.06263891433975789,0.909941684587579,0.20584585680503495,0.3391675468308263,0.12082627637595658,0.49999068649998035,0.49999068649998035,-0.003051788537633931,0.5877860215935967,0.6034690505355897,0.45186731875350944,-0.35470176195694514,-0.41810263647185947,0.8131367846573263,1.917562518279793,2.846154090428348,0.7989517851400105,0.0,0.0,0.0,4.892125895496498,1.0,18.734962463378906,-13.989275932312012,1.3700000047683716
7.880083322525024,0.2933652382959906,0.9384130193635977,0.24119648297106372,0.23806938161781988,-0.06729213347334333,0.9208348320549566,0.24436731894092084,0.29666968742484856,0.06584012508484796,0.49982968513363224,0.49982968513363224,-0.013049362406418264,0.6068374565947996,0.5400620528132763,0.3156452384112384,-0.301629928335756,-0.383922313664572,0.7591656239634901,2.0635878089531996,2.0727235194382603,-0.29407290175748724,0.0,0.0,0.0,4.738448213623623,1.0,18.76835823059082,-14.007431983947754,1.3700000047683716
7.900112628936768,0.15087262522732522,0.9381521628702001,0.24222423222490827,0.2367026035347076,-0.07190144716840018,0.9575470345475855,0.20896080878440476,0.19756306687720493,-0.020196327076120776,0.4994680771666797,0.49946807716667957,-0.023057317524374173,0.439295669497373,0.3971506493663455,0.0476102512511218,-0.2023425923763737,-0.3589227184119058,0.9249911786075529,0.2797801028737188,0.40684682717694587,-2.7340690283976685,0.0,0.0,0.0,4.000010531769585,1.0,18.76835823059082,-14.007431983947754,1.3700000047683716
7.920111417770386,0.15674616363839725,0.9379180333134453,0.24315247681926253,0.2352483847270749,-0.07645150937292772,0.9575470345475855,0.20896080878440476,0.19756306687720493,-0.020196327076120776,0.498907111291246,0.49890711129124576,-0.033040797554302476,0.439295669497373,0.3971506493663455,0.0476102512511218,-0.2023425923763737,-0.3589227184119058,0.9249911786075529,0.2795907501155014,0.4151306273111399,-2.6370912540951874,0.0,0.0,0.0,4.000010531769585,1.0,18.76835823059082,-14.007431983947754,1.3700000047683716
7.940141439437866,0.16274487774975788,0.9377106345268998,0.243982337994471,0.23370413468098283,-0.08095530912128866,0.9575470345475855,0.20896080878440476,0.19756306687720493,-0.020196327076120776,0.49814526979097684,0.49814526979097673,-0.04302662181574228,0.439295669497373,0.3971506493663455,0.0476102512511218,-0.2023425923763737,-0.3589227184119058,0.9249911786075529,0.28125081700191523,0.4253978317431537,-2.541022725206773,0.0,0.0,0.0,4.000010531769585,1.0,18.76835823059082,-14.007431983947754,1.3700000047683716
7.9601123332977295,0.16881385421117232,0.9375315176608155,0.24470858586294705,0.232078920435462,-0.08539166286631762,0.9575470345475855,0.20896080878440476,0.19756306687720493,-0.020196327076120776,0.4971867108295236,0.4971867108295235,-0.05296578682998767,0.439295669497373,0.3971506493663455,0.0476102512511218,-0.2023425923763737,-0.3589227184119058,0.9249911786075529,0.28477957924355035,0.4375673452788543,-2.446328310907374,0.0,0.0,0.0,4.000010531769585,1.0,18.76835823059082,-14.007431983947754,1.3700000047683716
7.98011589050293,0.20663263187762912,0.9373804247526355,0.24533310269087008,0.23036738085139105,-0.08978016403587999,0.9222848371389436,0.19459258551472855,0.31833150611514127,-0.10094284056212674,0.49602780793975376,0.4960278079397536,-0.0629000298130522,0.3876941339373969,0.6770161901498056,-0.08002195246993567,-0.2312925972756033,-0.22977666481892106,0.8287506071951576,0.15449432598798052,2.7836555813869865,-2.8859921682679857,0.0,0.0,0.0,4.6098912647098205,1.0,18.8017520904541,-14.034666061401367,1.3700000047683716
8.000089406967163,0.13053219185238543,0.9372583990671448,0.2458522995334689,0.2285768158108996,-0.09410621374780984,0.9578267015593844,0.20291176972876548,0.1849285118089578,-0.0848308257977873,0.4946726169761922,0.4946726169761923,-0.07279424437361452,0.3982740277857423,0.39920424365533946,-0.09506488351350072,-0.19029063945810298,-0.21826798173954415,0.8348030345706804,-0.18464893553114048,-0.003939701071822732,-3.1449478584045627,0.0,0.0,0.0,3.902359065062869,1.0,18.835147857666016,-14.043744087219238,1.3700000047683716
8.020110368728638,0.3134876664782993,0.93716551381462,0.2462664815767897,0.22670214558134577,-0.09838575586527815,0.9199753825198387,0.26955052451673184,0.28090004487524617,0.045639621813901604,0.4931161648510316,0.4931161648510314,-0.08268281540084536,0.6425301452638957,0.5146588091621879,0.27385094996654963,-0.17750123217387082,-0.1458287303343286,0.7417456812677118,1.990755301568998,0.9219149334118635,-0.13992399527361288,0.0,0.0,0.0,4.736768999131537,1.0,18.86854362487793,-14.070979118347168,1.3700000047683716
8.040082454681396,0.24344773294499483,0.9371026608373585,0.24657214658339666,0.22475437798801312,-0.10259751047671731,0.9519290075326052,0.20767199349754167,0.2248698969547534,0.011706287981453595,0.49136658147699025,0.49136658147699025,-0.09251422921700397,0.4580568740232057,0.43703854443106593,0.12803641177535793,-0.12565514481703904,-0.22769644012923312,0.8124657448988815,0.21447917903139369,0.36244361485872156,-0.9017229114072016,0.0,0.0,0.0,4.048656220404993,1.0,18.924203872680664,-14.098213195800781,1.3700000047683716
8.060099124908447,0.13601633461944168,0.9370699243627777,0.24676928371068993,0.22272641991142048,-0.10676057017969219,0.9158444569114224,0.3080031966523206,0.23950830527991457,-0.09486165346712543,0.4894164443962248,0.4894164443962249,-0.1023305621725835,0.6408005674305474,0.520299575104434,-0.03022159864988289,-0.1608207749982018,-0.27549806262046045,0.6724665136162717,1.9844850667706302,1.3215846067864607,-2.7021277024361283,0.0,0.0,0.0,4.698300001124274,1.0,18.957599639892578,-14.125447273254395,1.3799999952316284
8.080111742019653,0.13862225340652018,0.9370678006941637,0.24685565728962036,0.22062497488040786,-0.11086406913573174,0.9158444569114224,0.3080031966523206,0.23950830527991457,-0.09486165346712543,0.48727067517579353,0.4872706751757938,-0.11210392104527889,0.6408005674305474,0.520299575104434,-0.03022159864988289,-0.1608207749982018,-0.27549806262046045,0.6724665136162717,2.0065332621862755,1.3349524246160573,-2.613601558352161,0.0,0.0,0.0,4.698300001124274,1.0,18.957599639892578,-14.125447273254395,1.3799999952316284
8.100108861923218,0.14199973397929525,0.9370965057277357,0.24683001097005,0.21845336385898026,-0.11490523250091383,0.9158444569114224,0.3080031966523206,0.23950830527991457,-0.09486165346712543,0.484931646206566,0.48493164620656615,-0.1218248681812949,0.6408005674305474,0.520299575104434,-0.03022159864988289,-0.1608207749982018,-0.27549806262046045,0.6724665136162717,2.030657743843335,1.3499246030867758,-2.5263800645426366,0.0,0.0,0.0,4.698300001124274,1.0,18.957599639892578,-14.125447273254395,1.3799999952316284
8.120109558105469,0.1460919500468339,0.9371562320982715,0.24669110878377531,0.21621159423884934,-0.11888750987003469,0.9158444569114224,0.3080031966523206,0.23950830527991457,-0.09486165346712543,0.48239823662941017,0.48239823662941045,-0.13149882621847023,0.6408005674305474,0.520299575104434,-0.03022159864988289,-0.1608207749982018,-0.27549806262046045,0.6724665136162717,2.056898847585189,1.3664783349138003,-2.440406366661585,0.0,0.0,0.0,4.698300001124274,1.0,18.957599639892578,-14.125447273254395,1.3799999952316284
8.140104293823242,0.19861398682076573,0.9372470705461224,0.24643778597839616,0.21390276278345777,-0.12280860909717038,0.9504551658621733,0.17795540702885324,0.24755219691490016,-0.060702228935272586,0.4796727018899879,0.47967270188998784,-0.1411173237471531,0.361928718343549,0.514591287589925,-0.03134709759827514,-0.12044135359587482,-0.12728677936799662,0.6391580512844972,-0.5186889119258757,0.9454961648769185,-0.9011891493456079,0.0,0.0,0.0,4.003538797714857,1.0,19.002126693725586,-14.161759376525879,1.3799999952316284
8.160145282745361,0.34622838122016103,0.937369408269313,0.24606784082293626,0.21152265905523782,-0.12667823356748234,0.9230055985439707,0.19625405022790834,0.3307327637283327,-0.012682737174881385,0.476748435535309,0.47674843553530893,-0.1507014572412469,0.4656878890859834,0.6630385669705933,0.13542096557790456,-0.10603483676245373,-0.1766899369716239,0.6712138180749908,0.34522943169103,2.56759722475494,0.21328127692121646,0.0,0.0,0.0,4.617474793771726,1.0,19.046653747558594,-14.207149505615234,1.3799999952316284
8.18009352684021,0.06682971698722387,0.9375222734853137,0.24558312084337444,0.20909002812950392,-0.13046945087858747,0.9266808449840621,0.25633876176061865,0.22819202868051494,-0.1532365778961689,0.47364755176702744,0.47364755176702733,-0.16018113717008334,0.48736035860841675,0.5253124066693662,-0.19426181594819147,0.0826184610081605,-0.26388231215994795,0.6898609817075575,-0.12091438272658353,1.5427957509655381,-3.1657825719865884,0.0,0.0,0.0,4.243791594822801,1.0,19.102313995361328,-14.243461608886719,1.3799999952316284
8.200092315673828,0.3688307537334775,0.9377065800622888,0.24497945764814708,0.20658960529958528,-0.1342094259747352,0.9160520270853771,0.29348107025753095,0.27173297522126616,0.02964346893776332,0.47034962168087713,0.4703496216808772,-0.1696208518568862,0.6834220567158346,0.5011603192432273,0.24626808663344235,0.031209320065090584,-0.08978700452347105,0.6743935246834433,1.7427299417749245,0.7373281232645637,0.4359969217533024,0.0,0.0,0.0,4.76176884222555,1.0,19.15797233581543,-14.270696640014648,1.3799999952316284
8.220109701156616,0.16519417871261144,0.9379220372485914,0.24425621577133058,0.2040270711183135,-0.13789165076756316,0.9352660703377098,0.20222310397680604,0.2690937495062124,-0.10941548276972345,0.46686025205624826,0.46686025205624815,-0.17900141074856482,0.3916287979413572,0.5794946786480161,-0.11478122270778766,0.0055147429970558715,-0.025261084700843373,0.5523152701687277,-0.5019186634524373,1.3092422355596702,-1.1930406173728039,0.0,0.0,0.0,4.180747504546046,1.0,19.213632583618164,-14.316086769104004,1.3799999952316284
8.240097761154175,0.3621740706572536,0.938167874881711,0.24341430663256017,0.2014106042382451,-0.14150718132628207,0.939269951248015,0.22217824017548357,0.26002123087786466,0.02824442896991546,0.46318934186264216,0.4631893418626422,-0.18829666376452986,0.5135340408529462,0.49599804471060377,0.19289557059446058,0.1991543694774498,-0.043990305681322256,0.606711344960913,-0.3507706283444081,0.5049556739235355,1.1322604847779516,0.0,0.0,0.0,4.220790268650593,1.0,19.213632583618164,-14.316086769104004,1.3799999952316284
8.26011323928833,0.3704169222823018,0.9384444840517912,0.2424505149747496,0.19873477413738963,-0.14506614935885942,0.939269951248015,0.22217824017548357,0.26002123087786466,0.02824442896991546,0.4593279675343201,0.45932796753432,-0.1975292845144504,0.5135340408529462,0.49599804471060377,0.19289557059446058,0.1991543694774498,-0.043990305681322256,0.606711344960913,-0.3144396875976815,0.5413906250426725,1.2061514713409895,0.0,0.0,0.0,4.220790268650593,1.0,19.213632583618164,-14.316086769104004,1.3799999952316284
8.282192707061768,0.37943991666499677,0.938784492330152,0.24124628177152718,0.19572064456760635,-0.1489205754147898,0.939269951248015,0.22217824017548357,0.26002123087786466,0.02824442896991546,0.45485502310598,0.45485502310598,-0.20762203147849764,0.5135340408529462,0.49599804471060377,0.19289557059446058,0.1991543694774498,-0.043990305681322256,0.606711344960913,-0.27196483276039796,0.5833333047685142,1.2858814256813815,0.0,0.0,0.0,4.220790268650593,1.0,19.213632583618164,-14.316086769104004,1.3799999952316284
8.300101041793823,0.3284832197845518,0.9390867370486017,0.24016025367663796,0.19322962876274208,-0.15199165576305948,0.8968846887998715,0.3212888039573404,0.2971291005430626,-0.06391914469460588,0.45106412103040083,0.4510641210304009,-0.21573399991441278,0.7174328615041846,0.6114484682322666,0.09328457988510389,0.03871210352271627,-0.186971935983273,0.6324134232168426,2.2277930167978353,2.1927461992215913,-0.8182646588700744,0.0,0.0,0.0,5.233913979439236,1.0,19.280424118041992,-14.37055492401123,1.3799999952316284
8.32013463973999,0.14783980539382707,0.9394524504279371,0.2388287642064392,0.19039569725395797,-0.155368572239525,0.958214215038146,0.16907742917231483,0.17605706940439877,-0.14913835642129508,0.4466519687563678,0.44665196875636776,-0.22472654228208264,0.2990022495224693,0.39827901354941453,-0.2480284642081361,0.20923360531418075,-0.08101241179861245,0.4103817126837225,-2.2579439717911596,0.1701814925489975,-1.2690497028188212,0.0,0.0,0.0,3.648316502797117,1.0,19.34721565246582,-14.415946006774902,1.3899999856948853
8.340129852294922,0.2922590957556491,0.9398459526278863,0.23737657391751663,0.1875192558643903,-0.15867727047131833,0.9180723626242838,0.3194730274987937,0.22979209212076676,-0.047704466090515776,0.44206952853334075,0.4420695285333407,-0.23361192594195568,0.6856532216033173,0.46946823691439543,0.06646724114647413,0.15957195333347035,-0.10659109006739356,0.38091463608556764,1.5585889024925523,0.5152390839704267,0.3859871031492996,0.0,0.0,0.0,4.650224613678288,1.0,19.41400718688965,-14.461336135864258,1.3899999856948853
8.3600914478302,0.311175419277079,0.9402665241046506,0.23580357185086342,0.1846017790445938,-0.16191887574987707,0.9588783256793189,0.19549424681599617,0.2052484761984045,-0.014402049246740751,0.4373184996826438,0.43731849968264375,-0.24238921146643783,0.4142093111786888,0.4106961292169868,0.05743525047123671,0.18641665418765518,0.05204629860703422,0.43979802256015,-0.9799722092874338,-0.4537957448384442,1.3213773845397552,0.0,0.0,0.0,3.820363373637083,1.0,19.480798721313477,-14.506726264953613,1.3899999856948853
8.380119323730469,0.16414952780831715,0.940715605393947,0.23410124074717487,0.18163044158045066,-0.1651094834957211,0.9135572824148381,0.30806562949157873,0.20400234090116526,-0.1699755999536931,0.43237657841710314,0.4323765784171033,-0.2510985751379696,0.5964138191809913,0.4977649805647259,-0.21198912586889865,0.20474979543083305,-0.08416806456554803,0.35376032333935503,0.7559454123151708,0.6347785559890875,-1.7602137647452847,0.0,0.0,0.0,4.406822021135818,1.0,19.547588348388672,-14.552116394042969,1.3899999856948853
8.400103092193604,0.2931152107189758,0.9411899666096164,0.23227850658420884,0.17862340848188357,-0.1682314479362084,0.9726411095351978,0.13958687993017804,0.17595738828590593,-0.05936137212953041,0.42727268447028516,0.4272726844702854,-0.2596883769165576,0.2718689116246337,0.3670450925042031,-0.071146913603212,0.375338660944396,0.10829765977727798,0.31831884329015786,-3.012307002180493,-0.7896241164244259,1.2006472153977892,0.0,0.0,0.0,3.563050872826745,1.0,19.547588348388672,-14.552116394042969,1.3899999856948853
8.420120239257812,0.29503284998952434,0.9416905567780732,0.230328243967188,0.17557089460096928,-0.17129698267923327,0.9726411095351978,0.13958687993017804,0.17595738828590593,-0.05936137212953041,0.42198921290331437,0.4219892129033145,-0.26818856089184934,0.2718689116246337,0.3670450925042031,-0.071146913603212,0.375338660944396,0.10829765977727798,0.31831884329015786,-2.9585592758816803,-0.7393560297925935,1.2613447587281492,0.0,0.0,0.0,3.563050872826745,1.0,19.547588348388672,-14.552116394042969,1.3899999856948853
8.44009017944336,0.10977287725790084,0.9422144025308108,0.2282583711575092,0.17248703764986928,-0.17429388257423348,0.9385783615790761,0.19489517136931625,0.21357311142701008,-0.18834292508041747,0.41654971781305256,0.4165497178130526,-0.27656162530232975,0.3301530900149141,0.4941965138296684,-0.31207855080937863,0.2459681228786223,0.08503756235207055,0.33856764366448666,-1.5012236310185456,0.6270672220671576,-1.329030376861093,0.0,0.0,0.0,3.825913968928046,1.0,19.692304611206055,-14.661052703857422,1.399999976158142
8.46009635925293,0.289369320076414,0.9427626749798546,0.22606037642887253,0.16936076501109734,-0.1772348051273257,0.9231580407318709,0.19705857849696048,0.30229906816591495,-0.1325232879869433,0.41093378663711944,0.4109337866371194,-0.28483929328672053,0.3663024648570966,0.6565267672251631,-0.15915603507780351,0.42831951088938064,-0.008146916535528438,0.43971018821944496,-1.5488042555247556,2.5062307011993865,-0.2860092427061762,0.0,0.0,0.0,4.308253579761952,1.0,19.692304611206055,-14.661052703857422,1.399999976158142
8.48013949394226,0.3428141445381804,0.9433344583117437,0.22373363299919374,0.1661935214712123,-0.18011961205729055,0.8840115353996811,0.2915531521410561,0.31133128034692514,-0.19129348821759898,0.4051425576711891,0.40514255767118906,-0.29301793112990066,0.5572126955721048,0.7234644796764363,-0.21058372281394414,0.4619556587626473,0.1639792053389025,0.27075317114429764,0.18286043318724188,2.085220799496522,-1.0835105027371608,0.0,0.0,0.0,5.004644920427976,1.0,19.770227432250977,-14.724599838256836,1.399999976158142
8.500119686126709,0.1951290986542624,0.9439257382496067,0.22129021546216765,0.16300288188883055,-0.18293414581914,0.9653582393441331,0.16141090442091502,0.1731905625621835,-0.10970423284364214,0.39920752721586267,0.3992075272158628,-0.30105373310124584,0.2989497743566054,0.3787902992429747,-0.1685899315603155,0.3606354957477859,0.010947619484586016,0.24818434851995375,-2.391823265956358,-0.02635523887636293,0.7084480112072673,0.0,0.0,0.0,3.5824964594004385,1.0,19.8481502532959,-14.788146018981934,1.399999976158142
8.520092487335205,0.242107781475369,0.9445368709260203,0.21872432187282462,0.15978183367696572,-0.1856866610970797,0.9018580110876159,0.2969126194642991,0.2399404065346835,-0.20229588614677438,0.3931154187661682,0.393115418766168,-0.3089664504898555,0.5541506354436074,0.5858559052838592,-0.2701875223048003,0.33471432125329276,0.0547675448228879,0.38003778662989607,0.5694859138749722,1.2138568534754186,-1.8916183567279163,0.0,0.0,0.0,4.468886095918114,1.0,19.92607307434082,-14.851692199707031,1.409999966621399
8.54008436203003,0.24971008800729516,0.9451674524932427,0.21603288560510459,0.1565277293291512,-0.18838086164901588,0.9018580110876159,0.2969126194642991,0.2399404065346835,-0.20229588614677438,0.386860455051633,0.3868604550516331,-0.3167633001426198,0.5541506354436074,0.5858559052838592,-0.2701875223048003,0.33471432125329276,0.0547675448228879,0.38003778662989607,0.6478711235281263,1.248689522366631,-1.839165904168075,0.0,0.0,0.0,4.468886095918114,1.0,19.92607307434082,-14.851692199707031,1.409999966621399
8.56009817123413,0.36449084010983734,0.9458163439461431,0.21321569101759316,0.1532416269154868,-0.1910170578993825,0.9344058134939647,0.2959433373740794,0.19516454830462485,-0.03484416533116824,0.3804437616313313,0.38044376163133137,-0.32444189654821515,0.6244002054412637,0.3955866236722775,0.05464326643638559,0.47765925944857857,0.05030406162821496,0.39400769865433904,0.3417278701047013,-0.35523525320942034,1.259820682407045,0.0,0.0,0.0,4.225568781853345,1.0,20.026260375976562,-14.906160354614258,1.409999966621399
8.580108165740967,0.3290660347249335,0.9464813958679245,0.21027685199852653,0.1499292950666255,-0.19359188844143138,0.9158671482087267,0.3270688563804978,0.21033198517121623,-0.09986884415022859,0.37387595201603596,0.3738759520160359,-0.33198911503858486,0.6738957583530162,0.4674376466700774,-0.050818097109266096,0.4444201277602762,0.07747778544736698,0.20903504301651782,1.0768040442410705,0.07893333057995106,0.723283676117926,0.0,0.0,0.0,4.5303015083168106,1.0,20.104183197021484,-14.987862586975098,1.409999966621399
8.600142002105713,0.11496994820805002,0.9471621629890787,0.2072128896550045,0.14658765901266468,-0.19610893296293072,0.9523460614572345,0.18374099014433973,0.1838825610508541,-0.15957265276058316,0.3671503553970586,0.3671503553970584,-0.3394121632054657,0.324869693635572,0.42122616068445773,-0.2619900027459397,0.4474344035645142,0.21039604261051695,0.24664047715021306,-2.002462303531837,-0.20965046020952383,-0.050740584525028276,0.0,0.0,0.0,3.649711852839919,1.0,20.193239212036133,-15.042330741882324,1.409999966621399
8.620103597640991,0.20136200000407276,0.9478539014652285,0.20403981038182348,0.14323433137979794,-0.1985564493303512,0.9593117666912896,0.1400989371659032,0.1979625610954278,-0.14458231737373756,0.360302451105311,0.3603024511053109,-0.34667296365235195,0.23531506033932043,0.4338059868145925,-0.24709238499494746,0.5127119644616036,0.1109515529479149,0.2073910126372574,-2.9377853601629695,0.5945179380970339,0.6456337579729794,0.0,0.0,0.0,3.5585017264106225,1.0,20.293424606323242,-15.11495590209961,1.4199999570846558
8.640140771865845,0.3025575678696559,0.948560265376835,0.20073507236054952,0.13984593283890143,-0.2009526529833602,0.9386952049531344,0.16610852709959373,0.27061010031102595,-0.1342737615189692,0.353284243138533,0.353284243138533,-0.3538223333115561,0.2910798365301474,0.5855392012753673,-0.19585034103952348,0.4563781643781402,0.20567138632767498,0.35150648472766766,-1.7307711214653012,1.5571301748376114,0.4411315223133867,0.0,0.0,0.0,3.9267236916339123,1.0,20.38248062133789,-15.19665813446045,1.4199999570846558
8.663188219070435,0.1860432665845519,0.9493856597717786,0.19678704505793468,0.135922598372167,-0.20363392440561057,0.9319040334233467,0.18175102998744452,0.22464914437957398,-0.21921267645217607,0.3450364380541527,0.3450364380541528,-0.3618699440612647,0.28080346044718546,0.5217374124235106,-0.3866399052345931,0.571665803564045,0.24115042956277907,0.2100308833867486,-2.18435499808103,0.8901862384433438,-0.8170460720256875,0.0,0.0,0.0,3.76342080128061,1.0,20.38248062133789,-15.19665813446045,1.4199999570846558
8.680087089538574,0.2828497345574607,0.9499983334015704,0.19379349049420597,0.13302948515462204,-0.20554903467495744,0.9254806704353503,0.19958794479750797,0.2690654529058457,-0.17678790398274885,0.33887227062356307,0.338872270623563,-0.36764872392329967,0.33995248982188836,0.6048020129328833,-0.2705120572926708,0.4443332301651216,0.1338312916610194,0.20823341016499475,-0.9364484071228916,1.9792898399960839,0.12457627973396235,0.0,0.0,0.0,4.035801247365067,1.0,20.493799209594727,-15.260204315185547,1.4199999570846558
8.700072765350342,0.25258271306807845,0.9507296400032436,0.19014647244736058,0.12959116664593665,-0.20775851405531698,0.9376071673794373,0.2758115090222314,0.1704273043707543,-0.1255999406628276,0.33145737639581907,0.3314573763958191,-0.3743474424018417,0.540917751739941,0.399406411503602,-0.15421568614533165,0.5661537464535848,0.12171109099655272,0.2564074235267604,-0.20320374716913214,-0.3447467752330467,0.41532432584920387,0.0,0.0,0.0,3.9415174339779946,1.0,20.582855224609375,-15.332829475402832,1.4299999475479126
8.720082998275757,0.27224190966223866,0.9514676264833135,0.18638054477816188,0.12613165911875032,-0.2099105829879875,0.9661141462786764,0.16954120428841318,0.17508890043991507,-0.08498890134247084,0.3239007396507728,0.3239007396507729,-0.38090459547461786,0.3259301112192501,0.3759216422174613,-0.11295971796019835,0.6062819481117281,0.14627538036265397,0.3831367178336577,-2.279501625103448,-0.0853890203195049,1.131094062730685,0.0,0.0,0.0,3.5264155983736387,1.0,20.69417381286621,-15.414532661437988,1.4299999475479126
8.740111112594604,0.41924696123490107,0.9522104426744497,0.1824981463912192,0.1226532959460284,-0.21200440660296105,0.9255670423304867,0.24404966755405721,0.2761550070891819,-0.0866246037677694,0.3162074886459495,0.31620748864594955,-0.3873148901400794,0.5063455426466021,0.586538456091396,-0.030697414220068237,0.5561975330371417,0.23755218772933281,0.286576807695448,0.0030830205779732722,1.3198524061696326,1.5377671710325704,0.0,0.0,0.0,4.258526729358914,1.0,20.783227920532227,-15.487156867980957,1.4299999475479126
8.760099172592163,0.2620782469526232,0.9529542961021149,0.17851235094140114,0.11916734769931772,-0.214034093882743,0.9492147002835245,0.1484759037389882,0.23116910293425388,-0.15332059425635453,0.30840316696216885,0.30840316696216885,-0.3935574756089695,0.2435672038210132,0.5056623993012488,-0.2570611017650744,0.44716614652089076,0.24509253476816742,0.2819719660180515,-1.723635314984163,1.0750079758376834,0.4847091295641004,0.0,0.0,0.0,3.6532507267061436,1.0,20.783227920532227,-15.487156867980957,1.4299999475479126
8.780107259750366,0.18867483760454778,0.9536997668461035,0.17441311292844758,0.1156644926636885,-0.2160058931907834,0.9664097778468936,0.10461777401729597,0.1596367210564396,-0.1721144384760685,0.30046763159175627,0.3004676315917563,-0.39964884882311447,0.15751180817080504,0.3517715722449664,-0.32444808068612074,0.5627324300395232,0.16759083070490804,0.29167538141105476,-3.3350426745400648,0.28738000250075546,0.04023613652536473,0.0,0.0,0.0,3.3255014607928617,1.0,20.90567970275879,-15.568859100341797,1.440000057220459
8.800122737884521,0.18766407752745848,0.9544447220246396,0.1702046777601782,0.11214800234419739,-0.21791848438824132,0.9664097778468936,0.10461777401729597,0.1596367210564396,-0.1721144384760685,0.29240881832277393,0.2924088183227739,-0.4055823997254799,0.15751180817080504,0.3517715722449664,-0.32444808068612074,0.5627324300395232,0.16759083070490804,0.29167538141105476,-3.233931334684051,0.339237389320014,0.06856005433618662,0.0,0.0,0.0,3.3255014607928617,1.0,20.90567970275879,-15.568859100341797,1.440000057220459
8.820088624954224,0.3320312410705408,0.9551853796926666,0.16590135164592507,0.10862896042977854,-0.21976665101733978,0.9337468516891211,0.18368679634263987,0.2613492884826599,-0.16146989570703077,0.2842532634365336,0.2842532634365336,-0.4113393759727855,0.31418944204265264,0.5792398319354672,-0.2481308415931018,0.4680539017618294,0.35628381094436706,0.3678397315731319,-0.663403037388099,1.2673629847774672,0.01618566037635283,0.0,0.0,0.0,3.865069955030667,1.0,21.00586700439453,-15.650561332702637,1.440000057220459
8.840107440948486,0.17516333529092462,0.9559238717629804,0.16148311257903233,0.10509028182263533,-0.22155989802285803,0.9352417008938606,0.21398093081075545,0.17200923902167256,-0.22349036634653063,0.27596233037760515,0.27596233037760504,-0.41694698969120947,0.36381356479684696,0.43056662674070423,-0.38873112002124494,0.6045606127878714,0.2376438463157163,0.4570968813431899,-1.0552939938985841,0.1458896268408013,-1.8511565141114819,0.0,0.0,0.0,3.613669461739179,1.0,21.117185592651367,-15.732264518737793,1.440000057220459
8.860264301300049,0.479553249652069,0.9566615869434489,0.15693193156241914,0.10151772362036293,-0.223305012737891,0.947171961122039,0.13807473295792602,0.281565172857522,-0.06724356933225491,0.2675024975195361,0.26750249751953603,-0.4224244474705633,0.271584299284754,0.5847015659575145,-0.059550423707831576,0.585542522218157,0.36808645784163496,0.49682981538382703,-1.5522147250235647,1.5862087074784776,1.559649557505742,0.0,0.0,0.0,3.795162586593571,1.0,21.239635467529297,-15.813966751098633,1.4500000476837158
8.880096912384033,0.10542017810556617,0.9573800398205912,0.1523559003420971,0.09799423229697832,-0.22496281786241543,0.9552637466689154,0.1895928668288284,0.11828410818101152,-0.19373845488058108,0.25907265995482115,0.2590726599548213,-0.4276462987843266,0.33800599130772896,0.3041139473866856,-0.3479119769757688,0.6063485130282994,0.2916648503678891,0.5367665731784117,-1.553461385339317,-1.0366922442652533,-1.5698709133475868,0.0,0.0,0.0,3.377644797257112,1.0,21.33982276916504,-15.895668983459473,1.4500000476837158
8.900068044662476,0.1482686747002925,0.9580944594473031,0.1476520261861828,0.0944385412736457,-0.22657283125211797,0.9441479306159082,0.19905348372146675,0.14537696619729495,-0.21869598403106635,0.25048098352567044,0.2504809835256704,-0.43273464951632057,0.3415491936964504,0.36996105111846345,-0.39072109218729695,0.5296811521709137,0.3861157192092822,0.5369453473329859,-0.846888088120515,-0.7982287505453994,-2.006706546558502,0.0,0.0,0.0,3.4372442540618064,1.0,21.46227264404297,-15.986449241638184,1.4600000381469727
8.920111179351807,0.2302118835342798,0.9588006871104244,0.14283698517998708,0.09086316178676432,-0.228128744114771,0.9691366505211338,0.1786068016133723,0.11763385865016188,-0.1226215247548032,0.24175789453596197,0.24175789453596205,-0.4376678197326583,0.33604377214557896,0.2752719352101821,-0.20473518921139836,0.6452510395684825,0.4194943194181152,0.5145729707789615,-1.6107311239033775,-1.6480143216089476,0.02354835254443932,0.0,0.0,0.0,3.3236033638036,1.0,21.46227264404297,-15.986449241638184,1.4600000381469727
8.940111637115479,0.2377658898659816,0.9594930394095744,0.1379407554148708,0.08728927631751933,-0.22962150935858602,0.9691366505211338,0.1786068016133723,0.11763385865016188,-0.1226215247548032,0.2329565691979251,0.23295656919792504,-0.44241523127886584,0.33604377214557896,0.2752719352101821,-0.20473518921139836,0.6452510395684825,0.4194943194181152,0.5145729707789615,-1.501078932589094,-1.5944537960009728,0.05203143387847842,0.0,0.0,0.0,3.3236033638036,1.0,21.46227264404297,-15.986449241638184,1.4600000381469727
8.960102558135986,0.24569420428689548,0.9601711184984039,0.13295831413063885,0.08371167796046575,-0.23105381381424095,0.9691366505211338,0.1786068016133723,0.11763385865016188,-0.1226215247548032,0.22406632285031527,0.22406632285031533,-0.4469835376882892,0.33604377214557896,0.2752719352101821,-0.20473518921139836,0.6452510395684825,0.4194943194181152,0.5145729707789615,-1.38993985138313,-1.540850338334595,0.0791880590215146,0.0,0.0,0.0,3.3236033638036,1.0,21.46227264404297,-15.986449241638184,1.4600000381469727
8.98012661933899,0.1321808613696744,0.9608347780712465,0.12788170456286096,0.08012336386203459,-0.2324285813971843,0.9555407243982379,0.1898483364967931,0.08199683680621318,-0.21018099795097195,0.21507157559997078,0.21507157559997075,-0.4513803466799879,0.34472153954536816,0.2387699568967538,-0.3912652588170061,0.4945292861698439,0.4100280428915598,0.5744888106740668,-0.7294229940388315,-1.9405841695378694,-1.9895478340180315,0.0,0.0,0.0,3.2922446092396815,1.0,21.573593139648438,-16.07723045349121,1.4600000381469727
9.00009536743164,0.36849681396995876,0.9614795804821636,0.12273641663938795,0.07654078749572588,-0.2337398044747609,0.9352587769648076,0.22721873995076236,0.21145819003378913,-0.17014140646272455,0.2060157956074122,0.20601579560741223,-0.4555847802113729,0.41226603266973455,0.4925279647407962,-0.2548761074400748,0.5350497455344413,0.4657106672947256,0.7373660952189465,0.6613871500051385,0.12715275570423845,-1.6778276853395342,0.0,0.0,0.0,3.7026253841798504,1.0,21.70717430114746,-16.158931732177734,1.4700000286102295
9.020097017288208,0.29715451957316824,0.9621069044935588,0.11750287929226366,0.07294867848404585,-0.23499333605717615,0.9730775081077799,0.17561673382217463,0.10769245359651466,-0.10335018846014489,0.19686274735474663,0.19686274735474657,-0.4596140323183587,0.3359197198673153,0.24843391147095253,-0.1692904052962505,0.6542702092539094,0.3335654829891367,0.6982723300251042,-1.169272588069648,-1.2642195827730436,-0.2115700261431761,0.0,0.0,0.0,3.2546430203343935,1.0,21.818492889404297,-16.249713897705078,1.4700000286102295
9.040087699890137,0.29321578628510897,0.9627138853993187,0.11219554901510397,0.06935541288944434,-0.23618628313998632,0.9349050790747797,0.06907422456466447,0.1967131171893555,-0.2872023574879165,0.1876360265025897,0.18763602650258973,-0.46345735678519484,0.017699780148346958,0.41970682975867596,-0.592327379460893,0.5830372084974829,0.4226683565827021,0.7913072677903787,-2.569180266085386,1.1182498417249933,-3.9332746099782607,0.0,0.0,0.0,3.236845949541905,1.0,21.94094467163086,-16.34049415588379,1.4800000190734863
9.06008267402649,0.49968971446118565,0.963299580599652,0.10681361198587168,0.06575870920591974,-0.23731953664761252,0.9328917359023026,0.2582018594680239,0.22126432959654665,-0.1186882694314577,0.17833231900805366,0.17833231900805363,-0.4671162424891793,0.5092268571755874,0.493967002822163,-0.12204023547132989,0.5813776558642485,0.515961405775283,0.6390473175607055,1.5502047328010633,0.00013950945955398808,-0.28186735832374854,0.0,0.0,0.0,3.8314826855312334,1.0,22.074527740478516,-16.431276321411133,1.4800000190734863
9.080118417739868,0.14058724684870613,0.9638636119927331,0.10135029731228944,0.062152414983675755,-0.23839490771140603,0.9630996775195944,0.13548060246232746,0.11267078900959983,-0.20344363057626677,0.1689381309780183,0.16893813097801838,-0.4705952697399899,0.22546193580460278,0.2756284634986542,-0.38495533215199224,0.5966954066254884,0.42097373573878516,0.6808663572951795,-1.4429813548887005,-0.942665151804623,-1.9933670797193366,0.0,0.0,0.0,3.1404648407009534,1.0,22.074527740478516,-16.431276321411133,1.4800000190734863
9.100105285644531,0.15229614126662447,0.9644021498859843,0.09583346127037619,0.05855304264831211,-0.2394075650284597,0.9630996775195944,0.13548060246232746,0.11267078900959983,-0.20344363057626677,0.1594992895506031,0.15949928955060316,-0.47387759667750995,0.22546193580460278,0.2756284634986542,-0.38495533215199224,0.5966954066254884,0.42097373573878516,0.6808663572951795,-1.31832954037405,-0.8973117268497695,-1.9787313458375633,0.0,0.0,0.0,3.1404648407009534,1.0,22.074527740478516,-16.431276321411133,1.4800000190734863
9.12217378616333,0.1655406832103145,0.9649672768558348,0.0896686273453125,0.054577021084318666,-0.24045590164727515,0.9630996775195944,0.13548060246232746,0.11267078900959983,-0.20344363057626677,0.14900353240333847,0.1490035324033385,-0.4772818321823357,0.22546193580460278,0.2756284634986542,-0.38495533215199224,0.5966954066254884,0.42097373573878516,0.6808663572951795,-1.179511010699016,-0.8473766685425379,-1.9639561804081,0.0,0.0,0.0,3.1404648407009534,1.0,22.074527740478516,-16.431276321411133,1.4800000190734863
9.140093088150024,0.27840590997567854,0.9654022956776616,0.084609341899725,0.05134744414116929,-0.24125320048398433,0.9533088635523882,0.2006302342409475,0.112058529732764,-0.1959403115619855,0.14042751083859234,0.14042751083859228,-0.4798751027086914,0.361922142210693,0.2966057717463201,-0.3507723716757055,0.545045791386908,0.5936720806023417,0.7712581748702325,0.4198867921092093,-1.8265426639665132,-2.284893969615936,0.0,0.0,0.0,3.2689522692735067,1.0,22.196977615356445,-16.522056579589844,1.4900000095367432
9.160152673721313,0.2861198330575228,0.9658628171507209,0.07889228762237435,0.047731198108758637,-0.24208832711736464,0.9573961072887558,0.14812919224036203,0.1605695720023634,-0.188859335754241,0.13077380855538975,0.1307738085553898,-0.48259528695991055,0.24169731605429018,0.3719239664148577,-0.3438393109074354,0.4343104861455564,0.6696276765774493,0.6593555232054834,0.2107349865617716,-0.9099164545675427,-1.5382315135678601,0.0,0.0,0.0,3.211933682590982,1.0,22.3305606842041,-16.612836837768555,1.5
9.180113077163696,0.3103109712014424,0.9662922779925549,0.07315094810106633,0.0441320753484909,-0.2428590789106086,0.9392049265014046,0.22525118148016873,0.04401725452957944,-0.2553791153970068,0.12111560112620967,0.12111560112620967,-0.48510927754871563,0.42103048051367703,0.19904302376917318,-0.48831596130290605,0.5212650760137981,0.7281715885697502,0.42130969450166567,0.8824262152710562,-3.611458343778318,-2.193185218447362,0.0,0.0,0.0,3.244419943186684,1.0,22.464143753051758,-16.721773147583008,1.5
9.20009708404541,0.3298627705024261,0.9666924681398035,0.06735401899708267,0.04052813214122626,-0.2435704798859232,0.9528033241172602,0.18135744321949684,0.14757190507280715,-0.19364358025291833,0.11139763564379199,0.11139763564379199,-0.48743262793228465,0.31319314174205415,0.3591209665011679,-0.34370656548070544,0.5114635171123512,0.6789147708867008,0.41511084544664284,0.7389036982661019,-1.2574458030335633,-0.7110342851438315,0.0,0.0,0.0,3.246745343943397,1.0,22.59772491455078,-16.81255340576172,1.5099999904632568
9.220087051391602,0.1768291942637071,0.9670620221347538,0.06151028293606276,0.03692270999234765,-0.244221710592214,0.9518454373502239,0.1455120750089884,0.03881878166268249,-0.26703857701157024,0.10163226580829957,0.10163226580829954,-0.4895619292251708,0.26227150608842587,0.1522005765296076,-0.5269217541003623,0.5236793314668959,0.7112831618542002,0.2726911192619391,-0.4588869125595392,-3.1794553072766574,-1.6660943019751029,0.0,0.0,0.0,3.0191209874259792,1.0,22.731307983398438,-16.90333366394043,1.5199999809265137
9.240094423294067,0.46370615458987025,0.9674002211971005,0.05562015132890486,0.033313876774220076,-0.24481298251568098,0.9441751718221566,0.2221382804114582,0.1736849267919049,-0.17035661271500996,0.0918177309173822,0.09181773091738223,-0.49149720679692893,0.4047709782253349,0.4155174914000519,-0.27056053625728194,0.7162503122580943,0.6214707938571793,0.27314133421809833,1.119529579186176,-0.6526506376210301,0.2795028555155936,0.0,0.0,0.0,3.4271712490980306,1.0,22.731307983398438,-16.90333366394043,1.5199999809265137
9.260093450546265,0.4771272720388241,0.9677058062458034,0.04969506281163596,0.02970638300707986,-0.2453434411166191,0.9441751718221566,0.2221382804114582,0.1736849267919049,-0.17035661271500996,0.08197055895723546,0.08197055895723546,-0.49323506309288107,0.4047709782253349,0.4155174914000519,-0.27056053625728194,0.7162503122580943,0.6214707938571793,0.27314133421809833,1.24690751294463,-0.6060112697616455,0.2839238815868348,0.0,0.0,0.0,3.4271712490980306,1.0,22.731307983398438,-16.90333366394043,1.5199999809265137
9.280112981796265,0.4906063422525482,0.9679784611757973,0.04373037509092893,0.026095106901054044,-0.24581374735755665,0.9441751718221566,0.2221382804114582,0.1736849267919049,-0.17035661271500996,0.0720804581615922,0.07208045816159221,-0.494777129171524,0.4047709782253349,0.4155174914000519,-0.27056053625728194,0.7162503122580943,0.6214707938571793,0.27314133421809833,1.3746908533623676,-0.5592825442850748,0.28720046598100324,0.0,0.0,0.0,3.4271712490980306,1.0,22.731307983398438,-16.90333366394043,1.5199999809265137
9.300097703933716,0.2513480395840852,0.9682168210188258,0.03774657407636008,0.022490086592451202,-0.24622262212632084,0.9425371571663533,0.14522807436449411,0.055949415905596545,-0.29563859125116343,0.06217873929788141,0.06217873929788142,-0.4961187402017042,0.24774112305542395,0.19252602133716332,-0.5838430476953808,0.6587424945295571,0.6306569592864856,0.28423020443650304,-0.3917341734266757,-2.355141236489673,-2.2433724157220225,0.0,0.0,0.0,3.0331190136821675,1.0,22.864891052246094,-17.00319480895996,1.5199999809265137
9.320137977600098,0.20733044497056827,0.968421341330799,0.03172057998322631,0.01887506314212737,-0.2465717795125071,0.987705080145434,0.051620604657814005,0.01489644319391207,-0.14680627987192627,0.052224563991931976,0.052224563991931976,-0.4972651153216488,0.0978513018716146,0.04459782556317646,-0.2929228483686332,0.6590207602211932,0.657609215883461,0.2795169742041562,-2.244843402626345,-2.8762041887720464,0.8992930316052683,0.0,0.0,0.0,2.895444639103508,1.0,22.99847412109375,-17.093975067138672,1.5299999713897705
9.34045672416687,0.2679624207302075,0.9685929294564392,0.025588883873159343,0.01520984963786548,-0.24686353822124618,0.9808163042803995,0.06130670761818561,0.10338949301668891,-0.15346490671325852,0.04211067522831972,0.042110675228319704,-0.4982235352046459,0.09091083789167535,0.22348475760208997,-0.30020814549777514,0.6416052853451286,0.7144252869147978,0.32138407639934213,-1.4169778029545492,-1.3773637812042099,0.6183820060713368,0.0,0.0,0.0,2.9643870442980864,1.0,22.99847412109375,-17.093975067138672,1.5299999713897705
9.360100746154785,0.34106112875471334,0.9687241777750207,0.019643764103630335,0.011666398039044802,-0.24708598722458064,0.9373208702357263,0.1570804359945759,0.09334843083343825,-0.2967176996898391,0.03231606585762338,0.03231606585762338,-0.49895457898238166,0.25078667626625456,0.27153650091621745,-0.5787206650634773,0.818078090763953,0.69754456497233,0.416553188871677,-0.20514099230378502,-1.859978231090746,-2.782964864099922,0.0,0.0,0.0,3.0906592919524614,1.0,23.132055282592773,-17.202911376953125,1.5299999713897705
9.3800950050354,0.3075993168640061,0.9688224772895911,0.013579492026602939,0.008059819880285401,-0.24725218744888028,0.9753845768319972,0.04858151328394226,0.1346265321268442,-0.16775118685961027,0.022334044234613923,0.02233404423461392,-0.49950094140864865,0.051676775490603816,0.2826739785786604,-0.33328240827970973,0.9082142945494222,0.5928737424145807,0.3174465416572789,-2.3177312747478656,-0.11481743293545588,0.3318428629112926,0.0,0.0,0.0,3.001543611800248,1.0,23.26563835144043,-17.293691635131836,1.5399999618530273
9.400107145309448,0.29131934616562905,0.9688849834188771,0.007500589547314883,0.004450056943919227,-0.24735769051121212,0.9458978025401565,0.09509053413818738,0.11008120467979271,-0.2900297671675493,0.012334156445504278,0.012334156445504275,-0.49984784543376576,0.12057818104312609,0.26655462727173856,-0.5788499686860699,0.7687404314125448,0.4971280003441859,0.45471874588333583,-0.8554460656468317,-0.36649707312461,-2.751432475847616,0.0,0.0,0.0,3.0004735435687833,1.0,23.41035270690918,-17.393550872802734,1.5499999523162842
9.420103311538696,0.30396047269554055,0.9689114363055884,0.001421454334116538,0.0008431997887824235,-0.2474022980449739,0.9458978025401565,0.09509053413818738,0.11008120467979271,-0.2900297671675493,0.0023373161026802015,0.0023373161026802023,-0.499994536923591,0.12057818104312609,0.26655462727173856,-0.5788499686860699,0.7687404314125448,0.4971280003441859,0.45471874588333583,-0.7193708166348136,-0.3335519071629971,-2.7572664460606147,0.0,0.0,0.0,3.0004735435687833,1.0,23.41035270690918,-17.393550872802734,1.5499999523162842
9.440097332000732,0.31675667761235005,0.9689018400783003,-0.0046579917383038,-0.002763265540392564,-0.24738611878883415,0.9458978025401565,0.09509053413818738,0.11008120467979271,-0.2900297671675493,-0.0076593860193530814,-0.007659386019353082,-0.4999413303636803,0.12057818104312609,0.26655462727173856,-0.5788499686860699,0.7687404314125448,0.4971280003441859,0.45471874588333583,-0.5834943478768735,-0.30057971854779364,-2.7640427013445947,0.0,0.0,0.0,3.0004735435687833,1.0,23.41035270690918,-17.393550872802734,1.5499999523162842
9.460276126861572,0.3298067615202487,0.9688556330977672,-0.010790408636132858,-0.006403075700738127,-0.24730816791557975,0.9458978025401565,0.09509053413818738,0.11008120467979271,-0.2900297671675493,-0.01774535561913665,-0.017745355619136653,-0.49968500313092296,0.12057818104312609,0.26655462727173856,-0.5788499686860699,0.7687404314125448,0.4971280003441859,0.45471874588333583,-0.4466279841016281,-0.26724710140029195,-2.77182839149089,0.0,0.0,0.0,3.0004735435687833,1.0,23.41035270690918,-17.393550872802734,1.5499999523162842
9.480114459991455,0.4155396910105877,0.9687745472699257,-0.016812124458649384,-0.00998150750136756,-0.24717119278171795,0.9772320065306764,0.06366176045749201,0.147273334891698,-0.13883569604881443,-0.027654131151856144,-0.02765413115185614,-0.49923466328995614,0.08783840425119877,0.3104818498286121,-0.26849647894925543,0.8931853678600004,0.4852094533907022,0.4283207890373141,-1.2549263779185234,0.7463507998424133,0.39076833981035985,0.0,0.0,0.0,3.0377311297161587,1.0,23.543935775756836,-17.511564254760742,1.5499999523162842
9.500291585922241,0.40667820379779007,0.968656008136823,-0.02292515987905419,-0.01362109810897396,-0.24697052583509005,0.9314887391964758,0.08250001362271234,0.1355416701504774,-0.3273391699067364,-0.03772093931286223,-0.03772093931286224,-0.49857510039848096,0.06829760419600628,0.31153704054533843,-0.6651402152766928,0.9900748249303256,0.4281298158552318,0.19416947658890077,-1.1762557269919554,0.6095162985304112,-2.5569251779313813,0.0,0.0,0.0,3.030429546569023,1.0,23.688650131225586,-17.602346420288086,1.559999942779541
9.520133972167969,0.38912189695192756,0.9685042391895541,-0.02892139686878094,-0.017200360074788815,-0.24671286769911163,0.9588796503181549,0.13713130056635248,0.0823872374401511,-0.23442944720681683,-0.047605784360394664,-0.04760578436039467,-0.4977285297181905,0.23219521504327795,0.22416683537982565,-0.4533070226601222,0.9253760285616072,0.40279551763412963,0.28081408062532087,-0.00345116714449345,-0.4977144610298858,-0.9332965494216087,0.0,0.0,0.0,3.0422195084960904,1.0,23.822233200073242,-17.70220375061035,1.559999942779541
9.540086269378662,0.35659103506327056,0.9683167984297908,-0.034931423283932436,-0.020799496210216307,-0.2463934952539127,0.939656970220488,0.06593913174706487,0.103180980908939,-0.3194534307206061,-0.05752647754982741,-0.05752647754982741,-0.49667967985484285,0.05971922352268242,0.23828704423468688,-0.6482687797059093,1.0325773940818175,0.46118664261434406,0.0933376885159661,-1.5554872310368308,-0.003739919848973372,-1.9741410710351839,0.0,0.0,0.0,2.973223379468638,1.0,23.966947555541992,-17.811140060424805,1.5700000524520874
9.560084581375122,0.18392952934582935,0.9680943226552173,-0.04093173124450877,-0.02440696372805186,-0.24601275564824018,0.9544175889587017,-0.01992606000293222,0.050181510280507324,-0.2935503943873792,-0.06744706772107892,-0.06744706772107892,-0.49543000823106004,-0.06778898713236041,0.0841890437691003,-0.5996310576262127,0.9319079740633227,0.36330996232596274,0.15711576806971514,-2.941919413464692,-0.15801165408978934,-1.6669814690132991,0.0,0.0,0.0,2.9111852210432643,1.0,24.10053062438965,-17.910999298095703,1.5700000524520874
9.580084800720215,0.19320318850141435,0.967837707306923,-0.046904981887870706,-0.028014773417801484,-0.24557130829827584,0.9544175889587017,-0.01992606000293222,0.050181510280507324,-0.2935503943873792,-0.0773416267142061,-0.07734162671420611,-0.4939820571409457,-0.06778898713236041,0.0841890437691003,-0.5996310576262127,0.9319079740633227,0.36330996232596274,0.15711576806971514,-2.807059208011065,-0.12464698826464904,-1.681334104005951,0.0,0.0,0.0,2.9111852210432643,1.0,24.10053062438965,-17.910999298095703,1.5700000524520874
9.600090026855469,0.20305261426013232,0.9675475055604458,-0.05284809504112703,-0.0316234334152376,-0.24506909595727291,0.9544175889587017,-0.01992606000293222,0.050181510280507324,-0.2935503943873792,-0.0872077144338454,-0.08720771443384535,-0.49233607885592223,-0.06778898713236041,0.0841890437691003,-0.5996310576262127,0.9319079740633227,0.36330996232596274,0.15711576806971514,-2.672816886095921,-0.09114707848600556,-1.6966195484850015,0.0,0.0,0.0,2.9111852210432643,1.0,24.10053062438965,-17.910999298095703,1.5700000524520874
9.62011170387268,0.21339408683378383,0.9672241884790675,-0.05876045974235157,-0.03523493628937041,-0.2445057808244227,0.9544175889587017,-0.01992606000293222,0.050181510280507324,-0.2935503943873792,-0.09704697102938756,-0.09704697102938756,-0.490491473334676,-0.06778898713236041,0.0841890437691003,-0.5996310576262127,0.9319079740633227,0.36330996232596274,0.15711576806971514,-2.5391929383428544,-0.05746996478080546,-1.7128471970285095,0.0,0.0,0.0,2.9111852210432643,1.0,24.10053062438965,-17.910999298095703,1.5700000524520874
9.640138387680054,0.38427610572097676,0.9668686574565812,-0.06463471801836417,-0.038847122644449075,-0.24388163833516072,0.9421166944862981,0.11245984872264489,-0.039646542943433574,-0.31336411413581733,-0.10684977150950102,-0.10684977150950105,-0.4884497172978682,0.23901970968381886,-0.0042215907691141525,-0.6427185335778383,0.9509199974888226,0.44476491621192776,0.05290689740162727,-0.36104838660364136,-2.7673710704490335,-1.53734144392426,0.0,0.0,0.0,2.9774454212320505,1.0,24.2452449798584,-18.0108585357666,1.5800000429153442
9.660088777542114,0.30166140119620893,0.9664833666071024,-0.07044338564056313,-0.042445209923839995,-0.24319957986357094,0.9480895283691823,0.05207266381112838,0.0065027964588383,-0.3136437429927937,-0.11657262401471108,-0.11657262401471108,-0.48622096142630966,0.09489831269502752,0.04501019310959586,-0.6368298921874492,0.9922689204891231,0.4170787290082467,0.05179562854504338,-1.3289126504279931,-1.432944384643212,-1.6232691046287122,0.0,0.0,0.0,2.919866875958572,1.0,24.38995933532715,-18.119796752929688,1.5800000429153442
9.680120944976807,0.21599685463620005,0.9660661665425475,-0.07622865560843246,-0.04605755857339216,-0.24245423325686974,0.9419534621480075,-0.019173205148810057,-0.06282693006583187,-0.3292549775025532,-0.12628864350977756,-0.1262886435097776,-0.48378836129082353,0.005297289688682917,-0.13136331712818358,-0.6728869950009667,1.1257917357512088,0.43172314100585185,-0.09550497538903624,-3.4389012125704985,-2.482111249263736,-1.333887060572914,0.0,0.0,0.0,2.9283044989246076,1.0,24.545804977416992,-18.219654083251953,1.590000033378601
9.70012903213501,0.2570110078013666,0.9656201175565852,-0.0819559968182767,-0.04966489960855644,-0.2416493345788508,0.970423392802138,0.033761738981438014,0.005743541341194766,-0.238967770664161,-0.13594240007169528,-0.1359424000716953,-0.4811649029831116,0.06284606115450465,0.027286654719144942,-0.482036496280508,1.1127051590831682,0.3045250182841785,-0.06413521703742339,-1.9430353535329505,-0.6981257564351838,0.35566358916297247,0.0,0.0,0.0,2.9216284646033532,1.0,24.67938804626465,-18.328590393066406,1.590000033378601
9.72010350227356,0.3911088307019002,0.9651466108623605,-0.08761921537227786,-0.05326530722947252,-0.24078558861401017,0.9650965713865298,0.0369143732744732,0.09710443035154867,-0.2404093728410332,-0.1455256567604235,-0.14552565676042348,-0.47835372186745606,0.02509881168921828,0.20664703242449722,-0.48566759725182507,1.0790940310946961,0.29435725822619896,-0.08101829751059483,-1.188863861863236,1.1260359175121515,0.20025511065584756,0.0,0.0,0.0,2.9910811244100026,1.0,24.8241024017334,-18.428449630737305,1.590000033378601
9.740114450454712,0.40391172939707765,0.9646450971722901,-0.09323454830794646,-0.056871172326596706,-0.239860011801623,0.9650965713865298,0.0369143732744732,0.09710443035154867,-0.2404093728410332,-0.15506819342819425,-0.15506819342819428,-0.4753460375210002,0.02509881168921828,0.20664703242449722,-0.48566759725182507,1.0790940310946961,0.29435725822619896,-0.08101829751059483,-1.065307228717523,1.168345862702513,0.1765577532104784,0.0,0.0,0.0,2.9910811244100026,1.0,24.8241024017334,-18.428449630737305,1.590000033378601
9.760091543197632,0.41666402517874684,0.9641185117589897,-0.09877869966326469,-0.06046954208865602,-0.23887590555778918,0.9650965713865298,0.0369143732744732,0.09710443035154867,-0.2404093728410332,-0.1645326520913134,-0.1645326520913134,-0.4721535834829582,0.02509881168921828,0.20664703242449722,-0.48566759725182507,1.0790940310946961,0.29435725822619896,-0.08101829751059483,-0.9432927560116817,1.2108479078687782,0.15198392146227813,0.0,0.0,0.0,2.9910811244100026,1.0,24.8241024017334,-18.428449630737305,1.590000033378601
9.780093908309937,0.4293936778177485,0.9635665512858241,-0.10426463821853231,-0.06407075085173798,-0.23783045504223485,0.9650965713865298,0.0369143732744732,0.09710443035154867,-0.2404093728410332,-0.1739432974920899,-0.17394329749208992,-0.46876831085044385,0.02509881168921828,0.20664703242449722,-0.48566759725182507,1.0790940310946961,0.29435725822619896,-0.08101829751059483,-0.8225261224313751,1.253680658385358,0.12646318524703493,0.0,0.0,0.0,2.9910811244100026,1.0,24.8241024017334,-18.428449630737305,1.590000033378601
9.800104141235352,0.336121368515948,0.9629909302697263,-0.10968402048300341,-0.06767130413976316,-0.2367244779589877,0.9575814321532405,0.05244916636082411,-0.05498570456092356,-0.27796305156862483,-0.18328801150291363,-0.18328801150291368,-0.4651940507350753,0.1317792798892351,-0.07622250448026265,-0.5700562413010408,1.2108712902701986,0.33727541257251786,-0.02285049456132973,-1.6168229026998593,-1.9701827907050624,-0.536849548694145,0.0,0.0,0.0,2.960294595593556,1.0,24.957685470581055,-18.546464920043945,1.600000023841858
9.82012152671814,0.4748062642653687,0.96239299265322,-0.11503324313290803,-0.07127067270055576,-0.2355580010933927,0.9698134420943003,0.10552277342266503,0.013204894365966346,-0.21943669380296857,-0.19256263814071717,-0.1925626381407171,-0.4614321514505543,0.20074144312171255,0.0719858604075512,-0.4377872270524,0.982178208851081,0.4398145384386323,0.1658790389882997,0.7085888143821202,-1.1246920319376907,-0.19822302336947872,0.0,0.0,0.0,3.0052677143929776,1.0,25.102399826049805,-18.637245178222656,1.600000023841858
9.840087890625,0.12602767675829107,0.9617759413178889,-0.12029376253557053,-0.07485796545574985,-0.23433466325951474,0.9628599936757363,-0.061913389991082854,-0.06340614419524192,-0.2550431837882862,-0.20173676644283148,-0.20173676644283148,-0.45749565797413916,-0.0880435437095636,-0.15429514426212285,-0.5110585840906641,1.1419074697953302,0.35676019146833693,0.16925395167121085,-3.3573699014103924,-1.5285690591842152,-1.0104212574190523,0.0,0.0,0.0,2.9950042824872947,1.0,25.247114181518555,-18.74618148803711,1.600000023841858
9.860126256942749,0.22277878521777636,0.9611373857022494,-0.1254947108453297,-0.07845479657334406,-0.23304687994034112,0.9766891718219232,-0.033395336601433685,-0.02206456236308035,-0.21089373681266294,-0.21086311758252152,-0.21086311758252155,-0.45336160583289337,-0.05604818468069689,-0.05721738782302615,-0.42372008524286864,1.1802991201664075,0.32259000068493726,0.2693474024896987,-2.683689150824169,-0.5556499030700095,-0.5760801932061242,0.0,0.0,0.0,2.967765931992173,1.0,25.38069725036621,-18.855117797851562,1.600000023841858
9.8800950050354,0.3253658123035955,0.9604833142850577,-0.130596257090202,-0.08203521765137156,-0.2317037843430986,0.9621847657696144,0.02543557605340488,-0.052435376390804,-0.2660902841038333,-0.21987354011136243,-0.2198735401113625,-0.4490608270144448,0.07722427771229767,-0.08748025678140792,-0.5429912629902077,1.1259479601443405,0.39261170746525426,0.07692183390364932,-1.3084423474690117,-1.8119304658896036,-0.7816663275270138,0.0,0.0,0.0,2.9880057229893144,1.0,25.52541160583496,-18.95497703552246,1.600000023841858
9.900102138519287,0.33701540119565127,0.9598117499079198,-0.1356232122146321,-0.08561802893187623,-0.23029828954879786,0.9621847657696144,0.02543557605340488,-0.052435376390804,-0.2660902841038333,-0.22881335602814246,-0.22881335602814248,-0.4445722079742937,0.07722427771229767,-0.08748025678140792,-0.5429912629902077,1.1259479601443405,0.39261170746525426,0.07692183390364932,-1.1915058088246298,-1.7683171495673782,-0.7980448829405853,0.0,0.0,0.0,2.9880057229893144,1.0,25.52541160583496,-18.95497703552246,1.600000023841858
9.920088052749634,0.2826454422128119,0.959126222175356,-0.14055761888264157,-0.0891919308340243,-0.22883453669359097,0.9659876363735078,-0.0005051412261206632,-0.10378351518532605,-0.2368472359594741,-0.2376522498337774,-0.23765224983377742,-0.4399106820127739,0.049206901712213744,-0.202119840481721,-0.48587746163111406,1.08555585853578,0.3592142289158498,0.08372931149251514,-1.6888626838047598,-2.368022478879132,-0.16636828966603123,0.0,0.0,0.0,3.0294551461332127,1.0,25.67012596130371,-19.063915252685547,1.6100000143051147
9.940096378326416,0.20156725123765934,0.958426815042946,-0.14540746149819253,-0.0927640562527719,-0.22730934915840742,0.9813881218362556,-0.08206465669365566,-0.04893719288510484,-0.16657700199302858,-0.24640597027248823,-0.2464059702724882,-0.435067923218977,-0.14640830495058585,-0.12370821997288602,-0.3271836442010557,0.9253594824725939,0.43674090517182745,0.08683399554921309,-2.333904631547527,-0.9756166262080181,0.911264264346869,0.0,0.0,0.0,3.0275474251711394,1.0,25.81484031677246,-19.163772583007812,1.6100000143051147
9.960122346878052,0.1759832079577344,0.9577152662911298,-0.1501686279375464,-0.09633281792049515,-0.22572292769623917,0.9651977955738882,-0.06409506010557299,-0.11279669642377231,-0.22707255220579475,-0.25506863687722897,-0.2550686368772289,-0.4300464980459582,-0.07488808951671233,-0.24942903433920013,-0.45272423331105477,1.0563620663825422,0.4097175359942885,-0.0411930147635357,-2.626021278172858,-2.3324370168390516,0.3879818551102925,0.0,0.0,0.0,3.0839174963631835,1.0,25.948423385620117,-19.26363182067871,1.6100000143051147
9.981574058532715,0.27876466325314586,0.9569421237728962,-0.1551626692799088,-0.10014755406863053,-0.22395710577033154,0.9838261095811243,-0.04886220443554495,-0.03425757831312174,-0.16889372224061194,-0.2642344768558596,-0.2642344768558596,-0.424476314110352,-0.08497359433152894,-0.08401082649212725,-0.3364525833362945,1.1356008979201517,0.2955493200763332,-0.05684886889850842,-2.2396666181738834,-0.17255136277331107,1.4101034328688549,0.0,0.0,0.0,3.0086179096463916,1.0,26.10426902770996,-19.372568130493164,1.6100000143051147
10.000095844268799,0.38095964529198073,0.9562670015124723,-0.15938404375020782,-0.10343376744399156,-0.22237716647290753,0.961527898734039,0.006994953673149566,-0.02682007252244166,-0.273305423087624,-0.27205076429384917,-0.27205076429384917,-0.4195096919585202,0.02814765273888589,-0.047771145948558816,-0.5545461259915974,1.0573417979486546,0.42855750057313863,-0.11196690386232955,-0.5844454739085903,-1.1404047773090957,-0.4027904206339784,0.0,0.0,0.0,2.9987845361646372,1.0,26.24898338317871,-19.472427368164062,1.6100000143051147
10.02113652229309,0.28493381175379684,0.9554932991941814,-0.16407518036841495,-0.10715754820644546,-0.22052018103673468,0.962169357593258,-0.02555661601127911,-0.13594618141267698,-0.23472456719725945,-0.2808166637883172,-0.28081666378831727,-0.41369312459696395,0.015221617060311951,-0.2771380535471957,-0.4806824464837481,1.1126959161619132,0.2308733439472334,-0.2866639964650749,-1.8783323020172342,-2.116867019430536,1.2959923805540627,0.0,0.0,0.0,3.1133206270674325,1.0,26.24898338317871,-19.472427368164062,1.6100000143051147
10.040107250213623,0.34424837682221404,0.9547910843488141,-0.16820758931745303,-0.11050562039383097,-0.21878916793434183,0.9784731868577484,-0.054701341323163094,0.014774837081029083,-0.19844316578586904,-0.28861372293734455,-0.28861372293734466,-0.40829170813555066,-0.11315577613985679,0.007203411454458572,-0.4005980987175183,0.9782447820010104,0.3091567354484541,-0.3179686540966386,-1.1625806792992965,0.779814732000979,1.5934250877689609,0.0,0.0,0.0,3.0197847961943802,1.0,26.382566452026367,-19.590442657470703,1.6100000143051147
10.060093641281128,0.1457232396432908,0.9540481510320334,-0.1724594221038966,-0.11402239471207838,-0.21690727683522176,0.9464040584465667,-0.13865614978952837,-0.0916348374612035,-0.27694202794966,-0.29671581512020895,-0.296715815120209,-0.4024422008904509,-0.22043224824745983,-0.2529349454896225,-0.5412159395069801,0.8422528597138325,0.3946779022082869,-0.3143978425684285,-2.5163517623183536,-1.52268209623017,0.07877701562565398,0.0,0.0,0.0,3.1827318517747343,1.0,26.516149520874023,-19.681224822998047,1.6100000143051147
10.080113410949707,0.2608493112746216,0.9533024069738342,-0.17661161314956675,-0.11753319425960435,-0.2149623390404382,0.9722333116674907,-0.1428902708876564,0.0033416529210826417,-0.18529325817598205,-0.30471261856076926,-0.3047126185607693,-0.39642177045394356,-0.2831539285428478,-0.04647220073182361,-0.370028473025821,1.0600797064720513,0.2296212739684294,-0.28793416931042104,-3.0805889779409066,1.390442465781202,1.4511069387389368,0.0,0.0,0.0,3.1423889066321555,1.0,26.649730682373047,-19.781082153320312,1.6100000143051147
10.100161075592041,0.13149020707908482,0.9525557222281875,-0.18066059462110626,-0.1210359353936534,-0.21295456779526464,0.9648676013876271,-0.12515457376185438,-0.08805142859911348,-0.21357385228681583,-0.3125981856326253,-0.31259818563262537,-0.39023374320936255,-0.21074648888424788,-0.22527603438627847,-0.41174958583527965,0.7853034447543469,0.3127951409375095,-0.24952249306159874,-1.8972936537468683,-0.831628173431443,1.0539137815049033,0.0,0.0,0.0,3.1693045723624333,1.0,26.79444694519043,-19.899097442626953,1.6100000143051147
10.120095252990723,0.294830363124707,0.9518150121037563,-0.18457669635259877,-0.12450489143205536,-0.21089845401751697,0.9837436534680557,-0.10640544068074581,-0.025115648381267203,-0.1424623131261269,-0.32031455237850776,-0.3203145523785077,-0.3839252369075993,-0.20425843742649272,-0.079816971803206,-0.27944898684185243,0.9319615208837881,0.25109096091804944,-0.16895773005810144,-1.8730808591513335,0.8900554649489256,1.941031179006703,0.0,0.0,0.0,3.101763484988252,1.0,26.928028106689453,-19.989877700805664,1.6100000143051147
10.140885353088379,0.35756314318324345,0.9510461161504346,-0.18854230673242525,-0.12810672586022473,-0.20869056115829404,0.9404959523362966,-0.10614703734220109,-0.018226338210026123,-0.322285542179555,-0.3282265994920427,-0.32822659949204286,-0.37718337633820787,-0.19005459010349546,-0.10288431776455985,-0.650455866701746,1.040593870256783,0.38681162286472937,-0.18146198245437323,-1.8852588895747742,-0.2565026072289571,-1.6821020438906198,0.0,0.0,0.0,3.0995183250612692,1.0,26.928028106689453,-19.989877700805664,1.6100000143051147
10.160106658935547,0.41116173918212406,0.9503400894080561,-0.19209937994560555,-0.13142101309161436,-0.20659152936743397,0.9431841581260866,-0.02142596396190659,-0.1004091081981442,-0.31601041583963924,-0.335415478907906,-0.3354154789079059,-0.37080514628168276,0.02353530792170554,-0.20436990278018197,-0.6489964348485422,0.8214932392445616,0.3502791325445137,-0.14959880498080608,0.34622458732975536,-1.9560678410900896,-1.1814208521787626,0.0,0.0,0.0,3.09812596631624,1.0,27.06161117553711,-20.089736938476562,1.6100000143051147
10.180100679397583,0.18833433000558236,0.9496121980076595,-0.19568656949941063,-0.13485124261729584,-0.20434916754708138,0.961354997113739,-0.10326820078074092,-0.14782144868527014,-0.20804102369614397,-0.34276182988063225,-0.3427618298806322,-0.364025174921846,-0.14554478940364507,-0.3333239407128203,-0.40170941849158404,0.8426412998083513,0.2799856905336695,-0.08557871000815764,-1.6124268211340367,-1.726766726538198,0.6202073716942083,0.0,0.0,0.0,3.249243970038655,1.0,27.195194244384766,-20.198673248291016,1.6100000143051147
10.200102806091309,0.11618545348416934,0.9488922233409757,-0.19915868642693,-0.13826393133706869,-0.2020456666076713,0.9505283874088708,-0.1483766246121717,-0.15248310466391332,-0.2263383855881368,-0.3499740573773672,-0.34997405737736725,-0.3570968484358597,-0.23010556066660087,-0.36510319610951886,-0.4248693504339768,0.726444072529913,0.32967863859246027,-0.021377561747559948,-1.9258074040504674,-1.8860073953459124,-0.17183761050640667,0.0,0.0,0.0,3.3453999839213098,1.0,27.328777313232422,-20.289453506469727,1.6100000143051147
10.220191955566406,0.16190716693777776,0.9481789498012624,-0.20252732880964536,-0.14167105039470396,-0.19967141437638564,0.9542491294785268,-0.1499319126171302,-0.09587486211702856,-0.24028531224875904,-0.3570767290005943,-0.35707672900059434,-0.3499945851098787,-0.2509042357049267,-0.25787860522358125,-0.4606539964768662,0.7009682485957389,0.255356509090117,-0.043953832846646,-1.4839280539056885,-0.5103115354109464,-0.6066033384911262,0.0,0.0,0.0,3.2544434720465474,1.0,27.462358474731445,-20.389312744140625,1.6100000143051147
10.240090131759644,0.2719505800481653,0.9474836847335173,-0.20574565931601196,-0.14502422583818464,-0.197259637930449,0.9621393595976507,-0.09589685639143758,-0.08046592127296602,-0.24210923394401024,-0.36396983567647756,-0.36396983567647756,-0.3428205926102426,-0.14916303001954484,-0.20265825104462296,-0.47784192741390313,0.7826799712054089,0.2296904377840868,-0.008891362741387826,-0.6040335693987418,-0.2708212831954001,-0.7035373631568569,0.0,0.0,0.0,3.1528434189498,1.0,27.607072830200195,-20.480093002319336,1.6100000143051147
10.2600998878479,0.20054027097154048,0.9467972726201532,-0.20886228808653612,-0.14837313935223373,-0.19477392200461144,0.9485803918268422,-0.13693329679979202,-0.12045129890727492,-0.258719920108068,-0.37075627179071435,-0.37075627179071424,-0.3354695022320956,-0.20845592491576595,-0.30403253769102073,-0.5004873742348043,0.8634376491523699,0.3559243195680498,0.041230265686397954,-1.7857323167950467,-1.4369954751174419,-1.272042677011696,0.0,0.0,0.0,3.2716525558111673,1.0,27.607072830200195,-20.480093002319336,1.6100000143051147
10.280262470245361,0.22257683772743886,0.9461200188362409,-0.21188032102842153,-0.15172273728079,-0.19220783155279786,0.9104893959483527,-0.24061195290142615,-0.16583608810934386,-0.29259757324208274,-0.37744438582044215,-0.3774443858204422,-0.32792641798523825,-0.39026050114023364,-0.45870678374503593,-0.5296580218545058,0.7009204750897372,0.20673009777698526,-0.004081980329549234,-3.247967701548987,-1.5170616996104673,-2.0476346704850745,0.0,0.0,0.0,3.6882519859272485,1.0,27.74065589904785,-20.589031219482422,1.6100000143051147
10.300087451934814,0.3179939400980085,0.9454695913178834,-0.21472721691135302,-0.1549903807102507,-0.1896245134416721,0.9227116056002365,-0.13582935462694315,-0.1554073478841052,-0.32557984510084514,-0.3838709241690199,-0.38387092416901997,-0.32037963976760836,-0.16195762546004208,-0.3846545237079016,-0.6468199160584929,0.7516841868371552,0.356548598357066,-0.23963885870933,-1.192707305544275,-2.3877099412830085,-1.4522277634914036,0.0,0.0,0.0,3.34885015071496,1.0,27.874238967895508,-20.679811477661133,1.6100000143051147
10.32006049156189,0.3323541306361934,0.9448311837586828,-0.2174737453293872,-0.15825494086216943,-0.186961434478574,0.9407212208803511,-0.1482872841957097,-0.057855178876832086,-0.29951167624714103,-0.39019288917767825,-0.3901928891776782,-0.3126491791692026,-0.25191192114527017,-0.1989893601101882,-0.5911954197289718,0.8078127102653642,0.29680077558886264,-0.13486978006720782,-1.2100861944637642,-0.05123347439038195,-1.8204127931684706,0.0,0.0,0.0,3.2299485680839304,1.0,27.996688842773438,-20.770591735839844,1.6100000143051147
10.340093612670898,0.1868860582052982,0.9442091816767044,-0.22010530556455962,-0.1615000113795719,-0.18422926484176727,0.9537742297000289,-0.13666091681732173,-0.201559437304936,-0.17610311129586304,-0.3963775144711951,-0.39637751447119507,-0.3047701855852005,-0.21198964422267508,-0.44739369470646034,-0.3167631926682963,0.6364698614827686,0.19959605887714965,-0.3188950631194423,-1.101843778848933,-1.7956644613406396,1.9101505019088527,0.0,0.0,0.0,3.483330370365867,1.0,28.130271911621094,-20.861371994018555,1.6100000143051147
10.360102891921997,0.12997365626001015,0.9436075017546438,-0.2226100462863284,-0.16471028056185416,-0.18143917273288568,0.9317123397970787,-0.19849860722445464,-0.20637325078122878,-0.22342895998905934,-0.40239599286970695,-0.40239599286970695,-0.2967784778625344,-0.32066870710638506,-0.49298969087937217,-0.38938289340989607,0.8137461734539424,0.18698193650144812,-0.24249639392263375,-2.8657725535672527,-1.8478248409893347,0.3993029961801524,0.0,0.0,0.0,3.674916244098444,1.0,28.24159049987793,-20.961231231689453,1.6100000143051147
10.380091190338135,0.3180203576256365,0.9430271968162144,-0.22498835424208485,-0.16788464088410343,-0.17859085608061367,0.9451905204692361,-0.1533871599662059,-0.06874058049379504,-0.2799321199254777,-0.40824731226973077,-0.40824731226973066,-0.2886765179652494,-0.260480010062609,-0.2175334643357084,-0.547265249770146,0.7057249992461376,0.299066883114941,-0.32339646295300783,-0.7683307877283294,-0.03085130417853965,-0.8157488748774964,0.0,0.0,0.0,3.2562908459628463,1.0,28.24159049987793,-20.961231231689453,1.6100000143051147
10.400096654891968,0.3277420986923786,0.9424683016074744,-0.22724452045117918,-0.171027454606041,-0.17567879257615285,0.9451905204692361,-0.1533871599662059,-0.06874058049379504,-0.2799321199254777,-0.41394034354575954,-0.41394034354575965,-0.2804521206645058,-0.260480010062609,-0.2175334643357084,-0.547265249770146,0.7057249992461376,0.299066883114941,-0.32339646295300783,-0.702367073614917,0.007763295386530977,-0.8742084587780803,0.0,0.0,0.0,3.2562908459628463,1.0,28.24159049987793,-20.961231231689453,1.6100000143051147
10.420094728469849,0.32434471061957676,0.9419326069221071,-0.22937550298206472,-0.17413310140418475,-0.17270641460006028,0.95034139027429,-0.07797776468623627,-0.20552072488270468,-0.2202996636169816,-0.41946570250674053,-0.4194657025067406,-0.2721185852170458,-0.06374037501572263,-0.4389471412864309,-0.4413526527409758,0.6161450529188327,0.3093726897256449,-0.4116786773605926,0.48345881571269134,-2.5407880484125416,1.4504252563089972,0.0,0.0,0.0,3.405016655333856,1.0,28.364042282104492,-21.052011489868164,1.6100000143051147
10.440115451812744,0.11503696463765703,0.9414203638262123,-0.2313842791142082,-0.177204433301392,-0.16966909786538298,0.9533302204659805,-0.20833881590352718,-0.12658059268042637,-0.17813978244870876,-0.4248292851941393,-0.4248292851941393,-0.26366660471405323,-0.3801888295374899,-0.3210605249096277,-0.3071664485513877,0.7282413211819379,0.2473405809171085,-0.3637863129235833,-2.222133961063902,-0.11138817059927797,1.1834743926908533,0.0,0.0,0.0,3.495353871629185,1.0,28.486492156982422,-21.151870727539062,1.6100000143051147
10.461010217666626,0.16457973604720713,0.940912474226458,-0.23334779705751138,-0.18036753028496802,-0.16643339650548797,0.9552466205153095,-0.15677509115475075,-0.16563723633708544,-0.18838728918404266,-0.43024540129181005,-0.4302454012918101,-0.25473298700256575,-0.2587092050905503,-0.38495527936057666,-0.33873693862736115,0.5411030289860466,0.19994389245280392,-0.2612209715501502,-0.5283233582596361,-0.8282118923500406,0.8869426338395846,0.0,0.0,0.0,3.4537437847604266,1.0,28.620075225830078,-21.22449493408203,1.600000023841858
10.480125427246094,0.2856411434772663,0.9404725996017228,-0.23502525662015922,-0.1832216289007984,-0.1634143593811268,0.9543603962827386,-0.18826155638622202,-0.063128668044686,-0.22308875288771374,-0.4350357776425343,-0.4350357776425343,-0.24646271963718067,-0.34513270850481537,-0.20594580854968889,-0.42324816130626886,0.41727041038335705,0.2692229276742316,-0.27778802482680487,-0.11303133050784075,0.7995449704310122,-0.3590363848156679,0.0,0.0,0.0,3.359360178043522,1.0,28.620075225830078,-21.22449493408203,1.600000023841858
10.50033688545227,0.2587784971994535,0.9400340593291753,-0.2366756267517802,-0.18619640076472851,-0.16016090454610063,0.9531512361772873,-0.2575942151350113,-0.05998206240144763,-0.1467995009962749,-0.43992795576128413,-0.4399279557612842,-0.2376202721564336,-0.5031910110114933,-0.19113501063141256,-0.2563584529095309,0.7897036452523784,0.28035193549658544,-0.4645217979185467,-3.1354728240650327,1.4306083890380221,1.4759713881368954,0.0,0.0,0.0,3.603922554793978,1.0,28.742525100708008,-21.32435417175293,1.600000023841858
10.52012825012207,0.24608630750456595,0.9396318340862171,-0.2381691836603685,-0.18906467479860384,-0.15691400533293312,0.9283800470774931,-0.2189666504746625,-0.13814728605764848,-0.2666072420681874,-0.4445443215483025,-0.4445443215483026,-0.22886752976156213,-0.3670263246758909,-0.3825232696838517,-0.4874541352127539,0.37742145895632445,0.25373233741325624,-0.3267062582062098,-0.6278408340414448,-0.6833775721164148,-0.9598400152867326,0.0,0.0,0.0,3.5802786579783095,1.0,28.853845596313477,-21.41513442993164,1.600000023841858
10.540116786956787,0.2548069554680823,0.9392536094991868,-0.2395549665481963,-0.19191477685556335,-0.15357341394043675,0.9283800470774931,-0.2189666504746625,-0.13814728605764848,-0.2666072420681874,-0.4490299399519842,-0.44902993995198404,-0.21993661138318357,-0.3670263246758909,-0.3825232696838517,-0.4874541352127539,0.37742145895632445,0.25373233741325624,-0.3267062582062098,-0.5760267692952501,-0.6514317577087008,-1.0285027380088692,0.0,0.0,0.0,3.5802786579783095,1.0,28.853845596313477,-21.41513442993164,1.600000023841858
10.5601065158844,0.26359674449066606,0.9389041322837135,-0.2408180351352232,-0.1947161566477537,-0.15017097813660613,0.9283800470774931,-0.2189666504746625,-0.13814728605764848,-0.2666072420681874,-0.4533364096194446,-0.4533364096194446,-0.2109172816849088,-0.3670263246758909,-0.3825232696838517,-0.4874541352127539,0.37742145895632445,0.25373233741325624,-0.3267062582062098,-0.526706030450419,-0.6200865331434569,-1.0985927301599943,0.0,0.0,0.0,3.5802786579783095,1.0,28.853845596313477,-21.41513442993164,1.600000023841858
10.580097436904907,0.26736254091198475,0.9385839595064533,-0.24195892988451298,-0.19746687124996884,-0.14670672092674578,0.9642366951336809,-0.22559508688340615,-0.07013735407534888,-0.1201465941883262,-0.4574619775375964,-0.4574619775375964,-0.20181312917496663,-0.43997313137709587,-0.19061926920594788,-0.20518127165937597,0.34382944734318077,0.34052920791302754,-0.40303788397174556,-0.6752957927221027,1.209898806945561,1.634454352018619,0.0,0.0,0.0,3.4978867433593477,1.0,28.976295471191406,-21.48775863647461,1.600000023841858
10.600092887878418,0.1542857081260731,0.9382935306790761,-0.24297843455830104,-0.20016540633119945,-0.14318009894415173,0.9187018372752662,-0.2517501743934453,-0.2735774297184999,-0.133282308760537,-0.4614056054394217,-0.4614056054394219,-0.19262623722920166,-0.49397819765942014,-0.6062379584399803,-0.13075363132079218,0.8750265208443546,0.22144577562038104,-0.4062781245475088,-4.0,-2.268637457428432,2.0763851291767152,1.0,0.0,0.0,4.302822856952255,1.0,29.087614059448242,-21.569461822509766,1.600000023841858
10.620091676712036,0.22522496182234603,0.9380332890720291,-0.2438771433825772,-0.20280960227863937,-0.13959137778475006,0.944540278766789,-0.19614489941047905,-0.14249853678800598,-0.22150622392087874,-0.465165373228997,-0.4651653732289968,-0.18336077974509163,-0.3352101728713983,-0.3640758239351783,-0.398431014009381,0.3888665074400207,0.26494207277489384,-0.4142054438674423,-0.12759879056404855,-0.43470231620922617,0.03765245869884426,0.0,0.0,0.0,3.533030100329023,1.0,29.198932647705078,-21.65116310119629,1.600000023841858
10.640105962753296,0.19332110537168393,0.9378034555828914,-0.24465623828435437,-0.20539900570699823,-0.13593841333454587,0.9618796772911912,-0.15393652982894457,-0.19396837538029904,-0.1160486990480461,-0.4687418004035395,-0.46874180040353963,-0.17401472510810181,-0.27876652343144026,-0.42122287844544254,-0.18016885509963662,0.5339244750810267,0.2666940574305601,-0.33417507960468684,-0.3669741378042988,-0.902800908277846,2.0919540997062187,0.0,0.0,0.0,3.5780851555640276,1.0,29.310251235961914,-21.732866287231445,1.590000033378601
10.660091876983643,0.15977892419033654,0.9376047677201347,-0.24531500837458528,-0.20792600500711053,-0.13222943188425487,0.9592044499607427,-0.1779889857138145,-0.1972416710953904,-0.09665643963841322,-0.4721257990105473,-0.4721257990105476,-0.16461236256324194,-0.3395093825728028,-0.4255235950492939,-0.12683298270684615,0.8662310053857408,0.3876907851046846,-0.33825787627400206,-2.216120835393017,-1.2641046360888804,2.3047779911994146,0.0,0.0,0.0,3.659624867906731,1.0,29.432703018188477,-21.8145694732666,1.590000033378601
10.680095434188843,0.17261327676607396,0.9374369342955707,-0.2458560211483843,-0.21039446447910795,-0.1284561419323981,0.9096830233204427,-0.2715427501702056,-0.24354281060548102,-0.19856543333360718,-0.475323956623822,-0.47532395662382204,-0.1551358638725262,-0.49619788321028463,-0.5834800307762674,-0.2779631987440062,0.37640301070457427,0.26209362020755267,-0.5613607884248627,-1.9138251721266015,-2.0653930113685366,0.9145866610060314,0.0,0.0,0.0,4.282583533921392,1.0,29.432703018188477,-21.8145694732666,1.590000033378601
10.70011019706726,0.17685013879558412,0.9373001957050355,-0.24627987341225152,-0.2128014476687732,-0.12461986580566438,0.9096830233204427,-0.2715427501702056,-0.24354281060548102,-0.19856543333360718,-0.47833355484314777,-0.47833355484314777,-0.14559193078985308,-0.49619788321028463,-0.5834800307762674,-0.2779631987440062,0.37640301070457427,0.26209362020755267,-0.5613607884248627,-1.8771263178863953,-2.0434526500204653,0.8343263335842803,0.0,0.0,0.0,4.282583533921392,1.0,29.432703018188477,-21.8145694732666,1.590000033378601
10.720095157623291,0.31450665364872904,0.9371948363170075,-0.24658695366279904,-0.21514009897952902,-0.12072883199599355,0.9331452651937279,-0.2845109125441403,-0.08629546763057641,-0.20210528680924747,-0.48114749044776417,-0.48114749044776434,-0.13600401624885433,-0.5423559555570853,-0.2796869048369442,-0.3483498967891852,0.012465937145987885,0.3550490441093395,-0.5207476272993797,-0.11942593755158842,0.6676726480276318,-0.25070674376520286,0.0,0.0,0.0,3.8303089475612073,1.0,29.53289031982422,-21.896270751953125,1.590000033378601
10.740089178085327,0.0670300926758342,0.9371205797981204,-0.24677919863084607,-0.2174130529158631,-0.11677589847120107,0.9291075887409092,-0.2721744969677015,-0.22938159466357086,-0.10032056506035808,-0.48377040759697093,-0.4837704075969709,-0.12635740078626434,-0.5519298031460399,-0.5016236116057394,-0.07026005626995296,0.8530690755045351,0.1753017713814875,-0.5038045452869371,-4.0,-0.81984114268843,2.253562684282694,1.0,0.0,0.0,4.232076188063308,1.0,29.644208908081055,-21.97797393798828,1.590000033378601
10.760096788406372,0.09766495105150597,0.9370773696243933,-0.2468576798384519,-0.21961869389266994,-0.11276044756687695,0.9321203762295657,-0.2536807783477259,-0.24771378859422113,-0.0737261544829412,-0.4862015240690406,-0.4862015240690405,-0.11665366686453624,-0.5278067633359308,-0.5226798269844591,-0.013575787532812996,0.472675430023603,0.25600643120512845,-0.4978966002566648,-2.2778641002799844,-1.3642384286355402,2.8207105971149407,0.0,0.0,0.0,4.235637391572926,1.0,29.75552749633789,-22.041519165039062,1.5800000429153442
10.780095100402832,0.22781879903514618,0.9370651040552046,-0.24682355481603993,-0.2217524609590125,-0.10868748597977577,0.9501847031339283,-0.15287989641059432,-0.2643672843799838,-0.06234345317134042,-0.48843702434769204,-0.4884370243476924,-0.10690777916677527,-0.3066367801374137,-0.5485583223006071,-0.044129769714638174,0.03761663563116038,0.20510628923026075,-0.5886292975289089,1.3767524329206409,-1.5363303908071546,3.8785950264041498,0.0,0.0,0.0,3.9096350817779917,1.0,29.855714797973633,-22.114145278930664,1.5800000429153442
10.800100088119507,0.2997367418452,0.9370835386835397,-0.24667816120306982,-0.2238140592213583,-0.10455425963902984,0.9281848780141055,-0.16070764868856824,-0.2499464422862021,-0.2239925442227977,-0.4904778376340156,-0.49047783763401553,-0.09711586270975665,-0.222580566862299,-0.5656771972776404,-0.40865727931883455,0.9359127840372513,0.2601597295807553,-0.5989895825569839,-1.6963278926769818,-2.3392643396792536,0.6526314168555469,0.0,0.0,0.0,3.86493833085133,1.0,29.96703338623047,-22.19584846496582,1.5800000429153442
10.820322275161743,0.362291494201772,0.9371330843793486,-0.24641952122797103,-0.22582190784699444,-0.10031683635247811,0.9210035493707052,-0.14433209857980808,-0.2685363639234701,-0.24250552285849722,-0.49234131511261386,-0.49234131511261386,-0.08717814768152554,-0.16506759687342024,-0.6000073634290367,-0.46375681323392476,0.8659061862327446,0.3425368582486434,-0.6062377028032048,-1.07324053834918,-3.1491611862577704,0.399180133059446,0.0,0.0,0.0,3.9090263276324286,1.0,29.96703338623047,-22.19584846496582,1.5800000429153442
10.84010624885559,0.09918706669662332,0.9372112766411057,-0.24605927402510275,-0.22771019425812966,-0.09611411984673932,0.9234987403785178,-0.2519780988436468,-0.2565296304030379,-0.133602630766438,-0.49396958334877145,-0.4939695833487716,-0.07742125500301013,-0.49147240328291614,-0.5717915087267916,-0.14016528677904005,0.36539186970814197,0.20972594612520495,-0.6067341572146178,-1.5246619731884192,-1.6146617441166917,1.81275441394344,0.0,0.0,0.0,4.281727860729294,1.0,30.056087493896484,-22.259395599365234,1.5800000429153442
10.860098123550415,0.3142775292936032,0.9373197320039827,-0.24558901875163688,-0.22953993716212287,-0.09181051743781193,0.9438780730408902,-0.13561179153589323,-0.22212223889253094,-0.2033847000597899,-0.49541856590482614,-0.4954185659048261,-0.06753106364337455,-0.18930926743478269,-0.4943679233520221,-0.3765603099114617,0.016833801347612587,0.29400543873007295,-0.5704588363110512,2.5523894999012997,-1.7568278353515092,0.6707133915497614,0.0,0.0,0.0,3.687615544167746,1.0,30.145143508911133,-22.332019805908203,1.5700000524520874
10.880083084106445,0.2004883673176389,0.937457251261739,-0.24501374529821898,-0.23128832439449645,-0.08745214503092882,0.9534742908389492,-0.2551879713994485,-0.13293147326400714,-0.08997277020331113,-0.4966691502514043,-0.4966691502514044,-0.057617316741999776,-0.5063152648852066,-0.3040778124074012,-0.10893123188678622,0.8112041392680929,0.30538797547890095,-0.5336157740949277,-3.1733965250078926,0.7020894507189097,1.5861788152662104,0.0,0.0,0.0,3.8151306543511567,1.0,30.245330810546875,-22.38648796081543,1.5700000524520874
10.900083780288696,0.2350350329606639,0.9376234707504352,-0.24433432598768925,-0.23295532144853123,-0.08303482673469492,0.9523124848386819,-0.15392775937261927,-0.21375215990711968,-0.15400386439937638,-0.4977221224347516,-0.49772212243475167,-0.04767272636472691,-0.2580806707367214,-0.4718429606937499,-0.25828676094741554,0.022804564344451342,0.23034700716859793,-0.4444743535772309,2.0384516485891155,-0.9897849607909268,0.7988206859801685,0.0,0.0,0.0,3.6858486710606564,1.0,30.33438491821289,-22.4591121673584,1.5700000524520874
10.920103073120117,0.2599298287880897,0.937817891798663,-0.24355203724215563,-0.2345390027713199,-0.07855866060811881,0.9590208286707647,-0.15856230497514237,-0.17649202509284118,-0.15487934237734172,-0.49857669972186414,-0.4985766997218641,-0.03769979435559565,-0.27403493273243185,-0.39806472445022617,-0.264622025788902,0.29429314149491864,0.1961526621867527,-0.44170582637564515,0.9694110224533612,-0.10169719193546523,0.48455772203347736,0.0,0.0,0.0,3.576535929245926,1.0,30.434572219848633,-22.513580322265625,1.5700000524520874
10.940180778503418,0.2624142886149064,0.938040409057164,-0.24266642484137127,-0.23604008310643973,-0.07401537946724644,0.9151025914075878,-0.25876806857412915,-0.23406996842786115,-0.202083111035317,-0.49923308592111176,-0.4992330859211117,-0.027682592394570146,-0.46443529392562527,-0.5621202343579312,-0.29835045439441016,0.6715556535214929,0.11973557266620373,-0.4444223513702032,-2.492128491848878,-1.1479856204957064,-0.7444940464197567,0.0,0.0,0.0,4.195474413101904,1.0,30.434572219848633,-22.513580322265625,1.5700000524520874
10.960093259811401,0.16575728207752016,0.9382876278966404,-0.2416898671476807,-0.23744063674150923,-0.06945703332290279,0.9278801933366739,-0.30845163196948566,-0.19182696252110054,-0.08425172994535872,-0.4996853071834643,-0.4996853071834643,-0.017736791845395432,-0.6329850764449407,-0.4202186008549919,-0.0416465972774666,0.7370729687769159,0.16867556711403986,-0.5838972189983657,-4.0,0.153076614701954,1.5059714931915313,1.0,0.0,0.0,4.32358829682127,1.0,30.512495040893555,-22.586204528808594,1.559999942779541
10.980131387710571,0.31812367178351353,0.9385623308898933,-0.24061014716317788,-0.23875949717634434,-0.0648182892765887,0.8983301094774762,-0.28545184015588254,-0.2593276599939032,-0.21040300881853577,-0.4999403803958973,-0.49994038039589717,-0.007721143024554314,-0.5215956443254073,-0.6261673384035413,-0.2877730954796333,-0.01868836728851786,0.30270259519289133,-0.5335998722435442,-0.2920557969264733,-2.4314689159021996,-0.765712288426946,0.0,0.0,0.0,4.526267640615525,1.0,30.601551055908203,-22.64067268371582,1.559999942779541
11.000537633895874,0.09218744398447713,0.9388679823958545,-0.2394124426594204,-0.24000732210494718,-0.06004231231222954,0.9280729032135385,-0.2318786354273966,-0.2816216202187799,-0.07484816483035321,-0.4999938413109413,-0.4999938413109412,0.002481662976554853,-0.4866199540943287,-0.5913016798661384,-0.010027721794221166,0.4252387555927234,0.10048598040454464,-0.553758955324571,-1.5900816533648923,-1.3151095752013116,2.159480766557518,0.0,0.0,0.0,4.332864408027734,1.0,30.679473876953125,-22.686063766479492,1.559999942779541
11.020098447799683,0.21211259431637935,0.9391846877807717,-0.23817316303454822,-0.2411114182658433,-0.055416158564866834,0.9248828842865241,-0.3003573178239436,-0.19567457512960362,-0.12684081610938858,-0.4998496489269397,-0.49984964892693967,0.012260851015126476,-0.5978351407517994,-0.4535365298764657,-0.13062008679453938,0.4697345896881596,0.18257103104525602,-0.6292649454192685,-2.7203278786021654,-0.21708753245324508,0.6432869394971208,0.0,0.0,0.0,4.273223333477966,1.0,30.757396697998047,-22.74053192138672,1.559999942779541
11.040109395980835,0.250372273154398,0.9395318352960266,-0.23681481990452138,-0.242145919560898,-0.050636204230532146,0.8944631623502434,-0.26739596536435906,-0.3453650270779451,-0.09569768532579488,-0.49950423797791105,-0.499504237977911,0.022260194116548494,-0.5879509807690456,-0.7328772684842673,0.018167531074716362,-0.13527151722712602,0.07054278000055504,-0.6136908172023361,-0.133315119460806,-2.622442043603278,1.9031615129390609,0.0,0.0,0.0,5.151799831025831,1.0,30.846452713012695,-22.804079055786133,1.5499999523162842
11.060109615325928,0.17702253526151435,0.9399012863540691,-0.2353675633888639,-0.2430821012513596,-0.04581237895568438,0.9369196734685803,-0.29666656644568035,-0.18334055669145038,-0.023594789529232392,-0.4989591591848037,-0.49895915918480377,0.03224527043759592,-0.6261029125514725,-0.36564348954734033,0.0691949460252081,0.4937492666891779,0.13048210036052924,-0.5670967465919584,-3.194608723334624,0.747350216570635,2.1040636635354755,0.0,0.0,0.0,4.204730919759876,1.0,30.924375534057617,-22.849468231201172,1.5499999523162842
11.080109119415283,0.15396052630214152,0.940292257179791,-0.23383264269629223,-0.24391877873226936,-0.04094381124370544,0.9357133103953476,-0.2922395624097258,-0.19539745223752752,-0.029265586798072226,-0.4982145291993656,-0.49821452919936576,0.042217092446713525,-0.6182509946663062,-0.39280048876584533,0.06438167692692466,0.243140712435924,0.17776596909263814,-0.5050743400955009,-2.109606285961309,0.2815258933045043,1.724318359653802,0.0,0.0,0.0,4.213202984939036,1.0,30.991167068481445,-22.894859313964844,1.5499999523162842
11.100164890289307,0.2952687418456971,0.9407049659783926,-0.2322072470067255,-0.24465621229816378,-0.036018039994762954,0.9381592615145371,-0.27028258142761563,-0.1572757162775854,-0.14855596682966107,-0.4972676935875458,-0.49726769358754563,0.05220000875596351,-0.5198367244418236,-0.3848320979272926,-0.21055942546972395,-0.14211938195580476,0.11667756922892873,-0.6417633609792767,0.45390932629284797,0.6696041404495936,-0.14419514496523655,0.0,0.0,0.0,3.942989676252143,1.0,30.991167068481445,-22.894859313964844,1.5499999523162842
11.120130777359009,0.2271092566786498,0.9411353456036304,-0.2305053737757943,-0.24528762394414785,-0.03107274458188028,0.9263297263790468,-0.32141491934996325,-0.1865171091198273,-0.061782324748746,-0.4961264320804133,-0.49612643208041335,0.06211733567337706,-0.6691385874873195,-0.3954984484192334,0.005892023532538758,0.1472608513303137,0.016781828431571624,-0.5746382140947889,-2.181285810089748,0.8813818753675167,0.9943962867284828,0.0,0.0,0.0,4.374308504990567,1.0,31.057958602905273,-22.940248489379883,1.5499999523162842
11.14013671875,0.2962779163937249,0.9415850902471465,-0.22871821624360555,-0.24581588839730328,-0.026077660824174377,0.9503362593730681,-0.23803610578882184,-0.14741934224997447,-0.13589460619274948,-0.4947845182614595,-0.4947845182614594,0.07202971948283195,-0.4548383182242352,-0.35212323094318465,-0.2017715418748344,0.32833427748564514,0.139568860784082,-0.6084184337454399,-0.8575637565878578,0.8402395589132493,-0.125713389241219,0.0,0.0,0.0,3.7425787115293945,1.0,31.12474822998047,-22.985639572143555,1.5499999523162842
11.160107135772705,0.1425566643024459,0.9420514549494159,-0.22685446272813736,-0.246237404604909,-0.021053492381433142,0.935098725828606,-0.2713257742596143,-0.2175187980310682,-0.06825151777988181,-0.4932474892404096,-0.4932474892404095,0.08189575299142217,-0.5622955571683631,-0.45987923681750303,-0.01072092471813695,-0.18332132600195805,0.19627601659924226,-0.6578690053916384,0.10838580161515532,-0.4736725292308963,1.3899801791181567,0.0,0.0,0.0,4.144570505243264,1.0,31.191539764404297,-23.02195167541504,1.5499999523162842
11.18008041381836,0.353893591636782,0.9425342232472076,-0.2249127029377912,-0.2465517197473085,-0.015992609375727336,0.8708455010041264,-0.34546113886612834,-0.3493499693129695,0.015469772306560504,-0.49151348855774235,-0.49151348855774235,0.09173053235318128,-0.8695324398235631,-0.6407181193181911,0.34128605285765257,0.22206751938523797,0.04847382709383441,-0.5704985005358204,-3.6711870229840606,-2.3051287625629597,2.72013579664429,0.0,0.0,0.0,6.0631533814159715,1.0,31.258331298828125,-23.04918670654297,1.5499999523162842
11.200088739395142,0.19331320120306622,0.9430331311428474,-0.22289157892733544,-0.24675755720119083,-0.010888782039225227,0.920822478010871,-0.29298394679334316,-0.24664507930043295,-0.07357020978763912,-0.4895798553835795,-0.4895798553835796,0.10154587732937943,-0.6188694094587193,-0.5205328066008054,0.010415549813408776,0.12974431791245086,-0.022168870457579537,-0.6123381302103581,-1.6306103105110838,-0.2829748783238997,0.915884483142402,0.0,0.0,0.0,4.442856439002293,1.0,31.31399154663086,-23.085500717163086,1.5399999618530273
11.220106363296509,0.09752508446232606,0.9435464840730999,-0.22079544508980564,-0.24685286014771113,-0.0057505876030673475,0.9291776285169282,-0.22508575160655822,-0.2930140765174615,-0.01039663647471825,-0.4874491986145824,-0.48744919861458225,0.11132510395234979,-0.5158129488799528,-0.5814120521724216,0.13513336732705866,-0.020229005072152056,0.09497157229038672,-0.4494920441872575,-0.045868882784975834,-1.3419543120087956,1.8913025655363405,0.0,0.0,0.0,4.304524975542788,1.0,31.358518600463867,-23.12181282043457,1.5399999618530273
11.2400963306427,0.22492629175191006,0.944072204011601,-0.21863028239134702,-0.24683623196949395,-0.000589763732487196,0.9121189960519541,-0.2070274223700863,-0.35374792236361724,0.006402409811737903,-0.48512657281603794,-0.4851265728160379,0.12104630662587572,-0.5222807838843617,-0.6979774653097094,0.2079190141698991,0.002755463000136252,-0.044138118710851715,-0.5816452631420752,0.032558634900974645,-1.9694016592888568,2.9829892756694587,0.0,0.0,0.0,4.703844330058005,1.0,31.4141788482666,-23.158124923706055,1.5399999618530273
11.260164737701416,0.29578362583636436,0.9446120073781366,-0.21638635124239763,-0.24670583380488842,0.0046188829476127985,0.9299707113377516,-0.2605825449514722,-0.22233943974145448,-0.13347803885293816,-0.48259984242258835,-0.48259984242258824,0.13075699634701352,-0.5072317936604843,-0.5041946114502998,-0.15178272503414722,0.2234531190458877,-0.015840111449611824,-0.5247488032711163,-1.1130056995631823,-0.15027417041156343,-0.8321327470449069,0.0,0.0,0.0,4.070885306103518,1.0,31.469837188720703,-23.176280975341797,1.5399999618530273
11.280101299285889,0.34591707943658867,0.9451590737369978,-0.21408945453977496,-0.24646223247226184,0.009818286626015298,0.9049282166474649,-0.2339434895762543,-0.3287413558219348,-0.13529407737399304,-0.4798972647422691,-0.4798972647422691,0.1403517555746576,-0.46038137528746664,-0.7185275947242692,-0.12124795534377811,-0.12376809293868388,-0.051788300562646994,-0.5067459290966976,0.6789590435980847,-2.1717309243101734,-0.4537652160261998,0.0,0.0,0.0,4.606094762740693,1.0,31.525497436523438,-23.203514099121094,1.5399999618530273
11.30014419555664,0.2410807759044869,0.9457187957326844,-0.2117143029833059,-0.24610153911003013,0.01506803762566708,0.904222794831988,-0.236446875528788,-0.3531616487690177,0.04184330529070924,-0.4769880090187298,-0.4769880090187298,0.14994145274855833,-0.6211960989734477,-0.6673239099006922,0.3140955494786402,-0.0001549389331351736,0.043346815688800916,-0.5790088669159963,-0.7424123333128666,-2.2966863001367717,3.1665668580372968,0.0,0.0,0.0,4.848797178545212,1.0,31.55889320373535,-23.239826202392578,1.5399999618530273
11.320239782333374,0.16618906720452417,0.9462886642493825,-0.209268500620342,-0.24562219762302448,0.020351771325097003,0.966747667131721,-0.1487958131493886,-0.2017856779583943,0.05041125127844637,-0.4738787419269351,-0.4738787419269349,0.15949588693676495,-0.3387529220071314,-0.3845582647715812,0.1707593076578919,0.18444518065435714,-0.07707260710554048,-0.5047154133505295,0.3268316205502414,1.3888587383023219,2.6930296501029143,0.0,0.0,0.0,3.529382876818939,1.0,31.60342025756836,-23.248905181884766,1.5399999618530273
11.340084075927734,0.2351277744220167,0.9468588309579137,-0.20679198778817218,-0.24503214414451915,0.025586644163887576,0.9083206058965771,-0.27905043067835894,-0.31035680719733527,-0.027625826108436054,-0.4706205637363907,-0.47062056373639083,0.16886765524647335,-0.6445536748019787,-0.617777600001915,0.1514977151822402,-0.22446210593757399,-0.05742245447573538,-0.6246057229724,-0.3357063029175231,-1.4532922136573196,1.4265097356350962,0.0,0.0,0.0,4.702693904540282,1.0,31.636816024780273,-23.267061233520508,1.5499999523162842
11.360098600387573,0.3445690155061073,0.9474402638733088,-0.20423453329861818,-0.24431857041331245,0.030881028984894976,0.9226566713539772,-0.33646719898237704,-0.18016216098095245,-0.05510069478351274,-0.4671467258372118,-0.46714672583721184,0.17825245170704607,-0.7034033901802201,-0.37850832601250295,0.021050750164519693,0.05988839032010189,-0.013221883413353813,-0.5508464954656631,-2.4659235858047697,0.714594645252385,-0.318755106073616,0.0,0.0,0.0,4.3091853045640915,1.0,31.68134307861328,-23.28521728515625,1.5499999523162842
11.38011384010315,0.20471678609002134,0.9480270309085086,-0.20161902803884266,-0.24348507908915204,0.03618746275188853,0.9422288178747541,-0.1630380227733139,-0.288846736929891,-0.04680833752085208,-0.4634856298359813,-0.46348562983598124,0.1875661774828919,-0.34488274430302773,-0.5938819785140506,0.007212726134154679,0.0701556830594526,-0.060386484392096346,-0.5350789898122333,0.8645086296035581,-0.9535188634368549,0.9416606190537582,0.0,0.0,0.0,3.8993428208645224,1.0,31.72587013244629,-23.294294357299805,1.5499999523162842
11.40009331703186,0.21239804603546478,0.9486169740545622,-0.1989523764569772,-0.2425326574233773,0.04149335514081613,0.9369045171185035,-0.29071602702967403,-0.1919292611249809,0.029279278595011456,-0.45964590113111464,-0.45964590113111475,0.19678832682190642,-0.6332947249139765,-0.349698820746695,0.1781217296591927,-0.226567813552278,-0.0639248116546957,-0.5204231749415477,-0.8640521443381883,1.0341989680300527,1.2132159162230072,0.0,0.0,0.0,4.003351823675912,1.0,31.737003326416016,-23.312450408935547,1.5499999523162842
11.420214414596558,0.22178950551428084,0.9492142946079438,-0.19621245524197714,-0.24145111219829338,0.046842883537051586,0.9420496785748369,-0.2745227010808373,-0.19232008073791093,-0.013880786479558305,-0.4555935285302779,-0.45559352853027785,0.2059964484192165,-0.5835442117789634,-0.3789781527053302,0.08561151984850404,0.10139191320625629,-0.0830190435776123,-0.628267655524457,-1.673140316619256,0.9185352693206487,0.7960230102553796,0.0,0.0,0.0,3.910376609045664,1.0,31.737003326416016,-23.312450408935547,1.5499999523162842
11.440087080001831,0.3485616440963447,0.9498063556428393,-0.1934547584408827,-0.24026169501503655,0.05212927321140444,0.9090203939400009,-0.28531871796505215,-0.29310217362181273,-0.07978889896541687,-0.4514101402977709,-0.4514101402977707,0.2150090352435145,-0.6169427986250603,-0.6167686915460492,0.027212127662447978,0.10382274948562442,-0.23068197082568875,-0.526047870455925,-1.6291668296059352,-0.8832026423815331,-0.5962030065528849,0.0,0.0,0.0,4.541093043341926,1.0,31.77039909362793,-23.330608367919922,1.5499999523162842
11.460092782974243,0.1487472416807439,0.950403488629525,-0.1906287406328327,-0.23894202296634248,0.05745086340796355,0.9361029512272113,-0.17583406881334007,-0.3034467168974379,0.026715818393172025,-0.447018689810387,-0.44701868981038695,0.22399618514654437,-0.429571159992729,-0.5928411873999635,0.1901211698149943,-0.2096532772014805,-0.08901408282455697,-0.669296408962245,1.2863042781459757,-1.038573703423838,2.4260336678166037,0.0,0.0,0.0,3.9921308459501303,1.0,31.803794860839844,-23.330608367919922,1.5499999523162842
11.480108499526978,0.29040635233495843,0.9510010398002887,-0.18775317270792524,-0.2374983735059964,0.0627717374212626,0.9336371470882225,-0.3007924957518751,-0.19394892446692305,-0.015144859670746654,-0.4424460037042623,-0.4424460037042623,0.23289811894072457,-0.6417141064797458,-0.3803729200943224,0.09534596531582787,0.105029925921472,-0.14878195310420428,-0.60797983154482,-2.319904687722181,0.9064660529571802,0.27127921157541435,0.0,0.0,0.0,4.019505374762037,1.0,31.814926147460938,-23.330608367919922,1.559999942779541
11.500071287155151,0.19453795465584597,0.9515961640796071,-0.18483915631090822,-0.23593524559978032,0.0680719228979194,0.9178800275724937,-0.24516506435768107,-0.2943738382532786,0.1036068991623868,-0.43770885952133665,-0.43770885952133654,0.2416835830099572,-0.6262564327144703,-0.5116288279821357,0.3937639492022567,-0.09113023303455439,-0.182087314340283,-0.5155303831961372,-0.9963568858004631,-0.49371096423518346,2.7156975643781367,0.0,0.0,0.0,4.2204663437102,1.0,31.837190628051758,-23.330608367919922,1.559999942779541
11.520105600357056,0.23202403843196928,0.9521916284675319,-0.18187035169580829,-0.23424237172252638,0.07338112250571176,0.9150330161486068,-0.2820668422618346,-0.2704295829485391,0.10010352901221745,-0.4327793793479335,-0.43277937934793326,0.25040369168847665,-0.6874722116776666,-0.45385355818272444,0.38285845455661993,-0.22173866007617898,-0.12272838320280724,-0.6392562854836908,-1.228412781852658,-0.4221624381061695,2.7826793358312436,0.0,0.0,0.0,4.281959718724815,1.0,31.87058448791504,-23.330608367919922,1.559999942779541
11.540089130401611,0.14955439582228924,0.9527828849785235,-0.17886667809177378,-0.23242963585604784,0.07866352354325717,0.9451681222191461,-0.24584734304662692,-0.20669323592778177,0.05911185058302319,-0.4276893521908395,-0.4276893521908396,0.25900157918935546,-0.5523450565871506,-0.37004215353569303,0.23090896535669897,0.08307490004947088,-0.30366075649362245,-0.5587290160535484,-1.585503323954759,1.4943475645578737,1.4708926397007436,0.0,0.0,0.0,3.738961502204111,1.0,31.87058448791504,-23.330608367919922,1.559999942779541
11.560100078582764,0.11976113466561639,0.9533713721498361,-0.1758182972810251,-0.23048999663440906,0.08393637207915208,0.9369204577322482,-0.2272609420992376,-0.243359690929491,0.1063418116719103,-0.42242120221978025,-0.4224212022197802,0.2675076221628004,-0.5504257544995163,-0.41991480988508295,0.3462391076240796,-0.24163254590661679,-0.2688138894429588,-0.6651330086991394,-0.15387603410158224,0.7464557166686452,2.9234769841613346,0.0,0.0,0.0,3.7885326059634177,1.0,31.881717681884766,-23.330608367919922,1.5700000524520874
11.580151319503784,0.05322155418147015,0.9539566000467363,-0.17272486399070455,-0.2284215038713149,0.08919945714986507,0.950349102918916,-0.19826477407357665,-0.22204872746128834,0.09067538020646834,-0.41697278700272616,-0.41697278700272616,0.27592334968099236,-0.4691984292243184,-0.39639148350765696,0.28617371344186654,-0.26817127017345394,-0.13627492325523452,-0.6266035144211143,0.5548320607057128,0.6097417868605947,2.4023170920433827,0.0,0.0,0.0,3.5779436877997246,1.0,31.89284896850586,-23.330608367919922,1.5700000524520874
11.600095987319946,0.3138204108262732,0.954533494433468,-0.1696110087991014,-0.22623995419809334,0.09441078764224023,0.9015661945808771,-0.23064304228846033,-0.3587671332655999,0.0725832482137763,-0.4113870212898425,-0.41138702128984245,0.2841843041307361,-0.6342079720864106,-0.6603875859250394,0.38468846531691175,0.07209933715535716,-0.25984218642859463,-0.6441084991654764,-1.2842113582218366,-1.919615737696936,2.4331490183923004,0.0,0.0,0.0,4.621305461555968,1.0,31.903980255126953,-23.312450408935547,1.5700000524520874
11.620112895965576,0.13273797145278163,0.9551064644089892,-0.16645066457985314,-0.22392623582996773,0.09961354733221409,0.9496886022147425,-0.11916927536885183,-0.2698169026818742,0.10530470862516789,-0.4056164960709944,-0.4056164960709945,0.292361519552572,-0.3302703630756377,-0.5090934990460042,0.30753332846183434,-0.23097105007905455,-0.31696726988256685,-0.5293960622089745,1.8749619104673636,0.48013888808722505,2.6016129072231786,0.0,0.0,0.0,3.5412542857897247,1.0,31.903980255126953,-23.303373336791992,1.5800000429153442
11.640613555908203,0.33459776680713976,0.9556862625034233,-0.16317918331697984,-0.2214277992312611,0.10490973034872265,0.9308332068249691,-0.2442719667198117,-0.2700822536746454,-0.030599405170759156,-0.3995380791298991,-0.39953807912989914,0.30061490868749413,-0.5377735066343501,-0.544221497046191,0.08775546416053244,-0.002416643206884228,-0.1743765641119752,-0.5840058462070882,-0.9192323284737505,-0.9549186085575104,-0.4022505014063831,0.0,0.0,0.0,3.979633698963242,1.0,31.903980255126953,-23.28521728515625,1.5800000429153442
11.660100221633911,0.12015396778870552,0.9562301143653498,-0.16003855132691797,-0.21893243187964817,0.10991005750737727,0.9558337168757421,-0.13883469424557385,-0.2510691027576819,0.06380547780319742,-0.39360461170203437,-0.3936046117020345,0.3083430064828626,-0.3420633288595474,-0.4805238893672067,0.21788964478266493,0.027393188198769153,-0.23677818428132064,-0.5144284021671384,0.5671924252373096,0.2298161425328984,1.372559584576992,0.0,0.0,0.0,3.4843856331783307,1.0,31.903980255126953,-23.28521728515625,1.590000033378601
11.680096626281738,0.13801825243111818,0.9567801726556685,-0.15678602544210923,-0.21625011866402633,0.11500317220342199,0.9427321930990097,-0.2129526337220274,-0.20729463310928556,0.15144676612483468,-0.3873605810683577,-0.38736058106835763,0.316151514679883,-0.5134615235055066,-0.3324339359269362,0.40659910232085167,-0.1809537214406909,-0.2987403000733375,-0.6078265244433374,-0.5732344103410395,1.2906624380699472,2.8899848898706826,0.0,0.0,0.0,3.53536802329974,1.0,31.903980255126953,-23.25798225402832,1.590000033378601
11.700083494186401,0.23109145722041496,0.9573212318385169,-0.1535065502016378,-0.21344646590192826,0.12005167350084535,0.9254543631265914,-0.23632188846404634,-0.2816217455352006,0.0915170980989275,-0.3809647553668415,-0.3809647553668415,0.3238299787979529,-0.5903724855830843,-0.49837764679385804,0.35158706210959184,-0.0697751188241475,-0.20787180339884562,-0.6380640152339694,-1.118849405408904,-0.8963103337393873,1.9382085960418203,0.0,0.0,0.0,3.9903544126430295,1.0,31.903980255126953,-23.239826202392578,1.590000033378601
11.720082998275757,0.08344765502596875,0.9578533039737789,-0.15019806015832549,-0.21051898101477046,0.12505738452284287,0.9679001109568713,-0.14219107636255798,-0.18384923817362464,0.09565840598458276,-0.37441256148101804,-0.374412561481018,0.33138381645038567,-0.33491605563300475,-0.3349181328958056,0.25415651059238864,-0.1556568832735192,-0.34379963969030186,-0.582674260132412,0.8632739635425795,1.8601267141489637,1.6959678865213925,0.0,0.0,0.0,3.252016636278207,1.0,31.89284896850586,-23.21259307861328,1.600000023841858
11.740097999572754,0.31109146777355423,0.9583758977043787,-0.1468615680084759,-0.2074677432786838,0.13001712979553265,0.9313256599681464,-0.2954109680956112,-0.18892844559131267,0.09834082295852956,-0.36770536441180357,-0.3677053644118037,0.338810810014649,-0.6617882093640127,-0.29820604683119173,0.31352041566667144,-0.15830509947800703,-0.3704508166877073,-0.5851491219910987,-2.2103279894831926,1.245594578004381,1.1329418107695157,0.0,0.0,0.0,3.851248161038836,1.0,31.881717681884766,-23.19443702697754,1.600000023841858
11.76011610031128,0.1827551691110946,0.9588881666806365,-0.1435006089196676,-0.20429533946414125,0.13492395381385766,0.9443247964387222,-0.12879198909499326,-0.2859274534813282,0.09954292401574082,-0.36084979666428585,-0.36084979666428585,0.34610319884009105,-0.3575952546315174,-0.5402799723807785,0.3100545067879412,-0.10039416928358831,-0.3191098061097673,-0.6061255143959978,1.0067041986348904,-0.41043979551820287,2.079655202474027,0.0,0.0,0.0,3.6203313353173314,1.0,31.87058448791504,-23.158124923706055,1.600000023841858
11.780096054077148,0.1377080469498297,0.959388614774001,-0.1401236283051134,-0.20100959646023556,0.13976407536819738,0.9434687285403032,-0.20300297792687194,-0.22380267601594722,0.13626779306742515,-0.35386310786652353,-0.3538631078665234,0.35324340176575864,-0.4976397048347999,-0.375756245832326,0.3834201395415708,-0.22122101150368828,-0.26392076996894237,-0.6312308347859379,-0.28847684137509266,0.3687699428734077,2.313427960353043,0.0,0.0,0.0,3.55793442284732,1.0,31.87058448791504,-23.158124923706055,1.600000023841858
11.800109386444092,0.25589557475426533,0.9598786079360943,-0.1367199616643375,-0.19759988055868963,0.14455101975551707,0.9185347092024582,-0.19262693927703597,-0.30274991771423465,0.1659256989713791,-0.34672313754052225,-0.34672313754052236,0.3602541684617348,-0.549140020466479,-0.5146716894070468,0.5054205032831719,-0.15084460856335674,-0.36573998910721206,-0.5967952742275707,-0.36343230687814243,-0.8222377644366401,2.9836270369835103,0.0,0.0,0.0,3.908405113019161,1.0,31.87058448791504,-23.130889892578125,1.6100000143051147
11.820120573043823,0.26368369273804537,0.9603568590708926,-0.1332969745803171,-0.19407316510681175,0.14927232291569617,0.9185347092024582,-0.19262693927703597,-0.30274991771423465,0.1659256989713791,-0.3394450853821867,-0.3394450853821866,0.36711991775151626,-0.549140020466479,-0.5146716894070468,0.5054205032831719,-0.15084460856335674,-0.36573998910721206,-0.5967952742275707,-0.3878664994471872,-0.9194700193439971,2.891341130457625,0.0,0.0,0.0,3.908405113019161,1.0,31.87058448791504,-23.130889892578125,1.6100000143051147
11.840092420578003,0.24698518295038688,0.9608221640601786,-0.12986241418973635,-0.19043767608589887,0.15391560661132084,0.9414130342601548,-0.14684427322157717,-0.29087709765286474,0.08699869199109281,-0.3320458140003913,-0.33204581400039124,0.3738255975783593,-0.3936056423658412,-0.5493353262042563,0.2965528505066946,-0.03367801086743799,-0.3982833558248809,-0.5946166093996572,0.32202470769761665,-0.6369549202579934,1.348495102882541,0.0,0.0,0.0,3.6931764113472263,1.0,31.859453201293945,-23.112733840942383,1.6100000143051147
11.86009669303894,0.3925586216580621,0.9612758865917725,-0.12640522837190085,-0.18668183070157598,0.15849379225495744,0.9337961620610578,-0.23488155894155827,-0.2691478879333832,0.020366526709803993,-0.32450176831382643,-0.32450176831382654,0.38039269493669253,-0.5431380532188409,-0.5156392540050756,0.19019793252063225,-0.267736473303952,-0.4224901596534334,-0.5433868311272352,-0.3069151618385144,-0.6911479835724834,-0.5914419370837822,0.0,0.0,0.0,3.9159112710600446,1.0,31.837190628051758,-23.067344665527344,1.6100000143051147
11.880101442337036,0.32871108234144913,0.9617169935551796,-0.12293213012461994,-0.18281287865274493,0.16299560450793454,0.9518997568337442,-0.18462094729853118,-0.24338546399133257,0.023779711440122576,-0.3168276863432374,-0.3168276863432375,0.38680772635301797,-0.4198293435548277,-0.4718968739743704,0.15231017761084537,-0.11726030010964675,-0.3924839833233307,-0.5576188111885403,-0.03516908517664874,-0.17441435266309013,-0.4918710953995449,0.0,0.0,0.0,3.597898926215479,1.0,31.814926147460938,-23.040109634399414,1.6100000143051147
11.900104999542236,0.12813230810597429,0.9621452064189937,-0.11944459673663685,-0.1788327956844584,0.1674169085339203,0.9466324751378493,-0.17068176495083132,-0.21388672362709749,0.17031488949508775,-0.3090272859042369,-0.3090272859042369,0.3930675979607847,-0.43587659382846233,-0.35416247953749747,0.43524433295089593,-0.08063111094697822,-0.4832565373779551,-0.6752557253869725,-0.5934783863906753,1.0383666699703884,2.7092126666785257,0.0,0.0,0.0,3.4399482866018007,1.0,31.803794860839844,-23.00379753112793,1.6200000047683716
11.920076847076416,0.2664290237410058,0.9625596965025605,-0.1159491200436109,-0.17474968231962607,0.17174743304981538,0.956337873908662,-0.2311718072186558,-0.13036509380410877,0.12240265026774036,-0.3011158921033487,-0.3011158921033487,0.3991606437548727,-0.5042271084683105,-0.19396808028089188,0.30470966137357086,-0.30531449498763436,-0.4149885959778347,-0.5727050950409371,-0.991343693678753,1.9824517766196186,0.8566163993431442,0.0,0.0,0.0,3.418561888304031,1.0,31.77039909362793,-22.9765625,1.6200000047683716
11.940107345581055,0.3061442115381541,0.9629621382586288,-0.11243094874385921,-0.17054671635718055,0.17600289652363374,0.938267736282177,-0.23825473674771724,-0.22423773579486894,0.11227543504607614,-0.2930606350969804,-0.2930606350969805,0.4051116687489444,-0.5643031643564548,-0.37609343235423154,0.348408112701733,-0.20575124768289982,-0.5123446623157455,-0.5494725223137558,-1.2494285042234845,0.34489348630889505,0.7490271307805327,0.0,0.0,0.0,3.7370786145727486,1.0,31.77039909362793,-22.9765625,1.6200000047683716
11.960102558135986,0.31865241474969064,0.9633504790655181,-0.10890760058567621,-0.16624540118194858,0.180159528209753,0.938267736282177,-0.23825473674771724,-0.22423773579486894,0.11227543504607614,-0.28490229880386436,-0.2849022988038644,0.4108901071287474,-0.5643031643564548,-0.37609343235423154,0.348408112701733,-0.20575124768289982,-0.5123446623157455,-0.5494725223137558,-1.2890957487600463,0.23471771528555418,0.6765933074141657,0.0,0.0,0.0,3.7370786145727486,1.0,31.77039909362793,-22.9765625,1.6200000047683716
11.980129718780518,0.1110772366593911,0.9637259164408594,-0.10536822446065708,-0.16183339695854665,0.1842277038968127,0.9489544862790776,-0.1114526530823459,-0.2095336359689274,0.20774827192869472,-0.2766167532808468,-0.2766167532808468,0.41651311120343276,-0.32459269486139747,-0.3590314182588757,0.4904550037749162,-0.04063447560011005,-0.3892467317301795,-0.6355487249932101,0.11376052573783937,0.6169255849523861,3.1307971676165467,0.0,0.0,0.0,3.3242800976863984,1.0,31.74813461303711,-22.940250396728516,1.6200000047683716
12.00006365776062,0.19735287678979133,0.9640860841440646,-0.10183592541229505,-0.1573409437908043,0.18817888846043307,0.9453318972755069,-0.1970918416876726,-0.17414115719209267,0.19281407444854864,-0.26825959952999395,-0.268259599529994,0.42194405702652954,-0.4719303930227663,-0.2560261248044644,0.46428796446913334,-0.31647169540770104,-0.5390242240489703,-0.5122433595295997,-0.560365465226432,1.424081348152212,1.943394835276093,0.0,0.0,0.0,3.4378191795687134,1.0,31.72587013244629,-22.894861221313477,1.6200000047683716
12.020085573196411,0.21525356647090177,0.9644342068318539,-0.09827948991444159,-0.15272955305677977,0.19204553152272624,0.9620918618431283,-0.1707316488290556,-0.17783900940265937,0.11663292930393158,-0.2597582679651592,-0.2597582679651593,0.4272301981645733,-0.3986481368112415,-0.3071770796088711,0.3038035088794598,-0.13214926896430776,-0.6494628057403028,-0.6961874284576945,-0.5467159834397776,1.679855435640007,1.1671797617314636,0.0,0.0,0.0,3.3871749318614226,1.0,31.692474365234375,-22.849470138549805,1.6200000047683716
12.040097713470459,0.11916930837911072,0.9647684762018206,-0.09471707381117013,-0.14802357477096234,0.19580471028014532,0.9700017505758237,-0.10088373872206151,-0.17028886380378438,0.14114098627157323,-0.2511570349694261,-0.25115703496942604,0.43234262314207045,-0.25858689246090905,-0.3066675361336727,0.32916632898219483,-0.29593220551572813,-0.6317514385936832,-0.5883897196202674,1.3236777187078361,1.9851807341791965,1.3022299535278477,0.0,0.0,0.0,3.242263524054564,1.0,31.670211791992188,-22.81315803527832,1.6200000047683716
12.060094594955444,0.23936055185749883,0.9650888216805503,-0.09115046069704337,-0.14322700147239031,0.19945221440533445,0.9462825234755294,-0.14476926083737401,-0.2408072925389211,0.16000967077479653,-0.24246189287908435,-0.2424618928790842,0.4372782072108001,-0.3949632637582358,-0.4218122208311691,0.42063878127210863,-0.2967592264036557,-0.5951105031870215,-0.6723329782543865,0.6200516055632682,0.157305767346549,2.027336480703503,0.0,0.0,0.0,3.55016261272034,1.0,31.636816024780273,-22.76776695251465,1.6299999952316284
12.080086946487427,0.2530138460733081,0.9653954530573063,-0.08757849024878933,-0.13834002101600865,0.2029868612676967,0.9462825234755294,-0.14476926083737401,-0.2408072925389211,0.16000967077479653,-0.2336718019180691,-0.23367180191806905,0.44203788184765636,-0.3949632637582358,-0.4218122208311691,0.42063878127210863,-0.2967592264036557,-0.5951105031870215,-0.6723329782543865,0.5842245829152433,0.04167454136430315,1.958368829680642,0.0,0.0,0.0,3.55016261272034,1.0,31.636816024780273,-22.76776695251465,1.6299999952316284
12.100106716156006,0.18819780081780926,0.9656888749988533,-0.08399613969673586,-0.13335739520599993,0.20641087753160353,0.9683079949208377,-0.08751053806132002,-0.19228420029207688,0.1332228171847507,-0.2247760712258361,-0.22477607122583615,0.44662704553606886,-0.2377558362042085,-0.356571936636837,0.31648919817261256,-0.11764466921011865,-0.5960846474192636,-0.5461864174943043,0.8455683407573378,1.1157664758414705,0.8500145227595661,0.0,0.0,0.0,3.297381857681434,1.0,31.60342025756836,-22.72237777709961,1.6299999952316284
12.12009048461914,0.25400009451582045,0.9659682232375281,-0.08041540726187885,-0.12829778676616282,0.20971035234614344,0.92954906670758,-0.1312156406620171,-0.22706833042936245,0.2591543199422794,-0.2158064930196178,-0.21580649301961782,0.4510294420218858,-0.3970437542386364,-0.36198587231526125,0.6173770747779607,-0.3443156574000916,-0.5540846018605591,-0.6230205070855227,0.6246542575890555,0.08115877136320959,3.6285598615102757,0.0,0.0,0.0,3.497314139662306,1.0,31.58115577697754,-22.676986694335938,1.6299999952316284
12.140118598937988,0.3409306766019468,0.9662346856680781,-0.07682249414728903,-0.1231437260378393,0.21289541879152116,0.9392802009366331,-0.2137393398962637,-0.2096052050746075,0.1677315018557317,-0.2067305464116125,-0.2067305464116124,0.4552608935328799,-0.5217415443090271,-0.3278987017164092,0.4416930592109968,-0.2367984421163699,-0.6986832178808288,-0.49598690865484923,-1.2607184386874448,0.4051342782721261,1.0215732177316001,0.0,0.0,0.0,3.6915018065560785,1.0,31.53662872314453,-22.613441467285156,1.6299999952316284
12.160109519958496,0.27843797883534405,0.9664872578732785,-0.0732325789318343,-0.11791916668933108,0.2159500865451946,0.9418078943208852,-0.1649597014894983,-0.21758155144067606,0.1960725772565471,-0.19758876081732704,-0.19758876081732704,0.4593023857968441,-0.4356237828702345,-0.3524006240764396,0.48928204323034735,-0.3751084550759154,-0.7220140781532683,-0.5001844325944302,0.16854604732024714,0.4781211874375,1.6527437074239595,0.0,0.0,0.0,3.590365117058129,1.0,31.492101669311523,-22.568050384521484,1.6200000047683716
12.180103302001953,0.26439412769173903,0.9667265805972246,-0.06963898577922228,-0.11261695147147402,0.21887793919833615,0.9341984602453022,-0.1254621674603995,-0.22422974988788388,0.24749444574911666,-0.1883666889751974,-0.1883666889751973,0.46316086890466174,-0.3787373609860039,-0.3648913448115162,0.588649129287055,-0.19996020832879854,-0.6159600123028544,-0.5645514002080912,0.0993587677295199,0.028081745446546957,2.9836054211208753,0.0,0.0,0.0,3.5352127783087064,1.0,31.45870590209961,-22.513582229614258,1.6200000047683716
12.200087070465088,0.2755773457623494,0.9669526175031365,-0.06604449300635935,-0.10724372445278753,0.22167440991882764,0.9341984602453022,-0.1254621674603995,-0.22422974988788388,0.24749444574911666,-0.17907399448170186,-0.1790739944817019,0.46683241586287405,-0.3787373609860039,-0.3648913448115162,0.588649129287055,-0.19996020832879854,-0.6159600123028544,-0.5645514002080912,0.07077010931322836,-0.09813451216714819,2.9298379957235086,0.0,0.0,0.0,3.5352127783087064,1.0,31.45870590209961,-22.513582229614258,1.6200000047683716
12.220105171203613,0.2872015594771199,0.9671659657574787,-0.06244153994003693,-0.10179071029624548,0.22434281817724006,0.9341984602453022,-0.1254621674603995,-0.22422974988788388,0.24749444574911666,-0.16969364181767327,-0.1696936418176733,0.4703233652782468,-0.3787373609860039,-0.3648913448115162,0.588649129287055,-0.19996020832879854,-0.6159600123028544,-0.5645514002080912,0.041875847141426115,-0.22550514437568392,2.878562742363468,0.0,0.0,0.0,3.5352127783087064,1.0,31.45870590209961,-22.513582229614258,1.6200000047683716
12.240128517150879,0.15815620508316144,0.967366403122273,-0.058835734704960986,-0.0962689941135646,0.22687635223699712,0.9599599838284514,-0.12468091728175405,-0.1362243242207512,0.21065239567699984,-0.1602428067802064,-0.1602428067802064,0.4736266914725156,-0.30833444600888593,-0.21056364844850384,0.4648699061989761,-0.05575293743858084,-0.660542035770347,-0.5910116838995269,-0.8470961707898763,1.5370138281577403,2.004002387578249,0.0,0.0,0.0,3.306480820864495,1.0,31.425310134887695,-22.45911407470703,1.6200000047683716
12.26010775566101,0.36563800086987425,0.9675536042535232,-0.055236308520460894,-0.09069581998937827,0.22926674716038384,0.9563499351331235,-0.17602355257338875,-0.18984126275070243,0.13553894446812229,-0.15074875467714374,-0.15074875467714374,0.47673348210849453,-0.4213774856210271,-0.3208710425313608,0.35076486017912306,-0.3874933350995353,-0.6341335055831395,-0.6107483968736298,-0.17513685113613353,-0.05975263398207664,0.5710632991537059,0.0,0.0,0.0,3.571072463933992,1.0,31.39191436767578,-22.422801971435547,1.6200000047683716
12.280088424682617,0.42113100481232774,0.9677281705081706,-0.05163536151956173,-0.08506219700117691,0.23151760211047925,0.9529112199820494,-0.16394201000048836,-0.2240954760201208,0.12191981716127004,-0.14119384405465837,-0.14119384405465837,0.47965018336394777,-0.40947577420626413,-0.3974958264315808,0.3381009014178172,-0.24334369001472606,-0.7684991061154389,-0.5143962555094614,-0.38534736636349054,-0.2753409818248138,-0.04250489189179829,0.0,0.0,0.0,3.668187761493756,1.0,31.336254119873047,-22.350177764892578,1.6200000047683716
12.300117015838623,0.1333478447694276,0.9678905965095157,-0.04802477355810827,-0.07935838651122318,0.2336314636419537,0.9507021449282813,-0.04341970261884569,-0.12179669542902784,0.281861182208237,-0.13155945028377622,-0.13155945028377622,0.482381706785229,-0.15519149066707486,-0.2086180401460405,0.5927220173653922,-0.34554307804653,-0.7285900046418053,-0.43970025597753454,1.5765568110463932,2.1334084757514193,2.820808930885036,0.0,0.0,0.0,3.219850920306143,1.0,31.29172706604004,-22.29570960998535,1.6200000047683716
12.320120334625244,0.34025579383009,0.9680404020623112,-0.04441796599752193,-0.07360879586745635,0.23559832224068383,0.964604549966901,-0.003928630645119803,-0.21567027680947998,0.1516870454103748,-0.12188453896358685,-0.12188453896358688,0.48491665176773824,-0.08032581086567687,-0.4278122492118015,0.32940962672805146,-0.3948655664109353,-0.7761286492375293,-0.46061362164177955,3.153237336131264,0.4652723803981833,0.41986304815863673,0.0,0.0,0.0,3.4550325929537804,1.0,31.258331298828125,-22.241239547729492,1.6100000143051147
12.340089559555054,0.4027669322109622,0.9681777082991152,-0.04081672727159239,-0.06781990602433305,0.23741604889804854,0.9623652118525978,-0.12797301264070216,-0.20677975461474035,0.12131875425108474,-0.1121774716970086,-0.1121774716970086,0.4872537479010981,-0.32437767073239365,-0.37572196958421394,0.31299467421868266,-0.1324343813230589,-0.8732872808530471,-0.5696027556539772,-0.3453627525939854,0.28588825864895284,0.05317347117580873,0.0,0.0,0.0,3.553823925488036,1.0,31.258331298828125,-22.241239547729492,1.6100000143051147
12.360114574432373,0.4160298033757405,0.9683032418135167,-0.0372050107640092,-0.06196936153189245,0.23909081391557802,0.9623652118525978,-0.12797301264070216,-0.20677975461474035,0.12131875425108474,-0.10239836934565519,-0.1023983693456552,0.48940226190256914,-0.32437767073239365,-0.37572196958421394,0.31299467421868266,-0.1324343813230589,-0.8732872808530471,-0.5696027556539772,-0.3940780916964174,0.1597120196211299,0.021280989771727654,0.0,0.0,0.0,3.553823925488036,1.0,31.258331298828125,-22.241239547729492,1.6100000143051147
12.380145072937012,0.4292532038996832,0.9684167548472217,-0.03359202310671798,-0.05607549573466512,0.24061609192422198,0.9623652118525978,-0.12797301264070216,-0.20677975461474035,0.12131875425108474,-0.09257551208879457,-0.09257551208879458,0.491355039214515,-0.32437767073239365,-0.37572196958421394,0.31299467421868266,-0.1324343813230589,-0.8732872808530471,-0.5696027556539772,-0.44330023506717264,0.03313119587268165,-0.0076578136905132155,0.0,0.0,0.0,3.553823925488036,1.0,31.258331298828125,-22.241239547729492,1.6100000143051147
12.400132417678833,0.21780588967750797,0.9685181220604872,-0.02998664626040501,-0.050156621806672255,0.24198711034975168,0.9672810620994355,-0.13084253580728825,-0.06953475236315708,0.20594294341176447,-0.08273679235062613,-0.08273679235062611,0.49310711127657586,-0.28659079571777585,-0.08071471671855567,0.43120563829038766,-0.2588219169426985,-0.7016624230128372,-0.41360104378512913,-0.7891271433362672,1.9203139656282953,0.872652537710455,0.0,0.0,0.0,3.286411388279103,1.0,31.202672958374023,-22.19584846496582,1.6100000143051147
12.420151948928833,0.14470073773798492,0.9686078436992448,-0.026375374230709733,-0.04419439521540987,0.24320781276520198,0.967221756809903,-0.08396916596388677,-0.08375116868368968,0.2245372888074726,-0.07284909937826202,-0.07284909937826199,0.4946645416034751,-0.20299909870669927,-0.12462584331831039,0.46892181952583956,-0.3594899678891404,-0.8896580881617058,-0.39624856167363254,0.5304257093240996,2.5011131426998316,1.2000081090745953,0.0,0.0,0.0,3.241548992976871,1.0,31.158143997192383,-22.12322425842285,1.6100000143051147
12.440118789672852,0.4143606379738195,0.9686856561613651,-0.02277357963509514,-0.0382181055443783,0.2442720614937951,0.9376404276519,-0.183058632255004,-0.1651617253963215,0.24503381410286867,-0.06295834645384137,-0.0629583464538414,0.4960204094710197,-0.4499080902486645,-0.22182832180970977,0.5621858212505249,-0.29214400276624164,-0.7838188710965881,-0.4864069856341729,-1.3312874965474104,-0.13053983377373113,2.0473589499598437,0.0,0.0,0.0,3.6086648736464393,1.0,31.12474822998047,-22.068756103515625,1.600000023841858
12.46010708808899,0.4707448405364778,0.9687519641840904,-0.01916792937857677,-0.03220962633196487,0.24518312002330056,0.9543242774552133,-0.16308735154907167,-0.19489603380820933,0.15710895973853262,-0.053031826155413145,-0.05303182615541315,0.4971796711598555,-0.40421326297683313,-0.3265138969974408,0.39380909969593825,-0.42046879508725726,-0.8098690150702048,-0.2740896778581108,-0.2576043202417708,-0.6613699283424856,-0.5696776838374256,0.0,0.0,0.0,3.6485849922810187,1.0,31.069089889526367,-22.00520896911621,1.600000023841858
12.48012089729309,0.3571884891054687,0.9688068176670437,-0.01555771789632655,-0.026171686419777223,0.2459397289696378,0.9562669578397058,0.017339603594719373,-0.19815915248153715,0.21444298491433889,-0.04307141068135015,-0.04307141068135015,0.49814139918492867,-0.05621943792749028,-0.3967499672493349,0.45250519330370587,-0.21474685124442378,-1.0125461688118558,-0.3317374344461115,2.354966033776094,0.8631831136395909,0.8490797420438924,0.0,0.0,0.0,3.458578654053262,1.0,31.013429641723633,-21.94166374206543,1.600000023841858
12.500221729278564,0.36236324806451536,0.9688503535520727,-0.011931860900281163,-0.02008964733961341,0.24654214485002363,0.9539612362906381,-0.03413194558878896,-0.19749989629383483,0.22312947118004314,-0.03305032731504888,-0.03305032731504887,0.49890648007854943,-0.16512850579254187,-0.36996500455408005,0.4905015089720646,-0.26303529853452057,-0.9217175140278706,-0.41851995087625365,1.5026060116864748,0.12815580014088646,1.3272450091510561,0.0,0.0,0.0,3.463117751812188,1.0,31.013429641723633,-21.94166374206543,1.600000023841858
12.520105600357056,0.3752867150985487,0.9688820772937454,-0.008345190979529717,-0.014059720197223846,0.24698219035883448,0.9539612362906381,-0.03413194558878896,-0.19749989629383483,0.22312947118004314,-0.023124255549235438,-0.02312425554923543,0.49946498256163435,-0.16512850579254187,-0.36996500455408005,0.4905015089720646,-0.26303529853452057,-0.9217175140278706,-0.41851995087625365,1.4628007423284575,-0.0033220710444088475,1.3089397761877302,0.0,0.0,0.0,3.463117751812188,1.0,31.013429641723633,-21.94166374206543,1.600000023841858
12.540079116821289,0.38833364747937676,0.9689026258835831,-0.004742392240115205,-0.007993133875196668,0.24726771136278888,0.9539612362906381,-0.03413194558878896,-0.19749989629383483,0.22312947118004314,-0.013144234337159971,-0.013144234337159971,0.49982719924358837,-0.16512850579254187,-0.36996500455408005,0.4905015089720646,-0.26303529853452057,-0.9217175140278706,-0.41851995087625365,1.4222485996017422,-0.13542172098544825,1.2934941970460472,0.0,0.0,0.0,3.463117751812188,1.0,31.013429641723633,-21.94166374206543,1.600000023841858
12.56010627746582,0.3854207339275533,0.968911865694739,-0.0011299431260179689,-0.0019048327793624584,0.24739622340802725,0.9317694615917994,-0.02263665860731624,-0.17623671590015608,0.31659733432350917,-0.003132147961334296,-0.003132147961334295,0.49999018955290353,-0.1626901624334563,-0.3194985934397516,0.6813534035379615,-0.41158719479930056,-0.8520579807333714,-0.26137481371664717,2.0886918258592684,-0.07627741830406043,2.5733929829662507,0.0,0.0,0.0,3.41997802073933,1.0,30.98003387451172,-21.878116607666016,1.590000033378601
12.580092906951904,0.05056821231598047,0.9689097535795973,0.0024751886685163626,0.004172440371328632,0.24736684013975493,0.9631573790526385,0.008917730051717934,-0.006258236808496406,0.26871764314839,0.006860930971249121,0.006860930971249124,0.4999529254101909,0.013817358528499425,-0.01684883389956266,0.5440396265145124,-0.20216980527951794,-0.8520041307177585,-0.3691561875469006,0.9871945811819731,3.237185331320957,1.9177697297503145,0.0,0.0,0.0,3.210985168088765,1.0,30.924375534057617,-21.8145694732666,1.590000033378601
12.600112438201904,0.0680041167297793,0.9688962856355445,0.006086269117465968,0.01025688407632432,0.24717957306161048,0.970125903113045,0.02812950760177152,-0.014727086737419863,0.24051522992818777,0.016867710818038905,0.01686771081803891,0.49971539933422,0.047554228252294065,-0.042117857758041985,0.4850414807983937,-0.21539225341411564,-0.8673632543529711,-0.2525740942502596,1.4107150126985264,3.094847231361055,0.867513422139292,0.0,0.0,0.0,3.221455571050972,1.0,30.868715286254883,-21.760101318359375,1.590000033378601
12.62011981010437,0.2402002175527168,0.9688714578086854,0.009695188669289319,0.016330674653500094,0.2468347840676042,0.9628826022806392,0.014048352106391515,-0.10345067280928252,0.24891302963819684,0.02686165973006818,0.026861659730068176,0.49927792985124636,-0.024986194423651315,-0.20770558248691803,0.5085447766307266,-0.3155708116737697,-1.0035386223761158,-0.33401164513681464,1.9398004682592436,1.7161432193188748,1.3812349369117332,0.0,0.0,0.0,3.302222323169769,1.0,30.81305694580078,-21.687477111816406,1.5800000429153442
12.640130996704102,0.35239168782387076,0.9688352267352086,0.013304842529952234,0.022394548716586117,0.24633263849918635,0.951401340152847,-0.1197204256537896,-0.089114565891783,0.2693716833346833,0.036846758577261336,0.03684675857726134,0.49864046805524015,-0.2810341443837245,-0.10526313365195356,0.5667232211165691,-0.3136779023850842,-1.0530378833675345,-0.17802869571057972,-0.7585549367897473,1.3977809239782717,1.2743348457712997,0.0,0.0,0.0,3.383632176400142,1.0,30.779661178588867,-21.63300895690918,1.5800000429153442
12.660156011581421,0.1673370183146142,0.968787514885974,0.016917043518210446,0.02844741749413931,0.24567317533173166,0.9755401665203751,0.004817236802046649,-0.04791617564757138,0.21448127621380586,0.0468239864794027,0.0468239864794027,0.49780268610180967,-0.011206943513243244,-0.09570073654244597,0.43336827422137525,-0.3726931120252784,-1.0219643273789372,-0.15607948906211272,1.611508065091241,2.555515022519261,-0.03218015925342532,0.0,0.0,0.0,3.2479606344032135,1.0,30.779661178588867,-21.63300895690918,1.5800000429153442
12.680124521255493,0.17897085250737793,0.9687284692051187,0.02051910084446776,0.03446399888073162,0.24485986243807042,0.9755401665203751,0.004817236802046649,-0.04791617564757138,0.21448127621380586,0.0567543686188556,0.05675436861885559,0.496768499044248,-0.011206943513243244,-0.09570073654244597,0.43336827422137525,-0.3726931120252784,-1.0219643273789372,-0.15607948906211272,1.5662528084886735,2.4226534357656924,-0.020596657375122507,0.0,0.0,0.0,3.2479606344032135,1.0,30.779661178588867,-21.63300895690918,1.5800000429153442
12.700093030929565,0.19080643594911922,0.9686579016858139,0.024121190909547723,0.0404573604728928,0.2438918605331219,0.9755401665203751,0.004817236802046649,-0.04791617564757138,0.21448127621380586,0.06666212119508387,0.06666212119508388,0.49553623641240596,-0.011206943513243244,-0.09570073654244597,0.43336827422137525,-0.3726931120252784,-1.0219643273789372,-0.15607948906211272,1.52074795671732,2.29024088359409,-0.0060422672619363516,0.0,0.0,0.0,3.2479606344032135,1.0,30.779661178588867,-21.63300895690918,1.5800000429153442
12.720085620880127,0.2949843148426855,0.9685756249504258,0.027727626103341178,0.046430671941551954,0.24276867632711882,0.9551994571845921,-0.023895362708194107,-0.08508046259721003,0.28246118940404746,0.07655519190472004,0.07655519190472006,0.49410454621712546,-0.0949144508562152,-0.14959594080134256,0.5821491357483305,-0.4104574728602829,-0.9977955768501056,-0.08999540281389679,1.3246269881617014,1.1833735336009132,1.1688398851238642,0.0,0.0,0.0,3.2991710414906765,1.0,30.71286964416504,-21.56038475036621,1.5700000524520874
12.740103721618652,0.22823251949365955,0.9684814971967003,0.03133861501271537,0.05238026331380859,0.24149076340907696,0.9570128560638274,-0.014971516621561678,-0.040796398815921425,0.2867715133381601,0.08643022765026005,0.08643022765026007,0.49247316246504663,-0.05220423623122671,-0.06955461617890331,0.5840929994826092,-0.30393702399755157,-1.0970124906382168,0.0043283068933531454,0.8233886276420345,2.343217005907837,0.90526374711453,0.0,0.0,0.0,3.262325413179152,1.0,30.657209396362305,-21.487760543823242,1.5700000524520874
12.762920141220093,0.20786263895254173,0.9683597469601704,0.03545423293869166,0.059118243401695046,0.23984876720771772,0.9614350669319653,0.00535279786897065,-0.034429127113761955,0.27281604577935964,0.09764323072499127,0.09764323072499131,0.4903731227275676,-0.008513367049302537,-0.06917856302764387,0.5532769810465398,-0.27223621342666515,-1.1603417536667402,0.03990757853178978,0.9985984589874332,2.6700319189021524,0.4813287899490112,0.0,0.0,0.0,3.259731597090006,1.0,30.601551055908203,-21.424213409423828,1.5700000524520874
12.780113697052002,0.18743698527256605,0.9682577236747558,0.03855541525866086,0.06416187794220161,0.23848210397709607,0.9616160048985272,-0.0428513057823441,0.030204350834170984,0.26934387296990814,0.10605964077902189,0.1060596407790219,0.48862189123884403,-0.06641008608964796,0.0812628567583762,0.5434928486128001,-0.46401296560852595,-1.1453225424502607,-0.009698503817749261,0.48628785011888565,3.520141626187665,0.7463947913037183,0.0,0.0,0.0,3.2697911416708365,1.0,30.601551055908203,-21.424213409423828,1.5700000524520874
12.800102949142456,0.25602275346295145,0.9681278966362159,0.04216054350579271,0.0699854616692243,0.23675493549444362,0.9837467529840677,0.04549710491023358,-0.03769318436862112,0.16956285940689916,0.11580498807646089,0.11580498807646092,0.48640436340210874,0.07711875923504702,-0.08971061722308019,0.3379111497366913,-0.4113708033368846,-1.181474293608237,0.16068028085996017,2.1127372360122036,2.691557331507158,-2.1131544364716124,0.0,0.0,0.0,3.287837087537249,1.0,30.54589080810547,-21.3697452545166,1.559999942779541
12.820118427276611,0.23948721022002978,0.9679856980353283,0.045769927358405495,0.07576979377735182,0.23487813968013707,0.9469460306445733,0.010001903414468813,0.004034730857290812,0.3212116092570185,0.1255167578574969,0.12551675785749689,0.4839891977068729,0.02153621091641264,0.0012158900568648146,0.6540697871160084,-0.2590662578811219,-1.1886243981015345,0.04547309252530475,0.8308753462810694,3.150558647404912,1.5768706084502284,0.0,0.0,0.0,3.266291784170324,1.0,30.512495040893555,-21.288042068481445,1.559999942779541
12.840085983276367,0.25149186804326645,0.9678315447869179,0.049370021807721265,0.08148977611402516,0.2328607271545787,0.9469460306445733,0.010001903414468813,0.004034730857290812,0.3212116092570185,0.13515517595430832,0.13515517595430826,0.48138662051698117,0.02153621091641264,0.0012158900568648146,0.6540697871160084,-0.2590662578811219,-1.1886243981015345,0.04547309252530475,0.7995718957456005,3.0186845147507575,1.6132342018813488,0.0,0.0,0.0,3.266291784170324,1.0,30.512495040893555,-21.288042068481445,1.559999942779541
12.860127210617065,0.202817753595559,0.9676643407041132,0.05298254106903948,0.08717643836778736,0.23069209493402426,0.9845898451808331,0.08574843856584571,0.049128116095779904,0.14427914006945697,0.14477496715820914,0.14477496715820917,0.4785814548061171,0.18455250699492176,0.07206101658268056,0.2976747975162794,-0.4802059237651106,-1.1778275544140888,0.1347402011304926,2.5619018531104123,4.0,-2.3868733270008855,0.0,1.0,0.0,3.3430273759343394,1.0,30.445703506469727,-21.224496841430664,1.5499999523162842
12.880101680755615,0.3807898949537143,0.9674851161225186,0.056581931338533335,0.09278628036618505,0.22838945094554072,0.9829163468463747,-0.051358844621266844,-0.05123632079804347,0.16915248627326088,0.1543048623219979,0.15430486232199783,0.4755943749286669,-0.1189900286308543,-0.08344388328349096,0.34581950101568726,-0.2052708614724361,-1.0501763673098505,0.13076192237776396,-0.7370637103019667,0.9592590252337194,-1.7024250052363243,0.0,0.0,0.0,3.312010103491441,1.0,30.390045166015625,-21.16094970703125,1.5499999523162842
12.900118350982666,0.41831531673803046,0.9672927815262119,0.06018755184458895,0.09834644444534318,0.22594271458756504,0.9831705463113937,-0.008312316698003619,-0.08699555675889147,0.16043177790287838,0.16379313097898493,0.16379313097898485,0.4724106373104877,-0.044914846250863075,-0.1692020202891608,0.3273142996961693,-0.35048018638216705,-1.1013130262709419,0.09611294224793951,0.7662974458491691,0.5577400062808016,-1.811937453663504,0.0,0.0,0.0,3.3394216520364757,1.0,30.33438491821289,-21.08832550048828,1.5399999618530273
12.920105218887329,0.39130574845728056,0.967087883957421,0.06378611766321024,0.10383338783027254,0.22336289635456716,0.9842736376680273,-0.0007366159776887887,-0.06934680743409702,0.16246810113788046,0.17320179682300338,0.17320179682300332,0.46904278864223364,-0.02421155714560671,-0.13669845322369462,0.3288352632228999,-0.3805611913882959,-1.0955686962778812,0.1228417176010421,0.8995197788467597,0.7864214709971677,-1.8328900036247542,0.0,0.0,0.0,3.318800005664264,1.0,30.27872657775879,-21.0247802734375,1.5399999618530273
12.940110445022583,0.35686461517533746,0.9668698112370838,0.06738594800305311,0.10925697511633145,0.2206463584982204,0.9538021156989049,0.0756405735557096,-0.056075501778227524,0.2852990813528427,0.1825498206992766,0.18254982069927664,0.46548422418236907,0.11382867711159736,-0.1507000012213481,0.5726917728607533,-0.4486944995632104,-1.0498829458700674,0.13420344914545404,2.842887942300669,0.9802802676455391,0.5302090887589997,0.0,0.0,0.0,3.356397403407806,1.0,30.23419761657715,-20.9521541595459,1.5299999713897705
12.96009635925293,0.36861880796457724,0.9666388511433549,0.07097987088826198,0.11460367092944697,0.21780079889301487,0.9538021156989049,0.0756405735557096,-0.056075501778227524,0.2852990813528427,0.19181587181492188,0.19181587181492185,0.46174307934161984,0.11382867711159736,-0.1507000012213481,0.5726917728607533,-0.4486944995632104,-1.0498829458700674,0.13420344914545404,2.801297542611152,0.8537338429729546,0.5710540868020012,0.0,0.0,0.0,3.356397403407806,1.0,30.23419761657715,-20.9521541595459,1.5299999713897705
12.980109930038452,0.38051047595923265,0.96639433610453,0.07457589413904858,0.11988274461357598,0.21482213736568753,0.9538021156989049,0.0756405735557096,-0.056075501778227524,0.2852990813528427,0.20101796874723493,0.201017968747235,0.4578119441874967,0.11382867711159736,-0.1507000012213481,0.5726917728607533,-0.4486944995632104,-1.0498829458700674,0.13420344914545404,2.7591114444155753,0.7282792401392255,0.6144607424271541,0.0,0.0,0.0,3.356397403407806,1.0,30.23419761657715,-20.9521541595459,1.5299999713897705
13.00008487701416,0.4128300681651264,0.9661369798639904,0.07816163197743138,0.12507361901264813,0.21172313348566998,0.9621991688473724,0.014746590135264392,-0.06373048693288164,0.2643742093777414,0.21012202834320143,0.2101220283432014,0.4537055578290163,-0.005364943196511673,-0.1308128384414367,0.536638252927596,-0.3573115811795004,-0.9662890497134063,-0.0019200891645087953,1.141238850010336,-0.1240405574531569,0.9052041341533201,0.0,0.0,0.0,3.322616856530384,1.0,30.178539276123047,-20.897686004638672,1.5299999713897705
13.020082473754883,0.08137929625997563,0.9658659132770836,0.08174756368162077,0.13018924169557813,0.2084973255182786,0.9752202414316598,0.06335548767508413,0.10492335679733439,0.1841810307328279,0.2191524315104872,0.21915243151048724,0.44941318601376307,0.16571220778112236,0.18231735385149347,0.38850728427971826,-0.23520896286359905,-1.0423086211731865,0.03413965803366126,0.612299383925246,3.619870671040169,-0.6387107677127817,0.0,0.0,0.0,3.3933389736418333,1.0,30.11174774169922,-20.825061798095703,1.5299999713897705
13.040089845657349,0.5015451850958372,0.9655811957578374,0.08533080067925404,0.1352231414718632,0.2051494841933138,0.9344194762607373,0.01289594443864989,-0.05105202471432394,0.35226073833768745,0.2280995470519992,0.22809954705199917,0.4449388684242733,-0.011932409273732947,-0.10468458144183111,0.7216421620747866,-0.42970336880640025,-0.9258009814838171,0.1896859664331345,1.5353018665109657,-0.35805820611335193,2.088066756330563,0.0,0.0,0.0,3.318904178847316,1.0,30.06722068786621,-20.761516571044922,1.5199999809265137
13.060077428817749,0.3505123266390519,0.9652831910806106,0.08890543494043839,0.14016506101950973,0.20168772973258026,0.9734990386763386,-0.021296570726891978,0.006924032516814821,0.22759203752597548,0.23694664578557445,0.2369466457855745,0.4402911389648507,-0.038332352217568026,0.023177012804613373,0.45888117925761623,-0.24249421698949028,-0.9928708782031503,0.22233476649936074,-0.5620754874315347,0.8855569919776061,-0.3503675360370049,0.0,0.0,0.0,3.30051603610088,1.0,30.011560440063477,-20.68889045715332,1.5199999809265137
13.080097436904907,0.13263893686368863,0.964971057944688,0.0924801340623169,0.14502503655883228,0.19810608497478027,0.9676716045527197,0.04988957290830385,0.10209287424880199,0.225166030486417,0.24571320653404904,0.24571320653404902,0.4354595505150343,0.1452766218604334,0.17602549365678638,0.4700822984664346,-0.3287300032554704,-0.9915469280757069,0.3768888949909158,0.7365417413068585,2.910989758893682,-0.9518876780659477,0.0,0.0,0.0,3.3938929124097057,1.0,29.96703338623047,-20.634422302246094,1.5099999904632568
13.10010552406311,0.2481875863053518,0.964645436071663,0.09604625711798942,0.14978947392475875,0.1944155669206556,0.9695371222590189,0.01900509794025808,0.06216749740224115,0.23616049009248757,0.2543761571178604,0.2543761571178604,0.43045646782218244,0.06668072636462548,0.11180366645544722,0.48158856906875247,-0.3393861328631592,-0.8789473300754104,0.28686540514593784,0.327560443082866,1.4309031780070485,-0.298617190762251,0.0,0.0,0.0,3.3344320978860558,1.0,29.96703338623047,-20.634422302246094,1.5099999904632568
13.120283365249634,0.2619556731506184,0.9643031968659753,0.0996353335030079,0.15449790650150835,0.19058473632076475,0.9695371222590189,0.01900509794025808,0.06216749740224115,0.23616049009248757,0.2630094677179351,0.263009467717935,0.4252364282263793,0.06668072636462548,0.11180366645544722,0.48158856906875247,-0.3393861328631592,-0.8789473300754104,0.28686540514593784,0.28483747941762716,1.3207695845160128,-0.22327821532801673,0.0,0.0,0.0,3.3344320978860558,1.0,29.96703338623047,-20.634422302246094,1.5099999904632568
13.14010238647461,0.2754485274840538,0.9639535127260292,0.1031526431683562,0.1590258841064046,0.18671884129542762,0.9695371222590189,0.01900509794025808,0.06216749740224115,0.23616049009248757,0.2713850332690434,0.2713850332690434,0.41994066690136145,0.06668072636462548,0.11180366645544722,0.48158856906875247,-0.3393861328631592,-0.8789473300754104,0.28686540514593784,0.24269456655525978,1.2144515314655115,-0.14731511849632284,0.0,0.0,0.0,3.3344320978860558,1.0,29.96703338623047,-20.634422302246094,1.5099999904632568
13.160106420516968,0.4303590837142403,0.9635870044227496,0.10669394859806237,0.16349656160968837,0.18271661276948936,0.9759338533954096,-0.02467527751536424,-0.0025213758089978203,0.21665153389800026,0.27973068332318246,0.27973068332318246,0.41442821429958815,-0.04927615643976917,0.005770513453025354,0.43676084711440377,-0.30958882806202004,-1.038152536980816,0.2602272980095008,-0.6020553882815545,0.36030244593089433,-0.356737550789033,0.0,0.0,0.0,3.3070089399185596,1.0,29.90024185180664,-20.55272102355957,1.5099999904632568
13.180086374282837,0.2387928782666114,0.9632074035151856,0.11022122162958911,0.16785974883513952,0.17862218461607626,0.9852727041213486,0.0929453951293663,0.06305566756595737,0.1289295731221613,0.28795455679953047,0.2879545567995306,0.40875686320646165,0.2017896925066006,0.10045610834560625,0.27041333458692474,-0.16368667961664393,-0.9807268347130385,0.38986762653322043,0.4808802443337265,1.877695172042153,-2.768617735361584,0.0,0.0,0.0,3.385895549491039,1.0,29.855714797973633,-20.49825096130371,1.5099999904632568
13.200080633163452,0.20374091736634764,0.9628140833697915,0.11374028778152137,0.1721217463871523,0.17443133956030232,0.9414408172891114,0.11612387682273127,0.15988458969339545,0.2732056931182867,0.2960692468776444,0.2960692468776443,0.40291810713010223,0.320489536344898,0.2398864701860171,0.6038380282768189,-0.41418752194079383,-1.0272217654400273,0.4500030069569816,2.133984335760255,3.73044398793916,0.1405355898158418,0.0,0.0,0.0,3.590394531609144,1.0,29.8000545501709,-20.425626754760742,1.5
13.220088243484497,0.3307413709070302,0.9624071574418033,0.1172499478152685,0.17628008417027052,0.17014771513901397,0.9814697654309819,-0.03639628337683093,0.14069575695938352,0.12488840648688379,0.30407088058470283,0.3040708805847028,0.3969142219427812,-0.03788401731028721,0.28928625528660007,0.2476134171034398,-0.2515659505786335,-1.0352849858841806,0.4195451402860685,-2.034317101169125,2.9722824847210214,-2.1559571956074155,0.0,0.0,0.0,3.453319792611187,1.0,29.75552749633789,-20.371158599853516,1.5
13.240092515945435,0.10407490348196222,0.9619871090730027,0.12074620639387908,0.18032927286469225,0.16577849368040826,0.9700553341396452,0.07303121105131866,0.16122013311384453,0.16633448108661486,0.3119494931438012,0.31194949314380127,0.39075249676403284,0.20543681877928507,0.2926490795189815,0.37001666246899634,-0.36907250101250144,-0.96435789415602,0.6196860090742897,0.6041445482491367,3.3011328428375624,-2.3688566602600405,0.0,0.0,0.0,3.525739725123696,1.0,29.699867248535156,-20.298532485961914,1.5
13.26008677482605,0.21529659891563938,0.9615542780626384,0.12422680257367914,0.18426624196272046,0.16132893086701544,0.9825371146898212,0.05365886943877723,0.10837038978963336,0.1414121727589122,0.31969942717023125,0.31969942717023114,0.3844376103700392,0.1392858801269359,0.19909248661878923,0.299821506480172,-0.48306649431904325,-0.926001140237193,0.49899887159578005,0.6945196136089835,1.9889072844688542,-2.375219361699688,0.0,0.0,0.0,3.4044170948697934,1.0,29.699867248535156,-20.298532485961914,1.5
13.280116081237793,0.2240287158358796,0.9611078854686451,0.12769839571206304,0.1880979365466165,0.1567925970492873,0.9825371146898212,0.05365886943877723,0.10837038978963336,0.1414121727589122,0.3273348057710128,0.32733480577101287,0.37795757027853444,0.1392858801269359,0.19909248661878923,0.299821506480172,-0.48306649431904325,-0.926001140237193,0.49899887159578005,0.6464902234693068,1.8979573254101734,-2.2839272717774572,0.0,0.0,0.0,3.4044170948697934,1.0,29.699867248535156,-20.298532485961914,1.5
13.300103902816772,0.23303886655756803,0.9606498986090318,0.13114652425114925,0.19180816562360226,0.15219063400685395,0.9825371146898212,0.05365886943877723,0.10837038978963336,0.1414121727589122,0.33482346615669667,0.3348234661566965,0.37133979925509664,0.1392858801269359,0.19909248661878923,0.299821506480172,-0.48306649431904325,-0.926001140237193,0.49899887159578005,0.5987081986880622,1.8093650560230752,-2.1912988135993707,0.0,0.0,0.0,3.4044170948697934,1.0,29.699867248535156,-20.298532485961914,1.5
13.320067167282104,0.3723332203714482,0.9601802822007031,0.13457294214312474,0.19539914698501595,0.1475232940028438,0.959147585129968,-0.020190814559242622,0.14916020807531793,0.2395401287336063,0.34216941168407367,0.3421694116840736,0.3645820808923211,0.03426772649334041,0.3002995112032979,0.4946578141915774,-0.2864072510078274,-1.0055680789392083,0.42696015001173726,-1.327587054127921,2.43406902292356,0.5426252640683669,0.0,0.0,0.0,3.469794722893809,1.0,29.644208908081055,-20.244064331054688,1.4900000095367432
13.340109586715698,0.4230230617462001,0.9596968757614308,0.13799407789764567,0.19888768303389204,0.14276985205685974,0.9590161130301424,0.07444036140865044,0.042876139830586975,0.27001548876894904,0.3494073072857087,0.3494073072857088,0.35765141355145,0.16685339095934512,0.042050107936733236,0.5524163539984578,-0.22442720993052126,-0.9471613088331127,0.4901992165692504,0.6313682971619414,0.2642233497726387,0.3057194292481651,0.0,0.0,0.0,3.3580373272756208,1.0,29.599681854248047,-20.17144012451172,1.4900000095367432
13.360125541687012,0.2504138437202313,0.9592025470651717,0.14139048152088976,0.2022536593027219,0.13795891684714098,0.9840613793135479,0.04954826108841776,0.12348717211528444,0.11797919261294307,0.35649557320882236,0.35649557320882236,0.350586517542408,0.1305572562839515,0.23346159142055414,0.253972255878483,-0.3858772820424293,-0.9020186341023689,0.4153110638736716,-0.1521814140419977,1.7995482295421725,-1.9643543822218712,0.0,0.0,0.0,3.424416078133435,1.0,29.566286087036133,-20.116971969604492,1.4900000095367432
13.380084037780762,0.3448354114188513,0.958698538034744,0.14475563598793137,0.20549145219315076,0.13310214910107204,0.966091910172481,0.040389772496295516,0.10934968582766913,0.23038605336776474,0.36342128716881267,0.36342128716881267,0.34340205012865527,0.13125456003767808,0.19388567929033296,0.4809821419864277,-0.24292963584651023,-0.9441721785634347,0.5372498142160702,-0.39504038764711136,1.3434095183958767,-0.1527773891202111,0.0,0.0,0.0,3.403282440032856,1.0,29.499494552612305,-20.05342674255371,1.4800000190734863
13.400086402893066,0.24542327576747827,0.9581827443811193,0.14810521788041975,0.20861657831265762,0.1281787660261201,0.9718656706961212,0.029265514860880155,0.21063893766693642,0.10125159604100314,0.3702169833079355,0.37021698330793557,0.33606455521279205,0.10900429186472016,0.4153379213299643,0.23060610879264304,-0.36491975869559723,-0.9694058251064093,0.5430976978536701,-0.9757878283427299,3.6343959495588662,-2.2216619126349375,0.0,0.0,0.0,3.635902201083708,1.0,29.454965591430664,-19.989879608154297,1.4800000190734863
13.420082807540894,0.37644312057969903,0.9576569032049412,0.15142934444244893,0.2116199794774397,0.12320468201988102,0.9821709965946727,0.042071550526116025,0.0682045348445511,0.17005369596452372,0.37686260399471355,0.37686260399471355,0.3285948534446693,0.10680882122929633,0.1199556605649683,0.34930187800427964,-0.47249141713404424,-0.934919452461072,0.5899088480046959,0.2728505138839956,0.47771440556019407,-1.4942350345800655,0.0,0.0,0.0,3.350060489157404,1.0,29.454965591430664,-19.989879608154297,1.4800000190734863
13.440083026885986,0.3874532820245429,0.9571212814155806,0.1547281289799453,0.21450232001636416,0.11818127377617721,0.9821709965946727,0.042071550526116025,0.0682045348445511,0.17005369596452372,0.38335876334557883,0.3833587633455787,0.32099230297025594,0.10680882122929633,0.1199556605649683,0.34930187800427964,-0.47249141713404424,-0.934919452461072,0.5899088480046959,0.22425585285100946,0.4049184817368592,-1.3953052556717445,0.0,0.0,0.0,3.350060489157404,1.0,29.454965591430664,-19.989879608154297,1.4800000190734863
13.46009373664856,0.398431853590606,0.9565762521808407,0.15800108737741386,0.2172637163124666,0.11311059952677933,0.9821709965946727,0.042071550526116025,0.0682045348445511,0.17005369596452372,0.3897048671601517,0.38970486716015174,0.31325726888882977,0.10680882122929633,0.1199556605649683,0.34930187800427964,-0.47249141713404424,-0.934919452461072,0.5899088480046959,0.1758137246242344,0.3345335493832482,-1.2954124691430913,0.0,0.0,0.0,3.350060489157404,1.0,29.454965591430664,-19.989879608154297,1.4800000190734863
13.480114459991455,0.2714486936951419,0.956022416997329,0.16124650088263734,0.21990330616774792,0.10799648183244046,0.977784509391166,0.08193054701971166,0.12078006905653287,0.15045601875108444,0.3958979853399887,0.39589798533998877,0.30539283751217566,0.20249748217555744,0.21315022037132317,0.3270906179016719,-0.24200409633833972,-0.875269927828716,0.5777095127025161,-0.21788236957180762,1.201841940958773,-1.5168259500167658,0.0,0.0,0.0,3.450456536805966,1.0,29.421571731567383,-19.944488525390625,1.4800000190734863
13.500091314315796,0.22559221016969344,0.955461927492021,0.16445407871023768,0.22241379815344917,0.10285651899493563,0.9703045955425602,0.15954676920986868,0.11687038963421104,0.13926640776019594,0.4019193739868845,0.40191937398688443,0.2974236319023607,0.35544291737672706,0.18338692138628335,0.31813887738275015,-0.3319011084107455,-0.9604743104417497,0.696275180112629,1.5640885248409744,1.6291687177791552,-2.445180587173078,0.0,0.0,0.0,3.595063982823412,1.0,29.36591148376465,-19.8900203704834,1.4700000286102295
13.520081520080566,0.2994864470300848,0.9548938738916091,0.16763141347512908,0.22480227120673693,0.0976797710936053,0.9754594153213539,0.1322909492601006,0.09100055633429888,0.15065501170433002,0.40778423512327444,0.40778423512327466,0.28933029150942,0.2924020534342424,0.13811277809216532,0.32683794071466044,-0.3558297633722809,-0.9480363934887719,0.716706109451942,1.1790160880795248,0.8977059502048403,-2.1849816102194217,0.0,0.0,0.0,3.4908545199242424,1.0,29.32138442993164,-19.826475143432617,1.4700000286102295
13.54008960723877,0.29131717034946947,0.9543188271407678,0.1707774470902234,0.2270686850870997,0.09246865405547454,0.9438309211545889,0.12252717782072549,0.2057331694807469,0.22769309594973414,0.4134911744854039,0.41349117448540396,0.28111394241958404,0.3518030788239414,0.33901410044750724,0.5342618017387228,-0.3112428246826072,-0.7884311977163131,0.6508570134396763,1.0134324998387063,2.2430381581379324,0.14316261924557194,0.0,0.0,0.0,3.7384255756330735,1.0,29.287988662719727,-19.77200698852539,1.4700000286102295
13.560088634490967,0.13982078907392653,0.9537383109953805,0.1738861855993311,0.22920971633137321,0.08723379240114015,0.9678868863426222,0.14199716748150065,0.17421482592726711,0.11260983127749892,0.4190301176898131,0.4190301176898131,0.27278885693675503,0.3361502911416504,0.3102113829427318,0.2846997891973118,-0.55414333928886,-0.8709691197630325,0.6866498439164913,1.7713699061014805,2.226115130623732,-2.3323136226633845,0.0,0.0,0.0,3.678411418490198,1.0,29.24346160888672,-19.72661590576172,1.4700000286102295
13.580173969268799,0.3185902494889006,0.9531503200993238,0.17697046499342972,0.23123476329255271,0.08195368240416734,0.9606643483581964,0.05265377248862247,0.20664750078172675,0.17789997317848233,0.42442428495384404,0.4244242849538441,0.26431804013615523,0.1898538790764342,0.3879629741047989,0.4036251639582898,-0.3515255096923446,-0.8605992982963653,0.6093967775706342,-0.5063203970425303,2.3955825510619673,-0.1329759670108701,0.0,0.0,0.0,3.6376363174354953,1.0,29.24346160888672,-19.72661590576172,1.4700000286102295
13.60009503364563,0.330362314163061,0.9525630407843366,0.17999023783237258,0.23311929901109532,0.07669784902667974,0.9606643483581964,0.05265377248862247,0.20664750078172675,0.17789997317848233,0.42960522003629736,0.4296052200362972,0.25581117043155993,0.1898538790764342,0.3879629741047989,0.4036251639582898,-0.3515255096923446,-0.8605992982963653,0.6093967775706342,-0.5365313348862462,2.3406680902086925,-0.02358765966278753,0.0,0.0,0.0,3.6376363174354953,1.0,29.24346160888672,-19.72661590576172,1.4700000286102295
13.620111227035522,0.3421823702549633,0.95196970559845,0.18298320741575827,0.23488861387758067,0.0714014320396372,0.9606643483581964,0.05265377248862247,0.20664750078172675,0.17789997317848233,0.43463918662873063,0.43463918662873063,0.2471614400482314,0.1898538790764342,0.3879629741047989,0.4036251639582898,-0.3515255096923446,-0.8605992982963653,0.6093967775706342,-0.5664758970783266,2.287995000404875,0.08656940517155576,0.0,0.0,0.0,3.6376363174354953,1.0,29.24346160888672,-19.72661590576172,1.4700000286102295
13.64010238647461,0.2929777816395894,0.9513747492054354,0.18592934259849261,0.23653163340196096,0.06609956531920197,0.9707094743355693,0.1293545936238115,0.13401755355895478,0.15175572767330361,0.43949305316594456,0.43949305316594456,0.23842369055711773,0.30385437388626807,0.22276138577929974,0.3444038742703388,-0.15803904842294947,-0.8918759800158591,0.676930460461976,0.02451314887907441,1.132141092296401,-1.2170331345908418,0.0,0.0,0.0,3.563442854927258,1.0,29.198932647705078,-19.672147750854492,1.4600000381469727
13.66010046005249,0.2950065811595526,0.9507781455904067,0.18883153694687302,0.23805144448202778,0.06078715573185532,0.9380396812672774,0.2076370185926614,0.19303575777849344,0.19926269369056018,0.44417287112268866,0.4441728711226885,0.22958758798904505,0.5073026329755022,0.2831710180056326,0.49249518229773276,-0.41162143805479423,-0.6977302683219572,0.6292637785943885,2.7662045953615015,1.4954623089931567,-0.12791917782358153,0.0,0.0,0.0,3.9489595897996534,1.0,29.165536880493164,-19.608600616455078,1.4600000381469727
13.680104970932007,0.13474855670936117,0.9501808586038981,0.19168777964779454,0.23944826977256195,0.055467622802711926,0.9296448305522669,0.20688436587775016,0.30122202301947265,0.04716610044157267,0.44867648051942316,0.4486764805194231,0.22065678287490664,0.5132189877203103,0.5710825538988892,0.2551394468852215,-0.3769314878663933,-0.786586076001394,0.6930502011426,1.7669616027009527,4.0,-2.7431285178862863,0.0,1.0,0.0,4.515090305007347,1.0,29.13214111328125,-19.56321144104004,1.4600000381469727
13.700098514556885,0.2609039251614174,0.9495843857213029,0.1944936856105535,0.2407214064987697,0.05014882954938233,0.9364706110903847,0.24120568256087493,0.19599239149046843,0.16257181718302535,0.4529982232339194,0.45299822323391936,0.21164264633318156,0.5685469904754133,0.29282251166208284,0.4298972421158105,-0.2596704784615408,-0.7777070513945357,0.7061412157408783,2.5629470487591073,1.9340238614549794,-1.0751915527071219,0.0,0.0,0.0,4.1151974041149,1.0,29.098745346069336,-19.508743286132812,1.4500000476837158
13.720086097717285,0.09447932441998105,0.9489895788746605,0.19724808643170264,0.2418718852826117,0.04483260751017299,0.9495301240549255,0.2057875596079731,0.22052700702941505,0.0860921773071215,0.4571376823974953,0.45713768239749536,0.20254663495661113,0.4827797780499887,0.3934322347408128,0.2788915359017129,-0.5473113748764004,-0.6881315036022485,0.6052234297730009,2.5679200201603742,2.189679333475972,-1.7637942621075644,0.0,0.0,0.0,4.054605055639656,1.0,29.065349578857422,-19.46335220336914,1.4500000476837158
13.740125179290771,0.2838984199288159,0.9483957625900187,0.19995676877328009,0.24290323696104962,0.039506779125739716,0.9526581979263004,0.07863501287240737,0.27391623883291233,0.10596596990544316,0.4611044771674835,0.46110447716748343,0.19334596229583306,0.24327325296387106,0.5296505821095387,0.2878305733523688,-0.43030135452634655,-0.7535781165452605,0.7394993226732552,-0.29870284693645655,3.2202173334376774,-0.9873587567801847,0.0,0.0,0.0,3.960041888559777,1.0,29.065349578857422,-19.46335220336914,1.4500000476837158
13.760089635848999,0.29315595193638244,0.947807715067617,0.20260081215392042,0.24380990100389674,0.03420786964055074,0.9526581979263004,0.07863501287240737,0.27391623883291233,0.10596596990544316,0.4648723774652355,0.4648723774652356,0.18410234292322178,0.24327325296387106,0.5296505821095387,0.2878305733523688,-0.43030135452634655,-0.7535781165452605,0.7394993226732552,-0.3190544036555716,3.1857838307246023,-0.8745850084896092,0.0,0.0,0.0,3.960041888559777,1.0,29.065349578857422,-19.46335220336914,1.4500000476837158
13.780099868774414,0.3025760110667855,0.9472229478018739,0.20519429993123217,0.2445984067249708,0.028906847992576777,0.9526581979263004,0.07863501287240737,0.27391623883291233,0.10596596990544316,0.4684629958529371,0.4684629958529372,0.17476390221235896,0.24327325296387106,0.5296505821095387,0.2878305733523688,-0.43030135452634655,-0.7535781165452605,0.7394993226732552,-0.3386764014246171,3.153723409872521,-0.7618551972948593,0.0,0.0,0.0,3.960041888559777,1.0,29.065349578857422,-19.46335220336914,1.4500000476837158
13.800092220306396,0.30229822372444454,0.9466444112130153,0.20772687347389512,0.2452668689310757,0.02362345784744952,0.9281123157752003,0.13930643802915246,0.31746020625673377,0.13572126979017332,0.4718630866402982,0.4718630866402982,0.16536392431933422,0.42605122091355885,0.5841179130795257,0.4202945776433594,-0.2288665381060883,-0.6141518947047905,0.7250994653736739,0.21283044253890626,3.4163010399822675,-0.13375142987619038,0.0,0.0,0.0,4.363228241525352,1.0,29.03195571899414,-19.41796112060547,1.4500000476837158
13.820112466812134,0.32631568095594266,0.9460718814658681,0.21020228367469942,0.2458176791691076,0.018348396264725175,0.9526315944088477,0.0755881696464511,0.2751756581879569,0.10515622228085415,0.4750789313900945,0.4750789313900945,0.15588460138591584,0.23664835016185984,0.5333082130526506,0.28480303997162476,-0.4607736887575631,-0.6087141518112806,0.7552328091343162,-0.31557061054973623,2.5437587804110806,-0.5955767085323473,0.0,0.0,0.0,3.9554813837162373,1.0,29.00969123840332,-19.381649017333984,1.4500000476837158
13.84011697769165,0.12539913219257987,0.9455077190222515,0.21261307069305738,0.24625055032254609,0.013095873611605406,0.9244298036449277,0.24918000323522366,0.286398115948141,0.03626269849376059,0.4781020631302486,0.4781020631302486,0.14635032364364572,0.5947379625357816,0.5368574087527332,0.24660825442507436,-0.3527035239300693,-0.6446902886199432,0.834664439088988,2.295510760179793,3.3528329066958427,-2.904423448086253,0.0,0.0,0.0,4.64095143325415,1.0,28.976295471191406,-19.336259841918945,1.4500000476837158
13.860090494155884,0.25521108623173994,0.9449534374517677,0.21495560633097938,0.24656665032458364,0.007872439436642495,0.9647340555654329,0.18309096103576095,0.16273814837440323,0.09634415956841617,0.4809296352001782,0.4809296352001783,0.13677238751379409,0.412058588061945,0.2824595541943889,0.25848276306839896,-0.04841578536531524,-0.5165790620064865,0.8219912048243955,-0.04410586612093198,-0.0008760831384182488,-1.8222990847500742,0.0,0.0,0.0,3.7639506229241966,1.0,28.954030990600586,-19.29994773864746,1.440000057220459
13.880082607269287,0.060742843961247434,0.9444087682427919,0.2172337546468558,0.2467680248156004,0.0026676275544936373,0.9463370450650929,0.22623458879999042,0.22984969697042812,-0.02081405223808883,0.4835677152181103,0.4835677152181102,0.1271308963184662,0.4862478436058872,0.46055827691355644,0.07218296246944976,-0.4627681803522533,-0.5283221121500115,0.7134960241122522,1.8977164001566198,1.8867158509247344,-3.415540059636676,0.0,0.0,0.0,4.172567197524777,1.0,28.920635223388672,-19.263635635375977,1.440000057220459
13.900134563446045,0.20642046294902572,0.9438737718458412,0.21944979878491294,0.24685563465246868,-0.0025267123091333513,0.9646450714236402,0.14307363292695646,0.21436474893186502,0.055114210096317645,0.48601955412594244,0.4860195541259426,0.11740950986704653,0.33271948789102135,0.40911881101092373,0.18378641697433717,-0.4626269951768406,-0.6597136616623069,0.8440572442149327,0.6004914627302491,1.6738323382330718,-2.052588846794043,0.0,0.0,0.0,3.8108106582626977,1.0,28.920635223388672,-19.263635635375977,1.440000057220459
13.920124530792236,0.21564665656978288,0.9433528172456822,0.2215882676470249,0.24683024647857946,-0.007676669795478583,0.9646450714236402,0.14307363292695646,0.21436474893186502,0.055114210096317645,0.48826930690651876,0.4882693069065188,0.10767118432072592,0.33271948789102135,0.40911881101092373,0.18378641697433717,-0.4626269951768406,-0.6597136616623069,0.8440572442149327,0.5797948983093795,1.6549950007451735,-1.9445645702948955,0.0,0.0,0.0,3.8108106582626977,1.0,28.920635223388672,-19.263635635375977,1.440000057220459
13.940095901489258,0.22483551975471888,0.9428458112855371,0.22365222237513468,0.24669382092940115,-0.012791336256752911,0.9646450714236402,0.14307363292695646,0.21436474893186502,0.055114210096317645,0.4903221338500778,0.4903221338500778,0.09789895329729785,0.33271948789102135,0.40911881101092373,0.18378641697433717,-0.4626269951768406,-0.6597136616623069,0.8440572442149327,0.5603021436036828,1.6385428183839559,-1.8372075183573053,0.0,0.0,0.0,3.8108106582626977,1.0,28.920635223388672,-19.263635635375977,1.440000057220459
13.960101127624512,0.30791624430419556,0.9423525446283211,0.22564499498196672,0.24644726456215543,-0.017881936750461652,0.9153184114456856,0.18088842206400194,0.3501217673008372,0.08298392913016638,0.4921823815064445,0.4921823815064446,0.08807101302156518,0.5140067731628105,0.657227362121954,0.35957853912194654,-0.13352931797965822,-0.4579941570437186,0.7572655103557289,0.34683055397529655,3.4799941491177258,-0.4492310347007127,0.0,0.0,0.0,4.777631572963834,1.0,28.898372650146484,-19.227323532104492,1.440000057220459
13.9801344871521,0.20455710725607654,0.9418743268234288,0.22756366253542737,0.24609158749057314,-0.02294477131601827,0.9063441580224372,0.2737031390522783,0.32161113673674796,0.013897324146238977,0.49384785993355107,0.493847859933551,0.07819393351821963,0.6656068320071501,0.6130604527668614,0.24860461957575683,-0.3095921297122917,-0.6102125279020217,0.8675993715723257,2.4852139643147337,3.8494704783301414,-2.6760702770535425,0.0,0.0,0.0,5.110071349572997,1.0,28.887239456176758,-19.200088500976562,1.440000057220459
14.000040769577026,0.10198430841169519,0.9414158228453638,0.22939195227001014,0.24563183651981674,-0.027938890780449935,0.9402375332053641,0.20144046552106964,0.27452422997754916,0.0034010524518389403,0.4953064647950728,0.49530646479507273,0.06834841572565722,0.46011372648480964,0.5408510407526997,0.13690240226351671,-0.380736882927845,-0.4833237772542992,0.8400899269458997,1.1721800817339658,2.354914800668245,-2.501070589683266,0.0,0.0,0.0,4.267128732116349,1.0,28.876108169555664,-19.163776397705078,1.440000057220459
14.020088911056519,0.27924613510473334,0.9409719254000757,0.23115249635381468,0.24506322915274248,-0.03292981560082593,0.9526854980749464,0.09896823959948003,0.2821120683486751,-0.05484897629221186,0.4965770962856651,0.4965770962856651,0.05840537170926471,0.18962902552969735,0.5804314360880546,-0.05823173009746456,-0.12197307391972309,-0.5010301119033804,0.8676727736681591,-2.1369250044636,2.8323369180027633,-3.056334226276504,0.0,0.0,0.0,3.980574158717513,1.0,28.84271240234375,-19.127464294433594,1.440000057220459
14.040082216262817,0.2597533461693386,0.9405481534720341,0.23282553095829492,0.24439224770924764,-0.03786650754897725,0.94722537741051,0.27737645360067276,0.15450700967375475,0.044203748021010056,0.4976454892791161,0.49764548927911617,0.04846614282309977,0.5939469162009278,0.271507236023922,0.1768185199123986,-0.27226388402153545,-0.5531889676659882,0.885666756376222,2.2290826161295376,0.07338996860443325,-2.630099183725206,0.0,0.0,0.0,4.083219458899339,1.0,28.831581115722656,-19.10930824279785,1.440000057220459
14.060087442398071,0.32351563981639037,0.9401440568966024,0.23441495736535456,0.2436186227795749,-0.0427638478200931,0.9068094637614061,0.2449020409812364,0.33157254297675437,0.08819997448924898,0.49851542295645157,0.4985154229564515,0.038501598337603984,0.6507558499167728,0.5921491252086223,0.3990182615152404,-0.3493800972005308,-0.45258429450806686,0.85599303082757,2.464319801755548,3.0035759011077845,-0.6287279367047875,0.0,0.0,0.0,4.9380964681901265,1.0,28.831581115722656,-19.10930824279785,1.440000057220459
14.080113887786865,0.3320726034286122,0.9397604984147698,0.2359193681393398,0.24274342055221018,-0.04762235960734063,0.9068094637614061,0.2449020409812364,0.33157254297675437,0.08819997448924898,0.4991864579880114,0.4991864579880114,0.028511053319427417,0.6507558499167728,0.5921491252086223,0.3990182615152404,-0.3493800972005308,-0.45258429450806686,0.85599303082757,2.465831963995203,2.990454216239038,-0.527026441946298,0.0,0.0,0.0,4.9380964681901265,1.0,28.831581115722656,-19.10930824279785,1.440000057220459
14.10010838508606,0.34076408322123725,0.9393994493680607,0.2373329270749011,0.24177076080211163,-0.05242762129080379,0.9068094637614061,0.2449020409812364,0.33157254297675437,0.08819997448924898,0.4996567051465181,0.49965670514651805,0.01852503716934138,0.6507558499167728,0.5921491252086223,0.3990182615152404,-0.3493800972005308,-0.45258429450806686,0.85599303082757,2.46857704403769,2.9796703934403963,-0.42637612309437056,0.0,0.0,0.0,4.9380964681901265,1.0,28.831581115722656,-19.10930824279785,1.440000057220459
14.120107173919678,0.32582282837556986,0.9390611469009637,0.23865649164645553,0.24070083598287267,-0.057186964713983934,0.9536180235344147,0.18068503046026776,0.22206571252810522,0.09301830076535196,0.49992724285007994,0.49992724285007983,0.008529469873168055,0.43244575404365415,0.40054222000647954,0.2835880534810151,-0.3156490184364201,-0.3478916799757384,0.9244057317545604,0.8061162114809022,0.3208542687050271,-0.6698073580677906,0.0,0.0,0.0,3.883454022300853,1.0,28.820449829101562,-19.072996139526367,1.440000057220459
14.140131950378418,0.22203712092412087,0.9387461792350962,0.23988942571435307,0.23953405241121128,-0.061904055904354965,0.9579478260119206,0.13460942268938247,0.2509928871989255,-0.03491183950773196,0.499997802181685,0.4999978021816849,-0.0014825024399896423,0.2794146961162474,0.5124053703776832,0.0007854511064901246,-0.01839256106996487,-0.34591470791430945,0.8376111977399641,-1.851681141345579,1.5076508519123673,-2.260554813240633,0.0,0.0,0.0,3.864171938645017,1.0,28.820449829101562,-19.045761108398438,1.440000057220459
14.160093307495117,0.31823592530881767,0.9384567469426307,0.2410246521754292,0.2382776974403029,-0.0665566680665144,0.927279217194473,0.18335386520062003,0.3216699197095835,0.05534506508468691,0.4998686011872184,0.4998686011872185,-0.01146217898715697,0.4775868594890727,0.6141452805605079,0.2733137430353647,-0.30157157544968066,-0.36013165048731616,0.9109719404260778,0.8696721783564293,2.5481346474707474,-0.6939515917241015,0.0,0.0,0.0,4.444911936006972,1.0,28.820449829101562,-19.027605056762695,1.440000057220459
14.180097818374634,0.2801157725648142,0.9381920885294992,0.2420665702014965,0.23692704794640765,-0.07116849417362137,0.9324172668018714,0.13389000369159232,0.3238577528036313,-0.08824773895219606,0.4995393057090659,0.49953930570906585,-0.021458845535219057,0.2498738427645123,0.6784308235678727,-0.10015316303562412,-0.227776605354459,-0.34396012645518387,0.8429407090993336,-1.0479398837651042,3.2710202770256886,-2.766995347710082,0.0,0.0,0.0,4.259839103970284,1.0,28.820449829101562,-19.009449005126953,1.440000057220459
14.200082302093506,0.34727530355194947,0.9379538601336833,0.2430099521987883,0.23548807788680926,-0.07572373845658643,0.937803257603508,0.14254366738306115,0.3137575940650975,0.04198243780102492,0.4990107407229911,0.49901074072299106,-0.03143693119710938,0.36767741378676455,0.6144596888934852,0.2073245883782882,-0.1394421387845384,-0.30690793089034757,0.8847408580121643,-0.653249048222312,2.276683130357467,-0.4775545943568815,0.0,0.0,0.0,4.20459601891902,1.0,28.820449829101562,-18.99129295349121,1.440000057220459
14.220092535018921,0.2800200617141659,0.9377422583814173,0.24385517671539586,0.23395934808455732,-0.08023174607766725,0.918893088428192,0.2949811585066216,0.25781738529130116,0.046387541501431435,0.49828182141915833,0.4982818214191584,-0.04141529238344161,0.6848685776975236,0.46278995871050055,0.2684683726372837,-0.32426415452360036,-0.1884830571849139,0.8022589587640441,2.9786046032298734,0.5900109020950111,-0.9874266474425148,0.0,0.0,0.0,4.6258993141731795,1.0,28.820449829101562,-18.99129295349121,1.440000057220459
14.240104913711548,0.2881093578866825,0.937558271338046,0.24459933356250405,0.23234439718203595,-0.0846860966423072,0.918893088428192,0.2949811585066216,0.25781738529130116,0.046387541501431435,0.49735328179224975,0.49735328179224975,-0.05137813825431036,0.6848685776975236,0.46278995871050055,0.2684683726372837,-0.32426415452360036,-0.1884830571849139,0.8022589587640441,2.9853130456101673,0.5917721634439586,-0.8923711694145378,0.0,0.0,0.0,4.6258993141731795,1.0,28.820449829101562,-18.99129295349121,1.440000057220459
14.260090351104736,0.2962865118249189,0.937402743815955,0.24523986614725857,0.23064766757369498,-0.08907950034215527,0.918893088428192,0.2949811585066216,0.25781738529130116,0.046387541501431435,0.4962272130321865,0.49622721303218653,-0.061307039125282826,0.6848685776975236,0.46278995871050055,0.2684683726372837,-0.32426415452360036,-0.1884830571849139,0.8022589587640441,2.9937036473223735,0.5956387907624161,-0.7984612202782211,0.0,0.0,0.0,4.6258993141731795,1.0,28.820449829101562,-18.99129295349121,1.440000057220459
14.280087947845459,0.1610190716105379,0.9372759144754587,0.24577652007926362,0.22886788566766472,-0.09341976895675175,0.9166065181483052,0.3218378418664419,0.22403600085072886,-0.07785091363371605,0.49490208301177374,0.4949020830117738,-0.07121747138594146,0.6757521391468698,0.47891493576485644,0.0016779995306262414,-0.27512942445504274,-0.17755996827356194,0.9385735436596487,2.690163991271005,0.4956331047776958,-3.872977671706065,0.0,0.0,0.0,4.6149967174660125,1.0,28.820449829101562,-18.982215881347656,1.440000057220459
14.300093650817871,0.21469653037095274,0.9371783706311141,0.24620744937919514,0.2270072572237926,-0.09770516188580872,0.9201642972807947,0.29837129209067487,0.2533475566560943,-0.009340963669209591,0.49337838889891955,0.4933783888989195,-0.08110342389508933,0.6654458558371003,0.4913503349956504,0.15256273485670002,0.047294870183095944,-0.24574961501103937,0.9310587715926046,1.3249948035759838,1.0169039895102197,-2.2083498944773763,0.0,0.0,0.0,4.593793726672262,1.0,28.820449829101562,-18.964059829711914,1.440000057220459
14.320096254348755,0.2072818206131288,0.9371106368297432,0.24653084035256947,0.2250687777385411,-0.10193254820168184,0.9619623830680043,0.2028961626215929,0.18154053846603035,-0.022462271679909752,0.4916575193646088,0.49165751936460866,-0.09095539375011989,0.4217919063825903,0.3665377872521632,0.03262456692044708,-0.09849364561023921,-0.2762556784899355,0.7659987008949501,-0.27738359486231956,-0.12554145280305207,-1.542086934806053,0.0,0.0,0.0,3.7315982740339093,1.0,28.820449829101562,-18.954980850219727,1.440000057220459
14.340085983276367,0.22631853302307925,0.9370731078027804,0.24674518189243547,0.22305548015247004,-0.10609928661239205,0.9013996587695209,0.35364454738939205,0.22939639673015735,-0.09895191983566277,0.4897412395218709,0.4897412395218708,-0.10076466797236767,0.7429956405834404,0.504698189306794,-0.018441016185154875,-0.23870572429470105,-0.10224052450882865,0.868437008139116,3.1796588646266253,0.42483281748850554,-3.861092452155426,0.0,0.0,0.0,4.913762165672379,1.0,28.831581115722656,-18.945903778076172,1.440000057220459
14.360094547271729,0.25358639374356384,0.9370660722516121,0.24684933340453175,0.22096613989068675,-0.1102113780627222,0.9086804946009917,0.22318037226344264,0.3407295452359408,-0.09161690439737198,0.4876271888589318,0.48762718885893175,-0.11054286356674352,0.4744504110792544,0.7209821942198645,-0.019188485406103024,0.03428119262181266,-0.08304342763220925,0.7968468398573502,-0.09441238080088826,2.6625143258038864,-2.205599508879475,0.0,0.0,0.0,4.726719809351341,1.0,28.84271240234375,-18.945903778076172,1.440000057220459
14.380139589309692,0.19899416083722016,0.9370899216568068,0.24684154540917772,0.21880062467124792,-0.11427167992429357,0.9130425411328584,0.3339766831637846,0.18698485489642158,-0.1408884566738315,0.48531353897062646,0.48531353897062646,-0.12029450898443464,0.6674435250582076,0.4506571545381779,-0.14759468745250084,-0.09957075204906093,-0.15372974537701228,0.9230907395783242,1.9608818710723557,0.05612682970039817,-4.0,0.0,0.0,1.0,4.467284437791557,1.0,28.84271240234375,-18.945903778076172,1.440000057220459
14.400094747543335,0.19585705732501046,0.9371445854157102,0.24672099668236416,0.2165748839804201,-0.11825436757661405,0.9130425411328584,0.3339766831637846,0.18698485489642158,-0.1408884566738315,0.4828165775793478,0.48281657757934776,-0.12995442437472307,0.6674435250582076,0.4506571545381779,-0.14759468745250084,-0.09957075204906093,-0.15372974537701228,0.9230907395783242,1.9846139906803915,0.0700329996005733,-4.0,0.0,0.0,1.0,4.467284437791557,1.0,28.84271240234375,-18.945903778076172,1.440000057220459
14.420092582702637,0.19330350387753342,0.9372304525058973,0.24648602680076692,0.214276394049636,-0.12218569654688685,0.9130425411328584,0.3339766831637846,0.18698485489642158,-0.1408884566738315,0.4801214044404356,0.4801214044404357,-0.13958308277919523,0.6674435250582076,0.4506571545381779,-0.14759468745250084,-0.09957075204906093,-0.15372974537701228,0.9230907395783242,2.0106568862772303,0.08540496317397184,-4.0,0.0,0.0,1.0,4.467284437791557,1.0,28.84271240234375,-18.945903778076172,1.440000057220459
14.440049648284912,0.08053107566212934,0.937347235544271,0.24613640575541368,0.21191674324186272,-0.12604889413668607,0.9353751548717205,0.24037693829985074,0.24017484849151502,-0.0980218819160939,0.477240311338939,0.47724031133893907,-0.1491364651355016,0.48226256107389354,0.5194831877581337,-0.07830990121047536,-0.07432346271878057,-0.22185308490213862,0.7864682092069221,0.3890553712876566,1.3020739436599165,-2.461906039163443,0.0,0.0,0.0,4.092970474938792,1.0,28.853845596313477,-18.945903778076172,1.440000057220459
14.46010422706604,0.2695863315142495,0.9374958732465025,0.2456680800772135,0.20948132172008885,-0.12987015795539114,0.9372982234755599,0.13746771698359736,0.28935109562914274,-0.13729752552428415,0.4741536763261739,0.47415367632617406,-0.15867668772183915,0.22062182269202296,0.6189306291092049,-0.22009649755950803,0.002807423720452229,-0.06518553998114958,0.8243706810562212,-1.8626703402035203,2.0766552148966038,-2.591510447585118,0.0,0.0,0.0,3.9293655447400213,1.0,28.876108169555664,-18.945903778076172,1.4500000476837158
14.480152606964111,0.03293047595402888,0.937675736073704,0.24508159679198874,0.20698430860101383,-0.13362904207352094,0.932920498670046,0.259150450769649,0.20662864425959448,-0.1407302042866503,0.47087739202484,0.47087739202484025,-0.1681501759733997,0.499111932518865,0.4762804732043023,-0.1758609166017545,-0.047305598946675076,-0.03284330935550739,0.6802069700721556,0.4460241547674546,0.14159560536722943,-2.9266923627356127,0.0,0.0,0.0,3.987980125284342,1.0,28.887239456176758,-18.945903778076172,1.4500000476837158
14.500078201293945,0.37239985390051966,0.9378853316300538,0.2443805100768048,0.2044428229516068,-0.13730405365961637,0.877495604167378,0.3218683130350945,0.3481626493978662,-0.07200710586552578,0.46743364856457364,0.46743364856457376,-0.17749868785320885,0.7519571249697758,0.7173313236174712,0.1300879986224103,-0.1083991908922475,0.011828028527135936,0.7528613835969037,2.843907829069455,2.363533337579101,-1.5668496449827696,0.0,0.0,0.0,5.6325290298652,1.0,28.909503936767578,-18.945903778076172,1.4500000476837158
14.520113229751587,0.1245087340253636,0.938126853328523,0.24355583959798377,0.20182930538452032,-0.14093789962124242,0.9574965290425729,0.2039181346313319,0.16062318546422602,-0.1257695652025092,0.46378388386005726,0.46378388386005737,-0.1868274847865838,0.3844900696918616,0.3670737614330117,-0.1889772598429792,0.046332247426079304,-0.0026192598755293978,0.9004263719306616,-1.078306642871115,-0.8029993075867765,-3.303229436189504,0.0,0.0,0.0,3.557023035103742,1.0,28.942899703979492,-18.945903778076172,1.4600000381469727
14.540100336074829,0.27806271562794554,0.9383982557442859,0.24261265836955345,0.1991660015763492,-0.14450161047901816,0.9156178007798298,0.32706341911155495,0.23017818302867998,-0.04112866192550794,0.4599573575405552,0.4599573575405553,-0.19605924932099,0.7061269655102035,0.464989979685708,0.08428779970833145,0.16761894013780085,-0.021638321247285534,0.7748094071633254,1.5264234457139252,0.01367353150093531,-1.410889436235847,0.0,0.0,0.0,4.525340174000138,1.0,28.942899703979492,-18.945903778076172,1.4600000381469727
14.563092231750488,0.2871381510822713,0.9387476113508999,0.2413778431606308,0.19603564544644328,-0.1485250306463458,0.9156178007798298,0.32706341911155495,0.23017818302867998,-0.04112866192550794,0.4553284132338805,0.4553284132338805,-0.2065817903444464,0.7061269655102035,0.464989979685708,0.08428779970833145,0.16761894013780085,-0.021638321247285534,0.7748094071633254,1.5724180682698847,0.04527201110826726,-1.3227065551497792,0.0,0.0,0.0,4.525340174000138,1.0,28.942899703979492,-18.945903778076172,1.4600000381469727
14.58008599281311,0.16940620274323775,0.9390310018318596,0.24036154156595924,0.19367776526088826,-0.15144645977452897,0.9391546350027261,0.17421333466748135,0.24400473771935,-0.1676304672410223,0.4517522355269846,0.4517522355269847,-0.21428933173719167,0.2907345518247131,0.5430192557294653,-0.2717956993871939,0.11207944721933175,-0.02050855077926337,0.8311983887622056,-1.601469273714701,1.3048855453001955,-3.1302026624148542,0.0,0.0,0.0,3.741285622968058,1.0,28.965164184570312,-18.954980850219727,1.4600000381469727
14.600085020065308,0.11105665394309241,0.9393914461187177,0.23905212224507535,0.19085661193143647,-0.15482747653812173,0.9349266531737703,0.205168516878601,0.2251202623109419,-0.18204093046394967,0.4473766043659819,0.4473766043659818,-0.22328048250118981,0.3547308988842258,0.5185715583049613,-0.2895880445377049,0.017763587105543287,-0.02532617734621985,0.7297925340080967,-0.6840856265430985,0.9971179566498864,-3.1511231360893635,0.0,0.0,0.0,3.7556414721049576,1.0,29.00969123840332,-18.964059829711914,1.4600000381469727
14.620102405548096,0.2222747579539225,0.9397808335303593,0.23761822803188484,0.18798458174097724,-0.15814980133923678,0.9247476308525967,0.2815446973839547,0.2449006939735934,-0.07482013565036834,0.44281778340255096,0.442817783402551,-0.23219046212635833,0.5909332534231334,0.5179189613771681,-0.0005507304037321314,0.1541839808771826,0.07623044756213852,0.6829956783135788,0.7736516996391798,0.2864196459082425,-1.10796408468268,0.0,0.0,0.0,4.211553408857153,1.0,29.03195571899414,-18.982215881347656,1.4700000286102295
14.640090703964233,0.28704088338683,0.9401975679701242,0.2360629115496736,0.1850704310848704,-0.16140560867520992,0.895368119585033,0.29975702631598544,0.3017877750447596,-0.13185520254617797,0.43808854318578394,0.438088543185784,-0.2409946645246691,0.6216873256202273,0.6680691039002078,-0.0703644487451342,0.18347873829305336,0.13750684104945782,0.7061585688832168,1.1615922918693764,1.4655251557574929,-2.0983895887724398,0.0,0.0,0.0,4.749761234818525,1.0,29.065349578857422,-18.99129295349121,1.4700000286102295
14.660098791122437,0.3877365730883,0.940641928044524,0.23438209913028143,0.18210895738866104,-0.16460292357907377,0.9322666809455623,0.17929830842621705,0.31249443019640183,-0.03283570146149652,0.4331793369875301,0.4331793369875301,-0.24971115715370862,0.4008592513153933,0.636557958141544,0.06325974405058804,0.2153224871122297,0.11572706839779241,0.814653862223539,-0.9491558212860514,1.5841782248719796,0.004553675395195356,0.0,0.0,0.0,4.067996641131656,1.0,29.109878540039062,-19.009449005126953,1.4800000190734863
14.68004846572876,0.2007104024560712,0.9411113122610202,0.23258245428061652,0.1791137226286484,-0.16772946748038353,0.9099551598917661,0.3000262757695185,0.24405529667468812,-0.1496758263690331,0.428111813532674,0.428111813532674,-0.2583026811973993,0.5936456339038358,0.5632915696331208,-0.1495219410960527,0.1465979319278859,0.05320106709383904,0.8140274524838786,1.1105040368451813,0.8109250912816892,-2.9603330544744164,0.0,0.0,0.0,4.297598162480166,1.0,29.109878540039062,-19.009449005126953,1.4800000190734863
14.700119733810425,0.2087639236928438,0.9416092199564797,0.23064697655264035,0.17605934952746935,-0.1708132153670782,0.9099551598917661,0.3000262757695185,0.24405529667468812,-0.1496758263690331,0.42284146849445275,0.4228414684944527,-0.26684282362742145,0.5936456339038358,0.5632915696331208,-0.1495219410960527,0.1465979319278859,0.05320106709383904,0.8140274524838786,1.1729111200509559,0.844644290317162,-2.896821531458845,0.0,0.0,0.0,4.297598162480166,1.0,29.109878540039062,-19.009449005126953,1.4800000190734863
14.720102310180664,0.22871357038952353,0.9421295737200118,0.2285955592531179,0.17297955454063094,-0.17382177746999372,0.9334875089467406,0.16470183977481162,0.2673498373181526,-0.1732005747714436,0.4174251980466266,0.4174251980466266,-0.27523844941384007,0.2615387191909463,0.5897922391211289,-0.28705378697339534,0.2642571191982986,0.21494727991811532,0.8089836839300162,-1.8912196649277087,1.167571890535918,-2.601774554212428,0.0,0.0,0.0,3.7442154121008504,1.0,29.15440559387207,-19.027605056762695,1.4800000190734863
14.740079879760742,0.2134452090019777,0.942673393160438,0.22642050554672477,0.16986349771814624,-0.17676826818835217,0.9193815678842755,0.3210184935607899,0.1827218182709365,-0.1352678696305065,0.4118436734024576,0.41184367340245764,-0.28352211320877646,0.6395323855874754,0.43656498087634243,-0.14552528379261528,0.14791994694004104,0.1515480598710998,0.5799004326571713,1.4837421945031175,-0.8070089627186889,-1.8826675660707202,0.0,0.0,0.0,4.124772906253448,1.0,29.198932647705078,-19.06391716003418,1.4800000190734863
14.760075330734253,0.19186872852921627,0.9432402752783124,0.22411932166378973,0.16670932757052143,-0.17965609605810923,0.9205654514630188,0.22990717681865627,0.259707688045741,-0.17959358671706402,0.40609257012583116,0.40609257012583105,-0.29169988770755007,0.4099460456908104,0.5952738949727766,-0.2579716940488288,0.29362092173941384,0.1891305645387848,0.5605396047603715,-0.6292967370602129,1.0523991569112539,-1.9248957984974604,0.0,0.0,0.0,3.9266385070820222,1.0,29.24346160888672,-19.082073211669922,1.4900000095367432
14.780096054077148,0.3671469276507683,0.9438293901364014,0.22169097421473916,0.16351749171882995,-0.18248623007901432,0.9217416719967728,0.20617279138458197,0.31700943585712305,-0.08596561972574786,0.4001715333158511,0.4001715333158512,-0.29977115258750486,0.4278210535172878,0.668550465448704,-0.03538141659475926,0.18702985452720738,0.13014844080294663,0.6919732684323603,-0.06725731704133309,2.0777270935125283,-0.2952219266589995,0.0,0.0,0.0,4.170403425112186,1.0,29.29911994934082,-19.118385314941406,1.4900000095367432
14.80008578300476,0.2355567303105377,0.9444379036421693,0.2191426626994413,0.1602986671325808,-0.18525084848524045,0.9140358811766592,0.31343655927314135,0.21123380908288997,-0.14722842501689665,0.394099638845071,0.39409963884507093,-0.30771004966069126,0.6207947646400148,0.4988820019200998,-0.1563410775120856,0.3809226106059659,0.16307598517224028,0.6172525758366698,0.7012662021360145,-0.10874148276443518,-1.9425164204087275,0.0,0.0,0.0,4.147210387373604,1.0,29.354780197143555,-19.13654136657715,1.5
14.82010293006897,0.24478500312610135,0.9450663614299415,0.21646740015936922,0.15704511658320158,-0.18795815629863818,0.9140358811766592,0.31343655927314135,0.21123380908288997,-0.14722842501689665,0.3878616203534485,0.3878616203534484,-0.3155366277578529,0.6207947646400148,0.4988820019200998,-0.1563410775120856,0.3809226106059659,0.16307598517224028,0.6172525758366698,0.7751293554304803,-0.07145809197428721,-1.885781911898035,0.0,0.0,0.0,4.147210387373604,1.0,29.354780197143555,-19.13654136657715,1.5
14.840111017227173,0.1515206061720936,0.9457123643939186,0.2136704239349223,0.15376435073698158,-0.19060324816321855,0.9467250751613923,0.24484449191777208,0.16900738156291847,-0.12328548907081582,0.3814711247404761,0.3814711247404761,-0.32323332283234124,0.47374538434233454,0.3902056318996018,-0.16364994832487298,0.2731574673361534,0.20333226571447388,0.5307962354379593,-0.2421947111843028,-0.9346468394645673,-0.8767891894693505,0.0,0.0,0.0,3.597775634572131,1.0,29.399307250976562,-19.163776397705078,1.5
14.860082149505615,0.30496730745928385,0.946373624189073,0.21075669413014075,0.1504626227234548,-0.19318275927668246,0.9177556164371531,0.21295333943663858,0.2958056194604262,-0.15771664216714285,0.37494014678769133,0.3749401467876912,-0.33078676866952367,0.38501970875133157,0.6562210101048541,-0.20786028177996416,0.3794101181602694,0.2542322066531161,0.6011163740089792,-0.6871530719318344,1.6621840429643737,-1.2377217245240202,0.0,0.0,0.0,4.014634883049402,1.0,29.454965591430664,-19.200088500976562,1.5099999904632568
14.88010287284851,0.39387347364341774,0.9470516444700838,0.2077142150439524,0.1471271442239286,-0.19570792270037493,0.9246099923180036,0.19758076893883794,0.3123832008387712,-0.09205942474816345,0.36824285781906035,0.36824285781906035,-0.3382265478421996,0.40068463615743655,0.6611736472662713,-0.05932524763073032,0.30772399042490484,0.2577611615054357,0.6088745990460463,-0.37777635322729664,1.7741898672368603,0.15620977132484537,0.0,0.0,0.0,4.057697005118438,1.0,29.5106258392334,-19.245479583740234,1.5099999904632568
14.900084972381592,0.13286856356711962,0.9477420311546441,0.20455714688220047,0.14377409285468676,-0.1981676721014184,0.926789950253789,0.23957603151282839,0.19336746968668156,-0.21511098275103013,0.3614113166752628,0.3614113166752626,-0.34551680158720705,0.41893881135924443,0.4796773091831303,-0.3522487895544035,0.2804815493321698,0.2946276803333394,0.44255482663694756,-0.22459496415333602,-0.2477035502554661,-2.07222013552569,0.0,0.0,0.0,3.626640456733924,1.0,29.577417373657227,-19.28179168701172,1.5199999809265137
14.920968532562256,0.18485024819445722,0.9484765800537621,0.20113009076265154,0.14024572421754133,-0.20067386605640591,0.9220020603546754,0.2099565651457352,0.21857648720490708,-0.24094555545828478,0.35411741318244666,0.3541174131824466,-0.3529884667818098,0.33244599166090005,0.5284925693703268,-0.42049785414601265,0.4718792994754297,0.1818451362515341,0.5044992702616519,-1.412166566282387,0.9593482187185125,-2.59785108664401,0.0,0.0,0.0,3.604498491188405,1.0,29.644208908081055,-19.309024810791016,1.5199999809265137
14.940122127532959,0.18966428365396926,0.949160537705996,0.1978733376994748,0.1369893907930867,-0.20291456995364585,0.9220020603546754,0.2099565651457352,0.21857648720490708,-0.24094555545828478,0.34729187463620154,0.3472918746362015,-0.3597059268509115,0.33244599166090005,0.5284925693703268,-0.42049785414601265,0.4718792994754297,0.1818451362515341,0.5044992702616519,-1.3237525925599631,0.9972820690785213,-2.560391566844065,0.0,0.0,0.0,3.604498491188405,1.0,29.644208908081055,-19.309024810791016,1.5199999809265137
14.96010708808899,0.19526451318242571,0.9498831447162566,0.19436052792768832,0.1335724053607536,-0.20519358930962683,0.9220020603546754,0.2099565651457352,0.21857648720490708,-0.24094555545828478,0.34003429274914293,0.34003429274914276,-0.36657424862446436,0.33244599166090005,0.5284925693703268,-0.42049785414601265,0.4718792994754297,0.1818451362515341,0.5044992702616519,-1.229512963937276,1.0369524997421333,-2.522856516869527,0.0,0.0,0.0,3.604498491188405,1.0,29.644208908081055,-19.309024810791016,1.5199999809265137
14.98011302947998,0.17227740396967312,0.9506141343977715,0.1907279954933086,0.13013339189367945,-0.20741480065927287,0.9299848992665384,0.2690138452096952,0.1568701987592813,-0.19532377981936605,0.33263307400678677,0.33263307400678666,-0.37330314501326667,0.4987871026896012,0.4080971174163306,-0.3087296292770516,0.3059300192819262,0.22289114863423187,0.3545347097170687,0.48574518184280757,-0.7004206190714326,-1.3756000181540506,0.0,0.0,0.0,3.6417158477339,1.0,29.711000442504883,-19.354415893554688,1.5299999713897705
