# simulator=gazebo,# scenario=step
t,alpha_err,q_ref0,q_ref1,q_ref2,q_ref3,q_m0,q_m1,q_m2,q_m3,phi_ref,theta_ref,psi_ref,phi,theta,psi,p,q,r,tau_x,tau_y,tau_z,sat_x,sat_y,sat_z,thrust,desat,x,y,z
7.152557373046875e-07,0.16646845433569635,1.0,0.0,0.0,0.0,0.9965380310981636,-0.05965246230358733,0.05686137002613498,-0.010969089062694719,0.0,0.0,0.0,-0.12119677188385855,0.11225598448964212,-0.028831507469530452,-0.008361490726124951,0.08732008630742186,-0.01294454886934196,-1.1596032831672467,0.7879470552930122,-0.16760358577652654,0.0,0.0,0.0,1.7674169715230408,1.0,0.0,0.0,2.180000066757202
0.04967951774597168,0.16646845433569635,1.0,0.0,0.0,0.0,0.9965380310981636,-0.05965246230358733,0.05686137002613498,-0.010969089062694719,0.0,0.0,0.0,-0.12119677188385855,0.11225598448964212,-0.028831507469530452,-0.008361490726124951,0.08732008630742186,-0.01294454886934196,-1.1596032831672467,0.7879470552930122,-0.16760358577652654,0.0,0.0,0.0,1.7663220991832036,1.0,0.0,0.0,2.180000066757202
0.050176143646240234,0.16646845433569635,1.0,0.0,0.0,0.0,0.9965380310981636,-0.05965246230358733,0.05686137002613498,-0.010969089062694719,0.0,0.0,0.0,-0.12119677188385855,0.11225598448964212,-0.028831507469530452,-0.008361490726124951,0.08732008630742186,-0.01294454886934196,-1.1596032831672467,0.7879470552930122,-0.16760358577652654,0.0,0.0,0.0,1.7652272268433664,1.0,0.0,0.0,2.180000066757202
0.060103654861450195,0.25092858310747423,1.0,0.0,0.0,0.0,0.9921396748633734,0.08020246350870643,-0.05981153751307831,-0.07515989881217064,0.0,0.0,0.0,0.16991539609168624,-0.10682986620766144,-0.16032840001221188,-0.0035842621743560343,-0.04221190231668004,-0.08652550244304791,1.6183863188715526,-1.027383140994846,-1.1570959664712213,0.0,0.0,0.0,1.7757190614653038,1.0,0.0,0.0,2.180000066757202
0.08011198043823242,0.21246285405725013,1.0,0.0,0.0,0.0,0.9943627463702318,0.05553892125430766,0.0712580971333353,0.05550171573829037,0.0,0.0,0.0,0.11975011832039187,0.13596632777101036,0.11968028951359067,-0.03684697821824208,0.035497243393998096,-0.07632618390497148,1.2581663379591215,1.2831729690907134,1.4153390503856933,0.0,0.0,0.0,1.7675690545307847,1.0,0.0,0.0,2.180000066757202
0.10011005401611328,0.1619025122812546,1.0,0.0,0.0,0.0,0.9967252359736803,0.03508516992751103,0.07256408305446302,-0.006502974306715957,0.0,0.0,0.0,0.06979152636587813,0.1456233615460841,-0.007955800909984562,-0.04340581644261654,0.06816950902864932,0.10503278724906723,0.8753266643206868,1.1786036249746632,-0.5501906351305881,0.0,0.0,0.0,1.7603535291600636,1.0,0.0,0.0,2.180000066757202
0.12010669708251953,0.08252089095721218,1.0,0.0,0.0,0.0,0.9991489085729636,-0.015039744314100309,0.027541863420775307,-0.026771446500579672,0.0,0.0,0.0,-0.03158027452791759,0.05425819246222533,-0.054432708667730645,0.012031712786486876,-0.061338541345356615,0.05284685323271579,-0.3489217374279537,0.7961914337969327,-0.7468163429424566,0.0,0.0,0.0,1.7403494985199812,1.0,0.0,0.0,2.180000066757202
0.14012670516967773,0.19335525846351856,1.0,0.0,0.0,0.0,0.9953303567966625,-0.03437250263580323,-0.06822246567042568,-0.05900599189427881,0.0,0.0,0.0,-0.06101007825144369,-0.14032421422705535,-0.11413807995665354,-0.04635102242185039,0.0028575359674470474,0.09238823073341032,-0.502045963028663,-1.3758794572783017,-1.5496727608192176,0.0,0.0,0.0,1.7580770807104829,1.0,0.0,0.0,2.180000066757202
0.16011476516723633,0.167823093491583,1.0,0.0,0.0,0.0,0.9964814914166116,0.03908818236156036,0.07253079918885226,0.015363412147737298,0.0,0.0,0.0,0.08105488179041569,0.1438456951010818,0.036675829339915214,-0.029102876528569757,-0.040275612404296376,0.12017272804440324,0.8981751533454863,1.6117184333942307,-0.17342266922286698,0.0,0.0,0.0,1.763381355418068,1.0,0.0,0.0,2.180000066757202
0.18012595176696777,0.148365189807743,1.0,0.0,0.0,0.0,0.9972497328935832,0.047684716885448224,-0.038980709402430966,0.04122671844465307,0.0,0.0,0.0,0.09233225647208239,-0.08176986553843668,0.07885399406989331,0.0065013197351299346,0.037518514735394165,0.008678538621638088,0.9276890587684448,-0.929688246990196,0.789820214406509,0.0,0.0,0.0,1.7560027060723735,1.0,0.0,0.0,2.180000066757202
0.200103759765625,0.2188814547450987,1.0,0.0,0.0,0.0,0.9940173385045342,0.05635849348820871,0.09105717534388943,0.021490504472766802,0.0,0.0,0.0,0.11812578564274127,0.17956590735586575,0.053879516158992356,-0.07647614542960057,-0.00027888661288991146,0.04871487368809646,1.4330744514825766,1.8222590533293483,0.2349505947029502,0.0,0.0,0.0,1.7882491656509525,1.0,0.0,0.0,2.180000066757202
0.2200937271118164,0.22012449019610725,1.0,0.0,0.0,0.0,0.9939492628700838,-0.10660505157579322,-0.025245914940823882,0.007929035082535809,0.0,0.0,0.0,-0.21420482049090928,-0.0485147958923728,0.02117129135554345,0.06354383278886172,-0.09453240025043728,0.047602353429059496,-2.3862763626713113,-0.1267886978147285,-0.03182871206552179,0.0,0.0,0.0,1.7962704553337054,1.0,0.0,0.0,2.180000066757202
0.2400979995727539,0.19716124316976455,1.0,0.0,0.0,0.0,0.9951448643421599,0.00656050914943003,-0.04262122472579285,-0.08847084206673955,0.0,0.0,0.0,0.020672737214019982,-0.08376568353147265,-0.1782050946073018,0.00028112948449643405,0.06467520965973333,-0.12951130533875777,0.13008566505061486,-1.1111253331547903,-1.25137161997976,0.0,0.0,0.0,1.7670042662286023,1.0,0.0,0.0,2.180000066757202
0.26013731956481934,0.25477920410764826,1.0,0.0,0.0,0.0,0.9918969116926974,0.10141953960710519,-0.0183948100534631,0.07427129003504164,0.0,0.0,0.0,0.20005918596689165,-0.05157949834043719,0.14429923411225634,0.036028457859863666,0.035878422046731806,-0.09322607142934713,1.8842769607026493,-0.5114098892561892,1.8583300864182213,0.0,0.0,0.0,1.8075932215875568,1.0,0.0,0.0,2.180000066757202
0.28014636039733887,0.2526057823305159,1.0,0.0,0.0,0.0,0.9920343875263814,0.05737036774227946,0.09633409786273389,-0.05741216299048397,0.0,0.0,0.0,0.10502785657084128,0.19903246511482037,-0.10512118075228118,-0.03458719086725157,0.05893935646859025,-0.0226667516039053,1.2857561183145956,1.690924531380317,-1.0575762533940583,0.0,0.0,0.0,1.8253744609232092,1.0,0.0,0.0,2.180000066757202
0.30011582374572754,0.24769905714228646,1.0,0.0,0.0,0.0,0.9923404452876893,0.05572270727219007,0.062330471633120006,-0.09094137037938889,0.0,0.0,0.0,0.10032428765543187,0.13424394294794656,-0.17602636231294339,0.06707377990480176,-0.030248305887559654,0.1192094932918962,0.8461590258245945,1.3676026562126389,-2.2956653807553624,0.0,0.0,0.0,1.8162845427456067,1.0,0.0,0.0,2.180000066757202
0.32010984420776367,0.23079599950404034,1.0,0.0,0.0,0.0,0.9933490364831411,-0.024210612591935046,-0.07041368702633011,0.08782625254043673,0.0,0.0,0.0,-0.061069496356763814,-0.13605746756135864,0.18053216204626998,0.044646598109356894,-0.05309619114368611,0.04328273354409322,-0.6627986442761284,-1.1958889759518576,1.5833941166323617,0.0,0.0,0.0,1.809881329693305,1.0,0.0,0.0,2.180000066757202
0.3401052951812744,0.21937610592210535,1.0,0.0,0.0,0.0,0.99399029461062,-0.09052961697986117,0.04524304986393259,-0.04172228551244672,0.0,0.0,0.0,-0.18543410918906217,0.08248159136954632,-0.0915735829298194,-0.04170922488986076,-0.08067656179708643,0.10339836928389473,-1.6437554400377805,1.2275672444669976,-1.2480391873845134,0.0,0.0,0.0,1.8397686969442388,1.0,0.0,0.0,2.180000066757202
0.36009812355041504,0.15972183530754647,1.0,0.0,0.0,0.0,0.996812811384703,0.07706871367710905,0.01516783728516337,-0.013948804377840839,0.0,0.0,0.0,0.15391037764247045,0.032394687493907816,-0.025486892166655426,0.042619878113902054,0.07190223115019298,0.05285186806697684,1.3708947610865727,0.015747821102495507,-0.49038355982472415,0.0,0.0,0.0,1.8375043563518294,1.0,0.0,0.0,2.180000066757202
0.3801090717315674,0.17223003504671108,1.0,0.0,0.0,0.0,0.996294392730208,0.017045138641198613,0.07942042338110608,-0.028272647789233045,0.0,0.0,0.0,0.029858360946274243,0.1598965401431575,-0.05434798195004837,-0.06047705723398189,-0.08977209035282666,0.045633439537837356,0.5828110017598997,1.9474968290334282,-0.7479867139360104,0.0,0.0,0.0,1.8646206097499254,1.0,0.0,0.0,2.1700000762939453
0.40010714530944824,0.20257815999115703,1.0,0.0,0.0,0.0,0.9948746453407326,-0.02648690683328516,-0.042689577553766934,0.08775240049615436,0.0,0.0,0.0,-0.060426275149076954,-0.08037950290082012,0.17838415799878296,-0.06499836593353565,0.0790422742397926,0.016438128599998048,-0.2697446729315606,-1.169960648034509,1.689295495523095,0.0,0.0,0.0,1.8630316989089852,1.0,0.0,0.0,2.1700000762939453
0.4201016426086426,0.22122184531220804,1.0,0.0,0.0,0.0,0.9938888464243707,0.011000909115351334,0.08725311985906507,-0.0667145713223807,0.0,0.0,0.0,0.010385531165102144,0.17581196861838516,-0.1331331572567041,0.015985367498334638,0.014522873380530626,-0.03332004578646294,0.15607671231368814,1.6869709036591791,-1.2010112433017621,0.0,0.0,0.0,1.8968362974292259,1.0,0.0,0.0,2.1700000762939453
0.4402787685394287,0.3176637974264408,1.0,0.0,0.0,0.0,0.9874127096191624,0.0911976305172344,0.08659977951735393,-0.0959146039877732,0.0,0.0,0.0,0.16725043267280323,0.18964860823527765,-0.1777230406948725,-0.030817559099466804,0.09571570728073431,0.027918868702444394,1.9472228467425552,1.3491327612241413,-2.0299675545652414,0.0,0.0,0.0,1.9555022117255079,1.0,0.0,0.0,2.1600000858306885
0.4600944519042969,0.15451253853385832,1.0,0.0,0.0,0.0,0.9970172184410375,-0.0353118413127671,0.023919507384091206,-0.06432415690625783,0.0,0.0,0.0,-0.07362525375592378,0.043166917427276644,-0.13044466097466645,0.051669022420847754,0.03255372118331362,-0.050885625724221,-0.912912915938733,0.34817526294856965,-1.0829406352282724,0.0,0.0,0.0,1.9150179077371514,1.0,0.0,0.0,2.1600000858306885
0.4801146984100342,0.1790312263507476,1.0,0.0,0.0,0.0,0.9959961521548505,0.07558103005267335,-0.03870813559917897,-0.027943747553683677,0.0,0.0,0.0,0.1537321907648265,-0.0729469514913321,-0.06171813826663696,-0.057011454453247956,0.02765504173127517,0.08506173474544129,1.7396664188664588,-0.88478287890868,-0.8991218900554387,0.0,0.0,0.0,1.9508425796077844,1.0,0.0,0.0,2.1600000858306885
0.5000972747802734,0.1536064256540354,1.0,0.0,0.0,0.0,0.9970520827587269,-0.0143989461777545,-0.01615064006027199,0.07361366341310747,0.0,0.0,0.0,-0.031109912926010164,-0.030090680989436642,0.14786332438120345,0.04629841399011142,0.01692947742481496,-0.05748881928629819,-0.47317257951553565,-0.39073071090469963,1.7022285454073423,0.0,0.0,0.0,1.9514519316910102,1.0,0.0,0.0,2.1500000953674316
0.5201051235198975,0.13410322048576603,1.0,0.0,0.0,0.0,0.9977528828758176,-0.05892885090392223,0.006542571331678831,-0.031205288085647268,0.0,0.0,0.0,-0.11828199031294005,0.009378092741633775,-0.06308603416469462,-0.06004232117358749,0.013168043668621482,0.14371219739618776,-0.9384077333840946,0.0781792519590907,-1.1989545512976965,0.0,0.0,0.0,1.9786318015514393,1.0,0.0,0.0,2.1500000953674316
0.5401275157928467,0.21169722780224864,1.0,0.0,0.0,0.0,0.99440326384909,-0.06292281747324732,0.04129317841582205,-0.07414675518068642,0.0,0.0,0.0,-0.13199695172688627,0.07285753750799846,-0.15367028744774844,0.04314332719951275,0.04321676620435694,0.10629330930066266,-1.4310296582629976,0.6529965034990133,-1.908108340816379,0.0,0.0,0.0,2.014863519475957,1.0,0.0,0.0,2.140000104904175
0.5601263046264648,0.20726938155499205,1.0,0.0,0.0,0.0,0.9946347299968575,-0.04390980905548523,0.05848251717502814,-0.07316746365469994,0.0,0.0,0.0,-0.09664144620392537,0.11013445945892372,-0.1521910647903608,0.06232754779910821,0.05274532765342191,-0.06473733327387605,-1.1275063723061374,0.9586690328868753,-1.2043999399984946,0.0,0.0,0.0,2.0292747097123227,1.0,0.0,0.0,2.140000104904175
0.5801529884338379,0.18394451562141,1.0,0.0,0.0,0.0,0.995773532427967,-0.0033670409261839073,0.07428953879557056,0.05389619260088286,0.0,0.0,0.0,0.0013167897684560105,0.1488632537105469,0.10824257112694703,0.07026070988326205,-0.048314591121286755,-0.09009630638652617,-0.34838365805672633,1.6790491403965582,1.438309077563762,0.0,0.0,0.0,2.0581260083550097,1.0,0.0,0.0,2.130000114440918
0.6001098155975342,0.1456788987925377,1.0,0.0,0.0,0.0,0.9973483799832622,0.013099179413156825,0.07065537964996334,-0.01150816101659664,0.0,0.0,0.0,0.02475329983832753,0.14171138653904644,-0.02131954813689935,0.08397708049584193,0.09043658860992701,-0.12765648838641763,-0.07392473372023123,1.0513612385595588,0.2804627332137377,0.0,0.0,0.0,2.0847169272877903,1.0,0.0,0.0,2.119999885559082
0.6200952529907227,0.2021017722891618,1.0,0.0,0.0,0.0,0.9948987023208262,0.059001341317568456,-0.030754612943141645,-0.075825903395748,0.0,0.0,0.0,0.12253809171684911,-0.052271589526154134,-0.1553426524844673,0.023654336194567138,0.054545290019234166,-0.06665333496344597,1.0854094815731006,-0.8332734189397696,-1.2499047280611761,0.0,0.0,0.0,2.0808911546093016,1.0,0.0,0.0,2.119999885559082
0.6401152610778809,0.2792881515854159,1.0,0.0,0.0,0.0,0.9902656002627601,0.08801172369291067,0.013522197236988184,-0.10698190319265265,0.0,0.0,0.0,0.17244875863517214,0.04562828785190297,-0.2112876076934371,0.05411664713723549,-0.04218836245899169,0.10897749856908079,1.5437678853092716,0.4391973945757305,-2.575548058129376,0.0,0.0,0.0,2.1121136996955956,1.0,0.0,0.0,2.119999885559082
0.6602799892425537,0.2000376723812717,1.0,0.0,0.0,0.0,0.9950022846202433,0.07957154436183142,-0.05738906550331312,-0.018582736316967316,0.0,0.0,0.0,0.16219318239632907,-0.11147794064252234,-0.04641749066272106,-0.03222591403033502,0.07645896339600755,0.08833460216274167,1.7203345433579686,-1.4536171636502926,-0.7249931349903129,0.0,0.0,0.0,2.1482372663203555,1.0,0.0,0.0,2.109999895095825
0.6800978183746338,0.18572642733240632,1.0,0.0,0.0,0.0,0.9956913094695178,0.06007019418643013,-0.06595130594517522,0.02531428966824147,0.0,0.0,0.0,0.11761901743347977,-0.13478327317392744,0.042889032390163846,-0.0018035892506632345,0.056566526821983265,-0.06412869864102128,1.2086182407312553,-1.5452922261914375,0.7628005879289145,0.0,0.0,0.0,2.16980664486094,1.0,0.0,0.0,2.0999999046325684
0.7001528739929199,0.24733077393046343,1.0,0.0,0.0,0.0,0.9923631760570961,-0.10027819097765168,-0.06522969437475785,-0.030078201274312197,0.0,0.0,0.0,-0.1982121043703278,-0.1359135257356706,-0.04706602639233658,0.036659787288619045,0.0946121328979769,-0.048249139959432724,-2.15220296870751,-1.6830424190870645,-0.4085674656485131,0.0,0.0,0.0,2.2275265167474667,1.0,0.0,0.0,2.0899999141693115
0.7200908660888672,0.23897650678935303,1.0,0.0,0.0,0.0,0.9928697681662507,-0.08100001266603377,0.005324913715841335,0.0872941389986568,0.0,0.0,0.0,-0.1606543100884729,0.024718061396071144,0.17340115612886142,0.02153018814512324,-0.03233334424878467,-0.05566369630340254,-1.7061210059011682,0.23583165131196537,1.9685375651867463,0.0,0.0,0.0,2.2212510767798497,1.0,0.0,0.0,2.0799999237060547
0.740117073059082,0.21569606382196044,1.0,0.0,0.0,0.0,0.9941900356867437,-0.07629229650748749,0.0713461320098195,0.025988225834830986,0.0,0.0,0.0,-0.15015246981126604,0.14635050470646904,0.041240581449257005,0.060267852127350946,0.10626899494448941,0.06986373084132991,-1.7669173386591535,1.0018466604184324,0.2403095933313001,0.0,0.0,0.0,2.2690740659317306,1.0,0.0,0.0,2.069999933242798
0.7600917816162109,0.18104154126413247,1.0,0.0,0.0,0.0,0.9959057918530259,-0.0678581084101226,0.03178050274785979,-0.05056610051893411,0.0,0.0,0.0,-0.13904309290551722,0.05646813839100433,-0.10539396017333157,0.0215302758457879,0.08000079625389764,-0.02701973916732331,-1.4432832715856039,0.31560686994160525,-0.903243053709389,0.0,0.0,0.0,2.2716798161503897,1.0,0.0,0.0,2.059999942779541
0.7801041603088379,0.11106490527879734,1.0,0.0,0.0,0.0,0.9984584695674935,-0.035395097518988804,-0.04193561481148504,-0.00832321037478157,0.0,0.0,0.0,-0.07029104601562158,-0.0844314193848615,-0.013701363798467201,-0.019141451596078815,-0.06294519090349274,-0.050444534132993046,-0.6313361439954608,-0.58693153261573,0.035313929036340785,0.0,0.0,0.0,2.2854429016514333,1.0,0.0,0.0,2.049999952316284
0.8001112937927246,0.16164522381540633,1.0,0.0,0.0,0.0,0.9967356302681449,-0.047805349365198216,-0.06298928904061622,0.01628132034550467,0.0,0.0,0.0,-0.09826505202228725,-0.12433074172030811,0.03878785227260989,0.06962429750756055,-0.0676524834138254,-0.08598907685828387,-1.2346041773342065,-0.9891758471570229,0.6695827143432289,0.0,0.0,0.0,2.3249822651236864,1.0,0.0,0.0,2.0399999618530273
0.820178747177124,0.12399272598676443,1.0,0.0,0.0,0.0,0.998078840945153,-0.03932911011733146,0.028901969183847978,0.03816444067787479,0.0,0.0,0.0,-0.07651662409776078,0.06073216194228097,0.07411320545921044,0.10156424834223943,0.08894041519024395,0.0654835088685955,-1.1928391957155868,0.2222777229159837,0.5013547780831138,0.0,0.0,0.0,2.3299200276087486,1.0,0.0,0.0,2.0299999713897705
0.8401260375976562,0.15336539269309324,1.0,0.0,0.0,0.0,0.9970613224737523,-0.07200947527135154,-0.003997979952241302,-0.025833521911236636,0.0,0.0,0.0,-0.1438950275777012,-0.011693245542925008,-0.05096496899622966,0.03356293904490318,-0.07498197343862958,0.14289043722396808,-1.5744412616066437,0.2199682947096923,-1.0882321871206049,0.0,0.0,0.0,2.3652071764861757,1.0,0.0,0.0,2.0199999809265137
0.8600959777832031,0.09949710429373124,1.0,0.0,0.0,0.0,0.9987627959761451,-0.016454718962953137,0.0190713626174561,0.042876598811902325,0.0,0.0,0.0,-0.03126278672839647,0.03951686367306982,0.08518890199261567,0.033616363984008746,-0.0402778529623693,-0.019001359481269672,-0.46355983519509775,0.5425386641985992,0.9335374141631252,0.0,0.0,0.0,2.364014637193781,1.0,0.0,0.0,2.009999990463257
0.8800945281982422,0.12892054365464997,1.0,0.0,0.0,0.0,0.9979231559565703,-0.007632392505692864,0.0581389040384181,0.026664381251575203,0.0,0.0,0.0,-0.012216009805858408,0.11670810548141047,0.0527133634079017,0.05930639862936404,0.005674551727870486,0.02849572365051105,-0.38987344463131346,1.1400798738568803,0.41930473042945987,0.0,0.0,0.0,2.396622294659644,1.0,0.0,0.0,2.0
0.9001457691192627,0.18471462913084447,1.0,0.0,0.0,0.0,0.995738093975572,0.045854158569296324,-0.066937116816715,0.043845943256612965,0.0,0.0,0.0,0.08637224094955519,-0.13776002959841338,0.08204792985890078,-0.014093797812540942,-0.012494856066181323,-0.04410105766412356,0.9734583626360902,-1.2887629120695747,1.0533230957887536,0.0,0.0,0.0,2.430013528794077,1.0,0.0,0.0,1.9900000095367432
0.9225082397460938,0.11933998588955354,1.0,0.0,0.0,0.0,0.9982202741256997,0.05692281828632893,0.008084969100564882,0.01583383583965267,0.0,0.0,0.0,0.11415855920888042,0.01433903838834353,0.03254083768414716,0.06684882128050443,-0.08869349132789449,0.01474075196071975,0.871061080604561,0.5164733473228755,0.2577137089501744,0.0,0.0,0.0,2.4310773988808516,1.0,0.0,0.0,1.9800000190734863
0.9401023387908936,0.1772833138146244,1.0,0.0,0.0,0.0,0.9960739000668953,0.02504423224781865,0.08206662703877529,0.021786251699654223,0.0,0.0,0.0,0.054213523546582376,0.1631200357918677,0.04816983898141464,0.02580297394302883,-0.08920555665524631,0.019858493437502206,0.39767274918425766,1.9981547673964912,0.35629106024307566,0.0,0.0,0.0,2.4675112613448373,1.0,0.0,0.0,1.9700000286102295
0.9608585834503174,0.2249862897272392,1.0,0.0,0.0,0.0,0.9936793159330645,-0.07503707617242884,-0.0042195052446697,-0.0833849510510157,0.0,0.0,0.0,-0.14900508957109354,-0.020901117783233142,-0.16587828993909157,0.06942528612661175,-0.027945530299251287,-0.043803035722684805,-1.7784426679550238,0.02739201630361114,-1.492486878129575,0.0,0.0,0.0,2.4591391515476673,1.0,0.0,0.0,1.9700000286102295
0.980118989944458,0.24341463291711776,1.0,0.0,0.0,0.0,0.9926028023481333,0.029600835865669,-0.07631507389508692,-0.08966312945170855,0.0,0.0,0.0,0.07330150604952924,-0.14671872628201366,-0.18556308000055116,-0.008552428583344707,-0.03621267485017628,-0.07113700426080348,0.6262264316467588,-1.3814507785010333,-1.5087145719909572,0.0,0.0,0.0,2.492164120116748,1.0,0.0,0.0,1.9500000476837158
1.0000991821289062,0.9871117195471936,0.8775825618903728,0.479425538604203,0.0,0.0,0.9983395175640467,0.009445581188370224,0.05594932544722629,0.009932856990848131,1.0,0.0,0.0,0.020097990978678985,0.11175769491356989,0.021022359610694055,-0.04109979746239516,-0.06184709382750251,0.11636750703988638,-4.0,1.1341501162959937,0.24533872328040474,1.0,0.0,0.0,2.4896183632943325,1.0,0.0,0.0,1.940000057220459
1.0201103687286377,0.9758137742739443,0.8775825618903728,0.479425538604203,0.0,0.0,0.9894922537419145,0.031193271893830234,0.10145274842033436,-0.09818044312012698,1.0,0.0,0.0,0.04274733602828924,0.20840385507064235,-0.19332745914596122,0.0893882515001738,0.015859091872781783,0.10676778848358184,-4.0,2.6586311263649267,-1.1775192788662785,1.0,0.0,0.0,2.5451333794638074,1.0,0.0,0.0,1.9299999475479126
1.040102481842041,1.0573735345107738,0.8775825618903728,0.479425538604203,0.0,0.0,0.993319385266419,-0.01720718018129165,-0.0891474550339645,0.0712267019110044,1.0,0.0,0.0,-0.0476336676044148,-0.17555290286490952,0.14735911484619274,-0.06884413166649667,-0.016322902105455256,0.09867673101837643,-4.0,-2.182351429606132,0.0006479737906692207,1.0,0.0,0.0,2.5434352118655625,1.0,0.0,0.0,1.9199999570846558
1.060152530670166,1.0724526680274633,0.8775825618903728,0.479425538604203,0.0,0.0,0.9988212336898935,-0.03526168012427457,0.03241117454563607,-0.007891312285344478,1.0,0.0,0.0,-0.07115842378088733,0.06423357850290533,-0.01808805216195984,-0.13737623147875333,-0.015860797966394363,0.12164431670349016,-4.0,0.707978756552189,-0.31430793158822407,1.0,0.0,0.0,2.52639157198301,1.0,0.0,0.0,1.909999966621399
1.0801334381103516,0.8344604111781649,0.8775825618903728,0.479425538604203,0.0,0.0,0.9956587749756046,0.08435526943402515,0.03766857496240378,0.011352127249689465,1.0,0.0,0.0,0.1701053782353092,0.0731601171703497,0.02904253646972285,-0.16084893854864,-0.032016616852506605,-0.009527731000436336,-4.0,0.6803621633556272,0.5985450390915698,1.0,0.0,0.0,2.5837020759599993,1.0,0.0,0.0,1.8899999856948853
1.1001226902008057,0.96496368110867,0.8775825618903728,0.479425538604203,0.0,0.0,0.997547654697564,0.02172538314974615,0.06263813013431575,0.022430982761861135,1.0,0.0,0.0,0.04653001411255808,0.124314342369307,0.04786110064103026,-0.45318495931438296,0.09561438465147995,-0.08007853116394734,-4.0,0.5018653558594505,1.314621296549337,1.0,0.0,0.0,2.5746616132574363,1.0,0.0,0.0,1.8799999952316284
1.1201164722442627,1.0331485970950096,0.8775825618903728,0.479425538604203,0.0,0.0,0.9947042240732907,-0.007131105380592081,-0.03752844354920531,0.09541629772516592,1.0,0.0,0.0,-0.021407547641704355,-0.07336434941473725,0.19204903814289032,-0.7060426723528179,-0.025812797585217734,-0.043921675576066105,-4.0,-1.4703351609026591,1.490558397148074,1.0,0.0,0.0,2.5717403269506693,1.0,0.0,0.0,1.8700000047683716
1.1401326656341553,0.8138766758728054,0.8775825618903728,0.479425538604203,0.0,0.0,0.9934251914527499,0.09704177441817552,-0.003570234173162976,0.060634449224740754,1.0,0.0,0.0,0.19361618079253762,-0.018862788779853385,0.12008839587653522,-1.027132883074437,-0.08007826217967623,-0.1492944897022818,-3.713693237120811,-0.32374452587676417,1.6271794357700857,0.0,0.0,0.0,2.6259330219411186,1.0,0.0,0.0,1.8600000143051147
1.1601202487945557,1.0277382770253287,0.8775825618903728,0.479425538604203,0.0,0.0,0.9937896105838374,-0.002676699398425227,0.08820716236688962,-0.06778304864150277,1.0,0.0,0.0,-0.017549620245416144,0.17586092980098544,-0.1377495023128663,-1.4174668729390851,0.076192945293102,-0.03725588899240842,-3.906075388821616,1.8933480614316405,-0.1949055470914724,0.0,0.0,0.0,2.629385477009647,1.0,0.0,-0.009078041650354862,1.850000023841858
1.1801111698150635,1.020327804017103,0.8775825618903728,0.479425538604203,0.0,0.0,0.9985257106148846,-0.007559606760202223,0.0530831021352525,0.008452328340129147,1.0,0.0,0.0,-0.014280719604218162,0.10633777015549672,0.01616919238217111,-1.6872883224834576,0.023764677003672102,0.05768793562080707,-2.9579048238499217,0.7555921459456558,0.4265884733296613,0.0,0.0,0.0,2.6278620710778013,1.0,0.0,-0.009078041650354862,1.8300000429153442
1.2000877857208252,0.9725955070992344,0.8775825618903728,0.479425538604203,0.0,0.0,0.9967180575006839,0.0195375373610168,0.017000623946816222,-0.07669665749789532,1.0,0.0,0.0,0.03637181649224906,0.036894955273604244,-0.15292460359668328,-2.152645616088978,-0.09543054528046989,-0.07435241952260765,-0.6035433249138951,1.4155179300629266,-0.8857326395720008,0.0,0.0,0.0,2.628928608750548,1.0,0.0,-0.009078041650354862,1.8200000524520874
1.2200593948364258,0.6056259804065252,0.8775825618903728,0.479425538604203,0.0,0.0,0.9713315457302953,0.21291687752137253,-0.09747723905247856,0.04098315998614692,1.0,0.0,0.0,0.427502916829045,-0.2083209535883327,0.03895933366496221,-2.4674141429424856,0.0625268317211192,0.07800792261218642,4.0,-2.3539613013591794,-0.5273711164363328,1.0,0.0,0.0,2.9633034034125547,1.0,0.0,-0.009078041650354862,1.809999942779541
1.2400925159454346,0.5824346046416177,0.8775825618903728,0.479425538604203,0.0,0.0,0.9759798297786845,0.21148684786659563,0.051843751417254266,-0.006993603049034066,1.0,0.0,0.0,0.4272199479807444,0.1043442637257601,0.008322674070802515,-2.808886960222468,-0.09832296740826019,-0.025623715425664377,4.0,1.3702935515396166,0.4768499490199355,1.0,0.0,0.0,2.9295740154814576,1.0,0.0,-0.009078041650354862,1.7999999523162842
1.2601003646850586,0.8533527599458607,0.8775825618903728,0.479425538604203,0.0,0.0,0.9961932004766255,0.07530776509526865,0.04064317222033581,-0.016612657594783316,1.0,0.0,0.0,0.1497719166233125,0.08357629056037891,-0.02707514129366668,-2.980141378395736,0.09076085848430845,0.07163554048887073,3.690331908186808,0.5096019963727688,-0.1884142395458754,0.0,0.0,0.0,2.704901235137585,1.0,0.0,-0.018156083300709724,1.7899999618530273
1.2801108360290527,0.6934490430628437,0.8775825618903728,0.479425538604203,0.0,0.0,0.9874198209088052,0.1542437855892703,0.03433612672386063,-0.005655288243505787,1.0,0.0,0.0,0.3098931800341749,0.06960913109287267,-0.0005774174579575229,-3.2394042695370318,0.06984619318434346,0.10323882720330632,4.0,0.3774967406190839,-0.1829826347491305,1.0,0.0,0.0,2.8067124294211534,1.0,0.0,-0.018156083300709724,1.7899999618530273
1.30010986328125,0.511021125516291,0.8775825618903728,0.479425538604203,0.0,0.0,0.9642264185899682,0.2531072753129595,0.02653657004984031,-0.07416152187491216,1.0,0.0,0.0,0.5076055674652027,0.08883295366848933,-0.13046658646766543,-3.3833213214471276,0.01783555168652018,0.030014007863792602,4.0,1.1055169671881062,-1.1672670108916,1.0,0.0,0.0,3.0931986004050533,1.0,0.0,-0.03631216660141945,1.7699999809265137
1.3201041221618652,0.5705315163282324,0.8775825618903728,0.479425538604203,0.0,0.0,0.976330439107396,0.21437391753637866,-0.02815445914657676,-0.005479377941773591,1.0,0.0,0.0,0.43288277276178927,-0.05265116222952017,-0.022804104859643494,-3.3680205440577025,0.05895326415631749,-0.05784887317816323,4.0,-0.6774312299360676,-0.1347359727306443,1.0,0.0,0.0,2.9856460106343174,1.0,0.0,-0.03631216660141945,1.7599999904632568
1.3400957584381104,0.43262494893281084,0.8775825618903728,0.479425538604203,0.0,0.0,0.942459915742034,0.31205920500281187,0.07458094057845001,0.09394702281054486,1.0,0.0,0.0,0.648826881208339,0.082037015655441,0.22631147015228495,-3.3807587605553846,-0.0863337435162968,0.00027983794141209217,4.0,0.7535415918616475,2.3629261795640057,1.0,0.0,0.0,3.426217864963962,1.0,0.0,-0.03631216660141945,1.75
1.3603096008300781,0.2819884122913779,0.8775825618903728,0.479425538604203,0.0,0.0,0.9259733743344376,0.37014858793688227,0.0229648929953593,0.07096440348328989,1.0,0.0,0.0,0.7598177447727895,-0.010005155493700351,0.1489810743409773,-3.4256776534872655,0.05574938492458634,-0.05588338253734537,4.0,-0.5003686943642762,1.6892751142528946,1.0,0.0,0.0,3.7719129940618545,1.0,0.0,-0.054468248039484024,1.7400000095367432
1.3801159858703613,0.23684101990197945,0.8775825618903728,0.479425538604203,0.0,0.0,0.9165431157307712,0.3935005768674173,0.06906046346832559,0.018348443996149738,1.0,0.0,0.0,0.8160577510635648,0.11238999799774209,0.08865968219729305,-3.3262085483910524,0.08045502416993802,0.09610690145999987,4.0,0.7143708195295785,0.5998048818280205,1.0,0.0,0.0,4.035766294485544,1.0,0.0,-0.0726243332028389,1.7300000190734863
1.4001379013061523,0.23478560727715594,0.8775825618903728,0.479425538604203,0.0,0.0,0.9201348271018335,0.38717815518630927,0.038837465603703124,0.04400712858488347,1.0,0.0,0.0,0.7986738725184545,0.03740293205369983,0.11136681282900672,-3.2051380246087113,0.06411545344779654,0.1175149547620506,4.0,0.003237010960710829,0.6747314111525711,1.0,0.0,0.0,3.974391213836139,1.0,0.0,-0.08170237392187119,1.7100000381469727
1.4201157093048096,0.13845868930147576,0.8775825618903728,0.479425538604203,0.0,0.0,0.8936745679278765,0.4449729350098553,-0.026530436838994895,-0.05139056011341549,1.0,0.0,0.0,0.9240521422012036,-0.0016843374235280546,-0.1157217988863836,-2.9343170076130374,-0.043102583044661,-0.07006798077791661,4.0,0.1995162968248446,-0.8761046443333793,1.0,0.0,0.0,4.615802323755281,1.0,0.0,-0.09985845535993576,1.7000000476837158
1.4401116371154785,0.08657607895131415,0.8775825618903728,0.479425538604203,0.0,0.0,0.8663250219988079,0.4980783618144985,-0.03597306471500461,-0.010239158459592158,1.0,0.0,0.0,1.0449672978178202,-0.052152563941322234,-0.053674399710844235,-2.5593511423770363,-0.07958285763539488,-0.041394108250274675,4.0,-0.21487697410438378,-0.3590658237750074,1.0,0.0,0.0,5.56682376616768,1.0,0.0,-0.12709258496761322,1.690000057220459
1.4601566791534424,0.2274457586271116,0.8775825618903728,0.479425538604203,0.0,0.0,0.9241444987030344,0.3807211090896335,0.025682389392714423,-0.01867612073096298,1.0,0.0,0.0,0.7811046499405347,0.061728458783534466,-0.014992327809185357,-2.283650225270146,-0.022881088210565073,0.013027324091037379,4.0,0.7213688792263304,-0.13365018656429772,1.0,0.0,0.0,3.9530770750912927,1.0,0.0,-0.16340474784374237,1.6799999475479126
1.4801325798034668,0.28561493727980963,0.8775825618903728,0.479425538604203,0.0,0.0,0.9163506495649757,0.38722797566229705,-0.06538009454218531,0.07798349276597931,1.0,0.0,0.0,0.7910889696723472,-0.1812070225870401,0.0939608103604353,-1.8594121359020577,0.0015883445733813756,0.01977617669894899,4.0,-1.9016275560241727,0.6627366197411355,1.0,0.0,0.0,4.076256147294625,1.0,0.0,-0.19063887000083923,1.6699999570846558
1.5001814365386963,0.2522412092645741,0.8775825618903728,0.479425538604203,0.0,0.0,0.9114686859655042,0.400830354685381,-0.07928643569847092,0.047681467902540325,1.0,0.0,0.0,0.8264269851760206,-0.18379154584271712,0.023761910165338834,-1.692629150022331,-0.07336156164678471,-0.04534577063769374,4.0,-1.5553558892935577,0.25803273490793466,1.0,0.0,0.0,4.2675967972259725,1.0,0.0,-0.22695103287696838,1.659999966621399
1.520106315612793,0.10314474376013215,0.8775825618903728,0.479425538604203,0.0,0.0,0.8856122046428119,0.4619541403832198,-0.008629230801331478,-0.047063059253262866,1.0,0.0,0.0,0.9602980869318092,0.02820138396328278,-0.09149579387775722,-1.3071462572613324,0.06539251475142366,0.029036574290889433,4.0,0.038237342135930885,-1.024922171854461,1.0,0.0,0.0,5.0345516203646605,1.0,0.0,-0.272341251373291,1.6399999856948853
1.540112018585205,0.23239908904496961,0.8775825618903728,0.479425538604203,0.0,0.0,0.8477061540583192,0.5200479895199928,-0.03731901934730851,0.09773257268087256,1.0,0.0,0.0,1.0898142674098266,-0.16567931375245704,0.12900070400253466,-1.093085548493985,-0.007900343908598978,-0.05556965400591188,4.0,-1.5605188624205866,1.5798128272767102,1.0,0.0,0.0,6.403501765384802,1.0,0.0,-0.31773144006729126,1.6299999952316284
1.5601081848144531,0.21381374748476298,0.8775825618903728,0.479425538604203,0.0,0.0,0.8966905078811361,0.43254046965413756,-0.02898829006187165,0.08952404272896256,1.0,0.0,0.0,0.8899749661104394,-0.12979673695270968,0.13705137994875594,-1.0465830035826809,-0.06050419374298675,-0.05912829085735612,3.180204889893784,-1.1251778302415951,1.5298534072841938,0.0,0.0,0.0,4.750584509895949,1.0,0.0,-0.3631216585636139,1.6200000047683716
1.5801105499267578,0.2222603145298591,0.8775825618903728,0.479425538604203,0.0,0.0,0.8415034180140211,0.5326013123835404,-0.022088846775950213,-0.08786308875835672,1.0,0.0,0.0,1.1236607463360047,0.056446282562676905,-0.17253138682733432,-0.8818923936904248,0.05181468596869729,-0.0729854981628598,4.0,0.24752169429644633,-1.4619994431658716,1.0,0.0,0.0,6.87357734965692,1.0,0.0,-0.3631216585636139,1.6200000047683716
1.60011625289917,0.20570001722779407,0.8775825618903728,0.479425538604203,0.0,0.0,0.883012840153454,0.4584631197983487,0.05957032334969221,0.08093990662774948,1.0,0.0,0.0,0.9608774677137589,0.03099175757123131,0.19896867998566956,-0.6330898548155784,-0.07258914873307923,0.05632678727541693,2.1123660736601337,0.5598209678978786,1.7665125503843457,0.0,0.0,0.0,5.288390398749348,1.0,0.0,-0.4266679584980011,1.600000023841858
1.6200945377349854,0.20979011839196315,0.8775825618903728,0.479425538604203,0.0,0.0,0.8835069367575654,0.4571163969518652,-0.0559610248159007,0.08560640186669602,1.0,0.0,0.0,0.9458183397216948,-0.1780879481724515,0.10189121014748635,-0.6349712494239383,0.09483492247724895,0.0026872104671431113,2.091516791767136,-2.1823859868461453,0.955201978155138,0.0,0.0,0.0,5.3507260593271,1.0,0.0,-0.4902142286300659,1.590000033378601
1.6401314735412598,0.1301849122815208,0.8775825618903728,0.479425538604203,0.0,0.0,0.8811002561705602,0.4685691432909922,0.052751478325366204,-0.03636726641098191,1.0,0.0,0.0,0.9765835381354796,0.12738406429291263,-0.014771200229877202,-0.42340666999406174,-0.006407176820879643,0.04556991340877925,1.4693495662405278,1.3002121828620565,-0.3147771119869685,0.0,0.0,0.0,5.673647529113102,1.0,0.0,-0.5628385543823242,1.5700000524520874
1.6601886749267578,0.23958281201800294,0.8775825618903728,0.479425538604203,0.0,0.0,0.8337430990721098,0.5447252172249867,-0.05978508396687557,0.06762119640984325,1.0,0.0,0.0,1.153225824577769,-0.17424106508981738,0.04837559044674983,-0.33358480738795404,-0.04177884695170826,0.06782829626887671,2.9008115761200166,-1.5305981253997956,0.3423005489670031,0.0,0.0,0.0,7.8,1.0,0.0,-0.6263848543167114,1.5499999523162842
1.6800909042358398,0.15750696161396954,0.8775825618903728,0.479425538604203,0.0,0.0,0.8590433756254184,0.506896360606271,-0.03135137962944156,0.06416891298389235,1.0,0.0,0.0,1.061450313557963,-0.11920044790724064,0.07910719773271707,-0.2576956976797331,0.0627081036378728,-0.03187301635120348,1.6907042649223045,-1.4163852090105271,0.9531494051107098,0.0,0.0,0.0,6.787320449463292,1.0,0.0,-0.6990091800689697,1.5399999618530273
1.7001173496246338,0.17273720261756895,0.8775825618903728,0.479425538604203,0.0,0.0,0.9121037712457434,0.4084600636748594,0.03308380310525115,-0.01151298545622302,1.0,0.0,0.0,0.8422932236655593,0.06981361011152545,0.006039498466378928,-0.18353392778380923,0.032999286797441435,-0.04551165506569142,-0.842432542519312,0.5590706115997353,0.2971991172853985,0.0,0.0,0.0,5.0675622846457955,1.0,0.0,-0.7807115912437439,1.5199999809265137
1.7201013565063477,0.26116690064569087,0.8775825618903728,0.479425538604203,0.0,0.0,0.823077352962895,0.5614380881801515,-0.02464016656698214,0.08199881933151175,1.0,0.0,0.0,1.1900172965093618,-0.13302805419240216,0.10848414858499261,-0.2245452058565855,0.09588069244727873,-0.008396322127650277,2.8602602736425973,-1.6022449422726437,1.2365374647758254,0.0,0.0,0.0,7.8,1.0,0.0,-0.8624139428138733,1.5
1.740152359008789,0.203943386079406,0.8775825618903728,0.479425538604203,0.0,0.0,0.828189075874724,0.5590046377630844,-0.04015552047177435,0.002050301630073703,1.0,0.0,0.0,1.1888945442118164,-0.06885938757553765,-0.04160875353978303,-0.17547918103228627,0.05053423931458684,-0.032499627576815064,2.5722712911165595,-0.9265919871175513,-0.21904695115162834,0.0,0.0,0.0,7.8,1.0,0.0,-0.9531943798065186,1.4700000286102295
1.760131597518921,0.19341544853225662,0.8775825618903728,0.479425538604203,0.0,0.0,0.8969601428369038,0.4342089741428111,-0.0817126770923257,-0.0157514233723186,1.0,0.0,0.0,0.9083755663798637,-0.13330163973913037,-0.1002735959594685,0.03658376500044988,0.08453253886957662,0.06609775821554395,-1.1257625732427332,-1.6212898728292522,-1.3243574069077524,0.0,0.0,0.0,5.944065996444918,1.0,0.0,-1.0530527830123901,1.4500000476837158
1.7802109718322754,0.20217081660548195,0.8775825618903728,0.479425538604203,0.0,0.0,0.8263099573444188,0.562631708504209,-0.018054012891443823,0.018206251608037165,1.0,0.0,0.0,1.1953327552513182,-0.05034451439525444,0.009785047517808256,6.131732505434973e-05,0.09561346740656593,-0.04106572028718079,1.9517883266201252,-0.8739024470027026,0.3107015626318091,0.0,0.0,0.0,7.8,1.0,0.0,-1.1619893312454224,1.4199999570846558
1.800117015838623,0.05346644858756119,0.8775825618903728,0.479425538604203,0.0,0.0,0.867700435448096,0.4967693590948074,0.015554710029315208,-0.008614475237800002,1.0,0.0,0.0,1.039934698801669,0.035559965872257654,0.0005049580847196646,0.0249660843238884,-0.07626469758661358,0.07544344001241202,0.29930322692954,0.6606696244997173,-0.3038255203475093,0.0,0.0,0.0,7.526987923366729,1.0,0.0,-1.2527697086334229,1.399999976158142
1.8201053142547607,0.22026063372009638,0.8775825618903728,0.479425538604203,0.0,0.0,0.8651438736371981,0.48955799727811605,0.09727655811481338,0.04895218534855539,1.0,0.0,0.0,1.0409319442759581,0.12067927424967632,0.18227232567606655,-0.023404967777982733,-0.012144087082597177,0.023428420780900086,0.3907297482441099,1.286562013444223,1.698215326797901,0.0,0.0,0.0,7.793673989989409,1.0,0.0,-1.361706256866455,1.3700000047683716
1.8401153087615967,0.19227375589693776,0.8775825618903728,0.479425538604203,0.0,0.0,0.8766772786526313,0.47145113906639263,-0.08734396293762597,-0.039265821086127486,1.0,0.0,0.0,0.9957316248653241,-0.11638366460585511,-0.15282780052043818,0.06313667315413336,-0.07607733715596393,0.10497148518928973,-0.38383025405824306,-0.8522206781262771,-1.946564467530952,0.0,0.0,0.0,7.245670754589711,1.0,0.0,-1.361706256866455,1.3700000047683716
1.8600847721099854,0.3065474647898655,0.8775825618903728,0.479425538604203,0.0,0.0,0.8296324584956336,0.5427445151815801,-0.08595179947144019,0.09874544657058187,1.0,0.0,0.0,1.1493839328094269,-0.2524777338389439,0.07291948291989887,0.030175080907167112,-0.07405892331906105,0.08019193396872137,1.450422352915354,-2.1591820924447123,0.5882281485416047,0.0,0.0,0.0,7.8,1.0,0.0,-1.4706426858901978,1.340000033378601
1.880096435546875,0.1221298173912649,0.8775825618903728,0.479425538604203,0.0,0.0,0.8505498758263749,0.5250207977030849,0.029425145178640456,-0.007227139279887266,1.0,0.0,0.0,1.1065834560531629,0.057675875227093755,0.01863560552973843,0.12243757232546981,0.0817485824564784,0.05564948400716693,0.5697249980221717,0.2587630588079861,-0.06730284260077657,0.0,0.0,0.0,7.8,1.0,0.0,-1.5977352857589722,1.309999942779541
1.9001562595367432,0.14535235259051524,0.8775825618903728,0.479425538604203,0.0,0.0,0.8495392971157689,0.5252523193539121,0.019945601698669557,0.04466717634079216,1.0,0.0,0.0,1.1068705737530895,-0.013034300118250393,0.09700628778212755,0.14240789245921998,-0.03629327009469983,0.12616560658320336,0.5035972496091772,0.06695962361980337,0.47056889132180646,0.0,0.0,0.0,7.8,1.0,0.0,-1.7066718339920044,1.2699999809265137
1.9201006889343262,0.12334060779865337,0.8775825618903728,0.479425538604203,0.0,0.0,0.8729033050904337,0.4840256765057524,-0.04673613099619957,0.039682471002346585,1.0,0.0,0.0,1.0111263095265537,-0.12029684891060351,0.024212274611402722,0.28388502304845403,-0.07839805824173865,-0.05103461465627486,-1.0099329718684378,-0.8871998391517363,0.4525014544101031,0.0,0.0,0.0,7.8,1.0,0.0,-1.8337643146514893,1.2400000095367432
1.9401066303253174,0.13703736260923347,0.8775825618903728,0.479425538604203,0.0,0.0,0.8787495321702601,0.4723950425227031,-0.05732106170663269,0.03683041399912385,1.0,0.0,0.0,0.9857833422697907,-0.1359571821675668,0.010671726224893891,0.28732358006798897,-0.016034529004475037,0.07652742860996675,-1.2838806426226153,-1.2950899890086716,-0.2092987506245264,0.0,0.0,0.0,7.8,1.0,0.0,-1.9608569145202637,1.2000000476837158
1.9600980281829834,0.14658163667425167,0.8775825618903728,0.479425538604203,0.0,0.0,0.8845739258295174,0.4610283770440544,-0.06378859082943411,-0.03021292740989399,1.0,0.0,0.0,0.9657186158799145,-0.08509607911364268,-0.11291534146558908,0.17250762764410701,0.01928585065195136,0.11856508847402727,-1.079967842487802,-0.9070415218712735,-1.6161847089718533,0.0,0.0,0.0,7.8,1.0,0.0,-2.087949514389038,1.159999966621399
1.9801197052001953,0.2155218402581559,0.8775825618903728,0.479425538604203,0.0,0.0,0.8944709095156511,0.43641258003726335,-0.018456066446001416,-0.09552604685008047,1.0,0.0,0.0,0.9030823085100477,0.05038201986405125,-0.18834869048809486,0.3107574505429981,0.06355947573527371,0.028113230820394006,-2.159912352772862,0.3377801848134909,-1.9660589736484277,0.0,0.0,0.0,7.554311827667338,1.0,0.0,-2.2241201400756836,1.1200000047683716
2.0002663135528564,0.15720271815966005,0.8775825618903728,0.479425538604203,0.0,0.0,0.886183990703832,0.4572407365439705,-0.06698342126984079,-0.03349723481042755,1.0,0.0,0.0,0.9580407643248294,-0.08820098469419616,-0.12139317206235262,0.3423647709206812,0.09112298151694764,0.04738133288811515,-1.8413138850568855,-1.2189729780963563,-1.4197283707729413,0.0,0.0,0.0,7.8,1.0,0.0,-2.3784468173980713,1.0800000429153442
2.020092725753784,0.02931872555008422,0.8775825618903728,0.479425538604203,0.0,0.0,0.883308035795562,0.4687210137534877,-0.007222441192856874,-0.003919375984070419,1.0,0.0,0.0,0.9757827137704176,-0.009085217901945367,-0.013695645871640908,0.31435647941623374,0.05399287038901451,0.06013447973091468,-1.5002067727263269,-0.30515627161554915,-0.37858189444435286,0.0,0.0,0.0,7.8,1.0,0.0,-2.514617443084717,1.0399999618530273
2.0401055812835693,0.12556702804257458,0.8775825618903728,0.479425538604203,0.0,0.0,0.8574483741588825,0.5121713422445936,0.033616086675043115,0.03650699319742288,1.0,0.0,0.0,1.0778789222862675,0.02025383103388862,0.09721306799391122,0.3453107848811914,-0.07419610884659121,0.04633810859271796,-0.6134433385763478,0.5367545671567393,0.7777337871702661,0.0,0.0,0.0,7.8,1.0,0.0,-2.6598660945892334,1.0
2.0601143836975098,0.22126226344465572,0.8775825618903728,0.479425538604203,0.0,0.0,0.8317631627293973,0.55054590743678,-0.025591175797302013,-0.06644047450397932,1.0,0.0,0.0,1.1672608399316522,0.030590238658569056,-0.13921791079996712,0.17821175418686136,-0.04374721130938486,0.002284750558270529,0.9747726953316094,0.3628866583616574,-1.4206603036040926,0.0,0.0,0.0,7.8,1.0,0.0,-2.814192771911621,0.949999988079071
2.080108642578125,0.11716687723121871,0.8775825618903728,0.479425538604203,0.0,0.0,0.8537319585773594,0.5195054949189335,0.02361148381035401,0.026425016271954472,1.0,0.0,0.0,1.093757009340419,0.012860228803055169,0.06971456958968118,0.19932795098836975,-0.008625016697118987,-0.05403962727003525,0.13484937769676164,0.19554404265881456,0.9063601454993406,0.0,0.0,0.0,7.8,1.0,0.0,-2.9594414234161377,0.8999999761581421
2.100209951400757,0.16264429822583773,0.8775825618903728,0.479425538604203,0.0,0.0,0.8537199947269833,0.5162123748331613,-0.015686399301972864,-0.06664001462639466,1.0,0.0,0.0,1.0849353975937464,0.042029587981783745,-0.13046352281001938,0.3571662826874744,-0.022653107217957477,-0.07315637952619646,-0.5541889288211432,0.45426871724364043,-1.0274259857822594,0.0,0.0,0.0,7.8,1.0,0.0,-3.1228463649749756,0.8500000238418579
2.120100259780884,0.07477120072520121,0.8775825618903728,0.479425538604203,0.0,0.0,0.8829610702236391,0.46812275047473834,-0.018951420667189484,-0.02969314082725048,1.0,0.0,0.0,0.9751874684224685,-0.005666694168100908,-0.07023782099688328,0.21792719523939702,-0.018473997157122085,0.03775381414059961,-1.121663261312051,0.02598026329610248,-0.8538948097310433,0.0,0.0,0.0,7.8,1.0,0.0,-3.1228463649749756,0.8500000238418579
2.1401143074035645,0.21591884878443693,0.8775825618903728,0.479425538604203,0.0,0.0,0.8296869665714799,0.5549542196218857,0.048397350526722636,0.03609775737180177,1.0,0.0,0.0,1.1813517896802535,0.04025496741517355,0.11395489401881989,0.20364815868118347,0.07127119395718254,0.03813448528374977,0.9703078645998249,0.21824490604262448,0.9450958235876669,0.0,0.0,0.0,7.8,1.0,0.0,-3.2953290939331055,0.800000011920929
2.1600911617279053,0.14948368298232953,0.8775825618903728,0.479425538604203,0.0,0.0,0.8538203596747811,0.5170985899259131,0.020975529130364594,0.05621271101059857,1.0,0.0,0.0,1.0877785528167796,-0.022318212293191364,0.11798681919879075,0.3792088119734364,0.07857643275037784,-0.046641165694080264,-0.6277668581184286,-0.48514674423005394,1.3743146485826703,0.0,0.0,0.0,7.8,1.0,0.0,-3.449655771255493,0.75
2.1800975799560547,0.14252205739651813,0.8775825618903728,0.479425538604203,0.0,0.0,0.9050938203162701,0.4237726972091146,-0.03480854235750352,-0.0032004537737201884,1.0,0.0,0.0,0.8768525218919004,-0.06033406131066784,-0.03536695255504295,0.25169283294970013,0.028061003450848304,0.07278285698497924,-2.2473625921287113,-0.69250382387387,-0.6810667597344452,0.0,0.0,0.0,7.8,1.0,0.0,-3.622138500213623,0.6899999976158142
2.2001051902770996,0.26704909402639426,0.8775825618903728,0.479425538604203,0.0,0.0,0.8708355526321533,0.4732095407941596,-0.10966505827720983,0.07544365954994961,1.0,0.0,0.0,0.9916978215759841,-0.2655103637452158,0.028615428054423065,0.3675004271459206,0.02091009949832219,0.09341849110851008,-1.5144089632887503,-2.73183559612884,-0.10103775652169578,0.0,0.0,0.0,7.8,1.0,0.0,-3.794621229171753,0.6399999856948853
2.2201125621795654,0.18459099569961554,0.8775825618903728,0.479425538604203,0.0,0.0,0.8621801299387544,0.49874177883678994,0.08856111592396855,-0.007680516116026916,1.0,0.0,0.0,1.0550192613412077,0.1610679828971337,0.0761525862566454,0.3042767702443236,0.07776058265471816,0.007797196285550784,-0.7303887845048385,1.3169962008233487,0.6831746886876906,0.0,0.0,0.0,7.8,1.0,0.0,-3.967104196548462,0.5799999833106995
2.240123748779297,0.17339108565861153,0.8775825618903728,0.479425538604203,0.0,0.0,0.8700695983230571,0.4853441646628337,0.046894078766169155,-0.0722556660640718,1.0,0.0,0.0,1.01145453487925,0.1523283761657119,-0.08124446993938766,0.3221112152112222,-0.018529169594470415,-0.033431176182406014,-1.1125250683613224,1.590009426399416,-0.6848371665860723,0.0,0.0,0.0,7.8,1.0,0.0,-4.157742977142334,0.5199999809265137
2.260105609893799,0.18233846104831858,0.8775825618903728,0.479425538604203,0.0,0.0,0.8896026917423587,0.44876031187632265,0.021101344070654462,0.08231625968074234,1.0,0.0,0.0,0.9313740959224032,-0.036344916890300824,0.16627078580575408,0.3168621271077388,0.052215304561237574,-0.051284788660404534,-1.9209290176546203,-0.6277881291343137,1.852255900685722,0.0,0.0,0.0,7.8,1.0,0.0,-4.339303970336914,0.46000000834465027
2.280099630355835,0.1781863889285827,0.8775825618903728,0.479425538604203,0.0,0.0,0.9074568871465115,0.41646818948548264,-0.04893456864081358,0.026108487297910245,1.0,0.0,0.0,0.8601572528399856,-0.11078521035532184,0.006666186320675596,0.41143794598169037,0.08519603455443087,0.11340218826347753,-3.0372075080426555,-1.4500081321726652,-0.46457132819399144,0.0,0.0,0.0,7.8,1.0,0.0,-4.511786460876465,0.4000000059604645
2.3001160621643066,0.22631976151071917,0.8775825618903728,0.479425538604203,0.0,0.0,0.9056338435236405,0.4147375669498804,0.027287519859155864,-0.08411589198854116,1.0,0.0,0.0,0.8510473332524493,0.11948112110711719,-0.13102815880229618,0.25778282822174875,0.0783781167362487,-0.05015143395456295,-2.4354820467561913,0.9719747012032401,-1.0141203858087313,0.0,0.0,0.0,7.8,1.0,0.0,-4.702425479888916,0.33000001311302185
2.3201417922973633,0.25735431625134003,0.8775825618903728,0.479425538604203,0.0,0.0,0.8183985441707415,0.570516583910755,0.0632916142776532,0.02699670246792713,1.0,0.0,0.0,1.2218401946120543,0.07285583271592368,0.11698221092821108,-3.3979012388615253,-0.40536984735023374,0.8821374255869562,4.0,2.4734935570556713,-2.4478406707760447,1.0,0.0,0.0,7.8,1.0,0.0,-4.902142524719238,0.2800000011920929
2.3401005268096924,0.7569919707067394,0.8775825618903728,0.479425538604203,0.0,0.0,0.6405940578267765,0.7655980978960276,-0.0432494814068093,-0.04035204992378049,1.0,0.0,0.0,1.7477437733656802,0.006376226954633532,-0.11819944271571678,-21.820441532410555,-2.345365210537897,6.533138967742789,4.0,4.0,-4.0,1.0,1.0,1.0,5.875557367006939,1.0,-0.011131884530186653,-5.038312911987305,0.33000001311302185
2.3601090908050537,1.066160644312276,0.8775825618903728,0.479425538604203,0.0,0.0,0.5248109483105021,0.8357519683795258,-0.034110535029814586,-0.15788789466947542,1.0,0.0,0.0,1.9933618517784548,0.23013305534396533,-0.23081373962807436,-18.92405269141067,-2.8503486140088565,6.069105924945617,4.0,4.0,-4.0,1.0,1.0,1.0,6.138633494178455,1.0,-0.022263769060373306,-5.1835618019104,0.3799999952316284
2.3801212310791016,1.4462935443538654,0.8775825618903728,0.479425538604203,0.0,0.0,-0.36136723829945305,-0.9023246685232544,-0.03039717822408233,0.2330234391949415,1.0,0.0,0.0,2.3500858832772096,0.4583786214397965,-0.1269705480197617,-17.11596111801417,-3.342292350379449,5.839403469791672,4.0,4.0,-4.0,1.0,1.0,1.0,6.363467884659768,1.0,-0.055659420788288116,-5.337888240814209,0.4300000071525574
2.4001121520996094,1.4345585016382256,0.8775825618903728,0.479425538604203,0.0,0.0,-0.36498425544771856,-0.9037756894208395,0.08073790573022713,0.2084643544241021,1.0,0.0,0.0,2.3213355866214953,0.32348623753383854,-0.3198437720395469,-16.039528580055244,-3.60867682638373,6.079994391480842,4.0,4.0,-4.0,1.0,1.0,1.0,6.394867884516716,1.0,-0.055659420788288116,-5.337888240814209,0.4300000071525574
2.4201102256774902,1.7249091339901175,0.8775825618903728,0.479425538604203,0.0,0.0,-0.2379842370612776,-0.9213620828208356,0.08917774274171601,0.2941134907648841,1.0,0.0,0.0,2.5390080344145636,0.5230495054934985,-0.35894392030925726,-13.347538265566033,-3.68718620464702,5.822289991471874,4.0,4.0,-4.0,1.0,1.0,1.0,6.7258222721020395,1.0,-0.06679131090641022,-5.474059104919434,0.47999998927116394
2.44010066986084,2.2150697008648494,0.8775825618903728,0.479425538604203,0.0,0.0,-0.014050955488977723,-0.9063708253593415,0.030657530277128774,0.4211349111918646,1.0,0.0,0.0,3.0622233899363445,0.8672414716547081,-0.10438717228693034,-7.737246798167656,-3.995432356181184,4.290234484891645,4.0,4.0,-4.0,1.0,1.0,1.0,7.8,1.0,-0.08905507624149323,-5.773634433746338,0.5600000023841858
2.4601097106933594,2.129695968503272,0.8775825618903728,0.479425538604203,0.0,0.0,-0.0696398718896147,-0.8833956820070624,0.037198384237390365,0.46192925590895684,1.0,0.0,0.0,2.8692207931104665,0.9457767050160865,-0.22415272660793084,-5.42181618629647,-4.231407957811779,3.838890666368127,4.0,4.0,-4.0,1.0,1.0,1.0,7.8,1.0,-0.08905507624149323,-5.773634433746338,0.5600000023841858
2.480123996734619,2.219848508992342,0.8775825618903728,0.479425538604203,0.0,0.0,0.0043389886539188975,-0.9355721489077526,0.07845114574909576,0.344283814746272,1.0,0.0,0.0,3.081499846724272,0.700873451616729,-0.18928695003825696,-1.19288474537169,-4.350299124104509,2.9509734792768447,4.0,4.0,-4.0,1.0,1.0,1.0,7.8,1.0,-0.11131884157657623,-5.918882846832275,0.6000000238418579
2.5000903606414795,2.362635094356509,0.8775825618903728,0.479425538604203,0.0,0.0,0.04301912558379868,-0.8707485998820972,0.12250094407428412,0.47427813499916055,1.0,0.0,0.0,3.066187032210862,0.9908531900813601,-0.3202959765063619,1.3457637935007023,-3.9196066018907745,2.6837954062897964,4.0,4.0,-4.0,1.0,1.0,1.0,7.8,1.0,-0.11131884157657623,-6.073209762573242,0.6200000047683716
2.5201258659362793,2.2766572919589128,0.8775825618903728,0.479425538604203,0.0,0.0,-0.01334233635281437,-0.8497744356862734,0.03934645724143628,0.5255066572530475,1.0,0.0,0.0,2.999420901293543,1.1019148604190958,-0.179983691515574,1.6750395930647528,-3.873421414126431,2.81491399795485,4.0,4.0,-4.0,1.0,1.0,1.0,7.8,1.0,-0.12245073169469833,-6.21845817565918,0.6399999856948853
2.540064811706543,2.334475534910745,0.8775825618903728,0.479425538604203,0.0,0.0,0.027145815827633223,-0.8687818670194418,0.15004639542332504,0.4711340058218383,1.0,0.0,0.0,2.9733151070094515,0.9733442962339018,-0.43123437961645,2.0607182904602954,-3.662458376567723,3.070672259916713,4.0,4.0,-4.0,1.0,1.0,1.0,7.8,1.0,-0.13358262181282043,-6.381863117218018,0.6600000262260437
2.56015682220459,2.2407055938449765,0.8775825618903728,0.479425538604203,0.0,0.0,-0.03965047418140191,-0.8355172378958908,0.17297442125372417,0.5200179176412583,1.0,0.0,0.0,2.6466173605786194,1.0260346793402402,-0.6910550636770479,3.309397280957005,-3.6111363195871036,3.337989024597723,1.0469290400902445,4.0,-4.0,0.0,1.0,1.0,7.8,1.0,-0.14471450448036194,-6.527112007141113,0.6700000166893005
2.580094575881958,2.3856958121299905,0.8775825618903728,0.479425538604203,0.0,0.0,0.019023590562037264,-0.804523750447937,0.2839651874938892,0.5212901401895821,1.0,0.0,0.0,2.6142232069157045,1.015197371265068,-0.976713798876617,3.3632014519172437,-3.4822402907667067,3.915849211639747,0.8503223757538638,4.0,-4.0,0.0,1.0,1.0,7.8,1.0,-0.14471450448036194,-6.681438446044922,0.6800000071525574
2.600128650665283,2.2166419618700353,0.8775825618903728,0.479425538604203,0.0,0.0,-0.10636400074246175,-0.7359257356083928,0.34724485848036274,0.5714201775176098,1.0,0.0,0.0,2.1009125187560054,0.8744283082189521,-1.4050966229943302,3.2660610228813978,-3.4775396823102596,3.7705973535708104,-1.1674046100812312,4.0,-4.0,0.0,1.0,1.0,7.8,1.0,-0.14471450448036194,-6.826687335968018,0.6899999976158142
2.620112419128418,2.4059913084362234,0.8775825618903728,0.479425538604203,0.0,0.0,-0.030179046485790385,-0.6947470132373919,0.23104024210047786,0.6804676474903741,1.0,0.0,0.0,1.7704388059173866,1.1986817082749754,-1.6612189382257876,3.3633344938357457,-3.5277295577396655,3.8195221009611453,-1.5487528128121077,4.0,-4.0,0.0,1.0,1.0,7.8,1.0,-0.14471450448036194,-6.826687335968018,0.6899999976158142
2.6401314735412598,2.4059913084362234,0.8775825618903728,0.479425538604203,0.0,0.0,-0.030179046485790385,-0.6947470132373919,0.23104024210047786,0.6804676474903741,1.0,0.0,0.0,1.7704388059173866,1.1986817082749754,-1.6612189382257876,3.3633344938357457,-3.5277295577396655,3.8195221009611453,-1.5487528128121077,4.0,-4.0,0.0,1.0,1.0,7.8,1.0,-0.14471450448036194,-6.826687335968018,0.6899999976158142
2.6602141857147217,2.4059913084362234,0.8775825618903728,0.479425538604203,0.0,0.0,-0.030179046485790385,-0.6947470132373919,0.23104024210047786,0.6804676474903741,1.0,0.0,0.0,1.7704388059173866,1.1986817082749754,-1.6612189382257876,3.3633344938357457,-3.5277295577396655,3.8195221009611453,-1.5487528128121077,4.0,-4.0,0.0,1.0,1.0,7.8,1.0,-0.14471450448036194,-6.826687335968018,0.6899999976158142
2.680091142654419,2.4059913084362234,0.8775825618903728,0.479425538604203,0.0,0.0,-0.030179046485790385,-0.6947470132373919,0.23104024210047786,0.6804676474903741,1.0,0.0,0.0,1.7704388059173866,1.1986817082749754,-1.6612189382257876,3.3633344938357457,-3.5277295577396655,3.8195221009611453,-1.5487528128121077,4.0,-4.0,0.0,1.0,1.0,7.8,1.0,-0.14471450448036194,-6.826687335968018,0.6899999976158142
2.7000977993011475,2.4060881653331876,0.8775825618903728,0.479425538604203,0.0,0.0,-0.04013188363219707,-0.67643420841379,0.3524254863090961,0.6454629890268987,1.0,0.0,0.0,1.881522179027112,1.006452034063998,-1.7240562914712387,3.385932153262787,-3.4732771934640447,4.0305753232807255,-2.05599630016129,4.0,-4.0,0.0,1.0,1.0,7.8,1.0,-0.14471450448036194,-6.990091800689697,0.6899999976158142
2.7201125621795654,2.516939952245083,0.8775825618903728,0.479425538604203,0.0,0.0,-0.03663944261966588,-0.5738516468941952,0.4497055696003022,0.683459391091971,1.0,0.0,0.0,1.6665519968684386,0.8502640863804,-2.109885828961212,3.3116259745972654,-3.299802334136903,4.428663269808044,-3.525777620102536,4.0,-4.0,0.0,1.0,1.0,7.8,1.0,-0.15584638714790344,-7.135340690612793,0.6800000071525574
2.740199327468872,2.5333195622814944,0.8775825618903728,0.479425538604203,0.0,0.0,-0.013042513761272361,-0.6007681156729369,0.4291999378506394,0.6743107424434102,1.0,0.0,0.0,1.7214870335233405,0.9256521770509712,-2.0510607419208,3.0688103108337508,-3.2919907273919686,4.3903670501751515,-1.8558270859438633,4.0,-4.0,0.0,1.0,1.0,7.8,1.0,-0.15584638714790344,-7.135340690612793,0.6800000071525574
2.7601256370544434,2.434989349082344,0.8775825618903728,0.479425538604203,0.0,0.0,0.056122227318024506,0.6189606163729261,-0.3481410326101897,-0.7018089999374632,1.0,0.0,0.0,1.5862553227253886,0.9785832256879881,-1.9905310451934144,2.6887966953265345,-3.4103772316396985,4.4942694732562884,-0.42953449398243215,4.0,-4.0,0.0,1.0,1.0,7.8,1.0,-0.15584638714790344,-7.298745155334473,0.6800000071525574
2.7801005840301514,2.251764057656491,0.8775825618903728,0.479425538604203,0.0,0.0,0.13116600580615184,0.6576026897950089,-0.43037710950074415,-0.6042596502440107,1.0,0.0,0.0,1.8983245847057888,0.7502529921986845,-1.7089056459797072,2.15786117169485,-3.430279822850364,4.582375403963201,1.6528817179431528,4.0,-4.0,0.0,1.0,1.0,7.8,1.0,-0.17811015248298645,-7.434916019439697,0.6700000166893005
2.8007490634918213,2.291378517456064,0.8775825618903728,0.479425538604203,0.0,0.0,0.1919496966570754,0.508872799517037,-0.5151080038672019,-0.6624707783871654,1.0,0.0,0.0,1.6260750296277149,0.49664330820214087,-2.053898693713335,1.9624878750825814,-3.207005872496532,3.841254074613202,-0.7589053328952131,4.0,-4.0,0.0,1.0,1.0,7.8,1.0,-0.18924203515052795,-7.598320484161377,0.6499999761581421
2.8201406002044678,2.291378517456064,0.8775825618903728,0.479425538604203,0.0,0.0,0.1919496966570754,0.508872799517037,-0.5151080038672019,-0.6624707783871654,1.0,0.0,0.0,1.6260750296277149,0.49664330820214087,-2.053898693713335,1.9624878750825814,-3.207005872496532,3.841254074613202,-0.7589053328952131,4.0,-4.0,0.0,1.0,1.0,7.8,1.0,-0.18924203515052795,-7.598320484161377,0.6499999761581421
2.8401076793670654,2.291378517456064,0.8775825618903728,0.479425538604203,0.0,0.0,0.1919496966570754,0.508872799517037,-0.5151080038672019,-0.6624707783871654,1.0,0.0,0.0,1.6260750296277149,0.49664330820214087,-2.053898693713335,1.9624878750825814,-3.207005872496532,3.841254074613202,-0.7589053328952131,4.0,-4.0,0.0,1.0,1.0,7.8,1.0,-0.18924203515052795,-7.598320484161377,0.6499999761581421
2.8601181507110596,2.16781368962898,0.8775825618903728,0.479425538604203,0.0,0.0,0.20446816895662062,0.6016396308713005,-0.47084052406876464,-0.6119899699694622,1.0,0.0,0.0,1.771528833132097,0.5750193626933375,-1.8021800859522337,1.9624221295635726,-3.2479410291537607,3.387263063420598,0.7495352130531314,4.0,-4.0,0.0,1.0,1.0,7.8,1.0,-0.18924203515052795,-7.743569374084473,0.6299999952316284
2.8801136016845703,2.3700430437290447,0.8775825618903728,0.479425538604203,0.0,0.0,0.1730316014138982,0.4681177321905267,-0.6037393414475971,-0.6216306470158641,1.0,0.0,0.0,1.7520737589655884,0.3823056824261617,-2.1423043067166505,1.50216446050971,-3.312530430827769,2.048129023063427,0.5484659575345194,4.0,-4.0,0.0,1.0,1.0,7.8,1.0,-0.20037391781806946,-7.9069743156433105,0.6100000143051147
2.9000918865203857,2.675585701399717,0.8775825618903728,0.479425538604203,0.0,0.0,0.05091250528280242,0.38842517302547763,-0.5180936507518754,-0.7603372743832503,1.0,0.0,0.0,1.3781361129631753,0.5679599219316604,-2.535963576648851,1.3573487058335094,-3.221629019318901,1.0092962135317771,0.8999332402562237,4.0,-4.0,0.0,1.0,1.0,7.8,1.0,-0.20037391781806946,-8.052223205566406,0.5799999833106995
2.920102834701538,2.462105233979165,0.8775825618903728,0.479425538604203,0.0,0.0,0.1373407273938139,0.443692748691175,-0.5997688439294201,-0.651576245123604,1.0,0.0,0.0,1.695411550096458,0.42624415066074395,-2.245182968322998,1.4686004624436826,-3.209371718616075,0.4297841325819199,0.5962454879354793,4.0,-4.0,0.0,1.0,1.0,7.8,1.0,-0.21150580048561096,-8.206549644470215,0.550000011920929
2.9401116371154785,2.6737423825642015,0.8775825618903728,0.479425538604203,0.0,0.0,0.08961052026059449,0.3194592023247773,-0.5836077280579705,-0.7411597617650707,1.0,0.0,0.0,1.4470794256547432,0.37787457740593944,-2.5662831222608697,1.2681296266101596,-2.9786449053120063,1.3982377468422356,-0.32471344133874513,4.0,-4.0,0.0,1.0,1.0,7.8,1.0,-0.21150580048561096,-8.360876083374023,0.5099999904632568
2.961214542388916,2.413304749476026,0.8775825618903728,0.479425538604203,0.0,0.0,0.1949626817697977,0.3859904081434303,-0.5509335960910731,-0.7137738649156011,1.0,0.0,0.0,1.4697879757636738,0.34287565652310653,-2.297878467403181,1.1106169087123785,-2.6804910370139834,2.0924815420519076,0.4628996157188263,4.0,-4.0,0.0,1.0,1.0,7.8,1.0,-0.21150580048561096,-8.360876083374023,0.5099999904632568
2.9801342487335205,2.413304749476026,0.8775825618903728,0.479425538604203,0.0,0.0,0.1949626817697977,0.3859904081434303,-0.5509335960910731,-0.7137738649156011,1.0,0.0,0.0,1.4697879757636738,0.34287565652310653,-2.297878467403181,1.1106169087123785,-2.6804910370139834,2.0924815420519076,0.4628996157188263,4.0,-4.0,0.0,1.0,1.0,7.8,1.0,-0.21150580048561096,-8.360876083374023,0.5099999904632568
3.0000998973846436,2.413304749476026,0.8775825618903728,0.479425538604203,0.0,0.0,0.1949626817697977,0.3859904081434303,-0.5509335960910731,-0.7137738649156011,1.0,0.0,0.0,1.4697879757636738,0.34287565652310653,-2.297878467403181,1.1106169087123785,-2.6804910370139834,2.0924815420519076,0.4628996157188263,4.0,-4.0,0.0,1.0,1.0,7.8,1.0,-0.21150580048561096,-8.360876083374023,0.5099999904632568
3.02009916305542,2.4410871900002737,0.8775825618903728,0.479425538604203,0.0,0.0,0.2005420444091543,0.34863183392539615,-0.6150821249603879,-0.6781686459518941,1.0,0.0,0.0,1.5705297723884013,0.22813650250732287,-2.338481509399964,1.0141131486619237,-2.538358629109455,2.2615260108553423,0.13971221173513193,4.0,-4.0,0.0,1.0,1.0,7.8,1.0,-0.21150580048561096,-8.515202522277832,0.47999998927116394
3.0401084423065186,2.5446758906712774,0.8775825618903728,0.479425538604203,0.0,0.0,0.19156889403866323,0.2626676317521839,-0.6404463032392196,-0.6957985388988108,1.0,0.0,0.0,1.5288114462497666,0.12043929215886158,-2.4887637357986443,1.0772248152073416,-2.333768116176358,-0.05927874965513645,-1.5355090009401473,4.0,-4.0,0.0,1.0,1.0,7.8,1.0,-0.21150580048561096,-8.6876859664917,0.4300000071525574
3.0601065158843994,2.285581401268819,0.8775825618903728,0.479425538604203,0.0,0.0,0.3327109270966879,0.25671525478080914,-0.5862240133335174,-0.6926341914347215,1.0,0.0,0.0,1.3888085284040834,-0.03447357189272993,-2.2746835994296286,1.1846908226104094,-2.1448966881715554,-0.08432691221266558,-3.423188979560659,4.0,-4.0,0.0,1.0,1.0,7.8,1.0,-0.21150580048561096,-8.832934379577637,0.38999998569488525
3.0801050662994385,2.5509355083319782,0.8775825618903728,0.479425538604203,0.0,0.0,0.18762182611366102,0.263650057023923,-0.6185480559435718,-0.7160202513096158,1.0,0.0,0.0,1.4738411326018137,0.14596913709682635,-2.4965451243019086,1.1506172042098297,-1.8649346939758669,0.09195343360899721,-1.7739888678962954,3.468766916870667,-4.0,0.0,0.0,1.0,7.8,1.0,-0.21150580048561096,-8.996338844299316,0.3400000035762787
3.100111246109009,2.1186499612648135,0.8775825618903728,0.479425538604203,0.0,0.0,0.3189220176693424,0.43714906507676415,-0.602729961930395,-0.5864350215834755,1.0,0.0,0.0,1.6806887840853117,0.12862571469303521,-2.0018524334135965,13.16555651351269,2.490086850040113,-12.94054076623574,-4.0,-4.0,4.0,1.0,1.0,1.0,7.8,1.0,-0.22263768315315247,-9.14158821105957,0.33000001311302185
3.120124340057373,1.8267746378520617,0.8775825618903728,0.479425538604203,0.0,0.0,0.4477169882602138,0.45504315786941624,-0.5846389462137415,-0.5006820602633162,1.0,0.0,0.0,1.6689133140287096,-0.06789383309328145,-1.7572727714593843,19.546657698910792,3.927997001595663,-19.524243076573914,-4.0,-4.0,4.0,1.0,1.0,1.0,7.8,1.0,-0.22263768315315247,-9.14158821105957,0.33000001311302185
3.140130043029785,1.8267746378520617,0.8775825618903728,0.479425538604203,0.0,0.0,0.4477169882602138,0.45504315786941624,-0.5846389462137415,-0.5006820602633162,1.0,0.0,0.0,1.6689133140287096,-0.06789383309328145,-1.7572727714593843,19.546657698910792,3.927997001595663,-19.524243076573914,-4.0,-4.0,4.0,1.0,1.0,1.0,7.8,1.0,-0.22263768315315247,-9.14158821105957,0.33000001311302185
3.160041093826294,1.8267746378520617,0.8775825618903728,0.479425538604203,0.0,0.0,0.4477169882602138,0.45504315786941624,-0.5846389462137415,-0.5006820602633162,1.0,0.0,0.0,1.6689133140287096,-0.06789383309328145,-1.7572727714593843,19.546657698910792,3.927997001595663,-19.524243076573914,-4.0,-4.0,4.0,1.0,1.0,1.0,7.8,1.0,-0.22263768315315247,-9.14158821105957,0.33000001311302185
3.1801083087921143,1.7221867487955633,0.8775825618903728,0.479425538604203,0.0,0.0,0.49277922892818715,0.4571179398542917,-0.633108434354024,-0.383908232459407,1.0,0.0,0.0,1.8010605693890749,-0.2764921237086538,-1.6711954132895916,20.847899935953574,2.752029104938629,-19.951364750632948,-4.0,-4.0,4.0,1.0,1.0,1.0,7.8,1.0,-0.256033331155777,-9.286836624145508,0.33000001311302185
3.200119733810425,1.3806774900008683,0.8775825618903728,0.479425538604203,0.0,0.0,0.6959333758801202,0.33434045361956727,-0.6211015818956672,-0.13463291713492995,1.0,0.0,0.0,1.5630529131209878,-0.8858676669819817,-1.2620773160070762,18.322916466395256,-0.9627026915438405,-18.98751778819133,-4.0,-4.0,4.0,1.0,1.0,1.0,7.8,1.0,-0.2782971262931824,-9.423007011413574,0.33000001311302185
3.2201220989227295,0.9061367043526801,0.8775825618903728,0.479425538604203,0.0,0.0,0.7886119609667038,0.4318421038003638,-0.4110701864313068,0.15041567150020155,1.0,0.0,0.0,1.0924158741237262,-0.8918922677646707,-0.18870846533594846,14.771180659708982,-3.606045051478435,-21.007296102867954,-4.0,4.0,4.0,1.0,1.0,1.0,7.8,1.0,-0.2782971262931824,-9.55917739868164,0.33000001311302185
3.240103006362915,1.1626022859326173,0.8775825618903728,0.479425538604203,0.0,0.0,0.690290431142591,0.4796616388655381,-0.394403915929754,0.371307667538764,1.0,0.0,0.0,1.0162675332339128,-1.121402466984195,0.31419882852877495,11.408739564386902,-5.144017538626043,-22.323452533513297,-4.0,4.0,4.0,1.0,1.0,1.0,7.8,1.0,-0.3116927742958069,-9.704426765441895,0.33000001311302185
3.2601282596588135,1.0390399207448888,0.8775825618903728,0.479425538604203,0.0,0.0,0.7287233226350439,0.47670118307334186,-0.14794150716595902,0.46886203894288797,1.0,0.0,0.0,0.836686885521823,-0.7243263033220227,0.8096933815345713,8.182997049271128,-5.992976045117661,-21.454346398397096,-4.0,4.0,4.0,1.0,1.0,1.0,7.8,1.0,-0.3228246569633484,-9.840597152709961,0.3199999928474426
3.280149459838867,0.8844107349128119,0.8775825618903728,0.479425538604203,0.0,0.0,0.7616178294076339,0.491061835221381,0.0024404841594357083,0.4228363749188109,1.0,0.0,0.0,0.9666701338269708,-0.42416528449731095,0.7885554702244459,6.625819816148129,-5.9615344423294205,-19.893556357601557,-4.0,4.0,4.0,1.0,1.0,1.0,7.8,1.0,-0.3228246569633484,-9.840597152709961,0.3199999928474426
3.300123453140259,0.8844107349128119,0.8775825618903728,0.479425538604203,0.0,0.0,0.7616178294076339,0.491061835221381,0.0024404841594357083,0.4228363749188109,1.0,0.0,0.0,0.9666701338269708,-0.42416528449731095,0.7885554702244459,6.625819816148129,-5.9615344423294205,-19.893556357601557,-4.0,4.0,4.0,1.0,1.0,1.0,7.8,1.0,-0.3228246569633484,-9.840597152709961,0.3199999928474426
3.3201279640197754,0.8844107349128119,0.8775825618903728,0.479425538604203,0.0,0.0,0.7616178294076339,0.491061835221381,0.0024404841594357083,0.4228363749188109,1.0,0.0,0.0,0.9666701338269708,-0.42416528449731095,0.7885554702244459,6.625819816148129,-5.9615344423294205,-19.893556357601557,-4.0,4.0,4.0,1.0,1.0,1.0,7.8,1.0,-0.3228246569633484,-9.840597152709961,0.3199999928474426
3.340095043182373,1.1292657529148955,0.8775825618903728,0.479425538604203,0.0,0.0,0.6840940111901997,0.50985213063711,-0.07059659942465286,0.5168000666487742,1.0,0.0,0.0,0.9255758704054006,-0.6733043994815581,0.9482251558215551,0.6057407930514389,-6.84463271727016,-18.333343116525796,-0.033659187825579195,4.0,4.0,0.0,1.0,1.0,6.786710489432718,1.0,-0.3450884222984314,-9.985845565795898,0.3199999928474426
3.3601150512695312,1.5360579969984545,0.8775825618903728,0.479425538604203,0.0,0.0,-0.4800497618342369,-0.62157318293638,-0.11239337095072231,-0.6087419277358536,1.0,0.0,0.0,1.3020671026085402,-0.7060675168594583,1.2587574623440565,-7.600346779370468,-3.833711476998164,-24.351174299175298,4.0,4.0,4.0,1.0,1.0,1.0,7.8,1.0,-0.3562203049659729,-10.122015953063965,0.3400000035762787
3.3801090717315674,2.1395582334908623,0.8775825618903728,0.479425538604203,0.0,0.0,-0.19980321498771342,-0.6361241410330634,-0.2733132297158817,-0.6933430831397935,1.0,0.0,0.0,1.505676940854591,-0.8833780763480621,1.7463888955427398,-6.967973055976357,-1.4824061679101872,-26.240399037532406,4.0,4.0,4.0,1.0,1.0,1.0,7.8,1.0,-0.3562203049659729,-10.230952262878418,0.3499999940395355
3.4000961780548096,2.753481910449174,0.8775825618903728,0.479425538604203,0.0,0.0,0.048178803721075726,-0.49042151949694224,-0.3090293837596761,-0.8134287774964882,1.0,0.0,0.0,0.9467419463574803,-0.9748599459179292,2.729656503859252,-5.90265376361735,-0.12143720485686167,-25.635123071452306,4.0,-1.8898458099364042,4.0,1.0,0.0,1.0,7.8,1.0,-0.3784840703010559,-10.35804557800293,0.3700000047683716
3.420095920562744,3.0310175469480694,0.8775825618903728,0.479425538604203,0.0,0.0,0.28264038050467366,-0.4021080698407621,-0.33580597717193644,-0.8035283823068796,1.0,0.0,0.0,0.6056411468491799,-0.9900167190750249,-2.799306205842475,-4.408917185510202,1.3011410157899466,-25.238770755380397,4.0,-3.3938729086279524,4.0,1.0,0.0,1.0,7.8,1.0,-0.3896159529685974,-10.485137939453125,0.3799999952316284
3.4401795864105225,2.842075751359792,0.8775825618903728,0.479425538604203,0.0,0.0,0.39532744111248314,-0.4124377219614952,-0.41882890805103545,-0.7058283683640423,1.0,0.0,0.0,0.7092383840718954,-1.1514851773203512,-2.592218902087002,-3.4035789741186577,1.8949148988867213,-25.530656224993677,2.584751415683195,-4.0,4.0,0.0,1.0,1.0,7.8,1.0,-0.3896159529685974,-10.485137939453125,0.3799999952316284
3.4601287841796875,2.842075751359792,0.8775825618903728,0.479425538604203,0.0,0.0,0.39532744111248314,-0.4124377219614952,-0.41882890805103545,-0.7058283683640423,1.0,0.0,0.0,0.7092383840718954,-1.1514851773203512,-2.592218902087002,-3.4035789741186577,1.8949148988867213,-25.530656224993677,2.584751415683195,-4.0,4.0,0.0,1.0,1.0,7.8,1.0,-0.3896159529685974,-10.485137939453125,0.3799999952316284
3.480639696121216,2.842075751359792,0.8775825618903728,0.479425538604203,0.0,0.0,0.39532744111248314,-0.4124377219614952,-0.41882890805103545,-0.7058283683640423,1.0,0.0,0.0,0.7092383840718954,-1.1514851773203512,-2.592218902087002,-3.4035789741186577,1.8949148988867213,-25.530656224993677,2.584751415683195,-4.0,4.0,0.0,1.0,1.0,7.8,1.0,-0.3896159529685974,-10.485137939453125,0.3799999952316284
3.5000975131988525,2.6400855542031354,0.8775825618903728,0.479425538604203,0.0,0.0,0.3862063611603995,-0.18938072324796676,-0.5470648360630788,-0.7181223108945972,1.0,0.0,0.0,1.0947277904494397,-0.767803798463556,-2.63752885343699,-2.668895483934152,2.4248736645629663,-24.95547652933666,3.6484936758906823,-4.0,4.0,0.0,1.0,1.0,7.8,1.0,-0.4007478356361389,-10.621308326721191,0.38999998569488525
3.520129442214966,2.3854493014495732,0.8775825618903728,0.479425538604203,0.0,0.0,0.5243761548817915,-0.18992387222130852,-0.4755612413700281,-0.6802941104099385,1.0,0.0,0.0,0.7554299776115503,-0.8589454806413309,-2.1877223301742936,-1.4982714537227606,2.8749225777451977,-24.077801335864073,-2.368378161779349,-4.0,4.0,0.0,1.0,1.0,7.8,1.0,-0.4230116009712219,-10.748400688171387,0.38999998569488525
3.5400938987731934,1.7688405827197944,0.8775825618903728,0.479425538604203,0.0,0.0,0.7020879231131574,0.03670626739875055,-0.5471756359227156,-0.45422904090874283,1.0,0.0,0.0,0.9425956259939584,-0.8256441264650861,-1.587683535319713,-1.1476603402471879,3.015085689260213,-23.795346643363846,-1.4970806491073114,-4.0,4.0,0.0,1.0,1.0,7.8,1.0,-0.4230116009712219,-10.89365005493164,0.4000000059604645
3.5600931644439697,1.5579128405244538,0.8775825618903728,0.479425538604203,0.0,0.0,0.7393763695513749,0.13095520632542917,-0.5998478406560028,-0.27632568853731976,1.0,0.0,0.0,1.13261712673602,-0.9521324461886822,-1.3488669977115506,-0.9570423436725916,2.755081914414705,-23.537060255446537,-0.9628688001783465,-4.0,4.0,0.0,1.0,1.0,7.8,1.0,-0.4564072787761688,-11.029820442199707,0.38999998569488525
3.580171585083008,1.1350989259604916,0.8775825618903728,0.479425538604203,0.0,0.0,0.7842821379771624,0.32319618777429265,-0.4804088852128799,-0.22282965526754572,1.0,0.0,0.0,1.1421571468658358,-0.6554509735155489,-0.9837680740205733,-0.9002778867727202,2.3899892234532567,-24.592359766029144,1.7536405879470556,-4.0,4.0,0.0,1.0,1.0,7.8,1.0,-0.48980292677879333,-11.165990829467773,0.38999998569488525
3.600146532058716,1.0556083227945765,0.8775825618903728,0.479425538604203,0.0,0.0,0.7771949995701246,0.3793337352572366,-0.49989321766143513,0.04669711848801514,1.0,0.0,0.0,1.197858961378172,-0.9483533996407754,-0.5538860300467152,-0.8868511476460017,2.1898076404317948,-25.33186494424168,2.7531953891658034,-4.0,4.0,0.0,1.0,1.0,7.8,1.0,-0.48980292677879333,-11.165990829467773,0.38999998569488525
3.620110273361206,1.0556083227945765,0.8775825618903728,0.479425538604203,0.0,0.0,0.7771949995701246,0.3793337352572366,-0.49989321766143513,0.04669711848801514,1.0,0.0,0.0,1.197858961378172,-0.9483533996407754,-0.5538860300467152,-0.8868511476460017,2.1898076404317948,-25.33186494424168,2.7531953891658034,-4.0,4.0,0.0,1.0,1.0,7.8,1.0,-0.48980292677879333,-11.165990829467773,0.38999998569488525
3.6401195526123047,1.0556083227945765,0.8775825618903728,0.479425538604203,0.0,0.0,0.7771949995701246,0.3793337352572366,-0.49989321766143513,0.04669711848801514,1.0,0.0,0.0,1.197858961378172,-0.9483533996407754,-0.5538860300467152,-0.8868511476460017,2.1898076404317948,-25.33186494424168,2.7531953891658034,-4.0,4.0,0.0,1.0,1.0,7.8,1.0,-0.48980292677879333,-11.165990829467773,0.38999998569488525
3.6601710319519043,0.7919453457657885,0.8775825618903728,0.479425538604203,0.0,0.0,0.794259090623986,0.47055046006518214,-0.37371795200222235,0.08983125204998928,1.0,0.0,0.0,1.1830878040060446,-0.7453077958936227,-0.2883920084315216,-0.6595788910740529,1.6130577546324467,-26.026581826444005,3.281491282876354,-4.0,4.0,0.0,1.0,1.0,7.8,1.0,-0.5009347796440125,-11.293083190917969,0.3799999952316284
3.680116891860962,0.9402580073436252,0.8775825618903728,0.479425538604203,0.0,0.0,0.69762734115113,0.5825394039374211,-0.3318956662495818,0.252604834600182,1.0,0.0,0.0,1.4155163810772868,-0.859296708720729,-0.05245603900415875,-0.18251519810629188,0.5475295345098096,-27.44244229945897,4.0,-4.0,4.0,1.0,1.0,1.0,7.8,1.0,-0.5343304872512817,-11.429254531860352,0.3700000047683716
3.7000999450683594,1.2052280350324036,0.8775825618903728,0.479425538604203,0.0,0.0,0.6421861919725869,0.5429110194608332,-0.17332914767964291,0.5126417134338516,1.0,0.0,0.0,0.9774605113181183,-0.8934791215815504,0.8485198994625749,0.0495659816868564,-0.06551755124186565,-27.06827565239653,3.1731117205788233,-4.0,4.0,0.0,1.0,1.0,7.8,1.0,-0.5343304872512817,-11.429254531860352,0.3700000047683716
3.7200920581817627,1.486387208273745,0.8775825618903728,0.479425538604203,0.0,0.0,0.48115973942685786,0.6550631240438018,0.009189092092068524,0.5824887717880718,1.0,0.0,0.0,1.3533876858412786,-0.8545735251364471,1.0595100371199182,1.068263442840623,-0.8201874203161419,-24.928626794783987,2.6107803760153354,-2.1431664420512915,4.0,0.0,0.0,1.0,7.8,1.0,-0.6011217832565308,-11.719751358032227,0.3400000035762787
3.7400996685028076,2.07977803695614,0.8775825618903728,0.479425538604203,0.0,0.0,-0.23905814224369484,-0.6184958544366,-0.16461542221910516,-0.7302163004475859,1.0,0.0,0.0,1.2456557093961622,-0.9694350138550933,1.7856580233225658,1.6787455554819817,-1.299495620954174,-25.666453556416617,1.8484297351149328,1.0855681001778015,4.0,0.0,0.0,1.0,7.8,1.0,-0.6233855485916138,-11.855921745300293,0.3199999928474426
3.760110378265381,2.2635415814250552,0.8775825618903728,0.479425538604203,0.0,0.0,-0.19423249260965825,-0.5310575806997109,-0.3352203610697078,-0.7535773976973458,1.0,0.0,0.0,1.282240020866342,-0.7344305437520021,2.0779763884501365,1.8075258748460916,-1.2809846697650014,-25.63520475751363,0.22843359657430184,3.7819245489473303,4.0,0.0,0.0,1.0,7.8,1.0,-0.6233855485916138,-11.855921745300293,0.3199999928474426
3.7801156044006348,2.2635415814250552,0.8775825618903728,0.479425538604203,0.0,0.0,-0.19423249260965825,-0.5310575806997109,-0.3352203610697078,-0.7535773976973458,1.0,0.0,0.0,1.282240020866342,-0.7344305437520021,2.0779763884501365,1.8075258748460916,-1.2809846697650014,-25.63520475751363,0.22843359657430184,3.7819245489473303,4.0,0.0,0.0,1.0,7.8,1.0,-0.6233855485916138,-11.855921745300293,0.3199999928474426
3.800114393234253,2.2635415814250552,0.8775825618903728,0.479425538604203,0.0,0.0,-0.19423249260965825,-0.5310575806997109,-0.3352203610697078,-0.7535773976973458,1.0,0.0,0.0,1.282240020866342,-0.7344305437520021,2.0779763884501365,1.8075258748460916,-1.2809846697650014,-25.63520475751363,0.22843359657430184,3.7819245489473303,4.0,0.0,0.0,1.0,7.8,1.0,-0.6233855485916138,-11.855921745300293,0.3199999928474426
3.8201253414154053,2.2635415814250552,0.8775825618903728,0.479425538604203,0.0,0.0,-0.19423249260965825,-0.5310575806997109,-0.3352203610697078,-0.7535773976973458,1.0,0.0,0.0,1.282240020866342,-0.7344305437520021,2.0779763884501365,1.8075258748460916,-1.2809846697650014,-25.63520475751363,0.22843359657430184,3.7819245489473303,4.0,0.0,0.0,1.0,7.8,1.0,-0.6233855485916138,-11.855921745300293,0.3199999928474426
3.8401007652282715,2.0858369794640534,0.8775825618903728,0.479425538604203,0.0,0.0,-0.29838721161274584,-0.5044407399333654,-0.4335720867968059,-0.6844851038496838,1.0,0.0,0.0,1.4428257349449773,-0.44650920323441884,1.9252011851932942,12.91687627700341,-3.301212785274569,-1.71784852949506,-4.0,4.0,4.0,1.0,1.0,1.0,7.8,1.0,-0.6790449619293213,-12.137341499328613,0.30000001192092896
3.8601291179656982,1.8457102731090285,0.8775825618903728,0.479425538604203,0.0,0.0,-0.35273074318867687,-0.6132251335426546,-0.4753929085861288,-0.5230081652012498,1.0,0.0,0.0,1.7868484270947562,-0.31106438812856324,1.5698214578617797,16.91855793736201,-3.4256409478567202,7.045386098792741,-4.0,4.0,-4.0,1.0,1.0,1.0,7.8,1.0,-0.6790449619293213,-12.137341499328613,0.30000001192092896
3.8800907135009766,2.0346760033954037,0.8775825618903728,0.479425538604203,0.0,0.0,-0.33102965709346244,-0.4904339274151094,-0.6047882047192334,-0.5330339167419486,1.0,0.0,0.0,1.7866688861343267,-0.12273810600119846,1.8776494114009472,16.52246900645944,-2.023286603383818,8.699793732294664,-4.0,4.0,-4.0,1.0,1.0,1.0,7.8,1.0,-0.6901768445968628,-12.27351188659668,0.3100000023841858
3.9001007080078125,1.3648283475043808,0.8775825618903728,0.479425538604203,0.0,0.0,0.5670886646094413,0.5806643433675979,0.5008228975397445,0.30069218831364997,1.0,0.0,0.0,1.752149049206988,0.22060449897225887,1.239353780801155,14.665332346107224,-0.8352294854679991,7.9429206013030775,-4.0,4.0,-4.0,1.0,1.0,1.0,7.8,1.0,-0.6901768445968628,-12.418760299682617,0.3100000023841858
3.920091390609741,1.3740890171223814,0.8775825618903728,0.479425538604203,0.0,0.0,0.6104845125876383,0.49512039388532497,0.5527266096220326,0.2768713608613349,1.0,0.0,0.0,1.681588706964261,0.4122728287967205,1.3106487348788187,12.4117883712344,0.05550589447422302,7.891729092308534,-4.0,4.0,-4.0,1.0,1.0,1.0,7.8,1.0,-0.7013087272644043,-12.554931640625,0.3100000023841858
3.940115451812744,1.3740890171223814,0.8775825618903728,0.479425538604203,0.0,0.0,0.6104845125876383,0.49512039388532497,0.5527266096220326,0.2768713608613349,1.0,0.0,0.0,1.681588706964261,0.4122728287967205,1.3106487348788187,12.4117883712344,0.05550589447422302,7.891729092308534,-4.0,4.0,-4.0,1.0,1.0,1.0,7.8,1.0,-0.7013087272644043,-12.554931640625,0.3100000023841858
3.960106134414673,1.3740890171223814,0.8775825618903728,0.479425538604203,0.0,0.0,0.6104845125876383,0.49512039388532497,0.5527266096220326,0.2768713608613349,1.0,0.0,0.0,1.681588706964261,0.4122728287967205,1.3106487348788187,12.4117883712344,0.05550589447422302,7.891729092308534,-4.0,4.0,-4.0,1.0,1.0,1.0,7.8,1.0,-0.7013087272644043,-12.554931640625,0.3100000023841858
3.9801278114318848,1.2238001143574762,0.8775825618903728,0.479425538604203,0.0,0.0,0.6082165056488272,0.5940398161411433,0.5005978434496411,0.1630680171857604,1.0,0.0,0.0,1.8003059335280376,0.4281691802541916,1.058889665198353,10.970953919303652,0.5790628907680481,7.1864891620706235,-4.0,4.0,-4.0,1.0,1.0,1.0,7.8,1.0,-0.7235724925994873,-12.691102027893066,0.30000001192092896
4.000110149383545,1.1555130409793588,0.8775825618903728,0.479425538604203,0.0,0.0,0.715354871677458,0.43783037503525934,0.5171665153973573,0.17061877275249313,1.0,0.0,0.0,1.4694037027657474,0.6316918927893247,1.0424102195450684,-1.0636722330789257,-4.140814589791578,0.8440317232996333,4.0,4.0,4.0,1.0,1.0,1.0,7.8,1.0,-0.7458362579345703,-12.827272415161133,0.30000001192092896
4.020104885101318,1.6015184607990691,0.8775825618903728,0.479425538604203,0.0,0.0,0.48639003485100746,0.5617440780647198,0.6586054192683185,0.11877384588896742,1.0,0.0,0.0,2.1877986271138856,0.531975949672484,1.4495169111357553,-8.061422275674213,-6.717641741541882,-0.6096476349566826,4.0,4.0,4.0,1.0,1.0,1.0,7.8,1.0,-0.7569681406021118,-12.981598854064941,0.28999999165534973
4.040086984634399,1.7039045330696894,0.8775825618903728,0.479425538604203,0.0,0.0,-0.3970831371316881,-0.6466946955879295,-0.6300836602962294,-0.1646375835943847,1.0,0.0,0.0,2.2892465235658372,0.2915641261020401,1.4116594122114459,-7.81570881590698,-5.308277581531678,1.1215805131120038,4.0,4.0,4.0,1.0,1.0,1.0,7.8,1.0,-0.7903637886047363,-13.117770195007324,0.27000001072883606
4.060112476348877,1.6927899432124387,0.8775825618903728,0.479425538604203,0.0,0.0,-0.3685679571891617,-0.7075935659497526,-0.5844662966493432,-0.14787885055315883,1.0,0.0,0.0,2.3490344993949956,0.22340866018661693,1.286980241910873,-7.203501890338385,-4.327242375426774,1.1256293378309716,4.0,4.0,3.6971620403753125,1.0,1.0,0.0,7.8,1.0,-0.8126275539398193,-13.244861602783203,0.25999999046325684
4.080117702484131,1.7080511464034438,0.8775825618903728,0.479425538604203,0.0,0.0,-0.3848580247110122,-0.665815137511254,-0.6173992742259884,-0.16550721936408247,1.0,0.0,0.0,2.3065418497832764,0.25766952303856305,1.3805572734715927,-6.747159691444434,-3.79017976965789,1.282750778793883,4.0,4.0,3.693861468034906,1.0,1.0,0.0,7.8,1.0,-0.8126275539398193,-13.244861602783203,0.25999999046325684
4.10010027885437,1.7080511464034438,0.8775825618903728,0.479425538604203,0.0,0.0,-0.3848580247110122,-0.665815137511254,-0.6173992742259884,-0.16550721936408247,1.0,0.0,0.0,2.3065418497832764,0.25766952303856305,1.3805572734715927,-6.747159691444434,-3.79017976965789,1.282750778793883,4.0,4.0,3.693861468034906,1.0,1.0,0.0,7.8,1.0,-0.8126275539398193,-13.244861602783203,0.25999999046325684
4.120520114898682,1.7080511464034438,0.8775825618903728,0.479425538604203,0.0,0.0,-0.3848580247110122,-0.665815137511254,-0.6173992742259884,-0.16550721936408247,1.0,0.0,0.0,2.3065418497832764,0.25766952303856305,1.3805572734715927,-6.747159691444434,-3.79017976965789,1.282750778793883,4.0,4.0,3.693861468034906,1.0,1.0,0.0,7.8,1.0,-0.8126275539398193,-13.244861602783203,0.25999999046325684
4.1400980949401855,1.8034836692887743,0.8775825618903728,0.479425538604203,0.0,0.0,-0.37379793051430604,-0.6094920504107225,-0.6203931348401179,-0.3223459413000364,1.0,0.0,0.0,2.110671417518275,0.07092821854138967,1.5483270404925575,-6.307775534354463,-3.3747373033224957,1.122776733317071,4.0,4.0,4.0,1.0,1.0,1.0,7.8,1.0,-0.8237594366073608,-13.39011001586914,0.23999999463558197
4.160266399383545,1.7670662469331073,0.8775825618903728,0.479425538604203,0.0,0.0,-0.3140675211687719,-0.7484037639978584,-0.5544608880616576,-0.18391987872608767,1.0,0.0,0.0,2.3994701442162016,0.07304860279593021,1.2468161554498722,-5.110432004124788,-2.3486509708939307,1.128116341385128,4.0,4.0,4.0,1.0,1.0,1.0,7.8,1.0,-0.8348913192749023,-13.54443645477295,0.20999999344348907
4.180094480514526,1.909454883293069,0.8775825618903728,0.479425538604203,0.0,0.0,-0.2606879664917207,-0.7280713853137278,-0.53528343803408,-0.3397432603896298,1.0,0.0,0.0,2.2763932148148416,-0.21733777126394765,1.3686049661433366,-5.007928685079476,-2.184647617759646,0.9208220187510738,4.0,4.0,4.0,1.0,1.0,1.0,7.8,1.0,-0.8682869672775269,-13.680607795715332,0.18000000715255737
4.20013689994812,1.9864030554989915,0.8775825618903728,0.479425538604203,0.0,0.0,-0.20708697650990307,-0.759814703430801,-0.5605005303868754,-0.25619476194173463,1.0,0.0,0.0,2.4862065711603245,-0.1578308341748026,1.3248930464261595,-4.2270230740743395,-7.036167893493578,0.7846858432399723,4.0,4.0,4.0,1.0,1.0,1.0,7.8,1.0,-0.8905507326126099,-13.816778182983398,0.14000000059604645
4.220086336135864,1.9805771452152463,0.8775825618903728,0.479425538604203,0.0,0.0,-0.2260668266331946,-0.7301577627390817,-0.5721835293785431,-0.2972699784972746,1.0,0.0,0.0,2.392641732395259,-0.17631665901879615,1.3988237079026047,-1.7793421410933914,-10.032616238482047,0.899620778121772,4.0,4.0,4.0,1.0,1.0,1.0,7.8,1.0,-0.8905507326126099,-13.816778182983398,0.14000000059604645
4.24009370803833,2.2841047255153475,0.8775825618903728,0.479425538604203,0.0,0.0,-0.04674881570930819,-0.7815662800549533,-0.6178103041934099,-0.0726575952209103,1.0,0.0,0.0,2.977754624744784,-0.05583866528623806,1.3424003074258568,3.4413277272648446,-12.733537331435105,-1.284650606627091,-0.49578366531516416,4.0,4.0,0.0,1.0,1.0,7.8,1.0,-0.9016826748847961,-13.952948570251465,0.10000000149011612
4.260099172592163,2.6013890660302095,0.8775825618903728,0.479425538604203,0.0,0.0,0.10590177207029752,-0.7504128601048877,-0.6521008689615653,-0.020731877897202853,1.0,0.0,0.0,-3.0073579725647974,-0.17005059119296453,1.4193732784608692,0.6787003432357523,-14.565094552490054,-4.934583466361783,4.0,4.0,4.0,1.0,1.0,1.0,7.8,1.0,-0.9239464402198792,-14.08004093170166,0.05999999865889549
4.280111312866211,2.507354153902829,0.8775825618903728,0.479425538604203,0.0,0.0,0.051544892129072165,-0.7447781121472601,-0.6608011554389666,-0.07739845432754094,1.0,0.0,0.0,3.1156385499873376,-0.18445539873042685,1.453847941943962,-1.902660749131107,2.953898560246861,0.8851672446059194,4.0,-0.9595787362447936,4.0,1.0,0.0,1.0,7.8,1.0,-0.9462102055549622,-14.207134246826172,0.029999999329447746
4.300108432769775,2.2426288995767876,0.8775825618903728,0.479425538604203,0.0,0.0,-0.08328499597587484,-0.7538385925728018,-0.6517598913236486,0.0001727858253325449,1.0,0.0,0.0,3.015165617393143,0.10904009310812691,1.4188961557784634,0.4476087312951572,-0.09058886108748995,-6.401241958196305,4.0,4.0,4.0,1.0,1.0,1.0,7.8,1.0,-0.9573420882225037,-14.316070556640625,0.019999999552965164
4.320122241973877,2.4334185918594033,0.8775825618903728,0.479425538604203,0.0,0.0,-0.016554948155385232,-0.6929247977560803,-0.7174451965708414,-0.06966741177691846,1.0,0.0,0.0,3.018043868831233,-0.07285846102450418,1.6100729151975377,-0.05151947959188703,-0.3515553411603153,-8.64786870977712,4.0,4.0,4.0,1.0,1.0,1.0,7.8,1.0,-0.9907377362251282,-14.425006866455078,0.019999999552965164
4.340089797973633,2.5035879391702087,0.8775825618903728,0.479425538604203,0.0,0.0,-0.01873844945840301,-0.6198561527263247,-0.7838247798608844,-0.03234091704405328,1.0,0.0,0.0,3.067591373699849,-0.01071831600875232,1.8037657091731845,-0.09675863957854731,-0.05630175265157586,-8.791496960559657,4.0,4.0,4.0,1.0,1.0,1.0,7.8,1.0,-1.0130014419555664,-14.552099227905273,0.019999999552965164
4.360112905502319,2.611302793621333,0.8775825618903728,0.479425538604203,0.0,0.0,0.018257512346183082,-0.580010008451761,-0.8108720399696173,-0.07577326793948169,1.0,0.0,0.0,3.0389974631234162,-0.11777963868159054,1.9058162145438204,0.036028617414495506,0.08154509756919534,-8.505336047115934,4.0,4.0,4.0,1.0,1.0,1.0,7.8,1.0,-1.024133324623108,-14.651957511901855,0.019999999552965164
4.380112648010254,2.7079972276429016,0.8775825618903728,0.479425538604203,0.0,0.0,0.01669718816415821,-0.47923305792751314,-0.8720930510400543,-0.09752225604704189,1.0,0.0,0.0,2.98569749541355,-0.1229039665139564,2.146254115993113,0.07164337702686227,0.009551755948572188,-9.130130874494942,4.0,4.0,4.0,1.0,1.0,1.0,7.8,1.0,-1.0575289726257324,-14.769972801208496,0.019999999552965164
4.400106430053711,2.7104620384587856,0.8775825618903728,0.479425538604203,0.0,0.0,-0.025474964053365627,-0.3995266974470538,-0.9161261772230901,0.02103025535120897,1.0,0.0,0.0,-3.1233780322149576,0.06352357337153147,2.3196944133196378,-0.05348762948447634,0.017484659470691083,-8.320709719039595,4.0,4.0,4.0,1.0,1.0,1.0,7.8,1.0,-1.079792857170105,-14.87890911102295,0.019999999552965164
4.420103073120117,2.884398878821015,0.8775825618903728,0.479425538604203,0.0,0.0,0.02006577632680579,-0.3042226709216038,-0.9519006050859953,-0.030515064388662323,1.0,0.0,0.0,3.0956166547210433,-0.056798532483053214,2.524227882714233,-0.013512338524422282,-0.08783845134508933,-7.4122079405084085,4.0,4.0,4.0,1.0,1.0,1.0,7.8,1.0,-1.0909247398376465,-14.987845420837402,0.019999999552965164
4.440116882324219,2.8572062547347468,0.8775825618903728,0.479425538604203,0.0,0.0,-0.02795741089408346,-0.24441664604353983,-0.9657636847128176,0.08233706093156191,1.0,0.0,0.0,-2.9950489446495854,0.09438969795214956,2.652773245362494,0.03355027416442988,-0.0398207338330677,-7.168305537298575,3.8876446958956232,4.0,4.0,0.0,1.0,1.0,7.8,1.0,-1.124320387840271,-15.096781730651855,0.019999999552965164
4.460132598876953,2.731596277617941,0.8775825618903728,0.479425538604203,0.0,0.0,-0.10443093155323463,-0.23344317806872356,-0.9613503887370175,0.10199947658337907,1.0,0.0,0.0,-2.9888741689342138,0.2510401063787655,2.684464903658395,0.03474296344392752,-0.09201734675977441,-7.400580460365352,2.957004279394944,4.0,4.0,0.0,1.0,1.0,7.8,1.0,-1.124320387840271,-15.096781730651855,0.019999999552965164
4.480122327804565,2.731596277617941,0.8775825618903728,0.479425538604203,0.0,0.0,-0.10443093155323463,-0.23344317806872356,-0.9613503887370175,0.10199947658337907,1.0,0.0,0.0,-2.9888741689342138,0.2510401063787655,2.684464903658395,0.03474296344392752,-0.09201734675977441,-7.400580460365352,2.957004279394944,4.0,4.0,0.0,1.0,1.0,7.8,1.0,-1.124320387840271,-15.096781730651855,0.019999999552965164
4.500051975250244,2.731596277617941,0.8775825618903728,0.479425538604203,0.0,0.0,-0.10443093155323463,-0.23344317806872356,-0.9613503887370175,0.10199947658337907,1.0,0.0,0.0,-2.9888741689342138,0.2510401063787655,2.684464903658395,0.03474296344392752,-0.09201734675977441,-7.400580460365352,2.957004279394944,4.0,4.0,0.0,1.0,1.0,7.8,1.0,-1.124320387840271,-15.096781730651855,0.019999999552965164
4.5200958251953125,2.95399052080442,0.8775825618903728,0.479425538604203,0.0,0.0,-0.047615740124083115,-0.10820622990633745,-0.9929516219894132,0.008439756541874892,1.0,0.0,0.0,-3.135106508125384,0.09653659386885065,2.9248139760700265,0.04268207152052997,-0.0017800805273829878,-7.592570049014905,1.2719056858913995,4.0,4.0,0.0,1.0,1.0,7.8,1.0,-1.146584153175354,-15.205718040466309,0.019999999552965164
4.540093898773193,2.964767760792489,0.8775825618903728,0.479425538604203,0.0,0.0,-0.0805079690929422,-0.03680429401963768,-0.9927463673706078,0.08135453845181696,1.0,0.0,0.0,-2.983142862093946,0.16660607510331507,3.0807376970985283,0.08680568664729257,-0.0008035305805967063,-8.400337140644515,-0.47319814278905387,4.0,4.0,0.0,1.0,1.0,7.8,1.0,-1.168847918510437,-15.314654350280762,0.019999999552965164
4.5600905418396,3.0933149724079048,0.8775825618903728,0.479425538604203,0.0,0.0,0.03504740137699766,-0.013809218144526184,-0.994191847804684,-0.10081445784045315,1.0,0.0,0.0,2.940218584260097,-0.07253560907333101,3.1211460124757457,-0.05853113240481589,0.06103905150113717,-7.669391032931301,-0.34430243675715844,-4.0,4.0,0.0,1.0,1.0,7.8,1.0,-1.19111168384552,-15.423591613769531,0.019999999552965164
4.580092430114746,3.130684638138985,0.8775825618903728,0.479425538604203,0.0,0.0,-0.006341695183489246,0.022984469755295226,-0.9970967231992215,-0.07231612294393823,1.0,0.0,0.0,2.997151752195756,0.01597154147701148,-3.096653534125208,0.032289184366118384,0.04134072756037416,-5.722857516186934,0.3350660721465622,-4.0,4.0,0.0,1.0,1.0,7.8,1.0,-1.213375449180603,-15.532527923583984,0.019999999552965164
4.600099563598633,3.117420096468536,0.8775825618903728,0.479425538604203,0.0,0.0,-0.04297455519388433,0.05345509129907864,-0.9959117604960331,-0.0587835531912335,1.0,0.0,0.0,3.028381048964242,0.092012067706948,-3.039564170643103,0.05764289586112942,0.01910217264511868,-2.9820518331301566,-1.5808586882131825,4.0,4.0,0.0,1.0,1.0,7.8,1.0,-1.235639214515686,-15.650542259216309,0.019999999552965164
4.620101690292358,2.863173989376928,0.8775825618903728,0.479425538604203,0.0,0.0,0.0669579056930351,0.16686438717433638,-0.9798973252029152,0.08645315042442384,1.0,0.0,0.0,-2.9920295647900494,-0.16076729004573764,-2.8163240266535277,-0.09438526017799048,0.02465521046887273,-2.7718442406462938,2.664259968392529,-4.0,3.209016448999858,0.0,1.0,0.0,7.8,1.0,-1.257902979850769,-15.75040054321289,0.019999999552965164
4.640106678009033,3.0886461599766926,0.8775825618903728,0.479425538604203,0.0,0.0,0.023316140395458925,0.01253232460419882,-0.9992274229919251,-0.029049192381037123,1.0,0.0,0.0,3.082859199980216,-0.04588424475688483,-3.1151618462784207,-0.02563114483646274,-0.052665576057841036,-2.394217102058216,0.0989205066524598,-4.0,-0.5140957942989441,0.0,1.0,0.0,7.8,1.0,-1.257902979850769,-15.75040054321289,0.019999999552965164
4.6601011753082275,3.0040309978082,0.8775825618903728,0.479425538604203,0.0,0.0,0.06899232993641535,0.017062386097311446,-0.996345373938801,0.04737962875922469,1.0,0.0,0.0,-3.048495921865829,-0.13954969023331737,-3.1138571107597106,0.08717927104497977,0.020478965305139082,-1.8898450143387657,-0.7107777329015901,-4.0,-1.162497573614547,0.0,1.0,0.0,7.8,1.0,-1.2912986278533936,-15.859336853027344,0.019999999552965164
4.680104494094849,3.0807445961449917,0.8775825618903728,0.479425538604203,0.0,0.0,-0.07020139020340135,0.19195233434554457,-0.975567065797515,0.08059135365554619,1.0,0.0,0.0,-2.955277132169066,0.10623263132896224,-2.7431022594178085,0.04038221794303981,0.043356586863686764,-1.2724591597083912,3.8806783411244385,-4.0,-2.849887348311401,0.0,1.0,0.0,7.8,1.0,-1.302430510520935,-15.959196090698242,0.019999999552965164
4.700100898742676,3.040659628771097,0.8775825618903728,0.479425538604203,0.0,0.0,-0.0671778782751608,0.01774841060477393,-0.9971939096580921,0.027864549740861534,1.0,0.0,0.0,-3.0830825314225323,0.13338480697242264,-3.1020906161213313,0.0278362412172984,-0.07451418110480026,-0.3285643629275333,-1.06699468731672,4.0,4.0,0.0,1.0,1.0,7.8,1.0,-1.346958041191101,-16.068132400512695,0.019999999552965164
4.720105171203613,2.853932166321641,0.8775825618903728,0.479425538604203,0.0,0.0,0.08583381209150992,0.14185434044929957,-0.986089233601616,0.011744197397485504,1.0,0.0,0.0,3.140384372595323,-0.17348037971507574,-2.8557370066286873,0.03383275147272863,-0.03858780616234388,-0.367086406971718,1.5314284723959122,-4.0,-4.0,0.0,1.0,1.0,7.8,1.0,-1.369221806526184,-16.158912658691406,0.019999999552965164
4.740095376968384,2.943583755337769,0.8775825618903728,0.479425538604203,0.0,0.0,0.04020024500433068,0.1325831666291943,-0.9872112934107574,0.07886384716983161,1.0,0.0,0.0,-2.9952855006516566,-0.10045316647729816,-2.8819567020655317,-0.02116939330684367,0.0798705129941566,0.44383975330510367,2.026270591642662,-4.0,-4.0,0.0,1.0,1.0,7.8,1.0,-1.3803536891937256,-16.258771896362305,0.019999999552965164
4.760153770446777,2.998420779247877,0.8775825618903728,0.479425538604203,0.0,0.0,0.033877347317294325,0.087176504611109,-0.9919914904322663,-0.08488501217826205,1.0,0.0,0.0,2.9661368529476526,-0.052436149200024686,-2.9616694424221803,0.05882666046554569,-0.0555181639907449,2.0810689307501082,0.9699516535216062,-4.0,-4.0,0.0,1.0,1.0,7.8,1.0,-1.41374933719635,-16.35862922668457,0.019999999552965164
4.780107736587524,3.0310826763768572,0.8775825618903728,0.479425538604203,0.0,0.0,0.06293196336731875,-2.33063530924554e-06,-0.9972907037158637,0.03808963459026922,1.0,0.0,0.0,-3.0649387560012444,-0.12585472764824923,3.1367556178938756,0.024480831687535454,0.05090136029021111,2.1584306169529577,-0.7013880419041875,-4.0,-4.0,0.0,1.0,1.0,7.8,1.0,-1.436013102531433,-16.467565536499023,0.019999999552965164
4.800142526626587,2.9929129822158855,0.8775825618903728,0.479425538604203,0.0,0.0,-0.09930015249993095,0.02685025862997429,-0.9940839175710671,-0.03486700663311687,1.0,0.0,0.0,3.0762472039879305,0.2006412376707766,-3.094165574484783,-0.011411176766132944,-0.033738485101614216,1.9012894496156634,-1.3777622499688844,4.0,2.538600093653831,0.0,1.0,0.0,7.8,1.0,-1.436013102531433,-16.467565536499023,0.019999999552965164
4.820103645324707,3.121596907140187,0.8775825618903728,0.479425538604203,0.0,0.0,-0.05851738986653986,0.0862618507335564,-0.9912293392581676,-0.08123426115282628,1.0,0.0,0.0,2.9887580489357966,0.13039232061475647,-2.9779775697273094,0.04025133838827502,-0.09651568077957806,1.1536185129434764,-2.236137895845847,4.0,4.0,0.0,1.0,1.0,7.8,1.0,-1.4694087505340576,-16.558345794677734,0.019999999552965164
4.840097188949585,3.057890989925731,0.8775825618903728,0.479425538604203,0.0,0.0,-0.04324874098457982,-0.008101936123402688,-0.9985831739518809,0.02992573699156734,1.0,0.0,0.0,-3.082267899808167,0.0869694363203925,3.1279482500944567,0.08986316572674602,-0.044363388307152564,1.271625292813997,-0.6319413245277433,4.0,3.9631782502931694,0.0,1.0,0.0,7.8,1.0,-1.4916725158691406,-16.658205032348633,0.019999999552965164
4.860122919082642,3.077343310783774,0.8775825618903728,0.479425538604203,0.0,0.0,0.002507045574419048,-0.07158418354579509,-0.9962091126803901,-0.049364189460774456,1.0,0.0,0.0,3.043432784006897,-0.012062766232900752,2.9987185934020295,-0.025644273364472947,-0.057654677870011994,2.3907961045958706,1.3830365506933051,4.0,0.8554004268533042,0.0,1.0,0.0,7.8,1.0,-1.5028043985366821,-16.767141342163086,0.019999999552965164
4.880168914794922,3.0787432775709505,0.8775825618903728,0.479425538604203,0.0,0.0,0.008940145806230485,-0.08190058544192179,-0.9966002029599986,0.0006351041831620984,1.0,0.0,0.0,-3.1388619253932646,-0.017716398203160136,2.9775770144665374,0.07317915750274892,0.041722481608838874,1.8307143603954483,1.2304965662049092,4.0,2.2219072128387802,0.0,1.0,0.0,7.8,1.0,-1.5362000465393066,-16.857921600341797,0.019999999552965164
4.900101184844971,2.904763621762346,0.8775825618903728,0.479425538604203,0.0,0.0,-0.09939599056768364,-0.06447255028939282,-0.9881843955963134,0.09723850892624471,1.0,0.0,0.0,-2.9571360829909548,0.21053341143758528,3.0308344493412087,0.06747566441042982,-0.04307201042525344,1.8430012459981708,-0.09136246681049462,4.0,0.39651534243007003,0.0,1.0,0.0,7.8,1.0,-1.5584638118743896,-16.96685791015625,0.019999999552965164
4.920090436935425,2.990255447871992,0.8775825618903728,0.479425538604203,0.0,0.0,0.07196601366017136,0.02594833635501552,-0.9951450430589973,0.061918656262691656,1.0,0.0,0.0,-3.0204931539979034,-0.14697519709004717,-3.09838082791415,0.08075661317089766,-0.09571893990443064,0.5252712896159001,-0.5576371999835399,-4.0,-4.0,0.0,1.0,1.0,7.8,1.0,-1.5695956945419312,-17.075794219970703,0.019999999552965164
4.940097808837891,3.037587511998558,0.8775825618903728,0.479425538604203,0.0,0.0,-0.012153981876047805,-0.08617190771759217,-0.9961607557391319,0.009509562035598792,1.0,0.0,0.0,-3.124734779105585,0.02585643472551351,2.969232186957432,-0.08242511377300166,0.012009579539986492,0.9938240154331442,1.7256211397055141,4.0,4.0,0.0,1.0,1.0,7.8,1.0,-1.5807275772094727,-17.184730529785156,0.019999999552965164
4.960101127624512,3.025236844003097,0.8775825618903728,0.479425538604203,0.0,0.0,-0.049293209157804246,-0.03105014136805769,-0.9978046931669913,-0.03149384933403495,1.0,0.0,0.0,3.075325124855513,0.09656421519101555,3.0761726252438417,0.013091568047684701,-0.029376217524224174,1.3022607186366157,0.01996651298582873,4.0,4.0,0.0,1.0,1.0,7.8,1.0,-1.6029913425445557,-17.29366683959961,0.019999999552965164
4.980130910873413,3.1008132736124776,0.8775825618903728,0.479425538604203,0.0,0.0,0.09708681499965263,-0.13518974980686435,-0.9848579885264618,-0.04850385898042063,1.0,0.0,0.0,3.0707512519295737,-0.20579750364111485,2.8760795649173074,0.02504975306412996,-0.04916360706225911,0.06961511332353405,-3.4039203232445523,-4.0,-4.0,0.0,1.0,1.0,7.8,1.0,-1.6141232252120972,-17.393526077270508,0.019999999552965164
5.00011134147644,2.190428051598411,0.7701511529340699,0.42073549240394825,0.42073549240394825,-0.22984884706593015,0.0408678371949076,-0.12511137024762495,-0.9868888018992783,0.09342086278545697,1.0,1.0,0.0,-2.9453981951759154,-0.05731937955424206,2.8837484456780134,-0.06167731742081655,0.07884786776065592,0.01671041919036212,4.0,4.0,4.0,1.0,1.0,1.0,7.8,1.0,-1.6141232252120972,-17.393526077270508,0.019999999552965164
5.020103931427002,2.3934607378390385,0.7701511529340699,0.42073549240394825,0.42073549240394825,-0.22984884706593015,0.06802457018056601,0.027368891071796457,-0.996337139474277,0.04399893359462905,1.0,1.0,0.0,-3.0567282891859615,-0.1384006302927511,-3.092552998315627,-0.08353191378326558,-0.03940514248687839,-0.31365071580841386,4.0,4.0,4.0,1.0,1.0,1.0,7.8,1.0,-1.6252551078796387,-17.50246238708496,0.019999999552965164
5.04008674621582,2.1802777371942996,0.7701511529340699,0.42073549240394825,0.42073549240394825,-0.22984884706593015,-0.0026551120824612165,-0.054034231303228986,-0.9951480007017242,0.08218095233483082,1.0,1.0,0.0,-2.9775642313825386,0.014166101935822012,3.034268272605334,-0.0668909611809822,-0.05953501440614426,-0.5002706661653414,4.0,4.0,4.0,1.0,1.0,1.0,7.8,1.0,-1.6363869905471802,-17.60232162475586,0.019999999552965164
5.060099124908447,1.9948163876390423,0.7701511529340699,0.42073549240394825,0.42073549240394825,-0.22984884706593015,-0.07862549903910236,-0.11160579826335525,-0.9869055060232441,0.08590517374323882,1.0,1.0,0.0,-2.986597440821577,0.1752627889298237,2.930020683728372,-0.09301238609213397,-0.09059343045049176,-0.9298316840309256,4.0,4.0,4.0,1.0,1.0,1.0,7.8,1.0,-1.6363869905471802,-17.702178955078125,0.019999999552965164
5.080145835876465,2.2251101352627076,0.7701511529340699,0.42073549240394825,0.42073549240394825,-0.22984884706593015,-0.01172803180166377,-0.07768359719411473,-0.9939812958790347,-0.07634720322105001,1.0,1.0,0.0,2.9873744683098695,0.011453288134045706,2.9847168551214196,0.08168344753180776,0.04182662341042234,-0.2789076541837012,4.0,4.0,4.0,1.0,1.0,1.0,7.8,1.0,-1.6475188732147217,-17.811115264892578,0.019999999552965164
5.100103139877319,2.4615114075906384,0.7701511529340699,0.42073549240394825,0.42073549240394825,-0.22984884706593015,0.09291798678718684,0.015237602632759747,-0.9950691919302901,-0.031166752615913413,1.0,1.0,0.0,3.0755606094109713,-0.18502370997758108,-3.104840388191852,-0.06459479325743223,-0.008802425374210457,1.54135029303317,4.0,4.0,2.388957728170797,1.0,1.0,0.0,7.8,1.0,-1.6475188732147217,-17.90189552307129,0.019999999552965164
5.120100975036621,2.2713441645612766,0.7701511529340699,0.42073549240394825,0.42073549240394825,-0.22984884706593015,0.020589273032740853,-0.01737032909145176,-0.9987129470447702,0.04297444482931129,1.0,1.0,0.0,-3.0548623508705326,-0.03964296936575915,3.105090304989732,0.09047840332035981,0.05528092638805718,2.37374511143079,4.0,4.0,-1.9938518321017131,1.0,1.0,0.0,7.8,1.0,-1.6697826385498047,-18.001754760742188,0.019999999552965164
5.140146493911743,1.9376438663354283,0.7701511529340699,0.42073549240394825,0.42073549240394825,-0.22984884706593015,-0.08763876079381627,-0.15518924963885347,-0.9796049167493505,0.0927898242457221,1.0,1.0,0.0,-2.9831324112365913,0.2018710018200292,2.8434456563653363,-0.0694829701981977,-0.07084843392496246,1.255977156100644,4.0,4.0,0.8869395686097707,1.0,1.0,0.0,7.8,1.0,-1.6697826385498047,-18.001754760742188,0.019999999552965164
5.160085678100586,2.2541305369512403,0.7701511529340699,0.42073549240394825,0.42073549240394825,-0.22984884706593015,0.021779732004075614,-0.0714171710122034,-0.9970941223211419,-0.015117611950177015,1.0,1.0,0.0,3.1145247344995903,-0.0456080095102787,2.999203660527509,0.005144264177443375,0.07292401291581763,-0.6076189932647521,4.0,4.0,4.0,1.0,1.0,1.0,7.8,1.0,-1.6697826385498047,-18.119770050048828,0.019999999552965164
5.18009614944458,2.1779000905731425,0.7701511529340699,0.42073549240394825,0.42073549240394825,-0.22984884706593015,-0.03721560248427308,-0.05484186593850115,-0.9972118322332315,-0.034291840518661555,1.0,1.0,0.0,3.068873586904858,0.07052085899804873,3.0291466385734607,0.0004778519610983134,0.06657519963337796,0.6731370380234208,4.0,4.0,4.0,1.0,1.0,1.0,7.8,1.0,-1.6697826385498047,-18.21055030822754,0.019999999552965164
5.20011568069458,2.1591613211227174,0.7701511529340699,0.42073549240394825,0.42073549240394825,-0.22984884706593015,-0.051383738513654464,0.014669770439674656,-0.9948803859770203,0.08577602724434544,1.0,1.0,0.0,-2.9676732316141106,0.09989075613740078,-3.1033886430175217,0.09827118535525128,-0.07526123480889109,0.7376949983570293,2.800239008253592,4.0,4.0,0.0,1.0,1.0,7.8,1.0,-1.6697826385498047,-18.328563690185547,0.019999999552965164
5.220087289810181,2.2119779740442342,0.7701511529340699,0.42073549240394825,0.42073549240394825,-0.22984884706593015,0.03007262593491048,-0.06983858975072708,-0.99114679437687,0.10884043617820986,1.0,1.0,0.0,-2.9196024909256986,-0.0444248595861226,2.9959482785341565,0.030694578426476826,0.03869706828982425,-0.18358894666497522,4.0,4.0,4.0,1.0,1.0,1.0,7.8,1.0,-1.6809145212173462,-18.428422927856445,0.019999999552965164
5.240113973617554,2.325076844710151,0.7701511529340699,0.42073549240394825,0.42073549240394825,-0.22984884706593015,0.08682222845276338,-0.07491454717396356,-0.9911578870502259,0.06675143598715913,1.0,1.0,0.0,-2.9937759775338746,-0.162826298730961,2.978631068942462,-0.052427957365750705,-0.04747230537103911,-0.40280342382232914,4.0,4.0,4.0,1.0,1.0,1.0,7.8,1.0,-1.6809145212173462,-18.546438217163086,0.019999999552965164
5.260115385055542,2.069919418705461,0.7701511529340699,0.42073549240394825,0.42073549240394825,-0.22984884706593015,-0.08924406762313224,-0.0923642123238761,-0.9899653721867407,-0.058931405439170324,1.0,1.0,0.0,3.00614363485254,0.16658010264807116,2.9442054851610866,0.08391299223855828,0.007571034257841197,-0.8915046045720181,4.0,4.0,4.0,1.0,1.0,1.0,7.8,1.0,-1.6809145212173462,-18.546438217163086,0.019999999552965164
5.280097484588623,2.375110875625779,0.7701511529340699,0.42073549240394825,0.42073549240394825,-0.22984884706593015,0.08564276340605163,-0.012554555810276249,-0.9936436266510574,0.07197251850752061,1.0,1.0,0.0,-2.99377128075936,-0.16919571770386233,3.10376626173047,0.06807711368061173,-0.08063928509710781,-2.203266316786891,4.0,4.0,4.0,1.0,1.0,1.0,7.8,1.0,-1.6809145212173462,-18.637218475341797,0.019999999552965164
5.300096750259399,2.2575163819118784,0.7701511529340699,0.42073549240394825,0.42073549240394825,-0.22984884706593015,0.023838450119166542,-0.06692275347728978,-0.9974466856930003,-0.007292637587528691,1.0,1.0,0.0,3.130221645030169,-0.0485503239234857,3.0078814247060914,-0.06777277799685431,0.051443019791568595,-1.8800880589700486,4.0,4.0,4.0,1.0,1.0,1.0,7.8,1.0,-1.6809145212173462,-18.764310836791992,0.019999999552965164
5.320123195648193,2.34146520235054,0.7701511529340699,0.42073549240394825,0.42073549240394825,-0.22984884706593015,0.054306143810461935,-0.033233411245396846,-0.9979100596908336,-0.011040647139944838,1.0,1.0,0.0,3.123055317020377,-0.10933684637429844,3.0760256828488495,-0.03993215639260637,0.04346445305664565,-0.4884362071967229,4.0,4.0,4.0,1.0,1.0,1.0,7.8,1.0,-1.6809145212173462,-18.864168167114258,0.019999999552965164
5.340135812759399,2.3623001777250985,0.7701511529340699,0.42073549240394825,0.42073549240394825,-0.22984884706593015,0.05882570056020598,-0.04095831600058835,-0.9962330117485556,-0.04880306964115356,1.0,1.0,0.0,3.0483515162511985,-0.12150474272789716,3.0650882547519944,0.008904711961154207,0.09505475272038794,0.7838681787096877,4.0,4.0,4.0,1.0,1.0,1.0,7.8,1.0,-1.6697826385498047,-18.9821834564209,0.019999999552965164
5.36009669303894,2.1252071280603833,0.7701511529340699,0.42073549240394825,0.42073549240394825,-0.22984884706593015,-0.039078337457061726,-0.11695627770853123,-0.9914440047955445,-0.042812358042153165,1.0,1.0,0.0,3.04720475408227,0.06752492161583915,2.903556475578657,-0.07357661282424639,-0.05967130249790745,0.9342047702451666,4.0,4.0,4.0,1.0,1.0,1.0,7.8,1.0,-1.6697826385498047,-19.082040786743164,0.019999999552965164
5.38010573387146,2.4506790299665893,0.7701511529340699,0.42073549240394825,0.42073549240394825,-0.22984884706593015,0.08212725148422817,-0.015886885031464935,-0.9918414160577018,-0.09619421417266306,1.0,1.0,0.0,2.949558172733356,-0.16674245630991322,3.125656759803297,-0.0405187379586242,-0.02030923788066008,0.9944033059399672,4.0,4.0,4.0,1.0,1.0,1.0,7.8,1.0,-1.6697826385498047,-19.082040786743164,0.019999999552965164
5.400095701217651,2.1756497126818997,0.7701511529340699,0.42073549240394825,0.42073549240394825,-0.22984884706593015,0.010108155696901065,-0.08502714808880941,-0.9930279538854954,0.08101661606286154,1.0,1.0,0.0,-2.978241465939895,-0.006298180353554031,2.9702455207839225,-0.06610349472422244,-0.07327929584867757,0.6658092178562752,4.0,4.0,3.6829586871654008,1.0,1.0,0.0,7.8,1.0,-1.6475188732147217,-19.200056076049805,0.019999999552965164
5.420105695724487,2.2823942991403996,0.7701511529340699,0.42073549240394825,0.42073549240394825,-0.22984884706593015,0.04111563545885224,-0.031261609149992285,-0.9962823238749018,0.06894742524991979,1.0,1.0,0.0,-3.00075114579387,-0.07769288460712692,3.07337371319266,-0.044105437984929476,0.060880170529526156,-0.02061655215016299,4.0,4.0,4.0,1.0,1.0,1.0,7.8,1.0,-1.6475188732147217,-19.290836334228516,0.019999999552965164
5.440116882324219,2.4317562187465582,0.7701511529340699,0.42073549240394825,0.42073549240394825,-0.22984884706593015,0.08554041833728109,0.007255290181732041,-0.9962386384294664,-0.011780190799158909,1.0,1.0,0.0,3.116510815348946,-0.1711000128355249,-3.124876431599412,-0.011250916746009948,0.004396939436242003,0.2720608847450837,4.0,4.0,4.0,1.0,1.0,1.0,7.8,1.0,-1.6363869905471802,-19.39977264404297,0.019999999552965164
5.460112810134888,2.029960722110453,0.7701511529340699,0.42073549240394825,0.42073549240394825,-0.22984884706593015,-0.07549605470650446,-0.1141752031947658,-0.9903703236604459,0.020760315794566206,1.0,1.0,0.0,-3.1174196667329044,0.15489740235043753,2.913911349312483,-0.083028451277698,-0.026067301872561774,-0.006075007037175388,4.0,4.0,4.0,1.0,1.0,1.0,7.8,1.0,-1.6363869905471802,-19.508708953857422,0.019999999552965164
5.480125188827515,2.1378006986971276,0.7701511529340699,0.42073549240394825,0.42073549240394825,-0.22984884706593015,-0.044670735764822424,-0.07143914042175532,-0.9963807257714191,-0.011243838012444761,1.0,1.0,0.0,3.112689245728933,0.08752332014937385,2.9971745869674367,-0.09646782950281685,0.036224082817317815,-2.8500540691755947,4.0,4.0,4.0,1.0,1.0,1.0,7.8,1.0,-1.6363869905471802,-19.60856819152832,0.019999999552965164
5.500101566314697,2.3375052588960554,0.7701511529340699,0.42073549240394825,0.42073549240394825,-0.22984884706593015,0.018803505972937628,0.005318746459206598,-0.9984321049270852,-0.052454465492446124,1.0,1.0,0.0,3.0363823251042428,-0.036998504657338484,-3.128990225394953,-0.09697414665184367,-0.013242834849847049,-3.7818257025480353,4.0,4.0,4.0,1.0,1.0,1.0,7.8,1.0,-1.6363869905471802,-19.60856819152832,0.019999999552965164
5.5201733112335205,2.165761992035566,0.7701511529340699,0.42073549240394825,0.42073549240394825,-0.22984884706593015,-0.09829175302923376,0.010912554801301839,-0.9914839376426906,-0.08473044807325085,1.0,1.0,0.0,2.9715953822147063,0.19805083177840083,-3.136510651892145,0.036317755131680035,0.07529024401366413,-2.884062310415555,4.0,4.0,4.0,1.0,1.0,1.0,7.8,1.0,-1.6363869905471802,-19.72658348083496,0.019999999552965164
5.54011344909668,2.2960393504210845,0.7701511529340699,0.42073549240394825,0.42073549240394825,-0.22984884706593015,-0.009298458223368201,0.02705357545200549,-0.9992601134725777,-0.02570735989366158,1.0,1.0,0.0,3.09068695327758,0.019975437240225068,-3.0879672222225776,-0.054576775214503104,0.09756931857628207,-1.2998791846705198,4.0,4.0,4.0,1.0,1.0,1.0,7.8,1.0,-1.6252551078796387,-19.817363739013672,0.019999999552965164
5.5601067543029785,2.4097147344482206,0.7701511529340699,0.42073549240394825,0.42073549240394825,-0.22984884706593015,0.0315242067835099,0.13027763743766055,-0.986380140751468,0.0953319437620262,1.0,1.0,0.0,-2.9600589619081115,-0.08713918006896415,-2.886895874526457,0.07797681857862002,0.01029756472872767,0.3890902940408931,1.678866441875042,4.0,4.0,0.0,1.0,1.0,7.8,1.0,-1.6141232252120972,-19.93537712097168,0.019999999552965164
5.58012843132019,2.353975931674318,0.7701511529340699,0.42073549240394825,0.42073549240394825,-0.22984884706593015,-0.03358767764076275,0.11605751128732582,-0.9916151641406749,-0.0458463546070439,1.0,1.0,0.0,3.058118897360149,0.07733077919310367,-2.9118060629236977,0.00012110416451489858,-0.0009371992780465854,0.3937771583520917,2.8734643148592127,4.0,4.0,0.0,1.0,1.0,7.8,1.0,-1.6141232252120972,-20.02615737915039,0.019999999552965164
5.600113868713379,2.3333143624995434,0.7701511529340699,0.42073549240394825,0.42073549240394825,-0.22984884706593015,-0.0007818165291339065,0.10431983916946083,-0.9908732282606557,0.08536395864109779,1.0,1.0,0.0,-2.9714172391125233,-0.01626166343719298,-2.9331910992513253,-0.07455473867029748,-0.07215534611588359,0.5206237418300499,2.5215077458648643,4.0,4.0,0.0,1.0,1.0,7.8,1.0,-1.5807275772094727,-20.12601661682129,0.019999999552965164
5.620103597640991,2.3172418805674204,0.7701511529340699,0.42073549240394825,0.42073549240394825,-0.22984884706593015,0.040205380825981574,-0.0006281240065972205,-0.9979532163755661,0.04972434754255291,1.0,1.0,0.0,-3.041810749738537,-0.08026988422247178,3.1363236141157658,0.018515154059331212,-0.0967181454152704,0.8650357761930181,4.0,4.0,3.9813296913715526,1.0,1.0,0.0,7.8,1.0,-1.5695956945419312,-20.225873947143555,0.019999999552965164
5.640111923217773,2.4841290965659497,0.7701511529340699,0.42073549240394825,0.42073549240394825,-0.22984884706593015,0.07969234684340058,0.055732815853636486,-0.9941866335803136,-0.0462160221336612,1.0,1.0,0.0,3.0394318015968698,-0.15391360130343984,-3.021708119939692,-0.007999887225524027,0.006775266586887388,0.0002599945062743414,4.0,4.0,4.0,1.0,1.0,1.0,7.8,1.0,-1.5584638118743896,-20.33481216430664,0.019999999552965164
5.660196542739868,2.4058143908345744,0.7701511529340699,0.42073549240394825,0.42073549240394825,-0.22984884706593015,0.031188374949896496,0.08512470887158248,-0.9958798722377845,0.002085492547821706,1.0,1.0,0.0,3.1404343881363492,-0.06251551607289366,-2.9710171985782394,0.09801307068665932,0.027273410532376474,-0.9362521033959,3.1196989837974707,4.0,4.0,0.0,1.0,1.0,7.8,1.0,-1.5584638118743896,-20.33481216430664,0.019999999552965164
5.680103778839111,2.400132596568325,0.7701511529340699,0.42073549240394825,0.42073549240394825,-0.22984884706593015,0.03261242739235964,0.0363015870034265,-0.9962361717208122,-0.07163877801631732,1.0,1.0,0.0,2.995709752028513,-0.059813816494822106,-3.0643754535592214,0.08153148891420717,0.056481039017133,-0.2668649054694072,4.0,4.0,4.0,1.0,1.0,1.0,7.8,1.0,-1.5362000465393066,-20.42559242248535,0.019999999552965164
5.700105667114258,2.10658823169776,0.7701511529340699,0.42073549240394825,0.42073549240394825,-0.22984884706593015,-0.07616229784411391,0.006495991901848014,-0.9928563582913977,0.09161527316260763,1.0,1.0,0.0,-2.955515131336318,0.1506149806009273,-3.1144273788921453,-0.03175344353653063,0.07972224129343791,-0.8416979319787725,3.1792940671630388,4.0,4.0,0.0,1.0,1.0,7.8,1.0,-1.5028043985366821,-20.54360580444336,0.019999999552965164
5.720102787017822,2.421634557953112,0.7701511529340699,0.42073549240394825,0.42073549240394825,-0.22984884706593015,0.008779205863853145,0.10852811016526659,-0.9924713579516331,-0.05608189096310138,1.0,1.0,0.0,3.0281228308132784,-0.005253321612389771,-2.923457058514602,0.025249251427138186,0.09914156056967335,-3.9880114766572503,3.3354972685505273,4.0,4.0,0.0,1.0,1.0,7.8,1.0,-1.4916725158691406,-20.63438606262207,0.019999999552965164
5.7411792278289795,2.410886133808447,0.7701511529340699,0.42073549240394825,0.42073549240394825,-0.22984884706593015,-0.0719704690036988,0.21581846471797037,-0.9712859662838712,-0.06961475115356369,1.0,1.0,0.0,3.0356922949953504,0.1706836560755656,-2.713367770691805,-0.06450386195289862,-0.06482913816508917,-3.950663210746753,1.3789151675119657,4.0,4.0,0.0,1.0,1.0,7.8,1.0,-1.4694087505340576,-20.73424530029297,0.019999999552965164
5.760100841522217,2.5947602134969987,0.7701511529340699,0.42073549240394825,0.42073549240394825,-0.22984884706593015,0.061270159449303654,0.1897028489728139,-0.9779175444428421,-0.06273812974210001,1.0,1.0,0.0,2.994432722658742,-0.09617933922018651,-2.7512840114810686,-0.06488115124450039,-0.07585576845105005,-3.244309443939827,2.8764854225691776,4.0,4.0,0.0,1.0,1.0,7.8,1.0,-1.4694087505340576,-20.73424530029297,0.019999999552965164
5.780086278915405,2.494063855431898,0.7701511529340699,0.42073549240394825,0.42073549240394825,-0.22984884706593015,0.02399306752170926,0.15643624289844824,-0.9859264422791196,-0.053861721412836745,1.0,1.0,0.0,3.0275788532408514,-0.030463660404223384,-2.825139009591015,-0.020137042678867068,0.04969370532498654,-2.0745599736704414,2.858363694298219,4.0,4.0,0.0,1.0,1.0,7.8,1.0,-1.436013102531433,-20.834104537963867,0.019999999552965164
5.800134658813477,2.579563827542494,0.7701511529340699,0.42073549240394825,0.42073549240394825,-0.22984884706593015,0.08203760337519701,0.15871680948458095,-0.983502846856935,-0.028301170360843196,1.0,1.0,0.0,3.058822574163229,-0.15298069574425582,-2.8152462552668114,0.038990263125759456,0.05474615368454602,-2.8016259318297987,2.848928945909765,4.0,4.0,0.0,1.0,1.0,7.8,1.0,-1.41374933719635,-20.94304084777832,0.019999999552965164
5.820108890533447,2.4210121243539784,0.7701511529340699,0.42073549240394825,0.42073549240394825,-0.22984884706593015,-0.05629933472825999,0.2570662832204005,-0.9633301390550387,0.05236749114292125,1.0,1.0,0.0,-3.0109477769123245,0.08163650708681072,-2.6146991433407116,0.03968154260392079,-0.039431047636358546,-2.790899181929139,-0.6043174321734893,4.0,4.0,0.0,1.0,1.0,7.8,1.0,-1.369221806526184,-21.03382110595703,0.019999999552965164
5.8400938510894775,2.5909451758766626,0.7701511529340699,0.42073549240394825,0.42073549240394825,-0.22984884706593015,0.042540596967265844,0.2029724170874831,-0.9744029777809735,-0.08678324955257855,1.0,1.0,0.0,2.953887317464657,-0.04769223454073459,-2.7263672802281724,-0.05530991496787266,-0.08872217813596868,-2.442044403628035,2.662381504509996,4.0,4.0,0.0,1.0,1.0,7.8,1.0,-1.369221806526184,-21.03382110595703,0.019999999552965164
5.860100746154785,2.702282995994265,0.7701511529340699,0.42073549240394825,0.42073549240394825,-0.22984884706593015,0.07562118984319643,0.32845214692735464,-0.9375065567480639,0.08649901086081795,1.0,1.0,0.0,-3.0265411184937454,-0.19994180375382034,-2.4791785928017998,-0.048822657177682575,0.06612876953330962,-2.3774770481114387,-0.6457030480214943,4.0,4.0,0.0,1.0,1.0,7.8,1.0,-1.346958041191101,-21.15183448791504,0.019999999552965164
5.880093336105347,2.4322913571373235,0.7701511529340699,0.42073549240394825,0.42073549240394825,-0.22984884706593015,0.012804276858143037,0.16269594850192837,-0.9854387306011995,0.047713594145638645,1.0,1.0,0.0,-3.0515249362783483,-0.04077257337929857,-2.8161823345913954,-0.09468949748871058,-0.041204698476576575,-2.498938497923902,2.1090358893127847,4.0,4.0,0.0,1.0,1.0,7.8,1.0,-1.302430510520935,-21.260770797729492,0.019999999552965164
5.900115966796875,2.343704419045644,0.7701511529340699,0.42073549240394825,0.42073549240394825,-0.22984884706593015,-0.07318335842756842,0.19695583623641064,-0.9775474056268106,0.015926844444838585,1.0,1.0,0.0,-3.0810201819986407,0.13723701586825174,-2.739792812166951,-0.09676353412150157,-0.006673187921553622,-3.0817601478130285,1.09726523043221,4.0,4.0,0.0,1.0,1.0,7.8,1.0,-1.2912986278533936,-21.378786087036133,0.019999999552965164
5.920116186141968,2.6474783462571945,0.7701511529340699,0.42073549240394825,0.42073549240394825,-0.22984884706593015,0.07622018599758583,0.2689651745939669,-0.958416465409623,0.05732448808193025,1.0,1.0,0.0,-3.0715508680417796,-0.17787443251340845,-2.600646161624251,0.09061743102657441,-0.03758102556556997,-3.4899320459111878,0.059473696645869545,4.0,4.0,0.0,1.0,1.0,7.8,1.0,-1.2690348625183105,-21.487722396850586,0.019999999552965164
5.9401021003723145,2.6053448068626532,0.7701511529340699,0.42073549240394825,0.42073549240394825,-0.22984884706593015,0.03657458065468857,0.2755929930015067,-0.9603323495934734,0.021738918618090956,1.0,1.0,0.0,-3.1199238027178975,-0.08232264541591544,-2.5835523267857474,-0.03309194671360767,0.01351422533636075,-3.2760851349430102,0.42686601936684415,4.0,4.0,0.0,1.0,1.0,7.8,1.0,-1.235639214515686,-21.59665870666504,0.019999999552965164
5.960160970687866,2.779405163807387,0.7701511529340699,0.42073549240394825,0.42073549240394825,-0.22984884706593015,0.023492176926745056,0.4476829086509399,-0.8926004168780282,0.047881381707790355,1.0,1.0,0.0,-3.0768706674478437,-0.08491160469604235,-2.214570894696461,-0.08325262416673203,-0.09365199646503104,-3.2894209410816746,-2.664624215719266,4.0,4.0,0.0,1.0,1.0,7.8,1.0,-1.213375449180603,-21.71467399597168,0.019999999552965164
5.980108976364136,2.836156155663962,0.7701511529340699,0.42073549240394825,0.42073549240394825,-0.22984884706593015,0.03929319973343205,0.48341978851561784,-0.8703407634459963,0.08525437238326362,1.0,1.0,0.0,-3.029670999743276,-0.1514020061108092,-2.136073894576766,-0.0861731756086356,0.05944367967668032,-2.428921215840298,-3.487246958569325,4.0,4.0,0.0,1.0,1.0,7.8,1.0,-1.19111168384552,-21.814531326293945,0.019999999552965164
6.000140190124512,2.9338579945249634,0.7701511529340699,0.42073549240394825,0.42073549240394825,-0.22984884706593015,0.08289637839649315,0.4661201568245712,-0.8803391068761504,-0.029381061163351294,1.0,1.0,0.0,3.0112979220205998,-0.11884319128945976,-2.1599283886308034,-0.012071766126316136,-0.05030729577232767,-3.2183540412820544,-2.1396918079478042,4.0,4.0,0.0,1.0,1.0,7.8,1.0,-1.1577160358428955,-21.932546615600586,0.019999999552965164
6.0201027393341064,2.682736324423986,0.7701511529340699,0.42073549240394825,0.42073549240394825,-0.22984884706593015,-0.09749428430796739,0.46082374526028075,-0.8766207802878927,-0.09834809555355434,1.0,1.0,0.0,3.0559367606531165,0.2646519031529991,-2.185037678822774,-0.08126673811918708,-0.07394871624997967,-3.1509985736908486,-2.7360217345944737,4.0,4.0,0.0,1.0,1.0,7.8,1.0,-1.1577160358428955,-21.932546615600586,0.019999999552965164
6.0401451587677,2.682736324423986,0.7701511529340699,0.42073549240394825,0.42073549240394825,-0.22984884706593015,-0.09749428430796739,0.46082374526028075,-0.8766207802878927,-0.09834809555355434,1.0,1.0,0.0,3.0559367606531165,0.2646519031529991,-2.185037678822774,-0.08126673811918708,-0.07394871624997967,-3.1509985736908486,-2.7360217345944737,4.0,4.0,0.0,1.0,1.0,7.8,1.0,-1.1577160358428955,-21.932546615600586,0.019999999552965164
6.060097932815552,2.682736324423986,0.7701511529340699,0.42073549240394825,0.42073549240394825,-0.22984884706593015,-0.09749428430796739,0.46082374526028075,-0.8766207802878927,-0.09834809555355434,1.0,1.0,0.0,3.0559367606531165,0.2646519031529991,-2.185037678822774,-0.08126673811918708,-0.07394871624997967,-3.1509985736908486,-2.7360217345944737,4.0,4.0,0.0,1.0,1.0,7.8,1.0,-1.1577160358428955,-21.932546615600586,0.019999999552965164
6.080102443695068,2.7775137036893134,0.7701511529340699,0.42073549240394825,0.42073549240394825,-0.22984884706593015,-0.05033513784734164,0.4970272934691887,-0.8645977355857375,-0.05386092335447926,1.0,1.0,0.0,3.09804639506757,0.14104719817300862,-2.1012030923452625,-0.010345970338736715,-0.019915453897320967,-1.2456937120489295,-3.6101346647119334,4.0,4.0,0.0,1.0,1.0,7.8,1.0,-1.1354522705078125,-22.032405853271484,0.019999999552965164
6.100111961364746,2.6451333843765834,0.7701511529340699,0.42073549240394825,0.42073549240394825,-0.22984884706593015,-0.06304694119775205,0.4578743228457247,-0.8832513322397719,0.07901437705154847,1.0,1.0,0.0,-2.9428217289266105,0.03902518574986792,-2.181188418501405,0.04977654672863174,-0.04048889996420901,-0.3205564766958673,-4.0,4.0,4.0,1.0,1.0,1.0,7.8,1.0,-1.0909247398376465,-22.13226318359375,0.019999999552965164
6.120087385177612,2.8400500078085202,0.7701511529340699,0.42073549240394825,0.42073549240394825,-0.22984884706593015,0.009138365003052835,0.4611172557066908,-0.8829171732069078,-0.08800359101152985,1.0,1.0,0.0,2.9766711370194687,0.06506901703381456,-2.184370368480979,0.0734534377517373,0.08520079165382519,0.4533006984690241,-2.520242213149074,4.0,4.0,0.0,1.0,1.0,7.8,1.0,-1.0686609745025635,-22.241199493408203,0.019999999552965164
6.140101671218872,2.8733997025605595,0.7701511529340699,0.42073549240394825,0.42073549240394825,-0.22984884706593015,0.02792727006843814,0.5255789915185562,-0.845561065723772,0.08951690004094717,1.0,1.0,0.0,-3.018013128115627,-0.14179954762288283,-2.0381161221575486,0.09900775707592718,-0.036685718420086944,0.7001069446624149,-4.0,4.0,4.0,1.0,1.0,1.0,7.8,1.0,-1.0686609745025635,-22.241199493408203,0.019999999552965164
6.160092830657959,2.715393705804969,0.7701511529340699,0.42073549240394825,0.42073549240394825,-0.22984884706593015,-0.010912267205049836,0.41665028623920336,-0.9088352911112801,-0.017374551272192895,1.0,1.0,0.0,3.119089491889625,0.034319867503775865,-2.2822710366532744,-0.004437026825697105,-0.04444411804087443,0.21564098894124267,-2.167652736969858,4.0,4.0,0.0,1.0,1.0,7.8,1.0,-1.024133324623108,-22.331979751586914,0.019999999552965164
6.1801228523254395,2.7073501879215227,0.7701511529340699,0.42073549240394825,0.42073549240394825,-0.22984884706593015,0.0007446649183582763,0.42617730960227485,-0.9020287462073504,0.06867668650948164,1.0,1.0,0.0,-3.017793108201847,-0.059916152153715825,-2.2625508150940172,-0.044242326951865835,-0.041808915349062614,-1.6157740961695868,-2.8124725234441956,4.0,4.0,0.0,1.0,1.0,7.8,1.0,-0.9907377362251282,-22.422760009765625,0.019999999552965164
6.200131416320801,2.7073501879215227,0.7701511529340699,0.42073549240394825,0.42073549240394825,-0.22984884706593015,0.0007446649183582763,0.42617730960227485,-0.9020287462073504,0.06867668650948164,1.0,1.0,0.0,-3.017793108201847,-0.059916152153715825,-2.2625508150940172,-0.044242326951865835,-0.041808915349062614,-1.6157740961695868,-2.8124725234441956,4.0,4.0,0.0,1.0,1.0,7.8,1.0,-0.9907377362251282,-22.422760009765625,0.019999999552965164
6.220112085342407,2.7073501879215227,0.7701511529340699,0.42073549240394825,0.42073549240394825,-0.22984884706593015,0.0007446649183582763,0.42617730960227485,-0.9020287462073504,0.06867668650948164,1.0,1.0,0.0,-3.017793108201847,-0.059916152153715825,-2.2625508150940172,-0.044242326951865835,-0.041808915349062614,-1.6157740961695868,-2.8124725234441956,4.0,4.0,0.0,1.0,1.0,7.8,1.0,-0.9907377362251282,-22.422760009765625,0.019999999552965164
6.240114212036133,2.7481824596826305,0.7701511529340699,0.42073549240394825,0.42073549240394825,-0.22984884706593015,0.0791027840506827,0.34843161947854867,-0.9328807611538571,0.04551528943099202,1.0,1.0,0.0,-3.1113003115857834,-0.18027981720339956,-2.4294196896731592,0.02793770443908536,-0.04963927747352015,-1.3789348681462101,-0.9075907171854902,4.0,4.0,0.0,1.0,1.0,7.8,1.0,-0.9573420882225037,-22.522619247436523,0.019999999552965164
6.260098218917847,2.7696396099441425,0.7701511529340699,0.42073549240394825,0.42073549240394825,-0.22984884706593015,0.05997934293460874,0.3879164130221074,-0.9191476684672786,0.033028752328238285,1.0,1.0,0.0,-3.127276726075033,-0.13630622578585816,-2.3438494307011637,0.06722625960928347,-0.04190642708682242,-0.8105962366565129,-1.791908455259826,4.0,4.0,0.0,1.0,1.0,7.8,1.0,-0.9016826748847961,-22.631555557250977,0.019999999552965164
6.280112266540527,2.6678565023094327,0.7701511529340699,0.42073549240394825,0.42073549240394825,-0.22984884706593015,-0.05150242562611302,0.4142574566396936,-0.9071076391845442,-0.05379582424391367,1.0,1.0,0.0,3.086106850763717,0.1384490077691626,-2.2886513776589488,0.05044267908264122,-0.09001181284444218,-0.4830568142420552,-2.393336688622392,4.0,4.0,0.0,1.0,1.0,7.8,1.0,-0.8794188499450684,-22.722335815429688,0.019999999552965164
6.300088167190552,2.6510686564144628,0.7701511529340699,0.42073549240394825,0.42073549240394825,-0.22984884706593015,-0.022367968574664505,0.3897983745495507,-0.9205757056582671,0.009862622985528664,1.0,1.0,0.0,-3.1059685575761016,0.03350021375660059,-2.3399174788387915,0.012416638876580316,0.041553452157228166,-0.5608302975945938,-2.0930856914913907,4.0,4.0,0.0,1.0,1.0,7.8,1.0,-0.8348913192749023,-22.8131160736084,0.019999999552965164
6.320152044296265,2.8264353777038407,0.7701511529340699,0.42073549240394825,0.42073549240394825,-0.22984884706593015,0.003823289799927536,0.5064141563235087,-0.8610309607675082,0.04643026308385879,1.0,1.0,0.0,-3.065325718228222,-0.05363553929037349,-2.0803201266672384,0.08768057171001498,0.049112708032093916,0.035890772503986756,-4.0,4.0,4.0,1.0,1.0,1.0,7.8,1.0,-0.8014956712722778,-22.894819259643555,0.019999999552965164
6.34009861946106,2.8206778373696637,0.7701511529340699,0.42073549240394825,0.42073549240394825,-0.22984884706593015,0.06238718914308776,0.422289691490112,-0.90403606634156,0.02231694077801772,1.0,1.0,0.0,3.129143689009421,-0.1320322409252565,-2.266777501672553,-0.05362982547590851,0.06757915974620285,1.1534585525064216,-1.797006088936964,4.0,4.0,0.0,1.0,1.0,7.8,1.0,-0.8014956712722778,-22.894819259643555,0.019999999552965164
6.360100746154785,2.8206778373696637,0.7701511529340699,0.42073549240394825,0.42073549240394825,-0.22984884706593015,0.06238718914308776,0.422289691490112,-0.90403606634156,0.02231694077801772,1.0,1.0,0.0,3.129143689009421,-0.1320322409252565,-2.266777501672553,-0.05362982547590851,0.06757915974620285,1.1534585525064216,-1.797006088936964,4.0,4.0,0.0,1.0,1.0,7.8,1.0,-0.8014956712722778,-22.894819259643555,0.019999999552965164
6.380085468292236,2.8206778373696637,0.7701511529340699,0.42073549240394825,0.42073549240394825,-0.22984884706593015,0.06238718914308776,0.422289691490112,-0.90403606634156,0.02231694077801772,1.0,1.0,0.0,3.129143689009421,-0.1320322409252565,-2.266777501672553,-0.05362982547590851,0.06757915974620285,1.1534585525064216,-1.797006088936964,4.0,4.0,0.0,1.0,1.0,7.8,1.0,-0.8014956712722778,-22.894819259643555,0.019999999552965164
6.4000678062438965,2.705260793444669,0.7701511529340699,0.42073549240394825,0.42073549240394825,-0.22984884706593015,0.021025037773246102,0.4054910255344837,-0.9094529655663551,0.08961182634110422,1.0,1.0,0.0,-2.9942089995070633,-0.11114483928290875,-2.3109905813963496,0.016734961263999162,-0.07581162059078334,2.5273354788423887,-2.709131074739726,4.0,-0.5214144050776142,0.0,1.0,0.0,7.8,1.0,-0.7569681406021118,-22.9856014251709,0.019999999552965164
6.423417329788208,2.5859633619149025,0.7701511529340699,0.42073549240394825,0.42073549240394825,-0.22984884706593015,-0.10438668737532471,0.4179738528941621,-0.9014813397830329,-0.04162537469625568,1.0,1.0,0.0,-3.1290640234081972,0.2248928770804783,-2.2718799450484775,-0.06713758705698976,0.02434087637195423,1.6887752657275248,-2.5535398496940487,4.0,4.0,0.0,1.0,1.0,7.8,1.0,-0.7235724925994873,-23.07638168334961,0.019999999552965164
6.440096139907837,2.7312502096314413,0.7701511529340699,0.42073549240394825,0.42073549240394825,-0.22984884706593015,0.08760310209786148,0.33850635467632517,-0.9322407792225997,0.09309282411130082,1.0,1.0,0.0,-3.0240156777293965,-0.22833842865619805,-2.4584774656322175,-0.0941944290422146,0.006524693496661987,1.5351390135399867,-0.5979485224672876,4.0,2.7157920111614695,0.0,1.0,0.0,7.8,1.0,-0.6790449619293213,-23.158082962036133,0.019999999552965164
6.460107803344727,2.909826577940321,0.7701511529340699,0.42073549240394825,0.42073549240394825,-0.22984884706593015,0.07486590181121489,0.4706252793866255,-0.8791298747646271,0.006132409362163455,1.0,1.0,0.0,3.081299381126998,-0.13784192957819666,-2.154407055860039,0.08504742962210624,0.06394277069427004,2.3965153808321626,-2.969529590357798,4.0,1.3331219976753843,0.0,1.0,0.0,7.8,1.0,-0.6233855485916138,-23.248863220214844,0.019999999552965164
6.4802086353302,2.7333659084967814,0.7701511529340699,0.42073549240394825,0.42073549240394825,-0.22984884706593015,0.07389252691117049,0.3493174590210466,-0.9319630824910446,0.06294458009671382,1.0,1.0,0.0,-3.0747304699854006,-0.18272054218449132,-2.430496587082842,-0.08340157323491547,0.02433322347211972,3.6542162282850974,-0.6706019869141207,4.0,-4.0,0.0,1.0,1.0,7.8,1.0,-0.5899899005889893,-23.33056640625,0.019999999552965164
6.50012469291687,2.4001319024149175,0.7701511529340699,0.42073549240394825,0.42073549240394825,-0.22984884706593015,-0.049487081408757905,0.2478727629565183,-0.9620075560396173,0.10320651278203016,1.0,1.0,0.0,-2.9163728110588596,0.044063983501580216,-2.632255077508492,0.04021651591551681,0.06617460633633823,4.046120997267286,-0.8414016853877997,4.0,-4.0,0.0,1.0,1.0,7.8,1.0,-0.5899899005889893,-23.33056640625,0.019999999552965164
6.5201170444488525,2.4001319024149175,0.7701511529340699,0.42073549240394825,0.42073549240394825,-0.22984884706593015,-0.049487081408757905,0.2478727629565183,-0.9620075560396173,0.10320651278203016,1.0,1.0,0.0,-2.9163728110588596,0.044063983501580216,-2.632255077508492,0.04021651591551681,0.06617460633633823,4.046120997267286,-0.8414016853877997,4.0,-4.0,0.0,1.0,1.0,7.8,1.0,-0.5899899005889893,-23.33056640625,0.019999999552965164
6.540106296539307,2.6758373581665507,0.7701511529340699,0.42073549240394825,0.42073549240394825,-0.22984884706593015,0.0030260463505794215,0.38630125544929705,-0.9217381458655456,0.03407306176626241,1.0,1.0,0.0,-3.081049924059368,-0.03190879227189015,-2.348832079841594,-0.01568385807364643,-0.08709878927195319,4.548290842181424,-1.9115143368826402,4.0,-4.0,0.0,1.0,1.0,7.8,1.0,-0.5454623699188232,-23.412269592285156,0.019999999552965164
6.5601043701171875,2.706714930470623,0.7701511529340699,0.42073549240394825,0.42073549240394825,-0.22984884706593015,0.06517276158683091,0.3173258275217291,-0.9460550003267965,0.006063554358717978,1.0,1.0,0.0,3.1114543743730234,-0.1275075043339051,-2.4924136053607038,0.008701586031311798,0.044271297371468454,5.576415558364971,-0.07620353266160729,4.0,-4.0,0.0,1.0,1.0,7.8,1.0,-0.48980292677879333,-23.475814819335938,0.019999999552965164
6.580118417739868,2.70608126444278,0.7701511529340699,0.42073549240394825,0.42073549240394825,-0.22984884706593015,0.0482830111804917,0.30276482158083773,-0.9484543281077696,-0.08022843098370563,1.0,1.0,0.0,2.9589887285112106,-0.043021038069305136,-2.519664192128141,0.06396584953641157,0.08074707297061023,6.037769734038382,0.5220522478622982,4.0,-4.0,0.0,1.0,1.0,7.8,1.0,-0.48980292677879333,-23.475814819335938,0.019999999552965164
6.600093841552734,2.526739279242684,0.7701511529340699,0.42073549240394825,0.42073549240394825,-0.22984884706593015,0.052880297507001676,0.18716471774323534,-0.9799835883256431,0.042487753295067654,1.0,1.0,0.0,-3.0776105181213795,-0.11983466950597213,-2.7680022569620717,-0.08182249273708793,-0.04625826919024534,6.764101874439299,2.0367997103081033,4.0,-4.0,0.0,1.0,1.0,7.8,1.0,-0.4564072787761688,-23.557518005371094,0.019999999552965164
6.62009859085083,2.3095787874759366,0.7701511529340699,0.42073549240394825,0.42073549240394825,-0.22984884706593015,-0.005047701307653372,0.0032969667163557795,-0.9969627829115728,-0.07764573530588903,1.0,1.0,0.0,2.9861725113859023,0.010576928704147183,-3.1358022560811234,-0.04110134293830301,-0.03339977500240969,7.384571348796258,4.0,4.0,-4.0,1.0,1.0,1.0,7.8,1.0,-0.4007478356361389,-23.639219284057617,0.019999999552965164
6.6401190757751465,2.1507401902030474,0.7701511529340699,0.42073549240394825,0.42073549240394825,-0.22984884706593015,-0.07610326843346772,-0.03628049274540072,-0.9938179006790746,-0.07223571602560104,1.0,1.0,0.0,2.9903002057249073,0.14654807589256866,3.057485898262897,-0.034240133599581876,-0.07545982913083858,7.6113602043160125,4.0,4.0,-4.0,1.0,1.0,1.0,7.8,1.0,-0.3562203049659729,-23.693687438964844,0.019999999552965164
6.660229682922363,2.145353629106779,0.7701511529340699,0.42073549240394825,0.42073549240394825,-0.22984884706593015,-0.0042262588462255385,-0.08869474784264438,-0.9923629273767255,0.08562243169631521,1.0,1.0,0.0,-2.971539840027773,0.023578669892903057,2.9653214567938204,0.01988012525130127,-0.05951421685877132,7.81693437294256,4.0,4.0,-4.0,1.0,1.0,1.0,7.8,1.0,-0.3562203049659729,-23.693687438964844,0.019999999552965164
6.680096387863159,2.145353629106779,0.7701511529340699,0.42073549240394825,0.42073549240394825,-0.22984884706593015,-0.0042262588462255385,-0.08869474784264438,-0.9923629273767255,0.08562243169631521,1.0,1.0,0.0,-2.971539840027773,0.023578669892903057,2.9653214567938204,0.01988012525130127,-0.05951421685877132,7.81693437294256,4.0,4.0,-4.0,1.0,1.0,1.0,7.8,1.0,-0.3562203049659729,-23.693687438964844,0.019999999552965164
6.700077056884766,2.184332853289229,0.7701511529340699,0.42073549240394825,0.42073549240394825,-0.22984884706593015,0.03270989477184894,-0.12162863809175957,-0.9887357446781422,0.08085891648864535,1.0,1.0,0.0,-2.972768401639543,-0.045028579463536174,2.8929832608101917,-0.020234850306263666,-0.04174941025366588,6.58805655990471,4.0,4.0,-4.0,1.0,1.0,1.0,7.8,1.0,-0.2894290089607239,-23.766311645507812,0.019999999552965164
6.720245599746704,2.172644281578513,0.7701511529340699,0.42073549240394825,0.42073549240394825,-0.22984884706593015,0.04763588062974743,-0.16592687831096992,-0.9812183446782692,0.08607934710162721,1.0,1.0,0.0,-2.955394714948159,-0.06496232682913115,2.8004888051140346,0.026792544379939887,-0.038897370621606746,6.121164205784239,4.0,4.0,-4.0,1.0,1.0,1.0,7.8,1.0,-0.256033331155777,-23.84801483154297,0.019999999552965164
6.740112066268921,2.1652270177209965,0.7701511529340699,0.42073549240394825,0.42073549240394825,-0.22984884706593015,-0.015111392109015466,-0.04613753050805437,-0.9953195541973294,0.08355811833433802,1.0,1.0,0.0,-2.975776277979174,0.03780066010265052,3.0520915464866927,-0.023407682136509747,0.06964885667472578,5.271076201629306,4.0,4.0,-4.0,1.0,1.0,1.0,7.8,1.0,-0.20037391781806946,-23.911561965942383,0.019999999552965164
6.760133743286133,2.120963641507896,0.7701511529340699,0.42073549240394825,0.42073549240394825,-0.22984884706593015,-0.03539704218843205,-0.14904161352611647,-0.9856730091459273,-0.07058587594593399,1.0,1.0,0.0,2.9911471931624156,0.04875867006939637,2.8377749851220067,0.083289591602663,-0.08642893914839132,5.7624030464073135,4.0,4.0,-4.0,1.0,1.0,1.0,7.8,1.0,-0.20037391781806946,-23.911561965942383,0.019999999552965164
6.780091047286987,1.9892247508638679,0.7701511529340699,0.42073549240394825,0.42073549240394825,-0.22984884706593015,-0.03775229587525517,-0.24986568187479496,-0.9674175756798103,0.015656929558161697,1.0,1.0,0.0,-3.1301272800080695,0.08095713183439229,2.6365423506039827,-0.06112197925049528,0.0012471941849241386,7.64138704423436,4.0,4.0,-4.0,1.0,1.0,1.0,7.8,1.0,-0.14471450448036194,-23.98418617248535,0.019999999552965164
6.800103425979614,1.9474307773431427,0.7701511529340699,0.42073549240394825,0.42073549240394825,-0.22984884706593015,-0.004382969138368274,-0.34844248540023914,-0.9334687247545769,0.08488088038363113,1.0,1.0,0.0,-2.9851893852530718,0.06738592587086079,2.4323564678033103,-0.019237556208261924,-0.03311637686511189,8.981232906797104,4.0,4.0,-4.0,1.0,1.0,1.0,7.8,1.0,-0.07792319357395172,-24.047731399536133,0.019999999552965164
6.820100545883179,1.816058133706644,0.7701511529340699,0.42073549240394825,0.42073549240394825,-0.22984884706593015,-0.08470682865687891,-0.3575937180977768,-0.9292686113926459,0.037567723331148356,1.0,1.0,0.0,-3.1321917296319053,0.18535835091631495,2.4077762214843506,-0.08748486332227053,-0.07365036809867823,7.628083103254445,4.0,4.0,-4.0,1.0,1.0,1.0,7.8,1.0,-0.022263769060373306,-24.1203556060791,0.019999999552965164
6.8400938510894775,1.794441658021964,0.7701511529340699,0.42073549240394825,0.42073549240394825,-0.22984884706593015,-0.04221958324370537,-0.5254745649440379,-0.847724170606553,0.05880237203577347,1.0,1.0,0.0,-3.085739078342558,0.13377809556626455,2.0355387465335615,0.010169354267606387,0.048502234203192135,6.241359127720093,4.0,4.0,-4.0,1.0,1.0,1.0,7.8,1.0,0.011131884530186653,-24.202058792114258,0.019999999552965164
6.86011004447937,1.851390039710778,0.7701511529340699,0.42073549240394825,0.42073549240394825,-0.22984884706593015,-0.028922046278100303,-0.48882819125624866,-0.8714126109168663,0.02916463967344966,1.0,1.0,0.0,-3.11896711433781,0.07900121917178687,2.120048201204125,0.06905192517366829,-0.005352102808062531,5.609938298683588,4.0,4.0,-4.0,1.0,1.0,1.0,7.8,1.0,0.06679131090641022,-24.256526947021484,0.019999999552965164
6.880103349685669,1.7514476324663184,0.7701511529340699,0.42073549240394825,0.42073549240394825,-0.22984884706593015,-0.08476977845651125,-0.49727484700585484,-0.8633626931729058,0.011690647243185272,1.0,1.0,0.0,3.0766100332006987,0.15866595345865872,2.09129215546651,-0.040378689334739516,0.028637255385109722,4.345583287120989,4.0,4.0,-4.0,1.0,1.0,1.0,7.8,1.0,0.12245073169469833,-24.329151153564453,0.019999999552965164
6.900336265563965,1.9540174775817916,0.7701511529340699,0.42073549240394825,0.42073549240394825,-0.22984884706593015,0.04569479784526617,-0.515988107510652,-0.8511642281053641,0.08478039367245058,1.0,1.0,0.0,-2.9489136193394354,0.009703947394548749,2.0525774990987986,-0.03899523473503246,-0.054286543010902015,3.770984868176813,4.0,4.0,-4.0,1.0,1.0,1.0,7.8,1.0,0.12245073169469833,-24.329151153564453,0.019999999552965164
6.920111656188965,1.826209336199578,0.7701511529340699,0.42073549240394825,0.42073549240394825,-0.22984884706593015,-0.05995020687168527,-0.5449909213750075,-0.8337568958479998,-0.06511763924444665,1.0,1.0,0.0,2.966700096018816,0.02899481483696286,1.9811671858527686,-0.02771350931591103,0.068201235736252,3.9447954814682338,4.0,4.0,-4.0,1.0,1.0,1.0,7.8,1.0,0.15584638714790344,-24.38361930847168,0.019999999552965164
6.940114498138428,1.826209336199578,0.7701511529340699,0.42073549240394825,0.42073549240394825,-0.22984884706593015,-0.05995020687168527,-0.5449909213750075,-0.8337568958479998,-0.06511763924444665,1.0,1.0,0.0,2.966700096018816,0.02899481483696286,1.9811671858527686,-0.02771350931591103,0.068201235736252,3.9447954814682338,4.0,4.0,-4.0,1.0,1.0,1.0,7.8,1.0,0.15584638714790344,-24.38361930847168,0.019999999552965164
6.960111618041992,1.826209336199578,0.7701511529340699,0.42073549240394825,0.42073549240394825,-0.22984884706593015,-0.05995020687168527,-0.5449909213750075,-0.8337568958479998,-0.06511763924444665,1.0,1.0,0.0,2.966700096018816,0.02899481483696286,1.9811671858527686,-0.02771350931591103,0.068201235736252,3.9447954814682338,4.0,4.0,-4.0,1.0,1.0,1.0,7.8,1.0,0.15584638714790344,-24.38361930847168,0.019999999552965164
6.980207681655884,1.9296248882541411,0.7701511529340699,0.42073549240394825,0.42073549240394825,-0.22984884706593015,0.0038237743929106435,-0.6602190555619241,-0.7463630866482568,-0.08389469775378955,1.0,1.0,0.0,3.020288862639004,-0.11675065614610403,1.7002284344040426,0.06326257592153742,0.008386740908660692,3.987358289100326,4.0,4.0,-4.0,1.0,1.0,1.0,7.8,1.0,0.21150580048561096,-24.45624351501465,0.019999999552965164
7.0001220703125,2.0526404087884584,0.7701511529340699,0.42073549240394825,0.42073549240394825,-0.22984884706593015,0.06596737603855089,-0.6173197873661056,-0.7795918433260025,-0.08246904415852156,1.0,1.0,0.0,3.0934160617843873,-0.2061314645692673,1.8070733698573862,-0.05975074310948443,-0.005818726545478173,4.8537238439293295,4.0,4.0,-4.0,1.0,1.0,1.0,7.8,1.0,0.21150580048561096,-24.45624351501465,0.019999999552965164
7.020095109939575,1.844508000861631,0.7701511529340699,0.42073549240394825,0.42073549240394825,-0.22984884706593015,-0.03990269324202513,-0.6842110000850176,-0.7234955483907053,-0.0825667844446267,1.0,1.0,0.0,2.966353736848158,-0.055275506119195766,1.63145226158627,-0.07060798528093554,-0.038786117151621724,4.727995321640762,4.0,4.0,-4.0,1.0,1.0,1.0,7.8,1.0,0.256033331155777,-24.510711669921875,0.019999999552965164
7.040106534957886,2.0703664693195374,0.7701511529340699,0.42073549240394825,0.42073549240394825,-0.22984884706593015,0.08663239645083035,-0.6384792655852964,-0.7628158481392855,-0.0543234491761098,1.0,1.0,0.0,-3.1132591555628997,-0.20292780785440045,1.7449074035951009,0.03447579590862321,-0.09944401178129675,3.869524708516869,4.0,4.0,-4.0,1.0,1.0,1.0,7.8,1.0,0.3116927742958069,-24.5651798248291,0.019999999552965164
7.060095310211182,1.657401620034864,0.7701511529340699,0.42073549240394825,0.42073549240394825,-0.22984884706593015,-0.09540217827644519,-0.6569922294018529,-0.7459888471860279,0.052538317062441275,1.0,1.0,0.0,3.093517339370055,0.212978927813861,1.6923545174668686,-0.07966641648907141,-0.053442769324932304,3.090720874586694,4.0,4.0,-4.0,1.0,1.0,1.0,7.8,1.0,0.3562203049659729,-24.628726959228516,0.019999999552965164
7.080095052719116,1.8938364544815416,0.7701511529340699,0.42073549240394825,0.42073549240394825,-0.22984884706593015,0.025584386369272037,-0.6529567856534872,-0.7553453674690321,0.04945959043751506,1.0,1.0,0.0,-3.0332150768931236,0.0259427648689897,1.7173553240110795,0.09654048331233248,0.04203634883403168,3.566635444906059,4.0,4.0,-4.0,1.0,1.0,1.0,7.8,1.0,0.4118797183036804,-24.683195114135742,0.019999999552965164
7.100116729736328,1.6781300849733267,0.7701511529340699,0.42073549240394825,0.42073549240394825,-0.22984884706593015,-0.0729603062054516,-0.676025577154615,-0.7272272335713031,0.09384435786665912,1.0,1.0,0.0,-3.102665411250273,0.23516126567286785,1.6483385089045972,-0.02687785428061218,0.09757705503424244,3.03210401564022,4.0,4.0,-4.0,1.0,1.0,1.0,7.8,1.0,0.4118797183036804,-24.683195114135742,0.019999999552965164
7.120117664337158,1.6781300849733267,0.7701511529340699,0.42073549240394825,0.42073549240394825,-0.22984884706593015,-0.0729603062054516,-0.676025577154615,-0.7272272335713031,0.09384435786665912,1.0,1.0,0.0,-3.102665411250273,0.23516126567286785,1.6483385089045972,-0.02687785428061218,0.09757705503424244,3.03210401564022,4.0,4.0,-4.0,1.0,1.0,1.0,7.8,1.0,0.4118797183036804,-24.683195114135742,0.019999999552965164
7.140103816986084,1.9213174061362366,0.7701511529340699,0.42073549240394825,0.42073549240394825,-0.22984884706593015,0.05327551197830695,-0.6943619228377087,-0.7107424336824283,0.09933998640903924,1.0,1.0,0.0,-2.9242730050788786,0.06226570027920323,1.6009056954600047,-0.07718471364261154,-0.030591063613593414,2.9619526634649693,4.0,4.0,-4.0,1.0,1.0,1.0,7.8,1.0,0.4675391614437103,-24.72858428955078,0.019999999552965164
7.160097360610962,1.9838072608615922,0.7701511529340699,0.42073549240394825,0.42073549240394825,-0.22984884706593015,0.043277524723909826,-0.7677891215354378,-0.6375011338784938,-0.04710865110833797,1.0,1.0,0.0,-3.1351476052585614,-0.12786610676935942,1.3854872473544064,0.038722169809877915,0.015578870215123011,4.702404828681343,4.0,4.0,-4.0,1.0,1.0,1.0,7.8,1.0,0.5231985449790955,-24.783052444458008,0.019999999552965164
7.180093288421631,1.7848665807021107,0.7701511529340699,0.42073549240394825,0.42073549240394825,-0.22984884706593015,-0.07469677758892843,-0.7551500336342355,-0.6457746479973411,-0.08452172575115582,1.0,1.0,0.0,2.917638766494601,-0.031183651268758716,1.4184718183267135,0.06536493963941167,0.003592875649465088,4.26775751472633,4.0,4.0,-4.0,1.0,1.0,1.0,7.8,1.0,0.5231985449790955,-24.783052444458008,0.019999999552965164
7.201806306838989,1.6574768472852512,0.7701511529340699,0.42073549240394825,0.42073549240394825,-0.22984884706593015,-0.09634735154370667,-0.8194870784440793,-0.5561421114675111,0.09931801430837803,1.0,1.0,0.0,3.092302619560455,0.2733362197425233,1.185721228365683,-0.09545120490683622,-0.030437292302496102,3.0613600894058615,4.0,4.0,-4.0,1.0,1.0,1.0,7.8,1.0,0.5899899005889893,-24.846599578857422,0.019999999552965164
7.2200915813446045,1.6725200764968986,0.7701511529340699,0.42073549240394825,0.42073549240394825,-0.22984884706593015,-0.09463536350891,-0.8005514252028819,-0.5891793926716218,0.0550382306244469,1.0,1.0,0.0,3.0530303377922334,0.200986714602334,1.2599828097533297,-0.027793751493304916,-0.0457728821537436,1.4556548388606458,4.0,4.0,-4.0,1.0,1.0,1.0,7.8,1.0,0.6345174312591553,-24.891990661621094,0.019999999552965164
7.24008846282959,1.8303604756986203,0.7701511529340699,0.42073549240394825,0.42073549240394825,-0.22984884706593015,-0.03612686831208633,-0.7865382779896856,-0.6154865024622737,-0.03505355801824774,1.0,1.0,0.0,3.0414392970986817,-0.010670933190792766,1.3285243321969975,0.03957187075279156,0.0409920725857946,1.4146003465869714,4.0,4.0,-4.0,1.0,1.0,1.0,7.8,1.0,0.7013087272644043,-24.937381744384766,0.019999999552965164
7.260101556777954,1.6979512872133142,0.7701511529340699,0.42073549240394825,0.42073549240394825,-0.22984884706593015,-0.09512164697592083,-0.7819083657968852,-0.6160861358636586,-0.003008815384556114,1.0,1.0,0.0,2.9875498955367688,0.1127396930028754,1.3259611009316015,-0.09527212386474192,-0.04461179165903517,1.2146539835388912,4.0,4.0,-4.0,1.0,1.0,1.0,7.8,1.0,0.7569681406021118,-24.991849899291992,0.019999999552965164
7.280127286911011,1.7393957322992493,0.7701511529340699,0.42073549240394825,0.42073549240394825,-0.22984884706593015,-0.06568094050637574,-0.8033854713861227,-0.5908330055459734,0.034265988638987596,1.0,1.0,0.0,3.075922091265817,0.13306284463019885,1.263843396264861,-0.07734407418217298,0.026675629256317446,1.5703650569999565,4.0,4.0,-4.0,1.0,1.0,1.0,7.8,1.0,0.8237594366073608,-25.04631805419922,0.019999999552965164
7.3000805377960205,1.7288253915987215,0.7701511529340699,0.42073549240394825,0.42073549240394825,-0.22984884706593015,-0.06646745054307962,-0.8198709936847104,-0.5647479362450227,0.06673380132838688,1.0,1.0,0.0,3.10738491388307,0.18556404758755832,1.2031902336501534,-0.08523104670142712,0.08765356697185325,1.410113722783062,4.0,4.0,-4.0,1.0,1.0,1.0,7.8,1.0,0.8905507326126099,-25.109865188598633,0.019999999552965164
7.320113897323608,1.8196408761325007,0.7701511529340699,0.42073549240394825,0.42073549240394825,-0.22984884706593015,-0.028634927737736876,-0.829999730690175,-0.5557052516705441,0.038368753347860475,1.0,1.0,0.0,3.1366796413578157,0.09566311165194913,1.1797219740330134,-0.019406035557232484,0.010762956046807035,2.181571620390977,4.0,4.0,-4.0,1.0,1.0,1.0,7.8,1.0,0.9573420882225037,-25.155254364013672,0.019999999552965164
7.340101003646851,1.8298536671750953,0.7701511529340699,0.42073549240394825,0.42073549240394825,-0.22984884706593015,-0.050042597362259564,-0.8152642949899356,-0.5740467228868599,-0.057534578356487204,1.0,1.0,0.0,2.9933011067213946,-0.03636621207917821,1.229677719140814,-0.09474436173556632,-0.06607456274010189,1.9890700549904783,4.0,4.0,-4.0,1.0,1.0,1.0,7.8,1.0,1.0352652072906494,-25.200645446777344,0.019999999552965164
7.360116958618164,1.8050432756651837,0.7701511529340699,0.42073549240394825,0.42073549240394825,-0.22984884706593015,-0.059422606433107254,-0.8521975966890128,-0.5196352326092211,-0.014402606476859875,1.0,1.0,0.0,3.0250003155090357,0.037217017574146256,1.092956516762056,-0.09193517099606208,0.06258779793891286,0.6851640751683168,4.0,3.214851830690903,-4.0,1.0,0.0,1.0,7.8,1.0,1.0352652072906494,-25.200645446777344,0.019999999552965164
7.380101680755615,1.8050432756651837,0.7701511529340699,0.42073549240394825,0.42073549240394825,-0.22984884706593015,-0.059422606433107254,-0.8521975966890128,-0.5196352326092211,-0.014402606476859875,1.0,1.0,0.0,3.0250003155090357,0.037217017574146256,1.092956516762056,-0.09193517099606208,0.06258779793891286,0.6851640751683168,4.0,3.214851830690903,-4.0,1.0,0.0,1.0,7.8,1.0,1.0352652072906494,-25.200645446777344,0.019999999552965164
7.40012001991272,2.0319416569849875,0.7701511529340699,0.42073549240394825,0.42073549240394825,-0.22984884706593015,0.07244485916910048,-0.8767228702100445,-0.4705502945433374,0.06849212754623145,1.0,1.0,0.0,-2.948653108237423,0.05194268376766885,0.9902004126385777,0.08712236885782204,-0.002455007042908977,-0.39283906920969885,4.0,4.0,-3.234481262693622,1.0,1.0,0.0,7.8,1.0,1.102056622505188,-25.25511360168457,0.019999999552965164
7.420088291168213,1.9329657495749106,0.7701511529340699,0.42073549240394825,0.42073549240394825,-0.22984884706593015,0.009037262937149496,-0.8859546733229638,-0.4624256192678625,0.034134899158177696,1.0,1.0,0.0,-3.0939269157704925,0.05214945714489841,0.963352219382683,-0.07898376279776853,0.009456966520420745,-1.1153176302892671,4.0,3.3754926236535194,0.33007169087815313,1.0,0.0,0.0,7.8,1.0,1.102056622505188,-25.25511360168457,0.019999999552965164
7.4406492710113525,1.817250032744536,0.7701511529340699,0.42073549240394825,0.42073549240394825,-0.22984884706593015,-0.06856735277115988,-0.8156445391245424,-0.5678160946720384,-0.08722033341866374,1.0,1.0,0.0,2.92864457848695,-0.0644589123642162,1.2231749081771464,0.07182361414327765,-0.09856144605899222,-0.34589697718145007,4.0,4.0,0.9568428030070623,1.0,1.0,0.0,7.8,1.0,1.19111168384552,-25.309581756591797,0.019999999552965164
7.460101127624512,2.0295571133932633,0.7701511529340699,0.42073549240394825,0.42073549240394825,-0.22984884706593015,0.08383657924879759,-0.8532264167127696,-0.5074246036312469,0.08658164605168633,1.0,1.0,0.0,-2.9080913115106606,0.06270709709067192,1.080402369383171,0.034791102317549505,0.018337320796494888,-0.022876937122313784,4.0,4.0,-4.0,1.0,1.0,1.0,7.8,1.0,1.2690348625183105,-25.373126983642578,0.019999999552965164
7.480149269104004,1.9663390172300024,0.7701511529340699,0.42073549240394825,0.42073549240394825,-0.22984884706593015,0.06148269187177728,-0.7636542356683513,-0.6409850895158092,0.046799593634945576,1.0,1.0,0.0,-2.9870756581852476,-0.007341627643935011,1.3960071681351194,-0.04141449024634134,0.007485051175455976,-0.04470139241366726,4.0,4.0,-1.856909439251307,1.0,1.0,0.0,7.8,1.0,1.3358261585235596,-25.41851806640625,0.019999999552965164
7.500093460083008,1.9959699407125755,0.7701511529340699,0.42073549240394825,0.42073549240394825,-0.22984884706593015,0.06926172635458572,-0.8521857301641249,-0.5093027739415823,0.09794375438193745,1.0,1.0,0.0,-2.9209747851167873,0.09653201225258744,1.088069064319614,0.09509863486423797,0.06534171692507293,1.2492463758027403,4.0,4.0,-4.0,1.0,1.0,1.0,7.8,1.0,1.4248812198638916,-25.472986221313477,0.019999999552965164
7.520106315612793,1.9016220812154216,0.7701511529340699,0.42073549240394825,0.42073549240394825,-0.22984884706593015,0.0008716191643763035,-0.8440873324293481,-0.5361886310920495,0.004191348228615545,1.0,1.0,0.0,-3.1356263537626483,0.0061410619171930235,1.131860532201214,-0.09219211139962245,-0.09430320184164752,0.927946067011856,4.0,4.0,-4.0,1.0,1.0,1.0,7.8,1.0,1.4248812198638916,-25.472986221313477,0.019999999552965164
7.540282964706421,1.9016220812154216,0.7701511529340699,0.42073549240394825,0.42073549240394825,-0.22984884706593015,0.0008716191643763035,-0.8440873324293481,-0.5361886310920495,0.004191348228615545,1.0,1.0,0.0,-3.1356263537626483,0.0061410619171930235,1.131860532201214,-0.09219211139962245,-0.09430320184164752,0.927946067011856,4.0,4.0,-4.0,1.0,1.0,1.0,7.8,1.0,1.4248812198638916,-25.472986221313477,0.019999999552965164
7.560098886489868,2.10248287304693,0.7701511529340699,0.42073549240394825,0.42073549240394825,-0.22984884706593015,0.0859737981054514,-0.8219260207933162,-0.5577375542153329,-0.07729775546603115,1.0,1.0,0.0,-3.0850349913969866,-0.22485775972848365,1.1860143579642346,0.05207620754339223,-0.005892872401775093,-1.4471340396317987,4.0,4.0,4.0,1.0,1.0,1.0,7.8,1.0,1.5028043985366821,-25.527454376220703,0.019999999552965164
7.580088376998901,1.9834790198738703,0.7701511529340699,0.42073549240394825,0.42073549240394825,-0.22984884706593015,0.053950551498579406,-0.8736160708003444,-0.47436008768847493,0.0941637193432224,1.0,1.0,0.0,-2.9557345405801767,0.1135859863168493,1.0054795658780933,0.09765006597832049,0.07038616431419556,-1.0338372704911183,4.0,4.0,-0.9226895525766734,1.0,1.0,0.0,7.8,1.0,1.6029913425445557,-25.591001510620117,0.019999999552965164
7.60008978843689,2.0833098747988017,0.7701511529340699,0.42073549240394825,0.42073549240394825,-0.22984884706593015,0.07616809504742832,-0.8053288186180235,-0.5814351433608558,-0.08704647761446373,1.0,1.0,0.0,-3.1195493472956373,-0.23081983075908966,1.2481024664566038,0.07020563564396695,0.003056817571095577,-0.04222981477452031,4.0,4.0,-0.7244451297356147,1.0,1.0,0.0,7.8,1.0,1.6809145212173462,-25.636390686035156,0.019999999552965164
7.620089530944824,2.0092511798846395,0.7701511529340699,0.42073549240394825,0.42073549240394825,-0.22984884706593015,0.0246516280480036,-0.8448293779935486,-0.5262425559120337,-0.09340445203943265,1.0,1.0,0.0,3.083925196826769,-0.18481747674327376,1.1195183839839393,-0.08149024670953596,0.026867515226450173,0.5140299867858372,4.0,3.536059927157891,-3.411547653536607,1.0,0.0,0.0,7.8,1.0,1.7699695825576782,-25.690858840942383,0.019999999552965164
7.640108823776245,1.8742247948869264,0.7701511529340699,0.42073549240394825,0.42073549240394825,-0.22984884706593015,-0.03013620492060898,-0.7912017485870082,-0.6053795083808708,-0.08128501103142549,1.0,1.0,0.0,2.994332653507811,-0.09226887068864235,1.3130509222471995,-0.08893221541351681,-0.09080924982592585,0.3708454285200954,4.0,4.0,-1.6564516103739513,1.0,1.0,0.0,7.8,1.0,1.7699695825576782,-25.690858840942383,0.019999999552965164
7.660102128982544,1.8773113491741544,0.7701511529340699,0.42073549240394825,0.42073549240394825,-0.22984884706593015,-0.001948397438895958,-0.828477997391122,-0.5595271168468195,0.023448179018886378,1.0,1.0,0.0,-3.1185598452632566,0.041044486489119354,1.1884769621552473,0.09377777254016992,-0.03149361598075262,-0.19503439823183005,4.0,4.0,-1.8352221342511987,1.0,1.0,0.0,7.8,1.0,1.8812885284423828,-25.74532699584961,0.019999999552965164
7.680100917816162,1.8773113491741544,0.7701511529340699,0.42073549240394825,0.42073549240394825,-0.22984884706593015,-0.001948397438895958,-0.828477997391122,-0.5595271168468195,0.023448179018886378,1.0,1.0,0.0,-3.1185598452632566,0.041044486489119354,1.1884769621552473,0.09377777254016992,-0.03149361598075262,-0.19503439823183005,4.0,4.0,-1.8352221342511987,1.0,1.0,0.0,7.8,1.0,1.8812885284423828,-25.74532699584961,0.019999999552965164
7.700105428695679,1.8773113491741544,0.7701511529340699,0.42073549240394825,0.42073549240394825,-0.22984884706593015,-0.001948397438895958,-0.828477997391122,-0.5595271168468195,0.023448179018886378,1.0,1.0,0.0,-3.1185598452632566,0.041044486489119354,1.1884769621552473,0.09377777254016992,-0.03149361598075262,-0.19503439823183005,4.0,4.0,-1.8352221342511987,1.0,1.0,0.0,7.8,1.0,1.8812885284423828,-25.74532699584961,0.019999999552965164
7.7201056480407715,1.9841573126085488,0.7701511529340699,0.42073549240394825,0.42073549240394825,-0.22984884706593015,0.017466316295710976,-0.8287014052418606,-0.5521986640733384,-0.08958540138239146,1.0,1.0,0.0,3.070537457932434,-0.1685660020621717,1.1815612639938848,-0.09660001724907381,0.037928980131098966,-0.6973750896233246,4.0,3.9374304085218075,1.7624037693147483,1.0,0.0,0.0,7.8,1.0,1.9592117071151733,-25.808874130249023,0.019999999552965164
7.740278244018555,1.9717448691092847,0.7701511529340699,0.42073549240394825,0.42073549240394825,-0.22984884706593015,0.059019608686544996,-0.8267863058029522,-0.5549226316483388,0.07072455875914863,1.0,1.0,0.0,-2.9643460282979097,0.05146828028762032,1.1868160293888705,-0.029392881089955858,0.0796494448191247,0.10516615538456428,4.0,4.0,-4.0,1.0,1.0,1.0,7.8,1.0,2.070530414581299,-25.863344192504883,0.019999999552965164
7.760101795196533,1.9286689201725788,0.7701511529340699,0.42073549240394825,0.42073549240394825,-0.22984884706593015,-0.02402107088723774,-0.8461531795433509,-0.5219363713724836,-0.10502480250223227,1.0,1.0,0.0,2.9889344859404536,-0.15325845548750197,1.1171554049110037,0.09269912391614776,0.09236551855391703,-0.2161697188035936,4.0,2.6943056523506654,-0.13538772976399605,1.0,0.0,0.0,7.8,1.0,2.148453712463379,-25.91781234741211,0.019999999552965164
7.780123233795166,1.9936471462703833,0.7701511529340699,0.42073549240394825,0.42073549240394825,-0.22984884706593015,0.04925808944899885,-0.8340819875916023,-0.5494130176571161,-0.005120022263409218,1.0,1.0,0.0,-3.0648219624451856,-0.06270819784522999,1.1625301669471533,-0.035709890533823604,-0.08146244280963454,1.552862639602336,4.0,4.0,-4.0,1.0,1.0,1.0,7.8,1.0,2.259772539138794,-25.98135757446289,0.019999999552965164
7.800130844116211,1.942850377573804,0.7701511529340699,0.42073549240394825,0.42073549240394825,-0.22984884706593015,-0.009270735842329377,-0.8232081742678596,-0.5578987677377027,-0.10483949748196957,1.0,1.0,0.0,3.0071689086730955,-0.1629858437041678,1.2022174143886488,-0.061823627146489424,-0.04546017434994745,1.2480688413650798,4.0,4.0,-4.0,1.0,1.0,1.0,7.8,1.0,2.359959602355957,-26.03582763671875,0.019999999552965164
7.820125102996826,1.691491531440377,0.7701511529340699,0.42073549240394825,0.42073549240394825,-0.22984884706593015,-0.07807159174164519,-0.8005900842330028,-0.5885848708635917,0.08079723622258624,1.0,1.0,0.0,3.110933351123413,0.22312111952786332,1.2644738315595077,0.06797711364068645,-0.06281860788605367,0.15833690857808322,4.0,4.0,-3.3029383767018397,1.0,1.0,0.0,7.8,1.0,2.359959602355957,-26.03582763671875,0.019999999552965164
7.840108394622803,1.691491531440377,0.7701511529340699,0.42073549240394825,0.42073549240394825,-0.22984884706593015,-0.07807159174164519,-0.8005900842330028,-0.5885848708635917,0.08079723622258624,1.0,1.0,0.0,3.110933351123413,0.22312111952786332,1.2644738315595077,0.06797711364068645,-0.06281860788605367,0.15833690857808322,4.0,4.0,-3.3029383767018397,1.0,1.0,0.0,7.8,1.0,2.359959602355957,-26.03582763671875,0.019999999552965164
7.860090970993042,1.8263987563513577,0.7701511529340699,0.42073549240394825,0.42073549240394825,-0.22984884706593015,-0.037462630874445374,-0.786252379944965,-0.6158897276451359,-0.03291792368974516,1.0,1.0,0.0,3.0419685842819817,-0.005617922186759829,1.329258306724443,0.00704152691715651,-0.0474129951246173,-0.2638795426516814,4.0,4.0,0.3012162704825174,1.0,1.0,0.0,7.8,1.0,2.460146427154541,-26.090295791625977,0.019999999552965164
7.880126714706421,1.6937528887689552,0.7701511529340699,0.42073549240394825,0.42073549240394825,-0.22984884706593015,-0.09182878040892933,-0.7988548100592004,-0.5939753160791834,0.024326763502813667,1.0,1.0,0.0,3.0221812283085794,0.1485003574509697,1.2698062182581729,0.024496432432096427,-0.0451475620123218,-0.21386595408574277,4.0,4.0,-0.8211085924077839,1.0,1.0,0.0,7.8,1.0,2.460146427154541,-26.090295791625977,0.019999999552965164
7.902360916137695,2.023949886184126,0.7701511529340699,0.42073549240394825,0.42073549240394825,-0.22984884706593015,0.05186222905486955,-0.8373123616059808,-0.5423896200931143,-0.04507569538589973,1.0,1.0,0.0,-3.1032969895904783,-0.13212805257543572,1.1470843390339474,0.019863077303127905,0.07447169062681328,0.34591114875627693,4.0,4.0,-3.4094413881313788,1.0,1.0,0.0,7.8,1.0,2.560333490371704,-26.153841018676758,0.019999999552965164
7.920095920562744,1.9793429274599486,0.7701511529340699,0.42073549240394825,0.42073549240394825,-0.22984884706593015,0.028828690887521168,-0.859082389360675,-0.5105458442137267,-0.022120032282036302,1.0,1.0,0.0,-3.114582017617096,-0.06749382910982428,1.071511904602222,0.06137427728518424,-0.04379109544057705,0.5129709133788346,4.0,4.0,-4.0,1.0,1.0,1.0,7.8,1.0,2.660520315170288,-26.208309173583984,0.019999999552965164
7.940110921859741,1.8709931885634046,0.7701511529340699,0.42073549240394825,0.42073549240394825,-0.22984884706593015,-0.054053169917296105,-0.8433642945733144,-0.5245457976066982,-0.10327936712577462,1.0,1.0,0.0,2.9393015504765225,-0.11776958385492302,1.124798738827728,0.05181882985608696,0.0010651533344072234,0.6147449536831424,4.0,2.874496538368236,-3.3024493118679734,1.0,0.0,0.0,7.8,1.0,2.760707378387451,-26.280933380126953,0.019999999552965164
7.960099220275879,1.9739894946853538,0.7701511529340699,0.42073549240394825,0.42073549240394825,-0.22984884706593015,0.0017796484388180364,-0.8571007411723099,-0.5067738396950175,-0.09249555521256053,1.0,1.0,0.0,3.049575731108599,-0.16105513561354254,1.0753753581491625,0.09848403335179509,0.06334105014998645,-0.09885552541909856,4.0,2.849064560096302,-1.1359469593038591,1.0,0.0,0.0,7.8,1.0,2.8831582069396973,-26.335403442382812,0.019999999552965164
7.980130434036255,1.7671775557040204,0.7701511529340699,0.42073549240394825,0.42073549240394825,-0.22984884706593015,-0.09282500662121468,-0.8668319524536975,-0.4888036600763562,-0.032509479341265204,1.0,1.0,0.0,2.9475544289039477,0.034392674928004366,1.023552030581812,-0.033679803347858125,-0.05217004448279836,0.10340266828267053,4.0,2.6982743944949465,-2.667150392916065,1.0,0.0,0.0,7.8,1.0,2.8831582069396973,-26.335403442382812,0.019999999552965164
8.000099182128906,1.7671775557040204,0.7701511529340699,0.42073549240394825,0.42073549240394825,-0.22984884706593015,-0.09282500662121468,-0.8668319524536975,-0.4888036600763562,-0.032509479341265204,1.0,1.0,0.0,2.9475544289039477,0.034392674928004366,1.023552030581812,-0.033679803347858125,-0.05217004448279836,0.10340266828267053,4.0,2.6982743944949465,-2.667150392916065,1.0,0.0,0.0,7.8,1.0,2.8831582069396973,-26.335403442382812,0.019999999552965164
8.020088911056519,2.0118283983638197,0.7701511529340699,0.42073549240394825,0.42073549240394825,-0.22984884706593015,0.051402940174456895,-0.8681930037110411,-0.4934804312761943,0.008701149124260194,1.0,1.0,0.0,-3.04353038044099,-0.0356316758653977,1.031970648399666,0.03177897860870657,0.06306394325706088,0.7712434421182941,4.0,3.863529942384958,-4.0,1.0,0.0,1.0,7.8,1.0,2.9833450317382812,-26.40802764892578,0.019999999552965164
8.040100574493408,1.9022917197409004,0.7701511529340699,0.42073549240394825,0.42073549240394825,-0.22984884706593015,0.009946455570963806,-0.8119436337351277,-0.5836259517641118,0.005417756547342959,1.0,1.0,0.0,-3.1191148627406453,-0.0028121970297686964,1.2464343973102776,0.07802930288622686,-0.07723730607175408,0.6660569744415248,4.0,4.0,-4.0,1.0,1.0,1.0,7.8,1.0,2.9833450317382812,-26.40802764892578,0.019999999552965164
8.060104370117188,1.8748272590295805,0.7701511529340699,0.42073549240394825,0.42073549240394825,-0.22984884706593015,-0.002087703682568318,-0.848856761654055,-0.5261378679061985,0.05115450754962089,1.0,1.0,0.0,-3.0910863246110334,0.08916062436243627,1.1119840497570448,0.09247223639570665,-0.07635428724634473,0.5105186386481719,4.0,4.0,-4.0,1.0,1.0,1.0,7.8,1.0,3.0946638584136963,-26.462495803833008,0.019999999552965164
8.080068588256836,1.8430796887801288,0.7701511529340699,0.42073549240394825,0.42073549240394825,-0.22984884706593015,-0.02832288598219468,-0.8770113932341502,-0.47601644072782817,0.0587977756717426,1.0,1.0,0.0,-3.1352401950367907,0.1304667672250249,0.9949674980317477,0.033590769048408436,-0.0010142948267196916,0.5578513743458386,4.0,3.560985594567731,-4.0,1.0,0.0,1.0,7.8,1.0,3.2059826850891113,-26.544198989868164,0.019999999552965164
8.100094318389893,1.747351593965699,0.7701511529340699,0.42073549240394825,0.42073549240394825,-0.22984884706593015,-0.0752154915692371,-0.834799745116735,-0.5451816362421534,0.015132709121647138,1.0,1.0,0.0,3.03165861414492,0.10748461403686677,1.1511392476847229,0.08008272250665718,-0.04618609584319244,0.13325645334486166,4.0,4.0,-2.857403753475717,1.0,1.0,0.0,7.8,1.0,3.3173015117645264,-26.607746124267578,0.019999999552965164
8.120168209075928,1.8396267026734503,0.7701511529340699,0.42073549240394825,0.42073549240394825,-0.22984884706593015,-0.043305289645170456,-0.8611330352540406,-0.5063906908895117,-0.011958915642900182,1.0,1.0,0.0,3.0547651310465347,0.02326445496557367,1.0621645453417723,0.04394045314902564,-0.0850339865458541,-0.0036062150707453083,4.0,3.716442475701859,-2.58735216703145,1.0,0.0,0.0,7.8,1.0,3.4397523403167725,-26.680370330810547,0.019999999552965164
8.140142679214478,1.7789315898469018,0.7701511529340699,0.42073549240394825,0.42073549240394825,-0.22984884706593015,-0.0826025904423988,-0.8818826373452243,-0.4641761887996213,-0.0005401413659150649,1.0,1.0,0.0,2.9944481821170066,0.07580420646309527,0.9634147433529938,-0.054958548668712796,0.09505883129320652,0.21141744434740864,4.0,2.0158651012297524,-3.9725063301013814,1.0,0.0,0.0,7.8,1.0,3.4397523403167725,-26.680370330810547,0.019999999552965164
8.160091638565063,1.7789315898469018,0.7701511529340699,0.42073549240394825,0.42073549240394825,-0.22984884706593015,-0.0826025904423988,-0.8818826373452243,-0.4641761887996213,-0.0005401413659150649,1.0,1.0,0.0,2.9944481821170066,0.07580420646309527,0.9634147433529938,-0.054958548668712796,0.09505883129320652,0.21141744434740864,4.0,2.0158651012297524,-3.9725063301013814,1.0,0.0,0.0,7.8,1.0,3.4397523403167725,-26.680370330810547,0.019999999552965164
8.180091381072998,1.954811394007,0.7701511529340699,0.42073549240394825,0.42073549240394825,-0.22984884706593015,0.04157297714020769,-0.8591788729302271,-0.5042299903521972,0.0763902396348357,1.0,1.0,0.0,-2.991965094028382,0.08946035603975304,1.0681345000233091,0.0012513642806821351,0.0009722282023874734,0.35533022553675864,4.0,4.0,-4.0,1.0,1.0,1.0,7.8,1.0,3.5622029304504395,-26.76207160949707,0.019999999552965164
8.200073480606079,1.9972741656605413,0.7701511529340699,0.42073549240394825,0.42073549240394825,-0.22984884706593015,0.030496177496311002,-0.904953427075721,-0.42362479356946375,0.025909694233053567,1.0,1.0,0.0,-3.064351544320233,0.021057815637279927,0.8764499161892015,-0.09387563953949114,0.09787924788197858,0.029202350632297758,4.0,2.4481744791479105,-4.0,1.0,0.0,1.0,7.8,1.0,3.6735219955444336,-26.843774795532227,0.019999999552965164
8.22011423110962,1.881624140997911,0.7701511529340699,0.42073549240394825,0.42073549240394825,-0.22984884706593015,-0.024174662425521774,-0.7920290212536393,-0.6052946209911024,-0.07565736572107078,1.0,1.0,0.0,3.010799869840025,-0.09070439642259305,1.3110404638076294,-0.012334392050094234,0.026245790198821145,-0.0667248606418761,4.0,4.0,-0.027933839801754068,1.0,1.0,0.0,7.8,1.0,3.7959725856781006,-26.916399002075195,0.019999999552965164
8.240086078643799,1.821414418249531,0.7701511529340699,0.42073549240394825,0.42073549240394825,-0.22984884706593015,-0.07733192112388823,-0.8472564718807336,-0.5177637626006971,-0.08998294821281146,1.0,1.0,0.0,2.9148449202107134,-0.07246133237012777,1.105345957260126,0.042033099499828114,-0.07647263834050816,0.10232757049806071,4.0,2.978293184293954,-1.4403933431967335,1.0,0.0,0.0,7.8,1.0,3.9184234142303467,-26.99810028076172,0.019999999552965164
8.260096311569214,1.8020833780906234,0.7701511529340699,0.42073549240394825,0.42073549240394825,-0.22984884706593015,-0.06309315832376397,-0.836884042516473,-0.542565641079542,-0.035593227922796566,1.0,1.0,0.0,2.9968554977561617,0.008889667932495708,1.149737042948448,-0.03620619245183801,0.0525341121771806,-0.06227796838280382,4.0,3.4694606794617355,-1.3892109731139417,1.0,0.0,0.0,7.8,1.0,3.9184234142303467,-26.99810028076172,0.019999999552965164
8.28012204170227,1.8884548833836754,0.7701511529340699,0.42073549240394825,0.42073549240394825,-0.22984884706593015,-0.009332991173415264,-0.8158711912368571,-0.5773559150593481,-0.030450647472446326,1.0,1.0,0.0,3.0911423045905173,-0.0389205221722137,1.2326732551980166,-0.08659753785149556,0.052375713750285685,0.1068637738383963,4.0,4.0,-1.9225563683341549,1.0,1.0,0.0,7.8,1.0,4.052005767822266,-27.079803466796875,0.019999999552965164
8.300117254257202,1.8884548833836754,0.7701511529340699,0.42073549240394825,0.42073549240394825,-0.22984884706593015,-0.009332991173415264,-0.8158711912368571,-0.5773559150593481,-0.030450647472446326,1.0,1.0,0.0,3.0911423045905173,-0.0389205221722137,1.2326732551980166,-0.08659753785149556,0.052375713750285685,0.1068637738383963,4.0,4.0,-1.9225563683341549,1.0,1.0,0.0,7.8,1.0,4.052005767822266,-27.079803466796875,0.019999999552965164
8.32007360458374,1.8509708295184035,0.7701511529340699,0.42073549240394825,0.42073549240394825,-0.22984884706593015,-0.02685605895407331,-0.8913637324178376,-0.4454030255254445,0.0797846694570895,1.0,1.0,0.0,-3.118067867393541,0.16693207891318776,0.9287628189740083,-0.0656332378161672,-0.008582905669225899,0.3960869008632557,4.0,3.242685071044166,-4.0,1.0,0.0,1.0,7.8,1.0,4.185588359832764,-27.170583724975586,0.019999999552965164
8.340089321136475,1.8348956546477126,0.7701511529340699,0.42073549240394825,0.42073549240394825,-0.22984884706593015,-0.037541340998698575,-0.8649885053278049,-0.4999768094131873,0.02021690915543255,1.0,1.0,0.0,3.0967298529881373,0.0725780895437016,1.0465661736484175,-0.0356074093890965,0.08837925838986022,-0.046098977293680204,4.0,3.225525009896371,-3.0258964420812147,1.0,0.0,0.0,7.8,1.0,4.31917142868042,-27.26136589050293,0.019999999552965164
8.360185384750366,1.7076222441464788,0.7701511529340699,0.42073549240394825,0.42073549240394825,-0.22984884706593015,-0.07400809164319655,-0.8281061038827711,-0.5479988497846363,0.09198012675651682,1.0,1.0,0.0,3.119209251565478,0.2356255610397226,1.1665320171012612,0.0691551293112844,-0.059438019173036705,-0.2643405969348872,4.0,4.0,-2.3762174044546804,1.0,1.0,0.0,7.8,1.0,4.31917142868042,-27.26136589050293,0.019999999552965164
8.380121946334839,1.9868443556410194,0.7701511529340699,0.42073549240394825,0.42073549240394825,-0.22984884706593015,-0.007876851845030059,-0.8959564235041968,-0.4351971083230195,-0.0883375304944717,1.0,1.0,0.0,3.0493971957969324,-0.15202206953344902,0.911367078580768,-0.040100383025635455,-0.009770223038091358,0.21991848671966951,4.0,1.8141248568491823,-3.3599551684727444,1.0,0.0,0.0,7.8,1.0,4.452754020690918,-27.343069076538086,0.019999999552965164
8.40012526512146,1.7003631174429876,0.7701511529340699,0.42073549240394825,0.42073549240394825,-0.22984884706593015,-0.0859447770073435,-0.8558583850687854,-0.49989391897252616,0.1011236361435745,1.0,1.0,0.0,3.0939379165933447,0.2620090594050471,1.0509898529805117,0.0018707594280340523,0.04346935103019384,-0.35200370067736214,4.0,3.7193645909685182,-2.7498464368845728,1.0,0.0,0.0,7.8,1.0,4.586336612701416,-27.433849334716797,0.019999999552965164
8.420104503631592,1.7132979015746475,0.7701511529340699,0.42073549240394825,0.42073549240394825,-0.22984884706593015,-0.08664212230856269,-0.8279946624292601,-0.5531254007901397,0.03114919952857178,1.0,1.0,0.0,3.031144144550027,0.14797003892272256,1.1696971589819,0.02790363315241612,0.04430376080221804,-0.5567070846817694,4.0,4.0,-0.1676167443205121,1.0,1.0,0.0,7.8,1.0,4.719919204711914,-27.524629592895508,0.019999999552965164
8.440129041671753,1.7132979015746475,0.7701511529340699,0.42073549240394825,0.42073549240394825,-0.22984884706593015,-0.08664212230856269,-0.8279946624292601,-0.5531254007901397,0.03114919952857178,1.0,1.0,0.0,3.031144144550027,0.14797003892272256,1.1696971589819,0.02790363315241612,0.04430376080221804,-0.5567070846817694,4.0,4.0,-0.1676167443205121,1.0,1.0,0.0,7.8,1.0,4.719919204711914,-27.524629592895508,0.019999999552965164
8.460103273391724,1.7132979015746475,0.7701511529340699,0.42073549240394825,0.42073549240394825,-0.22984884706593015,-0.08664212230856269,-0.8279946624292601,-0.5531254007901397,0.03114919952857178,1.0,1.0,0.0,3.031144144550027,0.14797003892272256,1.1696971589819,0.02790363315241612,0.04430376080221804,-0.5567070846817694,4.0,4.0,-0.1676167443205121,1.0,1.0,0.0,7.8,1.0,4.719919204711914,-27.524629592895508,0.019999999552965164
8.480112075805664,2.0169798505182888,0.7701511529340699,0.42073549240394825,0.42073549240394825,-0.22984884706593015,0.08522911638271326,-0.827638748785887,-0.5478405148283241,0.08729759184187172,1.0,1.0,0.0,-2.902276782723924,0.051140101661574476,1.1755850986076706,0.0063903577179925675,-0.055860711201498804,0.09916977461303962,4.0,4.0,-4.0,1.0,1.0,1.0,7.8,1.0,4.864633560180664,-27.61540985107422,0.019999999552965164
8.500130414962769,2.0859860639134213,0.7701511529340699,0.42073549240394825,0.42073549240394825,-0.22984884706593015,0.08753984353461042,-0.8737495850926291,-0.4783389453917702,0.009502192688188651,1.0,1.0,0.0,-2.978436867022359,-0.06719290902076445,0.9962792962200077,-0.05352030489476729,0.05511508076372787,0.8766319175727014,4.0,3.9473793654039766,-4.0,1.0,0.0,1.0,7.8,1.0,4.864633560180664,-27.61540985107422,0.019999999552965164
8.52010202407837,1.90483177566643,0.7701511529340699,0.42073549240394825,0.42073549240394825,-0.22984884706593015,-0.00041803545006187907,-0.7946455276874822,-0.6055939570381531,-0.04235882164929779,1.0,1.0,0.0,3.0894838139918828,-0.06686398825015959,1.304135027275641,-0.0007317715729081159,0.09331317403899606,-0.3388476820261206,4.0,4.0,0.41895222069407123,1.0,1.0,0.0,7.8,1.0,4.998216152191162,-27.724346160888672,0.019999999552965164
8.540098667144775,1.9199206536202436,0.7701511529340699,0.42073549240394825,0.42073549240394825,-0.22984884706593015,0.009712376106855438,-0.8641382614055051,-0.5024715117826181,0.026327072991886594,1.0,1.0,0.0,-3.0983086147153527,0.03574769071571152,1.0541417726287792,-0.05355371486053695,0.023630059203066198,0.19501932370668312,4.0,3.9758978909641747,-4.0,1.0,0.0,1.0,7.8,1.0,5.13179874420166,-27.806049346923828,0.019999999552965164
8.560084819793701,1.743579221272887,0.7701511529340699,0.42073549240394825,0.42073549240394825,-0.22984884706593015,-0.08482069528792727,-0.823496476023012,-0.5606436342238591,-0.01837713342219065,1.0,1.0,0.0,2.9802503787735106,0.06488687919907564,1.1902112925136963,-0.08155180191005072,0.055597501250278236,-0.39607460444335263,4.0,3.759242723569619,0.04545021153021733,1.0,0.0,0.0,7.8,1.0,5.27651309967041,-27.905906677246094,0.019999999552965164
8.58009672164917,1.9692191872435416,0.7701511529340699,0.42073549240394825,0.42073549240394825,-0.22984884706593015,0.04229968872109987,-0.8630411460798314,-0.5006364381707089,0.05228645410672753,1.0,1.0,0.0,-3.015750972419779,0.04791552430985854,1.0543128740872723,0.09263618485962583,-0.028469710136823673,-0.8559269808110459,4.0,4.0,-0.625642693327352,1.0,1.0,0.0,7.8,1.0,5.421227931976318,-28.005765914916992,0.019999999552965164
8.600098609924316,1.9239448594996105,0.7701511529340699,0.42073549240394825,0.42073549240394825,-0.22984884706593015,-0.007569279614303985,-0.8295517661113225,-0.5540023536181402,-0.06977080717081746,1.0,1.0,0.0,3.0510820051191856,-0.10757757317531175,1.1824962546345834,0.02269542100604316,-0.01221214761485831,-0.7459470609691519,4.0,4.0,1.7745970444621157,1.0,1.0,0.0,7.8,1.0,5.421227931976318,-28.005765914916992,0.019999999552965164
8.620111465454102,1.9239448594996105,0.7701511529340699,0.42073549240394825,0.42073549240394825,-0.22984884706593015,-0.007569279614303985,-0.8295517661113225,-0.5540023536181402,-0.06977080717081746,1.0,1.0,0.0,3.0510820051191856,-0.10757757317531175,1.1824962546345834,0.02269542100604316,-0.01221214761485831,-0.7459470609691519,4.0,4.0,1.7745970444621157,1.0,1.0,0.0,7.8,1.0,5.421227931976318,-28.005765914916992,0.019999999552965164
8.640130996704102,1.9863661817551344,0.7701511529340699,0.42073549240394825,0.42073549240394825,-0.22984884706593015,0.061651342245135514,-0.8431251995555018,-0.5296569246076314,0.0693004479715275,1.0,1.0,0.0,-2.9630387377052374,0.05157264596689846,1.1264214474939975,0.006289831574559757,0.03593084172873495,0.8224961252146695,4.0,4.0,-4.0,1.0,1.0,1.0,7.8,1.0,5.565942287445068,-28.114702224731445,0.019999999552965164
8.660099267959595,1.7037374700793377,0.7701511529340699,0.42073549240394825,0.42073549240394825,-0.22984884706593015,-0.10221942741140701,-0.8814376830025824,-0.4546063075916901,0.07714858871406889,1.0,1.0,0.0,3.028291920533156,0.23099123078655295,0.93918666279931,0.03988866051538584,0.05339532833001234,-0.2161989587925416,4.0,2.525817587878504,-3.445287483111461,1.0,0.0,0.0,7.8,1.0,5.7329206466674805,-28.205482482910156,0.019999999552965164
8.680104970932007,2.122704709181289,0.7701511529340699,0.42073549240394825,0.42073549240394825,-0.22984884706593015,0.08311455078070737,-0.8429806851450204,-0.5222345342435782,-0.09872500779613111,1.0,1.0,0.0,-3.103323293226486,-0.25604566982936877,1.1043557876255832,0.06294012125704851,0.09082312516605123,-0.7649613425023006,4.0,3.674177834360055,1.499447473410757,1.0,0.0,0.0,7.8,1.0,5.8776350021362305,-28.305341720581055,0.019999999552965164
8.700088262557983,1.8489205304391059,0.7701511529340699,0.42073549240394825,0.42073549240394825,-0.22984884706593015,-0.028912161173414434,-0.8913755162911966,-0.4460344474050618,0.07527979556923974,1.0,1.0,0.0,-3.1257766751105063,0.16068738378432,0.9291909027469218,0.08986477352433819,-0.0021544351294282837,-0.124929192791154,4.0,3.1714341142001756,-4.0,1.0,0.0,1.0,7.8,1.0,6.0223493576049805,-28.414278030395508,0.019999999552965164
8.720101118087769,1.7796011109026793,0.7701511529340699,0.42073549240394825,0.42073549240394825,-0.22984884706593015,-0.08711002145852986,-0.8744743196059926,-0.47649049692204465,-0.025754899613736396,1.0,1.0,0.0,2.9636322694536377,0.03797932794859787,0.9944310857318029,-0.08907874870816926,-0.07500442829817644,0.6273958455880783,4.0,2.6697479786720404,-4.0,1.0,0.0,1.0,7.8,1.0,6.178195953369141,-28.514137268066406,0.019999999552965164
8.740114450454712,2.0167077493989023,0.7701511529340699,0.42073549240394825,0.42073549240394825,-0.22984884706593015,0.058617768067433816,-0.8455784601845194,-0.530616484387704,-0.0026779534729046706,1.0,1.0,0.0,-3.0449371736962254,-0.06678558395468198,1.1175859405961637,0.024983922887725468,0.015198542879309856,-0.27139960810571545,4.0,4.0,-1.7929311561493384,1.0,1.0,0.0,7.8,1.0,6.178195953369141,-28.514137268066406,0.019999999552965164
8.760117292404175,2.0167077493989023,0.7701511529340699,0.42073549240394825,0.42073549240394825,-0.22984884706593015,0.058617768067433816,-0.8455784601845194,-0.530616484387704,-0.0026779534729046706,1.0,1.0,0.0,-3.0449371736962254,-0.06678558395468198,1.1175859405961637,0.024983922887725468,0.015198542879309856,-0.27139960810571545,4.0,4.0,-1.7929311561493384,1.0,1.0,0.0,7.8,1.0,6.178195953369141,-28.514137268066406,0.019999999552965164
8.780093908309937,2.0209080618196396,0.7701511529340699,0.42073549240394825,0.42073549240394825,-0.22984884706593015,0.06364649339495874,-0.8949441620141687,-0.43014954059949045,0.0999772147908224,1.0,1.0,0.0,-2.9387134198763314,0.12451452306919014,0.908776937067082,0.010057464643481867,-0.05651042703001244,-0.8250433269161314,4.0,4.0,-2.4434713777858934,1.0,1.0,0.0,7.8,1.0,6.345174312591553,-28.613996505737305,0.019999999552965164
8.800131797790527,1.8182069803388223,0.7701511529340699,0.42073549240394825,0.42073549240394825,-0.22984884706593015,-0.050537700514458835,-0.8749670336715575,-0.48104429311540936,0.02179492775400405,1.0,1.0,0.0,3.073816402522758,0.08687065190105703,1.0024103474547519,0.025076355253572963,0.008995040077892119,-0.6481024367778717,4.0,3.1094908075815937,-0.8257229480535746,1.0,0.0,0.0,7.8,1.0,6.345174312591553,-28.613996505737305,0.019999999552965164
8.820451974868774,2.0935958750126176,0.7701511529340699,0.42073549240394825,0.42073549240394825,-0.22984884706593015,0.06446595903947194,-0.8668920039980369,-0.4869029878027184,-0.08525182694918904,1.0,1.0,0.0,-3.1121775760303074,-0.2121739443441384,1.0203774816837403,-0.046104914513044465,-0.05787406470453469,-0.3003006066065361,4.0,3.5712846068910635,-0.9795075612258062,1.0,0.0,0.0,7.8,1.0,6.489888668060303,-28.722932815551758,0.019999999552965164
8.840084314346313,1.7577850920261389,0.7701511529340699,0.42073549240394825,0.42073549240394825,-0.22984884706593015,-0.07087090194978923,-0.8533841717742396,-0.515403542604809,0.03274078332036777,1.0,1.0,0.0,3.053534038034741,0.12929510190297339,1.0809370437592747,-0.03638113518840057,-0.08341130024311644,0.061907839156235656,4.0,4.0,-3.2701554237261585,1.0,1.0,0.0,7.8,1.0,6.645735263824463,-28.831871032714844,0.019999999552965164
8.860097885131836,2.1186444729443847,0.7701511529340699,0.42073549240394825,0.42073549240394825,-0.22984884706593015,0.0645381023091604,-0.8843613041129774,-0.4514852957750655,-0.09950349158108968,1.0,1.0,0.0,-3.1165931507857505,-0.23646768978196542,0.9410885888485828,0.024509729507916994,-0.004480948437552951,0.6266121155722787,4.0,2.6125500869789136,-4.0,1.0,0.0,1.0,7.8,1.0,6.823845386505127,-28.94988441467285,0.019999999552965164
8.880094051361084,1.9318585464072824,0.7701511529340699,0.42073549240394825,0.42073549240394825,-0.22984884706593015,0.016058601987886605,-0.8956988621622413,-0.4345767464451598,0.09278319391247651,1.0,1.0,0.0,-3.0306644970269043,0.1528486776794256,0.9119486123973798,0.05927260699315082,-0.028164227918717893,0.8568012535092271,4.0,3.6048176740566613,-4.0,1.0,0.0,1.0,7.8,1.0,6.823845386505127,-28.94988441467285,0.019999999552965164
8.900095462799072,1.8338640640826396,0.7701511529340699,0.42073549240394825,0.42073549240394825,-0.22984884706593015,-0.02178764628052633,-0.8669576632055096,-0.4897080072030953,0.08997653227353138,1.0,1.0,0.0,-3.0904128260942496,0.17829398134086935,1.0329334969957131,-0.06886334996654489,-0.03312704136677935,-0.5879780149100869,4.0,4.0,-2.108287629699778,1.0,1.0,0.0,7.8,1.0,6.968559741973877,-29.067899703979492,0.019999999552965164
8.92010235786438,1.8338640640826396,0.7701511529340699,0.42073549240394825,0.42073549240394825,-0.22984884706593015,-0.02178764628052633,-0.8669576632055096,-0.4897080072030953,0.08997653227353138,1.0,1.0,0.0,-3.0904128260942496,0.17829398134086935,1.0329334969957131,-0.06886334996654489,-0.03312704136677935,-0.5879780149100869,4.0,4.0,-2.108287629699778,1.0,1.0,0.0,7.8,1.0,6.968559741973877,-29.067899703979492,0.019999999552965164
8.9400954246521,2.0246816625499977,0.7701511529340699,0.42073549240394825,0.42073549240394825,-0.22984884706593015,0.04683414291427694,-0.8025193789838657,-0.5887576267759459,-0.08446103436491541,1.0,1.0,0.0,3.1168525596758236,-0.19188654335400523,1.268273172748742,-0.08928552908429521,0.021451371498035707,-0.35974106330591804,4.0,4.0,0.7258809166165956,1.0,1.0,0.0,7.8,1.0,7.135538101196289,-29.176836013793945,0.019999999552965164
8.960095882415771,1.9392318280781051,0.7701511529340699,0.42073549240394825,0.42073549240394825,-0.22984884706593015,-0.00711736963697201,-0.8594734442510242,-0.507052653610504,-0.06443871618273142,1.0,1.0,0.0,3.0635120084027414,-0.10373491569083584,1.0700604422614175,-0.028350331683641303,0.013682116392922161,1.798598368344066,4.0,3.2023119450218167,-4.0,1.0,0.0,1.0,7.8,1.0,7.302516460418701,-29.294851303100586,0.019999999552965164
8.980166912078857,1.8290386784936628,0.7701511529340699,0.42073549240394825,0.42073549240394825,-0.22984884706593015,-0.09410066824981057,-0.9174801581344836,-0.3840776089107792,-0.04312324196811569,1.0,1.0,0.0,2.9343103344574555,-0.006845571869675895,0.7936245543296059,0.04169781711880299,0.03816705764946282,2.732940461687037,4.0,0.39095351601384254,-4.0,1.0,0.0,1.0,7.8,1.0,7.302516460418701,-29.294851303100586,0.019999999552965164
9.000098705291748,2.3534965534080077,0.7860666291368439,0.16751879124639693,0.5709414713577319,0.16751879124639693,-0.02687926737530523,-0.9235448084516543,-0.37922587942897784,0.05030133336883266,1.0000000000000002,1.0000000000000002,1.0000000000000002,3.1300206046406274,0.11354149761563802,0.7785979496747029,-0.056744564619494176,0.009630268971391853,4.093569022668583,4.0,4.0,-4.0,1.0,1.0,1.0,7.8,1.0,7.469494342803955,-29.412864685058594,0.019999999552965164
9.020097255706787,2.4771492124430976,0.7860666291368439,0.16751879124639693,0.5709414713577319,0.16751879124639693,0.08901416594579444,-0.8997540215317243,-0.4271255378741475,-0.009107902842261342,1.0000000000000002,1.0000000000000002,1.0000000000000002,-2.9879321928082367,-0.09256231043067503,0.8792987180662811,0.012774978264394526,-0.09369476806736816,4.322349841776864,4.0,4.0,-4.0,1.0,1.0,1.0,7.8,1.0,7.647604465484619,-29.521800994873047,0.019999999552965164
9.04008960723877,2.550197182535492,0.7860666291368439,0.16751879124639693,0.5709414713577319,0.16751879124639693,0.04873691017021897,-0.9535638340030191,-0.29721682756657214,-0.0016986700047859477,1.0000000000000002,1.0000000000000002,1.0000000000000002,-3.049476943563807,-0.032216012608190854,0.6028095327122136,-0.0177520081958438,-0.0954106045137738,4.525486669925599,4.0,4.0,-4.0,1.0,1.0,1.0,7.8,1.0,7.825714588165283,-29.630741119384766,0.019999999552965164
9.060933113098145,2.435471140870356,0.7860666291368439,0.16751879124639693,0.5709414713577319,0.16751879124639693,0.014645538834272128,-0.9282957065494438,-0.3681449969750944,0.05021803058992548,1.0000000000000002,1.0000000000000002,1.0000000000000002,-3.0771630479909153,0.08254470690980206,0.7577736150097618,0.03380920961198086,0.037257245031076386,4.717350205930291,4.0,4.0,-4.0,1.0,1.0,1.0,7.8,1.0,7.825714588165283,-29.630741119384766,0.019999999552965164
9.080098867416382,2.435471140870356,0.7860666291368439,0.16751879124639693,0.5709414713577319,0.16751879124639693,0.014645538834272128,-0.9282957065494438,-0.3681449969750944,0.05021803058992548,1.0000000000000002,1.0000000000000002,1.0000000000000002,-3.0771630479909153,0.08254470690980206,0.7577736150097618,0.03380920961198086,0.037257245031076386,4.717350205930291,4.0,4.0,-4.0,1.0,1.0,1.0,7.8,1.0,7.825714588165283,-29.630741119384766,0.019999999552965164
9.100102424621582,2.370287511334336,0.7860666291368439,0.16751879124639693,0.5709414713577319,0.16751879124639693,-0.047290565468781284,-0.9521556437680028,-0.29310912384893634,-0.07245877431265244,1.0000000000000002,1.0000000000000002,1.0000000000000002,3.00784861311651,-0.1104861195949049,0.6046699172582529,-0.011252538943156101,-0.09612456123419058,5.025143387042962,4.0,4.0,-4.0,1.0,1.0,1.0,7.8,1.0,7.981561183929443,-29.721521377563477,0.019999999552965164
9.120083808898926,2.4176365037658396,0.7860666291368439,0.16751879124639693,0.5709414713577319,0.16751879124639693,-0.04339198212580716,-0.9534650216092534,-0.2946050672640716,0.04721697573110135,1.0000000000000002,1.0000000000000002,1.0000000000000002,3.086268931374214,0.11586553695076202,0.5961467930936805,-0.06453726717521187,0.06337200184335481,5.092235101281353,4.0,4.0,-4.0,1.0,1.0,1.0,7.8,1.0,8.137407302856445,-29.812301635742188,0.019999999552965164
9.140117168426514,2.6489312077874207,0.7860666291368439,0.16751879124639693,0.5709414713577319,0.16751879124639693,0.05006437695562407,-0.9721869377578627,-0.22418369547705358,0.045692306740702134,1.0000000000000002,1.0000000000000002,1.0000000000000002,-3.0232250504046436,0.06644457349012313,0.457209717342839,0.07338525592622638,0.022110764145189393,5.00234868205273,4.0,4.0,-4.0,1.0,1.0,1.0,7.8,1.0,8.137407302856445,-29.812301635742188,0.019999999552965164
9.160094022750854,2.683698909778575,0.7860666291368439,0.16751879124639693,0.5709414713577319,0.16751879124639693,0.0666307816966449,-0.9656266161873337,-0.23328901400235147,0.0932835086545554,1.0000000000000002,1.0000000000000002,1.0000000000000002,-2.966549450879909,0.14962326670139423,0.4872552667321554,0.03223014180374753,0.06676231102863411,5.112704175061614,4.0,4.0,-4.0,1.0,1.0,1.0,7.8,1.0,8.282121658325195,-29.9030818939209,0.019999999552965164
9.18009877204895,2.760320406549862,0.7860666291368439,0.16751879124639693,0.5709414713577319,0.16751879124639693,0.09726547639259857,-0.9773534061253365,-0.18629650513980475,0.024766081846319926,1.0000000000000002,1.0000000000000002,1.0000000000000002,-2.940879801364445,0.012170292686029783,0.3779330168617684,0.09457777606143938,-0.04520157230821831,5.162577825820959,4.0,4.0,-4.0,1.0,1.0,1.0,7.8,1.0,8.449100494384766,-29.984783172607422,0.019999999552965164
9.200079441070557,2.745129802271285,0.7860666291368439,0.16751879124639693,0.5709414713577319,0.16751879124639693,0.0965479925393411,-0.9782238615339018,-0.17992386230537463,-0.037201688610085236,1.0000000000000002,1.0000000000000002,1.0000000000000002,-2.9641351168680825,-0.10773401810703906,0.35419878995229503,0.04132431019513272,0.03076010548742164,4.688070459515909,4.0,4.0,-4.0,1.0,1.0,1.0,7.8,1.0,8.582682609558105,-30.06648826599121,0.019999999552965164
9.220109224319458,2.6170542610897805,0.7860666291368439,0.16751879124639693,0.5709414713577319,0.16751879124639693,-0.07167129462163119,-0.9955143049094255,-0.06140682719290425,-0.006610281541926397,1.0000000000000002,1.0000000000000002,1.0000000000000002,2.997582606924799,-0.0043590598665841545,0.12352535118637487,-0.05167806828840134,-0.04719547720321476,4.569710265082309,4.0,3.648976906919848,-4.0,1.0,0.0,1.0,7.8,1.0,8.582682609558105,-30.06648826599121,0.019999999552965164
9.24010944366455,2.617220467280302,0.7860666291368439,0.16751879124639693,0.5709414713577319,0.16751879124639693,0.0046298833007167904,-0.9838428674081783,-0.1777678374823762,0.02074541847046717,1.0000000000000002,1.0000000000000002,1.0000000000000002,-3.125093348859954,0.03918440193481736,0.35784033841462365,-0.011275395659641946,0.0038319061164354268,4.1223838027978665,4.0,4.0,-4.0,1.0,1.0,1.0,7.8,1.0,8.716265678405762,-30.130035400390625,0.019999999552965164
9.260106086730957,2.637116176913364,0.7860666291368439,0.16751879124639693,0.5709414713577319,0.16751879124639693,-0.009992019273090375,-0.9911358220905258,-0.13247588638149657,-0.0002850389812905484,1.0000000000000002,1.0000000000000002,1.0000000000000002,3.1217088822284933,0.0020823800347615066,0.2657255880396471,0.007476037802605223,-0.07727832077256878,3.0266047034580166,4.0,4.0,-4.0,1.0,1.0,1.0,7.8,1.0,8.716265678405762,-30.130035400390625,0.019999999552965164
9.280149459838867,2.707938985390651,0.7860666291368439,0.16751879124639693,0.5709414713577319,0.16751879124639693,0.044896128861921104,-0.9867193993877642,-0.15486579710793677,0.019640503333346895,1.0000000000000002,1.0000000000000002,1.0000000000000002,-3.0467381739293184,0.024856141128883784,0.3125401467439112,-0.0010621196624126111,0.06358689999747366,0.9348510086459502,4.0,4.0,-4.0,1.0,1.0,1.0,7.8,1.0,8.849847793579102,-30.21173667907715,0.019999999552965164
9.300113916397095,2.887301332954182,0.7860666291368439,0.16751879124639693,0.5709414713577319,0.16751879124639693,0.06197535958974953,-0.9940005056690243,-0.03953680765804749,0.08098697656818662,1.0000000000000002,1.0000000000000002,1.0000000000000002,-3.0099935049601085,0.15674260269874746,0.08985858073695864,0.09268741621060439,-0.04434317883968182,2.7443927375754145,4.0,4.0,-4.0,1.0,1.0,1.0,7.8,1.0,8.994563102722168,-30.284360885620117,0.019999999552965164
9.320123434066772,2.89918971749044,0.7860666291368439,0.16751879124639693,0.5709414713577319,0.16751879124639693,0.035171342625164206,-0.9988826908239183,0.030161945990624564,0.009306107906650712,1.0000000000000002,1.0000000000000002,1.0000000000000002,-3.0718183847217295,0.020714573870436664,-0.05965003203329324,-0.032336442220499875,-0.09221768615745092,3.7165080805373005,4.0,3.674111700759449,-4.0,1.0,0.0,1.0,7.8,1.0,9.128145217895508,-30.366064071655273,0.019999999552965164
9.340099573135376,2.8257171915640487,0.7860666291368439,0.16751879124639693,0.5709414713577319,0.16751879124639693,0.07235196502092335,-0.9938317705411108,-0.08402568254565983,0.0018137512144516628,1.0000000000000002,1.0000000000000002,1.0000000000000002,-2.9969675686837216,-0.008553823637748547,0.16807355604159468,0.08545100288655966,-0.09703494194626645,3.9874783433605554,4.0,4.0,-4.0,1.0,1.0,1.0,7.8,1.0,9.250596046447754,-30.429611206054688,0.019999999552965164
9.360093116760254,3.1013370896610537,0.7860666291368439,0.16751879124639693,0.5709414713577319,0.16751879124639693,0.0824006734181823,-0.9873714571460267,0.12944588031294052,0.03938906832573916,1.0000000000000002,1.0000000000000002,1.0000000000000002,-2.9877086376673185,0.09927914696139836,-0.2530559907268619,0.012680662837109752,-0.01277493101329677,4.129707170068706,4.0,2.396990865164107,-4.0,1.0,0.0,1.0,7.8,1.0,9.38417911529541,-30.502235412597656,0.019999999552965164
9.380118370056152,2.8634164845476593,0.7860666291368439,0.16751879124639693,0.5709414713577319,0.16751879124639693,0.07483980582479031,-0.9923464395646396,-0.02699405749425814,-0.09443975967508252,1.0000000000000002,1.0000000000000002,1.0000000000000002,-2.9949280824849227,-0.19266409940669862,0.04019350406794812,0.08790055612974831,-0.08902474671721024,4.05224576161809,4.0,4.0,-4.0,1.0,1.0,1.0,7.8,1.0,9.38417911529541,-30.502235412597656,0.019999999552965164
9.400102138519287,3.1263712902803755,0.7860666291368439,0.16751879124639693,0.5709414713577319,0.16751879124639693,0.09370712260050547,-0.9831736716187549,0.15430784197039754,-0.02788541762407873,1.0000000000000002,1.0000000000000002,1.0000000000000002,-2.947443835887796,-0.025915830007155118,-0.3138812957063519,0.052296029576355235,-0.05799718939806467,4.5606193182364825,4.0,2.076664174957258,-4.0,1.0,0.0,1.0,7.8,1.0,9.495497703552246,-30.58393669128418,0.019999999552965164
9.420084238052368,2.9013809274354707,0.7860666291368439,0.16751879124639693,0.5709414713577319,0.16751879124639693,-0.008824291568851365,-0.9903229816732717,0.11535113319392808,-0.07665924548901769,1.0000000000000002,1.0000000000000002,1.0000000000000002,-3.1413824865110693,-0.1544843485343258,-0.2319278291058907,0.0861194502697181,-0.012840879940996655,4.552520188104862,4.0,1.1982438046115336,-4.0,1.0,0.0,1.0,7.8,1.0,9.617948532104492,-30.647483825683594,0.019999999552965164
9.440144777297974,3.137578504681841,0.7860666291368439,0.16751879124639693,0.5709414713577319,0.16751879124639693,0.09085064251065268,-0.9821793569733616,0.16434816929624338,0.007716912580102968,1.0000000000000002,1.0000000000000002,1.0000000000000002,-2.964564154977623,0.04503628074352545,-0.32759075335050813,-0.0615616020732414,0.016175877692716667,4.868729933324281,-4.0,-1.8348638027755038,-4.0,1.0,0.0,1.0,7.8,1.0,9.729267120361328,-30.720108032226562,0.019999999552965164
9.46010971069336,3.1013507773107873,0.7860666291368439,0.16751879124639693,0.5709414713577319,0.16751879124639693,-0.040066382812690426,-0.9439666276635426,0.3188980585816258,-0.07500479357144801,1.0000000000000002,1.0000000000000002,1.0000000000000002,3.1133872281272175,-0.1679466339018179,-0.6492057588971961,0.09906761078651752,0.09550103729513901,6.842802293573306,4.0,-2.9416690575053996,-4.0,1.0,0.0,1.0,7.8,1.0,9.862849235534668,-30.783655166625977,0.019999999552965164
9.480112075805664,3.139127039722777,0.7860666291368439,0.16751879124639693,0.5709414713577319,0.16751879124639693,-0.057672515512226026,-0.92281971503974,0.37379530530656957,-0.07317598116345071,1.0000000000000002,1.0000000000000002,1.0000000000000002,3.0889901206959363,-0.17912831858613737,-0.7649928070904365,0.02260420295421406,0.06585471407741675,9.251560213297315,-4.0,3.4250682477689964,-4.0,1.0,0.0,1.0,7.8,1.0,9.97416877746582,-30.856281280517578,0.019999999552965164
9.50009298324585,2.94541328181729,0.7860666291368439,0.16751879124639693,0.5709414713577319,0.16751879124639693,0.01655595933333766,-0.9121695208132786,0.4086268363343325,0.026396479636899495,1.0000000000000002,1.0000000000000002,1.0000000000000002,-3.1329450141493664,0.06172573599274432,-0.8420661317884897,-0.013646091116638809,-0.00044097746953195016,10.805641159247863,-4.0,3.0923237924838864,-4.0,1.0,0.0,1.0,7.8,1.0,10.085487365722656,-30.9379825592041,0.019999999552965164
9.520191431045532,2.7841675429403243,0.7860666291368439,0.16751879124639693,0.5709414713577319,0.16751879124639693,0.06127884286182766,-0.8722987750012339,0.48506336274803,-0.007299634815199602,1.0000000000000002,1.0000000000000002,1.0000000000000002,-3.027230468649794,0.04673032397825541,-1.012314896553506,-0.06831390541302304,0.0536859780129558,11.244496093929282,-4.0,3.8132936754153346,-4.0,1.0,0.0,1.0,7.8,1.0,10.207938194274902,-30.992450714111328,0.019999999552965164
9.54011845588684,2.621992793146808,0.7860666291368439,0.16751879124639693,0.5709414713577319,0.16751879124639693,0.08386255014165765,-0.8098106158144062,0.5800336153919946,-0.027108010132098896,1.0000000000000002,1.0000000000000002,1.0000000000000002,-2.9732876742648866,0.05340687261570535,-1.2386029206974756,-0.009777703379956898,-0.018522571687870887,11.967753715205426,-4.0,4.0,-4.0,1.0,1.0,1.0,7.8,1.0,10.207938194274902,-30.992450714111328,0.019999999552965164
9.56009292602539,2.4355543941534012,0.7860666291368439,0.16751879124639693,0.5709414713577319,0.16751879124639693,0.05390249491544856,-0.6752131582762596,0.7353733191796051,-0.020193894405473437,1.0000000000000002,1.0000000000000002,1.0000000000000002,-3.0387812918225263,0.05203001885551166,-1.6533651488693741,-0.0449200813748285,-0.04769106861516473,14.060990709766948,-4.0,4.0,-4.0,1.0,1.0,1.0,7.8,1.0,10.341520309448242,-31.06507682800293,0.019999999552965164
9.580087184906006,2.6077425455729237,0.7860666291368439,0.16751879124639693,0.5709414713577319,0.16751879124639693,0.09239394494352285,0.6372384795293532,-0.763980664221715,-0.041521366069029925,1.0000000000000002,1.0000000000000002,1.0000000000000002,2.958667361531314,-0.08837132811196234,-1.7430975923442622,0.025678840284407006,-0.08752240674607124,12.79775470559906,-4.0,4.0,-4.0,1.0,1.0,1.0,7.8,1.0,10.463971138000488,-31.119544982910156,0.019999999552965164
9.600121021270752,2.6077425455729237,0.7860666291368439,0.16751879124639693,0.5709414713577319,0.16751879124639693,0.09239394494352285,0.6372384795293532,-0.763980664221715,-0.041521366069029925,1.0000000000000002,1.0000000000000002,1.0000000000000002,2.958667361531314,-0.08837132811196234,-1.7430975923442622,0.025678840284407006,-0.08752240674607124,12.79775470559906,-4.0,4.0,-4.0,1.0,1.0,1.0,7.8,1.0,10.463971138000488,-31.119544982910156,0.019999999552965164
9.620118618011475,2.6077425455729237,0.7860666291368439,0.16751879124639693,0.5709414713577319,0.16751879124639693,0.09239394494352285,0.6372384795293532,-0.763980664221715,-0.041521366069029925,1.0000000000000002,1.0000000000000002,1.0000000000000002,2.958667361531314,-0.08837132811196234,-1.7430975923442622,0.025678840284407006,-0.08752240674607124,12.79775470559906,-4.0,4.0,-4.0,1.0,1.0,1.0,7.8,1.0,10.463971138000488,-31.119544982910156,0.019999999552965164
9.64011526107788,2.2039288652440145,0.7860666291368439,0.16751879124639693,0.5709414713577319,0.16751879124639693,-0.03283887981353478,0.48713439888683685,-0.8703655992818679,-0.0639172041039608,1.0000000000000002,1.0000000000000002,1.0000000000000002,3.0616673042350055,0.11972199833904801,-2.1258816499252937,0.04560843601524922,-0.07011497974138846,11.229272074061836,-4.0,4.0,-4.0,1.0,1.0,1.0,7.8,1.0,10.56415843963623,-31.192169189453125,0.019999999552965164
9.660090208053589,2.148656064894843,0.7860666291368439,0.16751879124639693,0.5709414713577319,0.16751879124639693,-0.08167126617829541,0.5134252628263389,-0.851137767175636,-0.07272417108370374,1.0000000000000002,1.0000000000000002,1.0000000000000002,3.1007045533201643,0.21536483735732084,-2.060442380189273,-0.06321155068617426,0.08380511877551622,8.801257884826665,-4.0,4.0,-4.0,1.0,1.0,1.0,7.8,1.0,10.686609268188477,-31.24663734436035,0.019999999552965164
9.680670022964478,2.416405395725436,0.7860666291368439,0.16751879124639693,0.5709414713577319,0.16751879124639693,0.07075692112235106,0.4967821636053757,-0.8649840504652827,0.0018794886327045668,1.0000000000000002,1.0000000000000002,1.0000000000000002,3.073967181395301,-0.12459673969061422,-2.094718587484388,0.07563924874347336,-0.010827746505605834,7.073230979300367,-4.0,4.0,-4.0,1.0,1.0,1.0,7.8,1.0,10.809060096740723,-31.301105499267578,0.019999999552965164
9.700096607208252,2.2256206432511374,0.7860666291368439,0.16751879124639693,0.5709414713577319,0.16751879124639693,0.0027343467119356098,0.4088219704360533,-0.9114752263069881,0.04549760065614989,1.0000000000000002,1.0000000000000002,1.0000000000000002,-3.0607284971814708,-0.04219793836759772,-2.300042062753733,-0.0006666891374296491,-0.07188736070230412,6.767101683897464,-4.0,4.0,-4.0,1.0,1.0,1.0,7.8,1.0,10.809060096740723,-31.301105499267578,0.019999999552965164
9.720098495483398,2.154550767094858,0.7860666291368439,0.16751879124639693,0.5709414713577319,0.16751879124639693,0.02987139619454149,0.29713974200033405,-0.9542804338180929,-0.012826809631245533,1.0000000000000002,1.0000000000000002,1.0000000000000002,3.0992957358603763,-0.04940876857434266,-2.536826823482465,0.0033397118921451863,-0.08866115528561212,6.612956620451145,-4.0,4.0,-4.0,1.0,1.0,1.0,7.8,1.0,10.909246444702148,-31.36465072631836,0.019999999552965164
9.740171909332275,2.2955864432409228,0.7860666291368439,0.16751879124639693,0.5709414713577319,0.16751879124639693,0.08495191289424384,0.35042025122129616,-0.9324863114070058,-0.02140324900964841,1.0000000000000002,1.0000000000000002,1.0000000000000002,3.040929426239894,-0.1439291432765146,-2.4154013544525923,0.0836753371703848,0.04582547912076118,5.559802169044437,-4.0,4.0,-4.0,1.0,1.0,1.0,7.8,1.0,11.0205659866333,-31.41004180908203,0.019999999552965164
9.760127305984497,2.2955864432409228,0.7860666291368439,0.16751879124639693,0.5709414713577319,0.16751879124639693,0.08495191289424384,0.35042025122129616,-0.9324863114070058,-0.02140324900964841,1.0000000000000002,1.0000000000000002,1.0000000000000002,3.040929426239894,-0.1439291432765146,-2.4154013544525923,0.0836753371703848,0.04582547912076118,5.559802169044437,-4.0,4.0,-4.0,1.0,1.0,1.0,7.8,1.0,11.0205659866333,-31.41004180908203,0.019999999552965164
9.780106544494629,2.2955864432409228,0.7860666291368439,0.16751879124639693,0.5709414713577319,0.16751879124639693,0.08495191289424384,0.35042025122129616,-0.9324863114070058,-0.02140324900964841,1.0000000000000002,1.0000000000000002,1.0000000000000002,3.040929426239894,-0.1439291432765146,-2.4154013544525923,0.0836753371703848,0.04582547912076118,5.559802169044437,-4.0,4.0,-4.0,1.0,1.0,1.0,7.8,1.0,11.0205659866333,-31.41004180908203,0.019999999552965164
9.800116062164307,2.171571552096216,0.7860666291368439,0.16751879124639693,0.5709414713577319,0.16751879124639693,0.005645838709422177,0.3393469123857841,-0.9392009424627479,0.05209018368741383,1.0000000000000002,1.0000000000000002,1.0000000000000002,-3.0473392135659374,-0.04597463420653664,-2.4503237281245416,0.00948795340188173,-0.07237389871400801,5.900078825350176,-4.0,4.0,-4.0,1.0,1.0,1.0,7.8,1.0,11.143016815185547,-31.455432891845703,0.019999999552965164
9.820178508758545,2.216955377222466,0.7860666291368439,0.16751879124639693,0.5709414713577319,0.16751879124639693,0.06622983303998368,0.2630980123846926,-0.9616193306591884,0.0410037558925327,1.0000000000000002,1.0000000000000002,1.0000000000000002,-3.097071317817507,-0.14950815143972776,-2.6108012180767872,0.05948809581117673,0.0547410767305003,6.14318297624877,-4.0,4.0,-4.0,1.0,1.0,1.0,7.8,1.0,11.232071876525879,-31.500822067260742,0.019999999552965164
9.84008502960205,2.0525874544114346,0.7860666291368439,0.16751879124639693,0.5709414713577319,0.16751879124639693,0.031885838613287726,0.1477328108979264,-0.9882857769401906,-0.021202192760385638,1.0000000000000002,1.0000000000000002,1.0000000000000002,3.090158274482139,-0.0567906442341269,-2.8433611136438017,-0.03763575719552641,-0.005355885061622073,7.3025095048706135,-4.0,4.0,-4.0,1.0,1.0,1.0,7.8,1.0,11.343390464782715,-31.546215057373047,0.019999999552965164
9.860098600387573,1.7861359858368036,0.7860666291368439,0.16751879124639693,0.5709414713577319,0.16751879124639693,-0.08292375007856372,0.10469696368927545,-0.9862637455254908,-0.09719064630500275,1.0000000000000002,1.0000000000000002,1.0000000000000002,2.9632758876208674,0.1849735225572593,-2.9466572397944533,-0.07518347626460396,-0.07341811028342943,8.091401348399552,-3.8176184070187373,4.0,-4.0,0.0,1.0,1.0,7.8,1.0,11.343390464782715,-31.546215057373047,0.019999999552965164
9.880112648010254,1.7557828135817726,0.7860666291368439,0.16751879124639693,0.5709414713577319,0.16751879124639693,-0.08848277041407833,0.06287098796165996,-0.9904327826959578,-0.08521115639231668,1.0000000000000002,1.0000000000000002,1.0000000000000002,2.9804302845699007,0.1870763876482297,-3.029957644872782,-0.07620702574317886,0.08748236799882589,8.963817645627513,-3.3253485347219462,4.0,-4.0,0.0,1.0,1.0,7.8,1.0,11.432445526123047,-31.600683212280273,0.019999999552965164
9.900094509124756,1.8076221815421998,0.7860666291368439,0.16751879124639693,0.5709414713577319,0.16751879124639693,-0.04128444801144851,-0.04297466821326747,-0.9964083344610445,-0.06015981433579332,1.0000000000000002,1.0000000000000002,1.0000000000000002,3.017469794957618,0.07717823566415287,3.0505886054226514,-0.028493751300028583,-0.038377730553603565,7.999446304888883,-2.0001120970146675,4.0,-4.0,0.0,1.0,1.0,7.8,1.0,11.521500587463379,-31.6551513671875,0.019999999552965164
9.920119524002075,2.0650113561606007,0.7860666291368439,0.16751879124639693,0.5709414713577319,0.16751879124639693,0.07216496585519684,-0.1094317940884337,-0.9882495175609319,0.07861164790468386,1.0000000000000002,1.0000000000000002,1.0000000000000002,-2.9681923172904936,-0.1257599904403179,2.9100801869414292,-0.03955127444567266,0.05948708248772602,7.37762730505604,-2.0882618062634304,4.0,-4.0,0.0,1.0,1.0,7.8,1.0,11.521500587463379,-31.6551513671875,0.019999999552965164
9.940102815628052,2.0650113561606007,0.7860666291368439,0.16751879124639693,0.5709414713577319,0.16751879124639693,0.07216496585519684,-0.1094317940884337,-0.9882495175609319,0.07861164790468386,1.0000000000000002,1.0000000000000002,1.0000000000000002,-2.9681923172904936,-0.1257599904403179,2.9100801869414292,-0.03955127444567266,0.05948708248772602,7.37762730505604,-2.0882618062634304,4.0,-4.0,0.0,1.0,1.0,7.8,1.0,11.521500587463379,-31.6551513671875,0.019999999552965164
9.96009373664856,1.978629543890164,0.7860666291368439,0.16751879124639693,0.5709414713577319,0.16751879124639693,0.04444536508209347,-0.13951685364107852,-0.9889601888240955,0.022746472118169585,1.0000000000000002,1.0000000000000002,1.0000000000000002,-3.0839764586748104,-0.08165306379819275,2.858939583032568,-0.050330257948041295,-0.0868684926959698,7.777418686501558,-1.0295058281575988,4.0,-4.0,0.0,1.0,1.0,7.8,1.0,11.632819175720215,-31.718698501586914,0.019999999552965164
9.980167150497437,2.0528680678701905,0.7860666291368439,0.16751879124639693,0.5709414713577319,0.16751879124639693,0.09769150290869245,-0.11177327365390488,-0.985827912663888,-0.07814366365158314,1.0000000000000002,1.0000000000000002,1.0000000000000002,3.0059247051269464,-0.21165961520813628,2.9302301363829795,-0.033967563268657686,0.056313378262488556,7.256190234087251,-0.19018652838279815,4.0,-4.0,0.0,1.0,1.0,7.8,1.0,11.721874237060547,-31.77316665649414,0.019999999552965164
10.000091791152954,2.0455030029357237,0.7860666291368439,0.16751879124639693,0.5709414713577319,0.16751879124639693,0.09945705188648907,-0.22524467837267387,-0.9677413002167757,-0.05338450664362293,1.0000000000000002,1.0000000000000002,1.0000000000000002,3.0816139542107743,-0.21827568561174648,2.690803697656341,0.09561852469682453,-0.013926203385316513,7.4507192850029496,0.8591824230459228,4.0,-4.0,0.0,1.0,1.0,7.8,1.0,11.721874237060547,-31.77316665649414,0.019999999552965164
10.020096063613892,2.0774333593314482,0.7860666291368439,0.16751879124639693,0.5709414713577319,0.16751879124639693,0.09356773605856694,-0.24310701976667265,-0.9636216461424595,0.05981119288843383,1.0000000000000002,1.0000000000000002,1.0000000000000002,-2.9782314007016697,-0.15182941090292362,2.6348840443053176,-0.0962701670343576,0.004700509063387634,8.605747551182208,0.6090655829305087,4.0,-4.0,0.0,1.0,1.0,7.8,1.0,11.833192825317383,-31.84579086303711,0.019999999552965164
10.040091753005981,1.8876330239225114,0.7860666291368439,0.16751879124639693,0.5709414713577319,0.16751879124639693,-0.011988938630459352,-0.3205040802435078,-0.9430272007039028,0.08850479439182679,1.0000000000000002,1.0000000000000002,1.0000000000000002,-2.981161868466632,0.0794275742263685,2.4927419542288485,0.03589019055081452,0.09585564839308716,7.720249625805008,0.6849063411415951,4.0,-4.0,0.0,1.0,1.0,7.8,1.0,11.911116600036621,-31.900259017944336,0.019999999552965164
10.060097694396973,1.991034307962751,0.7860666291368439,0.16751879124639693,0.5709414713577319,0.16751879124639693,0.04297727402748664,-0.5305324449966646,-0.845796717315684,-0.036279356403337334,1.0000000000000002,1.0000000000000002,1.0000000000000002,3.1257253482570335,-0.11142525111348814,2.022035330852831,-0.08199593346658872,0.048438385926576955,6.758987997490812,4.0,4.0,-4.0,1.0,1.0,1.0,7.8,1.0,12.000171661376953,-31.972883224487305,0.019999999552965164
10.080094814300537,1.7670312225718747,0.7860666291368439,0.16751879124639693,0.5709414713577319,0.16751879124639693,-0.09101248436358675,-0.48418830548819913,-0.8667180794672892,0.07796270417942341,1.0000000000000002,1.0000000000000002,1.0000000000000002,-3.093231217435756,0.23543045806223575,2.128399625896137,0.0030327450416361285,-0.08910170936389882,5.997068483945088,3.5009542545271155,4.0,-4.0,0.0,1.0,1.0,7.8,1.0,12.100358009338379,-32.0273551940918,0.019999999552965164
10.100091934204102,1.9277236223777063,0.7860666291368439,0.16751879124639693,0.5709414713577319,0.16751879124639693,-0.0167202525875911,-0.5192158166153157,-0.84980215598877,0.08928417892738,1.0000000000000002,1.0000000000000002,1.0000000000000002,-3.0057937980546887,0.12143153972384087,2.0529463897964573,-0.06579951951882998,-0.03445502508159248,5.442274343480365,4.0,4.0,-4.0,1.0,1.0,1.0,7.8,1.0,12.189414024353027,-32.09090042114258,0.019999999552965164
10.120095252990723,2.0541741823454354,0.7860666291368439,0.16751879124639693,0.5709414713577319,0.16751879124639693,0.06977030809931131,-0.5427085773470657,-0.8367566688176847,-0.020923225630448895,1.0000000000000002,1.0000000000000002,1.0000000000000002,-3.100464596116194,-0.13992815196033237,1.987949091542211,0.07102536372570997,-0.08134186199055425,5.480650169427455,4.0,4.0,-4.0,1.0,1.0,1.0,7.8,1.0,12.27846908569336,-32.16352462768555,0.019999999552965164
10.140151023864746,1.9234486565673292,0.7860666291368439,0.16751879124639693,0.5709414713577319,0.16751879124639693,0.016916513627002795,-0.5123106667740747,-0.8562478173672311,-0.06396317323322685,1.0000000000000002,1.0000000000000002,1.0000000000000002,3.048841545536508,-0.09464874094273809,2.067621071771552,0.09371071896385039,-0.035253008909641004,3.692255596037192,4.0,4.0,-4.0,1.0,1.0,1.0,7.8,1.0,12.378655433654785,-32.236148834228516,0.019999999552965164
10.160044193267822,1.8111321067692578,0.7860666291368439,0.16751879124639693,0.5709414713577319,0.16751879124639693,-0.031277748246529125,-0.48020872262238057,-0.8725997651076289,-0.08361181206097157,1.0000000000000002,1.0000000000000002,1.0000000000000002,2.96465364478851,-0.025719166725343006,2.1376970457234554,0.051145317795156436,0.08816878913261722,0.4583029218153255,4.0,4.0,-3.1833991287912107,1.0,1.0,0.0,7.8,1.0,12.456579208374023,-32.2996940612793,0.019999999552965164
10.180117130279541,1.7807573753357417,0.7860666291368439,0.16751879124639693,0.5709414713577319,0.16751879124639693,-0.0882738072116251,-0.5565945415372214,-0.8255708168948886,0.0290357982986724,1.0000000000000002,1.0000000000000002,1.0000000000000002,3.090429728859138,0.17902972660598163,1.9506086367117104,0.029898720937958673,-0.07695559080913357,-0.47007525027797226,4.0,4.0,-2.461616493611206,1.0,1.0,0.0,7.8,1.0,12.456579208374023,-32.2996940612793,0.019999999552965164
10.200132608413696,1.7807573753357417,0.7860666291368439,0.16751879124639693,0.5709414713577319,0.16751879124639693,-0.0882738072116251,-0.5565945415372214,-0.8255708168948886,0.0290357982986724,1.0000000000000002,1.0000000000000002,1.0000000000000002,3.090429728859138,0.17902972660598163,1.9506086367117104,0.029898720937958673,-0.07695559080913357,-0.47007525027797226,4.0,4.0,-2.461616493611206,1.0,1.0,0.0,7.8,1.0,12.456579208374023,-32.2996940612793,0.019999999552965164
10.220084428787231,1.7807573753357417,0.7860666291368439,0.16751879124639693,0.5709414713577319,0.16751879124639693,-0.0882738072116251,-0.5565945415372214,-0.8255708168948886,0.0290357982986724,1.0000000000000002,1.0000000000000002,1.0000000000000002,3.090429728859138,0.17902972660598163,1.9506086367117104,0.029898720937958673,-0.07695559080913357,-0.47007525027797226,4.0,4.0,-2.461616493611206,1.0,1.0,0.0,7.8,1.0,12.456579208374023,-32.2996940612793,0.019999999552965164
10.240097999572754,1.970514739412419,0.7860666291368439,0.16751879124639693,0.5709414713577319,0.16751879124639693,0.04422719873010826,-0.49818306802539786,-0.8634623157025157,-0.06550125943016998,1.0000000000000002,1.0000000000000002,1.0000000000000002,3.071783480819394,-0.14211820008075002,2.0999518170318483,-0.0862297188128911,0.01953674956266653,0.11716630364065476,4.0,4.0,-2.086464602055738,1.0,1.0,0.0,7.8,1.0,12.534502029418945,-32.372318267822266,0.019999999552965164
10.260111093521118,1.9026806503905194,0.7860666291368439,0.16751879124639693,0.5709414713577319,0.16751879124639693,-0.01569215113940325,-0.539894099902082,-0.8414435200226908,0.015521594485178382,1.0000000000000002,1.0000000000000002,1.0000000000000002,-3.1324070713601473,0.04318157083779237,2.000855824709349,-0.0843255582148196,-0.00897747178418229,0.14597239793442407,4.0,4.0,-4.0,1.0,1.0,1.0,7.8,1.0,12.645820617675781,-32.43586730957031,0.019999999552965164
10.280100584030151,1.778433902172258,0.7860666291368439,0.16751879124639693,0.5709414713577319,0.16751879124639693,-0.09015659470492939,-0.6266338082514217,-0.7686620165710586,-0.09143611468366976,1.0000000000000002,1.0000000000000002,1.0000000000000002,2.885161143342359,0.024008284594575904,1.7705836726015762,0.024572807835590835,0.08861916972849479,0.8433129518822271,4.0,4.0,-4.0,1.0,1.0,1.0,7.8,1.0,12.72374439239502,-32.50849151611328,0.019999999552965164
10.300137042999268,1.9685738405029471,0.7860666291368439,0.16751879124639693,0.5709414713577319,0.16751879124639693,-0.010655778722663996,-0.5749401446897208,-0.8129563698739877,0.09182714786643822,1.0000000000000002,1.0000000000000002,1.0000000000000002,-3.0030526716084527,0.12322722355018642,1.9190408257514615,-0.09795023561821503,0.04729176789291928,1.4315833736477257,4.0,4.0,-4.0,1.0,1.0,1.0,7.8,1.0,12.812799453735352,-32.58111572265625,0.019999999552965164
10.320130825042725,2.025586919602804,0.7860666291368439,0.16751879124639693,0.5709414713577319,0.16751879124639693,0.05093350071795037,-0.5632701382319453,-0.8242494195854299,-0.027302457652414097,1.0000000000000002,1.0000000000000002,1.0000000000000002,-3.1291395448969848,-0.11497427673693944,1.9419163500178365,0.06993370576709884,-0.010807275745217046,0.9387494887374225,4.0,4.0,-4.0,1.0,1.0,1.0,7.8,1.0,12.812799453735352,-32.58111572265625,0.019999999552965164
10.340114831924438,2.0278920701864136,0.7860666291368439,0.16751879124639693,0.5709414713577319,0.16751879124639693,0.004858442317439764,-0.6584232543539983,-0.7514684023559254,0.04183842641365576,1.0000000000000002,1.0000000000000002,1.0000000000000002,-3.0721793349002056,0.04781106710329174,1.7042546297403292,0.08175386946240504,-0.02577775393401871,0.4234183570781419,4.0,4.0,-4.0,1.0,1.0,1.0,7.8,1.0,12.912985801696777,-32.635581970214844,0.019999999552965164
10.360108613967896,2.0278920701864136,0.7860666291368439,0.16751879124639693,0.5709414713577319,0.16751879124639693,0.004858442317439764,-0.6584232543539983,-0.7514684023559254,0.04183842641365576,1.0000000000000002,1.0000000000000002,1.0000000000000002,-3.0721793349002056,0.04781106710329174,1.7042546297403292,0.08175386946240504,-0.02577775393401871,0.4234183570781419,4.0,4.0,-4.0,1.0,1.0,1.0,7.8,1.0,12.912985801696777,-32.635581970214844,0.019999999552965164
10.380108833312988,1.8934896968174697,0.7860666291368439,0.16751879124639693,0.5709414713577319,0.16751879124639693,-0.028236535378984007,-0.6071286706741239,-0.7927262030407052,-0.046718757773822533,1.0000000000000002,1.0000000000000002,1.0000000000000002,3.033014900719676,-0.011961196862679662,1.8350756043453762,0.07966956661575195,-0.042681013276634254,0.9308601692707947,4.0,4.0,-4.0,1.0,1.0,1.0,7.8,1.0,13.00204086303711,-32.69913101196289,0.019999999552965164
10.400107145309448,1.8064766685746878,0.7860666291368439,0.16751879124639693,0.5709414713577319,0.16751879124639693,-0.07860358054357662,-0.6288561258216053,-0.7700572712070877,-0.0733024501873196,1.0000000000000002,1.0000000000000002,1.0000000000000002,2.928132146775331,0.028869137691498,1.7688943471189242,0.09852089806929687,0.08810570207838786,2.0421610883353742,4.0,4.0,-4.0,1.0,1.0,1.0,7.8,1.0,13.00204086303711,-32.69913101196289,0.019999999552965164
10.421880722045898,2.147760093378596,0.7860666291368439,0.16751879124639693,0.5709414713577319,0.16751879124639693,0.08164807083234868,-0.6287022493132507,-0.7726373844430913,0.0331443267959065,1.0000000000000002,1.0000000000000002,1.0000000000000002,-2.986538112194852,-0.08459373561433182,1.7689281268921293,0.0718967580352873,-0.05193534742714463,4.788988077317794,4.0,4.0,-4.0,1.0,1.0,1.0,7.8,1.0,13.113360404968262,-32.76267623901367,0.019999999552965164
10.440102100372314,2.07639215373197,0.7860666291368439,0.16751879124639693,0.5709414713577319,0.16751879124639693,0.03233688317689149,-0.6636832866805608,-0.7468537149443574,0.026236414410231362,1.0000000000000002,1.0000000000000002,1.0000000000000002,-3.0593801916254932,-0.01347691112619294,1.6880329648222656,-0.02219584288225636,0.0904359953729369,5.622706833014218,4.0,4.0,-4.0,1.0,1.0,1.0,7.8,1.0,13.202415466308594,-32.808067321777344,0.019999999552965164
10.460111618041992,2.038793428063042,0.7860666291368439,0.16751879124639693,0.5709414713577319,0.16751879124639693,-0.03623132356852796,-0.7715317972491976,-0.634765842691579,-0.022322678556696226,1.0000000000000002,1.0000000000000002,1.0000000000000002,3.057240451901977,0.0115517575764366,1.376413589649449,0.08365402222902854,-0.002199943059004547,5.001914898271925,4.0,4.0,-4.0,1.0,1.0,1.0,7.8,1.0,13.31373405456543,-32.86253356933594,0.019999999552965164
10.480105876922607,2.2835515350554805,0.7860666291368439,0.16751879124639693,0.5709414713577319,0.16751879124639693,0.09186261191860048,-0.7457140372651779,-0.6563443471126807,0.06843926629056182,1.0000000000000002,1.0000000000000002,1.0000000000000002,-2.912714762470462,-0.01851582690495048,1.4413567223513124,-0.08134473488679561,0.04544742496408741,4.218526709616647,4.0,4.0,-4.0,1.0,1.0,1.0,7.8,1.0,13.402789115905762,-32.9170036315918,0.019999999552965164
10.500110149383545,2.0540747820520875,0.7860666291368439,0.16751879124639693,0.5709414713577319,0.16751879124639693,-0.07714639852777477,-0.7999219734418637,-0.5893965521010939,0.08237095343876025,1.0000000000000002,1.0000000000000002,1.0000000000000002,3.114587255650977,0.22460398735694143,1.266975889830077,0.057911971433554144,0.026756548907575867,4.151402615876761,4.0,4.0,-4.0,1.0,1.0,1.0,7.8,1.0,13.402789115905762,-32.9170036315918,0.019999999552965164
10.521203517913818,2.0540747820520875,0.7860666291368439,0.16751879124639693,0.5709414713577319,0.16751879124639693,-0.07714639852777477,-0.7999219734418637,-0.5893965521010939,0.08237095343876025,1.0000000000000002,1.0000000000000002,1.0000000000000002,3.114587255650977,0.22460398735694143,1.266975889830077,0.057911971433554144,0.026756548907575867,4.151402615876761,4.0,4.0,-4.0,1.0,1.0,1.0,7.8,1.0,13.402789115905762,-32.9170036315918,0.019999999552965164
10.540111780166626,2.058238149036625,0.7860666291368439,0.16751879124639693,0.5709414713577319,0.16751879124639693,-0.028791337411348213,-0.7437524086996173,-0.6645556714251761,0.06609972027336122,1.0000000000000002,1.0000000000000002,1.0000000000000002,-3.0961243530099667,0.1370188792160017,1.461564331619952,-0.0019897256731590263,0.07848164005065991,4.261495838826049,4.0,4.0,-4.0,1.0,1.0,1.0,7.8,1.0,13.525239944458008,-32.980552673339844,0.019999999552965164
10.560099601745605,2.3073537918467215,0.7860666291368439,0.16751879124639693,0.5709414713577319,0.16751879124639693,0.06391672370452446,-0.8419514164126085,-0.5320217190724822,-0.06312967025767374,1.0000000000000002,1.0000000000000002,1.0000000000000002,-3.100495222309446,-0.1752094665342204,1.1234688640305812,-0.06537386922058974,-0.028252275307889832,3.5694306774118365,4.0,4.0,-4.0,1.0,1.0,1.0,7.8,1.0,13.60316276550293,-33.03501892089844,0.019999999552965164
10.580107688903809,2.0543322152077885,0.7860666291368439,0.16751879124639693,0.5709414713577319,0.16751879124639693,-0.011046611378851599,-0.7539189205489701,-0.6550040919093465,-0.04953658443345511,1.0000000000000002,1.0000000000000002,1.0000000000000002,3.059803385095577,-0.060258445806706876,1.4330807339751062,0.07002818652100287,0.04060517797172988,3.3242202543542216,4.0,4.0,-4.0,1.0,1.0,1.0,7.8,1.0,13.60316276550293,-33.03501892089844,0.019999999552965164
10.600100755691528,2.3570207465389594,0.7860666291368439,0.16751879124639693,0.5709414713577319,0.16751879124639693,0.058510458704864154,-0.865797276489085,-0.496954309624696,0.0028313233073886954,1.0000000000000002,1.0000000000000002,1.0000000000000002,-3.037124311046862,-0.05327654490042507,1.0393556535575705,-0.010679369455521726,0.06414591280796014,1.0927438509846459,4.0,4.0,-4.0,1.0,1.0,1.0,7.8,1.0,13.714481353759766,-33.107643127441406,0.019999999552965164
10.620096683502197,2.313747838640202,0.7860666291368439,0.16751879124639693,0.5709414713577319,0.16751879124639693,0.05827533757453566,-0.8518064646970893,-0.5171214914868413,-0.06012565819385948,1.0000000000000002,1.0000000000000002,1.0000000000000002,-3.103988771190915,-0.16342823171611384,1.0881499715784313,-0.06587302825491989,0.06094703639568974,0.7026530813378731,4.0,4.0,-4.0,1.0,1.0,1.0,7.8,1.0,13.803536415100098,-33.15303421020508,0.019999999552965164
10.640140771865845,2.0871600515662214,0.7860666291368439,0.16751879124639693,0.5709414713577319,0.16751879124639693,-0.0720210726172349,-0.8376396007786798,-0.5411970852124857,0.016690693931242583,1.0000000000000002,1.0000000000000002,1.0000000000000002,3.038238922317072,0.10611580341323726,1.1417604661134328,-0.011986301009954015,0.09866086941512736,0.48020712118383163,4.0,4.0,-4.0,1.0,1.0,1.0,7.8,1.0,13.90372371673584,-33.21657943725586,0.019999999552965164
10.660417079925537,2.0730833669436173,0.7860666291368439,0.16751879124639693,0.5709414713577319,0.16751879124639693,-0.07446442710848285,-0.8116292618039491,-0.5741180105527899,0.07811210173775035,1.0000000000000002,1.0000000000000002,1.0000000000000002,3.109675922668654,0.21392685921605373,1.227876176227814,-0.011647139614577612,0.026704669483000765,2.405632938673164,4.0,4.0,-4.0,1.0,1.0,1.0,7.8,1.0,14.003911018371582,-33.280128479003906,0.019999999552965164
10.68009328842163,2.294153220758704,0.7860666291368439,0.16751879124639693,0.5709414713577319,0.16751879124639693,0.04725861518869606,-0.8435944084792836,-0.534807600689253,-0.009794259437987892,1.0000000000000002,1.0000000000000002,1.0000000000000002,-3.0721223523106365,-0.06712369214857733,1.1277039073479307,-0.08266921793746798,-0.06263493900293593,0.38752436187414513,4.0,4.0,-4.0,1.0,1.0,1.0,7.8,1.0,14.104097366333008,-33.34367370605469,0.019999999552965164
10.700629949569702,2.1349983741863037,0.7860666291368439,0.16751879124639693,0.5709414713577319,0.16751879124639693,-0.026029874715179074,-0.8059074431254805,-0.5888353483104759,0.05575456319749323,1.0000000000000002,1.0000000000000002,1.0000000000000002,-3.117711147830409,0.12081434436822956,1.2634462610029074,0.0806182063614225,0.03983534052663268,0.2877326538794539,4.0,4.0,-4.0,1.0,1.0,1.0,7.8,1.0,14.104097366333008,-33.34367370605469,0.019999999552965164
10.720097303390503,2.063726704676299,0.7860666291368439,0.16751879124639693,0.5709414713577319,0.16751879124639693,-0.04625091529927992,-0.7747587412259822,-0.6271440768958703,0.06557478587336281,1.0000000000000002,1.0000000000000002,1.0000000000000002,-3.1308719178556657,0.1603069740705826,1.3618387764568938,-0.03512019059366471,-0.05813005255071302,0.4773856273227075,4.0,4.0,-4.0,1.0,1.0,1.0,7.8,1.0,14.21541690826416,-33.40721893310547,0.019999999552965164
10.740123987197876,2.1205143587183146,0.7860666291368439,0.16751879124639693,0.5709414713577319,0.16751879124639693,-0.055361342694396666,-0.857171895606592,-0.5069056536932476,-0.07237486698500331,1.0000000000000002,1.0000000000000002,1.0000000000000002,2.972109759483702,-0.06800184612520933,1.0738779553536868,-0.07701557595485767,-0.02340631481285159,0.926029442654787,4.0,4.0,-4.0,1.0,1.0,1.0,7.8,1.0,14.326735496520996,-33.46168899536133,0.019999999552965164
10.760106563568115,2.1043797792118086,0.7860666291368439,0.16751879124639693,0.5709414713577319,0.16751879124639693,-0.08256433989922132,-0.8698741491285064,-0.483239322382213,-0.05460633441774521,1.0000000000000002,1.0000000000000002,1.0000000000000002,2.9438670757606573,-0.015205191940194974,1.015662850451958,0.012706954302315082,-0.09699109766258407,1.230511210281327,4.0,4.0,-4.0,1.0,1.0,1.0,7.8,1.0,14.415790557861328,-33.51615524291992,0.019999999552965164
10.780090570449829,2.0556849208891816,0.7860666291368439,0.16751879124639693,0.5709414713577319,0.16751879124639693,-0.046822104979793916,-0.8097161077590835,-0.579480532206298,-0.0798112029394818,1.0000000000000002,1.0000000000000002,1.0000000000000002,2.9719820916361774,-0.07505428200830914,1.2486996007845537,0.07231754729060089,-0.08814154559094162,1.307083671714307,4.0,4.0,-4.0,1.0,1.0,1.0,7.8,1.0,14.415790557861328,-33.51615524291992,0.019999999552965164
10.800122261047363,2.0556849208891816,0.7860666291368439,0.16751879124639693,0.5709414713577319,0.16751879124639693,-0.046822104979793916,-0.8097161077590835,-0.579480532206298,-0.0798112029394818,1.0000000000000002,1.0000000000000002,1.0000000000000002,2.9719820916361774,-0.07505428200830914,1.2486996007845537,0.07231754729060089,-0.08814154559094162,1.307083671714307,4.0,4.0,-4.0,1.0,1.0,1.0,7.8,1.0,14.415790557861328,-33.51615524291992,0.019999999552965164
10.82011079788208,2.1616468662551362,0.7860666291368439,0.16751879124639693,0.5709414713577319,0.16751879124639693,-0.04997987806238179,-0.8606347662225153,-0.5066086947965941,0.012547562092973868,1.0000000000000002,1.0000000000000002,1.0000000000000002,3.068018815995918,0.07230119342102327,1.0613952865003689,-0.015665341101327085,-0.09130102045170199,1.1524783179126243,4.0,4.0,-4.0,1.0,1.0,1.0,7.8,1.0,14.527109146118164,-33.58877944946289,0.019999999552965164
10.840107440948486,2.0963932246301633,0.7860666291368439,0.16751879124639693,0.5709414713577319,0.16751879124639693,-0.05573148488592115,-0.804752113479962,-0.5853262545645025,0.08161625548526562,1.0000000000000002,1.0000000000000002,1.0000000000000002,-3.1356320725183884,0.197893020152234,1.2582687919888356,-0.09720778858770912,0.08548248943852718,0.8711055620810435,4.0,4.0,-4.0,1.0,1.0,1.0,7.8,1.0,14.527109146118164,-33.58877944946289,0.019999999552965164
10.860111236572266,2.3912208165556024,0.7860666291368439,0.16751879124639693,0.5709414713577319,0.16751879124639693,0.0722759980014489,-0.8429189897356776,-0.5235657850644074,0.10071060304541002,1.0000000000000002,1.0000000000000002,1.0000000000000002,-2.9112450561815977,0.09423870630494578,1.1225391646677982,0.0493613476434899,-0.04231068769836648,0.12651817451053157,4.0,4.0,-4.0,1.0,1.0,1.0,7.8,1.0,14.616164207458496,-33.63417053222656,0.019999999552965164
10.880115032196045,2.301646526343022,0.7860666291368439,0.16751879124639693,0.5709414713577319,0.16751879124639693,0.03259409632123364,-0.8673144831478349,-0.4957965658257977,-0.029815726091303438,1.0000000000000002,1.0000000000000002,1.0000000000000002,-3.1145199928035754,-0.0841385426251895,1.0374798415517033,0.02634668382612268,-0.040813504097223154,0.06565529075076261,4.0,4.0,-4.0,1.0,1.0,1.0,7.8,1.0,14.738615036010742,-33.697715759277344,0.019999999552965164
10.900087833404541,2.3356458176838513,0.7860666291368439,0.16751879124639693,0.5709414713577319,0.16751879124639693,0.07473955058276992,-0.8346239319230611,-0.5457184097534684,0.0028825502806803733,1.0000000000000002,1.0000000000000002,1.0000000000000002,-3.0129547073414336,-0.07683739196384025,1.1532018203931007,-0.005366017039205806,-0.03429534537236492,0.4462299269947936,4.0,4.0,-4.0,1.0,1.0,1.0,7.8,1.0,14.738615036010742,-33.697715759277344,0.019999999552965164
10.920086860656738,2.198614356446666,0.7860666291368439,0.16751879124639693,0.5709414713577319,0.16751879124639693,-0.07834988141364438,-0.9060133065163911,-0.4153425937262426,-0.022174632679284764,1.0000000000000002,1.0000000000000002,1.0000000000000002,2.98045424929856,0.024905636089139354,0.8576712573520673,-0.0825693596509703,0.06630220925391664,0.21571405903873148,4.0,4.0,-4.0,1.0,1.0,1.0,7.8,1.0,14.838802337646484,-33.76126480102539,0.019999999552965164
10.940082788467407,2.28065314831305,0.7860666291368439,0.16751879124639693,0.5709414713577319,0.16751879124639693,0.06794024718037854,-0.8127014373267742,-0.5780789436673723,-0.02693012195440622,1.0000000000000002,1.0000000000000002,1.0000000000000002,-3.0616126394081116,-0.12262906630016543,1.2316338389849355,0.09599818321151896,-0.010877376616575812,-0.12299709255347477,4.0,4.0,-4.0,1.0,1.0,1.0,7.8,1.0,14.95012092590332,-33.82481384277344,0.019999999552965164
10.960102081298828,2.28065314831305,0.7860666291368439,0.16751879124639693,0.5709414713577319,0.16751879124639693,0.06794024718037854,-0.8127014373267742,-0.5780789436673723,-0.02693012195440622,1.0000000000000002,1.0000000000000002,1.0000000000000002,-3.0616126394081116,-0.12262906630016543,1.2316338389849355,0.09599818321151896,-0.010877376616575812,-0.12299709255347477,4.0,4.0,-4.0,1.0,1.0,1.0,7.8,1.0,14.95012092590332,-33.82481384277344,0.019999999552965164
10.98012638092041,2.138258847776221,0.7860666291368439,0.16751879124639693,0.5709414713577319,0.16751879124639693,-0.0473169995916783,-0.8452700324168785,-0.5321404716010755,0.010304966365565415,1.0000000000000002,1.0000000000000002,1.0000000000000002,3.0723543432778553,0.06783154432505632,1.1213801884687056,0.011630828626009726,-0.08552621709750588,0.48582505746752347,4.0,4.0,-4.0,1.0,1.0,1.0,7.8,1.0,15.072571754455566,-33.897438049316406,0.019999999552965164
11.000103235244751,2.285734761935843,0.7860666291368439,0.16751879124639693,0.5709414713577319,0.16751879124639693,-0.033203126170875424,-0.9009145681688912,-0.4302785684390321,0.045943952981848744,1.0000000000000002,1.0000000000000002,1.0000000000000002,3.1211752954623737,0.1115877748730819,0.8899979428598378,-0.03800452058977906,0.021056002248107067,0.9710548509716909,4.0,4.0,-4.0,1.0,1.0,1.0,7.8,1.0,15.072571754455566,-33.897438049316406,0.019999999552965164
11.020158767700195,2.1914186705933445,0.7860666291368439,0.16751879124639693,0.5709414713577319,0.16751879124639693,-0.07705437551538849,-0.8985960871325993,-0.4319541085779576,0.0018285203137254169,1.0000000000000002,1.0000000000000002,1.0000000000000002,3.003921086210076,0.06991104566380178,0.8913536660445246,0.0974782325326794,0.0483240749195582,0.7356441520126219,4.0,4.0,-4.0,1.0,1.0,1.0,7.8,1.0,15.172759056091309,-33.970062255859375,0.019999999552965164
11.040101766586304,2.24018392624955,0.7860666291368439,0.16751879124639693,0.5709414713577319,0.16751879124639693,0.009466277127352832,-0.8614765068203591,-0.5030205421034557,-0.06884004659996665,1.0000000000000002,1.0000000000000002,1.0000000000000002,3.088181245824133,-0.1284848500616304,1.060438739126933,0.06477947105224191,-0.09859323250669037,0.7993075401199417,4.0,4.0,-4.0,1.0,1.0,1.0,7.8,1.0,15.295208930969238,-34.02452850341797,0.019999999552965164
11.060092210769653,2.1009050184911486,0.7860666291368439,0.16751879124639693,0.5709414713577319,0.16751879124639693,-0.035714414270560844,-0.8060553350751588,-0.5904801577454808,0.018233505396840318,1.0000000000000002,1.0000000000000002,1.0000000000000002,3.1054495726007745,0.07163298035960747,1.2631902691371875,-0.012819272876019625,0.012273936931671628,1.1895096940369112,4.0,4.0,-4.0,1.0,1.0,1.0,7.8,1.0,15.295208930969238,-34.02452850341797,0.019999999552965164
11.080096244812012,2.1552561897139118,0.7860666291368439,0.16751879124639693,0.5709414713577319,0.16751879124639693,-0.061552935628865615,-0.8814790483061132,-0.4595776516062943,-0.08941088108760252,1.0000000000000002,1.0000000000000002,1.0000000000000002,2.948720186009071,-0.10122370134126184,0.9709961144547007,-0.07662127584167162,-0.020697463424328544,1.5708251763574639,4.0,4.0,-4.0,1.0,1.0,1.0,7.8,1.0,15.417659759521484,-34.07899856567383,0.019999999552965164
11.100111722946167,2.3838064058118245,0.7860666291368439,0.16751879124639693,0.5709414713577319,0.16751879124639693,0.012484533148987285,-0.9206565398183758,-0.3897797058752763,-0.017534338011176896,1.0000000000000002,1.0000000000000002,1.0000000000000002,-3.132265404938402,-0.04203101552317947,0.8007848596794738,0.03457394601638078,0.029684427877058495,1.7151256229000653,4.0,4.0,-4.0,1.0,1.0,1.0,7.8,1.0,15.55124282836914,-34.13346481323242,0.019999999552965164
11.120311975479126,2.321316911644341,0.7860666291368439,0.16751879124639693,0.5709414713577319,0.16751879124639693,0.009335692970411298,-0.902429352903879,-0.42369099520643677,-0.07758897109272367,1.0000000000000002,1.0000000000000002,1.0000000000000002,3.0921304954406925,-0.14849314429796953,0.8815832056848862,0.08152826163011082,0.037556922574211754,2.0332504821914843,4.0,4.0,-4.0,1.0,1.0,1.0,7.8,1.0,15.55124282836914,-34.13346481323242,0.019999999552965164
11.140101671218872,2.238009194800331,0.7860666291368439,0.16751879124639693,0.5709414713577319,0.16751879124639693,-0.05295970476060824,-0.8822480456019376,-0.4591533193478655,0.08950913380805091,1.0000000000000002,1.0000000000000002,1.0000000000000002,3.1300940369600756,0.20806984882933363,0.9585236752369708,0.028391506508861214,-0.022762204807481562,2.409747386369445,4.0,4.0,-4.0,1.0,1.0,1.0,7.8,1.0,15.662561416625977,-34.19701385498047,0.019999999552965164
11.160094499588013,2.4130797398946484,0.7860666291368439,0.16751879124639693,0.5709414713577319,0.16751879124639693,0.019186754704275666,-0.9085988630584881,-0.40858831256573985,0.08447227549570388,1.0000000000000002,1.0000000000000002,1.0000000000000002,-3.036503386663894,0.13826396892971068,0.8524763942710077,-0.05712326704199649,0.060630237358386435,3.2034350168158086,4.0,4.0,-4.0,1.0,1.0,1.0,7.8,1.0,15.785012245178223,-34.242401123046875,0.019999999552965164
11.180087089538574,2.4645432681356403,0.7860666291368439,0.16751879124639693,0.5709414713577319,0.16751879124639693,0.09102740763540107,-0.8835063271378556,-0.4581288613827806,0.035334506288783714,1.0000000000000002,1.0000000000000002,1.0000000000000002,-2.9471042742520224,-0.020969582253208625,0.9546849804551165,0.09109179254653796,0.05570729798737262,3.4557757414310553,4.0,4.0,-4.0,1.0,1.0,1.0,7.8,1.0,15.785012245178223,-34.242401123046875,0.019999999552965164
11.200117826461792,2.5222802054483817,0.7860666291368439,0.16751879124639693,0.5709414713577319,0.16751879124639693,0.05418396479723992,-0.9323339516118638,-0.3524229074607218,0.06012981729217014,1.0000000000000002,1.0000000000000002,1.0000000000000002,-2.9972813697570175,0.07399831373747844,0.7281487947395472,0.07657648973999245,-0.0038406820632295446,4.203762337319651,4.0,4.0,-4.0,1.0,1.0,1.0,7.8,1.0,15.907463073730469,-34.27871322631836,0.019999999552965164
11.220112800598145,2.491657709901546,0.7860666291368439,0.16751879124639693,0.5709414713577319,0.16751879124639693,0.012675689549871022,-0.9423657349480753,-0.3241763135410109,0.08182827279839786,1.0000000000000002,1.0000000000000002,1.0000000000000002,-3.063736691225051,0.14652979805179825,0.6683612362428153,-0.018614844143888393,-0.08126294900851042,4.3709748294547,4.0,4.0,-4.0,1.0,1.0,1.0,7.8,1.0,16.0299129486084,-34.30595016479492,0.019999999552965164
11.240058898925781,2.444125806478963,0.7860666291368439,0.16751879124639693,0.5709414713577319,0.16751879124639693,-0.04023320104127798,-0.9573358548921561,-0.2798100246411459,0.05996416081458979,1.0000000000000002,1.0000000000000002,1.0000000000000002,3.097686479432618,0.13776232773325822,0.5656887524306797,-0.06263404231792431,0.07147914173637002,4.679135292303434,4.0,4.0,-4.0,1.0,1.0,1.0,7.8,1.0,16.0299129486084,-34.30595016479492,0.019999999552965164
11.260103464126587,2.3219307247690693,0.7860666291368439,0.16751879124639693,0.5709414713577319,0.16751879124639693,-0.06274127900202082,-0.9350185507008967,-0.34729323933844347,0.03451445587280847,1.0000000000000002,1.0000000000000002,1.0000000000000002,3.047548327398643,0.10833434066755246,0.7061701082958387,0.04821417722747118,-0.014265279595728278,4.871155594710409,4.0,4.0,-4.0,1.0,1.0,1.0,7.8,1.0,16.163496017456055,-34.33318328857422,0.019999999552965164
11.280097007751465,2.3219307247690693,0.7860666291368439,0.16751879124639693,0.5709414713577319,0.16751879124639693,-0.06274127900202082,-0.9350185507008967,-0.34729323933844347,0.03451445587280847,1.0000000000000002,1.0000000000000002,1.0000000000000002,3.047548327398643,0.10833434066755246,0.7061701082958387,0.04821417722747118,-0.014265279595728278,4.871155594710409,4.0,4.0,-4.0,1.0,1.0,1.0,7.8,1.0,16.163496017456055,-34.33318328857422,0.019999999552965164
11.300098657608032,2.6671941003768502,0.7860666291368439,0.16751879124639693,0.5709414713577319,0.16751879124639693,0.08669755112470746,-0.9546852688208436,-0.27376206529613006,0.07819145560897102,1.0000000000000002,1.0000000000000002,1.0000000000000002,-2.9305923715905897,0.10200425848145225,0.569336465751854,0.0009625909355660961,-0.08726877120743282,5.023215348408854,4.0,4.0,-4.0,1.0,1.0,1.0,7.8,1.0,16.263683319091797,-34.3694953918457,0.019999999552965164
11.32009768486023,2.5736529909674144,0.7860666291368439,0.16751879124639693,0.5709414713577319,0.16751879124639693,0.0007777709084450853,-0.9804200667606036,-0.18222012330454396,-0.07464391755812814,1.0000000000000002,1.0000000000000002,1.0000000000000002,3.1156309255835413,-0.14717902218744675,0.36943895188866976,0.09979885082233969,0.09673165429854283,5.099735008056218,4.0,4.0,-4.0,1.0,1.0,1.0,7.8,1.0,16.375001907348633,-34.37857437133789,0.019999999552965164
11.340084075927734,2.59549149836475,0.7860666291368439,0.16751879124639693,0.5709414713577319,0.16751879124639693,-0.07355986166949077,-0.9895174226082256,-0.10168094554363521,0.07145069922185344,1.0000000000000002,1.0000000000000002,1.0000000000000002,3.008521088603939,0.15700696950021686,0.19431394159432688,0.027973150486663184,-0.017182822053572397,5.139758444197904,4.0,4.0,-4.0,1.0,1.0,1.0,7.8,1.0,16.475189208984375,-34.40581130981445,0.019999999552965164
11.36008334159851,2.88852976386415,0.7860666291368439,0.16751879124639693,0.5709414713577319,0.16751879124639693,0.10332618195254187,-0.990624314081262,-0.0511207331161555,-0.07330647392833958,1.0000000000000002,1.0000000000000002,1.0000000000000002,-2.9405836948361834,-0.15643989461958396,0.08730966324705185,0.02547548678581557,0.06671408323917122,5.634451847410365,4.0,4.0,-4.0,1.0,1.0,1.0,7.8,1.0,16.58650779724121,-34.414886474609375,0.019999999552965164
11.380241632461548,2.8571710827169166,0.7860666291368439,0.16751879124639693,0.5709414713577319,0.16751879124639693,0.0501925201303585,-0.9937140784053139,-0.05103734073406677,0.08607108197783961,1.0000000000000002,1.0000000000000002,1.0000000000000002,-3.0313035916874442,0.1667078105403341,0.11185385546003107,-0.007367991656253764,0.026265127726236084,4.810143802249227,4.0,4.0,-4.0,1.0,1.0,1.0,7.8,1.0,16.697826385498047,-34.43304443359375,0.019999999552965164
11.400081872940063,2.7005318627598527,0.7860666291368439,0.16751879124639693,0.5709414713577319,0.16751879124639693,-0.027716810180466334,-0.9975182026175559,-0.059658845810116524,0.025100517856522092,1.0000000000000002,1.0000000000000002,1.0000000000000002,3.0891928844524217,0.05340894073622754,0.11807227824187258,-0.04624011563701263,0.09598141504484611,3.3111384030933624,4.0,3.6636544077831994,-4.0,1.0,0.0,1.0,7.8,1.0,16.697826385498047,-34.43304443359375,0.019999999552965164
11.420208215713501,2.7005318627598527,0.7860666291368439,0.16751879124639693,0.5709414713577319,0.16751879124639693,-0.027716810180466334,-0.9975182026175559,-0.059658845810116524,0.025100517856522092,1.0000000000000002,1.0000000000000002,1.0000000000000002,3.0891928844524217,0.05340894073622754,0.11807227824187258,-0.04624011563701263,0.09598141504484611,3.3111384030933624,4.0,3.6636544077831994,-4.0,1.0,0.0,1.0,7.8,1.0,16.697826385498047,-34.43304443359375,0.019999999552965164
11.440094232559204,2.5924254757319005,0.7860666291368439,0.16751879124639693,0.5709414713577319,0.16751879124639693,-0.06434803805179828,-0.9936393905572887,-0.08263875992254081,-0.04136335201949931,1.0000000000000002,1.0000000000000002,1.0000000000000002,3.0061184065873183,-0.07162645672998792,0.170814864725623,0.03210570860153905,-0.044030316538314795,1.957300062515334,4.0,3.9310160428100853,-4.0,1.0,0.0,1.0,7.8,1.0,16.786882400512695,-34.46027755737305,0.019999999552965164
11.460206270217896,2.7552149867111826,0.7860666291368439,0.16751879124639693,0.5709414713577319,0.16751879124639693,0.034155095171933846,-0.9940110400843847,-0.09990832446763123,0.0281746049879365,1.0000000000000002,1.0000000000000002,1.0000000000000002,-3.067906039800639,0.04920683527282205,0.2021618311907703,-0.0677533073668363,-0.05874817656183882,1.7475257989023434,4.0,4.0,-4.0,1.0,1.0,1.0,7.8,1.0,16.89820098876953,-34.47843551635742,0.019999999552965164
11.48014521598816,2.859565116167548,0.7860666291368439,0.16751879124639693,0.5709414713577319,0.16751879124639693,-0.04180339144761081,-0.9927000499172274,0.11018371933443395,-0.02566389197769386,1.0000000000000002,1.0000000000000002,1.0000000000000002,3.0640335847145743,-0.06020155743013086,-0.2187465498010102,-0.08034106762598724,-0.04193996449910867,3.1046490468823835,4.0,1.1981137301118285,-4.0,1.0,0.0,1.0,7.8,1.0,16.987255096435547,-34.50566864013672,0.019999999552965164
11.500147342681885,2.9091755017562515,0.7860666291368439,0.16751879124639693,0.5709414713577319,0.16751879124639693,0.0783735535744552,-0.996204259681,-0.026601578844080737,0.026963217473900587,1.0000000000000002,1.0000000000000002,1.0000000000000002,-2.98315006949299,0.04957232447902411,0.05732940529755784,-0.04272446018168692,0.007757359399844052,3.0027887416998884,4.0,4.0,-4.0,1.0,1.0,1.0,7.8,1.0,16.987255096435547,-34.50566864013672,0.019999999552965164
11.520086765289307,2.822643589713056,0.7860666291368439,0.16751879124639693,0.5709414713577319,0.16751879124639693,-0.004615672198719882,-0.9933975548730475,0.04996028649431518,-0.10316958522651203,1.0000000000000002,1.0000000000000002,1.0000000000000002,-3.14042947373581,-0.20691126097808016,-0.10062077137039677,-0.007730751386390636,-0.06658016947103548,4.283585320328035,4.0,2.4107710926277885,-4.0,1.0,0.0,1.0,7.8,1.0,17.098575592041016,-34.52382278442383,0.019999999552965164
11.5400972366333,3.0391667639281263,0.7860666291368439,0.16751879124639693,0.5709414713577319,0.16751879124639693,0.09317839696208437,-0.9673953136019205,0.22295919034886827,0.07585046472893298,1.0000000000000002,1.0000000000000002,1.0000000000000002,-2.9919090030173785,0.18943570831830614,-0.438789874503836,0.05692813873453223,0.05650347313548501,5.931021623262973,-4.0,-1.2800519650732118,-4.0,1.0,0.0,1.0,7.8,1.0,17.176498413085938,-34.55105972290039,0.019999999552965164
11.560093641281128,3.016413712806812,0.7860666291368439,0.16751879124639693,0.5709414713577319,0.16751879124639693,0.05530263941570367,-0.9932638925397151,0.09493223923124722,0.036828355991698335,1.0000000000000002,1.0000000000000002,1.0000000000000002,-3.0381787017694184,0.08375845919154547,-0.18623593512156641,-0.0953232545412655,-0.07211534417456716,5.127326159422895,4.0,2.8786876442045584,-4.0,1.0,0.0,1.0,7.8,1.0,17.27668571472168,-34.5692138671875,0.019999999552965164
11.58009934425354,3.127288853819101,0.7860666291368439,0.16751879124639693,0.5709414713577319,0.16751879124639693,0.08568210435204227,-0.9724007074339228,0.20265073531856626,-0.07764097275702395,1.0000000000000002,1.0000000000000002,1.0000000000000002,-2.9407904933587266,-0.11653276198502864,-0.4226760051689936,0.09576641975667374,0.005446838429776335,4.62769328111569,-4.0,-0.8120184643757957,-4.0,1.0,0.0,1.0,7.8,1.0,17.37687110900879,-34.5964469909668,0.019999999552965164
11.600084781646729,3.114686212739574,0.7860666291368439,0.16751879124639693,0.5709414713577319,0.16751879124639693,-0.03307960700422708,-0.9419398155756568,0.32990638650032045,0.05307447201852182,1.0000000000000002,1.0000000000000002,1.0000000000000002,3.0438009668597124,0.07823936750771897,-0.6776104251222737,0.030564634232451426,-0.05652119198732979,6.569102694985037,-4.0,2.4567113665749396,-4.0,1.0,0.0,1.0,7.8,1.0,17.454795837402344,-34.62368392944336,0.019999999552965164
11.620121002197266,3.036291255004772,0.7860666291368439,0.16751879124639693,0.5709414713577319,0.16751879124639693,-0.013691057947552593,-0.9221093056120576,0.3863457193438365,-0.01624710991589533,1.0000000000000002,1.0000000000000002,1.0000000000000002,3.1288865642504504,-0.04055330029213299,-0.7932642407921945,-0.0035928804304015544,0.04830342109668295,7.9897203745279715,-4.0,3.002012915538271,-4.0,1.0,0.0,1.0,7.8,1.0,17.532718658447266,-34.63276290893555,0.019999999552965164
11.640084981918335,2.9202822403070074,0.7860666291368439,0.16751879124639693,0.5709414713577319,0.16751879124639693,0.05494687256600971,-0.92011216744805,0.3877814009780068,-0.00015988996450352913,1.0000000000000002,1.0000000000000002,1.0000000000000002,-3.0400890860861605,0.04233316009377243,-0.7955694401832498,0.009102008544898024,-0.04190358995140771,9.400759745066004,-4.0,2.5544398980253833,-4.0,1.0,0.0,1.0,7.8,1.0,17.62177276611328,-34.650917053222656,0.019999999552965164
11.66019082069397,2.6727982181322516,0.7860666291368439,0.16751879124639693,0.5709414713577319,0.16751879124639693,0.06619750717974475,-0.8379706768814267,0.5327086283665232,0.09820667998628485,1.0000000000000002,1.0000000000000002,1.0000000000000002,-3.1350985118481165,0.23733853203829575,-1.1317572846354875,0.08647455052878181,0.09501714876829498,9.533883676663894,-4.0,4.0,-4.0,1.0,1.0,1.0,7.8,1.0,17.71082878112793,-34.67815017700195,0.019999999552965164
11.68008041381836,2.5787117347338433,0.7860666291368439,0.16751879124639693,0.5709414713577319,0.16751879124639693,0.08292616229598755,-0.8026108090619243,0.5860495679805725,0.07406108731045677,1.0000000000000002,1.0000000000000002,1.0000000000000002,-3.094146434751798,0.21780001974593838,-1.2562006772189327,0.014360433820227808,-0.028665852015163806,10.037822634733097,-4.0,4.0,-4.0,1.0,1.0,1.0,7.8,1.0,17.78875160217285,-34.67815399169922,0.019999999552965164
11.700103521347046,2.4736379302970333,0.7860666291368439,0.16751879124639693,0.5709414713577319,0.16751879124639693,0.08404604806431804,-0.7313389312486103,0.6766991253911995,-0.012566747379359847,1.0000000000000002,1.0000000000000002,1.0000000000000002,-3.0005445916580373,0.09551182291666642,-1.4864718099507013,-0.01334748333133981,-0.09757521518575998,10.449427672402901,-4.0,4.0,-4.0,1.0,1.0,1.0,7.8,1.0,17.85554313659668,-34.687232971191406,0.019999999552965164
11.720073699951172,2.650631032490134,0.7860666291368439,0.16751879124639693,0.5709414713577319,0.16751879124639693,0.059356799689461864,0.6986749600745108,-0.7129697821351126,0.002039670982193545,1.0000000000000002,1.0000000000000002,1.0000000000000002,3.061164123508201,-0.08760134223317945,-1.5875213774776227,-0.0007727230021737225,-0.06737602419704698,11.009389375552615,-4.0,4.0,-4.0,1.0,1.0,1.0,7.8,1.0,17.9334659576416,-34.69630813598633,0.019999999552965164
11.740101099014282,2.5733496418316517,0.7860666291368439,0.16751879124639693,0.5709414713577319,0.16751879124639693,-0.0057858997539596575,0.703677399379061,-0.7077563980626518,0.06233395518126179,1.0000000000000002,1.0000000000000002,1.0000000000000002,-3.044757768771052,-0.0796200724806602,-1.5804362970238117,0.019409771494572875,-0.03720637954518824,10.386720912664979,-4.0,4.0,-4.0,1.0,1.0,1.0,7.8,1.0,17.9334659576416,-34.69630813598633,0.019999999552965164
11.760106563568115,2.4121002007090246,0.7860666291368439,0.16751879124639693,0.5709414713577319,0.16751879124639693,0.06644231743240074,0.5091506827158575,-0.8576794042509723,-0.02714848555418249,1.0000000000000002,1.0000000000000002,1.0000000000000002,3.0266842229149438,-0.08643465920055668,-2.0651619016908938,0.035424668188325736,-0.03815990752019771,7.940440021041815,-4.0,4.0,-4.0,1.0,1.0,1.0,7.8,1.0,18.00025749206543,-34.7144660949707,0.019999999552965164
11.78129506111145,2.4121002007090246,0.7860666291368439,0.16751879124639693,0.5709414713577319,0.16751879124639693,0.06644231743240074,0.5091506827158575,-0.8576794042509723,-0.02714848555418249,1.0000000000000002,1.0000000000000002,1.0000000000000002,3.0266842229149438,-0.08643465920055668,-2.0651619016908938,0.035424668188325736,-0.03815990752019771,7.940440021041815,-4.0,4.0,-4.0,1.0,1.0,1.0,7.8,1.0,18.00025749206543,-34.7144660949707,0.019999999552965164
11.800123691558838,2.4121002007090246,0.7860666291368439,0.16751879124639693,0.5709414713577319,0.16751879124639693,0.06644231743240074,0.5091506827158575,-0.8576794042509723,-0.02714848555418249,1.0000000000000002,1.0000000000000002,1.0000000000000002,3.0266842229149438,-0.08643465920055668,-2.0651619016908938,0.035424668188325736,-0.03815990752019771,7.940440021041815,-4.0,4.0,-4.0,1.0,1.0,1.0,7.8,1.0,18.00025749206543,-34.7144660949707,0.019999999552965164
11.820101022720337,2.0724145112401673,0.7860666291368439,0.16751879124639693,0.5709414713577319,0.16751879124639693,-0.08025267851769896,0.4260466850370851,-0.900904678794209,-0.02035901486685086,1.0000000000000002,1.0000000000000002,1.0000000000000002,-3.1094633588577274,0.16266419969577822,-2.2554903689881662,-0.09325360859862789,-0.0557331239067284,5.860159999149792,-4.0,4.0,-4.0,1.0,1.0,1.0,7.8,1.0,18.07818031311035,-34.73262023925781,0.019999999552965164
11.84086275100708,2.5144517034257317,0.7860666291368439,0.16751879124639693,0.5709414713577319,0.16751879124639693,0.10366372496133072,0.5089180553447061,-0.8519287497179718,0.06688535321935252,1.0000000000000002,1.0000000000000002,1.0000000000000002,-3.1328771425143334,-0.2472170222713864,-2.0657062422764496,-0.008281581684392164,0.016462710967756228,4.408098959746816,-4.0,4.0,-4.0,1.0,1.0,1.0,7.8,1.0,18.14497184753418,-34.759857177734375,0.019999999552965164
11.860087633132935,2.3026739966395615,0.7860666291368439,0.16751879124639693,0.5709414713577319,0.16751879124639693,0.02543909564718515,0.43749024809882614,-0.896364318094172,0.06697868674922376,1.0000000000000002,1.0000000000000002,1.0000000000000002,-3.0430820065768183,-0.1043999852699998,-2.2386243670217407,-0.086581417203322,0.07044284377033644,2.980843262269585,-4.0,4.0,-4.0,1.0,1.0,1.0,7.8,1.0,18.2228946685791,-34.76893615722656,0.019999999552965164
11.880104780197144,2.326490381939312,0.7860666291368439,0.16751879124639693,0.5709414713577319,0.16751879124639693,0.04180758713824738,0.47552494966905035,-0.877435072521257,-0.04728468472498757,1.0000000000000002,1.0000000000000002,1.0000000000000002,3.0184928890182983,-0.02840060966647089,-2.14656043632617,0.09883414354140208,-0.015827929889660947,2.726495102692742,-4.0,4.0,-1.6528554833467375,1.0,1.0,0.0,7.8,1.0,18.28968620300293,-34.80524826049805,0.019999999552965164
11.900105714797974,2.3785159366265396,0.7860666291368439,0.16751879124639693,0.5709414713577319,0.16751879124639693,0.10085946396951107,0.38169071215920286,-0.9174528369060428,0.049192080991124036,1.0000000000000002,1.0000000000000002,1.0000000000000002,-3.127982104188765,-0.2245010117261034,-2.354624674640914,0.08543035028161511,0.013885953401470946,3.8039666009362887,-4.0,4.0,-4.0,1.0,1.0,1.0,7.8,1.0,18.356477737426758,-34.81432342529297,0.019999999552965164
11.920141458511353,2.3785159366265396,0.7860666291368439,0.16751879124639693,0.5709414713577319,0.16751879124639693,0.10085946396951107,0.38169071215920286,-0.9174528369060428,0.049192080991124036,1.0000000000000002,1.0000000000000002,1.0000000000000002,-3.127982104188765,-0.2245010117261034,-2.354624674640914,0.08543035028161511,0.013885953401470946,3.8039666009362887,-4.0,4.0,-4.0,1.0,1.0,1.0,7.8,1.0,18.356477737426758,-34.81432342529297,0.019999999552965164
11.940117597579956,2.3785159366265396,0.7860666291368439,0.16751879124639693,0.5709414713577319,0.16751879124639693,0.10085946396951107,0.38169071215920286,-0.9174528369060428,0.049192080991124036,1.0000000000000002,1.0000000000000002,1.0000000000000002,-3.127982104188765,-0.2245010117261034,-2.354624674640914,0.08543035028161511,0.013885953401470946,3.8039666009362887,-4.0,4.0,-4.0,1.0,1.0,1.0,7.8,1.0,18.356477737426758,-34.81432342529297,0.019999999552965164
11.960100889205933,2.2245275664930513,0.7860666291368439,0.16751879124639693,0.5709414713577319,0.16751879124639693,0.021294570668957808,0.36744428088835196,-0.9282338196483111,0.05397423240374495,1.0000000000000002,1.0000000000000002,1.0000000000000002,-3.0566719211590803,-0.07928075364229192,-2.3911099260923083,0.021298191079098985,-0.09556706286729351,4.418238874471305,-4.0,4.0,-4.0,1.0,1.0,1.0,7.8,1.0,18.423269271850586,-34.84156036376953,0.019999999552965164
11.980163812637329,2.1040017595895275,0.7860666291368439,0.16751879124639693,0.5709414713577319,0.16751879124639693,-0.007670139624855397,0.30774070271771853,-0.9513771026345971,0.010882896284512722,1.0000000000000002,1.0000000000000002,1.0000000000000002,-3.116160814472359,0.007896252181811161,-2.515799726599026,0.05485709398832517,-0.09075602460624194,5.453664373684137,-4.0,4.0,-4.0,1.0,1.0,1.0,7.8,1.0,18.501192092895508,-34.85971450805664,0.019999999552965164
12.000088930130005,2.0085096543908643,0.7860666291368439,0.16751879124639693,0.5709414713577319,0.16751879124639693,-0.009548269819221775,0.22400442570139364,-0.9720004941014198,-0.07032700246878358,1.0000000000000002,1.0000000000000002,1.0000000000000002,3.008596558321251,0.05008990885694309,-2.6919241690728306,-0.041436638171135014,-0.07059851248721977,5.6896440930203545,-4.0,4.0,-4.0,1.0,1.0,1.0,7.8,1.0,18.501192092895508,-34.85971450805664,0.019999999552965164
12.020099401473999,2.205585389879146,0.7860666291368439,0.16751879124639693,0.5709414713577319,0.16751879124639693,0.027026605815236075,0.3093702530750423,-0.9458404435717089,0.09458046518422845,1.0000000000000002,1.0000000000000002,1.0000000000000002,-2.977682228720737,-0.10986737713330058,-2.5183929324842578,-0.08077786550135864,0.013566510663590825,4.691481967580891,-4.0,4.0,-4.0,1.0,1.0,1.0,7.8,1.0,18.567983627319336,-34.896026611328125,0.019999999552965164
12.040131568908691,2.0966129141528116,0.7860666291368439,0.16751879124639693,0.5709414713577319,0.16751879124639693,0.012330827360990611,0.2791822474174507,-0.9589761755610055,-0.047643657814259555,1.0000000000000002,1.0000000000000002,1.0000000000000002,3.043170037001748,0.002952591889269538,-2.575147806147222,-0.0936315567352537,0.0009370797863593738,3.829417871068334,-4.0,4.0,-4.0,1.0,1.0,1.0,7.8,1.0,18.634775161743164,-34.9141845703125,0.019999999552965164
12.06010389328003,2.1040643026733754,0.7860666291368439,0.16751879124639693,0.5709414713577319,0.16751879124639693,0.07182614592593557,0.13450771476651427,-0.9856953572183912,-0.07178678282124358,1.0000000000000002,1.0000000000000002,1.0000000000000002,2.9788163869141813,-0.1225924863158342,-2.860336442669402,0.05728874666417688,-0.09004984127278537,4.16749558056581,-4.0,4.0,-4.0,1.0,1.0,1.0,7.8,1.0,18.701566696166992,-34.9414176940918,0.019999999552965164
12.080104112625122,2.0438969801410987,0.7860666291368439,0.16751879124639693,0.5709414713577319,0.16751879124639693,0.029114043173952504,0.13576276615473853,-0.9902442830556644,-0.011709128560764701,1.0000000000000002,1.0000000000000002,1.0000000000000002,3.1104463664901965,-0.054507689436785196,-2.8682418466366215,-0.08214957098106357,-0.08470274075651057,4.6368851043527375,-4.0,4.0,-4.0,1.0,1.0,1.0,7.8,1.0,18.701566696166992,-34.9414176940918,0.019999999552965164
12.100091218948364,2.0438969801410987,0.7860666291368439,0.16751879124639693,0.5709414713577319,0.16751879124639693,0.029114043173952504,0.13576276615473853,-0.9902442830556644,-0.011709128560764701,1.0000000000000002,1.0000000000000002,1.0000000000000002,3.1104463664901965,-0.054507689436785196,-2.8682418466366215,-0.08214957098106357,-0.08470274075651057,4.6368851043527375,-4.0,4.0,-4.0,1.0,1.0,1.0,7.8,1.0,18.701566696166992,-34.9414176940918,0.019999999552965164
12.120119094848633,2.0258592312859087,0.7860666291368439,0.16751879124639693,0.5709414713577319,0.16751879124639693,-0.01949061695161955,0.18096998442150103,-0.9793344679215363,0.08817017937016947,1.0000000000000002,1.0000000000000002,1.0000000000000002,-2.9608561282932593,0.006263394941637471,-2.775570110514112,-0.07267596521211193,-0.054147067297407994,5.004081775495228,-4.0,4.0,-4.0,1.0,1.0,1.0,7.8,1.0,18.76835823059082,-34.959571838378906,0.019999999552965164
12.140111207962036,1.7697904918670622,0.7860666291368439,0.16751879124639693,0.5709414713577319,0.16751879124639693,-0.10346441687440318,0.09510390983620816,-0.9899372359877723,-0.016571951592847935,1.0000000000000002,1.0000000000000002,1.0000000000000002,3.128168007432094,0.20952843599245746,-2.9514508480913966,-0.05918810330597873,-0.07868836436569948,5.7344108993477905,-4.0,4.0,-4.0,1.0,1.0,1.0,7.8,1.0,18.857412338256836,-34.98680877685547,0.019999999552965164
12.160106897354126,2.0756946938595155,0.7860666291368439,0.16751879124639693,0.5709414713577319,0.16751879124639693,0.08227948071547524,-0.08787588873365047,-0.9915530559962598,0.048274759211633295,1.0000000000000002,1.0000000000000002,1.0000000000000002,-3.029822878203494,-0.1553081688775487,2.956099666877776,-0.006462150652390267,-0.013495468403273092,6.866555837026347,-2.1902747705462766,4.0,-4.0,0.0,1.0,1.0,7.8,1.0,18.924203872680664,-35.014041900634766,0.019999999552965164
12.180100917816162,2.0396944214983983,0.7860666291368439,0.16751879124639693,0.5709414713577319,0.16751879124639693,0.08642722482322412,-0.11866826748347878,-0.988190325467251,-0.043909654459513094,1.0000000000000002,1.0000000000000002,1.0000000000000002,3.074155783790986,-0.1822415535162515,2.908728639410659,-0.0959152020253929,0.06841347011032964,7.197470621538404,-0.27056432950480575,4.0,-4.0,0.0,1.0,1.0,7.8,1.0,18.924203872680664,-35.014041900634766,0.019999999552965164
12.200080394744873,1.8026337827947498,0.7860666291368439,0.16751879124639693,0.5709414713577319,0.16751879124639693,-0.05581729827109989,-0.019109431854229874,-0.9980147169425119,-0.022042767387095773,1.0000000000000002,1.0000000000000002,1.0000000000000002,3.0951600752834207,0.11079707229250856,3.100727049744021,0.08812887151404819,-0.09395772014675106,8.070650780618891,-3.3311204588197807,4.0,-4.0,0.0,1.0,1.0,7.8,1.0,18.979862213134766,-35.02312088012695,0.019999999552965164
12.220081567764282,1.855130360543805,0.7860666291368439,0.16751879124639693,0.5709414713577319,0.16751879124639693,-0.01625320237857939,-0.11140664623920275,-0.993622403767028,-0.006237893747679097,1.0000000000000002,1.0000000000000002,1.0000000000000002,3.1255666591527698,0.03091413017369716,2.9180341380121733,-0.041268402046841235,0.006783471349597531,8.642869644393903,-1.3956988266840455,4.0,-4.0,0.0,1.0,1.0,7.8,1.0,19.068918228149414,-35.04127502441406,0.019999999552965164
12.240090370178223,1.8700458662256323,0.7860666291368439,0.16751879124639693,0.5709414713577319,0.16751879124639693,-0.021714548095771457,-0.19934046284878207,-0.9761308439749743,0.08342921378590375,1.0000000000000002,1.0000000000000002,1.0000000000000002,-2.9863076058933804,0.07572647130733619,2.744596803247551,-0.09456236232430144,0.0811737803490534,9.886698025066616,-0.7836738771328065,4.0,-4.0,0.0,1.0,1.0,7.8,1.0,19.146841049194336,-35.06850814819336,0.019999999552965164
12.260092496871948,1.8047104323986776,0.7860666291368439,0.16751879124639693,0.5709414713577319,0.16751879124639693,-0.03900559425408446,-0.3237515597823588,-0.9449330210552654,0.027660023043098267,1.0000000000000002,1.0000000000000002,1.0000000000000002,-3.1144577017922925,0.09175398805088654,2.48267082908791,0.0655530832791194,0.08340471639770977,10.600309664236852,1.2151843773759843,4.0,-4.0,0.0,1.0,1.0,7.8,1.0,19.213632583618164,-35.086669921875,0.019999999552965164
12.280100584030151,1.7838148344813407,0.7860666291368439,0.16751879124639693,0.5709414713577319,0.16751879124639693,-0.04380008322200336,-0.3632537300246662,-0.930627102357831,-0.007840707237210927,1.0000000000000002,1.0000000000000002,1.0000000000000002,3.095027177335727,0.07589960889660799,2.395535555290237,0.017852906085231574,0.0827901176646956,11.006646565482558,2.4642554901072855,4.0,-4.0,0.0,1.0,1.0,7.8,1.0,19.213632583618164,-35.086669921875,0.019999999552965164
12.300103425979614,2.0499567263503664,0.7860666291368439,0.16751879124639693,0.5709414713577319,0.16751879124639693,0.0742283503896575,-0.4560085323240256,-0.8863737631692601,0.029798026969625076,1.0000000000000002,1.0000000000000002,1.0000000000000002,-3.020109788824417,-0.10460246549420323,2.1849198235595173,0.04859262339048648,-0.00016434202629878047,12.185431851924914,3.9134403591349756,4.0,-4.0,0.0,1.0,1.0,7.8,1.0,19.280424118041992,-35.10482406616211,0.019999999552965164
12.321228504180908,2.0323092894869674,0.7860666291368439,0.16751879124639693,0.5709414713577319,0.16751879124639693,0.011029024503615027,-0.6541247670064333,-0.7555545474930557,0.03371165332406145,1.0000000000000002,1.0000000000000002,1.0000000000000002,-3.0761506310850155,0.02744063913453876,1.7153517773778721,-0.021341291307894777,-0.010065234967652464,12.008084184996207,4.0,4.0,-4.0,1.0,1.0,1.0,7.8,1.0,19.358346939086914,-35.132057189941406,0.019999999552965164
12.340096235275269,2.0894565778599197,0.7860666291368439,0.16751879124639693,0.5709414713577319,0.16751879124639693,0.056729647757440715,-0.6431488511707588,-0.7634083953093007,-0.018679514831179307,1.0000000000000002,1.0000000000000002,1.0000000000000002,-3.096852103377059,-0.11087019594549036,1.738896753875534,-0.09618083541119356,0.029735916463850903,11.551868033339696,4.0,4.0,-4.0,1.0,1.0,1.0,7.8,1.0,19.425138473510742,-35.15021514892578,0.019999999552965164
12.360098123550415,2.205804046743354,0.7860666291368439,0.16751879124639693,0.5709414713577319,0.16751879124639693,0.0721747076631677,-0.7334558176779312,-0.6758677921613236,0.0060085445085646715,1.0000000000000002,1.0000000000000002,1.0000000000000002,-3.02689385644109,-0.08886402775201875,1.4840121782606268,0.05159522536408301,0.026696451823398276,12.132773649686225,4.0,4.0,-4.0,1.0,1.0,1.0,7.8,1.0,19.503061294555664,-35.16836929321289,0.019999999552965164
12.380065441131592,2.3398073522564062,0.7860666291368439,0.16751879124639693,0.5709414713577319,0.16751879124639693,0.06590201592558576,-0.8334880190815495,-0.5458274306870744,0.0550187445695155,1.0000000000000002,1.0000000000000002,1.0000000000000002,-2.970811909716487,0.019773961397105425,1.1612768887187241,-0.024783493051451028,-0.08785211015257047,11.186385750361975,4.0,4.0,-4.0,1.0,1.0,1.0,7.8,1.0,19.569852828979492,-35.19560623168945,0.019999999552965164
12.40011978149414,2.335710012565972,0.7860666291368439,0.16751879124639693,0.5709414713577319,0.16751879124639693,0.0061241257015473395,-0.8969671782394029,-0.44100271585421424,0.0304791872405106,1.0000000000000002,1.0000000000000002,1.0000000000000002,-3.1036684157031678,0.04929611239140364,0.9148415136312575,-0.08702885309085058,-0.0514068176726441,8.690683803354073,4.0,4.0,-4.0,1.0,1.0,1.0,7.8,1.0,19.647775650024414,-35.23191833496094,0.019999999552965164
12.420118570327759,2.369253225400118,0.7860666291368439,0.16751879124639693,0.5709414713577319,0.16751879124639693,0.021388578525344558,-0.9116295850444985,-0.4076844963785014,-0.047617011591113916,1.0000000000000002,1.0000000000000002,1.0000000000000002,-3.14142022676429,-0.10444754126995814,0.8410438468153674,-0.09557835329400387,0.06227932708589651,7.191583362319757,4.0,4.0,-4.0,1.0,1.0,1.0,7.8,1.0,19.647775650024414,-35.23191833496094,0.019999999552965164
12.440094232559204,2.300522463863562,0.7860666291368439,0.16751879124639693,0.5709414713577319,0.16751879124639693,-0.014236105142979284,-0.9069916339311722,-0.4196006797035324,-0.03314783373848199,1.0000000000000002,1.0000000000000002,1.0000000000000002,3.0878626662310276,-0.04820131970505996,0.8679084393753765,0.07742729625233521,-0.00984841465202664,5.841479914296873,4.0,4.0,-4.0,1.0,1.0,1.0,7.8,1.0,19.736831665039062,-35.240997314453125,0.019999999552965164
12.460094690322876,2.280716282746249,0.7860666291368439,0.16751879124639693,0.5709414713577319,0.16751879124639693,-0.046612856779148504,-0.9226901800161084,-0.3775388170940867,-0.06272571141028202,1.0000000000000002,1.0000000000000002,1.0000000000000002,3.007373903535267,-0.08064385215362756,0.7821990729252725,-0.08783082612711351,-0.017355543964151815,4.926791733062745,4.0,4.0,-4.0,1.0,1.0,1.0,7.8,1.0,19.792490005493164,-35.28638458251953,0.019999999552965164
12.48009729385376,2.2492693209769072,0.7860666291368439,0.16751879124639693,0.5709414713577319,0.16751879124639693,-0.059484005873574955,-0.9099830717932997,-0.4102010016490237,0.011296032090970465,1.0000000000000002,1.0000000000000002,1.0000000000000002,3.0421985174584383,0.06941492529783141,0.8435486936034929,-0.08050280928063976,-0.05626710435630958,4.095921104447552,4.0,4.0,-4.0,1.0,1.0,1.0,7.8,1.0,19.881546020507812,-35.304542541503906,0.019999999552965164
12.50010895729065,2.3002516034480367,0.7860666291368439,0.16751879124639693,0.5709414713577319,0.16751879124639693,-0.05296506269204407,-0.9336302962670447,-0.3458937439830792,-0.07672476718573826,1.0000000000000002,1.0000000000000002,1.0000000000000002,2.9881430126681203,-0.10682763940173766,0.7178288383713303,0.09264543088598656,0.08995652370436777,4.430030019063174,4.0,4.0,-4.0,1.0,1.0,1.0,7.8,1.0,19.94833755493164,-35.3317756652832,0.019999999552965164
12.520086765289307,2.5001694009442157,0.7860666291368439,0.16751879124639693,0.5709414713577319,0.16751879124639693,0.07191473780190633,-0.9279209295336059,-0.36015315223145894,-0.06388056009550298,1.0000000000000002,1.0000000000000002,1.0000000000000002,-3.052729747394772,-0.17118774864696865,0.7328326188781162,0.07070603165603428,0.03164222755178714,4.701548507361961,4.0,4.0,-4.0,1.0,1.0,1.0,7.8,1.0,20.01512908935547,-35.36808776855469,0.019999999552965164
12.54010796546936,2.4893820087740477,0.7860666291368439,0.16751879124639693,0.5709414713577319,0.16751879124639693,0.03629823537186202,-0.9464762585153961,-0.3134722797717669,-0.0678252164779238,1.0000000000000002,1.0000000000000002,1.0000000000000002,-3.115097003465668,-0.1517283950398561,0.6376433496637776,-0.06305003402278012,0.01994728168126743,4.301502996981363,4.0,4.0,-4.0,1.0,1.0,1.0,7.8,1.0,20.081920623779297,-35.41347885131836,0.019999999552965164
12.560088634490967,2.537785367866744,0.7860666291368439,0.16751879124639693,0.5709414713577319,0.16751879124639693,0.01839862343207586,-0.9566883331958707,-0.2837406692875918,0.06245123197296448,1.0000000000000002,1.0000000000000002,1.0000000000000002,-3.0704654496148573,0.10926916591717319,0.5805355925987035,-0.09879426926352895,0.03225000176111287,4.966520861045021,4.0,4.0,-4.0,1.0,1.0,1.0,7.8,1.0,20.148710250854492,-35.449790954589844,0.019999999552965164
12.580069780349731,2.7630938734003787,0.7860666291368439,0.16751879124639693,0.5709414713577319,0.16751879124639693,0.012862818947098347,-0.9918035820654952,-0.08415572769127927,0.09527862293052815,1.0000000000000002,1.0000000000000002,1.0000000000000002,-3.0992840287209553,0.18793473966843674,0.17328484997607976,-0.06906889596842794,0.0422155899463893,5.025918230210094,4.0,4.0,-4.0,1.0,1.0,1.0,7.8,1.0,20.148710250854492,-35.449790954589844,0.019999999552965164
12.60009503364563,2.7630938734003787,0.7860666291368439,0.16751879124639693,0.5709414713577319,0.16751879124639693,0.012862818947098347,-0.9918035820654952,-0.08415572769127927,0.09527862293052815,1.0000000000000002,1.0000000000000002,1.0000000000000002,-3.0992840287209553,0.18793473966843674,0.17328484997607976,-0.06906889596842794,0.0422155899463893,5.025918230210094,4.0,4.0,-4.0,1.0,1.0,1.0,7.8,1.0,20.148710250854492,-35.449790954589844,0.019999999552965164
12.620086669921875,2.557008333109335,0.7860666291368439,0.16751879124639693,0.5709414713577319,0.16751879124639693,0.003134576047226001,-0.9718870249893672,-0.2332394984196045,0.03201751813136741,1.0000000000000002,1.0000000000000002,1.0000000000000002,-3.120523747455518,0.060810077985407815,0.47170473421051506,-0.0037932306639857777,0.06801484711421688,4.9156860857813225,4.0,4.0,-4.0,1.0,1.0,1.0,7.8,1.0,20.226634979248047,-35.47702407836914,0.019999999552965164
12.640105962753296,2.8699030925140026,0.7860666291368439,0.16751879124639693,0.5709414713577319,0.16751879124639693,0.05628659728469697,-0.9974873443967358,-0.009728371727456284,-0.041906747881343395,1.0000000000000002,1.0000000000000002,1.0000000000000002,-3.0294809655965897,-0.08479965077045304,0.014743790514967511,0.0529220288211395,-0.03889062232982568,5.9853821347353975,4.0,4.0,-4.0,1.0,1.0,1.0,7.8,1.0,20.293424606323242,-35.513336181640625,0.019999999552965164
12.660107374191284,2.5464504101334082,0.7860666291368439,0.16751879124639693,0.5709414713577319,0.16751879124639693,-0.0877975708127906,-0.9826424746031892,-0.13243361848971863,0.09574283450375386,1.0000000000000002,1.0000000000000002,1.0000000000000002,2.9904254946792337,0.21302414728178415,0.25173866943792716,-0.06006181589432888,0.07278247734585405,6.873317565382567,4.0,4.0,-4.0,1.0,1.0,1.0,7.8,1.0,20.293424606323242,-35.513336181640625,0.019999999552965164
12.68007755279541,2.8954014899647613,0.7860666291368439,0.16751879124639693,0.5709414713577319,0.16751879124639693,0.06505484403177779,-0.9976947016837702,-0.015337789316069207,0.01174315626353358,1.0000000000000002,1.0000000000000002,1.0000000000000002,-3.0110220672732386,0.02143821670627454,0.03214568212401473,0.08619662457169305,0.001888499820295264,7.402436369768938,4.0,4.0,-4.0,1.0,1.0,1.0,7.8,1.0,20.36021614074707,-35.54964828491211,0.019999999552965164
12.700088739395142,3.0435540286650555,0.7860666291368439,0.16751879124639693,0.5709414713577319,0.16751879124639693,0.07078865568617002,-0.9920468661598846,0.0959865181033303,0.04023145424783779,1.0000000000000002,1.0000000000000002,1.0000000000000002,-3.0078837235505773,0.09354887683792049,-0.18664351793927705,-0.047243809326973835,0.08662791315000926,7.716430563201473,4.0,2.411296286787819,-4.0,1.0,0.0,1.0,7.8,1.0,20.4270076751709,-35.585960388183594,0.019999999552965164
12.720086097717285,2.812909831805721,0.7860666291368439,0.16751879124639693,0.5709414713577319,0.16751879124639693,-0.09119091435906157,-0.9869649192612722,0.13207267186493749,-0.011885900571908912,1.0000000000000002,1.0000000000000002,1.0000000000000002,2.963588981112783,-0.047567525450369456,-0.2618078102304199,0.04728455297574877,0.09754356099748876,7.688207856718356,4.0,-0.240944968230403,-4.0,1.0,0.0,1.0,7.8,1.0,20.493799209594727,-35.62227249145508,0.019999999552965164
12.740091800689697,3.1399781816971712,0.7860666291368439,0.16751879124639693,0.5709414713577319,0.16751879124639693,0.019693639974668678,-0.9673446366783577,0.2525210680691563,0.00946702780058431,1.0000000000000002,1.0000000000000002,1.0000000000000002,-3.108253336890925,0.028265638775241516,-0.5102231638354129,0.082130396826083,0.053887006829745066,8.376829027048846,4.0,-0.6879512207337202,-4.0,1.0,0.0,1.0,7.8,1.0,20.560590744018555,-35.64950942993164,0.019999999552965164
12.760079622268677,3.086539250796167,0.7860666291368439,0.16751879124639693,0.5709414713577319,0.16751879124639693,-0.08572411386439725,-0.9340938853432847,0.34647144494083887,-0.008804970588114804,1.0000000000000002,1.0000000000000002,1.0000000000000002,2.9864789184026446,-0.0759241764530716,-0.7044696898052939,0.08044497081071794,0.09495891264952255,9.693335915966424,4.0,-3.7056318898764316,-4.0,1.0,0.0,1.0,7.8,1.0,20.627382278442383,-35.6767463684082,0.019999999552965164
12.780036449432373,3.1006344793702025,0.7860666291368439,0.16751879124639693,0.5709414713577319,0.16751879124639693,-0.031724429621992796,-0.9304031427018201,0.363310041539304,-0.036733722006420694,1.0000000000000002,1.0000000000000002,1.0000000000000002,3.1091094232976104,-0.09153371293949031,-0.7430690545391039,-0.011031253757943144,0.004328218975762882,10.20185761875985,-4.0,3.0625325457363823,-4.0,1.0,0.0,1.0,7.8,1.0,20.69417381286621,-35.72213363647461,0.019999999552965164
12.800104141235352,2.971438316142012,0.7860666291368439,0.16751879124639693,0.5709414713577319,0.16751879124639693,-0.008513015553305494,-0.9029542300824406,0.4294410087973143,-0.013476160638740485,1.0000000000000002,1.0000000000000002,1.0000000000000002,3.1377914455090403,-0.031653674144110695,-0.8878081041867333,0.04820613649618488,-0.0766462264000837,11.053510518725425,-4.0,4.0,-4.0,1.0,1.0,1.0,7.8,1.0,20.76096534729004,-35.758445739746094,0.019999999552965164
12.820086002349854,2.7460402750244435,0.7860666291368439,0.16751879124639693,0.5709414713577319,0.16751879124639693,0.002081374521808241,-0.8017521975166609,0.5945034501483388,-0.0612758469466318,1.0000000000000002,1.0000000000000002,1.0000000000000002,-3.0649708727772196,-0.0959283797600561,-1.2797642259949473,-0.04486169221197731,0.029084623703394624,10.815773716719072,-4.0,4.0,-4.0,1.0,1.0,1.0,7.8,1.0,20.83888816833496,-35.77660369873047,0.019999999552965164
12.840088367462158,2.5372164785968656,0.7860666291368439,0.16751879124639693,0.5709414713577319,0.16751879124639693,0.07850383325367565,-0.7755355284609431,0.6237147507954655,0.057980185403596354,1.0000000000000002,1.0000000000000002,1.0000000000000002,-3.0912363769397784,0.18898227292391961,-1.3498654564720207,0.07824279311674606,-0.04960055904124072,10.030173937090595,-4.0,4.0,-4.0,1.0,1.0,1.0,7.8,1.0,20.83888816833496,-35.77660369873047,0.019999999552965164
12.860090255737305,2.490176406885868,0.7860666291368439,0.16751879124639693,0.5709414713577319,0.16751879124639693,-0.022353487608131387,0.6638767131536399,-0.7444076129790661,0.06800983063411938,1.0000000000000002,1.0000000000000002,1.0000000000000002,-3.0100664022919807,-0.0570510163568582,-1.6887975853035928,0.06704362430543051,0.004372629808547204,8.834149965012854,-4.0,4.0,-4.0,1.0,1.0,1.0,7.8,1.0,20.90567970275879,-35.81291580200195,0.019999999552965164
12.880095958709717,2.469134848332989,0.7860666291368439,0.16751879124639693,0.5709414713577319,0.16751879124639693,0.05031507824747849,0.5927876798430227,-0.8008152701071128,-0.06903667641586,1.0000000000000002,1.0000000000000002,1.0000000000000002,2.9705359738359953,0.0012620168538318589,-1.8672626849818699,0.055957559113949035,0.03130755594413148,11.489611561643981,-4.0,4.0,-4.0,1.0,1.0,1.0,7.8,1.0,20.972471237182617,-35.84922790527344,0.019999999552965164
12.900091886520386,2.3014816944672183,0.7860666291368439,0.16751879124639693,0.5709414713577319,0.16751879124639693,-0.07486722544338952,0.5874139461944433,-0.8030670897528722,0.06650566687533184,1.0000000000000002,1.0000000000000002,1.0000000000000002,-2.9453901743845323,0.04212655611594951,-1.8743829495675919,-0.016201405022285217,0.05619714373781787,11.771061270468602,-4.0,4.0,-4.0,1.0,1.0,1.0,7.8,1.0,21.039260864257812,-35.86738204956055,0.019999999552965164
12.920099973678589,2.3386073284264195,0.7860666291368439,0.16751879124639693,0.5709414713577319,0.16751879124639693,0.0019078901875385524,0.5264373483123407,-0.8497529448222999,0.027928677425417454,1.0000000000000002,1.0000000000000002,1.0000000000000002,-3.096096532484493,-0.032653670968561026,-2.0330405056563174,-0.06109385446239986,-0.04548512747947247,9.47994166290423,-4.0,4.0,-4.0,1.0,1.0,1.0,7.8,1.0,21.10605239868164,-35.89461898803711,0.019999999552965164
12.940098762512207,2.206956756047835,0.7860666291368439,0.16751879124639693,0.5709414713577319,0.16751879124639693,0.03535113925012731,0.34422292535249327,-0.9382207368605935,-0.0016503151987584891,1.0000000000000002,1.0000000000000002,1.0000000000000002,3.114096629087146,-0.06524447055219701,-2.4374136606175396,-0.03664055990088126,-0.006226528893348474,8.673776219087001,-4.0,4.0,-4.0,1.0,1.0,1.0,7.8,1.0,21.17284393310547,-35.91277313232422,0.019999999552965164
12.960094690322876,2.0823962226682475,0.7860666291368439,0.16751879124639693,0.5709414713577319,0.16751879124639693,-0.028823161273460723,0.34415814892670277,-0.9380671396039609,-0.027466989219648772,1.0000000000000002,1.0000000000000002,1.0000000000000002,3.109810253403702,0.07304704149351134,-2.43948826466026,0.056814007514342096,0.037921354419874126,8.843133406631043,-4.0,4.0,-4.0,1.0,1.0,1.0,7.8,1.0,21.17284393310547,-35.91277313232422,0.019999999552965164
12.980124950408936,1.9815345444260115,0.7860666291368439,0.16751879124639693,0.5709414713577319,0.16751879124639693,-0.07096984639616415,0.3177302727466713,-0.9448331224287987,-0.03607111648227245,1.0000000000000002,1.0000000000000002,1.0000000000000002,3.118236964040203,0.1576837281308492,-2.494634151463497,0.017221268585347005,-0.06401522451673314,8.45697731329134,-4.0,4.0,-4.0,1.0,1.0,1.0,7.8,1.0,21.25076675415039,-35.940006256103516,0.019999999552965164
13.000152349472046,2.1063692354180543,0.7860666291368439,0.16751879124639693,0.5709414713577319,0.16751879124639693,0.029383696496131904,0.22946916750881297,-0.9728574794491224,-0.005368819510460894,1.0000000000000002,1.0000000000000002,1.0000000000000002,3.117622967085779,-0.05473566792196894,-2.6776614407964994,0.055933216055013446,-0.08224413280161397,7.8166146997687145,-4.0,4.0,-4.0,1.0,1.0,1.0,7.8,1.0,21.31755828857422,-35.95816421508789,0.019999999552965164
13.020089626312256,2.195772011799541,0.7860666291368439,0.16751879124639693,0.5709414713577319,0.16751879124639693,0.06574387712993371,0.19284471190333313,-0.9739821905971602,0.09923382543468592,1.0000000000000002,1.0000000000000002,1.0000000000000002,-2.9704381825047754,-0.16711695827837242,-2.765026229816729,-0.06329717233927443,0.06937063896617043,5.92405740616276,-4.0,4.0,-4.0,1.0,1.0,1.0,7.8,1.0,21.395483016967773,-35.98539733886719,0.019999999552965164
13.040080547332764,1.879582430133566,0.7860666291368439,0.16751879124639693,0.5709414713577319,0.16751879124639693,-0.050729621183225604,0.06092854080294559,-0.9956568327763469,0.04880255931817294,1.0000000000000002,1.0000000000000002,1.0000000000000002,-3.0375718785550547,0.09521545553797346,-3.0143960458101176,-0.023093245737689075,0.028412459331042944,5.176510134240203,-4.0,4.0,-4.0,1.0,1.0,1.0,7.8,1.0,21.46227264404297,-36.02170944213867,0.019999999552965164
13.060110569000244,1.8200668788449645,0.7860666291368439,0.16751879124639693,0.5709414713577319,0.16751879124639693,-0.0631650553531255,0.008150269641301786,-0.9976589890295147,0.024905631805223934,1.0000000000000002,1.0000000000000002,1.0000000000000002,-3.0904409917882085,0.12596121941310282,-3.1220276986181377,0.038628993768163256,-0.04279665116766412,5.436825356901078,-4.0,4.0,-4.0,1.0,1.0,1.0,7.8,1.0,21.529064178466797,-36.03986740112305,0.019999999552965164
13.080107927322388,1.8339141536828765,0.7860666291368439,0.16751879124639693,0.5709414713577319,0.16751879124639693,-0.05869978509513931,0.04192228953539478,-0.9973930436441797,0.0019933288977654895,1.0000000000000002,1.0000000000000002,1.0000000000000002,-3.132633154089939,0.11719446940443942,-3.0570527690264333,0.0652593741036187,-0.08691763668462267,6.098271998891236,-4.0,4.0,-4.0,1.0,1.0,1.0,7.8,1.0,21.529064178466797,-36.03986740112305,0.019999999552965164
13.100105285644531,1.8339141536828765,0.7860666291368439,0.16751879124639693,0.5709414713577319,0.16751879124639693,-0.05869978509513931,0.04192228953539478,-0.9973930436441797,0.0019933288977654895,1.0000000000000002,1.0000000000000002,1.0000000000000002,-3.132633154089939,0.11719446940443942,-3.0570527690264333,0.0652593741036187,-0.08691763668462267,6.098271998891236,-4.0,4.0,-4.0,1.0,1.0,1.0,7.8,1.0,21.529064178466797,-36.03986740112305,0.019999999552965164
13.120110273361206,1.9550340949297795,0.7860666291368439,0.16751879124639693,0.5709414713577319,0.16751879124639693,0.01711541533231289,0.0024724086357969617,-0.9997687365294051,-0.012783708849037763,1.0000000000000002,1.0000000000000002,1.0000000000000002,3.115928722832199,-0.03416634811870729,-3.136208214470266,-0.025995237818720665,-0.07001686797485324,6.444794368530792,-3.0811715479992285,4.0,-4.0,0.0,1.0,1.0,7.8,1.0,21.60698699951172,-36.067100524902344,0.019999999552965164
13.14009165763855,1.757493495859826,0.7860666291368439,0.16751879124639693,0.5709414713577319,0.16751879124639693,-0.07999034610860124,0.039844973717798736,-0.9915130615452715,-0.09442336249031195,1.0000000000000002,1.0000000000000002,1.0000000000000002,2.95712939447342,0.1669216107909599,-3.0767387119919922,0.03947370342735115,-0.06665893004152726,7.344116725116449,-3.296045740393506,4.0,-4.0,0.0,1.0,1.0,7.8,1.0,21.673778533935547,-36.08525848388672,0.019999999552965164
13.160097360610962,1.7389959394199295,0.7860666291368439,0.16751879124639693,0.5709414713577319,0.16751879124639693,-0.07235618373941428,-0.040859756763688054,-0.9926464085293778,-0.08802369331951401,1.0000000000000002,1.0000000000000002,1.0000000000000002,2.958194717402611,0.13688201069316558,3.0467074416198745,-0.03542486542574595,-0.03725175525162659,8.040034826005272,-1.778962112024589,4.0,-4.0,0.0,1.0,1.0,7.8,1.0,21.673778533935547,-36.08525848388672,0.019999999552965164
13.180168867111206,1.835926978150264,0.7860666291368439,0.16751879124639693,0.5709414713577319,0.16751879124639693,-0.042648785135141885,-0.07335609924662094,-0.9955696444596942,0.04050983658588088,1.0000000000000002,1.0000000000000002,1.0000000000000002,-3.066810284630327,0.09098845430169179,2.997899496850991,-0.013622067980233105,-0.03273652735122519,7.112095576702792,-2.7332529364559557,4.0,-4.0,0.0,1.0,1.0,7.8,1.0,21.7517032623291,-36.112491607666016,0.019999999552965164
13.200090408325195,1.82126180833335,0.7860666291368439,0.16751879124639693,0.5709414713577319,0.16751879124639693,-0.007406390844881912,-0.2596471296624645,-0.9615463404235972,-0.0892028511353966,1.0000000000000002,1.0000000000000002,1.0000000000000002,2.965197550824569,-0.03208485709688151,2.6169489742675434,0.021960009364082128,0.010455305723484257,6.839116566617291,1.766395177311432,4.0,-4.0,0.0,1.0,1.0,7.8,1.0,21.840757369995117,-36.1488037109375,0.019999999552965164
13.220096111297607,1.6825150775624298,0.7860666291368439,0.16751879124639693,0.5709414713577319,0.16751879124639693,-0.09465846749126786,-0.3597390517573886,-0.9281678055567344,-0.01149408112445108,1.0000000000000002,1.0000000000000002,1.0000000000000002,3.050745252714668,0.16824069548477966,2.3944199650056412,-0.0864426839520829,-0.06280261826309616,7.639052502414161,2.705744544945448,4.0,-4.0,0.0,1.0,1.0,7.8,1.0,21.907548904418945,-36.19419479370117,0.019999999552965164
13.24009394645691,1.7209061725055317,0.7860666291368439,0.16751879124639693,0.5709414713577319,0.16751879124639693,-0.07332629501635614,-0.3759001115157458,-0.9234017618514905,-0.025525415396961248,1.0000000000000002,1.0000000000000002,1.0000000000000002,3.038444838175823,0.11649254558032794,2.362379582681106,0.09875628331299821,-0.08768440581979518,8.980705727839007,2.466682316492662,4.0,-4.0,0.0,1.0,1.0,7.8,1.0,21.985471725463867,-36.21234893798828,0.019999999552965164
13.260109663009644,2.0201345622939715,0.7860666291368439,0.16751879124639693,0.5709414713577319,0.16751879124639693,0.06874506816498044,-0.4658316845425196,-0.8818185014459544,-0.025905362126055657,1.0000000000000002,1.0000000000000002,1.0000000000000002,-3.1230348427001036,-0.14589342671670083,2.168234136491059,-0.01552616850943192,-0.09645855434062599,9.551210599605144,4.0,4.0,-4.0,1.0,1.0,1.0,7.8,1.0,22.052263259887695,-36.24866485595703,0.019999999552965164
13.280131578445435,1.9098363615968206,0.7860666291368439,0.16751879124639693,0.5709414713577319,0.16751879124639693,0.02133268045898864,-0.4425963061252093,-0.8946735527472639,-0.05668033665517165,1.0000000000000002,1.0000000000000002,1.0000000000000002,3.0586362837581196,-0.08845990892519323,2.226466720133899,0.025938245127070464,-0.021414907034243674,9.239749049074339,4.0,4.0,-4.0,1.0,1.0,1.0,7.8,1.0,22.052263259887695,-36.24866485595703,0.019999999552965164
13.300116300582886,1.9410803909971766,0.7860666291368439,0.16751879124639693,0.5709414713577319,0.16751879124639693,0.007958892788853979,-0.5261716242976954,-0.8502147144713027,0.014663461596146206,1.0000000000000002,1.0000000000000002,1.0000000000000002,-3.108276762092831,0.0018974604303645221,2.0332673979626827,0.052595067011615176,0.0879571005664263,8.83822810610766,4.0,4.0,-4.0,1.0,1.0,1.0,7.8,1.0,22.119054794311523,-36.284976959228516,0.019999999552965164
13.320103168487549,2.0307415752671347,0.7860666291368439,0.16751879124639693,0.5709414713577319,0.16751879124639693,0.049713700074094244,-0.6112531720740091,-0.7836595113428318,-0.09887303948154234,1.0000000000000002,1.0000000000000002,1.0000000000000002,3.04533567331418,-0.20012327382966622,1.8264133427464049,0.07277401309143572,0.08580651356886523,10.05498045156434,4.0,4.0,-4.0,1.0,1.0,1.0,7.8,1.0,22.18584632873535,-36.3212890625,0.019999999552965164
13.340085983276367,1.9832711078961829,0.7860666291368439,0.16751879124639693,0.5709414713577319,0.16751879124639693,-0.022724358363519007,-0.6943342112051626,-0.7191310739274688,-0.015300496691171716,1.0000000000000002,1.0000000000000002,1.0000000000000002,3.0880007766874438,0.011436517169180704,1.6055728233490338,-0.013694419998507956,-0.08481804154906827,10.781154793653409,4.0,4.0,-4.0,1.0,1.0,1.0,7.8,1.0,22.263769149780273,-36.33036804199219,0.019999999552965164
13.360093355178833,1.9638112618625376,0.7860666291368439,0.16751879124639693,0.5709414713577319,0.16751879124639693,-0.08811805528619565,-0.7719362811255821,-0.6293881675592199,0.014836466932277657,1.0000000000000002,1.0000000000000002,1.0000000000000002,3.0228814475874697,0.1342292530307943,1.3600574659701479,0.05463708516651139,0.0765123232822261,10.476432802473802,4.0,4.0,-4.0,1.0,1.0,1.0,7.8,1.0,22.263769149780273,-36.33036804199219,0.019999999552965164
13.380114793777466,1.9638112618625376,0.7860666291368439,0.16751879124639693,0.5709414713577319,0.16751879124639693,-0.08811805528619565,-0.7719362811255821,-0.6293881675592199,0.014836466932277657,1.0000000000000002,1.0000000000000002,1.0000000000000002,3.0228814475874697,0.1342292530307943,1.3600574659701479,0.05463708516651139,0.0765123232822261,10.476432802473802,4.0,4.0,-4.0,1.0,1.0,1.0,7.8,1.0,22.263769149780273,-36.33036804199219,0.019999999552965164
13.40010690689087,2.054669697639102,0.7860666291368439,0.16751879124639693,0.5709414713577319,0.16751879124639693,-0.015572060431031097,-0.7455565841689704,-0.6662555136974796,0.0025458208768146507,1.0000000000000002,1.0000000000000002,1.0000000000000002,3.1217580073250883,0.024548514813159523,1.4583313608332111,0.024924797068480872,0.04221494061200656,9.976434153582785,4.0,4.0,-4.0,1.0,1.0,1.0,7.8,1.0,22.341691970825195,-36.36668014526367,0.019999999552965164
13.420240879058838,2.0312759326732284,0.7860666291368439,0.16751879124639693,0.5709414713577319,0.16751879124639693,-0.05819935022653873,-0.8078846675306033,-0.5794160251816466,-0.0906215722931193,1.0000000000000002,1.0000000000000002,1.0000000000000002,2.9405657507356593,-0.07906262826645967,1.2523328227910562,0.06535499469498582,0.09655922194762057,8.229754331746935,4.0,4.0,-4.0,1.0,1.0,1.0,7.8,1.0,22.408483505249023,-36.39391326904297,0.019999999552965164
13.440099716186523,2.0797509160970624,0.7860666291368439,0.16751879124639693,0.5709414713577319,0.16751879124639693,-0.05345698203549338,-0.8276154809143017,-0.5568248385889061,-0.04627165388317927,1.0000000000000002,1.0000000000000002,1.0000000000000002,3.00109645746497,-0.01705875071587438,1.1856823968222692,0.09133493549747507,0.014979601445048202,7.176103244054054,4.0,4.0,-4.0,1.0,1.0,1.0,7.8,1.0,22.408483505249023,-36.39391326904297,0.019999999552965164
13.460128545761108,2.4033827682201196,0.7860666291368439,0.16751879124639693,0.5709414713577319,0.16751879124639693,0.07326144192487614,-0.8877052685925715,-0.44469379897245354,-0.09412514220719878,1.0000000000000002,1.0000000000000002,1.0000000000000002,-3.09391580407484,-0.23440940943526772,0.9231960300864367,-0.06464780913149035,-0.07264359160006034,5.401437374421943,4.0,4.0,-4.0,1.0,1.0,1.0,7.8,1.0,22.47527503967285,-36.43022537231445,0.019999999552965164
13.48009729385376,2.193979449430203,0.7860666291368439,0.16751879124639693,0.5709414713577319,0.16751879124639693,0.019869345129219538,-0.8039263447096485,-0.5942684412748739,0.012355610492852182,1.0000000000000002,1.0000000000000002,1.0000000000000002,-3.094943329467224,-0.00374945674307504,1.273028726179993,0.054092382370859476,-0.09167454575268114,4.313710896715119,4.0,4.0,-4.0,1.0,1.0,1.0,7.8,1.0,22.553197860717773,-36.46653747558594,0.019999999552965164
13.500089645385742,2.298628815915378,0.7860666291368439,0.16751879124639693,0.5709414713577319,0.16751879124639693,0.000850091897442656,-0.8748966223434181,-0.4799813975422373,0.06459903690648162,1.0000000000000002,1.0000000000000002,1.0000000000000002,-3.077645274681669,0.11245577691725517,1.0071591193593983,0.02204533917854415,0.04898955799958332,2.8712113877108285,4.0,4.0,-4.0,1.0,1.0,1.0,7.8,1.0,22.6199893951416,-36.50284957885742,0.019999999552965164
13.520100831985474,2.154134370809003,0.7860666291368439,0.16751879124639693,0.5709414713577319,0.16751879124639693,-0.06259038337282835,-0.871074771066784,-0.48712959792734606,-0.003992736321664479,1.0000000000000002,1.0000000000000002,1.0000000000000002,3.0282532268476965,0.0540496253950173,1.016734199546681,-0.0023522463948092015,-0.09007155806734912,2.5242919500485557,4.0,4.0,-4.0,1.0,1.0,1.0,7.8,1.0,22.697912216186523,-36.548240661621094,0.019999999552965164
13.54010796546936,2.498545127584537,0.7860666291368439,0.16751879124639693,0.5709414713577319,0.16751879124639693,0.07821586981370328,-0.9136224841174014,-0.3985404715835926,0.018485852275776413,1.0000000000000002,1.0000000000000002,1.0000000000000002,-2.983212704642113,-0.028570085289621266,0.820403925057614,0.028304462190170188,-0.0929106810350122,1.7451162623921845,4.0,4.0,-4.0,1.0,1.0,1.0,7.8,1.0,22.786968231201172,-36.593631744384766,0.019999999552965164
13.560125589370728,2.228919214305442,0.7860666291368439,0.16751879124639693,0.5709414713577319,0.16751879124639693,-0.05318151599038041,-0.8834190456856956,-0.46015066793135423,0.07073810061818296,1.0000000000000002,1.0000000000000002,1.0000000000000002,3.112278983248328,0.17481482806662665,0.9578462444902603,-0.07647008537669527,0.058838346117311285,0.8039879296277007,4.0,4.0,-4.0,1.0,1.0,1.0,7.8,1.0,22.864891052246094,-36.63902282714844,0.019999999552965164
13.580084800720215,2.2383494014369005,0.7860666291368439,0.16751879124639693,0.5709414713577319,0.16751879124639693,-0.031065551521631776,-0.8956269331565792,-0.43799508541640264,-0.07104669777178688,1.0000000000000002,1.0000000000000002,1.0000000000000002,3.0228367537083702,-0.10021722521962204,0.9156409646836647,-0.06612180487848614,0.007025088066509075,0.5899220184367897,4.0,4.0,-4.0,1.0,1.0,1.0,7.8,1.0,22.942813873291016,-36.6934928894043,0.019999999552965164
13.600107669830322,2.551022184746136,0.7860666291368439,0.16751879124639693,0.5709414713577319,0.16751879124639693,0.06505041861762881,-0.9371271355494206,-0.3391297399551434,0.05051924714963473,1.0000000000000002,1.0000000000000002,1.0000000000000002,-2.9845618512693957,0.050586423877139026,0.6984227146728988,-0.05538859946278055,-0.03429479455972813,0.6461389350232727,4.0,4.0,-4.0,1.0,1.0,1.0,7.8,1.0,22.942813873291016,-36.6934928894043,0.019999999552965164
13.620102643966675,2.19864910939919,0.7860666291368439,0.16751879124639693,0.5709414713577319,0.16751879124639693,-0.01904490699711686,-0.8657853200453558,-0.4954815401830121,-0.06746194815821789,1.0000000000000002,1.0000000000000002,1.0000000000000002,3.0411114611607424,-0.09809959744449419,1.044529390114896,0.009346853079807232,0.08910453859396603,0.27939233624120696,4.0,4.0,-4.0,1.0,1.0,1.0,7.8,1.0,23.020736694335938,-36.73888397216797,0.019999999552965164
13.64014482498169,2.19864910939919,0.7860666291368439,0.16751879124639693,0.5709414713577319,0.16751879124639693,-0.01904490699711686,-0.8657853200453558,-0.4954815401830121,-0.06746194815821789,1.0000000000000002,1.0000000000000002,1.0000000000000002,3.0411114611607424,-0.09809959744449419,1.044529390114896,0.009346853079807232,0.08910453859396603,0.27939233624120696,4.0,4.0,-4.0,1.0,1.0,1.0,7.8,1.0,23.020736694335938,-36.73888397216797,0.019999999552965164
13.660200119018555,2.19864910939919,0.7860666291368439,0.16751879124639693,0.5709414713577319,0.16751879124639693,-0.01904490699711686,-0.8657853200453558,-0.4954815401830121,-0.06746194815821789,1.0000000000000002,1.0000000000000002,1.0000000000000002,3.0411114611607424,-0.09809959744449419,1.044529390114896,0.009346853079807232,0.08910453859396603,0.27939233624120696,4.0,4.0,-4.0,1.0,1.0,1.0,7.8,1.0,23.020736694335938,-36.73888397216797,0.019999999552965164
13.680088520050049,2.3164670373652148,0.7860666291368439,0.16751879124639693,0.5709414713577319,0.16751879124639693,0.0033269303716567853,-0.8932698926283931,-0.44924849225138563,0.015284720076542793,1.0000000000000002,1.0000000000000002,1.0000000000000002,-3.1219085936166566,0.02431992091665026,0.9322104243821148,0.06753568839164512,-0.05109922319580913,0.9477576684775229,4.0,4.0,-4.0,1.0,1.0,1.0,7.8,1.0,23.09865951538086,-36.784271240234375,0.019999999552965164
13.700092315673828,2.266211076688145,0.7860666291368439,0.16751879124639693,0.5709414713577319,0.16751879124639693,-0.020105561821411964,-0.8894716067410678,-0.4564522346460596,0.009347976889518434,1.0000000000000002,1.0000000000000002,1.0000000000000002,3.114339757133886,0.03499111724870708,0.9477828623526989,0.03058064356218293,-0.06817964661134487,1.6193197763344034,4.0,4.0,-4.0,1.0,1.0,1.0,7.8,1.0,23.165451049804688,-36.838741302490234,0.019999999552965164
13.720086097717285,2.10533963319665,0.7860666291368439,0.16751879124639693,0.5709414713577319,0.16751879124639693,-0.09745609306940842,-0.8818984610177191,-0.45768005409726287,-0.05732697846347668,1.0000000000000002,1.0000000000000002,1.0000000000000002,2.9152823057979544,-0.011906009550803415,0.9587715472998204,-0.08009445311355722,0.05323202230704355,1.8984362046685044,4.0,4.0,-4.0,1.0,1.0,1.0,7.8,1.0,23.243375778198242,-36.86597442626953,0.019999999552965164
13.74011754989624,2.4457461756046235,0.7860666291368439,0.16751879124639693,0.5709414713577319,0.16751879124639693,0.06384780455870354,-0.9136039598848055,-0.3934497920344367,-0.08030269910715906,1.0000000000000002,1.0000000000000002,1.0000000000000002,-3.0870240096167096,-0.1982679799001709,0.8078758000140274,0.014347190948845887,0.03606828560372924,2.3446816723883104,4.0,4.0,-4.0,1.0,1.0,1.0,7.8,1.0,23.332429885864258,-36.902286529541016,0.019999999552965164
13.760081052780151,2.2369688252735247,0.7860666291368439,0.16751879124639693,0.5709414713577319,0.16751879124639693,-0.023117152834574894,-0.8904130951858421,-0.4445287258218014,-0.09499646880614615,1.0000000000000002,1.0000000000000002,1.0000000000000002,3.0142127073626717,-0.14917234762661138,0.9356081155335966,-0.05324428789057809,-0.032282798777549734,2.5727539494934852,4.0,4.0,-4.0,1.0,1.0,1.0,7.8,1.0,23.41035270690918,-36.9385986328125,0.019999999552965164
13.780112981796265,2.4247144531818843,0.7860666291368439,0.16751879124639693,0.5709414713577319,0.16751879124639693,0.015276941868910529,-0.9364299110127088,-0.3477002985810882,-0.04438624983579926,1.0000000000000002,1.0000000000000002,1.0000000000000002,3.1393280230963967,-0.09389070604228256,0.7111594516810851,0.05117145851193047,-0.09133806246598174,2.5116411461232735,4.0,4.0,-4.0,1.0,1.0,1.0,7.8,1.0,23.41035270690918,-36.9385986328125,0.019999999552965164
13.800103902816772,2.4247144531818843,0.7860666291368439,0.16751879124639693,0.5709414713577319,0.16751879124639693,0.015276941868910529,-0.9364299110127088,-0.3477002985810882,-0.04438624983579926,1.0000000000000002,1.0000000000000002,1.0000000000000002,3.1393280230963967,-0.09389070604228256,0.7111594516810851,0.05117145851193047,-0.09133806246598174,2.5116411461232735,4.0,4.0,-4.0,1.0,1.0,1.0,7.8,1.0,23.41035270690918,-36.9385986328125,0.019999999552965164
13.820108652114868,2.402299057136328,0.7860666291368439,0.16751879124639693,0.5709414713577319,0.16751879124639693,0.026709856103759238,-0.8946351279106598,-0.43541250498697526,0.09659462715990555,1.0000000000000002,1.0000000000000002,1.0000000000000002,-3.007784762437122,0.15013769768149737,0.915969302818314,0.003876411779807798,0.06883365454763901,3.1451182536591613,4.0,4.0,-4.0,1.0,1.0,1.0,7.8,1.0,23.477144241333008,-36.974910736083984,0.019999999552965164
13.840096712112427,2.472766311859087,0.7860666291368439,0.16751879124639693,0.5709414713577319,0.16751879124639693,0.01170883420261272,-0.9507641036765103,-0.3095823274272048,-0.008324956851105195,1.0000000000000002,1.0000000000000002,1.0000000000000002,-3.1244770995497873,-0.0230818860799887,0.629377165522994,0.08257246836679405,-0.0867248004610203,3.9423318243099184,4.0,4.0,-4.0,1.0,1.0,1.0,7.8,1.0,23.543935775756836,-37.020301818847656,0.019999999552965164
13.86064076423645,2.499883064024606,0.7860666291368439,0.16751879124639693,0.5709414713577319,0.16751879124639693,0.036521007555496615,-0.9496705573908581,-0.30146485479222507,-0.07688296142300051,1.0000000000000002,1.0000000000000002,1.0000000000000002,-3.1182477471939305,-0.16884772278845933,0.6127851211349877,-0.06453373315596522,0.0070989731293369385,4.233601168489819,4.0,4.0,-4.0,1.0,1.0,1.0,7.8,1.0,23.543935775756836,-37.020301818847656,0.019999999552965164
13.880088806152344,2.484613870806879,0.7860666291368439,0.16751879124639693,0.5709414713577319,0.16751879124639693,-0.09817079717247303,-0.9847049716729186,-0.14365039998440093,0.00912008385263785,1.0000000000000002,1.0000000000000002,1.0000000000000002,2.9494914180321903,0.04618214677628291,0.28526934544067295,-0.06821999787238056,0.041282523470046906,4.578463199774272,4.0,4.0,-4.0,1.0,1.0,1.0,7.8,1.0,23.621858596801758,-37.05661392211914,0.019999999552965164
13.900080680847168,2.490004445344804,0.7860666291368439,0.16751879124639693,0.5709414713577319,0.16751879124639693,-0.011989525531620613,-0.967465212486586,-0.25057432311145866,-0.03286065280918589,1.0000000000000002,1.0000000000000002,1.0000000000000002,3.101849313870562,-0.05760639824090748,0.5080091170425904,-0.01756260219374886,-0.025968216593638946,4.404779537557188,4.0,4.0,-4.0,1.0,1.0,1.0,7.8,1.0,23.69978141784668,-37.08384704589844,0.019999999552965164
13.920164585113525,2.719457544365144,0.7860666291368439,0.16751879124639693,0.5709414713577319,0.16751879124639693,0.05686635213149752,-0.9822391023151907,-0.17169341454112308,0.04993931598965765,1.0000000000000002,1.0000000000000002,1.0000000000000002,-3.0119690765827487,0.07865862890135789,0.3512070719170482,0.09883465212351558,-0.04720892596464448,3.9857458938843644,4.0,4.0,-4.0,1.0,1.0,1.0,7.8,1.0,23.777706146240234,-37.12015914916992,0.019999999552965164
13.940107345581055,2.5557323010898956,0.7860666291368439,0.16751879124639693,0.5709414713577319,0.16751879124639693,-0.046156185247253075,-0.9880171695246672,-0.13513565668900349,-0.0585664885332738,1.0000000000000002,1.0000000000000002,1.0000000000000002,3.0337736457685462,-0.10343906110258527,0.27744903758667916,0.07684044891753886,-0.03964357890311896,4.280085498518676,4.0,4.0,-4.0,1.0,1.0,1.0,7.8,1.0,23.777706146240234,-37.12015914916992,0.019999999552965164
13.96080756187439,2.5557323010898956,0.7860666291368439,0.16751879124639693,0.5709414713577319,0.16751879124639693,-0.046156185247253075,-0.9880171695246672,-0.13513565668900349,-0.0585664885332738,1.0000000000000002,1.0000000000000002,1.0000000000000002,3.0337736457685462,-0.10343906110258527,0.27744903758667916,0.07684044891753886,-0.03964357890311896,4.280085498518676,4.0,4.0,-4.0,1.0,1.0,1.0,7.8,1.0,23.777706146240234,-37.12015914916992,0.019999999552965164
13.98010802268982,2.674138774177865,0.7860666291368439,0.16751879124639693,0.5709414713577319,0.16751879124639693,-0.002446163696109735,-0.9940427505889157,-0.0949327951553583,-0.0534863598386126,1.0000000000000002,1.0000000000000002,1.0000000000000002,3.1264887950670404,-0.10606979738190955,0.19122771397261162,0.0005763731936241773,0.047798295213311276,5.037304892460777,4.0,4.0,-4.0,1.0,1.0,1.0,7.8,1.0,23.86676025390625,-37.147396087646484,0.019999999552965164
14.000099420547485,2.81374339261725,0.7860666291368439,0.16751879124639693,0.5709414713577319,0.16751879124639693,0.08281424669698716,-0.9893053630125195,-0.08456789700369519,-0.0852347936880822,1.0000000000000002,1.0000000000000002,1.0000000000000002,-2.989003301347509,-0.183684508434005,0.1564688018490318,-0.07262571012374164,0.07363943952884466,5.5819241893544005,4.0,4.0,-4.0,1.0,1.0,1.0,7.8,1.0,23.944683074951172,-37.19278335571289,0.019999999552965164
14.020075798034668,2.706171135342209,0.7860666291368439,0.16751879124639693,0.5709414713577319,0.16751879124639693,-0.05160507868312395,-0.9976807551176639,-0.025247582705893133,0.036504606414336116,1.0000000000000002,1.0000000000000002,1.0000000000000002,3.0400014662668595,0.07551745100023449,0.046760671017746724,0.0018397251690245725,-0.004706267677520429,5.983141542800273,4.0,3.2913907580532697,-4.0,1.0,0.0,1.0,7.8,1.0,23.944683074951172,-37.19278335571289,0.019999999552965164
14.040098190307617,2.9537797778254102,0.7860666291368439,0.16751879124639693,0.5709414713577319,0.16751879124639693,0.006451512897122927,-0.9917983824158219,0.12519437113263174,-0.024914173785263418,1.0000000000000002,1.0000000000000002,1.0000000000000002,-3.122534283419703,-0.04782251452642678,-0.25158691313674103,0.06779812497086987,0.03909239214465293,5.848650267148292,4.0,1.188502288778431,-4.0,1.0,0.0,1.0,7.8,1.0,24.011474609375,-37.22002029418945,0.019999999552965164
14.060111284255981,2.8763145833423143,0.7860666291368439,0.16751879124639693,0.5709414713577319,0.16751879124639693,-0.06891256012408671,-0.9858799593950424,0.1282220955942833,0.08276991555984843,1.0000000000000002,1.0000000000000002,1.0000000000000002,2.982122146900553,0.14604883274251867,-0.2703557539173259,0.0522140120715853,-0.012764387058449553,5.151473808989438,4.0,0.8287132758562354,-4.0,1.0,0.0,1.0,7.8,1.0,24.089397430419922,-37.24725341796875,0.019999999552965164
14.08009958267212,2.968287071612662,0.7860666291368439,0.16751879124639693,0.5709414713577319,0.16751879124639693,-0.007677238147644119,-0.9895745349165266,0.13405823849657875,0.052073875891458114,1.0000000000000002,1.0000000000000002,1.0000000000000002,3.112282324450261,0.10117609724340915,-0.2707858415987571,0.025947483735206278,-0.07161405774682017,4.44805736242048,4.0,1.581130658892791,-4.0,1.0,0.0,1.0,7.8,1.0,24.15618896484375,-37.283565521240234,0.019999999552965164
14.10010027885437,3.0523649250219433,0.7860666291368439,0.16751879124639693,0.5709414713577319,0.16751879124639693,0.022660502662029434,-0.9845003696098426,0.1719999145715069,0.02572067737408968,1.0000000000000002,1.0000000000000002,1.0000000000000002,-3.105753105868335,0.05847255611079172,-0.34487608567854827,-0.049567572084495186,-0.09240496316418179,6.984334075160702,4.0,1.3089285797553916,-4.0,1.0,0.0,1.0,7.8,1.0,24.234111785888672,-37.328956604003906,0.019999999552965164
14.120191812515259,3.1245950320598457,0.7860666291368439,0.16751879124639693,0.5709414713577319,0.16751879124639693,0.04449876610906232,-0.9697867488749466,0.23979682939047064,-0.005567956142937383,1.0000000000000002,1.0000000000000002,1.0000000000000002,-3.0524908735297984,0.0105420611423433,-0.48434068972107547,-0.07293528207029878,0.003007617876544494,8.125187326501775,-4.0,0.01927608259846514,-4.0,1.0,0.0,1.0,7.8,1.0,24.32316780090332,-37.34711456298828,0.019999999552965164
14.140094995498657,2.950885022556875,0.7860666291368439,0.16751879124639693,0.5709414713577319,0.16751879124639693,0.0494400892882418,-0.9214203670170124,0.38262054137938656,-0.04627857097999005,1.0000000000000002,1.0000000000000002,1.0000000000000002,-3.0145843114912347,-0.0474682724583961,-0.7901872400071299,0.0565958817704017,0.02318657739509318,9.379314424134456,-4.0,2.4259566111596156,-4.0,1.0,0.0,1.0,7.8,1.0,24.38995933532715,-37.383426666259766,0.019999999552965164
14.162126779556274,2.9315753387996604,0.7860666291368439,0.16751879124639693,0.5709414713577319,0.16751879124639693,-0.02602704877472813,-0.8847613451556966,0.46145080238140274,0.05985909982550602,1.0000000000000002,1.0000000000000002,1.0000000000000002,3.039775844128742,0.081993472125362,-0.9656635749753489,-0.044213399784058964,-0.045137804962217865,8.075596272392016,-4.0,4.0,-4.0,1.0,1.0,1.0,7.8,1.0,24.479013442993164,-37.41973876953125,0.019999999552965164
14.180094957351685,3.0703547434948115,0.7860666291368439,0.16751879124639693,0.5709414713577319,0.16751879124639693,-0.029432920581557134,-0.9261206386154205,0.37604637282099174,-0.004836466145948763,1.0000000000000002,1.0000000000000002,1.0000000000000002,3.090666629882594,-0.031099601220457594,-0.770620747018592,0.017118990608368523,0.03551932126827764,7.4015523240639185,-4.0,3.019314088910897,-4.0,1.0,0.0,1.0,7.8,1.0,24.479013442993164,-37.41973876953125,0.019999999552965164
14.200098752975464,2.8883430063666156,0.7860666291368439,0.16751879124639693,0.5709414713577319,0.16751879124639693,0.0070618739629524675,-0.8906737317038653,0.4434371607234252,0.10006956619467078,1.0000000000000002,1.0000000000000002,1.0000000000000002,3.064014584109203,0.18558514535386308,-0.9311026833428535,0.06078034295542831,-0.08400599028562734,6.001234008398502,-4.0,3.907446316212371,-4.0,1.0,0.0,1.0,7.8,1.0,24.545804977416992,-37.456050872802734,0.019999999552965164
14.220241069793701,2.90618240651181,0.7860666291368439,0.16751879124639693,0.5709414713577319,0.16751879124639693,-0.07252816840833014,-0.8408730754769838,0.5317979771312173,0.069735552226657,1.0000000000000002,1.0000000000000002,1.0000000000000002,2.9440069311748864,0.04014761437800844,-1.1318364350496353,-0.08103167363748343,-0.07853524905029244,5.2769266287685355,-4.0,4.0,-4.0,1.0,1.0,1.0,7.8,1.0,24.623727798461914,-37.47420883178711,0.019999999552965164
14.24010181427002,2.845040905091601,0.7860666291368439,0.16751879124639693,0.5709414713577319,0.16751879124639693,0.040973577240574106,-0.8824490862915324,0.4680484437391911,-0.023139368718092367,1.0000000000000002,1.0000000000000002,1.0000000000000002,-3.0474786075586664,-0.0024833939941465,-0.9754540506598735,0.0368064999623611,0.050955696377093684,4.37904682979186,-4.0,3.80764166993369,-4.0,1.0,0.0,1.0,7.8,1.0,24.690519332885742,-37.510520935058594,0.019999999552965164
14.260104179382324,2.9309250076946967,0.7860666291368439,0.16751879124639693,0.5709414713577319,0.16751879124639693,-0.0811204206484895,-0.8348383537394193,0.5443498368061275,-0.012151364063790157,1.0000000000000002,1.0000000000000002,1.0000000000000002,3.018337920116521,-0.10881926418622982,-1.1488976890049787,0.023369902118585403,0.036099702244143744,4.01922894167095,-4.0,4.0,-4.0,1.0,1.0,1.0,7.8,1.0,24.75731086730957,-37.54683303833008,0.019999999552965164
14.28011965751648,2.7967559113564127,0.7860666291368439,0.16751879124639693,0.5709414713577319,0.16751879124639693,-0.04574922079932982,-0.794172687834517,0.6052356269424986,-0.02977560366262082,1.0000000000000002,1.0000000000000002,1.0000000000000002,3.1047667080056653,-0.1028533072973791,-1.300499376143358,-0.04256558320471553,0.08203749487363618,4.121781642337479,-4.0,4.0,-4.0,1.0,1.0,1.0,7.8,1.0,24.8241024017334,-37.58314514160156,0.019999999552965164
14.300286769866943,2.6055495532536654,0.7860666291368439,0.16751879124639693,0.5709414713577319,0.16751879124639693,0.026748241607885966,-0.7432951947805279,0.6649841452869373,-0.06777072748661249,1.0000000000000002,1.0000000000000002,1.0000000000000002,-3.0110488396290256,-0.0652192246849808,-1.4639600706467077,0.0897295679679049,-0.03688313785544527,4.9437177317751715,-4.0,4.0,-4.0,1.0,1.0,1.0,7.8,1.0,24.890893936157227,-37.61037826538086,0.019999999552965164
14.320117950439453,2.6521198051000128,0.7860666291368439,0.16751879124639693,0.5709414713577319,0.16751879124639693,-0.016547350726155995,-0.7367012119993331,0.6748696825923955,-0.03934998018167859,1.0000000000000002,1.0000000000000002,1.0000000000000002,-3.1127642384086234,-0.0803995571702283,-1.4844052008578152,0.08516453614372527,0.043195969147037716,4.634126356732622,-4.0,4.0,-4.0,1.0,1.0,1.0,7.8,1.0,24.890893936157227,-37.61037826538086,0.019999999552965164
14.340867757797241,2.6521198051000128,0.7860666291368439,0.16751879124639693,0.5709414713577319,0.16751879124639693,-0.016547350726155995,-0.7367012119993331,0.6748696825923955,-0.03934998018167859,1.0000000000000002,1.0000000000000002,1.0000000000000002,-3.1127642384086234,-0.0803995571702283,-1.4844052008578152,0.08516453614372527,0.043195969147037716,4.634126356732622,-4.0,4.0,-4.0,1.0,1.0,1.0,7.8,1.0,24.890893936157227,-37.61037826538086,0.019999999552965164
14.360097169876099,2.5346020869049077,0.7860666291368439,0.16751879124639693,0.5709414713577319,0.16751879124639693,0.03871200510983223,-0.7239174243653849,0.6885011257191388,-0.020276667478713806,1.0000000000000002,1.0000000000000002,1.0000000000000002,-3.05749987867534,0.02395154240880667,-1.519649252272632,-0.05024313841002939,0.0017002754208866877,3.5509901883852817,-4.0,4.0,-4.0,1.0,1.0,1.0,7.8,1.0,24.957685470581055,-37.637611389160156,0.019999999552965164
14.380120515823364,2.5360054313239035,0.7860666291368439,0.16751879124639693,0.5709414713577319,0.16751879124639693,-0.03283972492730841,-0.654563320947697,0.7551449358687546,0.014984564337859276,1.0000000000000002,1.0000000000000002,1.0000000000000002,3.0758934932584783,-0.029985304744846227,-1.712267968198736,-0.029817470916815414,-0.005020864709966211,1.3896464244936717,-4.0,4.0,4.0,1.0,1.0,1.0,7.8,1.0,25.035608291625977,-37.67392349243164,0.019999999552965164
14.402190685272217,2.5532804257612227,0.7860666291368439,0.16751879124639693,0.5709414713577319,0.16751879124639693,-0.03505980173191845,-0.651656421388888,0.7569824816037458,-0.03304907427116971,1.0000000000000002,1.0000000000000002,1.0000000000000002,-3.137231180749775,-0.09630137447070526,-1.7202717646917691,0.09226095262868347,0.012827571310268543,0.8122440344690057,-4.0,4.0,4.0,1.0,1.0,1.0,7.8,1.0,25.102399826049805,-37.710235595703125,0.019999999552965164
14.420135974884033,2.5792319397197394,0.7860666291368439,0.16751879124639693,0.5709414713577319,0.16751879124639693,0.028560474648914945,0.6929636953617928,-0.7197682316623796,-0.030320106991364983,1.0000000000000002,1.0000000000000002,1.0000000000000002,3.058266583684854,0.0009076222266401679,-1.608776705346945,0.08228591663629989,-0.03574737687848431,2.4138187574155583,-4.0,4.0,1.2414140995652012,1.0,1.0,0.0,7.8,1.0,25.102399826049805,-37.710235595703125,0.019999999552965164
14.440093278884888,2.6073090531364818,0.7860666291368439,0.16751879124639693,0.5709414713577319,0.16751879124639693,0.08049929151449575,0.6582864798416233,-0.744868539514574,-0.07314118788216269,1.0000000000000002,1.0000000000000002,1.0000000000000002,2.924896369280136,-0.023629268008568762,-1.6914802229217267,0.052436618422709025,0.08393873266500704,5.512630057898485,-4.0,4.0,-4.0,1.0,1.0,1.0,7.8,1.0,25.169191360473633,-37.7283935546875,0.019999999552965164
14.46010684967041,2.596284889849157,0.7860666291368439,0.16751879124639693,0.5709414713577319,0.16751879124639693,0.08418105414287264,0.6327584603717362,-0.7696649210270028,-0.012090917743586702,1.0000000000000002,1.0000000000000002,1.0000000000000002,3.015287339593761,-0.1145313766162717,-1.7581718411200988,-0.00538299813496293,0.07723014083868468,6.412699877449328,-4.0,4.0,-4.0,1.0,1.0,1.0,7.8,1.0,25.23598289489746,-37.764705657958984,0.019999999552965164
14.480167627334595,2.2979400390434375,0.7860666291368439,0.16751879124639693,0.5709414713577319,0.16751879124639693,-0.06412906987415734,0.6073142548074604,-0.7896584560465304,-0.059130204624577555,1.0000000000000002,1.0000000000000002,1.0000000000000002,3.1258622125447113,0.17397769601704619,-1.831756785180364,0.05771413028686109,0.003276189524649767,5.50795360365973,-4.0,4.0,-4.0,1.0,1.0,1.0,7.8,1.0,25.30277442932129,-37.782859802246094,0.019999999552965164
14.500100374221802,2.1627149886545998,0.7860666291368439,0.16751879124639693,0.5709414713577319,0.16751879124639693,-0.0772458990146948,0.4630351910744192,-0.8786185287093919,0.08752693254439553,1.0000000000000002,1.0000000000000002,1.0000000000000002,-2.913953329553903,0.054710545995500355,-2.165304059536923,-0.06597383188971878,0.018042386217445985,4.4571590292157435,-4.0,4.0,-4.0,1.0,1.0,1.0,7.8,1.0,25.369564056396484,-37.81917190551758,0.019999999552965164
14.520097255706787,2.445867746765178,0.7860666291368439,0.16751879124639693,0.5709414713577319,0.16751879124639693,-0.0072720425433420565,0.6214336303502103,-0.7822125091884495,0.04371442480595884,1.0000000000000002,1.0000000000000002,1.0000000000000002,-3.064017217494133,-0.04296788239783877,-1.8005574434649279,0.09416665047728376,-0.03820898140745617,3.7436550192428832,-4.0,4.0,-4.0,1.0,1.0,1.0,7.8,1.0,25.436355590820312,-37.84640884399414,0.019999999552965164
14.54008412361145,2.3068429331919553,0.7860666291368439,0.16751879124639693,0.5709414713577319,0.16751879124639693,-0.056729935772930964,0.5919625565975706,-0.8039474225385489,-0.005530620877538812,1.0000000000000002,1.0000000000000002,1.0000000000000002,-3.0830073244730003,0.09792001881364742,-1.869344683688503,-0.02320856561859906,0.08262259334764607,2.945190287484284,-4.0,4.0,-2.430833555059351,1.0,1.0,0.0,7.8,1.0,25.436355590820312,-37.84640884399414,0.019999999552965164
14.560100317001343,2.422384993117546,0.7860666291368439,0.16751879124639693,0.5709414713577319,0.16751879124639693,0.05494032094279647,0.5404957465227196,-0.8385483973147115,-0.04101822139585426,1.0000000000000002,1.0000000000000002,1.0000000000000002,3.012909561305785,-0.04781810893148827,-1.9934265414457701,0.07941049934008396,0.01681538330215171,2.6504342701827843,-4.0,4.0,-0.7915242430732281,1.0,1.0,0.0,7.8,1.0,25.514278411865234,-37.882720947265625,0.019999999552965164
14.58009934425354,2.153686283754997,0.7860666291368439,0.16751879124639693,0.5709414713577319,0.16751879124639693,-0.003870601052515933,0.3783175830934338,-0.9248815620329734,-0.03814342644915288,1.0000000000000002,1.0000000000000002,1.0000000000000002,3.0738693113260176,0.03602814665265895,-2.3662555480627225,-0.00648735379544256,0.0493410763642706,3.373823244416017,-4.0,4.0,-4.0,1.0,1.0,1.0,7.8,1.0,25.581069946289062,-37.900875091552734,0.019999999552965164
14.60012936592102,2.153686283754997,0.7860666291368439,0.16751879124639693,0.5709414713577319,0.16751879124639693,-0.003870601052515933,0.3783175830934338,-0.9248815620329734,-0.03814342644915288,1.0000000000000002,1.0000000000000002,1.0000000000000002,3.0738693113260176,0.03602814665265895,-2.3662555480627225,-0.00648735379544256,0.0493410763642706,3.373823244416017,-4.0,4.0,-4.0,1.0,1.0,1.0,7.8,1.0,25.581069946289062,-37.900875091552734,0.019999999552965164
14.620204210281372,2.153686283754997,0.7860666291368439,0.16751879124639693,0.5709414713577319,0.16751879124639693,-0.003870601052515933,0.3783175830934338,-0.9248815620329734,-0.03814342644915288,1.0000000000000002,1.0000000000000002,1.0000000000000002,3.0738693113260176,0.03602814665265895,-2.3662555480627225,-0.00648735379544256,0.0493410763642706,3.373823244416017,-4.0,4.0,-4.0,1.0,1.0,1.0,7.8,1.0,25.581069946289062,-37.900875091552734,0.019999999552965164
14.640109300613403,2.3302486050650932,0.7860666291368439,0.16751879124639693,0.5709414713577319,0.16751879124639693,0.0685169454946598,0.4131013520954868,-0.9080922688613607,0.0045969893613985015,1.0000000000000002,1.0000000000000002,1.0000000000000002,3.0929117480661774,-0.12859156297545937,-2.284596586384267,-0.07219097676385611,-0.02892564822979675,3.7584244409167376,-4.0,4.0,-4.0,1.0,1.0,1.0,7.8,1.0,25.64786148071289,-37.937191009521484,0.019999999552965164
14.660106897354126,2.1536030038101943,0.7860666291368439,0.16751879124639693,0.5709414713577319,0.16751879124639693,-0.06597784363046845,0.4701010489129881,-0.8801004951187278,0.00866293556203205,1.0000000000000002,1.0000000000000002,1.0000000000000002,-3.0637785408070175,0.10820035459077242,-2.156199002464475,-0.08529990625153537,-0.017891217409092094,3.794017198870858,-4.0,4.0,-4.0,1.0,1.0,1.0,7.8,1.0,25.71465301513672,-37.955345153808594,0.019999999552965164
14.68013596534729,2.0424099685080304,0.7860666291368439,0.16751879124639693,0.5709414713577319,0.16751879124639693,-0.08747578519598166,0.37994401246572784,-0.9196700270370354,0.04687830804847865,1.0000000000000002,1.0000000000000002,1.0000000000000002,-2.9870689959412116,0.12560546409332807,-2.348306999779577,0.053982752282451,0.09589120592105657,3.1966809243897947,-4.0,4.0,-4.0,1.0,1.0,1.0,7.8,1.0,25.781444549560547,-37.99165725708008,0.019999999552965164
14.700060606002808,2.090516525327197,0.7860666291368439,0.16751879124639693,0.5709414713577319,0.16751879124639693,-0.05359659672030484,0.3936552395549182,-0.9176464972483912,-0.009373541418231317,1.0000000000000002,1.0000000000000002,1.0000000000000002,-3.116455113711026,0.10594341965072644,-2.3297799694772974,0.0860600621371044,-0.02790571727544658,2.5282915705168865,-4.0,4.0,-2.575827788109472,1.0,1.0,0.0,7.8,1.0,25.781444549560547,-37.99165725708008,0.019999999552965164
14.720090866088867,2.150898065028536,0.7860666291368439,0.16751879124639693,0.5709414713577319,0.16751879124639693,-0.053291594365577656,0.4275501887939748,-0.9007454012676966,0.054941460913479664,1.0000000000000002,1.0000000000000002,1.0000000000000002,-2.996362454343158,0.049043511213666555,-2.2516782824439923,0.06708278072789095,-0.03148262310790127,1.861428182022512,-4.0,4.0,-0.5880542829181312,1.0,1.0,0.0,7.8,1.0,25.848236083984375,-38.01889419555664,0.019999999552965164
14.740184783935547,2.2654109657783255,0.7860666291368439,0.16751879124639693,0.5709414713577319,0.16751879124639693,0.04511613946559335,0.38959854554492646,-0.9198778062616805,0.0015260459355479494,1.0000000000000002,1.0000000000000002,1.0000000000000002,3.10912488221334,-0.08429154203133757,-2.3389685979242687,-0.08397668753519383,0.035156874157812934,1.501252167639203,-4.0,4.0,1.6528515773654382,1.0,1.0,0.0,7.8,1.0,25.915027618408203,-38.06428527832031,0.019999999552965164
14.760087013244629,2.1912564207693044,0.7860666291368439,0.16751879124639693,0.5709414713577319,0.16751879124639693,0.07020037208376446,0.24142047479698384,-0.9678732677580778,-0.0030658877018171927,1.0000000000000002,1.0000000000000002,1.0000000000000002,3.101386689042998,-0.13481782459516356,-2.649986214307476,-0.024602040507747613,0.035993735392469556,1.1213048326447441,-4.0,4.0,1.7976565589931184,1.0,1.0,0.0,7.8,1.0,25.915027618408203,-38.06428527832031,0.019999999552965164
14.781259536743164,2.1912564207693044,0.7860666291368439,0.16751879124639693,0.5709414713577319,0.16751879124639693,0.07020037208376446,0.24142047479698384,-0.9678732677580778,-0.0030658877018171927,1.0000000000000002,1.0000000000000002,1.0000000000000002,3.101386689042998,-0.13481782459516356,-2.649986214307476,-0.024602040507747613,0.035993735392469556,1.1213048326447441,-4.0,4.0,1.7976565589931184,1.0,1.0,0.0,7.8,1.0,25.915027618408203,-38.06428527832031,0.019999999552965164
14.800065994262695,1.9712002764970658,0.7860666291368439,0.16751879124639693,0.5709414713577319,0.16751879124639693,-0.055159827813312856,0.27672231573439415,-0.9580666804248223,-0.049903799754740234,1.0000000000000002,1.0000000000000002,1.0000000000000002,3.0758646497602338,0.13371064541814487,-2.583631814351819,0.08419774995658677,-0.002245765711427511,0.8909722629206572,-4.0,4.0,3.405587394613598,1.0,1.0,0.0,7.8,1.0,25.970685958862305,-38.08243942260742,0.019999999552965164
14.820093154907227,2.096185901196059,0.7860666291368439,0.16751879124639693,0.5709414713577319,0.16751879124639693,-0.0051111009148634605,0.3023500454239001,-0.9531308727166882,-0.009993305455550517,1.0000000000000002,1.0000000000000002,1.0000000000000002,3.125630814212511,0.01578670458691994,-2.5273644270050806,-0.09893579784828116,0.07349671815915479,1.1696302796942992,-4.0,4.0,2.1072930808768984,1.0,1.0,0.0,7.8,1.0,26.037477493286133,-38.10967254638672,0.019999999552965164
14.840080261230469,2.1743680021630443,0.7860666291368439,0.16751879124639693,0.5709414713577319,0.16751879124639693,0.0010490655124384433,0.39298858938265335,-0.918535539472843,-0.043027093812113004,1.0000000000000002,1.0000000000000002,1.0000000000000002,3.061598348791629,0.03189651413670918,-2.3343175144410244,-0.03220384104167477,0.04191586226552113,1.033466451461498,-4.0,4.0,4.0,1.0,1.0,1.0,7.8,1.0,26.08200454711914,-38.1459846496582,0.019999999552965164
14.860089778900146,2.1429220562972304,0.7860666291368439,0.16751879124639693,0.5709414713577319,0.16751879124639693,0.018714447739039915,0.2501916235703957,-0.9639299045838087,0.08884289498931107,1.0000000000000002,1.0000000000000002,1.0000000000000002,-2.9784297777162334,-0.08062163761826548,-2.6402880191291365,0.09417495147606983,-0.0014006629839475038,1.0046475783578095,-4.0,4.0,0.7338043430063088,1.0,1.0,0.0,7.8,1.0,26.08200454711914,-38.1459846496582,0.019999999552965164
14.88008165359497,1.9359156751538247,0.7860666291368439,0.16751879124639693,0.5709414713577319,0.16751879124639693,-0.06631493971381817,0.24391190972316992,-0.9673097937447338,-0.02052003877845576,1.0000000000000002,1.0000000000000002,1.0000000000000002,3.134172818101043,0.13874910040702054,-2.648096673144563,-0.02780554389367898,-0.010817939220248235,1.5511255965551365,-4.0,4.0,-0.07804016226371058,1.0,1.0,0.0,7.8,1.0,26.137664794921875,-38.16414260864258,0.019999999552965164
14.900088548660278,2.053369010029666,0.7860666291368439,0.16751879124639693,0.5709414713577319,0.16751879124639693,-0.011850781161355966,0.24023961302518368,-0.9701259743301356,0.031624061241106435,1.0000000000000002,1.0000000000000002,1.0000000000000002,-3.07448756169751,0.007798875829338338,-2.6558229988369524,0.052757375064755835,0.06373028330450936,2.126151121553115,-4.0,4.0,-3.047939666999694,1.0,1.0,0.0,7.8,1.0,26.19332504272461,-38.191375732421875,0.019999999552965164
14.920099258422852,2.053369010029666,0.7860666291368439,0.16751879124639693,0.5709414713577319,0.16751879124639693,-0.011850781161355966,0.24023961302518368,-0.9701259743301356,0.031624061241106435,1.0000000000000002,1.0000000000000002,1.0000000000000002,-3.07448756169751,0.007798875829338338,-2.6558229988369524,0.052757375064755835,0.06373028330450936,2.126151121553115,-4.0,4.0,-3.047939666999694,1.0,1.0,0.0,7.8,1.0,26.19332504272461,-38.191375732421875,0.019999999552965164
14.940099239349365,2.053369010029666,0.7860666291368439,0.16751879124639693,0.5709414713577319,0.16751879124639693,-0.011850781161355966,0.24023961302518368,-0.9701259743301356,0.031624061241106435,1.0000000000000002,1.0000000000000002,1.0000000000000002,-3.07448756169751,0.007798875829338338,-2.6558229988369524,0.052757375064755835,0.06373028330450936,2.126151121553115,-4.0,4.0,-3.047939666999694,1.0,1.0,0.0,7.8,1.0,26.19332504272461,-38.191375732421875,0.019999999552965164
14.96012020111084,2.0961115790197784,0.7860666291368439,0.16751879124639693,0.5709414713577319,0.16751879124639693,-0.017187371169222365,0.3372133387682036,-0.9407775684536183,-0.030484834321185542,1.0000000000000002,1.0000000000000002,1.0000000000000002,3.095745148903647,0.05292347408802681,-2.4544566695524965,-0.09321586167568614,0.052897799600608336,2.228827053158529,-4.0,4.0,-1.4910901284636306,1.0,1.0,0.0,7.8,1.0,26.24898338317871,-38.20953369140625,0.019999999552965164
14.980118036270142,2.1791309927322224,0.7860666291368439,0.16751879124639693,0.5709414713577319,0.16751879124639693,0.09290086847268345,0.17637012817658984,-0.9791891559041008,-0.03809991448558627,1.0000000000000002,1.0000000000000002,1.0000000000000002,3.032434478090679,-0.16930332151431707,-2.7759054301193906,-0.09285158926205515,0.09689296492015229,2.4115186786855785,-4.0,4.0,-3.441248378228315,1.0,1.0,0.0,7.8,1.0,26.304643630981445,-38.23677062988281,0.019999999552965164
