# simulator=ardupilot,# scenario=flip
t,alpha_err,q_ref0,q_ref1,q_ref2,q_ref3,q_m0,q_m1,q_m2,q_m3,phi_ref,theta_ref,psi_ref,phi,theta,psi,p,q,r,tau_x,tau_y,tau_z,sat_x,sat_y,sat_z,thrust,desat,x,y,z
4.76837158203125e-07,0.24675289678047654,0.9999999999997194,7.490140565847157e-07,0.0,0.0,0.9923987125252305,0.08384765233363166,-0.08949262382910518,-0.010268245058706988,1.4980281131695715e-06,0.0,0.0,0.17176697511639316,-0.17682278574221724,-0.03595615027979602,-0.061802283866894306,0.062280839613561595,0.0800017311381524,1.9241473157280315,-2.0389756812146502,-0.5253731663513559,0.0,0.0,0.0,4.497272177287604,1.0,0.0,0.0,0.0
0.04421043395996094,0.1828240610801512,0.9975896241458527,0.06938978164352701,0.0,0.0,0.9923987125252305,0.08384765233363166,-0.08949262382910518,-0.010268245058706988,0.13889117454063,0.0,0.0,0.17176697511639316,-0.17682278574221724,-0.03595615027979602,-0.061802283866894306,0.062280839613561595,0.0800017311381524,0.5428734956991106,-2.0204113921945925,-0.6490742916518281,0.0,0.0,0.0,4.509644315326909,1.0,0.0,0.0,0.0
0.044539690017700195,0.18265938995521713,0.9975536027318811,0.06990571991363997,0.0,0.0,0.9923987125252305,0.08384765233363166,-0.08949262382910518,-0.010268245058706988,0.13992556295277359,0.0,0.0,0.17176697511639316,-0.17682278574221724,-0.03595615027979602,-0.061802283866894306,0.062280839613561595,0.0800017311381524,0.5325727599791532,-2.020240963565732,-0.6499903475082328,0.0,0.0,0.0,4.522016453366214,1.0,0.0,0.0,0.0
0.060128211975097656,0.32945187945604215,0.9955429914789524,0.09430881251048841,0.0,0.0,0.9969403151900432,-0.06397716406162716,-0.005684675103954535,-0.044549016783444244,0.18889834901445665,0.0,0.0,-0.12741928360792684,-0.017035627071141077,-0.08822523649139695,0.08210567658496704,-0.06776413649172804,0.0003489578072718713,-3.4826681976530094,0.24189707422250456,-0.899127359121048,0.0,0.0,0.0,4.434588844014749,1.0,0.0,0.0,0.0
0.0801398754119873,0.44262867976697007,0.9920871396779248,0.12555121379609877,0.0,0.0,0.9927535776861822,-0.07397999924616487,-0.025560689074187817,0.0911808361273111,0.25176684385390063,0.0,0.0,-0.15224183314127135,-0.03726844132911061,0.1860215842376411,-0.06554480768108786,-0.02055199886760402,-0.0015622109026298403,-3.6985412197640994,-0.653917915780281,1.7512520309756532,0.0,0.0,0.0,4.464705040721048,1.0,0.0,0.0,0.0
0.1001131534576416,0.39159214894199135,0.9876605201699964,0.1566100153168121,0.0,0.0,0.9929521065792712,0.0012356299422673555,0.038468836713016305,0.11209253258081188,0.3145147474302345,0.0,0.0,0.011110443076385097,0.07619211262131056,0.2252479751943308,0.05555536454841284,0.026210898951040063,0.08949667310627665,-3.307938692368113,0.30394316487446227,1.976692790430541,0.0,0.0,0.0,4.435140239948138,1.0,0.0,0.0,0.0
0.12012100219726562,0.49543836366315386,0.982251617455289,0.18756801434804551,0.0,0.0,0.9965123335402971,-0.04985747172208694,0.061927180108668774,0.025346123556504254,0.377371258044773,0.0,0.0,-0.09715315595970278,0.1262851821430227,0.04471121353681557,-0.04718781402616519,-0.030924156787096174,0.01631695615887052,-4.0,1.245175642333808,0.6649687566996116,1.0,0.0,0.0,4.490770007278537,1.0,0.0,0.0,0.0
0.14011359214782715,0.3392785571004248,0.9758778230770646,0.2183173708763677,0.0,0.0,0.9911618489899777,0.08424827994737343,-0.08520697803982333,-0.056922643350417496,0.4401798317596903,0.0,0.0,0.17996380778190196,-0.15999831406900006,-0.12920096927512428,0.04350279648369612,0.0795771440224505,0.07794717592673575,-2.8574476049632134,-1.7327965441074364,-1.7948228777583872,0.0,0.0,0.0,4.5774459543272155,1.0,0.0,0.0,0.0
0.1600949764251709,0.5765559592042718,0.9685460486487508,0.2488343859817041,0.0,0.0,0.9981189318422311,-0.03210680637216214,0.04914577449139908,-0.017676077968380263,0.502953201813948,0.0,0.0,-0.06619026988971032,0.09712423643576558,-0.038633120136519705,-0.008226580142503076,0.030230318180891308,-0.04311605955336926,-4.0,0.9190459612615104,0.07464550115908992,1.0,0.0,0.0,4.488939152722166,1.0,0.0,0.0,0.0
0.1801009178161621,0.6093396739342243,0.9602494475689473,0.2791433295701898,0.0,0.0,0.9936569977204238,-0.0007613896820356787,-0.053395079322382966,0.09896543169785213,0.565803720316034,0.0,0.0,-0.012150356230697115,-0.10616138427231642,0.1991851671904419,-0.012553911257394842,-0.029385426934663644,0.06774883774646245,-4.0,-1.4604210030355054,1.3315370668455606,1.0,0.0,0.0,4.495639659875102,1.0,0.0,0.0,0.0
0.20015215873718262,0.4650707511731526,0.9509826308599085,0.30924429793088665,0.0,0.0,0.992997139305773,0.09300810320885024,-0.011831685527425969,0.0718761802381227,0.628796551488871,0.0,0.0,0.18417671401070584,-0.03687615125089217,0.14110822575370294,-0.039557372177024465,-0.09081733053163472,-0.0024099901415143288,-4.0,-0.30631120439487663,1.3035223144609178,1.0,0.0,0.0,4.562208145315062,1.0,0.0,0.0,0.0
0.2201693058013916,0.8193429142157986,0.9407906500497853,0.33898813073454703,0.0,0.0,0.9942756546054038,-0.053552039733905356,-0.07340492732668454,-0.05621226150492682,0.6916822736516165,0.0,0.0,-0.09955759534680517,-0.1525813812435502,-0.1053352018928725,-0.09490408817253962,0.06449372879733123,0.09219377035345688,-4.0,-1.258042512081567,-1.9241224642771613,1.0,0.0,0.0,4.569451740467869,1.0,0.0,0.0,0.0
0.24010515213012695,0.8673435241928548,0.9297156691234164,0.3682781212431687,0.0,0.0,0.9914860962327113,-0.03902263835659558,0.04453759473784104,0.11596963968158575,0.7543125820210667,0.0,0.0,-0.06742197212203095,0.0975222031328731,0.22958139850287032,-0.01281443403051867,-0.09665965267649171,-0.06065212325651047,-4.0,0.36060298409912295,2.7270287504122166,1.0,0.0,0.0,4.537822511805117,1.0,0.0,0.0,0.0
0.2601017951965332,0.9022779031074044,0.9176911101943432,0.3972946340819037,0.0,0.0,0.9951677124092214,-0.03349013033349325,0.09120188210777595,0.014207464532497112,0.8171338889749458,0.0,0.0,-0.06520526986839736,0.18350206840860842,0.022549361228473896,0.018736945574996347,0.04858316695486037,0.0011106915979684773,-4.0,1.366679472593128,0.9809988791974021,1.0,0.0,0.0,4.604935397704835,1.0,0.0,0.0,0.0
0.2801339626312256,0.9232650590041986,0.9047374365452122,0.4259696830921165,0.0,0.0,0.9949095828694012,-0.011281084975946471,-0.09932680460946117,0.012721828582136963,0.8800667990232558,0.0,0.0,-0.025478366527887722,-0.1986594734604536,0.028111696565374288,-0.04937162721114374,0.03679970737127383,0.10060263224573451,-4.0,-2.0528746669266185,-1.018416387032429,1.0,0.0,0.0,4.622383671840008,1.0,0.0,0.0,0.0
0.3001070022583008,1.0000636306261765,0.8909302054453925,0.45414025259277635,0.0,0.0,0.997898200596188,-0.025301303798853578,0.03919324212025366,0.044976827868043245,0.9428139535855332,0.0,0.0,-0.04714105950176405,0.08058486665382689,0.08818134449410521,0.046354630264256236,0.04875218965308589,0.024733635335985965,-4.0,0.09484434709672884,1.0584743260396494,1.0,0.0,0.0,4.56185562442603,1.0,0.0,0.0,0.0
0.3200976848602295,1.0686782924190168,0.8762327479894654,0.48188813157290983,0.0,0.0,0.9948254778965752,-0.023020468358353873,-0.07725838941677382,0.06183419627632327,1.0056165351879978,0.0,0.0,-0.05602740415414722,-0.15144861524032804,0.1284037999209957,0.020972118508619658,0.08210196096651726,0.09346433832196252,-4.0,-2.278277767362268,-0.034832417317024134,1.0,0.0,0.0,4.613970550069253,1.0,0.0,0.0,0.0
0.34015750885009766,1.123668580400063,0.8606160565232193,0.509254360074043,0.0,0.0,0.9993551580214197,-0.027062622661766154,-0.01934728074248369,-0.013511673416766328,1.0686363308668718,0.0,0.0,-0.05363485480368175,-0.03941113392852065,-0.025981840932815407,-0.017880301688203842,0.05009120203634723,-0.0828085369627146,-4.0,-0.39575884529857175,-0.09838685548221032,1.0,0.0,0.0,4.57612882933699,1.0,0.0,0.0,0.0
0.3601186275482178,1.0669988990213086,0.844228065030673,0.5359841175021567,0.0,0.0,0.9899689285406468,0.04715279592941932,-0.07206012166861947,0.11200657670523688,1.1313460347263198,0.0,0.0,0.07821980967562303,-0.15384354899508218,0.2192930545070212,0.010452297094353843,0.008777271503402823,0.0686630527012507,-4.0,-2.452487551052961,0.8440680852533721,1.0,0.0,0.0,4.646923610580488,1.0,0.0,0.0,0.0
0.38015127182006836,1.292355023463547,0.8269469902372646,0.5622798905683267,0.0,0.0,0.9961667937651908,-0.045148043530577026,0.07147165078707525,-0.022476127306793006,1.1942804428027434,0.0,0.0,-0.09423374114983797,0.14083092749252604,-0.05176897361160642,-0.004371478764932671,-0.048038973591923356,0.06471767332360445,-4.0,1.6269787125301747,0.1731394298006274,1.0,0.0,0.0,4.656556560598657,1.0,0.0,0.0,0.0
0.40012621879577637,1.410745052271119,0.8089004418075659,0.5879456397010906,0.0,0.0,0.9958483428523279,-0.07512952242696537,0.0036688298786879373,-0.05126570574458147,1.257033589477473,0.0,0.0,-0.1505798061562039,-0.0003959396794916297,-0.1028381874961663,0.06460152283806339,-0.005884323668926883,0.10105369274812798,-4.0,0.6857206200459735,-1.1904503609202912,1.0,0.0,0.0,4.654671381176943,1.0,0.0,0.0,0.0
0.4201521873474121,1.251037721749487,0.7900084711037121,0.6130959269024508,0.0,0.0,0.9984942589991708,0.035623305191734664,0.018877065544488047,0.037200151469347395,1.3199470251603123,0.0,0.0,0.07265228135924551,0.03505407701354718,0.07575212303339086,-0.045283800795180774,-0.09650205415014684,0.10821376083181458,-4.0,0.22812382347487645,0.3863826923591789,1.0,0.0,0.0,4.629047770352462,1.0,0.0,0.0,0.0
0.44013261795043945,1.3697807424620212,0.7703804405767402,0.637584485991298,0.0,0.0,0.9993593932221736,0.007217038773150552,-0.01750632685155641,0.030368504245715813,1.3827173991583437,0.0,0.0,0.01337034091139116,-0.03543598145165385,0.06052032101483993,-0.016181251494793242,-0.0937664490734302,0.04335965075490114,-4.0,-0.2819145829585135,0.07123218244491342,1.0,0.0,0.0,4.629319751193671,1.0,0.0,0.0,0.0
0.4601278305053711,1.564175859528356,0.7499782659383506,0.6614624710594733,0.0,0.0,0.9946540780210833,-0.05521908012809728,-0.060626102989633085,-0.06275821780552858,1.4455342120278833,0.0,0.0,-0.10326336022024372,-0.12788318762505854,-0.11940628989038342,0.05814305485998336,-0.08479160941497249,-0.07621396221400796,-4.0,0.2600453624232639,-1.4385279762919776,1.0,0.0,0.0,4.7012284306186265,1.0,0.0,0.0,0.0
0.48009824752807617,1.6402142770400967,0.7288629747381972,0.6846595972129407,0.0,0.0,0.9971402639823301,-0.06519407560919133,-0.015292351565271967,-0.035030992482603135,1.508273127435538,0.0,0.0,-0.1293838904708289,-0.035072054914259326,-0.06796175129982375,0.08871719727858501,0.009977749001059702,0.07608297778339557,-4.0,0.21685453100580443,-1.0243888841739688,1.0,0.0,0.0,4.692079730065516,1.0,0.0,0.0,0.0
0.50010085105896,1.739920874970834,0.7069947549520312,0.7072187896756683,0.0,0.0,0.9959321549614173,-0.0837958849522389,0.014804051279591697,0.029634986834651357,1.5711131597408319,0.0,0.0,-0.1669050751239395,0.03446106166627486,0.05661166326644083,0.04147164466217554,0.04788324192921539,0.04134551933044478,-4.0,-0.4013736260077468,0.4630475923466285,1.0,0.0,0.0,4.730506343928705,1.0,0.0,0.0,0.0
0.5201199054718018,1.6548075497010726,0.6844097946789759,0.7290975469355812,0.0,0.0,0.9958546355461518,-0.006560640919768185,0.038747789173795046,0.08203116289621791,1.63400487401603,0.0,0.0,-0.0067305253074051215,0.07833076282238326,0.16411041254685732,0.05794408881872895,0.02311394211375932,0.049647714218889305,-4.0,-0.758242832599122,1.489286130941826,1.0,0.0,0.0,4.688482094575781,1.0,0.0,0.0,0.0
0.540116548538208,1.7554450908327865,0.6611745283963771,0.750232126078208,0.0,0.0,0.9940872938033672,-0.024472938361678145,-0.02333096248177445,0.10318524010883275,1.6968261809699092,0.0,0.0,-0.05354261502179648,-0.04134731489296435,0.2079645035899866,0.008866775888101211,0.04650257628910523,0.10908257110376107,-4.0,-2.042784708809636,0.5780660131903934,1.0,0.0,0.0,4.69673917417655,1.0,0.0,0.0,0.0
0.5601236820220947,1.777754091465768,0.6372742829727804,0.7706370664985747,0.0,0.0,0.9971922619953666,-0.006748621890466126,0.061996716269141466,0.04145426263953051,1.759680444542278,0.0,0.0,-0.00838431126389497,0.12452639511065196,0.08257140918293228,0.051895549489397924,0.07012523972444931,0.0007607587148353856,-4.0,-0.1292465278439015,1.4808510263000139,1.0,0.0,0.0,4.7348287930971065,1.0,0.0,0.0,0.0
0.5801312923431396,1.8702593639088645,0.6127440841622498,0.7902813975566968,0.0,0.0,0.9935086244417239,-0.01904695319572186,-0.0878457418906279,0.06972053044519,1.8225362061427601,0.0,0.0,-0.05087480263209292,-0.17275305850202885,0.14452871482757135,0.04842724239858223,0.04167224477815207,0.00852111960981701,-4.0,-2.345204917131511,-0.5681247403549896,1.0,0.0,0.0,4.787360497845776,1.0,0.0,0.0,0.0
0.6001157760620117,2.03062027962652,0.5876381142468154,0.8091238759821927,0.0,0.0,0.9915300123517421,-0.06835094091425677,0.09474002378267736,0.05675131166367828,1.8853193133797534,0.0,0.0,-0.1275955435957614,0.19690304925843718,0.10172776501962032,-0.024952739535272148,0.018199511789706996,-0.03098815004711806,-4.0,0.12228210602041573,2.324065580603717,1.0,0.0,0.0,4.854503909759131,1.0,0.0,0.0,0.0
0.6201028823852539,1.9922915904920713,0.5619497082767372,0.82717140023558,0.0,0.0,0.9990768398947378,-0.021627261862657825,0.013207604675111482,0.03468845209885591,1.948110659771369,0.0,0.0,-0.042327390027278276,0.02789487382807302,0.0688226404781641,-0.09669383372507208,-0.06167958450966691,0.10815304732901751,-4.0,-0.17870737996937477,0.17575017849180208,1.0,0.0,0.0,4.740087972533572,1.0,0.0,0.0,0.0
0.6401078701019287,2.096793260495196,0.5356837227092538,0.8444187049233072,0.0,0.0,0.997032521131081,-0.0416060000742772,-0.0567482477726379,0.03122064924941627,2.010958182217229,0.0,0.0,-0.08715242418410934,-0.1107882619507981,0.06744241444236171,0.09187441186498443,-0.05443181469482983,0.0659228368038379,-4.0,-0.9175209978232948,-0.887589112725565,1.0,0.0,0.0,4.793468983882373,1.0,0.0,0.0,0.0
0.6600916385650635,1.979244722080022,0.5089175105171873,0.8608152923182699,0.0,0.0,0.99826507044274,0.04759553333931595,-0.02583014340727995,0.023115320280212244,2.0737390424120523,0.0,0.0,0.09410655717150616,-0.0537969771996502,0.04376890885690652,-0.023241194596817463,0.001730852554857984,0.0012448849246355087,-4.0,-0.6677920794829557,-0.21440336361749118,1.0,0.0,0.0,4.786070601795083,1.0,0.0,0.0,0.0
0.680121660232544,2.0231578021211822,0.48158620007912845,0.8763987288291475,0.0,0.0,0.9946123694725791,0.05879903978166872,0.07281579949300086,-0.044573161847581096,2.1366652113338533,0.0,0.0,0.11197280049131302,0.1506579964858142,-0.08110970300567691,0.08505833458830678,0.010570755240392679,-0.014550037830009188,-4.0,1.440335910371908,0.9051972408131462,1.0,0.0,0.0,4.855055402296606,1.0,0.0,0.0,0.0
0.7001016139984131,2.1908869439247294,0.45384827604380124,0.8910789764841665,0.0,0.0,0.9957307218277107,0.006443355282928683,0.07090259831369851,-0.058750611346014794,2.1994340873037714,0.0,0.0,0.0045466113837437155,0.14243804927935663,-0.11754401309989615,-0.09933114774994439,0.0959939774654861,0.10540184745348496,-4.0,1.3066332228925381,0.30871163137666513,1.0,0.0,0.0,4.830973464748219,1.0,0.0,0.0,0.0
0.7201237678527832,2.252334878258823,0.4256033723929456,0.9049098128585807,0.0,0.0,0.9968001021153992,0.006499427423170922,0.07012219650531845,-0.03781787174300613,2.2623355387617052,0.0,0.0,0.007730035059399788,0.14075149172597184,-0.07529726268728254,0.060535579747471036,-0.08907526128290254,0.0573119489654218,-4.0,1.6376211762103672,0.7179292034645739,1.0,0.0,0.0,4.842026756041687,1.0,0.0,0.0,0.0
0.7401001453399658,2.3505358823099867,0.3970035156391075,0.917817088841883,0.0,0.0,0.9927284832037826,-0.009610700014132277,0.010844751681796397,0.1194997256989138,2.325093179520775,0.0,0.0,-0.01649517311819881,0.023830995411083303,0.2394006791406986,0.07790977836504046,-0.07923038132357646,0.07395055217692423,-4.0,-1.7905481909951806,0.8521039840558485,1.0,0.0,0.0,4.808019119876958,1.0,0.0,0.0,0.0
0.7601151466369629,2.4650506368096288,0.36795637621111027,0.9298430540718083,0.0,0.0,0.9985626919530204,-0.03825476763403644,0.01972852524395837,0.03193600295124192,2.387972160557011,0.0,0.0,-0.07527640696369274,0.041855967623955645,0.06236578915389659,0.04622222190017239,0.06092014511322136,-0.06167347750030319,-4.0,-0.6924052576983402,0.8486036716368391,1.0,0.0,0.0,4.835918450826265,1.0,0.0,0.0,0.0
0.7801492214202881,2.5423814908279656,0.33851737182143293,0.9409601420756938,0.0,0.0,0.9983574174187951,-0.045504528813239145,0.019827016042678933,0.02861283588185753,2.4509110627177737,0.0,0.0,-0.08992607818585169,0.04220545327432822,0.05540489137128052,-0.01633400219756262,-0.08860601505578336,0.010339351894387755,-4.0,-0.04981091487190881,0.5254900691332617,1.0,0.0,0.0,4.853917900899028,1.0,0.0,0.0,0.0
0.8001019954681396,2.5053125814199118,0.30886461773940604,0.9511060129705261,0.0,0.0,0.9975166711049074,0.004944631323908793,-0.039578842671960365,0.05804788283480227,2.5135945510852413,0.0,0.0,0.005286540294576795,-0.07961925561790868,0.11604311332871226,-0.09905528284128905,0.08930751453798713,0.05346640815609946,-4.0,-1.705913948488592,-0.6081603948116561,1.0,0.0,0.0,4.857455784737306,1.0,0.0,0.0,0.0
0.8200998306274414,2.7201425949329634,0.27884051551610683,0.9603374234646445,0.0,0.0,0.988148362638991,-0.06910784806685015,0.05049334744689965,0.12742582396459862,2.5764196031094033,0.0,0.0,-0.12489522465937966,0.11767346985975907,0.24912631628252005,0.07894689673851815,-0.09301404190402443,0.10598544000213578,-4.0,-1.7937877611197943,1.2565009126637379,1.0,0.0,0.0,4.926173094024864,1.0,0.0,0.0,0.0
0.8400988578796387,2.77387798658369,0.24853947715533434,0.9686217674073575,0.0,0.0,0.9931547683963536,-0.06608866707686506,0.06634914274627994,0.06981178519721655,2.6392484002038485,0.0,0.0,-0.12355428774191658,0.14148908043278458,0.13158854646937881,-0.0873018925361237,0.09054010137162294,-0.07206870438888889,-4.0,-1.3847770758010043,1.9206389876567842,1.0,0.0,0.0,4.9528725994644915,1.0,0.0,0.0,0.0
0.8601887226104736,2.80623750597052,0.21785392638259302,0.9759813864821848,0.0,0.0,0.9984439465962424,-0.05186777918825395,0.012170770824421579,-0.016470923621279557,2.702362571653852,0.0,0.0,-0.10419002422990295,0.022596967490507765,-0.03416849937236828,0.04365236452716528,0.04324979416434621,-0.017927924216139715,-4.0,0.201536125017446,0.2375155048992058,1.0,0.0,0.0,4.905849469166224,1.0,0.0,0.0,0.0
0.8801493644714355,2.736586596744022,0.18715084405319196,0.9823311873142264,0.0,0.0,0.9912218842962096,0.015894668009525766,0.06706492243841619,0.1128221246009313,2.765070777485187,0.0,0.0,0.04705573000893839,0.12972947656488812,0.22972414285888323,0.08875057602891107,-0.08099194188053266,-0.05343809886287926,-4.0,-1.6415809279545692,1.9536468101116085,1.0,0.0,0.0,4.936903987360961,1.0,0.0,0.0,0.0
0.9001317024230957,2.9973965174254835,0.15623013101925382,0.9877206822587582,0.0,0.0,0.9926464208523537,-0.08407808007009136,-0.07799488942654535,0.03873960304494946,2.827847143595671,0.0,0.0,-0.17580143713202556,-0.14887775254304797,0.09115795415630765,-0.043239620483059515,-0.05176582147131575,0.10914261401138273,-4.0,-0.8019178929933839,-1.8562678988002799,1.0,0.0,0.0,5.034428903599622,1.0,0.0,0.0,0.0
0.9201359748840332,3.0232320272375657,0.1251213260705418,0.9921414484650609,0.0,0.0,0.9904551984187214,-0.06529441275077148,0.10236336546057662,0.06524477757221336,2.890692418999361,0.0,0.0,-0.11894440404799556,0.21289752903116366,0.11883262466513352,-0.020021094730035258,0.018723325619807787,0.09062033071582537,-4.0,-1.1133774644353438,1.8319676924732538,1.0,0.0,0.0,5.063281945911749,1.0,0.0,0.0,0.0
0.9401109218597412,2.785860097591273,0.09393484950505772,0.995578346514458,0.0,0.0,0.994673770137847,0.08386621498336265,-0.059862585320065,0.002649502391681352,2.953445565674091,0.0,0.0,0.1685208729387316,-0.11981838294542822,-0.004804581298469694,0.08653653951351653,0.006941532210534479,-0.05399878181147606,-4.0,-0.19298553190654202,-0.9709851348061977,1.0,0.0,0.0,5.032868648936235,1.0,0.0,0.0,0.0
0.9601068496704102,2.999225793296674,0.06262301076796237,0.9980372530734289,0.0,0.0,0.9984632122046436,0.008613463570535655,0.04871978068844452,-0.024968081403537463,3.0162646255858006,0.0,0.0,0.014839136892830698,0.09787613722828063,-0.04927580901831517,-0.09481208696242416,-0.01758801180531762,-0.0389433378317946,-4.0,0.629753141804581,1.096984944488098,1.0,0.0,0.0,4.962293491203143,1.0,0.0,0.0,0.0
0.9801115989685059,3.119306764130967,0.031235545846196696,0.9995120512908737,0.0,0.0,0.9983555011558224,-0.020051248871672797,-0.01420531471485253,0.05179237168198511,3.0791113990176036,0.0,0.0,-0.04153429234470717,-0.026289933036848425,0.10420851704425396,-0.04773162245922824,-0.044057627393366786,-0.08349764804072655,-4.0,-0.8679856988288475,0.08237818716853063,1.0,0.0,0.0,4.955985279464642,1.0,0.0,0.0,0.0
1.0002188682556152,3.0009484827238566,-0.0003437974451997573,0.9999999409016566,0.0,0.0,0.994062575093275,0.07060590069627827,-0.0530238574906547,-0.06358359947820749,-3.1409050586858487,-0.0,0.0,0.14834873066164905,-0.0965894287702098,-0.13493590107873132,-0.09671592256330397,-0.027058183543832826,-0.05460888602756038,-4.0,1.3802692379205714,-0.8416043454492654,1.0,0.0,0.0,5.040600325723692,1.0,0.0,0.0,0.0
1.0201029777526855,3.041170588463121,-0.03157243592479421,0.9995014663770008,0.0,0.0,0.9967837582367605,-0.01872838237430523,-0.0431113700130239,-0.06490606123191679,-3.0784372863666776,-0.0,0.0,-0.031869992987870716,-0.08849204724873923,-0.12863622206876607,-0.02308080655070907,0.022424229012553032,0.06902950458023283,-4.0,1.2349997708582383,-1.096930720044199,1.0,0.0,0.0,4.984022827212861,1.0,0.0,0.0,0.0
1.0401341915130615,3.1027358663222784,-0.06300088972757255,0.9980134707976311,0.0,0.0,0.9917394999540668,0.0431389963425258,0.05826937566149994,0.10581337857490497,-3.0155073723745938,-0.0,0.0,0.0986158027166194,0.1066487719381229,0.21785309647751713,0.008145188294921585,0.056064705687941196,-0.04541585175671026,-4.0,-2.40974281712995,1.211409104023743,1.0,0.0,0.0,5.014717652041297,1.0,0.0,0.0,0.0
1.0601179599761963,2.912708423171041,-0.0942927804708276,0.995544510080328,0.0,0.0,0.9973033672232777,-0.020244160911009505,-0.07027401023853937,-0.006142569422876094,-2.9527265121797694,-0.0,0.0,-0.03992184366304381,-0.14088329850831502,-0.009501007763170272,0.004754139815959596,0.04412293516959592,0.04723143169631597,-4.0,0.07833892106079365,-1.5765598296690349,1.0,0.0,0.0,5.0156500265624135,1.0,0.0,0.0,0.0
1.0801124572753906,2.9515051152843177,-0.12550848616492466,0.9920925460361997,0.0,0.0,0.9931481376068885,0.02998488303414066,-0.07814245470224973,0.08155636290630387,-2.8899119463524,-0.0,0.0,0.04744240562488894,-0.16079700672717093,0.16004711665766524,-0.05649518897966917,0.008852655091482559,0.07476418030883811,-4.0,-1.4574889908914646,-2.0542679709265674,1.0,0.0,0.0,5.0325088350277625,1.0,0.0,0.0,0.0
1.100116491317749,2.8304596916921523,-0.15661519371594865,0.9876596990347009,0.0,0.0,0.993715303521323,0.0006997861306884398,0.0854650373584163,0.07228508308233954,-2.827067419962767,-0.0,0.0,0.013949373105917541,0.17058071349302484,0.14642135599428757,0.06544979256462799,-0.0053911329940588,-0.08392359947472759,-4.0,-1.6739992036963842,1.7974830136126878,1.0,0.0,0.0,5.035567243634682,1.0,0.0,0.0,0.0
1.1200978755950928,2.633152433072856,-0.18753233179126386,0.982258430624513,0.0,0.0,0.9977208946898827,-0.0655486717716058,-0.012283582754880331,0.010271393425557065,-2.7642940499085094,-0.0,0.0,-0.13146442689980012,-0.023166694148464968,0.0221140486191177,0.03424379456223642,-0.03384474188217593,0.0056613261488243916,-4.0,-0.02033290986611544,-0.30248272617720273,1.0,0.0,0.0,5.006533261315655,1.0,0.0,0.0,0.0
1.1400940418243408,2.7439371776493497,-0.21828740197894042,0.9758845270508619,0.0,0.0,0.9972048519210284,0.02065506326934095,0.01284025162216819,0.07064686549861031,-2.7014742409827432,-0.0,0.0,0.04303326221815721,0.02269223894649557,0.14194179613455546,0.017138190585061913,0.05959142964383912,-0.019075613024654395,-4.0,-1.6732866804172797,0.018488095175945234,1.0,0.0,0.0,4.9678770352988355,1.0,0.0,0.0,0.0
1.160128116607666,2.8405800696494317,-0.24888480473956567,0.9685330938949626,0.0,0.0,0.9881394977557667,0.09911296413413327,0.07272518708476441,0.09202173916533589,-2.6385353388219803,-0.0,0.0,0.21252290196566265,0.1258158386538857,0.19915433675899472,0.08784975334503725,-0.02676409496031122,0.02868687421202562,-4.0,-2.037469494691515,0.8359312604986374,1.0,0.0,0.0,5.1166490019657385,1.0,0.0,0.0,0.0
1.1800994873046875,2.5478473874602634,-0.2791411718484828,0.960250074813356,0.0,0.0,0.9989583681629253,-0.014246985728067773,0.030102148786617437,-0.031193953153746713,-2.575793427358099,-0.0,0.0,-0.030400388516962983,0.05928747376893352,-0.06333418657056722,-0.018669421132052277,-0.06930178272119501,0.0583195526825977,-4.0,0.7082320661278967,0.5189839345159233,1.0,0.0,0.0,4.9730313368895125,1.0,0.0,0.0,0.0
1.2001159191131592,2.4966551132105628,-0.3091901626786541,0.9510002330718681,0.0,0.0,0.9990536299854065,-0.008424276952259002,-0.040231365141061806,0.014223685517498294,-2.512909952237523,-0.0,0.0,-0.018036081194000395,-0.08023298759944264,0.02919634695082542,-0.0352042052198875,0.06669003618636812,-0.05182537446279076,-4.0,-0.2885118629361244,-0.6458557274487273,1.0,0.0,0.0,4.978823755983599,1.0,0.0,0.0,0.0
1.2201423645019531,2.2901352246134943,-0.3389483168347107,0.9408049949457733,0.0,0.0,0.9937874056119437,-0.08093280894309748,-0.054993007068693006,-0.05303057662523741,-2.449995018526571,-0.0,0.0,-0.15675718224599203,-0.11816131407739876,-0.09733198579632972,0.042914900186474036,-0.09192263600136033,0.034394788639916296,-4.0,1.7383149151552568,-0.8128405755479897,1.0,0.0,0.0,5.058870803295745,1.0,0.0,0.0,0.0
1.2401187419891357,2.3368532863629032,-0.36829796770724366,0.9297078073151339,0.0,0.0,0.9982864243852452,-0.02574250593770206,0.03655009077815661,-0.03775750442333549,-2.3872373777675016,-0.0,0.0,-0.054320719970723276,0.07109083926104395,-0.077540732913523,0.04607643913106646,0.036552158336932955,0.04439061740864195,-4.0,0.2866338165322754,0.7801758683522482,1.0,0.0,0.0,4.981913562887557,1.0,0.0,0.0,0.0
1.2600970268249512,2.2728276584580636,-0.39728776043534764,0.9176940859612563,0.0,0.0,0.9927014452558549,-0.028835527043286905,-0.062353264879158425,0.09911822902969226,-2.32447374489598,-0.0,0.0,-0.07015879475795894,-0.11835623235050054,0.20319268458382067,-0.013558738882010313,-0.08419711038368297,-0.04737245274982132,-4.0,-0.9869720311018487,-1.7425038219907887,1.0,0.0,0.0,5.009281781812139,1.0,0.0,0.0,0.0
1.2801127433776855,2.4642466574879403,-0.4259395269384454,0.9047516340916182,0.0,0.0,0.9856461057072871,0.09681096014450802,0.04232697445488218,0.1316731541866217,-2.261592516817573,-0.0,0.0,0.2037358228952581,0.05797649980875478,0.27153689397129777,-0.045120942579316536,0.04591747203238922,0.09712162824781997,-4.0,-2.926874545977392,-0.7442745470019558,1.0,0.0,0.0,5.075321107569571,1.0,0.0,0.0,0.0
1.3001065254211426,2.3967247359773958,-0.45413958527340165,0.8909305456025755,0.0,0.0,0.9905172666281771,0.09647160056626441,0.027307533992691774,0.09393121623222925,-2.1987801980323733,-0.0,0.0,0.19765520957778,0.03598154185415035,0.19266342895423458,0.09583074856581761,-0.017865346896707573,-0.007499440558036932,-4.0,-1.8502910501966467,-0.3365775862630731,1.0,0.0,0.0,5.063807558566336,1.0,0.0,0.0,0.0
1.3201179504394531,2.3074943977731928,-0.48191602453116134,0.8762174075536739,0.0,0.0,0.99465270742979,0.08476755304140098,-0.05197909633788285,0.027903890371399964,-2.135912452206986,-0.0,0.0,0.1674871598431374,-0.10834483192992181,0.04698979545441997,0.09921767493379072,0.08930439867566345,-0.03669490325947444,-4.0,-0.3452238950229588,-1.033066806100118,1.0,0.0,0.0,5.062101689120688,1.0,0.0,0.0,0.0
1.3401134014129639,2.0294955636748946,-0.5091947321008794,0.8606513375349588,0.0,0.0,0.9961454130356672,-0.02393788467558817,-0.04678413832873404,0.07023203091251348,-2.07309489032339,-0.0,0.0,-0.0545100523690666,-0.089966512404094,0.1432289441274742,-0.09837221078230825,-0.032835826148967615,0.020747521235810834,-4.0,-0.6011177865997512,-1.6035223128121125,1.0,0.0,0.0,4.989560113925303,1.0,0.0,0.0,0.0
1.360105276107788,1.9049977774954319,-0.5359664119010292,0.8442393057148763,0.0,0.0,0.9934806085873941,-0.05588036850088622,-0.039565893251331696,0.09114935473304422,-2.0102885636506422,-0.0,0.0,-0.11880201797011866,-0.06848249259046219,0.18705701457091345,-0.0075059312383489035,-0.0027951378769057733,0.058068028047394915,-4.0,-1.1037370108245534,-1.8773936092267194,1.0,0.0,0.0,5.008964810341018,1.0,0.0,0.0,0.0
1.3801188468933105,1.8888649789177496,-0.562237770984479,0.8269756277414737,0.0,0.0,0.9970545027469506,-0.030981625320590525,-0.06978786657706593,-0.00721880344288297,-1.9474140766987456,-0.0,0.0,-0.06141284554996215,-0.1400694792201796,-0.010170579125995418,0.0778065446559569,0.03722403224782056,-0.0816518689957251,-4.0,0.7552468521041624,-0.7464761403052135,1.0,0.0,0.0,5.020541597841514,1.0,0.0,0.0,0.0
1.4002776145935059,1.7815254542782575,-0.5881379892756932,0.8087605984286974,0.0,0.0,0.9923753676390125,-0.05584532258004232,-0.06507277201406558,0.08853227655307953,-1.8840834401863884,-0.0,0.0,-0.1235548836069612,-0.11954957065430451,0.1853575345662791,-0.09154713292607744,0.043580333102311575,0.05068618648317519,-4.0,-0.8409142859367545,-2.2966945290014538,1.0,0.0,0.0,5.036061996793267,1.0,0.0,0.0,0.0
1.4201011657714844,1.8113106186477312,-0.613032610096402,0.7900576048354909,0.0,0.0,0.9997809076274563,-0.005406942802295094,-0.019042828609238307,-0.006802381326535129,-1.8218059174375905,-0.0,0.0,-0.010560327358724838,-0.038160133878573074,-0.013406015952676372,-0.008803418749404338,-0.06701792800877437,0.052329629970685715,-4.0,0.6090346725142937,-0.42681551949935737,1.0,0.0,0.0,4.965891912031508,1.0,0.0,0.0,0.0
1.4401073455810547,1.5971361674576408,-0.6375539031226355,0.7704057506360483,0.0,0.0,0.9961916150905082,-0.08126540603591179,-0.01647458479454248,0.026959003338967478,-1.758954649921448,-0.0,0.0,-0.16359474239485003,-0.028445853847452955,0.05644308088798365,-0.054850554061415216,0.06616960284636073,0.026070761250176197,-4.0,-0.4699971186988747,-0.701881698362937,1.0,0.0,0.0,5.031183585749025,1.0,0.0,0.0,0.0
1.460141897201538,1.6589649002481037,-0.6614790423537671,0.7499636501369538,0.0,0.0,0.998823033789568,-0.019410383534903437,0.0197334277490332,0.03982933606909876,-1.6960142497325716,-0.0,0.0,-0.037243004364674495,0.04097807717499498,0.07894703817447525,-0.02997709929466219,-0.0631368354382916,0.05237433846482745,-4.0,-0.6059287212608432,-0.44043570538321,1.0,0.0,0.0,4.969615151607924,1.0,0.0,0.0,0.0
1.4800994396209717,1.8071892796999212,-0.6846609620332738,0.7288616926877637,0.0,0.0,0.9944073412288109,0.08512137124727984,-0.06230361623518609,0.005162486924789581,-1.6333157810839725,-0.0,0.0,0.17080532028010723,-0.1251153904304943,-0.00034218346205909224,0.09035637517677442,0.08318590302452711,-0.07056652407084736,-4.0,0.445138685326968,-0.6966393527997545,1.0,0.0,0.0,5.074941695093143,1.0,0.0,0.0,0.0
1.5001041889190674,1.6025041217940832,-0.7072224965090134,0.7069910469246118,0.0,0.0,0.9947173857815328,0.010860848880470805,0.043524456048258865,0.09233085135127977,-1.570469007652169,-0.0,0.0,0.029755256461991647,0.08468466638501089,0.18637272147663997,-0.08203060971247317,-0.0788989099686966,0.005876720586410131,-4.0,-1.6055755546437827,-0.7140479713270786,1.0,0.0,0.0,4.982051124780259,1.0,0.0,0.0,0.0
1.520111083984375,1.5114532559356961,-0.7290880631632859,0.6844198975430276,0.0,0.0,0.9950409750624039,-0.003361830633988178,0.09554513874955271,-0.02744599247572284,-1.507615493093857,-0.0,0.0,-0.012156620127517462,0.19111948813348978,-0.05631681524961133,-0.007377994244077549,-0.07552838897597731,0.0643015928543128,-4.0,-0.715411180043648,1.4508644199711909,1.0,0.0,0.0,5.054396134871215,1.0,0.0,0.0,0.0
1.5401127338409424,1.4112310056511437,-0.7502281642326144,0.6611790238597723,0.0,0.0,0.9989664070031247,-0.017786116600569737,-0.03290200078195487,0.025830797124415307,-1.4447784568447892,-0.0,0.0,-0.037322364733894824,-0.06486259949117007,0.05291450319023883,-0.09665475512223293,0.08684108263304197,-0.05179082988629509,-4.0,-0.19525980217246147,-0.6154987658020512,1.0,0.0,0.0,4.9759215097891225,1.0,0.0,0.0,0.0
1.560110330581665,1.4348528752249659,-0.7706237011620128,0.6372904449364989,0.0,0.0,0.9990870482084656,0.025765259518335627,0.03397587526623091,0.0026194281707155103,-1.381954153834684,-0.0,0.0,0.05180362704954945,0.06780668107272748,0.007001013340240628,-0.061055087003641706,0.046883324123249304,-0.07699965709540564,-4.0,-0.744572322338522,0.7006767730551917,1.0,0.0,0.0,4.980109757758633,1.0,0.0,0.0,0.0
1.5801005363464355,1.463031781102028,-0.7902517941058308,0.6127822630531302,0.0,0.0,0.9897939664913727,0.06205109862168587,0.08431780410264873,0.09668543307253784,-1.319153070260333,-0.0,0.0,0.1413103065239357,0.1555420546725533,0.2057772262434921,0.003664993679505818,-0.04186151491046233,0.10574540057648496,-4.0,-2.3501422293510275,-0.9177292450215531,1.0,0.0,0.0,5.073202891926546,1.0,0.0,0.0,0.0
1.6001558303833008,1.2403738232261914,-0.8091608469141324,0.5875872052905883,0.0,0.0,0.9956653201654856,-0.013813177764970137,-0.09189574779661505,-0.0038649549409229757,-1.2561475058485334,-0.0,0.0,-0.027260442547997487,-0.1841404602708778,-0.005246377532443451,-0.05696180010329586,0.0991154893812613,-0.05861874572926873,-4.0,1.1361268262195054,-0.7829129253353166,1.0,0.0,0.0,5.04920617632618,1.0,0.0,0.0,0.0
1.6201374530792236,1.2928301844072523,-0.8272019148626717,0.5619047891302665,0.0,0.0,0.998490570796465,0.04930567733230964,0.011113826674602822,-0.02149448929374037,-1.193373386780219,-0.0,0.0,0.09817132423742378,0.02431609915719904,-0.04185272671920871,-0.06805746151887118,-0.04993757236539105,-0.006774087891880318,-4.0,0.2574398448091374,0.5076002543035265,1.0,0.0,0.0,4.987481711995633,1.0,0.0,0.0,0.0
1.6401257514953613,1.2181726783139073,-0.8444337508891406,0.5356600044424605,0.0,0.0,0.9979285206413103,0.04202934956829043,-0.04359163576478793,-0.021724887959722255,-1.130578295318321,-0.0,0.0,0.08619819134645934,-0.08527983819373015,-0.04721307945479338,0.05261619348867211,-0.09097956969891252,0.00916483815644295,-4.0,1.3328663203410474,-0.13676069622468842,1.0,0.0,0.0,4.998657121480737,1.0,0.0,0.0,0.0
1.6601307392120361,1.0586068300786213,-0.8608465479768778,0.5088646390114892,0.0,0.0,0.996163293799634,-0.011034909796283921,-0.06088776526906666,0.06188378537703507,-1.0677307728724614,-0.0,0.0,-0.02974012610066708,-0.1202320140589057,0.1258749483666872,-0.042455255226389516,-0.05787130420901707,0.04800130801240404,-4.0,0.6499762656231292,-1.8771267062780665,1.0,0.0,0.0,5.000293136830875,1.0,0.0,0.0,0.0
1.6800999641418457,0.9080185079562181,-0.8763823157952856,0.4816160675904535,0.0,0.0,0.9927661230274096,-0.05949408829223531,0.08558926923327667,-0.05958485897873347,-1.0049956025350888,-0.0,0.0,-0.13043284578847933,0.16357889369110468,-0.1306011960131552,0.01740150602809458,-0.06993999431093073,0.1000373116565236,-4.0,-0.6464779529285943,1.4686564328576903,1.0,0.0,0.0,5.072220047166794,1.0,0.0,0.0,0.0
1.7001042366027832,0.9201300390206487,-0.8910808461396659,0.4538446051712161,0.0,0.0,0.9951305672095708,-0.020451587148253708,-0.09598952369220244,0.009104840999122035,-0.9421503271313993,-0.0,0.0,-0.043258813925084044,-0.19184645784096344,0.02246121841319003,0.036880203299959724,-0.07505390903803116,0.05150585280633435,-4.0,1.928260496628085,-1.2395729492678473,1.0,0.0,0.0,5.059468186354006,1.0,0.0,0.0,0.0
1.7201368808746338,1.0792887249582885,-0.9049185791965982,0.42558473307299216,0.0,0.0,0.9930223309373423,0.09566340258395935,-0.045277603871010014,-0.05201059751172702,-0.8792159190549758,-0.0,0.0,0.19659110321277856,-0.08005781308132734,-0.11255543888188353,0.08523259241041256,0.055898036918144406,-0.061112991931663155,-4.0,1.0385570767949415,0.800369948643646,1.0,0.0,0.0,5.075711655550981,1.0,0.0,0.0,0.0
1.740142583847046,0.6995226036407071,-0.9178435519505618,0.39694233100385806,0.0,0.0,0.9880742789174823,-0.08201929316246766,-0.0732066998148547,0.10780924817957088,-0.8163661495669461,-0.0,0.0,-0.18029379782153288,-0.12732619334803036,0.22888579328600345,-0.008620972477784483,-0.03832319627586936,-0.02044865076491656,-4.0,0.6412576472729268,-2.478422623977636,1.0,0.0,0.0,5.084916521078987,1.0,0.0,0.0,0.0
1.7601068019866943,0.6160775217216988,-0.9298382309132142,0.36796856432606345,0.0,0.0,0.9894772986063894,-0.08934515936039972,-0.021889115374913157,0.11168251729599656,-0.7536467085247625,-0.0,0.0,-0.182764657929465,-0.023363106230078173,0.2269301089378343,-0.06183876616220477,-0.0757561120530783,0.08629297950294257,-4.0,-0.11182193645296912,-2.583195531318135,1.0,0.0,0.0,5.047419405430588,1.0,0.0,0.0,0.0
1.7801074981689453,0.7931384747594786,-0.9409379540562292,0.338579040427014,0.0,0.0,0.9956707242111517,0.04274570971571049,0.06870680714640835,-0.04573825424617013,-0.6908126683319218,-0.0,0.0,0.07971308816470343,0.14119764461292345,-0.08616972380979475,0.013392466919949816,0.08398018884128486,0.025776665628230735,-4.0,-1.3191773216171854,1.2228842216256732,1.0,0.0,0.0,5.027842830212908,1.0,0.0,0.0,0.0
1.8001220226287842,0.7487158683616231,-0.9511157289453881,0.30883469713211154,0.0,0.0,0.9922759754751053,0.04218012639954424,0.07696658454045609,0.08766624376590769,-0.6279351853237991,-0.0,0.0,0.09840546958568484,0.14586534452441832,0.18343520963293056,-0.057184021673693075,-0.050363578937368314,0.07723260493949269,-4.0,-1.8041158242862605,-1.5011462501073822,1.0,0.0,0.0,5.039640890998614,1.0,0.0,0.0,0.0
1.820115566253662,0.4906568563458845,-0.9603443154016502,0.27881677832536506,0.0,0.0,0.9889111662747484,-0.07303144909230255,0.07847138511439158,0.10277818046075841,-0.5651236155526551,-0.0,0.0,-0.13058394210927696,0.17104737898424777,0.1959065558193413,0.041984959307642955,-0.06548059113718296,0.07198343183851338,-4.0,-1.8183942309414936,-1.8243997786438664,1.0,0.0,0.0,5.078722770328542,1.0,0.0,0.0,0.0
1.8400981426239014,0.3901458526606042,-0.9686214881674031,0.24854056542215644,0.0,0.0,0.9970684163231747,-0.06136480380559468,0.0033024053713028444,0.0455853939706681,-0.5023465004281146,-0.0,0.0,-0.12238306071544866,0.012180426886869433,0.09062893803086143,0.07384767866258787,0.08564836625344441,-0.05554816883015651,-4.0,-0.6331654729686775,-0.6444915336459566,1.0,0.0,0.0,4.999763665215445,1.0,0.0,0.0,0.0
1.8601207733154297,0.606220891289332,-0.9759581283923421,0.21795809602975696,0.0,0.0,0.994330166726844,0.07346338182347745,-0.07050997264660705,-0.030643022458610315,-0.43944355094206805,-0.0,0.0,0.15240905813609618,-0.1361382384748039,-0.07202647521006747,-0.013847333276162832,-0.09159974798961792,-0.013246837489548996,-4.0,1.8762725073355444,0.34374909911469825,1.0,0.0,0.0,5.067076209793275,1.0,0.0,0.0,0.0
1.8801417350769043,0.5540451511630149,-0.9823289443858781,0.18716261651763258,0.0,0.0,0.9948283219446574,0.08214594547750624,-0.059410999722755924,0.006243925874476731,-0.3765458445544169,-0.0,0.0,0.1646117188847949,-0.11951765460446245,0.0026816565357603043,0.04965893401342783,0.0950792361378277,-0.007590357701918113,-4.0,0.7635333582197954,-0.31470071461508237,1.0,0.0,0.0,5.066135667410097,1.0,0.0,0.0,0.0
1.9000964164733887,0.33292164110398453,-0.9877120213677958,0.15628487721319334,0.0,0.0,0.9961834723266902,-0.014300607193536416,0.07380206713234355,0.04435354533774741,-0.3138563640744965,-0.0,0.0,-0.02219251859000104,0.148858511211939,0.08733327318277502,0.06483633942674139,-0.0644788859939649,-0.0038839674769673704,-3.090615958036459,-1.33862400193391,-0.6299517885024605,0.0,0.0,0.0,5.018724154641785,1.0,0.0,0.0,0.0
1.9200985431671143,0.1884524524696093,-0.9921340899159578,0.12517966139367145,0.0,0.0,0.9953207202200608,-0.06448632072900114,0.014631943108071995,0.07045626005074436,-0.25101782979731646,-0.0,0.0,-0.12673866444010887,0.038223189015306164,0.13891350669142155,-0.06795028427551382,0.05489620147174154,0.010490766700667592,-0.9404955350330713,-0.6863156125958805,-1.403371782013218,0.0,0.0,0.0,5.005776307932037,1.0,0.0,0.0,0.0
1.9401335716247559,0.27215450292822857,-0.9955816879141801,0.09389942859225482,0.0,0.0,0.9967964186665097,0.017428139449615663,-0.050882661337362495,0.05919556118639703,-0.18807593158032648,-0.0,0.0,0.028879658801467527,-0.10368834326422073,0.11713359992049727,0.06726844503416532,0.09802117638346985,-0.007054875516161421,-2.488068792657528,0.5099036242504487,-1.246017888891591,0.0,0.0,0.0,4.990875059708762,1.0,0.0,0.0,0.0
1.9601109027862549,0.23357846276098743,-0.9980376517500821,0.06261665664327516,0.0,0.0,0.9961712347557917,0.01642556445760958,0.07377986367192396,-0.04392725343021677,-0.12531529476503092,-0.0,0.0,0.026540560491552234,0.1489884002978161,-0.08615417953551738,-0.06651692810501283,-0.012191763877337489,-0.022227295598750696,-1.3093371664710114,-1.3689230272955732,1.0581272074361388,0.0,0.0,0.0,5.019353821630342,1.0,0.0,0.0,0.0
1.980107307434082,0.2512934243720216,-0.9995118407053972,0.031242283682672234,0.0,0.0,0.9893958493308331,-0.10255218730088475,0.1018704181186737,0.014188732115661493,-0.06249473682520825,-0.0,0.0,-0.20580675114389108,0.2059431889671399,0.007337595432666889,0.06241634984035396,0.01506434195211534,0.04168990469075026,1.1821573946029775,-2.1055369182300403,-0.3867424438122924,0.0,0.0,0.0,5.178400523399643,1.0,0.0,0.0,0.0
2.0001072883605957,0.19824871507653022,-1.0,1.2246467991473532e-16,0.0,0.0,0.9950912021860119,0.09259697352515069,-0.01493387693915675,0.031563889898844046,-2.4492935982947064e-16,-0.0,0.0,0.1845032092969868,-0.035574083251595986,0.060126474822691595,-0.007010717846307024,-0.03282305069210832,0.0033668153942133516,-1.8238965991177882,0.4299697415515682,-0.6447450595537343,0.0,0.0,0.0,5.050867181455571,1.0,0.0,0.0,0.0
2.020098924636841,0.07095603928306968,-1.0,1.2246467991473532e-16,0.0,0.0,0.9993707210708965,-0.015642447307996406,0.03170779745576353,0.0028445191082350565,-2.4492935982947064e-16,-0.0,0.0,-0.031152650380835662,0.06350736017308653,0.004702981233571472,-0.017635404946850605,0.038359264265952764,0.06640484707373592,0.3833905659473281,-0.7875930061790816,-0.32250977045964474,0.0,0.0,0.0,4.9744367941498036,1.0,0.0,0.0,0.0
2.040121078491211,0.10059560551213793,-1.0,1.2246467991473532e-16,0.0,0.0,0.9987353321730085,-0.03315368803748045,0.03624670346405537,-0.010711943183783499,-2.4492935982947064e-16,-0.0,0.0,-0.06722352909304462,0.0717530001259704,-0.023863880351410793,-0.002931507543551426,-0.09744191622324923,0.08656407617225495,0.6747997909238121,-0.33516640438811046,-0.13201744101334972,0.0,0.0,0.0,4.986062644008589,1.0,0.0,0.0,0.0
2.06013560295105,0.3417172724623232,-1.0,1.2246467991473532e-16,0.0,0.0,0.9854391375186219,-0.06187604575456166,0.08728818256606298,0.13214323438090858,-2.4492935982947064e-16,-0.0,0.0,-0.10085472307628333,0.1895198708018349,0.25700742592759984,0.006135577900343053,-0.03574179147128079,0.05213770838871784,1.2129786034898586,-1.6027964854361367,-2.8514155211730428,0.0,0.0,0.0,5.078270786404394,1.0,0.0,0.0,0.0
2.0801072120666504,0.20299211908184728,-1.0,1.2246467991473532e-16,0.0,0.0,0.9948536950922199,-0.05347174527267002,-0.004231140216355465,0.08595926518602073,-2.4492935982947064e-16,-0.0,0.0,-0.10732650018571817,0.0007740529836132012,0.17233814993703298,0.09129089237886853,-0.09191195986674106,0.03768020451848281,0.7042713359379237,0.45227064379407333,-1.8699061217943458,0.0,0.0,0.0,4.990717889219909,1.0,0.0,0.0,0.0
2.1000921726226807,0.1787626687929711,-1.0,1.2246467991473532e-16,0.0,0.0,0.9960081471763113,0.006779152326048556,-0.08899294729450914,-0.001438465845434312,-2.4492935982947064e-16,-0.0,0.0,0.013982065741726921,-0.17819749252068903,-0.004137571804422463,-0.01721604133681262,0.044607042884999865,-0.026656038676314678,-0.0667188811737231,1.6014307743501832,0.13539347161394474,0.0,0.0,0.0,5.042331414575697,1.0,0.0,0.0,0.0
2.1201395988464355,0.31883063319179233,-1.0,1.2246467991473532e-16,0.0,0.0,0.9873202653375683,0.022124881939575115,-0.09861760759647922,0.12240813177587671,-2.4492935982947064e-16,-0.0,0.0,0.019950487333763194,-0.20151188989541036,0.2446844256525321,-0.09654555420768314,-0.033789364700558294,0.01558370902833757,-0.05631542196077216,2.1075096107318174,-2.510497471630885,0.0,0.0,0.0,5.065487327923543,1.0,0.0,0.0,0.0
2.140103578567505,0.20176230098639444,-1.0,1.2246467991473532e-16,0.0,0.0,0.994915810751471,0.05276068112097023,0.06241277218846333,0.058851388362090064,-2.4492935982947064e-16,-0.0,0.0,0.11336373686860647,0.11825626300204448,0.12488454500988495,-0.0716848286067927,0.08525438511600705,0.09534471457651836,-0.7684743079922363,-1.5892729842332947,-1.5584066255478746,0.0,0.0,0.0,5.02918022807742,1.0,0.0,0.0,0.0
2.160106658935547,0.21007656519309312,-1.0,1.2246467991473532e-16,0.0,0.0,0.9944885497291961,0.0541991358450718,-0.08953019093451837,0.006270808751390788,-2.4492935982947064e-16,-0.0,0.0,0.1086378427321001,-0.17971914028547775,0.002812885198401278,-0.06772757863904016,-0.021247589943148792,0.11053305701027916,-0.8130724023452778,1.8755941784629626,-0.5675484030689326,0.0,0.0,0.0,5.073134119636634,1.0,0.0,0.0,0.0
2.1801090240478516,0.19656043541483664,-1.0,1.2246467991473532e-16,0.0,0.0,0.9951743854983127,-0.04238089173156241,-0.08330131487728146,-0.029877975229408292,-2.4492935982947064e-16,-0.0,0.0,-0.08061132076331642,-0.16913644572805006,-0.05319054591125287,-0.01859646368258032,-0.05490409387233067,-0.021620043587762594,0.9220036893615671,1.8856426730349516,0.684039678939216,0.0,0.0,0.0,5.050230034158211,1.0,0.0,0.0,0.0
2.2001094818115234,0.18841962181227564,-1.0,1.2246467991473532e-16,0.0,0.0,0.9955655370559293,-0.02962928835355428,0.08900676319220564,-0.007011619231517568,-2.4492935982947064e-16,-0.0,0.0,-0.061246564708257976,0.1777430501075387,-0.019544612251888648,0.08586022741456067,-0.044874126017215035,0.09896556673087462,0.24914485741284043,-1.6006387597752527,-0.25562988229314687,0.0,0.0,0.0,5.050896779582684,1.0,0.0,0.0,0.0
2.2201144695281982,0.2302208791595381,-1.0,1.2246467991473532e-16,0.0,0.0,0.9933821056800267,-0.1072458995574702,0.04051967667363802,-0.006961676887713773,-2.4492935982947064e-16,-0.0,0.0,-0.21598171894900187,0.07909225647150325,-0.022594900669987955,-0.007533875474964133,0.062173156257396445,-0.0878946880714761,2.175053493049258,-1.059086158502346,0.49081229004018,0.0,0.0,0.0,5.095957717428589,1.0,0.0,0.0,0.0
2.2400972843170166,0.17935314765279656,-1.0,1.2246467991473532e-16,0.0,0.0,0.9959817499961802,-0.0849302900004026,-0.01056705812465786,0.02637303163429831,-2.4492935982947064e-16,-0.0,0.0,-0.17058482366865504,-0.016570213912523526,0.054363275762401124,-0.0371760996951708,-0.014624379764560769,-0.018597137292383728,1.8473101987887328,0.26983868155140023,-0.4530720835164313,0.0,0.0,0.0,5.035772218671733,1.0,0.0,0.0,0.0
2.2601025104522705,0.17510854171555712,-1.0,1.2246467991473532e-16,0.0,0.0,0.9961695726903985,0.08270846181329831,-0.002524266800325182,0.02826872596046078,-2.4492935982947064e-16,-0.0,0.0,0.16540148009459088,-0.009705473611996168,0.0559351290881123,-0.04055417001440571,0.03297848963887212,-0.03130339016136694,-1.491952556208346,-0.08142862254898492,-0.4401609585637478,0.0,0.0,0.0,5.03089367760997,1.0,0.0,0.0,0.0
2.280104875564575,0.22768197462581577,-1.0,1.2246467991473532e-16,0.0,0.0,0.9935271099333886,-0.017977912145768372,-0.05088990885835604,0.09995445802302083,-2.4492935982947064e-16,-0.0,0.0,-0.04613263649985899,-0.09768233395920475,0.2027919385854685,-0.0673152622290083,-0.09015430135434475,0.08058928058964945,0.6288192918313982,1.3784153825844996,-2.3214462828190143,0.0,0.0,0.0,4.991077901553253,1.0,0.0,0.0,0.0
2.3001043796539307,0.20586800925716187,-1.0,1.2246467991473532e-16,0.0,0.0,0.9947069713062678,-0.08941771050187988,0.046534121304373115,0.019927113131201334,-2.4492935982947064e-16,-0.0,0.0,-0.17778859793653273,0.09628802162797663,0.03147228187990928,0.02161631203695083,0.012723514254546694,0.08368187417294201,1.7018889618897917,-0.981576483105649,-0.7332697593157946,0.0,0.0,0.0,5.064928994688244,1.0,0.0,0.0,0.0
2.320115566253662,0.29481220958803644,-1.0,1.2246467991473532e-16,0.0,0.0,0.9891553779882092,0.01890712303695975,-0.08359321995744415,0.11927419030374786,-2.4492935982947064e-16,-0.0,0.0,0.017721651333899503,-0.17071158118430368,0.2384885940885203,-0.015167578722055389,-0.0048082739403736,-0.008888593736890701,-0.3174721458509759,1.691097494910377,-2.349929431127395,0.0,0.0,0.0,5.035981649678599,1.0,0.0,0.0,0.0
2.340090036392212,0.21927678397112743,-1.0,1.2246467991473532e-16,0.0,0.0,0.9939957296841997,0.03380301933213856,0.08414294859580462,0.06123568775812252,-2.4492935982947064e-16,-0.0,0.0,0.0786386260326508,0.16386795995154277,0.12951659027656193,-0.03231627033994584,0.03938964364952374,-0.0651644703203216,-0.5467953052829904,-1.8404175465141877,-0.9640558738811639,0.0,0.0,0.0,5.044966285895363,1.0,0.0,0.0,0.0
2.3601021766662598,0.26760309540267013,-1.0,1.2246467991473532e-16,0.0,0.0,0.9910619196238236,0.10154661411169003,0.07394095644863997,0.04491426937459477,-2.4492935982947064e-16,-0.0,0.0,0.2114849223440979,0.13787475400477026,0.10523346079063377,0.05281140925573097,-0.05252591032963814,-0.06614729280591558,-2.2421779192567266,-1.2687154876542468,-0.6336962162682329,0.0,0.0,0.0,5.123693307191334,1.0,0.0,0.0,0.0
2.3801071643829346,0.07984384318532725,-1.0,1.2246467991473532e-16,0.0,0.0,0.9992032259188178,0.009940221315489288,0.021465899955677808,0.032145302187411136,-2.4492935982947064e-16,-0.0,0.0,0.02126525540818913,0.042271117677995546,0.06476922372869778,0.011377386988776175,-0.04333869235786843,-0.03876616597661023,-0.24431397426489293,-0.2559632296820825,-0.4878413798417818,0.0,0.0,0.0,4.967559621799,1.0,0.0,0.0,0.0
2.4001052379608154,0.10198789345514292,-1.0,1.2246467991473532e-16,0.0,0.0,0.9987000904237221,0.02233569409422517,0.016109281671094336,-0.042892157803260535,-2.4492935982947064e-16,-0.0,0.0,0.04327004301144642,0.03409934222486116,-0.08510529182253461,0.051603533938940876,0.09354807769247062,-0.003011250010555494,-0.6531280176402693,-0.696377944191769,0.8698881561074326,0.0,0.0,0.0,4.969537717151697,1.0,0.0,0.0,0.0
2.420121431350708,0.14095333279639907,-1.0,1.2246467991473532e-16,0.0,0.0,0.9975175475222161,-0.06940210389135416,-0.01000881313158583,0.006474103830964461,-2.4492935982947064e-16,-0.0,0.0,-0.139062205363653,-0.019070456514160783,0.014308419645456457,-0.04697875374433389,0.02595492924970541,-0.06475670323330932,1.5759570928044164,0.09635654563289497,0.12954473631394803,0.0,0.0,0.0,5.011279199423813,1.0,0.0,0.0,0.0
2.440131902694702,0.23408384529131243,-1.0,1.2246467991473532e-16,0.0,0.0,0.9931584096622165,0.05041582075332117,-0.0942731533365838,-0.04698075025968716,-2.4492935982947064e-16,-0.0,0.0,0.1110904237664974,-0.18354808871953687,-0.10477267617683701,0.03694853494995204,-0.06344637585485935,-0.05839808490596024,-1.156110554866234,2.1392485701511132,1.173207344817584,0.0,0.0,0.0,5.0780765259382274,1.0,0.0,0.0,0.0
2.46010422706604,0.09789236831593807,-1.0,1.2246467991473532e-16,0.0,0.0,0.998802374655639,-0.0007921566392548517,0.01374266683111004,-0.046950271335577644,-2.4492935982947064e-16,-0.0,0.0,-0.0028739409854425515,0.02738145397703241,-0.09398333131600074,0.048324307613832856,-0.028774481891935252,-0.06794436769484875,-0.17745409767023684,-0.15975540905445967,1.2107828974909478,0.0,0.0,0.0,4.963881195848631,1.0,0.0,0.0,0.0
2.4800949096679688,0.22583547183242453,-1.0,1.2246467991473532e-16,0.0,0.0,0.993631563457976,-0.0907356850744093,0.025966344106052516,-0.06155567015232464,-2.4492935982947064e-16,-0.0,0.0,-0.184711155653124,0.04044238998551957,-0.12748849574392365,-0.008940010759640196,-0.04852668659712607,0.03540209531909047,1.850473744526744,-0.3252201357325459,1.089505021770131,0.0,0.0,0.0,5.051998479046141,1.0,0.0,0.0,0.0
2.500094175338745,0.09779652137096162,-1.0,1.2246467991473532e-16,0.0,0.0,0.9988047182433072,0.015166008663675831,-0.014979185742223206,0.04398580442166528,-2.4492935982947064e-16,-0.0,0.0,0.028996247945569768,-0.031261832765535215,0.08756670679060768,0.06929492672245585,0.022569450399573587,0.09663633142552319,-0.5804998801633425,0.20930591324616965,-1.2662614141353985,0.0,0.0,0.0,4.9665134067102255,1.0,0.0,0.0,0.0
2.5200910568237305,0.1776608453302411,-1.0,1.2246467991473532e-16,0.0,0.0,0.9960571717147196,-0.006723921374825867,0.019573223420097277,0.08626580134656857,-2.4492935982947064e-16,-0.0,0.0,-0.010026073714899247,0.04016298476916327,0.1725820455972571,0.04069937627333495,0.025890375590257253,0.016303927216865133,-0.028319077596824893,-0.4950259707629748,-1.790531735798832,0.0,0.0,0.0,4.96625431388447,1.0,0.0,0.0,0.0
2.5400991439819336,0.1905064526278148,-1.0,1.2246467991473532e-16,0.0,0.0,0.9954668405071281,0.010895049365349055,0.030895212421863744,0.08928915499370853,-2.4492935982947064e-16,-0.0,0.0,0.027260307860267667,0.059599977973778764,0.1797253891562111,0.07159539528099132,0.0032874986676221657,0.08195300372606926,-0.5042825684309489,-0.6310542431077637,-2.1135951147784477,0.0,0.0,0.0,4.972673508042137,1.0,0.0,0.0,0.0
2.560119867324829,0.12541658822840962,-1.0,1.2246467991473532e-16,0.0,0.0,0.9980344791410463,-0.036613167067938754,0.026961539571728386,0.04312458494684556,-2.4492935982947064e-16,-0.0,0.0,-0.07093158451804646,0.0570058174084831,0.0843421534403569,-0.0734409443142322,-0.07412060149552135,-0.05735743332852691,1.0260271186157013,-0.24274838545248245,-0.6330619656228036,0.0,0.0,0.0,4.9826025495182895,1.0,0.0,0.0,0.0
2.580092191696167,0.13310057206897175,-1.0,1.2246467991473532e-16,0.0,0.0,0.9977863469068202,-0.04426127354179789,-0.03330136697155025,0.036801692197865145,-2.4492935982947064e-16,-0.0,0.0,-0.09108540358124236,-0.06323966255868356,0.07661631215168045,0.05422096496314685,-0.031154535134207628,-0.06473558567313764,0.6683416109833679,0.7906454799678353,-0.4770915012647525,0.0,0.0,0.0,4.9926352228953705,1.0,0.0,0.0,0.0
2.6001412868499756,0.16467047860868173,-1.0,1.2246467991473532e-16,0.0,0.0,0.9966123685885118,0.07527398207867242,-0.0017405379160263627,-0.033084511877596944,-2.4492935982947064e-16,-0.0,0.0,0.15072333330342763,0.001511523253656862,-0.06625544143222074,0.07762300381257728,0.07896066298462528,0.09064348143467671,-1.81597165682376,-0.2810318936179738,0.29911631181323206,0.0,0.0,0.0,5.018906386747636,1.0,0.0,0.0,0.0
2.6201014518737793,0.2753576714261207,-1.0,1.2246467991473532e-16,0.0,0.0,0.9905372308725038,-0.0623413054145577,-0.10451834027669941,0.06344661094530595,-2.4492935982947064e-16,-0.0,0.0,-0.140017981685409,-0.20048835306723523,0.1420367014371816,-0.0030519339479451457,-0.0509007349052226,-0.0087986898175334,1.259033844082932,2.2939697451548784,-1.2337374596359856,0.0,0.0,0.0,5.113466205575759,1.0,0.0,0.0,0.0
2.6401050090789795,0.21413780616936612,-1.0,1.2246467991473532e-16,0.0,0.0,0.994273598635979,0.03352332253735784,0.07542398153567573,0.06787798546526345,-2.4492935982947064e-16,-0.0,0.0,0.0778068488462483,0.1459507690893322,0.14201725584608124,-0.0815828281879607,0.0386824128942293,-0.0775115512509923,-0.3441351379953165,-1.663209282290432,-1.0475135043012997,0.0,0.0,0.0,5.030542042278829,1.0,0.0,0.0,0.0
2.660104274749756,0.17920227547896572,-1.0,1.2246467991473532e-16,0.0,0.0,0.9959885029487405,0.005548278988222902,-0.05479928080049485,0.0705206169708128,-2.4492935982947064e-16,-0.0,0.0,0.0033433593986257402,-0.11016413607371485,0.1411890194861948,-0.013825274813101335,0.03292807137405837,0.07532223145970446,-0.05566448051205515,0.9642733305136634,-1.7117012652550738,0.0,0.0,0.0,4.992290669480531,1.0,0.0,0.0,0.0
2.6801209449768066,0.1964302878961658,-1.0,1.2246467991473532e-16,0.0,0.0,0.9951807685638029,-0.09045549924574327,0.002367819652131664,-0.03778139710302754,-2.4492935982947064e-16,-0.0,0.0,-0.1812085548306499,-0.002122254704947476,-0.07569945194113699,0.09820989672144415,0.058345410749410326,-0.024256866883950443,1.4162703980290863,-0.2807380360402745,0.8526554095963526,0.0,0.0,0.0,5.044608530945539,1.0,0.0,0.0,0.0
2.700131893157959,0.2109444407120613,-1.0,1.2246467991473532e-16,0.0,0.0,0.994442959789785,-9.095038711698845e-05,-0.062400485344752364,0.08479015792707546,-2.4492935982947064e-16,-0.0,0.0,-0.01084683328571704,-0.12441272928077617,0.17079211716457418,-0.011443852896668869,-0.0010541843140154522,-0.013790739378470723,0.04759441932901281,1.2522264441511088,-1.6406402010276264,0.0,0.0,0.0,5.000945652853046,1.0,0.0,0.0,0.0
2.7201297283172607,0.23339157943639594,-1.0,1.2246467991473532e-16,0.0,0.0,0.9931987697993793,-0.08968154977109963,0.067046781527409,0.03190850022280961,-2.4492935982947064e-16,-0.0,0.0,-0.17648114796074751,0.13935537667306913,0.05188326592718215,0.023050287675175363,-0.0872985951462264,0.07796072376439941,1.7014298447212886,-0.9917412499632745,-0.9500128995137898,0.0,0.0,0.0,5.089628034613991,1.0,0.0,0.0,0.0
2.7401435375213623,0.16055110548617899,-1.0,1.2246467991473532e-16,0.0,0.0,0.9967796477465269,0.01886992884859568,-0.06442381725804543,0.043861502407695145,-2.4492935982947064e-16,-0.0,0.0,0.032246427611881845,-0.1304577602127137,0.08584311222487145,0.08114153929821816,0.02762966788434401,0.04386599776312844,-0.7019647341647887,1.1779576736235324,-1.0526940392064168,0.0,0.0,0.0,5.007129280690214,1.0,0.0,0.0,0.0
2.760087251663208,0.2370791012590406,-1.0,1.2246467991473532e-16,0.0,0.0,0.9929824106227704,-0.06848652970126974,-0.06642818273855365,-0.06987720645047554,-2.4492935982947064e-16,-0.0,0.0,-0.12836844972481443,-0.14197177858364027,-0.13137027231237303,0.08961274458245186,0.023788294685914063,0.04683650740895401,1.0112796156955848,1.2334104760274172,1.2101980993736945,0.0,0.0,0.0,5.054014481464316,1.0,0.0,0.0,0.0
2.78011155128479,0.23492642671587197,-1.0,1.2246467991473532e-16,0.0,0.0,0.9931091253542166,0.04662141178437026,0.013880119319115727,0.10662106447181156,-2.4492935982947064e-16,-0.0,0.0,0.09572108243868649,0.017628210201732337,0.2147467842421237,-0.013888606258799757,-0.047794483260078895,0.04464083821284759,-0.8768738106522086,-0.08642445334199925,-2.3109846422876217,0.0,0.0,0.0,4.985593961960249,1.0,0.0,0.0,0.0
2.8001456260681152,0.09960781080612939,-1.0,1.2246467991473532e-16,0.0,0.0,0.9987600418374395,-0.04965859123706482,-0.0020025448037163684,0.0028970604990913797,-2.4492935982947064e-16,-0.0,0.0,-0.09936977457284599,-0.003712404105007214,0.005985900633363456,-0.0010730111724120972,-0.009850237132205425,0.09714653555567737,0.9974638694309423,0.07945184460314905,-0.4465273522045371,0.0,0.0,0.0,4.986633830192304,1.0,0.0,0.0,0.0
2.820096254348755,0.14487643053975335,-1.0,1.2246467991473532e-16,0.0,0.0,0.9973774995379914,-0.07192521106156906,0.007482182468105956,-0.00298401987371042,-2.4492935982947064e-16,-0.0,0.0,-0.14403037207550842,0.014496376081758673,-0.007029500147046792,-0.05654102345082471,0.009506334882980694,0.005114458611286163,1.6646683150346773,-0.1876689888940419,0.03922256302906377,0.0,0.0,0.0,5.014443244182351,1.0,0.0,0.0,0.0
2.840148448944092,0.23231307458733905,-1.0,1.2246467991473532e-16,0.0,0.0,0.9932614111476638,0.042840933364278536,0.10321738863607564,0.030701697617211036,-2.4492935982947064e-16,-0.0,0.0,0.09351146035003942,0.20382142237463421,0.0713701479608215,0.023994103968947383,0.09577987602471272,-0.03280723089540532,-0.9527950831613627,-2.4474672768203636,-0.4828050287625991,0.0,0.0,0.0,5.089117763553082,1.0,0.0,0.0,0.0
2.8600990772247314,0.2172951676439708,-1.0,1.2246467991473532e-16,0.0,0.0,0.9941036548741028,-0.09603524806017154,-0.03356205276504894,-0.03753322674868024,-2.4492935982947064e-16,-0.0,0.0,-0.19007824982205793,-0.07400487631038918,-0.06841804269721545,0.09068657466786798,-0.09230186233134939,0.031828430242627534,1.5579586625319561,1.0404485046263765,0.6233508140030946,0.0,0.0,0.0,5.06687602666737,1.0,0.0,0.0,0.0
2.8801276683807373,0.3220699095407037,-1.0,1.2246467991473532e-16,0.0,0.0,0.9870618675421112,-0.09852630665460421,0.013457531081231839,0.12577889886018334,-2.4492935982947064e-16,-0.0,0.0,-0.19255802271915506,0.05137448836753472,0.2485262982703781,0.05835038610714699,-0.0022003041132440393,-0.06831398454633238,1.7371245886634938,-0.26034940517166094,-2.242322039018337,0.0,0.0,0.0,5.062113812070498,1.0,0.0,0.0,0.0
2.900106430053711,0.24666994037537665,-1.0,1.2246467991473532e-16,0.0,0.0,0.9924038789348191,-0.03034731755395136,-0.047575081790152636,0.1093169382349542,-2.4492935982947064e-16,-0.0,0.0,-0.07096846750093189,-0.08790560958569449,0.22254531329127888,-0.08784875311622589,-0.05693146701176269,-0.06795866903986461,0.9583413635439283,1.1792275038501032,-1.9145040885396254,0.0,0.0,0.0,4.993804020590202,1.0,0.0,0.0,0.0
2.920102596282959,0.2550421934390448,-1.0,1.2246467991473532e-16,0.0,0.0,0.9918801973338177,0.07407580749627721,-0.1013155344718681,0.02053317694563775,-2.4492935982947064e-16,-0.0,0.0,0.14637823221650229,-0.20547048204854998,0.026278571000560396,-0.08805435232885633,-0.09326266237485592,0.08514709180247096,-1.1292987406101214,2.3993613389367856,-0.751251906122639,0.0,0.0,0.0,5.123408504847736,1.0,0.0,0.0,0.0
2.9400970935821533,0.11114515058412378,-1.0,1.2246467991473532e-16,0.0,0.0,0.9984562417995296,0.05424420140452109,0.01113538909959087,0.0043246890230097534,-2.4492935982947064e-16,-0.0,0.0,0.10865660945124236,0.021768938192154006,0.009846578138925977,-0.04740666865819032,-0.08401115988114888,-0.06582620109564737,-0.8952573534576631,0.11333685753277811,0.17681102392239442,0.0,0.0,0.0,4.992619036343284,1.0,0.0,0.0,0.0
2.960131883621216,0.2403991349375647,-1.0,1.2246467991473532e-16,0.0,0.0,0.9927847254214525,0.037436636500590655,0.08437818356841509,0.0765330605364034,-2.4492935982947064e-16,-0.0,0.0,0.0885291756825025,0.1625229914273082,0.16108880241290158,0.007159294566442001,-0.07102191670440393,0.024806554122818444,-0.7773699082775836,-1.4034760045506862,-1.6298874272193415,0.0,0.0,0.0,5.048030346567957,1.0,0.0,0.0,0.0
2.9801084995269775,0.20719425743375772,-1.0,1.2246467991473532e-16,0.0,0.0,0.9946386150633774,0.09340131745379426,0.008078885135171921,0.043645743637549604,-2.4492935982947064e-16,-0.0,0.0,0.18761082552039418,0.007918085068756409,0.08845069778197227,-0.06871993417625369,0.07609301338666324,-0.021772011124918958,-1.593146612370873,-0.4659497562500915,-0.7858268282513163,0.0,0.0,0.0,5.05078342345422,1.0,0.0,0.0,0.0
3.0001046657562256,0.30321122294163355,-1.0,1.2246467991473532e-16,0.0,0.0,0.9885298639396493,0.024492482740937394,-0.08970696456331843,0.11900204577014174,-2.4492935982947064e-16,-0.0,0.0,0.027541953683774833,-0.18422564621916276,0.23706832891191187,0.011942157880188375,0.08302625380443582,0.054649149980266876,-0.5376182863395038,1.462034276048625,-2.5986375153239027,0.0,0.0,0.0,5.049325264973949,1.0,0.0,0.0,0.0
3.020094871520996,0.2737194395693987,-1.0,1.2246467991473532e-16,0.0,0.0,0.9906493175404089,0.0863122894890093,0.027191756553118257,0.1021015509943094,-2.4492935982947064e-16,-0.0,0.0,0.1776115288422687,0.03625769655413908,0.20863404422844098,-0.0069112558177092664,0.08224801615428076,0.040235262179418474,-1.6986007665093514,-0.8728271956794885,-2.202972068603862,0.0,0.0,0.0,5.04462288107061,1.0,0.0,0.0,0.0
3.040102481842041,0.15680548103368708,-1.0,1.2246467991473532e-16,0.0,0.0,0.996928079212276,0.0717389398786355,-0.015081604069036709,-0.027576703971221993,-2.4492935982947064e-16,-0.0,0.0,0.14441951163581757,-0.026116871047808046,-0.05719853722303788,0.02506962131547541,0.0012191642088641153,-0.06972595313719838,-1.535057282834614,0.2967554245452778,0.8304378919732334,0.0,0.0,0.0,5.015910304496127,1.0,0.0,0.0,0.0
3.060112714767456,0.1495201667766984,-1.0,1.2246467991473532e-16,0.0,0.0,0.9972067662944315,0.0027778689087828126,-0.04513600809521275,0.05944484396613302,-2.4492935982947064e-16,-0.0,0.0,0.0001747280539932105,-0.09047350260649084,0.11907387579423412,0.06593835458274916,-0.005713669551760864,-0.04727763686508657,-0.31931079650665534,0.9255748401112983,-0.9997863318623141,0.0,0.0,0.0,4.9823776834031115,1.0,0.0,0.0,0.0
3.08009672164917,0.22210375871641833,-1.0,1.2246467991473532e-16,0.0,0.0,0.9938400745679581,-0.04251418862831821,-0.09757199336060675,0.030889416628824422,-2.4492935982947064e-16,-0.0,0.0,-0.09236751123276683,-0.1925021645018126,0.07106605640347471,0.0691133107633076,-0.02748588158382244,-0.038970218753429056,0.5738305295131313,2.0613833935474246,-0.46190745756277246,0.0,0.0,0.0,5.077022484139243,1.0,0.0,0.0,0.0
3.1001076698303223,0.22272582013061773,-1.0,1.2246467991473532e-16,0.0,0.0,0.9938055569034191,0.1013705837584261,-0.0036732709764150414,-0.04539853408090123,-2.4492935982947064e-16,-0.0,0.0,0.20321497338922026,0.0019031187351739077,-0.09110549909141774,0.04094448820491664,0.05260081076591183,0.06375967734968144,-2.191189627988191,-0.1369378235353464,0.6529319722192988,0.0,0.0,0.0,5.0662584120050385,1.0,0.0,0.0,0.0
3.1201038360595703,0.15549781827146492,-1.0,1.2246467991473532e-16,0.0,0.0,0.9969790757877601,0.025899950645223917,-0.05932235612706051,-0.04292753267417967,-2.4492935982947064e-16,-0.0,0.0,0.057153693701764256,-0.11632481700668536,-0.08939090714589103,-0.07937395930676204,-0.07417288480451818,0.04914465412851282,-0.20050317567743264,1.483138661759283,0.6619720369695419,0.0,0.0,0.0,5.003932447309239,1.0,0.0,0.0,0.0
3.140089511871338,0.19759874484668982,-1.0,1.2246467991473532e-16,0.0,0.0,0.995123310849888,0.07261525735555109,0.06536224228435586,0.013579318315190225,-2.4492935982947064e-16,-0.0,0.0,0.14805331525348975,0.128467931676239,0.036830550126648494,0.025326783432557842,-0.06026311764853243,0.08375142615064277,-1.5536122808412556,-1.0661923750929874,-0.6065920709063755,0.0,0.0,0.0,5.058570109799518,1.0,0.0,0.0,0.0
3.1600964069366455,0.2145436262610551,-1.0,1.2246467991473532e-16,0.0,0.0,0.9942518942969586,0.038900942822515494,0.07818711021668959,0.0619408034367663,-2.4492935982947064e-16,-0.0,0.0,0.0881597043115271,0.1512320696512547,0.13112031438037938,-0.02022901317285497,0.0071237565974262285,-0.04449483599335394,-0.6971028037588924,-1.592237230723497,-1.0608367247619102,0.0,0.0,0.0,5.038857773775836,1.0,0.0,0.0,0.0
3.180104970932007,0.25442895590084535,-1.0,1.2246467991473532e-16,0.0,0.0,0.9919191451826024,-0.0860438585514677,0.07513015887391718,-0.05521162063705778,-2.4492935982947064e-16,-0.0,0.0,-0.1817609916302839,0.14000174662729797,-0.1239873510876587,-0.0481149504083382,-0.022048228045726218,0.048013200997614164,1.9133369726627043,-1.4144102652954387,0.9121796087506989,0.0,0.0,0.0,5.094958928263008,1.0,0.0,0.0,0.0
3.200101613998413,0.23073546764771793,-1.0,1.2246467991473532e-16,0.0,0.0,0.9933525209091925,-0.0879641335897057,-0.06548025613261839,-0.03500594895116447,-2.4492935982947064e-16,-0.0,0.0,-0.1726324443320421,-0.13667359669572618,-0.05860642090864964,0.07396318895969711,0.05119022798289993,0.005950408433912743,1.463429915955323,1.1048442107207679,0.6763173452876383,0.0,0.0,0.0,5.0842805337079495,1.0,0.0,0.0,0.0
3.2201550006866455,0.12384959245601901,-1.0,1.2246467991473532e-16,0.0,0.0,0.9980832724266515,0.0542878322497202,0.022812778893647544,0.019031281903287144,-2.4492935982947064e-16,-0.0,0.0,0.10955827069201166,0.043485475723268274,0.040515895681429465,0.09250269292769073,-0.09407691049976995,0.09153095704519967,-1.4557674167051693,-0.07994793587387117,-0.7467494662465415,0.0,0.0,0.0,4.996652701987223,1.0,0.0,0.0,0.0
3.2401225566864014,0.27396047561695247,-1.0,1.2246467991473532e-16,0.0,0.0,0.990632867725464,0.07037908042101848,0.10491415741434162,-0.05182977903825119,-2.4492935982947064e-16,-0.0,0.0,0.13203086172868786,0.21685391275280644,-0.09015167366462258,0.00906346060157219,0.04047225874507532,-0.08025547814379386,-1.4438354508266609,-2.2601721832671338,1.3576174933401997,0.0,0.0,0.0,5.125611522760908,1.0,0.0,0.0,0.0
3.260101318359375,0.1606259500789923,-1.0,1.2246467991473532e-16,0.0,0.0,0.9967766461784809,-0.05275750460575946,0.06000636442499517,-0.0072249269509931,-2.4492935982947064e-16,-0.0,0.0,-0.10700319730069834,0.11914523655266691,-0.020884414355631032,-0.04061516487466743,-0.0784827372554779,-0.07836608194418984,1.2176107516138563,-0.8861963394779919,0.4579628667966215,0.0,0.0,0.0,5.02617539425186,1.0,0.0,0.0,0.0
3.2801074981689453,0.18237809660472193,-1.0,1.2246467991473532e-16,0.0,0.0,0.9958451590440703,-0.04453963755395626,0.07694345461330225,-0.019706463082534414,-2.4492935982947064e-16,-0.0,0.0,-0.09294670632246944,0.1520776170759356,-0.046658481346625424,0.09476604494401739,-0.002262093947239502,0.03829443137126193,0.5117285713030532,-1.529820716477087,0.2409515361656408,0.0,0.0,0.0,5.041699944144777,1.0,0.0,0.0,0.0
3.3001482486724854,0.32463933790072735,-1.0,1.2246467991473532e-16,0.0,0.0,0.9868550621432436,0.09924663494310063,-0.08237792733680782,0.09737078033176823,-2.4492935982947064e-16,-0.0,0.0,0.1839287757391888,-0.1829362349701771,0.17978085015966222,-0.013207539359994788,-0.08006628825413578,0.0995423494144402,-1.9321025414220359,1.9678236997526994,-2.3455850042931257,0.0,0.0,0.0,5.1327779677788765,1.0,0.0,0.0,0.0
3.320115566253662,0.10778595205312184,-1.0,1.2246467991473532e-16,0.0,0.0,0.998548125027074,-0.05266237689789985,-0.0006488408892159921,-0.011309070248217045,-2.4492935982947064e-16,-0.0,0.0,-0.10535226278229345,-0.002486925309808699,-0.02251893559536212,-0.02387898377323225,0.0689828750380814,-0.05788136322656262,1.1487634730509235,-0.26295468236800573,0.4577068578705914,0.0,0.0,0.0,4.98968022043649,1.0,0.0,0.0,0.0
3.3401200771331787,0.23866979915907757,-1.0,1.2246467991473532e-16,0.0,0.0,0.9928880368987025,-0.02221644772252757,0.036206872944173074,0.11121527766290654,-2.4492935982947064e-16,-0.0,0.0,-0.03617820784617342,0.07691617698339968,0.22170169487469246,-0.034364209184006136,0.05686136544749057,0.06887234552180344,0.5817857911865736,-0.951582920673424,-2.4997949353453444,0.0,0.0,0.0,4.979972803497498,1.0,0.0,0.0,0.0
3.360136032104492,0.3182301802366255,-1.0,1.2246467991473532e-16,0.0,0.0,0.9873678790808056,-0.07680249959527002,0.08392988679726063,0.11028064888088819,-2.4492935982947064e-16,-0.0,0.0,-0.1358493893243651,0.18371062507369865,0.20992827108077564,0.019356943250779385,-0.05222321572055455,0.008375550450969854,1.4586222189022804,-1.4697048730629947,-2.239115179421643,0.0,0.0,0.0,5.093858080503634,1.0,0.0,0.0,0.0
3.3801209926605225,0.23693974834041678,-1.0,1.2246467991473532e-16,0.0,0.0,0.992990648299119,0.08260518977941479,0.021951269247671847,0.08163391936210389,-2.4492935982947064e-16,-0.0,0.0,0.16850867121136234,0.03011259000934594,0.1665947289373767,0.041107457453105706,-0.010942478324720145,0.10849580455184954,-1.8165336254007212,-0.39525547165455654,-2.066661605449476,0.0,0.0,0.0,5.035574533777765,1.0,0.0,0.0,0.0
3.400101900100708,0.26559006997460066,-1.0,1.2246467991473532e-16,0.0,0.0,0.9911956890747918,-0.02414520819608204,0.0015892825504459761,0.13017522445416085,-2.4492935982947064e-16,-0.0,0.0,-0.04747142286946162,0.00943693588657339,0.2609442835350974,-0.08702254976049556,-0.06393371359143121,0.01707578134620165,0.8309943629636206,0.22394920335680502,-2.671807614468024,0.0,0.0,0.0,4.967817482162556,1.0,0.0,0.0,0.0
3.420090675354004,0.18325112236315078,-1.0,1.2246467991473532e-16,0.0,0.0,0.9958053141187675,-0.06447561774641411,-0.0648434155581144,0.0031626804768244846,-2.4492935982947064e-16,-0.0,0.0,-0.1302695255009915,-0.12909326345025737,0.014784018033370684,0.0982142016378593,-0.019650525994849732,-0.08789179601343025,0.8966555483768425,1.375470415141687,0.28831357451723116,0.0,0.0,0.0,5.046393603895649,1.0,0.0,0.0,0.0
3.440108060836792,0.010496939298335332,-1.0,1.2246467991473532e-16,0.0,0.0,0.9999862268147878,0.002173447986607549,-0.0047660463458811244,-0.00032727175597846637,-2.4492935982947064e-16,-0.0,0.0,0.0043501669769450985,-0.00953068307243432,-0.0006752827248531907,0.07095996878447022,0.09656427062485054,-0.000717599213634651,-0.3273088348700343,-0.29093615558177965,0.009415831974107919,0.0,0.0,0.0,4.962272320314033,1.0,0.0,0.0,0.0
3.4601428508758545,0.1448775487984043,-1.0,1.2246467991473532e-16,0.0,0.0,0.997377459070917,0.053286664836678176,-0.04008317094160233,0.0281438251680719,-2.4492935982947064e-16,-0.0,0.0,0.10458805213503085,-0.08305092395617546,0.052071159468489836,-0.009488452186382543,-0.0316838601886944,0.0038225723794865774,-1.0277794879880358,0.9283988595868242,-0.5781667928793844,0.0,0.0,0.0,5.006519263396754,1.0,0.0,0.0,0.0
3.4800937175750732,0.18232062026102136,-1.0,1.2246467991473532e-16,0.0,0.0,0.995847775608978,-0.02698332913380568,-0.004318669009247896,0.08683580402976518,-2.4492935982947064e-16,-0.0,0.0,-0.05452002996452237,-0.0039152456943239555,0.17406249594628784,0.0576827655157362,-0.0011286621795896928,-0.03205657336244967,0.3089355206131663,0.09088802890331647,-1.608489787145505,0.0,0.0,0.0,4.969421840992781,1.0,0.0,0.0,0.0
3.5001113414764404,0.16906701826596157,-1.0,1.2246467991473532e-16,0.0,0.0,0.9964291700804782,-0.03683588962545511,0.06416131432590894,-0.040686017158267175,-2.4492935982947064e-16,-0.0,0.0,-0.07933308747764853,0.1251937799881317,-0.0865934027020839,-0.020807281196354416,-0.054716289422893395,-0.03194744791711157,0.8199469172945173,-1.064361128826605,0.94151013483379,0.0,0.0,0.0,5.016920804178275,1.0,0.0,0.0,0.0
3.520113229751587,0.2122560516127563,-1.0,1.2246467991473532e-16,0.0,0.0,0.9943737048653425,-0.08632341147208324,-0.05849728988720811,-0.018635202710084564,-2.4492935982947064e-16,-0.0,0.0,-0.17156003448078033,-0.11984028797212776,-0.027159449322084542,0.06801964764837812,-0.007510906302863912,0.04328668900412572,1.4543896388481499,1.199989422955618,0.1995572981851883,0.0,0.0,0.0,5.072309174296376,1.0,0.0,0.0,0.0
3.540151596069336,0.1911863978616722,-1.0,1.2246467991473532e-16,0.0,0.0,0.995434448438392,-0.07892040388127648,-0.050590510683275296,0.017956306473653365,-2.4492935982947064e-16,-0.0,0.0,-0.16039074987396273,-0.09804182708057796,0.043959090153550866,-0.05169943056189146,0.07641087519073372,0.013435371193896525,1.785205799873093,0.7061667129025709,-0.41286761424865354,0.0,0.0,0.0,5.050770626460313,1.0,0.0,0.0,0.0
3.5601091384887695,0.04719430209538346,-1.0,1.2246467991473532e-16,0.0,0.0,0.9997216001499214,0.01745569500270252,0.012564395279995108,-0.009703446650615077,-2.4492935982947064e-16,-0.0,0.0,0.034676022371295676,0.025463307079549788,-0.01897013691325822,0.022582102248521668,0.015779218743970105,0.02150889055945475,-0.43944230904813947,-0.3144047805757825,0.10803337077448258,0.0,0.0,0.0,4.966594748946723,1.0,0.0,0.0,0.0
3.580091714859009,0.33079253159312,-1.0,1.2246467991473532e-16,0.0,0.0,0.9863531903203242,-0.07378669085482945,-0.03636393328575524,0.1426203791665176,-2.4492935982947064e-16,-0.0,0.0,-0.1567740705613865,-0.050710122422322465,0.29118080172640154,-0.024113639601941086,0.049787221309085805,0.02851772528440233,1.5721883755043506,0.5281297804787611,-2.9664784844679613,0.0,0.0,0.0,5.030075139506386,1.0,0.0,0.0,0.0
3.60010027885437,0.24231931722777109,-1.0,1.2246467991473532e-16,0.0,0.0,0.9926691430241388,0.07036051414830506,0.08108703593703921,-0.055518133429119064,-2.4492935982947064e-16,-0.0,0.0,0.1329799528028375,0.16960980482122193,-0.10041882808769921,-0.03554267209592994,-0.04842292748861976,-0.025599179910487768,-1.265039594582384,-1.4280490087863051,1.2127593882243324,0.0,0.0,0.0,5.079079999665497,1.0,0.0,0.0,0.0
3.62015700340271,0.05314144562059747,-1.0,1.2246467991473532e-16,0.0,0.0,0.9996470191125418,0.008941653652449514,-0.018510326389407333,-0.01683008693759547,-2.4492935982947064e-16,-0.0,0.0,0.01851358908909507,-0.03671485550893226,-0.034008788302012094,-0.06876974415704018,0.04309865876566596,0.06743079472496963,0.09624590357916799,0.19781189272548289,0.06687855985203084,0.0,0.0,0.0,4.966197284465868,1.0,0.0,0.0,0.0
3.64011287689209,0.19863756287755222,-1.0,1.2246467991473532e-16,0.0,0.0,0.9950719427790412,-0.03868329140954561,-0.05747625930782627,0.07093596602322612,-2.4492935982947064e-16,-0.0,0.0,-0.08575400734929453,-0.10911434200813,0.14701977278754758,0.03222817446301629,-0.05008081197124248,0.03375514077609765,0.6447531303388445,1.3498484340414953,-1.5537398835689133,0.0,0.0,0.0,5.010096095027724,1.0,0.0,0.0,0.0
3.6601274013519287,0.20666549160148295,-1.0,1.2246467991473532e-16,0.0,0.0,0.9946659206465346,-0.05682225933017486,0.0537812645999692,-0.06721988342018989,-2.4492935982947064e-16,-0.0,0.0,-0.12116288407447685,0.09951377688276633,-0.14099656456325338,0.09777481877448782,0.0004912876126559051,0.031913617264222746,0.7453459115055433,-1.0775904424500076,1.216743199346907,0.0,0.0,0.0,5.023499627309087,1.0,0.0,0.0,0.0
3.6801092624664307,0.2160585224895912,-1.0,1.2246467991473532e-16,0.0,0.0,0.9941705120002885,-0.018706347719378152,-0.09811302339779115,-0.04060665295035339,-2.4492935982947064e-16,-0.0,0.0,-0.029812684494169326,-0.19789041219214137,-0.07868442845875318,-0.07387500129064722,-0.040851081067805065,0.0027666963179432402,0.6696269595501495,2.1256647922270435,0.8010662737352946,0.0,0.0,0.0,5.063018280481562,1.0,0.0,0.0,0.0
3.700108289718628,0.1955268636813547,-1.0,1.2246467991473532e-16,0.0,0.0,0.9952249607104278,0.09409730879751169,-0.011493268647611783,0.023256801839183196,-2.4492935982947064e-16,-0.0,0.0,0.18793513278010532,-0.027256955534217597,0.04415927630369516,0.026571438738554998,-0.07178243897611486,-0.030548636808621278,-1.9882319309044563,0.516995128856695,-0.3429414895491788,0.0,0.0,0.0,5.052813188208097,1.0,0.0,0.0,0.0
3.7201342582702637,0.2070268578472488,-1.0,1.2246467991473532e-16,0.0,0.0,0.9946472671357354,-0.03792635882661012,-0.08422376533991123,-0.04631158211005223,-2.4492935982947064e-16,-0.0,0.0,-0.06871163739638583,-0.17190414284555205,-0.08713160607402963,-0.06309926809837843,0.03807120566346972,0.0668237936120814,1.0109242489257135,1.5321904841443457,0.6589364677527187,0.0,0.0,0.0,5.048142013683672,1.0,0.0,0.0,0.0
3.7401187419891357,0.16387817148051087,-1.0,1.2246467991473532e-16,0.0,0.0,0.9966448709429283,-0.06342446753465077,-0.040546792851227455,-0.03212935932413438,-2.4492935982947064e-16,-0.0,0.0,-0.12458855863534957,-0.08499939628945573,-0.059147701314855146,0.037346430145005105,-0.0019992996323070916,-0.022263863716825164,1.1191036301129924,0.8189330555537777,0.7316426413499881,0.0,0.0,0.0,5.018881041529222,1.0,0.0,0.0,0.0
3.7601206302642822,0.20912444009306067,-1.0,1.2246467991473532e-16,0.0,0.0,0.9945383499266365,-0.10299717966164908,-0.0007278770331531527,0.01686777110271861,-2.4492935982947064e-16,-0.0,0.0,-0.20635568059650747,0.0020268638422989284,0.03370768105960503,0.043067418350002495,-0.09506742329391143,-0.03956700773193114,1.8876739198329688,0.39482723383870877,-0.17908739112664768,0.0,0.0,0.0,5.069565522365571,1.0,0.0,0.0,0.0
3.7801215648651123,0.13779106021716866,-1.0,1.2246467991473532e-16,0.0,0.0,0.9976276415734803,0.038258074244496384,0.053262867860200847,0.02093980494047943,-2.4492935982947064e-16,-0.0,0.0,0.07908160361437004,0.10486286214758418,0.04612536002417807,-0.03386988977006415,0.052791257626799426,0.043323760814130585,-0.6296819258096735,-1.2764223877112146,-0.5920911420661108,0.0,0.0,0.0,5.0050495658362735,1.0,0.0,0.0,0.0
3.8001456260681152,0.1960792299597101,-1.0,1.2246467991473532e-16,0.0,0.0,0.9951979651328415,0.0021710262337716,0.04560656720916215,0.08658139446751806,-2.4492935982947064e-16,-0.0,0.0,0.012269103175126994,0.09052276367998961,0.1741170315191933,0.05085755022942942,0.019137253855088618,0.07046973286800248,-0.24685072559315213,-0.9886803596035978,-2.013506820822371,0.0,0.0,0.0,4.982774905921186,1.0,0.0,0.0,0.0
3.8201065063476562,0.06323565413015428,-1.0,1.2246467991473532e-16,0.0,0.0,0.9995001981450403,0.0051633487788320335,0.012044346824490076,0.028768514855389952,-2.4492935982947064e-16,-0.0,0.0,0.011017870614969045,0.023781811991117948,0.05768093216737342,-0.09525830918018459,-0.08604983015106177,-0.06422749112390265,0.27776626114409525,0.10331238411444549,-0.3184603326121885,0.0,0.0,0.0,4.963704798917536,1.0,0.0,0.0,0.0
3.840106964111328,0.20584182001764129,-1.0,1.2246467991473532e-16,0.0,0.0,0.9947083167236724,-0.06674107815574215,0.03159800196553469,-0.07143220141612108,-2.4492935982947064e-16,-0.0,0.0,-0.13792252514274744,0.0533519732868925,-0.14706422193424365,0.02437540724729781,-0.04161890131297328,0.03634872705881964,1.2373199341256493,-0.4654844340588006,1.283249120087143,0.0,0.0,0.0,5.016710288311436,1.0,0.0,0.0,0.0
3.8601267337799072,0.2961132912221157,-1.0,1.2246467991473532e-16,0.0,0.0,0.9890596218950326,-0.07180164644118436,0.01762013460711353,0.12765233551180155,-2.4492935982947064e-16,-0.0,0.0,-0.13816784677727958,0.05321113006176601,0.2530268267703804,-0.055468445776558545,0.010410342795143038,0.0016039404685407738,1.6579067119299191,-0.3940440633228431,-2.559462472110194,0.0,0.0,0.0,5.01684358802323,1.0,0.0,0.0,0.0
3.880129098892212,0.13683931894726128,-1.0,1.2246467991473532e-16,0.0,0.0,0.9976602880437765,0.016337767572247648,0.000275752488113045,0.06638487005131213,-2.4492935982947064e-16,-0.0,0.0,0.03264153427854779,-0.0016189472481924897,0.1328587949007293,-0.050972071815834435,-0.09076027182418178,-0.06079005646049179,-0.12286706418161764,0.35752603753446605,-1.0845371751842754,0.0,0.0,0.0,4.964651110672602,1.0,0.0,0.0,0.0
3.9000988006591797,0.19112700205263167,-1.0,1.2246467991473532e-16,0.0,0.0,0.995437282595392,0.08234595621918096,-0.04809320763577254,-0.003286836283251926,-2.4492935982947064e-16,-0.0,0.0,0.16576424437161197,-0.09535064679523371,-0.01453075504796625,0.07612257107477785,-0.09624712465849777,-0.02068460868131021,-1.951409408682733,1.3468526513494419,0.14847516039027925,0.0,0.0,0.0,5.053918785991094,1.0,0.0,0.0,0.0
3.92012619972229,0.20543587275647004,-1.0,1.2246467991473532e-16,0.0,0.0,0.9947291496029765,-0.05274978957973283,-0.08744536352578627,0.009202555475304033,-2.4492935982947064e-16,-0.0,0.0,-0.1083962772361197,-0.1738727949221955,0.027958693309755304,-0.09554586596105219,0.03568889224532307,0.04104990712988005,1.437179255438863,1.606151701534433,-0.3482507380256011,0.0,0.0,0.0,5.067704531549439,1.0,0.0,0.0,0.0
3.940108299255371,0.22585328096167354,-1.0,1.2246467991473532e-16,0.0,0.0,0.9936305600706659,-0.06250707461196188,-0.08505203455207772,-0.039462984373480545,-2.4492935982947064e-16,-0.0,0.0,-0.1196093025404445,-0.17484350722293496,-0.06889458653791865,-0.02396531564719602,0.03334827107561461,-0.08495494541400189,1.3460027548280191,1.5676476067390959,1.1290794691256183,0.0,0.0,0.0,5.07508282247111,1.0,0.0,0.0,0.0
3.9601047039031982,0.24246891964864647,-1.0,1.2246467991473532e-16,0.0,0.0,0.9926600995150153,-0.02812337918121036,-0.09213160145039165,0.07312161368881186,-2.4492935982947064e-16,-0.0,0.0,-0.0705010492791714,-0.17976450235639163,0.15341549636421062,-0.08853010297267248,-0.06472570664236474,0.10064319028377308,0.9165879955148948,2.1015348555772917,-1.8650050349113299,0.0,0.0,0.0,5.055827631068831,1.0,0.0,0.0,0.0
3.980145215988159,0.28518926127571714,-1.0,1.2246467991473532e-16,0.0,0.0,0.9898506006596022,0.06321749357015363,0.07729472195409999,0.10111806385889,-2.4492935982947064e-16,-0.0,0.0,0.1426721488554616,0.14069935483212545,0.21367400009313545,-0.09549964841133143,-0.061570681561977605,0.050946524647111135,-0.8823512777577495,-1.2996117128340898,-2.226147375766244,0.0,0.0,0.0,5.062964891848454,1.0,0.0,0.0,0.0
4.000101327896118,0.21332113387470214,-1.0,1.2246467991473532e-16,0.0,0.0,0.9943171523614973,-0.0885330309611775,0.028756913886866402,-0.05165600499703292,-2.4492935982947064e-16,-0.0,0.0,-0.18021155512931955,0.048058957940606606,-0.10815212441271703,0.02825849317796833,0.08584990291836778,0.028966160872616248,1.657626646511674,-0.9185378894107991,0.9172554564501935,0.0,0.0,0.0,5.049508565830608,1.0,0.0,0.0,0.0
4.020109415054321,0.088581346250467,-1.0,1.2246467991473532e-16,0.0,0.0,0.9990193284650968,0.02872223406041091,0.026671973273295804,0.020591757220663528,-2.4492935982947064e-16,-0.0,0.0,0.05859967861629639,0.05213236198271643,0.04274635795207856,-0.09026841208391356,0.03493275822996214,0.10807166265174131,-0.21337103287256642,-0.6731704983857647,-0.8441217950202358,0.0,0.0,0.0,4.977293839162281,1.0,0.0,0.0,0.0
4.040114164352417,0.27494803819660424,-1.0,1.2246467991473532e-16,0.0,0.0,0.9905653200060798,0.03765734138662637,0.007005271938490632,0.13157962458531197,-2.4492935982947064e-16,-0.0,0.0,0.07652287822267899,0.0039684916104664025,0.2642714520662263,-0.05878534688335335,0.030296015584198893,0.05337302621129972,-0.5180054401991163,-0.26128950110660853,-2.8450845965514384,0.0,0.0,0.0,4.976602837696723,1.0,0.0,0.0,0.0
4.06012749671936,0.10095895718870669,-1.0,1.2246467991473532e-16,0.0,0.0,0.998726181647854,0.03504345883330466,0.01972844591195082,0.030475539470130358,-2.4492935982947064e-16,-0.0,0.0,0.07131003483995124,0.03727932849940663,0.06233979972161278,0.02512875348328629,0.06278934465728842,-0.01074297665230381,-0.8013841905992409,-0.6457262968681702,-0.5665388827933918,0.0,0.0,0.0,4.978101725637991,1.0,0.0,0.0,0.0
4.080111742019653,0.17753810537921208,-1.0,1.2246467991473532e-16,0.0,0.0,0.9960626141931794,0.08385459769240433,0.01839164060814862,-0.02212289782634856,-2.4492935982947064e-16,-0.0,0.0,0.16714780913023364,0.040359620706114964,-0.041032053085894665,-0.024646438908316123,-0.06184466199988277,-0.08654751914077885,-1.5785061982148245,-0.12045416416344124,0.7886480330900867,0.0,0.0,0.0,5.0362325161119035,1.0,0.0,0.0,0.0
4.10010290145874,0.1229587710729552,-1.0,1.2246467991473532e-16,0.0,0.0,0.9981107377622164,0.0036653553385018046,0.043337427653655974,0.04339801491279029,-2.4492935982947064e-16,-0.0,0.0,0.01111998949306651,0.08630004838912193,0.08738571332843255,-0.01006599346953832,0.09557957276517573,-0.09051921208363026,-0.03304313289188526,-1.2490668441338224,-0.5058834499212846,0.0,0.0,0.0,4.9808432019018865,1.0,0.0,0.0,0.0
4.120140552520752,0.19117262740019608,-1.0,1.2246467991473532e-16,0.0,0.0,0.99543510559407,0.0951481018864273,0.002999599619559895,0.006840443001373644,-2.4492935982947064e-16,-0.0,0.0,0.19062297772467948,0.004670120168672805,0.014189877548559665,-0.07339803792676147,0.04517066240022791,0.10532121297182326,-1.6093698860215027,-0.24067464199210953,-0.558093711914766,0.0,0.0,0.0,5.053592924091725,1.0,0.0,0.0,0.0
4.140108585357666,0.22303469694044878,-1.0,1.2246467991473532e-16,0.0,0.0,0.9937883818683829,0.012284959760881465,0.07677842477616872,0.07961661457249294,-2.4492935982947064e-16,-0.0,0.0,0.03707447998060855,0.15122254661356108,0.16269594656555836,-0.08652591094878162,-0.0012826209956101342,-0.012126675262249378,0.10040444857749475,-1.5304380115409342,-1.543825590400861,0.0,0.0,0.0,5.022733352201292,1.0,0.0,0.0,0.0
4.160107374191284,0.23308202012704324,-1.0,1.2246467991473532e-16,0.0,0.0,0.9932167790695985,-0.0702901093941898,0.0870579609760104,0.03163292156385089,-2.4492935982947064e-16,-0.0,0.0,-0.1367053513446959,0.17832544033695785,0.05143605492665195,0.0009647054793550519,0.07150634758206229,-0.03231390106075687,1.4019433659663731,-2.027184609848457,-0.5034028270339901,0.0,0.0,0.0,5.089437353908485,1.0,0.0,0.0,0.0
4.180137395858765,0.16037702128624837,-1.0,1.2246467991473532e-16,0.0,0.0,0.9967866238210499,0.008892526239327224,0.07826927158238052,-0.014535153060060242,-2.4492935982947064e-16,-0.0,0.0,0.015645495348610282,0.1569374531530711,-0.027931721246521803,0.041189542297326576,-0.030010850282376295,0.04721240551769251,-0.34260869397585325,-1.445342030518105,0.10185343913043499,0.0,0.0,0.0,5.024353797185979,1.0,0.0,0.0,0.0
4.2001025676727295,0.30389307955773043,-1.0,1.2246467991473532e-16,0.0,0.0,0.9884783176157242,0.08590717747951555,-0.021963159082074347,0.12267107280946855,-2.4492935982947064e-16,-0.0,0.0,0.16554447052085014,-0.06454166440346702,0.24158296754461578,0.021563786367127816,-0.002827224829754213,0.07857909026078802,-1.8043986950588249,0.4505720809605035,-2.7677378172325233,0.0,0.0,0.0,5.041273250543553,1.0,0.0,0.0,0.0
4.220168352127075,0.2652787959127374,-1.0,1.2246467991473532e-16,0.0,0.0,0.991216284203871,0.01719887843725366,0.06486007389869683,0.1139633595653754,-2.4492935982947064e-16,-0.0,0.0,0.049283189243683086,0.1249857947443972,0.23202574225406422,-0.06153124746599095,0.04722292200493006,0.09152599699084651,-0.09785257888111187,-1.4860931659936572,-2.6453711792708936,0.0,0.0,0.0,5.007090154752009,1.0,0.0,0.0,0.0
4.240103244781494,0.11586212231045387,-1.0,1.2246467991473532e-16,0.0,0.0,0.9983224653070817,-0.01780574403044365,-0.04293181946180514,0.03452636123908603,-2.4492935982947064e-16,-0.0,0.0,-0.038664156272392156,-0.08459091193850235,0.07077769560564993,0.03234086970050576,-0.005773081959322163,0.0338812022640638,0.2267514018068475,0.8817287170733913,-0.8260520338379759,0.0,0.0,0.0,4.983530702949719,1.0,0.0,0.0,0.0
4.260089874267578,0.17772772961732122,-1.0,1.2246467991473532e-16,0.0,0.0,0.9960542043833116,0.07422321843116897,0.03484718672316998,0.03395010093545615,-2.4492935982947064e-16,-0.0,0.0,0.15111358958241333,0.06442415804288172,0.07302144803984252,0.014729583657656017,-0.09355637797081813,-0.0618874917092056,-1.543382703254006,-0.3227182225801272,-0.4314520518723004,0.0,0.0,0.0,5.029632590024919,1.0,0.0,0.0,0.0
4.280107021331787,0.1526574125754362,-1.0,1.2246467991473532e-16,0.0,0.0,0.9970883783197572,0.06373498111797103,0.03410155448600957,-0.024283780249507735,-2.4492935982947064e-16,-0.0,0.0,0.1260947481091839,0.0711600207443549,-0.04420546103331155,-0.06111688058853997,0.025023103998520063,0.05846189811503158,-1.0302321000052632,-0.7821235057142717,0.25182801253002846,0.0,0.0,0.0,5.014401132033085,1.0,0.0,0.0,0.0
4.300102472305298,0.2639317426357987,-1.0,1.2246467991473532e-16,0.0,0.0,0.9913051338169003,0.082220202591097,-0.007453657582893348,0.10246176332063392,-2.4492935982947064e-16,-0.0,0.0,0.16227527877692274,-0.03163182665659338,0.20341706894876505,0.07755433471734438,0.09085683242590112,-0.07973614154346145,-1.9546213906913201,-0.21435417804573775,-1.7302907002388328,0.0,0.0,0.0,5.030573954199134,1.0,0.0,0.0,0.0
4.320114374160767,0.24619695699444158,-1.0,1.2246467991473532e-16,0.0,0.0,0.9924329449871505,-0.03443933777278091,-0.08265791022275933,0.08401459156307296,-2.4492935982947064e-16,-0.0,0.0,-0.08339301832367682,-0.15894647801423695,0.17555296891829555,-0.09929459751121471,-0.09466896858790533,0.09136905455714359,1.0859651455004746,2.0318340788068077,-2.045768049490034,0.0,0.0,0.0,5.04287150263754,1.0,0.0,0.0,0.0
4.340131044387817,0.14426131188288374,-1.0,1.2246467991473532e-16,0.0,0.0,0.9973997119351343,-0.069194013633215,-0.01530079490324927,0.013110636306696354,-2.4492935982947064e-16,-0.0,0.0,-0.1389329869521674,-0.028711606366266566,0.028285964837985716,-0.01895119385710993,-0.03221005823227685,0.09560933162227686,1.4596850480927372,0.43485613099409276,-0.6446500526230345,0.0,0.0,0.0,5.012343232065749,1.0,0.0,0.0,0.0
4.360106468200684,0.17530619153090235,-1.0,1.2246467991473532e-16,0.0,0.0,0.9961609263336713,-0.07550814256125905,0.03545631322099435,-0.026547676089729202,-2.4492935982947064e-16,-0.0,0.0,-0.1532575907371701,0.06668065905597759,-0.05840893182093167,0.08565179263374478,0.09785846972380446,-0.06180184787216776,1.1675556806901994,-1.1005601433151049,0.7781609132832552,0.0,0.0,0.0,5.032032096400075,1.0,0.0,0.0,0.0
4.38016676902771,0.1310437824439627,-1.0,1.2246467991473532e-16,0.0,0.0,0.9978542087281309,0.015453238089410598,0.02471871864532041,-0.05862730170015552,-2.4492935982947064e-16,-0.0,0.0,0.027982039908754083,0.05116563986563481,-0.11665575582355299,-0.09473807729518327,0.07937806720702745,-0.07396510169062263,0.06988754739251868,-0.8118866417345179,1.468406440765601,0.0,0.0,0.0,4.970447948481035,1.0,0.0,0.0,0.0
4.4001195430755615,0.21780552455472263,-1.0,1.2246467991473532e-16,0.0,0.0,0.9940759524983025,-0.07421518692130767,-0.050396858308971816,-0.061361741887056565,-2.4492935982947064e-16,-0.0,0.0,-0.142702151667753,-0.10952338715289392,-0.11546270057597759,0.03250071156926912,-0.06586183859216244,0.01841862466540034,1.3543008921490745,1.2713845205480863,1.1535603390795297,0.0,0.0,0.0,5.043172250838341,1.0,0.0,0.0,0.0
4.420111417770386,0.24462219318830275,-1.0,1.2246467991473532e-16,0.0,0.0,0.9925293182481959,-0.08073934618830372,0.08224603319274253,0.040028744908067064,-2.4492935982947064e-16,-0.0,0.0,-0.1565897488943897,0.17055263099156762,0.06720330825464801,0.019391458954955088,-0.08007360726026924,0.051087910087913746,1.5372210879462516,-1.3246262348137736,-1.0049265385129962,0.0,0.0,0.0,5.097420645969165,1.0,0.0,0.0,0.0
4.44013237953186,0.31818107392674405,-1.0,1.2246467991473532e-16,0.0,0.0,0.9873717690964549,0.07385686751293119,0.0573829800665352,0.12786456237440502,-2.4492935982947064e-16,-0.0,0.0,0.16195038545477627,0.09457021918797753,0.26524671204329114,-0.053767173131983315,0.04024745633395252,0.007657166715739794,-1.262068657730693,-1.3086494266665145,-2.5879199143510596,0.0,0.0,0.0,5.050357450834179,1.0,0.0,0.0,0.0
4.460095167160034,0.15375705534422168,-1.0,1.2246467991473532e-16,0.0,0.0,0.9970463011939705,0.06098277158146943,-0.03946618606702489,-0.02494383697404079,-2.4492935982947064e-16,-0.0,0.0,0.12424880369980616,-0.07572930398044743,-0.05473797206493774,0.05570875126671937,-0.018565786084668884,0.01919902103303235,-1.4424904366962688,0.8635868656791734,0.42208065534868633,0.0,0.0,0.0,5.01492225665033,1.0,0.0,0.0,0.0
4.480134010314941,0.1349261970809844,-1.0,1.2246467991473532e-16,0.0,0.0,0.9977252281223791,-0.004280889874652547,-0.06717036759000038,0.00376628037351368,-2.4492935982947064e-16,-0.0,0.0,-0.00913074498867598,-0.1344072136291845,0.008164247496993139,0.03364050771841526,0.0913723750537023,-0.03358325554567692,-0.048944233380612545,0.9779178515851984,0.05900741471243391,0.0,0.0,0.0,5.007368605282883,1.0,0.0,0.0,0.0
4.500106573104858,0.21400290750798703,-1.0,1.2246467991473532e-16,0.0,0.0,0.9942808043100407,0.06840079931244611,-0.07605706244665347,0.030697493154700897,-2.4492935982947064e-16,-0.0,0.0,0.13336086820476023,-0.15607651673990947,0.051284710982124754,0.013133768683591729,0.09629791389211664,0.08844828053061501,-1.4205510609832916,1.1359495933646029,-0.9677429852164782,0.0,0.0,0.0,5.068057683131969,1.0,0.0,0.0,0.0
4.520102500915527,0.2778680278473455,-1.0,1.2246467991473532e-16,0.0,0.0,0.99036418459753,0.059382125175216106,-0.019346440967512528,0.1236052599933959,-2.4492935982947064e-16,-0.0,0.0,0.11323788000581102,-0.053024774662528786,0.2453255420158679,-0.0863119704506262,-0.05457718025303537,-0.007549351114415709,-0.8423946217018197,0.6052375403623917,-2.4419077954102555,0.0,0.0,0.0,5.0010131190699125,1.0,0.0,0.0,0.0
4.540135622024536,0.24049188864211885,-1.0,1.2246467991473532e-16,0.0,0.0,0.9927791632898123,-0.08644962473386897,-0.05937551535313281,0.058228373646386486,-2.4492935982947064e-16,-0.0,0.0,-0.180592664052247,-0.10803594589559612,0.12696084210234387,0.09762181894765506,0.05081710148090354,0.072768667392928,1.3385052188867568,0.9842419011390419,-1.4556421424994417,0.0,0.0,0.0,5.073609146858755,1.0,0.0,0.0,0.0
4.56011176109314,0.15433915452518132,-1.0,1.2246467991473532e-16,0.0,0.0,0.9970239055349306,-0.03235409693502255,0.0509701750596845,-0.047943565342787924,-2.4492935982947064e-16,-0.0,0.0,-0.06979905473859156,0.09869477180580004,-0.09954792252797393,0.07340277042220991,0.00881698575422507,-0.07586777366336904,0.35347085701160885,-1.0546714442105902,1.2623424015092348,0.0,0.0,0.0,4.9984360630339095,1.0,0.0,0.0,0.0
4.580087661743164,0.22327769549127283,-1.0,1.2246467991473532e-16,0.0,0.0,0.9937748533221388,0.014553480058656301,-0.024608989796412333,0.1076760639322593,-2.4492935982947064e-16,-0.0,0.0,0.023660438143899645,-0.052069238561726836,0.21524287691029828,-0.0767554522230584,-0.0698351263788226,0.018717045896015708,0.01595220771910516,0.7715203014435368,-2.228389462229249,0.0,0.0,0.0,4.970125221950928,1.0,0.0,0.0,0.0
4.600115060806274,0.05566318287954052,-1.0,1.2246467991473532e-16,0.0,0.0,0.9996127262583718,-0.014125534887818508,0.01955544512373719,0.013872682957928316,-2.4492935982947064e-16,-0.0,0.0,-0.027722726154559563,0.039497930991645114,0.027206731979224606,0.08146035361359824,-0.05791976761125106,-0.0057083424964658736,-0.04333071669802524,-0.15942983202973954,-0.2546202891727028,0.0,0.0,0.0,4.967781963372513,1.0,0.0,0.0,0.0
4.620129585266113,0.22474508185724998,-1.0,1.2246467991473532e-16,0.0,0.0,0.9936928472257281,0.0012338607664836509,0.09009245222271653,0.06675592117956544,-2.4492935982947064e-16,-0.0,0.0,0.014718495403658022,0.17985174905453916,0.13548486328703774,-0.02228948870795558,0.004395736583247614,-0.006369806047262366,0.06448073950214686,-1.8194319907873213,-1.309639199402259,0.0,0.0,0.0,5.04389440834408,1.0,0.0,0.0,0.0
4.640105724334717,0.10740316831158227,-1.0,1.2246467991473532e-16,0.0,0.0,0.9985584164233244,0.047597297651336856,-0.0013980012528162966,0.024771593386975075,-2.4492935982947064e-16,-0.0,0.0,0.09513279361501177,-0.005150116408475007,0.04935937862677458,0.005774998417134428,-0.059549275617758315,0.08434254020005219,-0.9750459466952772,0.26615712752735915,-0.8328020285397102,0.0,0.0,0.0,4.984604755397191,1.0,0.0,0.0,0.0
4.660099267959595,0.1806293155778698,-1.0,1.2246467991473532e-16,0.0,0.0,0.9959244027224949,0.010635705788959249,-0.05036007245957365,0.07406300646124772,-2.4492935982947064e-16,-0.0,0.0,0.013797315404015706,-0.10206217422677095,0.14775419797762515,0.03147097843035676,-0.024459220674646648,-0.007112985067674549,-0.33859802950061446,1.1050383318900594,-1.4528081889542563,0.0,0.0,0.0,4.988431254239388,1.0,0.0,0.0,0.0
4.680094003677368,0.21460961773598444,-1.0,1.2246467991473532e-16,0.0,0.0,0.9942483610275787,-0.09981024110013076,-0.027181152432139005,-0.027736209509737295,-2.4492935982947064e-16,-0.0,0.0,-0.19861845075531154,-0.05962166503415941,-0.049836589356787885,-0.06557657589829553,0.011303037396456217,-0.05267274690495763,2.258511125595795,0.49841089905695535,0.7654151778145764,0.0,0.0,0.0,5.07051820926908,1.0,0.0,0.0,0.0
4.7001051902771,0.13484737839257166,-1.0,1.2246467991473532e-16,0.0,0.0,0.9977278840078015,-0.02143482292664698,0.030289010712673387,-0.05623338571938794,-2.4492935982947064e-16,-0.0,0.0,-0.04627320904430844,0.058062293862052465,-0.11394774039429253,-0.07995387394458453,0.05156666353856426,-0.0089281028967539,0.7485119543112753,-0.8120468684077247,1.1603801259747746,0.0,0.0,0.0,4.975701846960497,1.0,0.0,0.0,0.0
4.720115900039673,0.2909499807756687,-1.0,1.2246467991473532e-16,0.0,0.0,0.9894371617356331,0.06515379125726538,-0.07690214238969652,0.10418803653593786,-2.4492935982947064e-16,-0.0,0.0,0.11474198121181771,-0.1665247350936288,0.20024108618338526,-0.01545458588267272,-0.07725730865604917,0.0932561159275603,-1.2412574816146191,1.8470720824181268,-2.4567851944289987,0.0,0.0,0.0,5.064908362594983,1.0,0.0,0.0,0.0
4.740130662918091,0.14700191727800743,-1.0,1.2246467991473532e-16,0.0,0.0,0.9973000203967568,-0.04309246259768974,-0.050886022237469575,0.030762342640686176,-2.4492935982947064e-16,-0.0,0.0,-0.08964138870177459,-0.09900768674171612,0.0661158869766144,0.04723352063019026,0.07315681397997395,0.005131553066878292,0.6729151694330313,0.7250931888294955,-0.6357730650812368,0.0,0.0,0.0,5.006521469358007,1.0,0.0,0.0,0.0
4.7601001262664795,0.2420605126137615,-1.0,1.2246467991473532e-16,0.0,0.0,0.9926847747216901,-0.08212495366768999,-0.08011643858746843,0.03760034958464404,-2.4492935982947064e-16,-0.0,0.0,-0.17193025500466003,-0.15348681981370438,0.08897161320677782,-0.05371422760992999,-0.05807040683451501,-0.026435127672360823,1.8573559837935172,1.8346103990874287,-0.6462664810034375,0.0,0.0,0.0,5.096163137408935,1.0,0.0,0.0,0.0
4.780108690261841,0.17338870894349478,-1.0,1.2246467991473532e-16,0.0,0.0,0.9962443975667523,-0.015710025119468965,-0.008141696423507117,0.08475852881540458,-2.4492935982947064e-16,-0.0,0.0,-0.032691032692460674,-0.01355953717162467,0.16996898537230565,-0.05588881292177761,0.0464436970083861,-0.03305437327652927,0.5377557540764872,-0.022940859563402277,-1.5629530832019745,0.0,0.0,0.0,4.965109072951138,1.0,0.0,0.0,0.0
4.8001298904418945,0.18276034901058982,-1.0,1.2246467991473532e-16,0.0,0.0,0.9958277363833015,0.05966515288822196,0.020996572750999642,-0.06577486536091808,-2.4492935982947064e-16,-0.0,0.0,0.11647695414933493,0.04968731621898148,-0.129011704173618,-0.006533916040002641,-0.04871024574774346,0.10207650429116796,-1.1671673936044311,-0.2250904720290189,0.9071912900536897,0.0,0.0,0.0,5.002024061036921,1.0,0.0,0.0,0.0
4.8201165199279785,0.11890921967702092,-1.0,1.2246467991473532e-16,0.0,0.0,0.9982330952551749,-0.014179346688098757,0.012125847922506318,0.0564145147717476,-2.4492935982947064e-16,-0.0,0.0,-0.026952678616685856,0.025811553338363758,0.11256075182589965,-0.07743431986747329,-0.009518471102414397,-0.03795094042622043,0.5933242132318659,-0.2044430740404689,-0.9764865337300703,0.0,0.0,0.0,4.965456852350712,1.0,0.0,0.0,0.0
4.840110540390015,0.19475671500816208,-1.0,1.2246467991473532e-16,0.0,0.0,0.9952624731712904,0.07594607167129272,0.06016170862456899,-0.00808532683557031,-2.4492935982947064e-16,-0.0,0.0,0.15189452209365148,0.12127856498626624,-0.007007482432408115,-0.08452571611650522,0.06801204910020942,0.053046084603075944,-1.180818568959836,-1.4752823688922174,-0.05047780170089744,0.0,0.0,0.0,5.056941414982918,1.0,0.0,0.0,0.0
4.860138177871704,0.10903901172751151,-1.0,1.2246467991473532e-16,0.0,0.0,0.9985141798296382,0.027567118235057756,-0.02281830867479443,0.04109515130257282,-2.4492935982947064e-16,-0.0,0.0,0.053262996494893015,-0.04785282021005337,0.08099123989078899,-0.07315514369642834,0.0025722784954535644,0.04799513588571891,-0.25872178991544414,0.4460770595140743,-1.013883569594332,0.0,0.0,0.0,4.97474151909244,1.0,0.0,0.0,0.0
4.880144834518433,0.26264347158530277,-1.0,1.2246467991473532e-16,0.0,0.0,0.9913896855564246,0.07117627844914672,0.09149070065364177,0.060908787973237864,-2.4492935982947064e-16,-0.0,0.0,0.1552183976882805,0.17360609352865966,0.13625567025290558,0.011850037750773534,0.03637153929557982,0.06836584274983129,-1.470925719986031,-1.9753001702551551,-1.4916391304640824,0.0,0.0,0.0,5.099027291574332,1.0,0.0,0.0,0.0
4.900116205215454,0.2245659062266594,-1.0,1.2246467991473532e-16,0.0,0.0,0.9937028892744203,-0.09348303941768439,-0.016908856572122613,0.0594102664387573,-2.4492935982947064e-16,-0.0,0.0,-0.18896802830502504,-0.02249895282587501,0.12156356416590541,-0.06300213603659222,0.048230768469968044,0.03739052839375054,2.121669332500054,0.14525405756257992,-1.337767442350148,0.0,0.0,0.0,5.053210326010398,1.0,0.0,0.0,0.0
4.920130014419556,0.1571776869431772,-1.0,1.2246467991473532e-16,0.0,0.0,0.9969134859105739,0.0771597277734962,-0.0026010328331739882,-0.014251759461510131,-2.4492935982947064e-16,-0.0,0.0,0.1545322818128825,-0.0029866900970565266,-0.02882105079236893,-0.05692066754475085,0.07670751517673313,-0.05262484653346933,-1.315511885290923,-0.25480940404345276,0.49553457536407997,0.0,0.0,0.0,5.021864531847352,1.0,0.0,0.0,0.0
4.9401116371154785,0.1364850295659257,-1.0,1.2246467991473532e-16,0.0,0.0,0.9976723831156644,-0.05637364796875546,-0.024171737316014748,0.029791859595054166,-2.4492935982947064e-16,-0.0,0.0,-0.1142886145398782,-0.044887069860414235,0.062273254721258366,0.028565907480888164,0.07139957390753437,0.00616116118034471,1.013209329451554,0.19783645069015737,-0.6204818366224623,0.0,0.0,0.0,4.999619749498478,1.0,0.0,0.0,0.0
4.960099935531616,0.17542823909694102,-1.0,1.2246467991473532e-16,0.0,0.0,0.9961555824020987,0.010445214731339338,0.012764954741066259,0.0860349293532012,-2.4492935982947064e-16,-0.0,0.0,0.02301504193485478,0.023636656097572564,0.1725783674295619,0.016366422560291013,-0.02006516013132234,-0.04818011432570666,-0.2743699848679532,-0.17503845429603604,-1.5279781297611974,0.0,0.0,0.0,4.96470126000024,1.0,0.0,0.0,0.0
4.980105638504028,0.08512839404951156,-1.0,1.2246467991473532e-16,0.0,0.0,0.9990942813199046,-0.011187186002895899,0.030529440075810134,-0.027448446073634745,-2.4492935982947064e-16,-0.0,0.0,-0.02407634215518742,0.0604262021532175,-0.05566051783339474,-0.0662697843893822,0.08633221670565083,-0.0062822150065596355,0.4888228576154443,-0.955917668338806,0.5740977814989334,0.0,0.0,0.0,4.972513881780382,1.0,0.0,0.0,0.0
