# simulator=gazebo,# scenario=flip
t,alpha_err,q_ref0,q_ref1,q_ref2,q_ref3,q_m0,q_m1,q_m2,q_m3,phi_ref,theta_ref,psi_ref,phi,theta,psi,p,q,r,tau_x,tau_y,tau_z,sat_x,sat_y,sat_z,thrust,desat,x,y,z
4.76837158203125e-07,0.21160993341559423,0.9999999999997194,7.490140565847157e-07,0.0,0.0,0.9944077978465488,0.10203859381621681,-0.017728178000520605,0.02066321995160426,1.4980281131695715e-06,0.0,0.0,0.20376823488588353,-0.03948522803218366,0.03751545089774277,0.03349999731751549,-0.06332754127031022,0.04058039736570876,1.9067569905453303,-0.10125370446991566,0.2509425439960438,0.0,0.0,0.0,1.76794340596813,1.0,0.0,-0.009078041650354862,2.190000057220459
0.06011652946472168,0.05666164554371822,0.9955447219576686,0.0942905434400935,0.0,0.0,0.9944077978465488,0.10203859381621681,-0.017728178000520605,0.02066321995160426,0.18886164732568397,0.0,0.0,0.20376823488588353,-0.03948522803218366,0.03751545089774277,0.03349999731751549,-0.06332754127031022,0.04058039736570876,0.022414647723924763,-0.138640640454825,0.2156696110091293,0.0,0.0,0.0,1.7667784138339362,1.0,0.0,-0.009078041650354862,2.190000057220459
0.0603632926940918,0.05645253062409613,0.9955080987629578,0.0946764241897691,0.0,0.0,0.9944077978465488,0.10203859381621681,-0.017728178000520605,0.02066321995160426,0.18963687687424924,0.0,0.0,0.20376823488588353,-0.03948522803218366,0.03751545089774277,0.03349999731751549,-0.06332754127031022,0.04058039736570876,0.014665451607812019,-0.13878712598064208,0.215517656694232,0.0,0.0,0.0,1.7656134216997423,1.0,0.0,-0.009078041650354862,2.190000057220459
0.06057620048522949,0.05628006122355493,0.9954763800026992,0.09500935141722382,0.0,0.0,0.9944077978465488,0.10203859381621681,-0.017728178000520605,0.02066321995160426,0.19030574642677944,0.0,0.0,0.20376823488588353,-0.03948522803218366,0.03751545089774277,0.03349999731751549,-0.06332754127031022,0.04058039736570876,0.007979412231996164,-0.13891346663466114,0.215386504596845,0.0,0.0,0.0,1.764448429565548,1.0,0.0,-0.009078041650354862,2.190000057220459
0.08009719848632812,0.3695736724695479,0.9920955539950789,0.12548470720847824,0.0,0.0,0.9943239968277118,-0.027804005181993264,0.05537284819345564,0.08649031339605827,0.2516327703377719,0.0,0.0,-0.04603512925068067,0.11518116784975382,0.17087669871600783,-0.07657194323223278,-0.09650361273255248,0.09763612499613203,-2.7408459378030865,1.2676533479681675,1.464557520549986,0.0,0.0,0.0,1.738475388830626,1.0,0.0,-0.009078041650354862,2.190000057220459
0.10012364387512207,0.5022081509442303,0.9876579393676412,0.15662629027102914,0.0,0.0,0.9935464379044591,-0.0807358006470611,-0.050375582106437757,0.06172120339621059,0.31454770404872423,0.0,0.0,-0.16811996481239816,-0.09025723364388621,0.13169484018510283,0.006973156682264198,0.0063358885428292655,-0.06773657787010674,-4.0,-1.2137636889053538,1.3323322318007753,1.0,0.0,0.0,1.7556753379841186,1.0,0.0,-0.009078041650354862,2.190000057220459
0.1201019287109375,0.2796691440135605,0.9822572366576088,0.18753858545312302,0.0,0.0,0.9954316331966362,0.06648840645350682,0.009183776956321934,0.06790297253852391,0.37731133692024627,0.0,0.0,0.1340231240928206,0.009254255404428806,0.1368392567857046,-0.09648964133207652,-0.08997393928016724,-0.1115607411310591,-2.041503874915687,0.2856238362658605,1.8146529386449082,0.0,0.0,0.0,1.7388448066830977,1.0,0.0,-0.009078041650354862,2.190000057220459
0.14009928703308105,0.34638409471087966,0.9758827285140816,0.21829544243504334,0.0,0.0,0.9979157992360405,0.051264998970298396,-0.03904277779487945,0.0034086680286491895,0.4401348909162952,0.0,0.0,0.10254380619635428,-0.07835244472502867,0.0028086921339336088,-0.28998694598895247,0.0012422668600696463,-0.10469829340780533,-2.196289092739089,-0.7818744518135609,0.31486516970663314,0.0,0.0,0.0,1.7379511713581006,1.0,0.0,-0.009078041650354862,2.190000057220459
0.160109281539917,0.4558807969811662,0.9685404569906463,0.2488561495570282,0.0,0.0,0.9951818065699937,0.04122876084738702,0.08874586811515296,-0.006126340144052219,0.5029981426573431,0.0,0.0,0.08236708719960167,0.17808146804563513,-0.004954249802628328,-0.5124532016409512,-0.06968816311767725,-0.13498968409886608,-2.104694985834787,2.028323474058856,0.8629856713041109,0.0,0.0,0.0,1.7587754673831402,1.0,0.0,-0.009078041650354862,2.190000057220459
0.18012189865112305,0.5176048283778355,0.9602402474272503,0.2791749759932884,0.0,0.0,0.9938334890067623,0.044338664842467485,-0.09693942685789858,0.030525832488162593,0.5658696335530135,0.0,0.0,0.08392641153578147,-0.19665535096030898,0.05312736616982501,-0.7607832455210217,-0.08686132852946425,-0.10577126872829584,-1.6544204166331937,-1.6846984415529889,0.46806649042316484,0.0,0.0,0.0,1.768344208000788,1.0,0.0,-0.009078041650354862,2.190000057220459
0.2001209259033203,0.4391250725242534,0.950997801370788,0.3091976419507871,0.0,0.0,0.9892924406493709,0.11377152587904335,0.0071129395985996225,-0.09113678106797386,0.6286984306474583,0.0,0.0,0.22586128159668659,0.034818130632761235,-0.17977858689187248,-1.1132735465003045,0.09534251743292532,0.0074402183379051745,0.49928580842212744,0.31750328468338085,-1.7191923587201932,0.0,0.0,0.0,1.7789469855105473,1.0,0.0,-0.009078041650354862,2.190000057220459
0.22009491920471191,0.5237179287653635,0.9408302530998623,0.3388782006149833,0.0,0.0,0.9942335517953481,0.09001877603531555,0.05570544683691945,-0.017122138832799564,0.691448581265962,0.0,0.0,0.1792084943512731,0.11409847986733561,-0.024177282449786074,-1.3452661225156852,-0.032592484369436625,0.15304025370266958,0.33643070641462813,1.2946037223769244,-0.5567943072731767,0.0,0.0,0.0,1.7909948862758707,1.0,0.0,-0.009078041650354862,2.180000066757202
0.24009943008422852,0.5945973644232485,0.9297189792317364,0.3682697647870351,0.0,0.0,0.9960042310662266,0.08180758348848688,-0.007662326307177079,0.034991137985375884,0.7542946056837084,0.0,0.0,0.16318423664228807,-0.02099004099883675,0.06851765031460587,-1.5337313183780599,-0.018178987919760206,0.1485217995789629,0.3201216557658393,-0.32748381528804354,0.00011524134524620866,0.0,0.0,0.0,1.7827634267997325,1.0,0.0,-0.009078041650354862,2.180000066757202
0.26010990142822266,0.7403842848554765,0.9176860512724342,0.39730631922989496,0.0,0.0,0.9987012521932433,0.03967628361360069,-0.011309941574263158,-0.02989459161533695,0.8171593554528697,0.0,0.0,0.08002745529774088,-0.020219670757652925,-0.06065858838990063,-1.9836021685055925,0.08405554070104548,0.06644958758456058,0.7268097444092874,-0.3062554720809238,-0.9043455701673673,0.0,0.0,0.0,1.77414443636151,1.0,0.0,-0.009078041650354862,2.180000066757202
0.2801189422607422,0.8903003179828117,0.9047474865977192,0.42594833665024445,0.0,0.0,0.9972212747577769,0.0007338358987497265,-0.07446879385047651,-0.0018945706119119356,0.8800196111376911,0.0,0.0,0.0017653462177069077,-0.14907246693920595,-0.003931521482896755,-2.1596843470702516,-0.05562913995125225,-0.03949643980401814,0.15672124687415767,-1.1088527375024309,-0.5106935782293205,0.0,0.0,0.0,1.7990967827571815,1.0,0.0,-0.009078041650354862,2.180000066757202
0.30016255378723145,0.831222964280292,0.8908905737125964,0.4542179935560026,0.0,0.0,0.9963979503245335,0.05985686335143946,0.0433840820799041,-0.04154638276528981,0.9429884738607176,0.0,0.0,0.11642700851718121,0.09155715585410064,-0.07800526335701671,-2.429157538077829,0.029015646650153576,0.0034484175165045428,1.7315109033528593,1.034369101265781,-0.3599426713230021,0.0,0.0,0.0,1.8116018145035533,1.0,0.0,-0.009078041650354862,2.180000066757202
0.3201272487640381,0.8002460100863441,0.8762103687036219,0.48192882231327794,0.0,0.0,0.9914333237299525,0.10854077627790946,-0.02635259227515932,0.06770823704060833,1.0057094129310142,0.0,0.0,0.21375331870550454,-0.06700200593170659,0.12918381315395971,-2.5575457217239586,-0.08369218059767969,-0.014961778490852895,2.576268076786425,-0.7796505882413254,0.9923788255944943,0.0,0.0,0.0,1.836544770276294,1.0,0.0,-0.009078041650354862,2.180000066757202
0.34011149406433105,0.9383207484278704,0.8606528631071436,0.5091921535387957,0.0,0.0,0.988033252038884,0.08168739715945522,-0.10480712528149637,0.07831301616595669,1.068491771153951,0.0,0.0,0.14919550668178472,-0.2217121882861897,0.14155450858734864,-2.617372214797592,0.026378287701788766,0.0248750758737398,1.8136031166190971,-2.7070916667913743,0.18116681157486392,0.0,0.0,0.0,1.871073234597677,1.0,0.0,-0.009078041650354862,2.180000066757202
0.36010169982910156,0.5908425416333684,0.844242316549378,0.5359616692892691,0.0,0.0,0.9494176432135265,0.28946291427037574,-0.07814374458870775,0.09333228379627695,1.1312928547283025,0.0,0.0,0.5780186480502473,-0.2038229029680368,0.1351843822201164,-2.9239192695892227,0.043835937898422966,0.05560129668865782,4.0,-2.4952394031426106,0.5158550469800632,1.0,0.0,0.0,2.219623071388953,1.0,0.0,-0.018156083300709724,2.180000066757202
0.38010191917419434,0.826075006189739,0.8269905773508976,0.5622157815046008,0.0,0.0,0.9826785691966524,0.18363038329245515,0.020307562891117265,-0.014502236479571785,1.1941253968930303,0.0,0.0,0.36899635032446665,0.04525315986580149,-0.02106702692829037,-3.045840902688682,-0.01355595934747536,0.06700573252555836,4.0,0.5531748249067356,-0.27954254165897335,1.0,0.0,0.0,1.9843973174363587,1.0,0.0,-0.018156083300709724,2.1700000762939453
0.4001128673553467,0.5677466831791647,0.8089127722570331,0.5879286749933543,0.0,0.0,0.9393144470405667,0.34043986465796716,0.017346600596687762,-0.038576723296290825,1.2569916446903044,0.0,0.0,0.6936266481295597,0.05888796331357005,-0.0608031875746525,-3.073878838195062,-0.06087896253002685,0.08501008768068824,4.0,0.9777608219416221,-0.7601731563576634,1.0,0.0,0.0,2.431056013390071,1.0,0.0,-0.03631216660141945,2.1700000762939453
0.42010998725891113,0.8280995099653519,0.7900491101138627,0.6130435576762011,0.0,0.0,0.963609191949864,0.25153261945545213,0.003752383813421093,-0.09041341800488285,1.3198144496722968,0.0,0.0,0.5060816304212478,0.05273995678968219,-0.1734673511864216,-3.226770471217333,-0.023112384112224937,-0.11988547514110433,4.0,1.2602881550084573,-0.9030714137228653,1.0,0.0,0.0,2.1572856793877846,1.0,0.0,-0.03631216660141945,2.1700000762939453
0.44011664390563965,0.76983988762006,0.770396438585586,0.6375651554269927,0.0,0.0,0.9393069701446881,0.31869644893416466,0.09983373835100214,0.07853797782743713,1.3826672152165524,0.0,0.0,0.6690992773208254,0.13792639906723858,0.21484968727181472,-3.2575343740198237,-0.09568858505166532,0.006498768234420804,4.0,0.9195239089231739,2.4571227534740308,1.0,0.0,0.0,2.465311102234123,1.0,0.0,-0.045390207320451736,2.1600000858306885
0.4601266384124756,0.9924544376207987,0.7499795045487576,0.6614610666976554,0.0,0.0,0.9723482320277274,0.22698816576422318,0.05355726730656627,0.012120536052480639,1.4455304669576003,0.0,0.0,0.46105307650243615,0.09881090499409113,0.04813780157514243,-3.190854349248007,-0.051198872936729825,-0.025939673762604504,3.304736863784898,0.8477872936137736,0.9940827107607695,0.0,0.0,0.0,2.172278162535154,1.0,0.0,-0.0726243332028389,2.1600000858306885
0.4801030158996582,0.8113446229929094,0.7288578465211288,0.6846650564798693,0.0,0.0,0.9326650303880469,0.3491591374325551,-0.03934794666402211,0.08170420388170226,1.50828810771667,0.0,0.0,0.708144377583142,-0.13082531214038404,0.1263405200916217,-3.3887384604567052,0.033390953708126975,0.08391395865288384,4.0,-1.825945275550024,0.316555884745488,1.0,0.0,0.0,2.61460860444047,1.0,0.0,-0.08170237392187119,2.1500000953674316
0.5001184940338135,0.7212465696718066,0.7069751551583956,0.7072383827174274,0.0,0.0,0.9061453180253869,0.41719292266529656,0.01728248587639401,0.067468834142815,1.5711685867810192,0.0,0.0,0.8612284973929863,-0.024976749714960073,0.137165758119598,-3.2610711280322078,-0.04219581470441822,0.06800582283267094,4.0,-0.5411819613624952,0.9264092456099238,1.0,0.0,0.0,3.057870639596113,1.0,0.0,-0.09985845535993576,2.1500000953674316
0.5202462673187256,0.8708230251416695,0.6842650635553269,0.7292333801997989,0.0,0.0,0.923257803070808,0.3770308628346079,0.07034614113680973,0.022230113949691616,1.63440185146602,0.0,0.0,0.7807883951458905,0.11337509891110341,0.09484370392045124,-3.362398468202894,-0.04064397628985035,0.10127649712190964,4.0,0.8010652171212171,0.9250949039090769,1.0,0.0,0.0,2.870472998932838,1.0,0.0,-0.12709258496761322,2.140000104904175
0.540132999420166,0.6001321007769516,0.6611551414385469,0.750249211228759,0.0,0.0,0.8508752270653572,0.5235012990910815,0.03639288898748004,-0.025165362059223238,1.6968778629398136,0.0,0.0,1.1029055690617506,0.08839488438723418,-0.004740241923600477,-3.3631869692401937,-0.080733234558105,0.10742559639160851,4.0,1.1817657122542815,-0.2163918306549399,1.0,0.0,0.0,4.567222348995768,1.0,0.0,-0.1452486664056778,2.140000104904175
0.5601379871368408,0.6645955254807647,0.6372569662720358,0.7706513861258939,0.0,0.0,0.8481178089241774,0.5253040455168789,-0.050152702102627345,-0.047292160249436346,1.7597253853856731,0.0,0.0,1.1114543496997256,-0.03539266202163703,-0.13338796444777934,-3.3714444848211986,0.09060807132470489,0.11913300368099577,4.0,-0.27272008416180804,-1.8522821739710944,1.0,0.0,0.0,4.7205995248573736,1.0,0.0,-0.18156082928180695,2.130000114440918
0.5800986289978027,0.8749158378839276,0.6127846306891879,0.7902499581721695,0.0,0.0,0.8878616511107479,0.45778368432545496,0.04605930606700881,0.0037851257488273247,1.822433591217008,0.0,0.0,0.9540277935099873,0.07840334609534767,0.0490620707243218,-3.3040295834818085,-0.015755892567715674,0.11209524341392482,4.0,0.5676883581385641,0.3259756578843037,1.0,0.0,0.0,3.6259712789357694,1.0,0.0,-0.18156082928180695,2.130000114440918
0.6000955104827881,1.0057269821942971,0.5876638708682274,0.8091051692309049,0.0,0.0,0.8919185877209334,0.4351199556392334,0.09102192180801774,-0.082866560401541,1.8852556471849438,0.0,0.0,0.8993543746003597,0.2366857563030252,-0.07063592726398925,-3.012977302801193,0.06928767213651396,0.12363614271136483,2.7328759625013266,2.1336104570706773,0.004427905096401341,0.0,0.0,0.0,3.5351779474535894,1.0,0.0,-0.2087949514389038,2.119999885559082
0.6201033592224121,0.897373864109275,0.5619490887135734,0.8271718211435786,0.0,0.0,0.8545412399231052,0.5087320233084545,-0.10459698877443517,0.0032353779514487004,1.9481121577994824,0.0,0.0,1.0833976085158747,-0.18307776633627906,-0.10278985921775304,-2.784080445109377,0.016746357210712895,0.10612668277175955,2.716903044999743,-1.296073348766158,-2.118538011071506,0.0,0.0,0.0,4.767117406395613,1.0,0.0,-0.25418516993522644,2.109999895095825
0.6401164531707764,0.8736354990456786,0.5356723379939349,0.8444259270700489,0.0,0.0,0.8341233109507945,0.5439029369466524,0.0136809414864708,-0.09066823671680059,2.010985146723266,0.0,0.0,1.1472374358538926,0.12175321045537359,-0.13782781163461652,-2.4220968032315455,-0.07233504323656773,0.008664839453216208,1.4283553676385363,1.9671624080944112,-0.7749778507323029,0.0,0.0,0.0,5.5479428417392285,1.0,0.0,-0.2995753586292267,2.0999999046325684
0.6601240634918213,0.9285653069952539,0.5088736659898212,0.8608412118748032,0.0,0.0,0.8356456719447967,0.5447054893677985,-0.06510895578737007,0.02744202413807629,2.073840908323748,0.0,0.0,1.157096570285246,-0.13916039634901306,-0.025314188332394023,-2.027296066058457,0.09657718943666507,0.00880057799686848,-0.7342548092766084,-1.5214179244588077,-0.8768812915590457,0.0,0.0,0.0,5.883017603976522,1.0,0.0,-0.3449655771255493,2.0899999141693115
0.6801226139068604,0.9333498657347518,0.481584887208654,0.8763994502578307,0.0,0.0,0.8212457173047504,0.5677430626192558,-0.04480726293680476,0.034865396088757904,2.1366682073900796,0.0,0.0,1.209387450231544,-0.11342778706757854,0.006429448955996617,-1.7449416700285731,-0.040422974835769315,0.068246141345161,-1.9466896478355293,-0.8809983933120943,-0.7225528206303289,0.0,0.0,0.0,6.95316136875493,1.0,0.0,-0.39943382143974304,2.069999933242798
0.7001063823699951,0.9518184302638381,0.45384160172428106,0.8910823758465538,0.0,0.0,0.8026098854109529,0.5887433006562203,0.04074883665660657,0.08682298131352989,2.1994490675849034,0.0,0.0,1.26227759718555,-0.036830384975381145,0.1885943107154821,-1.5736618151660255,0.017739634445148325,0.049828355754418546,-2.665259159249163,-1.2484167611867079,1.314975598717563,0.0,0.0,0.0,7.8,1.0,0.0,-0.47205814719200134,2.059999942779541
0.720111608505249,0.8935251348977963,0.42562065596464266,0.9049016837293581,0.0,0.0,0.7718998061113828,0.6335650172707034,0.01594371562241912,-0.05011842124543265,2.2622973390448196,0.0,0.0,1.3720398414778234,0.08823490492830482,-0.057424863978614515,-1.6002883411075715,0.012655717607349598,0.051447871790087696,-2.1755481550406834,0.9921414990221412,-0.3438702914556347,0.0,0.0,0.0,7.8,1.0,0.0,-0.5265263915061951,2.0399999618530273
0.7405617237091064,0.8326083857232334,0.39633795209871575,0.9181046932274097,0.0,0.0,0.7229463078949407,0.68408172883762,0.011608252603691019,-0.09615650078437352,2.326543270734323,0.0,0.0,1.5062429125789343,0.14889161038886276,-0.12485186137113422,-1.7091836593162075,-0.0013666114507323857,-0.09289244153974824,-1.015522297817605,1.8631169601799278,-0.17748782196578972,0.0,0.0,0.0,7.8,1.0,0.0,-0.5991507172584534,2.0199999809265137
0.7600953578948975,0.9582372697316072,0.36798527935233566,0.9298316160359269,0.0,0.0,0.751487087399881,0.6569634522630486,0.0538636354133379,0.02765662021867563,2.3879099923903144,0.0,0.0,1.4392915834977948,0.044631691749457456,0.11269040892657065,-1.6982229757501084,0.035653822255969206,-0.06428599353830218,-2.3471795650369733,-0.26051478797414773,1.462370779734504,0.0,0.0,0.0,7.8,1.0,0.0,-0.6808531284332275,1.9900000095367432
0.7800953388214111,1.0759760390875968,0.3385970121469812,0.9409314870728565,0.0,0.0,0.7566089008901835,0.6403822927346199,-0.0875682587634921,-0.09892062627596977,2.450741785540986,0.0,0.0,1.40555799596683,-0.005815845910994132,-0.26493569323912014,-1.977722899168659,0.06244036001203959,-0.1084905350026256,-1.990820549233046,1.0187821841077294,-1.8838370686987944,0.0,0.0,0.0,7.8,1.0,0.0,-0.7534774541854858,1.9700000286102295
0.8001222610473633,1.2721674849877829,0.30883434093256446,0.9511158446060861,0.0,0.0,0.8094634505435985,0.5829345226765175,-0.026054403345857614,0.0654020838524529,2.5136582172800512,0.0,0.0,1.2437175352443206,-0.11870904793584866,0.07611378610032163,-1.973506231507009,0.011189260483862727,0.003997401718504073,-3.9032413604497673,-1.4497860960961098,-0.10763653451030417,0.0,0.0,0.0,7.8,1.0,0.0,-0.8351798057556152,1.940000057220459
0.8201038837432861,0.8834985241476926,0.2788344014075069,0.9603391987166395,0.0,0.0,0.6552794829395991,0.7510791376622585,-0.05910617077525438,0.05473014510501829,2.5764323363483657,0.0,0.0,1.708212788116132,-0.16036188855342715,-0.01728233028687553,-2.1364320497203666,0.04468209213413683,-0.07830398155436931,0.1484507624425433,-1.5595351174046794,-0.5168105824267804,0.0,0.0,0.0,7.8,1.0,0.0,-0.9259602427482605,1.899999976158142
0.8401269912719727,1.2299723298447933,0.2484966717448208,0.9686327498756929,0.0,0.0,0.7544952114820104,0.6496702493991223,0.05449597623632168,-0.07547007003076556,2.6393367838625257,0.0,0.0,1.4177847512079607,0.18128658624906166,-0.04380644003265657,-2.312393485698617,0.10737800020575566,0.05343668237864911,-2.1381835923765866,1.3033850028854244,0.4669037924845015,0.0,0.0,0.0,7.8,1.0,0.0,-1.0167406797409058,1.8700000047683716
0.8601152896881104,1.0040819745426024,0.2179665025947742,0.9759562509388432,0.0,0.0,0.657435012785926,0.7513691542844313,-0.048930031648108184,0.028800172846411117,2.702131875324424,0.0,0.0,1.7058885186796688,-0.10782456409385699,-0.03587655094537559,-2.3846688689599658,0.1514675348438812,0.14420266732333126,-0.01841459611037699,-1.3813264711308013,-1.406332615216313,0.0,0.0,0.0,7.8,1.0,0.0,-1.1256771087646484,1.8300000429153442
0.8801276683807373,1.286832429992137,0.18718432192847392,0.9823248086168737,0.0,0.0,0.7283742329750862,0.6756529924357558,-0.08261526838128522,0.07835003497670859,2.765002617206038,0.0,0.0,1.4954377086981097,-0.22819998050491716,0.002564267562835935,-2.529325816702138,0.06292046164158016,0.06846943670124814,-1.6632653684050958,-2.100271168696528,-1.6036603374307976,0.0,0.0,0.0,7.8,1.0,0.0,-1.2164576053619385,1.7799999713897705
0.900092601776123,0.9699445944578311,0.1562907956918904,0.9877110848735048,0.0,0.0,0.5958807581499714,0.8014055914996085,0.03200029828232552,0.040634725169736687,2.8277243052903915,0.0,0.0,1.8615291099550046,-0.02699634696631709,0.09991986915468815,-2.613653330928883,0.08576340170303942,-0.021938301389047885,1.1884990733125136,-1.0457339348124546,0.8469108628004098,0.0,0.0,0.0,7.8,1.0,0.0,-1.2164576053619385,1.7799999713897705
0.9202992916107178,1.3098311904179831,0.12486680065345448,0.9921735141065652,0.0,0.0,0.6893553246488557,0.7125988925129225,0.09044352683626003,-0.09387237730581716,2.8912054936281217,0.0,0.0,1.6038809294353866,0.26145063270892355,-0.0005413286712380433,-3.0051438926567973,0.1676422877461321,0.016620626902223462,0.120972549274315,1.4180524551136444,1.4938000608993502,0.0,0.0,0.0,7.8,1.0,0.0,-1.3344720602035522,1.7300000190734863
0.9400942325592041,1.127808367050115,0.09396094904893514,0.9955758836240578,0.0,0.0,0.5909000318644507,0.7931623253265377,-0.11904523191039702,0.08694199666783872,2.9533931346901303,0.0,0.0,1.8737810501524335,-0.2823422235581754,-0.08976631570942209,-4.008815237178063,0.02203118913116346,-0.07821420143088154,4.0,-2.042983919058152,-1.894131382902572,1.0,0.0,0.0,7.8,1.0,0.0,-1.4343305826187134,1.6799999475479126
0.9606974124908447,1.3103802112849179,0.06169715079667107,0.9980949161194905,0.0,0.0,0.6550879138324275,0.7539513920014,0.02992668060414459,-0.039006633254444936,3.018119933403961,0.0,0.0,1.710599038698774,0.09818510426939159,-0.006007995204412235,-4.654791302513673,0.02249747125379322,-0.17771628534484601,4.0,0.7255843804303604,1.260126534046555,1.0,0.0,0.0,7.8,1.0,0.0,-1.5523450374603271,1.6200000047683716
0.9800899028778076,1.0499773207528968,0.03126960933826525,0.9995109861986672,0.0,0.0,0.5208656354028686,0.8494577567640305,-0.08420561338820114,-0.005470283695017907,3.0790432387384543,0.0,0.0,2.0473855078208407,-0.07850668934648145,-0.14977573812791325,-4.792431835946435,0.07513064636603313,-0.046728176130959975,4.0,-0.24383194514301673,-1.4997970817805062,1.0,0.0,0.0,7.8,1.0,0.0,-1.6522035598754883,1.559999942779541
1.0012269020080566,1.1270109773694568,-0.0019272119745995394,0.9999981429252781,0.0,0.0,-0.5238214161363075,-0.8463989286314635,-0.03867081421512622,-0.08788939490293093,-3.137738227254608,-0.0,0.0,2.024558163132619,-0.1084784073412087,0.15914093486156647,-5.01323394193263,0.016438000832229238,0.05664744058798936,4.0,1.6935231675106879,-0.996616980476706,1.0,0.0,0.0,7.8,1.0,0.0,-1.7792961597442627,1.4900000095367432
1.020096778869629,1.1877686174390512,-0.031562703594874945,0.999501773756196,0.0,0.0,-0.5271808926500318,-0.8458340089707211,0.008090381274460125,0.08111523546207348,-3.078456760732149,-0.0,0.0,2.020407210825529,0.12904774150980372,-0.10021054904873423,-5.056023647182579,0.1351616426080003,-0.03246603784896547,4.0,-2.167250091014586,0.24038683740123978,1.0,0.0,0.0,7.8,1.0,0.0,-1.8973106145858765,1.4199999570846558
1.0401122570037842,1.1293521285472092,-0.06296650348874319,0.9980156408786398,0.0,0.0,-0.46550674209986187,-0.8758112523661106,0.10327170819875528,0.07478688102995679,-3.0155762816677996,-0.0,0.0,2.16007127780807,0.03485808983786111,-0.2533753084970352,-4.999215486279828,0.0889993381464099,-0.13780881708021583,4.0,-1.9788200600858858,2.518389501067416,1.0,0.0,0.0,7.8,1.0,0.0,-1.9971691370010376,1.340000033378601
1.0600979328155518,0.7860673669736412,-0.0942614619972303,0.9955474759056671,0.0,0.0,-0.29097955935846004,-0.9554336844117342,-0.04923936544046066,0.007270186929931412,-2.9527894293605232,-0.0,0.0,2.5522547873704657,0.04256050851931132,0.09006209396648857,-5.004437346920178,-0.07770999302889253,-0.2601053407227302,4.0,0.25891113865113274,0.0463128743218042,1.0,0.0,0.0,7.8,1.0,0.0,-2.1242616176605225,1.2599999904632568
1.0801005363464355,0.8068763975327178,-0.12548990886136138,0.9920948960527753,0.0,0.0,-0.2705779682070446,-0.9612704019731393,0.04262258002464526,0.030497427488057345,-2.8899493970552292,-0.0,0.0,2.591075634674597,0.035574589659567085,-0.09866986741448998,-4.821595161511412,0.015552687749033067,-0.2385417834717282,4.0,-0.7743116677235347,1.7233376279482977,1.0,0.0,0.0,7.8,1.0,0.0,-2.2241201400756836,1.1799999475479126
1.1022734642028809,1.1413749520226897,-0.15996064247760794,0.9871233929241829,0.0,0.0,-0.39423047870921957,-0.9163911617279514,0.01521082801163219,0.06766239040113685,-2.820291089792844,-0.0,0.0,2.3244604334295427,0.11225288493496022,-0.08183305528864154,-4.748781150596666,-0.04290062615838457,-0.2339258350098985,4.0,-1.2128827395162207,1.0195362343574337,1.0,0.0,0.0,7.8,1.0,0.0,-2.342134714126587,1.090000033378601
1.12009859085083,0.8472625423903524,-0.18753343537920328,0.9822582199273642,0.0,0.0,-0.2213304456000064,-0.9703243752118325,0.09138545211662201,-0.03364728609724913,-2.764291802866339,-0.0,0.0,2.701788483971399,-0.10594843127284737,-0.16410435183426064,-4.526501570910439,-0.022481927340672003,-0.10420008846549558,4.0,0.4081776207258654,2.3382824073886734,1.0,0.0,0.0,7.8,1.0,0.0,-2.451071262359619,1.0
1.1400928497314453,0.9676094745882793,-0.2182855746004869,0.9758849357999821,0.0,0.0,-0.2497196372765106,-0.9629636840699581,-0.06914075262839349,0.07456944579974599,-2.701477986053026,-0.0,0.0,2.6428964522499117,0.17910294928901252,0.09763142871137515,-4.466904799848724,0.007306718436863119,0.10884183732903077,4.0,-1.1828022719699796,-2.110384414595316,1.0,0.0,0.0,7.8,1.0,0.0,-2.5690858364105225,0.9100000262260437
1.1601126194000244,0.7750993729967709,-0.24886122770652422,0.9685391522000552,0.0,0.0,-0.11317739369969203,-0.984992012059768,-0.10445725680366905,0.07791209941239512,-2.6385840247356582,-0.0,0.0,2.930016320491088,0.17806956150640102,0.1923500925934202,-4.413043983620431,-0.1105131977973457,0.06580642462428617,4.0,-0.5472583596104338,-2.6744305716717545,1.0,0.0,0.0,7.8,1.0,0.0,-2.6871001720428467,0.8100000023841858
1.180149793624878,0.8428318684115266,-0.2792170508816896,0.9602280138055398,0.0,0.0,-0.13589686048370833,-0.9898225943872516,-0.010637726221271682,0.04086702499574822,-2.575635385392159,-0.0,0.0,2.869129538533955,0.08389184490316945,0.009986810357327602,-4.2699661334848855,-0.11422557724109639,0.186773646043439,4.0,-0.2685262449999817,-1.1796028425433545,1.0,0.0,0.0,7.8,1.0,0.0,-2.6871001720428467,0.8100000023841858
1.2000916004180908,0.6903561988416494,-0.3091538345134134,0.9510120433546848,0.0,0.0,-0.02963813935977477,-0.9991229407868353,0.017810286848837082,-0.02361617181337206,-2.512986351671295,-0.0,0.0,3.083108181466745,-0.04826538282373832,-0.0342360028592194,-4.2854434102295835,0.057569901720570055,0.08641825194438138,4.0,0.10878329990468921,0.13910353945201825,1.0,0.0,0.0,7.8,1.0,0.0,-2.796036720275879,0.7099999785423279
1.2200968265533447,0.8188303381882345,-0.3388810193938001,0.9408292377974968,0.0,0.0,-0.05268359412274335,-0.9940244387903563,-0.08176652584473487,-0.049538765114902884,-2.450138080211379,-0.0,0.0,3.0280516149788212,-0.08999139343480606,0.16926436384797117,-4.108228039363718,0.0024822699240032997,0.04733072235833344,4.0,1.476403765404718,-1.3921347087573923,1.0,0.0,0.0,7.8,1.0,0.0,-2.904973268508911,0.6100000143051147
1.240095615386963,0.6431192886391944,-0.3682641937997506,0.929721185928889,0.0,0.0,0.05627169415669689,-0.9981710816018475,0.021953708826433205,0.0024541718149320053,-2.3873100321309906,-0.0,0.0,-3.029122842315094,0.007370178171183933,-0.043565876543234794,-4.1335912617619925,-0.09595826828832828,0.009669635227981227,4.0,0.17650386491065848,0.3514623511036149,1.0,0.0,0.0,7.8,1.0,0.0,-3.0320658683776855,0.5
1.2600963115692139,0.8784593526313476,-0.3972867293864419,0.9176945323218527,0.0,0.0,-0.018383034293700154,-0.9942119185004948,0.08703582694039427,-0.06024524869667092,-2.3244759919381495,-0.0,0.0,3.115323937626159,-0.1233052758035895,-0.17301815613702148,-3.9765000655452973,-0.11626192508186117,-0.10939360548940229,4.0,0.879218826381675,2.51371322825929,1.0,0.0,0.0,7.8,1.0,0.0,-3.1319243907928467,0.38999998569488525
1.2801709175109863,0.710344319828912,-0.4260222011063607,0.9047127080816825,0.0,0.0,0.088305564400986,-0.9947539089937594,-0.01955557436171887,0.04779505569451646,-2.2614097573877667,-0.0,0.0,-2.962329976535591,0.09176363429375925,0.04756508679534516,-4.016419007468963,-0.13362082922353413,-0.10126625614011855,4.0,-0.1637103918423083,-0.3560136047967738,1.0,0.0,0.0,7.8,1.0,0.0,-3.249938726425171,0.27000001072883606
1.3000965118408203,0.8860367674702121,-0.45412557150767846,0.8909376887879559,0.0,0.0,0.029238152348611334,-0.9991541648149821,-0.0187242887152874,0.02203375574480619,-2.1988116566227505,-0.0,0.0,-3.08225116651205,0.042948512831776156,0.03875077708394976,-3.846326602386243,-0.0798277648647373,-0.005926399902732624,4.0,0.09676055736512307,-0.5100597290344149,1.0,0.0,0.0,7.8,1.0,0.0,-3.358875274658203,0.15000000596046448
1.3201055526733398,0.9514441276529814,-0.4818989606617522,0.8762267923963082,0.0,0.0,0.029965052998436187,-0.998054547027624,0.05112234046973871,-0.01938357709973519,-2.1359514009379277,-0.0,0.0,-3.0797185414031305,-0.03563550895516899,-0.10345745403702393,2.571716252749759,-0.8980012136095258,-2.363195586541469,-1.19275967852818,3.438976991404187,4.0,0.0,0.0,1.0,7.8,1.0,0.0,-3.4678118228912354,0.03999999910593033
1.3401243686676025,1.0530392317828672,-0.5092095587441605,0.8606425653449737,0.0,0.0,0.012060327280323222,-0.997417618167077,-0.02244294746286022,-0.0671487720288752,-2.073060435676787,-0.0,0.0,-3.1203537760366067,-0.13490086273962726,0.04355971341309756,4.895185638166877,1.426172746310854,-4.770550828873141,-4.0,-4.0,4.0,1.0,1.0,1.0,7.8,1.0,-0.011131884530186653,-3.4950459003448486,0.019999999552965164
1.3600995540618896,1.3475029519130537,-0.5359588237140944,0.8442441230372908,0.0,0.0,-0.09284595945157655,-0.9846063837440863,-0.14808197381731592,0.0012751212793795565,-2.0103065399880005,-0.0,0.0,2.958025435839882,0.03001311667870172,0.2957939519863171,-0.4131143617297704,-0.06870291961907582,-3.0063148494097574,4.0,1.8405982155585832,4.0,1.0,0.0,1.0,7.8,1.0,-0.022263769060373306,-3.513201951980591,0.019999999552965164
1.38010573387146,1.3474278245581137,-0.5622207369150443,0.8269872084758655,0.0,0.0,-0.06822654098313835,-0.9913918205379617,-0.11097267470506153,-0.01313250717520123,-1.9474552724718575,-0.0,0.0,3.0029475237704273,-0.010896572549097256,0.2237010290918218,-0.10318067935249416,-0.15113210170002025,-2.0441589349213385,4.0,2.0695594947845235,4.0,1.0,0.0,1.0,7.8,1.0,-0.055659420788288116,-3.5495142936706543,0.019999999552965164
1.4001190662384033,1.1951322663416346,-0.5879365514969631,0.8089070474497418,0.0,0.0,0.0531213338843057,-0.9833953879744375,-0.16769165035444322,-0.04462225003695521,-1.8845815345340182,-0.0,0.0,-3.0514545471491186,-0.10577577338041219,0.33302219237222797,0.011266547213303307,0.033783758428004546,-3.1059687311765423,4.0,2.55861102933165,4.0,1.0,0.0,1.0,7.8,1.0,-0.07792319357395172,-3.5585923194885254,0.019999999552965164
1.4201428890228271,1.3014233821374745,-0.6130843881517872,0.790017425760058,0.0,0.0,0.014890855230951306,-0.9955774577891543,-0.0919603168673453,0.012127988053790553,-1.8216748399776874,-0.0,0.0,-3.1096993508078175,0.02141160351002881,0.18455640862726697,0.06645602500093759,0.07149186710611516,-3.3384710420015726,4.0,0.6499947855546697,4.0,1.0,0.0,1.0,7.8,1.0,-0.07792319357395172,-3.5585923194885254,0.019999999552965164
1.4400980472564697,1.5640670473254956,-0.6375426506822699,0.770415062522161,0.0,0.0,-0.08307052398525233,-0.9896521666199362,-0.11135356577386761,-0.03589234652020935,-1.7589838614696547,-0.0,0.0,2.9680693471165047,-0.052565683361080986,0.2286664508605873,-0.018358590596426264,-0.016655751500671334,-4.199059077743786,4.0,2.0395160434992494,4.0,1.0,0.0,1.0,7.8,1.0,-0.08905507624149323,-3.5676703453063965,0.019999999552965164
1.4601211547851562,1.6352239921215121,-0.6614546066034197,0.7499852021227588,0.0,0.0,-0.05838201214142092,-0.9634620634841067,-0.254025321280824,-0.061672757627987254,-1.6960794139554942,-0.0,0.0,2.99668005594047,-0.08929633092677214,0.5220700916871868,-0.07175202768810152,-0.009984344454276359,-4.73637075935217,4.0,4.0,4.0,1.0,1.0,1.0,7.8,1.0,-0.12245073169469833,-3.5949044227600098,0.019999999552965164
1.4801228046417236,1.4716204442134286,-0.6846877120271471,0.7288365639833326,0.0,0.0,0.08301237216863677,-0.9390989257206304,-0.3334398223377326,-0.004476455816298544,-1.6332423777064276,-0.0,0.0,-2.987746206157485,-0.06381022529601127,0.6774374646688708,-0.0649217915063669,-0.022685439393683546,-3.0870537672011675,4.0,4.0,4.0,1.0,1.0,1.0,7.8,1.0,-0.14471450448036194,-3.603982448577881,0.019999999552965164
1.5001246929168701,1.7852098934005531,-0.7072452666301752,0.7069682686155104,0.0,0.0,-0.06771381841015531,-0.9551714983511269,-0.28775939306566384,-0.016024332636976744,-1.5704045924433025,-0.0,0.0,3.0025614167904875,0.008358700279611745,0.5846512108341165,-0.05563640555655452,-0.03112320149699742,-0.8798643062961482,4.0,4.0,-0.32261530451687204,1.0,1.0,0.0,7.8,1.0,-0.17811015248298645,-3.622138500213623,0.019999999552965164
1.520115852355957,1.7680548737435515,-0.7290931895440729,0.6844144365517508,0.0,0.0,-0.043007056506869666,-0.9722150783331622,-0.22497571768440347,-0.04831315560637159,-1.507600512812725,-0.0,0.0,3.0357379512163707,-0.07465981064080023,0.4587624094308196,-0.08204767657054642,-0.06902100466107344,-0.04293956342992415,4.0,4.0,-2.203278473056468,1.0,1.0,0.0,7.8,1.0,-0.20037391781806946,-3.6402945518493652,0.019999999552965164
1.540112018585205,1.7373864904377418,-0.7502274213835666,0.6611798667565161,0.0,0.0,-0.0022068381433585707,-0.9792802986562712,-0.19135253815282366,-0.06625279368876114,-1.4447807038869593,-0.0,0.0,3.1116609522640473,-0.12927531944596507,0.38787704673351003,0.046188078679693934,-0.027464539169161098,0.46538334424577177,4.0,3.857116848216154,-3.397809039199655,1.0,0.0,0.0,7.8,1.0,-0.24490146338939667,-3.6493725776672363,0.019999999552965164
1.5600965023040771,1.6708170640785536,-0.7706098581346761,0.6373071838177053,0.0,0.0,0.09208031028886278,-0.9413306544592074,-0.3140019161412243,-0.08258699711302378,-1.3819975966499662,-0.0,0.0,-3.0169167777826735,-0.21496182474628653,0.6304620141982565,0.010575701087410488,-0.028605735530530058,-0.06673130245583743,4.0,4.0,-2.4625412453824658,1.0,1.0,0.0,7.8,1.0,-0.2782971262931824,-3.6584506034851074,0.019999999552965164
1.580099105834961,1.8331289060762328,-0.7902504171562498,0.6127840387806892,0.0,0.0,0.06353085450624228,-0.9111605119338954,-0.402416913506649,-0.06173313325800663,-1.3191575643446725,-0.0,0.0,-3.074550825106367,-0.1643684921763277,0.8262578140169169,-0.09233436112601408,-0.011859144753750467,-0.7553029266321696,4.0,4.0,-0.9349888379265523,1.0,1.0,0.0,7.8,1.0,-0.2782971262931824,-3.6584506034851074,0.019999999552965164
1.6001019477844238,1.8872613107849945,-0.8091111114642884,0.5876556894177268,0.0,0.0,0.06353085450624228,-0.9111605119338954,-0.402416913506649,-0.06173313325800663,-1.2563167830253221,-0.0,0.0,-3.074550825106367,-0.1643684921763277,0.8262578140169169,-0.09233436112601408,-0.011859144753750467,-0.7553029266321696,4.0,4.0,-0.7094607869822176,1.0,1.0,0.0,7.8,1.0,-0.2782971262931824,-3.6584506034851074,0.019999999552965164
1.6201770305633545,1.9419532419064351,-0.8272368458547289,0.5618533624179174,0.0,0.0,0.06353085450624228,-0.9111605119338954,-0.402416913506649,-0.06173313325800663,-1.1932490504468263,-0.0,0.0,-3.074550825106367,-0.1643684921763277,0.8262578140169169,-0.09233436112601408,-0.011859144753750467,-0.7553029266321696,4.0,4.0,-0.4794157636006795,1.0,1.0,0.0,7.8,1.0,-0.2782971262931824,-3.6584506034851074,0.019999999552965164
1.6401195526123047,2.1388304557238507,-0.8444285350297619,0.5356682268228069,0.0,0.0,-0.03328542324456813,-0.9497376268295633,-0.30356935964966086,-0.06881979849922672,-1.1305977696837914,-0.0,0.0,3.0357399181598037,-0.11073882957656157,0.6246160446953088,-0.07475123411040237,0.008704559500090345,-1.0988105090503928,4.0,4.0,2.3052608567311044,1.0,1.0,0.0,7.8,1.0,-0.3116927742958069,-3.6856849193573,0.019999999552965164
1.660172462463379,2.1622224428176993,-0.860879896470204,0.5088082191292224,0.0,0.0,-0.026819197857929956,-0.9697880511784421,-0.22711162289135906,0.08492453806426889,-1.0675996954125584,-0.0,0.0,3.127933642265318,0.17783537970264293,0.45886472397568545,0.009717775310188984,0.057901810790077696,0.13776656168486054,4.0,2.814503305420503,-4.0,1.0,0.0,1.0,7.8,1.0,-0.3450884222984314,-3.6856849193573,0.019999999552965164
1.6804664134979248,2.3421247130836913,-0.8766593971334509,0.48111152700555254,0.0,0.0,-0.07148184818045673,-0.939155491976203,-0.3356916622567976,-0.013726440285467961,-1.0038443679301186,-0.0,0.0,2.9975791226023847,0.02221102349572271,0.6849725656227151,-0.04848770542229408,-0.048352904338591296,1.018127208333578,4.0,4.0,-4.0,1.0,1.0,1.0,7.8,1.0,-0.3896159529685974,-3.703840970993042,0.019999999552965164
1.7000949382781982,2.438896501140798,-0.8910742172928384,0.4538576200483533,0.0,0.0,-0.09689535938190272,-0.9485459294283128,-0.2901844865750113,0.08163867249304894,-0.9421795386796062,-0.0,0.0,3.001550558666577,0.21271156146781617,0.5787935441617026,0.06615261184177135,-0.013708775945018098,0.05691497504392026,4.0,4.0,-4.0,1.0,1.0,1.0,7.8,1.0,-0.4230116009712219,-3.721997022628784,0.019999999552965164
1.7200825214385986,2.161753571162504,-0.9048822362377456,0.42566200034931095,0.0,0.0,0.07405880573160852,-0.9480301204765087,-0.30139509860522534,0.07010833402421382,-0.8793866942598777,-0.0,0.0,-2.9571519675821727,0.08840280307567955,0.6238059859401016,-0.03667714573543668,0.04579120757165375,-0.09183365755833414,4.0,4.0,-3.467309902536892,1.0,1.0,0.0,7.8,1.0,-0.4675391614437103,-3.7310750484466553,0.019999999552965164
1.740100383758545,2.352541930576493,-0.9178172375224254,0.39700317191012946,0.0,0.0,-0.0033995991094837997,-0.9760382129439614,-0.21754090708442692,-0.003715285175828532,-0.8164987250549621,-0.0,0.0,3.133339692064953,-0.005773448933250242,0.4386181363379009,0.06154431012115835,-0.09191321196557396,0.3049628109278608,4.0,4.0,-2.878940790832189,1.0,1.0,0.0,7.8,1.0,-0.4675391614437103,-3.7310750484466553,0.019999999552965164
1.7601203918457031,2.4136870153616234,-0.9298460856897257,0.3679487150779241,0.0,0.0,-0.0033995991094837997,-0.9760382129439614,-0.21754090708442692,-0.003715285175828532,-0.7536040147235374,-0.0,0.0,3.133339692064953,-0.005773448933250242,0.4386181363379009,0.06154431012115835,-0.09191321196557396,0.3049628109278608,4.0,4.0,-2.751636320924158,1.0,1.0,0.0,7.8,1.0,-0.4675391614437103,-3.7310750484466553,0.019999999552965164
1.7810468673706055,2.477644246113363,-0.9414365224441716,0.33719026410651987,0.0,0.0,-0.0033995991094837997,-0.9760382129439614,-0.21754090708442692,-0.003715285175828532,-0.6878615529489773,-0.0,0.0,3.133339692064953,-0.005773448933250242,0.4386181363379009,0.06154431012115835,-0.09191321196557396,0.3049628109278608,4.0,4.0,-2.6169506588704317,1.0,1.0,0.0,7.8,1.0,-0.4675391614437103,-3.7310750484466553,0.019999999552965164
1.8001072406768799,2.3521096729885675,-0.9511085577215868,0.30885678141941963,0.0,0.0,0.09823768893799152,-0.9426209274440559,-0.3143079827728942,-0.0550057777134776,-0.6279816241953073,-0.0,0.0,-2.9882633105744905,-0.16621729800154914,0.6308966602394028,0.024815193920370057,0.01585731170082741,-0.048330086065061034,4.0,4.0,-0.701873376264688,1.0,1.0,0.0,7.8,1.0,-0.48980292677879333,-3.7310750484466553,0.019999999552965164
1.8201484680175781,2.7716360418189967,-0.9603587239194377,0.27876714546701753,0.0,0.0,-0.08636454065683964,-0.9573084703475395,-0.2738492132365522,0.03329064624949267,-0.5650202516128469,-0.0,0.0,2.9930092849372514,0.11127002222266977,0.5489513155144845,0.03293413871533027,-0.04648363714310597,-0.6529639114750277,4.0,4.0,0.44563312564094204,1.0,1.0,0.0,7.8,1.0,-0.5565942525863647,-3.7401530742645264,0.019999999552965164
1.840132713317871,2.593275102787955,-0.9686349833665682,0.24848796550023952,0.0,0.0,0.03916338624120909,-0.9368751471335831,-0.3430681705653825,-0.05509462956105786,-0.5022378933899099,-0.0,0.0,-3.105699953954058,-0.13047487999726248,0.6996924231662326,0.07713921809753951,-0.03254142561076297,-0.16070085713964483,4.0,4.0,0.00516890569420847,1.0,1.0,0.0,7.8,1.0,-0.6011217832565308,-3.7492311000823975,0.019999999552965164
1.8600502014160156,2.640280996261556,-0.9759339608515033,0.21806628363113922,0.0,0.0,0.03844725171125068,-0.9653824717452246,-0.25072093516328253,0.06080711104617034,-0.4396652591028165,-0.0,0.0,-3.036165784993088,0.09828332993247998,0.5133854474948717,-0.07513042233920514,-0.06541647209532492,1.9505212991780223,4.0,4.0,-4.0,1.0,1.0,1.0,7.8,1.0,-0.6345174312591553,-3.7673871517181396,0.019999999552965164
1.8801095485687256,2.8372556394826702,-0.9823194804788207,0.1872122813060616,0.0,0.0,-0.031950689204506576,-0.977327553691249,-0.20532938225083178,0.04061835840759362,-0.376646961452056,-0.0,0.0,3.0956070022316227,0.09264819927998992,0.4120298059184947,-0.08203085848748506,-0.026183133300173883,1.9739880569468813,4.0,3.9866284643863237,-4.0,1.0,0.0,1.0,7.8,1.0,-0.6901768445968628,-3.7764651775360107,0.019999999552965164
1.9001011848449707,2.720943698113136,-0.987713191935788,0.1562774791069311,0.0,0.0,0.06012262707151034,-0.9559491686657867,-0.2737399633144906,0.08725187176096989,-0.31384138379336535,-0.0,0.0,-2.9766501423382117,0.13430416746138255,0.5689001858487297,0.04278806405965069,-0.015787380435518375,1.990038681259221,4.0,4.0,-4.0,1.0,1.0,1.0,7.8,1.0,-0.6901768445968628,-3.7764651775360107,0.019999999552965164
1.920095682144165,2.7810036088465013,-0.9921335273379829,0.12518412012668334,0.0,0.0,0.06012262707151034,-0.9559491686657867,-0.2737399633144906,0.08725187176096989,-0.2510268179659952,-0.0,0.0,-2.9766501423382117,0.13430416746138255,0.5689001858487297,0.04278806405965069,-0.015787380435518375,1.990038681259221,4.0,4.0,-4.0,1.0,1.0,1.0,7.8,1.0,-0.6901768445968628,-3.7764651775360107,0.019999999552965164
1.940108299255371,2.8411486770561747,-0.9955779595341353,0.0939389508662286,0.0,0.0,0.06012262707151034,-0.9559491686657867,-0.2737399633144906,0.08725187176096989,-0.1881553270703249,-0.0,0.0,-2.9766501423382117,0.13430416746138255,0.5689001858487297,0.04278806405965069,-0.015787380435518375,1.990038681259221,4.0,4.0,-4.0,1.0,1.0,1.0,7.8,1.0,-0.6901768445968628,-3.7764651775360107,0.019999999552965164
1.960118055343628,3.071204887609864,-0.998038355198431,0.06260544347587091,0.0,0.0,-0.0267298234209224,-0.9881569997947772,-0.1502576853056429,-0.015933872820538424,-0.12529282434333333,-0.0,0.0,3.08392994822198,-0.02345976496025897,0.3024817033573268,-0.0729821437399933,-0.001065227543751518,0.7285700813029535,4.0,3.0234705156267108,-2.784366981261144,1.0,0.0,0.0,7.8,1.0,-0.7569681406021118,-3.7764651775360107,0.019999999552965164
1.9801099300384521,3.021063095938317,-0.999511969401919,0.031238166116105817,0.0,0.0,0.02958824636150705,-0.9813156199798314,-0.1709846622977328,-0.08311699537266772,-0.06248649767058569,-0.0,0.0,-3.1114855568638347,-0.17412484666429104,0.3423887251933704,-0.09023683186233289,0.0678672994439514,0.4376219556320594,4.0,3.1984835834092333,-0.19578413349738844,1.0,0.0,0.0,7.8,1.0,-0.8126275539398193,-3.7855429649353027,0.019999999552965164
2.0001189708709717,2.9976926447829717,-1.0,1.2246467991473532e-16,0.0,0.0,-0.07188794196846256,-0.9351305379556849,-0.3306697622981765,0.10497861250710876,-2.4492935982947064e-16,-0.0,0.0,3.074495147374782,0.24636439604728874,0.6714607856043486,-0.09437090909895135,-0.08071144404643066,1.5170101633050626,4.0,4.0,-4.0,1.0,1.0,1.0,7.8,1.0,-0.8682869672775269,-3.794620990753174,0.019999999552965164
2.020108461380005,3.109826197879828,-1.0,1.2246467991473532e-16,0.0,0.0,0.01588256003475365,-0.9928083779537753,-0.1179619431346282,0.012815963617247962,-2.4492935982947064e-16,-0.0,0.0,-3.1070173555745244,0.021702220349077907,0.23689921377032955,-0.022737263020390364,0.014740757625348058,2.5333752239589713,4.0,2.3002758321911716,-4.0,1.0,0.0,1.0,7.8,1.0,-0.9239464402198792,-3.794620990753174,0.019999999552965164
2.040088653564453,3.1125008949021287,-1.0,1.2246467991473532e-16,0.0,0.0,0.014545366406749157,-0.9767815175354752,-0.19934806138103642,0.0771145235400577,-2.4492935982947064e-16,-0.0,0.0,-3.08176584921129,0.1453602617591671,0.40700102313234765,-0.07349320477062218,0.011360195738877449,2.344270780054742,4.0,3.9415204446652186,-4.0,1.0,0.0,1.0,7.8,1.0,-0.9907377362251282,-3.812777042388916,0.019999999552965164
2.0600922107696533,3.006161614034926,-1.0,1.2246467991473532e-16,0.0,0.0,-0.06766378127811493,-0.9919924718375605,-0.10617847564788034,0.009933772186177057,-2.4492935982947064e-16,-0.0,0.0,3.0089932149027123,0.0340839276700274,0.2109959060272775,-0.043368029367296626,-0.05991859022750661,1.9476561263484713,4.0,2.363243873867633,-4.0,1.0,0.0,1.0,7.8,1.0,-1.0352652072906494,-3.821855068206787,0.019999999552965164
2.080092668533325,3.060756736680925,-1.0,1.2246467991473532e-16,0.0,0.0,0.040406954813871625,-0.9814053646318455,-0.1683516972524503,0.08287637966708893,-2.4492935982947064e-16,-0.0,0.0,-3.0329516806180226,0.14962313470436178,0.34792662346798275,-0.06276402922510776,-0.053293811953226224,-0.17421664389913186,4.0,3.5802091928619113,-0.9606610177452514,1.0,0.0,0.0,7.8,1.0,-1.0909247398376465,-3.821855068206787,0.019999999552965164
2.1001009941101074,3.0499455456446807,-1.0,1.2246467991473532e-16,0.0,0.0,-0.04580751895424635,-0.9560113299782267,-0.2869437910977487,-0.040090758423482045,-2.4492935982947064e-16,-0.0,0.0,3.0306319547446727,-0.050387390888475214,0.5859820033722724,-0.01200654602593329,0.0913027384291357,-1.1349599916280764,4.0,4.0,4.0,1.0,1.0,1.0,7.8,1.0,-1.0909247398376465,-3.821855068206787,0.019999999552965164
2.1201019287109375,3.103713907176442,-1.0,1.2246467991473532e-16,0.0,0.0,-0.01893824096857097,-0.9605149088287102,-0.27589360722285655,0.030580556573600155,-2.4492935982947064e-16,-0.0,0.0,3.122037572883174,0.06925137906838565,0.5587328799863521,0.09434101229256331,0.08179685588938324,-1.8497292656829472,4.0,4.0,4.0,1.0,1.0,1.0,7.8,1.0,-1.1577160358428955,-3.821855068206787,0.019999999552965164
2.140084743499756,3.0892363104624425,-1.0,1.2246467991473532e-16,0.0,0.0,-0.026175181697173706,-0.9692264504339199,-0.23773386987408848,0.05828854739204196,-2.4492935982947064e-16,-0.0,0.0,3.118382233309268,0.1257663408030632,0.47960516844872786,0.04383132948428306,-0.04293474529678894,-2.019185631190005,4.0,4.0,4.0,1.0,1.0,1.0,7.8,1.0,-1.213375449180603,-3.830933094024658,0.019999999552965164
2.160125732421875,3.036996427428011,-1.0,1.2246467991473532e-16,0.0,0.0,-0.05227427631028925,-0.9584437176598732,-0.26634181503034765,0.08783551491792335,-2.4492935982947064e-16,-0.0,0.0,3.0870913659411627,0.19749785849335266,0.5367010190966589,-0.02811959296935955,-0.015573422572784199,0.4240471274207116,4.0,4.0,-3.452898808041314,1.0,1.0,0.0,7.8,1.0,-1.2690348625183105,-3.8400113582611084,0.019999999552965164
2.1801085472106934,3.1035565981674145,-1.0,1.2246467991473532e-16,0.0,0.0,0.019016881308164386,-0.9913264196166397,-0.10098582387263273,0.08192772041336592,-2.4492935982947064e-16,-0.0,0.0,-3.0866186156615907,0.15926581536342208,0.2074265083547276,-0.038971154445414324,0.06484489364746437,2.6940108312918336,4.0,1.7603369028627966,-4.0,1.0,0.0,1.0,7.8,1.0,-1.3135623931884766,-3.8581674098968506,0.019999999552965164
2.200195789337158,3.0105858882515433,-1.0,1.2246467991473532e-16,0.0,0.0,0.06545655023164548,-0.9851002167695391,-0.13215613865082904,-0.08847461765547156,-2.4492935982947064e-16,-0.0,0.0,-3.0338132685909995,-0.19280604908593293,0.2562849845721253,0.007955203562160437,-0.0311465002063228,2.5983314948516956,4.0,2.7677087738418717,-4.0,1.0,0.0,1.0,7.8,1.0,-1.3803536891937256,-3.8581674098968506,0.019999999552965164
2.2201173305511475,2.9890667728485445,-1.0,1.2246467991473532e-16,0.0,0.0,-0.07618903719635779,-0.9868460195970865,-0.13997296930775335,-0.027161223824586356,-2.4492935982947064e-16,-0.0,0.0,2.9828672752600216,-0.032284687809028025,0.2843655167653612,0.03805325755940442,-0.02745026515760833,2.30978170454137,4.0,2.9092604467855003,-4.0,1.0,0.0,1.0,7.8,1.0,-1.436013102531433,-3.8581674098968506,0.019999999552965164
2.2401363849639893,3.0397570808567576,-1.0,1.2246467991473532e-16,0.0,0.0,-0.05089578746501854,-0.9774107701803916,-0.1783107820749412,-0.10140547396226807,-2.4492935982947064e-16,-0.0,0.0,3.0032416171361023,-0.1810668342323232,0.37347441992574687,-0.047093572602777516,-0.059013756385316835,2.3578095322503474,4.0,3.802270667040091,-4.0,1.0,0.0,1.0,7.8,1.0,-1.4916725158691406,-3.8581674098968506,0.019999999552965164
2.260094165802002,3.0053659089411355,-1.0,1.2246467991473532e-16,0.0,0.0,0.0680607166530302,-0.9906320425910353,-0.10932891237514422,-0.04542118403847796,-2.4492935982947064e-16,-0.0,0.0,-3.0156527920350054,-0.105066566912648,0.2132050536125659,0.04137860049577852,0.03272898277121061,1.0244962604511327,4.0,2.055662316418042,-3.189561361034972,1.0,0.0,0.0,7.8,1.0,-1.5362000465393066,-3.8581674098968506,0.019999999552965164
2.280095338821411,3.0733655806883817,-1.0,1.2246467991473532e-16,0.0,0.0,0.034106920325569605,-0.9933521664439545,-0.10771533438907631,-0.02203629153140226,-2.4492935982947064e-16,-0.0,0.0,-3.0784551207103874,-0.05114957319546773,0.21441270516373992,-0.05461801707292671,0.02508485783271823,-0.2612725070003957,4.0,2.0539672564506533,1.4858158586296277,1.0,0.0,0.0,7.8,1.0,-1.5807275772094727,-3.8672454357147217,0.019999999552965164
2.300107955932617,3.0032888500818826,-1.0,1.2246467991473532e-16,0.0,0.0,-0.06909680103138102,-0.9808767862439313,-0.1749300120897681,-0.0500584974333092,-2.4492935982947064e-16,-0.0,0.0,2.9874980387597767,-0.07409600963295844,0.3586928462310324,0.03670681877165763,0.08903477265069598,2.130514765189319,4.0,3.1424611511925784,-4.0,1.0,0.0,1.0,7.8,1.0,-1.6363869905471802,-3.8672454357147217,0.019999999552965164
2.3201088905334473,3.040425927165998,-1.0,1.2246467991473532e-16,0.0,0.0,0.050561794893148194,-0.9911230967085711,-0.06799789447686465,-0.10244412337810772,-2.4492935982947064e-16,-0.0,0.0,-3.0532166329748893,-0.2115193856483518,0.12761147741748413,0.03151404753213288,-0.04429565988062754,4.008696357750842,4.0,1.5371405290598035,-4.0,1.0,0.0,1.0,7.8,1.0,-1.6920464038848877,-3.8672454357147217,0.019999999552965164
2.3400497436523438,2.9814601431040404,-1.0,1.2246467991473532e-16,0.0,0.0,-0.07998073713287221,-0.9925781754482202,0.05419184259146329,-0.07385723734412482,-2.4492935982947064e-16,-0.0,0.0,2.9883731298301663,-0.15591773894157065,-0.09709339617024115,0.0010497041871529306,0.013698830563835723,4.214006198905319,4.0,-1.1386321740846084,-4.0,1.0,0.0,1.0,7.8,1.0,-1.7477058172225952,-3.8672454357147217,0.019999999552965164
2.3600964546203613,3.0361067876476766,-1.0,1.2246467991473532e-16,0.0,0.0,0.05271848284102385,-0.9962371896318263,0.0656431210682564,0.02057192790770532,-2.4492935982947064e-16,-0.0,0.0,-3.0389554727177774,0.04792859855181986,-0.12912963232158553,-0.023627789829403417,-0.025610013267062012,4.437822833822547,4.0,-1.21042236829688,-4.0,1.0,0.0,1.0,7.8,1.0,-1.7477058172225952,-3.8672454357147217,0.019999999552965164
2.3800971508026123,3.0435008966901314,-1.0,1.2246467991473532e-16,0.0,0.0,-0.04902621751936643,-0.9865641674008384,0.1399018197589371,-0.06866625389936547,-2.4492935982947064e-16,-0.0,0.0,3.0631125832079173,-0.14976426998960174,-0.2758449845552518,-0.0718571334918003,0.028348321572925467,3.690539072866454,4.0,-2.9114296814704437,-4.0,1.0,0.0,1.0,7.8,1.0,-1.8033653497695923,-3.8581674098968506,0.019999999552965164
2.4001011848449707,2.932636321153324,-1.0,1.2246467991473532e-16,0.0,0.0,-0.10428819476743341,-0.9781510106854835,0.1782387112055866,0.023990301267146595,-2.4492935982947064e-16,-0.0,0.0,2.92737674531327,0.009756042766832578,-0.36153390425110804,0.010959089849377962,0.006676063445789013,3.350014051271,4.0,-3.5914784778948876,-4.0,1.0,0.0,1.0,7.8,1.0,-1.8478928804397583,-3.8581674098968506,0.019999999552965164
2.4201183319091797,3.0087475635947407,-1.0,1.2246467991473532e-16,0.0,0.0,-0.06637371356333498,-0.9934650331806101,0.027204119159730433,0.08877890456637261,-2.4492935982947064e-16,-0.0,0.0,3.0023452521982232,0.1736577154420673,-0.06689309505473096,0.002392772001873558,-0.045824062104360436,3.217971502513875,4.0,-0.36078613477716714,-4.0,1.0,0.0,1.0,7.8,1.0,-1.9035522937774658,-3.8400113582611084,0.019999999552965164
2.4401090145111084,2.9929313334059247,-1.0,1.2246467991473532e-16,0.0,0.0,0.07426223226589143,-0.9904826360407305,0.06563999620233586,0.0955021437416457,-2.4492935982947064e-16,-0.0,0.0,-3.0038393831987795,0.2002716672466864,-0.11848587987612258,-0.06754769594880264,0.052911759255950236,3.657022853563863,4.0,-1.5244469610705185,-4.0,1.0,0.0,1.0,7.8,1.0,-1.9703435897827148,-3.821855068206787,0.019999999552965164
2.460094690322876,3.0865457501718176,-1.0,1.2246467991473532e-16,0.0,0.0,-0.027519976819533845,-0.9707930929635055,0.21953088101845267,-0.09278800466366857,-2.4492935982947064e-16,-0.0,0.0,3.1286583083468797,-0.1934430693936417,-0.4435351610765691,0.002107241786061989,-0.034572631727082984,3.7809525177769987,4.0,-4.0,-4.0,1.0,1.0,1.0,7.8,1.0,-2.037134885787964,-3.794620990753174,0.019999999552965164
2.4801013469696045,3.1055203232625535,-1.0,1.2246467991473532e-16,0.0,0.0,-0.018035187308989488,-0.9835602250917221,0.17252725791474086,-0.050183273235921914,-2.4492935982947064e-16,-0.0,0.0,3.1233293842136445,-0.10513323173143317,-0.34632785255401527,-0.007880244821659874,-0.023401241581259002,4.213897428638827,4.0,-3.356940191969781,-4.0,1.0,0.0,1.0,7.8,1.0,-2.103926181793213,-3.7764649391174316,0.019999999552965164
2.5001001358032227,3.010202598453017,-1.0,1.2246467991473532e-16,0.0,0.0,-0.06564778292996122,-0.9546768618403418,0.28917033006049186,0.025748364525999268,-2.4492935982947064e-16,-0.0,0.0,3.000883843106724,0.011196187485372525,-0.589016967104739,-0.08009662345878042,-0.08503303530799627,5.99581014435868,4.0,-4.0,-4.0,1.0,1.0,1.0,7.8,1.0,-2.15958571434021,-3.7673869132995605,0.019999999552965164
2.5201241970062256,3.0871462346279572,-1.0,1.2246467991473532e-16,0.0,0.0,0.027219847071202227,-0.9407025328197202,0.3284258276890333,0.08046303734483809,-2.4492935982947064e-16,-0.0,0.0,3.1399279110252585,0.1700817983059072,-0.6719378983007523,0.004345275446793306,-0.057190310010131,6.097503934935027,4.0,-4.0,-4.0,1.0,1.0,1.0,7.8,1.0,-2.226377010345459,-3.731074571609497,0.019999999552965164
2.540111541748047,3.0288979931888473,-1.0,1.2246467991473532e-16,0.0,0.0,-0.05631751760170611,-0.931516072716635,0.35252064619896656,0.0695365909807307,-2.4492935982947064e-16,-0.0,0.0,2.9863978033161023,0.08996403418324539,-0.7305616924338427,-0.052470180898503284,-0.08548633943304063,3.2397874505529956,4.0,-4.0,-4.0,1.0,1.0,1.0,7.8,1.0,-2.282036304473877,-3.721996545791626,0.019999999552965164
2.5601067543029785,3.063682657712864,-1.0,1.2246467991473532e-16,0.0,0.0,0.038945146370569776,-0.9173054612545594,0.3953626911271631,-0.026875803084232402,-2.4492935982947064e-16,-0.0,0.0,-3.048742841864144,-0.018512783580532436,-0.8147509303573353,0.07719618434278039,-0.049181785982944426,3.155702501720316,4.0,-4.0,-4.0,1.0,1.0,1.0,7.8,1.0,-2.282036304473877,-3.721996545791626,0.019999999552965164
2.580111265182495,3.1192129207695816,-1.0,1.2246467991473532e-16,0.0,0.0,-0.01118963289190516,-0.928053783957299,0.356612172105264,0.10685843394252492,-2.4492935982947064e-16,-0.0,0.0,3.042641624303132,0.1915288688508217,-0.7432378407648011,0.04438511574966528,0.005012491679451989,2.7947000643949673,4.0,-4.0,-4.0,1.0,1.0,1.0,7.8,1.0,-2.326563835144043,-3.6947622299194336,0.019999999552965164
2.6002025604248047,3.1339383977242115,-1.0,1.2246467991473532e-16,0.0,0.0,-0.0038271185901992055,-0.8469943897812523,0.5231110621807222,0.09455513453291327,-2.4492935982947064e-16,-0.0,0.0,3.0346708395390642,0.1568132139382785,-1.1149416066041882,0.09301084440938787,-0.07133073565417543,2.125575810596876,4.0,-4.0,-4.0,1.0,1.0,1.0,7.8,1.0,-2.38222336769104,-3.6675281524658203,0.019999999552965164
2.6201155185699463,3.1339383977242115,-1.0,1.2246467991473532e-16,0.0,0.0,-0.0038271185901992055,-0.8469943897812523,0.5231110621807222,0.09455513453291327,-2.4492935982947064e-16,-0.0,0.0,3.0346708395390642,0.1568132139382785,-1.1149416066041882,0.09301084440938787,-0.07133073565417543,2.125575810596876,4.0,-4.0,-4.0,1.0,1.0,1.0,7.8,1.0,-2.38222336769104,-3.6675281524658203,0.019999999552965164
2.64093017578125,3.1339383977242115,-1.0,1.2246467991473532e-16,0.0,0.0,-0.0038271185901992055,-0.8469943897812523,0.5231110621807222,0.09455513453291327,-2.4492935982947064e-16,-0.0,0.0,3.0346708395390642,0.1568132139382785,-1.1149416066041882,0.09301084440938787,-0.07133073565417543,2.125575810596876,4.0,-4.0,-4.0,1.0,1.0,1.0,7.8,1.0,-2.38222336769104,-3.6675281524658203,0.019999999552965164
2.6601171493530273,2.9600627722190214,-1.0,1.2246467991473532e-16,0.0,0.0,0.09064036759440858,-0.8913947170499322,0.43471735667795075,0.09066753542893424,-2.4492935982947064e-16,-0.0,0.0,-3.0562243421629742,0.24282634150384522,-0.8970675293452004,-0.09856476263973635,-0.002834871043846915,1.9259251399702713,4.0,-4.0,-4.0,1.0,1.0,1.0,7.8,1.0,-2.449014663696289,-3.640294075012207,0.019999999552965164
2.6801130771636963,3.0945766919006616,-1.0,1.2246467991473532e-16,0.0,0.0,-0.02350581572076603,-0.896997193609748,0.4356001694268669,0.07138629895731237,-2.4492935982947064e-16,-0.0,0.0,3.0364285503582304,0.10779699406222952,-0.9098347524872483,0.09212515473585575,-0.08323101963310107,3.607685360043399,4.0,-4.0,-4.0,1.0,1.0,1.0,7.8,1.0,-2.504673957824707,-3.622138023376465,0.019999999552965164
2.700137138366699,2.9791765447790457,-1.0,1.2246467991473532e-16,0.0,0.0,-0.08111882605529423,-0.8813226156332236,0.4649716074207566,0.022171773167290867,-2.4492935982947064e-16,-0.0,0.0,2.977141996621595,-0.03636294468143851,-0.9679438177291899,-0.007216728572752129,0.05519306624818465,6.156451126284056,4.0,-4.0,-4.0,1.0,1.0,1.0,7.8,1.0,-2.549201488494873,-3.6039819717407227,0.019999999552965164
2.7201056480407715,3.0355317391680474,-1.0,1.2246467991473532e-16,0.0,0.0,-0.05300560507055307,-0.8189235675977706,0.5706114670379102,0.030937840081169284,-2.4492935982947064e-16,-0.0,0.0,3.01915906372976,-0.009819917217942162,-1.21652446852124,-0.024744342203032052,-0.08844750002850686,4.999352094680124,4.0,-4.0,-4.0,1.0,1.0,1.0,7.8,1.0,-2.582597255706787,-3.558591842651367,0.019999999552965164
2.7400972843170166,3.1238638292431027,-1.0,1.2246467991473532e-16,0.0,0.0,0.00886429608279537,-0.7830060713307441,0.6143092489478239,0.09719600388550191,-2.4492935982947064e-16,-0.0,0.0,3.0344200330832405,0.16383288978073784,-1.3393080796084549,0.058268020037994556,0.04380779883447933,4.431985763320449,4.0,-4.0,-4.0,1.0,1.0,1.0,7.8,1.0,-2.638256549835205,-3.5222795009613037,0.019999999552965164
2.7600951194763184,2.9458279339609317,-1.0,1.2246467991473532e-16,0.0,0.0,-0.09772613357004277,-0.7605018051557845,0.6385294553877459,-0.06608132697269334,-2.4492935982947064e-16,-0.0,0.0,3.075596965624156,-0.2272632243283828,-1.3893348991990615,0.0511682238666501,-0.049748890567791554,4.427097021766581,4.0,-4.0,-4.0,1.0,1.0,1.0,7.8,1.0,-2.638256549835205,-3.5222795009613037,0.019999999552965164
2.7801358699798584,2.9458279339609317,-1.0,1.2246467991473532e-16,0.0,0.0,-0.09772613357004277,-0.7605018051557845,0.6385294553877459,-0.06608132697269334,-2.4492935982947064e-16,-0.0,0.0,3.075596965624156,-0.2272632243283828,-1.3893348991990615,0.0511682238666501,-0.049748890567791554,4.427097021766581,4.0,-4.0,-4.0,1.0,1.0,1.0,7.8,1.0,-2.638256549835205,-3.5222795009613037,0.019999999552965164
2.8001210689544678,2.9458279339609317,-1.0,1.2246467991473532e-16,0.0,0.0,-0.09772613357004277,-0.7605018051557845,0.6385294553877459,-0.06608132697269334,-2.4492935982947064e-16,-0.0,0.0,3.075596965624156,-0.2272632243283828,-1.3893348991990615,0.0511682238666501,-0.049748890567791554,4.427097021766581,4.0,-4.0,-4.0,1.0,1.0,1.0,7.8,1.0,-2.638256549835205,-3.5222795009613037,0.019999999552965164
2.820103168487549,3.067216852465674,-1.0,1.2246467991473532e-16,0.0,0.0,0.03717932971584962,-0.8041181995258775,0.5894869797570522,-0.06720654231583376,-2.4492935982947064e-16,-0.0,0.0,-3.0018222418389033,-0.06429483415756373,-1.2696767682208852,-0.04257437809236025,-0.0824847153887969,3.253783159785208,4.0,-4.0,-4.0,1.0,1.0,1.0,7.8,1.0,-2.682784080505371,-3.4859673976898193,0.019999999552965164
2.8401007652282715,3.11955476647936,-1.0,1.2246467991473532e-16,0.0,0.0,0.011018720575176997,-0.7550683091822749,0.6554946115355235,-0.008789227121887257,-2.4492935982947064e-16,-0.0,0.0,-3.113426554751193,0.0011724904708471586,-1.4298307045383931,-0.01572588235599355,0.07452471514389353,3.396176842090402,4.0,-4.0,-4.0,1.0,1.0,1.0,7.8,1.0,-2.716179847717285,-3.449655294418335,0.019999999552965164
2.8600964546203613,2.986986552760636,-1.0,1.2246467991473532e-16,0.0,0.0,-0.07722608264848065,-0.7499115986639691,0.65137468546721,0.08590544499921882,-2.4492935982947064e-16,-0.0,0.0,2.9117445971229188,0.02824050220251385,-1.4336497335571816,0.04549890108544591,0.07279218496169959,5.612029492553356,4.0,-4.0,-4.0,1.0,1.0,1.0,7.8,1.0,-2.74957537651062,-3.4224212169647217,0.019999999552965164
2.8800952434539795,3.0410053394008263,-1.0,1.2246467991473532e-16,0.0,0.0,0.05027245721108138,0.681262201939071,-0.7274481170730885,-0.06460440559208311,-2.4492935982947064e-16,-0.0,0.0,2.978360582804858,0.014884420130687272,-1.6375622941988341,-0.0014400874036438749,-0.028410597496488207,10.124622684735028,-4.0,4.0,-4.0,1.0,1.0,1.0,7.8,1.0,-2.771839141845703,-3.386108875274658,0.019999999552965164
2.9001715183258057,2.9899722816226455,-1.0,1.2246467991473532e-16,0.0,0.0,-0.07573759099578974,0.5855822366790304,-0.8021397208767208,-0.08904566012981648,-2.4492935982947064e-16,-0.0,0.0,3.0859755041381622,0.22775531210452732,-1.8867669077800666,-0.050044229812692166,-0.03749185990732162,10.377292893627715,-4.0,4.0,-4.0,1.0,1.0,1.0,7.8,1.0,-2.794102907180786,-3.3407187461853027,0.019999999552965164
2.9201836585998535,3.067558275675798,-1.0,1.2246467991473532e-16,0.0,0.0,0.03700873559821384,0.5940861794128375,-0.8029418093977561,0.031247650169838756,-2.4492935982947064e-16,-0.0,0.0,-3.1353561387024644,-0.09670999790410058,-1.8678998820532446,-0.052870394538958365,-0.09586708847838009,9.170973219823274,-4.0,4.0,-4.0,1.0,1.0,1.0,7.8,1.0,-2.794102907180786,-3.3407187461853027,0.019999999552965164
2.941657066345215,3.067558275675798,-1.0,1.2246467991473532e-16,0.0,0.0,0.03700873559821384,0.5940861794128375,-0.8029418093977561,0.031247650169838756,-2.4492935982947064e-16,-0.0,0.0,-3.1353561387024644,-0.09670999790410058,-1.8678998820532446,-0.052870394538958365,-0.09586708847838009,9.170973219823274,-4.0,4.0,-4.0,1.0,1.0,1.0,7.8,1.0,-2.794102907180786,-3.3407187461853027,0.019999999552965164
2.9601523876190186,3.0349031203827326,-1.0,1.2246467991473532e-16,0.0,0.0,-0.05331946998832762,0.4213447497415865,-0.9051840607653987,-0.01635396348371885,-2.4492935982947064e-16,-0.0,0.0,-3.126172881017403,0.11053412507344178,-2.26943562758049,-0.06934441694545379,-0.019514886491599798,8.115448849995474,-4.0,4.0,-4.0,1.0,1.0,1.0,7.8,1.0,-2.838630437850952,-3.3044066429138184,0.019999999552965164
2.9800941944122314,3.071681702054472,-1.0,1.2246467991473532e-16,0.0,0.0,-0.03494835760563472,0.47966322735688044,-0.8717909334470346,0.09317923042072496,-2.4492935982947064e-16,-0.0,0.0,-2.9442422155778654,-0.028457819100148565,-2.138409785180113,0.0682429467899506,-0.09147788728831097,8.810773002122232,-4.0,4.0,-4.0,1.0,1.0,1.0,7.8,1.0,-2.8608944416046143,-3.268094539642334,0.019999999552965164
3.0001158714294434,3.0941448270980216,-1.0,1.2246467991473532e-16,0.0,0.0,-0.02372168791031617,0.3344351914626692,-0.941984308823285,0.015998317559401683,-2.4492935982947064e-16,-0.0,0.0,-3.09554271739323,0.033996663148246814,-2.458507266471415,-0.011189804026978847,-0.09671640467853562,9.793046891350725,-4.0,4.0,-4.0,1.0,1.0,1.0,7.8,1.0,-2.8608944416046143,-3.268094539642334,0.019999999552965164
3.020103693008423,2.980375851828638,-1.0,1.2246467991473532e-16,0.0,0.0,0.08052113417735844,0.3680882797321387,-0.9262908266523906,0.003559457017232664,-2.4492935982947064e-16,-0.0,0.0,3.0882661631411144,-0.15238139872958065,-2.381031575436718,-0.018245465423866264,-0.008719873408077311,9.198664754034994,-4.0,4.0,-4.0,1.0,1.0,1.0,7.8,1.0,-2.8831582069396973,-3.2317821979522705,0.019999999552965164
3.04010272026062,3.101799721726486,-1.0,1.2246467991473532e-16,0.0,0.0,-0.01989515322410919,0.20224326737852047,-0.9773478497735196,-0.05910181233538543,-2.4492935982947064e-16,-0.0,0.0,3.0336921327278192,0.06283619983882413,-2.736885652080579,-0.07389371256032039,-0.08273940008235672,9.106310073332772,-3.749290497329128,4.0,-4.0,0.0,1.0,1.0,7.8,1.0,-2.894289970397949,-3.2045481204986572,0.019999999552965164
3.060190439224243,2.9275772760308616,-1.0,1.2246467991473532e-16,0.0,0.0,0.10680358781799022,0.2175603350175152,-0.9697230003370934,-0.029963258726264604,-2.4492935982947064e-16,-0.0,0.0,3.034777457593778,-0.19534211836192336,-2.6897195264913982,0.04733367671698499,-0.008836715201410744,9.210989363241211,-4.0,4.0,-4.0,1.0,1.0,1.0,7.8,1.0,-2.9165537357330322,-3.1682357788085938,0.019999999552965164
3.080108880996704,3.0113432989573328,-1.0,1.2246467991473532e-16,0.0,0.0,-0.06507865235774059,0.07574520416220851,-0.9918047913020239,0.07969121033134455,-2.4492935982947064e-16,-0.0,0.0,-2.9716794802168014,0.11728690358311593,-2.9791466949929375,-0.07401664559761818,0.08530456209691048,9.289733945965564,-1.2188375008536971,4.0,-4.0,0.0,1.0,1.0,7.8,1.0,-2.9165537357330322,-3.1682357788085938,0.019999999552965164
3.1001033782958984,3.0113432989573328,-1.0,1.2246467991473532e-16,0.0,0.0,-0.06507865235774059,0.07574520416220851,-0.9918047913020239,0.07969121033134455,-2.4492935982947064e-16,-0.0,0.0,-2.9716794802168014,0.11728690358311593,-2.9791466949929375,-0.07401664559761818,0.08530456209691048,9.289733945965564,-1.2188375008536971,4.0,-4.0,0.0,1.0,1.0,7.8,1.0,-2.9165537357330322,-3.1682357788085938,0.019999999552965164
3.120119333267212,2.9630722594552292,-1.0,1.2246467991473532e-16,0.0,0.0,0.0891417159168502,-0.004901623160746387,-0.9959998151457645,-0.00375457099979966,-2.4492935982947064e-16,-0.0,0.0,3.1348806675218865,-0.17855432858429957,3.1323509408751113,-0.034378895941574436,-0.02330206687077105,9.54823243919174,0.23554804698122525,4.0,-4.0,0.0,1.0,1.0,7.8,1.0,-2.9276857376098633,-3.1410017013549805,0.019999999552965164
3.140113592147827,3.023118523558874,-1.0,1.2246467991473532e-16,0.0,0.0,0.05920242698820392,-0.14004517353034596,-0.9872976401506416,0.04610630935713503,-2.4492935982947064e-16,-0.0,0.0,-3.033170382605247,-0.10417522505334986,2.8541206739708,-0.04004026024439738,-0.07110764047013912,9.710380806517271,2.9610645115845085,4.0,-4.0,0.0,1.0,1.0,7.8,1.0,-2.9276857376098633,-3.1228456497192383,0.019999999552965164
3.160161256790161,2.990326701738974,-1.0,1.2246467991473532e-16,0.0,0.0,0.07556088873493354,-0.16835312068010835,-0.980796333676884,0.06313739539162407,-2.4492935982947064e-16,-0.0,0.0,-2.9905088875221906,-0.12730451044476912,2.7919589202074495,0.02174240494583554,0.04711044160755401,8.668168171049595,3.2800927938188247,4.0,-4.0,0.0,1.0,1.0,7.8,1.0,-2.9276857376098633,-3.095611572265625,0.019999999552965164
3.1801230907440186,2.9836885485231592,-1.0,1.2246467991473532e-16,0.0,0.0,0.07887005445655185,-0.2617134352912756,-0.961128941286424,-0.03894548137714579,-2.4492935982947064e-16,-0.0,0.0,3.1074975096945034,-0.17285316776486778,2.612842222785487,-0.01213534651643182,0.06479690407877922,7.3704023879483005,4.0,4.0,-4.0,1.0,1.0,1.0,7.8,1.0,-2.9499495029449463,-3.0774552822113037,0.019999999552965164
3.2000885009765625,3.007709889739294,-1.0,1.2246467991473532e-16,0.0,0.0,-0.06689139741249275,-0.21179473990889316,-0.9718385977660118,-0.07872908605668061,-2.4492935982947064e-16,-0.0,0.0,2.958357262561477,0.09681765618516364,2.7035367810492463,0.08284998800500246,-0.10100694041251808,6.371696797242034,3.9044948461578537,4.0,-4.0,0.0,1.0,1.0,7.8,1.0,-2.9610812664031982,-3.0502212047576904,0.019999999552965164
3.2200989723205566,3.0771987568178685,-1.0,1.2246467991473532e-16,0.0,0.0,0.032191385881488045,-0.2449332696791604,-0.966100937790351,-0.07496923422250605,-2.4492935982947064e-16,-0.0,0.0,3.0115035262496943,-0.0990872403223649,2.65146009070217,0.08988219522562255,-0.029856160187208367,4.230444262844944,4.0,4.0,-4.0,1.0,1.0,1.0,7.8,1.0,-2.9722132682800293,-3.0320651531219482,0.019999999552965164
3.2401010990142822,3.128435893762268,-1.0,1.2246467991473532e-16,0.0,0.0,0.006578332467209901,-0.22033851375288258,-0.9723660962092167,-0.07688848965853134,-2.4492935982947064e-16,-0.0,0.0,2.9942717470155302,-0.04669305116166519,2.6993645995444715,0.001896011419033089,-0.07995091801086436,3.6001781362985135,4.0,4.0,-4.0,1.0,1.0,1.0,7.8,1.0,-2.9722132682800293,-3.0320651531219482,0.019999999552965164
3.260098695755005,2.957357516261307,-1.0,1.2246467991473532e-16,0.0,0.0,-0.09198734440835281,-0.30595749523555676,-0.9469791859984453,0.03404057672256844,-2.4492935982947064e-16,-0.0,0.0,-3.133249310027744,0.19630857203341895,2.5174112758000358,0.05286612971679425,-0.056315493320309766,4.1700150726560965,4.0,4.0,-4.0,1.0,1.0,1.0,7.8,1.0,-2.9833450317382812,-2.995753049850464,0.019999999552965164
3.2800979614257812,3.1164516308295,-1.0,1.2246467991473532e-16,0.0,0.0,0.012570180322094905,-0.46832061663352026,-0.883004967185662,0.02863596563969257,-2.4492935982947064e-16,-0.0,0.0,-3.0792063779658885,0.004622579309608403,2.1664398551357738,-0.04065025069580841,-0.09261973326343442,5.574434575388059,4.0,4.0,-4.0,1.0,1.0,1.0,7.8,1.0,-2.9833450317382812,-2.9866750240325928,0.019999999552965164
3.300123691558838,3.0182879419477158,-1.0,1.2246467991473532e-16,0.0,0.0,-0.06161330634238689,-0.4442701149865021,-0.8933404835111186,-0.027760510289978106,-2.4492935982947064e-16,-0.0,0.0,3.036672434918116,0.08552120202136475,2.21410745051751,-0.004406412005217186,0.08159647816895965,4.163952477762014,4.0,4.0,-4.0,1.0,1.0,1.0,7.8,1.0,-2.9944770336151123,-2.9503629207611084,0.019999999552965164
3.320152997970581,3.1085125130917075,-1.0,1.2246467991473532e-16,0.0,0.0,0.016539316104038908,-0.5100587791211862,-0.8586029913889255,0.04865589421852616,-2.4492935982947064e-16,-0.0,0.0,-3.040976085555587,0.02123491528383717,2.070586094416075,0.02630293427621433,-0.06084489803202473,3.77717062323574,4.0,4.0,-4.0,1.0,1.0,1.0,7.8,1.0,-2.9944770336151123,-2.9412848949432373,0.019999999552965164
3.3401474952697754,3.1085125130917075,-1.0,1.2246467991473532e-16,0.0,0.0,0.016539316104038908,-0.5100587791211862,-0.8586029913889255,0.04865589421852616,-2.4492935982947064e-16,-0.0,0.0,-3.040976085555587,0.02123491528383717,2.070586094416075,0.02630293427621433,-0.06084489803202473,3.77717062323574,4.0,4.0,-4.0,1.0,1.0,1.0,7.8,1.0,-2.9944770336151123,-2.9412848949432373,0.019999999552965164
3.360332489013672,3.1085125130917075,-1.0,1.2246467991473532e-16,0.0,0.0,0.016539316104038908,-0.5100587791211862,-0.8586029913889255,0.04865589421852616,-2.4492935982947064e-16,-0.0,0.0,-3.040976085555587,0.02123491528383717,2.070586094416075,0.02630293427621433,-0.06084489803202473,3.77717062323574,4.0,4.0,-4.0,1.0,1.0,1.0,7.8,1.0,-2.9944770336151123,-2.9412848949432373,0.019999999552965164
3.3800909519195557,3.122459624088374,-1.0,1.2246467991473532e-16,0.0,0.0,-0.009566368833001847,-0.4255779454262744,-0.9003623892559351,-0.09021898340951272,-2.4492935982947064e-16,-0.0,0.0,2.9698440618547477,-0.05959929907625393,2.263627092180614,0.08565422740022985,0.019000745978381237,3.992166164850658,4.0,4.0,-4.0,1.0,1.0,1.0,7.8,1.0,-2.9944770336151123,-2.914050579071045,0.019999999552965164
3.400111198425293,2.9909254504937475,-1.0,1.2246467991473532e-16,0.0,0.0,0.0752623668305021,-0.48553331952119655,-0.8661608015176996,-0.09142449172959491,-2.4492935982947064e-16,-0.0,0.0,3.054063924829488,-0.22095130248796982,2.1294821738349086,0.0773700441594587,-0.08307124527562895,6.122509517594277,4.0,4.0,-4.0,1.0,1.0,1.0,7.8,1.0,-2.9944770336151123,-2.904972553253174,0.019999999552965164
3.4201064109802246,3.001181336699739,-1.0,1.2246467991473532e-16,0.0,0.0,0.07014800064450359,-0.6478334118265672,-0.753360683545215,0.08853704882711265,-2.4492935982947064e-16,-0.0,0.0,-2.9153697982655182,0.009021147757701097,1.7221620625246916,0.06172279988260998,-0.036550603613427685,6.946644443173302,4.0,4.0,-4.0,1.0,1.0,1.0,7.8,1.0,-2.9944770336151123,-2.904972553253174,0.019999999552965164
3.4401094913482666,3.0959238939257614,-1.0,1.2246467991473532e-16,0.0,0.0,-0.022832395542260766,-0.5299901352193243,-0.8438904492461962,0.08023744733637458,-2.4492935982947064e-16,-0.0,0.0,-3.029276087144378,0.1239029742473003,2.027013855004006,0.02998142808938875,-0.08049403401906173,7.616406099136084,4.0,4.0,-4.0,1.0,1.0,1.0,7.8,1.0,-2.9944770336151123,-2.8777384757995605,0.019999999552965164
3.460132360458374,3.0480678703762027,-1.0,1.2246467991473532e-16,0.0,0.0,0.046745350750697766,-0.7003214475789769,-0.7091771609565097,0.06657699769248764,-2.4492935982947064e-16,-0.0,0.0,-2.9809410913120358,0.026952391591131983,1.5855316961283707,0.014067443571069996,-0.04603249718126093,7.570746095852358,4.0,4.0,-4.0,1.0,1.0,1.0,7.8,1.0,-2.9944770336151123,-2.8595824241638184,0.019999999552965164
3.4801101684570312,3.034566362915313,-1.0,1.2246467991473532e-16,0.0,0.0,-0.05348760844754867,-0.7088667498025758,-0.7012579423183067,0.05370572690494295,-2.4492935982947064e-16,-0.0,0.0,3.141078708945085,0.1517392529875583,1.5599656833715216,-0.08698273953699037,-0.07099012330353123,6.866778633840954,4.0,4.0,-4.0,1.0,1.0,1.0,7.8,1.0,-2.9944770336151123,-2.832348346710205,0.019999999552965164
3.5001306533813477,3.1194441975582246,-1.0,1.2246467991473532e-16,0.0,0.0,0.011074001662671794,-0.7073612674046554,-0.7065892124945667,0.015782542544303408,-2.4492935982947064e-16,-0.0,0.0,-3.103612488132767,0.006678428010461041,1.5698311128458706,0.031030862753041066,0.06570596742100243,6.485607684886748,4.0,4.0,-4.0,1.0,1.0,1.0,7.8,1.0,-2.9944770336151123,-2.832348346710205,0.019999999552965164
3.521336555480957,3.1194441975582246,-1.0,1.2246467991473532e-16,0.0,0.0,0.011074001662671794,-0.7073612674046554,-0.7065892124945667,0.015782542544303408,-2.4492935982947064e-16,-0.0,0.0,-3.103612488132767,0.006678428010461041,1.5698311128458706,0.031030862753041066,0.06570596742100243,6.485607684886748,4.0,4.0,-4.0,1.0,1.0,1.0,7.8,1.0,-2.9944770336151123,-2.832348346710205,0.019999999552965164
3.540099620819092,2.925833282788762,-1.0,1.2246467991473532e-16,0.0,0.0,0.10767055602362921,-0.7763387318224203,-0.6209561253520943,-0.010895651684640045,-2.4492935982947064e-16,-0.0,0.0,-2.985540430858513,-0.15121038397995706,1.3374566443043676,-0.06525305259943584,0.0528413538341968,6.259200552382509,4.0,4.0,-4.0,1.0,1.0,1.0,7.8,1.0,-2.9944770336151123,-2.814192295074463,0.019999999552965164
3.560101270675659,3.129926521330213,-1.0,1.2246467991473532e-16,0.0,0.0,0.005833033051830581,-0.7348497151487556,-0.6730142349874959,-0.08374790370752414,-2.4492935982947064e-16,-0.0,0.0,3.036339703997684,-0.13131272125238913,1.4899366114530375,-0.06264329935179054,-0.02258630322667829,6.37741031345488,4.0,4.0,-4.0,1.0,1.0,1.0,7.8,1.0,-2.9833450317382812,-2.7778801918029785,0.019999999552965164
3.580094814300537,3.005450366963171,-1.0,1.2246467991473532e-16,0.0,0.0,-0.06801858550277388,-0.8500195324616024,-0.5184718913263983,-0.06345994299074074,-2.4492935982947064e-16,-0.0,0.0,2.959014624026192,-0.037361624319156544,1.0988320001680691,-0.09018912664878165,-0.011484897017719736,5.911166563376281,4.0,4.0,-4.0,1.0,1.0,1.0,7.8,1.0,-2.9833450317382812,-2.7688019275665283,0.019999999552965164
3.600127696990967,3.0445792565514167,-1.0,1.2246467991473532e-16,0.0,0.0,0.048487678856676666,-0.8003220618475066,-0.5929422746398837,0.07451846257222587,-2.4492935982947064e-16,-0.0,0.0,-2.974516993585446,0.06181611146203091,1.2804545522579447,-0.034573959998903656,-0.08443478851120284,5.270578098960521,4.0,4.0,-4.0,1.0,1.0,1.0,7.8,1.0,-2.9833450317382812,-2.7688019275665283,0.019999999552965164
3.6200969219207764,2.9961603829235526,-1.0,1.2246467991473532e-16,0.0,0.0,-0.07265206952671206,-0.8766248836642545,-0.4735133639784933,0.04511744970506308,-2.4492935982947064e-16,-0.0,0.0,3.0558966336358955,0.14845025427371833,0.9841302257402756,-0.0237997950297342,0.08055507858440353,5.12653641229069,4.0,4.0,-4.0,1.0,1.0,1.0,7.8,1.0,-2.9833450317382812,-2.741567850112915,0.019999999552965164
3.640252113342285,3.023868147417855,-1.0,1.2246467991473532e-16,0.0,0.0,-0.058828268329829826,-0.922156609634547,-0.3793768007922901,-0.04732510087932089,-2.4492935982947064e-16,-0.0,0.0,2.996547268785285,-0.04265908599135517,0.783692908512938,0.025610431454372404,-0.08913158768514312,5.588533119547986,4.0,4.0,-4.0,1.0,1.0,1.0,7.8,1.0,-2.9833450317382812,-2.732489824295044,0.019999999552965164
3.6601338386535645,2.967271879838308,-1.0,1.2246467991473532e-16,0.0,0.0,0.08705007018369643,-0.9251710130640631,-0.36829866121821464,0.028930572270511202,-2.4492935982947064e-16,-0.0,0.0,-2.95817311468969,-0.010589592820605613,0.7567385959297367,-0.018431063246630505,-0.04988706477233256,5.134629495704347,4.0,4.0,-4.0,1.0,1.0,1.0,7.8,1.0,-2.9722132682800293,-2.723411798477173,0.019999999552965164
3.6801395416259766,3.1307988685305834,-1.0,1.2246467991473532e-16,0.0,0.0,0.0053968663309238545,-0.8936328633220378,-0.44221567810207235,-0.07639681580659302,-2.4492935982947064e-16,-0.0,0.0,3.0830499586277402,-0.14178918335293267,0.9231993820488195,-0.008643347765928747,-0.08986845805287631,3.729123702128488,4.0,4.0,-4.0,1.0,1.0,1.0,7.8,1.0,-2.9722132682800293,-2.6961777210235596,0.019999999552965164
3.7002358436584473,3.05162555209188,-1.0,1.2246467991473532e-16,0.0,0.0,0.04496838143258803,-0.9230118913206201,-0.3760006676235901,-0.06819377609928688,-2.4492935982947064e-16,-0.0,0.0,-3.109443664084121,-0.16039040748986877,0.7710908863505546,0.04179414618498234,-0.07549897783838683,2.910986924878638,4.0,4.0,-4.0,1.0,1.0,1.0,7.8,1.0,-2.9722132682800293,-2.6870996952056885,0.019999999552965164
3.720097303390503,2.928557527062512,-1.0,1.2246467991473532e-16,0.0,0.0,0.10631625294345,-0.9343638328585002,-0.32410701801998454,0.10303263112349566,-2.4492935982947064e-16,-0.0,0.0,-2.8707791243102507,0.12394131692419474,0.684682525819868,-0.03556079480613887,0.023244731620689546,2.1256200628060364,4.0,4.0,-4.0,1.0,1.0,1.0,7.8,1.0,-2.9833450317382812,-2.6870996952056885,0.019999999552965164
3.7401046752929688,3.0662160076734133,-1.0,1.2246467991473532e-16,0.0,0.0,0.0376794014486513,-0.9473236163896551,-0.3132514136987086,0.05506160506793518,-2.4492935982947064e-16,-0.0,0.0,-3.035159777114914,0.08080396940667607,0.6430096199738558,0.08384625354888661,0.07139452252698028,1.4961280755785933,4.0,4.0,-4.0,1.0,1.0,1.0,7.8,1.0,-2.9833450317382812,-2.6689436435699463,0.019999999552965164
3.7603814601898193,3.020616810309522,-1.0,1.2246467991473532e-16,0.0,0.0,-0.06045104296700793,-0.9332369026697461,-0.3495732423005419,-0.05668424090579503,-2.4492935982947064e-16,-0.0,0.0,2.9882225536469,-0.06357834077482098,0.7216940868971568,-0.0004181149111414789,0.07087550618201408,1.0770064237658057,4.0,4.0,-3.1743408769473227,1.0,1.0,0.0,7.8,1.0,-2.9833450317382812,-2.6689436435699463,0.019999999552965164
3.780097007751465,3.020616810309522,-1.0,1.2246467991473532e-16,0.0,0.0,-0.06045104296700793,-0.9332369026697461,-0.3495732423005419,-0.05668424090579503,-2.4492935982947064e-16,-0.0,0.0,2.9882225536469,-0.06357834077482098,0.7216940868971568,-0.0004181149111414789,0.07087550618201408,1.0770064237658057,4.0,4.0,-3.1743408769473227,1.0,1.0,0.0,7.8,1.0,-2.9833450317382812,-2.6689436435699463,0.019999999552965164
3.8001394271850586,3.020616810309522,-1.0,1.2246467991473532e-16,0.0,0.0,-0.06045104296700793,-0.9332369026697461,-0.3495732423005419,-0.05668424090579503,-2.4492935982947064e-16,-0.0,0.0,2.9882225536469,-0.06357834077482098,0.7216940868971568,-0.0004181149111414789,0.07087550618201408,1.0770064237658057,4.0,4.0,-3.1743408769473227,1.0,1.0,0.0,7.8,1.0,-2.9833450317382812,-2.6689436435699463,0.019999999552965164
3.820101737976074,3.040921752544142,-1.0,1.2246467991473532e-16,0.0,0.0,0.05031419774941217,-0.9519853353029034,-0.30124218556864235,0.02110801996586884,-2.4492935982947064e-16,-0.0,0.0,-3.0328592208903666,0.009875693666751862,0.6134702961566786,0.03320530278249567,0.09463817008843206,0.37435993409514656,4.0,4.0,-1.9196001356979637,1.0,1.0,0.0,7.8,1.0,-2.9944770336151123,-2.6689436435699463,0.019999999552965164
3.8401038646698,3.054138452387927,-1.0,1.2246467991473532e-16,0.0,0.0,-0.04371316713132343,-0.9210820398480125,-0.3825663524751885,-0.05779291342892141,-2.4492935982947064e-16,-0.0,0.0,3.0161842330569373,-0.07308269475568478,0.7919186532702406,-0.0662238979322709,-0.07426104251131532,-1.6401098990161211,4.0,4.0,4.0,1.0,1.0,1.0,7.8,1.0,-2.9944770336151123,-2.6689436435699463,0.019999999552965164
3.860100746154785,3.0248849453583944,-1.0,1.2246467991473532e-16,0.0,0.0,-0.058320742265937,-0.9521722215427564,-0.2886717327289374,-0.08145785577312342,-2.4492935982947064e-16,-0.0,0.0,2.9816404803425107,-0.12175330177538984,0.5984984094910293,0.030639497121185688,0.07330789681699754,-2.580256241612262,4.0,4.0,4.0,1.0,1.0,1.0,7.8,1.0,-3.0056087970733643,-2.6689436435699463,0.019999999552965164
3.8801064491271973,3.067872967884722,-1.0,1.2246467991473532e-16,0.0,0.0,0.03685149682746636,-0.8927560868628899,-0.44707395919948933,0.04187375737294917,-2.4492935982947064e-16,-0.0,0.0,-3.038077377558513,0.04182760987913891,0.9307091999260761,0.010110008326662395,-0.0962832594180455,-4.379398674321008,4.0,4.0,4.0,1.0,1.0,1.0,7.8,1.0,-3.0278725624084473,-2.6689436435699463,0.019999999552965164
3.9002130031585693,3.093363179824158,-1.0,1.2246467991473532e-16,0.0,0.0,0.0241123997483246,-0.8886606178398121,-0.4554893030103736,0.047227040157783166,-2.4492935982947064e-16,-0.0,0.0,-3.0554424398179583,0.062011476815225,0.9499591495115661,-0.0395103805272687,-0.05469703628722085,-5.765026830088612,4.0,4.0,4.0,1.0,1.0,1.0,7.8,1.0,-3.0390045642852783,-2.6689436435699463,0.019999999552965164
3.9200947284698486,2.99023555060434,-1.0,1.2246467991473532e-16,0.0,0.0,-0.07560633393185633,-0.8370634271320867,-0.5397494137696235,0.047739622564676655,-2.4492935982947064e-16,-0.0,0.0,3.0654807964078636,0.16225007106163003,1.1392492831243954,0.0022500628291752534,-0.061804716160210355,-6.055288966638185,4.0,4.0,4.0,1.0,1.0,1.0,7.8,1.0,-3.0390045642852783,-2.6689436435699463,0.019999999552965164
3.9401016235351562,2.99023555060434,-1.0,1.2246467991473532e-16,0.0,0.0,-0.07560633393185633,-0.8370634271320867,-0.5397494137696235,0.047739622564676655,-2.4492935982947064e-16,-0.0,0.0,3.0654807964078636,0.16225007106163003,1.1392492831243954,0.0022500628291752534,-0.061804716160210355,-6.055288966638185,4.0,4.0,4.0,1.0,1.0,1.0,7.8,1.0,-3.0390045642852783,-2.6689436435699463,0.019999999552965164
3.9600906372070312,2.99023555060434,-1.0,1.2246467991473532e-16,0.0,0.0,-0.07560633393185633,-0.8370634271320867,-0.5397494137696235,0.047739622564676655,-2.4492935982947064e-16,-0.0,0.0,3.0654807964078636,0.16225007106163003,1.1392492831243954,0.0022500628291752534,-0.061804716160210355,-6.055288966638185,4.0,4.0,4.0,1.0,1.0,1.0,7.8,1.0,-3.0390045642852783,-2.6689436435699463,0.019999999552965164
3.9801080226898193,3.117226454082395,-1.0,1.2246467991473532e-16,0.0,0.0,-0.012182798370577418,-0.7998796279513815,-0.5981380603357307,-0.047697180105652694,-2.4492935982947064e-16,-0.0,0.0,3.064822458272902,-0.061769286638328785,1.2865370572667183,0.06696452706330452,-0.02926898556961613,-6.928439909085136,4.0,4.0,4.0,1.0,1.0,1.0,7.8,1.0,-3.0501363277435303,-2.6870996952056885,0.019999999552965164
4.000117063522339,3.088974712160407,-1.0,1.2246467991473532e-16,0.0,0.0,-0.02630593580835886,-0.713973322919947,-0.697470929003825,-0.055537330638381094,-2.4492935982947064e-16,-0.0,0.0,3.0261973345764495,-0.04262199762523768,1.549875986581094,0.0976842197165192,0.04723790162841196,-6.7304257333266975,4.0,4.0,4.0,1.0,1.0,1.0,7.8,1.0,-3.0612683296203613,-2.6870996952056885,0.019999999552965164
4.020157337188721,3.1021537480188424,-1.0,1.2246467991473532e-16,0.0,0.0,0.019718174803045642,-0.7586455477099188,-0.6491429343037022,-0.05178394892177921,-2.4492935982947064e-16,-0.0,0.0,3.10406757787962,-0.10436048274496718,1.4175021536657764,0.05742296239427955,0.09980670204604772,-6.188892425905232,4.0,4.0,4.0,1.0,1.0,1.0,7.8,1.0,-3.0612683296203613,-2.6870996952056885,0.019999999552965164
4.040099620819092,3.0604194200103403,-1.0,1.2246467991473532e-16,0.0,0.0,0.040575474831330546,-0.7989383848291975,-0.5997538954889092,-0.018610559760625308,-2.4492935982947064e-16,-0.0,0.0,-3.0989373417648407,-0.07848854194782398,1.2862081767685811,0.051515364656146395,0.07934886123490845,-4.478523225402344,4.0,4.0,4.0,1.0,1.0,1.0,7.8,1.0,-3.0724000930786133,-2.6961777210235596,0.019999999552965164
4.060084819793701,3.1082710543045406,-1.0,1.2246467991473532e-16,0.0,0.0,0.016660028862963423,-0.7318768185288069,-0.6790145279341525,0.054936661645908186,-2.4492935982947064e-16,-0.0,0.0,-3.0422719707445585,0.057821148404073104,1.4987713395781725,-0.05612285193804017,0.04539872758607072,-4.220822685548868,4.0,4.0,4.0,1.0,1.0,1.0,7.8,1.0,-3.0724000930786133,-2.6961777210235596,0.019999999552965164
4.080113649368286,3.108913344641826,-1.0,1.2246467991473532e-16,0.0,0.0,-0.01633892741179818,-0.7788537189984197,-0.6231015876587728,-0.06974478697708915,-2.4492935982947064e-16,-0.0,0.0,3.028544131471842,-0.08839542187783991,1.3545160900574307,0.02870981540382983,-0.08135261659122327,-4.73605287153913,4.0,4.0,4.0,1.0,1.0,1.0,7.8,1.0,-3.0724000930786133,-2.6961777210235596,0.019999999552965164
4.100145578384399,3.108913344641826,-1.0,1.2246467991473532e-16,0.0,0.0,-0.01633892741179818,-0.7788537189984197,-0.6231015876587728,-0.06974478697708915,-2.4492935982947064e-16,-0.0,0.0,3.028544131471842,-0.08839542187783991,1.3545160900574307,0.02870981540382983,-0.08135261659122327,-4.73605287153913,4.0,4.0,4.0,1.0,1.0,1.0,7.8,1.0,-3.0724000930786133,-2.6961777210235596,0.019999999552965164
4.120124340057373,3.108913344641826,-1.0,1.2246467991473532e-16,0.0,0.0,-0.01633892741179818,-0.7788537189984197,-0.6231015876587728,-0.06974478697708915,-2.4492935982947064e-16,-0.0,0.0,3.028544131471842,-0.08839542187783991,1.3545160900574307,0.02870981540382983,-0.08135261659122327,-4.73605287153913,4.0,4.0,4.0,1.0,1.0,1.0,7.8,1.0,-3.0724000930786133,-2.6961777210235596,0.019999999552965164
4.140112400054932,2.985925035704865,-1.0,1.2246467991473532e-16,0.0,0.0,0.07775524522039441,-0.6655462354179559,-0.7395859957871456,0.06336312174474718,-2.4492935982947064e-16,-0.0,0.0,-2.94297208385061,-0.030676017532919136,1.6730269779913105,0.02672016843005645,-0.030395774368574324,-6.1961138006711645,4.0,4.0,4.0,1.0,1.0,1.0,7.8,1.0,-3.0724000930786133,-2.6961777210235596,0.019999999552965164
4.160115480422974,3.043330620201132,-1.0,1.2246467991473532e-16,0.0,0.0,-0.04911125320665841,-0.6232779201201827,-0.7777261976479534,0.06522791266925033,-2.4492935982947064e-16,-0.0,0.0,-3.1008324836490244,0.1583615307304738,1.7936264912077886,0.07978132999905074,0.008044213229054159,-4.572832098318077,4.0,4.0,4.0,1.0,1.0,1.0,7.8,1.0,-3.0724000930786133,-2.7052557468414307,0.019999999552965164
4.180109739303589,3.091185704249259,-1.0,1.2246467991473532e-16,0.0,0.0,0.02520080648358264,-0.5523373858827645,-0.8311291804213127,0.05926733468756827,-2.4492935982947064e-16,-0.0,0.0,-3.014862235030436,0.023583064077442286,1.9699999894440738,-0.0460698516032029,0.07720761887757499,-3.6901815277312835,4.0,4.0,4.0,1.0,1.0,1.0,7.8,1.0,-3.0724000930786133,-2.7052557468414307,0.019999999552965164
4.200086355209351,2.984878599189243,-1.0,1.2246467991473532e-16,0.0,0.0,-0.07827686875657179,-0.6278562590739367,-0.7688387753816571,-0.09249966069657718,-2.4492935982947064e-16,-0.0,0.0,2.898680779153999,0.004211614420615576,1.7714809570711956,-0.004669417514168009,0.09916724704289359,-3.980137354238121,4.0,4.0,4.0,1.0,1.0,1.0,7.8,1.0,-3.0724000930786133,-2.7052557468414307,0.019999999552965164
4.220091819763184,3.0897947707859315,-1.0,1.2246467991473532e-16,0.0,0.0,0.025896046190909225,-0.5330643175901691,-0.8456141144990719,-0.01042101068785553,-2.4492935982947064e-16,-0.0,0.0,-3.131593194219983,-0.05493388736221145,2.0163901600254945,-0.09738826141805741,0.03447319355042602,-5.299591133925048,4.0,4.0,4.0,1.0,1.0,1.0,7.8,1.0,-3.0724000930786133,-2.7052557468414307,0.019999999552965164
4.240087985992432,2.9641991203422395,-1.0,1.2246467991473532e-16,0.0,0.0,0.0885805143969941,-0.5513260830931408,-0.828573242055018,-0.04073604203620516,-2.4492935982947064e-16,-0.0,0.0,-3.1108497715572914,-0.19290271421397068,1.9643786261322331,0.07179403634339807,-0.09567036175278675,-5.943873010278697,4.0,4.0,4.0,1.0,1.0,1.0,7.8,1.0,-3.0724000930786133,-2.723411798477173,0.019999999552965164
4.260101556777954,3.1039155846613617,-1.0,1.2246467991473532e-16,0.0,0.0,0.018837420214876267,-0.4019706963967868,-0.9151093516010412,0.02529002669536422,-2.4492935982947064e-16,-0.0,0.0,-3.0801173314171875,-0.014145371235522352,2.3133846840240047,-0.06364424392975537,-0.04403631590612618,-7.447630465541503,4.0,4.0,4.0,1.0,1.0,1.0,7.8,1.0,-3.0724000930786133,-2.732489824295044,0.019999999552965164
4.280259609222412,3.0752206657365377,-1.0,1.2246467991473532e-16,0.0,0.0,0.03317990291647979,-0.2265283498500251,-0.9706117898922485,-0.07414009764522307,-2.4492935982947064e-16,-0.0,0.0,3.011714277803646,-0.09815682155320128,2.6894149608065967,0.05200091773320509,-0.08204146384131294,-10.330318432694304,4.0,4.0,4.0,1.0,1.0,1.0,7.8,1.0,-3.0724000930786133,-2.741567850112915,0.019999999552965164
4.300095796585083,3.0278792854633134,-1.0,1.2246467991473532e-16,0.0,0.0,0.056826055746095755,-0.21977502181935527,-0.9735976033622711,0.024030104034016182,-2.4492935982947064e-16,-0.0,0.0,-3.0693985501442724,-0.10025685996835232,2.693941305560185,-0.07759462205296337,0.003666281128026999,-10.173797719756937,4.0,4.0,4.0,1.0,1.0,1.0,7.8,1.0,-3.0724000930786133,-2.741567850112915,0.019999999552965164
4.320101022720337,3.0231996635384046,-1.0,1.2246467991473532e-16,0.0,0.0,-0.05916192810956918,-0.1260053354711934,-0.9858250072754848,0.09365669610572729,-2.4492935982947064e-16,-0.0,0.0,-2.9692981884562286,0.14071300012314353,2.8995090505085828,0.05444585412555594,0.07694846892576321,-8.458384368851174,2.3023232929216446,4.0,4.0,0.0,1.0,1.0,7.8,1.0,-3.0724000930786133,-2.750645875930786,0.019999999552965164
4.340119361877441,2.9700121346605086,-1.0,1.2246467991473532e-16,0.0,0.0,0.08568506258148066,-0.050371166817266895,-0.99202903387288,0.07745457738000605,-2.4492935982947064e-16,-0.0,0.0,-2.9763571354032234,-0.16292097069804393,3.026607403835359,0.005097404390974211,-0.07571340942977828,-8.314247330106426,0.9870337187814406,4.0,4.0,0.0,1.0,1.0,7.8,1.0,-3.0724000930786133,-2.7778801918029785,0.019999999552965164
4.360101699829102,2.9700121346605086,-1.0,1.2246467991473532e-16,0.0,0.0,0.08568506258148066,-0.050371166817266895,-0.99202903387288,0.07745457738000605,-2.4492935982947064e-16,-0.0,0.0,-2.9763571354032234,-0.16292097069804393,3.026607403835359,0.005097404390974211,-0.07571340942977828,-8.314247330106426,0.9870337187814406,4.0,4.0,0.0,1.0,1.0,7.8,1.0,-3.0724000930786133,-2.7778801918029785,0.019999999552965164
4.380823850631714,2.9700121346605086,-1.0,1.2246467991473532e-16,0.0,0.0,0.08568506258148066,-0.050371166817266895,-0.99202903387288,0.07745457738000605,-2.4492935982947064e-16,-0.0,0.0,-2.9763571354032234,-0.16292097069804393,3.026607403835359,0.005097404390974211,-0.07571340942977828,-8.314247330106426,0.9870337187814406,4.0,4.0,0.0,1.0,1.0,7.8,1.0,-3.0724000930786133,-2.7778801918029785,0.019999999552965164
4.400092840194702,2.9984966816686387,-1.0,1.2246467991473532e-16,0.0,0.0,-0.07148695786354363,0.0033275332166482086,-0.9972565766723592,-0.018917258306509244,-2.4492935982947064e-16,-0.0,0.0,3.1039435382301312,0.1431964510735892,-3.1376198468807317,-0.04270063932816903,-0.09242044009323774,-8.16498446121016,0.10425189297971213,4.0,4.0,0.0,1.0,1.0,7.8,1.0,-3.0724000930786133,-2.7869582176208496,0.019999999552965164
4.420098304748535,3.0699983299341924,-1.0,1.2246467991473532e-16,0.0,0.0,-0.03578951701758053,0.005570816025795193,-0.9989667634602435,-0.02744962626741742,-2.4492935982947064e-16,-0.0,0.0,3.0869808131542142,0.07187277242566326,-3.132403498250292,-0.012179428007231,0.09096587718519075,-9.261690466160536,-0.06269860848697978,4.0,4.0,0.0,1.0,1.0,7.8,1.0,-3.0724000930786133,-2.814192295074463,0.019999999552965164
4.440165758132935,3.12687803341894,-1.0,1.2246467991473532e-16,0.0,0.0,-0.007357243710392756,0.1102464914389576,-0.9906207409599322,-0.08038737258040266,-2.4492935982947064e-16,-0.0,0.0,2.983204357562251,0.03230694770716164,-2.9224882920191986,0.08225365047284022,0.08770297480731964,-9.580026172982457,-2.5339444306705126,4.0,4.0,0.0,1.0,1.0,7.8,1.0,-3.0724000930786133,-2.814192295074463,0.019999999552965164
4.460087537765503,3.103784587684211,-1.0,1.2246467991473532e-16,0.0,0.0,-0.01890290704094996,0.056384234045189024,-0.9981657372188483,0.011342808245393307,-2.4492935982947064e-16,-0.0,0.0,-3.1167979745840766,0.036465438157367226,-3.0282847450241546,0.05075670559004214,0.04408233035044737,-7.88067022854211,-1.330711503263949,4.0,4.0,0.0,1.0,1.0,7.8,1.0,-3.0946638584136963,-2.823270320892334,0.019999999552965164
4.480103015899658,3.135894591130246,-1.0,1.2246467991473532e-16,0.0,0.0,-0.002849027375520776,0.16238311222671337,-0.9858327959435322,-0.04192023793751736,-2.4492935982947064e-16,-0.0,0.0,3.0597588062654903,0.019232792330497513,-2.8158784596033564,0.08172330754859491,0.00855528418716385,-6.477215787750959,-3.574555474728647,4.0,4.0,0.0,1.0,1.0,7.8,1.0,-3.0946638584136963,-2.8595824241638184,0.019999999552965164
4.500101804733276,3.0022874480794597,-1.0,1.2246467991473532e-16,0.0,0.0,0.06959629665491393,0.20493044583370187,-0.9736408028494599,0.07199621440729116,-2.4492935982947064e-16,-0.0,0.0,-3.028124711471464,-0.1657904773242705,-2.7361294081871113,-0.03839588579441887,0.06416313234773338,-6.584371968772369,-3.945025373496362,4.0,4.0,0.0,1.0,1.0,7.8,1.0,-3.0946638584136963,-2.8777384757995605,0.019999999552965164
4.520096778869629,3.1128387977032235,-1.0,1.2246467991473532e-16,0.0,0.0,0.01437643267268367,0.312457925368185,-0.9465886637439278,0.0783151628339149,-2.4492935982947064e-16,-0.0,0.0,-3.0014482473065196,-0.07623133433993987,-2.509291160037567,0.01659392126879171,-0.0633365392333955,-6.981314195698499,-4.0,4.0,4.0,1.0,1.0,1.0,7.8,1.0,-3.1057958602905273,-2.904972553253174,0.019999999552965164
4.540113687515259,2.970106435877441,-1.0,1.2246467991473532e-16,0.0,0.0,0.08563808528488946,0.30915082717089515,-0.9471223095695412,0.007156474267938869,-2.4492935982947064e-16,-0.0,0.0,3.1016293041644265,-0.1674254380437366,-2.507224389301101,-0.05363194086497545,-0.09168236562673726,-7.998267197231768,-4.0,4.0,4.0,1.0,1.0,1.0,7.8,1.0,-3.1057958602905273,-2.9412848949432373,0.019999999552965164
4.561791181564331,3.1293185725619326,-1.0,1.2246467991473532e-16,0.0,0.0,-0.006137001990504258,0.455315313022184,-0.8902874868758724,0.006204324807945494,-2.4492935982947064e-16,-0.0,0.0,-3.1249558470095744,0.005277568473194467,-2.1960571327776455,0.05592517146896539,0.09576819599533298,-7.296150318166084,-4.0,4.0,4.0,1.0,1.0,1.0,7.8,1.0,-3.1057958602905273,-2.9594409465789795,0.019999999552965164
4.58009934425354,3.079826455313103,-1.0,1.2246467991473532e-16,0.0,0.0,0.0308781901650952,0.5406356889487137,-0.838745557354215,0.05714437177574935,-2.4492935982947064e-16,-0.0,0.0,-3.0786727314712308,-0.11383213886869756,-2.000072610692365,0.08906442619494942,-0.05436111353586928,-6.761260157313303,-4.0,4.0,4.0,1.0,1.0,1.0,7.8,1.0,-3.1057958602905273,-2.9594409465789795,0.019999999552965164
4.600112676620483,3.056259018162149,-1.0,1.2246467991473532e-16,0.0,0.0,-0.04265387337190638,0.4713669703999361,-0.878289769419156,0.06782998773407674,-2.4492935982947064e-16,-0.0,0.0,-2.9815405661020997,0.010979510171014619,-2.1555822907352966,0.08679731179229452,-0.06985048165083382,-6.057686400682836,-4.0,4.0,4.0,1.0,1.0,1.0,7.8,1.0,-3.1057958602905273,-2.995753049850464,0.019999999552965164
4.620121479034424,2.999885079608599,-1.0,1.2246467991473532e-16,0.0,0.0,0.07079451780803626,0.6424315153203868,-0.7593333979374747,0.0753835204020617,-2.4492935982947064e-16,-0.0,0.0,-3.1175619971090867,-0.20582087918271436,-1.7396855690697337,0.006155659561496329,-0.05491363936620746,-5.30175193773935,-4.0,4.0,4.0,1.0,1.0,1.0,7.8,1.0,-3.1057958602905273,-3.0320651531219482,0.019999999552965164
4.64011025428772,2.999885079608599,-1.0,1.2246467991473532e-16,0.0,0.0,0.07079451780803626,0.6424315153203868,-0.7593333979374747,0.0753835204020617,-2.4492935982947064e-16,-0.0,0.0,-3.1175619971090867,-0.20582087918271436,-1.7396855690697337,0.006155659561496329,-0.05491363936620746,-5.30175193773935,-4.0,4.0,4.0,1.0,1.0,1.0,7.8,1.0,-3.1057958602905273,-3.0320651531219482,0.019999999552965164
4.660111665725708,2.999885079608599,-1.0,1.2246467991473532e-16,0.0,0.0,0.07079451780803626,0.6424315153203868,-0.7593333979374747,0.0753835204020617,-2.4492935982947064e-16,-0.0,0.0,-3.1175619971090867,-0.20582087918271436,-1.7396855690697337,0.006155659561496329,-0.05491363936620746,-5.30175193773935,-4.0,4.0,4.0,1.0,1.0,1.0,7.8,1.0,-3.1057958602905273,-3.0320651531219482,0.019999999552965164
4.680102825164795,3.01281065257534,-1.0,1.2246467991473532e-16,0.0,0.0,0.06434651339298118,0.5105264429943118,-0.8565838488145219,0.038553692013125335,-2.4492935982947064e-16,-0.0,0.0,-3.1412409490409288,-0.15016545413965454,-2.0666685906578715,-0.08793043607066307,0.09388742281130213,-4.722827688402121,-4.0,4.0,4.0,1.0,1.0,1.0,7.8,1.0,-3.1057958602905273,-3.0592992305755615,0.019999999552965164
4.700089693069458,2.981749193597235,-1.0,1.2246467991473532e-16,0.0,0.0,0.07983667405120476,0.6783400727448833,-0.7302639934701937,-0.013976803134957463,-2.4492935982947064e-16,-0.0,0.0,3.0118848592970666,-0.0977974657633468,-1.638130401878329,0.015428424854408318,0.020864253351692813,-3.591841230283822,-4.0,4.0,4.0,1.0,1.0,1.0,7.8,1.0,-3.1057958602905273,-3.0774552822113037,0.019999999552965164
4.720547676086426,3.0501674862030828,-1.0,1.2246467991473532e-16,0.0,0.0,-0.045696664880431746,0.5965764663520032,-0.8012534468626982,0.0011173649395023128,-2.4492935982947064e-16,-0.0,0.0,-3.0851028089581165,0.07195811666272496,-1.8595456766919962,0.04812017493600182,0.07356202611135254,-2.7318310244141144,-4.0,4.0,4.0,1.0,1.0,1.0,7.8,1.0,-3.1057958602905273,-3.113767623901367,0.019999999552965164
4.740097284317017,3.1162713011870884,-1.0,1.2246467991473532e-16,0.0,0.0,-0.012660337968355072,0.6559153740267952,-0.7545273158204898,-0.017414581204927854,-2.4492935982947064e-16,-0.0,0.0,3.1319126475016286,0.04196243855462447,-1.7106034746444112,0.030958788626512496,0.09160983079511983,-2.427386965631879,-4.0,4.0,4.0,1.0,1.0,1.0,7.8,1.0,-3.1057958602905273,-3.113767623901367,0.019999999552965164
4.7601048946380615,3.1364043137686113,-1.0,1.2246467991473532e-16,0.0,0.0,0.0025941670009202453,0.6491191828900685,-0.7602755264227747,0.024873291384014812,-2.4492935982947064e-16,-0.0,0.0,-3.1071099163343994,-0.03624395916053354,-1.7288318042772908,0.0966248569136037,-0.013049395591205631,-1.0589897886030362,-4.0,4.0,3.7384933267318465,1.0,1.0,0.0,7.8,1.0,-3.1057958602905273,-3.1228456497192383,0.019999999552965164
4.780097723007202,3.0637221302927213,-1.0,1.2246467991473532e-16,0.0,0.0,-0.03892542504599353,0.688719578035085,-0.7235609758369278,-0.024691463344155236,-2.4492935982947064e-16,-0.0,0.0,-3.123632404856115,0.09046416459193315,-1.6193139829496814,-0.03387309330845427,-0.07817606195286293,-0.3779603221093026,-4.0,4.0,2.005670555320313,1.0,1.0,0.0,7.8,1.0,-3.1057958602905273,-3.1319236755371094,0.019999999552965164
4.800110816955566,3.057201332992258,-1.0,1.2246467991473532e-16,0.0,0.0,-0.04218314003584574,0.6357101433226702,-0.7691235281093594,-0.05042018328009085,-2.4492935982947064e-16,-0.0,0.0,3.1174625370261384,0.12935376627652284,-1.7617260945982032,0.018718836201006755,-0.027031078996811994,0.8979416164325753,-4.0,4.0,-2.5833628001284863,1.0,1.0,0.0,7.8,1.0,-3.1057958602905273,-3.1319236755371094,0.019999999552965164
4.820127487182617,3.057201332992258,-1.0,1.2246467991473532e-16,0.0,0.0,-0.04218314003584574,0.6357101433226702,-0.7691235281093594,-0.05042018328009085,-2.4492935982947064e-16,-0.0,0.0,3.1174625370261384,0.12935376627652284,-1.7617260945982032,0.018718836201006755,-0.027031078996811994,0.8979416164325753,-4.0,4.0,-2.5833628001284863,1.0,1.0,0.0,7.8,1.0,-3.1057958602905273,-3.1319236755371094,0.019999999552965164
4.840112209320068,2.9821626216996022,-1.0,1.2246467991473532e-16,0.0,0.0,0.07963061813564781,0.6295391180009908,-0.7715019577908002,0.04608896491386774,-2.4492935982947064e-16,-0.0,0.0,3.1119536621063455,-0.1819014398118027,-1.7700570314935111,-0.039395542891985526,0.01720581520066211,1.9623457293379802,-4.0,4.0,-4.0,1.0,1.0,1.0,7.8,1.0,-3.1057958602905273,-3.1410017013549805,0.019999999552965164
4.860128164291382,2.965406610941229,-1.0,1.2246467991473532e-16,0.0,0.0,-0.08797912630060205,0.6207933117434813,-0.7785061121617873,0.028347323624676617,-2.4492935982947064e-16,-0.0,0.0,-2.9868036792546273,0.10196551414796579,-1.7873516546730006,-0.03861473690433164,-0.08740074030599886,1.485777201894823,-4.0,4.0,-4.0,1.0,1.0,1.0,7.8,1.0,-3.0946638584136963,-3.1591577529907227,0.019999999552965164
4.880155801773071,3.0244985362613037,-1.0,1.2246467991473532e-16,0.0,0.0,0.058513616870729424,0.7044199618129566,-0.7073437427320804,-0.0057882344381123205,-2.4492935982947064e-16,-0.0,0.0,3.0505888417494544,-0.07469321958543619,-1.5715357365957092,-0.016810431617099497,-0.05596156761412925,0.8159686232157627,-4.0,4.0,-3.148109804100806,1.0,1.0,0.0,7.8,1.0,-3.0724000930786133,-3.1682357788085938,0.019999999552965164
4.9001076221466064,3.106926379151542,-1.0,1.2246467991473532e-16,0.0,0.0,0.01733226931100655,0.610699877378895,-0.7880746023397073,0.07539014098040638,-2.4492935982947064e-16,-0.0,0.0,-3.0430732343514117,-0.11968527754536253,-1.8289718562614252,-0.050293473377281676,-0.08200514031274163,1.0720271543940956,-4.0,4.0,-4.0,1.0,1.0,1.0,7.8,1.0,-3.0724000930786133,-3.1682357788085938,0.019999999552965164
4.920117139816284,3.0531696393570686,-1.0,1.2246467991473532e-16,0.0,0.0,0.044197105465974405,0.5648404454751456,-0.8224054628511794,0.05148923864659309,-2.4492935982947064e-16,-0.0,0.0,-3.1065225063661006,-0.13123870037724908,-1.9402533128542043,-0.01452849521169823,0.0074934602790432125,2.0421814566950407,-4.0,4.0,-4.0,1.0,1.0,1.0,7.8,1.0,-3.0612683296203613,-3.177313804626465,0.019999999552965164
4.940099477767944,3.007164374953329,-1.0,1.2246467991473532e-16,0.0,0.0,0.06716354140882876,0.5980932143141248,-0.798524419995063,0.011502885219427238,-2.4492935982947064e-16,-0.0,0.0,3.0791237177981534,-0.12132044433773581,-1.8520783156416503,-0.010603899626148688,-0.01082911699450853,1.2740492514102928,-4.0,4.0,-4.0,1.0,1.0,1.0,7.8,1.0,-3.0612683296203613,-3.204547882080078,0.019999999552965164
4.960126876831055,3.0094533398027017,-1.0,1.2246467991473532e-16,0.0,0.0,0.06602159951085909,0.45572623994851846,-0.8876674755962694,-0.0010933384469389556,-2.4492935982947064e-16,-0.0,0.0,3.0790114595796028,-0.11647712113216893,-2.1893265951889815,0.04497964713305544,-0.05579962421771576,2.4307196992272155,-4.0,4.0,-4.0,1.0,1.0,1.0,7.8,1.0,-3.0390045642852783,-3.213625907897949,0.019999999552965164
4.980093955993652,3.1203083183093097,-1.0,1.2246467991473532e-16,0.0,0.0,0.01064196676029814,0.5435253537033014,-0.834319961522238,-0.09152671867113638,-2.4492935982947064e-16,-0.0,0.0,2.9759917221207024,0.08182786026186242,-1.9935867604347217,0.007974119177164979,0.09672293964895279,3.8900591876447494,-4.0,4.0,-4.0,1.0,1.0,1.0,7.8,1.0,-3.0278725624084473,-3.2227039337158203,0.019999999552965164
