# simulator=gazebo,# scenario=sine
t,alpha_err,q_ref0,q_ref1,q_ref2,q_ref3,q_m0,q_m1,q_m2,q_m3,phi_ref,theta_ref,psi_ref,phi,theta,psi,p,q,r,tau_x,tau_y,tau_z,sat_x,sat_y,sat_z,thrust,desat,x,y,z
7.152557373046875e-07,0.4211437083324435,0.9689124217106375,1.2901576682140636e-07,2.1749431746572112e-07,0.24740395925442207,0.9935335477687038,-0.08091451659609461,-0.05037029315250553,0.06169897916403272,3.576278686523132e-07,3.5762786865231326e-07,0.4999999999998721,-0.1684761140391574,-0.09022683715566934,0.13166550593132542,0.022058674169287223,0.005987132336607387,-0.06515959782876675,-1.4069823973620883,-1.4004125000612753,-3.459825907710676,0.0,0.0,0.0,1.761665515265642,1.0,0.0,-0.009078041650354862,2.190000057220459
0.04923725128173828,0.4355953936119744,0.9688780506557899,0.008881322786800924,0.01496176945524106,0.24692628559503596,0.9935335477687038,-0.08091451659609461,-0.05037029315250553,0.06169897916403272,0.024608679662492746,0.02460867966249274,0.4993940457046608,-0.1684761140391574,-0.09022683715566934,0.13166550593132542,0.022058674169287223,0.005987132336607387,-0.06515959782876675,-1.5654210157225852,-1.7078601475801642,-3.435111456567817,0.0,0.0,0.0,1.7605044193764985,1.0,0.0,-0.009078041650354862,2.190000057220459
0.04952716827392578,0.43568252231889804,0.9688776444420609,0.00893361803093059,0.015049745079918126,0.24692064665051844,0.9935335477687038,-0.08091451659609461,-0.05037029315250553,0.06169897916403272,0.024753461445908904,0.024753461445908904,0.49938689024287164,-0.1684761140391574,-0.09022683715566934,0.13166550593132542,0.022058674169287223,0.005987132336607387,-0.06515959782876675,-1.5663566205205566,-1.709663278862287,-3.4349102206489075,0.0,0.0,0.0,1.759343323487355,1.0,0.0,-0.009078041650354862,2.190000057220459
0.060128211975097656,0.6925163500374127,0.9688611479306044,0.01084584159894333,0.018265069751030035,0.24669177322641322,0.9921577273837261,-0.07717048276926036,-0.06298185232791717,-0.07550527702924709,0.03004599362450457,0.030045993624504566,0.4990964218135774,-0.14549199001950258,-0.13705812195974723,-0.14190773002742624,0.08751512780552342,0.10146883582142352,0.05248816626345679,-1.7774659591062552,-2.353093439294744,-4.0,0.0,0.0,1.0,1.760967254800145,1.0,0.0,-0.009078041650354862,2.190000057220459
0.08010196685791016,0.40946978921619276,0.9688213595798757,0.01444875990086852,0.024313229575547945,0.24614075937709928,0.9964969426761325,0.01700648340879511,-0.055608482574999896,0.06010257419522805,0.040008167145750784,0.0400081671457508,0.4983967762351975,0.027387813104418016,-0.11311268131595292,0.11893105627871335,-0.07048997556423531,-0.07465411321483154,0.030466177543457873,0.6264979247452043,-1.19708681823063,-3.8872009639689997,0.0,0.0,0.0,1.736656069749567,1.0,0.0,-0.009078041650354862,2.190000057220459
0.10009932518005371,0.5125304588220746,0.9687700861199812,0.018055988538735374,0.03035209184089793,0.24543278517316092,0.9981197456851936,0.04725698924412231,-0.038923939548538185,0.0029457038084411,0.049966122561041625,0.04996612256104162,0.49749712219892794,0.0945351343535537,-0.07805916343694232,0.0022081997988354363,-0.05534120399725371,-0.007077699984213398,-0.08036734585965431,0.9693995763342435,-1.1008520713218992,-4.0,0.0,0.0,1.0,1.736790995537734,1.0,0.0,-0.009078041650354862,2.190000057220459
0.1201167106628418,0.5176232885940415,0.9687072378347839,0.021666875264589342,0.0363764473968817,0.24456816627998457,0.9954092007678229,0.03340356262830646,0.08947003372029033,-0.006311742753843876,0.05991403891364962,0.0599140389136496,0.49639732870056197,0.06648747164327057,0.17950267262536496,-0.006695933291396805,-0.11954477005134781,-0.12223061232565371,-0.14510921540251026,0.2517739809053779,1.6642629014273727,-4.0,0.0,0.0,1.0,1.755400157873812,1.0,0.0,-0.009078041650354862,2.190000057220459
0.14009451866149902,0.5086784264478365,0.9686329451637787,0.025270647275875746,0.04236434753672784,0.24355055735388909,0.9945873116618676,0.02743889287284715,-0.09500067931936448,0.03190701440107696,0.06981835395566524,0.06981835395566528,0.4951014011805272,0.04944579027030581,-0.19189955767071576,0.05937943006823075,-0.06983529563469974,-0.18955444004879352,-0.22679411714069037,0.7980119569701332,-1.807369911459611,-3.3906088957050855,0.0,0.0,0.0,1.7584093386638753,1.0,0.0,-0.009078041650354862,2.190000057220459
0.16009020805358887,0.679563201656965,0.9685469281546732,0.028877632544266243,0.048329042577261755,0.24237828686652105,0.9921505074984543,0.08880241677535984,0.010482018269669867,-0.08741640886246223,0.0797036309087915,0.07970363090879147,0.4936064537867745,0.17539113547276108,0.03633304952857709,-0.17256735737020407,-0.13693903426657036,-0.0536289000202147,-0.2516670547340991,1.5596158414536165,-0.060468418777275046,-4.0,0.0,0.0,1.0,1.7539112528733085,1.0,0.0,-0.009078041650354862,2.190000057220459
0.1800975799560547,0.4462774545223108,0.9684490917567176,0.03248665718068141,0.054264638643730344,0.24105253114970424,0.9970342738933696,-0.028666881250433283,0.06520645713795667,0.02913733942573775,0.08956278799881631,0.0895627879988163,0.4919131092031184,-0.0538587556057411,0.1320803925621465,0.054868508967621285,-0.22066853846647708,-0.15462656801671126,-0.2378047907471144,-0.6031214483195936,0.6422788832873183,-3.217694190828267,0.0,0.0,0.0,1.746606657049412,1.0,0.0,-0.009078041650354862,2.190000057220459
0.20011305809020996,0.655477176003758,0.9683393303755498,0.03609699902102217,0.0601660787012084,0.23957460400307082,0.9927112830725453,-0.09048705212005019,-0.0744256120675822,-0.028235263899067952,0.09939006699034283,0.09939006699034286,0.49002205520124836,-0.1784852488801666,-0.15347797346596187,-0.043109756138344904,-0.1710658115455351,-0.21558330398738498,-0.3201632845533354,-1.462224518656614,-2.1867864625099926,-3.9675872460893173,0.0,0.0,0.0,1.7822518408572585,1.0,0.0,-0.009078041650354862,2.190000057220459
0.22010111808776855,0.32913366236144964,0.9682177421575089,0.039702150074023855,0.06601904597414818,0.2379487941124699,0.9940298642515343,-0.011763729447951206,0.06862778524932239,0.08400280196115313,0.1091641514244756,0.10916415142447555,0.48793768868962584,-0.01197266848987049,0.13885831437798749,0.16778142044926672,-0.1833262604709257,-0.3537865392926522,-0.5458942595523054,-0.4994767243578626,1.3088957349539179,-0.8503010305154679,0.0,0.0,0.0,1.768244911067533,1.0,0.0,-0.009078041650354862,2.180000066757202
0.24013018608093262,0.6824527795384029,0.9680837772651439,0.04331432507233579,0.07183967885892777,0.23617097616139332,0.9940244836015888,-0.06310708676939729,-0.07327977395257615,-0.05062505634104402,0.11891453954832147,0.11891453954832147,0.4856535105237177,-0.11971520213373427,-0.15266571325963366,-0.09260396110534472,-0.2661366871383891,-0.26162442232879285,-0.620073424664123,-0.7450288231861801,-2.054754954342118,-3.167896291151188,0.0,0.0,0.0,1.7916650863268762,1.0,0.0,-0.009078041650354862,2.180000066757202
0.2601320743560791,0.348618219537599,0.9679377521665778,0.046921071381963914,0.07760431660849244,0.23424878022053777,0.9951557649302433,-0.012539712425915868,-0.007554665954849294,0.09721463964181759,0.12860409249182886,0.12860409249182883,0.4831780079787915,-0.026431957504687402,-0.012598384769940846,0.1949242866215787,-0.279634773924276,-0.4695120968618337,-0.597598239152741,0.12818932005350447,0.037255250943094786,-0.3775598733693366,0.0,0.0,0.0,1.767257718202323,1.0,0.0,-0.009078041650354862,2.180000066757202
0.28009676933288574,0.47388370610508285,0.9677796681284595,0.05052040135341839,0.08330657867658844,0.23218573804921677,0.9871001827350929,-0.07605689152307123,-0.07856778952066007,0.1169430671140071,0.13822432398183057,0.13822432398183052,0.48051434552962724,-0.1709709584308772,-0.13775517818427133,0.2476667638960099,-0.1802088916336061,-0.39895532652650456,-0.6535699653059172,-1.188975706004077,-2.040890383507978,0.3413058888673186,0.0,0.0,0.0,1.8196377182756396,1.0,0.0,-0.009078041650354862,2.180000066757202
0.30010342597961426,0.35782227475082,0.9676087600678251,0.05412636783087818,0.08896538310993454,0.2299756168674082,0.9814775632197065,0.11909544107690985,-0.051076519553568324,0.14110016995488517,0.14780950584641625,0.14780950584641622,0.4776529597746027,0.22320643549010874,-0.1342727977963382,0.270499218632784,-0.35600752547148595,-0.4122122666651351,-0.7495313475623311,3.152297326571164,-0.6909070803729316,0.9472032787593605,0.0,0.0,0.0,1.8491023229821615,1.0,0.0,-0.009078041650354862,2.180000066757202
0.320115327835083,0.4158482665902149,0.9674251621636124,0.05773209764625376,0.09456653729127959,0.2276240992048259,0.9977210965294607,-0.013983919492341117,0.05261537017268169,0.03985832858103863,0.1573380158948395,0.15733801589483948,0.4745995667447193,-0.02384664654297715,0.10630579343063112,0.07858750115244377,-0.37645907557266933,-0.49461197202636675,-0.8574558464247275,-0.0808874872070322,0.9997723230034975,-0.2538848009297707,0.0,0.0,0.0,1.8096549667099435,1.0,0.0,-0.009078041650354862,2.180000066757202
0.3401172161102295,0.4302533996499108,0.9672288842833624,0.061334553382425466,0.10010225051218696,0.22513528690930704,0.9905688679458662,0.12254142604106749,0.05572186873331657,0.025534096912435647,0.1667987979421814,0.1667987979421815,0.4713577844960698,0.24954154365559866,0.10432385883737628,0.06463922685975607,-0.30022273816034806,-0.5602904364829592,-0.91117135111274,2.156502339432042,1.856359838657892,-0.49858833186730234,0.0,0.0,0.0,1.8795583430839122,1.0,0.0,-0.009078041650354862,2.180000066757202
0.36010003089904785,0.513044254773018,0.9670199112031825,0.06493178053235993,0.10556669208325295,0.2225129855448572,0.9988049554908028,0.0020721854467335063,0.04609307985962639,-0.016118155091196386,0.17618392505658131,0.17618392505658126,0.4679307903436757,0.0026648874610922116,0.09227368003018274,-0.03214904202560446,-0.39698154795378315,-0.5397564586937884,-1.1611855372312627,0.09176241769811222,0.9718270244698686,-0.05644780199081989,0.0,0.0,0.0,1.832179607216121,1.0,0.0,-0.009078041650354862,2.180000066757202
0.3801116943359375,0.37521580016902006,0.966797604353574,0.06853203825190698,0.11096953015791305,0.2197533056082685,0.9926865463003879,0.004572690596379745,-0.029610285048463768,0.11694332949880622,0.1855120968394071,0.18551209683940695,0.46431160003412203,0.0021569153229640853,-0.059892755408501794,0.23446422547042364,-0.25682461167107473,-0.5539190131675066,-1.0895624715673797,0.14478121268041844,-0.7002162101810923,2.2058038524211554,0.0,0.0,0.0,1.853033747618724,1.0,0.0,-0.009078041650354862,2.1700000762939453
0.40012216567993164,0.34860963495198793,0.9665621485073881,0.07212950960392904,0.11629920062580083,0.21686272812744528,0.9889783712029548,-0.05122572552265082,0.09913378414379273,0.09731494838286794,0.19476543072251673,0.19476543072251676,0.4605067067866357,-0.08392519739462251,0.2075390587544556,0.1874220897302557,-0.270388850085333,-0.5959259143227977,-1.191906750779435,-1.5390074879973943,1.6371704431600727,2.621554605476837,0.0,0.0,0.0,1.9110410475407142,1.0,0.0,-0.009078041650354862,2.1700000762939453
0.42010498046875,0.23667767350206645,0.9663137698944465,0.0757189927295577,0.12154559409377771,0.21384807880547926,0.9824310885018163,0.06049049455440554,0.011654364952057258,0.17616535468492153,0.20392815365870764,0.20392815365870762,0.45652306419867833,0.12327381347796001,0.0015865627004186097,0.3549580560606103,-0.44959763399300606,-0.5391503781642171,-1.217967575394541,1.8580698265182467,-0.014432170137860023,3.945272518636572,0.0,0.0,0.0,1.8917237659457786,1.0,0.011131884530186653,-0.009078041650354862,2.1700000762939453
0.44009971618652344,0.10775827257977261,0.9660518886245,0.07930710691509626,0.12671606065921392,0.21070636262060183,0.976615479415783,0.06518602335541995,0.0810847735473669,0.18814421921323893,0.21301484066691567,0.2130148406669157,0.45235459283138546,0.15994888546878824,0.13425145894960444,0.39141096696670213,-0.26075000800848025,-0.6247536524597211,-1.3206715655969707,0.8885270186315823,1.5668779790402152,4.0,0.0,0.0,1.0,1.9458920057314453,1.0,0.011131884530186653,-0.009078041650354862,2.1600000858306885
0.4600942134857178,0.27164636018591115,0.9657765606122731,0.08289112848139703,0.1318043466933834,0.207442305192888,0.9747884456284812,-0.04526016857524927,0.14305858433742227,0.16514613182609544,0.22201626261214555,0.22201626261214555,0.4480053338250951,-0.04289331649183979,0.2982551027894948,0.3292023647185639,-0.34888937348777566,-0.6324314207174598,-1.2639651421941724,-1.2528814805772137,2.261790690331136,4.0,0.0,0.0,1.0,2.0089772992671815,1.0,0.011131884530186653,-0.009078041650354862,2.1600000858306885
0.4804117679595947,0.19592938223429968,0.9654829265634738,0.08652830727929597,0.13688769135272227,0.20400326102768887,0.9769350257048685,0.13285162837557013,0.115001104221988,0.12133897319785948,0.2310721862363489,0.23107218623634884,0.4434023508597515,0.297321015036763,0.19366539643521835,0.27623511394685213,-0.3473167557315877,-0.6823429684451218,-1.1557788738852242,2.126920152841648,2.607454510891697,2.815472977063116,0.0,0.0,0.0,2.0735290877197077,1.0,0.011131884530186653,-0.009078041650354862,2.1500000953674316
0.5001027584075928,0.17940898629722557,0.9651849579073244,0.09004812820821337,0.14172763224576942,0.20055575258177416,0.9812349494154082,0.09675959180617187,0.12065115058105251,0.11514710288458135,0.2397578575297193,0.23975785752971934,0.4387666461261143,0.2247471723973972,0.21617075101252914,0.2581186880137748,-0.3083647450109403,-0.6965801760523584,-1.1901416045316324,1.1765544993314256,2.5147103303781786,2.990503224996407,0.0,0.0,0.0,2.0422889618857467,1.0,0.011131884530186653,-0.009078041650354862,2.1500000953674316
0.5201592445373535,0.25255086015285433,0.9648678653209831,0.09362734956200941,0.14656698871048235,0.19693156096792544,0.9745373029718224,-0.029964340050334347,0.13553862048300055,0.17609220823000535,0.24850916350338964,0.2485091635033896,0.4338700216134385,-0.011095287391332613,0.2783066573046875,0.3559744888296107,-0.4279204006471831,-0.6378183391172505,-0.9951277234358791,-0.7090684164949532,1.8623511672047157,3.8819202066998977,0.0,0.0,0.0,2.038441077393277,1.0,0.022263769060373306,-0.009078041650354862,2.1500000953674316
0.5401096343994141,0.3521732070715985,0.9645388167412686,0.09718097389135298,0.15128758081961788,0.19321696924087417,0.9788614287627048,-0.04234677010405105,0.17837908615816198,0.09065294238892498,0.2571150114695989,0.2571150114695988,0.42882615460928697,-0.054153048942728724,0.36494137718326,0.17469952192649754,-0.36118793560224854,-0.5641741091752662,-0.9076843025281791,-1.689708508312066,2.3961388242034807,2.071681948770167,0.0,0.0,0.0,2.130660035125222,1.0,0.022263769060373306,-0.018156083300709724,2.140000104904175
0.5601515769958496,0.3693649592168796,0.964194564777229,0.10074343484230461,0.15593371870616776,0.1893786602568787,0.9821566901343401,0.009257282218094602,-0.0031762065302618652,0.18780961227362486,0.2656573081013401,0.2656573081013402,0.4235872928362578,0.01699277896155157,-0.009716431039819262,0.37779895583446665,-0.4289204769716358,-0.6226127325680233,-0.8387062382563777,0.5130287012826082,-0.9771746667407313,3.221264649628892,0.0,0.0,0.0,2.0037301975023625,1.0,0.04452753812074661,-0.018156083300709724,2.140000104904175
0.5801362991333008,0.23977355414838444,0.9638376508016401,0.10428744248373159,0.16046822059393948,0.18544827423514332,0.9865686001984477,0.02743760307590681,0.12197312359229674,0.10512912137491925,0.2740689704176488,0.2740689704176489,0.4181939734790662,0.08217312606779932,0.23711643450721406,0.22211317117358292,-0.35922767166645136,-0.7228024462367884,-0.8532151984803719,-0.2069121831494949,1.958689586492402,1.9466080503954601,0.0,0.0,0.0,2.0969893096538774,1.0,0.04452753812074661,-0.03631216660141945,2.130000114440918
0.6001391410827637,0.29247735679037173,0.9634668158133151,0.10782550521908849,0.164906127806732,0.18141478512676307,0.9740703402247259,0.03523255248765218,0.044287505094531374,0.21905309044200502,0.2823786530099799,0.28237865300997983,0.4126285209777305,0.08837735880367677,0.07090208173761296,0.44554498036791734,-0.25343075372058155,-0.5635222515160979,-0.7753916264785343,0.15381416114147295,-0.4496796081715786,3.7676641235186903,0.0,0.0,0.0,2.0730623399234176,1.0,0.055659420788288116,-0.03631216660141945,2.119999885559082
0.6200985908508301,0.26771578003897867,0.9630832991799121,0.11134583808463812,0.16923175886023684,0.17729431737942491,0.9850667551477603,0.0018341749740104442,0.11280832927919207,0.13005539031529686,0.29055769934140685,0.2905576993414068,0.40691058397813723,0.03380427267743855,0.22362968805256003,0.2663315678605451,-0.4127003459751205,-0.7401056206400095,-0.803284552734379,-0.4673464844586106,1.5160884972933697,2.4702936862077216,0.0,0.0,0.0,2.1305140922185464,1.0,0.055659420788288116,-0.03631216660141945,2.119999885559082
0.6400959491729736,0.2717571804536874,0.962685646277914,0.11486181109595639,0.1734606549194433,0.17307371838944788,0.9840996417636586,0.08136760936075163,0.0454952888485596,0.15118659305686202,0.2986361995189626,0.29863619951896264,0.40101922689176683,0.17516649704796772,0.06498614353671457,0.3105833596359042,-0.38891452804438686,-0.6710736999809495,-0.5686935350269158,1.2285950939405228,0.08053723988477834,1.6014735649931633,0.0,0.0,0.0,2.142239229797277,1.0,0.055659420788288116,-0.03631216660141945,2.109999895095825
0.6601004600524902,0.23233866623176003,0.9622745557241159,0.1183669549384671,0.17758394296926294,0.16876281161452514,0.9847798937426894,0.04615455536175546,0.0950436475010752,0.13800370636032736,0.3065981057702438,0.3065981057702438,0.39496531687997416,0.11924354942682308,0.17535240239221894,0.28895386129213857,-0.39179408737724003,-0.6277935331996876,-0.4612853280672926,0.29348367130667996,0.6717957573065869,1.2382803272793594,0.0,0.0,0.0,2.1827075186822698,1.0,0.06679131090641022,-0.045390207320451736,2.0999999046325684
0.6800999641418457,0.24050601315035647,0.9618504393654811,0.12185806307087933,0.1815971952749419,0.16436789049360956,0.9847798937426894,0.04615455536175546,0.0950436475010752,0.13800370636032736,0.3144353751330905,0.31443537513309056,0.3887549290554561,0.11924354942682308,0.17535240239221894,0.28895386129213857,-0.39179408737724003,-0.6277935331996876,-0.4612853280672926,0.24376377188505183,0.5782535325745459,1.3266018892802602,0.0,0.0,0.0,2.1820938170925483,1.0,0.06679131090641022,-0.045390207320451736,2.0999999046325684
0.7001287937164307,0.24898565009181658,0.9614127428779308,0.1253399786610381,0.18550530495532971,0.15988498808397877,0.9847798937426894,0.04615455536175546,0.0950436475010752,0.13800370636032736,0.32215809438105913,0.32215809438105897,0.38237960487552775,0.11924354942682308,0.17535240239221894,0.28895386129213857,-0.39179408737724003,-0.6277935331996876,-0.4612853280672926,0.19408942919495176,0.4867004979628522,1.4166983955692305,0.0,0.0,0.0,2.1814801155028274,1.0,0.06679131090641022,-0.045390207320451736,2.0999999046325684
0.7201056480407715,0.09564746071175294,0.9609634961682911,0.1287974221224448,0.18929091753719798,0.15533618903704766,0.9693514326099364,0.12586512804057076,0.1423065753038597,0.15577101227661633,0.32973204754689306,0.3297320475468931,0.3758680311233366,0.3013207116625588,0.23894516025464066,0.35511184644237176,-0.2243130303051117,-0.6476199996585543,-0.4853274527035589,0.9669022130924777,1.645490129371246,1.8136796839593383,0.0,0.0,0.0,2.2980628938703185,1.0,0.06679131090641022,-0.045390207320451736,2.0999999046325684
0.7401278018951416,0.11509500248561728,0.9605007853569384,0.13224601590782303,0.1929709523168477,0.15070316575023,0.9675407829932888,0.16045001673105744,0.1525713049995461,0.1218303011014591,0.3371911419012574,0.3371911419012573,0.36919118871301115,0.36790137584318144,0.25902952338580276,0.29897180402031015,-0.2668012044440763,-0.6572147019876248,-0.5240676711450356,1.6007184949770634,1.986985718028957,1.304698596557739,0.0,0.0,0.0,2.3961978581538075,1.0,0.07792319357395172,-0.054468248039484024,2.0899999141693115
0.7600982189178467,0.2800268897025176,0.9600271616037054,0.1356677913074112,0.19652617661522181,0.14601219568893672,0.9671747874289748,0.06838151585457809,0.10118311364686394,0.22284271664982297,0.3444963171980154,0.3444963171980154,0.3623841710629817,0.18082585209595176,0.16600831458830165,0.46799230475138753,-0.2316825101804599,-0.6520773288627114,-0.35696215002654663,0.19581211777869145,0.3446159234949988,2.887934162224716,0.0,0.0,0.0,2.2455248325741213,1.0,0.07792319357395172,-0.0726243332028389,2.0899999141693115
0.7801022529602051,0.32844326638945054,0.9595409575356133,0.1390760857164759,0.19997059966947106,0.1412471325771029,0.9830172194913828,-0.00024644891663556495,0.11662737545600939,0.14168676981498543,0.3516760542686836,0.3516760542686835,0.35542081094670014,0.033462750470841705,0.23142346668946176,0.29018719366543105,-0.3923588312162097,-0.6508963799884602,-0.19968992710950656,-0.9323798540597414,0.5154685020805578,1.066264841533623,0.0,0.0,0.0,2.26913832996325,1.0,0.08905507624149323,-0.08170237392187119,2.0799999237060547
0.8001062870025635,0.10486868679549247,0.9590433391314145,0.14246376513108097,0.20329690722973506,0.13641963496200715,0.9598674295272315,0.14727363504532093,0.16527652467476706,0.1721878757193844,0.358715068857613,0.358715068857613,0.34831522989165714,0.3601287517225261,0.2698321220677226,0.4044078322784917,-0.39082266068162863,-0.7729237693360413,-0.11749910617148948,1.9023660450271525,2.2702901329079017,1.025926672917783,0.0,0.0,0.0,2.4782789566946306,1.0,0.11131884157657623,-0.08170237392187119,2.069999933242798
0.8201045989990234,0.38851064667155405,0.9585348708484711,0.1458284670975231,0.20650307876956678,0.13153493076054631,0.9349866937566942,0.17193479561500127,0.10388226297548689,0.2923128187299441,0.3656085926912227,0.3656085926912227,0.3410723632168746,0.3940555501107855,0.093877406718333,0.6247748475777356,-0.28424817129858304,-0.7378496610482743,-0.21282478513256725,2.6401361165118873,0.6810994806635735,3.5883500695215425,0.0,0.0,0.0,2.460916917234977,1.0,0.12245073169469833,-0.09078041464090347,2.059999942779541
0.8401126861572266,0.39908766129027584,0.9580156118807014,0.14917134572864849,0.209590553389845,0.1265930366808847,0.9349866937566942,0.17193479561500127,0.10388226297548689,0.2923128187299441,0.37235916453191675,0.3723591645319166,0.33368945531600636,0.3940555501107855,0.093877406718333,0.6247748475777356,-0.28424817129858304,-0.7378496610482743,-0.21282478513256725,2.6041572730308977,0.5857486945078167,3.674054882184917,0.0,0.0,0.0,2.4605253126625266,1.0,0.12245073169469833,-0.09078041464090347,2.059999942779541
0.8601012229919434,0.4097895498866186,0.9574868261914627,0.1524860319951168,0.2125539965837071,0.12160504205203482,0.9349866937566942,0.17193479561500127,0.10388226297548689,0.2923128187299441,0.3789543003426423,0.37895430034264227,0.3261803768650383,0.3940555501107855,0.093877406718333,0.6247748475777356,-0.28424817129858304,-0.7378496610482743,-0.21282478513256725,2.5680435208382795,0.4927037638920395,3.7609339998197218,0.0,0.0,0.0,2.4601337080900754,1.0,0.12245073169469833,-0.09078041464090347,2.059999942779541
0.8801145553588867,0.187284222328335,0.9569478721410944,0.1557783398634968,0.2153991461373956,0.11656365933379823,0.9663071012499554,0.06487287050147186,0.20884114657306171,0.13574782593049736,0.3854059314598109,0.38540593145981117,0.318531423874624,0.19867423677631907,0.39628797268477506,0.3191513038724089,-0.28057220498076746,-0.6833551434814926,-0.02663044556438983,-0.5487728423477887,2.295892864455229,0.8230551343551824,0.0,0.0,0.0,2.5292248713822234,1.0,0.13358262181282043,-0.09985845535993576,2.049999952316284
0.9001269340515137,0.3524620308004374,0.9564000014176752,0.1590424153253522,0.21812144255608465,0.11147907298233761,0.9477487966134927,0.13172016725866822,0.12884295492931835,0.2604256304976659,0.39170290339421227,0.39170290339421215,0.31075526620243216,0.32761325061175495,0.1765303361563191,0.5655818522333861,-0.26208342331749457,-0.6330611751041817,0.12615993156788768,1.4020543221644601,0.32757246903727744,2.1989086330083145,0.0,0.0,0.0,2.4804570587490957,1.0,0.14471450448036194,-0.12709258496761322,2.0399999618530273
0.9201085567474365,0.5141436116004443,0.9558446641956051,0.162271859014356,0.2207165513297724,0.10636270807904269,0.9532705950224927,0.029248225691150636,0.09446466525955502,0.28547528960801893,0.3978336906070316,0.39783369060703155,0.30286689257492105,0.11142246988398746,0.16413749974804817,0.5911140253800626,-0.25217962629724594,-0.7281446203124222,0.17549931616694733,-0.4666940415426688,-0.3538762673585545,2.9050223283037804,0.0,0.0,0.0,2.394388520918249,1.0,0.15584638714790344,-0.12709258496761322,2.0199999809265137
0.940131425857544,0.30648052389717,0.9552805063204712,0.1654766385052644,0.2231932596985341,0.10119982795560967,0.9624273109343167,0.02179946903547486,0.22288006545774028,0.15356734919593024,0.4038178034137365,0.4038178034137366,0.29484094296095453,0.12211383398879123,0.43599921696451605,0.3435400487586987,-0.3405771662991647,-0.7278734032821266,0.16380398572239702,-1.1719884434053687,2.40949334944235,0.9711513826284761,0.0,0.0,0.0,2.6341469900080945,1.0,0.18924203515052795,-0.1452486664056778,2.009999990463257
0.9601025581359863,0.45806939470666697,0.9547108431578402,0.16864022019482652,0.2255398023227296,0.09601812150688266,0.9543096280663759,0.05873476135861116,0.12088817122795432,0.26688838799228987,0.40962519156670946,0.4096251915667095,0.2867179841480763,0.18123909851761447,0.2007233805852699,0.5636991471180938,-0.31657806044400605,-0.6898187161373195,0.3213724667589381,0.14083677946602502,-0.024526576522153398,2.1207061620608236,0.0,0.0,0.0,2.480677996838835,1.0,0.20037391781806946,-0.16340474784374237,2.0
0.9801225662231445,0.47102663472444406,0.9541335355555987,0.17177683433677296,0.22776776849216987,0.0907951493721311,0.9543096280663759,0.05873476135861116,0.12088817122795432,0.26688838799228987,0.4152828182017491,0.4152828182017493,0.27846037582825484,0.18123909851761447,0.2007233805852699,0.5636991471180938,-0.31657806044400605,-0.6898187161373195,0.3213724667589381,0.1048128744614476,-0.09132367933793706,2.2222776897841916,0.0,0.0,0.0,2.480677996838835,1.0,0.20037391781806946,-0.16340474784374237,2.0
1.0001606941223145,0.4838978780855111,0.9535502073364194,0.1748797359896505,0.22987295317436035,0.08554241887952393,0.9543096280663759,0.05873476135861116,0.12088817122795432,0.26688838799228987,0.4207788986739321,0.420778898673932,0.27008353972567983,0.18123909851761447,0.2007233805852699,0.5636991471180938,-0.31657806044400605,-0.6898187161373195,0.3213724667589381,0.06884190973003013,-0.15564691503621653,2.324447776604951,0.0,0.0,0.0,2.480677996838835,1.0,0.20037391781806946,-0.16340474784374237,2.0
1.0201153755187988,0.4555595122363167,0.9529646414469525,0.17793160428232827,0.2318452380289097,0.08029023572462936,0.9421637898722881,0.17753636246651297,0.10090535900600515,0.26575616941007185,0.4260841999479769,0.42608419994797697,0.26163381768168353,0.40059010321352617,0.09592301756728178,0.5693427717147085,-0.19953170414676263,-0.6569845565964004,0.39101527474003706,1.8992817899282688,-0.47824045439154395,1.523998343198167,0.0,0.0,0.0,2.6303119512750244,1.0,0.21150580048561096,-0.18156082928180695,1.9900000095367432
1.0402863025665283,0.13648943696928834,0.9523688447954788,0.18097606160143215,0.2337130423932009,0.07496307361276933,0.952937420763357,0.19333859545803117,0.19441777103496696,0.12935296641744115,0.4312745620274791,0.431274562027479,0.25298666397264136,0.4579389460687345,0.3262763895094953,0.34651848987286354,-0.18183235162498032,-0.7070959599431534,0.5594116318350956,1.2738917083128687,1.8989236224959822,-1.4025299607901163,0.0,0.0,0.0,2.8596019452392265,1.0,0.24490146338939667,-0.2087949514389038,1.9800000190734863
1.0601165294647217,0.31817188030341614,0.9517801652121382,0.18392760448201134,0.23542608909164653,0.06971162021697583,0.9329781485678298,0.19728159079093888,0.20188213002387648,0.2233279064670685,0.4362062222119828,0.43620622221198274,0.24438521171206387,0.49912284939407425,0.29274994913659175,0.5450170343945608,-0.29063788116716943,-0.804435533182773,0.5066091138943104,2.2559906127470493,2.12127538922634,0.7376858752895146,0.0,0.0,0.0,2.910669614505954,1.0,0.256033331155777,-0.2178729921579361,1.9700000286102295
1.0802009105682373,0.5032615928349885,0.9511818674936852,0.18687317935897796,0.23703680371490776,0.06438185669979873,0.919359156298128,0.11028956995016716,0.22796395352462134,0.3010770472560566,0.4410262419668224,0.44102624196682244,0.2355755800090958,0.37193904757884944,0.36050859467048896,0.7015018875108305,-0.23376434027492524,-0.5993274406820999,0.5810377870704967,0.7308867403999577,1.3923226706306382,2.5487816565655215,0.0,0.0,0.0,2.8387673112926493,1.0,0.2782971262931824,-0.23602907359600067,1.9500000476837158
1.1001245975494385,0.4201207903099855,0.9505872207095241,0.189749769688044,0.23851136934813652,0.05908711719786158,0.9009523160908647,0.18084259831828323,0.3034744029937703,0.2519606427432138,0.44563193505432874,0.44563193505432874,0.22674253782591094,0.5679253512167767,0.47316013770489945,0.6858828209527165,-0.2689110662854739,-0.6004675694963718,0.7043794518197017,1.9379486401297126,3.1312205287923836,1.1970236794377325,0.0,0.0,0.0,3.3169205555505346,1.0,0.3116927742958069,-0.26326319575309753,1.940000057220459
1.1201138496398926,0.4291582210362404,0.9499904371731802,0.1925884702896796,0.23986782426469663,0.05377059859729721,0.9009523160908647,0.18084259831828323,0.3034744029937703,0.2519606427432138,0.4500750193162899,0.45007501931628985,0.2177899836710616,0.5679253512167767,0.47316013770489945,0.6858828209527165,-0.2689110662854739,-0.6004675694963718,0.7043794518197017,1.923743496006955,3.0696224569517154,1.3021383178791313,0.0,0.0,0.0,3.317400300199499,1.0,0.3116927742958069,-0.26326319575309753,1.940000057220459
1.1401848793029785,0.4384710998619109,0.9493920219872168,0.1953891266420274,0.24110640742023703,0.04843116845582479,0.9009523160908647,0.18084259831828323,0.3034744029937703,0.2519606427432138,0.45435534258377736,0.4543553425837773,0.20871325464756293,0.5679253512167767,0.47316013770489945,0.6858828209527165,-0.2689110662854739,-0.6004675694963718,0.7043794518197017,1.9097630519698763,3.010247263973294,1.4078529938015434,0.0,0.0,0.0,3.3178800448484633,1.0,0.3116927742958069,-0.26326319575309753,1.940000057220459
1.1601064205169678,0.35229243886576767,0.948799872644691,0.19811778674390462,0.2422140516600303,0.04313348378634442,0.9784928959160748,0.07397280958044548,0.1496649259617579,0.12116140483425494,0.4584228007496522,0.4584228007496522,0.1996209802421695,0.18941948697358485,0.2785552071507134,0.27302676794403186,-0.17259111906818705,-0.7709058880043113,0.7645147574925941,-1.325236112968447,0.7672997414098028,-1.3683360703959382,0.0,0.0,0.0,2.6370919172778726,1.0,0.3116927742958069,-0.26326319575309753,1.940000057220459
1.1801273822784424,0.18652364581878378,0.9482076167725547,0.2008067795225353,0.24320572135529653,0.037814413817350095,0.9558624346515163,0.22422031989252952,0.16840340032552445,0.08770717717592101,0.4623272639892453,0.46232726398924523,0.1904035214280943,0.49798895611376526,0.28651342619123105,0.25632350297171524,-0.13155388171895852,-0.6316417432990908,0.8037879212149474,1.238746915141491,0.8881017355198355,-2.6890693723499712,0.0,0.0,0.0,2.9701772262815695,1.0,0.3339565396308899,-0.2904973328113556,1.9299999475479126
1.2000725269317627,0.22990689130992406,0.9476214907358897,0.203430513855166,0.24407326405311222,0.03252350077363814,0.9436902848188755,0.12576158729843503,0.2873496186171741,0.10518016057799283,0.4660326821060002,0.46603268210600024,0.1811450777942578,0.3550503813030382,0.5420378902237258,0.3216160314143646,-0.32871324806988783,-0.6797288164024555,1.0065909461141738,0.18535364897402795,3.2121644426795513,-2.0915736180302034,0.0,0.0,0.0,3.1306133899601654,1.0,0.3562203049659729,-0.30865341424942017,1.9199999570846558
1.2201189994812012,0.4410569566887446,0.9470373695713951,0.2060101982556592,0.2448249795437044,0.02721669049281561,0.9044589332110651,0.18674631259585087,0.303827136232137,0.23402761408759717,0.46957012166763235,0.4695701216676323,0.17176699577347498,0.5719855430435653,0.4804640627212398,0.6502074013393248,-0.21019543995495055,-0.5852889490861316,0.9674093128039448,1.6318739441103598,2.804596866250212,0.4081196210524234,0.0,0.0,0.0,3.403048065471441,1.0,0.3896159529685974,-0.3449655771255493,1.899999976158142
1.2401127815246582,0.16427035732722223,0.9464608456528134,0.20852380861256656,0.24545555438051916,0.02193763231579301,0.9327929671452408,0.21353385593182336,0.2733900410926089,0.0977673680051111,0.4729103122272961,0.4729103122272962,0.162344807705948,0.5367604069381693,0.4873423863491637,0.3453914842172098,-0.24341497779637428,-0.5611492192740841,1.1213046261651185,1.485498011552034,2.5264240350290814,-2.9519189391005005,0.0,0.0,0.0,3.35554115158134,1.0,0.4230116009712219,-0.3631216585636139,1.8899999856948853
1.2601141929626465,0.4642447576857339,0.9458912582202652,0.21097712447037123,0.24596826629899796,0.016673108485297287,0.9483435916434874,0.14505883867819783,0.16990324138665822,0.22524487580491181,0.47606262876079525,0.47606262876079525,0.15285409218389057,0.37243454560406736,0.25981915421197466,0.5156033371290134,-0.18578187695138462,-0.5318452444096544,1.1560555705252893,0.5371547053508976,-0.22572647768856768,-0.6759992892432125,0.0,0.0,0.0,2.840724589398722,1.0,0.4564072787761688,-0.39943382143974304,1.8799999952316284
1.2801103591918945,0.475411196900434,0.945330082824394,0.2133665471163275,0.2463638060453515,0.011429179748738486,0.9483435916434874,0.14505883867819783,0.16990324138665822,0.22524487580491181,0.47902374805704484,0.47902374805704484,0.14330474101501628,0.37243454560406736,0.25981915421197466,0.5156033371290134,-0.18578187695138462,-0.5318452444096544,1.1560555705252893,0.5098078390657972,-0.2611132081327665,-0.572094520316484,0.0,0.0,0.0,2.841524428001952,1.0,0.4564072787761688,-0.39943382143974304,1.8799999952316284
1.3000919818878174,0.48644562212483833,0.9447786810989335,0.2156890491581065,0.24664327139204717,0.006210836599085431,0.9483435916434874,0.14505883867819783,0.16990324138665822,0.22524487580491181,0.4817913931941156,0.48179139319411557,0.13370509879609327,0.37243454560406736,0.25981915421197466,0.5156033371290134,-0.18578187695138462,-0.5318452444096544,1.1560555705252893,0.4831487576910308,-0.29388945997591387,-0.4685216487528212,0.0,0.0,0.0,2.842324266605181,1.0,0.4564072787761688,-0.39943382143974304,1.8799999952316284
1.3200962543487549,0.4327483482706852,0.9442371508724935,0.21794689862177952,0.24680828677533595,0.0010108770288781571,0.9431581670474111,0.2463601554348561,0.13063216103563083,0.1808164379945647,0.48436949179859007,0.4843694917985901,0.12404110373088287,0.5449900809886279,0.15797793808697985,0.4230621857346352,-0.1850686449229975,-0.6543886536536689,1.065500846511684,2.1714537010912167,-0.3542624629319153,-1.513056830394178,0.0,0.0,0.0,3.0392644000433693,1.0,0.48980292677879333,-0.4266679584980011,1.8700000047683716
1.340228796005249,0.4344011683446965,0.9437038855513148,0.22014921248240707,0.24685967460074779,-0.004195437371707841,0.9270354753704942,0.2724615656800168,0.172080468281178,0.19172437264971373,0.4867684269718416,0.48676842697184164,0.11426503622437978,0.6245936923114493,0.21625601011565948,0.4779441119276041,-0.31721511908528277,-0.540683495561765,1.0952385041774173,3.2906180247904726,-0.033380704480905354,-1.272074800041322,0.0,0.0,0.0,3.2629392122958256,1.0,0.5231985449790955,-0.47205814719200134,1.850000023841858
1.3600962162017822,0.1554139330848189,0.9431902966001753,0.22225166727901033,0.24679888580969497,-0.009304340603527077,0.9646454232615723,0.15880022882697156,0.21026925244252284,0.0053419268308350434,0.4889423650293321,0.48894236502933214,0.10457228925257075,0.3441242465771077,0.4158569002168455,0.08437009488929438,-0.22998382452682786,-0.45158063529997405,1.0528270431443993,-0.30687310973994464,0.9580369282643528,-3.7802118621037657,0.0,0.0,0.0,3.0094847342747726,1.0,0.5677261352539062,-0.5083703398704529,1.840000033378601
1.3801524639129639,0.35660900048770006,0.9426856911512825,0.22430069558554477,0.24662653252448158,-0.014430492487091766,0.909416551743114,0.2852975720250542,0.263574364458263,0.14864516545349055,0.4909412161718661,0.4909412161718659,0.0947455659315463,0.7075947225677227,0.4056124271578524,0.4756420737029379,-0.24595187590956227,-0.5186516316154581,0.9816896223762661,3.0923379707114513,1.8090731799814994,-1.0866192573110638,0.0,0.0,0.0,3.720210026888641,1.0,0.6122536659240723,-0.5356044173240662,1.8300000429153442
1.4002501964569092,0.17161237899529733,0.9421951305193735,0.22627795348418103,0.24634338856935065,-0.019533527606686085,0.9277973642885711,0.2991005195447838,0.222416764388496,0.016177544503823655,0.49274611216061925,0.49274611216061914,0.0848602907760419,0.6615104259061325,0.41483393016961484,0.17913826591391968,-0.22911517072915083,-0.4280252861887174,1.0755793884309648,2.5204762699336194,1.1421038609494745,-4.0,0.0,0.0,1.0,3.60501998206879,1.0,0.6567811965942383,-0.5809946656227112,1.8200000524520874
1.420203447341919,0.17256335825581093,0.941724132448928,0.22816372969187634,0.24595438548229195,-0.02456442709355,0.9277973642885711,0.2991005195447838,0.222416764388496,0.016177544503823655,0.49434115268174844,0.49434115268174844,0.07501216411542999,0.6615104259061325,0.41483393016961484,0.17913826591391968,-0.22911517072915083,-0.4280252861887174,1.0755793884309648,2.504919656100947,1.1165219868132472,-3.998158577674285,0.0,0.0,0.0,3.606515537911013,1.0,0.6567811965942383,-0.5809946656227112,1.8200000524520874
1.442626953125,0.17446999183590833,0.9412152253849745,0.2301886364207017,0.2453908031221837,-0.030173579657362743,0.9277973642885711,0.2991005195447838,0.222416764388496,0.016177544503823655,0.49589877189997306,0.4958987718999729,0.06390937355426486,0.6615104259061325,0.41483393016961484,0.17913826591391968,-0.22911517072915083,-0.4280252861887174,1.0755793884309648,2.4890703499475384,1.090506832832546,-3.8818612761252647,0.0,0.0,0.0,3.608011093753237,1.0,0.6567811965942383,-0.5809946656227112,1.8200000524520874
1.4600965976715088,0.26972284295588295,0.9408346320175558,0.23169529466489372,0.24486036781059076,-0.034509214743324294,0.9242017367164166,0.15850409575922286,0.34729765593983236,0.010580153902872069,0.49693951977897527,0.4969395197789753,0.05523688696732883,0.400921997022507,0.6926674795061859,0.16928689319100315,-0.16629259429380955,-0.5131997871204735,0.984002082150311,-0.3434580497564026,3.903360376257215,-2.265938069706929,0.0,0.0,0.0,3.6788811630193483,1.0,0.6567811965942383,-0.5809946656227112,1.8200000524520874
1.4801247119903564,0.3006291875511133,0.9404163922298968,0.2333443656705016,0.244155303773675,-0.03944114443471982,0.9299837929831273,0.2719678038444867,0.22440554770507798,0.10395099143301538,0.49794607231592947,0.49794607231592947,0.04527371273861999,0.6340585232209862,0.3691731345330833,0.3449961451257639,-0.291925533700729,-0.5207302951206174,0.9616573913232032,2.627452137733246,1.0627427904627265,-1.438664968272286,0.0,0.0,0.0,3.4768916294986756,1.0,0.7013087272644043,-0.6173068881034851,1.809999942779541
1.5001049041748047,0.28472674864009556,0.9400193830523274,0.2349043515057217,0.24335031725270068,-0.04431848624003258,0.9480813917250238,0.173757739838528,0.25293844009988947,0.08349891035686162,0.4987512008715753,0.4987512008715752,0.03531627994511303,0.42945875860195587,0.46743205097998025,0.2794371196181443,-0.19186980812431048,-0.43624295466738394,0.959245250149338,0.2106099126674501,1.3396956499556094,-1.0841716917871436,0.0,0.0,0.0,3.2248548883059542,1.0,0.7458362579345703,-0.6626970767974854,1.7999999523162842
1.5201094150543213,0.18975754328876177,0.9396431227473121,0.23637911855189275,0.24244436610027092,-0.049157334473581914,0.947192618720594,0.18364889592026526,0.26148008477393797,0.02697019345694818,0.4993578467452465,0.4993578467452464,0.02533260535260786,0.4269166444680827,0.5068639952783704,0.16909687888580738,-0.21997486098460928,-0.35959353019156515,0.7888458680872651,0.2411054675637495,1.4514454930394804,-1.3716312129155321,0.0,0.0,0.0,3.2950560700241978,1.0,0.8014956712722778,-0.7262433767318726,1.7899999618530273
1.5401191711425781,0.1388662337331858,0.9392889770975664,0.23776516251307014,0.24143981957778762,-0.053951445952687804,0.9507438534069207,0.21971769979948805,0.21850966583430192,0.007986459839220635,0.49976474648065866,0.4997647464806585,0.015336172114416059,0.48063317087535296,0.42463026452904445,0.1223508183945346,-0.21290304580150615,-0.24949674678288514,0.9309542604747061,0.7324483538127877,0.23685311811189325,-2.5697973673972143,0.0,0.0,0.0,3.252230531331328,1.0,0.8571550846099854,-0.7716335654258728,1.7799999713897705
1.5611348152160645,0.24233375445882274,0.9389419625923012,0.23912286777745909,0.24028079301957359,-0.05893543496985573,0.9216569898221426,0.3067580979613864,0.23422612894022798,0.03982440167504203,0.49997666398002855,0.49997666398002844,0.004830680635439901,0.6939346900643105,0.4195169987926902,0.24002251223155305,-0.23914071198955128,-0.3465388437974377,0.8177484516766684,2.7768037606370326,0.8034838096117545,-1.7907577652413496,0.0,0.0,0.0,3.7521820701035233,1.0,0.9016826748847961,-0.8170238137245178,1.7699999809265137
1.5801200866699219,0.2482589590697112,0.9386512807033831,0.24026130708585552,0.2391438565954483,-0.06339158780114576,0.9216569898221426,0.3067580979613864,0.23422612894022798,0.03982440167504203,0.4999782670328908,0.49997826703289056,-0.004661812392994607,0.6939346900643105,0.4195169987926902,0.24002251223155305,-0.23914071198955128,-0.3465388437974377,0.8177484516766684,2.7740047615445835,0.7948334391643963,-1.6965400680498086,0.0,0.0,0.0,3.7541476717289837,1.0,0.9016826748847961,-0.8170238137245178,1.7699999809265137
1.6000938415527344,0.25474078625195207,0.9383696595864516,0.24136697723455794,0.23785739582074586,-0.06803104821794513,0.9216569898221426,0.3067580979613864,0.23422612894022798,0.03982440167504203,0.4997854292558782,0.49978542925587816,-0.014646661855781867,0.6939346900643105,0.4195169987926902,0.24002251223155305,-0.23914071198955128,-0.3465388437974377,0.8177484516766684,2.7726050044246326,0.7878831958832623,-1.5981723714732003,0.0,0.0,0.0,3.7561132733544453,1.0,0.9016826748847961,-0.8170238137245178,1.7699999809265137
1.6201181411743164,0.2357428346659484,0.9381130240433626,0.24237894115767333,0.23647653072092717,-0.07263093983762632,0.9463541188651086,0.15990329502470293,0.28078857505429744,-0.0016106105252035585,0.4993919629329183,0.4993919629329184,-0.02465090988192354,0.3643595626352079,0.5609205730163217,0.10262825362929548,-0.12141930952863528,-0.3030011859174173,0.844594529872066,-0.7014403444472017,1.7799513810951022,-1.4290278111968107,0.0,0.0,0.0,3.334844775769824,1.0,0.9016826748847961,-0.8170238137245178,1.7699999809265137
1.6400978565216064,0.3720859036773107,0.9378833667727052,0.24329058707834264,0.235009656714222,-0.07716826952338793,0.9212882327667642,0.26453984489736865,0.2653407899763653,0.10411977622856802,0.4987998049580179,0.49879980495801796,-0.03462303530661758,0.6464045030643709,0.44873157628161053,0.3776543694229533,-0.06238589213709647,-0.21076623612274933,0.8731535048384322,1.6277797250435997,0.5750977163302752,-0.06997555206655992,0.0,0.0,0.0,3.6797467130666033,1.0,0.9573420882225037,-0.8624140024185181,1.7599999904632568
1.6601064205169678,0.29204988965809137,0.9376805280173606,0.24410365252060542,0.233453390419164,-0.08165873318256087,0.9123879359284677,0.24458266465681203,0.32707846970262555,0.027335858840583517,0.4980072518801408,0.4980072518801407,-0.044595706909858715,0.608417854375882,0.6229987289466676,0.26139393607068856,-0.05083146551596343,-0.19133690415165788,0.6661633383390034,0.9975985996034212,2.106346848841831,-0.20707050568018515,0.0,0.0,0.0,3.985400995787527,1.0,1.024133324623108,-0.9259603023529053,1.75
1.6800999641418457,0.3774920389791747,0.9375056451601411,0.24481456133615542,0.23181297570623405,-0.08609146383279878,0.9129527106979434,0.14541022526090933,0.38003788312536024,-0.03073144657258925,0.497016151232141,0.4970161512321408,-0.05454306018541392,0.34735392384415875,0.7793969350072668,0.0765645945888915,-0.09829071262206508,-0.24839564668612701,0.7962943825681043,-0.8385799645443288,3.7867486411784586,-1.0028303050528398,0.0,0.0,0.0,4.004717739527419,1.0,1.079792857170105,-0.9895066022872925,1.7300000190734863
1.7001030445098877,0.14208105825576609,0.9373591040638288,0.245422577217411,0.2300883754952428,-0.0904710344949168,0.9180312006575306,0.2685507031760714,0.28581806046352115,-0.05837183186950168,0.4958257642349463,0.49582576423494634,-0.06447333961283164,0.586124104207152,0.589723669501691,0.05578548060243094,-0.14651978210128902,-0.2308768030772605,0.6814789005675693,1.363087907033126,1.8578183913439816,-1.9920021146565063,0.0,0.0,0.0,3.8862028633743,1.0,1.146584153175354,-1.0439748764038086,1.7200000286102295
1.7201564311981201,0.3731339089922364,0.9372412931377092,0.24592685918411303,0.22827766898862287,-0.0948052963210019,0.9054913337509597,0.2506412036512961,0.3384781482157919,0.05193240524514514,0.49443325014911454,0.4944332501491147,-0.07440269583142137,0.6485854980850277,0.6272806325900402,0.3317865400919094,-0.05053738581160419,-0.23583299865154422,0.6048644697936486,1.32557305624726,2.4233031842127564,0.7914150614496887,0.0,0.0,0.0,4.1898878822567385,1.0,1.213375449180603,-1.0984431505203247,1.7100000381469727
1.742621898651123,0.3831915598324099,0.937144532944126,0.24636468031819583,0.22615438599664198,-0.09959298348342902,0.9054913337509597,0.2506412036512961,0.3384781482157919,0.05193240524514514,0.4926371351055786,0.49263713510557844,-0.08549066098099814,0.6485854980850277,0.6272806325900402,0.3317865400919094,-0.05053738581160419,-0.23583299865154422,0.6048644697936486,1.3473643554103587,2.4366458714035124,0.8916262481740929,0.0,0.0,0.0,4.192584623706077,1.0,1.213375449180603,-1.0984431505203247,1.7100000381469727
1.7600739002227783,0.21180170398326523,0.9370954340874142,0.24661076953252353,0.22443754739227495,-0.10326210865383942,0.9337751971331196,0.28602611442094145,0.21499375612051738,-0.005534249493259327,0.491070207767723,0.4910702077677228,-0.09407470990104323,0.6206120631519272,0.4166261945303589,0.12350363036563015,-0.11734221952910917,-0.22309231002378765,0.5091400828392684,1.6436361009111546,0.16686119966897817,-0.4353152920735375,0.0,0.0,0.0,3.638621336177073,1.0,1.213375449180603,-1.0984431505203247,1.7100000381469727
1.7801063060760498,0.2060721500512925,0.9370675264990499,0.24679052048057548,0.22239609077654354,-0.10741912580723306,0.9281078148044525,0.24139933276033837,0.2823976860774237,-0.024367871057694383,0.4890872617642221,0.48908726176422196,-0.1038924943389816,0.540371623446818,0.5656394447887104,0.10812840887100736,-0.08262025095345321,-0.2167624056051537,0.45770564571496025,0.7719781693181154,1.6330697351350776,0.026557286553488657,0.0,0.0,0.0,3.757242430835653,1.0,1.280166745185852,-1.171067476272583,1.7000000476837158
1.8001277446746826,0.2645668657368457,0.9370703185207425,0.2468591101010624,0.22028209729533724,-0.11151500131692473,0.9081017155439286,0.2399939631822585,0.3379971310141245,-0.05926306850364077,0.48690929953731776,0.48690929953731804,-0.113663248343862,0.5426832406652293,0.697517660537414,0.07129992540501447,-0.0733683008196024,-0.23045909078940144,0.40023547209891447,0.8005771158754023,3.012940963024325,-0.07484990926744439,0.0,0.0,0.0,4.164904746122661,1.0,1.3580899238586426,-1.2346137762069702,1.690000057220459
1.8200831413269043,0.46059882833683213,0.9371038738743062,0.24681563382095337,0.21810381194556824,-0.11553830397812564,0.9433280498079478,0.14432817867440967,0.2885887689557163,0.07757634767560043,0.48454431009674903,0.4845443100967489,-0.12335644106760538,0.3809028980858539,0.5492818518547444,0.27263809335107136,0.08146655185764676,-0.1880630793780383,0.3712254800769996,-1.2721634296761548,1.3296867448194614,2.9438443373118472,0.0,0.0,0.0,3.4708943380759845,1.0,1.436013102531433,-1.2981600761413574,1.6799999475479126
1.8401200771331787,0.12670507281818613,0.9371686589868752,0.24665833518175287,0.21584706050996458,-0.1195182695963904,0.9223562041346998,0.29099127756832055,0.23980728912625052,-0.08411642619193957,0.4819755265116049,0.4819755265116047,-0.1330398130029553,0.6065013707913655,0.513615864416278,-0.017919936007218033,0.043665911141480246,-0.1752715927040325,0.3978437572560957,0.9394589257939131,0.9335112476852557,-1.0364151502288843,0.0,0.0,0.0,3.8619562445418554,1.0,1.5139362812042236,-1.3798624277114868,1.6699999570846558
1.8600969314575195,0.21881355715430667,0.9372643796300775,0.24638690297121552,0.21352969580875591,-0.12342627649216031,0.9536480870649862,0.1445862096644808,0.2432464427476152,-0.1023783282867163,0.47922181739250913,0.4792218173925093,-0.14264098196177913,0.2628264140263391,0.5161645319322035,-0.14413772144718107,-0.011531628339974634,-0.12201883262512876,0.3192306605930094,-1.7796475904459421,1.122734971828735,-0.2607434335592056,0.0,0.0,0.0,3.309853722675294,1.0,1.6029913425445557,-1.443408727645874,1.659999966621399
1.8801178932189941,0.2210172330076199,0.937391542303553,0.24599887751834087,0.21114173199807634,-0.12728243274833795,0.9536480870649862,0.1445862096644808,0.2432464427476152,-0.1023783282867163,0.47627015636256675,0.4762701563625668,-0.1522062356093738,0.2628264140263391,0.5161645319322035,-0.14413772144718107,-0.011531628339974634,-0.12201883262512876,0.3192306605930094,-1.7482296357504261,1.1569537033058455,-0.18243787035337777,0.0,0.0,0.0,3.3122827223316444,1.0,1.6029913425445557,-1.443408727645874,1.659999966621399
1.9001493453979492,0.22335926958030747,0.93755003534763,0.24549331729211316,0.2086889315323442,-0.1310797171207667,0.9536480870649862,0.1445862096644808,0.2432464427476152,-0.1023783282867163,0.4731258976627083,0.4731258976627084,-0.16171544441041003,0.2628264140263391,0.5161645319322035,-0.14413772144718107,-0.011531628339974634,-0.12201883262512876,0.3192306605930094,-1.7146329961876974,1.1924910628264933,-0.10570362793958399,0.0,0.0,0.0,3.314711721987995,1.0,1.6029913425445557,-1.443408727645874,1.659999966621399
1.92008376121521,0.48991667433936414,0.9377387090753315,0.24487265286425924,0.20618687326759422,-0.13479788823673788,0.9234650624280354,0.18352235487015628,0.3304264636010736,0.06595586319490906,0.4698084057592728,0.4698084057592729,-0.1711141778986488,0.491692057579445,0.6261948557771811,0.3047161046224171,0.09767632806839839,-0.06025064329789867,0.17945573407198365,-0.30861132837409433,1.812164544281147,3.8702372732564023,0.0,0.0,0.0,3.920429383759056,1.0,1.6809145212173462,-1.5251110792160034,1.649999976158142
1.9401369094848633,0.1954164252291276,0.9379594869206883,0.24412899460333695,0.20361038394324613,-0.13847688052496945,0.9417189874604102,0.24499700140644498,0.2263693292446557,-0.04357458818755212,0.46628279918083465,0.4662827991808346,-0.18050028029918783,0.5166623317629615,0.46419583660281144,0.03226925940076373,0.06006614228318563,-0.1591107137037595,0.24284193454321848,0.20715607202740138,0.5823007592387182,0.926922113260987,0.0,0.0,0.0,3.6234839784543666,1.0,1.7588376998901367,-1.5977354049682617,1.6399999856948853
1.9601316452026367,0.44206195537869225,0.9382103170396972,0.2432674687485863,0.2009839515051659,-0.14208374603132995,0.9232041047888507,0.2482116922162463,0.2871254317101143,0.06036657364340322,0.4625807798833378,0.4625807798833377,-0.18978678057895104,0.6056509099961139,0.5238105323253442,0.29770452010443915,0.2098955423350889,-0.10455519431900331,0.2256286825207746,0.3847741139554537,1.0958760309267772,3.2528962705276476,0.0,0.0,0.0,3.9818528887401357,1.0,1.8478928804397583,-1.6885157823562622,1.6299999952316284
1.9801228046417236,0.3853966569578858,0.9384914310548204,0.24228544144056222,0.1983026244515493,-0.14562852686975578,0.9512444900683829,0.20167414458385455,0.23003672374453987,0.03930095736481809,0.45869454349572786,0.4586945434957278,-0.19899576821441659,0.45906397228145385,0.4354190166796872,0.18586568210965645,0.14600077889758944,-0.02559940389716056,0.12590689307891104,-0.5821999644523188,-0.1303692484332976,3.3194520777993595,0.0,0.0,0.0,3.5096494879273887,1.0,1.9480798244476318,-1.7702182531356812,1.6200000047683716
2.0001046657562256,0.18266739367758772,0.9388023337784739,0.24118256039554892,0.19556919216123858,-0.1491101664224772,0.9610750574812144,0.16438925584009464,0.19564987914465434,-0.10503347677051635,0.4546269327608863,0.4546269327608863,-0.2081210032851767,0.30622983534370474,0.4231132953166954,-0.15144728733311102,0.2733330552150589,-0.09496370116922088,0.13938770560434813,-2.4700012653988415,0.3106552867756175,0.6372142471234238,0.0,0.0,0.0,3.3027242938157166,1.0,2.026002883911133,-1.8428425788879395,1.6100000143051147
2.0200953483581543,0.18397608067512936,0.939142848250642,0.23995715953207641,0.19278313282107146,-0.15253175364055338,0.9610750574812144,0.16438925584009464,0.19564987914465434,-0.10503347677051635,0.45037589128058075,0.45037589128058086,-0.21716711664803776,0.30622983534370474,0.4231132953166954,-0.15144728733311102,0.2733330552150589,-0.09496370116922088,0.13938770560434813,-2.42608643038548,0.35171635609810237,0.7066319552074497,0.0,0.0,0.0,3.305415821838098,1.0,2.026002883911133,-1.8428425788879395,1.6100000143051147
2.0401418209075928,0.18546352510819597,0.9395133849660573,0.23860517637709747,0.18993960024971965,-0.1559009863107087,0.9610750574812144,0.16438925584009464,0.19564987914465434,-0.10503347677051635,0.44593225697506594,0.44593225697506583,-0.226151325861963,0.30622983534370474,0.4231132953166954,-0.15144728733311102,0.2733330552150589,-0.09496370116922088,0.13938770560434813,-2.3797239179795007,0.3939058471050968,0.7746739069100553,0.0,0.0,0.0,3.3081073498604803,1.0,2.026002883911133,-1.8428425788879395,1.6100000143051147
2.0601511001586914,0.18712507851494148,0.9399116618740856,0.23713220505284963,0.18705364406888256,-0.1592021339066152,0.9610750574812144,0.16438925584009464,0.19564987914465434,-0.10503347677051635,0.44131816764126375,0.44131816764126386,-0.2350282427917065,0.30622983534370474,0.4231132953166954,-0.15144728733311102,0.2733330552150589,-0.09496370116922088,0.13938770560434813,-2.3311219262933562,0.43698902380969107,0.8410149416001452,0.0,0.0,0.0,3.310798877882862,1.0,2.026002883911133,-1.8428425788879395,1.6100000143051147
2.0800507068634033,0.18808111750607975,0.9403352564723326,0.23554452403865686,0.1841381312140367,-0.16242392454166654,0.939774451476643,0.24441803201710446,0.22564200207423263,-0.07854611942415063,0.4365541298483295,0.43655412984832925,-0.2437631877711807,0.4985629865363465,0.480814357516599,-0.0421154744490275,0.2460217889356165,-0.03472701389516428,0.09679337705897575,-0.3708373393430835,0.4975598747741558,1.3513110431696114,0.0,0.0,0.0,3.6994527429335453,1.0,2.026002883911133,-1.8428425788879395,1.6100000143051147
2.100104331970215,0.48435037195151653,0.9407891305598671,0.2338203556900921,0.18115616046951202,-0.16560887237498062,0.8865919337931505,0.33127118838921266,0.3227869256112945,-0.004768996805332628,0.4315783451810675,0.4315783451810676,-0.2524680810929795,0.7959385316121276,0.6132401509831111,0.25388882983630234,0.2750292137973641,-0.08742079088202934,0.18588631850353363,2.0387938970119053,2.136012784379834,2.4125188709836154,0.0,0.0,0.0,5.068818903189054,1.0,2.115057945251465,-1.9245450496673584,1.600000023841858
2.120098829269409,0.4599994066969691,0.9412678403713775,0.2319769077804193,0.1781409742624091,-0.1687227318059954,0.9386152987472042,0.21535619053561386,0.2661022895809217,0.04257468303436157,0.42644444385047686,0.42644444385047686,-0.26104623404496297,0.5086798663191981,0.5020207311232582,0.2237811622695878,0.24144499930513996,-0.06834498812416785,0.15666311338384872,-0.2167283466231429,1.0144970636314725,3.809462385836502,0.0,0.0,0.0,3.814738320091492,1.0,2.226377010345459,-2.0153255462646484,1.590000033378601
2.140104293823242,0.4348214402237265,0.941772090073079,0.23000802407153903,0.17508398988163598,-0.1717767030456041,0.9384533727233253,0.24371135335630376,0.2423893786168057,0.034021061171179014,0.42113710835275536,0.4211371083527553,-0.26952464816465227,0.5553923920043168,0.45377278308843244,0.20390277077504795,0.428964428921764,-0.06392188617638905,0.193635369295522,-0.4906149932177346,0.5412543660267208,3.3519796852305195,0.0,0.0,0.0,3.853848819882223,1.0,2.315432071685791,-2.1151840686798096,1.5800000429153442
2.1601483821868896,0.4751174620137703,0.9423017226123226,0.2279104726793738,0.17198264604889224,-0.1747748536344274,0.965890845701418,0.15525753549019766,0.201703024259927,0.04760107003113648,0.415650497886007,0.415650497886007,-0.27791125131436195,0.35141593112098585,0.3842515396351738,0.16752847881623856,0.40671982820968905,0.034028831220916086,0.2564475419426621,-2.2348397436021488,-0.4168203575570517,3.632942458232022,0.0,0.0,0.0,3.409833763756576,1.0,2.426750898361206,-2.2059643268585205,1.5700000524520874
2.1801133155822754,0.4474840943943263,0.942852545012991,0.2256970079617003,0.16885705829363137,-0.17769983912227735,0.9661159567440663,0.1770478980038623,0.18383629180109182,0.03844759750277577,0.4100195507644952,0.41001955076449526,-0.2861537488674254,0.3887526197484749,0.34861901070634255,0.14885578470962973,0.2943591651969738,0.13753088708892866,0.38136952118063255,-1.416628498155553,-1.1490010193126325,2.865013495723276,0.0,0.0,0.0,3.44053126582915,1.0,2.52693772315979,-2.2967448234558105,1.559999942779541
2.2001168727874756,0.4524362785433785,0.9434266660759039,0.22335510065518152,0.16569064562038646,-0.18056919643759312,0.9661159567440663,0.1770478980038623,0.18383629180109182,0.03844759750277577,0.4042138092660071,0.404213809266007,-0.2942978022321337,0.3887526197484749,0.34861901070634255,0.14885578470962973,0.2943591651969738,0.13753088708892866,0.38136952118063255,-1.3612294582726896,-1.0940671568182219,2.923499188053478,0.0,0.0,0.0,3.4435667380604618,1.0,2.52693772315979,-2.2967448234558105,1.559999942779541
2.22011399269104,0.45738074068070844,0.9440217169302689,0.2208899781520357,0.1624921708487082,-0.18337641595607343,0.9661159567440663,0.1770478980038623,0.18383629180109182,0.03844759750277577,0.39824827626028236,0.3982482762602824,-0.3023215348858128,0.3887526197484749,0.34861901070634255,0.14885578470962973,0.2943591651969738,0.13753088708892866,0.38136952118063255,-1.3036286213828179,-1.0381220532287245,2.9804608300926736,0.0,0.0,0.0,3.446602210291774,1.0,2.52693772315979,-2.2967448234558105,1.559999942779541
2.240123987197876,0.4570784368784482,0.9446370938785599,0.21829955498388007,0.15926021195922033,-0.18612428656468585,0.9149305257568272,0.19445776447061416,0.34788387749725247,-0.06375828301408146,0.3921195010790489,0.392119501079049,-0.3102294261889379,0.4282315191643867,0.7226514728058752,0.024838932327522587,0.29570330771262704,0.061229416294207056,0.1846887543891199,-0.4116417961042331,2.9678238891365676,2.3619622432964094,0.0,0.0,0.0,4.397028699555887,1.0,2.52693772315979,-2.2967448234558105,1.559999942779541
2.260103702545166,0.3250893220062801,0.9452702030802674,0.2155900376253091,0.15600342365483583,-0.18880707257218368,0.9261393056092817,0.18496905538565805,0.3024595602128531,-0.12872703519906892,0.3858433555279179,0.3858433555279181,-0.3180014229448615,0.33992170378178643,0.6533632545192638,-0.16005276822586875,0.3062268728987848,0.1560586451272504,0.36099511837848886,-0.9808279969421163,2.0608435784463053,0.3466451752388182,0.0,0.0,0.0,4.039129623134404,1.0,2.627124786376953,-2.3875253200531006,1.5499999523162842
2.2801856994628906,0.5246792062220113,0.9459240422802112,0.21274335234828828,0.1527016573134093,-0.1914423571773377,0.9328329877515795,0.3149216322461898,0.168208156995257,0.048507715119513815,0.37937988104935355,0.3793798810493536,-0.32568528651902323,0.6810990146705499,0.28719995082263433,0.20629390104131473,0.3348393666036928,0.034135909263893593,0.32397757077004363,1.4415885524516556,-1.2153843760446523,2.947379157704413,0.0,0.0,0.0,4.106058604713994,1.0,2.74957537651062,-2.4783055782318115,1.5299999713897705
2.3000988960266113,0.4712524156663708,0.946588360841089,0.2097992065963297,0.1494011864165459,-0.1939949832574529,0.9389415910231562,0.13456115746903097,0.31363549866160617,-0.04375794244230695,0.37281965823951996,0.37281965823952007,-0.33317488265199036,0.28561759601599046,0.6444352699209311,0.0027944717852036657,0.4496387865922584,0.16840417745270125,0.32760228761482474,-2.104734157562841,2.1200016306160814,2.418112478104974,0.0,0.0,0.0,4.018726377297046,1.0,2.849762439727783,-2.5781643390655518,1.5199999809265137
2.320110559463501,0.44354367580671034,0.9472706010111315,0.2067195085792459,0.1460593831753492,-0.1964996433055323,0.9692881161115438,0.15401081451294368,0.19132602527488896,0.012472731477378296,0.36607807119123237,0.3660780711912323,-0.3405684157300953,0.33217153476915745,0.3758445022203446,0.08946791888010903,0.4068149554775947,0.08530668680000879,0.31777560974317315,-1.9285316423246335,-0.20477739611735166,3.1156159264710688,0.0,0.0,0.0,3.532207731301459,1.0,2.9610812664031982,-2.687100887298584,1.5099999904632568
2.34012770652771,0.47637962549396046,0.9479662717145928,0.20351851547066452,0.14269307151271415,-0.1989443361707465,0.9335138541425967,0.14403653600517238,0.32331818397246825,-0.057190141914586275,0.35918797961671844,0.35918797961671833,-0.34782753671735056,0.3001348589570345,0.6688943152223519,-0.017382878585856902,0.45072475993668043,0.12572559372066378,0.40659317526051975,-1.7485768650786833,2.6225531057726448,1.9086510890201889,0.0,0.0,0.0,4.174544439394804,1.0,3.0946638584136963,-2.786959409713745,1.5
2.36010479927063,0.4829092635182978,0.948672283408041,0.20020482085396846,0.13931141742863473,-0.20132376256723528,0.9335138541425967,0.14403653600517238,0.32331818397246825,-0.057190141914586275,0.35216818807993744,0.3521681880799374,-0.3549331870993381,0.3001348589570345,0.6688943152223519,-0.017382878585856902,0.45072475993668043,0.12572559372066378,0.40659317526051975,-1.6654212568752762,2.679610152868145,1.9405821812526338,0.0,0.0,0.0,4.178547440811017,1.0,3.0946638584136963,-2.786959409713745,1.5
2.380095958709717,0.4895031219032561,0.9493890170654254,0.19677079011571752,0.13590670568677699,-0.20364458692081505,0.9335138541425967,0.14403653600517238,0.32331818397246825,-0.057190141914586275,0.34500276571344934,0.3450027657134493,-0.3619020470376905,0.3001348589570345,0.6688943152223519,-0.017382878585856902,0.45072475993668043,0.12572559372066378,0.40659317526051975,-1.5803406215558693,2.7371982008493037,1.9706951790709106,0.0,0.0,0.0,4.182550442227231,1.0,3.0946638584136963,-2.786959409713745,1.5
2.400174140930176,0.5081155319488637,0.9501176118971922,0.19320422617242528,0.13246772353774583,-0.20591491634317827,0.9333415259792314,0.2585789294574334,0.24886417932205163,0.008783699321430062,0.33766737994126894,0.3376673799412689,-0.36875566507322804,0.5806171234002573,0.47800419333151295,0.1641510349271805,0.4383307516226717,0.14943776205920603,0.3649497171943893,0.6019424131270139,0.5596550729000463,2.8274559054709827,0.0,0.0,0.0,4.266212053662454,1.0,3.2059826850891113,-2.8868179321289062,1.4800000190734863
2.420109987258911,0.3346614550233677,0.950848139617231,0.18954768807661848,0.12903514749492528,-0.20810915415286912,0.943994011216764,0.14986127236492439,0.26705214758714974,-0.12288228636032707,0.330249311921344,0.33024931192134405,-0.37541362784997406,0.26135047590160293,0.5716516616244813,-0.1816842092653547,0.5777608724590128,0.2528574526188626,0.35761534985428134,-2.245377644864073,1.4730138274321116,0.7874015527772933,0.0,0.0,0.0,3.922319106650006,1.0,3.3173015117645264,-2.9957542419433594,1.4700000286102295
2.440110683441162,0.24822494342792187,0.9515865537128008,0.18576529296638566,0.12557467643631576,-0.2102505347437252,0.9465105267786618,0.2370557951728429,0.186204309444166,-0.11511006826760439,0.32267522634300505,0.32267522634300505,-0.3819433181828038,0.4604662117632151,0.4192370525499304,-0.14239465777874685,0.4987968651867613,0.18253083413943688,0.15061191516333006,-0.5062885023805974,-0.13264110010631613,1.2833372304402704,0.0,0.0,0.0,3.9164238560945397,1.0,3.4397523403167725,-3.0956127643585205,1.4600000381469727
2.46012020111084,0.5030071230895621,0.9523291952453988,0.18186856678864263,0.12209713373603395,-0.21233280064780657,0.9636037222665378,0.0899689932578857,0.25108634190055124,-0.018140992178901624,0.31496864041697653,0.31496864041697653,-0.38832300415231824,0.18923757086012793,0.508834487536452,0.011701131300824206,0.5995946223985178,0.3229408261156825,0.27854307055801586,-3.16778300844428,0.8214268817559855,3.325992468179349,0.0,0.0,0.0,3.7559703736169814,1.0,3.5733349323272705,-3.213627338409424,1.4500000476837158
2.4801101684570312,0.3491794690491403,0.953073369928604,0.17786479732511112,0.11860863664581395,-0.2143531122201232,0.9611862076152422,0.12435371464687003,0.2289818216224493,-0.09068932302216215,0.3071436647701265,0.30714366477012645,-0.3945412135526226,0.22469876293020133,0.48108742848506997,-0.1328099360722534,0.5829545372083177,0.332049137205126,0.3209475541807266,-2.614149088491874,0.5459299121053516,1.6277709243573475,0.0,0.0,0.0,3.7593068987373277,1.0,3.7069175243377686,-3.313485860824585,1.4299999475479126
2.500148296356201,0.35398984534949685,0.95381994514024,0.1737419753722736,0.11509846773221412,-0.2163182400356161,0.9611862076152422,0.12435371464687003,0.2289818216224493,-0.09068932302216215,0.2991766654223349,0.299176665422335,-0.400616178987784,0.22469876293020133,0.48108742848506997,-0.1328099360722534,0.5829545372083177,0.332049137205126,0.3209475541807266,-2.517670040737248,0.6044621365580387,1.6540428966450027,0.0,0.0,0.0,3.7632642845034274,1.0,3.7069175243377686,-3.313485860824585,1.4299999475479126
2.520094156265259,0.5819911502122227,0.9545620301494724,0.16953124445846235,0.11159234376835114,-0.2182146570731885,0.9354490657092249,0.18190420816709893,0.3030564685249235,-0.0016374981040909564,0.29112705120762467,0.2911270512076247,-0.40650343178767023,0.4248153705121353,0.6035678126726037,0.13056479065306859,0.542312187647815,0.3685323784659751,0.298755951101938,-0.549256008488193,1.4354842223902091,3.47785673335406,0.0,0.0,0.0,4.340096115996028,1.0,3.7069175243377686,-3.313485860824585,1.4299999475479126
2.540100574493408,0.2794209896193111,0.9553036469263823,0.16520260186979377,0.1080644566271152,-0.22005707377517003,0.9495299964981939,0.13425339193892397,0.2316875226567875,-0.16336983916315145,0.2829366552124739,0.2829366552124738,-0.4122461026343095,0.2062866019775522,0.5050536757237194,-0.2873642661647329,0.5914992684574103,0.2839329414369972,0.17689230911313225,-2.2716383873452584,1.1876123570715258,0.8254377846323921,0.0,0.0,0.0,3.8165955673584646,1.0,3.8405001163482666,-3.4315004348754883,1.4199999570846558
2.560124635696411,0.33805567693941835,0.9560415164760799,0.16076683662272195,0.10452328888881994,-0.2218412159548005,0.9614679505478061,0.0888757368293535,0.22582792611417682,-0.12915971221480396,0.274625643985693,0.2746256439856929,-0.4178286199692924,0.12691099967851774,0.4748566425897819,-0.23632261334266205,0.6238201390018003,0.3004069210452828,0.21310821592442686,-3.155391013894068,1.1274398641622347,1.4841117183875885,0.0,0.0,0.0,3.7188880419353527,1.0,3.9740827083587646,-3.5495150089263916,1.409999966621399
2.5801162719726562,0.41064537823357894,0.9567721313542329,0.1562373811690843,0.10097863552809595,-0.22356270833077016,0.9164365551653737,0.23743671621689863,0.27573257446589855,-0.16655147410685534,0.2662182452117517,0.2662182452117517,-0.4232349771892391,0.43691199081773807,0.6242312738503528,-0.21653525546321484,0.696096354926038,0.3095584515285501,0.1597179986897099,-0.20805409626323312,1.6460122114168132,0.6537865879290449,0.0,0.0,0.0,4.4915501455745135,1.0,4.107665538787842,-3.6493735313415527,1.3899999856948853
2.600095748901367,0.2694798060653596,0.9574945957150386,0.15161231094346747,0.09742781203183754,-0.22522350629888732,0.9791818210826423,0.12648006235582557,0.12512899895384638,-0.09771636868281158,0.2577096616509203,0.25770966165092024,-0.4284690540654812,0.23396339050718,0.27315045721959563,-0.16663072682794772,0.6068513908304064,0.42470225582081655,0.08737547333310203,-2.6012124167851423,-1.4840186391146146,2.3229038882301722,0.0,0.0,0.0,3.5327159069670473,1.0,4.24124813079834,-3.7764663696289062,1.3799999952316284
2.620108127593994,0.35726045914004334,0.9582088782274245,0.14688348202007134,0.09386362709762631,-0.22682726446324342,0.9495754534191528,0.19725077705306449,0.21787832122245696,-0.10921367294005174,0.24908394499298533,0.2490839449929854,-0.43354029610490813,0.37645804370951236,0.4744719304580777,-0.13697117288343016,0.5357015841348121,0.37665463332467114,0.09846569390254309,-0.36880535877048626,0.31222498472712434,2.090700115616685,0.0,0.0,0.0,4.0058022969050056,1.0,4.374830722808838,-3.8854029178619385,1.3700000047683716
2.640108346939087,0.24768725357387913,0.9589117226293201,0.14206393799323022,0.09029487523372617,-0.2283702722169663,0.952154318794052,0.22461521834039297,0.14114895598378818,-0.15174692456988711,0.24036380581603536,0.2403638058160354,-0.43843499045312434,0.4211457479554493,0.34368674428832696,-0.24192830939753932,0.6105946763801547,0.44249757224846037,0.17532795111957078,-0.4693461110721948,-1.3772490842483833,0.7327363864735956,0.0,0.0,0.0,3.859747339435497,1.0,4.519545078277588,-4.003417491912842,1.3600000143051147
2.660130023956299,0.27946984133156794,0.9596026856761362,0.13714816626612192,0.08671628664968901,-0.22985506686317675,0.9409947470823149,0.22497542081452807,0.17997906975208802,-0.17754571367394226,0.23153801309954375,0.23153801309954364,-0.4431592811731641,0.4069860714467971,0.43190933511821444,-0.2824986508978735,0.595144347174815,0.3113033511228779,0.24326364233488756,-0.12449118654300584,0.029729738321510712,0.0488220934403818,0.0,0.0,0.0,3.9782860824547424,1.0,4.653127670288086,-4.121431827545166,1.350000023841858
2.680110454559326,0.409456302238201,0.9602780340036645,0.13215444309516078,0.08313976042282357,-0.2312770650477486,0.9315248292436533,0.14378554667427856,0.27933613565398324,-0.18318988069230493,0.2226378734822468,0.22263787348224687,-0.44769674701889783,0.2033996550497238,0.6102803262140348,-0.32409016025008686,0.5725623415560219,0.37599102774754156,0.18027976002535223,-1.0033966489501325,2.1310091184739592,0.5686474716375323,0.0,0.0,0.0,4.148167743710871,1.0,4.797842025756836,-4.2485246658325195,1.3300000429153442
2.700133800506592,0.19819542741096433,0.9609390463488954,0.12706457473853977,0.07955086737115039,-0.23264222004848376,0.9717814181483805,0.06741790856884622,0.13722433005984547,-0.17962512125354801,0.2136294555489965,0.21362945554899657,-0.45206465878438157,0.08553241500419628,0.29519247804504134,-0.35283186353097895,0.6460448988460025,0.44327230382918226,0.05101724886432599,-3.405372660912698,-0.5391312177434819,1.1067668413836693,0.0,0.0,0.0,3.489873676946051,1.0,4.942556858062744,-4.357460975646973,1.3200000524520874
2.7201170921325684,0.44815835918232616,0.9615814521562004,0.1219025741736803,0.07596506549118615,-0.2339448270510019,0.9801294971547098,0.06946205861557313,0.18045594126020795,-0.04423623496676627,0.20455366375670492,0.20455366375670495,-0.45624313544831435,0.12918940741203158,0.3681455554761354,-0.06612001846426607,0.6465800210075856,0.38354746075849433,0.1290127586438568,-2.86293120505596,0.2300042815815755,3.553565696921517,0.0,0.0,0.0,3.5905971267400814,1.0,5.087271213531494,-4.475475788116455,1.309999942779541
2.7401459217071533,0.45126528662203297,0.9622064988746508,0.11664934160378779,0.07236753791265474,-0.23519039964090746,0.9801294971547098,0.06946205861557313,0.18045594126020795,-0.04423623496676627,0.195375231308508,0.19537523130850798,-0.4602483231812442,0.12918940741203158,0.3681455554761354,-0.06612001846426607,0.6465800210075856,0.38354746075849433,0.1290127586438568,-2.751407659489107,0.2964029420597549,3.5634674442451884,0.0,0.0,0.0,3.59507173201942,1.0,5.087271213531494,-4.475475788116455,1.309999942779541
2.7601406574249268,0.5935359362603657,0.9628102311053894,0.1113288240586313,0.06877308210433684,-0.2363738881314497,0.9242079823559267,0.23581858375226653,0.2877038304291097,-0.08634643514981005,0.18613424771202827,0.18613424771202833,-0.4640625408591791,0.49047668526678107,0.6095768092721926,-0.02916938844352497,0.566195968566929,0.3752700403951306,0.17887109316638974,1.4597145220331842,1.845220869719823,2.3072188542662633,0.0,0.0,0.0,4.604851820088323,1.0,5.087271213531494,-4.475475788116455,1.309999942779541
2.7801172733306885,0.520828549191216,0.9633918033308103,0.10594027868458492,0.06517929051679566,-0.2374964225308855,0.9442988297124025,0.1607762981320581,0.2720955534394492,-0.09173173911585031,0.1768273265332527,0.17682732653325267,-0.46768803340592585,0.3070351555255894,0.5744529202863157,-0.10232542753948885,0.6029879004335256,0.28131974491203104,0.1053173443769689,-0.14207165245362674,2.3171247907891335,2.6635422625592087,0.0,0.0,0.0,4.153816302267851,1.0,5.254249572753906,-4.60256814956665,1.2999999523162842
2.8028693199157715,0.46665940194528727,0.9640261336057515,0.09971858293156194,0.061083561323041415,-0.2387019406694484,0.9665477789703135,0.11835865319892495,0.21739267894144537,-0.067208952700904,0.1661416187806029,0.1661416187806029,-0.47158982443322595,0.2236430903313801,0.4513162208449437,-0.08730165490990635,0.4578875064379865,0.2795252089152152,0.10163676582876048,-0.5214549830626318,1.4615308550547057,3.200932248824206,0.0,0.0,0.0,3.7792049481198444,1.0,5.398963928222656,-4.729660987854004,1.2899999618530273
2.8200953006744385,0.49537051042135133,0.9644854056405895,0.09495108001857966,0.05798105914206204,-0.23956291760282383,0.9867046505820063,0.05930565293288902,0.15062770518077345,-0.014424509766998569,0.15799377393311406,0.15799377393311398,-0.4743816684889626,0.11836585802899627,0.3036036978499688,-0.011107530193427136,0.4715935489072546,0.4539331286319458,0.19244081670669722,-1.9111896223356342,-0.3111279112274201,3.896822222560895,0.0,0.0,0.0,3.476428403063516,1.0,5.543678283691406,-4.856753826141357,1.2899999618530273
2.8401150703430176,0.4030780671150898,0.9649952671955905,0.08935192943181502,0.05437400336721393,-0.24050745259709735,0.9822040429837815,0.15898451263091937,0.08362980065387945,-0.054819696573542916,0.1484657363707715,0.1484657363707715,-0.4774493953539837,0.31337777692937074,0.18272921278438137,-0.08256333999666117,0.5405964739507414,0.38207736199916964,0.1296383730768186,-0.5065798985971126,-1.6491638197672316,3.1245365914392393,0.0,0.0,0.0,3.508935983536024,1.0,5.699524879455566,-4.983846187591553,1.2799999713897705
2.8601269721984863,0.4248081293779642,0.9654781099892056,0.08369558021939638,0.050767164071529196,-0.24139130894782518,0.967163937167157,0.14153327187621956,0.18987885074138997,-0.09224030375310238,0.13888197614757405,0.13888197614757408,-0.48032467842215315,0.26269222393060215,0.4043248054928261,-0.1360281529720448,0.48672724450577787,0.3091987579298538,0.2276568196354368,-0.009863885413286644,0.9187831211375583,2.1516877689944343,0.0,0.0,0.0,3.6826575780534574,1.0,5.8776350021362305,-5.101861000061035,1.2699999809265137
2.880157709121704,0.43399379777139224,0.9659334144267604,0.07797805287971477,0.0471559827869274,-0.24221555575633008,0.967163937167157,0.14153327187621956,0.18987885074138997,-0.09224030375310238,0.12923350134829392,0.12923350134829395,-0.48301004350764853,0.26269222393060215,0.4043248054928261,-0.1360281529720448,0.48672724450577787,0.3091987579298538,0.2276568196354368,0.11181272408230436,0.9774833648617596,2.1553007520163843,0.0,0.0,0.0,3.6875909622357597,1.0,5.8776350021362305,-5.101861000061035,1.2699999809265137
2.9001166820526123,0.4433333268458473,0.9663581609190549,0.07222909076382858,0.04355701591942546,-0.24297664422073065,0.967163937167157,0.14153327187621956,0.18987885074138997,-0.09224030375310238,0.1195680170969375,0.11956801709693748,-0.48549303732134663,0.26269222393060215,0.4043248054928261,-0.1360281529720448,0.48672724450577787,0.3091987579298538,0.2276568196354368,0.23374850399003178,1.035952084636406,2.157594468154509,0.0,0.0,0.0,3.692524346418063,1.0,5.8776350021362305,-5.101861000061035,1.2699999809265137
2.920097827911377,0.5003706696024478,0.9667534527115894,0.06642555141842972,0.03995351424296513,-0.24367832174531837,0.9815206565265016,0.08389845917506444,0.16909433321947048,-0.031390378030509015,0.10984408764346602,0.10984408764346598,-0.48778507194232035,0.1644056961196724,0.34394788496218925,-0.03532284824921448,0.6060837430265008,0.36007922919429514,0.2195666776451404,-1.3071041387829219,0.6776474509168748,3.455907210220351,0.0,0.0,0.0,3.514111572188759,1.0,6.0223493576049805,-5.2289533615112305,1.2599999904632568
2.940113067626953,0.4885888981747628,0.9671184623303549,0.060567558992965925,0.03634348222409235,-0.2443206948198019,0.9731037427776126,0.17811611784884063,0.135245688969806,-0.055248149016436196,0.10005960277815537,0.10005960277815538,-0.4898857784135785,0.35312751418187094,0.28681350989275006,-0.06191253246441148,0.5883275962028942,0.36011177706074327,0.212286523104723,0.5338151800295634,-0.33521878766651225,2.8715742861043356,0.0,0.0,0.0,3.5949979616700096,1.0,6.178195953369141,-5.356046199798584,1.2599999904632568
2.9601521492004395,0.21124734378624074,0.9674520002602087,0.0546617797817315,0.032728896055886934,-0.2449031163267986,0.9769129122904936,0.11565093165096771,0.06731067248196346,-0.1665391761069901,0.09022330917285,0.09022330917285001,-0.4917923896136462,0.20804739125392677,0.17086432560012305,-0.31982207656558154,0.6232752709260581,0.3941709134598419,0.3084249366837485,-1.102683548724651,-1.298151298409414,0.32679128104168464,0.0,0.0,0.0,3.3378019615633483,1.0,6.345174312591553,-5.4831390380859375,1.25
2.980097532272339,0.2099930992158233,0.9677514890298138,0.04874694898144066,0.02913106045358156,-0.24542243532820884,0.9749825965563866,0.04799184003651499,0.11428504521876715,-0.18451191869746614,0.08039702627596405,0.08039702627596407,-0.49349398999986,0.05298865367717674,0.24294480570984656,-0.3675989541559655,0.8238997265536755,0.5494979408464133,0.4418447273298753,-2.863802225700834,-0.609724472337708,-0.469500644089367,0.0,0.0,0.0,3.290514270002219,1.0,6.512152671813965,-5.610231876373291,1.25
3.000101089477539,0.2324211551253291,0.9680185833025948,0.04278205969158533,0.025522658644821315,-0.24588271928926345,0.9848446494954718,0.08851879813016302,0.04485595244123037,-0.14224409396640278,0.07050996475736514,0.07050996475736514,-0.49500337864494937,0.1633709634358178,0.1137801815082378,-0.2775572478217855,0.7028044243168395,0.5435732147199906,0.4409894814357268,-1.7921573955079921,-2.1221769738003418,0.3184650570060401,0.0,0.0,0.0,3.223064215462664,1.0,6.690262794494629,-5.746402263641357,1.25
3.0210580825805664,0.23966439778026352,0.9682619813584534,0.03650195676783656,0.021742252422030827,-0.24629985194379997,0.9848446494954718,0.08851879813016302,0.04485595244123037,-0.14224409396640278,0.060121458436615455,0.06012145843661544,-0.4963722496629464,0.1633709634358178,0.1137801815082378,-0.2775572478217855,0.7028044243168395,0.5435732147199906,0.4409894814357268,-1.656898947375872,-2.0661009925721885,0.3270475758906972,0.0,0.0,0.0,3.2276546248057487,1.0,6.690262794494629,-5.746402263641357,1.25
3.0401082038879395,0.4119019098527507,0.9684503634534128,0.030769662539977198,0.018305846422954214,-0.2466212022127613,0.988168742415872,0.09957099398247234,0.09383161394482224,-0.0693093203983862,0.05065516987243529,0.050655169872435284,-0.49742743567800385,0.18865640362218258,0.20058775119617397,-0.12100823993800548,0.8471689651148486,0.4887311609143151,0.5062148896149322,-1.6307549357234654,-0.9477586127030357,1.5280436912560353,0.0,0.0,0.0,3.267537340257155,1.0,6.846108913421631,-5.873495101928711,1.2400000095367432
3.060124158859253,0.29947193897984087,0.9686141116439491,0.024726467759134924,0.014695259722597274,-0.24689948128346736,0.9833465601422864,0.11456212292183338,0.047553025248832495,-0.13282986274802605,0.040689202664544365,0.04068920266454438,-0.4983416386240705,0.21600440305180596,0.1242764031815748,-0.2550416889930163,0.7419303574240582,0.6512384229576947,0.6493330203956891,-1.0389084328570484,-2.4727720357643284,-0.3249485953727236,0.0,0.0,0.0,3.2126284009182284,1.0,7.024219036102295,-6.009665489196777,1.2400000095367432
3.0801467895507812,0.4405941640461594,0.9687424832504336,0.018664486691240254,0.011083521536115101,-0.2471169634660774,0.9735729670683232,0.004607356317129874,0.1921609392111229,-0.12332324802342723,0.030703602781473077,0.03070360278147309,-0.49905639839224347,-0.04146674958009814,0.3847223317524942,-0.2600770325770272,0.7267178440616571,0.5319849795113792,0.6896526189148962,-2.258641895599652,1.4026012360824023,-0.26554156843206167,0.0,0.0,0.0,3.326100021526574,1.0,7.180065631866455,-6.136758327484131,1.2400000095367432
3.100128173828125,0.3867929988703713,0.9688349572072477,0.01260235951724658,0.007479273133827267,-0.24727326321545273,0.9472177063876965,0.16449243505002403,0.12471382994124865,-0.24529026914724955,0.020726299557530938,0.02072629955753094,-0.4995702358093919,0.26722182992218113,0.32252152957477115,-0.4630614690177659,0.7462731339390059,0.6953296800603781,0.7259876215337181,0.5435603837090532,-1.2581332578452908,-2.965605876278524,0.0,0.0,0.0,3.3722748606951134,1.0,7.180065631866455,-6.136758327484131,1.2400000095367432
3.1201014518737793,0.34263011563373164,0.9688915987179952,0.006534172605586841,0.0038765252252514586,-0.24736884822916896,0.9523702878775836,0.07729764134260113,0.15878032764151176,-0.2486055449198454,0.010744773695528356,0.010744773695528356,-0.4998845365064135,0.07269865231839312,0.3478406521811176,-0.4979032953093436,0.7669216660088088,0.5941202173123724,0.8145880095442909,-0.9280133729102329,0.27656795235602205,-3.349296655315629,0.0,0.0,0.0,3.2520676116183216,1.0,7.358175754547119,-6.272928714752197,1.2400000095367432
3.140094757080078,0.5374489237947976,0.9689123205329966,0.0004554787267550545,0.0002701862533602752,-0.24740378868942456,0.9752545110769671,0.10336718703180221,0.17957474194493717,-0.07711533780362698,0.0007489479747891431,0.0007489479747891429,-0.4999994390766165,0.18801195683942112,0.3749269401981524,-0.1220499176034479,0.7417004692413709,0.6799316280484868,0.8119704281808611,-0.08447848942768932,0.2440808930581002,0.08446877045115286,0.0,0.0,0.0,3.2815550557319777,1.0,7.525154113769531,-6.400021553039551,1.25
3.1600899696350098,0.3844111447391322,0.9688969952952172,-0.005624103525458719,-0.0033364952291515025,-0.2473779492335982,0.9905008204625917,0.09713503460653258,0.03408751645153924,-0.09116441705559622,-0.009248130625826705,-0.009248130625826705,-0.4999144647636509,0.187995091076202,0.08534149871287308,-0.1755098193503211,0.5807138560670957,0.6820217886963653,0.7941173099549913,-0.15443158664193346,-2.4922809597882742,-0.03983902431348341,0.0,0.0,0.0,3.0276497266680256,1.0,7.703264236450195,-6.536192417144775,1.25
3.1801090240478516,0.31686788765015145,0.9688455731728539,-0.011707116097296568,-0.006947495847499338,-0.247291186817277,0.9931628540347742,0.014030663261581429,0.05070108681851455,-0.10421173470086527,-0.019253423961271502,-0.019253423961271506,-0.4996291681495062,0.017396714623462477,0.1038195945963705,-0.20818926598960708,0.5475118669660131,0.8333909313229105,0.6169930097423818,-1.4203962408292345,-2.306926923754966,0.4148131111224771,0.0,0.0,0.0,2.945666881676217,1.0,7.870242595672607,-6.663285255432129,1.25
3.200110673904419,0.4103717520183689,0.9687582653497685,-0.017776903139620805,-0.010555393250329524,-0.24714366005342495,0.9716984391211586,0.11484158970525445,0.12274461106170739,-0.16597383269294036,-0.02924231412522427,-0.029242314125224267,-0.49914415459324146,0.19100767840147576,0.28031970800301703,-0.31132175465237816,0.5645364796008627,0.8129321902297416,0.5404915605917568,0.9541540769768,-1.295055879214516,-0.5941509315947227,0.0,0.0,0.0,3.1095844123803813,1.0,7.870242595672607,-6.663285255432129,1.25
3.220289468765259,0.15988294313842655,0.9686340028226765,-0.023888231433460888,-0.01419529322129507,-0.2469332189582079,0.969817507922344,-0.025411310498899765,0.06460483428182183,-0.23374020196243733,-0.03930780481047654,-0.039307804810476556,-0.4984525017300861,-0.08009213025260117,0.11367517020456454,-0.4775678296400277,0.5279586407454449,0.9474508194041588,0.29511091154727864,-1.7553534416640708,-2.2490724818594887,-0.9570949392066871,0.0,0.0,0.0,2.9239221299109377,1.0,8.048352241516113,-6.808534145355225,1.2599999904632568
3.2401089668273926,0.3952405381434661,0.9684768674797732,-0.029874743921384127,-0.017770434691898294,-0.24666630998792413,0.9789052625290658,0.1266342402550352,0.0540680904212999,-0.15094667199420142,-0.04917851639847523,-0.04917851639847524,-0.4975755957890669,0.236236420544128,0.14458837362380259,-0.28880098911555135,0.4072532516505003,0.7530093945615504,0.325515487145814,1.7291078071615278,-2.331770119331876,0.6161313319551338,0.0,0.0,0.0,2.9919062235255653,1.0,8.237594604492188,-6.944704532623291,1.2599999904632568
3.261223554611206,0.055629448828727175,0.9682716285754706,-0.036230515153542406,-0.02157924085708196,-0.24631634016351214,0.974733145223694,-0.02792515625434281,-0.021549710177321626,-0.22056992370168957,-0.05967287724468693,-0.05967287724468692,-0.4964263769395625,-0.04501437601517433,-0.05435609539273578,-0.44385521359054625,0.39959446132627496,0.8302568331671475,0.2863599534824881,-1.443825180685204,-3.339925559320336,-0.6114547107596117,0.0,0.0,0.0,2.8619971536550564,1.0,8.393441200256348,-7.0717973709106445,1.2699999809265137
3.280102014541626,0.4803865689460617,0.9680555090077995,-0.04189022153863051,-0.024984702497108758,-0.24594614341401197,0.9814264593997932,0.0682299411699419,0.1399285714955721,-0.11210162709408283,-0.0690334527640454,-0.06903345276404542,-0.49521145220953283,0.10736249355097671,0.29418146819229585,-0.21153863541305162,0.5926162457665209,0.7407237461976545,0.36528216502506466,0.5171002279764503,-0.19284659029360274,1.1128817594732474,0.0,0.0,0.0,2.99154166029508,1.0,8.582682609558105,-7.207968711853027,1.2699999809265137
3.300097703933716,0.08083001393275856,0.9677935476173278,-0.047857327637143336,-0.028591690511991,-0.2454950928539402,0.9602121510663456,-0.06937819786738385,-0.006449297951432349,-0.27043982170003983,-0.07892108702407749,-0.07892108702407748,-0.49373217641038747,-0.13027739378493847,-0.04993138854032468,-0.5458108495482689,0.4674118842093991,0.7967566215505034,0.4513623900901298,-2.1704780176753586,-2.6809868926150693,-2.359000301784073,0.0,0.0,0.0,2.856180836559443,1.0,8.749661445617676,-7.335061073303223,1.2799999713897705
3.320099115371704,0.41081424084458357,0.9674981074790331,-0.05379388653423265,-0.032199647886608014,-0.244983290189372,0.9732499353221341,0.07403559196167626,0.11596116234370973,-0.18400082430859255,-0.08877998306980717,-0.08877998306980718,-0.49205499144518866,0.1050394662825327,0.25574227091608015,-0.3601880666417588,0.5146783937709861,0.7888588201340865,0.5328003162164657,1.107636435674217,-0.8455371214024687,-1.0000924564376257,0.0,0.0,0.0,2.9442258795178096,1.0,8.749661445617676,-7.335061073303223,1.2799999713897705
3.3408989906311035,0.19681197461054842,0.9671561929374418,-0.05992897871213526,-0.03595148869258012,-0.24438679676705494,0.9619888237003876,0.03240996871418987,-0.015244440854076866,-0.27072994667479316,-0.098994723585396,-0.09899472358539603,-0.4901020757987575,0.0706740287782309,-0.011781537800365118,-0.549080052926188,0.5230241848443168,0.6788304067579141,0.6057434119748927,-0.19201445458768696,-2.8014008812442275,-2.916213787802116,0.0,0.0,0.0,2.824050007846795,1.0,8.92777156829834,-7.471231937408447,1.2899999618530273
3.3600919246673584,0.2860540367300852,0.9668100748482479,-0.06555156669544081,-0.03941324440357884,-0.24377831618354076,0.9876313117085793,-0.019433202762793304,0.05227298341624415,-0.14654104533521115,-0.10838241017806245,-0.10838241017806245,-0.48811192688152405,-0.053989589706003975,0.097712762507778,-0.2972436081953443,0.5161280333526915,0.8026194748016614,0.5406379100082269,-0.7750873034830059,-1.5185739068295658,-0.26468688721752187,0.0,0.0,0.0,2.832370729938309,1.0,9.117012977600098,-7.598324775695801,1.2899999618530273
3.380131721496582,0.18417562042932967,0.966418162670344,-0.07137899766737853,-0.043027389343065894,-0.24308356036391546,0.9657932369364258,-0.050154472851990504,0.04626434206678733,-0.2501750646925605,-0.1181416572220551,-0.11814165722205512,-0.4858421027749926,-0.12056661053221084,0.06431310626066371,-0.5108125218095265,0.6597396826244937,0.7506289967168057,0.5401423470165748,-1.7894059184364344,-1.3905010957110018,-2.4098811110940717,0.0,0.0,0.0,2.8286318974081013,1.0,9.283991813659668,-7.734495162963867,1.2999999523162842
3.400122880935669,0.3178220708485897,0.9659970495761487,-0.077144515823278,-0.04663224942450611,-0.24233005839593713,0.9777636314153786,-0.07932696499364247,0.09407141707409825,-0.1698119023978597,-0.12782995058186972,-0.1278299505818697,-0.483383392075314,-0.19057610789552715,0.1576703629048688,-0.35901787512250505,0.5988728852772583,0.5849158803897505,0.6095112701174302,-1.805200925503393,0.5121620774243629,-1.1990964313016552,0.0,0.0,0.0,2.879115511209875,1.0,9.462101936340332,-7.870666027069092,1.309999942779541
3.4201111793518066,0.1995990777201708,0.9655468834200566,-0.08285776931465662,-0.05023589875614838,-0.24151637720489452,0.9862508762347642,-0.05247368651663827,-0.049174225639836894,-0.14878715294754472,-0.13746578347193286,-0.13746578347193286,-0.4807318986446059,-0.08956004879107218,-0.11285044387259273,-0.29440231369423536,0.6455725229295791,0.6677463788084133,0.597670300604344,-2.0492737190175987,-2.6227802767191593,-0.4712177891572016,0.0,0.0,0.0,2.824372536609797,1.0,9.651344299316406,-7.997758388519287,1.309999942779541
3.4401135444641113,0.2677052337675442,0.9650683219044421,-0.08851987526877754,-0.053841173845204995,-0.24064183704816253,0.9819189989667099,-0.0007899255443055754,0.029959920329349573,-0.18691404083082652,-0.14705341849663267,-0.14705341849663267,-0.47788627528780764,-0.012773398508974501,0.05857462265054434,-0.37658499134868506,0.6844138982653309,0.6064602314458004,0.5517685433867645,-0.6690496565521804,-1.117330463469252,-1.142846311753348,0.0,0.0,0.0,2.8043373590845566,1.0,9.651344299316406,-7.997758388519287,1.309999942779541
3.460169792175293,0.0999669184459124,0.964561403379305,-0.09413819100019019,-0.05745499611445046,-0.2397044503709637,0.9754211829528743,-0.08134258602882036,-0.028181691020372986,-0.20283661364800817,-0.15660780609839706,-0.15660780609839708,-0.47484102083649743,-0.14837097140616035,-0.08809043115645383,-0.4035003210157605,0.6354210582350138,0.6000557353269862,0.4280901591699748,-2.176420897251253,-1.8149558046147374,-0.9894833312670135,0.0,0.0,0.0,2.833473772871541,1.0,9.81832218170166,-8.133929252624512,1.3200000524520874
3.4801037311553955,0.2571871907753212,0.9640319049771681,-0.099660131131049,-0.06104534027168461,-0.2387128209379394,0.9798169457501298,-0.0528080568776161,0.04583187064253902,-0.18726852801019012,-0.1660415172178895,-0.16604151721788957,-0.471625078383223,-0.12124400621011312,0.07009249234036774,-0.3819531430662195,0.7580946712111043,0.5218955624612611,0.3970641699398674,-1.6501274893941422,-0.1287942780697191,-0.6768419740899008,0.0,0.0,0.0,2.81177248202611,1.0,10.007564544677734,-8.270100593566895,1.3300000429153442
3.500108242034912,0.2731786993892737,0.9634760498490856,-0.10513590230939414,-0.06464662919058801,-0.2376576460943063,0.9497468404171736,0.013029177572149117,-0.09047748840213561,-0.2993743538478716,-0.1754422948059569,-0.17544229480595694,-0.46820935615728543,0.08009177722214897,-0.16480524122288348,-0.6173308900690664,0.8027128370564283,0.47858269755072025,0.3804806872433668,-1.0057179982866922,-3.1212595462229604,-2.569336680961629,0.0,0.0,0.0,2.83745390989082,1.0,10.174542427062988,-8.406270980834961,1.3300000429153442
3.5201027393341064,0.16344645825057674,0.9628972675374549,-0.11053975937279363,-0.06824398511726522,-0.2365429607112046,0.9587534283118225,-0.07981824989336309,-0.0019133081475489406,-0.27279525277434796,-0.18476821377639432,-0.18476821377639435,-0.4646081221609031,-0.1527714538580012,-0.04723442289083056,-0.5507952840917902,0.6833752203941513,0.42539345308463994,0.107289487223639,-1.7877477988184483,-0.6553226312494986,-1.2516189049802682,0.0,0.0,0.0,2.8207180405063297,1.0,10.352652549743652,-8.533364295959473,1.340000033378601
3.5401158332824707,0.27400547184478036,0.9622960713191986,-0.1158760744560782,-0.07184214967045838,-0.2353671855272365,0.9690023529351769,-0.028217673213588437,0.032798006653728395,-0.24323341399578288,-0.19402883828129658,-0.19402883828129658,-0.4608175451468948,-0.07078811618556183,0.04985638101451572,-0.4936317981923899,0.6310177459744813,0.39001219419438876,0.20279872347853473,-0.3175826124627332,0.032614946354589947,-1.0475733876232718,0.0,0.0,0.0,2.7904072223383727,1.0,10.541894912719727,-8.67861270904541,1.350000023841858
3.560121536254883,0.14171339786104814,0.96167462788224,-0.1211346260144387,-0.0754360013186677,-0.23413184783994556,0.9724228777470965,-0.104351441569228,-0.012597032132307418,-0.2081966336373792,-0.20320837567048847,-0.20320837567048852,-0.456843907759928,-0.19948048828988785,-0.06800292214642777,-0.4150254852788945,0.7124062689108079,0.34123049290368934,0.05737222428046129,-2.245663015585405,-0.15584953589452377,0.1927476301105795,0.0,0.0,0.0,2.8467617645469914,1.0,10.541894912719727,-8.67861270904541,1.350000023841858
3.581268072128296,0.15802315804542832,0.960997102710491,-0.12660718317757705,-0.07923100552750453,-0.2327609020282009,0.9455194922392061,-0.09614948111094009,-0.13024132701482072,-0.28246303088232516,-0.21282288850849462,-0.2128228885084946,-0.45244493380620454,-0.11374020740468029,-0.3053308871665315,-0.5630792090385323,0.7601977782428475,0.4888079725681943,-0.06428851697453855,-2.653292553351352,-3.2278136210193926,-0.5927402705939612,0.0,0.0,0.0,2.945968122342605,1.0,10.70887279510498,-8.814783096313477,1.350000023841858
3.600114583969116,0.17535109751140632,0.9603767914299011,-0.1314072691019955,-0.08260945609514928,-0.23148266862473224,0.9782177609853383,-0.08550755999794613,-0.024970842339765768,-0.18749647012376436,-0.22131159726413827,-0.22131159726413824,-0.4483538523492308,-0.15911629500062333,-0.08100714217121978,-0.3722875113717371,0.7829286693607406,0.32246961285904374,-0.03951595485921938,-2.009032424675107,-0.25020367538150357,1.009880151490776,0.0,0.0,0.0,2.8327998168674533,1.0,10.886982917785645,-8.941876411437988,1.3600000143051147
3.6201012134552,0.43442370865649454,0.9597034656566203,-0.13641532879494353,-0.08618782216880404,-0.23006906655662832,0.9473375719930427,0.04737701865677876,-0.01141015473044576,-0.31650711076143206,-0.23022788130783384,-0.2302278813078339,-0.44384132600345577,0.09714296244159959,0.008371887821459343,-0.6444769256022365,0.8710540645867899,0.39215473215485713,-0.1166721400266231,0.502847547452665,-1.2361751463950994,-1.1365126025377998,0.0,0.0,0.0,2.7984672582102497,1.0,11.076225280761719,-9.078046798706055,1.3700000047683716
3.6401383876800537,0.28511115087943906,0.9590139649635626,-0.14134809206151291,-0.08977000684431505,-0.22859194593556525,0.9441853027831,-0.026871295280068725,-0.1316408825461997,-0.3007702205019885,-0.23907439684271212,-0.2390743968427121,-0.43913942293341574,0.0295011722760348,-0.26794564109623265,-0.6207506000123268,0.8543258065718577,0.27390272416015604,-0.17267195053488166,-1.3253643679317042,-2.652744071996416,-0.4376068937731856,0.0,0.0,0.0,2.899712298257147,1.0,11.243203163146973,-9.20513916015625,1.3700000047683716
3.6601288318634033,0.40215023054717514,0.9583132189275275,-0.14617882219729275,-0.09333794161078751,-0.22705848371209145,0.9826357639898226,0.04212129976039636,-0.07418607416626978,-0.16477007566433077,-0.24780463668839123,-0.2478046366883912,-0.43427279679452,0.10838447579211925,-0.13230073618547186,-0.33945946423457335,0.7865613958289149,0.26005197928811385,0.04002662488362102,0.5045676002159856,-1.3007317175418436,1.4397013681186606,0.0,0.0,0.0,2.8348909021217312,1.0,11.421313285827637,-9.341310501098633,1.3799999952316284
3.6800918579101562,0.2717378889460244,0.9576022270555724,-0.15091003490338695,-0.09689438379829429,-0.2254675464274526,0.9708238140798567,-0.09929395009665169,0.027655757196670582,-0.21651095257173902,-0.2564240838181442,-0.2564240838181442,-0.429239664101566,-0.20624010062221332,0.01070148418344041,-0.4399613142094093,0.7303875730262039,0.30909639905978276,-0.010327536315200489,-1.3488079125672365,0.9689039601255238,-0.0034231424199346328,0.0,0.0,0.0,2.858076644128301,1.0,11.421313285827637,-9.341310501098633,1.3799999952316284
3.7001001834869385,0.09134081525553452,0.9568800132857602,-0.15555628148511674,-0.10045150659324754,-0.22381326655923034,0.9534026962055102,-0.14102438478653795,-0.0724819444298604,-0.2566744815818445,-0.2649605519339445,-0.2649605519339445,-0.42402347331115947,-0.23929047151822316,-0.2121924532848983,-0.5003638164587618,0.7971776909540351,0.3459228700068373,0.10657467322931355,-2.7302051513965324,-1.0226912081978634,-1.128570687515092,0.0,0.0,0.0,2.9439057042224714,1.0,11.588292121887207,-9.468403816223145,1.3899999856948853
3.7201039791107178,0.29397429902690503,0.9561499934880513,-0.16010324209480803,-0.10399960590394958,-0.2220995808085956,0.9728164999976525,-0.018236976627830432,-0.06996825956798064,-0.2199998015199588,-0.2733890547000996,-0.27338905470009967,-0.4186387759992928,-0.004746047899367635,-0.1446608366258723,-0.44446845080044656,0.7781188091474995,0.37471867567516093,0.012520388996893575,-0.19939999526852814,-1.4368722013602822,0.25021514162989494,0.0,0.0,0.0,2.836320384284754,1.0,11.766402244567871,-9.604574203491211,1.3899999856948853
3.7401123046875,0.3528477424251543,0.9554134971508967,-0.16455062376187019,-0.10753941565291646,-0.22032570381710367,0.9736326527436334,-0.03409271190655884,0.009371388261685511,-0.22536486325135136,-0.2817100352408989,-0.28171003524089894,-0.4130852890682159,-0.07067062237305168,0.002881984502398265,-0.4550263652317946,0.7130085589879321,0.35698782014526415,0.03350363103393718,0.22675749667096712,0.25374890527360283,-0.2541887393213898,0.0,0.0,0.0,2.8135494000391077,1.0,11.933380126953125,-9.731666564941406,1.399999976158142
3.7600977420806885,0.39222781112712685,0.9546732066751268,-0.16889023026124692,-0.11106517673934599,-0.21849413057286382,0.9436277717286348,0.004026545310479014,-0.11740381579373377,-0.3094620483878195,-0.2899089177407612,-0.28990891774076116,-0.40737307153809343,0.08235459808192302,-0.22087031269079913,-0.6429313090323624,0.674773504979797,0.2703949642143858,0.09714656170965608,0.7395451603219896,-2.2900395605108432,-1.768234848056344,0.0,0.0,0.0,2.898277887683907,1.0,12.111490249633789,-9.867837905883789,1.399999976158142
3.780094623565674,0.4099608884430078,0.9539295224957356,-0.17312747273890183,-0.11458198392700768,-0.2166017388052312,0.9492710687909338,-0.03725532091588274,0.004777238933256465,-0.31220771452375623,-0.297996604101526,-0.297996604101526,-0.40149473713108413,-0.0737881446401873,-0.01419348433116772,-0.6349722866291051,0.6559944250827378,0.275213603346135,0.18072214697251107,0.6883040632549977,0.24603251273678417,-2.6690136243516243,0.0,0.0,0.0,2.8254766348164635,1.0,12.27846908569336,-9.9949312210083,1.409999966621399
3.8001108169555664,0.26373485594669344,0.9531838156447632,-0.17726175046610285,-0.11809017362563944,-0.21464760960152726,0.9629010719501471,-0.05746869507256497,-0.07871330337639906,-0.2516407967629442,-0.30597276990969813,-0.3059727699096981,-0.39544995141457145,-0.07230812216511183,-0.18150411542772826,-0.5046552414324463,0.6541393166202024,0.22541058351911678,0.2265904451358709,-0.04199761732833984,-0.7734395777175044,-1.4265448143681336,0.0,0.0,0.0,2.884754589563411,1.0,12.456579208374023,-10.131101608276367,1.409999966621399
3.820096731185913,0.31232531412454023,0.9524395972603926,-0.1812809969122427,-0.1215799946611828,-0.21263658816664494,0.9778060373495874,-0.07783919762217203,-0.009074383719707953,-0.19430406119363783,-0.3138145662251841,-0.3138145662251841,-0.389256236976236,-0.14942387760460443,-0.04801336408230117,-0.38872349923438754,0.755860624173888,0.2764587184505901,0.13142504384568862,-0.5271532980574691,0.7254986845172005,-0.22498453583926215,0.0,0.0,0.0,2.867756072816889,1.0,12.634689331054688,-10.258193969726562,1.4199999570846558
3.840111255645752,0.2902466898854053,0.9516963306264428,-0.18519526533980196,-0.12506061150602654,-0.21056270186721954,0.9761189100844117,-0.08724407019989915,-0.021770388549550823,-0.19775337107866678,-0.32154197256388856,-0.3215419725638885,-0.38289784522731857,-0.16291212365040117,-0.07708290606156382,-0.39347634455852926,0.7292526053789106,0.20804969030651216,-0.0254792533518875,-0.5592131263375473,0.829852999039218,0.3109980842274165,0.0,0.0,0.0,2.8927346518762964,1.0,12.790534973144531,-10.385287284851074,1.4199999570846558
3.8601176738739014,0.30026115795129027,0.9509570252222869,-0.18899551382353993,-0.1285244486937239,-0.2084295996803946,0.9761189100844117,-0.08724407019989915,-0.021770388549550823,-0.19775337107866678,-0.3291375284528743,-0.32913752845287436,-0.3763887450016716,-0.16291212365040117,-0.07708290606156382,-0.39347634455852926,0.7292526053789106,0.20804969030651216,-0.0254792533518875,-0.4691047590428785,0.8790449886540894,0.2678895319381682,0.0,0.0,0.0,2.8962718520391753,1.0,12.790534973144531,-10.385287284851074,1.4199999570846558
3.880117893218994,0.2705909120706855,0.9502232315202885,-0.1926806472475923,-0.1319706370980985,-0.20623707086581422,0.977055270364327,-0.10057828920198,-0.03945345995055264,-0.18354953253120712,-0.3365990572985221,-0.3365990572985221,-0.3697310842027571,-0.18429429975603354,-0.11426711941204462,-0.3608205633422362,0.6513465380526556,0.25656296488434505,-0.16683334941751146,-0.42990219949742015,0.5103389670380163,1.0957438853362529,0.0,0.0,0.0,2.9195476307431845,1.0,12.968645095825195,-10.51237964630127,1.4299999475479126
3.900142192840576,0.17119599296732071,0.9494954522205377,-0.19625462371816832,-0.13540310648383236,-0.20398163553684162,0.9270248301108969,-0.19708833916413063,-0.1405911018912969,-0.28638312274360433,-0.34393468730356075,-0.3439346873035608,-0.3629172507189509,-0.31216295795028604,-0.38283143514045254,-0.5382824273265702,0.7874791837015055,0.17143426080064378,-0.05524378050180198,-3.0519649538643567,-1.165140649385359,-1.4173879016577553,0.0,0.0,0.0,3.246202416778055,1.0,13.124491691589355,-10.639472007751465,1.4299999475479126
3.9201247692108154,0.3829983345258039,0.9487776465663691,-0.1997044996771367,-0.1388092927602955,-0.20167069799074167,0.9888608292254394,-0.048937403326890366,-0.05528408274947401,-0.1292403233273071,-0.351117561512697,-0.35111756151269696,-0.35597255230899105,-0.0832114114444962,-0.12229047987587192,-0.25482182452899954,0.6591443847953032,0.2676163822520544,-0.2612171365242936,0.5202188831095813,0.3069372029540507,2.665897297655196,0.0,0.0,0.0,2.910459072527714,1.0,13.291470527648926,-10.775643348693848,1.4299999475479126
3.9401097297668457,0.11817986992912179,0.9480697513093848,-0.20303699633716493,-0.14219541896133547,-0.1992992413356196,0.9642672361545153,-0.1784735011501786,-0.10264273262361764,-0.16673444786751795,-0.3581610697728961,-0.35816106977289613,-0.3488848636715768,-0.326551178623509,-0.260398263701169,-0.29930421205692104,0.8044467426102124,0.3161481761616691,-0.290138042709447,-2.621209942966965,-0.43422699384112784,1.751832169720115,0.0,0.0,0.0,3.1469918623465016,1.0,13.45844841003418,-10.90273666381836,1.440000057220459
3.9604432582855225,0.3034237568280549,0.9473613303614591,-0.20630555737419193,-0.14561815730765254,-0.19682448779207942,0.9608278858720904,-0.06691282338925206,-0.20076701462238442,-0.1789554515410564,-0.3651806025428001,-0.36518060254280016,-0.3415305660207846,-0.06222711980606108,-0.4221842808946577,-0.354944378400034,0.8177124608929713,0.1596938795133309,-0.2829797620271437,-0.8433136550479516,-2.119462354450839,2.157011261260139,0.0,0.0,0.0,3.17806137995694,1.0,13.625426292419434,-11.029829025268555,1.440000057220459
3.980117082595825,0.3063407399962056,0.9466886986497255,-0.20934988452315592,-0.1489068777820909,-0.19437045929929767,0.9608278858720904,-0.06691282338925206,-0.20076701462238442,-0.1789554515410564,-0.37182871044183924,-0.3718287104418393,-0.33428043629736826,-0.06222711980606108,-0.4221842808946577,-0.354944378400034,0.8177124608929713,0.1596938795133309,-0.2829797620271437,-0.7622875643046552,-2.067743720717384,2.120083561341207,0.0,0.0,0.0,3.1817519411100865,1.0,13.625426292419434,-11.029829025268555,1.440000057220459
4.000098943710327,0.3094046715844823,0.9460198530490993,-0.2123219962128885,-0.15222249557671635,-0.19181793295083568,0.9608278858720904,-0.06691282338925206,-0.20076701462238442,-0.1789554515410564,-0.3784335827642042,-0.3784335827642042,-0.32678436840866226,-0.06222711980606108,-0.4221842808946577,-0.354944378400034,0.8177124608929713,0.1596938795133309,-0.2829797620271437,-0.6821625020392288,-2.015396763992719,2.0809235556332,0.0,0.0,0.0,3.1854425022632333,1.0,13.625426292419434,-11.029829025268555,1.440000057220459
4.020098924636841,0.16104653425679974,0.9453662381548616,-0.21517503461774515,-0.1555147842208379,-0.18920235760403076,0.9620717037024595,-0.1658870234657228,-0.09436424059807058,-0.19492286288960337,-0.38489314414758496,-0.38489314414758485,-0.319150853967503,-0.29566361029178573,-0.24879957904339067,-0.36256405838201156,0.6877117423584211,0.340087540676608,-0.2624167367184139,-1.4978615497587273,-0.36332439428056895,0.8948606465210511,0.0,0.0,0.0,3.131610193252318,1.0,13.625426292419434,-11.029829025268555,1.440000057220459
4.040123224258423,0.2387061872674097,0.9447290559235464,-0.21790880637626014,-0.15878311195808226,-0.18652261620078436,0.9047587470367572,-0.24010184198554896,-0.20258588292278867,-0.2876137604079777,-0.39120632617386447,-0.3912063261738643,-0.3113801701482418,-0.37715882763299646,-0.5290296592833027,-0.5122811295938704,0.6530271736363076,0.17052072508890065,-0.17181112107823196,-3.048007271501452,-1.994433060303818,-1.2515150663662271,0.0,0.0,0.0,3.6346539607936625,1.0,13.792405128479004,-11.156922340393066,1.440000057220459
4.0601067543029785,0.20338774465621878,0.9441116580521838,-0.22051399585104461,-0.1620152867212807,-0.18378738159183516,0.9589813919316267,-0.15805438772449526,-0.0906262400350424,-0.21716441943151266,-0.39735027716299737,-0.39735027716299726,-0.3035008356471019,-0.27536078321537877,-0.24490620977744976,-0.41129361035687073,0.6416595443220728,0.17380829813962503,-0.0733009602818041,-0.9511216783893475,0.3241460797440373,-0.3948292330062969,0.0,0.0,0.0,3.1253379088510576,1.0,13.948251724243164,-11.284014701843262,1.4500000476837158
4.080129384994507,0.14060703608424172,0.9435128273149076,-0.2230005551750539,-0.16522258687700708,-0.18098561785268166,0.9559957524275222,-0.233294963696203,-0.11157350389009604,-0.13855300243664787,-0.4033471089324077,-0.40334710893240777,-0.29548453380146383,-0.4469010082594583,-0.28168540918480467,-0.22344078532629782,0.5943252211477602,0.22714731679521855,-0.07371779213848459,-2.4619073108786558,0.37154464947240284,0.8674772237282751,0.0,0.0,0.0,3.384051094875325,1.0,14.126361846923828,-11.392951011657715,1.4500000476837158
4.100098609924316,0.19193486817782754,0.9429365024391624,-0.22535675943429745,-0.16838855514661688,-0.1781302271954598,0.9502774510596996,-0.1390258774842357,-0.20912608042396164,-0.18414899913854813,-0.4091668952158761,-0.40916689521587596,-0.2873716267473188,-0.21103470648225955,-0.4652637706032176,-0.3326495205821585,0.7368611300516066,0.20950829650469446,-0.16121115897331342,-1.4111289212264895,-1.9162587545796979,1.0318433207050755,0.0,0.0,0.0,3.3672219031205044,1.0,14.271076202392578,-11.520044326782227,1.4500000476837158
4.1201171875,0.3382902303908181,0.942380850959732,-0.2275945038670288,-0.17152778144665407,-0.17520643180523163,0.9579193801084689,-0.11565895828398132,-0.07254200157379545,-0.2524898504671792,-0.41483729945743414,-0.41483729945743414,-0.2791236553552261,-0.18980092764305118,-0.19868890959377064,-0.49646535756148674,0.6137491765340937,0.34826009956941706,-0.14940767537591243,0.33743523722968094,-0.21811071747701272,-0.8710998436412469,0.0,0.0,0.0,3.067362884966072,1.0,14.438054084777832,-11.63805866241455,1.4500000476837158
4.14012885093689,0.3475971600871981,0.941848585531436,-0.22970693796025754,-0.17462958732123007,-0.17222215832282636,0.9579193801084689,-0.11565895828398132,-0.07254200157379545,-0.2524898504671792,-0.42033959381210123,-0.42033959381210134,-0.27076673701523557,-0.18980092764305118,-0.19868890959377064,-0.49646535756148674,0.6137491765340937,0.34826009956941706,-0.14940767537591243,0.39913048713328436,-0.17548340888506875,-0.9296961081387978,0.0,0.0,0.0,3.0707906678791494,1.0,14.438054084777832,-11.63805866241455,1.4500000476837158
4.1601104736328125,0.3567574233572161,0.94134127363654,-0.23169189982628569,-0.17768871689109145,-0.16918093862140857,0.9579193801084689,-0.11565895828398132,-0.07254200157379545,-0.2524898504671792,-0.4256656818652654,-0.42566568186526543,-0.2623141766702263,-0.18980092764305118,-0.19868890959377064,-0.49646535756148674,0.6137491765340937,0.34826009956941706,-0.14940767537591243,0.4581929658843622,-0.13319793100115218,-0.9895956045221943,0.0,0.0,0.0,3.0742184507922263,1.0,14.438054084777832,-11.63805866241455,1.4500000476837158
4.180122375488281,0.12239583246006126,0.9408583385571858,-0.23355541191800044,-0.18071260081965151,-0.16607351455371266,0.9502707563432247,-0.17452996691016004,-0.18716444747964647,-0.17746619365065858,-0.43082950540783566,-0.4308295054078356,-0.25374384183668325,-0.29626961108632216,-0.43086856392533457,-0.3039650323303117,0.8078754963492605,0.188127012238142,-0.1866164205884087,-2.0570975242857683,-1.0891623727709296,0.8068209135840082,0.0,0.0,0.0,3.418597543172367,1.0,14.605032920837402,-11.774229049682617,1.4500000476837158
4.200109004974365,0.23641000625610772,0.9404020177783609,-0.2352923829625821,-0.1836910020753974,-0.16290842591687366,0.9369296911230143,-0.159316862417789,-0.1806715908793589,-0.2532561302132805,-0.43581460405183814,-0.4358146040518381,-0.24508290616674905,-0.23005745073646305,-0.43261806205502745,-0.47722318403747066,0.7391457584288713,0.3818264637062422,-0.2618951815471695,-1.2022136602857891,-2.155976932442253,-0.3980844667125658,0.0,0.0,0.0,3.3571199903468454,1.0,14.749747276306152,-11.88316535949707,1.4600000381469727
4.220132827758789,0.17572932312091874,0.939971731245556,-0.2369083534145991,-0.1866313330915197,-0.15967567770358035,0.9385064732434506,-0.24539058640915376,-0.11717023227969306,-0.21274443929145295,-0.4406344050211102,-0.44063440502111006,-0.2363076831414761,-0.449172806546223,-0.3303149922894989,-0.3697194243024241,0.6816131475648524,0.3672062018836788,-0.34848114929150414,-2.4729455707894146,-0.392825177407331,0.03080325235863679,0.0,0.0,0.0,3.494882177517794,1.0,14.905592918395996,-12.001181602478027,1.4600000381469727
4.240160942077637,0.04235226418913604,0.9395690249487382,-0.23840059730584695,-0.18952674129569963,-0.15638035968409061,0.9393900568653774,-0.24388840687200056,-0.19777095197364822,-0.13766414424728596,-0.4452785140485363,-0.4452785140485362,-0.2274358039683451,-0.4659922624617125,-0.45417100534025967,-0.18146168811444452,0.7222195779597078,0.3448792856680664,-0.49907799918374046,-3.089584270506873,-1.4287127757225744,2.365962542364059,0.0,0.0,0.0,3.7191586653604296,1.0,15.050308227539062,-12.119195938110352,1.4600000381469727
4.260063886642456,0.36277651966563723,0.9391969302691221,-0.23976099087672698,-0.19235703496354178,-0.15304432209952337,0.9344092321595384,-0.17383026344359995,-0.10023219073815659,-0.29430585163394285,-0.44971666684380335,-0.44971666684380324,-0.2185289902115956,-0.2814668803613422,-0.29384473488421964,-0.5683323004977582,0.43567381597991606,0.3799129089041523,-0.48687883045290026,0.2982220737100296,-0.6867897214990697,-0.9087012703736552,0.0,0.0,0.0,3.2571359288240274,1.0,15.217286109924316,-12.228132247924805,1.4600000381469727
4.280120611190796,0.3718992518420135,0.9388509064591755,-0.24100882846820296,-0.19515985593182963,-0.14962068932415912,0.9344092321595384,-0.17383026344359995,-0.10023219073815659,-0.29430585163394285,-0.4540088975298407,-0.45400889752984086,-0.20946579903110335,-0.2814668803613422,-0.29384473488421964,-0.5683323004977582,0.43567381597991606,0.3799129089041523,-0.48687883045290026,0.3461057777332055,-0.652963969078248,-0.9778888474251755,0.0,0.0,0.0,3.260659685842131,1.0,15.217286109924316,-12.228132247924805,1.4600000381469727
4.300142526626587,0.38097117023358,0.9385350075971158,-0.2421318594467468,-0.1979064654224379,-0.14614114102312203,0.9344092321595384,-0.17383026344359995,-0.10023219073815659,-0.29430585163394285,-0.4581115259988866,-0.45811152599888666,-0.20033429498458685,-0.2814668803613422,-0.29384473488421964,-0.5683323004977582,0.43567381597991606,0.3799129089041523,-0.48687883045290026,0.3913335635531534,-0.6197088668028155,-1.0483534707989421,0.0,0.0,0.0,3.2641834428602348,1.0,15.217286109924316,-12.228132247924805,1.4600000381469727
4.320099353790283,0.3019326964936126,0.9382499591064818,-0.2431299600894442,-0.20059114144156204,-0.1426114676972438,0.9765461724004367,-0.14199476417880605,-0.09619993427034867,-0.13015618603140594,-0.46201807337290923,-0.46201807337290945,-0.1911525565530971,-0.26190065235393906,-0.22678944976373447,-0.2350069960023817,0.6867020848558061,0.2646705498686941,-0.3773537930513071,-0.41500805261991225,0.8259606086581179,1.7504919932679202,0.0,0.0,0.0,3.1923895166447522,1.0,15.217286109924316,-12.228132247924805,1.4600000381469727
4.3400938510894775,0.05397612588289819,0.9379946279628695,-0.24400925802555595,-0.20322584989991477,-0.13901371818303696,0.945546784604429,-0.21959325012678088,-0.2017332806484867,-0.130475155113077,-0.46574746829593855,-0.4657474682959385,-0.18187714473216174,-0.4153996238179277,-0.45426217685796844,-0.17691161681789053,0.7924233549687328,0.30603654769734434,-0.3010086920985951,-2.705351194906536,-1.1916633149919669,1.4771696265141272,0.0,0.0,0.0,3.662716301502985,1.0,15.350869178771973,-12.346147537231445,1.4600000381469727
4.360125780105591,0.268458877997032,0.9377695128524174,-0.24476988159560145,-0.2058082619129332,-0.13534771943624466,0.9399061145251782,-0.24125189547485326,-0.10131393473707341,-0.2193387914530048,-0.4692971306641922,-0.4692971306641921,-0.17251145802628937,-0.4426045010205759,-0.30079852441177307,-0.3903547447641982,0.42779271376349304,0.3367757063346395,-0.39036971534354936,-1.0061476291662705,0.20083094300417548,-0.5050834587590001,0.0,0.0,0.0,3.4952452347894685,1.0,15.506714820861816,-12.46416187286377,1.4600000381469727
4.3801093101501465,0.2260559963949211,0.9375758049310262,-0.2454095635606857,-0.20832536640458385,-0.13162939577954455,0.8925016541667825,-0.3116159720968174,-0.2757559067745083,-0.17405448320190228,-0.4726505873403642,-0.47265058734036414,-0.16309942454468943,-0.6134379823932774,-0.6443782972613118,-0.174533995976107,0.7969506035156908,0.36087378983169816,-0.3361082185196538,-4.0,-2.9296580547988422,0.48534900300988437,1.0,0.0,0.0,4.629334147227799,1.0,15.651429176330566,-12.573098182678223,1.4600000381469727
4.400111675262451,0.14643163640007958,0.937412963542276,-0.245931686749934,-0.2107837606980026,-0.12784657782368267,0.9376874680375182,-0.2888440836806793,-0.1758486883291992,-0.07992838307483395,-0.47581819471723574,-0.47581819471723563,-0.1536132988254299,-0.5874505957576808,-0.3854281421338268,-0.05215835576623997,0.25236044529478396,0.25719263550649013,-0.4376441285044971,-1.9253052946324256,-0.02722541472510076,2.296923588566176,0.0,0.0,0.0,3.9295035376174834,1.0,15.796144485473633,-12.682035446166992,1.4600000381469727
4.420322418212891,0.2633550594960747,0.9372800860649992,-0.2463402350901293,-0.21320364837588174,-0.12396262808177604,0.9447766637021768,-0.23920859269806952,-0.10487453550340169,-0.19793341482968185,-0.47882544585330056,-0.47882544585330045,-0.14396594181745898,-0.44372181739158784,-0.29721742933349116,-0.34551513885639906,0.33636424507543683,0.19270065376192602,-0.41089387953376305,-0.5908438157046242,0.9097369811183427,-0.22777201904618627,0.0,0.0,0.0,3.526544409940333,1.0,15.929726600646973,-12.790971755981445,1.4600000381469727
4.440123558044434,0.2715854141969559,0.9371808008378788,-0.24662557940630106,-0.21550999499491783,-0.12009751113436425,0.9447766637021768,-0.23920859269806952,-0.10487453550340169,-0.19793341482968185,-0.4815820822127392,-0.4815820822127391,-0.13445704924488905,-0.44372181739158784,-0.29721742933349116,-0.34551513885639906,0.33636424507543683,0.19270065376192602,-0.41089387953376305,-0.5677399769624809,0.9339039130312305,-0.3108478791810838,0.0,0.0,0.0,3.530296315322167,1.0,15.929726600646973,-12.790971755981445,1.4600000381469727
4.4600830078125,0.2960986932346453,0.9371116384870881,-0.24679925004475284,-0.21776817630337414,-0.11614184680336131,0.9225247794170014,-0.25292232439131773,-0.15295860107699052,-0.24815719925618945,-0.4841696696863006,-0.48416966968630065,-0.12481879247877128,-0.44219832417950444,-0.41998328501820836,-0.4298145568786384,0.6963610157779874,0.2784658597360402,-0.5094043533205722,-2.246687739261159,-0.6001212646374793,-0.8170952525055575,0.0,0.0,0.0,3.698031491381679,1.0,15.929726600646973,-12.790971755981445,1.4600000381469727
4.480111122131348,0.22796221721283177,0.9370733347288532,-0.24685974855196532,-0.21996489929646615,-0.11211276895386546,0.9701455934584331,-0.16970816627565152,-0.1448681146588673,-0.0950257604427646,-0.4865722844853232,-0.4865722844853233,-0.11509740210245287,-0.3233582073455041,-0.31870772094232874,-0.14286245211627463,0.6846741301737459,0.24007153140420698,-0.38455002921811865,-1.0362631943723106,0.5040008258854546,1.901237500893336,0.0,0.0,0.0,3.390490433607628,1.0,16.085573196411133,-12.899908065795898,1.4700000286102295
4.502637624740601,0.1746456121918708,0.9370672563379604,-0.24679323455074617,-0.22235027374049374,-0.10751005649126552,0.9442590337371496,-0.16804896436386652,-0.25098772388422863,-0.13091823876538733,-0.4890413584341226,-0.48904135843412266,-0.10410835576891951,-0.2986087145722657,-0.5445067081828355,-0.19159351738884545,-0.09325877366074316,0.29561518261740405,-0.4743535449903964,1.9268263161743497,-1.9720388327866814,1.9657039046974933,0.0,0.0,0.0,3.7417976005262643,1.0,16.21915626525879,-12.99976634979248,1.4700000286102295
4.520097255706787,0.20828226956925014,0.9370892839942492,-0.24664486426974294,-0.224135172864838,-0.10389133283077512,0.9624624778744444,-0.20795647244653007,-0.13150222417316704,-0.11457420865487206,-0.490784422081446,-0.4907844220814462,-0.09555444020128537,-0.39861369968497495,-0.30551546454443707,-0.17479527299023453,0.47998735045781726,0.32950116425420545,-0.47156230218748,-0.8293331203047849,0.3987574172029147,1.4552339048615166,0.0,0.0,0.0,3.4988967881857636,1.0,16.36387062072754,-13.117782592773438,1.4700000286102295
4.540114641189575,0.24767909854597564,0.9371429833929387,-0.24637204366936272,-0.2261109694931177,-0.09968788417077663,0.9217348341549647,-0.2592631730136588,-0.19054931969978153,-0.21651433990883792,-0.4925987200838192,-0.4925987200838193,-0.08571173182116361,-0.46259468893326466,-0.4819865023186128,-0.34579744842169624,0.9776185280305627,0.2652942505748917,-0.49422701265048685,-3.628797308823099,-1.0142826868299832,-0.47699837251504107,0.0,0.0,0.0,3.8929486230025434,1.0,16.497453689575195,-13.208562850952148,1.4700000286102295
4.560117244720459,0.2437180163616574,0.9372266405608503,-0.2459912213910176,-0.22800807663581096,-0.095429870640256,0.9465427156180596,-0.16808243988641958,-0.20362247074777814,-0.18531883422574078,-0.4942145214387772,-0.4942145214387769,-0.0758419857271718,-0.2749084651821643,-0.464272487500191,-0.32130187762843226,-0.1557582259836554,0.19814621166852692,-0.5857270921687181,2.5856805670332035,-0.8839396675264838,0.9110661070750679,0.0,0.0,0.0,3.611765964450687,1.0,16.63103485107422,-13.30842113494873,1.4600000381469727
4.580108165740967,0.25027746250314126,0.9373397787668103,-0.24550406170772085,-0.22982495440533776,-0.09111742511168115,0.9465427156180596,-0.16808243988641958,-0.20362247074777814,-0.18531883422574078,-0.49563182170586373,-0.4956318217058635,-0.06594768618023646,-0.2749084651821643,-0.464272487500191,-0.32130187762843226,-0.1557582259836554,0.19814621166852692,-0.5857270921687181,2.600374136801274,-0.8626966988234719,0.8209168580981445,0.0,0.0,0.0,3.6155309003242624,1.0,16.63103485107422,-13.30842113494873,1.4600000381469727
4.600093126296997,0.2899110741947088,0.9374819017630058,-0.24491212049793482,-0.23156025515198997,-0.08675013160778755,0.9408631440213104,-0.2629077989492144,-0.11974961060615674,-0.1769634545144513,-0.4968507218370428,-0.4968507218370429,-0.05602999384266941,-0.4974307903758561,-0.3240265402826905,-0.2888541771674835,0.48471683601964183,0.32651835579596156,-0.4778537437865734,-1.6479294930134474,0.39533074221661124,-0.40520302996902435,0.0,0.0,0.0,3.7500690618317027,1.0,16.742353439331055,-13.4173583984375,1.4600000381469727
4.620096683502197,0.20834241568804687,0.9376526636901651,-0.24421617225954287,-0.23321407368350974,-0.0823233825688528,0.9419327020643878,-0.2203503297819603,-0.1861109831666437,-0.17196284160075953,-0.49787204409819036,-0.4978720440981902,-0.0460806652023355,-0.39862987855707266,-0.4405004340264681,-0.27076495139516005,0.7919245211857858,0.1720252695111541,-0.6036497634127682,-2.203578194671061,-0.2619334575015312,0.6218827252898711,0.0,0.0,0.0,3.757020457906451,1.0,16.87593650817871,-13.508138656616211,1.4600000381469727
4.640050649642944,0.14318231469550066,0.9378508149827484,-0.24342046732959044,-0.2347790288735329,-0.07785327560507385,0.9494675539236478,-0.17474662659816623,-0.24416897856170794,-0.09141384165944512,-0.4986923618467251,-0.49869236184672516,-0.03613762908292479,-0.33700090573132524,-0.5185365158149237,-0.10178640719229819,-0.2077003542203408,0.3354825780336289,-0.5250113679870764,2.2245267710419765,-1.6364584732547476,2.231955408546604,0.0,0.0,0.0,3.830111683487139,1.0,16.998388290405273,-13.607996940612793,1.4600000381469727
4.660093069076538,0.07327229452392518,0.9380771493590789,-0.24252089262340654,-0.23626376919370307,-0.07330968461175687,0.9318645588956347,-0.2434388729920183,-0.26422803338629497,-0.05049262682245146,-0.49931644022324173,-0.4993164402232419,-0.026136038773881584,-0.5223019423757903,-0.5433812982571767,0.040365598079097405,0.5228852618513675,0.2550581304920918,-0.4652892496847685,-2.2877153445179434,-1.4622232660414882,2.411432004576394,0.0,0.0,0.0,4.242461068221309,1.0,17.120838165283203,-13.698777198791504,1.4600000381469727
4.68010139465332,0.04964343065276667,0.9383296848862662,-0.2415242661576234,-0.23765695302556444,-0.06872120485604306,0.943169030603115,-0.23859891829098792,-0.22641294831706488,-0.047327716360765104,-0.4997394005924071,-0.4997394005924069,-0.01614098805964723,-0.5005462099947317,-0.46640261314798387,0.02101349260076044,0.6415144578581348,0.13273158448809302,-0.38534931690096796,-2.5740148229239868,-0.19759232331147242,1.909122072831874,0.0,0.0,0.0,4.020341290242678,1.0,17.243289947509766,-13.789558410644531,1.4600000381469727
4.7000956535339355,0.04300518189745045,0.9386078219577201,-0.2404317053995703,-0.23895841301683288,-0.06408454140364823,0.943169030603115,-0.23859891829098792,-0.22641294831706488,-0.047327716360765104,-0.49996221900454585,-0.4999622190045459,-0.006146508606555325,-0.5005462099947317,-0.46640261314798387,0.02101349260076044,0.6415144578581348,0.13273158448809302,-0.38534931690096796,-2.5737235609940097,-0.1953937544036219,1.8102377165395285,0.0,0.0,0.0,4.024475970977672,1.0,17.243289947509766,-13.789558410644531,1.4600000381469727
4.720099687576294,0.13046240605052842,0.9389110822106485,-0.23924373055950743,-0.24016787317179167,-0.0593953683896058,0.9180751568168698,-0.2662480927058008,-0.2751918064031065,-0.10256426889905783,-0.4999851363222949,-0.4999851363222949,0.003855315392570755,-0.5490758568970411,-0.5942754876007403,-0.05045240312143083,-0.37480582821557196,0.10344158805982417,-0.5744281049771295,1.0581825968171101,-1.3460150263414037,1.500199613156828,0.0,0.0,0.0,4.4778669366048,1.0,17.37687110900879,-13.880338668823242,1.4600000381469727
4.740097761154175,0.18714635835694693,0.9392383901837396,-0.23796307090348856,-0.2412825269895998,-0.05465862659042588,0.9249794174205566,-0.19865703557064496,-0.30518604475179767,-0.10867353705187367,-0.4998080681476029,-0.49980806814760287,0.013852617606832188,-0.38899309055870995,-0.6532357298138287,-0.10064167529055726,0.6467488019220528,0.2324996357310734,-0.6229935202801888,-1.7257031280893016,-2.4992594630565437,1.9555397499952414,0.0,0.0,0.0,4.315141719682696,1.0,17.47705841064453,-13.980196952819824,1.4600000381469727
4.7600884437561035,0.270444567571147,0.939588815170259,-0.23659176004233123,-0.2423005921983334,-0.04987605144112377,0.9070070580342983,-0.2916139113036401,-0.25283961390229903,-0.16843887037111152,-0.4994312981384996,-0.4994312981384995,0.023840688742003922,-0.5637285615777902,-0.5906401846419341,-0.1915010697619951,0.5707133930959392,0.08552724161135236,-0.587898660999485,-2.9069451069238976,-1.2041814529314894,-0.1256813979461482,0.0,0.0,0.0,4.514369957852586,1.0,17.599510192871094,-14.052821159362793,1.4600000381469727
4.78009557723999,0.19735160133000443,0.9399618700021394,-0.23512997744097267,-0.24322145102166717,-0.045043339281225274,0.9477886795203797,-0.27628418350557726,-0.15830446516144955,-0.017417382915314215,-0.49885439192567727,-0.49885439192567727,0.03382743940150908,-0.5763882481156966,-0.31488029594928446,0.057305367075824704,-0.36654219923339526,0.22830718986234058,-0.5612462133446343,0.6714218462572238,0.8882070436652657,2.1718603845499915,0.0,0.0,0.0,3.9822157160819645,1.0,17.721960067749023,-14.152680397033691,1.4600000381469727
4.800116777420044,0.17887906043524862,0.940356604894523,-0.23357959699026393,-0.24404303443078207,-0.040162480587336805,0.9163615568793674,-0.3176580989411191,-0.23681405621004292,-0.057392787282746924,-0.4980771920689949,-0.4980771920689951,0.043807656187765366,-0.6802068047086555,-0.4898314472778376,0.05132136291816536,0.4622383540853586,0.20547185634036247,-0.6100676214160369,-3.452418581475198,-0.8160045014402326,1.6527975272357296,0.0,0.0,0.0,4.640250188880104,1.0,17.811016082763672,-14.225305557250977,1.4500000476837158
4.82011604309082,0.23001870751701778,0.9407713113199828,-0.23194538161613099,-0.2447622284168275,-0.03524388293954253,0.96177727424804,-0.15180970981411485,-0.20318405337224515,-0.10322076923463235,-0.4971015247135759,-0.49710152471357594,0.05375940966415184,-0.2794815924839151,-0.43584376900090455,-0.15155359188125883,0.3035919692317204,0.14597802127268608,-0.48387731064423456,0.7529346758088704,-0.07059601536607996,0.8707081859271555,0.0,0.0,0.0,3.6423443522325676,1.0,17.922334671020508,-14.297929763793945,1.4500000476837158
4.840111970901489,0.20744545240609333,0.9412053234888149,-0.23022791463876008,-0.24537823989145574,-0.03028474442973619,0.9065992149108139,-0.2712681816508032,-0.310243154165311,-0.09077787417934954,-0.49592725056082726,-0.4959272505608273,0.06368800633697409,-0.5830794485160644,-0.6583122850617376,0.004702636811567419,-0.2134667007187552,0.18176665811933512,-0.6045770151672883,0.17956020990366228,-2.371608667457306,1.355884711740613,0.0,0.0,0.0,4.807002416460033,1.0,18.02252197265625,-14.379631996154785,1.4500000476837158
4.860118627548218,0.3237143742492413,0.9416579197610736,-0.228427900318903,-0.24588983228284342,-0.02528333219850324,0.9537651631543174,-0.17096144823109635,-0.1855616424628517,-0.16331280910704288,-0.4945539033111787,-0.4945539033111788,0.07359644502064792,-0.2953435855978062,-0.42224011130599,-0.2754311894935242,0.6547502790888988,0.1243589706594945,-0.6281600256656797,-0.7721068262095023,0.0386208930715668,-0.07377317932818395,0.0,0.0,0.0,3.6325821479731557,1.0,18.12270736694336,-14.461335182189941,1.4500000476837158
4.8801045417785645,0.2511380064219333,0.9421273170115292,-0.22655020202011494,-0.24629471369204492,-0.020249407711252547,0.9370010490987746,-0.15378855259415247,-0.2934171996694038,-0.11083529228975986,-0.4929843407742158,-0.49298434077421593,0.08346520084090085,-0.27848325699294313,-0.6235919863319502,-0.14519944538508434,0.0457274894057383,0.00033408556654672406,-0.592821625677189,1.5920100943700966,-1.3544080368470748,1.2342700636071844,0.0,0.0,0.0,4.049104939914379,1.0,18.2228946685791,-14.524881362915039,1.4500000476837158
4.900170803070068,0.19305644745526349,0.942614884110201,-0.2245869624921565,-0.24659292763119287,-0.015159306538761234,0.9259981933317594,-0.22586594843763677,-0.284716096105344,-0.10221870621963924,-0.4912103707041505,-0.49121037070415036,0.09334008631178271,-0.4551042004529498,-0.6107336385559187,-0.07415399289657845,-0.14284841430108547,-0.01578627610826036,-0.5615592950347393,0.8904502202166272,-1.1281757365766896,0.7648610655274874,0.0,0.0,0.0,4.29723880964957,1.0,18.323081970214844,-14.597505569458008,1.4500000476837158
4.920098304748535,0.16761849736278392,0.9431141391430048,-0.22256194625944015,-0.24678022529489568,-0.010070800820166807,0.9213808597733779,-0.2962534867642064,-0.24779184485831124,-0.043478551551721666,-0.48925293118098123,-0.4892529311809811,0.10310950165148758,-0.6417911807052031,-0.5033727481416266,0.07621621753048138,0.4793833277891975,-0.0860331854807339,-0.564984140153822,-3.239580317304368,0.0839211921362425,1.266203349639663,0.0,0.0,0.0,4.500942044815174,1.0,18.41213607788086,-14.679207801818848,1.4500000476837158
4.940103054046631,0.2427710101658667,0.9436293223850147,-0.2204555529663763,-0.24685772452128385,-0.004931018724436589,0.9698177561415601,-0.17268784828416603,-0.15835227979005037,-0.067505425062197,-0.48709249522556475,-0.48709249522556464,0.11287560008670249,-0.3386746856997538,-0.3367913793030311,-0.08087143328452696,-0.10191373073660925,-0.015616575223528287,-0.4235687350682339,1.7422907232120002,1.5814809250559196,0.3615229628882901,0.0,0.0,0.0,3.5370652446988653,1.0,18.501192092895508,-14.733675956726074,1.4500000476837158
4.9601123332977295,0.2382374321309814,0.9441575351783815,-0.21827699823851926,-0.24682310169004684,0.00023932816254503692,0.9367892084703936,-0.3069229915159946,-0.16789975113956934,0.0058249239957951,-0.4847365808663387,-0.48473658086633864,0.12259872417774775,-0.6524138987041606,-0.31624265516700234,0.12021438186076408,-0.3897817187494765,-0.04024713241893717,-0.4322671218433922,-0.17490635342168814,1.6388964192876356,1.0524367829793677,0.0,0.0,0.0,4.173667381663362,1.0,18.501192092895508,-14.733675956726074,1.4500000476837158
4.980114698410034,0.11766447836174436,0.9446973548459765,-0.21602955670947674,-0.24667508899439436,0.005434964998016788,0.9281318159007128,-0.2709723347954478,-0.25519988883388245,-0.004282852731905563,-0.4821875129291307,-0.48218751292913076,0.13226943099302782,-0.6058672411252587,-0.4961454978899203,0.14877492363183484,0.2795406595584153,-0.010211329946209297,-0.436998998512784,-2.1789519906057127,-0.24990687190893324,1.3319606035794014,0.0,0.0,0.0,4.3591005270070164,1.0,18.60137939453125,-14.80630111694336,1.4500000476837158
5.000126838684082,0.22379095955038428,0.9452481128645747,-0.21371335746542072,-0.24641228990823053,0.010657830407726769,0.9343430079212365,-0.14679959211805318,-0.32286571412006376,-0.03479588982065094,-0.4794441438056476,-0.47944414380564765,0.14189190593712334,-0.3246120328477287,-0.660549284361428,0.03770958419982166,0.1921836554295441,-0.013592809953487467,-0.5217935451538093,0.6899599131612412,-1.62473912889272,1.8867476528988771,0.0,0.0,0.0,4.2047871309556095,1.0,18.668170928955078,-14.860769271850586,1.4500000476837158
5.020116806030273,0.2702694669473647,0.9458078011599813,-0.21133417668097565,-0.24603404629815057,0.015897078148354456,0.8990479447528142,-0.2984673422992085,-0.3176186537910347,-0.041814224619840266,-0.4765121286790369,-0.476512128679037,0.1514469914583083,-0.6884090990585671,-0.638596555599537,0.14297873050306437,-0.279524770932716,-0.07183188385252812,-0.5930029493933898,-0.4210259582749023,-1.568499070285296,1.1690136676128615,0.0,0.0,0.0,5.061149592301874,1.0,18.74609375,-14.924315452575684,1.4500000476837158
5.040102958679199,0.3032331233886038,0.9463758010375096,-0.20889196849333716,-0.2455391182363961,0.021154907829717212,0.9329682239461636,-0.22151049282800148,-0.25269847863661166,-0.1290227637612013,-0.47339032016080057,-0.47339032016080057,0.1609397551199043,-0.42258305062091955,-0.5570436452285369,-0.15232523959892869,0.32161054890144847,0.005577186166828951,-0.6866187307893934,-0.8407752471228175,-0.8564164097070276,-0.12239880971522688,0.0,0.0,0.0,4.033923795006673,1.0,18.824016571044922,-14.987861633300781,1.4600000381469727
5.060168266296387,0.29208879292699264,0.9469534030380805,-0.20637825573535373,-0.2449237321035025,0.02645058575387941,0.9213471896387078,-0.33807177173297526,-0.1884171286200266,0.03641179678025315,-0.4700659369613358,-0.47006593696133575,0.1704054427201828,-0.73777217660213,-0.3284492694217124,0.20695094921221394,-0.003071245303176262,-0.04028593541344014,-0.46768071518026766,-2.6662461894132456,1.0773428982637134,1.194592867255841,0.0,0.0,0.0,4.450315475689866,1.0,18.901939392089844,-15.033251762390137,1.4600000381469727
5.080120801925659,0.24694230376796328,0.9475339659636017,-0.20381923784826866,-0.2441930908799706,0.03173067907759935,0.9187029789706967,-0.23133504853394743,-0.3140799509278704,-0.061828117999098084,-0.4665725774978811,-0.46657257749788134,0.17974990939353386,-0.506803987937071,-0.6506432915498631,0.03986512065419971,-0.2663420916648114,-0.022700895074946797,-0.6461469742360603,0.9276782535408381,-1.7732500110891705,0.9803839857854988,0.0,0.0,0.0,4.471992923992045,1.0,18.979862213134766,-15.087719917297363,1.4600000381469727
5.100093603134155,0.1902682372321565,0.9481202334531318,-0.20120025427149654,-0.24334224093219506,0.03702748136130411,0.9142634615321361,-0.2707824847826162,-0.2984120216509785,0.04182623789446303,-0.46288964918532033,-0.4628896491853204,0.18903220010646596,-0.6563183599488661,-0.5503701915732532,0.28310639282580136,0.4089261685984006,-0.10371052332977118,-0.5247792303975163,-3.0739638072943984,-0.8264079028801335,2.098140664338472,0.0,0.0,0.0,4.600582002363145,1.0,19.046653747558594,-15.133111000061035,1.4600000381469727
5.1200926303863525,0.21827988185647565,0.9487113272747727,-0.1985223047547833,-0.24236967745019186,0.04233971502122191,0.9157187794518694,-0.20349692714153678,-0.3453038754101388,0.028519313278374793,-0.45901687522569906,-0.4590168752256992,0.1982511242289306,-0.5241898334477543,-0.6697567466609854,0.24843363040633085,-0.1542784771374733,0.005506014488834893,-0.564058197032135,0.5458861821387988,-2.1941343548245986,2.4065199878385104,0.0,0.0,0.0,4.567269766134296,1.0,19.113445281982422,-15.196657180786133,1.4600000381469727
5.140093564987183,0.13710197445905237,0.9493054816615261,-0.1957905013368998,-0.24127557098287333,0.047657957578058664,0.9388184425275539,-0.16524344515277856,-0.2907218556162864,0.08243384299668423,-0.45496012292750565,-0.4549601229275057,0.20739162602619451,-0.43228253822693313,-0.5452440571224836,0.29778555098502935,-0.1240702579999457,-0.12406607272143724,-0.6373949799964432,0.9145042831851179,-0.3278416502534366,3.560861936065641,0.0,0.0,0.0,3.986656582604547,1.0,19.18023681640625,-15.242048263549805,1.4600000381469727
5.160413503646851,0.2510810350137753,0.9499111221670548,-0.19296225450128338,-0.24003893912600857,0.05306350934840998,0.9247976171666036,-0.30842141448355365,-0.20780885641103206,0.0802563241624937,-0.45065230454380095,-0.4506523045438008,0.2165929371179062,-0.6955463994938256,-0.3414531807060964,0.2979650244160885,0.10978789690374124,-0.21567146003731608,-0.49395836290298567,-2.894341077251145,1.3368461117284454,1.8404231364983625,0.0,0.0,0.0,4.253048529788153,1.0,19.235897064208984,-15.28743839263916,1.4700000286102295
5.180089950561523,0.3166054913522921,0.9504985159413953,-0.19017469825675093,-0.23872074374561725,0.05829718553839447,0.9361940347502106,-0.2974466758950246,-0.18241352573034117,-0.042326232146836874,-0.44630356507332497,-0.4463035650733249,0.22541767411372252,-0.6212427610368529,-0.37549007478217344,0.03146233383269574,0.11731287250201969,-0.09020984948666008,-0.5647599589786937,-2.148128713393552,0.8551487637896975,-0.3634552173919192,0.0,0.0,0.0,4.053830862489819,1.0,19.291555404663086,-15.314672470092773,1.4700000286102295
5.200124979019165,0.2534309122182593,0.9510965721342777,-0.1872888475819018,-0.237255967818887,0.06362235283446657,0.9401584223136996,-0.2644076644165139,-0.21236140679926138,-0.03306600751009942,-0.4416980470332957,-0.4416980470332958,0.23431354046869013,-0.5603599335336107,-0.42991390336081486,0.0551713357583454,-0.34756293657449827,-0.21153862904814613,-0.6123650934634092,0.30945182934792226,0.8074916796001567,0.16499176522711956,0.0,0.0,0.0,3.9749395049983582,1.0,19.34721565246582,-15.350984573364258,1.4700000286102295
5.220127105712891,0.19707576402131657,0.951692643611947,-0.1843618297888206,-0.235669815029796,0.06893160447605495,0.9350682354708301,-0.1377709460308772,-0.32059058340074575,0.06235574775427407,-0.43692323497059327,-0.4369232349705934,0.24310098054683302,-0.3748403286277216,-0.621636779912492,0.2548639261441983,0.1835781056206082,-0.26285047154721825,-0.5477848073145054,0.23926259316146947,-0.6033400007384884,2.6216185464643633,0.0,0.0,0.0,4.019807555796975,1.0,19.41400718688965,-15.387296676635742,1.4800000190734863
5.240135431289673,0.2455436873135273,0.9522869606368038,-0.18138990217236914,-0.23395909713213067,0.07423199350775235,0.9090977388551218,-0.23396469970077474,-0.336029640440599,0.07671962752642342,-0.43197206143962186,-0.43197206143962186,0.2517938405434168,-0.6224135572208735,-0.6126875130903813,0.37116692921722644,-0.07700607608764107,-0.24964251314507016,-0.5571154967854396,-0.7100854468313805,-1.216559130002976,2.4642455306112176,0.0,0.0,0.0,4.561708380577,1.0,19.46966552734375,-15.423609733581543,1.4800000190734863
5.260103464126587,0.4333958506760194,0.952877243887468,-0.17838193907089217,-0.23212786318002865,0.07950784257043651,0.9011574097100115,-0.21480125266604502,-0.36884903934680524,-0.0756712029161664,-0.4268584522815533,-0.4268584522815533,0.2603687034107533,-0.48050175637094883,-0.7716106361953389,0.030802156440879625,-0.21462331236500157,-0.27594098906037,-0.6167176887778123,0.9177485798202512,-2.353453487906653,-0.08952519819785998,0.0,0.0,0.0,4.764824869168616,1.0,19.503061294555664,-15.468999862670898,1.4800000190734863
5.28009295463562,0.2481861156513349,0.9534644507008454,-0.17533052983304595,-0.23017047579723446,0.08477203919614834,0.940774046041431,-0.2812642862923866,-0.184880124020957,0.04066860328638795,-0.42156888200722026,-0.42156888200722026,0.26884880085874,-0.6132002234488789,-0.3309943796194083,0.19205997116124268,0.12524652648232498,-0.13989576647522353,-0.5139015927126044,-2.439328764614436,1.0305607570932354,0.5896289445901912,0.0,0.0,0.0,3.896507915990072,1.0,19.547588348388672,-15.48715591430664,1.4900000095367432
5.300095081329346,0.14592027205702746,0.9540474722264328,-0.17223872564450954,-0.2280874264489855,0.09001870929194579,0.9537033374607499,-0.16032154725867753,-0.2534423102777816,0.022670266030008934,-0.4161073639065508,-0.4161073639065507,0.2772267333839601,-0.3691435073420916,-0.4962696155579266,0.14206358513810521,-0.2531583877460195,-0.1580566633934595,-0.5962410368408256,1.5917141029252668,-0.06368327969410403,1.2422165062250503,0.0,0.0,0.0,3.669183230208737,1.0,19.603248596191406,-15.514389991760254,1.4900000095367432
5.320092678070068,0.20379189661033184,0.9546249991757078,-0.16911093623238466,-0.2258804701188688,0.09523977852906473,0.9519637551979686,-0.2446617546734869,-0.17819050550841442,0.0464088174394495,-0.41048066628058705,-0.4104806662805871,0.2854918958742005,-0.5334506089925568,-0.3220932743290835,0.1861421027406764,-0.2644572545735234,-0.26976395191872343,-0.6710684746968422,-0.2638663151650993,1.6684881401376876,1.2544309216998488,0.0,0.0,0.0,3.684234368658815,1.0,19.603248596191406,-15.514389991760254,1.4900000095367432
5.340142488479614,0.18095798357617943,0.9551978768978497,-0.16593991281215523,-0.2235430423115857,0.10044635155054302,0.9294821870514841,-0.23793941148955186,-0.26902455976250156,0.0841040228442593,-0.40467448859137245,-0.40467448859137245,0.293664022793585,-0.581341614849105,-0.4780895213261846,0.32602587523943694,0.11773692963016222,-0.273795135138336,-0.5509403843472196,-1.7673349432603223,-0.08754633958437652,1.7722635693884596,0.0,0.0,0.0,4.046818184154165,1.0,19.625513076782227,-15.550702095031738,1.4900000095367432
5.360098838806152,0.4263180687186925,0.9557612294859131,-0.16275051724808212,-0.22109275332205566,0.10559704435035061,0.8923025135730424,-0.3005634362104595,-0.33664565376598227,0.011293754250298077,-0.39873383612968605,-0.398733836129686,0.3016808378490498,-0.7426041879482096,-0.6360102645541583,0.28026031485569397,-0.15671276502264272,-0.18819744361299087,-0.47584741151870646,-1.5529962378435282,-2.3346460371502427,0.001519265436797923,0.0,0.0,0.0,5.034382108287615,1.0,19.681171417236328,-15.55978012084961,1.5
5.380163669586182,0.2704499988275731,0.9563200499228247,-0.1595121307035322,-0.21850501678746054,0.1107402361959601,0.9660344103022838,-0.15934211054903977,-0.20213129440062153,-0.023033665397105763,-0.39260080540908365,-0.3926008054090837,0.3096201020478787,-0.3314497039701783,-0.4091962214936976,0.021707110386999188,-0.11442065443541377,-0.3839289996117183,-0.6973978152767852,1.0402664324211128,1.464944468139463,0.1579694230766009,0.0,0.0,0.0,3.433599589565719,1.0,19.70343589782715,-15.587014198303223,1.5
5.400131464004517,0.07872041831517097,0.9568679504006771,-0.15625954305373613,-0.21580668240192297,0.1158194997887674,0.9580824972989761,-0.1833599057278623,-0.19991764366085132,0.09214124534604357,-0.38634052080567854,-0.38634052080567843,0.31739723058589697,-0.4271538913743417,-0.3568081167679803,0.26993338287999424,0.02012372420920909,-0.3059236354384851,-0.6643879481346266,-0.5299352753672963,1.396236853798101,2.0349741064236886,0.0,0.0,0.0,3.4732817524425776,1.0,19.747962951660156,-15.596092224121094,1.5099999904632568
5.420090436935425,0.24707893371727965,0.9574067998499554,-0.1529802278687713,-0.2129873619480963,0.12085385030141596,0.950360568851407,-0.24633731081280005,-0.18454412696462036,0.04556515858432339,-0.37992906979453883,-0.37992906979453883,0.3250444614588232,-0.539259697462837,-0.3345224462274843,0.18906963917753006,-0.2993159285208232,-0.3328976744491604,-0.6008391010690344,-0.3599477794762538,1.390205583583347,0.4940469514765551,0.0,0.0,0.0,3.6474880817383504,1.0,19.75909423828125,-15.614248275756836,1.5099999904632568
5.4401044845581055,0.2893437111041436,0.9579377130327196,-0.14966516148828496,-0.2100382680137296,0.12585548599930563,0.9279821421746255,-0.20887536901885242,-0.3059176339061801,0.04043049947101422,-0.37334795870769244,-0.3733479587076926,0.3325827742514623,-0.5168470324658189,-0.5834210819313835,0.24549593471009667,0.09006444612643819,-0.3842946633710611,-0.4836347518849743,-0.984128499161289,-0.8303283576999272,0.41157196832397336,0.0,0.0,0.0,4.054145011558153,1.0,19.792490005493164,-15.64148235321045,1.5199999809265137
5.460134267807007,0.2706900504483943,0.9584590541030573,-0.14632225682636063,-0.20696532372057702,0.13081052535002713,0.9244964553841728,-0.1739544520230005,-0.3275612949190077,0.0880326682229988,-0.3666119536020914,-0.3666119536020914,0.33999364034648943,-0.4820911090211684,-0.6126422380234783,0.3450570369174252,-0.08104486113852807,-0.4180370773017622,-0.5041620214567981,0.18767831720878664,-0.9776379965730064,1.524024272788804,0.0,0.0,0.0,4.053961691932891,1.0,19.814754486083984,-15.64148235321045,1.5199999809265137
5.4801154136657715,0.41070964058083576,0.9589686708777934,-0.14296381316842535,-0.20377958583346437,0.13569936181413667,0.8910413672212838,-0.28462247641646277,-0.33399958982318007,0.11610168739916191,-0.35974576134028974,-0.3597457613402898,0.34725061151522146,-0.7603193351052655,-0.5575685870381473,0.48690858031725354,-0.3272524050395245,-0.2877873743938171,-0.656170514158015,-1.1688501588390638,-2.063727510733263,2.2281568679258474,0.0,0.0,0.0,4.755851176905934,1.0,19.837018966674805,-15.65056037902832,1.5299999713897705
5.500108957290649,0.1504002871544889,0.959467686870237,-0.13958108660357765,-0.2004726413503985,0.14053326362266033,0.9587471563985203,-0.13281417503895743,-0.23937954345092124,0.0765618650745985,-0.3527315533219971,-0.35273155332199724,0.35437332192343574,-0.33014671065558865,-0.4541202639802562,0.23631517881737954,-0.022909373547538747,-0.3170835590106992,-0.5189626617598411,0.5853232887387796,0.35928257279118014,0.9860509873329835,0.0,0.0,0.0,3.439209873048371,1.0,19.859281539916992,-15.659638404846191,1.5299999713897705
5.520099878311157,0.2604920471892845,0.9599552968271425,-0.13617800882939335,-0.19704798874800933,0.14530474230092638,0.9728745580475844,-0.1302062217653738,-0.19053180580631562,0.016095499168661518,-0.3455772961477016,-0.3455772961477016,0.36135347291432485,-0.28263992682676725,-0.3752827596688716,0.08709880505076667,-0.02550427544174977,-0.4435885735017122,-0.6297753742763544,0.7421282436852548,1.6158188999644554,0.006642308022020149,0.0,0.0,0.0,3.2584002908068945,1.0,19.881546020507812,-15.677794456481934,1.5399999618530273
5.540109872817993,0.11943103073595343,0.960431631486913,-0.1327522258101344,-0.19350298062638632,0.15001508014378429,0.954009395728808,-0.11500159327922195,-0.24559443314067528,0.12776572629115124,-0.3382779154117454,-0.3382779154117454,0.3681956707305017,-0.3195086495848784,-0.45472165389863833,0.340788427186555,-0.28692970111232613,-0.4512477217396244,-0.6096842639711268,1.714029256074423,0.7737151035315597,2.237627167113116,0.0,0.0,0.0,3.4153543695413164,1.0,19.892677307128906,-15.677794456481934,1.5399999618530273
5.56009840965271,0.12781675694384453,0.9608953821866316,-0.12931199821826764,-0.18984614420980048,0.15465093966050647,0.954009395728808,-0.11500159327922195,-0.24559443314067528,0.12776572629115124,-0.3308511369584778,-0.33085113695847784,0.3748833487543592,-0.3195086495848784,-0.45472165389863833,0.340788427186555,-0.28692970111232613,-0.4512477217396244,-0.6096842639711268,1.6794376187820992,0.682210597575448,2.1418719506672206,0.0,0.0,0.0,3.4153543695413164,1.0,19.892677307128906,-15.677794456481934,1.5399999618530273
5.5801146030426025,0.25334837829145745,0.9613473736463853,-0.12585013904995296,-0.18606988120564005,0.15921987624798578,0.9501354347794669,-0.19584765487452035,-0.23359440455789154,0.06572675114310843,-0.3232816251906945,-0.32328162519069464,0.3814301912723524,-0.45950525768354733,-0.43140532441832424,0.2405354117770882,-0.0072340940100088374,-0.473847729133904,-0.5191001271565936,-0.8458605970888016,0.4816929476665519,0.17364714189278163,0.0,0.0,0.0,3.56562823027361,1.0,19.914941787719727,-15.686872482299805,1.5499999523162842
5.60010552406311,0.3405404151876215,0.9617861363107485,-0.12237702508445143,-0.18218570776529594,0.1637060158270919,0.9372846285972017,-0.17785315680235433,-0.2952226349127815,0.052051661318321084,-0.31559239674754125,-0.31559239674754125,0.3878162440062851,-0.4455655968841801,-0.5643895898855912,0.2421309642158871,-0.30092630592965963,-0.3833220851471349,-0.5208521680406455,0.8535463553069225,-1.185249223116941,0.09040064280599092,0.0,0.0,0.0,3.809477653876284,1.0,19.92607307434082,-15.686872482299805,1.5499999523162842
5.620104074478149,0.1715572054284645,0.9622121724667618,-0.11888813887926566,-0.1781890437746321,0.16811308773947692,0.9450842046396616,-0.1624657757048902,-0.2452585904976687,0.14236903333352854,-0.3077740437787617,-0.30777404377876166,0.39404966435218414,-0.42768504316114675,-0.43049407522753,0.39392194010343995,-0.1834266535222127,-0.37993165305674015,-0.6835157773987584,0.17161325832235486,-0.03974907309949449,2.300401293385587,0.0,0.0,0.0,3.502699781659232,1.0,19.94833755493164,-15.686872482299805,1.559999942779541
5.640093088150024,0.42315708656526596,0.962624916321499,-0.1153876059262168,-0.17408510944374553,0.17243359749655104,0.9438089345528613,-0.09257254346368264,-0.31666331182964086,0.019477325174191776,-0.299836419020443,-0.29983641902044317,0.40012263348753124,-0.23472638817771932,-0.6361875948610809,0.11887544958657405,-0.003086873134562851,-0.5312703761931498,-0.6235070306473603,1.4324254580136273,-0.9597202384999877,0.02259829574873029,0.0,0.0,0.0,3.7087075974308314,1.0,19.94833755493164,-15.686872482299805,1.559999942779541
5.660114765167236,0.30920532190496114,0.9630250473226558,-0.1118690958112342,-0.1698669414434307,0.1766728214418612,0.952586276289091,-0.08040028553980748,-0.28315343069571053,0.07706695138676778,-0.29176573277029916,-0.29176573277029916,0.4060452649410044,-0.23372246073317993,-0.5551417102731561,0.22832759310922546,-0.3124950358215991,-0.39600386547062194,-0.6822281959278815,2.571417439435134,-0.7450658161890575,1.207714125299873,0.0,0.0,0.0,3.503084408017054,1.0,19.959468841552734,-15.686872482299805,1.5700000524520874
5.680102825164795,0.3196632246974237,0.9634111048288344,-0.10834528890783877,-0.16555050905306523,0.1808130814300578,0.952586276289091,-0.08040028553980748,-0.28315343069571053,0.07706695138676778,-0.28359193451352516,-0.28359193451352516,0.4117955981781209,-0.23372246073317993,-0.5551417102731561,0.22832759310922546,-0.3124950358215991,-0.39600386547062194,-0.6822281959278815,2.5337617169276108,-0.8415765142989087,1.1164153615584582,0.0,0.0,0.0,3.503084408017054,1.0,19.959468841552734,-15.686872482299805,1.5700000524520874
5.700095176696777,0.33205679529294363,0.9637837440217693,-0.10481050860532423,-0.16112996440389885,0.1848588288842941,0.9346304197497821,-0.2095090013823961,-0.2640226530404053,0.11341955519046573,-0.2753030474489589,-0.27530304744895906,0.4173825967446608,-0.5287692581930667,-0.4622938761056087,0.3687823468849636,-0.3343693478308296,-0.4555912287618781,-0.6249227412483277,-0.13113561982023247,-0.7917511281469731,1.1087191515057082,0.0,0.0,0.0,3.747521098936827,1.0,19.959468841552734,-15.686872482299805,1.5700000524520874
5.720112562179565,0.3176128056171834,0.9641432440725796,-0.10126199908980399,-0.15660271391699992,0.1888104934673102,0.9317281349211327,-0.19327139470906488,-0.2726516657408019,0.14209123742288315,-0.2668935425327015,-0.2668935425327015,0.42280945703040396,-0.5131618375106421,-0.47029593605118847,0.42822287875365567,-0.007184346551763782,-0.4691709559697865,-0.5757920195572818,-1.2265632894318377,-0.9046628081449353,1.4715417875384351,0.0,0.0,0.0,3.739610384982367,1.0,19.959468841552734,-15.677794456481934,1.5700000524520874
5.740195274353027,0.2469885746339608,0.9644901856313342,-0.0976934451795585,-0.1519613033877474,0.19267183204215488,0.9401258651785083,-0.1676192190815652,-0.2467144446609973,0.16492161111407838,-0.2583491333411651,-0.25834913334116516,0.42808378304003625,-0.449445141944564,-0.42091657718313136,0.44489928468027007,-0.49035438379244145,-0.4791129105446801,-0.547000488518982,1.0144228153045285,-0.3090413650128756,1.7192069859539356,0.0,0.0,0.0,3.5281856353652277,1.0,19.959468841552734,-15.659638404846191,1.5800000429153442
5.760094165802002,0.21672873303557125,0.9648203611432223,-0.09415002257025593,-0.14726661029698307,0.19639243739288653,0.941203150284648,-0.15841679660910354,-0.2308695456656239,0.18905026138705253,-0.2497801557323941,-0.24978015573239412,0.43313955464988524,-0.42880817394803866,-0.3840654288186342,0.4810685713101776,-0.0950208624744476,-0.5227945262313034,-0.6323756917522773,-0.5545007791066449,0.14212579859825203,2.4487273466868142,0.0,0.0,0.0,3.4528374660723484,1.0,19.959468841552734,-15.65056037902832,1.5800000429153442
5.780108213424683,0.26126472420213687,0.9651388008803389,-0.0905793143910744,-0.14245112646334776,0.20002539691006244,0.9860406930227067,-0.06350327434029986,-0.13480995989074965,0.07427893756385597,-0.24106183422167377,-0.24106183422167385,0.438051586096526,-0.15085707253532282,-0.25931891754146585,0.17008413232494143,-0.2820949029596726,-0.4671634665175396,-0.584119220742262,2.016573877699276,1.9562169062166466,-0.11109942671472828,0.0,0.0,0.0,3.059534466693906,1.0,19.959468841552734,-15.64148235321045,1.5800000429153442
5.800105571746826,0.10635769287099506,0.9654433273218299,-0.0870055277620661,-0.13754851932037898,0.20354268520722968,0.9537754553181541,-0.13018522862276938,-0.16348242508892927,0.21595759715306997,-0.2322543454912958,-0.23225434549129573,0.4427842804350779,-0.3362040335755531,-0.2584910964679779,0.4894443156968158,-0.33176067995777103,-0.587296834729342,-0.5899817539377141,0.544408332413885,1.6621601171767613,2.5734848784692517,0.0,0.0,0.0,3.2047256091164105,1.0,19.959468841552734,-15.64148235321045,1.590000033378601
5.8201210498809814,0.11607714069112549,0.9657345102805575,-0.0834231294301904,-0.13255298994195952,0.20694719613150703,0.9537754553181541,-0.13018522862276938,-0.16348242508892927,0.21595759715306997,-0.2233458769059859,-0.22334587690598595,0.4473439608054368,-0.3362040335755531,-0.2584910964679779,0.4894443156968158,-0.33176067995777103,-0.587296834729342,-0.5899817539377141,0.5080221104747834,1.5415785217264126,2.5110934621182963,0.0,0.0,0.0,3.2047256091164105,1.0,19.959468841552734,-15.64148235321045,1.590000033378601
5.840098857879639,0.3650067754988605,0.9660116172943838,-0.07984275101179106,-0.12748142735425178,0.21022648749118397,0.9419547095874802,-0.21925901555417093,-0.2149752537593843,0.13576615725308822,-0.21436495099293487,-0.2143649509929349,0.45171635766905377,-0.5263322327161033,-0.3527267855924387,0.382246827222208,-0.19041473284976113,-0.6016274682490098,-0.6546333204984452,-1.4125945065518783,-0.050309544652839655,1.06534565331415,0.0,0.0,0.0,3.6210647784619128,1.0,19.959468841552734,-15.614248275756836,1.590000033378601
5.860097408294678,0.4629986171401403,0.9662755512472778,-0.07625452164245494,-0.12232204482536985,0.21338726377314488,0.9268344918938007,-0.22813290548348972,-0.26907659372042925,0.12857289287961282,-0.20528901543932404,-0.205289015439324,0.4559127330311722,-0.5799754403259754,-0.45572732009128153,0.4138578061312692,-0.2796815515743264,-0.6172324612429979,-0.47736010945588636,-1.0427479790898846,-1.2411948689646697,0.2909362417346084,0.0,0.0,0.0,3.9289422883058407,1.0,19.959468841552734,-15.605170249938965,1.590000033378601
5.880115270614624,0.13478115447933373,0.966526342688342,-0.072659232133559,-0.11707799633172163,0.21642598654091563,0.9582727667434403,-0.04597453017847996,-0.17835455765776845,0.2186076367729229,-0.19612209682008616,-0.19612209682008613,0.45993056338853233,-0.17633030458141738,-0.3275495877095057,0.4777901387367761,-0.4574898875185403,-0.6807020536302347,-0.6271508428970383,2.593923267970621,1.637649357153683,2.7380315729377167,0.0,0.0,0.0,3.1678443403560492,1.0,19.959468841552734,-15.596092224121094,1.600000023841858
5.900121450424194,0.2690659675502697,0.9667636978381046,-0.06906294844574383,-0.1117604802954283,0.21933503308525493,0.9566292132609627,-0.1108277378055035,-0.22107806354804516,0.15395535289970488,-0.18688200971214475,-0.18688200971214478,0.46376191569160774,-0.3089335161073844,-0.3993878273571062,0.3821407605013847,0.07184991523707504,-0.6523344138688817,-0.46863576266228946,-0.48325084871099455,0.19948363895576326,0.7125088072187387,0.0,0.0,0.0,3.3804309223760063,1.0,19.94833755493164,-15.56885814666748,1.600000023841858
5.920198440551758,0.19213682980328253,0.966988649650218,-0.0654512880055039,-0.10635046404174991,0.22212307206630497,0.95119415961025,-0.07814472732153045,-0.20021733689298443,0.22144094093612193,-0.17753402836237184,-0.17753402836237187,0.46742022717617665,-0.25576585153823983,-0.3536052435884033,0.5033979124540032,-0.3982533848190574,-0.7521605154458469,-0.5889921690337812,1.7453007725777943,1.102399980435797,2.508817919266229,0.0,0.0,0.0,3.2832979689594373,1.0,19.92607307434082,-15.550702095031738,1.600000023841858
5.940072774887085,0.20395768392236066,0.9671983839047713,-0.061873881009635937,-0.10092562689911773,0.22475081057879212,0.95119415961025,-0.07814472732153045,-0.20021733689298443,0.22144094093612193,-0.16820991317843728,-0.16820991317843728,0.4708560556141363,-0.25576585153823983,-0.3536052435884033,0.5033979124540032,-0.3982533848190574,-0.7521605154458469,-0.5889921690337812,1.7114648042010043,0.978408098003448,2.4539102741101058,0.0,0.0,0.0,3.2832979689594373,1.0,19.92607307434082,-15.550702095031738,1.600000023841858
5.9601054191589355,0.2162547720105909,0.9673968802605921,-0.05826613229256808,-0.09539104512527735,0.2272639047443435,0.95119415961025,-0.07814472732153045,-0.20021733689298443,0.22144094093612193,-0.15874430142231793,-0.158744301422318,0.47413104387494,-0.25576585153823983,-0.3536052435884033,0.5033979124540032,-0.3982533848190574,-0.7521605154458469,-0.5889921690337812,1.6770961454861812,0.8524182460079155,2.401183859514653,0.0,0.0,0.0,3.2832979689594373,1.0,19.92607307434082,-15.550702095031738,1.600000023841858
5.980095624923706,0.20553735517917535,0.9675821689320319,-0.054664510946118745,-0.08980505098589014,0.22963360038380326,0.9729688863232357,-0.1156258414855592,-0.1257715339008466,0.15538253533749122,-0.1492352388135017,-0.1492352388135017,0.4772094335784625,-0.27343335968339266,-0.21035910863121207,0.34576956566064415,-0.08363712119622282,-0.7759928298020806,-0.5022310371417864,-0.5407195253229984,2.0564824973745086,0.47713368716553983,0.0,0.0,0.0,3.1786798610159965,1.0,19.92607307434082,-15.532546043395996,1.600000023841858
6.000127792358398,0.32953743083602527,0.9677551673907325,-0.05105410546969094,-0.08414760065326266,0.2318676251819646,0.930780689683342,-0.02759303251700386,-0.2359914405899415,0.2778380323811015,-0.13964639674615661,-0.13964639674615661,0.4801029929877703,-0.20289819875131337,-0.43783509156824,0.6254493378870517,-0.17542541394692254,-0.7397343116863193,-0.5332953877823366,1.7448265917017154,0.11349458609993857,3.388936108512283,0.0,0.0,0.0,3.3891479460094716,1.0,19.914941787719727,-15.514389991760254,1.600000023841858
6.0200629234313965,0.16568037808540265,0.9679148619816411,-0.0474602286084656,-0.07846177678386759,0.2339489180129098,0.9554091492504804,-0.048122788714378584,-0.15975111282196605,0.24363320111792688,-0.13004836708858078,-0.13004836708858075,0.4827912822510301,-0.17790450147021789,-0.28567663908292507,0.5250176795666781,-0.3137847737067998,-0.6910519427289145,-0.4833032638158866,1.5955967027112261,1.1770524940645681,2.2553187419851786,0.0,0.0,0.0,3.183736943381613,1.0,19.914941787719727,-15.514389991760254,1.600000023841858
6.040091514587402,0.3400593677792391,0.968062916419922,-0.04384876081475723,-0.07269692830237495,0.23589538495478082,0.9604079805657806,-0.10353142747718133,-0.20832823817382162,0.1532876367144057,-0.12035330113680552,-0.12035330113680547,0.4852989623989252,-0.2865162395829807,-0.3773089316551776,0.37161017469357455,-0.15776643373626434,-0.8449730458015531,-0.4213950979460158,0.2288236110417049,0.3887472884771541,0.15447608550304626,0.0,0.0,0.0,3.38744861577892,1.0,19.914941787719727,-15.48715591430664,1.600000023841858
6.060142993927002,0.2648505912351166,0.9681988333358882,-0.04023261146632562,-0.0668766567884145,0.23769701066363766,0.9765184135333206,-0.018437648765468617,-0.15832060293139222,0.14493594387110645,-0.11059879715712029,-0.11059879715712032,0.4876145055957607,-0.08607317962842466,-0.30874310443576947,0.3080927712803776,-0.10330257583831434,-0.858520589074438,-0.5209581381489222,1.4007318746712367,1.7034631815033507,0.3507906927147362,0.0,0.0,0.0,3.1981014838108575,1.0,19.892677307128906,-15.468999862670898,1.600000023841858
6.08016300201416,0.28440415399969804,0.9683223803618538,-0.03662174397892837,-0.061020575291555954,0.23934724763277104,0.9492131582775958,-0.030026962385395695,-0.20165712503952324,0.23963965782685467,-0.10081523960577672,-0.10081523960577676,0.4897308316445165,-0.16604327530852592,-0.3773302963016274,0.5263618116634582,-0.38203437327419176,-0.7917062295695152,-0.394115159506627,2.3147212857425883,0.45165645931066845,1.7846538406496495,0.0,0.0,0.0,3.326365826852814,1.0,19.881546020507812,-15.441765785217285,1.600000023841858
6.100119113922119,0.29588051182883773,0.9684335658907126,-0.03302213953549443,-0.05514232046822924,0.2408428766853526,0.9492131582775958,-0.030026962385395695,-0.20165712503952324,0.23963965782685467,-0.09102269100995064,-0.09102269100995063,0.49164506477875586,-0.16604327530852592,-0.3773302963016274,0.5263618116634582,-0.38203437327419176,-0.7917062295695152,-0.394115159506627,2.280524021009697,0.32146335221972766,1.7458057194218055,0.0,0.0,0.0,3.326365826852814,1.0,19.881546020507812,-15.441765785217285,1.600000023841858
6.120116710662842,0.3076715011404017,0.9685331120553836,-0.02941489430686628,-0.04921480342554725,0.2421905819164202,0.9492131582775958,-0.030026962385395695,-0.20165712503952324,0.23963965782685467,-0.08117342698538332,-0.08117342698538331,0.49336687642306176,-0.16604327530852592,-0.3773302963016274,0.5263618116634582,-0.38203437327419176,-0.7917062295695152,-0.394115159506627,2.2458281972712744,0.190434194764316,1.709708805405656,0.0,0.0,0.0,3.326365826852814,1.0,19.881546020507812,-15.441765785217285,1.600000023841858
6.140131711959839,0.5150736335629592,0.9686209533430877,-0.02580443149854192,-0.04324893516374115,0.24338674916060482,0.9074606777315463,-0.1563219019615174,-0.24783083579244333,0.3010954303348949,-0.07128308909862566,-0.07128308909862562,0.49489263604195755,-0.4816498196815181,-0.36361785102041333,0.7309769773642173,-0.3722601188133855,-0.8942849502363208,-0.5572273195433425,-0.12502908653845313,-1.0445505101077197,3.6372656073113485,0.0,0.0,0.0,3.682095074081323,1.0,19.881546020507812,-15.441765785217285,1.600000023841858
6.160094738006592,0.2681742199652772,0.9686969128525922,-0.022203325060609784,-0.037269445789596935,0.24442645478066857,0.9750570324804949,-0.09838828395083822,-0.11248122145895392,0.16410820762729167,-0.06138998722339801,-0.06138998722339799,0.49621695806240945,-0.2350560433978109,-0.18816699715027072,0.355769222827969,-0.08066934308164322,-0.8400070531166259,-0.44982160794284215,-0.7229577164019297,1.4995216459390102,0.18872564681923776,0.0,0.0,0.0,3.206973169973287,1.0,19.881546020507812,-15.423609733581543,1.600000023841858
6.1801276206970215,0.4139110972836387,0.9687615254828977,-0.018589637500405366,-0.031243821915565923,0.24531480940571254,0.9409319589084539,-0.11337745057235347,-0.21252978068532352,0.23795733804247662,-0.05143767799952536,-0.05143767799952536,0.49734712754978,-0.3418288627231697,-0.35329815437141515,0.5570052006049261,-0.4290469573754217,-0.8496509408697128,-0.5115202270514214,0.7633453896092118,-0.5990360567561654,2.0482384350969944,0.0,0.0,0.0,3.482353894078252,1.0,19.8481502532959,-15.387296676635742,1.600000023841858
6.200099945068359,0.23468385989288013,0.9688144378250778,-0.014986917119452835,-0.02521530761172928,0.24604504798710988,0.9482237241615246,-0.11725848350887057,-0.05616436709218878,0.28977194628117925,-0.04149490146733084,-0.041494901467330855,0.4982751982110052,-0.2579655646878151,-0.03856589200105364,0.5981655544004206,-0.37473114984181816,-0.9209366698428617,-0.4168125303220132,-0.3586451162832496,2.5835231213689465,2.5735404313471935,0.0,0.0,0.0,3.2008867292478485,1.0,19.837018966674805,-15.378218650817871,1.600000023841858
6.220173120498657,0.20561628233872228,0.9688561062551363,-0.011366057307377747,-0.019139211107345233,0.24662187395202806,0.9672772231363604,-0.05869303745750759,-0.10706900301283222,0.22240982341043553,-0.03148524813465325,-0.03148524813465325,0.4990076944796535,-0.16462127280189298,-0.1820265365534943,0.4670691790037228,-0.12903148489607905,-0.9962313433874544,-0.3287074894878798,0.04168254393475085,2.0415534040738397,0.8553301197711376,0.0,0.0,0.0,3.202355583979441,1.0,19.814754486083984,-15.341906547546387,1.600000023841858
6.240131855010986,0.20148172396527236,0.9688861458381005,-0.007765890884627626,-0.013084801829778885,0.24703869191451489,0.9613312136455576,-0.09494668666363494,-0.06277005355798837,0.25077349289485096,-0.021520076378299467,-0.02152007637829947,0.4995366716395025,-0.21628858498756862,-0.07313056628283908,0.5182912296868373,-0.38063349712644023,-0.9553562136286534,-0.2286719975856872,0.07650147792995954,2.426500203815796,1.0092892763632408,0.0,0.0,0.0,3.2028590921939486,1.0,19.814754486083984,-15.305594444274902,1.600000023841858
6.260146379470825,0.21385142185906822,0.9689048999948922,-0.004155700555178444,-0.007004605955112255,0.2472993336307186,0.9613312136455576,-0.09494668666363494,-0.06277005355798837,0.25077349289485096,-0.011518444807851688,-0.011518444807851693,0.49986730782199446,-0.21628858498756862,-0.07313056628283908,0.5182912296868373,-0.38063349712644023,-0.9553562136286534,-0.2286719975856872,0.037876341040183004,2.29097327611353,1.0113857291686736,0.0,0.0,0.0,3.2028590921939486,1.0,19.814754486083984,-15.305594444274902,1.600000023841858
6.280049562454224,0.2263765258696513,0.9689122823901241,-0.0005656166021598137,-0.0009535117705007771,0.24740202086224625,0.9613312136455576,-0.09494668666363494,-0.06277005355798837,0.25077349289485096,-0.0015678697932286372,-0.001567869793228637,0.4999975417782686,-0.21628858498756862,-0.07313056628283908,0.5182912296868373,-0.38063349712644023,-0.9553562136286534,-0.2286719975856872,-0.000684878761382901,2.156420939817517,1.016432058161427,0.0,0.0,0.0,3.2028590921939486,1.0,19.814754486083984,-15.305594444274902,1.600000023841858
6.300108909606934,0.29433269695980335,0.9689083633513774,0.0030526326723710902,0.005145697384973752,0.24734750182677254,0.9584044798614265,-0.04584479625948089,-0.13311756339028585,0.24827166965747086,0.008461397297747456,0.008461397297747458,0.49992839962915653,-0.1589775040371028,-0.23454144525095408,0.5257184644622509,-0.5012160312280529,-0.8935148513431138,-0.1734086988546,1.7420394108052308,0.6539022465617426,0.7600965495379634,0.0,0.0,0.0,3.2486635333271123,1.0,19.814754486083984,-15.305594444274902,1.600000023841858
6.320101499557495,0.5361280696031162,0.9688931055936887,0.006658857510730695,0.011221121845180235,0.2471353798512154,0.912981767006869,-0.1269306581976284,-0.1955874710524413,0.334811054611168,0.01845390400952572,0.018453904009525714,0.49965933737578366,-0.38652072221803335,-0.27561628626858126,0.7572578654548576,0.007386903540361006,-1.0383617621335293,-0.3191750744913393,-1.5689099245805669,-0.5134839000126119,3.2544591376401257,0.0,0.0,0.0,3.5282803134237395,1.0,19.78135871887207,-15.28743839263916,1.590000033378601
6.340146780014038,0.2596158618702378,0.9688664109245668,0.010274621607650742,0.017304925772589637,0.2467647654690054,0.9536696901759325,0.0070420221752327695,-0.10679593859815974,0.2811746067168272,0.02846533743816481,0.028465337438164817,0.4991890669521233,-0.04768213935604171,-0.2091782932757605,0.5784281903692667,-0.4639589358031163,-1.0505117895867735,-0.19999969626922137,2.42070302291076,1.7795387449435123,1.5173868869235776,0.0,0.0,0.0,3.232576433802979,1.0,19.75909423828125,-15.251126289367676,1.590000033378601
6.360093593597412,0.43918531128421745,0.9688284869483506,0.013872671889721747,0.02334716288034232,0.246239358830892,0.9714948110369517,-0.15582180123683237,-0.08353619362439797,0.15792119155557904,0.03841624578253,0.03841624578253001,0.49852200759843723,-0.33764901895915506,-0.1133373153004424,0.3416287836078392,-0.3940104728336162,-1.1053299509035588,-0.33867193543130486,-1.2276564715291143,1.5378369842431598,-0.3201639290085452,0.0,0.0,0.0,3.3833528778390436,1.0,19.747962951660156,-15.223892211914062,1.590000033378601
6.38024377822876,0.39951149445447365,0.9687786230431391,0.01750746003154542,0.02943502817399153,0.24555049886791006,0.943806798313094,-0.0945032730671246,-0.12751613601573064,0.28989221081844346,0.04845307770031142,0.048453077700311424,0.49764676153007115,-0.2597037709074566,-0.18699758773479072,0.6205002597904273,-0.12890163513907,-1.1629456915400218,-0.0924050990511765,-0.8490289464191916,1.0598529960621903,1.3623877865549177,0.0,0.0,0.0,3.3528681462591154,1.0,19.736831665039062,-15.19665813446045,1.590000033378601
6.40013575553894,0.37514736706097274,0.9687179493721848,0.02109571867354421,0.03542507645594802,0.24471528186013686,0.9676876201594221,-0.0005316048751376341,-0.14639522698188356,0.20530178933310173,0.05834201706500851,0.058342017065008515,0.49658454370307004,-0.06379060718969384,-0.2870367094323616,0.4273361156197829,-0.5006781535009595,-0.9942375469040361,-0.2224652955293176,2.446091410688721,0.3658067348723133,0.06990316741949454,0.0,0.0,0.0,3.349833830958919,1.0,19.70343589782715,-15.160346031188965,1.5800000429153442
6.4202094078063965,0.387378461865098,0.9686451182114095,0.02471677805117067,0.04144581396919515,0.24371696771543072,0.9676876201594221,-0.0005316048751376341,-0.14639522698188356,0.20530178933310173,0.06829785896818348,0.06829785896818345,0.4953134386026309,-0.06379060718969384,-0.2870367094323616,0.4273361156197829,-0.5006781535009595,-0.9942375469040361,-0.2224652955293176,2.397809493580119,0.23463852922576178,0.07838714172243921,0.0,0.0,0.0,3.349833830958919,1.0,19.70343589782715,-15.160346031188965,1.5800000429153442
6.440091848373413,0.3995168674796156,0.968561408045,0.02830333966334024,0.04738143434552093,0.2425751831683322,0.9676876201594221,-0.0005316048751376341,-0.14639522698188356,0.20530178933310173,0.07813175112769939,0.07813175112769939,0.4938577016365335,-0.06379060718969384,-0.2870367094323616,0.4273361156197829,-0.5006781535009595,-0.9942375469040361,-0.2224652955293176,2.349425791696556,0.10529268671327285,0.08970323827440463,0.0,0.0,0.0,3.349833830958919,1.0,19.70343589782715,-15.160346031188965,1.5800000429153442
6.460108757019043,0.4527105372269134,0.9684654032189945,0.03191409995800711,0.053325305365680024,0.24127300884972178,0.9792861891216603,-0.09298986008913522,-0.10752856693568243,0.14418409416068417,0.08800094322928162,0.08800094322928163,0.4921949146331733,-0.21856464047017948,-0.1848378658588106,0.3127047314782491,-0.3526279411543551,-0.9978671520997571,-0.16300878450737952,-0.34305019421784966,0.32355098960200745,-1.2501845266430784,0.0,0.0,0.0,3.3502386989774746,1.0,19.681171417236328,-15.133111953735352,1.5800000429153442
6.480093717575073,0.5302107503339147,0.9683577080117748,0.03551896629733262,0.059223828457138396,0.23982137208812448,0.9535882138570284,-0.12756510636125507,-0.1479982826614253,0.2291138807695268,0.097819211272658,0.09781921127265797,0.49033804860116165,-0.3248883774322739,-0.22571672379091354,0.508737002548275,-0.06645935635773684,-1.1239180909065651,-0.06228050170255632,-1.9009019597968893,-0.274750629000577,0.1585521380851636,0.0,0.0,0.0,3.490356096565123,1.0,19.670040130615234,-15.096799850463867,1.5800000429153442
6.500090599060059,0.31391047589790266,0.9682379912649737,0.03912575547382881,0.06508610365177195,0.23821873696500367,0.9537338759869625,-0.09481898245645072,0.0001600513577432482,0.28530865522162363,0.10760423256288876,0.10760423256288872,0.48828406602566066,-0.18204484897243942,0.05443752866758278,0.5763820036283827,-0.5380689275062631,-1.010082758717922,-0.10110192387637729,-0.059552251018634816,2.126922454403212,1.5089488981964398,0.0,0.0,0.0,3.3025960768903126,1.0,19.63664436340332,-15.078643798828125,1.5700000524520874
6.520112752914429,0.2653048726620815,0.9681060194449994,0.04273675271259094,0.070912071743509,0.23646518382836962,0.9615872351850494,0.06552226044192085,-0.0573047760931017,0.2603324512093582,0.11735851022993886,0.11735851022993887,0.48603187146174814,0.09734534711824544,-0.14482799110037847,0.5217209091117256,-0.25046220486285653,-1.0477112970418185,0.010607981868418867,2.0888223540554156,1.8048997498090298,0.3086115017105097,0.0,0.0,0.0,3.297904639040887,1.0,19.6143798828125,-15.033252716064453,1.5700000524520874
6.54009747505188,0.2794616749767043,0.9679620908767704,0.04634049975696914,0.07667972594937439,0.23456804628097558,0.9802694633470478,-0.076012220378999,0.044036649442820264,0.17707257011800454,0.1270476405094278,0.1270476405094278,0.4835895956707373,-0.13470057223585027,0.11349844619625729,0.3497551126621083,-0.3634021737959173,-1.1906775865100268,0.2473341194016295,-0.8614880902763802,3.591177226911861,-2.002758098958565,0.0,0.0,0.0,3.315255227960783,1.0,19.603248596191406,-14.996940612792969,1.559999942779541
6.560107707977295,0.28707853269935313,0.9678056324393759,0.049948167016459905,0.0824035255101411,0.23252332660147151,0.9802694633470478,-0.076012220378999,0.044036649442820264,0.17707257011800454,0.13669830050826737,0.1366983005082673,0.48095069876043584,-0.13470057223585027,0.11349844619625729,0.3497551126621083,-0.3634021737959173,-1.1906775865100268,0.2473341194016295,-0.9099085461238183,3.469154205712348,-1.9513456978120194,0.0,0.0,0.0,3.315255227960783,1.0,19.603248596191406,-14.996940612792969,1.559999942779541
6.5800981521606445,0.15494232613396056,0.9676368594486356,0.053551375057998105,0.0880668087014501,0.2303375689524429,0.9623625941729272,0.07446797086378838,0.02011013157267494,0.2605922893339582,0.14628476563921783,0.14628476563921788,0.47812212596979775,0.15442449739418265,-0.00010508124021492298,0.5288765101111931,-0.48194236354238384,-1.1234207051012337,0.18069719124841976,2.7045599683673185,3.2517787809222307,-0.22260451081466548,0.0,0.0,0.0,3.3063052276669467,1.0,19.5587215423584,-14.978784561157227,1.559999942779541
6.600095272064209,0.3267421399454576,0.9674554257379885,0.057154648675259864,0.0936735094190654,0.22801012911283408,0.982911061727313,-0.07533950881169818,0.022650276800057646,0.16642346020612264,0.15581594635993085,0.15581594635993085,0.4751014532286332,-0.1413772217588993,0.069659260975665,0.33051803116235084,-0.004702433944029305,-1.1350757481480145,0.2795325055730099,-2.3540017833201734,2.6033101736922815,-2.2132202971554165,0.0,0.0,0.0,3.3245373381419188,1.0,19.547588348388672,-14.942472457885742,1.5499999523162842
6.620089054107666,0.43769604193224004,0.9672612843673448,0.060755901110128074,0.0992172587294296,0.2255443721633247,0.9639345108987263,-0.06891444411924787,-0.07533601281308447,0.24577539189999262,0.16528324562132696,0.16528324562132696,0.47189135266169063,-0.1717966847379183,-0.11159449264840376,0.5089229307043074,-0.49632557808634287,-0.9730692064165046,0.13573262737287534,0.30837812849808866,-0.08740554865804473,-0.09134226837688475,0.0,0.0,0.0,3.356545994164109,1.0,19.51419448852539,-14.906160354614258,1.5499999523162842
6.640168905258179,0.23144561559376345,0.9670533544323323,0.06437090492622151,0.104718960586597,0.2229307865096603,0.9788414006664361,0.10639476318086467,0.009164764375652236,0.17454418868296973,0.17472479698237772,0.17472479698237772,0.46847758251539307,0.21313551489596663,-0.019200653389248888,0.35087079474516597,-0.20660681806963072,-1.0584978120301505,0.19274304639456305,1.9487369477347574,2.610844506849038,-1.9704110854204786,0.0,0.0,0.0,3.3643530984781247,1.0,19.49193000793457,-14.869848251342773,1.5499999523162842
6.660093784332275,0.06406114950362132,0.9668340702570107,0.067955915748863,0.11010952357236292,0.22020392122680818,0.9741760714356094,0.06667961148698608,0.10182235218818515,0.19017628624277017,0.1840238567552844,0.18402385675528443,0.46490345249837683,0.17207417617013646,0.17389919082849054,0.40062217607044837,-0.2898520756372214,-1.0876454744109885,0.1054299171546649,1.0951209464420766,4.0,-1.0431418099618495,0.0,1.0,0.0,3.4026645999407013,1.0,19.480798721313477,-14.833536148071289,1.5399999618530273
6.680103778839111,0.0633882805691719,0.9666007349291349,0.07155374226741694,0.1154509473673075,0.21733421257127394,0.9741760714356094,0.06667961148698608,0.10182235218818515,0.19017628624277017,0.1932891111615511,0.19328911116155115,0.46112831132600995,0.17207417617013646,0.17389919082849054,0.40062217607044837,-0.2898520756372214,-1.0876454744109885,0.1054299171546649,1.0508716947103154,4.0,-0.9879137748906818,0.0,1.0,0.0,3.4026645999407013,1.0,19.480798721313477,-14.833536148071289,1.5399999618530273
6.700119972229004,0.06553527049178548,0.9663540636376226,0.0751497345465894,0.12071843481994575,0.21433478621832122,0.9741760714356094,0.06667961148698608,0.10182235218818515,0.19017628624277017,0.20247980914361102,0.202479809143611,0.45716728545376784,0.17207417617013646,0.17389919082849054,0.40062217607044837,-0.2898520756372214,-1.0876454744109885,0.1054299171546649,1.0066233401248346,3.966491819012493,-0.9301142403627048,0.0,0.0,0.0,3.4026645999407013,1.0,19.480798721313477,-14.833536148071289,1.5399999618530273
6.7201104164123535,0.200338217571202,0.9660943640868703,0.07873767037441698,0.1259005414258588,0.2112134290528686,0.971949851864228,-0.010133852593412481,0.08110894023736182,0.22052693782459412,0.21157772164840805,0.2115777216484081,0.4530285506478247,0.016290482435484827,0.16285614766790676,0.44755717366937875,-0.5458896164032127,-1.1123387826710365,0.22802575357693844,0.6698352364767268,3.179069017824167,-0.6036398700862952,0.0,0.0,0.0,3.3465699566845832,1.0,19.480798721313477,-14.833536148071289,1.5399999618530273
6.740119695663452,0.32356337177383115,0.9658209701657332,0.08232502136529732,0.13100580562162586,0.20796615911910732,0.9790223276066189,0.023712780735840093,-0.01887620099345249,0.20148616605997308,0.22059953815396288,0.22059953815396285,0.4487046286436751,0.038875959518715274,-0.0465328301582016,0.40503424900527235,-0.34319747353561886,-1.019198774012565,0.13804973557921044,0.8253046018218041,0.9139043660455197,-0.8254878298986225,0.0,0.0,0.0,3.308425587331416,1.0,19.447402954101562,-14.815380096435547,1.5399999618530273
6.760202169418335,0.31681374080937386,0.9655329654991359,0.0859209235056293,0.13604454456490006,0.20458633711104265,0.9538164904328326,-0.03133351534543632,0.07337761876132667,0.28959979015774306,0.22956554835366266,0.22956554835366266,0.4441842624509361,-0.017493529172197084,0.15879240959517527,0.5881611664449659,-0.2890920988062479,-0.8959739755448488,0.20755746098707092,-0.6000300526567794,1.7797736872541456,1.0707251308232055,0.0,0.0,0.0,3.3587178340757995,1.0,19.425138473510742,-14.769989967346191,1.5299999713897705
6.780119895935059,0.37517201894280694,0.9652337910824975,0.08948218060387,0.1409547817929563,0.2011179191334926,0.9633526157679992,0.10042494694555329,-0.04071376764968347,0.2453751349417947,0.23836656942291332,0.23836656942291332,0.4395240364093317,0.1758467206606402,-0.1280768672712145,0.4875071427670226,-0.5033844750914243,-0.9360141493514271,0.18298567760914847,3.083652427227279,0.20711844090995823,-0.22597540905643032,0.0,0.0,0.0,3.3960680897321622,1.0,19.41400718688965,-14.742755889892578,1.5299999713897705
6.800089359283447,0.34152729560491757,0.9649202636481795,0.09304687426203793,0.14578787012246774,0.19752736751231859,0.9452182660596204,-0.026389856462087042,0.10138451604640172,0.3091717724650685,0.24709551895125292,0.24709551895125284,0.4346766666318898,0.01308868427592092,0.20950831375596055,0.6336189207109807,-0.30323780517489074,-1.0320876218630408,0.17470532321037008,-0.5543774744754626,2.649279092046969,1.799188020426241,0.0,0.0,0.0,3.4018361524169345,1.0,19.380611419677734,-14.706442832946777,1.5199999809265137
6.820093870162964,0.46209557177833377,0.96459252929339,0.09661126826625109,0.15053651887359892,0.19382020472795344,0.9482164400005381,-0.031218633879780085,0.003590327369154356,0.3160665900736243,0.25574099335853645,0.2557409933585365,0.42964699965900977,-0.05698538233090076,0.026546266955284056,0.6427339369562731,-0.13149855426367263,-0.8915547208539214,0.2580990752162162,-0.9707651361121219,0.04893097957764514,1.4903712504514428,0.0,0.0,0.0,3.335849574281764,1.0,19.358346939086914,-14.679208755493164,1.5199999809265137
6.840122699737549,0.4760854157037743,0.9642506969220739,0.10017265046787965,0.15519519285822903,0.1900012781463109,0.9482164400005381,-0.031218633879780085,0.003590327369154356,0.3160665900736243,0.2642944505116689,0.2642944505116689,0.4244389749171664,-0.05698538233090076,0.026546266955284056,0.6427339369562731,-0.13149855426367263,-0.8915547208539214,0.2580990752162162,-1.0083676804290729,-0.05957043659433614,1.5637982732788775,0.0,0.0,0.0,3.335849574281764,1.0,19.358346939086914,-14.679208755493164,1.5199999809265137
6.860126495361328,0.49004435090974724,0.9638956268373731,0.10372142568209185,0.15974994961431627,0.18608342219683432,0.9482164400005381,-0.031218633879780085,0.003590327369154356,0.3160665900736243,0.272731397599136,0.272731397599136,0.41906751814429855,-0.05698538233090076,0.026546266955284056,0.6427339369562731,-0.13149855426367263,-0.8915547208539214,0.2580990752162162,-1.0463726679301002,-0.16596062108597476,1.6389519568448265,0.0,0.0,0.0,3.335849574281764,1.0,19.358346939086914,-14.679208755493164,1.5199999809265137
6.880083084106445,0.5039494590772359,0.9635278287068578,0.1072528391679092,0.16419392089167614,0.18207500690673772,0.9482164400005381,-0.031218633879780085,0.003590327369154356,0.3160665900736243,0.28103969265828854,0.28103969265828854,0.4135416437924175,-0.05698538233090076,0.026546266955284056,0.6427339369562731,-0.13149855426367263,-0.8915547208539214,0.2580990752162162,-1.0847342638775037,-0.2700844552659709,1.7156721612096635,0.0,0.0,0.0,3.335849574281764,1.0,19.358346939086914,-14.679208755493164,1.5199999809265137
6.900110244750977,0.14165252897255348,0.9631451771564019,0.1107867981650767,0.1685509055167249,0.17795573978432283,0.9506725708505745,0.11360137613658589,0.15173887647514797,0.24554369008038673,0.28926484514169776,0.2892648451416977,0.40783066261029177,0.30334485939004074,0.23487330753368676,0.5415819890062028,-0.5550138712789923,-1.0412731487710756,0.3513761488410904,2.589584577239493,3.743549836977341,-0.10591200116810673,0.0,0.0,0.0,3.600421147629925,1.0,19.34721565246582,-14.64289665222168,1.5099999904632568
6.920099258422852,0.4017728967073037,0.9627498139591413,0.11430312736297704,0.17279486095211016,0.17375133618255298,0.9551593332696903,-0.03482950968680801,0.09088309793738937,0.27963872377065363,0.297358647461531,0.297358647461531,0.4019674548764475,-0.01600854625684472,0.19431557669145674,0.5680546636243315,-0.0837203892183502,-0.9584699790174325,0.3741230089965377,-1.868733007250194,1.5225960549969741,0.8968779933171462,0.0,0.0,0.0,3.4042527842661174,1.0,19.313819885253906,-14.615662574768066,1.5099999904632568
6.9401023387908936,0.26094973622289774,0.962340858182402,0.1178100143609731,0.17693502913204806,0.16945462122664742,0.9802011552585819,0.0040167689146311,0.11658502126551717,0.15999216735123936,0.3053392105064046,0.3053392105064046,0.39593934703098854,0.04641054885586916,0.2292715973451814,0.32893871044699124,-0.38788482319653683,-0.9029074038642235,0.5072517511834761,-0.5096539704395977,2.023521414989256,-2.0111758038213665,0.0,0.0,0.0,3.4445193428100973,1.0,19.291555404663086,-14.597506523132324,1.5
6.960121154785156,0.19895007901654818,0.9619184051746075,0.12130665716302308,0.1809695918626395,0.16506872367393563,0.9657989656597126,0.024029573745722736,0.17981041506282655,0.1852650861634809,0.3132037372814536,0.3132037372814536,0.38974789153108985,0.12041955814334432,0.34523491819883556,0.40006703400306226,-0.5921715275874073,-1.066628388839659,0.4940745478259571,0.5647444413601628,3.8600204719855284,-1.2512927542873014,0.0,0.0,0.0,3.5839600585936178,1.0,19.280424118041992,-14.56119441986084,1.5
6.980085611343384,0.2246779819818289,0.9614841635791845,0.12477973765756244,0.18488293115193952,0.16061295721458152,0.9681025197279478,0.12163800479134435,0.08132959093544725,0.20338929353594862,0.32092190901738077,0.32092190901738077,0.38341769431344724,0.2735792502446278,0.10820203702924383,0.4290662389287179,-0.15741902461533466,-1.0150046047764023,0.5436778071601565,1.04355728853378,1.9274036027330292,-1.6202058216125468,0.0,0.0,0.0,3.5106343749967563,1.0,19.2692928314209,-14.533960342407227,1.4900000095367432
7.000109434127808,0.23559840869074214,0.9610358810557088,0.12824786992778642,0.1886955973502294,0.15606566157583432,0.9681025197279478,0.12163800479134435,0.08132959093544725,0.20338929353594862,0.3285345487101508,0.32853454871015064,0.3769151765368671,0.2735792502446278,0.10820203702924383,0.4290662389287179,-0.15741902461533466,-1.0150046047764023,0.5436778071601565,0.9982222764823474,1.8276832961584795,-1.5376184382202114,0.0,0.0,0.0,3.5106343749967563,1.0,19.2692928314209,-14.533960342407227,1.4900000095367432
7.020105838775635,0.2466493318244045,0.9605757311567021,0.13169477485150669,0.1923892111095474,0.151450131852778,0.9681025197279478,0.12163800479134435,0.08132959093544725,0.20338929353594862,0.3360053137262515,0.33600531372625136,0.3702707511372232,0.2735792502446278,0.10820203702924383,0.4290662389287179,-0.15741902461533466,-1.0150046047764023,0.5436778071601565,0.9528961080801981,1.730169136673649,-1.4535030791966776,0.0,0.0,0.0,3.5106343749967563,1.0,19.2692928314209,-14.533960342407227,1.4900000095367432
7.0403993129730225,0.257981678696244,0.9600962989451944,0.13517475828747375,0.19601988275013812,0.14669385481431962,0.9681025197279478,0.12163800479134435,0.08132959093544725,0.20338929353594862,0.34344969258762204,0.343449692587622,0.36337626320587857,0.2735792502446278,0.10820203702924383,0.4290662389287179,-0.15741902461533466,-1.0150046047764023,0.5436778071601565,0.9068554659870482,1.6333653404545498,-1.3665340715655945,0.0,0.0,0.0,3.5106343749967563,1.0,19.2692928314209,-14.533960342407227,1.4900000095367432
7.060111999511719,0.43665240031402647,0.9596189128861785,0.13853637352208925,0.19943166770743065,0.1420078348469908,0.9777192233426063,0.010981551148011484,0.03597616612887336,0.20651934851577944,0.3505456226502204,0.3505456226502205,0.3565357856383693,0.03642029067252481,0.06586097635344673,0.4175314178758618,-0.5124657662703213,-1.0462404580478375,0.43315541217994014,0.273183650682034,0.43464700950819424,-0.4900212237843782,0.0,0.0,0.0,3.367218365446858,1.0,19.235897064208984,-14.506726264953613,1.4900000095367432
7.080111265182495,0.36049635530382645,0.9591231991184724,0.14192661224879904,0.20277602007816103,0.13719114887479877,0.9887048179410808,0.09797268361691641,0.03316092199618642,0.10846423141919588,0.3576054995894503,0.3576054995894502,0.34945429839018965,0.20250451851243884,0.04433418489308226,0.22303789930674947,-0.40503565386720125,-0.8842471755881443,0.4779721390702926,1.0419207873498522,0.124324816047797,-2.847310211979768,0.0,0.0,0.0,3.43736683765597,1.0,19.224763870239258,-14.4794921875,1.4800000190734863
7.100115537643433,0.35893669639754994,0.9586162965418946,0.14529590978980675,0.20600215652864648,0.13231404350333054,0.9830511298325697,0.07329425794762663,0.046352441340096924,0.1615236176805974,0.364524063084438,0.3645240630844379,0.34223121925448685,0.16012458879033753,0.0675073952412583,0.33112508501283,-0.15985205046081655,-0.8621174158959124,0.5741106516296272,-0.26921386885329346,0.011523495201061884,-1.9683676632491411,0.0,0.0,0.0,3.412864081168795,1.0,19.213632583618164,-14.461336135864258,1.4800000190734863
7.120087146759033,0.12230112457011558,0.9580996315307198,0.14863653138190816,0.2091032250529211,0.1273896340834745,0.9654677471768063,0.11091511887224155,0.22122854355262037,0.08141128352068423,0.3712858213038471,0.3712858213038471,0.3348833213206172,0.27774471135068063,0.4214878742441586,0.2280306289935545,-0.6698819745262476,-1.022946564101142,0.5749134591747838,1.711629821086982,4.0,-3.0056643966115395,0.0,1.0,0.0,3.826724889952146,1.0,19.20250129699707,-14.425024032592773,1.4800000190734863
7.140096187591553,0.2346154385062908,0.9575718760523754,0.15195871275823492,0.21208915133562156,0.12240442678322674,0.9654757398480559,0.03713967879856265,0.21338894647310735,0.1447148836391272,0.377911746411929,0.37791174641192893,0.3273877088772361,0.1462450302418307,0.41292955915728285,0.3282474107071432,-0.10921665170154546,-0.9935279479287326,0.6763260130088059,-1.6946500640289064,3.6165857349765202,-1.8063883565265881,0.0,0.0,0.0,3.715250473295404,1.0,19.18023681640625,-14.39778995513916,1.4700000286102295
7.16008186340332,0.24322402713667401,0.9570351509302796,0.1552508134395249,0.2149499304255243,0.11737730709249183,0.9654757398480559,0.03713967879856265,0.21338894647310735,0.1447148836391272,0.3843789038449969,0.384378903844997,0.3197700084106053,0.1462450302418307,0.41292955915728285,0.3282474107071432,-0.10921665170154546,-0.9935279479287326,0.6763260130088059,-1.7288830250658638,3.545792423089873,-1.6989455671530291,0.0,0.0,0.0,3.715250473295404,1.0,19.18023681640625,-14.39778995513916,1.4700000286102295
7.180119514465332,0.2522350924887941,0.9564879820806282,0.1585236205511608,0.21769538591613427,0.11229301319986283,0.9654757398480559,0.03713967879856265,0.21338894647310735,0.1447148836391272,0.390708752012896,0.39070875201289595,0.31200428058045204,0.1462450302418307,0.41292955915728285,0.3282474107071432,-0.10921665170154546,-0.9935279479287326,0.6763260130088059,-1.7628409681387334,3.4771947551336733,-1.5904256779996815,0.0,0.0,0.0,3.715250473295404,1.0,19.18023681640625,-14.39778995513916,1.4700000286102295
7.200109958648682,0.26155090344205567,0.9559336822985472,0.1617593230169819,0.2203112946949721,0.10718045481361335,0.9654757398480559,0.03713967879856265,0.21338894647310735,0.1447148836391272,0.3968673762697034,0.3968673762697034,0.3041320201044305,0.1462450302418307,0.41292955915728285,0.3282474107071432,-0.10921665170154546,-0.9935279479287326,0.6763260130088059,-1.7963420554510798,3.4111545352879062,-1.4814427821899785,0.0,0.0,0.0,3.715250473295404,1.0,19.18023681640625,-14.39778995513916,1.4700000286102295
7.220110654830933,0.322638334107494,0.9553713282024136,0.16496566444187158,0.2228050334745779,0.10202877957909713,0.9506701467209919,0.052732864094617596,0.21499934600654763,0.21730347073763678,0.40287044650443515,0.402870446504435,0.29613409687727144,0.21153844231603422,0.39614942624209415,0.4920469168227028,-0.07584639379088243,-0.9417912984474975,0.5033762623288663,-1.2959800212444454,3.029620698289958,0.6730580112467881,0.0,0.0,0.0,3.7324782042669744,1.0,19.18023681640625,-14.39778995513916,1.4700000286102295
7.240134000778198,0.3571999143906076,0.9548012381909782,0.16814287887417376,0.22517746400495184,0.09683840941061861,0.9558435532876921,0.02671406160228034,0.20947866878806248,0.20437257123657698,0.40871888614254503,0.40871888614254515,0.28800845840078604,0.14896597092923364,0.40013038041063137,0.4515449272614432,-0.539491392191072,-0.7942016345102813,0.5664357860698582,-0.031577461151930386,2.2367909332903695,0.36985198594185587,0.0,0.0,0.0,3.694464032160028,1.0,19.15797233581543,-14.379632949829102,1.4700000286102295
7.260098457336426,0.2483264618752137,0.9542264739707301,0.17127641317495856,0.22741898758002177,0.09163422259934427,0.9649469870660613,0.13223482771183548,0.14454495064900671,0.17463682238871628,0.4143869857543038,0.4143869857543038,0.27979175477033347,0.31973892287337685,0.2349252495808435,0.3961367181605574,-0.12523025579239982,-0.9127513929808293,0.6097203831083912,0.2485166170373051,1.6647539481641074,-0.9807746865789968,0.0,0.0,0.0,3.6533172220326247,1.0,19.146841049194336,-14.370553970336914,1.4600000381469727
7.280088424682617,0.3424729642901696,0.9536453796456787,0.17437786389550652,0.22953921806336636,0.08639790410969385,0.9877179159823508,0.04136216708634618,0.12778918090626748,0.07982740647614978,0.41989684979581665,0.4198968497958167,0.2714528237678682,0.10553910532916495,0.24838171325242722,0.1744763715183576,-0.34693709152955987,-0.8868093559984561,0.7032380926268318,-1.122421588320385,1.243218139239167,-2.741359481155465,0.0,0.0,0.0,3.4985476349543556,1.0,19.146841049194336,-14.33424186706543,1.4600000381469727
7.3000876903533936,0.3001764597542241,0.9530592065429241,0.17744285225514972,0.23153603813172502,0.08113720511327342,0.9437999332878955,0.07558924754705153,0.26226597561208087,0.1863987918879251,0.4252413746410795,0.42524137464107953,0.26300147013536834,0.2753747190950856,0.4857522585041063,0.45861399142304204,-0.5462005977186416,-0.8869350522239665,0.6532556985615114,0.713782104841473,3.637525654309179,-0.010875118568517195,0.0,0.0,0.0,3.972282058675921,1.0,19.135709762573242,-14.316085815429688,1.4500000476837158
7.3200905323028564,0.47924307537466065,0.9524689481445526,0.1804686643709518,0.23340878098417187,0.07585713519542711,0.953154880556622,0.03711016850702167,0.16143915596575195,0.2530928841068783,0.43041673105913736,0.43041673105913747,0.2544433878574292,0.15993673264558397,0.2931490912801736,0.5427463958534435,-0.3991801977851491,-0.913287267462568,0.7756746966623751,-0.20008951674205488,1.4217650823544896,0.6819488960016313,0.0,0.0,0.0,3.5683821896459103,1.0,19.135709762573242,-14.297929763793945,1.4500000476837158
7.340116024017334,0.49184268665625436,0.9518748998326583,0.1834562751034306,0.23515910867852247,0.07055610391216272,0.953154880556622,0.03711016850702167,0.16143915596575195,0.2530928841068783,0.4354254444213596,0.4354254444213595,0.24577364047118969,0.15993673264558397,0.2931490912801736,0.5427463958534435,-0.3991801977851491,-0.913287267462568,0.7756746966623751,-0.23150774641020755,1.3674230578830207,0.7883432327695585,0.0,0.0,0.0,3.5683821896459103,1.0,19.135709762573242,-14.297929763793945,1.4500000476837158
7.360100507736206,0.5043226108587529,0.9512798500568317,0.18639439161866134,0.23678184332584767,0.06525439694131478,0.953154880556622,0.03711016850702167,0.16143915596575195,0.2530928841068783,0.4402498296845046,0.4402498296845046,0.23702339011744128,0.15993673264558397,0.2931490912801736,0.5427463958534435,-0.3991801977851491,-0.913287267462568,0.7756746966623751,-0.26262688247028865,1.3157601497978564,0.8946802748643008,0.0,0.0,0.0,3.5683821896459103,1.0,19.135709762573242,-14.297929763793945,1.4500000476837158
7.380123138427734,0.1733402015164106,0.9506823707120585,0.18929277962507673,0.2382837466007769,0.0599343783233724,0.956791143699708,0.21514505772258039,0.16713337234371112,0.10163536453602401,0.4449070979976656,0.4449070979976657,0.2281615089170291,0.4821601738127467,0.2797243968968018,0.2808546395575389,-0.2845640320555131,-0.8943582686367824,0.5964595380209635,1.890695710049691,2.068607411193704,-1.9928414095914886,0.0,0.0,0.0,3.9563958811268973,1.0,19.113445281982422,-14.288851737976074,1.4500000476837158
7.400133848190308,0.35265909791259986,0.9500849102547068,0.1921421996140882,0.23966121706614388,0.054612631031112684,0.9512203015217315,0.10755718611663574,0.2040287195424959,0.20489917347180095,0.44938339326364096,0.44938339326364096,0.21921351659707444,0.3120130484679425,0.3512542686530199,0.4801371339462422,-0.6181551585670483,-0.8730565243897622,0.759459582858014,1.6202754058058935,2.1397900088659387,0.08512587479450318,0.0,0.0,0.0,3.7767454409292758,1.0,19.113445281982422,-14.270695686340332,1.440000057220459
7.420090675354004,0.2961802917371056,0.9494897023579392,0.19493499532523703,0.2409124580917232,0.04930355210312649,0.9333797623683179,0.14678488162349274,0.27012825754499575,0.1851678757337354,0.4536684230318643,0.45366842303186433,0.21020219300421528,0.43216016893902026,0.4666587475942828,0.49592374644029014,-0.4567806869035943,-0.7929035799143378,0.6004604483095379,1.6013891362471178,3.226864380420995,0.5399821557593691,0.0,0.0,0.0,4.161594838837011,1.0,19.113445281982422,-14.270695686340332,1.440000057220459
7.440059661865234,0.20943535873262278,0.9488957779059478,0.19767863252836979,0.24204256184216275,0.04399271724800626,0.9757053409647438,0.15301287711133021,0.15610772529547978,0.014714793714394034,0.45777521932609483,0.457775219326095,0.20110158768877412,0.32344807928013813,0.3048259743517142,0.08027031692958392,-0.15078895543991133,-0.8308314231018894,0.680037002415876,-0.4166206011982958,1.6391335532047377,-3.4228998228920555,0.0,0.0,0.0,3.7254451630298253,1.0,19.102313995361328,-14.25253963470459,1.440000057220459
7.460096597671509,0.14134834478033362,0.9483025186689331,0.20037851244967966,0.24305460496856643,0.03866838292695583,0.9411472044676193,0.15569174839558417,0.29509525667738207,0.05404450472361896,0.4617125188631399,0.4617125188631401,0.19188942108687135,0.3959471836651288,0.5688073653108069,0.23187078794597876,-0.5575223349575733,-0.7428649976620151,0.8039204922504483,1.4457315332962517,3.8970680674120235,-2.4927409366527717,0.0,0.0,0.0,4.328915013312525,1.0,19.102313995361328,-14.25253963470459,1.440000057220459
7.480134725570679,0.10967673444458174,0.9477129700466088,0.20302338645236198,0.24394532105960073,0.0333513311875082,0.9319765182420803,0.20623299460708464,0.29420993141901536,0.04825181483822144,0.4654646744915586,0.4654646744915587,0.18259966265157057,0.507799139630668,0.5568223759838765,0.2515320074004025,-0.575473534725594,-0.7976553684422271,0.8228831744116294,2.465797471184506,4.0,-2.810169982572618,0.0,1.0,0.0,4.542205103725753,1.0,19.102313995361328,-14.243461608886719,1.4299999475479126
7.500110149383545,0.11114668504122985,0.9471300628486312,0.20560309236577196,0.24471323982716686,0.028061409645120515,0.9319765182420803,0.20623299460708464,0.29420993141901536,0.04825181483822144,0.46901907637545626,0.4690190763754562,0.17326599780659221,0.507799139630668,0.5568223759838765,0.2515320074004025,-0.575473534725594,-0.7976553684422271,0.8228831744116294,2.447176689106425,4.0,-2.700118757703038,0.0,1.0,0.0,4.542205103725753,1.0,19.102313995361328,-14.243461608886719,1.4299999475479126
7.521279335021973,0.11426121556765026,0.9465187504834045,0.2082727568383274,0.24539725988473332,0.022469948450363778,0.9319765182420803,0.20623299460708464,0.29420993141901536,0.04825181483822144,0.47258161463047016,0.47258161463047005,0.16329916568451258,0.507799139630668,0.5568223759838765,0.2515320074004025,-0.575473534725594,-0.7976553684422271,0.8228831744116294,2.4284553139879637,4.0,-2.583598999669859,0.0,1.0,0.0,4.542205103725753,1.0,19.102313995361328,-14.243461608886719,1.4299999475479126
7.540096282958984,0.3158356014193021,0.9459819504199988,0.2105884299803679,0.24589405762423952,0.01751499537726179,0.9594682590611415,0.07912320981589213,0.249866785538053,0.10357010672724594,0.47557056240139606,0.47557056240139595,0.1543782373821514,0.23177412174216822,0.48147715569065513,0.2721989283187391,-0.03407418540014476,-0.6388436637626101,0.7167268070621919,-1.98596181336835,2.1557166996869084,-0.5802373002132009,0.0,0.0,0.0,3.900542456894411,1.0,19.102313995361328,-14.225305557250977,1.4299999475479126
7.560103893280029,0.14839758473114928,0.9454190573198163,0.21298947368655344,0.2463084741700123,0.012264815827220228,0.9657737526924216,0.15485904835657013,0.20668759057168645,0.024082642217281184,0.4785639126125106,0.4785639126125109,0.14483294357640158,0.34258744278880526,0.40255248966148044,0.1204256088815665,-0.4765541128939594,-0.6489218791660177,0.7333696556754155,0.7882929686728997,1.6816494373701187,-2.597431884370164,0.0,0.0,0.0,3.8744851566974052,1.0,19.102313995361328,-14.216227531433105,1.4299999475479126
7.580124616622925,0.17981072622194286,0.9448650129313965,0.21532701940561533,0.246606820987396,0.007032630698120115,0.9454369671819713,0.13993785029844807,0.2934633796848397,0.021108858888077026,0.4813674711686373,0.4813674711686372,0.13522336225930476,0.33778886947226383,0.5811606390426639,0.14654411877067217,-0.6179106061034769,-0.6417682220611397,0.8496587137421044,1.1073628957133286,3.3784908617347753,-2.5590932621277593,0.0,0.0,0.0,4.257733980881295,1.0,19.102313995361328,-14.216227531433105,1.4299999475479126
7.600107192993164,0.2684671059042456,0.9443223363839003,0.21759318943485537,0.24678971663019486,0.0018343073917009775,0.9512805916714178,0.09523363408743157,0.29136374716099855,0.03321080679658939,0.48397329988258053,0.48397329988258064,0.12557804346606824,0.24210443698772874,0.5799854712022915,0.14236326673169644,-0.05242214616895641,-0.5204711125777369,0.7926675098909356,-1.9782973197679328,2.748349834043334,-1.7804130174274106,0.0,0.0,0.0,4.13710462655939,1.0,19.113445281982422,-14.216227531433105,1.4199999570846558
7.620112895965576,0.18847627193629535,0.9437904722371354,0.2197929911521052,0.24685907976137106,-0.0033436946907414514,0.9375902273167626,0.25034516366801113,0.22655938461289915,0.08320282394223631,0.4863885627032599,0.4863885627032601,0.11587133412305618,0.5812275251696635,0.3932375759622652,0.2960272995901808,-0.39259520313253726,-0.6315268648714957,0.8701770589091619,2.6002715658696953,1.7910565103603133,-2.0875635144980302,0.0,0.0,0.0,4.34549896960363,1.0,19.113445281982422,-14.207149505615234,1.4199999570846558
7.640105247497559,0.15095056152927652,0.9432715163983383,0.2219203491454256,0.24681598822548037,-0.00848957849551861,0.9513265424077433,0.15142419802811613,0.2673524188393638,-0.023899918468717578,0.4886077487460496,0.4886077487460496,0.10612477498358851,0.3272133135176372,0.5420777168493416,0.041445904142979495,-0.413839466188381,-0.6575922552758291,0.7830024332914893,0.2170827007792251,3.0584024506576792,-2.982224171625911,0.0,0.0,0.0,4.126306101545266,1.0,19.135709762573242,-14.207149505615234,1.4199999570846558
7.660113573074341,0.1532839533960279,0.9427658247349251,0.22397635701442672,0.24666170404745838,-0.013608635744504438,0.9513265424077433,0.15142419802811613,0.2673524188393638,-0.023899918468717578,0.4906331864592954,0.4906331864592952,0.09632796242420157,0.3272133135176372,0.5420777168493416,0.041445904142979495,-0.413839466188381,-0.6575922552758291,0.7830024332914893,0.20387811888337493,3.0441137711792385,-2.8731237304769808,0.0,0.0,0.0,4.126306101545266,1.0,19.135709762573242,-14.207149505615234,1.4199999570846558
7.680088758468628,0.15628164774644154,0.9422757250523411,0.22595405971147983,0.2463981481164995,-0.01868618424787092,0.9513265424077433,0.15142419802811613,0.2673524188393638,-0.023899918468717578,0.4924593473737913,0.4924593473737914,0.08650890812037518,0.3272133135176372,0.5420777168493416,0.041445904142979495,-0.413839466188381,-0.6575922552758291,0.7830024332914893,0.19204091526985456,3.0320758039804936,-2.7649082834899046,0.0,0.0,0.0,4.126306101545266,1.0,19.135709762573242,-14.207149505615234,1.4199999570846558
7.700165033340454,0.23074918694628826,0.9417991015974406,0.2278643535189194,0.24602445361446265,-0.023754091213172207,0.9734233532654507,0.1397041091717715,0.1790230774025227,-0.029672798238415052,0.49409676611039954,0.4940967661103995,0.07660538962269597,0.28355985227496755,0.36486299587972254,-0.008293926400560108,-0.10167458539921576,-0.4937231459637372,0.8823653858512424,-1.458961299373965,0.6261056573706878,-3.4974750819991485,0.0,0.0,0.0,3.7215038345424576,1.0,19.146841049194336,-14.207149505615234,1.4199999570846558
7.720111846923828,0.27382661599534946,0.941342473307656,0.2296834804114297,0.245546644503535,-0.028752254627630904,0.9382238253669792,0.16730383082487657,0.29096437674871106,0.08417370829604184,0.49552640700258327,0.4955264070025834,0.06673514788408123,0.4381038632596013,0.5442940140314381,0.30304931581700106,-0.19051744081122274,-0.5502013903156283,0.7018765459885602,0.1826725984985521,2.5883203875883867,-0.16828311324853296,0.0,0.0,0.0,4.299693461201785,1.0,19.15797233581543,-14.20715045928955,1.4199999570846558
7.740160942077637,0.3406142004374969,0.9409015686669225,0.2314307524687917,0.2449609462636177,-0.03373691890920289,0.9123694899273433,0.25877417360725724,0.29152581940177413,0.12502214822072347,0.4967647075958603,0.4967647075958602,0.05678754517673206,0.6643293499604794,0.48618177469210055,0.443038078923435,-0.3971255206944432,-0.4618997813033551,0.7845408702042416,3.044329981882921,2.1103590059856625,-0.08831259704274563,0.0,0.0,0.0,4.7852010770293205,1.0,19.15797233581543,-14.20715045928955,1.4199999570846558
7.760095119476318,0.26332781558189405,0.9404821861267056,0.23308536436344007,0.24427539445963525,-0.03865232411491315,0.9599296059213275,0.1283401106463143,0.24612880172977347,0.038530256086383496,0.49779794884291484,0.4977979488429147,0.04687432269149893,0.3039812668771389,0.480973778039083,0.15532444919945868,-0.2049029538521711,-0.5241017751085157,0.7776041685428604,-0.8627583927599278,1.7574288613759204,-1.1232322739691363,0.0,0.0,0.0,3.940078464136451,1.0,19.169105529785156,-14.216228485107422,1.409999966621399
7.780113458633423,0.29884447393911767,0.9400811137897384,0.23466208588685006,0.2434850227319843,-0.043545937219020704,0.9264393485334909,0.2663685353985778,0.24580564867011429,0.10167359500048168,0.498636493335809,0.498636493335809,0.03690050831313409,0.6352834817600235,0.4129168767307164,0.3561200608856272,-0.2336039081662357,-0.3329528771158746,0.7985706682591426,2.3037691205952866,0.7327102432257302,-0.6193104033841585,0.0,0.0,0.0,4.494561700215051,1.0,19.213632583618164,-14.243462562561035,1.409999966621399
7.800094842910767,0.3076623469111754,0.9397018412799207,0.23614915324939623,0.24259593108166055,-0.04838637346756052,0.9264393485334909,0.2663685353985778,0.24580564867011429,0.10167359500048168,0.49927422908634883,0.4992742290863489,0.026930357781360152,0.6352834817600235,0.4129168767307164,0.3561200608856272,-0.2336039081662357,-0.3329528771158746,0.7985706682591426,2.2961832295153988,0.7185087785265774,-0.5183471193130433,0.0,0.0,0.0,4.494561700215051,1.0,19.213632583618164,-14.243462562561035,1.409999966621399
7.820112228393555,0.3165411172638574,0.9393439476448617,0.23755009301909652,0.2416066023941268,-0.05318976413890284,0.9264393485334909,0.2663685353985778,0.24580564867011429,0.10167359500048168,0.4997132432554015,0.49971324325540156,0.016931465239838177,0.6352834817600235,0.4129168767307164,0.3561200608856272,-0.2336039081662357,-0.3329528771158746,0.7985706682591426,2.289921122005632,0.7066421790627071,-0.4179161846296213,0.0,0.0,0.0,4.494561700215051,1.0,19.213632583618164,-14.243462562561035,1.409999966621399
7.840116024017334,0.32544375611188814,0.9390092887201521,0.23885939987846988,0.2405210789734335,-0.057942673017618594,0.9264393485334909,0.2663685353985778,0.24580564867011429,0.10167359500048168,0.49995193698516655,0.4999519369851665,0.006932582836145259,0.6352834817600235,0.4129168767307164,0.3561200608856272,-0.2336039081662357,-0.3329528771158746,0.7985706682591426,2.285036857603678,0.697127443949822,-0.31831138193262776,0.0,0.0,0.0,4.494561700215051,1.0,19.213632583618164,-14.243462562561035,1.409999966621399
7.86011004447937,0.18675178395432984,0.9386986558805362,0.24007562381137457,0.23934111219412005,-0.06264471496730958,0.9185030571135071,0.28438120419469076,0.2745954868754504,0.008762611571531177,0.49999061067555756,0.4999906106755574,-0.003064186071874603,0.6542456844367385,0.5229635114636313,0.2001893924191684,-0.2495635924393682,-0.44628181341830864,0.7581166803435593,2.3129997483963174,2.1452912992634694,-1.759979060933655,0.0,0.0,0.0,4.802454870230778,1.0,19.224763870239258,-14.252540588378906,1.409999966621399
7.880115032196045,0.25861776635233585,0.9384125859294928,0.24119818671716867,0.23806728969290744,-0.06729947155621152,0.9263521165647044,0.22497811088137595,0.29871700231388165,0.044997314241494196,0.4998292710913533,0.49982927109135317,-0.013065211834736907,0.5520934880106293,0.5623637757871525,0.2603509087033161,-0.02467024156551212,-0.3980189693156636,0.9101662818193387,0.4687554678264214,2.267905443950777,-1.1794826444981106,0.0,0.0,0.0,4.5682807199728686,1.0,19.247028350830078,-14.252540588378906,1.409999966621399
7.900140047073364,0.16738725719414652,0.9381518236997405,0.242225572233028,0.23670067062058806,-0.07190772123351478,0.9528312665475253,0.2324268617212255,0.19516202037955235,-0.0014550743047493354,0.4994674447902596,0.4994674447902595,-0.023071011999671175,0.496876497211437,0.38179771859502043,0.09491535908335678,-0.23500186322422123,-0.36617192519297537,0.8189470667565102,0.9588239431501929,0.2885872164162686,-2.0876186168301363,0.0,0.0,0.0,4.033641110229042,1.0,19.247028350830078,-14.252540588378906,1.409999966621399
7.9201085567474365,0.2831633599774336,0.937918064891259,0.24315235110712813,0.23524859907483842,-0.07645086222560263,0.8843178491012083,0.2822601340571354,0.35726693478251453,-0.1033029321663571,0.49890720581968406,0.4989072058196841,-0.03303937016947231,0.6284293118814062,0.7617538708234393,0.02623086055138973,-0.18609996301906143,-0.264718064107964,0.8340028414908109,1.7988880467206703,3.670710200328691,-3.5122879686871773,0.0,0.0,0.0,5.601770145961793,1.0,19.280424118041992,-14.270696640014648,1.409999966621399
7.9401044845581055,0.22152795294107117,0.9377109917806825,0.2439808999688804,0.2337070634754378,-0.08094704951850759,0.9308423626020783,0.17424731191593648,0.3160650397116802,-0.057212419521510946,0.4981468594944628,0.4981468594944629,-0.043008212887818024,0.37165660104915943,0.6539820909537383,0.004580623404265781,-0.13280808454326473,-0.21125466982053892,0.7894702909518156,-0.49877869832873956,2.418761850304141,-1.9960564954276625,0.0,0.0,0.0,4.41738042583302,1.0,19.302688598632812,-14.28885269165039,1.409999966621399
7.960515022277832,0.1803440706308789,0.9375281945292635,0.24472217931099619,0.2320452849969423,-0.08548055408491567,0.9534237785702949,0.21643219566791502,0.21005150051204735,-0.004309323351045325,0.4971653417799173,0.4971653417799174,-0.05316599413965716,0.46546230226971147,0.4141386475773941,0.09046732864446401,-0.15401518534732062,-0.18726101018773225,0.8116055485511567,0.3469147659672399,-0.0860448671224302,-1.6735967706935835,0.0,0.0,0.0,3.978970765330187,1.0,19.34721565246582,-14.307008743286133,1.409999966621399
7.980142593383789,0.18780925689645142,0.9373802422570072,0.24533386679615637,0.2303650410120644,-0.0897859850341345,0.9534237785702949,0.21643219566791502,0.21005150051204735,-0.004309323351045325,0.496026128150907,0.4960261281509068,-0.06291327516208374,0.46546230226971147,0.4141386475773941,0.09046732864446401,-0.15401518534732062,-0.18726101018773225,0.8116055485511567,0.3528424443138365,-0.07321068596806957,-1.5816431189502504,0.0,0.0,0.0,3.978970765330187,1.0,19.34721565246582,-14.307008743286133,1.409999966621399
8.001797437667847,0.19600155779284986,0.9372493184335544,0.24589180653946255,0.22841997503616404,-0.09447353903117692,0.9534237785702949,0.21643219566791502,0.21005150051204735,-0.004309323351045325,0.4945475606613516,0.4945475606613514,-0.07363905379556993,0.46546230226971147,0.4141386475773941,0.09046732864446401,-0.15401518534732062,-0.18726101018773225,0.8116055485511567,0.36149685471756965,-0.05691392305577159,-1.4814839066030119,0.0,0.0,0.0,3.978970765330187,1.0,19.34721565246582,-14.307008743286133,1.409999966621399
8.020097255706787,0.21479799464174068,0.9371655649067122,0.24626624545077413,0.22670339915495197,-0.09838297167829531,0.9294746522324473,0.17632030783890199,0.3077105741331251,-0.10149986437246294,0.49311724903020066,0.4931172490302005,-0.0826763491506922,0.3406538477952232,0.653301448413125,-0.1011340645376949,-0.10872688387976673,-0.1447423868540764,0.8957876529548073,-0.6929683747515639,2.285164859538755,-2.9405783057423385,0.0,0.0,0.0,4.332623659608675,1.0,19.369478225708008,-14.334242820739746,1.409999966621399
8.040096521377563,0.0660987884198452,0.9371026271542313,0.24657232368060678,0.2247529792681605,-0.10260045655585603,0.9424632933878668,0.23385047352026936,0.20401590186068377,-0.12431576102334428,0.4913652800588229,0.49136528005882313,-0.09252114111225898,0.4500560085899822,0.4586049046863419,-0.1555412656019126,-0.12390115265497523,-0.16484115310065903,0.8616058509873478,0.09057092818704537,0.37980591823758225,-3.887490957955189,0.0,0.0,0.0,4.0014436911749085,1.0,19.41400718688965,-14.352398872375488,1.409999966621399
8.060106039047241,0.22278713306537057,0.9370699183275254,0.24676933275072496,0.22272570652918897,-0.10676199806335812,0.9488306402269183,0.20513155920656867,0.24001997912977524,-0.00564528144564054,0.4894157368568169,0.48941573685681683,-0.102333946063362,0.44981294043079223,0.47551083766040086,0.09887044267496442,-0.03800254842964179,-0.10842275452347208,0.8373392636054537,-0.1990303523146062,0.2952781126501922,-1.1583464505790304,0.0,0.0,0.0,4.035229731369653,1.0,19.41400718688965,-14.352398872375488,1.409999966621399
8.08009958267212,0.28989984440094047,0.9370677926372144,0.24685563870380778,0.22062627371129107,-0.11086159384757402,0.968594124272634,0.19098344702440337,0.1591803218727159,0.0035171743921368756,0.4872720382503081,0.48727203825030835,-0.11209799614350907,0.4005474653567727,0.3120589595668866,0.07110623989773301,-0.0177466636319967,-0.08779135480560527,0.6964270471520411,-0.7633237212032796,-1.380345044677738,-0.6290219282150771,0.0,0.0,0.0,3.6747547852594495,1.0,19.447402954101562,-14.379632949829102,1.409999966621399
8.100104570388794,0.3386409087696629,0.9370964962465542,0.2468300285745254,0.21845383745834213,-0.11490437161420261,0.9558959659620792,0.23362567597354145,0.1719319479940773,0.04605812677792532,0.48493216901771596,0.4849321690177158,-0.1218227870793202,0.5074810569389291,0.3122255960548392,0.1778804039518529,-0.003914908172049453,-0.050079642519351375,0.8158181918472464,0.2717252483040127,-1.517990553055352,-0.37529123307438716,0.0,0.0,0.0,3.8611122122783437,1.0,19.49193000793457,-14.425024032592773,1.409999966621399
8.120065927505493,0.1840344544949826,0.9371560679455577,0.24669153597871635,0.2162165590360834,-0.11887888789805634,0.9363497132578191,0.18787218588559226,0.2817990803578717,-0.09242583276350373,0.4824039735429388,0.4824039735429388,-0.13147777876882302,0.370964019529736,0.597350131430212,-0.08136579317045435,-0.05475988783752808,-0.038824677863761675,0.8008720433236912,-0.6091209330189664,1.3973394948013036,-2.1316651135624145,0.0,0.0,0.0,4.142503242483542,1.0,19.547588348388672,-14.443180084228516,1.4199999570846558
8.140138626098633,0.18943445081897098,0.937247253331543,0.24643725189162666,0.2138987412851243,-0.12281529008727274,0.9363497132578191,0.18787218588559226,0.2817990803578717,-0.09242583276350373,0.4796678567284711,0.4796678567284713,-0.14113379191928066,0.370964019529736,0.597350131430212,-0.08136579317045435,-0.05475988783752808,-0.038824677863761675,0.8008720433236912,-0.5775463173692733,1.4259983156430338,-2.050840760735009,0.0,0.0,0.0,4.142503242483542,1.0,19.547588348388672,-14.443180084228516,1.4199999570846558
8.16027307510376,0.19504702695365736,0.9373702888787123,0.24606510664258277,0.21150727476029577,-0.1267027132459544,0.9363497132578191,0.18787218588559226,0.2817990803578717,-0.09242583276350373,0.4767291731478641,0.47672917314786406,-0.15076238081747667,0.370964019529736,0.597350131430212,-0.08136579317045435,-0.05475988783752808,-0.038824677863761675,0.8008720433236912,-0.5437847451576229,1.456182031202971,-1.9713800457032415,0.0,0.0,0.0,4.142503242483542,1.0,19.547588348388672,-14.443180084228516,1.4199999570846558
8.180094718933105,0.29568052432257697,0.9375222835460557,0.24558308838283044,0.20908988090275538,-0.13046967563005457,0.9659852566266943,0.1956799430068638,0.16906114750012255,-0.00041507906690116695,0.4736473608158953,0.4736473608158953,-0.1601817018018509,0.4113642948510023,0.3328983202368947,0.06921394860503768,0.059649825122352035,-0.10357005400358751,0.7117414841036744,-0.8746947284771164,-0.9638700138036916,-0.32203593699252364,0.0,0.0,0.0,3.6778743910612737,1.0,19.580984115600586,-14.4794921875,1.4199999570846558
8.200101137161255,0.07033803902157454,0.9377066682003202,0.2449791652174188,0.20658848903982513,-0.13421106220529255,0.9450413859052249,0.24170149426105914,0.19515522473705574,-0.10193922138280387,0.4703481253543642,0.4703481253543641,-0.16962500103356012,0.47699283298640693,0.43139373263900416,-0.10846518742497067,-0.017589328806442865,-0.18369151185971283,0.6037617067948718,0.07560078232787518,0.34071914047277757,-1.8326040644926938,0.0,0.0,0.0,3.9408159720432976,1.0,19.63664436340332,-14.506726264953613,1.4199999570846558
8.220112085342407,0.3498554614344988,0.9379220647483468,0.24425612249991135,0.20402676242277107,-0.13789208568583092,0.9307153996640823,0.3128034066444632,0.18826772852759988,0.021866321473991854,0.4668598252823012,0.46685982528230124,-0.17900252382963544,0.6778595491209122,0.34348188647159494,0.1691209679131723,0.12390018954731508,0.03049458047217804,0.5774534574013659,1.433883779367265,-1.3576681241447597,0.3104356114840101,0.0,0.0,0.0,4.330582031900783,1.0,19.692304611206055,-14.552116394042969,1.4199999570846558
8.240103006362915,0.31284286631604696,0.9381679433945863,0.2434140699242117,0.20140991024105867,-0.1415081220509679,0.9346937651863557,0.22141548218049742,0.27797841138544094,-0.007124070196028554,0.46318835420096405,0.4631883542009638,-0.188299093286724,0.5016890704895038,0.5501371348428613,0.12913972994991316,0.09200300084595336,-0.010979597437553501,0.6479694309688542,-0.005839230117139604,0.9026355300098469,0.3811576600106852,0.0,0.0,0.0,4.249534717275238,1.0,19.692304611206055,-14.552116394042969,1.4199999570846558
8.260087966918945,0.08687725398727353,0.9384441157409225,0.242451808401489,0.19873818710973074,-0.1450616945248589,0.9237072417953409,0.2793739067091864,0.20746556788332535,-0.16022855503230282,0.45933295942067737,0.45933295942067737,-0.1975176761453071,0.5355009575207221,0.4924682264787799,-0.20582379253648792,0.2121348790405194,0.00939203041924766,0.7102500266203458,-0.11905787779521249,0.15123566544890357,-3.2728574771776247,0.0,0.0,0.0,4.187401738194333,1.0,19.747962951660156,-14.597506523132324,1.4199999570846558
8.281611204147339,0.19552889659890513,0.9387750731862907,0.24127990225707227,0.19580084479039475,-0.14882002523269477,0.9250550806296236,0.3225212257930474,0.14405368477306943,-0.13964846084927596,0.4549756790119612,0.4549756790119611,-0.20735749686858415,0.6380406311586471,0.36462007474098407,-0.17802491870207274,0.09650012206724487,-0.06783305483530395,0.6775671649574045,1.0874489978530364,-0.9325839361762043,-3.146757521919495,0.0,0.0,0.0,4.209855425082645,1.0,19.814754486083984,-14.633818626403809,1.4299999475479126
8.300132036209106,0.2541289925820936,0.9390872804695694,0.240158288913441,0.19322528245258846,-0.15199692808591328,0.9563196944328346,0.19257234500442563,0.2166352878161133,-0.03791683072483671,0.4510574342645596,0.45105743426455974,-0.21574798027947434,0.4001446791174153,0.44332859361527444,0.012083054944608861,0.199827432583854,0.08074374700200462,0.6297581678631171,-1.2637988057117606,-0.35317625740516434,-0.02768553832068177,0.0,0.0,0.0,3.795957039026766,1.0,19.881546020507812,-14.679208755493164,1.4299999475479126
8.320094585418701,0.19146842841910405,0.9394516905214786,0.23883154949119859,0.19040141190321844,-0.1553618823560984,0.9084302748563875,0.32214182901023364,0.1862080556835084,-0.1905403834489082,0.4466609696671994,0.44666096966719937,-0.22470865176035654,0.6182547263713976,0.4792075434232158,-0.2577749200236069,0.1640096850746645,0.0806369048204709,0.6121720134309764,0.9104682939070405,-0.3740364226541196,-3.5433270229784917,0.0,0.0,0.0,4.3656351403816585,1.0,19.94833755493164,-14.724599838256836,1.4299999475479126
8.340093851089478,0.26342431908720165,0.9398452189393908,0.23737929949586561,0.18752447676535744,-0.1586713686255328,0.9271359648694504,0.27099382850401293,0.2537781171441185,-0.050773170248833,0.4420779385577988,0.4420779385577988,-0.23359601075465108,0.5820987628496987,0.5213970860300664,0.05006835503939246,0.14593057251376224,0.06072380471823263,0.6049638383011712,0.723387253810579,0.43120480704506126,-0.24356121486023063,0.0,0.0,0.0,4.35830831058567,1.0,19.94833755493164,-14.724599838256836,1.4299999475479126
8.360133647918701,0.35365658252843135,0.9402674420667546,0.23580011571919346,0.18459556409381006,-0.161925663601992,0.9244484610661232,0.18463208181986487,0.3260371915024695,-0.07075158621911769,0.43730827044707243,0.43730827044707254,-0.24240766612999293,0.38951326680584564,0.68018284035731,-0.013401179920748142,0.31385606502158214,0.12049348034495036,0.5535187794101573,-1.3483874435919447,1.9720186940879096,0.3052021167443262,0.0,0.0,0.0,4.388607312651891,1.0,20.01512908935547,-14.769989967346191,1.4299999475479126
8.380083084106445,0.16780618181828602,0.9407147687456787,0.23410443347613505,0.18163585692603576,-0.1651037660664552,0.9362637880717745,0.1966405126312765,0.2533372268465466,-0.1433976200336033,0.4323856778511347,0.43238567785113474,-0.2510829058084495,0.3562233385964796,0.5595165216616961,-0.2006124322417135,0.31919270481976925,0.05520720134368377,0.6071059650980002,-1.6451725929502934,1.1664296889356283,-1.5629274918945484,0.0,0.0,0.0,3.9740970883136337,1.0,20.081920623779297,-14.824458122253418,1.4299999475479126
8.40013599395752,0.13838552966858714,0.9411907687783961,0.23227540323168186,0.1786184238517836,-0.1682365372937629,0.9376227344220819,0.2417957496041662,0.22170903011815754,-0.11508053411539065,0.4272641400333508,0.4272641400333508,-0.2597024348009876,0.4738075995637634,0.49088982337635156,-0.12344053974028611,0.241200637711578,0.09796031973228797,0.4812086706987836,-0.43413685815956315,0.15306462771013973,-0.7700737941145146,0.0,0.0,0.0,4.007087826113198,1.0,20.148710250854492,-14.878926277160645,1.440000057220459
8.42011022567749,0.23567641918604146,0.9416903001464884,0.2303292507476718,0.17557243144093848,-0.171295464557442,0.9738364866079006,0.14503497416961814,0.13890877229366955,-0.10635650708190884,0.42199189840985346,0.42199189840985357,-0.2681843352555251,0.26848243217014095,0.3061602649873471,-0.17589756931837727,0.19236446602336948,0.0456441299592671,0.4952328266326536,-2.4215344205015787,-0.9929088197288678,-0.5171414528158367,0.0,0.0,0.0,3.420264773169558,1.0,20.226634979248047,-14.942472457885742,1.440000057220459
8.440043449401855,0.1897963955631418,0.9422131489927634,0.22826335950646046,0.17249429748310738,-0.17428694130018574,0.9261610889869737,0.29621601344379594,0.20186642886136869,-0.11718214678305665,0.4165626410944676,0.41656264109446756,-0.2765421596147716,0.5936054920379558,0.4593260592531018,-0.1089528541505365,0.21006796661398486,0.0933376146988844,0.425833301442146,0.8129163644074009,-0.2620403635150996,-0.7835260076520552,0.0,0.0,0.0,4.2308263726794495,1.0,20.293424606323242,-14.987862586975098,1.440000057220459
8.460095882415771,0.3925480299934207,0.942762661640345,0.22606043029949988,0.1693608399494109,-0.1772347357637536,0.9055046073578703,0.2225438379060016,0.3465137925445124,-0.10229290219832032,0.410933922459032,0.410933922459032,-0.28483909733818896,0.4657455163029568,0.73835062228679,-0.04196096191136429,0.32807376032193336,0.05637106637819511,0.4349288690241684,-0.32835247326029315,2.91461820757881,0.354120260073882,0.0,0.0,0.0,4.7571606880798,1.0,20.293424606323242,-14.987862586975098,1.440000057220459
8.481034755706787,0.2409973936095275,0.9433605057095333,0.22362679651224343,0.16605125670153426,-0.18024703131249112,0.9513184280857939,0.2261337826890877,0.19915498306577828,-0.06476151195863174,0.40488006759659206,0.4048800675965919,-0.2933805222965204,0.4589980684976014,0.42049145093711204,-0.036317239162608234,0.3020332300637104,0.07908962885521499,0.37112508052219156,-0.6935578986193999,-0.24376268582169933,0.8628089158667642,0.0,0.0,0.0,3.8400369204903515,1.0,20.371349334716797,-15.051408767700195,1.440000057220459
8.500105381011963,0.35092464081100283,0.9439253075863799,0.22129200907027718,0.1630051777795486,-0.18293215255021686,0.9258062901815232,0.3367937800891492,0.16342289072210422,-0.052398678815582196,0.39921183378321323,0.3992118337832132,-0.3010480223609585,0.7002182908849035,0.34467517927419156,0.013873987268165633,0.22695905424006596,0.17823636782113159,0.5508688919269268,1.779937457433464,-1.6462898468535265,-0.18018860157156258,0.0,0.0,0.0,4.349312099286344,1.0,20.460403442382812,-15.11495590209961,1.4500000476837158
8.52011513710022,0.24679392355329008,0.9445375749003664,0.21872134220366027,0.1597781636082138,-0.18568974796673907,0.941497941130147,0.27105180134466955,0.184915560979243,-0.07693362816893588,0.3931084206478311,0.39310842064783125,-0.3089753543824616,0.5507860593035676,0.40052433892693207,-0.04847637615033856,0.23963403123678348,0.17727085269403908,0.5517906875878295,0.4842144317191789,-0.8945960269747448,-0.2212300813341055,0.0,0.0,0.0,3.988530775142986,1.0,20.54945945739746,-15.178502082824707,1.4500000476837158
8.5401029586792,0.20795438815445325,0.9451680474585576,0.21603032483336948,0.15652468886760057,-0.18838333947211888,0.9723199727817553,0.15802884778634382,0.13216907323903876,-0.11023651788831478,0.38685456424877573,0.3868545642487758,-0.31677049439600574,0.2950965546969458,0.29617339775818036,-0.1814482122726239,0.35801128740412785,0.11719061359189649,0.5040652564387209,-2.492906496222158,-1.1332758072211688,-0.36038181115828305,0.0,0.0,0.0,3.4199993704669507,1.0,20.54945945739746,-15.178502082824707,1.4500000476837158
8.560122728347778,0.3456363884886219,0.945817150425786,0.2132121590783859,0.15323757801970286,-0.19102025511509116,0.8970097782697604,0.2498012478645296,0.31456858902744855,-0.18444347928576788,0.3804357941600929,0.3804357941600929,-0.3244512390510775,0.4558954702561641,0.7161570034452265,-0.2324033877967139,0.4202156752118297,0.059426633140380034,0.3489468257305368,-0.14409844147423412,2.7958385665714864,-0.882024492344901,0.0,0.0,0.0,4.619890952446813,1.0,20.627382278442383,-15.251127243041992,1.4500000476837158
8.580160140991211,0.26076123618118735,0.9464831433235111,0.21026906003169965,0.14992065778413116,-0.1935984973273427,0.9429301139874532,0.2084677132159448,0.23987101949041337,-0.09942789694423136,0.3738586962937121,0.3738586962937121,-0.33200854688632037,0.40852641483431856,0.5164752685961513,-0.10079142501746284,0.276561339084599,0.07742803222502148,0.3431491177698377,-0.4947549372160699,1.0146228310510097,0.7799407653977557,0.0,0.0,0.0,3.9196029953569216,1.0,20.7164363861084,-15.305595397949219,1.4500000476837158
8.600104331970215,0.31155383815838517,0.9471608698031134,0.20721876456818977,0.14659396523963042,-0.19610425716940677,0.908668098002158,0.17217180514835,0.2796027994639004,-0.257878715129902,0.36716314083873275,0.3671631408387327,-0.33939833236101324,0.2118368455773933,0.639670571495454,-0.4826590426994079,0.44755386796319857,0.24971176680709634,0.5177561824988137,-1.9540324330745789,2.0270980521764432,-2.7382116639620806,0.0,0.0,0.0,3.985564255578173,1.0,20.805492401123047,-15.378220558166504,1.4500000476837158
8.620104551315308,0.35862507078438943,0.9478539348103675,0.20403965593624407,0.14323417063016863,-0.1985565648217412,0.9159093918709628,0.28421134968191786,0.26524265489863097,-0.09990109417254445,0.3603021204920455,0.36030212049204546,-0.3466733072633881,0.5904467010470752,0.5736037361973411,-0.038381615852232,0.3849739132661303,0.09631650485198415,0.32882042867310707,0.8774129261287853,1.298204532884549,0.6963066937940374,0.0,0.0,0.0,4.460340662213713,1.0,20.90567970275879,-15.459922790527344,1.4600000381469727
8.640111446380615,0.37032611987696107,0.9485592235166997,0.20073999609223103,0.13985090762774216,-0.20094919030935102,0.930591400974246,0.1989797337412798,0.29159257146212514,-0.0968528897924327,0.35329461899823156,0.35329461899823156,-0.3538119729275628,0.3959676213616518,0.620264736646735,-0.07900186130320874,0.4241816337606539,0.2840405015336733,0.4096065817901649,-0.7569770524456495,1.3819620628193976,0.8783273106462814,0.0,0.0,0.0,4.142171797704513,1.0,20.994733810424805,-15.523468971252441,1.4600000381469727
8.660087585449219,0.37870119265597435,0.9492738921379092,0.19732726622539995,0.13645195593614665,-0.2032778675374059,0.930591400974246,0.1989797337412798,0.29159257146212514,-0.0968528897924327,0.34615680379481617,0.3461568037948161,-0.3607983747005482,0.3959676213616518,0.620264736646735,-0.07900186130320874,0.4241816337606539,0.2840405015336733,0.4096065817901649,-0.6704513541554047,1.433512761880121,0.9139078128039333,0.0,0.0,0.0,4.142171797704513,1.0,20.994733810424805,-15.523468971252441,1.4600000381469727
8.680086374282837,0.24463987348041147,0.9499983073516068,0.19379361895393618,0.13302960788852128,-0.20554895452627522,0.9265229040296432,0.15981582442485362,0.24330836239997336,-0.23835950024726124,0.3388725335863355,0.3388725335863354,-0.3676484815428699,0.21361054651894967,0.5551241144781902,-0.4425294925775427,0.3608202152062294,0.2188007381456788,0.43757120179958653,-1.6318119660166175,1.5493996146043552,-1.9523635250884235,0.0,0.0,0.0,3.7443821535789295,1.0,20.994733810424805,-15.523468971252441,1.4600000381469727
8.700098991394043,0.35778141250329676,0.950730603796952,0.19014161131322085,0.12958664334132705,-0.2077613739813607,0.9321701286443197,0.2951726873737224,0.19386911817413505,-0.07966618423264973,0.33144755862944725,0.33144755862944725,-0.3743561350887402,0.605349529255978,0.4207756470184841,-0.03734014893834839,0.4458459398539072,0.20931493061293496,0.49244394973174577,0.8834206000763101,-0.49040213581485215,0.36102452156347686,0.0,0.0,0.0,4.140312023501634,1.0,21.10605239868164,-15.59609317779541,1.4600000381469727
8.721065521240234,0.2603133057299434,0.9515039829660855,0.18619271153214328,0.1259613784056824,-0.21001470358554403,0.9222883579245351,0.29486430966404764,0.17992929880347444,-0.17339166979788642,0.3235263358596575,0.32352633585965757,-0.38122265148496093,0.5639204981769149,0.44909164051055617,-0.239534106179871,0.4367401178067602,0.319325315821985,0.5413462984437175,0.7488063192959833,-0.7695181397516093,-1.663959977285613,0.0,0.0,0.0,4.078168415633193,1.0,21.19510841369629,-15.677796363830566,1.4600000381469727
8.740153312683105,0.28948314541943704,0.9522120110699444,0.18248984769990023,0.12264595108112773,-0.21200875487584245,0.9028999823542426,0.29516874068526694,0.12112506249546977,-0.2880551260131482,0.31619114364175405,0.3161911436417541,-0.3873282337792065,0.5268207994522607,0.39930419708183895,-0.5086226757433863,0.39704138836338715,0.33634246186888606,0.5657115655520768,0.5447128204480329,-1.4536000241320335,-4.0,0.0,0.0,1.0,3.879433155700434,1.0,21.306427001953125,-15.750420570373535,1.4700000286102295
8.76012659072876,0.18575528684322326,0.9529553174415191,0.1785068080496026,0.11916255648189336,-0.21403683695236966,0.9348038393299085,0.15957652679326031,0.20311875862170947,-0.24376194117753086,0.30839237623362364,0.30839237623362353,-0.3935659313011978,0.22608189865743106,0.47523763200192115,-0.4551882586108447,0.48915087359637677,0.2683289057600177,0.43118410898854465,-1.964042478934107,0.757232312838708,-2.0241213704445236,0.0,0.0,0.0,3.5614473682177072,1.0,21.406614303588867,-15.832122802734375,1.4700000286102295
8.780096530914307,0.25193695912565245,0.953699367168842,0.1744153400550596,0.1156663743822477,-0.21600485191887256,0.9574875995329891,0.18629372263774174,0.1884326933132628,-0.114040631956494,0.30047191934144346,0.3004719193414435,-0.3996456251321525,0.3500003356014678,0.41515748459289153,-0.1626492802955903,0.47261836998206913,0.1685787950924767,0.5190150196950563,-1.1268856859036618,0.2978669965069277,0.11152234995739008,0.0,0.0,0.0,3.58578976112396,1.0,21.50680160522461,-15.913825035095215,1.4700000286102295
8.800107717514038,0.260008253154204,0.9544441636960717,0.17020787581933142,0.11215064561687424,-0.21791707157378887,0.9574875995329891,0.18629372263774174,0.1884326933132628,-0.114040631956494,0.29241491028769356,0.2924149102876936,-0.4055780075909442,0.3500003356014678,0.41515748459289153,-0.1626492802955903,0.47261836998206913,0.1685787950924767,0.5190150196950563,-1.0283135583271252,0.3512780827743389,0.14368482839838714,0.0,0.0,0.0,3.58578976112396,1.0,21.50680160522461,-15.913825035095215,1.4700000286102295
8.82254934310913,0.26932385548236093,0.9552764119048437,0.1653638038375731,0.1081945221176873,-0.219990305746189,0.9574875995329891,0.18629372263774174,0.1884326933132628,-0.114040631956494,0.2832402135923974,0.28324021359239754,-0.4120375970759623,0.3500003356014678,0.41515748459289153,-0.1626492802955903,0.47261836998206913,0.1685787950924767,0.5190150196950563,-0.9156134504537419,0.4114002912194974,0.17797293525999303,0.0,0.0,0.0,3.58578976112396,1.0,21.50680160522461,-15.913825035095215,1.4700000286102295
8.840101718902588,0.2978283955941288,0.9559236614271752,0.161484390059088,0.10509129467924518,-0.221559394008802,0.9636890124773182,0.23433300809004118,0.08773843950690206,-0.09323891238564178,0.2759647161628997,0.2759647161628996,-0.41694541061526297,0.46172254244652755,0.21444282651455457,-0.14231524163384007,0.5650346584349545,0.24360342343479285,0.6229034220299234,-0.6996503903104814,-2.0597362141467954,-0.2130716824299137,0.0,0.0,0.0,3.5234654539733277,1.0,21.50680160522461,-15.913825035095215,1.4700000286102295
8.860087394714355,0.3495734003008749,0.9566551429068617,0.1569723155049651,0.10154911687746676,-0.22328996076014773,0.9198400427597124,0.29780080394804154,0.1853235591387951,-0.1756819721310074,0.26757722299999054,0.26757722299999054,-0.4223771179072244,0.5695208988637711,0.4618136775488275,-0.24001992554209575,0.5221340171639911,0.20341987939631742,0.5066962930811221,1.1923397389310515,0.08558184383746159,-1.3033202833725803,0.0,0.0,0.0,4.066517201305016,1.0,21.618120193481445,-15.995527267456055,1.4800000190734863
8.880159378051758,0.2760287339347424,0.9573822893884301,0.15234133629771374,0.09798312226836242,-0.22496794654114233,0.9491516216900894,0.2653462966258121,0.08271840697797553,-0.14785197684531054,0.2590459462377895,0.2590459462377895,-0.4276624810966801,0.5156672031913432,0.2377212443300683,-0.24609777461711468,0.5654480793999564,0.40225329744561156,0.5399034012991492,0.009503890021927752,-2.6285760957718254,-0.9880175805017002,0.0,0.0,0.0,3.6211099744868047,1.0,21.72943878173828,-16.07723045349121,1.4800000190734863
8.900139570236206,0.3099727941811426,0.958096999827869,0.1476350095732884,0.09442579401697436,-0.22657849035907004,0.9242891906914252,0.28191693250987465,0.15923604391123206,-0.20212920980084248,0.2504500312908982,0.25045003129089827,-0.4327525642054453,0.5240482836509518,0.4206212183045502,-0.3162187334629431,0.39103814670481074,0.3101451400237366,0.637592676484668,1.4486389138379692,-0.6155431590408036,-2.297305812689126,0.0,0.0,0.0,3.869710207501685,1.0,21.85188865661621,-16.158931732177734,1.4800000190734863
8.920154571533203,0.3215257416463094,0.9588022031689755,0.14282646041940494,0.09085541438691137,-0.2281320474614773,0.9213475177555482,0.21821297429288794,0.22761255790555296,-0.22736396561379837,0.24173890294694203,0.24173890294694206,-0.4376783097230303,0.35676269154042156,0.545268957722711,-0.38314296974046136,0.5078190463301393,0.432856655157692,0.5285030449026803,0.14669876038526075,0.6129379652928435,-2.016510373889637,0.0,0.0,0.0,3.799844811198733,1.0,21.952075958251953,-16.249713897705078,1.4900000095367432
8.940095663070679,0.1228037266707205,0.9594924917961511,0.13794470168252787,0.08729213297431634,-0.22962034096596384,0.9506396929441363,0.1799316385281037,0.12939735879794034,-0.21717528218420087,0.23296363632892755,0.23296363632892755,-0.4424115099637476,0.3070175258137647,0.3301383810379854,-0.3976561622167829,0.5658101739423788,0.45188339411009354,0.4941371755681291,-1.2180023079761932,-1.2112407151990892,-1.735524276045164,0.0,0.0,0.0,3.376296480582528,1.0,22.074527740478516,-16.34049415588379,1.4900000095367432
8.960116863250732,0.1353438982736149,0.960171598352189,0.13295471776591458,0.08370911611771824,-0.23105481734943084,0.9506396929441363,0.1799316385281037,0.12939735879794034,-0.21717528218420087,0.2240599286765932,0.2240599286765932,-0.4469867429370136,0.3070175258137647,0.3301383810379854,-0.3976561622167829,0.5658101739423788,0.45188339411009354,0.4941371755681291,-1.1014097142596013,-1.1681962394436578,-1.7112204283371317,0.0,0.0,0.0,3.376296480582528,1.0,22.074527740478516,-16.34049415588379,1.4900000095367432
8.982394933700562,0.14944566533354986,0.9609089074212503,0.1273013370607166,0.07971660669970718,-0.23258053193966366,0.9506396929441363,0.1799316385281037,0.12939735879794034,-0.21717528218420087,0.2140471506567987,0.2140471506567987,-0.4518670349734596,0.3070175258137647,0.3301383810379854,-0.3976561622167829,0.5658101739423788,0.45188339411009354,0.4941371755681291,-0.9699798917732254,-1.1204253414981378,-1.6856779128503578,0.0,0.0,0.0,3.376296480582528,1.0,22.074527740478516,-16.34049415588379,1.4900000095367432
9.000128984451294,0.382842494334769,0.9614806508150489,0.1227276866894188,0.07653475309415286,-0.23374196156649085,0.928341511176172,0.2481900453394545,0.20743453828755032,-0.18317929016941722,0.20600048008849534,0.2060004800884953,-0.45559170559099227,0.4529093096124196,0.49617665088717733,-0.27303760877898825,0.43361274574767494,0.4280799433947852,0.35855233836768335,1.4488149035148439,0.14493320686673772,-0.4875729558502162,0.0,0.0,0.0,3.8503114300137256,1.0,22.074527740478516,-16.34049415588379,1.4900000095367432
9.020107746124268,0.15648408731307106,0.9621072357462311,0.1175000511646298,0.07294675080290758,-0.23499399236651544,0.9400146112260815,0.14359137796947896,0.12382510353313267,-0.28358665446264203,0.19685781621981302,0.19685781621981308,-0.45961614440004855,0.21196635141501574,0.31965179190058146,-0.5517063704560857,0.4546435043905069,0.4411735592226877,0.39310335054130235,-1.0963746327425303,-0.7618872026795194,-2.5297744883707365,0.0,0.0,0.0,3.2835475153704152,1.0,22.18584632873535,-16.431276321411133,1.4900000095367432
9.040124893188477,0.09471557336400173,0.9627149951851635,0.1121856051046965,0.06934872488466856,-0.23618844681693119,0.9556413246910146,0.15293857097450556,0.09231481900202781,-0.23417392306510493,0.1876187888650726,0.1876187888650726,-0.46346433526734643,0.260030457079939,0.2506855739172608,-0.4476694658698257,0.6496262836422224,0.5285997652006731,0.3340307413186463,-1.6866834126028645,-1.8594196020313116,-1.3357431267977908,0.0,0.0,0.0,3.2466655853048767,1.0,22.319429397583008,-16.522056579589844,1.5
9.060113191604614,0.4129915847198829,0.9633004574499794,0.10680534324452531,0.06575321787164118,-0.2373212204388899,0.9086755831923946,0.22343535288272243,0.22255554163910152,-0.27359524571501787,0.17831806366858974,0.17831806366858977,-0.4671216845421381,0.3410033477226731,0.5547411357731357,-0.48695686665161675,0.5288615429185131,0.4045636435590345,0.29984512500313465,0.944780929100471,0.9984453250843677,-1.9759384878078652,0.0,0.0,0.0,3.799752902396959,1.0,22.430747985839844,-16.612836837768555,1.5
9.080110549926758,0.26756939012834896,0.9638633951698659,0.10135245608713195,0.06215383152793813,-0.2383944972584765,0.9369684534300905,0.18042304417661853,0.1660025232474561,-0.24895944385048727,0.16894183352842243,0.16894183352842243,-0.4705939405517828,0.2825813801082589,0.4125146426665869,-0.45990883062151405,0.610292684122692,0.47031420900182835,0.3870077923103237,-0.38038236372075707,-0.2014895069558047,-1.767710998251974,0.0,0.0,0.0,3.4655866767654233,1.0,22.553197860717773,-16.703617095947266,1.5
9.10010552406311,0.3685571032841098,0.9644021561613172,0.09583339507674613,0.05855299970245728,-0.23940757675000773,0.9412562039611203,0.24033827364586807,0.15351034506016387,-0.18085587268633346,0.1594991765693753,0.15949917656937532,-0.4738776347050906,0.4426439559664029,0.38538756779840666,-0.29191073380792676,0.7590664965249048,0.5562937617654994,0.31557592543913277,0.31855116403718586,-1.1706638041844,-0.2310044217695537,0.0,0.0,0.0,3.648357010155419,1.0,22.675649642944336,-16.803476333618164,1.5
9.120166540145874,0.3818888993111572,0.9649171965450202,0.09023241906914697,0.05493872786541936,-0.2403635798975339,0.9412562039611203,0.24033827364586807,0.15351034506016387,-0.18085587268633346,0.149961253646633,0.149961253646633,-0.4769817841435144,0.4426439559664029,0.38538756779840666,-0.29191073380792676,0.7590664965249048,0.5562937617654994,0.31557592543913277,0.4424742838838993,-1.1258980788521993,-0.2146937035745058,0.0,0.0,0.0,3.648357010155419,1.0,22.675649642944336,-16.803476333618164,1.5
9.140109777450562,0.39521501047200314,0.9654026905806351,0.08460460841991348,0.05134443585129024,-0.2412539205088621,0.9412562039611203,0.24033827364586807,0.15351034506016387,-0.18085587268633346,0.1404195020392264,0.1404195020392264,-0.47987744627879286,0.4426439559664029,0.38538756779840666,-0.29191073380792676,0.7590664965249048,0.5562937617654994,0.31557592543913277,0.5664866798852084,-1.0813806292059023,-0.1996906443842279,0.0,0.0,0.0,3.648357010155419,1.0,22.675649642944336,-16.803476333618164,1.5
9.160099267959595,0.32480328992896185,0.9658616291093932,0.0789075803929745,0.04774082694880881,-0.24208618426692446,0.9712215282528925,0.07247680489748567,0.17602599584143802,-0.14314574600035432,0.13079958173778455,0.13079958173778458,-0.4825883021968318,0.09714339076202926,0.37113132546906025,-0.2744174585467526,0.715016032692789,0.5213205823615673,0.34250676467914476,-2.2771563426170625,0.26270742084733545,0.7757732060504279,0.0,0.0,0.0,3.2936406487450456,1.0,22.675649642944336,-16.803476333618164,1.5
9.180100679397583,0.32356154757883293,0.9662920203712586,0.07315452965628139,0.044134311021509685,-0.2428586188469665,0.9575362302489085,0.21290834615217363,0.0864092260413959,-0.17414892923696673,0.12112161538826395,0.12112161538826395,-0.4851077759485385,0.39951574660226363,0.24199034307875608,-0.3105875646277301,0.6582674193588002,0.5134404431952525,0.30073933522936885,0.34658643635721953,-2.0083717741599183,0.020880035425869803,0.0,0.0,0.0,3.4092641053376416,1.0,22.798099517822266,-16.903335571289062,1.5099999904632568
9.200191497802734,0.3630299316670968,0.9666942865793564,0.06732652167039413,0.040511104361126864,-0.24357369767287482,0.9327853362450171,0.2047828008337598,0.15322921420367894,-0.25396127437755933,0.11135161480151792,0.11135161480151795,-0.48744314322913024,0.33667363633628666,0.40049446849542053,-0.46267710991098016,0.7225859376768745,0.5000664561661783,0.3912183776981031,0.35356676941835863,-0.44914048409421303,-1.8904840482780734,0.0,0.0,0.0,3.5159044435354208,1.0,22.931682586669922,-16.994115829467773,1.5099999904632568
9.220117807388306,0.44529642106840855,0.9670625665611743,0.06150125915512768,0.036917162552359425,-0.24422266599873735,0.9164752867229559,0.2506365974470914,0.13533991985734828,-0.2809580946319704,0.10161720879515168,0.10161720879515168,-0.4895650547952565,0.4291660560112777,0.3994461418200456,-0.5067615227884297,0.8515695983002443,0.44639470511319185,0.3911526476461836,0.7676773563392834,-0.7232459867613676,-2.5407952859814675,0.0,0.0,0.0,3.6565702156163407,1.0,23.065265655517578,-17.084896087646484,1.5099999904632568
9.240113019943237,0.2733165441542812,0.9674005205530863,0.05561465849044919,0.03331052230871229,-0.24481350391293605,0.9303817489452636,0.1177888864296762,0.11396098284887106,-0.3279153455563319,0.09180859070038307,0.09180859070038307,-0.49149891421406966,0.15146917250860262,0.2934996693561311,-0.6552849595155315,0.7853593593294033,0.34586329819423867,0.3591309570576988,-1.5577909792942073,-0.010353151278547301,-3.177347193018061,0.0,0.0,0.0,3.2457547404611957,1.0,23.1988468170166,-17.184755325317383,1.5099999904632568
9.260095357894897,0.1394467610571826,0.9677058338180515,0.04969449606444419,0.029706038947818248,-0.24534348881810902,0.9534269121612241,0.10623519771978952,0.04969335359551028,-0.2778880647681405,0.08196961818586312,0.08196961818586314,-0.4932352194384174,0.17800183905261888,0.1544138484930866,-0.5534050310092491,0.8887581713873827,0.37053899043612404,0.19356956812153187,-2.3678059310858997,-1.3319278720060816,-1.4879414168509015,0.0,0.0,0.0,3.1659657713543554,1.0,23.310165405273438,-17.293691635131836,1.5099999904632568
9.280102014541626,0.1510822441424209,0.9679783210354528,0.043733651170061005,0.0260970852692851,-0.2458135063440759,0.9534269121612241,0.10623519771978952,0.04969335359551028,-0.2778880647681405,0.07208588450402217,0.07208588450402217,-0.4947763386170288,0.17800183905261888,0.1544138484930866,-0.5534050310092491,0.8887581713873827,0.37053899043612404,0.19356956812153187,-2.233037539573502,-1.2969671858337763,-1.4787496179016524,0.0,0.0,0.0,3.1659657713543554,1.0,23.310165405273438,-17.293691635131836,1.5099999904632568
9.300137042999268,0.1631908458703848,0.9682172565095278,0.037734768798908636,0.022482990271974576,-0.24622336722838992,0.9534269121612241,0.10623519771978952,0.04969335359551028,-0.2778880647681405,0.06215922240213147,0.0621592224021315,-0.4961211858713174,0.17800183905261888,0.1544138484930866,-0.5534050310092491,0.8887581713873827,0.37053899043612404,0.19356956812153187,-2.097646329985164,-1.2620253963623986,-1.4705453260092138,0.0,0.0,0.0,3.1659657713543554,1.0,23.310165405273438,-17.293691635131836,1.5099999904632568
9.320163488388062,0.17565997171160844,0.9684215794452529,0.031712894447623347,0.01887046132723937,-0.24657218513005968,0.9534269121612241,0.10623519771978952,0.04969335359551028,-0.2778880647681405,0.05221187835002068,0.05221187835002066,-0.4972664474496169,0.17800183905261888,0.1544138484930866,-0.5534050310092491,0.8887581713873827,0.37053899043612404,0.19356956812153187,-1.96195961069829,-1.22714595515726,-1.4633388447099067,0.0,0.0,0.0,3.1659657713543554,1.0,23.310165405273438,-17.293691635131836,1.5099999904632568
9.34009575843811,0.3005712977127677,0.9685901979848086,0.025697983024349936,0.015274962274223123,-0.24685890213591732,0.9564979320396105,0.14414262672651082,0.10532055987415968,-0.23074268966128494,0.04229051410245302,0.04229051410245301,-0.4982083022360729,0.23800539244567195,0.271313905752034,-0.4407906151083787,0.9635488122183413,0.4109163035347644,0.27870281631321125,-1.1039992560344039,-0.488690749132648,-0.8522177710446736,0.0,0.0,0.0,3.288471880287215,1.0,23.310165405273438,-17.293691635131836,1.5099999904632568
9.360093116760254,0.1946216252581993,0.9687241334538669,0.019646075826709013,0.011667774243763645,-0.247085912210435,0.9462460595672368,0.063615713706627,0.06708447268318948,-0.3099533985099893,0.03231987257801904,0.032319872578019056,-0.498954332415844,0.08000556212730763,0.1671701813027658,-0.6263867145327354,0.9323211444696158,0.44328643827903436,0.17805028175631396,-2.6093802349644832,-0.8868140814380476,-2.0297926015797803,0.0,0.0,0.0,3.127577893417147,1.0,23.443748474121094,-17.384471893310547,1.5199999809265137
9.380646467208862,0.27465622752998975,0.9688246815816767,0.013412084004394266,0.00796034739341212,-0.24725591040498515,0.9622274083599316,0.13689399622898674,0.06371674257547888,-0.22653614526816168,0.022058584977771023,0.022058584977771023,-0.4995131818368545,0.24100839083136089,0.18570847044369326,-0.43988525874809714,0.8843112780613537,0.352327778796629,0.08548631107594853,-0.8638082671498464,-0.9440879044085995,0.02220386774321892,0.0,0.0,0.0,3.2282073453054596,1.0,23.57733154296875,-17.502487182617188,1.5199999809265137
9.400137901306152,0.5190918877440273,0.9688850517677716,0.007491242108773506,0.004444509242159299,-0.24735780580007294,0.925236124239873,0.224289425825243,0.13624307411645506,-0.27398940238603947,0.012318783120986351,0.012318783120986353,-0.4998482245466299,0.37597661775500985,0.38441821866066267,-0.501793687918712,0.9852994223048029,0.28441602159222257,0.20502217511028695,0.9160531822794842,0.3516246761347064,-1.5516104073977277,0.0,0.0,0.0,3.5811595998706305,1.0,23.710914611816406,-17.5932674407959,1.5199999809265137
9.420152425765991,0.4078122149961858,0.9689114569029209,0.0014065199979896588,0.0008343407047539527,-0.2474023327685961,0.9353214988833536,0.17550868398933803,0.08931902141114477,-0.2939260246815225,0.002312759254538344,0.0023127592545383446,-0.4999946511160199,0.29053798652541396,0.27366010152995235,-0.5686765268899664,1.0701718177578523,0.30013863012240105,0.14441236878814032,-0.46890074859857256,-0.34547449333758085,-1.645817017807977,0.0,0.0,0.0,3.3557525409946005,1.0,23.84449577331543,-17.693126678466797,1.5199999809265137
9.440094947814941,0.4195597175439926,0.9689018433713429,-0.004657266901399758,-0.0027628354871172827,-0.247386124341471,0.9542846207907341,0.17524583745795708,0.09993795406684675,-0.2205496867213303,-0.00765819406631512,-0.007658194066315118,-0.4999413486236588,0.30617701294317123,0.271357318133146,-0.412132730976446,1.111950642754511,0.3891946454989604,0.04209896025206886,-0.4563429956689977,-0.45505754116626984,0.2796944295887298,0.0,0.0,0.0,3.377481192666466,1.0,23.978078842163086,-17.811140060424805,1.5199999809265137
9.46011734008789,0.43361780018332474,0.9688561396888852,-0.010742176212290594,-0.006374433951669242,-0.24730902294330387,0.9542846207907341,0.17524583745795708,0.09993795406684675,-0.2205496867213303,-0.017666012026256856,-0.01766601202625686,-0.49968781455933875,0.30617701294317123,0.271357318133146,-0.412132730976446,1.111950642754511,0.3891946454989604,0.04209896025206886,-0.32459184470671953,-0.41278929725583935,0.27892057888083344,0.0,0.0,0.0,3.377481192666466,1.0,23.978078842163086,-17.811140060424805,1.5199999809265137
9.480141639709473,0.4476617481529221,0.9687744120030611,-0.01682036780200277,-0.009986410199153178,-0.2471709640845035,0.9542846207907341,0.17524583745795708,0.09993795406684675,-0.2205496867213303,-0.027667700199012737,-0.027667700199012737,-0.4992339114740679,0.30617701294317123,0.271357318133146,-0.412132730976446,1.111950642754511,0.3891946454989604,0.04209896025206886,-0.19321534011723251,-0.370342563749656,0.2771569656859195,0.0,0.0,0.0,3.377481192666466,1.0,23.978078842163086,-17.811140060424805,1.5199999809265137
9.500095129013062,0.46163476703399825,0.9686573368190257,-0.0228657089497707,-0.013585660559081562,-0.24697277786847385,0.9542846207907341,0.17524583745795708,0.09993795406684675,-0.2205496867213303,-0.03762299006234826,-0.03762299006234825,-0.4985825013162501,0.30617701294317123,0.271357318133146,-0.412132730976446,1.111950642754511,0.3891946454989604,0.04209896025206886,-0.06276601290851147,-0.3278537192771034,0.2744227547810095,0.0,0.0,0.0,3.377481192666466,1.0,23.978078842163086,-17.811140060424805,1.5199999809265137
9.5201096534729,0.25568872844974555,0.9685044464202804,-0.028914058896466133,-0.017195973324232814,-0.2467132200829745,0.9564753879848701,0.08853971209239588,0.020855500294457298,-0.27727351057981675,-0.04759368023797781,-0.04759368023797783,-0.49772968728156564,0.15910585154213533,0.08911287468661054,-0.5572047062786151,1.0221750865044206,0.2758142562249045,0.008305641233663195,-1.62230022455757,-0.9675540262255139,-0.6661424770907863,0.0,0.0,0.0,3.1615791309662775,1.0,24.111661911010742,-17.90192222595215,1.5199999809265137
9.540095090866089,0.4857707792753453,0.9683167078945536,-0.034934075589742236,-0.020801087500970757,-0.24639334068460736,0.9676198003501055,0.11200182691731904,0.1540879410983425,-0.1656031978727414,-0.057530859001140015,-0.05753085900114002,-0.49667917236641906,0.17681737353974172,0.3419160107884952,-0.3084016704946561,1.0143066334036883,0.2998934512467679,0.09346960410007499,-0.38388427877193454,1.5194616561334184,1.12623301880111,0.0,0.0,0.0,3.358739552328983,1.0,24.2452449798584,-18.0108585357666,1.5199999809265137
9.560129880905151,0.4260240692645638,0.9680937797711179,-0.040945293101653804,-0.02441513526036831,-0.2460118243327098,0.928129881823109,0.14314065644981167,-0.009763692181706776,-0.3434972274314884,-0.06746951039840422,-0.06746951039840425,-0.4954269524022686,0.2768162212961669,0.08029915470073076,-0.6977373775425144,1.0514533437056548,0.4388734252858958,0.12279581171554038,-0.5545998401721328,-2.4769065361635216,-2.497423808330744,0.0,0.0,0.0,3.252975112293158,1.0,24.378828048706055,-18.119796752929688,1.5199999809265137
9.580130815505981,0.3654758469306298,0.9678370780222896,-0.046918689693765746,-0.028023073918643733,-0.24557022272834061,0.9789347615221469,0.003397526123382327,0.1253313580033814,-0.1611435391222584,-0.0773643571108499,-0.07736435711084991,-0.4939784977595937,-0.03482189050953543,0.24904385432507328,-0.3306551007835222,1.1967952396424428,0.31624287431926756,0.1712471408981092,-3.0969414611672192,1.5417909335858573,0.8880386645653372,0.0,0.0,0.0,3.224060614349649,1.0,24.523542404174805,-18.219654083251953,1.5199999809265137
9.600089311599731,0.35620332812848027,0.9675475165274883,-0.05284788316714449,-0.03162330439494587,-0.2450691149969457,0.9805654119044818,0.10459600677485413,-0.029288121992564448,-0.1633810094640662,-0.08720736228761802,-0.087207362287618,-0.4923361412316143,0.21644076521637734,-0.023261934315728677,-0.3327323587644929,1.1763581356444934,0.28116326868766034,0.1712607578908346,-1.685203619022598,-1.7565835249559227,1.056614855383076,0.0,0.0,0.0,3.201490914264673,1.0,24.657123565673828,-18.337669372558594,1.5199999809265137
9.620090246200562,0.3664517278342651,0.9672245523233359,-0.05875414381592023,-0.03523106586059743,-0.24450641702357576,0.9805654119044818,0.10459600677485413,-0.029288121992564448,-0.1633810094640662,-0.09703644620183459,-0.09703644620183456,-0.4904935556238414,0.21644076521637734,-0.023261934315728677,-0.3327323587644929,1.1763581356444934,0.28116326868766034,0.1712607578908346,-1.5579313346856143,-1.7037637198217208,1.057641750838365,0.0,0.0,0.0,3.201490914264673,1.0,24.657123565673828,-18.337669372558594,1.5199999809265137
9.640113353729248,0.37683324096858173,0.9668691215981526,-0.06462740135084902,-0.0388426074884268,-0.24388245639683245,0.9805654119044818,0.10459600677485413,-0.029288121992564448,-0.1633810094640662,-0.10683754364982717,-0.10683754364982714,-0.48845239201673624,0.21644076521637734,-0.023261934315728677,-0.3327323587644929,1.1763581356444934,0.28116326868766034,0.1712607578908346,-1.431325964460611,-1.6506147648740255,1.0575618695873468,0.0,0.0,0.0,3.201490914264673,1.0,24.657123565673828,-18.337669372558594,1.5199999809265137
9.660112380981445,0.38730163141422497,0.9664828927270321,-0.07045023086904217,-0.042449466589907184,-0.24319873729671945,0.9805654119044818,0.10459600677485413,-0.029288121992564448,-0.1633810094640662,-0.11658410046920192,-0.11658410046920188,-0.48621820977600894,0.21644076521637734,-0.023261934315728677,-0.3327323587644929,1.1763581356444934,0.28116326868766034,0.1712607578908346,-1.3057542773257396,-1.597249810437487,1.0563713488294213,0.0,0.0,0.0,3.201490914264673,1.0,24.657123565673828,-18.337669372558594,1.5199999809265137
9.680095195770264,0.4434660632770145,0.9660667219010408,-0.07622125124123992,-0.04605291567221573,-0.24245523020278326,0.9768499524664503,0.11915924773335201,0.031998798166622267,-0.1747607534940463,-0.12627618630147497,-0.1262761863014749,-0.4837916129628076,0.2247158058053229,0.10435406431612462,-0.34227391382263406,1.1995938708588885,0.3107604417797031,0.0860642417843133,-0.6907949291742144,-0.5692718392030374,1.0769525169994432,0.0,0.0,0.0,3.2271120188491667,1.0,24.790706634521484,-18.428449630737305,1.5199999809265137
9.700096607208252,0.4409659831210321,0.9656208635895773,-0.0819467583535535,-0.04965905423052802,-0.2416506878301671,0.9425553035356609,0.1279186211050367,-0.05854456493204854,-0.30298326697740485,-0.13592679826349713,-0.13592679826349713,-0.48116931065253377,0.2804271688012065,-0.03285448717861578,-0.6266707036522874,1.1308372391691597,0.31494759394100424,0.09860871011262926,-0.4901735731655057,-2.569101730865974,-1.4673942691824937,0.0,0.0,0.0,3.2603160499094166,1.0,24.92428970336914,-18.546464920043945,1.5199999809265137
9.720131635665894,0.25680591551995696,0.9651459245850577,-0.08762715172124388,-0.053270377561750265,-0.24078432966558444,0.9667559941824269,0.03784018230869104,-0.08008821109499056,-0.23986839466423404,-0.1455391144157626,-0.14553911441576253,-0.4783496275477547,0.11288269937046727,-0.13712754169776073,-0.49417091137891195,1.1471967584169296,0.3071326583702407,0.13420552262523844,-2.2942017207336023,-2.3470838508699736,-0.330715028785978,0.0,0.0,0.0,3.183144556209056,1.0,25.06900405883789,-18.64632225036621,1.5199999809265137
9.740154027938843,0.3530819356580469,0.9646440791353851,-0.0932455941536295,-0.056878302688790836,-0.23985812148689872,0.9447966346617053,0.02064558263985548,0.04653835773911505,-0.3236777105522148,-0.15508700630699843,-0.15508700630699843,-0.47533989993975156,0.008930958739611874,0.10147767248261172,-0.6596627263068743,1.264565921928257,0.3519685997141541,0.1126755631817436,-2.3065315983928216,-0.1379174167039141,-2.226339296225622,0.0,0.0,0.0,3.150867440194097,1.0,25.202587127685547,-18.76433753967285,1.5199999809265137
9.760106325149536,0.33717635906555105,0.9641181128276523,-0.09878277835067456,-0.06047220409304215,-0.2388751551566162,0.9517597938809209,0.054306304041372044,-0.029473952766858602,-0.3005584904829842,-0.16453963142489988,-0.1645396314248999,-0.4721511513176242,0.12142188202504516,-0.02346195732009817,-0.6131892436147222,1.1605186658949345,0.3581458554341931,0.004738444703407049,-1.4918745142366063,-1.7030591970706799,-1.1434852859902904,0.0,0.0,0.0,3.147076750804532,1.0,25.35843276977539,-18.86419677734375,1.5299999713897705
9.780109882354736,0.34925624793378957,0.9635661009468414,-0.1042689923366891,-0.06407362602778868,-0.23782959612050797,0.9517597938809209,0.054306304041372044,-0.029473952766858602,-0.3005584904829842,-0.1739507855958953,-0.17395078559589525,-0.46876553221260936,0.12142188202504516,-0.02346195732009817,-0.6131892436147222,1.1605186658949345,0.3581458554341931,0.004738444703407049,-1.3657778169280657,-1.666022980606694,-1.1529238633624748,0.0,0.0,0.0,3.147076750804532,1.0,25.35843276977539,-18.86419677734375,1.5299999713897705
9.800096988677979,0.3613347213470315,0.9629911400526384,-0.10968209602977724,-0.06767001755644483,-0.23672488402055394,0.9517597938809209,0.054306304041372044,-0.029473952766858602,-0.3005584904829842,-0.18328468417108779,-0.18328468417108776,-0.46519536170119385,0.12142188202504516,-0.02346195732009817,-0.6131892436147222,1.1605186658949345,0.3581458554341931,0.004738444703407049,-1.241093083021049,-1.6285652648742293,-1.163399041116923,0.0,0.0,0.0,3.147076750804532,1.0,25.35843276977539,-18.86419677734375,1.5299999713897705
9.820088148117065,0.3734079736421867,0.9623940073406223,-0.11502438524220321,-0.07126467311958365,-0.23555999617861745,0.9517597938809209,0.054306304041372044,-0.029473952766858602,-0.3005584904829842,-0.19254723607374385,-0.1925472360737439,-0.4614385786649855,0.12142188202504516,-0.02346195732009817,-0.6131892436147222,1.1605186658949345,0.3581458554341931,0.004738444703407049,-1.1177553608579647,-1.5906364874521606,-1.1749300264758136,0.0,0.0,0.0,3.147076750804532,1.0,25.35843276977539,-18.86419677734375,1.5299999713897705
9.840105295181274,0.30776779015585337,0.9617753948612207,-0.12029831447178133,-0.07486109107572111,-0.23433357082958503,0.9699831077762887,0.027308501765738007,-0.03299172011512321,-0.23937118198272966,-0.20174472892120066,-0.20174472892120068,-0.45749214676594324,0.0689160071986696,-0.05095112786601406,-0.48564589346602705,1.0970730264194657,0.3532567450909058,-0.16839724020883062,-1.3254821402113866,-1.2992645668862948,0.7354186564145133,0.0,0.0,0.0,3.135207042978153,1.0,25.492015838623047,-18.964054107666016,1.5299999713897705
9.860087871551514,0.4442909183653794,0.9611386264384553,-0.12548482512727857,-0.0784479100868729,-0.23304940427681425,0.9564817499632292,0.03727522671713018,0.06370548305144305,-0.28230272915727794,-0.21084571496456797,-0.21084571496456803,-0.4533696995621566,0.035711764344778914,0.14340305566517872,-0.5714319142201801,1.0185978288864221,0.32578114218543275,-0.09957532253063969,-0.21752752900232508,0.5399177675692215,-0.6715879714347192,0.0,0.0,0.0,3.159323148452244,1.0,25.625598907470703,-19.0729923248291,1.5299999713897705
9.88009262084961,0.4061026193845844,0.9604833933752933,-0.13059565295194153,-0.08203479041945466,-0.23170394826410257,0.936293987797108,-0.011201999027453762,0.02882143829862193,-0.3498534097692581,-0.21987246946629438,-0.21987246946629446,-0.4490613512325386,-0.04119879019867768,0.046148942699944004,-0.7161375336745338,1.1098272198885555,0.3858681046449588,-0.0895796690872426,-1.5014132225690502,-0.31552428186422565,-2.1170470173846567,0.0,0.0,0.0,3.132697645515905,1.0,25.770313262939453,-19.181930541992188,1.5299999713897705
9.900108575820923,0.3063670716699794,0.959811531382342,-0.13562481573282914,-0.08561918091355793,-0.23029782769841953,0.9633155259870972,-0.11855987235894887,0.0664156669231874,-0.2314210734690776,-0.22881621786880318,-0.22881621786880313,-0.44457073502449124,-0.26287308851105073,0.07314919743409173,-0.48120678162305663,1.2066668280596322,0.3136838159508986,-0.20531171093540526,-3.787390819651603,1.5881137338800697,0.4326517708149942,0.0,0.0,0.0,3.248754501593832,1.0,25.903894424438477,-19.29086685180664,1.5299999713897705
9.920114040374756,0.30352658204801325,0.9591253219197756,-0.14056397711370372,-0.08919657435893531,-0.2288325945159386,0.9640477061002282,0.009602447186123768,-0.10025737332681409,-0.2459029736797292,-0.2376636819874174,-0.23766368198741744,-0.4399045058466482,0.06911576384214438,-0.18971930200025627,-0.5060745182599126,1.2369034634721943,0.25228745623013604,-0.20747870725309506,-2.073376294597198,-1.9477915335604201,0.8239718201465617,0.0,0.0,0.0,3.207877649454871,1.0,26.037477493286133,-19.399803161621094,1.5199999809265137
9.94009017944336,0.31312041741699764,0.9584270335959916,-0.1454059731829064,-0.0927629505230905,-0.22730983094747748,0.9640477061002282,0.009602447186123768,-0.10025737332681409,-0.2459029736797292,-0.24640327333257628,-0.24640327333257628,-0.4350694506524122,0.06911576384214438,-0.18971930200025627,-0.5060745182599126,1.2369034634721943,0.25228745623013604,-0.20747870725309506,-1.9595590804710112,-1.9011490067985741,0.8084395440768731,0.0,0.0,0.0,3.207877649454871,1.0,26.037477493286133,-19.399803161621094,1.5199999809265137
9.960114479064941,0.3227717698477812,0.9577155478957057,-0.15016677597028788,-0.096331417202055,-0.22572356273406877,0.9640477061002282,0.009602447186123768,-0.10025737332681409,-0.2459029736797292,-0.2550652533438589,-0.2550652533438588,-0.43004850486501295,0.06911576384214438,-0.18971930200025627,-0.5060745182599126,1.2369034634721943,0.25228745623013604,-0.20747870725309506,-1.8471722673747597,-1.8540282008417033,0.7915853403217642,0.0,0.0,0.0,3.207877649454871,1.0,26.037477493286133,-19.399803161621094,1.5199999809265137
9.980087757110596,0.3324117531273255,0.9569960157902404,-0.15482025267426155,-0.09988353667987385,-0.22408166864740175,0.9640477061002282,0.009602447186123768,-0.10025737332681409,-0.2459029736797292,-0.26360328547975753,-0.26360328547975753,-0.42486857719096793,0.06911576384214438,-0.18971930200025627,-0.5060745182599126,1.2369034634721943,0.25228745623013604,-0.20747870725309506,-1.736825207301027,-1.8066679313397147,0.7734798452686363,0.0,0.0,0.0,3.207877649454871,1.0,26.037477493286133,-19.399803161621094,1.5199999809265137
10.000102281570435,0.14260112922029686,0.9562667658154049,-0.15938549607365704,-0.1034349082847603,-0.22237660845157065,0.9697525509049615,-0.10862615798349341,-0.1250410723135557,-0.17929048510654783,-0.2720534647986386,-0.2720534647986387,-0.4195079406769982,-0.17370335411960433,-0.28532473355768484,-0.34062467010141534,1.2199502265699391,0.40259172392383347,-0.11311567427275623,-4.0,-2.0841017349374744,1.5103576495934354,1.0,0.0,0.0,3.3270328174909225,1.0,26.17106056213379,-19.508739471435547,1.5199999809265137
10.020112037658691,0.4335668376117905,0.9555311105589449,-0.1638493734766578,-0.10697647991835241,-0.2206121309211589,0.9471828149509142,-0.008867896222538346,0.005901001517088076,-0.32051716593552987,-0.28039269424476265,-0.28039269424476265,-0.41398059980410074,-0.020583546459495818,0.005494056165175005,-0.6526457543351026,1.0139588205355632,0.2539042539556384,-0.16581619852531887,-0.4096074670189713,0.11247703559803668,-1.3211279271984782,0.0,0.0,0.0,3.146338431273917,1.0,26.31577491760254,-19.608598709106445,1.5199999809265137
10.040106296539307,0.3433111583674449,0.9547911197348822,-0.16820738392778026,-0.11050545232109185,-0.21878925630590948,0.9654304784985157,-0.034760320575351424,-0.010874007598575052,-0.2581035979183009,-0.2886133335598977,-0.28861333355989766,-0.4082919833788599,-0.06158971797316151,-0.03894957178067459,-0.5212723237695689,1.2315745797625552,0.39982742515624037,-0.20528991921271605,-1.8193697481301565,-0.3894461102359894,0.07673320814474505,0.0,0.0,0.0,3.154238424110148,1.0,26.449357986450195,-19.726613998413086,1.5199999809265137
10.060116052627563,0.16868446280856908,0.9540473167677886,-0.1724641304198154,-0.1140263317380384,-0.21690513308146114,0.9736249176973991,-0.1538492796340446,-0.09455563439141047,-0.13944228483374832,-0.2967248343172771,-0.29672483431727703,-0.40243555098845885,-0.2843549217627468,-0.22902658443143642,-0.25158001905249666,1.063831806281995,0.45179230999651376,-0.10074479814514352,-3.92479978249356,-1.2045645469203046,1.941265010968024,0.0,0.0,0.0,3.365082455748119,1.0,26.58294105529785,-19.817394256591797,1.5199999809265137
10.080100774765015,0.13204084536517563,0.95330287782109,-0.1766090264540551,-0.11753098225554834,-0.21496358557445214,0.9576779458807061,-0.14423508486775954,-0.06601813052765292,-0.24018908948687728,-0.30470760927773455,-0.3047076092777346,-0.39642562082722077,-0.25203121502521425,-0.19700750641487613,-0.46643172211495304,1.159517969786908,0.3332411359565518,-0.11659213193074028,-3.724611604055263,-0.568818831964186,-0.10162664420482592,0.0,0.0,0.0,3.3125266225214847,1.0,26.716522216796875,-19.935409545898438,1.5199999809265137
10.100980281829834,0.143616908910319,0.9525252367537423,-0.1808237014319763,-0.12117877603803234,-0.21287124414911257,0.9576779458807061,-0.14423508486775954,-0.06601813052765292,-0.24018908948687728,-0.3129177626213661,-0.31291776262136617,-0.38997752991170953,-0.25203121502521425,-0.19700750641487613,-0.46643172211495304,1.159517969786908,0.3332411359565518,-0.11659213193074028,-3.6213564613086007,-0.52420599041204,-0.142924708632008,0.0,0.0,0.0,3.3125266225214847,1.0,26.716522216796875,-19.935409545898438,1.5199999809265137
10.120091199874878,0.19434860359692405,0.951815162420639,-0.18457591137282017,-0.12450418759845713,-0.2108988781324214,0.9578880862483043,-0.10780267466519997,-0.08281241554927184,-0.2529250904704483,-0.3203129962824158,-0.32031299628241583,-0.38392653517643327,-0.16931655369780457,-0.21483073259015398,-0.49800474777136705,0.9835727414296758,0.3693305128396327,-0.029179385497467736,-2.1698902938362457,-1.1475110654377423,-0.6204248711570297,0.0,0.0,0.0,3.267213304906815,1.0,26.85010528564453,-20.035268783569336,1.5199999809265137
10.140093326568604,0.3068040151364423,0.9510753190740615,-0.1883934723485965,-0.1279698255743973,-0.2087758625106571,0.9787925849937291,-0.04535207112207803,-0.09267878043268482,-0.1769714916695395,-0.3279277573371444,-0.3279277573371444,-0.3774432221776289,-0.05713311472800309,-0.1987852549664395,-0.3520479889700793,1.0868773178001694,0.32995604960622504,-0.25772692458447627,-1.4562529335556818,-1.0550330054934682,1.9847362757838698,0.0,0.0,0.0,3.2158158364014753,1.0,26.983688354492188,-20.1351261138916,1.5199999809265137
10.160093545913696,0.29895009583486865,0.9503405691420467,-0.1920969893772193,-0.13141875746397685,-0.20659298028152767,0.9428604984508009,-0.06992875498289457,-0.1469823948657629,-0.2907236235450682,-0.33541061650308296,-0.335410616503083,-0.37080954456030635,-0.04896085112601941,-0.323437476619877,-0.5901957110995062,1.0241586561789473,0.4235965219282083,-0.15026222153269447,-1.6465238904608288,-2.8378684986502485,-0.648014474746597,0.0,0.0,0.0,3.3234453743273735,1.0,26.983688354492188,-20.1351261138916,1.5199999809265137
10.180084228515625,0.3319137002289862,0.9496127937510037,-0.1956836656853236,-0.13484842785410664,-0.20435103727078108,0.9606630514576076,-0.03325279671457029,-0.1556719948233601,-0.22756753525609344,-0.34275584129906894,-0.34275584129906894,-0.3640308136069905,0.007333866483795347,-0.31964670527391237,-0.4663790386682205,0.8985955119554927,0.2696654011421705,-0.2763081684612453,-0.48869850875659226,-2.199066038879188,1.2290292207325164,0.0,0.0,0.0,3.3153989243860544,1.0,27.117271423339844,-20.244064331054688,1.5199999809265137
10.20012092590332,0.16677035374464935,0.9488915753158482,-0.19916177856975376,-0.13826701388380752,-0.20204355254052292,0.9472226392804952,-0.17350713763976575,-0.0811561483310988,-0.25705685054207156,-0.34998052784767736,-0.34998052784767736,-0.35709050691310895,-0.300334632162702,-0.24540403944776296,-0.49268005995286007,1.0445445877178225,0.28487462875003194,-0.3859497394508337,-3.3150485312591638,-0.3830713287527785,0.3364796831025323,0.0,0.0,0.0,3.397173567683048,1.0,27.250852584838867,-20.343921661376953,1.5199999809265137
10.220112085342407,0.05433664685154757,0.9481817640755921,-0.20251417265975466,-0.1416575467603238,-0.19968097453758532,0.9541760244294968,-0.18480999223512054,-0.14964694288150135,-0.1816567468061556,-0.35704877371577154,-0.35704877371577143,-0.3500231037918266,-0.32446739391482354,-0.3604795627313268,-0.3166286983218395,0.9286486021299456,0.32282877844793384,-0.3206803288903584,-3.4375523001859207,-1.4235409923001088,1.730982925710915,0.0,0.0,0.0,3.5495620599908335,1.0,27.384435653686523,-20.44378089904785,1.5199999809265137
10.240116357803345,0.22537130039959774,0.9474827763905329,-0.20574982296991512,-0.14502863058921,-0.19725641966880203,0.9501703012296576,-0.22123122398534212,-0.03522574801753335,-0.21677705337902872,-0.36397882637914974,-0.36397882637914974,-0.3428110470035306,-0.4231386970864113,-0.16358524310882622,-0.41340229195985095,0.8890807078179059,0.27073853539926535,-0.3000017863574844,-3.3488234071917087,0.9863167961511181,0.34395709069573455,0.0,0.0,0.0,3.4993362454655728,1.0,27.384435653686523,-20.44378089904785,1.5199999809265137
10.260101079940796,0.2140497574598654,0.9467972321365831,-0.20886247016540133,-0.14837333814758974,-0.19477377210972946,0.9602748139497825,-0.23604094324903438,-0.06625627088793529,-0.13329314075315762,-0.3707566717012612,-0.37075667170126103,-0.3354690602559397,-0.4597943471017135,-0.19133910674194246,-0.2309423282392883,0.799969147954836,0.3191076018583152,-0.2846037411129452,-3.520784144238663,0.6812211135975412,1.9314356996382467,0.0,0.0,0.0,3.578800161654634,1.0,27.49575424194336,-20.552717208862305,1.5199999809265137
10.280104398727417,0.13592923778724567,0.946125268448374,-0.21185714018254298,-0.15169657811320397,-0.19222818925930474,0.9341239899955709,-0.2278344874331094,-0.11837361461819582,-0.2479748072145029,-0.3773925452784663,-0.3773925452784662,-0.32798607709511207,-0.39989499082566,-0.3406986779526427,-0.4492635957930095,0.912381728434902,0.2711956534394065,-0.3342695051692215,-3.705465801129473,-0.6654201660727772,0.046404329528347166,0.0,0.0,0.0,3.627307534629913,1.0,27.629337310791016,-20.643497467041016,1.5199999809265137
10.300083875656128,0.38446492217573586,0.9454697071844338,-0.21472671418004027,-0.1549897936564348,-0.18962498484208268,0.9325257115151011,-0.06891839471941055,-0.16580119750824499,-0.3132986037909931,-0.383869778399688,-0.38386977839968794,-0.32038101259496415,-0.02633837013664491,-0.36014702856621644,-0.6434443305313079,0.7068613331288003,0.29210440865651693,-0.17305587242631273,0.21647394422828903,-2.4970770795686414,-1.1970538444005818,0.0,0.0,0.0,3.365085093887583,1.0,27.751787185668945,-20.743358612060547,1.5199999809265137
10.320116758346558,0.25283085365810704,0.9448294104440103,-0.21748130964679602,-0.15826409711781225,-0.1869538463841336,0.9742378451711019,-0.12150315666580272,-0.08329220398330203,-0.17076303087090441,-0.39021048032404404,-0.3902104803240441,-0.31262722377502394,-0.21440327046078725,-0.20522692619131536,-0.3248696542292925,0.9088081055285456,0.21278373541963555,-0.31019943978833275,-1.464579910333348,0.37021833538760085,1.6344075368196882,0.0,0.0,0.0,3.289427589446867,1.0,27.8853702545166,-20.834138870239258,1.5199999809265137
10.340100526809692,0.19112462936131502,0.9442089703170353,-0.22010619244441482,-0.16150112611314088,-0.18422831130055306,0.9329053671299588,-0.24069509351173818,-0.0962902989643077,-0.24996324982856338,-0.39637962168508406,-0.396379621685084,-0.30476744496876573,-0.43378903936465085,-0.30468146778408983,-0.4559444548013596,0.8664149699571864,0.37682805628609384,-0.24960501846381805,-3.451625299303808,-0.5258823300029332,-0.6381479246614925,0.0,0.0,0.0,3.6316911420756286,1.0,28.007822036743164,-20.94307518005371,1.5199999809265137
10.360113620758057,0.19826123973808232,0.9436071846060203,-0.22261135607860386,-0.16471199329371114,-0.18143766028572234,0.9329053671299588,-0.24069509351173818,-0.0962902989643077,-0.24996324982856338,-0.4023991769341823,-0.4023991769341823,-0.29677416060481515,-0.43378903936465085,-0.30468146778408983,-0.4559444548013596,0.8664149699571864,0.37682805628609384,-0.24960501846381805,-3.3805605216316708,-0.4907725999710535,-0.6978400450312334,0.0,0.0,0.0,3.6316911420756286,1.0,28.007822036743164,-20.94307518005371,1.5199999809265137
10.380115509033203,0.35042411389481726,0.9430265038897706,-0.2249911723105968,-0.16788848246011218,-0.1785873534183766,0.9749774716927015,-0.08927759016862227,-0.0632055670834363,-0.193529062094178,-0.40825433238522535,-0.40825433238522524,-0.2886665898379893,-0.15210740177889398,-0.15846601160674795,-0.37979744457077136,0.7031754359184884,0.23760395893651903,-0.2927626092970632,0.3147737803325428,0.5792737881192576,0.9880029769473196,0.0,0.0,0.0,3.2180553813696973,1.0,28.141403198242188,-21.033855438232422,1.5199999809265137
10.400120973587036,0.2207222215779228,0.942467635998987,-0.2272471873652743,-0.17103125345089928,-0.1756752153038868,0.9633744297942878,-0.12444662398170486,-0.14075321664300885,-0.19134073743647328,-0.4139471636529608,-0.4139471636529608,-0.280442054092586,-0.19742981897269266,-0.3244837485414234,-0.3597092384231674,0.7629670623850603,0.24708065586893985,-0.15538492653646388,-0.8591560783444652,-0.778476064026471,0.6137410741004551,0.0,0.0,0.0,3.376528262476535,1.0,28.252723693847656,-21.124635696411133,1.5199999809265137
10.420105695724487,0.18125731945588464,0.941932319637074,-0.22937663751645362,-0.17413479439036442,-0.17270476764522694,0.9599016062280966,-0.15184367670862692,-0.13571686729978202,-0.1926482186127333,-0.41946868687532984,-0.41946868687532973,-0.27211398481350896,-0.255170767428844,-0.3247316850171535,-0.35410793461399326,0.6139934518697503,0.2515515263824714,-0.3206858221499063,-0.7107669261966776,-0.5791802755021568,1.0628835223279962,0.0,0.0,0.0,3.4205262984820917,1.0,28.375173568725586,-21.215417861938477,1.5199999809265137
10.440104246139526,0.2109794150061537,0.9414206436145771,-0.23138318967144406,-0.17720272518773017,-0.1696708151092164,0.9479002755726572,-0.26541083388502723,-0.0783214242883554,-0.15782240437649636,-0.424826330605656,-0.4248263306056562,-0.2636713651956424,-0.5142654528556287,-0.2343978576187722,-0.26806711020207347,0.7997120880847273,0.23892177079678836,-0.3075309160226184,-3.515995323423042,1.099355468276058,0.8970132802188282,0.0,0.0,0.0,3.702326960787568,1.0,28.497623443603516,-21.306198120117188,1.5199999809265137
10.4600830078125,0.13125252685883865,0.9409344192599579,-0.2332635433897486,-0.1802281116919012,-0.16657840716358213,0.920637685938992,-0.2531574663709808,-0.23833652292817356,-0.17757604086146186,-0.43000902544506414,-0.4300090254450642,-0.2551318052219013,-0.46615551041277564,-0.5571302116505051,-0.2455065237368073,0.5585496674806006,0.35356126979357544,-0.38114630023688334,-2.8572164425810005,-2.5659589812441785,1.4493868039213584,0.0,0.0,0.0,4.13449080322161,1.0,28.620075225830078,-21.3969783782959,1.5199999809265137
10.48009705543518,0.1258914103479072,0.940473234573213,-0.2350228509015095,-0.18321742157132623,-0.16341888213508257,0.920637685938992,-0.2531574663709808,-0.23833652292817356,-0.17757604086146186,-0.43502878487376345,-0.4350287848737634,-0.2464750622908064,-0.46615551041277564,-0.5571302116505051,-0.2455065237368073,0.5585496674806006,0.35356126979357544,-0.38114630023688334,-2.796810499260969,-2.530964575826818,1.3860999771156681,0.0,0.0,0.0,4.13449080322161,1.0,28.620075225830078,-21.3969783782959,1.5199999809265137
10.500102758407593,0.27749163208984096,0.9400389800576259,-0.23665723350350293,-0.1861622015753025,-0.16019895289084468,0.9766638685173555,-0.12247235942243365,-0.12952746346465657,-0.11979501374693222,-0.43987231037228763,-0.4398723103722874,-0.23772326467501223,-0.2187666215871937,-0.28624576222520176,-0.21244571093968995,0.7246599934896879,0.2565552715057815,-0.2961870444840302,-0.5475016373855874,0.00031128426002347,2.2187968505004454,0.0,0.0,0.0,3.3490300391604775,1.0,28.742525100708008,-21.48775863647461,1.5199999809265137
10.520098686218262,0.20654874389478173,0.939632414503082,-0.23816704284447857,-0.18906042411697446,-0.15691890055227353,0.9301327893805363,-0.17463919993990107,-0.23057925948675026,-0.22624621335632603,-0.44453755513639737,-0.4445375551363973,-0.22888067212710328,-0.2589141146329775,-0.5328166694805473,-0.40619004689157634,0.5808281152959576,0.34005032796867346,-0.4280479226947401,-1.042866782059409,-2.7059742523230605,0.8175148530623862,0.0,0.0,0.0,3.766525802725661,1.0,28.84271240234375,-21.587617874145508,1.5199999809265137
10.540098190307617,0.19839636348453146,0.9392539481078449,-0.23955373440875227,-0.19191214764052056,-0.15357655056241346,0.9384156988088337,-0.2940586422371487,-0.10957435880859114,-0.14456469502080735,-0.44902584979033766,-0.44902584979033755,-0.21994496179741227,-0.5748307405275148,-0.2949307520631529,-0.2179378680612721,0.4685247491599923,0.21162849670109668,-0.3132352050109347,-2.6836807282497857,0.9075804611472067,0.8159649549524075,0.0,0.0,0.0,3.905465412413559,1.0,28.84271240234375,-21.587617874145508,1.5199999809265137
10.560149908065796,0.08719325030742732,0.9389034053732531,-0.24082064372894407,-0.19472218308637518,-0.15016352535340255,0.9415377702260732,-0.20821694060731258,-0.19524335451350033,-0.17897587938088422,-0.4533455613535988,-0.453345561353599,-0.21089761023062906,-0.36744194732851965,-0.45803845354873235,-0.2891186724329589,0.6052222339741453,0.20885063689594868,-0.45077827640783663,-1.6853233185839895,-1.0716196875255584,1.399467931376583,0.0,0.0,0.0,3.7488545798679023,1.0,28.954030990600586,-21.660242080688477,1.5199999809265137
10.58010220527649,0.10080445955739299,0.9385838866746434,-0.2419591874845041,-0.19746752115035962,-0.14670588726186515,0.9425357565370955,-0.2464051257138163,-0.2036960580049675,-0.09705038703807486,-0.4574629398523856,-0.45746293985238573,-0.2018109478239788,-0.490585166576981,-0.44649750586835696,-0.09166558391600092,0.5028083158083057,0.26574798977024827,-0.4127309894174426,-2.289949389803048,-0.9109677307353792,2.607218723361,0.0,0.0,0.0,3.943018362261902,1.0,29.065349578857422,-21.741943359375,1.5199999809265137
10.600122213363647,0.26635081972488606,0.9382931268418466,-0.24297984077178625,-0.2001693242802069,-0.14317488158567881,0.967614475279841,-0.21169494203551723,-0.07775626777349487,-0.11340829584926128,-0.46141125409889483,-0.46141125409889483,-0.19261270620310875,-0.41151770803820137,-0.1998191736797041,-0.19150544510049627,0.5051889192225661,0.19684355967014427,-0.3560429715646496,-1.0598152858949788,1.682266414326173,1.5970965954265282,0.0,0.0,0.0,3.4938680520322403,1.0,29.17667007446289,-21.823646545410156,1.5199999809265137
10.620111227035522,0.27028081572778356,0.9380330495763028,-0.24387796300526685,-0.20281215972513658,-0.1395878394796941,0.967614475279841,-0.21169494203551723,-0.07775626777349487,-0.11340829584926128,-0.46516895790265883,-0.4651689579026588,-0.18335168557652934,-0.41151770803820137,-0.1998191736797041,-0.19150544510049627,0.5051889192225661,0.19684355967014427,-0.3560429715646496,-1.0297607341776231,1.7165915200687583,1.518476211243357,0.0,0.0,0.0,3.4938680520322403,1.0,29.17667007446289,-21.823646545410156,1.5199999809265137
10.640086650848389,0.17446154534153013,0.9378036625007675,-0.24465554426395278,-0.20539653522375376,-0.1359419676889103,0.9599462691531369,-0.2254832403935738,-0.12965686510195396,-0.10416124986059455,-0.46873843976030766,-0.4687384397603075,-0.1740237773727274,-0.438875344017675,-0.3003980763859196,-0.14868873409041128,0.6394696925315653,0.2700950786484011,-0.3827463878481392,-2.014564395530588,0.5345389419695872,1.895425104704441,0.0,0.0,0.0,3.62957372015778,1.0,29.17667007446289,-21.823646545410156,1.5199999809265137
10.660090208053589,0.102049325136305,0.9376047830200255,-0.2453149583115672,-0.20792579649513482,-0.13222974415171868,0.9300060383132613,-0.232597871515274,-0.2210267598213104,-0.17926006334465405,-0.47212552428337073,-0.47212552428337085,-0.16461315050794786,-0.4187111720322493,-0.5172634628286835,-0.2685304191623383,0.6024812563180901,0.2258812732274701,-0.31650162291651673,-2.0478051209888504,-1.4451714698685403,0.4811552993203625,0.0,0.0,0.0,3.9515637119753446,1.0,29.29911994934082,-21.905349731445312,1.5199999809265137
10.680115938186646,0.03772965296857557,0.9374367782366325,-0.245856515302419,-0.21039696281560302,-0.12845224299576755,0.9382846451894403,-0.2531947393828099,-0.19390073894142645,-0.13385384562486788,-0.4753271374293173,-0.4753271374293173,-0.155126117798554,-0.4883734965014789,-0.4463215522322061,-0.17043566234503418,0.4321517587317324,0.2797782268594536,-0.37629062423560444,-1.7969112305338273,-0.8139699527035431,1.2940746023340903,0.0,0.0,0.0,3.9387242573981363,1.0,29.399307250976562,-21.987051010131836,1.5199999809265137
10.700095176696777,0.21706023297459595,0.937300286608565,-0.24627959911180597,-0.21279966539253742,-0.12462276755735271,0.9581315724416481,-0.16596243611890693,-0.15973089056491396,-0.17007763605868984,-0.47833136794444914,-0.4783313679444491,-0.1455991155206376,-0.28686161325253096,-0.3709912421356583,-0.2971701302444149,0.5918723755194361,0.3148716773137761,-0.3732301493744672,-0.43352992179316496,-0.600080417572024,0.7731785982679523,0.0,0.0,0.0,3.512848711378922,1.0,29.499494552612305,-22.068754196166992,1.5199999809265137
10.720099449157715,0.11366631885552786,0.9371948170374541,-0.24658700722310667,-0.21514059408497738,-0.12072798997600914,0.9377485465113821,-0.23775182596928346,-0.24276926128051027,-0.07186667197927742,-0.4811480741092511,-0.48114807410925103,-0.13600195138658366,-0.4908030946651856,-0.5115001087503659,-0.022189682626190473,0.2836861979013967,0.18585637610680855,-0.5130372033972767,-1.2433603489129457,-1.0392735346148374,3.1436108361418924,0.0,0.0,0.0,4.081457888001515,1.0,29.599681854248047,-22.15045738220215,1.5199999809265137
10.740112543106079,0.30821401681582483,0.9371205112192587,-0.24677935648577415,-0.2174156692437989,-0.11677124402820019,0.9233328756740541,-0.31003001156844,-0.105587868453012,-0.20047192986027737,-0.4837733598082112,-0.4837733598082111,-0.1263460974461619,-0.59374791298002,-0.3249803135299517,-0.3273823692082474,0.34528399876260407,0.24988538370934382,-0.5210530651659783,-2.0095335552844733,0.7710331477382433,-0.34370984078520506,0.0,0.0,0.0,4.002786439553737,1.0,29.699867248535156,-22.21400260925293,1.5199999809265137
10.760088682174683,0.16796419727042416,0.9370773808516555,-0.2468576709408582,-0.2196178144814281,-0.11276208651961639,0.9283843510921672,-0.2212485276926971,-0.28918533407248387,-0.07431976990260049,-0.48620057843141523,-0.48620057843141523,-0.1166576081229053,-0.46408519660135134,-0.6063069469119196,-0.012207015195150023,0.7345852083052149,0.2104947059604291,-0.5914999885501387,-2.8270486016432406,-2.051923882416284,3.5228135767159516,0.0,0.0,0.0,4.278538772537208,1.0,29.699867248535156,-22.21400260925293,1.5199999809265137
10.780139684677124,0.3146759766875147,0.9370651110927839,-0.24682335399562763,-0.22175713734920868,-0.10867833974487351,0.9484722424247476,-0.23570196782008188,-0.08941626692780022,-0.19196280609589028,-0.4884417902679937,-0.48844179026799384,-0.10688600245026121,-0.44172472293435233,-0.2631358290417143,-0.33998182018050227,0.3610040976753518,0.3023636334011882,-0.40307306664906306,-0.5222459845340968,0.8860738689428818,-0.5277443407153064,0.0,0.0,0.0,3.60375802276365,1.0,29.8000545501709,-22.2866268157959,1.5199999809265137
10.800142526626587,0.15523022409432027,0.9370836102358846,-0.24667773546771854,-0.22381835378094833,-0.10454542918074015,0.9230759944932108,-0.21917038875574435,-0.2774782047405591,-0.15133041656250798,-0.4904819586445597,-0.49048195864455957,-0.09709504747512367,-0.4040319836225198,-0.6170126504238548,-0.19463870944655307,0.2519957133248296,0.2930882127465697,-0.42830286159491515,-0.46432758243402095,-2.529063060320679,1.1949606963405384,0.0,0.0,0.0,4.1988614631556445,1.0,29.90024185180664,-22.368331909179688,1.5199999809265137
10.820082187652588,0.18730459224105472,0.9371323152235609,-0.24642324473183966,-0.22579852669254666,-0.10036749256126559,0.9136291541025569,-0.32226547234762265,-0.24200279626724555,-0.05349187513299868,-0.4923203705387134,-0.4923203705387134,-0.08729635016782766,-0.6950347087589057,-0.49687276160952065,0.06629391871922634,0.6291323351777056,0.15234025205167342,-0.4510085578993156,-4.0,-0.635944765311608,2.3727891909870467,1.0,0.0,0.0,4.670719693652066,1.0,29.98929786682129,-22.4318790435791,1.5199999809265137
10.840090036392212,0.2755697321199021,0.9372112006385742,-0.24605961225282555,-0.22770867818226595,-0.09611758681987913,0.9129103469798359,-0.21462101571899067,-0.26696208977668207,-0.22195441110951458,-0.4939683280945915,-0.49396832809459174,-0.07742926345661526,-0.3430443590641168,-0.6220434550775247,-0.3657492128020278,0.5472042412784657,0.22957778238452392,-0.3764714475718146,-1.2214901670352725,-2.4444594195094065,-0.5631922115372978,0.0,0.0,0.0,4.11779514257474,1.0,30.100616455078125,-22.50450325012207,1.5199999809265137
10.86010217666626,0.24099820941904715,0.9373197569613575,-0.24558891269010966,-0.22954029999862688,-0.09180963920053187,0.9035339420919895,-0.35260257159143193,-0.20655521799833346,-0.12896815076785278,-0.49541883961198085,-0.49541883961198085,-0.0675290556539806,-0.7197965436139503,-0.48274056317675756,-0.0988260576811619,0.05063939073376761,0.3191864791912176,-0.4952082386779488,-2.161833769193942,-0.9869792696909294,0.6180309713260954,0.0,0.0,0.0,4.741307310189088,1.0,30.178539276123047,-22.558971405029297,1.5199999809265137
10.880128383636475,0.24561550107168884,0.9374575956277009,-0.24501232308004112,-0.23129219426388525,-0.08744220269096897,0.9035339420919895,-0.35260257159143193,-0.20655521799833346,-0.12896815076785278,-0.49667175977917916,-0.49667175977917905,-0.05759481780380431,-0.7197965436139503,-0.48274056317675756,-0.0988260576811619,0.05063939073376761,0.3191864791912176,-0.4952082386779488,-2.150664072944224,-0.9852029299495212,0.5240164925278126,0.0,0.0,0.0,4.741307310189088,1.0,30.178539276123047,-22.558971405029297,1.5199999809265137
10.900103330612183,0.22989653809134225,0.9376236470305436,-0.24433361164995843,-0.2329569097645623,-0.08303048199411511,0.9342032992485153,-0.2436697647344703,-0.18235151545390643,-0.186110629033112,-0.49772305435685504,-0.49772305435685477,-0.04766299572711699,-0.4438435900673083,-0.4460505066369697,-0.2910286833440706,0.6223054468634605,0.13933174417910874,-0.4535768519385013,-1.9291866788001324,-0.12910784514554857,-0.3685791435056398,0.0,0.0,0.0,3.876553895816867,1.0,30.267593383789062,-22.631595611572266,1.5199999809265137
10.920087337493896,0.1935907906222575,0.9378177281267661,-0.2435526918689915,-0.23453779181116954,-0.07856220024197129,0.9664918696401572,-0.17297941032900968,-0.17516466260013466,-0.0727250335021057,-0.4985761064302652,-0.49857610643026523,-0.037707639767517065,-0.33800407958939627,-0.3722908585948966,-0.08596396741941757,0.13283573592554848,0.2421706041403015,-0.41629511078104253,0.9979367839250721,0.19698975098692872,1.8615508084690067,0.0,0.0,0.0,3.5863832782374416,1.0,30.345518112182617,-22.686063766479492,1.5199999809265137
10.94008469581604,0.3396504456124854,0.9380392796411496,-0.24267090120514265,-0.23603311069310548,-0.0740372488355227,0.9528800753640054,-0.1894465449644588,-0.13242932645176975,-0.19644857360349358,-0.49923042379881427,-0.49923042379881427,-0.027730559923238408,-0.33308732666943475,-0.3329278865978312,-0.3501556483380785,0.06498993480207602,0.28751179749773736,-0.5117793438427868,1.5418728804570474,0.19077454823315732,-0.4790180754568021,0.0,0.0,0.0,3.531351685134142,1.0,30.445703506469727,-22.75868797302246,1.5199999809265137
10.960086345672607,0.24184965262866628,0.93828753755441,-0.2416902230125159,-0.23744016588886965,-0.06945862504331651,0.9324527495870991,-0.2427113785444908,-0.1955835284932171,-0.18267495694438843,-0.4996851845368799,-0.4996851845368799,-0.0177402467385386,-0.4419089211507705,-0.47059801893788844,-0.27931805052294495,0.6644728528853309,0.2683177435678009,-0.5305685970276743,-2.109470203626291,-0.8613550590158586,-0.21759667160226304,0.0,0.0,0.0,3.9101618963875153,1.0,30.512495040893555,-22.813156127929688,1.5199999809265137
10.980098724365234,0.2716885404415627,0.938561862372445,-0.24061198538232578,-0.23875742226641797,-0.06482589222709147,0.9485622162276803,-0.20000567588158652,-0.1718003802465611,-0.17524862597897334,-0.49994012793084447,-0.49994012793084447,-0.007737472745725365,-0.3550572387045833,-0.4071872670566913,-0.291334561152337,-0.023514390414855438,0.14549743013250194,-0.5219562756659255,1.518508276154504,0.13860250592030954,-0.10029277351124444,0.0,0.0,0.0,3.649170187988385,1.0,30.590417861938477,-22.85854721069336,1.5199999809265137
11.000084161758423,0.13793983926200643,0.9388609124121943,-0.23944012068630283,-0.23998065092453785,-0.06014900607745451,0.9162624815975335,-0.29844340055684404,-0.2633169498589972,-0.04537384045627122,-0.4999949152673065,-0.49999491526730633,0.0022549294532331157,-0.6533720158381703,-0.5347406717544653,0.08613814855626349,-0.09819752892164588,0.18389162048109575,-0.49652372355441143,-0.9223349488309228,-1.1404858612781115,2.0649059551567834,0.0,0.0,0.0,4.598720932768523,1.0,30.590417861938477,-22.85854721069336,1.5199999809265137
11.020092725753784,0.22977425826871656,0.9391845918225656,-0.23817353843729916,-0.24111110862995688,-0.05541751858907403,0.967660654430292,-0.20823871017998669,-0.14145954467633698,-0.016083988002909087,-0.49984971907590886,-0.49984971907590897,0.012257990852292283,-0.4280745821210988,-0.28428194496111847,0.028952981483611775,0.5822401669734263,0.13698828374801666,-0.6487458360965053,-1.710255362252978,1.6153748789790146,3.035038796936792,0.0,0.0,0.0,3.597021329184464,1.0,30.66834259033203,-22.913015365600586,1.5199999809265137
11.040123701095581,0.39348455329910376,0.9395320916214418,-0.23681381655899594,-0.24214662430088704,-0.050632770414880186,0.9147629253909649,-0.33940946309830117,-0.13231474869986504,-0.17465054814107664,-0.4995039194921716,-0.4995039194921716,0.0222673395797111,-0.6639158896995846,-0.3689425610613935,-0.24884270830342953,0.2384859109578764,0.11247918661249479,-0.4777227483630774,-2.2872637398537563,1.010450861009255,-1.4616231811641458,0.0,0.0,0.0,4.271897023059604,1.0,30.73513412475586,-22.958404541015625,1.5199999809265137
11.060122966766357,0.10541379907686418,0.9399015402864923,-0.23536656774007234,-0.24308269317894485,-0.04580914356553765,0.9503670890713947,-0.23108069520422445,-0.19680633090755217,-0.06834746834084723,-0.49895872861952395,-0.49895872861952395,0.03225193225821243,-0.4680037548646835,-0.41770526114335776,-0.04263122021707623,-0.062357069934066395,0.22201253434589688,-0.5092732810899154,0.5312301938170416,-0.07728778404971715,1.4260036151258766,0.0,0.0,0.0,3.842871066113082,1.0,30.81305694580078,-23.02195167541504,1.5199999809265137
11.080098867416382,0.1579604119761817,0.9402920514132364,-0.23383345165962713,-0.24391837561414684,-0.040946318171336725,0.9246715269159733,-0.27679257971345006,-0.2393904174907036,-0.10516968736324372,-0.49821496198276904,-0.49821496198276904,0.04221198474968907,-0.5624534342930287,-0.5246792010614989,-0.07166496151767501,0.564670006996307,0.07003943029872632,-0.5771025983563669,-2.8226013220019337,-0.5363793991690426,0.8570976865882765,0.0,0.0,0.0,4.281702189423011,1.0,30.87984848022461,-23.06734275817871,1.5199999809265137
11.10008978843689,0.20928674057771832,0.9407033832301852,-0.23221349206386765,-0.24465364273369833,-0.036036564485524815,0.9672368170733726,-0.1988783074228718,-0.1577565849337232,0.003635717870487803,-0.4972716125025294,-0.4972716125025293,0.052162662883851525,-0.4169844401103663,-0.3086049880516391,0.07330765139027716,-0.008466629329829917,0.16313069778589803,-0.5534403068716832,0.6527754240115747,1.2724174329011335,2.7388198103725085,0.0,0.0,0.0,3.5945258365957193,1.0,30.946638107299805,-23.11273193359375,1.5199999809265137
11.120107412338257,0.21905254044629457,0.9411348309693293,-0.23050741347411974,-0.2452869455662794,-0.031078555380976543,0.9221276567517501,-0.26048852950895435,-0.25252307075932606,-0.13438158126048952,-0.4961278833178266,-0.4961278833178266,0.062105743652041294,-0.5104421251786913,-0.5653681748789883,-0.13814193079030257,-0.005102889398977767,0.16573073314028988,-0.47089384796880185,-0.12925987780164458,-1.3499774264125892,-0.1864003519512174,0.0,0.0,0.0,4.248369365849034,1.0,31.013429641723633,-23.149044036865234,1.5199999809265137
11.140119075775146,0.2182762170473789,0.9415846857725018,-0.22871982784114173,-0.24581546903957027,-0.026082082966541034,0.905467373422237,-0.25189172050884684,-0.3331696925520878,-0.07534821014248082,-0.49478578900298203,-0.4947857890029819,0.07202099000080824,-0.5575121818506696,-0.6962014476298358,0.04092807724808557,0.5062973413640081,0.045686705509986034,-0.680832615130459,-2.430130339150573,-2.218614063475815,2.0623982142198294,0.0,0.0,0.0,4.802705647233828,1.0,31.069089889526367,-23.176279067993164,1.5199999809265137
11.160084962844849,0.34221852324682056,0.9420509278932868,-0.22685657549843574,-0.2462369957898256,-0.021059090980406557,0.9010946350094678,-0.3514811742782519,-0.219715349592158,-0.12733659347858622,-0.49324930498778247,-0.49324930498778236,0.08188481623029721,-0.7215452552038111,-0.5069138161227994,-0.08593160918448725,-0.05603285889357759,0.013936363163745885,-0.6188966995052924,-1.7751875358689744,-0.18745510493082818,-0.27811557755263205,0.0,0.0,0.0,4.753097166101686,1.0,31.12474822998047,-23.221668243408203,1.5199999809265137
11.180079460144043,0.2551972003041391,0.9425341998234067,-0.22491279747638948,-0.24655170732397785,-0.015992851847824695,0.9383245043829319,-0.2914771127008917,-0.16433870255137387,-0.08706898466048615,-0.49151357603857154,-0.4915135760385715,0.09173006360934938,-0.5888978109587686,-0.3673712134790487,-0.07249229080040834,-0.1088533515382091,0.07506440373675705,-0.5387238025980726,-0.46153050714155885,0.9303280337989612,0.11566894118375792,0.0,0.0,0.0,4.018479577956431,1.0,31.191539764404297,-23.248903274536133,1.5199999809265137
11.20014238357544,0.13078043289182806,0.9430344883479426,-0.22288605971594513,-0.24675796109850992,-0.010875054259213354,0.9537316357860485,-0.21697223912483257,-0.2005896493687161,-0.05552303050230709,-0.48957440733379853,-0.4895744073337987,0.10157214029329001,-0.4429929077765398,-0.4188512806561868,-0.020649742380388438,0.3167839604789512,-0.07065502918139797,-0.4990402823689627,-0.8775256759550123,1.0058639547749861,0.9797763265319577,0.0,0.0,0.0,3.7730839744979177,1.0,31.24720001220703,-23.285215377807617,1.5199999809265137
11.220227718353271,0.25007466428087133,0.9435496373167069,-0.22078251563395404,-0.24685309762454619,-0.005719344632011902,0.9536514104015174,-0.2124026459234319,-0.18165873788457468,-0.11150877272262193,-0.48743568516096203,-0.48743568516096186,0.11138425755762621,-0.4078788689944587,-0.4048139340936987,-0.14796643663523176,-0.009352822069898709,0.1092977460486699,-0.55729345471422,0.7698999869128901,0.3748767166265755,-0.012525759902598299,0.0,0.0,0.0,3.68037564832023,1.0,31.280595779418945,-23.312450408935547,1.5199999809265137
11.240203857421875,0.27752649966060844,0.9440750651971515,-0.21861844518685905,-0.2468358380277129,-0.000561927247274642,0.9317400035107413,-0.22048691972041173,-0.2531033384243183,-0.13850914832051045,-0.4851135542920617,-0.4851135542920617,0.12109847002387297,-0.41441320948680826,-0.5618254357251474,-0.17398268664544142,-0.13731326432215127,0.0014260969378911553,-0.5163990299489642,1.1409759335628293,-0.7880740512748547,-0.521013448627111,0.0,0.0,0.0,4.003585427709697,1.0,31.336254119873047,-23.339685440063477,1.5199999809265137
11.260095357894897,0.14300681975727164,0.944610121735385,-0.21639422784239926,-0.24670648233527898,0.00460083093641029,0.9405950665678593,-0.22602022271688804,-0.24459714657058246,-0.06609096428969496,-0.4826089131561776,-0.48260891315617743,0.1307235133486441,-0.467514394186639,-0.5121006826605154,-0.015787735374131192,0.35861816048437056,-0.05829664135438942,-0.5243112237821141,-1.285097192337075,-0.053605919403440505,0.7054657726740077,0.0,0.0,0.0,3.977021573187836,1.0,31.39191436767578,-23.37599754333496,1.5199999809265137
11.280146598815918,0.21889292488262282,0.9451603281940925,-0.21408416024885038,-0.2464615486021012,0.00983012712196056,0.934007002304311,-0.2327062015903423,-0.25304947470842903,-0.09718388105904167,-0.4798909063813191,-0.479890906381319,0.14037349455120107,-0.46751632289916606,-0.5444299561505253,-0.07461539020697994,-0.16384016292986622,0.09366065994497139,-0.4845021451910596,0.7843813160482433,-1.0160141094115946,-0.14629147926164032,0.0,0.0,0.0,4.042943609068267,1.0,31.4141788482666,-23.394153594970703,1.5199999809265137
11.3000807762146,0.3068730876470601,0.9457170104508521,-0.21172192063860223,-0.24610286471795267,0.015051393378069176,0.9224301114877882,-0.329869941375044,-0.19092710670964033,-0.062091473821590124,-0.47699751724777545,-0.4769975172477755,0.14991120218135193,-0.6894184502999862,-0.4041072190224027,0.012412184004875017,0.038960814851599246,0.039792792301246854,-0.611649496440427,-2.126049886687466,0.4075998712699783,0.17933187994119848,0.0,0.0,0.0,4.3300845267364885,1.0,31.45870590209961,-23.421388626098633,1.5299999713897705
11.320101737976074,0.3894755611502935,0.9462847225257517,-0.2092855171492295,-0.2456258948986071,0.020315412405339517,0.9249545015900227,-0.3127543882016875,-0.17485336633448403,-0.12676814635561945,-0.4739007549188946,-0.47390075491889466,0.15943046913090908,-0.6232389695253634,-0.4145274036381856,-0.1371456766756216,0.14855555488738567,-0.07353928785771494,-0.4916255026405029,-1.947929431801258,0.871101881491692,-1.6130158222803381,0.0,0.0,0.0,4.128084709389943,1.0,31.492101669311523,-23.430465698242188,1.5299999713897705
11.34008526802063,0.19487588726692637,0.9468588654090253,-0.20679183722819833,-0.24503210519516305,0.025586959095332554,0.9291764375061262,-0.16440745667018286,-0.32713951408224606,0.05080427640167209,-0.47062036243012423,-0.4706203624301243,0.16886821626978385,-0.433496776974668,-0.6325898536307656,0.2531360107423878,-0.3127471352502165,-0.12718519178050372,-0.5111069283832816,1.898933966984905,-1.0068125882208663,3.078314832375685,0.0,0.0,0.0,4.191223522386658,1.0,31.525497436523438,-23.457700729370117,1.5299999713897705
11.360153913497925,0.1525874980288817,0.9474418786116352,-0.2042273841667422,-0.24431643263617076,0.030895678552199247,0.9401826030052352,-0.2638948541363243,-0.20706819589394718,0.05948900079757933,-0.46713686542505817,-0.46713686542505806,0.17827829077274424,-0.5917561347111633,-0.3660887912243951,0.23911622195440774,0.11525196166585036,-0.011887691461093391,-0.653228713754909,-1.7840204615685291,0.7978117960234196,2.7155136115693543,0.0,0.0,0.0,3.9577921744164377,1.0,31.55889320373535,-23.457700729370117,1.5299999713897705
11.380093812942505,0.09631716828372283,0.9480264414967526,-0.20162167340600698,-0.24348597328888436,0.036182148188445964,0.9353592021163725,-0.22730409294635268,-0.2708480488464873,0.00879470193412386,-0.4634893861609999,-0.46348938616100005,0.18755689514411206,-0.5205964970919408,-0.5266987921196313,0.16217530672155017,0.08625847932750738,-0.15783719375338162,-0.6280280068998108,-0.7298964198593901,-0.07815950670677063,1.9872676928356798,0.0,0.0,0.0,4.086345130974274,1.0,31.592288970947266,-23.466777801513672,1.5299999713897705
11.400129556655884,0.303598461507562,0.9486180473099997,-0.19894749009769727,-0.24253082009128105,0.04150298552442321,0.92894297457641,-0.2928193492615504,-0.21459520675298438,-0.07259942094684764,-0.45963876929431124,-0.45963876929431124,0.19680498408732167,-0.6083323274074195,-0.45694706219563325,-0.010258870494965475,-0.22080686609437733,-0.05044962466604036,-0.49995647426252454,-0.4457506799292945,0.10443981179124863,-0.7151254410657235,0.0,0.0,0.0,4.163230481145232,1.0,31.614551544189453,-23.47585678100586,1.5299999713897705
11.420112133026123,0.3525252583072401,0.9492112519214752,-0.1962265176953987,-0.24145692176984238,0.0468156801535036,0.9143796383777653,-0.2661512052316653,-0.28669267583608415,-0.10431070173201341,-0.45561459578738905,-0.4556145957873889,0.20594984852020196,-0.5515245458045598,-0.6185037297869366,-0.04684389262708564,0.12650558515951227,-0.1993521067888139,-0.5739707249222192,-1.1980209979531158,-0.8881355006687802,-0.7006679359411767,0.0,0.0,0.0,4.41926916041573,1.0,31.636816024780273,-23.484933853149414,1.5299999713897705
11.440094232559204,0.35098427157418777,0.9498065689942535,-0.19345375689104463,-0.24026124515810418,0.05213117603874215,0.9675635943944443,-0.16918430127984915,-0.15869949835214991,-0.10005914363879252,-0.45140860242176367,-0.4514086024217638,0.2150122639749419,-0.31990754359484114,-0.34793852484421034,-0.14940273272545498,-0.23572999222569757,-0.005856793790270293,-0.5926901787154116,2.1189195202281983,1.0945794568942588,-0.7377288190958029,0.0,0.0,0.0,3.423270426884107,1.0,31.659080505371094,-23.484933853149414,1.5399999618530273
11.460096836090088,0.2832298739851862,0.9504036096527528,-0.1906281631488984,-0.2389417431346606,0.05745194131850046,0.9403825934769134,-0.2891004285090045,-0.17768703330920346,-0.022996484847000637,-0.4470177819242282,-0.44701778192422803,0.22399799696323908,-0.6079040826016195,-0.3548867490677697,0.06348371743280252,-0.26246113104669616,-0.17903307495314327,-0.537534923276906,-0.5460634592004812,1.4127142944964302,-0.07163541367432469,0.0,0.0,0.0,3.9689225500627394,1.0,31.659080505371094,-23.484933853149414,1.5399999618530273
11.480133771896362,0.08604158233835084,0.951001793947545,-0.1877495123147214,-0.23749647255246067,0.06277845218921634,0.9479343044506862,-0.16382587203120155,-0.25690043413549885,0.09264882643510661,-0.44244011767567853,-0.4424401176756786,0.23290930052518666,-0.4143954625786031,-0.47427424609272906,0.2963802464877513,0.0037271093366278013,-0.21512290127292594,-0.6144226264538472,0.31108250920586283,0.6190579469877202,3.2161748305870805,0.0,0.0,0.0,3.755140469688181,1.0,31.670211791992188,-23.503089904785156,1.5399999618530273
11.5000901222229,0.10562931391791619,0.9515967248882033,-0.18483638578718736,-0.23593371251480916,0.06807691951134762,0.9497348352984039,-0.14508330491669746,-0.2702277046215181,0.06270219222760545,-0.43770430731703625,-0.4377043073170363,0.2416918272431104,-0.3641841039656899,-0.5179444533153759,0.22933367549966865,-0.08243776420083473,-0.15816069161613594,-0.5641388839662489,1.1515003632081369,0.005432546979135311,2.4711565025902362,0.0,0.0,0.0,3.7694792534814017,1.0,31.692474365234375,-23.503089904785156,1.5399999618530273
11.520092487335205,0.18771332089758944,0.952191239507328,-0.18187230898257423,-0.23424352049201164,0.07337765149113143,0.959541328276869,-0.1462707386868542,-0.24024719691271465,-0.012907157248874737,-0.43278266285980527,-0.4327826628598053,0.25039801662149025,-0.3152284980886243,-0.4834427195889779,0.05142584193013585,-0.11482013447439879,-0.1818068246943479,-0.5956983513129864,1.5770500179842966,0.3857193947515436,0.9174407735953722,0.0,0.0,0.0,3.639066048985517,1.0,31.7036075592041,-23.484933853149414,1.5399999618530273
11.54010820388794,0.1668446365516175,0.9527834477396582,-0.17886379156667015,-0.23242784638062708,0.07866855792874572,0.9726296056770278,-0.14797109443685336,-0.17688005157367043,0.02845439732281894,-0.427684412049964,-0.427684412049964,0.25900973666925453,-0.3217802607832539,-0.34230228147516234,0.11458094995502065,-0.010831151516364143,-0.24762347230409398,-0.5586702044138498,0.8490268827033389,2.0102260487411416,1.1914877012075153,0.0,0.0,0.0,3.4321458908343976,1.0,31.72587013244629,-23.484933853149414,1.5399999618530273
11.560125350952148,0.32844463132242163,0.9533721127400204,-0.17581442248808735,-0.23048746825426245,0.08394301920082786,0.9217145130238493,-0.2859932568025445,-0.26034276809085277,-0.029527218756171047,-0.4224144415334417,-0.42241444153344176,0.26751829766203017,-0.6307702237626033,-0.5199221611978178,0.10908336550081776,-0.3019310603356168,-0.24343862158457313,-0.6371597284224373,-0.4312293343518845,-0.32541228669496625,0.03528342827541886,0.0,0.0,0.0,4.380802654111725,1.0,31.72587013244629,-23.47585678100586,1.5399999618530273
11.580130577087402,0.3481599015659201,0.9539559972288509,-0.17272808356221078,-0.22842370829059624,0.08919402441199228,0.9266868964260364,-0.32383691923559127,-0.18995269574634052,0.017292169065213137,-0.41697851023003346,-0.4169785102300334,0.27591470059846745,-0.7015595694076739,-0.34782478758816937,0.16571168455596355,-0.14014772977765413,-0.2429774165438479,-0.5766670755106074,-2.1567813918447074,1.0633750492232803,0.1602516991084908,0.0,0.0,0.0,4.285241478235341,1.0,31.72587013244629,-23.466777801513672,1.5399999618530273
11.600117921829224,0.22438610732767625,0.9545341257291577,-0.16960756468513338,-0.22623748692966844,0.09441650453071679,0.9232090497608993,-0.19557633406803768,-0.3251740743017833,0.06080106408660027,-0.4113807877476238,-0.41138078774762377,0.28419332763480654,-0.5125434604485639,-0.6145914701847107,0.29745679016670845,0.1218844016099899,-0.22379029212931395,-0.6473268395329209,-0.7506321446347993,-1.2984102078117579,2.2248234309387787,0.0,0.0,0.0,4.331990222951752,1.0,31.737003326416016,-23.457700729370117,1.5399999618530273
11.620101690292358,0.22428770938706988,0.9551061454796748,-0.16645244331821885,-0.22392756586219897,0.09961064314310879,0.9348715675804148,-0.27291944242875527,-0.2151535451171792,0.07238150383644415,-0.4056197721531779,-0.40561977215317774,0.29235697432831,-0.6199762179521296,-0.3712421301961959,0.27469397188200545,-0.27256379437721573,-0.19700430243232617,-0.5727693044068247,-0.9063850432110434,0.5622459764681129,1.3052273753102681,0.0,0.0,0.0,4.076202313886266,1.0,31.737003326416016,-23.457700729370117,1.5399999618530273
11.64008355140686,0.24051963112612174,0.9556713686726469,-0.1632641890424879,-0.22149403002659013,0.10477325201705101,0.9381953355482447,-0.2236896450676698,-0.2638550063749546,0.011532157468949719,-0.3996973502611399,-0.39969735026113984,0.30040310949493126,-0.5103182787272372,-0.5120161347640235,0.16092393004778544,-0.1874972944561561,-0.22716512348595613,-0.6585997965126891,0.03980026598852837,-0.40949775545526523,0.7595057672274239,0.0,0.0,0.0,4.0590861446867805,1.0,31.737003326416016,-23.430465698242188,1.5499999523162842
11.660082578659058,0.14035282975934493,0.9562296253656988,-0.1600414079877218,-0.21893474415748107,0.10990554627943495,0.960827611292564,-0.17439388914049586,-0.2113035789683667,0.041807539074157386,-0.39361005172868435,-0.39361005172868424,0.3083360620786068,-0.3934654263841894,-0.4022292708600004,0.1681917266233929,-0.03468981948605017,-0.3515394292999524,-0.5585565332305343,0.160397535386628,1.3227154545313482,0.8345014272463191,0.0,0.0,0.0,3.640412339790923,1.0,31.737003326416016,-23.421388626098633,1.5499999523162842
11.680096626281738,0.342703628524852,0.9567801726556685,-0.15678602544210923,-0.21625011866402633,0.11500317220342199,0.9325263735880748,-0.14873567681096478,-0.32885276934418894,-0.011318882494151871,-0.3873605810683577,-0.38736058106835763,0.316151514679883,-0.35003439717826795,-0.6645371016872845,0.09760630321495663,-0.27245092445980934,-0.31332867505279094,-0.6590749329433749,1.97313526864987,-1.3838970545380516,0.6627444803365967,0.0,0.0,0.0,4.191924656291253,1.0,31.72587013244629,-23.412309646606445,1.5499999523162842
11.700089454650879,0.36673072779058985,0.9573213918306464,-0.15350556810759444,-0.21344561157611133,0.12005317239581263,0.9177485048051879,-0.19529778824662578,-0.3457500015783028,0.007306999549854063,-0.38096282518298885,-0.38096282518298885,0.32383224951909195,-0.48811846232981093,-0.683833230133757,0.19271371606839877,0.025643836406733234,-0.21505047668922453,-0.5074279700077147,-0.2252654915882009,-2.2883768088233967,0.1938243216210953,0.0,0.0,0.0,4.534217118006954,1.0,31.72587013244629,-23.38507652282715,1.5499999523162842
11.720043420791626,0.30436199427224137,0.9578522606255144,-0.15020463299967898,-0.2105248943767967,0.12504752651557005,0.9248082663580822,-0.101420829561327,-0.34984362889173165,0.10978579658004564,-0.3744256765255156,-0.3744256765255158,0.33136899788364305,-0.34547439021405507,-0.6748848660834406,0.3585993021498324,-0.24793365588679422,-0.22349957671850126,-0.5559171164394192,2.2397096756393475,-1.8379104290354538,2.6378706994275154,0.0,0.0,0.0,4.22932404858549,1.0,31.72587013244629,-23.366920471191406,1.5499999523162842
11.740129709243774,0.39147578164832725,0.9583767175223096,-0.1468562626304189,-0.2074628132376669,0.13002494591770342,0.9103293974794106,-0.19928934170435553,-0.36127046350191083,0.032677187286125765,-0.3676946206476173,-0.36769462064761727,0.3388224696604474,-0.5300178629675217,-0.7006645442748575,0.26945097874079466,-0.25193367083696894,-0.31733347419325064,-0.5915935682688511,0.6654982675888954,-2.3004148923002923,0.8595988211746954,0.0,0.0,0.0,4.7166598676425515,1.0,31.7036075592041,-23.330608367919922,1.5499999523162842
11.760090827941895,0.07221679334591374,0.9588875267154474,-0.14350486653107583,-0.20429942024484424,0.1349177945233717,0.949234658194355,-0.15461498247987018,-0.2191816992851379,0.16433853344202246,-0.36085854339693507,-0.36085854339693507,0.34609407920021157,-0.40357730822108806,-0.3739457433473645,0.4202209069507799,-0.03234264869251682,-0.40240852568050245,-0.5409227349926908,-0.1914562222515343,1.3392452964752324,2.7512791905247562,0.0,0.0,0.0,3.6507037398993445,1.0,31.692474365234375,-23.303373336791992,1.5399999618530273
11.780116081237793,0.2758368314762788,0.9593891108225272,-0.14012023258188966,-0.2010062434709135,0.13976889690510394,0.9368612597763223,-0.1044974066349701,-0.3217769537512553,0.08849216898376215,-0.35385603333320526,-0.35385603333320514,0.35325048856822494,-0.3167490556044336,-0.624172893707836,0.2913178000523102,-0.07072691865507952,-0.37927453295543545,-0.6406404149091215,1.4470371744866117,-0.9349076085115651,2.123305438096402,0.0,0.0,0.0,4.053268951355874,1.0,31.692474365234375,-23.303373336791992,1.5399999618530273
11.8007652759552,0.35037707731855805,0.959894470470479,-0.13660807399220345,-0.19748614182256594,0.14470681901132626,0.9133665038527397,-0.2820009021934069,-0.27379797386793964,0.10616868798162227,-0.34648677604844386,-0.34648677604844386,0.36048150302554427,-0.6925373265664735,-0.45590656455602385,0.39845315817848675,-0.238736306451934,-0.2973956061606618,-0.5074261929500709,-1.5903403434822856,-0.985295330503275,1.0587471493012193,0.0,0.0,0.0,4.524134410380044,1.0,31.670211791992188,-23.28521728515625,1.5399999618530273
11.820115566253662,0.08234021527136702,0.9603567409047798,-0.1332978333603546,-0.1940740620604018,0.14927115011133296,0.9486051292605139,-0.15991005361718702,-0.21180935326911243,0.1723771486030343,-0.3394469234703242,-0.3394469234703242,0.367118218216601,-0.4129332960633409,-0.35406892950727736,0.43441978305646983,-0.08678628467555721,-0.36172881360916853,-0.5931416720667957,-0.2320668043723123,1.042808321237961,2.79543693224896,0.0,0.0,0.0,3.639101652609044,1.0,31.659080505371094,-23.248905181884766,1.5399999618530273
11.840107917785645,0.1298691316127876,0.9608225203741305,-0.1298597423676388,-0.19043481059616868,0.15391918193427057,0.9494808506149066,-0.13171094750034995,-0.2512291975005674,0.1342469029340129,-0.3320400207076117,-0.3320400207076115,0.3738307433163956,-0.3618134101837849,-0.4575049712481331,0.36603749686800485,-0.09872174583643181,-0.4446944468522998,-0.6168167799864257,0.591931045938466,0.5105370305111259,2.274993947196884,0.0,0.0,0.0,3.7255225137257573,1.0,31.636816024780273,-23.21259307861328,1.5399999618530273
11.86009407043457,0.42409397090560347,0.9612758279295966,-0.12640568268056593,-0.1866823305431364,0.15849319697485942,0.9113948680010748,-0.2848818741532364,-0.28746281559098896,0.07461127269216151,-0.32450276593225463,-0.3245027659322546,0.3803918438956286,-0.6963422296903076,-0.5023350984525039,0.34908934636101424,-0.32954848820396804,-0.3830852771908967,-0.5595038598998681,-1.2220515386661128,-1.3058646549788846,0.44654839655351264,0.0,0.0,0.0,4.6490281090066725,1.0,31.614551544189453,-23.176280975341797,1.5399999618530273
11.880107402801514,0.22256148975562584,0.9617171230775136,-0.12293109306650514,-0.18281170920770595,0.1629969340617848,0.9278238407705859,-0.15777537722374574,-0.27883671224882056,0.191049571425564,-0.3168253807838968,-0.31682538078389677,0.38680961478631665,-0.465620470354443,-0.4747733331057816,0.5207573752807356,-0.07445890855550388,-0.3038640408282708,-0.5659070112688324,-0.2452334148235894,-0.8000628096884994,3.022382409959426,0.0,0.0,0.0,3.9335095819978743,1.0,31.592288970947266,-23.149045944213867,1.5399999618530273
11.900128364562988,0.14564557751909102,0.9621456989821944,-0.11944051503437642,-0.17882808233889674,0.16742202443340742,0.9669513724142408,-0.08472059180337604,-0.21224081619273627,0.11305441456459417,-0.3090181017873017,-0.30901810178730177,0.3930748182824395,-0.2322676018657059,-0.4020405738047978,0.28031468367971496,-0.11852131202775443,-0.38552897786237617,-0.5686883375102857,1.4600072455782822,0.9027290255910817,1.4164652271728027,0.0,0.0,0.0,3.490599631788693,1.0,31.592288970947266,-23.149045944213867,1.5399999618530273
11.920056104660034,0.303595628156064,0.9625592728443455,-0.1159527569889837,-0.17475397901146494,0.1717429801409041,0.9355455730905331,-0.23065007442232624,-0.24508226655675883,0.10719004832111624,-0.30112417159484683,-0.30112417159484683,0.39915439779779094,-0.5592396642716226,-0.4214943522648325,0.3508540379906849,-0.3195244285401988,-0.44654019267098966,-0.6385466705442853,-0.5254224467424748,-0.20582815663967535,1.1664734105711188,0.0,0.0,0.0,4.040303201815471,1.0,31.55889320373535,-23.112733840942383,1.5399999618530273
11.940088748931885,0.36467405836233485,0.9629617708327256,-0.1124342205195775,-0.1705506679526805,0.17599898758728938,0.9030935447479586,-0.20895418477450134,-0.30738957835019487,0.21510891478848546,-0.29306816876588304,-0.293068168765883,0.4051062187330773,-0.613562822301104,-0.4839817210327872,0.6237317818829841,-0.12540276525544547,-0.454996635932568,-0.6909602226879189,-1.143648689950175,-1.2714400009596134,3.7062797664959843,0.0,0.0,0.0,4.3172312497949115,1.0,31.53662872314453,-23.067344665527344,1.5399999618530273
11.960101842880249,0.14655832903126756,0.963350465414765,-0.10890772681188858,-0.16624555691092133,0.18015938119676206,0.9613957980764457,-0.08080695045878096,-0.22173607682708202,0.14149723824810267,-0.2849025926952981,-0.2849025926952981,0.4108899033506385,-0.24070925609852442,-0.4153217459100493,0.3432120139014467,-0.08597116640109906,-0.48993859180621707,-0.601035507544568,1.209535961965282,0.9011591558075589,1.880580707232761,0.0,0.0,0.0,3.5152098224324875,1.0,31.51436424255371,-23.031030654907227,1.5399999618530273
11.980093479156494,0.21772785758647,0.9637252493553554,-0.10537463786921027,-0.1618414731077798,0.18422043054773918,0.964581039141697,-0.10672092137220343,-0.22227293957521135,0.0937486224026041,-0.27663184737775254,-0.2766318473777525,0.416503086442792,-0.2746995920931058,-0.4211285364558618,0.25284048783546087,-0.34626868083631596,-0.5109812776458474,-0.5318254030264696,1.8764253755532123,0.6862796154279869,0.503350403353227,0.0,0.0,0.0,3.555891651507252,1.0,31.492101669311523,-22.985641479492188,1.5399999618530273
12.00010061264038,0.31836165069278544,0.9640867392815387,-0.10182936884702651,-0.15733252321949423,0.1881861204209651,0.9476657808857661,-0.06320112056648174,-0.2914957526169031,0.11386576440536178,-0.26824400645492824,-0.2682440064549282,0.4219539702396558,-0.22270770272113527,-0.5681673247036171,0.3044346430716254,-0.15203696759888582,-0.41468102072178886,-0.6595497297454564,2.0583381280274566,-0.9858206359588426,1.6617621890280778,0.0,0.0,0.0,3.80044849704538,1.0,31.45870590209961,-22.940250396728516,1.5399999618530273
12.02009105682373,0.25878760868541767,0.964434300301186,-0.09827851477819531,-0.1527282766958043,0.19204657620765717,0.9311893077065695,-0.2122742812918491,-0.18828162376272198,0.2288583248830192,-0.2597559251900674,-0.2597559251900674,0.4272316225756844,-0.5210291607913695,-0.25628660185591884,0.5506553531418804,-0.21173014074499896,-0.4288473305688683,-0.5893003009571098,-1.3931392804465466,0.5625691121854639,2.916618268934713,0.0,0.0,0.0,3.7238595082275365,1.0,31.45870590209961,-22.940250396728516,1.5399999618530273
12.040088891983032,0.3672682685266514,0.9647683318689337,-0.0947186457296523,-0.1480256701602279,0.19580307696149982,0.9419027086059256,-0.17228275493642609,-0.2739767924159265,0.08985909575450088,-0.2511608488646678,-0.2511608488646678,0.4323404075466224,-0.44168522214479855,-0.5065422709878799,0.3063136664777876,-0.4423621654882699,-0.5373345405823888,-0.6518323639943142,1.0363856415625379,-0.8530721374781898,0.6616134930449618,0.0,0.0,0.0,3.953183890379839,1.0,31.425310134887695,-22.894861221313477,1.5399999618530273
12.06009817123413,0.09758514712810636,0.9650888777504072,-0.0911498222644513,-0.14322613537913498,0.19945285680575364,0.9753281260012672,-0.056463862250130815,-0.12920778998665786,0.16985942981600502,-0.24246032904880122,-0.24246032904880133,0.43727907431930363,-0.15905979020116076,-0.23501558739660425,0.36367002970425893,-0.2260289216400656,-0.5623414797422405,-0.5861673312967675,1.6211335470852721,2.6336910266588887,1.8064219603130276,0.0,0.0,0.0,3.2566995284275,1.0,31.39191436767578,-22.849470138549805,1.5399999618530273
12.08012080192566,0.18737387611205172,0.9653959607629842,-0.08757243657551417,-0.13833166924300935,0.20299275006557477,0.9498571657353819,-0.1498220544104175,-0.2038040875046026,0.18381678549524688,-0.23365683639795048,-0.23365683639795054,0.44204579265558147,-0.3910690675750845,-0.33851838691172204,0.44998566371836185,-0.07751391991036197,-0.5530957597363921,-0.5494539564937185,-0.6002089270414933,0.618946586120221,1.833102818899813,0.0,0.0,0.0,3.589182064324662,1.0,31.347387313842773,-22.804080963134766,1.5399999618530273
12.100088119506836,0.31207357146889864,0.9656886087478411,-0.08399946973426159,-0.13336206407077908,0.20640775151578808,0.9522171127466953,-0.17995127925835921,-0.21702757378640655,0.1174697386649555,-0.2247843769534435,-0.22478437695344347,0.44662286537710105,-0.4378094773000837,-0.38012557107057576,0.3310359857383324,-0.22545681447585159,-0.5842690406521164,-0.5103326446297806,-0.39139276727302685,0.13972897527393835,0.26384502624175865,0.0,0.0,0.0,3.7214830354781103,1.0,31.347387313842773,-22.804080963134766,1.5399999618530273
12.120092868804932,0.23899093500385946,0.9659682557607983,-0.08041497979534105,-0.12829717811622215,0.2097107388150887,0.9392773765986776,-0.16268432135946612,-0.21033145059620337,0.21691588757814106,-0.2158054176810175,-0.2158054176810175,0.4510299565433781,-0.43297223883665253,-0.33052696897058487,0.5272502053200301,-0.28346929853260244,-0.6289558035484438,-0.49938029366221237,-0.17285983079161227,0.5290186124522767,2.1695045540028834,0.0,0.0,0.0,3.649581310786551,1.0,31.31399154663086,-22.74053382873535,1.5399999618530273
12.141589164733887,0.3092852621488822,0.966253720177152,-0.07655853257087071,-0.1227620871633925,0.21312439862600494,0.9235452939726128,-0.18853052045851518,-0.20716451751092235,0.2619221172813561,-0.20606083202072212,-0.20606083202072206,0.45556441202856013,-0.4965030144619769,-0.2878496483482692,0.6261362586833278,-0.19709734679850033,-0.6058141380687733,-0.42120454821132486,-1.2009173502310126,0.2847521781935076,2.664198115123246,0.0,0.0,0.0,3.7214619743496127,1.0,31.26946449279785,-22.686063766479492,1.5399999618530273
12.160104990005493,0.3977500599562054,0.9664872021488838,-0.07323339278512318,-0.11792035940589703,0.21594940866134912,0.9486895821494721,-0.191313703364759,-0.2295989591808585,0.10330276651177983,-0.1975908414335215,-0.19759084143352154,0.45930149072433124,-0.4634018080632906,-0.4072762140683465,0.31429095216271946,-0.3783777087673882,-0.6171228965317619,-0.5810034381995984,-0.04701374467776054,-0.40717857823281456,0.10854130504940018,0.0,0.0,0.0,3.824814796484767,1.0,31.22493553161621,-22.64067268371582,1.5399999618530273
12.180087566375732,0.28377829348616823,0.966726397439946,-0.06964181515052281,-0.11262115386481025,0.21887568566993099,0.9828261792954636,-0.12677264213839012,-0.09858607985830195,0.0908965530419365,-0.18837397707818945,-0.18837397707818943,0.4631579047795101,-0.2745293103269404,-0.17158020992191664,0.20820319686971794,-0.3065946874279892,-0.7489450663262825,-0.6106787821388657,0.3710299620275461,2.8750603555889747,-0.25040935768298667,0.0,0.0,0.0,3.3180357910058014,1.0,31.191539764404297,-22.586204528808594,1.5399999618530273
12.200113296508789,0.4374034385535142,0.9669529055495674,-0.06603977412698107,-0.10723662584031167,0.2216779934068591,0.9464354272572282,-0.15806446259228288,-0.26280032759454125,0.10105243942648152,-0.1790617512527797,-0.17906175125277965,0.46683711210473366,-0.4094097218409209,-0.48420114255938523,0.3151851902674454,-0.1350275917552314,-0.6890338451844401,-0.5701334091748341,-0.3182492904811519,-0.8636432427383687,0.04681399977821288,0.0,0.0,0.0,3.8827652032916538,1.0,31.135881423950195,-22.522659301757812,1.5399999618530273
12.220122337341309,0.4512934773375603,0.9671661431293884,-0.06243844942698981,-0.10178600482320199,0.22434504861821142,0.9464354272572282,-0.15806446259228288,-0.26280032759454125,0.10105243942648152,-0.16968556815702168,-0.16968556815702163,0.4703262781933717,-0.4094097218409209,-0.48420114255938523,0.3151851902674454,-0.1350275917552314,-0.6890338451844401,-0.5701334091748341,-0.36205779110440883,-0.9836470233736718,-0.004936544020285094,0.0,0.0,0.0,3.8827652032916538,1.0,31.135881423950195,-22.522659301757812,1.5399999618530273
12.240109920501709,0.46514163858581986,0.9673662229426799,-0.05883908436790014,-0.09627415255187954,0.2268740628868306,0.9464354272572282,-0.15806446259228288,-0.26280032759454125,0.10105243942648152,-0.16025161462191587,-0.16025161462191578,0.47362371141135773,-0.4094097218409209,-0.48420114255938523,0.3151851902674454,-0.1350275917552314,-0.6890338451844401,-0.5701334091748341,-0.40638939549756536,-1.1043003273882883,-0.05389687394335674,0.0,0.0,0.0,3.8827652032916538,1.0,31.135881423950195,-22.522659301757812,1.5399999618530273
12.260087966918945,0.34982966052606734,0.9675534251164725,-0.05523987429821846,-0.09070137031546334,0.22926444830325748,0.9726127723544317,-0.17075906555273485,-0.12047124708064433,0.10174681917100743,-0.15075818860353832,-0.15075818860353835,0.47673049888692864,-0.3725636230561996,-0.20094495798463707,0.24646028993756905,-0.37402400588323637,-0.6890498464622185,-0.5220800043593357,-0.36591024417179385,1.5187282266980933,-0.5791462221039092,0.0,0.0,0.0,3.4541267014447485,1.0,31.135881423950195,-22.522659301757812,1.5399999618530273
12.28010368347168,0.36042472050518515,0.9677282990213751,-0.05163261114345889,-0.08505787268904026,0.23151926708876597,0.9349425231420319,-0.17424344773852704,-0.2124571718083672,0.2244630247684288,-0.1411865251572498,-0.14118652515724978,0.4796523377551925,-0.4605253099198895,-0.32472489032066854,0.5480058039668438,-0.1484353793270541,-0.6819131774402957,-0.4455276258317248,-1.2112826874132336,-0.3689012627489938,1.7203296026540382,0.0,0.0,0.0,3.7197769478171767,1.0,31.091354370117188,-22.4591121673584,1.5399999618530273
12.300090551376343,0.42110464464492203,0.9678903901272248,-0.04802954491066229,-0.07936595898584779,0.23362876550052633,0.9150723353590684,-0.21586939364341223,-0.1799407776481874,0.28924789106904797,-0.13157221621018864,-0.13157221621018864,0.48237822496619737,-0.535111944168829,-0.20588967115367435,0.6689349186689099,-0.2978673841524352,-0.6554846203464002,-0.49696726714304246,-1.7266204297221597,-0.13962574686141727,3.141525594487876,0.0,0.0,0.0,3.7572432141043857,1.0,31.057958602905273,-22.413721084594727,1.5399999618530273
12.320096254348755,0.11987478169716083,0.9680402291301845,-0.04442230830779491,-0.07361574764966794,0.2355960420044608,0.9732923197516182,-0.02212082605133882,-0.11419738229685315,0.19791838531037564,-0.12189621585529659,-0.12189621585529659,0.4849137166137487,-0.09047084866514031,-0.2151957157722344,0.41100686147884047,-0.4100042019239568,-0.7129796627061415,-0.3978605796502498,2.3231484747058038,2.1455665337036844,0.9061145384819437,0.0,0.0,0.0,3.269672576490043,1.0,30.991167068481445,-22.341096878051758,1.5299999713897705
12.340102672576904,0.2900948373006754,0.96817779447184,-0.04081436232407007,-0.06781608938692796,0.23741719428042166,0.9620213026775445,-0.12070858460859193,-0.17120101858330453,0.17502760362991304,-0.11217108231832125,-0.11217108231832125,0.4872552188448435,-0.3099631443472379,-0.29124329669549953,0.40575630728031103,-0.08615148716278284,-0.7528255232738282,-0.4135220668467545,-0.6319281979919956,0.5707589854778163,0.4512666068575131,0.0,0.0,0.0,3.493470272894956,1.0,30.946638107299805,-22.28662872314453,1.5299999713897705
12.360093832015991,0.41691051912876875,0.9683031180378489,-0.03720875203811133,-0.061975443918067086,0.23908915642727208,0.9476272729347035,-0.09085455067768951,-0.2513521729673308,0.17484303633857745,-0.1024085207091207,-0.10240852070912072,0.48940013780767316,-0.2946073993444209,-0.4607340977635156,0.4344788739470421,-0.24956946035012545,-0.7701618174883836,-0.5095473188704382,0.929175595838489,-0.916795101951557,0.9672973060491616,0.0,0.0,0.0,3.723774849010686,1.0,30.890979766845703,-22.22308349609375,1.5299999713897705
12.380101680755615,0.4305468470090174,0.9684165218886379,-0.03359985016434977,-0.05608830594773152,0.24061295089408666,0.9476272729347035,-0.09085455067768951,-0.2513521729673308,0.17484303633857745,-0.09259683296862521,-0.0925968329686252,0.49135102169852113,-0.2946073993444209,-0.4607340977635156,0.4344788739470421,-0.24956946035012545,-0.7701618174883836,-0.5095473188704382,0.8888183364712261,-1.0443301385036006,0.9313694385607723,0.0,0.0,0.0,3.723774849010686,1.0,30.890979766845703,-22.22308349609375,1.5299999713897705
12.400115013122559,0.4442032681253991,0.9685180389316888,-0.029989785795411,-0.050161791086817044,0.24198598250068867,0.9476272729347035,-0.09085455067768951,-0.2513521729673308,0.17484303633857745,-0.08274537464856195,-0.08274537464856194,0.49310567120473187,-0.2946073993444209,-0.4607340977635156,0.4344788739470421,-0.24956946035012545,-0.7701618174883836,-0.5095473188704382,0.8478404483246571,-1.1722818271105306,0.8983230520031329,0.0,0.0,0.0,3.723774849010686,1.0,30.890979766845703,-22.22308349609375,1.5299999713897705
12.420122146606445,0.31828097455465415,0.9686077188673585,-0.026380750228576985,-0.04420329414995984,0.24320610961536596,0.9368451569938562,-0.04890634818212234,-0.19151822750078565,0.28853091595113906,-0.07286384149805095,-0.07286384149805093,0.49466237031145494,-0.2158719432325241,-0.3369645345590596,0.634383840718484,-0.2623174572426735,-0.865450257798863,-0.52284544801854,1.2726297853794888,0.4942599899268516,3.181729376216024,0.0,0.0,0.0,3.4674843557161497,1.0,30.846452713012695,-22.159536361694336,1.5299999713897705
12.44385814666748,0.3757251609900116,0.9686989400350503,-0.02209904217669111,-0.03709589506848153,0.24445427073158518,0.9690460472975181,-0.014814734647288587,-0.19747363847445926,0.14742606269600222,-0.061103113222566056,-0.06110311322256605,0.49625236478480406,-0.0940583687312645,-0.3880173969768469,0.32044881080035315,-0.21043929689376525,-0.8812919576217974,-0.4475162168500341,1.8391240725852818,0.4109993471907831,-0.015166366735728465,0.0,0.0,0.0,3.4737827071287315,1.0,30.79079246520996,-22.086912155151367,1.5299999713897705
12.460084199905396,0.4927679565803562,0.9687518948562309,-0.01917205811369612,-0.0322165197277864,0.24518216545412985,0.9376781474547036,-0.17123983309405688,-0.2191670636866112,0.20833244956756883,-0.053043205681113884,-0.053043205681113884,0.4971784572274538,-0.45395920896774816,-0.3465625111966168,0.5180644369303565,-0.3061731320053661,-0.9068881160019442,-0.4937996419480432,-0.7930591529847946,-0.7744589952045979,1.3873111439364065,0.0,0.0,0.0,3.7928937830108573,1.0,30.73513412475586,-22.023365020751953,1.5299999713897705
12.480061769485474,0.16005586987593387,0.9688066725493607,-0.015568383652517436,-0.02618955274273036,0.2459377237867743,0.9619610291900181,-0.0933919455423458,-0.041792049276594495,0.25330287689791275,-0.04310086461485921,-0.043100864614859215,0.4981388515960701,-0.20233881465918652,-0.0330977910724121,0.5183095254010895,-0.19299752750127938,-0.938150777439573,-0.4275589967991592,-0.6651740745053479,3.06619964521583,1.8507110431427738,0.0,0.0,0.0,3.291682401607281,1.0,30.679473876953125,-21.959819793701172,1.5199999809265137
12.500139236450195,0.2686550038603844,0.9688501984729673,-0.011946741129912054,-0.02011463865626609,0.24653999595804912,0.9530605766736242,0.014390083559955453,-0.1497723014525579,0.26274839752752127,-0.03309148340918072,-0.033091483409180736,0.49890375196602793,-0.05365581397852225,-0.29741125305469485,0.5460536137308717,-0.23821481215561793,-0.9055313228046555,-0.3415172404873922,2.0922107851167158,1.237130558409155,1.799569534290141,0.0,0.0,0.0,3.3800258484658183,1.0,30.634946823120117,-21.896272659301758,1.5199999809265137
12.520079612731934,0.2790220395263541,0.9688820431756199,-0.008349878620155255,-0.014067608156467293,0.24698171660999674,0.9530605766736242,0.014390083559955453,-0.1497723014525579,0.26274839752752127,-0.023137235450153833,-0.023137235450153826,0.4994643814484915,-0.05365581397852225,-0.29741125305469485,0.5460536137308717,-0.23821481215561793,-0.9055313228046555,-0.3415172404873922,2.0567594947653367,1.1029971725455487,1.7788025933909708,0.0,0.0,0.0,3.3800258484658183,1.0,30.634946823120117,-21.896272659301758,1.5199999809265137
12.540117979049683,0.28981229813870496,0.9689026548263457,-0.004735382349403424,-0.00798132359490666,0.24726811379176536,0.9530605766736242,0.014390083559955453,-0.1497723014525579,0.26274839752752127,-0.013124809928464855,-0.013124809928464853,0.49982770968038753,-0.05365581397852225,-0.29741125305469485,0.5460536137308717,-0.23821481215561793,-0.9055313228046555,-0.3415172404873922,2.020709866438905,0.9680118375047702,1.760873158321207,0.0,0.0,0.0,3.3800258484658183,1.0,30.634946823120117,-21.896272659301758,1.5199999809265137
12.56009554862976,0.372439189438081,0.9689118637885283,-0.001131878363065416,-0.001908095085446594,0.2473961968874144,0.9733217422751267,-0.16071719501870904,-0.03820940001235929,0.1592319408615157,-0.0031375122739290317,-0.0031375122739290312,0.49999015591982504,-0.331133206988189,-0.02319953881188942,0.3281965636606344,-0.29711099207943925,-1.0026591021149724,-0.3278780702364372,-1.720957723351359,2.5157375648460008,-0.4240436408287471,0.0,0.0,0.0,3.413283097592792,1.0,30.634946823120117,-21.896272659301758,1.5199999809265137
12.58010196685791,0.32443833571474323,0.9689097500550871,0.0024768228704269,0.0041751948594622385,0.2473667911109788,0.9829381746499222,-0.09736544430581363,-0.06575085837736395,0.14152504970375515,0.006865460497479053,0.006865460497479052,0.49995286323028254,-0.2127142871498818,-0.10187488527055699,0.29688324576429204,-0.15687754231861178,-0.8664236453153936,-0.2865368584293637,-0.9708382016841088,1.6207722577984727,-0.9694044685997305,0.0,0.0,0.0,3.3221734434777392,1.0,30.579286575317383,-21.82364845275879,1.5199999809265137
12.600096940994263,0.3350951855983699,0.9688963004587113,0.006083473753747934,0.010252176242660383,0.24717977908154135,0.9390659530099269,-0.13399352823111219,-0.04572191478826771,0.31322576011214426,0.016859966622708535,0.01685996662270853,0.49971566067663037,-0.2841072551471124,-0.001931338708241177,0.6441678946050458,-0.41777883865002763,-0.9691664907491928,-0.27622865743244596,-0.7494014128748625,2.097600860213907,2.55412948115477,0.0,0.0,0.0,3.369047433781115,1.0,30.512495040893555,-21.769180297851562,1.5199999809265137
12.620100736618042,0.32352254613131176,0.9688714868981607,0.009691748183239948,0.01632488898897943,0.2468351877111467,0.954279932708567,-0.1388086519341717,-0.044028713458890166,0.26104298605613924,0.026852136754413697,0.026852136754413683,0.4992784421059278,-0.2920652631027218,-0.011561643026420548,0.5357352529094652,-0.3097670000350147,-0.9165715755809644,-0.15148713195483565,-1.3330730454178843,1.765696270664543,0.990079734925493,0.0,0.0,0.0,3.3933796142563892,1.0,30.456836700439453,-21.687477111816406,1.5099999904632568
12.640077590942383,0.4345816850714998,0.96883533863578,0.01329520903326899,0.022378383856797354,0.2463341875648056,0.9602572327261305,-0.12226741883149864,-0.14200227677513472,0.20686246319744608,0.03682012825070701,0.036820128250707,0.49864243517334306,-0.30583388017080565,-0.2240009140185448,0.45902745621604946,-0.3355851911189478,-1.086429458733346,-0.04186717202053583,-0.48995030899999903,0.5070227582423699,-0.538137780218357,0.0,0.0,0.0,3.4988831973007035,1.0,30.40117645263672,-21.614852905273438,1.5099999904632568
12.660086393356323,0.2192568765056603,0.9687877006727428,0.01690448538336012,0.028426405369704456,0.24567573929246977,0.9443738004155852,-0.05140777437138446,0.006337018039793591,0.32476946904715154,0.0467893302265046,0.04678933022650462,0.4978059446982881,-0.09321088967153703,0.045375948527921775,0.660342487303073,-0.3651634990003198,-1.1271374746625655,-0.05916836511625337,0.2988100830311149,3.732037277614501,1.9205014173374608,0.0,0.0,0.0,3.274293434160104,1.0,30.345518112182617,-21.551305770874023,1.5099999904632568
12.680137872695923,0.22766597758858748,0.968728425879663,0.02052150928280909,0.03446801439650427,0.24485926679018752,0.9443738004155852,-0.05140777437138446,0.006337018039793591,0.32476946904715154,0.05676100118881917,0.05676100118881919,0.4967677412473991,-0.09321088967153703,0.045375948527921775,0.660342487303073,-0.3651634990003198,-1.1271374746625655,-0.05916836511625337,0.2699006577485581,3.5952645016170166,1.9422076456620552,0.0,0.0,0.0,3.274293434160104,1.0,30.345518112182617,-21.551305770874023,1.5099999904632568
12.700494766235352,0.2369696339127894,0.9686563632024086,0.024193659497341043,0.04057767155858403,0.24387080480962423,0.9443738004155852,-0.05140777437138446,0.006337018039793591,0.32476946904715154,0.06686119021185066,0.06686119021185066,0.49550941589787656,-0.09321088967153703,0.045375948527921775,0.660342487303073,-0.3651634990003198,-1.1271374746625655,-0.05916836511625337,0.24042698058955203,3.457023612400242,1.9671562096370505,0.0,0.0,0.0,3.274293434160104,1.0,30.345518112182617,-21.551305770874023,1.5099999904632568
12.720100164413452,0.35643791649043366,0.9685755608431404,0.027730249580551314,0.04643500629980042,0.24276780343680987,0.9726432269488468,-0.10391382490384063,-0.06440326513539524,0.19753300864485407,0.0765623779225576,0.07656237792255759,0.49410343278188573,-0.2304311962859492,-0.08432989522105497,0.4104927517814404,-0.2320150876406055,-0.9531254419872954,-0.00792396123477046,-1.1281905486335169,1.047527894584892,-0.8035340471169257,0.0,0.0,0.0,3.3597154476480555,1.0,30.27872657775879,-21.478681564331055,1.5099999904632568
12.740119695663452,0.200478718639936,0.9684814173646173,0.031341496473377195,0.052384997387798574,0.24148968273388333,0.9692884705633927,-0.022222953436533077,-0.03227929142041292,0.24278395440974473,0.08643809442759243,0.08643809442759244,0.49247178176188594,-0.058867627241508305,-0.051808310341798065,0.49237980780276824,-0.20877644551947297,-1.0819403474669596,-0.0454221658541669,0.20734346282698712,2.427483503256289,0.2059096855302173,0.0,0.0,0.0,3.283121425253382,1.0,30.23419761657715,-21.415136337280273,1.5
12.760084867477417,0.3889733051925374,0.9683757198268937,0.03494282000298201,0.05828364598291471,0.2400634940821337,0.9804872350136832,-0.07228179446046598,-0.08339892225751741,0.16267988176502288,0.09625249808295681,0.0962524980829568,0.4906479966460583,-0.17139569686021933,-0.14048723890766524,0.3409278798630721,-0.32425560341910287,-0.9651695756153307,0.1000098499584966,-0.1980637941671708,0.64178677779047,-1.9309452187199962,0.0,0.0,0.0,3.3557881437818304,1.0,30.178539276123047,-21.333433151245117,1.5
12.780081272125244,0.41400659201995615,0.9682579244456153,0.03854956701301644,0.06415239543956992,0.23848478523952624,0.9802101241117434,-0.12144830634089522,-0.033756024478693546,0.15263994328865185,0.10604379719423472,0.10604379719423469,0.4886253299580651,-0.2511313652783134,-0.029104377410979914,0.3126359898231613,-0.2940501969313904,-1.0495484644398367,0.034892403736193484,-1.5745481051001333,1.5898910042944832,-1.7291785472671601,0.0,0.0,0.0,3.38149925676463,1.0,30.178539276123047,-21.333433151245117,1.5
12.800092458724976,0.38420493634517006,0.9681279679522897,0.042158651634216615,0.06998241737862752,0.2367558806424843,0.9479499446576449,0.012592543748151285,-0.10774803200915135,0.29937049264026305,0.1157998854852525,0.11579988548525245,0.486405578218016,-0.04159450715233744,-0.21343597657031488,0.6162484880339001,-0.38227103020601655,-1.0993001146671473,0.049248175553044324,1.902835186411444,0.791332268966225,1.002456384869639,0.0,0.0,0.0,3.3551852250877174,1.0,30.04495620727539,-21.197261810302734,1.5
12.82009506225586,0.3973251773536788,0.9679858711986213,0.04576571429459651,0.07576307027368034,0.23488041582400404,0.9479499446576449,0.012592543748151285,-0.10774803200915135,0.29937049264026305,0.12550544940558844,0.1255054494055885,0.48399213027641397,-0.04159450715233744,-0.21343597657031488,0.6162484880339001,-0.38227103020601655,-1.0993001146671473,0.049248175553044324,1.864982687467641,0.6599737900705294,1.0279335882351184,0.0,0.0,0.0,3.3551852250877174,1.0,30.04495620727539,-21.197261810302734,1.5
12.840086698532104,0.36811773834816147,0.9678315390434769,0.0493701507523792,0.08148998006133244,0.2328606523159851,0.9817707216388784,0.026992149290803975,-0.0878266466167222,0.16638555872851665,0.13515552026881586,0.1351555202688159,0.48138652384634295,0.02417761939703564,-0.18244391641738741,0.3335478757587753,-0.15955379898419433,-0.9859364637812024,-0.07174952965987375,0.8714914148128269,0.605046940696397,-1.1953655569164894,0.0,0.0,0.0,3.3451831906756775,1.0,29.98929786682129,-21.11556053161621,1.4900000095367432
12.86011528968811,0.27373325002480453,0.9676644439042361,0.05298039257086934,0.08717307275763905,0.23069342728507353,0.9810650791287364,0.08304767366744226,-0.031902602511211,0.17203667738469075,0.14476926201240042,0.14476926201240042,0.4785831806242098,0.1532077572037501,-0.09129833181202505,0.34017180830862,-0.3206533701039271,-1.046530490336914,0.13402360497696608,2.297448569103655,2.059132163767427,-1.911718880815099,0.0,0.0,0.0,3.341708344247068,1.0,29.92250633239746,-21.042936325073242,1.4900000095367432
12.880083560943604,0.1962228060510567,0.967485284436704,0.05657866673304988,0.09278121866883518,0.22839160302311076,0.9784531945810675,0.10608412048962673,0.02809310718006071,0.17488934422375688,0.15429624461599958,0.15429624461599958,0.47559717082568903,0.21920916984428854,0.017870567569279183,0.35571228457253223,-0.3972196449454984,-1.1294236600336387,-0.017280560121410646,2.73058787943306,3.5323207281163667,-1.1812931611940827,0.0,0.0,0.0,3.3690661663551134,1.0,29.866846084594727,-20.979389190673828,1.4900000095367432
12.900096654891968,0.2813787231647719,0.9672929969458011,0.06018364456328672,0.09834045238943247,0.22594544122538193,0.9503519718559765,-0.05319816517021392,0.06421484864270363,0.29979582723209264,0.1637828814764014,0.16378288147640144,0.47241419086992614,-0.06340918136943002,0.15456529577242678,0.6062424253145786,-0.2804053900978195,-1.1132160290228905,0.019425839691790653,-0.7519954983895496,3.2247409589127294,1.6094751182386462,0.0,0.0,0.0,3.3461711654000847,1.0,29.8000545501709,-20.906763076782227,1.4800000190734863
12.920084953308105,0.29328057516358175,0.9670880982590724,0.06378246988552252,0.10382785839566977,0.22336558052198235,0.9691688775299229,-0.02729554356290275,-0.008908004456377272,0.24471879287378004,0.17319229136364514,0.17319229136364517,0.46904629858065205,-0.05729968172746007,-0.003907266358799039,0.4947794900321629,-0.4203168938325203,-1.069609055643775,0.20407399564572692,0.46497136932439975,1.6594920618320512,-0.36726545535983834,0.0,0.0,0.0,3.304135251148481,1.0,29.75552749633789,-20.834138870239258,1.4800000190734863
12.9401113986969,0.30697641028593425,0.9668698005295768,0.06738611955672955,0.10925723198118761,0.22064622583400648,0.9691688775299229,-0.02729554356290275,-0.008908004456377272,0.24471879287378004,0.18255026461954293,0.18255026461954293,0.4654840500890819,-0.05729968172746007,-0.003907266358799039,0.4947794900321629,-0.4203168938325203,-1.069609055643775,0.20407399564572692,0.4213285528156019,1.5381382650410726,-0.31330168036794803,0.0,0.0,0.0,3.304135251148481,1.0,29.75552749633789,-20.834138870239258,1.4800000190734863
12.960099220275879,0.32062110583301856,0.9666388171381335,0.07098038517107588,0.11460443103657075,0.21780038225297008,0.9691688775299229,-0.02729554356290275,-0.008908004456377272,0.24471879287378004,0.19181719287168342,0.19181719287168347,0.4617425305501189,-0.05729968172746007,-0.003907266358799039,0.4947794900321629,-0.4203168938325203,-1.069609055643775,0.20407399564572692,0.37744982795580495,1.418494529034561,-0.25699139990841635,0.0,0.0,0.0,3.304135251148481,1.0,29.75552749633789,-20.834138870239258,1.4800000190734863
12.98009967803955,0.2814763186628498,0.9663944647672122,0.07457405288370116,0.11988006015785317,0.21482369580738103,0.9468740160404037,0.11600948661104003,0.017338043086362435,0.29945081236439414,0.20101327524912238,0.2010132752491225,0.4578140049994327,0.23231520674746953,-0.036652591080241693,0.6083216195202172,-0.25355757526004086,-0.9208981583894409,0.22738766153021597,2.487675334673706,1.8002806497356711,0.557696871027692,0.0,0.0,0.0,3.392027924748226,1.0,29.75552749633789,-20.834138870239258,1.4800000190734863
13.000110864639282,0.12694271513595257,0.9661366363347176,0.07816629466228629,0.12508032029232186,0.2117190208417194,0.9742711376449317,0.08695446644189923,0.0643521947357836,0.19772067709408367,0.21013381900219916,0.21013381900219913,0.45370009710330794,0.19696514876272486,0.0911336770825573,0.40945626564561005,-0.3596820816442605,-0.9802952395385905,0.19851331358398477,1.8179505837212213,2.786494734172842,-1.2159064801869541,0.0,0.0,0.0,3.376774409325988,1.0,29.699867248535156,-20.770591735839844,1.4800000190734863
13.020216703414917,0.17407505428327735,0.9658640482428767,0.08177161914193465,0.13022329816232994,0.20847526287431165,0.980931159010516,0.02724377720331564,0.07114806092190923,0.1788009824163004,0.21921275411517885,0.21921275411517893,0.44938376520880025,0.07964893612126724,0.13020788581111806,0.36579032615985496,-0.39937545464138857,-1.0214892571506702,0.17455516509255373,0.6885597933891507,2.7267184511610947,-1.2888671185968374,0.0,0.0,0.0,3.3357690559325723,1.0,29.633075714111328,-20.68889045715332,1.4800000190734863
13.040115594863892,0.12718544915958316,0.9655808205873975,0.0853354091281476,0.13522956449854037,0.20514509925473495,0.9570614044099567,0.061265030704372656,0.11402976102084543,0.259378637908295,0.2281110037992025,0.22811100379920254,0.44493299489442256,0.18055204163738084,0.18758345255701397,0.5463464995492071,-0.40435688905371525,-0.8702329602876905,0.30178171380807584,1.400790070548968,2.9032516795679575,-0.09591657278964094,0.0,0.0,0.0,3.422091541998137,1.0,29.566286087036133,-20.61626434326172,1.4700000286102295
13.06009554862976,0.34341446907878,0.9652829147540498,0.08890867304623376,0.14016950083203508,0.2016845392626367,0.9820042896949647,-0.06301424451586929,0.07305696423625486,0.16235596689177972,0.23695462373934442,0.23695462373934445,0.4402868454638927,-0.10158482478317178,0.16468944075698375,0.3193069855369357,-0.22540777020182376,-0.8850799908539226,0.3037721668972997,-1.9006164647003878,1.6549146800145202,-1.7352400441076754,0.0,0.0,0.0,3.369127049049184,1.0,29.5106258392334,-20.552719116210938,1.4700000286102295
13.080110788345337,0.18157337520028005,0.9649708452169231,0.09248251597533128,0.14502824705312115,0.19810365891852844,0.9695869214058126,0.10828722154950908,0.05686626923817141,0.21199364827941908,0.2457190205243965,0.24571902052439656,0.4354562698509819,0.23679131932574926,0.06440569309818706,0.43817546632877075,-0.34671658587344767,-1.046833247330053,0.26982093544030716,2.0729428424471665,2.5093967723878716,-1.0384156832719196,0.0,0.0,0.0,3.4061742132129584,1.0,29.44383430480957,-20.47101593017578,1.4700000286102295
13.100102424621582,0.19104725630168592,0.9646454875730288,0.09604570522978301,0.14978874317592047,0.19441614703950214,0.9695869214058126,0.10828722154950908,0.05686626923817141,0.21199364827941908,0.25437482294198605,0.25437482294198605,0.4304572562441399,0.23679131932574926,0.06440569309818706,0.43817546632877075,-0.34671658587344767,-1.046833247330053,0.26982093544030716,2.0275195666300982,2.3936187611715214,-0.9745454049186645,0.0,0.0,0.0,3.4061742132129584,1.0,29.44383430480957,-20.47101593017578,1.4700000286102295
13.120105504989624,0.20092355562299724,0.9643062743361482,0.09960373151659528,0.15445683385066247,0.19061897182792711,0.9695869214058126,0.10828722154950908,0.05686626923817141,0.21199364827941908,0.2629338308965874,0.2629338308965873,0.42528320043242357,0.23679131932574926,0.06440569309818706,0.43817546632877075,-0.34671658587344767,-1.046833247330053,0.26982093544030716,1.9818993375884533,2.279401281490773,-0.9084130552492268,0.0,0.0,0.0,3.4061742132129584,1.0,29.44383430480957,-20.47101593017578,1.4700000286102295
13.140096664428711,0.21112587901750252,0.963953615617243,0.103151628884859,0.15902459087263904,0.18671997186866443,0.9695869214058126,0.10828722154950908,0.05686626923817141,0.21199364827941908,0.27138263034482996,0.27138263034483,0.4199422197721031,0.23679131932574926,0.06440569309818706,0.43817546632877075,-0.34671658587344767,-1.046833247330053,0.26982093544030716,1.9361368123364882,2.1669365728196555,-0.8401573766693347,0.0,0.0,0.0,3.4061742132129584,1.0,29.44383430480957,-20.47101593017578,1.4700000286102295
13.16009783744812,0.48288079356478547,0.9635871645923904,0.10669243117309286,0.16349466516762162,0.18271835108959353,0.9567928352072266,-0.039024650700026156,0.0034264949495295765,0.2881194305599998,0.27972712624698304,0.27972712624698315,0.4144306152320366,-0.072797498425185,0.02904849699824289,0.5839292420867793,-0.27820976082157756,-0.9651947652997197,0.30342496131292607,-0.7512869549937684,0.040789460869135485,0.9773097397469845,0.0,0.0,0.0,3.3252005627870496,1.0,29.38817596435547,-20.398391723632812,1.4600000381469727
13.180079221725464,0.22315645608123272,0.9632075418172098,0.11021996077249085,0.1678582053916341,0.17862366729092458,0.9409577789245723,0.08389518898142628,0.16302721802618908,0.2845736841834609,0.2879516331352491,0.2879516331352492,0.4087589228074942,0.26253532536713486,0.26204339673587984,0.6221615694434298,-0.3781211675842161,-0.8618174117596209,0.25098081669436795,1.4273578232188597,3.101300203459893,1.1943276788839061,0.0,0.0,0.0,3.5520370492836006,1.0,29.332515716552734,-20.33484649658203,1.4600000381469727
13.200098752975464,0.14071593945996114,0.9628137208567522,0.11374347176750121,0.17212556087101172,0.1744275002833308,0.9783068959181148,0.10179630518640234,0.11415071100970098,0.13972381624275582,0.2960765476293974,0.2960765476293974,0.402912742344862,0.23782894891000372,0.19615765440896457,0.30723628090049787,-0.2162602978267552,-1.0351580212517517,0.3890345650907015,0.6825186639272445,3.0081850999169633,-2.369207598478459,0.0,0.0,0.0,3.4735908302278413,1.0,29.287988662719727,-20.26222038269043,1.4600000381469727
13.220119714736938,0.25432067872925257,0.9624065069244769,0.11725545857072318,0.17628654012688208,0.1701409081758093,0.9697918712787106,-0.005861981720424466,0.15296158483611635,0.18992660986936438,0.3040833718217952,0.3040833718217951,0.39690465225478005,0.04899165745795602,0.3035486522688094,0.3942846268622135,-0.37659706815515215,-0.9180269923245059,0.40323749599643227,-0.7315820866650582,2.7317614952224663,-0.8778638898867379,0.0,0.0,0.0,3.472577573521149,1.0,29.232328414916992,-20.19867515563965,1.4600000381469727
13.240110397338867,0.32079662565054884,0.9619867277538315,0.12074932556545849,0.18033284328186464,0.16577455062475896,0.9713979891003831,0.0041362176610741565,0.08598373465367448,0.2213043963643715,0.31195648029305817,0.3119564802930581,0.39074691860994487,0.046752294209365976,0.16597917427239803,0.45188444554723023,-0.36554358089620786,-1.0239330779744664,0.40228337814109205,-0.2910682662661097,1.72580377640119,-0.3792253315050784,0.0,0.0,0.0,3.368873159442668,1.0,29.165536880493164,-20.12605094909668,1.4500000476837158
13.260106325149536,0.3337171788246915,0.961553848554074,0.12423019870994466,0.1842700370375007,0.1613245409401035,0.9713979891003831,0.0041362176610741565,0.08598373465367448,0.2213043963643715,0.31970694298877667,0.31970694298877683,0.3844313600693511,0.046752294209365976,0.16597917427239803,0.45188444554723023,-0.36554358089620786,-1.0239330779744664,0.40228337814109205,-0.33365140458743436,1.6327929482835177,-0.28902641607263835,0.0,0.0,0.0,3.368873159442668,1.0,29.165536880493164,-20.12605094909668,1.4500000476837158
13.280092477798462,0.3466125041750315,0.9611084189622835,0.12769431399590012,0.18809348782319993,0.15679798790622176,0.9713979891003831,0.0041362176610741565,0.08598373465367448,0.2213043963643715,0.32732588458125117,0.32732588458125106,0.3779652964004784,0.046752294209365976,0.16597917427239803,0.45188444554723023,-0.36554358089620786,-1.0239330779744664,0.40228337814109205,-0.3762818168557194,1.5420381711759696,-0.19741537742011395,0.0,0.0,0.0,3.368873159442668,1.0,29.165536880493164,-20.12605094909668,1.4500000476837158
13.300123453140259,0.3595097790612064,0.960649444616794,0.1311498885433537,0.19181173862764628,0.1521860973188783,0.9713979891003831,0.0041362176610741565,0.08598373465367448,0.2213043963643715,0.33483072590590757,0.3348307259059076,0.37133325327705696,0.046752294209365976,0.16597917427239803,0.45188444554723023,-0.36554358089620786,-1.0239330779744664,0.40228337814109205,-0.41906629201678713,1.453334665068768,-0.10421233917331985,0.0,0.0,0.0,3.368873159442668,1.0,29.165536880493164,-20.12605094909668,1.4500000476837158
13.320091724395752,0.10930817915330758,0.9601796971454133,0.13457714575156887,0.19540349314630867,0.14751751047697365,0.9624090391647944,0.17296395802211548,0.1578628823512725,0.13759222701508092,0.3421783646644941,0.34217836466449414,0.3645736780892616,0.3999446905639456,0.2591513551020258,0.3368171892041641,-0.29191215012273586,-0.8924305137675689,0.569826305249045,1.970782234126674,2.9800638506410393,-2.7275441832403047,0.0,0.0,0.0,3.726218427998547,1.0,29.109878540039062,-20.071582794189453,1.4500000476837158
13.340099096298218,0.08928041674378392,0.9596971318452248,0.13799229241674543,0.1988858879045911,0.14277235710747088,0.9542219371663427,0.15462214214075573,0.22888414739198937,0.11473680692331584,0.3494035553538421,0.3494035553538422,0.3576550789602945,0.38927223307095293,0.41296938041960574,0.3218729764832645,-0.4791434033541473,-0.9076214742924844,0.5569672629387178,2.053700738234787,4.0,-2.7337059414431,0.0,1.0,0.0,3.9114703457777074,1.0,29.054218292236328,-19.989879608154297,1.4500000476837158
13.360106945037842,0.3724627499577441,0.959203011580944,0.14138733575486426,0.2022505870782134,0.13796341503712745,0.9903272189799252,-0.005749292476535521,0.10227664534712348,0.09358649902654384,0.356489053412708,0.3564890534127079,0.3505931471048906,0.007922165973952058,0.20508543354857012,0.1892567682955136,-0.1799530065570085,-1.01979691311122,0.6045568293204338,-2.094527505271273,1.7548809926255675,-3.0429683822992364,0.0,0.0,0.0,3.3838859379887287,1.0,29.00969123840332,-19.93541145324707,1.4500000476837158
13.380098581314087,0.1872242368684964,0.9586981668328811,0.1447580799669581,0.20549376812562192,0.13309858923777584,0.9715942073642536,0.1085757026027586,0.12733371184902462,0.16733839621346483,0.36342628140953803,0.3634262814095381,0.3433967646627371,0.2624476616403651,0.21269570881320005,0.36929139738369715,-0.5886007247915611,-1.0415147805209868,0.6025208109074762,1.9720884044317928,2.4189737074178486,-1.8654802683013285,0.0,0.0,0.0,3.5078315792165204,1.0,28.954030990600586,-19.8627872467041,1.4500000476837158
13.40014362335205,0.14009811172043946,0.9581812539789284,0.14811476559301004,0.20862534538357416,0.12816460509938216,0.9686716148283403,0.15452948496292526,0.14000682867310693,0.13488524318044476,0.37023621246994404,0.3702362124699441,0.33604337067692686,0.3537270885578335,0.23161920277775846,0.3182935748635357,-0.3505585641962764,-0.8678738643840247,0.6417010846886637,1.6980191977681782,2.1092791114889007,-2.694936180625894,0.0,0.0,0.0,3.6355705467460067,1.0,28.898372650146484,-19.808319091796875,1.440000057220459
13.420801877975464,0.14720522275940326,0.9576378104586977,0.15154840547292486,0.21172572136949502,0.12302489052647886,0.9686716148283403,0.15452948496292526,0.14000682867310693,0.13488524318044476,0.3770987893876992,0.37709878938769903,0.32832377775959465,0.3537270885578335,0.23161920277775846,0.3182935748635357,-0.3505585641962764,-0.8678738643840247,0.6417010846886637,1.6525740492070806,2.0225447752350805,-2.5967956480297647,0.0,0.0,0.0,3.6355705467460067,1.0,28.898372650146484,-19.808319091796875,1.440000057220459
13.440150737762451,0.15449346864793492,0.9571194522470803,0.15473925115926274,0.21451187074616757,0.11816418911793525,0.9686716148283403,0.15452948496292526,0.14000682867310693,0.13488524318044476,0.38338049713693023,0.38338049713693023,0.3209663446765723,0.3537270885578335,0.23161920277775846,0.3182935748635357,-0.3505585641962764,-0.8678738643840247,0.6417010846886637,1.6102812202956027,1.9434856315000133,-2.503701596703642,0.0,0.0,0.0,3.6355705467460067,1.0,28.898372650146484,-19.808319091796875,1.440000057220459
13.460089445114136,0.16253739450223523,0.9565763700052095,0.15800038852107862,0.21726313727526653,0.11311169150955888,0.9686716148283403,0.15452948496292526,0.14000682867310693,0.13488524318044476,0.3897035228022101,0.3897035228022101,0.3132589413177976,0.3537270885578335,0.23161920277775846,0.3182935748635357,-0.3505585641962764,-0.8678738643840247,0.6417010846886637,1.5669931404612616,1.8642506680350004,-2.406653857961274,0.0,0.0,0.0,3.6355705467460067,1.0,28.898372650146484,-19.808319091796875,1.440000057220459
13.480106353759766,0.29932298448778644,0.9560226428827586,0.16124519296704995,0.21990226242515085,0.10799856027181196,0.9864662759809608,0.054343288945754305,0.1204977586255851,0.09701228512422289,0.395895509741884,0.395895509741884,0.3053960467429363,0.13450709394939594,0.22919127133857756,0.21156087574452556,-0.31216681390264045,-0.9493671379349189,0.5933717955514708,-0.7271306198068148,1.5674415937376915,-2.4997176660298828,0.0,0.0,0.0,3.439215135112187,1.0,28.84271240234375,-19.735692977905273,1.440000057220459
13.500112771987915,0.2732914640973561,0.9554613214692385,0.16445750696100014,0.22241642836332376,0.10285097945343849,0.9665948438488621,0.02943465430406511,0.2367297270553648,0.09373924097775949,0.4019257559131295,0.4019257559131295,0.2974150075797444,0.11379889415893382,0.4691464280534016,0.2205755370544398,-0.6409728128984025,-0.8987038791409441,0.5353726380867099,-0.1228855820067114,3.5710312395543795,-1.6908060985808673,0.0,0.0,0.0,3.743101077695856,1.0,28.809316635131836,-19.681224822998047,1.440000057220459
13.520095586776733,0.27870318418635365,0.954893471797569,0.16763363749635146,0.22480390828508567,0.09767611743859235,0.9656572906585172,0.03349095234128223,0.24785704564625058,0.07036503416355391,0.4077883050042324,0.40778830500423235,0.289324555303858,0.11331249128722608,0.4938015845744542,0.17406618513969038,-0.4657396832095346,-0.8880628644395077,0.5423906434127207,-0.9027959004604629,3.773636685502849,-2.031767813649548,0.0,0.0,0.0,3.7914243274219825,1.0,28.809316635131836,-19.681224822998047,1.440000057220459
13.540119647979736,0.22483605576518015,0.9543179592442206,0.1707821440904384,0.22707199442365678,0.09246080938582374,0.9593523918037465,0.1539620543967157,0.15604413132615566,0.17773267348756983,0.41349961916995226,0.4134996191699523,0.28110152071147604,0.3702785319146222,0.24718391914178092,0.41289480498239817,-0.1340540393402871,-0.9731114372786981,0.6504971088180805,0.716588979423832,2.191556651281261,-1.149987151583087,0.0,0.0,0.0,3.6688499946394035,1.0,28.753658294677734,-19.608600616455078,1.440000057220459
13.56010913848877,0.23786881336888627,0.9537377131490945,0.17388935382791704,0.22921184758501217,0.08722841319839733,0.9646391277600422,0.18145932210768922,0.1256609521619329,0.1440596845627497,0.41903571086385294,0.419035710863853,0.27278026508680114,0.4044029572137153,0.19131798473990175,0.3358255444909563,-0.5782413763528068,-0.9404960834089431,0.659394352516898,2.860627611337427,1.5523610473682972,-1.9673836304821068,0.0,0.0,0.0,3.6871334335420825,1.0,28.697998046875,-19.55413246154785,1.4299999475479126
13.580129384994507,0.2152466698819564,0.9531516301944322,0.17696366205354236,0.2312304071933447,0.08196542539080753,0.9623121336057837,0.20599878484863635,0.13399725734329002,0.11646713347741341,0.42441250010402004,0.42441250010402,0.2643369625221854,0.45273699979526244,0.21148310979735083,0.2897658459329679,-0.4669831881459654,-0.748100270861636,0.5995722857477863,2.7079607304717066,1.021965190619427,-2.2340095987701334,0.0,0.0,0.0,3.7807394412481816,1.0,28.653470993041992,-19.499664306640625,1.4299999475479126
13.600117921829224,0.22082912349622236,0.9525623640103091,0.17999368419083497,0.2331213932735404,0.0766918008701369,0.9623121336057837,0.20599878484863635,0.13399725734329002,0.11646713347741341,0.4296110749768026,0.4296110749768027,0.25580133748140593,0.45273699979526244,0.21148310979735083,0.2897658459329679,-0.4669831881459654,-0.748100270861636,0.5995722857477863,2.6657542057625414,0.9552064478658409,-2.1335552679220737,0.0,0.0,0.0,3.7807394412481816,1.0,28.653470993041992,-19.499664306640625,1.4299999475479126
13.62012791633606,0.2268129253479585,0.9519692097674716,0.1829856851694885,0.2348900372103988,0.07139701042092808,0.9623121336057837,0.20599878484863635,0.13399725734329002,0.11646713347741341,0.4346433115197539,0.4346433115197539,0.24715418618979956,0.45273699979526244,0.21148310979735083,0.2897658459329679,-0.4669831881459654,-0.748100270861636,0.5995722857477863,2.624035173544512,0.8907932731038519,-2.0323004770603594,0.0,0.0,0.0,3.7807394412481816,1.0,28.653470993041992,-19.499664306640625,1.4299999475479126
13.640161991119385,0.23315431024760705,0.9513729726939026,0.185938060394408,0.23653634700180068,0.06608374286748563,0.9623121336057837,0.20599878484863635,0.13399725734329002,0.11646713347741341,0.43950726354462144,0.43950726354462133,0.2383974943062925,0.45273699979526244,0.21148310979735083,0.2897658459329679,-0.4669831881459654,-0.748100270861636,0.5995722857477863,2.582830646492086,0.8287424859137396,-1.9302994334760726,0.0,0.0,0.0,3.7807394412481816,1.0,28.653470993041992,-19.499664306640625,1.4299999475479126
13.66014814376831,0.32809999827724645,0.9507767220691871,0.18883840173786398,0.23805492068560824,0.06077448097540376,0.9540877878201127,0.22470097554673643,0.1141855490076869,0.16182590991149023,0.4441838182070199,0.44418381820701985,0.22956640791508048,0.49009650630796403,0.1456758922776787,0.3725187069269083,-0.08248414060398708,-0.9155010824483283,0.6844941380700719,1.631055176006603,0.9527404960459758,-1.4590253177565522,0.0,0.0,0.0,3.8096172687410466,1.0,28.620075225830078,-19.43611717224121,1.4299999475479126
13.680100440979004,0.24622277133428744,0.950180993839768,0.19168713831397974,0.23944796741168048,0.0554688277601285,0.9348317978058318,0.2318367946492121,0.21074282565110686,0.16711873591696014,0.44867548094996346,0.44867548094996335,0.22065881535601298,0.5600260921694316,0.32206877970452846,0.44715812487336315,-0.5431629662170641,-0.8699259275279462,0.7382803761234285,3.5610172239903206,2.624212843104621,-1.1166642539955223,0.0,0.0,0.0,4.134100201641378,1.0,28.564414978027344,-19.381649017333984,1.4299999475479126
13.70012354850769,0.15375684443653087,0.949583639598258,0.19449716752046606,0.2407229237880795,0.05014216984495067,0.9479101226791443,0.14342628053404535,0.2655332610977556,0.10191853916422658,0.4530035213435688,0.45300352134356875,0.21163130593162918,0.37934548804025287,0.49401850558093763,0.3109590037260544,-0.4537986937268258,-0.7474740693262608,0.7486369502709755,1.0761773832445778,3.216519917734292,-1.667160189868716,0.0,0.0,0.0,4.062504504422658,1.0,28.564414978027344,-19.381649017333984,1.4299999475479126
13.720216512680054,0.1564765001889503,0.9489857050039793,0.1972658877162147,0.24187899181960962,0.04479793028660311,0.9531806710271465,0.1255699695014819,0.26822409833418254,0.06111157183750481,0.45716409362176413,0.45716409362176413,0.20248701564048718,0.31880753221776786,0.5189682437241495,0.21335738466775067,-0.10914819520174053,-0.8060836240443006,0.7281732199565525,-0.8854113044572316,3.575464528143109,-2.1560485983894027,0.0,0.0,0.0,4.021317898126063,1.0,28.519887924194336,-19.336259841918945,1.4299999475479126
13.740163087844849,0.09619270094237387,0.9483946423054869,0.19996184150930807,0.24290507259711658,0.03949670990150055,0.9532230987579536,0.19369207627479187,0.21789907401649392,0.07980662331786346,0.4611118063020321,0.461111806302032,0.19332848235290456,0.45302788065731087,0.3946629164126709,0.25914804216960835,-0.5482241481428639,-0.7271537314029144,0.6689036450205046,2.2702449588856592,2.2446851003933674,-1.9843803795500559,0.0,0.0,0.0,3.9924503889785425,1.0,28.486492156982422,-19.28179168701172,1.4299999475479126
13.760109186172485,0.07569326845282472,0.9478071413042487,0.20260337401994055,0.2438107299971518,0.03420268507967919,0.9356753586624708,0.21605350185998784,0.2770191910541827,0.033058664727711004,0.46487597663675345,0.4648759766367534,0.1840932544826797,0.5113537622119654,0.5283571318081803,0.21181495094577438,-0.7054708362972257,-0.7600757299951414,0.7697643688241484,3.097709832022769,3.7428006838543135,-3.023467682282867,0.0,0.0,0.0,4.4076293642658095,1.0,28.441965103149414,-19.227323532104492,1.4199999570846558
13.780111312866211,0.072655836636483,0.9472226148980433,0.20519576658020788,0.24459882340277161,0.028903819700065767,0.9356753586624708,0.21605350185998784,0.2770191910541827,0.033058664727711004,0.4684649958364001,0.4684649958364002,0.17475854106738692,0.5113537622119654,0.5283571318081803,0.21181495094577438,-0.7054708362972257,-0.7600757299951414,0.7697643688241484,3.076550110043242,3.700203402458267,-2.913736357243869,0.0,0.0,0.0,4.4076293642658095,1.0,28.441965103149414,-19.227323532104492,1.4199999570846558
13.800107955932617,0.07175037776231347,0.9466439583908149,0.20772884322511753,0.24526734832950853,0.023619305195857802,0.9356753586624708,0.21605350185998784,0.2770191910541827,0.033058664727711004,0.47186568868678247,0.47186568868678247,0.1653564992377028,0.5113537622119654,0.5283571318081803,0.21181495094577438,-0.7054708362972257,-0.7600757299951414,0.7697643688241484,3.0563671962728174,3.659977417379714,-2.804081675560554,0.0,0.0,0.0,4.4076293642658095,1.0,28.441965103149414,-19.227323532104492,1.4199999570846558
13.820101976394653,0.07300287114677803,0.9460721794874531,0.21020100283946014,0.24581742144838353,0.01835115575688752,0.9356753586624708,0.21605350185998784,0.2770191910541827,0.033058664727711004,0.4750772960694063,0.47507729606940646,0.1558895851536647,0.5113537622119654,0.5283571318081803,0.21181495094577438,-0.7054708362972257,-0.7600757299951414,0.7697643688241484,3.0371849864841542,3.622117176929308,-2.6945543595277255,0.0,0.0,0.0,4.4076293642658095,1.0,28.441965103149414,-19.227323532104492,1.4199999570846558
13.840097665786743,0.2894195563846476,0.9455082594780275,0.21261077423323946,0.24625018873551988,0.013100934565691183,0.972206158918946,0.11407478636181395,0.18212395510798965,0.09291389913462066,0.47809923673756133,0.4780992367375615,0.14635955667793352,0.27455497703845655,0.3394046831031156,0.23789558982304088,-0.047619664222138314,-0.7178570455836677,0.842629671637902,-1.37649694870056,1.1621030615239696,-1.6556261423495728,0.0,0.0,0.0,3.649503725932595,1.0,28.419700622558594,-19.172853469848633,1.4199999570846558
13.86023736000061,0.2932385578513085,0.9449493978942791,0.21497258733182767,0.24656854777961706,0.007834115198905894,0.9268641966479151,0.22394724006461442,0.2599486916401314,0.15230585134603686,0.4809497172056093,0.4809497172056093,0.1367017539018591,0.5739478031342512,0.42646753707895396,0.45336508659166463,-0.5115433490649544,-0.7105445469061422,0.8430105405523651,3.003888992042251,2.564491112421747,-0.6255689884424767,0.0,0.0,0.0,4.322362141420155,1.0,28.375173568725586,-19.127464294433594,1.4199999570846558
13.880157470703125,0.21206692330375965,0.94440674909522,0.21724215782139183,0.24676856413812337,0.0026481846069676337,0.9428938351816187,0.220180954707276,0.2260972026623682,0.10654397077706068,0.483577231318461,0.483577231318461,0.12709469442259091,0.5245821291791591,0.38920545213751656,0.33077216517122393,-0.43088442721881914,-0.6137666564766402,0.7869839173236806,2.299478585893243,1.6208347059859436,-1.28977578375462,0.0,0.0,0.0,4.111669787331368,1.0,28.341777801513672,-19.082073211669922,1.4199999570846558
13.900104761123657,0.2464747851188927,0.9438745580302228,0.2194465574001258,0.24685558880309194,-0.0025190127358292597,0.9556345183175119,0.2629468488104563,0.13242918139309334,-0.009172459662665318,0.48601605483404253,0.4860160548340423,0.11742399432634291,0.5441000771226038,0.2608806802682953,0.05396390107377573,-0.14113858715905536,-0.7024709982685883,0.8629875113372177,1.2955034164887937,0.6187502249292605,-4.0,0.0,0.0,1.0,3.974219601520703,1.0,28.308382034301758,-19.036684036254883,1.4199999570846558
13.92011046409607,0.05024906658760573,0.9433531792246731,0.22158678813241825,0.24683030360693128,-0.007673056312242202,0.9353941618109402,0.2287054983500479,0.26954460217826065,-0.008790023380407328,0.4882677922803757,0.4882677922803758,0.1076780526460611,0.513605477998707,0.5331881756543055,0.12439103735850245,-0.5035351704963548,-0.6683495375359526,0.8952021065259148,2.1816938378385378,3.1450984568734213,-3.5375822133607424,0.0,0.0,0.0,4.366557027614445,1.0,28.28611946105957,-18.99129295349121,1.4199999570846558
13.940117597579956,0.04977095009316133,0.9428452682137272,0.22365442442793548,0.24669361285724412,-0.012796875252731259,0.9353941618109402,0.2287054983500479,0.26954460217826065,-0.008790023380407328,0.4903242577592451,0.49032425775924515,0.09788831520076975,0.513605477998707,0.5331881756543055,0.12439103735850245,-0.5035351704963548,-0.6683495375359526,0.8952021065259148,2.168335483686179,3.1218441381730884,-3.429865473330288,0.0,0.0,0.0,4.366557027614445,1.0,28.28611946105957,-18.99129295349121,1.4199999570846558
13.960103034973145,0.05192232107982368,0.9423524983306126,0.22564518135080164,0.2464472358564337,-0.01788242047207457,0.9353941618109402,0.2287054983500479,0.26954460217826065,-0.008790023380407328,0.4921825494876755,0.49218254948767554,0.08807007425801253,0.513605477998707,0.5331881756543055,0.12439103735850245,-0.5035351704963548,-0.6683495375359526,0.8952021065259148,2.156297590439812,3.100884994016651,-3.3227801468472293,0.0,0.0,0.0,4.366557027614445,1.0,28.28611946105957,-18.99129295349121,1.4199999570846558
13.980125188827515,0.0563446263803504,0.9418745449612507,0.227562790162873,0.2460917775939485,-0.022942429862060396,0.9353941618109402,0.2287054983500479,0.26954460217826065,-0.008790023380407328,0.493847132839628,0.4938471328396278,0.07819852547253657,0.513605477998707,0.5331881756543055,0.12439103735850245,-0.5035351704963548,-0.6683495375359526,0.8952021065259148,2.1455774315098766,3.0821503478124836,-3.2160705303104224,0.0,0.0,0.0,4.366557027614445,1.0,28.28611946105957,-18.99129295349121,1.4199999570846558
14.000118970870972,0.062486610132860464,0.9414140558098586,0.22939897834418424,0.24562982338855968,-0.02795843558538464,0.9353941618109402,0.2287054983500479,0.26954460217826065,-0.008790023380407328,0.4953118082151072,0.4953118082151073,0.06830968191025986,0.513605477998707,0.5331881756543055,0.12439103735850245,-0.5035351704963548,-0.6683495375359526,0.8952021065259148,2.13624186650677,3.06568912681229,-3.110139005125838,0.0,0.0,0.0,4.366557027614445,1.0,28.28611946105957,-18.99129295349121,1.4199999570846558
14.020134449005127,0.06985450299656006,0.9409709383391903,0.2311564015331813,0.2450618181981779,-0.03294110642794893,0.9353941618109402,0.2287054983500479,0.26954460217826065,-0.008790023380407328,0.4965797554316024,0.49657975543160227,0.058382758546424024,0.513605477998707,0.5331881756543055,0.12439103735850245,-0.5035351704963548,-0.6683495375359526,0.8952021065259148,2.1282982268302115,3.0514441745996805,-3.0047736836507095,0.0,0.0,0.0,4.366557027614445,1.0,28.28611946105957,-18.99129295349121,1.4199999570846558
14.040098428726196,0.3929026071718217,0.9405478177800104,0.2328268535748843,0.24439166193947853,-0.03787049376677505,0.9072109233496363,0.27881165077435266,0.2787754111183006,0.1466856301871576,0.4976462749692802,0.49764627496928027,0.048458074757459974,0.7061215702079591,0.4378804803773643,0.4842245163767533,-0.2435581065502016,-0.488641072718872,0.8490988621287673,2.9226070723680735,1.87007890421743,-0.014624766235778353,0.0,0.0,0.0,4.733494658954723,1.0,28.252723693847656,-18.954980850219727,1.4199999570846558
14.060137033462524,0.18934252496272297,0.9401430807821803,0.23441879064074364,0.2436165793409211,-0.04277593391324823,0.9122680076383823,0.27825842565830433,0.300309674508162,0.012386693927756763,0.49851733167870266,0.49851733167870266,0.03847687637980047,0.6592474441817632,0.5716642244412398,0.22755566076436365,-0.1329681479688039,-0.5596054439195244,0.7655410130714964,1.8041446169844269,3.144102041286725,-1.9965991426837886,0.0,0.0,0.0,4.896330572021082,1.0,28.230459213256836,-18.918668746948242,1.4199999570846558
14.080111980438232,0.2240237191145404,0.9397605339154497,0.23591922904861995,0.24274350865367322,-0.04762189902301224,0.9148248568375911,0.27810420183052004,0.2899097190778836,0.04130240937854531,0.49918640360658484,0.4991864036065849,0.028512005441983727,0.6665889875608603,0.5322350424041169,0.2784189434267949,-0.4555428236643446,-0.5310100407519945,0.8380457465802601,3.2093417225145013,2.6718408438014465,-1.686835807510557,0.0,0.0,0.0,4.790753853794091,1.0,28.208194732666016,-18.891433715820312,1.4199999570846558
14.10008716583252,0.22664017668186587,0.9393998206013023,0.23733147444550318,0.2417718447837442,-0.052422546310051735,0.96950471875511,0.1960734381171333,0.14142577180811855,-0.04018156598465906,0.49965631194657073,0.4996563119465708,0.018535639507479565,0.39562176243990127,0.29420905545625475,-0.023462983352908032,-0.06385253734233495,-0.33512181081020787,0.947981078848735,-0.7086599317201089,-0.705231122843545,-3.8071823105863647,0.0,0.0,0.0,3.6597627806175903,1.0,28.197063446044922,-18.855121612548828,1.4199999570846558
14.12008810043335,0.2860761481185336,0.939061458387017,0.2386552729372699,0.24070190208461623,-0.057182448392259916,0.9364949758452766,0.27002526259629606,0.2094592397214573,0.07867874345504756,0.49992708007241665,0.49992708007241654,0.008539005227047555,0.6126639360559623,0.35738381850394235,0.2817652291326344,-0.12422189018290267,-0.5537766488336474,0.9266274154039994,1.716614924715416,0.9563300855381449,-1.4579454834966143,0.0,0.0,0.0,4.204585588018784,1.0,28.1747989654541,-18.818809509277344,1.4199999570846558
14.14013671875,0.2940779452797788,0.9387461071365422,0.23988970815309632,0.23953376333975843,-0.061905173277379884,0.9364949758452766,0.27002526259629606,0.2094592397214573,0.07867874345504756,0.4999977951068783,0.49999779510687814,-0.0014848866152838073,0.6126639360559623,0.35738381850394235,0.2817652291326344,-0.12422189018290267,-0.5537766488336474,0.9266274154039994,1.7097372345829522,0.9494405654090923,-1.3585057330925845,0.0,0.0,0.0,4.204585588018784,1.0,28.1747989654541,-18.818809509277344,1.4199999570846558
14.160095691680908,0.30207409355760995,0.9384567138690841,0.24102478210133593,0.23827754189230943,-0.06655722077131937,0.9364949758452766,0.27002526259629606,0.2094592397214573,0.07867874345504756,0.49986857385783334,0.4998685738578334,-0.01146337076674073,0.6126639360559623,0.35738381850394235,0.2817652291326344,-0.12422189018290267,-0.5537766488336474,0.9266274154039994,1.7044260718522293,0.944847614252398,-1.260289467907136,0.0,0.0,0.0,4.204585588018784,1.0,28.1747989654541,-18.818809509277344,1.4199999570846558
14.18009638786316,0.3101050254806318,0.9381921065272044,0.24206649916440123,0.23692714776385407,-0.07116816623197808,0.9364949758452766,0.27002526259629606,0.2094592397214573,0.07867874345504756,0.4995393364056796,0.4995393364056795,-0.02145813093848827,0.6126639360559623,0.35738381850394235,0.2817652291326344,-0.12422189018290267,-0.5537766488336474,0.9266274154039994,1.7006769589442663,0.9424912165657056,-1.1626865463508445,0.0,0.0,0.0,4.204585588018784,1.0,28.1747989654541,-18.818809509277344,1.4199999570846558
14.200107097625732,0.3181476110773194,0.9379535811056501,0.2430110614401647,0.23548623761017295,-0.07572935761655868,0.9364949758452766,0.27002526259629606,0.2094592397214573,0.07867874345504756,0.49900996107415,0.4990099610741501,-0.03144930442434712,0.6126639360559623,0.35738381850394235,0.2817652291326344,-0.12422189018290267,-0.5537766488336474,0.9266274154039994,1.6985375382262355,0.9423610144010723,-1.0658926388737466,0.0,0.0,0.0,4.204585588018784,1.0,28.1747989654541,-18.818809509277344,1.4199999570846558
14.220124244689941,0.23759000779654013,0.9377419448177196,0.24385643629965728,0.2339568567549831,-0.08023884708817926,0.9291325714593507,0.16367548111979915,0.321056238070732,-0.08273991497098881,0.49828050790334993,0.4982805079033498,-0.04143109271525005,0.32693124657837985,0.6734578499976547,-0.06228475223717371,-0.4123598077107609,-0.43351870396725306,1.0957460666581411,0.31571959517742165,3.54876469706723,-3.6437349361509423,0.0,0.0,0.0,4.353169363883895,1.0,28.1747989654541,-18.818809509277344,1.4199999570846558
14.240108489990234,0.15552177465881767,0.9375582409673239,0.2445994574051155,0.23234410100911526,-0.0846868877551109,0.9400517337100467,0.26427004172138385,0.21524903422946748,-0.011486351056580987,0.4973530980465284,0.4973530980465285,-0.05137991692792318,0.5698755991078323,0.4232890667582616,0.10126752503639999,-0.2040999648865426,-0.4295958679105093,0.8872853665697654,1.4842477865365091,0.9948310477796546,-2.3473585807377524,0.0,0.0,0.0,4.178969407430064,1.0,28.163667678833008,-18.78249740600586,1.4199999570846558
14.260088920593262,0.34300608650513137,0.9374027539253188,0.2452398240083209,0.23064779197756846,-0.08907918785815343,0.8967245368830522,0.2868752958400946,0.3353750844675757,0.03333500122844275,0.4962273007321017,0.4962273007321017,-0.06130632926649781,0.7213387737740353,0.6216191109979514,0.31544653996684674,-0.128064905646384,-0.3726470936318248,0.9665664890929946,2.2436338090984065,2.967074477108792,-1.322106185075146,0.0,0.0,0.0,5.233563028038741,1.0,28.141403198242188,-18.764341354370117,1.4199999570846558
14.280093908309937,0.2733031740711555,0.9372758810192624,0.24577666432748296,0.2288673431520919,-0.09342105421222718,0.9697588006385265,0.15829011097330076,0.18574030422827165,-0.0035565063441340837,0.49490165851377416,0.4949016585137742,-0.07122042123096198,0.33401654278285936,0.3697394575948722,0.05569438415112122,-0.2994824788902861,-0.30096015934097764,0.8311156909810413,-0.27095994706287385,-0.03155407637078911,-1.390749621346672,0.0,0.0,0.0,3.613762182063379,1.0,28.141403198242188,-18.73710823059082,1.4199999570846558
14.300081014633179,0.29604661677254496,0.9371784228818777,0.24620721096038053,0.22700845732806033,-0.09770247313799696,0.9359182395941334,0.2807050421380029,0.20797018826674538,0.044834461138893576,0.49337941369737337,0.49337941369737326,-0.0810971894681691,0.6238748931609122,0.37268311240018137,0.21717371614554548,-0.00687062118933085,-0.13824048836945213,0.981775771266499,1.2902403411448184,-0.5674445901279845,-1.5082879314596207,0.0,0.0,0.0,4.177754693612623,1.0,28.141403198242188,-18.718952178955078,1.4299999475479126
14.32011604309082,0.2724652252164134,0.9371105847082644,0.2465311065820959,0.22506682195537028,-0.10193670178131117,0.9645614418411221,0.1261955951866765,0.22739717995683556,-0.04456926313654147,0.4916557193755173,0.4916557193755174,-0.09096512301614572,0.2525767534180097,0.46668246875400904,-0.032014911999122445,-0.11072628489758525,-0.16325519450550605,1.0390844089094056,-1.6848171708573163,0.5356062376706314,-2.472019222361941,0.0,0.0,0.0,3.641520654981673,1.0,28.130271911621094,-18.69171714782715,1.4299999475479126
14.340069770812988,0.2765689739292675,0.9370731259286436,0.24674505252984374,0.22305714328845327,-0.10609593084732138,0.9645614418411221,0.1261955951866765,0.22739717995683556,-0.04456926313654147,0.48974287310099734,0.48974287310099734,-0.10075672804721438,0.2525767534180097,0.46668246875400904,-0.032014911999122445,-0.11072628489758525,-0.16325519450550605,1.0390844089094056,-1.6683316565991964,0.5638982288203859,-2.3857039264469284,0.0,0.0,0.0,3.641520654981673,1.0,28.130271911621094,-18.69171714782715,1.4299999475479126
14.360060691833496,0.2806770109061652,0.9370660581983268,0.2468492512386596,0.22096973667532568,-0.11020447000553385,0.9645614418411221,0.1261955951866765,0.22739717995683556,-0.04456926313654147,0.4876309310565637,0.4876309310565638,-0.11052635467122221,0.2525767534180097,0.46668246875400904,-0.032014911999122445,-0.11072628489758525,-0.16325519450550605,1.0390844089094056,-1.64981352820548,0.5938580141359384,-2.300696537040558,0.0,0.0,0.0,3.641520654981673,1.0,28.130271911621094,-18.69171714782715,1.4299999475479126
14.382562637329102,0.28528815522624423,0.9370949102012323,0.24683293650958893,0.21853404684011513,-0.11475844675090421,0.9645614418411221,0.1261955951866765,0.22739717995683556,-0.04456926313654147,0.4850206352076709,0.48502063520767097,-0.12147009270905877,0.2525767534180097,0.46668246875400904,-0.032014911999122445,-0.11072628489758525,-0.16325519450550605,1.0390844089094056,-1.6265436097065724,0.6294683025784186,-2.206797179676999,0.0,0.0,0.0,3.641520654981673,1.0,28.130271911621094,-18.69171714782715,1.4299999475479126
14.400108337402344,0.2614268759272481,0.9371446331899007,0.24672087594964356,0.21657334488632515,-0.11825705957259375,0.9165408320271199,0.2809216134236478,0.28432546336579334,-0.013963567607026718,0.48281481147245875,0.4828148114724588,-0.12996098577193896,0.6403417735645045,0.5574655039453947,0.1587500735950321,-0.11740379720197464,-0.2570785156295241,1.0411366689731256,1.8242908320424416,1.7919122227779833,-2.072337971152291,0.0,0.0,0.0,4.627489917873144,1.0,28.130271911621094,-18.69171714782715,1.4299999475479126
14.4202880859375,0.29407732200429326,0.937231445842145,0.2464831615693998,0.2142535942201777,-0.122223832991486,0.9101122364031771,0.32173870411661426,0.26098371654626396,-0.008211158278121624,0.48009410632091043,0.4800941063209102,-0.139676945398754,0.724579099732877,0.5010339318056743,0.1753277829429687,-0.14800018799069953,-0.15175032959264678,1.017350648328923,2.7391097407985976,0.8531433747797624,-2.0906812321889827,0.0,0.0,0.0,4.776939892313198,1.0,28.130271911621094,-18.682640075683594,1.4299999475479126
14.440090656280518,0.3219241964238694,0.9373475074972356,0.2461355681555012,0.21191182826188787,-0.12605677022751646,0.9686330972893171,0.16551570315554548,0.18522324901505724,0.0068427237950905,0.477234195150157,0.4772341951501571,-0.14915603567868818,0.3532186069399584,0.36458497848232607,0.07990211756629907,0.09551873044342776,-0.20435380724658997,0.8908579080015308,-1.551487467362354,-0.26648221976385567,-0.7827903471306716,0.0,0.0,0.0,3.5641610695546126,1.0,28.130271911621094,-18.655405044555664,1.4299999475479126
14.460105180740356,0.08602561293569415,0.9374958810596012,0.2456680550004353,0.20948120440702359,-0.129870338217654,0.9295694949691768,0.23284810393316488,0.23783426109533662,-0.1584840016112504,0.4741535250000768,0.4741535250000767,-0.1586771399099501,0.4305361701559053,0.5421423779212299,-0.21635134204208087,-0.01572956615819117,-0.06552912234932781,0.9077130756214836,-0.18474563687737117,1.0008304329761555,-3.99492460120561,0.0,0.0,0.0,3.9870929234564856,1.0,28.141403198242188,-18.64632797241211,1.440000057220459
14.480103015899658,0.09069830224752841,0.937675252702354,0.24508319427118908,0.20699056037964092,-0.13361981989633537,0.9446175137578318,0.21839035450799163,0.22299234734960255,-0.10137957774305612,0.47088573019204316,0.47088573019204294,-0.1681268244555481,0.4280625480566951,0.48427358723640124,-0.10656277701811114,-0.18018586624805139,-0.08726519903136043,0.8328936815125695,0.3623621629479616,0.5337137570304571,-2.5194660099398583,0.0,0.0,0.0,3.8407714236214,1.0,28.141403198242188,-18.637248992919922,1.440000057220459
14.500121831893921,0.12835594847936127,0.9378858241597523,0.24437884494700143,0.20443719399856417,-0.13731203404124964,0.9530292517219306,0.18649401939777735,0.18530022022720438,-0.15039632467233996,0.46742590374542003,0.4674259037454201,-0.1775190820947922,0.33472266459220595,0.421674765813985,-0.24075427919600303,0.05712270926252119,-0.05223569928809857,0.8475945640292875,-1.4943456992257351,0.010975411389514161,-3.45107937805341,0.0,0.0,0.0,3.5764688571415295,1.0,28.141403198242188,-18.61909294128418,1.440000057220459
14.52011489868164,0.12396795054258701,0.9381268747252497,0.243555765877145,0.20182908530673505,-0.14093819975606262,0.9530292517219306,0.18649401939777735,0.18530022022720438,-0.15039632467233996,0.46378357205740717,0.4637835720574073,-0.18682825880918583,0.33472266459220595,0.421674765813985,-0.24075427919600303,0.05712270926252119,-0.05223569928809857,0.8475945640292875,-1.45647465550527,0.04557989762305206,-3.3760100016783383,0.0,0.0,0.0,3.5764688571415295,1.0,28.141403198242188,-18.61909294128418,1.440000057220459
14.540117025375366,0.11985410677919817,0.938398494981975,0.24261182030467443,0.19916375487286875,-0.14450456051265798,0.9530292517219306,0.18649401939777735,0.18530022022720438,-0.15039632467233996,0.45995408538476373,0.45995408538476384,-0.19606692566025943,0.33472266459220595,0.421674765813985,-0.24075427919600303,0.05712270926252119,-0.05223569928809857,0.8475945640292875,-1.41623532288683,0.08124786293222,-3.3024069957166553,0.0,0.0,0.0,3.5764688571415295,1.0,28.141403198242188,-18.61909294128418,1.440000057220459
14.560136556625366,0.11604750037161432,0.938700494943446,0.24154559735179665,0.19644195970399136,-0.14801236995788036,0.9530292517219306,0.18649401939777735,0.18530022022720438,-0.15039632467233996,0.45593701212730914,0.4559370121273091,-0.2052350870889826,0.33472266459220595,0.421674765813985,-0.24075427919600303,0.05712270926252119,-0.05223569928809857,0.8475945640292875,-1.3735991488418815,0.11795525446001254,-3.2302539457256794,0.0,0.0,0.0,3.5764688571415295,1.0,28.141403198242188,-18.61909294128418,1.440000057220459
14.580097913742065,0.11259972583647658,0.9390312080545161,0.24036079761948784,0.1936760983861179,-0.15144849349310235,0.9530292517219306,0.18649401939777735,0.18530022022720438,-0.15039632467233996,0.4517496809669862,0.4517496809669861,-0.21429471702827046,0.33472266459220595,0.421674765813985,-0.24075427919600303,0.05712270926252119,-0.05223569928809857,0.8475945640292875,-1.328728855957087,0.15551969326021342,-3.15982872276336,0.0,0.0,0.0,3.5764688571415295,1.0,28.141403198242188,-18.61909294128418,1.440000057220459
14.600110530853271,0.20047799852880058,0.9393919242798981,0.23905037343635982,0.1908529820610072,-0.15483174996126597,0.9050388916322513,0.2907381069401353,0.26951125445991053,-0.15407673907951802,0.4473709081593604,0.44737090815936054,-0.22329189535822708,0.5738306537745526,0.6155752710685077,-0.15020937440358992,-0.01060510519278765,0.004651617605290315,1.0069633729946559,1.4242211960429896,1.4266722641754237,-3.9412766463907762,0.0,0.0,0.0,4.463266062660398,1.0,28.152536392211914,-18.61909294128418,1.4500000476837158
14.620117664337158,0.23590237025114535,0.9397811411085862,0.23761708784704208,0.18798237452081443,-0.15815231028742846,0.9541920619126834,0.1926169527627706,0.222073089162752,-0.055675502340964876,0.4428142404057164,0.4428142404057165,-0.23219721896247753,0.3929429129269022,0.46145215875453593,-0.023120222000743602,0.021342129701375806,-0.10735438673136155,1.0089036069253368,-0.506552526068293,0.6713264718523722,-1.732721217493935,0.0,0.0,0.0,3.6854130381774843,1.0,28.163667678833008,-18.610013961791992,1.4500000476837158
14.640095949172974,0.26357234420190173,0.9401976809262536,0.23606248718246728,0.1850696604654711,-0.1614064549555487,0.9153536641794742,0.2567074493377846,0.29488417717325566,-0.09629266317093585,0.43808727911243694,0.43808727911243694,-0.24099696238720977,0.5368027398261856,0.6301732156003599,-0.03080691552034637,0.1972024249038976,-0.03814596163732922,0.9342640906620172,0.31219920253931543,1.9354253243869781,-2.1508126992755257,0.0,0.0,0.0,4.36215140132779,1.0,28.1747989654541,-18.610013961791992,1.4600000381469727
14.66009783744812,0.4169964462447536,0.9406419062277925,0.23438218220532955,0.1821090995754069,-0.16460277265176057,0.9373393028975912,0.18000174031605315,0.2983183090443243,-0.0007689054460172314,0.43317957513045025,0.43317957513045036,-0.24971074404158697,0.4187186926276961,0.5938159110657419,0.1281894675068483,0.0955531714477906,-0.00845244753815673,0.9668860442568132,-0.4105017862251572,1.6430921628119775,-0.05342567897502626,0.0,0.0,0.0,3.989621066559458,1.0,28.208194732666016,-18.610013961791992,1.4600000381469727
14.680110931396484,0.3526089254314572,0.941112822380057,0.2325766250493564,0.17910427948732555,-0.16773916090710675,0.9300283911472267,0.20480809995661814,0.30178389403289896,-0.04502571659175595,0.428095677647991,0.428095677647991,-0.2583294229837316,0.4491550115433984,0.6184567384712781,0.048947434101508584,0.23088821182923752,0.10096021403690647,0.9614010973950651,-0.5435259830138354,1.4673234985444221,-0.9029288871403347,0.0,0.0,0.0,4.091336737534633,1.0,28.219327926635742,-18.61909294128418,1.4700000286102295
14.700116872787476,0.36065905979616913,0.941609147192235,0.23064726137173788,0.17605978774256145,-0.1708127802176219,0.9300283911472267,0.20480809995661814,0.30178389403289896,-0.04502571659175595,0.4228422319361643,0.4228422319361644,-0.266841613867184,0.4491550115433984,0.6184567384712781,0.048947434101508584,0.23088821182923752,0.10096021403690647,0.9614010973950651,-0.48431271170294365,1.5126209681572367,-0.8453790565809696,0.0,0.0,0.0,4.091336737534633,1.0,28.219327926635742,-18.61909294128418,1.4700000286102295
14.720107793807983,0.368715748889241,0.9421297198019488,0.22859497925337474,0.17297870421642825,-0.17382259465804845,0.9300283911472267,0.20480809995661814,0.30178389403289896,-0.04502571659175595,0.41742368873526997,0.41742368873527,-0.27524073841392166,0.4491550115433984,0.6184567384712781,0.048947434101508584,0.23088821182923752,0.10096021403690647,0.9614010973950651,-0.4230659189109829,1.5588960828430904,-0.7896298785739209,0.0,0.0,0.0,4.091336737534633,1.0,28.219327926635742,-18.61909294128418,1.4700000286102295
14.74010419845581,0.24728980097533987,0.9426740691097734,0.22641778224510037,0.1698596826923434,-0.17677181762625283,0.9359984432141751,0.2974645765592605,0.17221412827324473,-0.07592123560735123,0.41183677839286,0.4118367783928601,-0.2835321286256474,0.6072934525948953,0.3763754708683661,-0.0426677684097203,0.21046498019664642,0.07659099720040408,0.8964037611914436,0.8787820510058258,-0.9471648206743164,-1.9385296765893307,0.0,0.0,0.0,3.927150571499586,1.0,28.24159049987793,-18.61909294128418,1.4700000286102295
14.760095596313477,0.11341013312801175,0.94324086090537,0.2241169264351035,0.16670611344824227,-0.17965899182273332,0.9576189675179957,0.21569487215590782,0.12953166673092367,-0.14022547018756382,0.40608665857525783,0.4060866585752579,-0.29170811734880187,0.40727640480060084,0.3136953922929465,-0.22550453464689452,0.11982041529474524,0.20608989221518406,0.8779448780054285,-0.7047080067450472,-1.7200795145401244,-2.8547585074225976,0.0,0.0,0.0,3.414770262767609,1.0,28.274986267089844,-18.637248992919922,1.4800000190734863
14.780123472213745,0.31524984751280366,0.9438302111548994,0.2216875635049043,0.16351309821077067,-0.18249006387217873,0.9199283024910956,0.3427796937716429,0.1703424378802466,-0.08495559823039424,0.40016331399902744,0.40016331399902744,-0.29978212443258895,0.7051481704161272,0.3807832879111941,-0.04258867696810477,0.4003404420005041,0.09933122255691577,0.7234614795488253,1.1343105533090947,-1.0646504180599807,-1.5056870232821407,0.0,0.0,0.0,4.21736499181485,1.0,28.297250747680664,-18.637248992919922,1.4800000190734863
14.800087690353394,0.08761736360494246,0.9444379626341718,0.21914241366272771,0.16029835853449872,-0.1852511093641124,0.9413141361532382,0.24038746035875377,0.1808561329600163,-0.1530771869061504,0.3940990519340115,0.3940990519340116,-0.30771080134553885,0.45154665267521,0.4269324433636546,-0.22292222186864036,0.1501039030582967,0.29087869142691924,0.8173959947332654,-0.006116232861789195,-0.9849158185356266,-2.65144166593559,0.0,0.0,0.0,3.62495173571938,1.0,28.341777801513672,-18.64632797241211,1.4900000095367432
14.820082902908325,0.19867654788645,0.9450657235234199,0.21647013833108603,0.15704838637563678,-0.1879554781560886,0.9502646056927083,0.2666852237389254,0.1125207061800301,-0.11495764997488452,0.3878679395783981,0.38786793957839805,-0.315528859927596,0.5239280918589578,0.27876018153280735,-0.16558357429906684,0.3212630730839153,0.14863903248890298,0.6746166363854427,-0.2965298326789696,-1.9573183441407656,-1.6496706962779224,0.0,0.0,0.0,3.5670754487843976,1.0,28.364042282104492,-18.673561096191406,1.4900000095367432
14.840125322341919,0.20261947737257363,0.9457128323267843,0.213668380371359,0.15376199521903783,-0.1906051175288658,0.9502646056927083,0.2666852237389254,0.1125207061800301,-0.11495764997488452,0.3814665008116718,0.381466500811672,-0.3232387797874802,0.5239280918589578,0.27876018153280735,-0.16558357429906684,0.3212630730839153,0.14863903248890298,0.6746166363854427,-0.226311415149705,-1.9139773210147215,-1.5895778046138345,0.0,0.0,0.0,3.5670754487843976,1.0,28.364042282104492,-18.673561096191406,1.4900000095367432
14.86010456085205,0.020972040250578337,0.9463743749683511,0.21075335622697985,0.15045890298265022,-0.19318561995030636,0.9490447768095431,0.20332418813198413,0.14355823069935955,-0.19329852697178984,0.37493273331666266,0.3749327333166627,-0.3307951714999733,0.36066124351060896,0.35873592690951034,-0.3357690996772225,0.35320368055152085,0.28266322766533647,0.6588458439539635,-1.5916881018591869,-1.2401209341142105,-2.6339338645950154,0.0,0.0,0.0,3.3892940418981805,1.0,28.364042282104492,-18.673561096191406,1.4900000095367432
14.880114078521729,0.290784653488429,0.947052027935295,0.2077124782448352,0.14712527046386434,-0.19570931903199987,0.9084042680407467,0.30372817817984293,0.2411086730857479,-0.15626095912843524,0.36823906773977216,0.3682390677397722,-0.3382306742300939,0.5981409710848299,0.5621067922628872,-0.16314768815777272,0.16080582383124917,0.3325020932970462,0.7283167164754738,1.8199119780948174,0.02415463328576073,-2.2094446234003686,0.0,0.0,0.0,4.234242693872461,1.0,28.419700622558594,-18.682640075683594,1.5
14.901133060455322,0.29950787343216556,0.9477785925506944,0.20438825050701362,0.14359758653655344,-0.19829502186939607,0.899419779807707,0.2579033326078991,0.2719529611006373,-0.22488111896953525,0.36104898619945597,0.361048986199456,-0.3458954026354578,0.4435180723980905,0.6500107012938586,-0.3383594372537272,0.4923946410715623,0.2544846251077558,0.7389603451389182,-0.3247994692026359,1.4504374305069798,-3.28058841463771,0.0,0.0,0.0,4.120521784439637,1.0,28.441965103149414,-18.69171714782715,1.5
14.920259952545166,0.08424602551124975,0.9484514565773972,0.2012484951331777,0.14036582766261027,-0.20058991038293836,0.9408081450250022,0.21069771221750008,0.18028941211905386,-0.19489031838111395,0.35436744483671073,0.3543674448367107,-0.3527374576649059,0.3679104031188607,0.4349459486480225,-0.32634635639981646,0.30581285952569665,0.3462238818540888,0.5359587539897013,-0.8370789414657049,-0.6669757342110285,-1.9322184305171959,0.0,0.0,0.0,3.494632466070162,1.0,28.486492156982422,-18.728029251098633,1.5099999904632568
14.94008207321167,0.2837305679114063,0.9491590981352054,0.19788026093630434,0.1369962198247771,-0.20290994187733852,0.9705765313064356,0.15458626266340547,0.16930431770633128,-0.07362290593912882,0.34730628213437287,0.34730628213437287,-0.3596920160220406,0.2982938199738863,0.35907435533585674,-0.09689037326276231,0.35198802277914637,0.244012194150582,0.6550629905032368,-1.8292222943302334,-0.7573918179829529,0.1674285478923787,0.0,0.0,0.0,3.3109771555741183,1.0,28.542152404785156,-18.73710823059082,1.5099999904632568
14.960129022598267,0.23123157673029607,0.9498839422845172,0.19435660854609743,0.13356864469183605,-0.2051960576123941,0.9434397981694714,0.2349976819452224,0.2004746425765588,-0.12044647937619418,0.34002625204108716,0.3400262520410871,-0.3665817070216291,0.45424458079185415,0.4499058993909227,-0.14829150717158346,0.43653524196949045,0.3034344414185596,0.5873587861728895,-0.4480310015979603,-0.42168496590365423,-0.6143311394439035,0.0,0.0,0.0,3.6543699783623067,1.0,28.57554817199707,-18.764341354370117,1.5199999809265137
14.98008131980896,0.10510855067138644,0.9506129705700833,0.19073384423422135,0.13013885668940206,-0.20741132762492254,0.9408164858791442,0.17230032327788505,0.16499908429273985,-0.24073271626206422,0.3326449111594721,0.3326449111594721,-0.3732925971402424,0.2694844946421464,0.4043533788460304,-0.4454427514002331,0.5502789224927016,0.2973667912608043,0.5505217489726104,-2.4563281751970027,-0.2976206562761713,-2.695281067250364,0.0,0.0,0.0,3.3368253920735045,1.0,28.57554817199707,-18.764341354370117,1.5199999809265137
