# simulator=gazebo,# scenario=sine
t,alpha_err,q_ref0,q_ref1,q_ref2,q_ref3,q_m0,q_m1,q_m2,q_m3,phi_ref,theta_ref,psi_ref,phi,theta,psi,p,q,r,tau_x,tau_y,tau_z,sat_x,sat_y,sat_z,thrust,desat,x,y,z
4.76837158203125e-07,0.3847025145441277,0.9689124217106416,8.601051121427087e-08,1.4499621164382573e-07,0.2474039592544781,0.9966165184781225,0.014701220911440391,-0.04895872773777194,0.06436172914518094,2.3841857910155345e-07,2.3841857910155347e-07,0.49999999999994305,0.023117541041679266,-0.0996433535191016,0.12782859938877508,-0.004082756838485774,0.03515112661236727,0.07047149055752755,0.5434650723640294,-1.0165990912157965,-3.966005962649033,0.0,0.0,0.0,1.7520244842895714,1.0,0.0,-0.009078041650354862,2.180000066757202
0.09748196601867676,0.3995246266295501,0.9687774500556544,0.017583852667368297,0.029562774102259215,0.24553432097451322,0.9966165184781225,0.014701220911440391,-0.04895872773777194,0.06436172914518094,0.048663824249128504,0.04866382424912852,0.4976261972700491,0.023117541041679266,-0.0996433535191016,0.12782859938877508,-0.004082756838485774,0.03515112661236727,0.07047149055752755,0.22916327757244156,-1.6289031721861815,-3.9548231666745743,0.0,0.0,0.0,1.7509388099750165,1.0,0.0,-0.009078041650354862,2.180000066757202
0.0980679988861084,0.399627158380954,0.9687758183699168,0.017689564927798884,0.029739534279891712,0.24551181872809802,0.9966165184781225,0.014701220911440391,-0.04895872773777194,0.06436172914518094,0.04895544118331305,0.04895544118331305,0.49759759322021163,0.023117541041679266,-0.0996433535191016,0.12782859938877508,-0.004082756838485774,0.03515112661236727,0.07047149055752755,0.22726120430439029,-1.6325675094251535,-3.9545322273912134,0.0,0.0,0.0,1.7498531356604614,1.0,0.0,-0.009078041650354862,2.180000066757202
0.09855461120605469,0.3997124106778906,0.9687744559958371,0.01777734312157927,0.029886293950526402,0.24549303231540065,0.9966165184781225,0.014701220911440391,-0.04895872773777194,0.06436172914518094,0.04919757249687634,0.04919757249687635,0.49757371198689204,0.023117541041679266,-0.0996433535191016,0.12782859938877508,-0.004082756838485774,0.03515112661236727,0.07047149055752755,0.2256816987215981,-1.6356099524538625,-3.9542886252024907,0.0,0.0,0.0,1.7487674613459065,1.0,0.0,-0.009078041650354862,2.180000066757202
0.09914374351501465,0.399815763592281,0.968772797482676,0.017883614554057042,0.030063957080290034,0.24547016452666146,0.9966165184781225,0.014701220911440391,-0.04895872773777194,0.06436172914518094,0.04949070069207045,0.04949070069207044,0.4975446417609257,0.023117541041679266,-0.0996433535191016,0.12782859938877508,-0.004082756838485774,0.03515112661236727,0.07047149055752755,0.22376927634511887,-1.6392930886282557,-3.953991247358966,0.0,0.0,0.0,1.7476817870313517,1.0,0.0,-0.009078041650354862,2.180000066757202
0.10049915313720703,0.5162068833558577,0.9687689438547442,0.018128112116343298,0.030472637338772562,0.24541703964329867,0.9967391162108873,0.034559111606950015,0.07263382030342795,-0.006413280611892413,0.050165031819948316,0.05016503181994831,0.4974771045812094,0.06874364972034186,0.1457527247316879,-0.007847704682882492,-0.04431826529959615,0.06793984878166243,0.09930715762136261,0.12506883862875892,0.7000361110147524,-4.0,0.0,0.0,1.0,1.7597964204847776,1.0,0.0,-0.009078041650354862,2.180000066757202
0.12010908126831055,0.41573095036585567,0.9687072639939576,0.021665499010455374,0.03637415571680132,0.24456852543583493,0.9986029295746488,0.012142788846101073,0.03294152087211671,0.03949174504374123,0.05991025170084101,0.059910251700841,0.4963977857939557,0.026913347731101527,0.0648774214494862,0.07992618852231442,-0.06772242418336305,0.06269070938683102,-0.006430572619311153,-0.05895836974119939,-0.2967330836307426,-4.0,0.0,0.0,1.0,1.7399192626688593,1.0,0.0,-0.009078041650354862,2.180000066757202
0.14019775390625,0.4483234107752183,0.9686325310986744,0.025289269761009127,0.04239521933747103,0.24354489916575509,0.9956588892882101,0.008296291794811948,0.08867769927832109,0.02703356015264201,0.06986946549785679,0.06986946549785678,0.4950941908274059,0.021655333738043996,0.17706062895638083,0.056211769313789885,0.0053864451144100545,-0.046301402872382755,0.0023163097689245654,-0.7734324952188459,1.0856413687016775,-4.0,0.0,0.0,1.0,1.7504203117635986,1.0,0.0,-0.009078041650354862,2.190000057220459
0.16016316413879395,0.45911789138187775,0.9685465928453115,0.02889079287252066,0.048350748109642454,0.24237372945963678,0.9963953013666996,0.03949739980963306,0.07321066847343564,0.01662999832574081,0.07973964229114487,0.07973964229114487,0.49360063760825945,0.08209886297544541,0.14508834674077542,0.039346823333981464,-0.10361134934000045,-0.08669997009048817,0.059164826018226785,0.26500843429806287,0.9832831510535718,-4.0,0.0,0.0,1.0,1.7456691993403988,1.0,0.0,-0.009078041650354862,2.190000057220459
0.1801159381866455,0.44060058078924225,0.9684489965469586,0.03248996867232766,0.054270068809831484,0.24105124487178292,0.9971528649841713,0.04927714324997706,-0.0367263807437534,0.043693248499568765,0.08957181863801277,0.08957181863801275,0.49191146490591053,0.09549653413881362,-0.07762772995201592,0.08386871685731255,-0.110805559986452,-0.09881164976791199,-0.08933585519972059,0.9742044397217484,-1.1892425354385954,-3.681011972828234,0.0,0.0,0.0,1.7343813394418726,1.0,0.0,-0.009078041650354862,2.190000057220459
0.20007944107055664,0.7404218141651002,0.9683395247543394,0.03609093544149159,0.06015619977560711,0.23957721261851128,0.9898181025026923,-0.07515966973241718,-0.09542500676982053,-0.07419714338614027,0.09937359385312512,0.09937359385312512,0.49002539612219503,-0.13784222694966797,-0.20141922358249464,-0.13568987139307206,-0.22650129098884247,-0.2509494800983099,-0.15359548299093748,-0.8961008590431538,-2.341726101301962,-4.0,0.0,0.0,1.0,1.7747831910419376,1.0,0.0,-0.009078041650354862,2.190000057220459
0.22010588645935059,0.6636219390958812,0.9682177117138006,0.03970301008373249,0.06602043714166284,0.23794838850811043,0.9934086503875743,0.08148030999952197,-0.03449955329421658,-0.07286970042493321,0.10916647809144307,0.10916647809144307,0.4879371681488412,0.16797185888208585,-0.05669979328872696,-0.15121859600020734,-0.19482537744323242,-0.2690180564660064,-0.20104756116991349,1.6362532951336441,-0.4580697140214629,-4.0,0.0,0.0,1.0,1.7524449713157684,1.0,0.0,-0.009078041650354862,2.190000057220459
0.24012160301208496,0.45461150575569165,0.9680838372911909,0.04331277724570369,0.07183719459171449,0.2361717696423924,0.9947298909194366,0.008688565345631694,0.10097589976135538,0.01551839589084482,0.11891037114642442,0.11891037114642442,0.48565453115750873,0.020844781236390133,0.20198852776264115,0.03331116071658265,-0.28266613694553167,-0.28848025558411006,-0.36194314106995307,-0.01745772056172412,1.7074086384090332,-2.875319954078653,0.0,0.0,0.0,1.7652453570212774,1.0,0.0,-0.009078041650354862,2.190000057220459
0.26016712188720703,0.48960486766496697,0.9679374854865666,0.04692739059700021,0.07761437308905898,0.23424528445988324,0.9955132059848006,-0.017033332302890287,0.09307426851151364,0.0007091132276859779,0.12862102660911628,0.12862102660911626,0.48317350042610674,-0.034384179917040555,0.18641528523802503,-0.0017898774149878332,-0.27212544735587685,-0.3880539898738457,-0.4786461633799789,-0.6105223910804218,1.7282296682582452,-2.621778004153524,0.0,0.0,0.0,1.778220311890208,1.0,0.0,-0.009078041650354862,2.180000066757202
0.280132532119751,0.35836622089529263,0.9677793738193958,0.05052684807760535,0.08331674464104566,0.23218191422998327,0.9896578145317684,0.11193269548320782,-0.0030507702826560383,0.08966144443823093,0.13824150842555882,0.13824150842555882,0.4805094019353067,0.2229201286386338,-0.02611349937756597,0.1777806388346109,-0.24746580789018688,-0.3641092741576027,-0.5174046214492074,2.3198731766708436,0.1774550436602007,-0.9801447715956475,0.0,0.0,0.0,1.7901913440352755,1.0,0.0,-0.009078041650354862,2.180000066757202
0.3000986576080322,0.5413007186539799,0.9676088023025005,0.05412550851757121,0.08896404129507128,0.22997616048382888,0.9901558680695343,0.07027013083142382,0.11521541575201234,-0.03713318749437808,0.14780722821793643,0.14780722821793643,0.47765366457981956,0.1347161441468317,0.2355534088622382,-0.05900559017553514,-0.3325016893528764,-0.3939587178221249,-0.5676782179147305,1.0220265552445054,2.407144680256756,-3.002448443355663,0.0,0.0,0.0,1.8182700645847578,1.0,0.0,-0.009078041650354862,2.180000066757202
0.3201155662536621,0.585032599380558,0.9674251599003835,0.057732140596186664,0.09456660365607639,0.22762407035912072,0.9915137198606621,0.07288407139185984,0.08773543604893651,-0.062377469704387754,0.15733812904818933,0.15733812904818925,0.47459952923239956,0.13630388966993537,0.1841128252515486,-0.11305454055783944,-0.2527011327654529,-0.5339033595627344,-0.558643472599465,0.7587675794542554,2.3617081808212386,-3.5227294475512543,0.0,0.0,0.0,1.8070763247139976,1.0,0.0,-0.009078041650354862,2.180000066757202
0.3408999443054199,0.37725762440098226,0.967220941945425,0.06147549299571844,0.10031755660055292,0.22503511072904397,0.9916856964694374,-0.004265222610848888,-0.040852599855539996,0.12195225450581057,0.1671676918366968,0.16716769183669677,0.47122708199549745,-0.01848392505137736,-0.08007110449991178,0.24546115466347396,-0.3072168466734366,-0.5746453990005648,-0.6985402691519441,0.3556162228433306,-0.6504959221762783,0.6483034157371965,0.0,0.0,0.0,1.7753533123484393,1.0,0.0,-0.009078041650354862,2.180000066757202
0.36012935638427734,0.48809905401108744,0.9670195950025658,0.06493705809867656,0.10557466120591658,0.22250903864297014,0.9924112869286317,-0.05947697737608449,-0.05595328567447598,0.0919323477405652,0.17619764727830223,0.1761976472783023,0.46792562346337796,-0.12934759526417847,-0.10028966280774572,0.1912440170280202,-0.4420750502710885,-0.5614408928907951,-0.6935206516037347,-0.2277764729225884,-1.3159442346394523,0.1885970116183504,0.0,0.0,0.0,1.7921843971784437,1.0,0.0,-0.009078041650354862,2.180000066757202
0.38013124465942383,0.5306122772390707,0.9667973807546983,0.0685355543231349,0.11097477335259187,0.21975054502507257,0.9923040974580433,-0.01435814190324349,0.11926985621469374,-0.03001871628818919,0.1855211742459328,0.18552117424593284,0.46430797312388494,-0.03669917816957314,0.2380848236101718,-0.06487461049369644,-0.38579524587877234,-0.6156000525964105,-0.7236451244788974,-0.6854282465973847,2.5442242530095553,-1.851694807581731,0.0,0.0,0.0,1.8317833195719782,1.0,0.0,-0.009078041650354862,2.180000066757202
0.40127086639404297,0.37501673790998274,0.9665482302887561,0.0723359351513267,0.11660287186108849,0.2166928731758463,0.9954263454355962,0.07043490557694579,0.013489309370339991,0.06311381324093042,0.195294286491345,0.19529428649134506,0.46028267582414656,0.14243224948406047,0.017965363289531442,0.1279197105872549,-0.32098967657277744,-0.5746219348479101,-0.956564243531652,1.294155755050734,0.4518045964982438,0.5875289582413514,0.0,0.0,0.0,1.8093725679578663,1.0,0.0,-0.009078041650354862,2.180000066757202
0.42011404037475586,0.37637169269743065,0.9663136542647142,0.07572061939045815,0.12154795504853583,0.2138466834071054,0.9907016322143981,0.046524285702965955,0.1243170316635912,0.029850333430466967,0.20393228970638927,0.20393228970638927,0.45652121661003814,0.10287881605735712,0.2460188689124179,0.07297311116346165,-0.4539055328299926,-0.70053072725631,-0.8770879724950053,0.7553015989398033,2.9501282321127897,-0.07674896333556447,0.0,0.0,0.0,1.8691553687360665,1.0,0.0,-0.009078041650354862,2.180000066757202
0.44010090827941895,0.29435716886759394,0.9660518726109217,0.07930732072451976,0.1267163665057656,0.2107061716324557,0.9873305159644876,0.008413307991618777,0.011075634804564685,0.15806643795446515,0.21301537991546074,0.2130153799154607,0.4523543388975859,0.020119873948202836,0.01921208305589132,0.3176885878632848,-0.4630960639282074,-0.5582235721262702,-0.9572326632345948,0.802805338222518,-0.27059346255365346,2.718451059553503,0.0,0.0,0.0,1.8170409269813173,1.0,0.0,-0.009078041650354862,2.180000066757202
0.4600958824157715,0.40217813936945934,0.9657765370671526,0.0828914274527919,0.13180476789976178,0.20744202771932974,0.9881952087936005,0.048203699413047627,0.14496909827047247,0.011427739361537943,0.2220170103014022,0.2220170103014022,0.44800496329485806,0.10304350041513044,0.28943817855167386,0.038157841330503726,-0.40743189337200286,-0.6410149870874994,-1.1097266364270078,0.351220318814905,2.940282450275734,0.6730394003391935,0.0,0.0,0.0,1.931833130156901,1.0,0.0,-0.009078041650354862,2.1700000762939453
0.48007702827453613,0.42235541823834816,0.9654878778404254,0.0864684255880287,0.1368046690679219,0.20406090179340064,0.9786480007088578,0.1347656149277787,0.15519762223760625,0.00013339222824970947,0.23092374892994463,0.23092374892994474,0.44347967504739144,0.28056539171527656,0.30860699142442893,0.044193190925146515,-0.4343775504908425,-0.5738432089601962,-1.1711216310462178,2.014328155282541,3.164306151161786,0.5926489984724066,0.0,0.0,0.0,2.0266645520668205,1.0,0.011131884530186653,-0.009078041650354862,2.1700000762939453
0.500147819519043,0.3518007740183981,0.9651842608806547,0.09005617665340429,0.14173860815905448,0.2005477363421711,0.9933138306172148,0.014565668992055686,0.10340938058800019,0.049213567212456316,0.23977762859903975,0.23977762859903973,0.4387558419251202,0.03996572735492195,0.20544444530961228,0.10312911769659663,-0.37800356710473265,-0.6476183936825408,-1.3099450306785352,-0.2711566519058275,1.7406198346535517,2.3506092443864306,0.0,0.0,0.0,1.9112014103156896,1.0,0.011131884530186653,-0.009078041650354862,2.1700000762939453
0.5201101303100586,0.33781907698999336,0.9648686585949456,0.09361859267730646,0.1465552517514174,0.1969405721287251,0.9843083489129332,0.06187624294425931,0.1619023608009688,0.03310634963978151,0.24848785401281237,0.2484878540128124,0.43388222642568247,0.14007884883451419,0.3200633539769658,0.0898893791879106,-0.32730191051703433,-0.654032526494432,-1.283995324019014,0.11960066174143869,3.037040678739487,2.019617547858253,0.0,0.0,0.0,1.987934866331846,1.0,0.011131884530186653,-0.009078041650354862,2.1700000762939453
0.5401191711425781,0.19505785965981046,0.96453865619578,0.09718267089457633,0.15128981474263262,0.19321516797854027,0.9750933777354482,0.04118383808027255,0.07311762068268045,0.20530613659400446,0.2571191010628051,0.25711910106280517,0.4288237025499582,0.11145168197531265,0.12601568185786857,0.42207715052432593,-0.3615587842780637,-0.6685583768696639,-1.3365072306991332,0.6841255176607164,0.8943978796900618,4.0,0.0,0.0,1.0,1.9220830773471493,1.0,0.011131884530186653,-0.009078041650354862,2.1600000858306885
0.5601160526275635,0.21656080385575618,0.9641951870973836,0.1007371274821709,0.15592557011200087,0.18938555623418027,0.9823114935241536,0.11018536872501938,0.06309722981622748,0.13763013405063707,0.2656422602627241,0.26564226026272414,0.42359672987702723,0.23708761014926133,0.09376997045964937,0.28958088348681127,-0.4929599112862448,-0.7818849539208858,-1.194760408930323,2.3077459894194683,1.4210121884489053,3.495886065765517,0.0,0.0,0.0,1.973535857190811,1.0,0.022263769060373306,-0.009078041650354862,2.1600000858306885
0.5801279544830322,0.36094596322818967,0.9638378026695124,0.10428596452410478,0.1604663480346416,0.18544993636264284,0.9690915713809943,0.01565416940939781,0.015662118057892846,0.24570545642365732,0.27406548072565373,0.2740654807256537,0.41819626047421377,0.038056140555140575,0.022665364074241065,0.4970504723741406,-0.5004039851886366,-0.5949030898479925,-1.1479573072079465,1.0125829307519782,-0.8830158347637118,4.0,0.0,0.0,1.0,1.938967825326279,1.0,0.022263769060373306,-0.018156083300709724,2.1500000953674316
0.6001009941101074,0.3089723100813596,0.9634675359290651,0.10781876715767645,0.16489776169344558,0.18142256984142294,0.975535799032064,0.138337198252698,0.01450989056847312,0.1702415562139782,0.2823629122756191,0.2823629122756191,0.4126392925682563,0.27848017271119674,-0.018792750591654327,0.34290815089092436,-0.3385389972042031,-0.6283132999739343,-1.0555489862187235,2.425003234614517,-0.2895789180629764,3.53801484902252,0.0,0.0,0.0,2.0311524700804435,1.0,0.022263769060373306,-0.018156083300709724,2.1500000953674316
0.6201651096343994,0.27422041790327695,0.9630819986178318,0.11135755242275555,0.16924600105133644,0.17728042922112594,0.974065595516808,-0.02261389003687134,0.1670776489305694,0.1508969411078952,0.29058476589563226,0.2905847658956321,0.4068912555331961,0.006751957738944622,0.33875585715670303,0.30854042344462956,-0.3726118026489071,-0.6572963891357414,-0.96663645943669,-1.196142479233915,2.1339906583741874,3.768066423170147,0.0,0.0,0.0,2.0996143058777834,1.0,0.04452753812074661,-0.03631216660141945,2.140000104904175
0.6401021480560303,0.129092496660719,0.9626855209435715,0.11486289917647481,0.1734619493163042,0.17307239611725153,0.9617926475292026,0.0579953813271381,0.17364100866574098,0.2035687574580902,0.2986386853845159,0.29863868538451577,0.4010173756731848,0.19291941269876184,0.3156150453234967,0.4479471222898661,-0.3250158198312031,-0.7353808092967464,-0.9927811216145116,0.31238308008476223,2.6811664242404682,4.0,0.0,0.0,1.0,2.121616158009944,1.0,0.04452753812074661,-0.03631216660141945,2.140000104904175
0.6600983142852783,0.0749852014910569,0.9622746005269359,0.11836657964838715,0.1775835065028093,0.1687632786515908,0.9661698824460174,0.08314509579338906,0.18514303614794964,0.1591373855059717,0.3065972582659112,0.3065972582659111,0.39496597476722733,0.23488812172533177,0.33767709474800256,0.366706707077996,-0.2977616367062552,-0.5911966319681512,-0.9680613639629138,0.4442669194238158,2.400344457888719,3.816833800765584,0.0,0.0,0.0,2.1745716314176127,1.0,0.055659420788288116,-0.03631216660141945,2.140000104904175
0.6801028251647949,0.33296747357541484,0.9618503777635679,0.12185856149610651,0.1815977615058022,0.16436725587008888,0.9875380692174313,0.1121322554772209,0.028019217758821463,0.10681686460518806,0.3144364873685772,0.31443648736857716,0.38875402944704074,0.22957911099524672,0.031390011191345706,0.219111277415187,-0.32134624786502564,-0.6631029947877802,-0.7472958929296227,1.3315198978899776,-0.28698973930254823,1.4586702527301119,0.0,0.0,0.0,2.079175328756148,1.0,0.055659420788288116,-0.03631216660141945,2.130000114440918
0.7001287937164307,0.17393915995154483,0.9614127428779308,0.1253399786610381,0.18550530495532971,0.15988498808397877,0.9681943181598003,0.1734422932292559,0.15292343584432153,0.09556126815830768,0.32215809438105913,0.32215809438105897,0.38237960487552775,0.38806380859641093,0.26609975246578366,0.24935204651553378,-0.30515714510725844,-0.726653062513369,-0.7131573463897014,1.994091303640714,2.5700228367252493,1.3339701575362355,0.0,0.0,0.0,2.284386290440728,1.0,0.055659420788288116,-0.045390207320451736,2.130000114440918
0.7201094627380371,0.12224608259704932,0.9609634091884901,0.12879808079261063,0.18929162960508694,0.1553353132627131,0.9522901022980446,0.18873508593165678,0.18940104938382404,0.14713895098122837,0.32973348136724456,0.32973348136724445,0.3758667732926616,0.4511473069756211,0.31013681202421156,0.37831194455786815,-0.3785772595272334,-0.781148569076307,-0.7398580012875919,2.6572265290664814,3.3668531162973094,2.6022197308098685,0.0,0.0,0.0,2.379572943892107,1.0,0.055659420788288116,-0.045390207320451736,2.130000114440918
0.7401313781738281,0.24650029079593566,0.9605007016139676,0.13224663031477843,0.1929715993327216,0.150702331834758,0.9686663908774469,0.1608791754076867,0.0756356387636138,0.1734432594637921,0.33719246222968047,0.3371924622296804,0.3691899828211561,0.3461862636817392,0.09084950683629243,0.37024726815720166,-0.38675396062177525,-0.6082103025932066,-0.6438339978004465,2.5168728585302893,0.17345244426659923,2.566726693410552,0.0,0.0,0.0,2.2076045041020524,1.0,0.06679131090641022,-0.045390207320451736,2.119999885559082
0.7625167369842529,0.2928742343534134,0.959968998343592,0.1360809091567027,0.19694884953464867,0.1454395374348539,0.9631022171727378,0.14231739824655562,0.069810781021025,0.2175001891643369,0.3453717414897587,0.34537174148975863,0.36154994147466174,0.3102586282604578,0.07262554058171351,0.45557665501234673,-0.3500739393865261,-0.6293396186668601,-0.6861992639951002,2.1651683425007167,-0.11393622612115362,3.748616345188442,0.0,0.0,0.0,2.2078140181516726,1.0,0.07792319357395172,-0.054468248039484024,2.109999895095825
0.7801578044891357,0.3846968335417379,0.9595395912618403,0.1390855225412626,0.1999800009730331,0.14123381121852477,0.9790782478208684,-0.009422177312607076,0.08745419094580453,0.1834905221114235,0.3516957978955039,0.3516957978955039,0.3554012742557978,0.013857490412956874,0.175607932389225,0.37174480523942993,-0.2789823944952955,-0.592019386682283,-0.600852811286666,-1.3015427375829907,-0.4065607628447325,3.4401177859583494,0.0,0.0,0.0,2.1592292912308237,1.0,0.07792319357395172,-0.0726243332028389,2.0999999046325684
0.8001120090484619,0.4224525902895517,0.9590431951962775,0.14246473107644705,0.20329784169454243,0.136418245514928,0.9411089002989297,0.014191263221045537,0.16057918406096577,0.2971985388131048,0.35871706192747316,0.35871706192747305,0.34831317730186645,0.12814987800911554,0.29821007473619787,0.6310462873729489,-0.32613691828212904,-0.7297579860591422,-0.5344525527203432,-0.33447034750537674,1.364484001346101,4.0,0.0,0.0,1.0,2.2602537730072356,1.0,0.08905507624149323,-0.08170237392187119,2.0999999046325684
0.8200945854187012,0.32308953419417363,0.9585351281251623,0.14582678806543206,0.2065015033639673,0.13153739065763626,0.9489107446987921,0.015146841562075831,0.22114674772226028,0.22457312340915583,0.3656051773173879,0.3656051773173878,0.34107602425078404,0.14108702351024247,0.4256291752299283,0.4953121261882841,-0.2337490381004437,-0.5912562501930233,-0.2724999601160971,-1.1964479454278738,2.070405592114061,3.4813050135335617,0.0,0.0,0.0,2.408453232957563,1.0,0.12245073169469833,-0.08170237392187119,2.0899999141693115
0.8401188850402832,0.3337316966811154,0.9580154494207198,0.14917237762532512,0.20959149121167495,0.12659149748893025,0.9489107446987921,0.015146841562075831,0.22114674772226028,0.22457312340915583,0.3723612330266732,0.3723612330266731,0.3336871470986792,0.14108702351024247,0.4256291752299283,0.4953121261882841,-0.2337490381004437,-0.5912562501930233,-0.2724999601160971,-1.2243447646406116,1.9929397504671393,3.5866963734159123,0.0,0.0,0.0,2.4078543842364324,1.0,0.12245073169469833,-0.08170237392187119,2.0899999141693115
0.8601205348968506,0.3445986116978547,0.9574863106253205,0.1524892219399096,0.2125568009616972,0.121600199515473,0.9489107446987921,0.015146841562075831,0.22114674772226028,0.22457312340915583,0.37896059943639715,0.37896059943639715,0.32617305847480194,0.14108702351024247,0.4256291752299283,0.4953121261882841,-0.2337490381004437,-0.5912562501930233,-0.2724999601160971,-1.2520580807190047,1.9179135885864669,3.692817577034162,0.0,0.0,0.0,2.4072555355153016,1.0,0.12245073169469833,-0.08170237392187119,2.0899999141693115
0.8801109790802002,0.3556615857741367,0.9569479692660057,0.15577775400598098,0.21539864866856828,0.1165645641963062,0.9489107446987921,0.015146841562075831,0.22114674772226028,0.22457312340915583,0.38540479230020425,0.3854047923002043,0.3185328021916054,0.14108702351024247,0.4256291752299283,0.4953121261882841,-0.2337490381004437,-0.5912562501930233,-0.2724999601160971,-1.2795952925934695,1.845303545536925,3.799651069323221,0.0,0.0,0.0,2.4066566867941717,1.0,0.12245073169469833,-0.08170237392187119,2.0899999141693115
0.9001345634460449,0.21180452881275522,0.9563997909226102,0.15904365414406757,0.21812245691067966,0.11147712676122579,0.9421081517116741,0.17530957565216101,0.19199785760731566,0.2117441990640434,0.3917052742573407,0.3917052742573407,0.310752277737399,0.44424697285579295,0.29164058714177826,0.5084774701090219,-0.359258314503643,-0.5934504116919175,-0.38822354786764857,2.289283535602147,1.6537657021831589,3.3486078587358357,0.0,0.0,0.0,2.508783652231302,1.0,0.12245073169469833,-0.08170237392187119,2.0899999141693115
0.9201469421386719,0.2926003901240593,0.955843589795903,0.16227803336136365,0.22072141802476847,0.10635284368358681,0.9385362770462735,0.11652970983648588,0.21460208631952032,0.24395989002468008,0.39784531597810063,0.39784531597810086,0.30285162134993626,0.3519528251904947,0.35326874065195846,0.5720742474496112,-0.35040247925129187,-0.6527748782835597,-0.3098868324994379,1.2036896293555432,2.026597622543718,4.0,0.0,0.0,1.0,2.49609976269447,1.0,0.12245073169469833,-0.09985845535993576,2.0799999237060547
0.9400894641876221,0.2605396521485221,0.9552816961761863,0.16546995625042754,0.22318819910317195,0.1012106827875048,0.9694459392559661,0.13537266216751315,0.11657948280556568,0.1681012712223936,0.4038054310398947,0.40380543103989464,0.2948578875707497,0.3117304950266832,0.18151753018912523,0.37198452939896287,-0.3404713200747456,-0.6055474767143315,-0.10060125606073259,1.2543648825538394,0.03984595360426013,1.4332570903948532,0.0,0.0,0.0,2.3785505730549974,1.0,0.13358262181282043,-0.11801453679800034,2.069999933242798
0.9600939750671387,0.3701246156202628,0.9547110893751539,0.16863886787494853,0.22553882043074597,0.09602035484557564,0.9412825282388608,0.0729481488314185,0.2114293851109313,0.252909835170443,0.40962273063142346,0.4096227306314234,0.28672149997873614,0.265044922406859,0.3694804191372331,0.574785109838325,-0.2335605758538608,-0.636620583353853,0.02352834702887191,-0.11281673573223117,1.6247284600684215,3.311408903452265,0.0,0.0,0.0,2.5048340969455434,1.0,0.14471450448036194,-0.12709258496761322,2.059999942779541
0.980114221572876,0.338052381473243,0.954133777384831,0.17177553442857837,0.2277668657965777,0.090797331845898,0.9545279747422267,0.054874820925535264,0.2040818381571116,0.21027530239499806,0.4152804945328406,0.4152804945328406,0.27846384120844025,0.20630145586249826,0.3752724240942645,0.47296332586663675,-0.24982144367985878,-0.8163508492774457,0.11328521435802894,-0.6455736776268296,2.1888806949862043,2.2772546651531047,0.0,0.0,0.0,2.5040267596291024,1.0,0.17811015248298645,-0.1361706256866455,2.049999952316284
1.0001275539398193,0.2503878055514281,0.953551176180436,0.17487463540309947,0.22986957462189547,0.08555112483590692,0.9493352058903594,0.0771976270819943,0.26096967818217104,0.1571560380625337,0.42076994782507354,0.42076994782507354,0.27009748426685676,0.2621725068246702,0.4906862292140076,0.39411015066429134,-0.23146233376768527,-0.7313479543506396,0.03467330128857271,-0.6462230209468778,3.1203198694101366,1.7919312318927592,0.0,0.0,0.0,2.7065266328405198,1.0,0.18924203515052795,-0.16340474784374237,2.0399999618530273
1.02012038230896,0.2603176725589188,0.9529644940082548,0.17793236509845084,0.2318457173480024,0.0802889155329233,0.9493352058903594,0.0771976270819943,0.26096967818217104,0.1571560380625337,0.4260855098882606,0.42608550988826066,0.2616316843642241,0.2621725068246702,0.4906862292140076,0.39411015066429134,-0.23146233376768527,-0.7313479543506396,0.03467330128857271,-0.6715082427794627,3.062001891905865,1.9029076541255043,0.0,0.0,0.0,2.70624490021469,1.0,0.18924203515052795,-0.16340474784374237,2.0399999618530273
1.0400936603546143,0.37766264466846233,0.9523745506615053,0.18094718389560743,0.23369580203892254,0.07501402536812427,0.9462642789454745,0.09402020385418962,0.19744476044576922,0.23824290594166805,0.4312258181147284,0.43122581811472815,0.25306974096340185,0.2921769958106173,0.3351073544014077,0.5430545526130965,-0.27002182418439774,-0.7801895265529102,0.00010467098290269095,0.26376396909329825,1.7376946351085634,3.3929480020435623,0.0,0.0,0.0,2.5489322077020415,1.0,0.18924203515052795,-0.16340474784374237,2.0399999618530273
1.0601098537445068,0.3715381742689836,0.9517803637804213,0.18392661799007276,0.2354255329377553,0.06971339008911304,0.9277365630547907,0.1186713906907515,0.26013244827326926,0.23990222999831057,0.436204590754965,0.43620459075496504,0.2443881236973137,0.39118399771962203,0.43976816936897145,0.5945945541931568,-0.2239348007001314,-0.7311155195136871,0.16393245969777898,0.5089001324518898,2.7909552901624357,3.0155816984468817,0.0,0.0,0.0,2.784308064445146,1.0,0.20037391781806946,-0.16340474784374237,2.0299999713897705
1.080108404159546,0.29198391546527946,0.9511846265511141,0.18685971628437484,0.23702967120726462,0.06440642522541154,0.9382915177072431,0.12703933295139744,0.25541868427055975,0.1955283391414109,0.4410044478289446,0.44100444782894455,0.23561637675485922,0.38398707784960784,0.44408829878309164,0.4986112163513539,-0.19299244416836556,-0.7507152118225469,0.2232089959796428,0.2800575212457234,2.8467243511753364,1.9705024026453932,0.0,0.0,0.0,2.8233714679639603,1.0,0.22263768315315247,-0.18156082928180695,2.009999990463257
1.1000890731811523,0.4224691953016201,0.9505882814239267,0.18974468203672534,0.2385088491891671,0.05909656264747513,0.9469062799964356,0.095746583562541,0.1896144386735718,0.24134509169634952,0.44562387988772106,0.4456238798877212,0.22675836847581615,0.2913798863432425,0.3182219429580714,0.5462098103877594,-0.2953320757059482,-0.650451672582663,0.2642598842119363,0.3353788593925511,0.8870883413039587,2.6750171344528315,0.0,0.0,0.0,2.622310394529067,1.0,0.256033331155777,-0.2087949514389038,2.0
1.1201045513153076,0.4266952123102611,0.9499907146672419,0.19258716114553526,0.23986722184686288,0.05377307217738428,0.9326073789283371,0.08539960145163215,0.2594234919461198,0.2359021760535518,0.4500729942148739,0.4500729942148738,0.2177941686052638,0.31971975981416395,0.4595988525485657,0.5709052376702721,-0.1625501952790979,-0.6980770097429787,0.3809337056505241,-0.466682773187329,2.4304767589021496,2.5449208098324845,0.0,0.0,0.0,2.8278020672457154,1.0,0.26716524362564087,-0.22695103287696838,1.9900000095367432
1.140117883682251,0.2882065927734501,0.9493940169809716,0.19537986318861988,0.2411024782094517,0.04844898948782956,0.9630534335818385,0.0724415935825667,0.2293333946763622,0.12118784457058998,0.45434135869007125,0.45434135869007136,0.2087436939973517,0.21716005956458645,0.4380369195526786,0.2988770341075843,-0.16753599340346642,-0.7324321204108795,0.4888136838808537,-1.3554143092210642,2.2370332982156977,-0.04050816703213411,0.0,0.0,0.0,2.74238914395639,1.0,0.2894290089607239,-0.25418516993522644,1.9800000190734863
1.1601202487945557,0.2986539437136175,0.9487994624740359,0.19811966266480777,0.24221477855077486,0.04312980786140995,0.9630534335818385,0.0724415935825667,0.2293333946763622,0.12118784457058998,0.4584255611201493,0.45842556112014915,0.19961464102534243,0.21716005956458645,0.4380369195526786,0.2988770341075843,-0.16753599340346642,-0.7324321204108795,0.4888136838808537,-1.381953919394176,2.198534973157119,0.07145891407451388,0.0,0.0,0.0,2.7425248418001402,1.0,0.2894290089607239,-0.25418516993522644,1.9800000190734863
1.1801080703735352,0.309111935435416,0.9482081863403983,0.2008042121328351,0.24320482326171333,0.0378195410998446,0.9630534335818385,0.0724415935825667,0.2293333946763622,0.12118784457058998,0.4623235868483332,0.46232358684833336,0.19041244981274644,0.21716005956458645,0.4380369195526786,0.2988770341075843,-0.16753599340346642,-0.7324321204108795,0.4888136838808537,-1.4077618130053378,2.1625532877287834,0.18318594575212166,0.0,0.0,0.0,2.742660539643891,1.0,0.2894290089607239,-0.25418516993522644,1.9800000190734863
1.200096845626831,0.23207757475731114,0.9476207788844454,0.2034336785642094,0.2440742488218708,0.032517055744802834,0.964254318300112,0.18379015854944006,0.15847044887319092,0.1064044364389355,0.4660370871801043,0.4660370871801044,0.1811337444340064,0.41449692839743635,0.26975930363271394,0.27686120120236735,-0.26012887458010603,-0.7231636881321177,0.5011474431176755,1.0168987108791132,0.8756609663206705,-0.8674672727930912,0.0,0.0,0.0,2.768899933633292,1.0,0.3228246569633484,-0.272341251373291,1.9700000286102295
1.2201614379882812,0.32703445993074104,0.9470361390516411,0.20601559702798006,0.24482644369507756,0.027205469652012176,0.9354521240226389,0.14779794160043763,0.26741854649231916,0.17768627721954872,0.4695774107796422,0.46957741077964216,0.17174706776386953,0.4285349700781127,0.4642934529630827,0.4782197576855095,-0.21976047893362377,-0.7234604878681169,0.7635263514363584,0.5486282426452982,2.726769530256357,0.1805637673332594,0.0,0.0,0.0,3.0385428660459195,1.0,0.3450884222984314,-0.2995753586292267,1.9500000476837158
1.2401695251464844,0.23597504602309172,0.9464592190978187,0.20853085622911577,0.24545717554336666,0.02192267226803926,0.9170870055939733,0.19031475343320875,0.3404404587060776,0.08265599114602733,0.4729195234983177,0.4729195234983176,0.16231797280068566,0.5275258356698357,0.6347369659460167,0.35671940151492204,-0.17006553596819998,-0.6212891563917843,0.8196145221132853,0.7144492624633725,4.0,-1.6303831789336471,0.0,1.0,0.0,3.573174239315695,1.0,0.3896159529685974,-0.33588752150535583,1.940000057220459
1.2600998878479004,0.5061671320579235,0.945891662770951,0.2109753922171635,0.24596794157258745,0.01667686714474536,0.9508544028201531,0.1395042027341784,0.14380160676552622,0.23608384093089516,0.47606044211675747,0.47606044211675724,0.15286090229878138,0.3475714837387291,0.20912025945212995,0.5235723495012305,-0.23660349427469102,-0.6381077558544325,0.8610417667310954,0.6868115333480069,-0.3543759194967784,0.6253829951398915,0.0,0.0,0.0,2.7176817000997238,1.0,0.4007478356361389,-0.3540436029434204,1.9299999475479126
1.2801682949066162,0.2734209633074184,0.9453284699906057,0.2133733762554672,0.24636478310112814,0.011414016738085501,0.9466621757951379,0.12965726584383339,0.2710120404473487,0.11649975221124481,0.47903204971570107,0.479032049715701,0.14327698819131496,0.36018512914472495,0.5039675595085132,0.3385750771082663,-0.2064965973932336,-0.7028320249529572,0.8476223188920589,-0.25032760363644957,2.8031909133244373,-0.8863075857415295,0.0,0.0,0.0,3.0506119687108635,1.0,0.4007478356361389,-0.3540436029434204,1.9299999475479126
1.3001205921173096,0.34802481584259726,0.9447778988327064,0.21569232690259998,0.24664358910952672,0.006203381639823452,0.9373966030127622,0.13377878571686708,0.28157303038648385,0.15526581629974678,0.4817952183304919,0.4817952183304918,0.13369131457904668,0.39749736483606596,0.5079060099586171,0.43274812898439113,-0.2579780941477444,-0.6158669347768014,0.9642283157412328,0.2469243520865403,2.5066947208540857,-0.484630361584685,0.0,0.0,0.0,3.1183068686436313,1.0,0.4341434836387634,-0.38127774000167847,1.9199999570846558
1.3201494216918945,0.3590314533813172,0.9442357265840926,0.2179528080349697,0.24680857343524837,0.0009970911392386192,0.9373966030127622,0.13377878571686708,0.28157303038648385,0.15526581629974678,0.48437608604991267,0.4843760860499126,0.12401535091660056,0.39749736483606596,0.5079060099586171,0.43274812898439113,-0.2579780941477444,-0.6158669347768014,0.9642283157412328,0.23292573087864343,2.479599050873676,-0.3764184149325809,0.0,0.0,0.0,3.1189026687755725,1.0,0.4341434836387634,-0.38127774000167847,1.9199999570846558
1.3401005268096924,0.3382972754356601,0.9437072434469463,0.22013540765194498,0.246859708628917,-0.0041623574239166156,0.915011463967923,0.24608410655196206,0.27832906106295846,0.15725637372651205,0.4867537662832078,0.486753766283208,0.11432747267875806,0.6389899559817713,0.44665595803309716,0.49039160226160966,-0.1237257352710521,-0.6080413377634432,0.9682859375486245,1.9105769381891893,2.4549593841676587,-0.8184554661789405,0.0,0.0,0.0,3.502133030979534,1.0,0.47867104411125183,-0.4266679584980011,1.899999976158142
1.360123872756958,0.37175648213580725,0.9431895909285126,0.2222545440298943,0.24679872460396646,-0.009311431470202948,0.9178906886039923,0.18826510779569416,0.31067399377800164,0.1597329100429554,0.488945256951627,0.48894525695162694,0.10455876675108336,0.5436276830539223,0.5354001848942839,0.49718801217014486,-0.12933842541984408,-0.45240069387823556,1.038062833142264,0.8349339341091107,2.3943196373658147,-0.5164430793094592,0.0,0.0,0.0,3.458892591797575,1.0,0.5231985449790955,-0.4448240399360657,1.8899999856948853
1.3801002502441406,0.3807518169117271,0.9426869857753277,0.2242954587219471,0.24662712478478624,-0.01441718998028653,0.953988799974263,0.10557847349481558,0.2467930506685678,0.1336104247425024,0.4909362684890479,0.49093626848904787,0.0947711996444567,0.3028030398882799,0.4585661466029414,0.349484059655394,-0.271263147189328,-0.45209968057700645,1.0757169240504618,-0.473705118671057,1.1259732385610592,-0.9224138664244994,0.0,0.0,0.0,2.9754513695741616,1.0,0.5231985449790955,-0.4448240399360657,1.8899999856948853
1.4001290798187256,0.3941872646589304,0.942198039375061,0.226266269688802,0.2463454230719628,-0.019502880054014682,0.9215044761619353,0.25096608724078895,0.23957488980246855,0.17449755197337571,0.4927358305534048,0.492735830553405,0.08491996990606093,0.6235810083650235,0.36179407117138646,0.4920512214669336,-0.2988836759354218,-0.5585354844066834,1.1102435349616433,2.707803676359318,1.3209641328394677,-0.9456418938155862,0.0,0.0,0.0,3.36710355806621,1.0,0.5454623699188232,-0.4811362028121948,1.8799999952316284
1.4201092720031738,0.3023298252295751,0.9417263162502977,0.22815501313235242,0.24595647166619417,-0.02454076832001817,0.9186408189658222,0.1605301155335968,0.3578887563708839,0.047378959463832956,0.4943340861936389,0.49433408619363894,0.0750587185282294,0.4434641211715236,0.6975357109330476,0.2666469052542633,-0.2694558590736143,-0.3786877707532164,1.2133953997851814,0.3182024960745361,3.441517605229113,-2.6669244477785274,0.0,0.0,0.0,3.705616947642965,1.0,0.6011217832565308,-0.5265263915061951,1.8700000047683716
1.4401521682739258,0.2625447341379792,0.9412702875621947,0.22997013841272643,0.24545950766614125,-0.029556916065622562,0.9699673579768515,0.1383027540776907,0.19513320263880818,0.04425726948032568,0.49573909153177387,0.4957390915317737,0.0651364193616109,0.31193575035073506,0.3750336812306018,0.15084746181293204,-0.2494646992117293,-0.43319154857461006,1.2118846226721702,-0.5271882271353197,0.3591606410476129,-3.2224508856574188,0.0,0.0,0.0,2.9053881732738702,1.0,0.6345174312591553,-0.562838613986969,1.8600000143051147
1.4601452350616455,0.270393943520001,0.9408335925658143,0.23169940129087818,0.24485878045595677,-0.034521242370071696,0.9699673579768515,0.1383027540776907,0.19513320263880818,0.04425726948032568,0.4969422057692165,0.49694220576921655,0.05521271706070647,0.31193575035073506,0.3750336812306018,0.15084746181293204,-0.2494646992117293,-0.43319154857461006,1.2118846226721702,-0.5431003535583945,0.3538478338168347,-3.1181223582021773,0.0,0.0,0.0,2.9063366925554317,1.0,0.6345174312591553,-0.562838613986969,1.8600000143051147
1.4800949096679688,0.36742034949588254,0.9404169997473053,0.2333419748100968,0.24415642909865956,-0.039433837091922525,0.9400089780858791,0.12849660132759744,0.2996129281810089,0.10051784832555496,0.49794472283301455,0.4979447228330146,0.04528855266789108,0.3660080868258294,0.5674047390102325,0.3208749646874626,-0.19848918262616544,-0.41651892626407205,1.2510098863544687,-0.44896720307900395,2.1406698714522063,-1.6013224402361095,0.0,0.0,0.0,3.2696589477974602,1.0,0.6345174312591553,-0.562838613986969,1.8600000143051147
1.500121831893921,0.22306537341485755,0.9400190555441694,0.23490563656665783,0.24334959269383868,-0.0443225998651242,0.9573531097043263,0.13504094387643792,0.2554187411559725,0.0004832004916613444,0.49875179862418434,0.49875179862418445,0.03530783721981626,0.3012242542954663,0.5108528031558094,0.08022695927284268,-0.24528993502723354,-0.5084634181156441,1.0649720443812962,-0.7490036964209993,2.0544161180438403,-2.8594133820483325,0.0,0.0,0.0,3.112693295993387,1.0,0.6790449619293213,-0.6082288026809692,1.840000033378601
1.5201218128204346,0.4061634220667217,0.9396428963479205,0.23638000511316365,0.24244377397261524,-0.049160319237239354,0.9203293114475843,0.3260802567164643,0.1794360362016054,0.12028438627850353,0.4993581607745858,0.4993581607745858,0.02532641442887036,0.7272200462485484,0.25457668553865637,0.3572447181050359,-0.1759050957918738,-0.31356386855135154,1.1731519690827092,3.2403180411441674,-0.7254514889944481,-2.2600675771140457,0.0,0.0,0.0,3.594888494075652,1.0,0.7347043752670288,-0.6445409655570984,1.8300000429153442
1.540111780166626,0.25794653363260545,0.9392891036912111,0.23776466723761563,0.24144020857060522,-0.053949683833455706,0.9121968149887938,0.2823039543947308,0.2923340478042575,0.05236652128770937,0.49976463311772923,0.4997646331177292,0.0153398658632201,0.6836884713513586,0.5279526589006636,0.30643961030031336,-0.15617112077687723,-0.45178334937993236,0.9923048215556799,2.1585158710175785,2.3404149751048244,-1.9742749947162386,0.0,0.0,0.0,3.8907421958845045,1.0,0.7903637886047363,-0.6990092396736145,1.8200000524520874
1.560126543045044,0.3295322777275199,0.938958012873609,0.23906005347009363,0.2403388027710514,-0.05869753638694736,0.9392878955825285,0.1309545343184805,0.3145251389623621,0.040781075442925335,0.4999715391986927,0.49997153919869264,0.005334790651010466,0.34005163661661597,0.6189476798464753,0.19646010243682743,-0.05082715248364189,-0.24323968311143365,1.0222734398280697,-1.2631369817610356,2.0158134640077674,-1.3462428886722924,0.0,0.0,0.0,3.403454842238638,1.0,0.8348913192749023,-0.7443994283676147,1.809999942779541
1.580141305923462,0.2567076318324466,0.9386509682181425,0.24026253208411846,0.23914253875263114,-0.06339654327026308,0.9364038598234086,0.19171964325611457,0.2906821539380725,0.043534757142918934,0.49997816800015227,0.4999781680001525,-0.004672421557557029,0.4695612557233077,0.5558892263553771,0.2292019366459068,-0.2078909883704783,-0.25235114584750185,1.0264027850971547,0.5078504025107118,1.5354236885400776,-1.6212027827708293,0.0,0.0,0.0,3.4616765401986496,1.0,0.8905507326126099,-0.7897896766662598,1.7999999523162842
1.6001245975494385,0.2663400947953294,0.9383692454798425,0.2413686060919879,0.23785534440539563,-0.06803815303631078,0.9364038598234086,0.19171964325611457,0.2906821539380725,0.043534757142918934,0.49978497854681314,0.4997849785468131,-0.014662033247867055,0.4695612557233077,0.5558892263553771,0.2292019366459068,-0.2078909883704783,-0.25235114584750185,1.0264027850971547,0.511919436073287,1.5391317195584047,-1.5231537230547643,0.0,0.0,0.0,3.463260709600277,1.0,0.8905507326126099,-0.7897896766662598,1.7999999523162842
1.6201038360595703,0.2759074405858534,0.9381131980116549,0.2423782531351443,0.23647754932329115,-0.07262767234017517,0.9364038598234086,0.19171964325611457,0.2906821539380725,0.043534757142918934,0.49939231551591595,0.49939231551591595,-0.024643766020068496,0.4695612557233077,0.5558892263553771,0.2292019366459068,-0.2078909883704783,-0.25235114584750185,1.0264027850971547,0.5175110893726282,1.5449694887761531,-1.4262710553473434,0.0,0.0,0.0,3.4648448790019053,1.0,0.8905507326126099,-0.7897896766662598,1.7999999523162842
1.640110969543457,0.10952224971820765,0.9378832248654805,0.24329115286103542,0.23500866517469143,-0.07717123005553711,0.9274799345930528,0.2614844214054183,0.2647499825921859,-0.03625348268756759,0.49879935090251487,0.4987993509025148,-0.03462957607638213,0.5723333382168599,0.535254585665227,0.08288060528438804,-0.1585350026085312,-0.2851314043626837,0.8982688594136564,1.2642477923672928,1.5201220816444359,-2.7824062817529787,0.0,0.0,0.0,3.642859878103439,1.0,0.9462102055549622,-0.8442578911781311,1.7899999618530273
1.6601173877716064,0.23967716246512538,0.9376804244100967,0.24410407046052146,0.23345251378786563,-0.08166117969287554,0.9551751657635006,0.19665127302514782,0.21975175854893791,0.02603544009436736,0.4980067627577171,0.498006762757717,-0.044601168679519854,0.4382302516858592,0.4219750357747772,0.1498182435077684,-0.03937220782599371,-0.21514529535923324,0.7698907511283963,-0.3373685693834998,0.07367611782087835,-0.876618642667101,0.0,0.0,0.0,3.200505778908034,1.0,1.001869559288025,-0.9078041911125183,1.7799999713897705
1.6800992488861084,0.4579652617274483,0.9375056509118802,0.2448145377392913,0.2318130358933324,-0.08609130623765253,0.9014709096997096,0.25572326536736134,0.3289465020740081,0.11726043360105157,0.4970161902442505,0.49701619024425037,-0.0545427046917463,0.6894711842004053,0.5622592041602453,0.4653476524097207,0.009841160790326292,-0.33110452977562016,0.7680724390797654,1.4516504259801564,2.298295867044102,1.1035507763508758,0.0,0.0,0.0,4.085491905729556,1.0,1.0686609745025635,-0.9622724652290344,1.7599999904632568
1.7000834941864014,0.38830027994293254,0.9373592332216736,0.24542203390100667,0.2300901011515137,-0.09046678131809256,0.9108157432210465,0.2898142896190779,0.2800025286976166,0.0895597194961118,0.49582702461483574,0.49582702461483574,-0.06446364604642729,0.7080583638607291,0.47591285248884846,0.3748450384862485,-0.07801269375854758,-0.1800509507248146,0.6270311501836973,2.193322385710558,0.8140992956160378,0.8595471899504954,0.0,0.0,0.0,3.968057078495565,1.0,1.1354522705078125,-1.0167406797409058,1.75
1.7201182842254639,0.3349850295206067,0.9372414892600711,0.24592600096048864,0.22828118991144639,-0.09479710540812802,0.9019352940796853,0.2807953183012663,0.3266490909423628,0.03109800475931439,0.49443608802696987,0.4944360880269698,-0.07438383464561707,0.6973077885245357,0.6086596608364623,0.2962900760485488,-0.09824296250362037,-0.13053557006437952,0.6933991198173245,1.9815350528075955,1.8418988196416213,-0.1560282651237519,0.0,0.0,0.0,4.280917599204998,1.0,1.2022435665130615,-1.080286979675293,1.7400000095367432
1.7401645183563232,0.3434943557969702,0.937153285505529,0.24632339514886525,0.22639143803116918,-0.09907280784709804,0.9019352940796853,0.2807953183012663,0.3266490909423628,0.03109800475931439,0.49284573051222624,0.49284573051222635,-0.08427980728424836,0.6973077885245357,0.6086596608364623,0.2962900760485488,-0.09824296250362037,-0.13053557006437952,0.6933991198173245,2.0006289679350315,1.8511521566008815,-0.06574614698329206,0.0,0.0,0.0,4.283398086261641,1.0,1.2022435665130615,-1.080286979675293,1.7400000095367432
1.760108470916748,0.35206367955623213,0.9370953596454208,0.24661117467411786,0.2244340890252302,-0.10326933300978587,0.9019352940796853,0.2807953183012663,0.3266490909423628,0.03109800475931439,0.4910669552462702,0.4910669552462702,-0.09409168648269436,0.6973077885245357,0.6086596608364623,0.2962900760485488,-0.09824296250362037,-0.13053557006437952,0.6933991198173245,2.021310921129844,1.8623354912784738,0.02279005572697157,0.0,0.0,0.0,4.285878573318285,1.0,1.2022435665130615,-1.080286979675293,1.7400000095367432
1.7801096439361572,0.3665538295418966,0.9370675244000282,0.2467905412079527,0.22239574442451923,-0.10741981356785305,0.9149359589858801,0.2594323472215435,0.30438128879166737,0.054213275156845354,0.4890869149828853,0.4890869149828852,-0.10389412684326294,0.6412960317088727,0.5572443178881402,0.30780841522876135,-0.03808909534953009,-0.1327228062491639,0.6865544522865505,1.393585778461708,1.3409004084696423,0.5838926446130963,0.0,0.0,0.0,3.9656096055664336,1.0,1.2022435665130615,-1.080286979675293,1.7400000095367432
1.8001103401184082,0.17885895050376854,0.9370703026949314,0.24685909909337625,0.22028396637501843,-0.11151146649616817,0.9218142486579076,0.3059385552302337,0.23325193390404259,-0.047472378547092076,0.48691127772197296,0.48691127772197296,-0.11365477388634274,0.6560168281285879,0.47695616484966985,0.06217457689196623,0.0040800050379292685,-0.22037709121358187,0.473959330949488,1.4772911993205597,0.7438262248699373,-0.9259391953516336,0.0,0.0,0.0,3.8503868082599433,1.0,1.2690348625183105,-1.1438332796096802,1.7300000190734863
1.8201110363006592,0.2735329823760582,0.9371039423750687,0.24681549428677024,0.21810071813316279,-0.11554388653182822,0.9122487413846005,0.3248234092244988,0.24935494653237122,-0.010681633855567798,0.48454086888354425,0.4845408688835442,-0.12336995737042322,0.7237231185476816,0.48012129671493997,0.16136893186369305,0.06771490362249072,-0.23054051238956044,0.46607053904281615,1.8434992050343457,0.918450678272031,-0.14237396758728904,0.0,0.0,0.0,4.098993972693685,1.0,1.3358261585235596,-1.2073795795440674,1.7200000286102295
1.8401095867156982,0.23989597362275333,0.9371686168937634,0.24665844755075386,0.2158482599265207,-0.11951620161290064,0.9418719361685127,0.200124565938959,0.2689066019591193,-0.02273001075054799,0.48197692212826426,0.48197692212826426,-0.13303475687114646,0.4397600475287,0.5417647489223325,0.0757167171534899,0.031226800512916153,-0.16807641684107205,0.4448848913715683,-0.47566209231766243,1.2802622859666968,0.5084334170834857,0.0,0.0,0.0,3.532770884417273,1.0,1.41374933719635,-1.2890819311141968,1.7100000381469727
1.8601016998291016,0.421070554491584,0.9372644061935955,0.24638682442621257,0.21352913479451552,-0.12342720212999703,0.9594439705645693,0.16538411531490704,0.21755797305960994,0.06916567144901503,0.4792211372218561,0.4792211372218562,-0.14264326706785305,0.3877771467797297,0.4056233042617541,0.22464239302361125,0.14479715901314158,-0.14800328016340453,0.38102090921297277,-1.3744736478523762,-0.17627298462163898,2.506658321662804,0.0,0.0,0.0,3.237749537811694,1.0,1.4916725158691406,-1.352628231048584,1.7000000476837158
1.8801186084747314,0.26027022135853345,0.9373915474048848,0.24599886156817818,0.21114164554026899,-0.12728256942560245,0.9598632391810542,0.18240180540027462,0.21244459752714923,-0.0161070306730471,0.47627004749606167,0.47627004749606167,-0.15220657626429676,0.3866666704230511,0.42652696196069356,0.051185627697475096,0.15306617424541108,-0.04204522596900728,0.24262543400843445,-1.442339181247772,-0.287370957142382,1.4459737993602466,0.0,0.0,0.0,3.284612170926127,1.0,1.5695956945419312,-1.4252525568008423,1.690000057220459
1.9001071453094482,0.2663512088985466,0.9375496686365886,0.2454945064623546,0.20869416426578918,-0.1310717816222529,0.9598632391810542,0.18240180540027462,0.21244459752714923,-0.0161070306730471,0.4731327216474899,0.4731327216474898,-0.16169547831166722,0.3866666704230511,0.42652696196069356,0.051185627697475096,0.15306617424541108,-0.04204522596900728,0.24262543400843445,-1.4151917244531649,-0.2536998272121105,1.5254509216637098,0.0,0.0,0.0,3.2868180692258524,1.0,1.5695956945419312,-1.4252525568008423,1.690000057220459
1.9201016426086426,0.2723832713223417,0.9377388921322197,0.24487204318324557,0.20618460210994288,-0.1348011962211927,0.9598632391810542,0.18240180540027462,0.21244459752714923,-0.0161070306730471,0.4698053459242268,0.46980534592422674,-0.17112257870023329,0.3866666704230511,0.42652696196069356,0.051185627697475096,0.15306617424541108,-0.04204522596900728,0.24262543400843445,-1.385897526359407,-0.21852466764917738,1.6034947187781918,0.0,0.0,0.0,3.2890239675255786,1.0,1.5695956945419312,-1.4252525568008423,1.690000057220459
1.940070629119873,0.4084253287430545,0.9379587062627975,0.2441316506695035,0.20361899598846842,-0.13846482210240577,0.9225749276757154,0.21889468726330966,0.31640737208952757,0.028757496404340777,0.4662947617810746,0.4662947617810747,-0.18046937450861547,0.5401331220537104,0.6080027669105805,0.23558428044773588,0.17141663375156493,-0.0070943300520576735,0.3056560679954824,-0.09064052007059198,1.460246117853269,2.5252048268977023,0.0,0.0,0.0,3.962256571582251,1.0,1.6475188732147217,-1.5069550275802612,1.6799999475479126
1.960090160369873,0.24803553233324976,0.9382097650935227,0.24326938089983483,0.2009894588096174,-0.14207632613206456,0.9322602736397166,0.18849665017507594,0.2966590870821339,-0.08575069164485366,0.4625886527581399,0.46258865275813976,-0.18976759032935264,0.3798289662163982,0.6254404435497195,-0.05929849550673456,0.22134819805574588,-0.04681685771663499,0.25005063458763976,-1.385947464704949,1.8879388440412535,0.7254416848403507,0.0,0.0,0.0,3.742259087607051,1.0,1.7477058172225952,-1.5705013275146484,1.659999966621399
1.9801113605499268,0.2979067252532226,0.9384912615238359,0.2422860382686892,0.19830417485781673,-0.1456265152279032,0.956673671117259,0.15262295173462273,0.24503247119517083,-0.037957998561901574,0.4586968207915294,0.45869682079152946,-0.19899051885892322,0.31703648731414596,0.5011321099254256,0.0024723233593907535,0.2072391787188845,-0.002773925440272801,0.26363092488991846,-2.0369041522012137,0.555479592449384,1.6013959237358968,0.0,0.0,0.0,3.401468598238664,1.0,1.8256291151046753,-1.6522036790847778,1.649999976158142
2.0001473426818848,0.16314968648072145,0.9388030294969526,0.24118007459478158,0.1955632984571597,-0.14911753660235774,0.9198065933676738,0.30200148858883347,0.22590416493764767,-0.1082508196334214,0.45461805038229314,0.45461805038229325,-0.2081404051754555,0.6161361223360015,0.5017494581244818,-0.07156764756713327,0.20982879831187162,-0.030465316565692208,0.048579700362926595,0.6446303034347243,0.38732778232957055,0.42480663934307467,0.0,0.0,0.0,3.9856906218531387,1.0,1.9146841764450073,-1.7339060306549072,1.6399999856948853
2.0201005935668945,0.522227497247048,0.9391429414196182,0.23995682193743442,0.19278239522826232,-0.1525326433175806,0.9263524362392547,0.17043932133401649,0.3311168878286142,0.0564199274325156,0.45037475218752704,0.45037475218752715,-0.21716947896061167,0.4545562565970432,0.6363073568852193,0.27370341875236176,0.32491867294015886,-0.13970502183145264,0.16417100216184385,-1.31637065428354,2.4157348836529238,4.0,0.0,0.0,1.0,3.9717322791275516,1.0,2.014871120452881,-1.8156083822250366,1.6299999952316284
2.04012393951416,0.53005409711557,0.9395130416503973,0.23860643745676025,0.18994215827251515,-0.15589800859469338,0.9263524362392547,0.17043932133401649,0.3311168878286142,0.0564199274325156,0.4459363008046064,0.44593630080460667,-0.2261433519356769,0.4545562565970432,0.6363073568852193,0.27370341875236176,0.32491867294015886,-0.13970502183145264,0.16417100216184385,-1.2710087562891117,2.460858981264661,4.0,0.0,0.0,1.0,3.9748044158904965,1.0,2.014871120452881,-1.8156083822250366,1.6299999952316284
2.060128688812256,0.5378151270158018,0.939911200142253,0.23713392403442932,0.18705690242201503,-0.15919847102112478,0.9263524362392547,0.17043932133401649,0.3311168878286142,0.0564199274325156,0.4413234348298046,0.44132343482980463,-0.23501835219834039,0.4545562565970432,0.6363073568852193,0.27370341875236176,0.32491867294015886,-0.13970502183145264,0.16417100216184385,-1.223769132676465,2.507362007491703,4.0,0.0,0.0,1.0,3.9778765526534405,1.0,2.014871120452881,-1.8156083822250366,1.6299999952316284
2.080129623413086,0.545519440574662,0.9403369899790447,0.2355379835010743,0.18412648146465177,-0.16243657971296072,0.9263524362392547,0.17043932133401649,0.3311168878286142,0.0564199274325156,0.4365348915392402,0.4365348915392403,-0.24379763835776552,0.4545562565970432,0.6363073568852193,0.27370341875236176,0.32491867294015886,-0.13970502183145264,0.16417100216184385,-1.174612471342257,2.5552366194901777,4.0,0.0,0.0,1.0,3.980948689416386,1.0,2.014871120452881,-1.8156083822250366,1.6299999952316284
2.1001529693603516,0.4967326840016973,0.9407902636731724,0.23381602217717568,0.18114887605500624,-0.1656165216849251,0.9572112804677678,0.1465129584034821,0.242908301152935,0.05723700547819246,0.4315660652820453,0.4315660652820454,-0.2524890716387017,0.352116389510918,0.46481474178100846,0.20361148747065322,0.21703721252827118,0.05022982567513351,0.23165192480055813,-1.5756552916665585,0.14868312912677728,3.926056605826698,0.0,0.0,0.0,3.4543208331777557,1.0,2.103926181793213,-1.9063889980316162,1.6200000047683716
2.1201391220092773,0.3917600145022839,0.9412688308690822,0.23197306739280424,0.17813485697625234,-0.16872894466799299,0.9285759789233051,0.16176068087654544,0.3276812353675109,-0.06484706220796654,0.4264339252363103,0.42643392523631035,-0.26106341644809766,0.33836931770451945,0.6809523468424824,-0.0185589291354205,0.3153896237414424,-0.036602234213000004,0.35172450909676467,-1.6496893807566566,2.761877878326912,1.449844605231557,0.0,0.0,0.0,3.9864237569957455,1.0,2.192981243133545,-1.9971693754196167,1.6100000143051147
2.140103816986084,0.42968683319292145,0.9417720777601685,0.23000807248435093,0.17508406321004352,-0.17177663098684381,0.9412244787397396,0.23844839384518202,0.2369071967652762,0.03337400507246932,0.4211372368720747,0.4211372368720748,-0.26952444735079967,0.540665692853051,0.4445478819643975,0.1959843044600741,0.3325767595847785,-0.045573094236239856,0.3598009334453904,-0.23804328412524267,0.3759528662791861,2.677858867935785,0.0,0.0,0.0,3.8200293943385835,1.0,2.293168306350708,-2.078871726989746,1.590000033378601
2.16011643409729,0.4245436998168321,0.9423008595242719,0.2279139153823897,0.17198761893007297,-0.17477012401909914,0.9460078696237213,0.23063006497868455,0.22577011752363893,0.030112086797138258,0.41565937640743994,0.41565937640744,-0.27789797193318644,0.5168259917014751,0.4260433734195543,0.17786347839428834,0.3716774653051149,0.09719326307970153,0.2593219292226033,-0.5596832919859388,-0.3313425293068388,3.0726961571091325,0.0,0.0,0.0,3.7649224706014293,1.0,2.415618896484375,-2.169652223587036,1.5800000429153442
2.180091381072998,0.46249074555683883,0.9428519274856909,0.22569950775761538,0.1688605115704656,-0.17769665913192703,0.927651896680391,0.17915851527159796,0.32721373741142834,-0.01718589654904431,0.41002582730791903,0.41002582730791903,-0.28614475522094845,0.41869373482792704,0.660154486356166,0.10827761839027836,0.46403971615550965,0.0704343001165472,0.26443372196418563,-1.5603159911194,2.1965289586956462,2.786986474442994,0.0,0.0,0.0,4.133647250322309,1.0,2.415618896484375,-2.169652223587036,1.5800000429153442
2.200981855392456,0.41912704227803965,0.943451976724085,0.22325103347933584,0.1655529666356242,-0.18069188942497846,0.9515027465903846,0.11102441268053634,0.28271098993291044,-0.04889375411083193,0.40395909560278875,0.4039590956027886,-0.2946473300061907,0.22148697662998643,0.5809967008638987,-0.03621901932644554,0.38989284039989897,0.09202422611097236,0.27161689519556764,-2.8533452223488895,1.6329932969606635,2.3242328172056315,0.0,0.0,0.0,3.6875563238589564,1.0,2.504673957824707,-2.260432720184326,1.5700000524520874
2.22009015083313,0.4234650031435379,0.9440209953675889,0.22089299090176764,0.16249600330063382,-0.18337310540801494,0.9515027465903846,0.11102441268053634,0.28271098993291044,-0.04889375411083193,0.3982554840541707,0.39825548405417077,-0.3023120398210731,0.22148697662998643,0.5809967008638987,-0.03621901932644554,0.38989284039989897,0.09202422611097236,0.27161689519556764,-2.7890585305839393,1.686125353954822,2.3681551356429567,0.0,0.0,0.0,3.69072004165114,1.0,2.504673957824707,-2.260432720184326,1.5700000524520874
2.240108013153076,0.4280241971649477,0.9446365949917086,0.21830167216899332,0.15926280413957206,-0.186122117300154,0.9515027465903846,0.11102441268053634,0.28271098993291044,-0.04889375411083193,0.39212445664777235,0.39212445664777235,-0.31022316241488035,0.22148697662998643,0.5809967008638987,-0.03621901932644554,0.38989284039989897,0.09202422611097236,0.27161689519556764,-2.7196734786564107,1.742495912543653,2.412394398500742,0.0,0.0,0.0,3.6938837594433243,1.0,2.504673957824707,-2.260432720184326,1.5700000524520874
2.260120391845703,0.5085077350775067,0.9452707393629762,0.215587723100589,0.15600069125627686,-0.18880928811909586,0.9311236146191054,0.25218859021500134,0.2605795966347558,0.038833015356649715,0.38583804825286466,0.38583804825286444,-0.31800786235629486,0.5866331141799809,0.4843996321193754,0.23231862391490707,0.3198668706166506,0.1645912151734569,0.29582399480395505,0.5786425277071989,0.24313255722807292,3.403677370573329,0.0,0.0,0.0,4.090820391095779,1.0,2.504673957824707,-2.260432720184326,1.5700000524520874
2.2800991535186768,0.4996092454161482,0.9459211887778552,0.21275588478642196,0.15271594530673596,-0.19143113163460534,0.9298680155140794,0.18115796569377857,0.32003470885772056,-0.010249405639037312,0.3794080663691411,0.379408066369141,-0.32565245150931915,0.4252020264378787,0.6421188276066949,0.12128744022035517,0.3336287421508589,0.118875626023322,0.2604224361158526,-0.6700024746368004,2.0889632207271887,3.13299253911577,0.0,0.0,0.0,4.208424339815666,1.0,2.716179847717285,-2.4510715007781982,1.5399999618530273
2.3001227378845215,0.31963144038018104,0.946589165210331,0.2097956094522572,0.14939721961803462,-0.19399800342108015,0.9736813778811639,0.12573857025286583,0.17888010627256565,-0.06431402567184644,0.37281171462534757,0.37281171462534757,-0.3331837712706132,0.24055480389588302,0.37311509819524674,-0.08629563466547939,0.5146333673599832,0.20386456369717615,0.34623151595580315,-3.2616787291135307,-0.5562492857875776,1.5502049666770978,0.0,0.0,0.0,3.3977691630883924,1.0,2.716179847717285,-2.4510715007781982,1.5399999618530273
2.3201169967651367,0.39549108545270406,0.9472708226804936,0.20671849848744162,0.14605830431923733,-0.19650043923795052,0.9337454498222151,0.2531292515277773,0.2504857342174565,-0.03608204416102303,0.36607587884202786,0.3660758788420278,-0.3405707722780054,0.5471127518509971,0.5075604252202895,0.06805275511601498,0.48135524916131667,0.25451402076714735,0.24806506614663515,-0.11122156479474654,0.15425126367548225,2.289946315179637,0.0,0.0,0.0,4.147127934617089,1.0,2.8274986743927,-2.5600082874298096,1.5299999713897705
2.340059995651245,0.3984979562900874,0.9479638978293488,0.2035295452559892,0.14270449667800966,-0.1989361687777114,0.9429991548532568,0.1578859988792092,0.2850156026955232,-0.06775478967619454,0.3592115305006744,0.3592115305006743,-0.3478032149871003,0.3178511122764988,0.593099696866238,-0.04558370469829298,0.4755414881930405,0.1029847008237067,0.368123927049117,-1.8067052201721259,1.9479641511720893,1.7044162620833871,0.0,0.0,0.0,3.957803147921658,1.0,2.9610812664031982,-2.6507887840270996,1.5199999809265137
2.3601183891296387,0.39193050778280575,0.9486727673374403,0.20020252638598435,0.13930910979710254,-0.20132536071874052,0.9285235801924843,0.2119250681652333,0.2933415729951102,-0.0829605211076128,0.3521633645554475,0.3521633645554475,-0.35493797298258606,0.4371247950287484,0.6186206235250021,-0.03649944440594512,0.5480174113409659,0.3052413345650835,0.343223139088195,-0.9389753258792419,1.2365623331094264,1.3758592235884985,0.0,0.0,0.0,4.268404547195505,1.0,3.0612683296203613,-2.7506470680236816,1.5
2.3801140785217285,0.4007550973264058,0.9493896708821647,0.19676762435575842,0.13590361071796284,-0.2036466631729244,0.9285235801924843,0.2119250681652333,0.2933415729951102,-0.0829605211076128,0.3449962080597538,0.34499620805975384,-0.36190829836353716,0.4371247950287484,0.6186206235250021,-0.03649944440594512,0.5480174113409659,0.3052413345650835,0.343223139088195,-0.8528798487823601,1.2884719404611076,1.4120596322618368,0.0,0.0,0.0,4.272469163902689,1.0,3.0612683296203613,-2.7506470680236816,1.5
2.403261184692383,0.4110724573202916,0.9502303103700273,0.1926454953481066,0.131937332427926,-0.20625860148844066,0.9285235801924843,0.2119250681652333,0.2933415729951102,-0.0829605211076128,0.33652740791706004,0.33652740791706015,-0.36979630030683736,0.4371247950287484,0.6186206235250021,-0.03649944440594512,0.5480174113409659,0.3052413345650835,0.343223139088195,-0.750862225326224,1.349149305490895,1.451797000577304,0.0,0.0,0.0,4.276533780609872,1.0,3.0612683296203613,-2.7506470680236816,1.5
2.420107364654541,0.6073962554707115,0.9508480431189892,0.18954817659360365,0.1290356001798664,-0.2081088694242761,0.9233264621356372,0.14399191545095105,0.35568531331811915,-0.014917456037991555,0.33025029648162935,0.3302502964816292,-0.3754127617353944,0.34719609030034704,0.722314968426506,0.09997523592929307,0.411491449184164,0.19150187241390093,0.3115506835866004,-0.9660464114267986,3.0724381461795285,3.2899494978903654,0.0,0.0,0.0,4.47820371875665,1.0,3.0612683296203613,-2.7506470680236816,1.5
2.4402174949645996,0.5300825169333282,0.9515905090517521,0.1857447898222045,0.12555615339983944,-0.2102618093710044,0.9722562522728403,0.11640727494150187,0.20024689388176187,0.03268497740202846,0.322634428554748,0.3226344285547481,-0.38197778143650074,0.26205752913461744,0.39171389270294993,0.11948999469574009,0.4123709512855763,0.2849601562004376,0.4001236314314195,-2.121711824097701,-0.38117622440925447,3.5617102864084234,0.0,0.0,0.0,3.561766643390098,1.0,3.1837189197540283,-2.859583616256714,1.4900000095367432
2.460106611251831,0.4539116343961419,0.9523286899116143,0.1818712511957675,0.12209950058570572,-0.21233140680651916,0.910975912059873,0.25297257636846915,0.3066352717474033,-0.11001169652622249,0.3149739176427678,0.31497391764276783,-0.3883187237370443,0.5220103707803289,0.6615423633670642,-0.05743684992935569,0.565281927956694,0.34416102051753594,0.23004045016355756,0.27704506263728224,1.56499200963755,1.3506745482205336,0.0,0.0,0.0,4.676747498262395,1.0,3.3061697483062744,-2.959442138671875,1.4800000190734863
2.480135202407837,0.4113686830974555,0.9530743026037837,0.17785971457209154,0.1186042593930473,-0.2143556047843688,0.9360718503171926,0.23820772251647543,0.24949727962583929,-0.06912075980895147,0.3071337877485533,0.30713378774855343,-0.3945489024483868,0.4951122929385397,0.5236275947644093,-0.012170628118187296,0.5277286229980009,0.3417410217563003,0.33583599930863295,0.005551720733318,0.39303542140855696,1.6746178442854465,0.0,0.0,0.0,4.2360351486344605,1.0,3.4397523403167725,-3.059300661087036,1.4600000381469727
2.5001091957092285,0.40297784905910605,0.9538184888283113,0.17375012573140994,0.11510532939294957,-0.2163144639707116,0.9805080564726222,0.07831396736881147,0.17281229593357475,-0.05105667518948201,0.29919232954541736,0.29919232954541736,-0.4006044806803668,0.1454395627742056,0.3542474045997555,-0.07797120853835304,0.5979573982720559,0.35005379015252985,0.22660191165605398,-3.675053279805904,-0.5222047604823749,2.7818138937227097,0.0,0.0,0.0,3.494724238583216,1.0,3.5622029304504395,-3.1682372093200684,1.4500000476837158
2.5201144218444824,0.405808193051743,0.9545627830333488,0.169526912666884,0.11158877564616856,-0.21821655363205528,0.9686867093113055,0.14220417964932078,0.19985152903138867,-0.038514891116473604,0.29111881312034166,0.29111881312034166,-0.4065093315625161,0.2874949309561005,0.40948940311345444,-0.019381799047265426,0.7053528339176709,0.2382900863377911,0.19120394976049132,-2.604662682199993,0.21032510377756408,3.087792521204717,0.0,0.0,0.0,3.70232760583606,1.0,3.6735219955444336,-3.2771737575531006,1.440000057220459
2.5402965545654297,0.4110943562823094,0.9553108926908674,0.1651596852764821,0.10802984614778281,-0.22007482592708638,0.9686867093113055,0.14220417964932078,0.19985152903138867,-0.038514891116473604,0.282855857758564,0.2828558577585639,-0.41230154466320773,0.2874949309561005,0.40948940311345444,-0.019381799047265426,0.7053528339176709,0.2382900863377911,0.19120394976049132,-2.5077564863720347,0.2736159275515301,3.1158838790171908,0.0,0.0,0.0,3.7061471993189037,1.0,3.6735219955444336,-3.2771737575531006,1.440000057220459
2.5601706504821777,0.3901487869593053,0.9560432057245751,0.16075652602046,0.10451514038433928,-0.22184524687302387,0.9729686930193758,0.154019780177201,0.16770827347564918,-0.03851966674506622,0.27460641740052394,0.274606417400524,-0.4178412563671151,0.30967818508507194,0.3450198744238583,-0.024757444388850674,0.6946950563605991,0.31620660105697257,0.2975222121753688,-2.298422378970821,-0.6514238539805133,2.60760744541574,0.0,0.0,0.0,3.663458230178847,1.0,3.8071045875549316,-3.386110305786133,1.4199999570846558
2.5801615715026855,0.28752087724638276,0.9567737787373828,0.15622700506331474,0.10097059382739895,-0.2235665413063395,0.9719035044593635,0.10356329250317331,0.17736804329982872,-0.11497303893304915,0.2661990725930533,0.2661990725930533,-0.42324703631637905,0.17354940040451447,0.37748447440189536,-0.2022679731765238,0.5751065749307128,0.3692526421103793,0.32177594337689075,-2.7945516405603548,-0.14949005941456206,1.203591168862502,0.0,0.0,0.0,3.596229713529056,1.0,3.9406871795654297,-3.5132029056549072,1.409999966621399
2.6000871658325195,0.3108142697312637,0.9574942872382811,0.1516143186166874,0.09742933911216753,-0.2252228056317115,0.9572303011877027,0.06467099084460962,0.21760360912920024,-0.17937804415597397,0.2577133392208177,0.2577133392208177,-0.4284668421099301,0.050955716863205575,0.4553700089274407,-0.35867973379995866,0.711098484478545,0.43097607922598397,0.20549717334995315,-3.877896028309221,0.830551581881634,0.5885635578561421,0.0,0.0,0.0,3.6921863774373542,1.0,4.074269771575928,-3.6130611896514893,1.3899999856948853
2.6201014518737793,0.24575329327651504,0.9582086417034182,0.1468850752238209,0.09386481720247493,-0.2268267394575175,0.9738654978375627,0.14288906200589196,0.1359703336240439,-0.11260895370634806,0.2490868391811538,0.2490868391811537,-0.4335386332805209,0.26239272815404124,0.3015648565988329,-0.19014756383098286,0.7284333236531488,0.46844487393491496,0.19441456794630357,-2.630874980711166,-1.4136643686070833,1.6134541275592478,0.0,0.0,0.0,3.595809655117451,1.0,4.207852363586426,-3.7310757637023926,1.3799999952316284
2.6401281356811523,0.4104358437398273,0.9589124120595026,0.1420591239451894,0.0902913411298106,-0.2283717693129607,0.9641736309458212,0.07004286360073451,0.23458302279201274,-0.10214701202248806,0.24035512969203496,0.2403551296920349,-0.4384397468646348,0.09868995903751711,0.48551835010386174,-0.1866391498163892,0.6834701929191176,0.4384613215313256,0.19995888690609798,-3.2429915877244597,0.9742176008124621,2.184972351575783,0.0,0.0,0.0,3.7701992895508396,1.0,4.352566719055176,-3.840012550354004,1.3700000047683716
2.6600959300994873,0.1883509422478003,0.9596015207232964,0.1371566129655866,0.08672238515381389,-0.2298525894102103,0.9746618905669644,0.1325414929479287,0.11255503040587383,-0.1407064918683485,0.23155312197404887,0.2315531219740489,-0.44315138689173844,0.23675739501641138,0.2596115046162867,-0.2556987935337682,0.7182008385687296,0.4296365925223237,0.13846667887239403,-2.7293162122058274,-1.4722104708373607,1.305128246833963,0.0,0.0,0.0,3.5358639443366884,1.0,4.352566719055176,-3.840012550354004,1.3700000047683716
2.6800994873046875,0.28768909754600397,0.9602776674800602,0.13215720776873316,0.08314172491426763,-0.2312763008872876,0.9481009475424209,0.18441832780437642,0.19917289406754118,-0.16560384025668368,0.22264278347308267,0.22264278347308264,-0.4476943052657227,0.32123687133889167,0.45421026178654467,-0.27100365879184013,0.5307188983995841,0.3529658462235217,0.13055598571134958,-0.44107941359729175,0.42151034355772055,0.9025137817873603,0.0,0.0,0.0,3.8962539848529194,1.0,4.486149311065674,-3.9580271244049072,1.3600000143051147
2.7001094818115234,0.4565335897148179,0.9609382537463476,0.12707080715195476,0.07955522874442772,-0.23264059842618343,0.9563234039820495,0.16078657368309832,0.23419101350461027,-0.06890423726534521,0.2136404491084135,0.2136404491084135,-0.4520594634611196,0.3171497557477289,0.48938418694744634,-0.06403478832872565,0.5429103427272614,0.3958373487364547,0.07174449232108165,-0.5319248175243838,0.8229067796088088,3.1777092311804216,0.0,0.0,0.0,3.9733228369038938,1.0,4.630864143371582,-4.0760416984558105,1.340000033378601
2.7201144695281982,0.28530171476381383,0.9615813690455046,0.12190325689760009,0.0759655363350889,-0.23394466001952938,0.9535076519683796,0.1951448296389956,0.16921411080199025,-0.15526827689005457,0.20455486030124234,0.20455486030124231,-0.45624259898341285,0.3533300338108181,0.393359506504249,-0.2517296962219719,0.6877411229947101,0.38716622939009476,0.03517448865837004,-0.766891614239064,-0.27758423822600986,1.4506702609212259,0.0,0.0,0.0,3.840116038726908,1.0,4.786710262298584,-4.203134536743164,1.3300000429153442
2.740109920501709,0.2738007668262796,0.9622053931557433,0.11665885364050035,0.07237400724557952,-0.23518821468029108,0.9645823282249029,0.06641374225521039,0.1849542485432712,-0.17596042981783755,0.19539180067633105,0.19539180067633108,-0.46024128913914375,0.06820393221641712,0.3899904482611166,-0.34739902052016836,0.5447436807296511,0.32974682473383604,0.07383312677969515,-2.53616091462116,0.942230692682555,1.1910323545304402,0.0,0.0,0.0,3.5990128860374804,1.0,4.931424617767334,-4.312070846557617,1.3200000524520874
2.76010799407959,0.5302319751485723,0.9628092621216651,0.11133757601407049,0.06877895623224103,-0.23637200367143593,0.9462855103664156,0.19443811026529065,0.25030702082114337,-0.06390578592489517,0.18614940544776287,0.18614940544776287,-0.4640564608444152,0.39803430678523144,0.5219544009054838,-0.027237477141335776,0.5000466493485266,0.47864559180870925,0.12808457369531936,0.73221094906244,0.8267931908579493,3.0204946296310644,0.0,0.0,0.0,4.144856292936185,1.0,5.06500768661499,-4.439163684844971,1.309999942779541
2.7801151275634766,0.5402697970734641,0.9633917420710155,0.10594086128281466,0.06517967666432153,-0.23749630517118334,0.9462855103664156,0.19443811026529065,0.25030702082114337,-0.06390578592489517,0.17682833008249305,0.17682833008249305,-0.46768765397456974,0.39803430678523144,0.5219544009054838,-0.027237477141335776,0.5000466493485266,0.47864559180870925,0.12808457369531936,0.8468414411193463,0.8865583222258975,3.028008387839985,0.0,0.0,0.0,4.1500372486588795,1.0,5.06500768661499,-4.439163684844971,1.309999942779541
2.8000941276550293,0.5078887572976593,0.9639504210478639,0.10048214082141736,0.06158327294255429,-0.23855906109656302,0.9634636125755167,0.1517590402650882,0.21614482991984194,-0.04459230247112726,0.16744972974629618,0.1674497297462962,-0.47112693407179806,0.3073730299371401,0.4445259256723214,-0.02251179103323921,0.649061807845934,0.48013571484461803,0.03623976341835412,-0.6303577890124488,0.4253950014813923,3.8396626046038445,0.0,0.0,0.0,3.840917407287682,1.0,5.220853805541992,-4.557178020477295,1.2999999523162842
2.8201229572296143,0.3339228647841918,0.9644861279590786,0.09494338763651175,0.05797607708951599,-0.23956426403768372,0.9824069193821912,0.0702262957412522,0.14205670019238315,-0.09881703328326649,0.15798065410990322,0.15798065410990317,-0.4743860378710647,0.11520574054087342,0.29735684912291754,-0.18322431911517048,0.4961575582056663,0.4239225955946223,0.15730920584405098,-1.9293915930123258,-0.24341177300695027,2.3599198173570914,0.0,0.0,0.0,3.4663164503011195,1.0,5.387832164764404,-4.684270858764648,1.2899999618530273
2.84010648727417,0.4210158729209389,0.9649950542689296,0.0893543429445135,0.05437555009599487,-0.24050706057248675,0.9922798830195482,0.0840084608216019,0.08448803188140626,-0.03442360721806592,0.1484698343463344,0.14846983434633437,-0.4774481210447602,0.16411531318415218,0.17433707272278784,-0.05498097902898642,0.610157254118882,0.4224761667431797,0.23182732149789054,-2.223601059117502,-1.4809838819442547,3.240952184413606,0.0,0.0,0.0,3.3743593722246694,1.0,5.532546520233154,-4.811363220214844,1.2799999713897705
2.860121488571167,0.5125430048714549,0.9654779814595996,0.08369713796885891,0.05076815255190323,-0.24139107501932497,0.9491957198492494,0.09946385662329524,0.2738862654902174,-0.11883072086505114,0.1388846100670147,0.1388846100670147,-0.4803239168379327,0.14794873896538926,0.5746988763984604,-0.20529002825815584,0.5787027238709562,0.5045226876204646,0.17144461326462526,-0.7814892496407166,2.0254762417461145,1.9596781670621355,0.0,0.0,0.0,3.916480903526631,1.0,5.677260875701904,-4.929378032684326,1.2799999713897705
2.8800973892211914,0.3812642677329058,0.9659320864728652,0.07799535067161954,0.04716685857286647,-0.2422131644815276,0.9523568417459071,0.07724043793811632,0.2286538963215444,-0.18646113917882648,0.12926263623093978,0.12926263623093978,-0.48300224727699526,0.06989231321696897,0.4828721899269066,-0.3694699973480176,0.619361784077952,0.4315415142499171,0.19928588895819896,-1.5390909531269363,1.7094120575291452,0.4979628272771227,0.0,0.0,0.0,3.6627932106604852,1.0,5.844239234924316,-5.0564703941345215,1.2699999809265137
2.9001104831695557,0.3888158022749309,0.9663580335888186,0.07223088394629526,0.04355813378310696,-0.2429764171766917,0.9523568417459071,0.07724043793811632,0.2286538963215444,-0.18646113917882648,0.11957102660920338,0.11957102660920338,-0.48549229612386346,0.06989231321696897,0.4828721899269066,-0.3694699973480176,0.619361784077952,0.4315415142499171,0.19928588895819896,-1.411688207035686,1.7574197616571616,0.49012558823607966,0.0,0.0,0.0,3.667750751261823,1.0,5.844239234924316,-5.0564703941345215,1.2699999809265137
2.920137643814087,0.353905536911074,0.9667542098723333,0.06641394122971717,0.03994633321297452,-0.2436796597323916,0.9887396826604721,0.0314564850936657,0.11575154681552763,-0.08947574469002026,0.10982466595343511,0.10982466595343508,-0.4877894450971817,0.04269398217515576,0.2367304054520186,-0.17541986732873494,0.7094403380352945,0.559802664015481,0.46304084777051374,-3.050228155220678,-0.8255326235813922,1.3651494442433918,0.0,0.0,0.0,3.3205791190406653,1.0,6.0112175941467285,-5.183563232421875,1.2599999904632568
2.9401209354400635,0.2914282022432333,0.9671185996044736,0.0605652480040813,0.036342063095159215,-0.24432093541748234,0.964789121168934,0.05185344172479701,0.1719601619617649,-0.19215325902376099,0.10005574844530842,0.10005574844530844,-0.4898865656486705,0.0362967413711636,0.35942731632869657,-0.3865922898131468,0.5553854817251667,0.5710134525094783,0.35735487922040005,-1.6866227806610687,0.32019363616057017,-0.2611487450159642,0.0,0.0,0.0,3.417112833306298,1.0,6.1559319496154785,-5.31065559387207,1.2599999904632568
2.9601030349731445,0.2886385779423181,0.9674512224743489,0.05467630112663709,0.03273775534686572,-0.2449017631681035,0.97177645002418,0.08639016622832378,0.14702219959759286,-0.16300841445437883,0.09024746306722703,0.09024746306722703,-0.49178795777238127,0.12669795908776096,0.31930848027676456,-0.31196278197835875,0.6393808141014757,0.44521230895196817,0.44398935931880185,-1.3352313277564436,0.18272316787218523,-0.06600771507903613,0.0,0.0,0.0,3.3750805049029142,1.0,6.322910308837891,-5.437748432159424,1.25
2.9801111221313477,0.165289547142673,0.9677516818718633,0.04874290730742394,0.029128609023059686,-0.24542276862137613,0.9705645080718618,0.1172005995973758,0.05018131788283835,-0.20432912288947452,0.08039031975479442,0.08039031975479444,-0.4934950825385414,0.21077196390941602,0.14581962376946397,-0.3995403937710646,0.6328972295819553,0.5729821546753062,0.5320649319454668,-1.0820537911451744,-2.262173407654915,-1.3384423428191456,0.0,0.0,0.0,3.2540190680762713,1.0,6.489888668060303,-5.564841270446777,1.25
3.0001420974731445,0.284516581567647,0.9680190961868514,0.04276980043123874,0.025515261262115153,-0.24588360057431455,0.9862891548656088,0.09535899653655011,0.06109219942870432,-0.12003377834171929,0.07048966560170791,0.07048966560170788,-0.4950062697010608,0.1761577620125657,0.14389784045732787,-0.22948464330183357,0.5593623483117096,0.5646383429215557,0.7105492847596289,-0.9957530718995335,-1.9453614209306864,-0.31225453002536385,0.0,0.0,0.0,3.1994823807555086,1.0,6.645735263824463,-5.691934108734131,1.25
3.0201120376586914,0.314620764549093,0.9682518062445874,0.03678607287868843,0.021912907988039347,-0.2462824577792045,0.9767427520861016,0.10644438839973938,0.11817979040345268,-0.14379403870004398,0.06059102190834089,0.06059102190834089,-0.496315149944169,0.1812103854664517,0.26454968341478774,-0.2681605980059847,0.5813824177278186,0.48848614856438577,0.7333462852056272,-0.4637475714750954,-0.5119695170465142,-0.8665724968826978,0.0,0.0,0.0,3.2882781439192925,1.0,6.645735263824463,-5.691934108734131,1.25
3.040112257003784,0.24624164470168122,0.9684504001713095,0.03076844080026719,0.018305115294901374,-0.2466212647214171,0.985250849871009,0.07358787034186816,0.06235298075528309,-0.14134247046777634,0.050653153740998075,0.05065315374099806,-0.4974276409851897,0.12907216166687585,0.14416772359468633,-0.2756393329154579,0.6598363086864223,0.6198945821843327,0.7302507951166847,-1.5645082189915525,-1.9085544778108592,-0.7875610179968429,0.0,0.0,0.0,3.148536049156213,1.0,6.823845386505127,-5.819026470184326,1.25
3.0611531734466553,0.2772209644845215,0.9686215757676125,0.024415300826954135,0.014509641888355986,-0.24691214294819164,0.9860934480086161,0.08936694253519803,0.04961195380472342,-0.1310416552706332,0.04017638039708164,0.04017638039708164,-0.49838324456003635,0.16521006993758042,0.12156482245303159,-0.25415413376413787,0.6964175403039645,0.6653676094690293,0.7700531445342391,-1.328962023961957,-2.3638507535484594,-0.7509469737478796,0.0,0.0,0.0,3.134267409874977,1.0,6.979691505432129,-5.94611930847168,1.2400000095367432
3.080122232437134,0.31563594989934457,0.9687423476451703,0.018671930117243357,0.011087951184968699,-0.24711673404110174,0.9600676636208545,0.11773983086128864,0.12990855931861928,-0.21801646661229487,0.030715858156905734,0.030715858156905737,-0.4990556442499022,0.17860686263726924,0.3055109015324895,-0.41902621814689067,0.5585485221888724,0.6946269055832369,0.8008404613011386,0.2821752472533463,-0.9749467202324307,-2.6600188082991596,0.0,0.0,0.0,3.2206698119490995,1.0,7.157801628112793,-6.082290172576904,1.25
3.100097179412842,0.3239017967809686,0.9688348414547491,0.012611770534768417,0.00748486388278711,-0.24727306776110006,0.9909133153263902,0.024997133104701797,0.08023557864332341,-0.10501522158801044,0.02074178343492486,0.020741783434924853,-0.49956959316989935,0.03314426905749454,0.1650109836203397,-0.20842715279872664,0.45100249182181507,0.721793255028685,0.8137885715768256,-1.1885100638654889,-1.5779433617473673,-0.3729826387803281,0.0,0.0,0.0,3.0320649346269204,1.0,7.324779987335205,-6.2093825340271,1.25
3.1201016902923584,0.3513001844882563,0.9688915991798979,0.00653410013585395,0.003876482219855179,-0.2473688490081844,0.9908971593647635,0.04503713713094708,0.08208036862696819,-0.09673308083562579,0.010744654513767141,0.010744654513767144,-0.499884539068153,0.07454546455665292,0.17222978650660542,-0.18818838077767558,0.5289142865066456,0.6401437346740299,0.8104518598343136,-0.9738446500434912,-1.2570336734521255,-0.20670831734548756,0.0,0.0,0.0,3.0107461160637112,1.0,7.502890110015869,-6.336475372314453,1.25
3.1401286125183105,0.3575043139748297,0.9689123250549371,0.0004451840148637588,0.00026407950696798156,-0.2474037963125115,0.9908971593647635,0.04503713713094708,0.08208036862696819,-0.09673308083562579,0.0007320202742372542,0.000732020274237254,-0.49999946414603097,0.07454546455665292,0.17222978650660542,-0.18818838077767558,0.5289142865066456,0.6401437346740299,0.8104518598343136,-0.8461100409788105,-1.1972207288066374,-0.2127975952766361,0.0,0.0,0.0,3.0153264135393916,1.0,7.502890110015869,-6.336475372314453,1.25
3.1600911617279053,0.19789922945812904,0.968896993307125,-0.005624465910884521,-0.0033367102559523653,-0.24737794588099027,0.9644581925944128,-0.04293702371666354,0.08813513999824124,-0.24537523067612946,-0.00924872657030194,-0.009248726570301938,-0.499914453738665,-0.12784420221233384,0.14949011290338368,-0.5078508501943297,0.4693021156665179,0.7233724552564536,0.5572123212873425,-2.148319562915258,-0.9364186650133386,-2.224781648347616,0.0,0.0,0.0,2.9939818976697725,1.0,7.658736705780029,-6.4726457595825195,1.25
3.180121421813965,0.2958095726372991,0.968845530162868,-0.011710881259572063,-0.00694973214362306,-0.2472911142089167,0.9851213472385125,-0.007189701772449727,0.09583522290435237,-0.14247754017484476,-0.01925961824536177,-0.019259618245361775,-0.4996289294116614,-0.04222960610393464,0.18787316227759682,-0.2912461296846606,0.4704128711545871,0.8429823759229463,0.42619414515088055,-1.296445314788097,-1.3758241308455443,0.3832383438999478,0.0,0.0,0.0,2.973377068527515,1.0,7.836846828460693,-6.599739074707031,1.25
3.200105905532837,0.2614614707901245,0.9687582904290103,-0.017775457381200878,-0.010554533126084578,-0.24714370246971898,0.9880656686190273,0.0011890734279657042,0.061167747985927876,-0.14136239672256398,-0.02923993402008973,-0.029239934020089734,-0.4991442940257865,-0.015055446826078683,0.12151047639368942,-0.2851268240035116,0.4962739707223722,0.8230971996563863,0.4409972736085065,-1.2786062482574128,-1.9548151680118588,0.35948049083163713,0.0,0.0,0.0,2.9158970066637178,1.0,8.0149564743042,-6.735909938812256,1.2599999904632568
3.220120668411255,0.26067536387820406,0.9686351922702022,-0.023837171164443016,-0.014164844380273812,-0.24693523594300654,0.9587795223801144,0.07925377272576754,0.06258539413531854,-0.26560070672763475,-0.0392236652921203,-0.039223665292120305,-0.4984591298000788,0.12061208142341628,0.162829479689699,-0.5306324433077038,0.475033079428564,0.7077624438809903,0.44278084234816856,0.47665401652132644,-1.8650165868038864,-2.1887830783357747,0.0,0.0,0.0,2.944823138901398,1.0,8.18193531036377,-6.863002300262451,1.2599999904632568
3.2401278018951416,0.38655176664058755,0.9684767017231377,-0.029880424273237897,-0.01777383228047789,-0.24666602796248469,0.9706659458149154,0.14203760370599874,0.04741650624388611,-0.18810798947497404,-0.04918788825980833,-0.049187888259808334,-0.49757466942011896,0.2637232570924441,0.14600619458913452,-0.36344106217171185,0.5633587803156905,0.8449937564527435,0.46461578543095,1.3786341058764582,-2.9296222811423154,-0.6912664349280111,0.0,0.0,0.0,3.000038957258049,1.0,8.371176719665527,-6.999173164367676,1.2699999809265137
3.2601165771484375,0.39961390444584655,0.9682833500976641,-0.03589793659005225,-0.02137955506041275,-0.24633636901123665,0.9706659458149154,0.14203760370599874,0.04741650624388611,-0.18810798947497404,-0.05912330798418242,-0.05912330798418243,-0.4964921292961324,0.2637232570924441,0.14600619458913452,-0.36344106217171185,0.5633587803156905,0.8449937564527435,0.46461578543095,1.508157407274779,-2.881508959584436,-0.692402413312666,0.0,0.0,0.0,3.0046246054036203,1.0,8.371176719665527,-6.999173164367676,1.2699999809265137
3.280095338821411,0.26218927169277034,0.9680555908186019,-0.041888224431304605,-0.0249834982714944,-0.24594628387710718,0.9768156445088984,-0.038564493688398295,0.09266588781618178,-0.18909523977208376,-0.06903014686940503,-0.06903014686940505,-0.49521191304651424,-0.11218300327640619,0.1672286002797404,-0.39184813756025755,0.4016168242889172,0.818831055039415,0.4698159126704783,-0.9844754857634286,-0.9618455638660559,-0.8323758852007195,0.0,0.0,0.0,2.933361641899464,1.0,8.371176719665527,-6.999173164367676,1.2699999809265137
3.3001208305358887,0.35372658322895895,0.9677932251793355,-0.04786421116694407,-0.02859586225596307,-0.24549453608621183,0.958454623298188,0.1004526465113964,0.06595450044958835,-0.25869674284310235,-0.07893250535059518,-0.07893250535059518,-0.49373035110177116,0.161721293572726,0.17936249995590164,-0.5126824969661299,0.4590001851357311,0.742765998918378,0.5664249211481723,1.497643082329467,-1.8871587214728194,-2.5727779263383734,0.0,0.0,0.0,2.9539609976381085,1.0,8.538155555725098,-7.126266002655029,1.2699999809265137
3.32015323638916,0.3454783015240084,0.9674972633558556,-0.05380990268621175,-0.0322094103656928,-0.24498182311290995,0.9902169177002214,0.02573253148471351,0.058724655268215686,-0.12393428737557047,-0.08880661345655347,-0.08880661345655348,-0.4920501858615423,0.036690895363226124,0.12298840253471383,-0.2467631719076405,0.4880770502468873,0.6247121272909603,0.4490331889957524,-0.02114913698530385,-0.9841014712203875,0.6108257157109738,0.0,0.0,0.0,2.875737987251481,1.0,8.716265678405762,-7.262436866760254,1.2799999713897705
3.3401057720184326,0.2197610090759758,0.9671698705474185,-0.05969578330018995,-0.035808413454279965,-0.24441074544167238,0.9537712567807789,0.03258495093279652,-0.07163803020269943,-0.29004586420116074,-0.09860593439400239,-0.0986059343940024,-0.49018044606275935,0.10463118249524418,-0.11802414370415884,-0.5966230418097629,0.5039102873393919,0.7140451679994324,0.5865594043348468,-0.38907549134944164,-4.0,-3.185605084523348,0.0,1.0,0.0,2.8842029559328557,1.0,8.883243560791016,-7.3986077308654785,1.2799999713897705
3.3600947856903076,0.3669677132340071,0.9668100211011512,-0.06555240190161218,-0.03941376041357421,-0.24377822132705554,0.9883626028646622,0.05090326660048267,0.04834477549082135,-0.1349481581598384,-0.10838380667704343,-0.10838380667704349,-0.48811161679496357,0.08821592743934091,0.10952176169517874,-0.26655725789358514,0.6248720555236922,0.7197119293539421,0.601741809849224,0.12266274944945676,-1.5900473863702251,-0.22078286508302325,0.0,0.0,0.0,2.861933042520951,1.0,9.06135368347168,-7.525700092315674,1.2899999618530273
3.3801074028015137,0.4236524298209427,0.9664186567984691,-0.07137195425281044,-0.04302300378399373,-0.24308444023297732,0.939580703510863,0.06427567570767084,0.09595123256940173,-0.32225781615155086,-0.11812984214117311,-0.11812984214117307,-0.4858449756822659,0.060483874159262645,0.2235929226049144,-0.6540231417526007,0.6011396609294092,0.5199072684823718,0.41857479304235995,0.9227548377329424,-0.18906789996109818,-3.4167273882414166,0.0,0.0,0.0,2.9095715740624057,1.0,9.250596046447754,-7.661870956420898,1.2899999618530273
3.4001526832580566,0.4363882571165423,0.9659963997977832,-0.0771530734270478,-0.04663762299048589,-0.24232889006529792,0.939580703510863,0.06427567570767084,0.09595123256940173,-0.32225781615155086,-0.12784435647278716,-0.12784435647278716,-0.48337958223125116,0.060483874159262645,0.2235929226049144,-0.6540231417526007,0.6011396609294092,0.5199072684823718,0.41857479304235995,1.052695447505252,-0.1582426392642986,-3.4346513513947317,0.0,0.0,0.0,2.913948328608868,1.0,9.250596046447754,-7.661870956420898,1.2899999618530273
3.4201111793518066,0.17121567964665096,0.9655468834200566,-0.08285776931465662,-0.05023589875614838,-0.24151637720489452,0.9826071889692893,-0.043021116158240454,-0.008830028324608405,-0.1804281750452438,-0.13746578347193286,-0.13746578347193286,-0.4807318986446059,-0.0814935238120071,-0.03288326741809557,-0.3618570897761979,0.5717794073503596,0.5241858128148931,0.4502504087634652,-1.3509354244923837,-1.3712077123620883,-0.5675156667837649,0.0,0.0,0.0,2.851475605888705,1.0,9.250596046447754,-7.661870956420898,1.2899999618530273
3.4401042461395264,0.30994405620125737,0.9650685507224278,-0.08851725655864245,-0.05383949814126171,-0.2406422575894376,0.9502609504464045,0.018754970586473383,0.03306027508382712,-0.3091268272835247,-0.14704897494857339,-0.14704897494857339,-0.47788764261756533,0.015247475148838433,0.0744959913156334,-0.6284514270311272,0.6266450484518507,0.5323691789010294,0.41809757617035914,0.02968494832657509,-1.105662569721333,-3.1038360132592464,0.0,0.0,0.0,2.8368442771340403,1.0,9.406442642211914,-7.798041820526123,1.2999999523162842
3.460127353668213,0.47635834033341007,0.9645625037891619,-0.09412636772825962,-0.057447350785788845,-0.23970649776333186,0.9867021233953152,0.07060171462797442,0.07065042612386885,-0.1282296177459877,-0.15658765441335104,-0.15658765441335107,-0.47484766661038247,0.12304951767969198,0.15818721267054325,-0.24870194899297374,0.7875515193264512,0.5831380366459523,0.36917874597484285,0.555319354329193,-0.41581820625555777,0.7280698692717238,0.0,0.0,0.0,2.875778442378713,1.0,9.595684051513672,-7.925134181976318,1.309999942779541
3.4801034927368164,0.26850763449415577,0.9640319114583603,-0.09966006547037118,-0.06104529733943375,-0.23871283315549183,0.9900147411061709,-0.023965973047131012,-0.03898003058795403,-0.13333042317396174,-0.16604140477370377,-0.1660414047737038,-0.47162511797059226,-0.037197560695694146,-0.08366998655267066,-0.26618218806208593,0.730158664077215,0.5202260884898579,0.18717795704627604,-1.4327319983569182,-1.7750840046086809,1.455611840953897,0.0,0.0,0.0,2.833136688450352,1.0,9.762662887573242,-8.070383071899414,1.309999942779541
3.5000991821289062,0.2521057224830149,0.9634763069488222,-0.10513343778564326,-0.06464499864511121,-0.23765813757960091,0.9460869910878497,-0.06493887944324363,0.023319046501815113,-0.3164783867837441,-0.1754380528659988,-0.1754380528659988,-0.4682109456287699,-0.13807453840483042,0.003020194059880493,-0.6458325741297086,0.695392037933424,0.517154995859779,0.23041719689397508,-1.5235879093223896,-0.7528613150445946,-2.656143594286671,0.0,0.0,0.0,2.8402414140926844,1.0,9.940773010253906,-8.206554412841797,1.3200000524520874
3.521967887878418,0.2700208879270058,0.9628421417132955,-0.11104020299858634,-0.06857943497201834,-0.2364359206167822,0.9593657025061044,-0.014476617611343744,0.014113592104276287,-0.28144037186483706,-0.1856344550528815,-0.18563445505288148,-0.4642626940614761,-0.035735018149174125,0.018932714164505524,-0.5710479048266376,0.7442341941917618,0.42441452913615857,0.03287709430588108,-0.672387843293484,-0.666587807607887,-1.0657906116059086,0.0,0.0,0.0,2.8198443052570084,1.0,10.13001537322998,-8.333646774291992,1.3200000524520874
3.5401031970977783,0.2794189967685121,0.9622964575238933,-0.11587272871888692,-0.07183987869688445,-0.23536794685135454,0.9856085700165593,-0.0027820932845219527,-0.037605171073031705,-0.1647842764812149,-0.19402301529019614,-0.19402301529019614,-0.4608199968943407,0.006928965711530261,-0.07511546605411439,-0.33157675587597285,0.8076968298028439,0.36533286884348914,0.11456775520440982,-0.9404875897823097,-1.137741694915517,1.0930667502318698,0.0,0.0,0.0,2.82966593368739,1.0,10.13001537322998,-8.333646774291992,1.3200000524520874
3.5600998401641846,0.15784069126332334,0.9616753124009336,-0.12112896532909449,-0.07543210559270756,-0.23413322003235776,0.9494009015188666,-0.08259415914035326,-0.05353828363530229,-0.2982445058277638,-0.20319846389580448,-0.20319846389580448,-0.45684831647975405,-0.12668072151789322,-0.15150402352338327,-0.5991284406648784,0.7134201324962374,0.34836444474941053,0.06257352144926062,-1.9430144219208703,-1.3266407501539308,-1.5357601372153922,0.0,0.0,0.0,2.8702425218837857,1.0,10.285861015319824,-8.469817161560059,1.3300000429153442
3.5803239345550537,0.2814745985062114,0.9610277812817385,-0.12636477889566622,-0.07906165992254886,-0.2328235387361843,0.9600961071566528,0.005959562497841376,-0.12298754719891176,-0.2511055791325053,-0.2123956234554252,-0.21239562345542518,-0.45264566620810726,0.07535560031894879,-0.23533295056934517,-0.5205361291188921,0.7874226178849463,0.4707797762135736,-0.05662905432352863,-0.7843291642028785,-3.3912408070439954,0.19103627181554417,0.0,0.0,0.0,2.895947156942839,1.0,10.475103378295898,-8.59691047668457,1.340000033378601
3.6000704765319824,0.13632007199237767,0.9603782602593279,-0.1313961222670182,-0.08260155389757631,-0.23148572216912947,0.9757447888245308,-0.12467501612221092,-0.05622914455740017,-0.17092843747908412,-0.22129182130951144,-0.22129182130951144,-0.4483636134004624,-0.22871522937403066,-0.15294721577755385,-0.3292343870731137,0.910285318213323,0.4576505554316135,-0.0809516727730125,-3.449608934877768,-1.1706434214854897,1.4999061544547927,0.0,0.0,0.0,2.923561754096483,1.0,10.642081260681152,-8.733080863952637,1.340000033378601
3.6201064586639404,0.2922157359042701,0.9597032869906579,-0.13641663171111812,-0.08618876060504173,-0.23006868773756878,0.9844888160351207,-0.11787188906607107,0.014620270384948847,-0.1291287596301958,-0.23023020934506927,-0.23023020934506924,-0.4438401184040549,-0.238106765062636,-0.0016543170525357095,-0.26063962844178257,0.828964997777493,0.3758040049589377,0.09820750806805173,-2.6024255304480173,0.6645102365945073,1.4155914650475403,0.0,0.0,0.0,2.890394719089338,1.0,10.820191383361816,-8.860173225402832,1.350000023841858
3.640115976333618,0.47629762064937914,0.9590147436663847,-0.14134262506432976,-0.0897660033864072,-0.2285936315964514,0.9536068552132113,0.05173409909778781,0.03166468274656072,-0.2948811566503862,-0.23906455507693233,-0.23906455507693225,-0.43914478080226393,0.08041254173788936,0.09102779725547198,-0.5961365131650311,0.8223074159028648,0.42175453230897575,0.03790636375467757,1.072924490570618,-0.43775790026120087,-1.4443960305203318,0.0,0.0,0.0,2.8368197322465174,1.0,10.987170219421387,-8.987266540527344,1.350000023841858
3.6601076126098633,0.20630779398268606,0.9583139689881466,-0.146173743412251,-0.09333415772930745,-0.22706014308987732,0.948474282554801,-0.0662707609985693,-0.12088284782215768,-0.2852929348428226,-0.24779542168802338,-0.24779542168802332,-0.4342780549261668,-0.05891169865579554,-0.2704049610920182,-0.5763492621959435,0.8256960134711516,0.3337467499538053,-0.0013328348040696492,-1.8165092645456749,-2.414458223193484,-0.9257671743621936,0.0,0.0,0.0,2.9312601504545324,1.0,10.987170219421387,-8.987266540527344,1.350000023841858
3.6801133155822754,0.4210926391291153,0.9576014573865538,-0.15091506947911512,-0.096898202694153,-0.2254658043471444,0.9509646039436666,0.038382369075202344,-0.049106002479233954,-0.3029549740653714,-0.25643329424308337,-0.2564332942430833,-0.4292341617388349,0.10319109522654821,-0.07019751889418732,-0.6204488558781176,0.8641808859949902,0.4028877283264748,0.20981427479132891,0.5143558555727368,-1.7965829386869459,-2.1306592391484545,0.0,0.0,0.0,2.837253139326224,1.0,11.16528034210205,-9.12343692779541,1.3600000143051147
3.7001662254333496,0.3408495415032466,0.9568776153470032,-0.15557145607072448,-0.10046323452567145,-0.22380770722320303,0.9550459404855078,-0.01178552894430058,-0.041569112218949066,-0.29329228046265265,-0.2649885546916077,-0.26498855469160776,-0.4240059738759028,0.0018793712430838969,-0.08642156885365175,-0.5959923258907529,0.8808569533752971,0.25707892965328993,0.19858721398382748,-0.37418416942916943,-0.7647109903094693,-2.0266532707107,0.0,0.0,0.0,2.8215625129768784,1.0,11.343390464782715,-9.259608268737793,1.3700000047683716
3.720142126083374,0.05874607243955818,0.9561485947938682,-0.16011181773877664,-0.10400636368378595,-0.222096255725692,0.955742600085907,-0.14647162565560656,-0.08551997227655572,-0.24039234513738436,-0.27340502430311997,-0.27340502430311986,-0.4186283467299013,-0.24821704413261647,-0.23607826332679288,-0.46323920584899403,0.8706599060696347,0.32739543915913194,0.1729087092680833,-3.102925344576009,-1.0760886484102443,-1.0741382978487026,0.0,0.0,0.0,2.9912556565430117,1.0,11.510368347167969,-9.386700630187988,1.3700000047683716
3.7401208877563477,0.29394935182296295,0.9554131800965316,-0.1645525096607756,-0.10754093206067965,-0.2203249300321978,0.9774541850834134,-0.10688541821605133,0.019763878677195933,-0.18101992303427028,-0.2817135807699983,-0.28171358076999825,-0.41308287111637265,-0.2178249785777965,-6.020850493517903e-05,-0.3662346138054166,0.6843762697553682,0.36432607565016617,0.0840287331477473,-1.0866185121907828,0.8979205762899003,0.21712409292035145,0.0,0.0,0.0,2.8843988942341983,1.0,11.688478469848633,-9.522871971130371,1.3799999952316284
3.760134696960449,0.3389883939074395,0.9546718345489178,-0.16889815819191661,-0.11107168634179404,-0.21849068852372666,0.9705671024942729,-0.027521745776549283,-0.021474192664044333,-0.23828745689756775,-0.2899239719656752,-0.2899239719656752,-0.4073623577107321,-0.043267836840671266,-0.054827929119939604,-0.48031690420501766,0.7150077927699489,0.3786531294763226,0.12245375161566933,0.32852560919046114,-0.45323950851077166,-0.7869426918386997,0.0,0.0,0.0,2.8344322884423883,1.0,11.844325065612793,-9.649964332580566,1.3799999952316284
3.7801053524017334,0.09336682307554475,0.953929122991482,-0.17312971761028928,-0.11458386765721552,-0.2166007074355889,0.9598020754770501,-0.1829243409977595,-0.12475306271557099,-0.1724973470044316,-0.2980009116555884,-0.29800091165558856,-0.4014915399512649,-0.3291688498045557,-0.307403025032839,-0.3041967775826403,0.8631142599115667,0.354726044372053,0.1970173526892459,-3.7641126866712424,-1.4043165979138248,0.09156758202252924,0.0,0.0,0.0,3.1344425175338553,1.0,12.033567428588867,-9.777057647705078,1.3899999856948853
3.800096273422241,0.3129087123416649,0.9531843575367474,-0.1772587859020508,-0.11808762923570632,-0.21464905121914624,0.9504520069376992,-0.10348351762378812,-0.004848966984397698,-0.29310174275751344,-0.3059670186377927,-0.30596701863779274,-0.3954544012979255,-0.19558951614114464,-0.06993681759655293,-0.5913925394490201,0.6794043918012057,0.23695984301565673,0.014688811024749678,-0.6494583209935101,0.6096095185302898,-1.7932947662058385,0.0,0.0,0.0,2.900171375575867,1.0,12.189414024353027,-9.913228034973145,1.3899999856948853
3.820111036300659,0.07686924560359754,0.9524390651030673,-0.18128383436353054,-0.12158248759660642,-0.2126351273281818,0.9526034706313199,-0.1762024231678285,-0.08856530734829811,-0.23163661227286791,-0.31382013454821056,-0.31382013454821045,-0.3892517477830293,-0.309272505385622,-0.25305735033705573,-0.43741110054338456,0.7071188272968445,0.24550835560922607,0.03842109822152234,-2.54446733464914,-0.4431995713337188,-0.6222937646353667,0.0,0.0,0.0,3.0770176405300753,1.0,12.367524147033691,-10.040321350097656,1.399999976158142
3.840115785598755,0.21875809750328173,0.9516961627532968,-0.1851961385962822,-0.12506139758966534,-0.2105622256782934,0.9684580347878601,-0.1844775015605342,-0.026962710791668697,-0.1653181735308726,-0.32154370706983315,-0.32154370706983315,-0.3828963886533658,-0.3582728885626547,-0.1134627678758448,-0.31757872162022327,0.6881666835802636,0.23502711579699703,-0.19273802487456365,-2.3769517039228996,1.133573794374046,1.341159772577016,0.0,0.0,0.0,3.063254212258453,1.0,12.523369789123535,-10.167413711547852,1.399999976158142
3.8601043224334717,0.14918883715431472,0.9509575170208696,-0.18899301553942902,-0.12852214246664936,-0.20843104326034922,0.9560759141191217,-0.1333261996936786,-0.17549299582715713,-0.19324900861876762,-0.329132503091631,-0.32913250309163095,-0.376393139428228,-0.20435267566902757,-0.3974838285394676,-0.35758562751801637,0.755191657057714,0.2814704947126369,-0.20044487717772946,-2.17751249439963,-2.1807390331659935,1.4324971980898713,0.0,0.0,0.0,3.1563787867044306,1.0,12.7014799118042,-10.294506072998047,1.409999966621399
3.8800570964813232,0.1499663147404843,0.9502254524826317,-0.1926696192928035,-0.13196018773677595,-0.20624382683663225,0.9560759141191217,-0.1333261996936786,-0.17549299582715713,-0.19324900861876762,-0.3365765782327249,-0.3365765782327248,-0.3697515476440233,-0.20435267566902757,-0.3974838285394676,-0.35758562751801637,0.755191657057714,0.2814704947126369,-0.20044487717772946,-2.0842933808009514,-2.132471209380635,1.3972404481195935,0.0,0.0,0.0,3.160299692445133,1.0,12.7014799118042,-10.294506072998047,1.409999966621399
3.900130033493042,0.20546038046525197,0.9494958917339813,-0.19625248886964078,-0.13540102787497335,-0.20398302341901908,0.9194732602711662,-0.22229868259472851,-0.12715018593238864,-0.2983036197908426,-0.3439302744411579,-0.343930274441158,-0.3629214327135141,-0.3659404088150834,-0.37518793266294526,-0.5572085610555385,0.7220409507170068,0.2409431040808924,-0.16618334496097034,-3.2115364568789353,-1.152344917859257,-1.351807731492824,0.0,0.0,0.0,3.2965362230883652,1.0,12.85732650756836,-10.421599388122559,1.409999966621399
3.9201395511627197,0.1308711875056226,0.9487771190861101,-0.1997070082491911,-0.1388118050546018,-0.20166896621022784,0.9641905922018703,-0.1734703547851799,-0.0843279326180063,-0.1820256512156551,-0.3511228234434837,-0.35112282344348367,-0.35596736206719315,-0.3171599692703559,-0.2277318393177325,-0.3366062470077041,0.8435867654176279,0.19036653996948488,-0.24915660074135676,-2.649709115500744,0.2878220889453995,1.2867602642175195,0.0,0.0,0.0,3.1056653983534535,1.0,13.035436630249023,-10.557769775390625,1.409999966621399
3.9401159286499023,0.3188035515040242,0.9480695334444904,-0.20303801160818205,-0.14219646594263938,-0.1992984964066862,0.967693767421538,-0.04680281640999256,-0.16245694857520254,-0.1870454723569564,-0.3581632324624849,-0.3581632324624848,-0.3488826434662866,-0.031604687471018425,-0.3383442429389239,-0.3764720048903223,0.6630561233653035,0.2609385153021675,-0.31550142551331634,0.27429697900007577,-1.945103250168803,2.09915649885024,0.0,0.0,0.0,3.0463212206122643,1.0,13.191283226013184,-10.68486213684082,1.4199999570846558
3.9601035118103027,0.39134642401918396,0.9473730607687215,-0.20625196129081466,-0.1455611619492644,-0.19686635143004208,0.9308306231215203,-0.05093900351546911,-0.22324362058219943,-0.28481898611118633,-0.36506454766307456,-0.3650645476630746,-0.3416546151298922,0.036109434317971326,-0.46075085536100535,-0.6023446247525147,0.6939496527005239,0.32338862819556735,-0.18855317760419263,0.048937938696134164,-3.787924588367151,-0.20480552985164002,0.0,0.0,0.0,3.2184185705178523,1.0,13.347129821777344,-10.811955451965332,1.4199999570846558
3.980156421661377,0.2548623533873439,0.9466873672347303,-0.20935585479884966,-0.14891343020296782,-0.19436549355480626,0.9798204313344073,-0.12206725940843628,-0.09495829239027734,-0.12662712674025317,-0.37184186043411804,-0.371841860434118,-0.334265808644698,-0.2222361812577352,-0.2187383438199643,-0.2325424804397428,0.7225383160787267,0.2569059429849768,-0.19992467025645436,-1.0907237453441025,0.03693899516561294,2.2450906941615436,0.0,0.0,0.0,3.0349994002507032,1.0,13.525239944458008,-10.939048767089844,1.4199999570846558
4.000117778778076,0.2595505874530883,0.9460192298350839,-0.2123247405004247,-0.1522256087409024,-0.1918154983235807,0.9798204313344073,-0.12206725940843628,-0.09495829239027734,-0.12662712674025317,-0.37843973770279554,-0.3784397377027955,-0.3267772405285278,-0.2222361812577352,-0.2187383438199643,-0.2325424804397428,0.7225383160787267,0.2569059429849768,-0.19992467025645436,-1.0176819970590452,0.08937045506275654,2.1943642671925674,0.0,0.0,0.0,3.038654229200677,1.0,13.525239944458008,-10.939048767089844,1.4199999570846558
4.02009916305542,0.26430517974118145,0.9453662304630145,-0.21517506789966898,-0.1555148233047892,-0.18920232606129234,0.9798204313344073,-0.12206725940843628,-0.09495829239027734,-0.12662712674025317,-0.38489322023906725,-0.38489322023906714,-0.31915076220181726,-0.2222361812577352,-0.2187383438199643,-0.2325424804397428,0.7225383160787267,0.2569059429849768,-0.19992467025645436,-0.9469386964446163,0.14146917091850808,2.142192360717114,0.0,0.0,0.0,3.0423090581506504,1.0,13.525239944458008,-10.939048767089844,1.4199999570846558
4.040100336074829,0.375505512196058,0.9447297738937509,-0.2179057519582874,-0.15877939277416456,-0.1865257140783092,0.9485770169330455,-0.05689868049118488,-0.136511155137746,-0.27987298481226247,-0.3911991991448928,-0.39119919914489276,-0.3113891240688964,-0.03296462346737417,-0.29509578461978403,-0.5689097449957414,0.6224904238777691,0.3514030585397697,-0.05625476586993461,0.9484729544992367,-1.9801029577329734,-1.1101431014403773,0.0,0.0,0.0,3.0283633412056434,1.0,13.669954299926758,-11.057063102722168,1.4299999475479126
4.060114860534668,0.24484248489062732,0.9441114115254792,-0.22051502763186298,-0.16201659163908633,-0.18378625968646173,0.9645283339546122,-0.11240825995146204,-0.1932713402961164,-0.14034124523306532,-0.3973527373980339,-0.39735273739803384,-0.3034976146237218,-0.17872806552581683,-0.4163034523578328,-0.2511313807036333,0.6089244327601873,0.3192625809892747,-0.03609813801173245,-0.5600164365357068,-2.0068172160341335,1.5279228625135084,0.0,0.0,0.0,3.228921470653604,1.0,13.825800895690918,-11.175078392028809,1.4299999475479126
4.080120086669922,0.26339285436268006,0.9435131006247067,-0.2229994292449983,-0.16522110494298967,-0.1809869331951197,0.9555102227772975,-0.17030553378231855,-0.05750399327403892,-0.23385792714538917,-0.40334436140386626,-0.4033443614038663,-0.29548828424102935,-0.30896638350154837,-0.19069964705846373,-0.45027188648258915,0.6086285993701305,0.19423108517787205,0.08653591221199461,-0.8220438811186281,0.8688271750260331,-1.6067009264392915,0.0,0.0,0.0,3.110523907556671,1.0,13.825800895690918,-11.175078392028809,1.4299999475479126
4.100094556808472,0.2676193046437008,0.9429366172183551,-0.22535629375626148,-0.16838791599200004,-0.17813081294688543,0.938746897707956,-0.12556087402095278,-0.17895265627428955,-0.26639195890859496,-0.4091657304620216,-0.40916573046202165,-0.2873732851457845,-0.15400458816404328,-0.414660599479264,-0.5205531136975056,0.6777225344233483,0.2839627424985485,0.02213444315285573,-0.5881545277962514,-2.102535421653337,-1.3842539941727607,0.0,0.0,0.0,3.230124578347492,1.0,13.992778778076172,-11.302170753479004,1.4299999475479126
4.120094299316406,0.222629356168812,0.9423814732114224,-0.227592016476564,-0.17152421264476228,-0.17520980982980058,0.9094731959378339,-0.25504846262612485,-0.17499602938659756,-0.27782220444305306,-0.41483091071530537,-0.41483091071530537,-0.2791331501543848,-0.42571930056580265,-0.4780229585715278,-0.4877129164334367,0.6934837231191678,0.22977678672835758,-0.13979177271097795,-3.1013727627268355,-1.468296451349249,-1.568536112016805,0.0,0.0,0.0,3.6133990055196232,1.0,14.148625373840332,-11.420185089111328,1.440000057220459
4.140102863311768,0.19548182926638027,0.9418492612587459,-0.22970427548651076,-0.17462558356511645,-0.17222607367676407,0.9333336028641999,-0.16650813753350913,-0.21545808984371212,-0.23396845390041984,-0.4203325570857054,-0.4203325570857054,-0.2707776605515902,-0.24173611277384727,-0.5007730990634158,-0.4291301253445214,0.5815505580227126,0.19503524164319574,-0.16525065694320226,-1.099911639168022,-2.08037354892669,-0.12306876966607672,0.0,0.0,0.0,3.4450963964667825,1.0,14.304471969604492,-11.54727840423584,1.440000057220459
4.160109996795654,0.19945147852073747,0.9413412854472362,-0.23169185393951375,-0.17768864435623177,-0.16918101192941454,0.9333336028641999,-0.16650813753350913,-0.21545808984371212,-0.23396845390041984,-0.4256655567840703,-0.42566555678407036,-0.26231437964341053,-0.24173611277384727,-0.5007730990634158,-0.4291301253445214,0.5815505580227126,0.19503524164319574,-0.16525065694320226,-1.0336636661711536,-2.0404486120443335,-0.17916862620491547,0.0,0.0,0.0,3.4490414207205955,1.0,14.304471969604492,-11.54727840423584,1.440000057220459
4.180096864700317,0.20373831612638457,0.9408589377900959,-0.23355311559108627,-0.1807087722113775,-0.16607751510678948,0.9333336028641999,-0.16650813753350913,-0.21545808984371212,-0.23396845390041984,-0.430823032062298,-0.43082303206229816,-0.25375483255427495,-0.24173611277384727,-0.5007730990634158,-0.4291301253445214,0.5815505580227126,0.19503524164319574,-0.16525065694320226,-0.9698080462659919,-2.0010390414382795,-0.23688054059453312,0.0,0.0,0.0,3.4529864449744094,1.0,14.304471969604492,-11.54727840423584,1.440000057220459
4.200093984603882,0.26483232562668074,0.9404023507455711,-0.23529112414296813,-0.18368877984061918,-0.16291082767086643,0.9502900806447295,-0.13753528725014005,-0.14150305431789004,-0.24085201474756868,-0.43581092276662614,-0.4358109227666262,-0.24508945223591702,-0.20656491333208746,-0.34180603988746405,-0.4606742925949671,0.6956982246540498,0.34156818297333463,-0.21894554357673662,-0.4738779604049226,-1.2218033985359693,-0.3973084989942677,0.0,0.0,0.0,3.202923394171365,1.0,14.460317611694336,-11.656214714050293,1.440000057220459
4.220096111297607,0.2565019812299124,0.9399724951400622,-0.23690550392597326,-0.1866259826799601,-0.1596816619981322,0.9184307306406806,-0.18577335940243217,-0.22189309447299607,-0.26969743524245515,-0.4406257283422277,-0.44062572834222774,-0.23632386151821674,-0.2600988088803949,-0.5326198988293002,-0.49991775737039873,0.6887737529207377,0.36388847247743017,-0.2003274512907142,-1.5979002584328297,-2.8835254110325317,-0.9777715154227574,0.0,0.0,0.0,3.5607726375030277,1.0,14.605032920837402,-11.774229049682617,1.440000057220459
4.240116596221924,0.2802169850041348,0.9395698855240795,-0.2383974299970874,-0.18952038206549654,-0.15638772448245447,0.922254883881371,-0.28974886990743914,-0.09061780068956779,-0.23933227058319237,-0.4452684277753606,-0.4452684277753606,-0.22745555000144216,-0.5419220395559292,-0.31081840460425386,-0.4208236116253166,0.7482944715481956,0.18694702512350353,-0.40158662479509244,-3.416963620112774,0.8102380904742472,-0.6726598432706834,0.0,0.0,0.0,3.648034005595186,1.0,14.760878562927246,-11.901322364807129,1.440000057220459
4.260159492492676,0.13435927713109538,0.9391952114688259,-0.2397672316516022,-0.1923705143982175,-0.1530281496010448,0.9370742915393123,-0.2872644592935382,-0.1565151952446011,-0.1219585840374977,-0.4497375574383654,-0.44973755743836563,-0.21848599366863972,-0.566765865300831,-0.3719163847935749,-0.14937534632678082,0.6527603819153838,0.33989932414073165,-0.3602588246558217,-3.5231953481727585,-0.39989693300413154,1.663471899023667,0.0,0.0,0.0,3.782095768850517,1.0,14.905592918395996,-12.010259628295898,1.4500000476837158
4.28009033203125,0.23490866336358468,0.9388514066605662,-0.24100703746960161,-0.19515566288736752,-0.14962590465756392,0.9425637738633287,-0.14621866365269445,-0.20679332585762222,-0.21778465276709294,-0.4540025548733695,-0.45400255487336955,-0.20947954594292284,-0.20974641155352228,-0.47071109103743386,-0.403669858519679,0.5514820441410171,0.294151403017244,-0.38082706319369375,-0.17698468589462824,-1.9928272302773207,0.6806637800560706,0.0,0.0,0.0,3.422860289623091,1.0,15.050308227539062,-12.119195938110352,1.4500000476837158
4.3000874519348145,0.24035722039958415,0.9385358356398137,-0.24212893778191918,-0.19789898242309006,-0.1461507970022122,0.9425637738633287,-0.14621866365269445,-0.20679332585762222,-0.21778465276709294,-0.4581004919545676,-0.45810049195456765,-0.20035952503183665,-0.20974641155352228,-0.47071109103743386,-0.403669858519679,0.5514820441410171,0.294151403017244,-0.38082706319369375,-0.12859094734465915,-1.9548561637161774,0.6131456384430191,0.0,0.0,0.0,3.4266459378631557,1.0,15.050308227539062,-12.119195938110352,1.4500000476837158
4.320125579833984,0.24592540695671197,0.9382496042843144,-0.24313119238302616,-0.20059463380283665,-0.14260678889955242,0.9425637738633287,-0.14621866365269445,-0.20679332585762222,-0.21778465276709294,-0.4620230863893212,-0.4620230863893214,-0.1911404395811776,-0.20974641155352228,-0.47071109103743386,-0.403669858519679,0.5514820441410171,0.294151403017244,-0.38082706319369375,-0.0824611479922095,-1.9175853982671633,0.5438454017314627,0.0,0.0,0.0,3.4304315861032197,1.0,15.050308227539062,-12.119195938110352,1.4500000476837158
4.340118169784546,0.25158050870946136,0.9379943359893977,-0.24401025426022183,-0.20322902007119092,-0.1390093049711927,0.9425637738633287,-0.14621866365269445,-0.20679332585762222,-0.21778465276709294,-0.46575189117303956,-0.4657518911730395,-0.18186581830772156,-0.20974641155352228,-0.47071109103743386,-0.403669858519679,0.5514820441410171,0.294151403017244,-0.38082706319369375,-0.0387899193050627,-1.8812174109791044,0.47307186530265577,0.0,0.0,0.0,3.434217234343284,1.0,15.050308227539062,-12.119195938110352,1.4500000476837158
4.360118627548218,0.341151594330165,0.9377695877163549,-0.24476963139762792,-0.20580735030318542,-0.13534903937948328,0.9288260610520462,-0.12876234965687067,-0.23434804533822223,-0.2564827465299311,-0.46929589675408667,-0.46929589675408656,-0.17251481469652863,-0.13795458420056544,-0.5252019954112488,-0.5017069090011416,0.7337352921025551,0.20096144156065687,-0.4451872051410906,-0.38161619461166163,-2.2829770929420636,0.10184966694016917,0.0,0.0,0.0,3.50243522605866,1.0,15.206153869628906,-12.246288299560547,1.4500000476837158
4.380076885223389,0.2865975575797485,0.9375760941633823,-0.24540862146730907,-0.2083213310586769,-0.13163547845771942,0.9730857894346074,-0.13319831071548527,-0.12708841604339155,-0.13860299755254002,-0.47264529860500326,-0.47264529860500326,-0.16311475011962387,-0.2358146214791787,-0.2882336997984565,-0.24859152476733887,0.5518020659975836,0.21395286207599915,-0.3873323443446034,0.31408587063670623,0.4857629309382844,1.5809753771912196,0.0,0.0,0.0,3.2296657922850702,1.0,15.350869178771973,-12.346147537231445,1.4500000476837158
4.400124788284302,0.2840345945305549,0.9374128670041719,-0.24593199048759934,-0.2107853518725809,-0.1278440779456689,0.9695634304046569,-0.11300784762931569,-0.17308659198682738,-0.1312136138917326,-0.47582020901087096,-0.47582020901087085,-0.15360705939783886,-0.1877104664466759,-0.3739477458009318,-0.23341825265597152,0.6286632051592569,0.38129151249681753,-0.4043694514421385,0.2461764977742229,-1.0392874651151023,2.0114526847450076,0.0,0.0,0.0,3.300281388085233,1.0,15.484451293945312,-12.46416187286377,1.4500000476837158
4.4201319217681885,0.2596325621490472,0.9372811897641504,-0.24633693933175432,-0.21318114698651552,-0.12399952501713832,0.9523952849351968,-0.12199093022602578,-0.2456840913997222,-0.13304420847555543,-0.4787980121653688,-0.47879801216536877,-0.14405715374979278,-0.19410019504651232,-0.5241035849218737,-0.22537853670998978,0.50623760455366,0.24820932427481374,-0.481973325131553,0.33841241432825564,-1.8906221765688453,2.4861258933202643,0.0,0.0,0.0,3.56154148543022,1.0,15.629165649414062,-12.564020156860352,1.4500000476837158
4.440035581588745,0.26922364590057707,0.9371811743481625,-0.24662456152422393,-0.21549989199140476,-0.1201148144571523,0.9556581448298767,-0.20981071844485474,-0.10212417156477106,-0.179631918734343,-0.4815702512944313,-0.4815702512944313,-0.13449941660921141,-0.38811116785608835,-0.27398402447254167,-0.3174256788979329,0.6790193202604494,0.19204888276140963,-0.4967934310821429,-1.4060343090596408,1.0545066345274108,0.5154375257390278,0.0,0.0,0.0,3.4060246033791945,1.0,15.762748718261719,-12.682035446166992,1.4500000476837158
4.4600865840911865,0.2767480189413527,0.937111628870955,-0.24679927098304705,-0.21776857480689865,-0.11614113269481371,0.9556581448298767,-0.20981071844485474,-0.10212417156477106,-0.179631918734343,-0.4841701160699916,-0.48417011606999166,-0.12481706095230269,-0.38811116785608835,-0.27398402447254167,-0.3174256788979329,0.6790193202604494,0.19204888276140963,-0.4967934310821429,-1.3861364948790753,1.0807082958108367,0.4305747124125048,0.0,0.0,0.0,3.409727890164827,1.0,15.762748718261719,-12.682035446166992,1.4500000476837158
4.480098485946655,0.2842294818835592,0.9370733491078291,-0.24685974604161498,-0.21996353562155635,-0.11211532978576169,0.9556581448298767,-0.20981071844485474,-0.10212417156477106,-0.179631918734343,-0.48657083005444646,-0.4865708300544463,-0.11510355051051666,-0.38811116785608835,-0.27398402447254167,-0.3174256788979329,0.6790193202604494,0.19204888276140963,-0.4967934310821429,-1.3687116589483455,1.105628728165542,0.3446794041636756,0.0,0.0,0.0,3.4134311769504593,1.0,15.762748718261719,-12.682035446166992,1.4500000476837158
4.500096559524536,0.2601549242754402,0.9370659911640593,-0.2468078094517113,-0.22208580370341743,-0.10803300047103194,0.9093826227448606,-0.21281839163180094,-0.2886874782766207,-0.21069199680865314,-0.4887752337250567,-0.4887752337250567,-0.10535070430242109,-0.34320978020796905,-0.6620474255927493,-0.3363581509548981,0.42668211778121,0.3210063772593856,-0.5130779045016107,-0.8942928121407412,-3.235370871430911,0.5482597994600928,0.0,0.0,0.0,4.104025927178456,1.0,15.907463073730469,-12.772815704345703,1.4500000476837158
4.520111083984375,0.1211456965935866,0.9370893106363146,-0.24664471353066827,-0.2241365639984981,-0.10388844910517411,0.9551116609245921,-0.19718882350099218,-0.20611839133559454,-0.07995931343744926,-0.49078574338784564,-0.49078574338784564,-0.09554765348892519,-0.3895413823822659,-0.43925612383196977,-0.07902839119853873,0.4465846997584928,0.32671960148926593,-0.39542800843756243,-0.8403750173448381,-0.873114330639031,2.200448783622683,0.0,0.0,0.0,3.6546634137466825,1.0,16.041046142578125,-12.881752014160156,1.4500000476837158
4.540131092071533,0.34466623531709983,0.9371430399297525,-0.24637177470539698,-0.2261125617385845,-0.09968440582032138,0.9247829413278548,-0.1555476554968078,-0.24724513064675877,-0.24382633916358373,-0.4926001300507454,-0.49260013005074543,-0.08570362812616908,-0.19885130114065686,-0.5623188069088239,-0.45797827359850246,0.6050541031730026,0.26265649908190825,-0.5154821112969579,-0.16910189322950497,-2.39393131054877,-0.14948707304760234,0.0,0.0,0.0,3.6935167999160603,1.0,16.041046142578125,-12.881752014160156,1.4500000476837158
4.5601160526275635,0.1488072794962587,0.9372266346899035,-0.2459912472799812,-0.22800796591406555,-0.09543012610914628,0.915319394915811,-0.317067181999294,-0.22928205809761878,-0.0953338618985938,-0.49421443102773366,-0.4942144310277336,-0.07584257487673778,-0.6584330063929555,-0.5008680087572848,-0.033211029117965696,0.3157662101677381,0.33487956838028476,-0.495541660037754,-2.7060005231809727,-1.327171728368082,1.6243095791978708,0.0,0.0,0.0,4.408659613328282,1.0,16.17462730407715,-12.99068832397461,1.4600000381469727
4.5801331996917725,0.3597038822664724,0.9373399387545922,-0.2455033855151651,-0.22982717920474532,-0.09111198941368445,0.9646793949089388,-0.1366933746634636,-0.12669064041220232,-0.18616677467578266,-0.4956334724816892,-0.49563347248168915,-0.06593527853693082,-0.2286570446194948,-0.29979800770945525,-0.34659666980223647,0.4173379384175333,0.3374270220375645,-0.46120966040236855,1.129589173309606,0.04443548977020084,0.1064273228735444,0.0,0.0,0.0,3.3007167944316342,1.0,16.29707908630371,-13.081469535827637,1.4600000381469727
4.6001269817352295,0.16050383496588086,0.9374821668414334,-0.24491102960867495,-0.23156312497581788,-0.0867426860417828,0.9533350055194297,-0.2489646540629428,-0.15413173350662912,-0.07356885893385648,-0.49685261847229517,-0.49685261847229517,-0.05601317271163823,-0.4994349366202039,-0.33684436291475034,-0.0673582694189057,0.7188031215333428,0.21173636610622182,-0.49478860254411433,-2.8002451118756206,0.7498449226621822,1.855611890900249,0.0,0.0,0.0,3.7219395554129964,1.0,16.430662155151367,-13.181328773498535,1.4600000381469727
4.620098114013672,0.20239578916776135,0.9376526769076072,-0.24421611882805852,-0.23321418893346976,-0.0823230640383476,0.9348176089659515,-0.21821341459385682,-0.21595445661714574,-0.17850102611935972,-0.4978721100166011,-0.49787211001660114,-0.04607995299061639,-0.3871663003893533,-0.5025464414275552,-0.2767918466632098,0.7837861686510332,0.27988260618408034,-0.5283429095638302,-2.184343166374739,-1.3216579200069998,0.3420552313605012,0.0,0.0,0.0,3.8040264508390567,1.0,16.430662155151367,-13.181328773498535,1.4600000381469727
4.6401073932647705,0.25079998195599545,0.937851417470154,-0.2434180616239811,-0.23478335663530636,-0.07784048735398023,0.8884072201017681,-0.3339458419814624,-0.29017477291856064,-0.12252096578138223,-0.49869441162382794,-0.49869441162382777,-0.03610933141397309,-0.709226580921614,-0.6402768277750585,-0.029797148376220484,-0.08498175326316984,0.2269931090724685,-0.632273867309451,-1.4752465859096304,-2.2557104724968235,1.4586243611345726,0.0,0.0,0.0,5.080729311846886,1.0,16.56424331665039,-13.290265083312988,1.4600000381469727
4.660089731216431,0.23238308858225928,0.9380771094258578,-0.2425210507154628,-0.23626352930385894,-0.07331044572214487,0.9254394409099911,-0.18772796143637718,-0.28679555965050113,-0.16145699324557447,-0.49931635298201904,-0.4993163529820188,-0.026137705422162764,-0.32157063557954557,-0.6328482496331223,-0.23934589032904008,0.4998861561452955,0.10536992854547723,-0.5705374976307637,-0.6904140064560944,-1.9371409191137972,1.1138691531341902,0.0,0.0,0.0,4.062895678778582,1.0,16.67556381225586,-13.3810453414917,1.4600000381469727
4.680100202560425,0.16259200081953631,0.9383296690637746,-0.24152432843572533,-0.23765687270727273,-0.06872147978134949,0.9189848082544918,-0.23629784869477463,-0.28791268333739756,-0.12936976336507663,-0.4997393813504948,-0.49973938135049484,-0.016141583795424855,-0.46203450746708097,-0.6314482403273691,-0.12634522413372012,0.47172126710157947,0.12612364309212787,-0.5859022346256806,-1.663050383856135,-1.8397178656719686,1.4464613068537893,0.0,0.0,0.0,4.3343070191943305,1.0,16.79801368713379,-13.471826553344727,1.4500000476837158
4.700094938278198,0.24042698657818856,0.9386078115564089,-0.24043174619034624,-0.2389583681043117,-0.06408470817655254,0.9608856276757234,-0.17395851886295424,-0.16970423326138212,-0.13280706854081484,-0.49996221460809254,-0.49996221460809254,-0.006146866207399339,-0.3169190595191171,-0.38152748696573613,-0.21298739102352313,-0.17391457359676088,0.18379164810598841,-0.5161457636472402,2.4678282697086154,0.25569316860449653,0.7877383432273464,0.0,0.0,0.0,3.5558578256449556,1.0,16.92046356201172,-13.562606811523438,1.4500000476837158
4.72011137008667,0.1943454844491218,0.9389112664568429,-0.23924300939848633,-0.2401685520754719,-0.05939261543605043,0.9349137308606909,-0.27080691765475234,-0.18633097998792547,-0.1337187163235386,-0.4999850912484135,-0.4999850912484136,0.0038611564738504703,-0.5273716193357963,-0.43436085089149645,-0.16512490134189295,0.10761163344531133,0.19720452191479124,-0.583870172555589,-0.6213214392782361,-0.11519241431462879,0.5258015198602011,0.0,0.0,0.0,4.016485040702883,1.0,17.04291534423828,-13.653387069702148,1.4500000476837158
4.740108013153076,0.22577273475792053,0.9392385640178711,-0.23796239083263335,-0.24128307388959272,-0.054656185974269855,0.9221708221694636,-0.2142642379907742,-0.28179753387476725,-0.15582670169014057,-0.4998079261043166,-0.4998079261043166,0.01385774163786965,-0.3892284749015929,-0.6267395600354899,-0.20722173227666463,0.7315513259176397,0.13951570895365423,-0.516887766169871,-2.1183431927100314,-1.9088814135438776,0.45560653167958565,0.0,0.0,0.0,4.205947976670699,1.0,17.04291534423828,-13.653387069702148,1.4500000476837158
4.760105848312378,0.3056215082265976,0.9395891301200989,-0.23659052698088695,-0.2423014361488468,-0.04987186725267091,0.9627564129339474,-0.16842311285684083,-0.15063967513346843,-0.14846357359922854,-0.49943088312624734,-0.49943088312624717,0.023849381118526213,-0.30185316537669793,-0.34698922847846697,-0.25270869879270763,0.24243879490641135,0.19424437490617866,-0.5176102799566292,0.9900603445070344,0.5232697045062561,0.13745028078779908,0.0,0.0,0.0,3.5187164528307986,1.0,17.16536521911621,-13.735089302062988,1.4500000476837158
4.7801008224487305,0.28934875641225216,0.9399619706525499,-0.2351295826563498,-0.24322167942752115,-0.04504206637446455,0.9102064269838657,-0.27915474862620665,-0.24782261365123845,-0.17939018579558086,-0.4988542144868342,-0.4988542144868342,0.033830055996460405,-0.5265183558056148,-0.583915282838347,-0.22753674305686872,-0.20572839921448513,0.226907944122521,-0.56368422597946,0.5047285832775624,-1.7309943626007998,-0.4902317624397945,0.0,0.0,0.0,4.380356627211897,1.0,17.265552520751953,-13.825870513916016,1.4500000476837158
4.800095796585083,0.3470599553250644,0.9403561803673111,-0.23358126686327269,-0.24404222638361084,-0.04016761826745925,0.9459389978406545,-0.2061183799696462,-0.16252735563791243,-0.19052423591830597,-0.4980781110805737,-0.4980781110805738,0.04379720610275953,-0.363536099599919,-0.3963165450603371,-0.32373050034971457,0.715554910084552,0.1031621307876173,-0.5603358024162368,-1.5202884616682775,0.42318843112595095,-0.8287121683851844,0.0,0.0,0.0,3.6686789983573913,1.0,17.37687110900879,-13.907572746276855,1.4500000476837158
4.820110559463501,0.09530510178454972,0.940771194908015,-0.23194584124362636,-0.24476204527444964,-0.03524523732648379,0.9313009482102098,-0.2459808361801817,-0.25705998795043233,-0.0780521280285573,-0.49710181950266946,-0.4971018195026693,0.053756683743842154,-0.5102976778986086,-0.5435750798200728,-0.022103857225091613,0.06780426739682648,0.14560220299947887,-0.46061827120939436,-0.3783419712325332,-1.048843226492004,1.018712120536935,0.0,0.0,0.0,4.233785134561929,1.0,17.47705841064453,-13.989274978637695,1.4500000476837158
4.840105772018433,0.1915642979076488,0.9412051860463755,-0.23022845980577983,-0.2453780650597393,-0.03028628802617843,0.9433664923882916,-0.200915948363517,-0.23474077818218575,-0.12078580127904903,-0.49592764534580225,-0.49592764534580236,0.06368493214071964,-0.3791677962746299,-0.5137295135279237,-0.1539679228450192,-0.18076362019751097,0.009646977796581135,-0.6014969143166969,1.735363308805996,-0.26221039060422446,0.7985974153372299,0.0,0.0,0.0,3.90450465476734,1.0,17.588376998901367,-14.070977210998535,1.4500000476837158
4.860113620758057,0.20699669458447922,0.941657804287677,-0.22842836083320142,-0.2458897174927859,-0.025284588635877833,0.9085185073453869,-0.24609419654774914,-0.3376595688182387,0.004217086898464338,-0.4945542717869369,-0.49455427178693684,0.07359396889210823,-0.6049456720611475,-0.657909877853525,0.2215228370159663,0.6647873166647181,0.006064556710015399,-0.5400610180648715,-3.3347422457029294,-1.7718325526178154,3.031475249752762,0.0,0.0,0.0,4.852322407070935,1.0,17.68856430053711,-14.161758422851562,1.4500000476837158
4.8805272579193115,0.375043001848108,0.9421374237064256,-0.22650964316272332,-0.2463021200362358,-0.02014254382570691,0.9111640112687237,-0.33693617176552915,-0.1811810032791059,-0.15306078784409624,-0.4929490146422574,-0.4929490146422574,0.08367358581552156,-0.6684236113684672,-0.4481674066107958,-0.1749103158540381,-0.15578310089112726,0.1781319775628313,-0.5383155922801303,-0.916927426915583,-0.19570328641599444,-1.2027373173325606,0.0,0.0,0.0,4.458740281004439,1.0,17.78875160217285,-14.225305557250977,1.4500000476837158
4.900094032287598,0.19302707774590255,0.9426129890449219,-0.22459461995309354,-0.24659199538396287,-0.015178846612272173,0.9394579941611646,-0.2835227205329636,-0.18346750610802803,-0.058079414173775816,-0.49121753504806925,-0.4912175350480691,0.0933023754322414,-0.5851252543493096,-0.3872610338292705,-0.0054991841939949215,-0.11752533354343091,-0.03624700736685499,-0.5833309393503844,-0.42425655392446465,1.1446518488097723,0.9494209576192505,0.0,0.0,0.0,4.086450797654818,1.0,17.888938903808594,-14.297929763793945,1.4500000476837158
4.92010498046875,0.12638174139969444,0.9431143087860914,-0.22256125551832995,-0.2467802697049673,-0.01006909079218779,0.9559195095490368,-0.22691455244247158,-0.1863381266430898,0.002404103264323882,-0.4892522428398949,-0.4892522428398948,0.10311276776487284,-0.48367693508479176,-0.36308249163824746,0.09552529867623158,0.4624097078938376,0.01688017589855037,-0.4882775951275471,-1.924143948130769,1.192155383301281,1.900434330209001,0.0,0.0,0.0,3.808280070157533,1.0,17.989126205444336,-14.379631996154785,1.4500000476837158
4.940110921859741,0.17998138849492035,0.9436295276177918,-0.22045471029819483,-0.2468577330358833,-0.004928991331536223,0.9657494812280221,-0.18181803924173498,-0.17961915471263015,-0.044800662656008954,-0.48709160712636246,-0.4870916071263623,0.11287943243592863,-0.36789375750464764,-0.371727350992335,-0.022773674397535207,0.2582276906389933,0.017990881734637115,-0.5684219983613302,-0.0027267547980667217,1.1266055117871598,1.4176808415711268,0.0,0.0,0.0,3.616495086408253,1.0,18.067049026489258,-14.434101104736328,1.4500000476837158
4.960095405578613,0.22835544488525605,0.9441570831705902,-0.21827887101373536,-0.2468231787533078,0.00023494230102266006,0.9014538823335145,-0.2750313516962705,-0.33358357546010886,0.02146280021820334,-0.48473865611365546,-0.48473865611365546,0.1225905186754967,-0.6836818526104398,-0.6305815076112771,0.27868502105295123,-0.3432992722806711,0.07634894275806062,-0.604379364834752,0.010724953656493952,-2.0621022422554955,2.9171694385185285,0.0,0.0,0.0,5.01980051766433,1.0,18.156103134155273,-14.506725311279297,1.4500000476837158
4.980304002761841,0.19324079060941043,0.944702516473915,-0.21600796055711788,-0.2466731425389829,0.0054842587237825605,0.9150765635890756,-0.30076810021586264,-0.2676417854992489,-0.023266012063164695,-0.4821624651105133,-0.4821624651105132,0.1323607088170542,-0.6723431095317178,-0.5280163022021311,0.13751886022390636,0.32687720766282113,-0.05592042849334081,-0.5453926914905127,-2.892821666402651,-0.45216209730518475,1.3140381063351563,0.0,0.0,0.0,4.644887100492253,1.0,18.256290435791016,-14.570271492004395,1.4500000476837158
5.0001044273376465,0.2696667975325465,0.9452474905236479,-0.2137159884475935,-0.24641264883896427,0.010651968493173888,0.904603737724077,-0.2854041213361711,-0.3071020206620747,-0.07697346377309397,-0.47944732367390286,-0.47944732367390286,0.14188116091268702,-0.6262361593142924,-0.6429366771017143,0.045040422189743114,0.022565698319429825,-0.0471674993269676,-0.6363908929899174,-1.1744782206799813,-1.548773738815065,0.8037764197710955,0.0,0.0,0.0,4.8279718727629355,1.0,18.334213256835938,-14.642895698547363,1.4500000476837158
5.020142078399658,0.18532242708160632,0.9458085143112741,-0.21133112818146269,-0.24603349441183145,0.01590371482873846,0.9320155340972902,-0.29453064856580347,-0.21118414058701837,-4.612194244187972e-06,-0.47650830110255465,-0.4765083011025546,0.15145903400047522,-0.640048661806061,-0.40460590489779874,0.13573408436008164,-0.15775180991568885,0.005635012812328297,-0.4814131863167625,-0.9339118350015404,0.47510343479124145,1.072422874935771,0.0,0.0,0.0,4.247015802546695,1.0,18.401004791259766,-14.688285827636719,1.4500000476837158
5.04010272026062,0.21296047583685057,0.9463757942159354,-0.20889199799751626,-0.2455391248410624,0.021154845001755233,0.9305381730825283,-0.15220523369501407,-0.3292121753271369,0.05051355153274441,-0.47339035853181477,-0.4733903585318148,0.1609396422548522,-0.4057033437023279,-0.6401454982118662,0.2446053023562181,0.4551515274868115,-0.01912708972913263,-0.6636894448760853,-0.9226059385072611,-1.4383497743342377,3.8450949959479876,0.0,0.0,0.0,4.244710406582725,1.0,18.478927612304688,-14.760910034179688,1.4500000476837158
5.060107707977295,0.2897706681489974,0.9469516498294622,-0.20638593345779055,-0.24492576901560553,0.026434580158008418,0.9039636041742226,-0.3395960302702274,-0.25975006689925434,-0.007364869237476263,-0.47007625556656596,-0.47007625556656596,0.1703769760047307,-0.7658995543317966,-0.4945224567796259,0.18638271004816115,-0.09783050961050581,-0.09292776782143355,-0.6269386432610523,-2.135586334645528,-0.3295660762135265,1.2990119275336447,0.0,0.0,0.0,4.916673818039068,1.0,18.556852340698242,-14.81537914276123,1.4500000476837158
5.0801310539245605,0.15412855739671188,0.9475342656728228,-0.20381790808273037,-0.24419268487551476,0.03173339524746094,0.9278601708372842,-0.1924714454250035,-0.3154391235779649,0.05028325154742007,-0.46657073467748855,-0.46657073467748844,0.1797546926856396,-0.4912552690785266,-0.6016586245098592,0.2635174760727176,-0.2502434705462862,-0.016935088390318376,-0.5790617974916878,1.0904215120841338,-1.2956967929916143,3.026106661366317,0.0,0.0,0.0,4.286677014043009,1.0,18.623641967773438,-14.860769271850586,1.4500000476837158
5.100094795227051,0.28919558410678575,0.9481202685763773,-0.20120009628176086,-0.24334218656434967,0.03702779778692913,0.9086057505100754,-0.2526478612185856,-0.32685428702979374,-0.06140784487296678,-0.46288942384104864,-0.4628894238410488,0.18903275191379385,-0.5665322022053387,-0.6751219136104503,0.06867415668675791,0.2412750572761399,-0.06503183400170248,-0.6461760170306705,-1.5587638262945946,-1.9499791153404484,0.8330548415063217,0.0,0.0,0.0,4.7216214920473565,1.0,18.701566696166992,-14.906159400939941,1.4500000476837158
5.120104551315308,0.32612261621499816,0.9487116806110233,-0.19852069231783068,-0.24236906158721236,0.042342883453905585,0.9093494071985777,-0.3518398527263296,-0.22179679467235497,0.009927513997933197,-0.4590145118555169,-0.45901451185551695,0.19825659612240273,-0.7778999499302425,-0.40758767560551484,0.19082257233980598,-0.184586686311652,-0.04588981507749197,-0.5236015278213835,-2.1873434654408355,0.12455637477583897,0.6878067276725197,0.0,0.0,0.0,4.72205848591271,1.0,18.76835823059082,-14.951549530029297,1.4600000381469727
5.140105962753296,0.27975941633560236,0.9493058506699481,-0.19578879178628258,-0.24127485498016246,0.04766125521821392,0.9355923969095019,-0.2871333046938344,-0.19964405138615873,-0.048616714480223,-0.4549575516996677,-0.4549575516996678,0.2073972664994508,-0.6009686915587388,-0.4131430040933126,0.02585614016818674,-0.0490547848794181,-0.148659777857367,-0.5856201186941206,-1.1668517455017013,0.8547973583732056,-0.07619189217382782,0.0,0.0,0.0,4.080089863386263,1.0,18.824016571044922,-14.996939659118652,1.4600000381469727
5.160095930099487,0.29088510637782045,0.9499016466324983,-0.19300685584106583,-0.2400592390104301,0.05297902499053391,0.9501604908024566,-0.20851777340447003,-0.2139440927755585,-0.08912522122788961,-0.45072106600521034,-0.4507210660052104,0.21644981094731133,-0.41109200352383324,-0.45975753635234823,-0.08955035118582871,0.23929462057954412,-0.2272684044436234,-0.5215849892347157,-0.5962585865686829,0.8414758436047977,-0.7889142854480551,0.0,0.0,0.0,3.7427079096669775,1.0,18.89080810546875,-15.042329788208008,1.4600000381469727
5.180097341537476,0.17697857192583596,0.950498736633106,-0.19017364237857445,-0.23872022621590636,0.05829915092659452,0.9345001818863826,-0.2712163376186568,-0.22880823770663195,0.028247099331190267,-0.4463018990045263,-0.44630189900452627,0.22542097272648234,-0.6072242612324744,-0.4249997235096477,0.19542301437958365,-0.22539834156366945,-0.1554663612435034,-0.6247261042235092,-0.5679528502852311,0.5251119552375212,1.5216391285788253,0.0,0.0,0.0,4.098800495415715,1.0,18.946468353271484,-15.087719917297363,1.4600000381469727
5.200086832046509,0.1617528720806276,0.9510954340793789,-0.18729438661298903,-0.23725887455913014,0.06361221942014705,0.9498297308859784,-0.24265974587004865,-0.18056105401863423,0.07960801361064761,-0.4417069850641371,-0.4417069850641371,0.23429669085488622,-0.5399715153457726,-0.30927613326610204,0.2534603127189061,-0.10777789673936333,-0.07951333217884335,-0.6179048094001336,-0.774820769582141,1.3800282887771265,2.3023979308205447,0.0,0.0,0.0,3.757360229625678,1.0,18.946468353271484,-15.087719917297363,1.4600000381469727
5.22009801864624,0.3002935062699246,0.9516917779895023,-0.18436611864153,-0.23567221158161064,0.0689238905784477,0.9064803927370487,-0.2960639036710065,-0.3009591313748257,0.007941269953931929,-0.4369303058801851,-0.43693030588018517,0.2430882716287394,-0.6995329238575979,-0.571536338734759,0.23104810970504575,0.290830885170293,-0.1435116961323832,-0.6658808434810471,-3.078635013939974,-1.260550553689154,1.2793657318263356,0.0,0.0,0.0,4.739631725810029,1.0,19.002126693725586,-15.124032974243164,1.4700000286102295
5.2401182651519775,0.23024869260729164,0.9522864518350996,-0.1813924702657934,-0.23396061810536664,0.0742274515118532,0.9212306182011195,-0.28379395213550557,-0.23937363184091143,0.11616972582986182,-0.4319763837037132,-0.4319763837037133,0.2517864252144311,-0.6739299729187438,-0.3845047636732441,0.3870568601368835,-0.18290966867500283,-0.19992379591554277,-0.6298133735429974,-1.5195590137198618,0.5514237844650338,2.904657912518931,0.0,0.0,0.0,4.198582983326774,1.0,19.046653747558594,-15.160345077514648,1.4700000286102295
5.260203838348389,0.1378231482468964,0.9528802024487784,-0.17836671586743813,-0.23211834492976502,0.07953432214400469,0.9394473892133097,-0.1550942149072959,-0.2955348809492621,0.07774008968924166,-0.42683231582531467,-0.4268323158253147,0.2604115476840433,-0.40951926385024945,-0.5599748252348863,0.28441106627310286,0.002379007755016982,-0.3093658525024818,-0.6393583485791378,0.4952880513313105,-0.002845246366563803,2.8788744898598835,0.0,0.0,0.0,3.9068117314974495,1.0,19.102313995361328,-15.205735206604004,1.4700000286102295
5.280102729797363,0.26709827154256566,0.9534647368073184,-0.17532902810093015,-0.23016948819705357,0.08477460865873099,0.9140336074861882,-0.2642345165175973,-0.30592282108979535,0.03367361285870359,-0.4215662539465661,-0.42156625394656616,0.2688529217499028,-0.6423159391672655,-0.5721632392546755,0.26873990722023194,0.026823661284492983,-0.2064183586363325,-0.6073486701900247,-1.5772510550277838,-1.1303343730641975,1.378158450976557,0.0,0.0,0.0,4.485342049306399,1.0,19.146841049194336,-15.223891258239746,1.4800000190734863
5.300128936767578,0.3212258767487835,0.9540484547189776,-0.1722334608737881,-0.2280837951952116,0.0900275700722665,0.9150669726015741,-0.20490827748154797,-0.3473398224431162,-0.004481207261392677,-0.41609797803553494,-0.41609797803553483,0.2772408207222368,-0.5037441547621021,-0.6912683404670495,0.17500641394235877,-0.3175447516566691,-0.22609539272885884,-0.5764908573101921,1.1582785485305098,-1.9333440498913483,0.8345781745217253,0.0,0.0,0.0,4.464491822981098,1.0,19.20250129699707,-15.251126289367676,1.4800000190734863
5.32010293006897,0.31889873661571644,0.9546252937431041,-0.16910932362818362,-0.22587930682243065,0.0952424482955409,0.9520228014271992,-0.2655690095817261,-0.15187970069118223,-0.007631725260086141,-0.41047773939641274,-0.4104777393964128,0.2854961041065371,-0.5544572534027387,-0.2976134152304478,0.06923440786295523,0.07415585247411252,-0.30549872025982416,-0.6118119035307521,-1.8232977779210224,2.0913950414143945,-0.19796620088469874,0.0,0.0,0.0,3.7019471996487754,1.0,19.235897064208984,-15.28743839263916,1.4800000190734863
5.340064764022827,0.2325074155723847,0.9551956689627269,-0.16595227106476104,-0.22355234432663226,0.10042622699954268,0.9232646477797761,-0.1567767306409904,-0.3348182782658807,0.1044038669239767,-0.4046973122456612,-0.4046973122456612,0.2936325688017897,-0.4593310297674019,-0.6255158934977844,0.3761208688076426,0.020840545399201854,-0.32523957833831646,-0.5627306468641518,0.19164218239429498,-0.935790277840258,2.8013662756909365,0.0,0.0,0.0,4.120096253820903,1.0,19.280424118041992,-15.305594444274902,1.4900000095367432
5.360090017318726,0.15307275528386463,0.9557609820763723,-0.16275193414468864,-0.22109386367536227,0.10559477504910694,0.9601463409007729,-0.2088898202026991,-0.1620723294383604,0.09064550237581702,-0.39873649738788947,-0.39873649738788947,0.3016773204117896,-0.46403279193113506,-0.27688067300465985,0.25407438415892597,-0.38375979477037697,-0.1974096830812386,-0.6299321683197922,0.6088344023719602,1.7911409865435441,1.82857517620394,0.0,0.0,0.0,3.4759908073692087,1.0,19.313819885253906,-15.332828521728516,1.4900000095367432
5.380087614059448,0.21115908003126418,0.956317946942531,-0.1595244636018377,-0.21851506003450705,0.11072081288666624,0.9547193490576704,-0.21186135763919992,-0.20793572444611488,0.019709494494850363,-0.39262435259352096,-0.39262435259352085,0.30959024169136634,-0.4644779878978378,-0.39920845422659645,0.13689932077962855,0.007648051372540099,-0.29766739499820954,-0.610098575971296,-0.6623869146740962,0.9797610915367452,0.4407378744191912,0.0,0.0,0.0,3.6134482163647474,1.0,19.34721565246582,-15.350984573364258,1.5
5.400198221206665,0.2856289814847882,0.9568697677136336,-0.15624862070840603,-0.21579745581998663,0.115836411477559,0.9655687412569088,-0.1464973764005069,-0.21337097953304787,-0.026236419504660824,-0.3863193313937429,-0.38631933139374286,0.3174230208908792,-0.3040188117594356,-0.4331542504367718,0.013056606742301434,-0.30909579693078454,-0.19180612032560163,-0.5668641479972547,2.057738280823651,0.4298225498401579,-0.43709729840014777,0.0,0.0,0.0,3.4346197587659013,1.0,19.369478225708008,-15.378218650817871,1.5
5.4201271533966064,0.2093619505959637,0.9574077826393875,-0.15297417027188978,-0.21298206336370148,0.1208630698621313,0.9575848573297914,-0.12642235371989877,-0.2572133084244654,0.02983192018534267,-0.37991713505609925,-0.3799171350560992,0.325058410890667,-0.2988517205256963,-0.5064366904246208,0.14016255867125688,-0.21594128455793316,-0.3134283978393568,-0.6048551322292812,1.8674037345183472,0.19319549023969107,0.9243398436114252,0.0,0.0,0.0,3.543969269717457,1.0,19.41400718688965,-15.387296676635742,1.5099999904632568
5.4401021003723145,0.17444194293876275,0.9579376503712149,-0.14966555792870556,-0.21003862657220856,0.12585489310640866,0.9383399103731788,-0.14421922716475905,-0.293646740972792,0.11176143625111622,-0.373348751645756,-0.37334875164575604,0.3325818841196188,-0.4043075131616676,-0.545498862931034,0.35162790939096855,0.11152279359643422,-0.26031721984518486,-0.5487730822909813,-0.13075518985642226,-0.6713611358441041,2.247552598157141,0.0,0.0,0.0,3.767999557934097,1.0,19.436269760131836,-15.39637565612793,1.5099999904632568
5.4601030349731445,0.4002578036768369,0.9584582492112422,-0.1463274883492473,-0.20697020962092594,0.13080284019007904,0.8879139963064736,-0.30360956471517603,-0.29670012784643607,0.17719763404864483,-0.3666225723881598,-0.3666225723881598,0.3399821898504222,-0.7890798950407429,-0.4326637733977866,0.5764615441977936,-0.29537878584354227,-0.3746613796813252,-0.6241203523298369,-1.9972104355724825,-0.7890954368225667,3.181923624956946,0.0,0.0,0.0,4.610218067818291,1.0,19.46966552734375,-15.423609733581543,1.5199999809265137
5.480104923248291,0.3129789762359946,0.958968406143928,-0.1429655823482958,-0.20378128974094742,0.13569680995919872,0.9213172144191645,-0.25686151164547727,-0.2824592448189427,0.07357668969466012,-0.35974940412438006,-0.35974940412437995,0.3472468376128909,-0.6284362055255146,-0.5037020378607816,0.3262407873858475,-0.30650855135017097,-0.31693541040326245,-0.5879397930312841,-0.5993689264167208,-0.881431059024882,1.0232850558438187,0.0,0.0,0.0,4.161888211996578,1.0,19.46966552734375,-15.423609733581543,1.5199999809265137
5.500088453292847,0.26112583669662387,0.95946718085523,-0.13958456658521778,-0.20047609345102896,0.14052833731154976,0.9192300756274385,-0.19179559329839044,-0.31305766006173746,0.14221610292073691,-0.35273881931766415,-0.35273881931766415,0.3543660894419503,-0.5438361834876391,-0.5480117785353088,0.46341216785578454,0.05188245499875657,-0.31751831699792493,-0.6455402463054387,-1.0121038558383946,-1.193655506855553,2.8325888995657347,0.0,0.0,0.0,4.040577249788958,1.0,19.480798721313477,-15.423609733581543,1.5199999809265137
5.520101308822632,0.26683872118371793,0.9599553313044227,-0.13617776460050518,-0.197047739487767,0.14530508143691026,0.9272526669394117,-0.22617133690933458,-0.2798768763193166,0.10352754278999733,-0.34557677922705865,-0.34557677922705893,0.3613539672662425,-0.5723002046265656,-0.4917885538854007,0.36979601789447286,-0.10718380591965448,-0.41657327331745586,-0.4595622450841135,-0.9827752008474686,-0.42814596180463393,1.0021239615665998,0.0,0.0,0.0,3.987208098042972,1.0,19.503061294555664,-15.432687759399414,1.5199999809265137
5.540227890014648,0.13641062860903966,0.960434405317999,-0.13273196573557577,-0.19348172756795357,0.15004265876993675,0.9547208871644706,-0.17216447129842807,-0.15328095215394347,0.18807544268510767,-0.3382344596351887,-0.33823445963518867,0.3682355907775508,-0.4080713604450021,-0.22994218942843833,0.4367895038333129,-0.2790342209613358,-0.35193635080804264,-0.5751495309716922,0.07571325404339135,2.1404724964339312,2.7889954921549944,0.0,0.0,0.0,3.2971374434895457,1.0,19.51419448852539,-15.432687759399414,1.5299999713897705
5.560125112533569,0.2405726080531785,0.9608959935032045,-0.1293073908454688,-0.18984118233813166,0.15465708464434078,0.9266732194443048,-0.17434245001470952,-0.2958990606466692,0.15272589955870158,-0.3308411263751254,-0.33084112637512536,0.37489218329919655,-0.49603212754911924,-0.5180077674342132,0.46067340298813275,-0.02098130371467713,-0.45874144178450527,-0.5434694318179346,-0.5346756815656771,-0.4774780268403833,2.3459114291960272,0.0,0.0,0.0,3.8630692256151473,1.0,19.547588348388672,-15.441765785217285,1.5299999713897705
5.580145835876465,0.49136836699660685,0.961348069080349,-0.1258447246937854,-0.186063900173591,0.15922694619448644,0.9022436149191361,-0.23517839640410146,-0.35939254855036085,0.03853021215775306,-0.3232697118872233,-0.3232697118872234,0.3814402880876003,-0.6216299362492752,-0.6820636441070723,0.3123830947635839,-0.05821865136406626,-0.38414655726884406,-0.6260941812932095,-1.016921424626359,-2.667899383347361,0.4013546489701181,0.0,0.0,0.0,4.6655566803868345,1.0,19.547588348388672,-15.441765785217285,1.5399999618530273
5.6001198291778564,0.5046991872203325,0.9617864456929094,-0.12237453448439013,-0.18218288839797853,0.16370919756109875,0.9022436149191361,-0.23517839640410146,-0.35939254855036085,0.03853021215775306,-0.3155868489593798,-0.31558684895937983,0.38782075855205284,-0.6216299362492752,-0.6820636441070723,0.3123830947635839,-0.05821865136406626,-0.38414655726884406,-0.6260941812932095,-1.0463940190014305,-2.764839448060581,0.3141222027781838,0.0,0.0,0.0,4.6655566803868345,1.0,19.547588348388672,-15.441765785217285,1.5399999618530273
5.620098829269409,0.1523157766199987,0.9622120624354232,-0.11888905573703859,-0.17819010642130004,0.1681119427741235,0.9440335732508474,-0.13789735905751094,-0.24960441790171203,0.16577866420063975,-0.30777611064727145,-0.30777611064727145,0.39404805000765897,-0.38889115177926287,-0.43956849559866873,0.43559917590775193,-0.26683665978156457,-0.48717217793802226,-0.6128184737120924,0.9067491120642196,0.4401314528367217,2.569557911079227,0.0,0.0,0.0,3.524977122111291,1.0,19.5587215423584,-15.441765785217285,1.5399999618530273
5.640125036239624,0.27553283333413636,0.9626255654340468,-0.11538200101758875,-0.17407846382346034,0.1724404333293763,0.9417579778633832,-0.21106234920248848,-0.2409138315789535,0.10249449562657433,-0.2998236357136812,-0.2998236357136812,0.400132212484111,-0.5122309124529045,-0.42300187180768983,0.32914644615302535,-0.053283185943858155,-0.3944667639764333,-0.5538776793695237,-1.2030850986095238,-0.2729268285330131,0.7619582865281675,0.0,0.0,0.0,3.709699378498761,1.0,19.569852828979492,-15.441765785217285,1.5499999523162842
5.660125732421875,0.3315312399051915,0.9630252628313504,-0.11186716531007682,-0.16986460173232668,0.17667511865685717,0.9170531324319092,-0.14695698395314816,-0.3250032893669245,0.17829766982464015,-0.2917612795509369,-0.2917612795509369,0.4060484647856707,-0.4771321502919057,-0.574823176810034,0.5275872444904296,-0.3705453845980551,-0.3694626341937689,-0.6759894758205732,1.2461491045063606,-1.7867394777930996,3.12553983338198,0.0,0.0,0.0,3.9662126696025566,1.0,19.580984115600586,-15.441765785217285,1.5499999523162842
5.6801066398620605,0.4061268874639872,0.963411177222186,-0.10834461538829307,-0.1655496753532998,0.18081386260500382,0.9328006472866944,-0.26641389438146085,-0.2304559766978204,0.07613561654233496,-0.28359036363591944,-0.2835903636359194,0.4117966799925018,-0.615915576755428,-0.39994946529007414,0.291639822936475,-0.23446548026424102,-0.40489608061820825,-0.5951181280391296,-1.5928738298315925,-0.5308448912031523,0.09148343855716812,0.0,0.0,0.0,3.9461925038466945,1.0,19.580984115600586,-15.441765785217285,1.5499999523162842
5.700357675552368,0.34788014512802473,0.9637885465754993,-0.10476403331996385,-0.161071246198684,0.18491129889875135,0.9633777704883796,-0.12213482486660984,-0.23687935109638475,0.029572434931824966,-0.27519347551126055,-0.27519347551126067,0.4174548490987177,-0.282828042600076,-0.46585287233033007,0.12889512065955724,-0.15122355349768996,-0.5236650347242672,-0.534574028559392,1.049966114963587,0.24235755884576538,-0.7515805458423745,0.0,0.0,0.0,3.455792557207515,1.0,19.603248596191406,-15.432687759399414,1.559999942779541
5.720097064971924,0.3595701981630813,0.9641429710327888,-0.1012647496704002,-0.15660625742025777,0.1888074734195608,0.9633777704883796,-0.12213482486660984,-0.23687935109638475,0.029572434931824966,-0.26690009486660066,-0.2669000948666006,0.42280532087498574,-0.282828042600076,-0.46585287233033007,0.12889512065955724,-0.15122355349768996,-0.5236650347242672,-0.534574028559392,1.0027769996181144,0.14306220482866872,-0.8321122287786937,0.0,0.0,0.0,3.455792557207515,1.0,19.603248596191406,-15.432687759399414,1.559999942779541
5.740127086639404,0.37149792828022055,0.9644890309512191,-0.09770557502740873,-0.1519772282593284,0.19265890032374303,0.9633777704883796,-0.12213482486660984,-0.23687935109638475,0.029572434931824966,-0.2583783227949415,-0.25837832279494166,0.4280661658081294,-0.282828042600076,-0.46585287233033007,0.12889512065955724,-0.15122355349768996,-0.5236650347242672,-0.534574028559392,0.9543393890109588,0.04071970377927281,-0.911669719653248,0.0,0.0,0.0,3.455792557207515,1.0,19.603248596191406,-15.432687759399414,1.559999942779541
5.760165691375732,0.17570758566270492,0.9648215235346455,-0.0941372733405077,-0.14724956651132795,0.1964056176755794,0.9496191417274779,-0.17948075156229656,-0.14730634303121137,0.21050175007864586,-0.24974917453834275,-0.2497491745383427,0.43315741921086426,-0.42417155917943616,-0.2056544078478241,0.48071638956965307,-0.46315349137686285,-0.5964551349505732,-0.6939957700511344,0.13587729327383324,2.031254731299865,2.85647587508641,0.0,0.0,0.0,3.3366960717470504,1.0,19.603248596191406,-15.423609733581543,1.559999942779541
5.7801055908203125,0.08129640252563472,0.965138760048454,-0.09057978270295701,-0.14245176351244412,0.20002492817099746,0.9578859481099318,-0.12663511266621513,-0.1595995553086602,0.20235128020062024,-0.24106298305684878,-0.24106298305684887,0.43805095388519977,-0.3232547192303981,-0.2573376633498286,0.458559594570622,-0.052799490215496216,-0.4961998338929336,-0.6261923087856799,-0.43593727333991017,1.4931109618200518,2.5070311074986114,0.0,0.0,0.0,3.2610145280605094,1.0,19.603248596191406,-15.423609733581543,1.559999942779541
5.800105810165405,0.19454499302667222,0.9654433308713676,-0.08700548512027396,-0.1375484603367382,0.2035427264580527,0.9682930398752241,-0.07988390373806335,-0.19882439967092685,0.12843678969929415,-0.23225423992329014,-0.23225423992329017,0.44278433580881654,-0.22281836057601204,-0.3731178220642712,0.3059717854962539,-0.35247058665243247,-0.5574420188597515,-0.4834734661269561,2.0084103723441245,0.9527369502577445,0.5983007062960297,0.0,0.0,0.0,3.306759360773293,1.0,19.603248596191406,-15.423609733581543,1.559999942779541
5.820123195648193,0.27117626942166334,0.9657345407684662,-0.0834227451128901,-0.1325524497496444,0.20694755478119925,0.9772479257398643,-0.10682609606137257,-0.16570960662715645,0.07819848533630414,-0.22334491700946815,-0.22334491700946815,0.4473444400526666,-0.24920255787778,-0.3122193667694074,0.19911911093457754,-0.18727031352648668,-0.6193954860275517,-0.6814663774876248,0.7948182720336516,1.5560069172357964,0.1847414944399035,0.0,0.0,0.0,3.2585677657109304,1.0,19.603248596191406,-15.414531707763672,1.5700000524520874
5.8401288986206055,0.323329407244132,0.9660120238410028,-0.07983736392697433,-0.1274737384061927,0.21023132766681338,0.9435911697637567,-0.20478044975526524,-0.20984425382160035,0.1538377745547319,-0.2143513810021193,-0.21435138100211926,0.4517227971471932,-0.4987438895883621,-0.33949232110470334,0.4104691768796427,-0.1398555911334004,-0.6070896487152261,-0.547705455436581,-1.4001973402435994,0.16439375829759628,1.0085417842309394,0.0,0.0,0.0,3.6292471786453886,1.0,19.603248596191406,-15.414531707763672,1.5700000524520874
5.860116004943848,0.3980694320061273,0.9662757904386009,-0.07625118319667,-0.12231720960955052,0.21339014528955702,0.9464869649861299,-0.130414321677853,-0.27683293655632035,0.10255756944396616,-0.2052805369546781,-0.20528053695467813,0.4559165506401352,-0.35756928123622816,-0.5204695645295608,0.31203427642708315,-0.1878722045633887,-0.6546148901308007,-0.6134786418676459,0.6051570988655646,-0.8162267422024132,0.4996111383973587,0.0,0.0,0.0,3.7151216500290967,1.0,19.603248596191406,-15.39637565612793,1.5700000524520874
5.881347894668579,0.41254115842537503,0.9665413496228047,-0.07243774178496565,-0.11675255184588682,0.21660894411795475,0.9464869649861299,-0.130414321677853,-0.27683293655632035,0.10255756944396616,-0.19555502649784667,-0.19555502649784662,0.460171958740889,-0.35756928123622816,-0.5204695645295608,0.31203427642708315,-0.1878722045633887,-0.6546148901308007,-0.6134786418676459,0.5615123388273349,-0.9392520685010823,0.4326253154716464,0.0,0.0,0.0,3.7151216500290967,1.0,19.603248596191406,-15.39637565612793,1.5700000524520874
5.900149583816528,0.19299872789026595,0.9667640223122325,-0.0690578892684277,-0.1117529502484448,0.2193390325574354,0.9469507921694028,-0.15015867319377071,-0.1567286919344859,0.23700777877304308,-0.18686896244226528,-0.18686896244226534,0.46376717313297544,-0.3770437161740021,-0.22761139479419648,0.5341011004177054,-0.26171872513972405,-0.5703345451426789,-0.5518919289542978,-0.39078867504928594,1.036067840021703,2.516967732016837,0.0,0.0,0.0,3.333404649858257,1.0,19.603248596191406,-15.39637565612793,1.5700000524520874
5.920111656188965,0.36280404248218334,0.9669877056559898,-0.06546690478603634,-0.10637400336391731,0.22211130744794183,0.9577995177088156,-0.17213485787577779,-0.20154344647377048,0.11122011402763697,-0.17757459246034193,-0.17757459246034193,0.4674048182384767,-0.41098539024507497,-0.35520941475006745,0.30599699182918777,-0.3500263689361732,-0.6288702470360713,-0.5581862279414799,-0.016173960867734705,0.03634243810885662,0.026627539863752325,0.0,0.0,0.0,3.5294938141862406,1.0,19.603248596191406,-15.378218650817871,1.5700000524520874
5.940088272094727,0.2575584932190987,0.9671985424533576,-0.06187109073447908,-0.10092137073734589,0.22475280762633815,0.981057779046723,-0.10637887666150166,-0.12181171648192243,0.10663524042208619,-0.16820261620417548,-0.1682026162041755,0.4708586623415468,-0.24277646137004816,-0.21804485880341726,0.2432413645285932,-0.16178372899320975,-0.8068983907518124,-0.5491854682497675,0.1356423371154113,2.505238935661528,-0.2144045162250836,0.0,0.0,0.0,3.216161847892835,1.0,19.603248596191406,-15.378218650817871,1.5700000524520874
5.9600934982299805,0.08134751024199445,0.9673967659681162,-0.05826827965740024,-0.09539435779891293,0.22726245022072933,0.9612094809136782,-0.03623466029016563,-0.08601302574819181,0.25954795818298154,-0.15874995349352777,-0.15874995349352775,0.47412915146171164,-0.11581343878928155,-0.14707344880148954,0.5360065901846498,-0.26833719605549744,-0.712751882444525,-0.5254802461488499,1.3882057813442152,3.1584850004482625,2.785806633436179,0.0,0.0,0.0,3.115691422297576,1.0,19.603248596191406,-15.350984573364258,1.5700000524520874
5.980107545852661,0.3461638753941613,0.9675822756424561,-0.054662362769338405,-0.08980170172374623,0.22963497191533938,0.9765256426977023,-0.07526954865321098,-0.18275590387493576,0.08562968993425582,-0.14922955002314373,-0.1492295500231437,0.47721121256723426,-0.1910564635434822,-0.35121728427089166,0.20892937029776812,-0.2897784481932114,-0.8012353298764819,-0.6498293169370576,1.4556572476080278,1.170111151839452,-0.1638853788025103,0.0,0.0,0.0,3.3364937388695655,1.0,19.580984115600586,-15.332828521728516,1.5700000524520874
6.000091552734375,0.4448690521883791,0.9677548658025288,-0.05106063789708318,-0.08415788721110451,0.23186371210958287,0.9459639087770702,-0.20995154950777964,-0.2052711815912786,0.13760949152805435,-0.13966379540641166,-0.1396637954064117,0.48009793193959505,-0.5014925618192786,-0.3369134053175321,0.37598029309750447,-0.03641557571581608,-0.8037151213331589,-0.5051850806716892,-2.231659675606339,0.0009489239871340871,0.1537353276229667,0.0,0.0,0.0,3.734386875990502,1.0,19.569852828979492,-15.314672470092773,1.5700000524520874
6.0201096534729,0.4581850406553251,0.9679152218180995,-0.047451803237884664,-0.07844838608633618,0.23395362887277787,0.9459639087770702,-0.20995154950777964,-0.2052711815912786,0.13760949152805435,-0.13002580608993855,-0.13002580608993858,0.48279735888948444,-0.5014925618192786,-0.3369134053175321,0.37598029309750447,-0.03641557571581608,-0.8037151213331589,-0.5051850806716892,-2.2763159376907565,-0.1264368687164774,0.12379551827968216,0.0,0.0,0.0,3.734386875990502,1.0,19.569852828979492,-15.314672470092773,1.5700000524520874
6.040107488632202,0.47148246033185376,0.9680630295819624,-0.04384588020084303,-0.07269231051893718,0.235896879032819,0.9459639087770702,-0.20995154950777964,-0.2052711815912786,0.13760949152805435,-0.12034554893408388,-0.12034554893408389,0.4853008848660324,-0.5014925618192786,-0.3369134053175321,0.37598029309750447,-0.03641557571581608,-0.8037151213331589,-0.5051850806716892,-2.3213383703190678,-0.254028429418236,0.09680352100015144,0.0,0.0,0.0,3.734386875990502,1.0,19.569852828979492,-15.314672470092773,1.5700000524520874
6.060129642486572,0.4847863378447009,0.9681987469025944,-0.040235019456174644,-0.06688054767818144,0.2376958603928005,0.9459639087770702,-0.20995154950777964,-0.2052711815912786,0.13760949152805435,-0.11060530750328648,-0.1106053075032865,0.48761302889904756,-0.5014925618192786,-0.3369134053175321,0.37598029309750447,-0.03641557571581608,-0.8037151213331589,-0.5051850806716892,-2.366842475259384,-0.3820317170904626,0.07272127129109673,0.0,0.0,0.0,3.734386875990502,1.0,19.569852828979492,-15.314672470092773,1.5700000524520874
6.080139636993408,0.5178851529333188,0.9683222432039819,-0.036625958338570186,-0.06102743451167131,0.2393454088323264,0.9373845741654176,-0.18740181406707415,-0.24996711378824873,0.15397130325310987,-0.1008266821493012,-0.10082668214930122,0.48972847596067326,-0.48907387534657215,-0.42346475634002567,0.43277769701552293,-0.43673058907888845,-0.8448834972605743,-0.5111203360298789,-0.1870922276643392,-1.1016051690387192,0.4935568796920773,0.0,0.0,0.0,3.8580586844122897,1.0,19.5587215423584,-15.296516418457031,1.5700000524520874
6.100101470947266,0.20741149946539877,0.9684334728354764,-0.0330253219884101,-0.05514753425050467,0.2408416207084431,0.9674137916559407,-0.044425139362329225,-0.14949971032676798,0.19946628617068599,-0.09103136507729843,-0.0910313650772984,0.4916434587911891,-0.15186203131946133,-0.27498606768103895,0.4277234726471079,-0.03274642637005587,-0.8045441979652821,-0.5768175583557694,0.4096264785547896,1.3073363381112153,1.5605434719811502,0.0,0.0,0.0,3.2787316529529047,1.0,19.547588348388672,-15.269282341003418,1.5700000524520874
6.120098352432251,0.3848812359756575,0.9685330260859003,-0.029418205883084032,-0.04922026082304811,0.24218941444254077,0.9689112104688934,-0.0841413124358565,-0.1940363513084072,0.12837912657513953,-0.08118248431458736,-0.08118248431458737,0.49336538613943287,-0.22966096485982704,-0.36227663679018046,0.3057030785347848,-0.24419243901951557,-0.7786072001870638,-0.5329533166813747,0.7304634706650536,-0.022411271698410395,-0.04326414876816598,0.0,0.0,0.0,3.440178414048036,1.0,19.547588348388672,-15.251126289367676,1.5700000524520874
6.140130281448364,0.3739264918785672,0.9686209474840499,-0.025804689546686094,-0.043249362648015155,0.2433866691563877,0.949931693554435,-0.07187309705457205,-0.220049037649493,0.20986294701571062,-0.07128379704814726,-0.07128379704814729,0.4948925340701742,-0.2509814214286809,-0.3983478819832276,0.48578069058401424,-0.2984234593497692,-0.8911959536697205,-0.5328456101637573,1.1812032113557225,-0.11796963601310484,1.624317785100935,0.0,0.0,0.0,3.5227297681516045,1.0,19.536457061767578,-15.223892211914062,1.5700000524520874
6.160122394561768,0.5339481298268731,0.9686970100542421,-0.02219833613450136,-0.037261143547330566,0.24442778844962854,0.902207232730557,-0.1712993407277062,-0.23363219935805735,0.31952251954759076,-0.061376263548241806,-0.061376263548241786,0.4962186557082038,-0.5035042329213767,-0.3174040399491822,0.7630308637855252,-0.08368694773584258,-0.98108212248826,-0.4060946007534091,-1.679436857852939,-0.625251319803481,3.3803669526123326,0.0,0.0,0.0,3.8094010832020704,1.0,19.51419448852539,-15.20573616027832,1.559999942779541
6.180112600326538,0.5465476266557017,0.9687614813754747,-0.018592346977629806,-0.031248348292785978,0.2453142017210416,0.902207232730557,-0.1712993407277062,-0.23363219935805735,0.31952251954759076,-0.05144514833183727,-0.05144514833183726,0.49734635488069606,-0.5035042329213767,-0.3174040399491822,0.7630308637855252,-0.08368694773584258,-0.98108212248826,-0.4060946007534091,-1.702158362291023,-0.7601290536839498,3.3685346378082226,0.0,0.0,0.0,3.8094010832020704,1.0,19.51419448852539,-15.20573616027832,1.559999942779541
6.200115203857422,0.5593491097662712,0.9688144738752349,-0.014984164672722669,-0.025210694823598938,0.24604554636372514,0.902207232730557,-0.1712993407277062,-0.23363219935805735,0.31952251954759076,-0.04148729838635592,-0.041487298386355925,0.4982758313149469,-0.5035042329213767,-0.3174040399491822,0.7630308637855252,-0.08368694773584258,-0.98108212248826,-0.4060946007534091,-1.725445839226648,-0.8948844484654908,3.359501965048751,0.0,0.0,0.0,3.8094010832020704,1.0,19.51419448852539,-15.20573616027832,1.559999942779541
6.22009539604187,0.5723124776787532,0.9688559670986194,-0.0113800773767177,-0.01916276594750544,0.24661994497108305,0.902207232730557,-0.1712993407277062,-0.23363219935805735,0.31952251954759076,-0.031524033141497584,-0.03152403314149759,0.49900524579857247,-0.5035042329213767,-0.3174040399491822,0.7630308637855252,-0.08368694773584258,-0.98108212248826,-0.4060946007534091,-1.7492877173302321,-1.0292076581521634,3.3532821016257532,0.0,0.0,0.0,3.8094010832020704,1.0,19.51419448852539,-15.20573616027832,1.559999942779541
6.240137815475464,0.250314117349343,0.9688861531165238,-0.007764815739673893,-0.013082992222435377,0.2470387930064837,0.9834944008771074,-0.022227648690741602,-0.09338495532671684,0.1533751778994487,-0.021517098907330685,-0.02151709890733068,0.4995367999002798,-0.07359300384682699,-0.17780420269553496,0.3159690225910433,-0.577367979764696,-1.0200732253049987,-0.46521987389435576,2.4527457622651228,2.442042860490371,-0.01759792055718612,0.0,0.0,0.0,3.242159795245867,1.0,19.49193000793457,-15.178502082824707,1.559999942779541
6.260114669799805,0.33584761873796865,0.9689048792727285,-0.004161420275663406,-0.0070142438605486305,0.2472990454608621,0.9735438183915133,-0.06556294085164391,-0.14102323564490268,0.16741081645699746,-0.011534295429943059,-0.011534295429943062,0.4998669423245899,-0.1817358690370253,-0.25540026245962916,0.3639874566377861,-0.18147595092744806,-0.9074184704658393,-0.3792241384520118,0.21045826302454962,0.7231456162574537,-0.051589798142430476,0.0,0.0,0.0,3.3555579363484807,1.0,19.480798721313477,-15.160346031188965,1.559999942779541
6.280089616775513,0.27736928787382237,0.9689122859266124,-0.0005583917187148042,-0.0009413321889230926,0.24740207006584475,0.9743123540171345,-0.08621110736876782,-0.09137083194230616,0.1869076051047995,-0.0015478427297941591,-0.0015478427297941596,0.49999760417714384,-0.20578228383527772,-0.14634222375990974,0.3942030244321651,-0.2795988556492208,-0.9151981847461045,-0.31087675151287364,-0.09275582424086593,1.4840405623807968,0.043907987452981745,0.0,0.0,0.0,3.307544482160626,1.0,19.46966552734375,-15.12403392791748,1.559999942779541
6.300096035003662,0.4200621245420336,0.9689083695242671,0.0030503103838382265,0.005141783436674514,0.24734758768882065,0.9761520226085498,-0.04638784681139552,-0.16416583042101737,0.13425712847971003,0.008454960917237,0.008454960917237,0.4999285085248571,-0.14200301722714395,-0.3131382777876978,0.29581273437835914,-0.5192019867122124,-1.1300309507406483,-0.3150537277018266,1.944272017738947,1.000838656835925,-0.9723497498388709,0.0,0.0,0.0,3.4232591143038613,1.0,19.447402954101562,-15.11495590209961,1.5499999523162842
6.320116281509399,0.11794777688019412,0.96889309011604,0.006661523861674993,0.011225611536316972,0.24713516478005923,0.9556705320989172,0.027773339718311037,-0.016798438171716893,0.2926436197043338,0.01846128994780293,0.018461289947802922,0.4996590645364729,0.043316629983333056,-0.04838179915623309,0.5932551042888417,-0.16625952572374753,-1.0094160058721233,-0.3059056980137823,1.2246333682557455,3.595872815744177,2.1623610051131044,0.0,0.0,0.0,3.240451349338126,1.0,19.425138473510742,-15.078643798828125,1.5499999523162842
6.340101957321167,0.12245295899992391,0.9688664833678702,0.010266536448366264,0.017291333544600596,0.2467657703571958,0.9556705320989172,0.027773339718311037,-0.016798438171716893,0.2926436197043338,0.028442962411345217,0.028442962411345214,0.49919034234374643,0.043316629983333056,-0.04838179915623309,0.5932551042888417,-0.16625952572374753,-1.0094160058721233,-0.3059056980137823,1.1910922950567187,3.458640254211143,2.164685187723917,0.0,0.0,0.0,3.240451349338126,1.0,19.425138473510742,-15.078643798828125,1.5499999523162842
6.360116958618164,0.12858185416587864,0.9688284358637597,0.013876886554497873,0.023354232124695545,0.24623865196837041,0.9556705320989172,0.027773339718311037,-0.016798438171716893,0.2926436197043338,0.0384278937490956,0.0384278937490956,0.49852110986597975,0.043316629983333056,-0.04838179915623309,0.5932551042888417,-0.16625952572374753,-1.0094160058721233,-0.3059056980137823,1.157373333206081,3.321346651511171,2.1699568270604264,0.0,0.0,0.0,3.240451349338126,1.0,19.425138473510742,-15.078643798828125,1.5499999523162842
6.380117893218994,0.13610006324841675,0.9687789707227853,0.017484752120879105,0.029397053632795198,0.24555529431531892,0.9556705320989172,0.027773339718311037,-0.016798438171716893,0.2926436197043338,0.048390431049122995,0.04839043104912301,0.49765285710310153,0.043316629983333056,-0.04838179915623309,0.5932551042888417,-0.16625952572374753,-1.0094160058721233,-0.3059056980137823,1.1235255172129635,3.184368382072935,2.1781598925154544,0.0,0.0,0.0,3.240451349338126,1.0,19.425138473510742,-15.078643798828125,1.5499999523162842
6.400130271911621,0.3893080878438623,0.9687179676718001,0.021094729492104777,0.03542342825821548,0.24471553327875864,0.9490520895024293,-0.14135787941177397,-0.06526092042568044,0.27396914717623283,0.05833929397956114,0.05833929397956114,0.49658486362148246,-0.3093074558386367,-0.046433314093919396,0.5693127003086939,-0.6304412789150807,-1.1153227843806235,-0.2508121252289327,-0.10384743205857383,1.7170935634979534,1.7388838309701384,0.0,0.0,0.0,3.4078575706964602,1.0,19.41400718688965,-15.042330741882324,1.5499999523162842
6.420104265213013,0.2583747886650975,0.9686455301965985,0.02469781149551,0.04141434818654143,0.24372260195100284,0.9547704549876512,-0.07896398500986321,-0.021450951154153082,0.2858634709937901,0.06824578005129166,0.06824578005129167,0.4953206168787957,-0.16378171825912416,0.004184381100847256,0.5814790490542915,-0.17491643193898088,-1.1511431956273128,-0.03519940315802417,-0.9603726901224436,2.8720713020672957,1.0796312984416407,0.0,0.0,0.0,3.306453163277161,1.0,19.402873992919922,-15.024174690246582,1.5399999618530273
6.440115451812744,0.38583673396722795,0.968561301788053,0.028307597428176616,0.04738846283132262,0.24257373764890727,0.9426030202942651,-0.1250508861723686,-0.04684626533153853,0.30605105689103884,0.07814340784623257,0.07814340784623258,0.4938558573209163,-0.26762289892816804,-0.011771222463774048,0.6294823729720119,-0.38189437892173506,-1.1277752726441994,0.04031023360880065,-0.9111287467850735,1.9303087127486034,1.286325793073795,0.0,0.0,0.0,3.391137411352869,1.0,19.369478225708008,-14.987862586975098,1.5399999618530273
6.4600934982299805,0.35546217170465133,0.9684654809107285,0.031911347532814424,0.05332078757397127,0.24127405951631614,0.9612615727392394,0.003444321534189703,-0.12162591429344442,0.2473286525987981,0.08799343292065723,0.08799343292065723,0.49219625736370437,-0.055119175006699356,-0.2377663375863154,0.5102524490996543,-0.5238312465635628,-1.1800610750499332,-0.020723002720212796,2.3991948067250215,1.1980985232091772,0.15362960714859542,0.0,0.0,0.0,3.377362914450048,1.0,19.34721565246582,-14.960628509521484,1.5399999618530273
6.480119228363037,0.05016203280664031,0.9683575629290307,0.03552356778455165,0.0592313333514556,0.23981942289859173,0.9686220769467476,0.03225398090307339,0.03471678470740465,0.24397888766623385,0.09783172015081469,0.09783172015081475,0.49033555299644815,0.07961384123081289,0.05153912148431576,0.4955523133181482,-0.04772593557661434,-1.1501115518105876,0.0776070444179858,0.2499019400400624,4.0,-0.2446835511431562,0.0,1.0,0.0,3.3118193377411154,1.0,19.34721565246582,-14.942472457885742,1.5299999713897705
6.50011420249939,0.06335385842622729,0.968237842842598,0.03913001258925763,0.06509299819596366,0.23821675715225696,0.9686220769467476,0.03225398090307339,0.03471678470740465,0.24397888766623385,0.10761575771624209,0.10761575771624207,0.4882815260596689,0.07961384123081289,0.05153912148431576,0.4955523133181482,-0.04772593557661434,-1.1501115518105876,0.0776070444179858,0.2096743073160453,3.9744488356093766,-0.21549734329843262,0.0,0.0,0.0,3.3118193377411154,1.0,19.34721565246582,-14.942472457885742,1.5299999713897705
6.5200886726379395,0.305811879129013,0.9681061854894749,0.04273241010031739,0.0709050927634847,0.23646738160735511,0.9853479141685665,-0.03829716531163798,-0.03409512460947044,0.16266633840660796,0.11734680641406686,0.11734680641406689,0.4860346973462075,-0.08680323530314542,-0.05475916291992949,0.32959780446979403,-0.48586538467138035,-1.1546739088399056,0.012516257112251267,0.7517463961163553,2.2410748078710956,-1.5353821412806372,0.0,0.0,0.0,3.31970429040389,1.0,19.313819885253906,-14.897082328796387,1.5299999713897705
6.540110111236572,0.21933053740259598,0.9679619959876153,0.04634277818414663,0.07668335701222738,0.23456680070116945,0.9873663674120555,0.017316144091287806,0.007173643661466309,0.15734149641448633,0.12705375122673074,0.1270537512267308,0.4835879902346791,0.0364616436823524,0.008717043315706075,0.31621099965939264,-0.35327137179544776,-1.1890145584183853,0.10145885130743489,1.040822374087758,3.3160461783816952,-2.0117992949335157,0.0,0.0,0.0,3.319339644534027,1.0,19.291555404663086,-14.869848251342773,1.5199999809265137
6.560070037841797,0.1025558900337227,0.9678059386691981,0.04994137619257519,0.08239280067498553,0.23252731112184688,0.9761983883134768,0.014384462750252335,0.08913706164059629,0.1971912222377995,0.13668018293329134,0.13668018293329134,0.48095584786269313,0.06419809841992824,0.16916358514408286,0.40407894555295465,-0.27500042744219777,-1.1073006550837283,0.1414341865845506,0.31378197634912586,4.0,-1.2234067276369598,0.0,1.0,0.0,3.3756917664083885,1.0,19.280424118041992,-14.851692199707031,1.5199999809265137
6.580111503601074,0.3836329200381838,0.9676367425318194,0.053553781258062955,0.08807057202644442,0.23033606178431518,0.9555966253660406,-0.06127289936918802,-0.05542945975377782,0.2828573781666874,0.1462911492452623,0.1462911492452623,0.4781201728148483,-0.1493952470869127,-0.07133390805925609,0.580908236999452,-0.5853301669573948,-0.9897287211359789,6.200182664599374e-05,0.8855825311631935,0.6177756087170225,1.120206208760729,0.0,0.0,0.0,3.381299051876124,1.0,19.247028350830078,-14.815380096435547,1.5099999904632568
6.600088596343994,0.19955320632018742,0.9674554884252929,0.057153445999935645,0.0936716478664628,0.22801092936982606,0.9450367045599012,0.09597034655509155,0.054115157015454676,0.3078422800686262,0.15581277471208343,0.15581277471208346,0.4751024934017096,0.21659910470244662,0.043207601467717974,0.6345121087338406,-0.004008116505243853,-1.0919487882276386,0.11937414459594373,1.1226760790547505,3.7301731735255954,1.0514668880677784,0.0,0.0,0.0,3.421559389107587,1.0,19.224763870239258,-14.779067993164062,1.5099999904632568
6.6200902462005615,0.20543072734879836,0.9672612724096391,0.060756115779766307,0.09921758734724798,0.22554422105838337,0.9450367045599012,0.09597034655509155,0.054115157015454676,0.3078422800686262,0.16528380815953844,0.1652838081595385,0.4718911556283724,0.21659910470244662,0.043207601467717974,0.6345121087338406,-0.004008116505243853,-1.0919487882276386,0.11937414459594373,1.091025415210651,3.5982249468926195,1.0901479940585266,0.0,0.0,0.0,3.421559389107587,1.0,19.224763870239258,-14.779067993164062,1.5099999904632568
6.640127658843994,0.2913746973144951,0.9670537949393793,0.06436348131613653,0.10470772949205595,0.22293629437763368,0.9749137739933179,0.015262143886720368,-0.032055963548395495,0.2197330549623127,0.17470547381335183,0.17470547381335183,0.468484788888233,0.015709353691481853,-0.06926617008675129,0.44282155629297093,-0.5062791195483515,-1.075334253601059,0.07659522890572783,1.6684096120522338,1.4249140643937022,-0.47660646124958955,0.0,0.0,0.0,3.34851074627152,1.0,19.213632583618164,-14.76091194152832,1.5099999904632568
6.660101413726807,0.2820696813026948,0.9668339838031714,0.06795728802918,0.11011157413570219,0.2202028519532975,0.954974081089995,-0.006399084077186668,0.018271969861721787,0.29605690548721386,0.18402740368178666,0.1840274036817867,0.46490204849424,-0.0014038846312817868,0.038697158566254754,0.6012127196355015,-0.36429572602668847,-1.0397551434825771,0.11225597449291165,0.6070119317570335,1.9786993963866513,1.1088998601616467,0.0,0.0,0.0,3.3538479649694493,1.0,19.20250129699707,-14.724599838256836,1.5
6.680103302001953,0.4155701405125678,0.9666007406470227,0.07155365656466117,0.11545082096897358,0.21733428250150416,0.9638949666197935,-0.07279532704166557,-0.028745953352577035,0.25452112653329206,0.19328889127841561,0.19328889127841556,0.461128403493388,-0.15562049905478753,-0.018361293899344572,0.5177563833088709,-0.1446645349022733,-1.0318265085448135,0.0689871828067013,-1.4953833060131831,0.665282784703277,0.5816570814956293,0.0,0.0,0.0,3.3939084071107266,1.0,19.169105529785156,-14.688286781311035,1.5
6.700098276138306,0.3192065360556177,0.9663543382321281,0.07514583852246909,0.12071276732417274,0.21433810612590687,0.9671030395129353,-0.05546612068793485,0.03486952086772549,0.24580345183729277,0.20246989035306667,0.2024698903530666,0.45717167836647243,-0.09067204330405433,0.09485454357509705,0.4934825438562872,-0.513181235739198,-1.0046867276146334,0.13565414242902782,-0.02879400441747082,1.7506472867174017,0.24862275874485518,0.0,0.0,0.0,3.393726072080286,1.0,19.146841049194336,-14.661051750183105,1.4900000095367432
6.720137119293213,0.2079245179127382,0.9660940082220256,0.07874246055065098,0.12590740968298314,0.21120917681495627,0.9679715594862252,0.11927650808914528,0.03054316124997195,0.2187950866558102,0.21158981874038837,0.21158981874038843,0.45302290075161705,0.2467810453255436,0.006935650611236651,0.4454581529311176,-0.0036628757198706174,-0.8720551401365348,0.13811617499655351,1.2168271852162198,1.800152620171105,-0.6660768302361251,0.0,0.0,0.0,3.469579563210653,1.0,19.135709762573242,-14.642895698547363,1.4900000095367432
6.7401282787323,0.21532851881755322,0.9658208499929511,0.0823265592430313,0.13100797757539917,0.2079647402174246,0.9679715594862252,0.11927650808914528,0.03054316124997195,0.2187950866558102,0.2206033894085571,0.22060338940855717,0.4487027352061235,0.2467810453255436,0.006935650611236651,0.4454581529311176,-0.0036628757198706174,-0.8720551401365348,0.13811617499655351,1.1710909368930797,1.67781829967156,-0.6144398612084448,0.0,0.0,0.0,3.469579563210653,1.0,19.135709762573242,-14.642895698547363,1.4900000095367432
6.76017689704895,0.22327347160987668,0.965533336530509,0.08591640145515764,0.1360382585330071,0.20459066504746987,0.9679715594862252,0.11927650808914528,0.03054316124997195,0.2187950866558102,0.2295543226915974,0.22955432269159742,0.444190063974423,0.2467810453255436,0.006935650611236651,0.4454581529311176,-0.0036628757198706174,-0.8720551401365348,0.13811617499655351,1.1249808751690442,1.5565015353631626,-0.5601848001410201,0.0,0.0,0.0,3.469579563210653,1.0,19.135709762573242,-14.642895698547363,1.4900000095367432
6.780115365982056,0.23163045312040711,0.9652338606607537,0.08948137128791872,0.14095367512114007,0.20111872089941002,0.9679715594862252,0.11927650808914528,0.03054316124997195,0.2187950866558102,0.23836457839723904,0.23836457839723907,0.43952511619417883,0.2467810453255436,0.006935650611236651,0.4454581529311176,-0.0036628757198706174,-0.8720551401365348,0.13811617499655351,1.078880941244536,1.437276542205855,-0.5038285788492312,0.0,0.0,0.0,3.469579563210653,1.0,19.135709762573242,-14.642895698547363,1.4900000095367432
6.8001039028167725,0.3313895937635084,0.9649200303482371,0.09304946809535691,0.14579135655026113,0.19752471206196653,0.9768256725800197,-0.0125970021602029,0.01986446373077868,0.2127400385584635,0.24710184065970736,0.2471018406597073,0.43467307294400537,-0.016174705847673894,0.0441823829489641,0.4285198060961739,-0.3494252407930613,-0.8916348862465739,0.2260881163449182,-0.12142448936523675,0.6559657924343627,-0.5840559340084015,0.0,0.0,0.0,3.3796715102993975,1.0,19.102313995361328,-14.597505569458008,1.4800000190734863
6.820099592208862,0.30003746556174604,0.9645924335924384,0.09661228680668137,0.15053786361408017,0.19381912886170266,0.9723798019573855,0.015457851851119283,0.030365114061305865,0.23090373623982016,0.2557434518142018,0.2557434518142018,0.42964553629027397,0.04415851883239827,0.05193764301322722,0.46743578928638485,-0.4690378202379715,-0.8198238592592298,0.12874077453896865,0.8729733973989784,0.5512528500385434,0.18241373868287047,0.0,0.0,0.0,3.3814550783735835,1.0,19.080049514770508,-14.570271492004395,1.4800000190734863
6.840109348297119,0.3154940663369587,0.9642509293547304,0.10017027903852777,0.15519211980056435,0.19000385887578566,0.9517688704800146,0.004658711336082677,0.08674642489599463,0.29426072004541826,0.2642887836164227,0.2642887836164227,0.42444250359094776,0.06076352129152313,0.16310557540647821,0.6046689776922629,-0.06630330816174317,-0.9729762454736453,0.3650664528013578,-0.9680267104886859,2.0388507208625275,0.7570908473341087,0.0,0.0,0.0,3.437771609781645,1.0,19.068918228149414,-14.552115440368652,1.4700000286102295
6.86009407043457,0.186295123640669,0.9638962134150911,0.10371568039183283,0.15974264724379636,0.18608985479185156,0.9631236317991931,0.014232833130326594,0.18330724547386457,0.1964401946847969,0.2727178092221843,0.27271780922218436,0.41907636121958997,0.10624222947523132,0.35490712409411435,0.42147450454851715,-0.6531314923176831,-0.8950185559285985,0.41140824011374,0.8344501536406266,3.682312196506543,-1.1084595949720897,0.0,0.0,0.0,3.629978763064422,1.0,19.046653747558594,-14.515803337097168,1.4700000286102295
6.8801069259643555,0.12555027247954678,0.9635273812245817,0.10725705237063621,0.1641991693812238,0.18207015988837555,0.9649511346924826,0.12325521002243789,0.10801009773921254,0.2049665329861945,0.2810495521795225,0.28104955217952265,0.413534943166463,0.28977116638088074,0.1585864437394176,0.4417876683098072,-0.18060385100564197,-0.8272286462355649,0.4730811940026382,1.307452884997244,2.2305846138149015,-1.6293547561881572,0.0,0.0,0.0,3.5855910485205014,1.0,19.024391174316406,-14.488569259643555,1.4600000381469727
6.900113105773926,0.13498619724420535,0.9631451215262953,0.11078730225923504,0.16855152048969138,0.17795514456972616,0.9649511346924826,0.12325521002243789,0.10801009773921254,0.2049665329861945,0.2892660119533989,0.28926601195339896,0.4078298350152624,0.28977116638088074,0.1585864437394176,0.4417876683098072,-0.18060385100564197,-0.8272286462355649,0.4730811940026382,1.2651111927704446,2.121147129701777,-1.5546089373582501,0.0,0.0,0.0,3.5855910485205014,1.0,19.024391174316406,-14.488569259643555,1.4600000381469727
6.920150995254517,0.14506108831839795,0.9627487733365493,0.11431221355249035,0.17280570788764812,0.173740336689982,0.9649511346924826,0.12325521002243789,0.10801009773921254,0.2049665329861945,0.2973794435860996,0.2973794435860996,0.40195206994419347,0.28977116638088074,0.1585864437394176,0.4417876683098072,-0.18060385100564197,-0.8272286462355649,0.4730811940026382,1.2226509671942392,2.0133495608847656,-1.4777645216810704,0.0,0.0,0.0,3.5855910485205014,1.0,19.024391174316406,-14.488569259643555,1.4600000381469727
6.940148830413818,0.15560463821748877,0.9623398922810575,0.11781815044392674,0.1769445258758811,0.16944453344093033,0.9649511346924826,0.12325521002243789,0.10801009773921254,0.2049665329861945,0.3053576180392303,0.30535761803923034,0.3959251508876489,0.28977116638088074,0.1585864437394176,0.4417876683098072,-0.18060385100564197,-0.8272286462355649,0.4730811940026382,1.180228063205977,1.9076295557251355,-1.3991649418177217,0.0,0.0,0.0,3.5855910485205014,1.0,19.024391174316406,-14.488569259643555,1.4600000381469727
6.960095405578613,0.17313632417021818,0.9619189569421474,0.12130216843357822,0.18096447314352299,0.1650744185769875,0.9639617003243641,0.11481922950654101,0.1095727379269189,0.21351393384621056,0.3131937014786656,0.3131937014786657,0.3897559561496045,0.2752137181702121,0.16293683069316406,0.4585670395890293,-0.3767143810176274,-0.8323790950960628,0.48574165217965515,1.7881961138639946,1.8097421190271508,-1.1675487554431037,0.0,0.0,0.0,3.5715636976508263,1.0,19.01325798034668,-14.461335182189941,1.4600000381469727
6.980104207992554,0.4309364719257443,0.9614837531335251,0.12478296588429136,0.1848865245107915,0.16060876980946903,0.9400311982607992,-0.029763738589207275,0.15061827403962175,0.30458102647224233,0.32092903924623395,0.32092903924623395,0.3834117261749949,0.03754650318577222,0.30605854148877176,0.6324670110753262,-0.5182856648191325,-0.8460537757980062,0.4490438063912791,-0.2027557470580672,1.9488367224105025,1.52722403975185,0.0,0.0,0.0,3.568516576842144,1.0,19.002126693725586,-14.434101104736328,1.4500000476837158
7.000102281570435,0.12342852878560137,0.9610360434328954,0.12824663397703734,0.18869425573051313,0.1560672994278851,0.9509602769964648,0.13733885517186195,0.17522036256184084,0.21473335786175962,0.328531852794322,0.3285318527943219,0.37691752638943427,0.3574387002302888,0.277833361638931,0.494668915724859,-0.08708782619586783,-1.0048738234130508,0.4684430543255613,0.8124096600982562,3.6764476167124247,-0.7835909576672333,0.0,0.0,0.0,3.771801050494223,1.0,18.979862213134766,-14.415945053100586,1.4500000476837158
7.020134687423706,0.1869330358625445,0.9605750584310971,0.13169973517608385,0.19239445695750956,0.151443421140268,0.9739767560966565,0.1621059914478386,0.11808463562062567,0.10557909333997592,0.3360159953970213,0.33601599539702126,0.37026105768410067,0.3548332394089401,0.19706641708813533,0.2514022492435354,-0.4703093076078816,-0.8704864438840895,0.6032137862577726,2.478680880194907,2.2156772551730413,-3.6473012901269546,0.0,0.0,0.0,3.7033396271253753,1.0,18.957599639892578,-14.388710021972656,1.440000057220459
7.040130853652954,0.21264251933345224,0.9601027216583554,0.135128847109033,0.19597263400579024,0.14675723240792757,0.9623227156871987,0.11525747291829402,0.11801385849305172,0.21615604320139994,0.34335212846796526,0.34335212846796515,0.3634684523813833,0.2809217073961067,0.17825006228021634,0.4671724159764586,-0.4606220517035085,-0.9707357910442325,0.44803829154211294,1.9557429309520344,2.1313923682193785,-0.5988741056197235,0.0,0.0,0.0,3.593688401840448,1.0,18.946468353271484,-14.370553970336914,1.440000057220459
7.060099840164185,0.22528718477315943,0.959619210825308,0.13853430595154997,0.19942959840072993,0.14201074456272253,0.9623227156871987,0.11525747291829402,0.11801385849305172,0.21615604320139994,0.35054128738178064,0.3505412873817806,0.3565400480180649,0.2809217073961067,0.17825006228021634,0.4671724159764586,-0.4606220517035085,-0.9707357910442325,0.44803829154211294,1.9152332599873092,2.038053267288121,-0.509542312770265,0.0,0.0,0.0,3.593688401840448,1.0,18.946468353271484,-14.370553970336914,1.440000057220459
7.080134153366089,0.23799145154685167,0.9591226253797656,0.14193048000359113,0.20277977955493617,0.13718560177448483,0.9623227156871987,0.11525747291829402,0.11801385849305172,0.21615604320139994,0.3576134978699196,0.3576134978699195,0.34944611335832754,0.2809217073961067,0.17825006228021634,0.4671724159764586,-0.4606220517035085,-0.9707357910442325,0.44803829154211294,1.8745961599927718,1.9465973332838322,-0.41852897763269326,0.0,0.0,0.0,3.593688401840448,1.0,18.946468353271484,-14.370553970336914,1.440000057220459
7.100086688995361,0.2506449736609465,0.958617035315015,0.14529106722034502,0.20599759027619502,0.13232111770320526,0.9623227156871987,0.11525747291829402,0.11801385849305172,0.21615604320139994,0.3645141900247495,0.3645141900247495,0.34224173513848477,0.2809217073961067,0.17825006228021634,0.4671724159764586,-0.4606220517035085,-0.9707357910442325,0.44803829154211294,1.8341438263564116,1.8577309660254344,-0.32657625150864655,0.0,0.0,0.0,3.593688401840448,1.0,18.946468353271484,-14.370553970336914,1.440000057220459
7.120093107223511,0.31129214137380323,0.9580994758017343,0.14863752477775702,0.2091041325958857,0.1273881565441079,0.9847084434937158,0.014946487453064502,0.13741355055995655,0.10603489966753897,0.37128781735739247,0.3712878173573926,0.3348811082787197,0.06082925512230425,0.27075070425944847,0.22282434520215463,-0.20879268919622804,-0.9486186930046202,0.6165521494249198,-1.7123677841140146,2.0323244976138017,-2.597184074299618,0.0,0.0,0.0,3.5291430045950403,1.0,18.935335159301758,-14.3433198928833,1.440000057220459
7.140099763870239,0.40723376322737037,0.9575717808503262,0.15195930424205184,0.21208967414859287,0.12240353137450737,0.9524339943340682,0.009008466369999382,0.16210945217750866,0.2578931163975128,0.3779129172391978,0.37791291723919773,0.3273863573574184,0.10598376108227527,0.3090467260419254,0.5453874338560379,-0.6131052281021321,-0.964331796172884,0.5929799933839969,0.42739578591586724,2.160195802037704,0.689946492407052,0.0,0.0,0.0,3.5893618268597764,1.0,18.935335159301758,-14.316085815429688,1.4299999475479126
7.160128593444824,0.4225752952959135,0.9570338851816365,0.1552584790550402,0.2149564763858965,0.11736549985160764,0.9633602832294161,0.03333736180765252,0.10105353859325097,0.24619863391503072,0.3843938462910728,0.3843938462910729,0.31975204601934165,0.11610698269262772,0.17924498451961537,0.5108592721710996,-0.21965044138600537,-0.9184301263109739,0.5516691759668748,-0.6534597483584323,0.7801076925108874,0.41489351298549515,0.0,0.0,0.0,3.4709726412168957,1.0,18.924203872680664,-14.297929763793945,1.4299999475479126
7.18009352684021,0.13170325520836856,0.9564886973339571,0.15851939467045842,0.21769190510138373,0.11229963418921321,0.9442933472673264,0.17656671808315214,0.21613544095033507,0.17441255556070895,0.39070064363068274,0.39070064363068263,0.312014434067673,0.45100852478468884,0.35394356932169835,0.4472958281162175,-0.26195590921465217,-0.9176185992743389,0.6318419275731477,1.7056542550844775,3.537408271925681,-1.3952806176769932,0.0,0.0,0.0,4.012845711180621,1.0,18.901939392089844,-14.288851737976074,1.4299999475479126
7.200112819671631,0.03750150041913329,0.9559336023958853,0.1617597839302306,0.22031166025993715,0.10717972040820303,0.9559340880324732,0.15333440972094267,0.23168201955396628,0.09487897527086649,0.3968682463967683,0.39686824639676826,0.3041308846565144,0.3793529355616439,0.4266781464037135,0.28099068510583397,-0.44354974617468335,-0.9554095051298651,0.6718974464317272,1.534542056906667,4.0,-2.8488552381011245,0.0,1.0,0.0,4.013198931485935,1.0,18.89080810546875,-14.261617660522461,1.4199999570846558
7.221442937850952,0.032428956154269994,0.9553336092060016,0.16517810170158215,0.22296674732263433,0.10168441093924258,0.9559340880324732,0.15333440972094267,0.23168201955396628,0.09487897527086649,0.4032646232735925,0.40326462327359247,0.29559709676518736,0.3793529355616439,0.4266781464037135,0.28099068510583397,-0.44354974617468335,-0.9554095051298651,0.6718974464317272,1.4978498619594047,3.983875935874544,-2.7372337688237485,0.0,0.0,0.0,4.013198931485935,1.0,18.89080810546875,-14.261617660522461,1.4199999570846558
7.2401227951049805,0.03266213723479786,0.9548015590837938,0.16814111029227946,0.22517617111119087,0.0968413226083758,0.9559340880324732,0.15333440972094267,0.23168201955396628,0.09487897527086649,0.40871565878821553,0.4087156587882154,0.2880130383529798,0.3793529355616439,0.4266781464037135,0.28099068510583397,-0.44354974617468335,-0.9554095051298651,0.6718974464317272,1.4662030988385941,3.9186945504655024,-2.638696009258812,0.0,0.0,0.0,4.013198931485935,1.0,18.89080810546875,-14.261617660522461,1.4199999570846558
7.260138511657715,0.037619293956143,0.9542253149591173,0.17128266430765626,0.22742336019009962,0.09162375477292098,0.9559340880324732,0.15333440972094267,0.23168201955396628,0.09487897527086649,0.41439819229072977,0.4143981922907298,0.2797751565564307,0.3793529355616439,0.4266781464037135,0.28099068510583397,-0.44354974617468335,-0.9554095051298651,0.6718974464317272,1.4328141193369608,3.851099147359307,-2.532371055931763,0.0,0.0,0.0,4.013198931485935,1.0,18.89080810546875,-14.261617660522461,1.4199999570846558
7.280092239379883,0.25780274397484537,0.9536452682706993,0.17437845218903708,0.22953961080563573,0.08639690265431466,0.965192676583483,0.11977782091772754,0.15378780319698884,0.1743722520175074,0.4198978853031061,0.41989788530310623,0.2714512219865285,0.29903342308447056,0.25794891655698654,0.3965349877984044,-0.15736881002030984,-0.8268905679756984,0.7655506718588723,0.08258116320752318,1.4085768483743262,-1.417739886971447,0.0,0.0,0.0,3.6710272586542203,1.0,18.879676818847656,-14.25253963470459,1.4199999570846558
7.300102233886719,0.46789466591646584,0.9530587787251835,0.17744506689445724,0.23153744495185938,0.08113337238675461,0.9633069073512246,0.07867886776796586,0.0918626454255171,0.23960528456525332,0.42524519956675266,0.42524519956675255,0.2629952855954509,0.19883831724666856,0.13973438825902976,0.5015305772107261,-0.5652749915070475,-0.8674601135217042,0.657475675561599,1.3026198895691508,0.03735218922216843,0.33579831965226825,0.0,0.0,0.0,3.491402106473201,1.0,18.879676818847656,-14.225305557250977,1.4199999570846558
7.320110082626343,0.39777209315222495,0.9524683695714096,0.18047160170308435,0.23341055051770015,0.07585196669650779,0.9551905681313421,0.07583359266477666,0.16818367184646185,0.23146165406113908,0.43042170542742286,0.4304217054274228,0.25443497302247753,0.23459582347642666,0.2902479120720053,0.509915919167874,-0.5261203837782674,-0.86400548138756,0.5621573241118117,0.9267386635965398,1.4803807867363872,0.9645474460730372,0.0,0.0,0.0,3.6368189355621956,1.0,18.879676818847656,-14.225305557250977,1.4199999570846558
7.340122222900391,0.25511751701665064,0.951874715553674,0.18345719327728535,0.235159631219768,0.07055446101428134,0.9783132423242534,0.07074818625107067,0.18181235873893342,0.0695856324608451,0.43542696793504926,0.43542696793504926,0.24577094131505778,0.1754001286184718,0.3531901120419857,0.17339594320954954,-0.19270529749882687,-0.8338776334408475,0.5968734576715697,-1.4011614745648122,2.0400789597907636,-2.1088916659049564,0.0,0.0,0.0,3.6751233782209676,1.0,18.86854362487793,-14.216227531433105,1.409999966621399
7.3600733280181885,0.19582829140437505,0.951280660438281,0.18639042593175031,0.23677972033913292,0.06526161378031334,0.9470344268860914,0.15429052426778103,0.23343839364306646,0.1575650493829465,0.44024338729298396,0.44024338729298396,0.23703535589611893,0.4092333887650634,0.4044648023524856,0.4147811941182485,-0.3760340146611574,-0.8144343320932579,0.7350865950397886,1.350717731968208,2.8282876176748166,-1.0391183068041427,0.0,0.0,0.0,4.023919551604318,1.0,18.86854362487793,-14.207149505615234,1.409999966621399
7.380127906799316,0.24077005212442007,0.9506822283441563,0.18929346431788163,0.23828408953317443,0.05993311065238043,0.9556181198377159,0.14102231528711687,0.20055103603413027,0.1633584940385005,0.44490818595146286,0.44490818595146286,0.2281593874320725,0.36387432236635375,0.34396875886256595,0.40250777046691383,-0.6604613261502061,-0.8268704568069943,0.7494614849863072,2.2434698457963878,2.117100286647576,-0.9500764000411572,0.0,0.0,0.0,3.8522614133401785,1.0,18.86854362487793,-14.198071479797363,1.409999966621399
7.400128602981567,0.25314103274177024,0.9500850668198171,0.1921414590796185,0.23966087214487025,0.054614026325652675,0.9556181198377159,0.14102231528711687,0.20055103603413027,0.1633584940385005,0.4493822434368059,0.4493822434368059,0.21921587370376094,0.36387432236635375,0.34396875886256595,0.40250777046691383,-0.6604613261502061,-0.8268704568069943,0.7494614849863072,2.2131868159216244,2.0640844167381873,-0.8428269363453618,0.0,0.0,0.0,3.8522614133401785,1.0,18.86854362487793,-14.198071479797363,1.409999966621399
7.421611785888672,0.2663155478485653,0.9494443902313355,0.1951458027180067,0.24100282493328268,0.04889891526373638,0.9556181198377159,0.14102231528711687,0.20055103603413027,0.1633584940385005,0.45398763883501286,0.45398763883501314,0.20951187027233037,0.36387432236635375,0.34396875886256595,0.40250777046691383,-0.6604613261502061,-0.8268704568069943,0.7494614849863072,2.181267534245272,2.009931896726745,-0.7274252830444516,0.0,0.0,0.0,3.8522614133401785,1.0,18.86854362487793,-14.198071479797363,1.409999966621399
7.440099477767944,0.1930497055401981,0.9488945960120597,0.1976840509155256,0.24204469375444154,0.04398213157700372,0.9391543568221772,0.1997877405642848,0.241840878528434,0.13995335742573625,0.45778322600448607,0.4577832260044863,0.20108336079577943,0.5039879202344976,0.40969533985451356,0.40274574044376943,-0.4650761196734501,-0.7231242261300221,0.8011821182977469,2.4035036762381745,2.5581912665818733,-1.3858185506739407,0.0,0.0,0.0,4.2195916663971,1.0,18.86854362487793,-14.198071479797363,1.409999966621399
7.460102319717407,0.32768658388297034,0.9483023497332422,0.20037927568356623,0.243054876609701,0.03866686337400683,0.9434228326923234,0.06657649803435611,0.30620022207563896,0.1084543805712937,0.46171361685565615,0.4617136168556563,0.19188677914350516,0.2345667266216122,0.5983882864979296,0.3015664758730461,-0.028245257428912734,-0.7693368535642773,0.7385458699045229,-2.114762378680099,3.9155306947009167,-0.723327912461976,0.0,0.0,0.0,4.225639141866799,1.0,18.86854362487793,-14.179915428161621,1.399999976158142
7.480606555938721,0.25704792823630224,0.9476991420044374,0.2030849833324998,0.24396483807822694,0.03322624821366697,0.9600617468791196,0.07808349233096597,0.2678426566479446,0.02108842536995987,0.46555077874261636,0.4655507787426165,0.1823800219655197,0.18868160198222966,0.5363450263271616,0.09591511662275129,-0.4746868483154755,-0.7052587045070895,0.6121513417736658,-0.5958333564908123,3.1795273431842337,-1.9799768145935244,0.0,0.0,0.0,4.018421891940932,1.0,18.86854362487793,-14.17083740234375,1.399999976158142
7.500094175338745,0.14280847046116138,0.9471305267903893,0.2056010526366479,0.24471267337490582,0.028065634968208006,0.9472370414197612,0.23468827050434518,0.20364226708956118,0.07869707812009717,0.46901630855680526,0.4690163085568052,0.1732734899162237,0.5335767662564065,0.35635060179375155,0.2641369920147843,-0.351192367579248,-0.6515622567987936,0.707850146616532,2.2261757763831467,1.6358764713978466,-2.1836112581866174,0.0,0.0,0.0,4.197164187889111,1.0,18.86854362487793,-14.161759376525879,1.399999976158142
7.520155191421509,0.21872915172194768,0.946551025989451,0.2081326888173322,0.2453642765584293,0.022766440937133446,0.9757396475132645,0.14321484796239775,0.162764155324193,0.030487330735890873,0.47239774435668164,0.4723977443566817,0.16383031198993447,0.3091892317228063,0.31403457270877366,0.11180511094103895,-0.21051095159931404,-0.7782350523504913,0.7104234607293936,-0.4329204701135856,1.3443003644316553,-2.734085265705692,0.0,0.0,0.0,3.7459286371744915,1.0,18.86854362487793,-14.161759376525879,1.3899999856948853
7.5401129722595215,0.10333205463971354,0.9459814773568713,0.21059045933547912,0.24589445205406582,0.017510607745414304,0.932535416658294,0.21035931748411785,0.2934627458076526,0.0025042061798865958,0.47557313879996493,0.475573138799965,0.15437030042060956,0.48946677956356255,0.5779108446097251,0.1535816706415885,-0.5012131601503252,-0.5957111640351178,0.8046434573868851,1.9666529519101006,3.4120685379902795,-3.29629510750543,0.0,0.0,0.0,4.581400008657508,1.0,18.879676818847656,-14.161759376525879,1.3899999856948853
7.560134172439575,0.09984006730603162,0.945418212143842,0.21299305862711207,0.2463090129733024,0.01225688588209118,0.932535416658294,0.21035931748411785,0.2934627458076526,0.0025042061798865958,0.47856829781293586,0.47856829781293586,0.14481845299694757,0.48946677956356255,0.5779108446097251,0.1535816706415885,-0.5012131601503252,-0.5957111640351178,0.8046434573868851,1.950329207359604,3.3788070170903204,-3.1859803513501226,0.0,0.0,0.0,4.581400008657508,1.0,18.879676818847656,-14.161759376525879,1.3899999856948853
7.580108880996704,0.09784081202423774,0.9448654444779043,0.21532520826127152,0.24660663189440898,0.007036733937557264,0.932535416658294,0.21035931748411785,0.2934627458076526,0.0025042061798865958,0.48136534328475683,0.481365343284757,0.13523093686116422,0.48946677956356255,0.5779108446097251,0.1535816706415885,-0.5012131601503252,-0.5957111640351178,0.8046434573868851,1.935160676611269,3.3479329233826984,-3.0762126624187056,0.0,0.0,0.0,4.581400008657508,1.0,18.879676818847656,-14.161759376525879,1.3899999856948853
7.601635217666626,0.09740431077101691,0.9442812949500791,0.2177636695177045,0.24679901300300142,0.0014378547666999072,0.932535416658294,0.21035931748411785,0.2934627458076526,0.0025042061798865958,0.4841646211520754,0.4841646211520755,0.12483837400682199,0.48946677956356255,0.5779108446097251,0.1535816706415885,-0.5012131601503252,-0.5957111640351178,0.8046434573868851,1.9200949053538938,3.3172387007334647,-2.9583162890843973,0.0,0.0,0.0,4.581400008657508,1.0,18.879676818847656,-14.161759376525879,1.3899999856948853
7.620134115219116,0.3331546318109908,0.9437899145836639,0.21979528703221246,0.24685909336245848,-0.003349171965216939,0.9562718096546099,0.15159330321797487,0.20576579846343804,0.14221157710279664,0.48639102129697676,0.4863910212969767,0.11586101329474006,0.38120966637716414,0.35801888021582884,0.36506299053996943,-0.38043779234505676,-0.703940620218898,0.8362820087357105,0.8954223662713416,1.3431654202109533,-0.4406332692397763,0.0,0.0,0.0,3.8831121730258746,1.0,18.879676818847656,-14.161759376525879,1.3899999856948853
7.640114784240723,0.37303166638699353,0.9432712720181403,0.22192134668599442,0.24681594106749818,-0.00849202598438465,0.934252404183982,0.22773646580784387,0.21207017082792098,0.17416885503102625,0.4886087608085526,0.4886087608085526,0.10612011525215477,0.5545274379636584,0.3224855250279036,0.4611354534084389,-0.21565290700455264,-0.48562555726103873,0.6876627209701149,1.9081170153513778,0.5198138813689532,0.5108707341530483,0.0,0.0,0.0,4.1778686046954645,1.0,18.879676818847656,-14.161759376525879,1.3899999856948853
7.660084009170532,0.3280196743663398,0.9427665612946498,0.22397337399605283,0.2466620133657012,-0.013601095833214269,0.9325085415614808,0.2350872045855443,0.23032291505868205,0.14870501321040164,0.49063033841426784,0.4906303384142679,0.09634246741443273,0.574354370762205,0.3678808494783358,0.4260546027269098,-0.4353416143209072,-0.6185252527185924,0.7453706632093844,2.793122319967056,1.486559033621833,-0.05195526912896131,0.0,0.0,0.0,4.300286583114243,1.0,18.879676818847656,-14.161759376525879,1.3899999856948853
7.680098295211792,0.0943847722494711,0.9422754947596128,0.22595498573401096,0.24639799637953608,-0.018688600204939253,0.9341556092361748,0.22141315057102642,0.279544291009332,0.013583219459799074,0.4924601723646351,0.4924601723646351,0.08650421165812663,0.514249570885517,0.5424790684475406,0.17506587771389767,-0.35434827477122094,-0.5300024610286155,0.7415810543435745,1.5399178630012236,2.6405411778173904,-2.189006914146632,0.0,0.0,0.0,4.506066927039889,1.0,18.89080810546875,-14.161759376525879,1.3899999856948853
7.700110673904419,0.27144361039667325,0.941800369542148,0.2278592877162936,0.2460256113668602,-0.02374041876757422,0.9647845018461939,0.09503184640737697,0.24229430882760375,-0.03812192381753494,0.4940926011546093,0.49409260115460946,0.07663224833105284,0.18847337460752872,0.4947017525262801,-0.031259730083280014,-0.1589820750987487,-0.5465541081203044,0.7652316903530295,-2.0432893512605093,2.1314466577869458,-2.6843290279970162,0.0,0.0,0.0,3.8756433729470925,1.0,18.901939392089844,-14.161759376525879,1.3899999856948853
7.720128774642944,0.4151046998931772,0.9413420932578414,0.22968499026495223,0.24554619435629296,-0.02875648005365016,0.9128360147764779,0.18649441704587724,0.3291805930888792,0.15359160026306834,0.49552753660542587,0.4955275366054259,0.06672675974268782,0.554074244772255,0.5748249116650866,0.5011037405391066,-0.3462365910966546,-0.5566626037512937,0.8132365032280355,1.6463508012732655,3.1284010322714972,0.7599947089748884,0.0,0.0,0.0,4.702070496480391,1.0,18.935335159301758,-14.161759376525879,1.3799999952316284
7.740108966827393,0.42499931748689784,0.9409026873447094,0.2314263297684172,0.24496259991813418,-0.033724048967644096,0.9128360147764779,0.18649441704587724,0.3291805930888792,0.15359160026306834,0.49676175537800366,0.4967617553780037,0.056813364570006505,0.554074244772255,0.5748249116650866,0.5011037405391066,-0.3462365910966546,-0.5566626037512937,0.8132365032280355,1.643832559579767,3.1122850949193777,0.8629774895402909,0.0,0.0,0.0,4.702070496480391,1.0,18.935335159301758,-14.161759376525879,1.3799999952316284
7.760096073150635,0.4349151626918484,0.940482166532305,0.23308544151977836,0.24427535922598811,-0.03865255827556961,0.9128360147764779,0.18649441704587724,0.3291805930888792,0.15359160026306834,0.49779799354552595,0.4977979935455261,0.04687384795435904,0.554074244772255,0.5748249116650866,0.5011037405391066,-0.3462365910966546,-0.5566626037512937,0.8132365032280355,1.6423104291079271,3.098584008219054,0.9651504150098944,0.0,0.0,0.0,4.702070496480391,1.0,18.935335159301758,-14.161759376525879,1.3799999952316284
7.780127286911011,0.3017226580083955,0.9400808439228453,0.2346631452120468,0.2434844418417339,-0.043549302514733504,0.9249117643409595,0.22648109563646082,0.2888130806736129,0.09915415238313964,0.4986370035586062,0.49863700355860596,0.03689361302576094,0.5776661891693112,0.5113329640349574,0.36861894841312903,-0.43151247261485454,-0.5447917034369872,0.78449259120287,2.3778086409471793,2.4426688320557948,-0.2155434806910952,0.0,0.0,0.0,4.579376636381467,1.0,18.935335159301758,-14.17083740234375,1.3799999952316284
7.800127983093262,0.09016463193785833,0.939701230251093,0.23615154658417642,0.24259437428561081,-0.04839436408774353,0.9463016157525734,0.22851299862033472,0.22858132993718577,-0.0067555229078982,0.49927512128915086,0.4992751212891509,0.02691381172750776,0.49730454466423196,0.45081717681544636,0.1020356057833731,-0.1218053536199083,-0.37956309638073527,0.8937120776393701,0.5009524562525676,1.0335982760052784,-2.815021142347196,0.0,0.0,0.0,4.2154780523926325,1.0,18.957599639892578,-14.179915428161621,1.3799999952316284
7.820115566253662,0.252678080800453,0.9393438898605284,0.23755031910572544,0.24160642929040937,-0.05319056119273361,0.9022012073777917,0.3249234125446935,0.2830133872785617,0.019004736448597605,0.4997132997674802,0.4997132997674803,0.016929797266844036,0.7596174214929005,0.521659814706412,0.25441893645319774,-0.35275270364236266,-0.47991148890380786,0.8420863298828855,3.621849713443021,2.4410828357554113,-2.2770071884910816,0.0,0.0,0.0,5.287116336974382,1.0,18.979862213134766,-14.198071479797363,1.3799999952316284
7.840088129043579,0.2913312444034485,0.9390097389735047,0.23885763805457375,0.2405226593139053,-0.057936078677004545,0.90010791760837,0.31915923585106315,0.29323288301698996,0.04424471886263406,0.4999517434064367,0.4999517434064369,0.006946528979607208,0.7659688213820892,0.5231834312066984,0.31312196569916495,-0.35963786455146757,-0.35910834715326684,0.7521478390777459,3.6850834657244302,2.0322965743108274,-1.2691747417431616,0.0,0.0,0.0,5.302215720862031,1.0,19.01325798034668,-14.207149505615234,1.3799999952316284
7.860100507736206,0.14941360818055552,0.9386987982216073,0.24007506601990064,0.23934169736058813,-0.06264248396578212,0.9113753583279283,0.3012168556760401,0.2711977063565191,-0.07152038979370234,0.499990639875176,0.4999906398751761,-0.003059417789696937,0.6498290883995484,0.5673654015537423,0.039158619696770265,-0.188576539711844,-0.24500288701036657,0.8640224357071127,2.0307879106590105,1.6748940698831194,-3.7967144214276294,0.0,0.0,0.0,4.911355993138913,1.0,19.0355224609375,-14.216227531433105,1.3799999952316284
7.880101442337036,0.14766494072624858,0.938412771679103,0.24119745656984978,0.23806818626027157,-0.06729632667927343,0.9113753583279283,0.3012168556760401,0.2711977063565191,-0.07152038979370234,0.49982944859958484,0.49982944859958456,-0.013058419224208027,0.6498290883995484,0.5673654015537423,0.039158619696770265,-0.188576539711844,-0.24500288701036657,0.8640224357071127,2.0356702781495564,1.6701247665584362,-3.697717480377438,0.0,0.0,0.0,4.911355993138913,1.0,19.0355224609375,-14.216227531433105,1.3799999952316284
7.900102376937866,0.14682804515253178,0.9381522897031633,0.24222373113114298,0.23670332623331963,-0.07189910118841789,0.9113753583279283,0.3012168556760401,0.2711977063565191,-0.07152038979370234,0.4994683135240257,0.4994683135240256,-0.023052196976984175,0.6498290883995484,0.5673654015537423,0.039158619696770265,-0.188576539711844,-0.24500288701036657,0.8640224357071127,2.0423121642116246,1.6673292460251856,-3.5996589365194636,0.0,0.0,0.0,4.911355993138913,1.0,19.0355224609375,-14.216227531433105,1.3799999952316284
7.920100927352905,0.14690214766574003,0.9379181491014669,0.24315201586480398,0.2352491706601136,-0.07644913649407448,0.9113753583279283,0.3012168556760401,0.2711977063565191,-0.07152038979370234,0.498907457875554,0.49890745787555413,-0.03303556380860313,0.6498290883995484,0.5673654015537423,0.039158619696770265,-0.188576539711844,-0.24500288701036657,0.8640224357071127,2.050740523902663,1.6664817884343113,-3.5025929216347254,0.0,0.0,0.0,4.911355993138913,1.0,19.0355224609375,-14.216227531433105,1.3799999952316284
7.940101623535156,0.27599447224055457,0.9377110194429861,0.24398078862344091,0.23370729020861936,-0.08094641005766645,0.9086156283902286,0.2825519905196685,0.30646140863223537,0.02575689262215436,0.49814698253990813,0.4981469825399082,-0.043006787678044896,0.6814850657405238,0.5732387591487442,0.2649334368218624,-0.19867507718597693,-0.33169757727612664,0.7610716469623855,2.2765779474344088,2.2441180549950523,-0.9155279600050674,0.0,0.0,0.0,5.033823064275998,1.0,19.068918228149414,-14.25253963470459,1.3799999952316284
7.960103511810303,0.19627574238661602,0.9375315905874315,0.24470828761142163,0.2320796568888502,-0.08538971532473905,0.9541008917466642,0.16680769051244074,0.2469060038673816,-0.030068388855512884,0.497187178047201,0.497187178047201,-0.05296140090160854,0.3534783099053391,0.5019977301890763,0.0285167899470856,-0.26951068890752605,-0.2258535350204243,0.724273484023755,-0.1816361244918019,0.9667960136555643,-1.3973416774143368,0.0,0.0,0.0,3.976123506989632,1.0,19.102313995361328,-14.25253963470459,1.3799999952316284
7.980109691619873,0.3114491922096071,0.9373804671250603,0.2453329252826225,0.23036792400753595,-0.08977881271844373,0.9250305260456537,0.18736479268317993,0.3301863783492004,0.013780997755196206,0.49602819784015245,0.4960281978401527,-0.06289695499346945,0.4634964316597115,0.65064632849753,0.18865982561551078,-0.20720931797554654,-0.23973239884372474,0.7842834715860382,0.4590391284073279,2.483141165807708,-0.4609552416187723,0.0,0.0,0.0,4.576534068585717,1.0,19.146841049194336,-14.270695686340332,1.3799999952316284
8.00010633468628,0.06514682103488628,0.9372583080192259,0.24585269487427103,0.22857526426742336,-0.0941098562164132,0.9323289163716549,0.24966384425821647,0.2292075265971186,-0.12607405093315607,0.4946713846647965,0.49467138466479654,-0.07280261804229926,0.48685533203765363,0.5124865682525426,-0.1388640327724022,-0.07169246951213559,-0.34487983880560835,0.8559167206334913,0.23751414817484362,1.5639022914210419,-4.0,0.0,0.0,1.0,4.21333490855111,1.0,19.18023681640625,-14.297930717468262,1.3799999952316284
8.020102500915527,0.3261738478546996,0.9371655444683352,0.24626633990673508,0.22670289772952262,-0.0983840853560513,0.9166990903061303,0.28839124221689544,0.2718360623108214,0.05097474347023639,0.493116815368708,0.493116815368708,-0.08267893565245948,0.6815951932819642,0.4881382642477976,0.28727418269881727,-0.1062455100449825,-0.1583792548706085,0.8601196308502829,2.0813554437706183,0.7537286021009868,-0.6499721915117509,0.0,0.0,0.0,4.699017691451347,1.0,19.213632583618164,-14.334242820739746,1.3899999856948853
8.040098428726196,0.33486026311399014,0.9371026225881792,0.24657234768963057,0.22475278960834436,-0.10260085602200222,0.9166990903061303,0.28839124221689544,0.2718360623108214,0.05097474347023639,0.49136510358785707,0.49136510358785707,-0.09252207831698588,0.6815951932819642,0.4881382642477976,0.28727418269881727,-0.1062455100449825,-0.1583792548706085,0.8601196308502829,2.0963194617085366,0.764506192217338,-0.5598145822903549,0.0,0.0,0.0,4.699017691451347,1.0,19.213632583618164,-14.334242820739746,1.3899999856948853
8.060117244720459,0.3435893635460175,0.9370699085540135,0.2467694122013369,0.2227245503392561,-0.10676431220476035,0.9166990903061303,0.28839124221689544,0.2718360623108214,0.05097474347023639,0.48941459010533084,0.4894145901053308,-0.10233943028975191,0.6815951932819642,0.4881382642477976,0.28727418269881727,-0.1062455100449825,-0.1583792548706085,0.8601196308502829,2.113085566874992,0.7772990447228159,-0.47074529051089,0.0,0.0,0.0,4.699017691451347,1.0,19.213632583618164,-14.334242820739746,1.3899999856948853
8.080116271972656,0.3523350380898065,0.9370678036986856,0.2468556642031674,0.22062449099545173,-0.11086499129631769,0.9166990903061303,0.28839124221689544,0.2718360623108214,0.05097474347023639,0.48727016734530043,0.4872701673453004,-0.11210612835738688,0.6815951932819642,0.4881382642477976,0.28727418269881727,-0.1062455100449825,-0.1583792548706085,0.8601196308502829,2.1316453332203666,0.7920501187959377,-0.3829839579940786,0.0,0.0,0.0,4.699017691451347,1.0,19.213632583618164,-14.334242820739746,1.3899999856948853
8.100101947784424,0.15357226621198902,0.9370964904532023,0.2468300393302488,0.21845412687859292,-0.11490384551541676,0.938135566746405,0.1987828585482042,0.27042405711432915,-0.08519309177763276,0.484932488509022,0.48493248850902193,-0.12182151529367559,0.3992889454937697,0.571933321872695,-0.06227920576791218,-0.13487422260963358,-0.09332600530507235,0.7128404729198874,-0.11688987210939283,1.306526982280632,-1.8256602562982265,0.0,0.0,0.0,4.1484982275464315,1.0,19.2692928314209,-14.37055492401123,1.3899999856948853
8.120093822479248,0.27892137785650917,0.9371561728785636,0.24669126291691104,0.21621338485863548,-0.11888440033930106,0.8981618380022345,0.3198147213904623,0.2986221095667787,-0.042996423296313445,0.48240030578606485,0.48240030578606485,-0.13149123536384913,0.726904646639909,0.5991294260976141,0.13820694162779415,-0.13136430024415424,-0.2698215726572003,0.7731441022520293,2.6125126092597646,2.2442223463268176,-1.6725302106243616,0.0,0.0,0.0,5.193942301689229,1.0,19.302688598632812,-14.388711929321289,1.3899999856948853
8.140037775039673,0.17680742651685755,0.9372467166610278,0.2464388198013004,0.21391055388520686,-0.12279566417259805,0.9605451676773868,0.16939487234422293,0.17815377865781315,-0.13007532135285352,0.4796820877814815,0.47968208778148175,-0.14108541619033116,0.30738313235115616,0.39663599105841185,-0.20695641636373732,0.07502418850748291,-0.14752092101730524,0.5492394945707769,-1.9780727945631615,0.04524264568307945,-2.122822579018284,0.0,0.0,0.0,3.6373252990462204,1.0,19.358346939086914,-14.425024032592773,1.3899999856948853
8.160113334655762,0.2543697312960628,0.9373691883159223,0.24606852362273945,0.2115265047225059,-0.12667211326078764,0.9175983431766893,0.32137525401872696,0.23222091890853389,-0.02836673271755954,0.476753249915663,0.4767532499156628,-0.15068622596260547,0.699277436575274,0.4605086121912487,0.10871895282239423,-0.016169175290015228,-0.19448315675473907,0.5248169676762201,2.0420925039512765,0.5749574562085282,-0.5231299803967759,0.0,0.0,0.0,4.637602109698902,1.0,19.41400718688965,-14.461336135864258,1.399999976158142
8.180091619491577,0.28764918978036685,0.9375222573883567,0.24558317277937372,0.2090902636918456,-0.13046909127578976,0.9573525280350168,0.19991664967545217,0.20854428207725165,0.0043304342032378755,0.47364785728743886,0.47364785728743874,-0.16018023375878157,0.43249358565787394,0.40886630800350965,0.10007677184969441,-0.02641333798744705,-0.05693995664011167,0.6091090989628142,-0.28573320819241943,-0.4083324098315061,0.3311462896186934,0.0,0.0,0.0,3.8100105300489133,1.0,19.46966552734375,-14.506726264953613,1.399999976158142
8.200105905532837,0.29430213860428955,0.9377067158450062,0.24497900713712606,0.2065878856513344,-0.13421194664928895,0.9573525280350168,0.19991664967545217,0.20854428207725165,0.0043304342032378755,0.4703473165139825,0.47034731651398226,-0.16962724382626643,0.43249358565787394,0.40886630800350965,0.10007677184969441,-0.02641333798744705,-0.05693995664011167,0.6091090989628142,-0.25803339769352507,-0.3745627519781134,0.41031234127990945,0.0,0.0,0.0,3.8100105300489133,1.0,19.46966552734375,-14.506726264953613,1.399999976158142
8.220105171203613,0.30088870078934027,0.9379219850002591,0.24425639298233726,0.20402765763758463,-0.13789082442045322,0.9573525280350168,0.19991664967545217,0.20854428207725165,0.0043304342032378755,0.4668610629194363,0.4668610629194363,-0.17899929589172747,0.43249358565787394,0.40886630800350965,0.10007677184969441,-0.02641333798744705,-0.05693995664011167,0.6091090989628142,-0.22821430967640244,-0.33929086743371306,0.4879933472849811,0.0,0.0,0.0,3.8100105300489133,1.0,19.46966552734375,-14.506726264953613,1.399999976158142
8.240666389465332,0.30760035709109557,0.9381753144781976,0.24338859698712775,0.2013353463265957,-0.14160913981774761,0.9573525280350168,0.19991664967545217,0.20854428207725165,0.0043304342032378755,0.46308219617110735,0.4630821961711073,-0.18856001588179835,0.43249358565787394,0.40886630800350965,0.10007677184969441,-0.02641333798744705,-0.05693995664011167,0.6091090989628142,-0.19531018950830903,-0.301476342819042,0.5663553400176409,0.0,0.0,0.0,3.8100105300489133,1.0,19.46966552734375,-14.506726264953613,1.399999976158142
8.26019835472107,0.1556171883720026,0.9384457248477965,0.24244615738536524,0.19872327887288127,-0.14508115218034193,0.9132292307161415,0.3149785098014108,0.20842867777730617,-0.1528345406277347,0.45931115307997794,0.45931115307997794,-0.19756837969761515,0.6212592357165615,0.4971989561561327,-0.1690150824540932,0.015588584178620524,-0.18521934111524496,0.4973397467669368,1.418617859760015,0.8503932941057246,-2.4492670368741347,0.0,0.0,0.0,4.43479306190087,1.0,19.51419448852539,-14.552116394042969,1.399999976158142
8.280101537704468,0.21758180172064462,0.9387507363772442,0.24136670404435046,0.19600885236406684,-0.14855873897172867,0.9321059959885936,0.26116304101687215,0.24510553983660457,-0.053810339065443975,0.45528820108196183,0.4552882010819618,-0.2066703993211199,0.5545638190654315,0.5064034536299854,0.03169347907808574,0.21354907323880043,-0.11342619316887936,0.5162262036463361,0.0668619491435497,0.8853438046877485,-0.146343929117273,0.0,0.0,0.0,4.257483844568773,1.0,19.580984115600586,-14.597506523132324,1.399999976158142
8.30010199546814,0.36727292344107976,0.9390867537682055,0.2401601932267791,0.19322949503190692,-0.15199181799058759,0.9356084577821371,0.2112596643448774,0.28280298562461,0.0053515669880259175,0.45106391529022083,0.4510639152902208,-0.215734430082582,0.4877995807006918,0.5549779855461923,0.15296889495796906,0.23658789813788728,-0.1527572384852705,0.3666307859873078,-0.5920902947275304,1.6389172352926489,2.020013606186385,0.0,0.0,0.0,4.215807623125443,1.0,19.580984115600586,-14.597506523132324,1.399999976158142
8.320101499557495,0.2598497770762352,0.93945182168765,0.23883106873328286,0.19040042545962976,-0.15536303717508207,0.920632739293644,0.20840049322939444,0.3089641856249618,-0.11638610640248535,0.44665941598971637,0.44665941598971654,-0.2247117400309235,0.40755484557576765,0.6654268005963865,-0.10893045434449458,0.299452108216613,-0.09047195410433603,0.5198755446170737,-1.1628449918863408,2.569627543796237,-0.723424920532832,0.0,0.0,0.0,4.360294110107771,1.0,19.63664436340332,-14.64289665222168,1.409999966621399
8.34008526802063,0.3178558009819333,0.9398450440335869,0.23737994924348693,0.1875257214614609,-0.15866996153343987,0.8806409224870828,0.3032717023779692,0.317968756400614,-0.17718270268543465,0.44207994351215774,0.4420799435121579,-0.2335922163606641,0.6016807398196705,0.7308483956726833,-0.16078519178416512,0.3303525221039788,0.07795167066032413,0.3677279612405806,0.5427436153677965,2.2409542602099513,-1.6346090698316338,0.0,0.0,0.0,5.125552820943599,1.0,19.70343589782715,-14.688286781311035,1.409999966621399
8.361979484558105,0.33252251188099996,0.9403077117333848,0.2356484040286312,0.18432352949255504,-0.16222229627548757,0.9493712104053643,0.16480426635871623,0.26504079821599597,-0.03587804237199276,0.43686008077022664,0.43686008077022676,-0.24321445234490288,0.3499855116473658,0.5410892150865542,0.022444384139810356,0.253933606690649,0.019344142338029682,0.5004929307709607,-1.663108996504443,1.0415860523650966,1.0450665748545473,0.0,0.0,0.0,3.904876625703586,1.0,19.770227432250977,-14.733677864074707,1.409999966621399
8.380104064941406,0.30718502789695007,0.9407152531104719,0.2341025851038174,0.1816327217428715,-0.16510707618175383,0.9284423583203456,0.19485134440541055,0.305004247977653,-0.0836668965334893,0.4323804098269598,0.4323804098269598,-0.25109197756573254,0.39856572972210635,0.6422054143943329,-0.04559504944019273,0.3531450130376403,-0.05990517435203871,0.4899898537517642,-1.390368271390123,2.3536594336924432,0.25197219170689156,0.0,0.0,0.0,4.242043970538028,1.0,19.8481502532959,-14.788146018981934,1.4199999570846558
8.400118350982666,0.33963600526238685,0.9411903386213659,0.23227706739011064,0.17862109678297525,-0.16823380823869905,0.927741349603453,0.31185063018695214,0.20394878361843816,-0.021214767227663,0.427268721890379,0.42726872189037896,-0.2596948965500902,0.6680648297034074,0.40242972612355116,0.09561167076893046,0.37204572976641914,-0.027469751530058734,0.485391543268368,0.6826057970561235,-0.3160343515360999,0.614030829201273,0.0,0.0,0.0,4.3322261983975405,1.0,19.914941787719727,-14.851692199707031,1.4199999570846558
8.420147895812988,0.21739870199074396,0.9416912656019557,0.23032546317331323,0.1755666499450613,-0.1713011755069232,0.9162076178798794,0.32996838191761324,0.18157064647705207,-0.13680850928014152,0.4219817955701969,0.42198179557019677,-0.2682002315572314,0.6591540773240337,0.4367511102199294,-0.14492842405842682,0.32740043495388027,-0.0020137376770467397,0.3894298621983247,0.8261313151105631,-0.2896550229874181,-1.3176201778028007,0.0,0.0,0.0,4.368527701367843,1.0,19.914941787719727,-14.851692199707031,1.4199999570846558
8.440107107162476,0.25598208355306123,0.9422148566502122,0.22825656398597527,0.17248440776271046,-0.17429639693259188,0.9119564333790232,0.24487848039546029,0.29316806816931695,-0.14974136791044668,0.41654503619586075,0.41654503619586086,-0.2765686764993263,0.4690004861328774,0.653601901112814,-0.16389474109070362,0.3105231919595919,0.11415534762105498,0.41119281997939255,-0.2853290252279974,1.7519197558025668,-0.793931375057494,0.0,0.0,0.0,4.416451624825215,1.0,19.99286460876465,-14.897082328796387,1.4199999570846558
8.460102558135986,0.25661431606126095,0.9427628483946426,0.22605967610428956,0.16935979081120722,-0.1772357068505897,0.9625302884591846,0.19428729366650305,0.1809601154942507,-0.0551482358623782,0.4109320209437551,0.41093202094375525,-0.2848418406117351,0.39095021595431706,0.3787812533687894,-0.0385916203041751,0.37539291235690403,0.07254258903263591,0.26117547156856546,-1.7353665008997052,-0.577756513370819,1.4874252696937567,0.0,0.0,0.0,3.6254227920977846,1.0,20.081920623779297,-14.960628509521484,1.4299999475479126
8.480098485946655,0.1822385796338755,0.9433332662169391,0.22373852075491785,0.16620003639381342,-0.18011377260381267,0.9557509318082058,0.158162332066782,0.2083221512520101,-0.13463548700353095,0.4051545734085626,0.40515457340856265,-0.29300131679930314,0.27788359490378123,0.456486068587423,-0.21495029576685745,0.4150403364632516,0.034824530443108376,0.2972355374976395,-2.6500262389090214,0.6468480003650842,0.12027538820571326,0.0,0.0,0.0,3.6062075327168555,1.0,20.15984344482422,-15.024174690246582,1.4299999475479126
8.50011920928955,0.2759617409295847,0.943925723894,0.2212902752501243,0.1630029584187822,-0.18293407937734646,0.9328165848700102,0.186601893403837,0.28222019769884804,-0.12403512559100857,0.399207670769424,0.3992076707694241,-0.3010535427442288,0.3461726371694261,0.6099295818282471,-0.15442564141345463,0.36480206498238826,0.13194459816448986,0.4402863216207493,-1.4367144976096675,1.6253208656879123,-0.04914684592518492,0.0,0.0,0.0,4.035318183733158,1.0,20.23776626586914,-15.078643798828125,1.4299999475479126
8.520107746124268,0.2519073013145975,0.9445373451797583,0.21872231453413216,0.1597793612138273,-0.18568874068103158,0.9185881881505786,0.22150204659075115,0.2814909945830604,-0.16701917229762972,0.3931107042665082,0.39311070426650807,-0.308972448919139,0.3984073782294464,0.6324699946123147,-0.22778776314910684,0.33814505210268264,0.05141150133347041,0.2852334619018264,-0.6748859672166522,2.0845081274867576,-0.36108295540882807,0.0,0.0,0.0,4.167653175153076,1.0,20.315689086914062,-15.142189979553223,1.440000057220459
8.540097951889038,0.24328367407453796,0.9451678872740906,0.2160310142823504,0.15652550745581817,-0.18838267237107928,0.9386414578095371,0.21443515055053733,0.2475589961061161,-0.10809404857108082,0.38685615024732145,0.38685615024732145,-0.31676855749240923,0.41816152627818587,0.536460131890539,-0.11280428309511353,0.41909266835420356,0.17683722005362534,0.4068718145490955,-1.0840126439063322,0.6930367810314417,0.2639650012606565,0.0,0.0,0.0,3.944457924304609,1.0,20.315689086914062,-15.142189979553223,1.440000057220459
8.560151815414429,0.47635331626816163,0.9458181057052489,0.21320797537834982,0.15323278218791805,-0.19102404198987508,0.8970680091510652,0.33674075554783073,0.28293404800301847,-0.04269631121591395,0.380426356664344,0.38042635666434393,-0.3244623046751246,0.7576544116785863,0.5661388668284786,0.13542636748861836,0.45565306226577323,0.2230076312170485,0.39012359947141695,1.6721513594876305,0.6064001213465319,1.2335593130078908,0.0,0.0,0.0,5.050885728050365,1.0,20.415876388549805,-15.214814186096191,1.440000057220459
8.580113172531128,0.28794865224225547,0.946481564196427,0.21027610143187156,0.14992846304225757,-0.19359252509506852,0.9302129807683853,0.16942192636306544,0.2829652381626636,-0.16103010671601345,0.373874289811515,0.37387428981151516,-0.3319909869528618,0.27889847982920146,0.619956722114848,-0.2529691519483662,0.4471634286898042,0.1952438630117507,0.27947204380994783,-1.8808511279079294,1.807383412816122,0.11751003740391197,0.0,0.0,0.0,3.9561426325164235,1.0,20.493799209594727,-15.28743839263916,1.440000057220459
8.600074768066406,0.394217102335359,0.9471598549311094,0.20722337496035168,0.14659891437131176,-0.19610058740879366,0.9160988172437015,0.26637220067867823,0.2892976202351893,-0.07820290708500122,0.3671731746179272,0.3671731746179272,-0.339387477436916,0.5700802421350789,0.6085916930344829,0.013210760988216108,0.45093474688716306,0.1490413167958001,0.31506365557295046,0.3507997770676683,1.4774692381070111,1.269269694730454,0.0,0.0,0.0,4.461963331496383,1.0,20.59398651123047,-15.35098648071289,1.4500000476837158
8.620091676712036,0.2750684280523645,0.9478534846532926,0.2040417409286521,0.14323634074587985,-0.19855500567637557,0.9218514966268108,0.2936904814215892,0.21701015641735774,-0.12977793071619703,0.36030658374348024,0.3603065837434802,-0.3466686684877974,0.5844840316349983,0.49647758505361234,-0.12750162857099587,0.5073053884734948,0.11706693466370155,0.46697231687072915,0.26635642429517503,0.3680842131272166,-0.6230943569040497,0.0,0.0,0.0,4.200341171343169,1.0,20.69417381286621,-15.42361068725586,1.4500000476837158
8.640094995498657,0.29762529463955567,0.9485586390684426,0.20074275807421452,0.13985369834325403,-0.20094724777686207,0.9248719007108213,0.21000796208668712,0.2780349693769105,-0.15233246186985117,0.3533004394694268,0.3533004394694269,-0.3538061608716132,0.38150656598501503,0.6166133606208909,-0.20364604743583475,0.361912423938572,0.26232605895500244,0.35457942664530595,-0.485457011589556,1.4059924222775269,-0.062371572756602545,0.0,0.0,0.0,4.064676204855181,1.0,20.783227920532227,-15.5053129196167,1.4500000476837158
8.660116910934448,0.3424555010433601,0.9492749482271181,0.19732217004769698,0.13644695151824993,-0.20328124187304197,0.9795569652664358,0.11589283988427047,0.15421554114574662,-0.057048824095632715,0.34614622305856485,0.3461462230585648,-0.3608085257616432,0.2225458180389992,0.3208243074006177,-0.0801935460294179,0.431317229297923,0.1782844473394805,0.28125750691645834,-2.9194518753115815,-0.7044668805334479,2.066719119812304,0.0,0.0,0.0,3.3252030824478096,1.0,20.783227920532227,-15.5053129196167,1.4500000476837158
8.680176973342896,0.35587746840752826,0.9500016070887212,0.19377734620916467,0.13301406140907215,-0.20555910608008562,0.9513624073768205,0.11117355197711024,0.26266655583056175,-0.11643148894986904,0.3388392235887563,0.3388392235887562,-0.36767918156698615,0.17769326645975947,0.5535029634232305,-0.19296222679138078,0.3664821610868067,0.29779798644831756,0.39871839176212526,-2.2705476913090017,1.2627704836090188,0.8263721701008759,0.0,0.0,0.0,3.657334973432716,1.0,20.894546508789062,-15.568859100341797,1.4600000381469727
8.700103759765625,0.20388608484203616,0.9507307790332395,0.1901407274495175,0.1295858209191753,-0.20776189395681116,0.9241533309464418,0.285314762178692,0.11390193795770077,-0.22707367948089657,0.33144577355652316,0.33144577355652316,-0.37435771554960373,0.530274739672663,0.34702393248173924,-0.38676104286390073,0.44366953860241987,0.23309867539480658,0.4737208098436204,0.020867699301392983,-1.4837681135974332,-2.678832043034213,0.0,0.0,0.0,3.770341447017126,1.0,20.98360252380371,-15.650561332702637,1.4600000381469727
8.72010588645935,0.08674785629699844,0.9514684733055608,0.18637617224077174,0.12612769280675257,-0.20991301015827657,0.9486862341926288,0.2176862473579876,0.1385923590892924,-0.18275471202316693,0.3238920213516199,0.3238920213516198,-0.3809120088744405,0.3959744231721424,0.34960603550592256,-0.30978710495893924,0.494913814923441,0.18316742445407835,0.45477737425530074,-1.2526352286675184,-0.7211376451937064,-1.3465037864037592,0.0,0.0,0.0,3.5245240682784886,1.0,21.10605239868164,-15.723186492919922,1.4600000381469727
8.740123987197876,0.13126634963985698,0.9522109211668002,0.18249561463956304,0.1226510551466488,-0.21200573322298502,0.9367764796633345,0.2278578479977413,0.16713343967373445,-0.20639050752937899,0.3162025020941913,0.3162025020941913,-0.38731896115394715,0.40266578624682964,0.41937396142119665,-0.34689505936002735,0.4397601545512848,0.2839036328893588,0.4347363753557521,-0.636433302118208,-0.46345742607335305,-1.6463694321799403,0.0,0.0,0.0,3.617313132429579,1.0,21.19510841369629,-15.813966751098633,1.4700000286102295
8.760108470916748,0.09135939073867408,0.9529546424692075,0.17851047120114077,0.11916572285449273,-0.21403502415375386,0.950011884310198,0.2182585757158099,0.10433344742054401,-0.19737057922911852,0.3083995075236857,0.3083995075236858,-0.3935603432247056,0.40019617962667664,0.28837184057666815,-0.35080683875330276,0.38984555914385816,0.29565941045576116,0.43819221057068847,-0.8150890752383588,-1.6879591269355314,-1.5954432671192404,0.0,0.0,0.0,3.437916046851625,1.0,21.306427001953125,-15.895668983459473,1.4700000286102295
8.780097961425781,0.3970420196352156,0.9536994204591565,0.17441504310663278,0.11566612348664465,-0.2160049907561225,0.9414482700482327,0.18637962145984693,0.2665931182490879,-0.08868991391303575,0.30047134764348354,0.3004713476434835,-0.3996460549602721,0.367639661270388,0.5645399958664981,-0.08012369638427413,0.42416127050504354,0.2459898503371565,0.5494549566837208,-0.47915664448256146,1.427359743862763,0.676461118662695,0.0,0.0,0.0,3.850327217195269,1.0,21.306427001953125,-15.895668983459473,1.4700000286102295
8.800100088119507,0.3303914995984491,0.9544438801000776,0.1702095002075294,0.11215198822912982,-0.21791635394082917,0.9252388399057265,0.2549459952326777,0.23503460242686214,-0.15392973821445874,0.2924180045938164,0.2924180045938164,-0.40557577663042294,0.48413302585490064,0.53915824192691,-0.1934824824632678,0.46962393233635163,0.3624829625313131,0.5600366145709057,0.517535506961752,0.37413543970415497,-0.9177504609505465,0.0,0.0,0.0,3.974701373702842,1.0,21.428876876831055,-15.968293190002441,1.4800000190734863
8.82010817527771,0.2569484706670076,0.9551861031907791,0.16589708701324568,0.10862550944393817,-0.2197684315132149,0.9762978234679897,0.12015407909266543,0.144556776788651,-0.10727952019624251,0.2842452215643482,0.2842452215643483,-0.41134493313742726,0.21567072593816144,0.31313329593471106,-0.1847151037679097,0.5574922510051668,0.30640206080222443,0.46545465299784455,-2.771563700310308,-0.7572269979693403,0.5985270805876903,0.0,0.0,0.0,3.2431346287088143,1.0,21.529064178466797,-16.04999542236328,1.4800000190734863
8.840081691741943,0.29065909043983146,0.9559229252481218,0.1614888611740174,0.10509483967134514,-0.2215576299210817,0.9311769878205036,0.09821050856803132,0.2236681639467786,-0.27062273702891115,0.27597306634027446,0.27597306634027446,-0.4169398837419447,0.07010920903004877,0.48895691893781623,-0.548169774897374,0.45439014929528865,0.2782188841553339,0.6366196247392313,-2.525134587996206,1.6449424518417946,-3.078210749679266,0.0,0.0,0.0,3.4163331228724303,1.0,21.65151596069336,-16.131698608398438,1.4800000190734863
8.86013674736023,0.2918479587595706,0.9566569406954551,0.15696105014307987,0.10154035898695452,-0.22329416036697952,0.9311769878205036,0.09821050856803132,0.2236681639467786,-0.27062273702891115,0.2675563772458069,0.26755637724580683,-0.4223903230367611,0.07010920903004877,0.48895691893781623,-0.548169774897374,0.45439014929528865,0.2782188841553339,0.6366196247392313,-2.412362361284484,1.6865054988856576,-3.063116027755019,0.0,0.0,0.0,3.4163331228724303,1.0,21.65151596069336,-16.131698608398438,1.4800000190734863
8.880045175552368,0.293496106887168,0.9573781765616486,0.1523679622157101,0.09800343405817649,-0.22495856962234084,0.9311769878205036,0.09821050856803132,0.2236681639467786,-0.27062273702891115,0.25909478467265384,0.2590947846726539,-0.42763289461339515,0.07010920903004877,0.48895691893781623,-0.548169774897374,0.45439014929528865,0.2782188841553339,0.6366196247392313,-2.2988171934982113,1.7274727808364014,-3.049621779250688,0.0,0.0,0.0,3.4163331228724303,1.0,21.65151596069336,-16.131698608398438,1.4800000190734863
8.900095462799072,0.4978023750617727,0.9580954332760935,0.14764550329330614,0.09443365483560608,-0.2265750006667789,0.9193264654533424,0.2875944752461458,0.2498372181193546,-0.09853746580535018,0.2504691186537912,0.25046911865379123,-0.43274151707548586,0.5942085391673233,0.5422232203735099,-0.043761560080336784,0.49491813838530563,0.3424868853304131,0.5495736528001159,1.7625304367346377,0.6688411573607216,0.27404224741919947,0.0,0.0,0.0,4.213836198273098,1.0,21.77396583557129,-16.22247886657715,1.4900000095367432
8.920108795166016,0.23714005490445106,0.9588006038088174,0.14283756345107398,0.0908635874672418,-0.2281285626040509,0.9454307171694134,0.2325763347041347,0.14593235231799948,-0.17542165235527307,0.24175893801667195,0.24175893801667192,-0.43766724333567725,0.4291223308195844,0.3656278427161451,-0.28638879143281587,0.5167725367539582,0.3551997977158365,0.6968110198714532,0.03897399724391093,-0.900513244439056,-1.8432987624300914,0.0,0.0,0.0,3.5137061719978675,1.0,21.885284423828125,-16.31325912475586,1.4900000095367432
8.940113306045532,0.2750367769286774,0.9594930966224036,0.13794034311498837,0.08728897786063967,-0.22962163142725642,0.9821060154436301,0.13997100018746408,0.0837394266566568,-0.09414670445199773,0.23295583083752494,0.23295583083752486,-0.44241562006646923,0.2671849821966315,0.1920153639946571,-0.16525640339696232,0.5203087900377622,0.2737246260531856,0.6175483899923732,-1.8844435236562782,-1.585565887152265,0.2200622843909792,0.0,0.0,0.0,3.1516158531403535,1.0,21.885284423828125,-16.31325912475586,1.4900000095367432
8.9600830078125,0.35901274987502374,0.9601704626853893,0.13296322909145547,0.08371517914160431,-0.23105244226665866,0.9164845324198145,0.22723695762854915,0.22971722908725675,-0.2359013810545154,0.22407506148024878,0.22407506148024883,-0.4469791570337735,0.37138893687494684,0.5565683569422489,-0.39662008496124024,0.5791760675208995,0.4064063594681619,0.6249463388684063,0.27640917669885345,0.8285062954534193,-2.564361090235734,0.0,0.0,0.0,3.748050691770187,1.0,21.99660301208496,-16.394962310791016,1.5
8.980096101760864,0.36444325320268095,0.960833779244702,0.1278895054887616,0.08012883595047057,-0.23242653182759895,0.9516848558158484,0.116718052404514,0.24147825821757446,-0.14953622391203933,0.21508535053481204,0.215085350534812,-0.45137378300618775,0.17337634923567705,0.5172934863121894,-0.2657293141188664,0.4216371554779298,0.40618884493883245,0.5510853379048736,-0.9949499754865647,1.3304208075870512,-0.22339317900163813,0.0,0.0,0.0,3.4575087008747696,1.0,22.119054794311523,-16.48574447631836,1.5
9.00010871887207,0.29846170669477723,0.9614800055851885,0.12273294945221613,0.07653839085519354,-0.23374066121229992,0.9432260522551932,0.21058231508410002,0.18294616063018668,-0.18030642038368477,0.20600971287599645,0.20600971287599645,-0.4555875307783889,0.3738855067752974,0.43461128614785477,-0.29428349057249825,0.39982956068000863,0.512012765214246,0.6897125731707181,0.714029024573497,-0.5157718507834259,-1.689947224777893,0.0,0.0,0.0,3.4849860949044467,1.0,22.25263786315918,-16.594680786132812,1.5099999904632568
9.020103931427002,0.31086743938311,0.9621071179681633,0.11750105672365121,0.07294743620074864,-0.23499375901405975,0.9432260522551932,0.21058231508410002,0.18294616063018668,-0.18030642038368477,0.19685956951483005,0.19685956951483005,-0.4596153934437311,0.3738855067752974,0.43461128614785477,-0.29428349057249825,0.39982956068000863,0.512012765214246,0.6897125731707181,0.8329017828303145,-0.4698801367944665,-1.6725888455645683,0.0,0.0,0.0,3.4849860949044467,1.0,22.25263786315918,-16.594680786132812,1.5099999904632568
9.040914535522461,0.323889543967584,0.9627385392839171,0.11197442827418552,0.06920673122899901,-0.23623433438587216,0.9432260522551932,0.21058231508410002,0.18294616063018668,-0.18030642038368477,0.18725275935024704,0.18725275935024702,-0.46361234249717553,0.3738855067752974,0.43461128614785477,-0.29428349057249825,0.39982956068000863,0.512012765214246,0.6897125731707181,0.9578469372612881,-0.422157803549154,-1.6559299545601598,0.0,0.0,0.0,3.4849860949044467,1.0,22.25263786315918,-16.594680786132812,1.5099999904632568
9.060111284255981,0.1596204030454255,0.9633004026483896,0.10680586004565001,0.0657535610801869,-0.2373211152060305,0.9462367657459092,0.18120547107086035,0.07986777493635559,-0.25577665830060553,0.17831895463217176,0.1783189546321718,-0.46712134442657344,0.31674155991462677,0.2463274400016517,-0.48846480073093523,0.3578880881521529,0.6112195994610117,0.5197597926342078,0.08100274668758822,-2.464222712334887,-2.5832862115643964,0.0,0.0,0.0,3.1905775367303195,1.0,22.386219024658203,-16.685461044311523,1.5099999904632568
9.080108642578125,0.20195249915676722,0.9638633426061843,0.10135297942492948,0.06215417493256416,-0.23839439775333543,0.9363348810809725,0.17926780781172205,0.09378987808687611,-0.2869555755198173,0.16894273111482422,0.16894273111482422,-0.47059361831995156,0.29788181190025853,0.28225410301870246,-0.5521282957214182,0.47130084747679224,0.5552809851081714,0.47636598548623144,-0.23694673020332702,-1.8501066431733417,-3.0055705265804127,0.0,0.0,0.0,3.190355497032759,1.0,22.497539520263672,-16.76716423034668,1.5199999809265137
9.100078821182251,0.20454320006544666,0.9644014533015886,0.0958408087072939,0.05855780963684033,-0.23940626388349048,0.9850325445795888,0.08619787384367893,0.051845582923837424,-0.13997445550948726,0.1595118304105303,0.15951183041053027,-0.4738733754486341,0.15720104991131392,0.12660814969509182,-0.2723273305872131,0.526647486848543,0.6303891455213699,0.4519513041907285,-2.247817969039126,-2.8196053546812876,0.20724992105072992,0.0,0.0,0.0,2.993268821818732,1.0,22.631120681762695,-16.85794448852539,1.5199999809265137
9.120088815689087,0.4666695931169781,0.9649152519418515,0.09025423807096455,0.05495273360387486,-0.24035999282260853,0.9330568805848514,0.214328672240085,0.2352562304118307,-0.1676978947437451,0.14999832634370075,0.14999832634370072,-0.47697012704580216,0.38275677593724583,0.5362312089954194,-0.2493044755779862,0.5827847101364352,0.6609122626685038,0.507079295478012,1.067409060580765,0.1433050740774955,-0.5901128986787094,0.0,0.0,0.0,3.6689394603866106,1.0,22.753572463989258,-16.95780372619629,1.5299999713897705
9.140094995498657,0.29055427312035587,0.9654023408104079,0.08460880093258784,0.05134710033664623,-0.24125328277466604,0.9288072001905527,0.1916538749299478,0.12801292345346857,-0.29017006828309944,0.14042659554921577,0.14042659554921574,-0.4798753705520392,0.30535687993311933,0.35652843031391807,-0.5501729516642794,0.623278011895087,0.6944561503032931,0.49914871604376565,-0.0446723998405969,-1.6936999109131052,-3.0978534208063575,0.0,0.0,0.0,3.273510434240764,1.0,22.753572463989258,-16.95780372619629,1.5299999713897705
9.160101652145386,0.40437009460578266,0.9658616821513364,0.07890689768800492,0.04774039708999283,-0.24208627993906487,0.966124170492693,0.06320508657019683,0.2143010887095105,-0.12916751758618794,0.13079843115723983,0.13079843115723983,-0.48258861404596454,0.07403615567095782,0.4449480747016183,-0.24906125574922944,0.6744304827611503,0.5326185069172206,0.44549925729032613,-2.087194832402215,0.9845896184121359,0.6783999454175746,0.0,0.0,0.0,3.256427252232532,1.0,22.887155532836914,-17.066740036010742,1.5299999713897705
9.180107116699219,0.41050959219662164,0.966292154137594,0.07315267000495806,0.044133150191315404,-0.24285885772906188,0.966124170492693,0.06320508657019683,0.2143010887095105,-0.12916751758618794,0.1211184926006748,0.12111849260067475,-0.4851085556348603,0.07403615567095782,0.4449480747016183,-0.24906125574922944,0.6744304827611503,0.5326185069172206,0.44549925729032613,-1.9628346353022357,1.0402937960424787,0.6721131888975398,0.0,0.0,0.0,3.256427252232532,1.0,22.887155532836914,-17.066740036010742,1.5299999713897705
9.20010256767273,0.4169420061537671,0.966692573775016,0.06735242195763773,0.04052714315424323,-0.24357066681443976,0.966124170492693,0.06320508657019683,0.2143010887095105,-0.12916751758618794,0.11139496274324229,0.11139496274324225,-0.4874332387880741,0.07403615567095782,0.4449480747016183,-0.24906125574922944,0.6744304827611503,0.5326185069172206,0.44549925729032613,-1.837886858691363,1.0958031425465413,0.6645310542420639,0.0,0.0,0.0,3.256427252232532,1.0,22.887155532836914,-17.066740036010742,1.5299999713897705
9.220102787017822,0.49806828031375716,0.9670623006878617,0.06150566613011099,0.03691987176731705,-0.24422219942273052,0.9437117538142635,0.26609631564937747,0.13337566154131528,-0.14426298700307855,0.10162456223218713,0.10162456223218713,-0.4895635284119072,0.5132429998693597,0.33472776652163944,-0.21478023955903044,0.5416378607234964,0.5953713255641374,0.4509427013440852,2.3641529889749497,-1.6209408859136456,-0.016907183788062552,0.0,0.0,0.0,3.5559713563274955,1.0,23.020736694335938,-17.157520294189453,1.5399999618530273
9.24010443687439,0.33071734838334377,0.9674003823922741,0.05561719365067869,0.03331207052357961,-0.24481326327455535,0.9478631196059686,0.1963324285827309,0.11475941517187165,-0.22324730817427146,0.09181280926602049,0.0918128092660205,-0.49149812619651084,0.3437659567781829,0.3101629413543148,-0.4083570068065369,0.6604320953724828,0.5670448228166182,0.2986987026032842,0.515719151611687,-1.3922867857438241,-0.8763490291663306,0.0,0.0,0.0,3.270448451435411,1.0,23.154319763183594,-17.248300552368164,1.5399999618530273
9.260088682174683,0.20006979593478214,0.9677057373138622,0.049696479678283174,0.02970724315523065,-0.2453433218604828,0.9621636338281312,0.08588081985767052,0.12120661932738103,-0.2284175605124255,0.08197291088436165,0.08197291088436166,-0.4932346722211898,0.11446261449447553,0.27596398835572106,-0.4502582834922092,0.7605282031504842,0.5410831576354699,0.11766241061993252,-1.8772569079628438,-0.5845251320527303,-0.10081567883911724,0.0,0.0,0.0,3.06272556651018,1.0,23.28790283203125,-17.348159790039062,1.5499999523162842
9.280083179473877,0.3934262660415996,0.9679780803358925,0.0437392774591707,0.026100482901666645,-0.24581309238706134,0.927429808639588,0.1810105169362665,0.15342463105741005,-0.2890848065708406,0.0720952036370935,0.0720952036370935,-0.49477498078674714,0.27151778141116484,0.39980196569060783,-0.5489837175993938,0.7031806714324277,0.45729398289286427,0.0642577325124214,0.4836299730325764,0.019922460937528808,-1.254373855659753,0.0,0.0,0.0,3.307693922721845,1.0,23.4326171875,-17.457096099853516,1.5499999523162842
9.300078630447388,0.4181002854562897,0.9682166098238865,0.037752297811736085,0.02249352723270885,-0.24622226078018505,0.9632383986332967,0.20014960612197594,0.10543322473474723,-0.14489912936112526,0.06218820200057897,0.06218820200057897,-0.4961175541461268,0.37663015770169117,0.26417985923335746,-0.24798961037904194,0.8868404520051117,0.45475789111550424,0.10073731346871921,0.0551266850066785,-1.0869404277637378,1.5241561115017481,0.0,0.0,0.0,3.2658811514349604,1.0,23.566200256347656,-17.547876358032227,1.559999942779541
9.320090770721436,0.430801755286956,0.9684209005580167,0.03173480172341204,0.018883578650236148,-0.24657102866990702,0.9632383986332967,0.20014960612197594,0.10543322473474723,-0.14489912936112526,0.0522480382676942,0.05224803826769421,-0.49726264940891896,0.37663015770169117,0.26417985923335746,-0.24798961037904194,0.8868404520051117,0.45475789111550424,0.10073731346871921,0.18306712772279754,-1.035799539309251,1.5320447283729528,0.0,0.0,0.0,3.2658811514349604,1.0,23.566200256347656,-17.547876358032227,1.559999942779541
9.340125322341919,0.4435844891007505,0.9685904221309002,0.025689047771552277,0.015269629402431272,-0.24685928258582407,0.9632383986332967,0.20014960612197594,0.10543322473474723,-0.14489912936112526,0.042275785101649754,0.04227578510164975,-0.49820955229104075,0.37663015770169117,0.26417985923335746,-0.24798961037904194,0.8868404520051117,0.45475789111550424,0.10073731346871921,0.3112967611352353,-0.9844945492972745,1.5388247462818432,0.0,0.0,0.0,3.2658811514349604,1.0,23.566200256347656,-17.547876358032227,1.559999942779541
9.360090017318726,0.4563806369722847,0.9687241154469171,0.019647014963656638,0.011668333326932817,-0.24708588173341173,0.9632383986332967,0.20014960612197594,0.10543322473474723,-0.14489912936112526,0.03232141905764242,0.03232141905764243,-0.49895423223989227,0.37663015770169117,0.26417985923335746,-0.24798961037904194,0.8868404520051117,0.45475789111550424,0.10073731346871921,0.4391446094486917,-0.9332512821247153,1.5444780251440793,0.0,0.0,0.0,3.2658811514349604,1.0,23.566200256347656,-17.547876358032227,1.559999942779541
9.380107879638672,0.3424765611674907,0.9688225290625074,0.013575583747532845,0.008057497565061114,-0.24725227489313356,0.978182683953826,0.05423792001113076,0.13860066550371108,-0.1449370220740167,0.022327613356308732,0.02232761335630873,-0.49950122890921017,0.06887978512372188,0.29096386219743287,-0.284102892587017,0.8788077691183993,0.45148288159910976,0.10071913595170148,-2.0678507157752315,0.49316643884294153,1.6548075486272538,0.0,0.0,0.0,3.076771916695271,1.0,23.69978141784668,-17.656814575195312,1.559999942779541
9.400134325027466,0.22464530915932812,0.968885043824601,0.00749232902084909,0.004445154323756295,-0.24735779240178013,0.9862880911349979,0.02879457380850378,0.05714133086752083,-0.15212344366059105,0.012320570717459517,0.012320570717459518,-0.4998481804880318,0.03971892877543163,0.12177704981735009,-0.3036431221320175,0.7390134075541718,0.42224429034778,0.15842177513851224,-2.2767100643528595,-0.78904966598584,1.3038337163411695,0.0,0.0,0.0,2.9737919653153932,1.0,23.84449577331543,-17.765750885009766,1.559999942779541
9.42014193534851,0.31723866698910475,0.9689114525217607,0.001409709856676543,0.0008362329362915818,-0.24740232538270168,0.9473222087942701,0.10036097617547159,0.11818581513671572,-0.2802506383341914,0.002318004407039198,0.0023180044070391977,-0.4999946268266979,0.12943565884552025,0.2839738536718964,-0.5567338002503652,0.9694154746385164,0.42596141216498123,0.3036065815975094,-1.379451090046588,0.08185317100046086,-1.9561393896186594,0.0,0.0,0.0,3.095491578342704,1.0,23.978078842163086,-17.856531143188477,1.5700000524520874
9.440103769302368,0.4161766526820705,0.9689018311845258,-0.004659948797720546,-0.0027644266842369353,-0.24738610379239775,0.9311501272459417,0.07739375009500639,0.17293318403665248,-0.31155057668867087,-0.007662604292338087,-0.007662604292338088,-0.4999412810475437,0.039168919568114115,0.3793078954310761,-0.6382367365381459,0.9743600802239607,0.47933990290364936,0.21432140117067972,-1.4380686519323422,1.073268926691739,-2.2992902580859402,0.0,0.0,0.0,3.1849713793067407,1.0,24.122793197631836,-17.96546745300293,1.5700000524520874
9.460106134414673,0.35496330840294327,0.9688561753537307,-0.010738772405260014,-0.006372412687176514,-0.2473090831383138,0.9646674086958253,0.09278385931907468,0.13204014464730035,-0.2082626856915559,-0.017660412686786982,-0.017660412686786982,-0.49968801248752437,0.13008862129487056,0.29777774751506103,-0.4057145351022124,0.9082598836937719,0.43871025730246016,0.33396874095319035,-0.9483311004964032,0.4230068029867846,-0.6165203392022471,0.0,0.0,0.0,3.129389118819419,1.0,24.256376266479492,-18.074405670166016,1.5700000524520874
9.480121612548828,0.3677398472424183,0.9687745116797831,-0.016814293761571706,-0.009982797684986826,-0.2471711326091256,0.9646674086958253,0.09278385931907468,0.13204014464730035,-0.2082626856915559,-0.027657701955720537,-0.02765770195572053,-0.4992344654794264,0.13008862129487056,0.29777774751506103,-0.4057145351022124,0.9082598836937719,0.43871025730246016,0.33396874095319035,-0.8165916236837907,0.4673974638820413,-0.6281862621708677,0.0,0.0,0.0,3.129389118819419,1.0,24.256376266479492,-18.074405670166016,1.5700000524520874
9.500110149383545,0.38056289316943026,0.9686572353537031,-0.022870254401278507,-0.013588369983223197,-0.24697260589332712,0.9646674086958253,0.09278385931907468,0.13204014464730035,-0.2082626856915559,-0.03763047895199019,-0.0376304789519902,-0.4985819361487577,0.13008862129487056,0.29777774751506103,-0.4057145351022124,0.9082598836937719,0.43871025730246016,0.33396874095319035,-0.6854756400568949,0.5117951108889982,-0.640829841687061,0.0,0.0,0.0,3.129389118819419,1.0,24.256376266479492,-18.074405670166016,1.5700000524520874
9.52017879486084,0.39348895173593773,0.9685038570989006,-0.028934921683126662,-0.01720844545835777,-0.2467122179719728,0.9646674086958253,0.09278385931907468,0.13204014464730035,-0.2082626856915559,-0.04762809384558617,-0.04762809384558617,-0.4977263953987533,0.13008862129487056,0.29777774751506103,-0.4057145351022124,0.9082598836937719,0.43871025730246016,0.33396874095319035,-0.5543616235164097,0.5564557637140268,-0.6545126365990693,0.0,0.0,0.0,3.129389118819419,1.0,24.256376266479492,-18.074405670166016,1.5700000524520874
9.540140867233276,0.427243987154231,0.968316237981813,-0.03494783883260481,-0.020809345009851307,-0.2463925384055704,0.941123047025294,0.1555068685352007,0.05743267716966527,-0.2946294482724478,-0.05755359510902344,-0.05755359510902345,-0.49667653829230407,0.2673565664282691,0.2010887272513793,-0.5796604684799671,0.899046518515115,0.4922019239654546,0.4259935540261315,0.47885535481659725,-1.4371126253623807,-2.7475729022642565,0.0,0.0,0.0,3.1373251785087137,1.0,24.412221908569336,-18.174264907836914,1.5800000429153442
9.560059309005737,0.10744382943891267,0.9680946254513193,-0.04092416509417782,-0.024402404873179698,-0.2460132750890078,0.979211600788117,-0.017399431280927764,-0.008121699506373292,-0.2019305293168965,-0.06743454700936898,-0.06743454700936898,-0.4954317126200555,-0.030808386154542778,-0.022934688040703487,-0.40638001912726535,0.9997827466780009,0.42553731698951025,0.28264646843296165,-3.475957667879883,-1.461165326916377,-0.22420630226042648,0.0,0.0,0.0,2.976692612311733,1.0,24.55693817138672,-18.292278289794922,1.5800000429153442
9.580106496810913,0.4034125327692646,0.967837410619692,-0.046911445174721886,-0.028018687125486247,-0.24557079648922656,0.9339363976543129,0.10330676532803985,0.0650738417868694,-0.3359403406693513,-0.07735234417551713,-0.07735234417551715,-0.49398037901373415,0.15263183019540144,0.19213951981221336,-0.6758494943348686,1.040527945207939,0.28231882441481626,0.31324011298366683,-0.7783257643100945,-0.1688753229104838,-3.1718867003245563,0.0,0.0,0.0,3.074678311132533,1.0,24.690519332885742,-18.383058547973633,1.5800000429153442
9.60010051727295,0.2142939554313221,0.9675473447056664,-0.052851202520976956,-0.03162532571283175,-0.24506881669983652,0.977253558761045,-0.0007116360674565554,0.052562413358979425,-0.20545600055695737,-0.08721287924005462,-0.08721287924005461,-0.4923351639834998,-0.023113067627178078,0.10262121568999238,-0.4156276288206146,1.1177193269160886,0.39360987817476456,0.09078296101772665,-3.064087196804287,-0.1528717388784382,0.3949776157829813,0.0,0.0,0.0,3.0074615661123243,1.0,24.8241024017334,-18.501073837280273,1.5800000429153442
9.620094060897827,0.26463484456909625,0.9672244876426076,-0.05875526665060766,-0.03523175393684199,-0.24450630392659667,0.9865018859189474,0.035831846684871126,-0.0039688005642514864,-0.15973213973272005,-0.09703831728555398,-0.097038317285554,-0.4904931854556067,0.07202699113546905,0.0036165444838544753,-0.3209188113132172,1.1130693058931591,0.4342659477780954,0.08558959001961415,-2.506739871663845,-1.4816387160691278,1.4217356333327655,0.0,0.0,0.0,3.006120552841669,1.0,24.96881675720215,-18.600933074951172,1.5800000429153442
9.640093803405762,0.27424885124370557,0.9668694840366074,-0.0646216873347016,-0.038839081366213876,-0.2438830951981486,0.9865018859189474,0.035831846684871126,-0.0039688005642514864,-0.15973213973272005,-0.10682799422713868,-0.10682799422713868,-0.48845448063192787,0.07202699113546905,0.0036165444838544753,-0.3209188113132172,1.1130693058931591,0.4342659477780954,0.08558959001961415,-2.3796759885871843,-1.4287323352314854,1.4136246084682977,0.0,0.0,0.0,3.006120552841669,1.0,24.96881675720215,-18.600933074951172,1.5800000429153442
9.660139799118042,0.28411206989248755,0.9664823422072997,-0.07045818231461307,-0.0424544112011586,-0.2431977584517915,0.9865018859189474,0.035831846684871126,-0.0039688005642514864,-0.15973213973272005,-0.11659743162267032,-0.11659743162267036,-0.4862150130744595,0.07202699113546905,0.0036165444838544753,-0.3209188113132172,1.1130693058931591,0.4342659477780954,0.08558959001961415,-2.253195075919045,-1.3755253904585845,1.4043938250469983,0.0,0.0,0.0,3.006120552841669,1.0,24.96881675720215,-18.600933074951172,1.5800000429153442
9.68009352684021,0.2941190155811428,0.9660667578948219,-0.07622077132563977,-0.04605261474339793,-0.24245529481619538,0.9865018859189474,0.035831846684871126,-0.0039688005642514864,-0.15973213973272005,-0.12627537888693652,-0.12627537888693646,-0.4837918237082564,0.07202699113546905,0.0036165444838544753,-0.3209188113132172,1.1130693058931591,0.4342659477780954,0.08558959001961415,-2.128242891621526,-1.322377048026156,1.3941086498252906,0.0,0.0,0.0,3.006120552841669,1.0,24.96881675720215,-18.600933074951172,1.5800000429153442
9.700103044509888,0.33762412845268885,0.965620715485996,-0.08194859247193756,-0.049660214710171686,-0.24165041918258942,0.9818690009970426,0.0659849412279484,-0.06743568370741347,-0.16441314112663705,-0.1359298956926713,-0.1359298956926713,-0.4811684356407635,0.15329033192101862,-0.11095595906940525,-0.3403494851702687,1.0842991252456389,0.3976115347386294,-0.05032847731996788,-1.6162337122399637,-2.5059697779696215,1.9475420375707835,0.0,0.0,0.0,3.0481103499024393,1.0,25.1135311126709,-18.718948364257812,1.590000033378601
9.720099210739136,0.392069506618841,0.9651467155440077,-0.0876180047326473,-0.053264533788761725,-0.2407857806465117,0.9536613466565041,0.05199310468050263,0.07552731377796422,-0.2865700225642422,-0.14552360388761923,-0.14552360388761926,-0.4783543463914165,0.05677452906780795,0.1747422209060145,-0.5788464278588575,1.0054523946672822,0.2972814409628229,0.035495828074404934,-0.6780335695512147,0.5321416752824277,-1.1580270778809212,0.0,0.0,0.0,3.052714010140464,1.0,25.25824546813965,-18.809728622436523,1.590000033378601
9.74012541770935,0.2271054846824667,0.9646448150758602,-0.09323760922917489,-0.05687314821064306,-0.23985948800307505,0.9638729816266297,0.015546969371323239,-0.03492217136460983,-0.26360502457415114,-0.15507340665990332,-0.1550734066599033,-0.475344336820049,0.04848570914107365,-0.05915905777225068,-0.5353496779565825,1.1537320279436767,0.2724137132968799,-0.21743138989620875,-2.3852851259775374,-1.2331746728529722,0.49070805058424516,0.0,0.0,0.0,3.017832516927599,1.0,25.391828536987305,-18.918664932250977,1.590000033378601
9.760098934173584,0.19081694154782952,0.9641183122950091,-0.09878073901142567,-0.06047087309096588,-0.23887553036130807,0.9705566210455335,-0.005177328516224248,-0.07445811475193935,-0.22901753155970142,-0.16453614176260067,-0.16453614176260067,-0.47215236741318733,0.02432087759418057,-0.14743660205405384,-0.46524902810385166,1.1018668748084455,0.416567808411357,-0.24050697387033865,-2.668599269563154,-2.3559074254722034,1.3237115276725921,0.0,0.0,0.0,3.050006457248246,1.0,25.536542892456055,-19.02760124206543,1.590000033378601
9.780147790908813,0.3019350894048056,0.963565032172127,-0.10427932506863026,-0.06408044920149646,-0.23782755763050983,0.9856029127049118,0.008995113232941936,0.0042148024296449135,-0.16878454267497137,-0.17396855569442962,-0.1739685556944297,-0.46875893765302673,0.016310205311870826,0.01134495861201604,-0.3391171549029133,1.234744760644456,0.2963503170951473,-0.19999967532551038,-2.473707671080727,-0.23581947605678688,2.2381095887677125,0.0,0.0,0.0,3.022952804182438,1.0,25.69239044189453,-19.136539459228516,1.590000033378601
9.800098657608032,0.31259378357065765,0.962991091103545,-0.10968254506968692,-0.06767031775924731,-0.23672478927354168,0.9856029127049118,0.008995113232941936,0.0042148024296449135,-0.16878454267497137,-0.18328546054935255,-0.18328546054935255,-0.4651950558112282,0.016310205311870826,0.01134495861201604,-0.3391171549029133,1.234744760644456,0.2963503170951473,-0.19999967532551038,-2.3552770095175495,-0.1831453686982527,2.2184995576776387,0.0,0.0,0.0,3.022952804182438,1.0,25.69239044189453,-19.136539459228516,1.590000033378601
9.820106506347656,0.3233206075931307,0.9623934492696807,-0.11502925710802256,-0.07126797289011927,-0.23555889890241077,0.9856029127049118,0.008995113232941936,0.0042148024296449135,-0.16878454267497137,-0.19255570723712745,-0.19255570723712748,-0.4614350437606681,0.016310205311870826,0.01134495861201604,-0.3391171549029133,1.234744760644456,0.2963503170951473,-0.19999967532551038,-2.2379435359014046,-0.13011766063141228,2.197731432443967,0.0,0.0,0.0,3.022952804182438,1.0,25.69239044189453,-19.136539459228516,1.590000033378601
9.840105295181274,0.3340599689439658,0.9617753948612207,-0.12029831447178133,-0.07486109107572111,-0.23433357082958503,0.9856029127049118,0.008995113232941936,0.0042148024296449135,-0.16878454267497137,-0.20174472892120066,-0.20174472892120068,-0.45749214676594324,0.016310205311870826,0.01134495861201604,-0.3391171549029133,1.234744760644456,0.2963503170951473,-0.19999967532551038,-2.1221647937106614,-0.07690827464157035,2.1758663040888515,0.0,0.0,0.0,3.022952804182438,1.0,25.69239044189453,-19.136539459228516,1.590000033378601
9.860088109970093,0.4397063980987842,0.9611386187322211,-0.12548488653018003,-0.07844795286012529,-0.23304938859838634,0.9597653371089941,0.06915521185626658,0.0151359947429162,-0.27173324423102185,-0.21084582305632152,-0.21084582305632155,-0.453369649292608,0.12512326667257284,0.06668696318386935,-0.5476286634959058,1.185601516366776,0.4339923414907259,-0.15396320408281905,-0.5074432598867551,-0.9434809691158837,-0.06364405958388919,0.0,0.0,0.0,3.058708255946822,1.0,25.83710479736328,-19.24547576904297,1.590000033378601
9.880108833312988,0.4747089439416268,0.9604828555571394,-0.13059976106845345,-0.0820376955952315,-0.23170283358450833,0.9443157535284773,0.02991662577683477,0.06663064433541849,-0.3208319036123432,-0.21987974982810982,-0.21987974982810984,-0.4490577864991629,0.013894367557339722,0.14555051964036725,-0.6540170080587119,1.014141423112851,0.4088463078792989,-0.07851700056108202,-0.18015295083879623,0.21730962756193817,-1.5979432424697584,0.0,0.0,0.0,3.065907800767077,1.0,25.98181915283203,-19.354412078857422,1.590000033378601
9.900096416473389,0.39381844516830994,0.9598119441516003,-0.1356217868575309,-0.0856170049477147,-0.23029870007726658,0.9433745862878028,0.0415806133548978,-0.1099106253860356,-0.31021782180686874,-0.22881081216181737,-0.22881081216181737,-0.4445735172475409,0.14968184473917348,-0.18258853731374047,-0.6491280222154012,1.22984419178159,0.257282073682849,0.0006969528049948492,-1.5373895062275449,-2.556585913241096,-1.2433187464619224,0.0,0.0,0.0,3.124247502203405,1.0,26.115400314331055,-19.463348388671875,1.590000033378601
9.920069932937622,0.40232606569311535,0.9591268498633978,-0.14055318553062413,-0.0891886931411577,-0.22883589081278652,0.9659959732608291,0.0392831507562039,-0.004160074420290831,-0.25552163801006456,-0.23764427869590388,-0.2376442786959039,-0.43991498815464747,0.07810575276106332,0.012038450553123352,-0.5167169672151761,1.1209526953150273,0.2832886051096475,0.05788177096552852,-0.5780307309268529,-0.3879123330530553,-0.6302228855339719,0.0,0.0,0.0,3.0518951980189972,1.0,26.24898338317871,-19.57228660583496,1.590000033378601
9.940077781677246,0.2690933935651008,0.9584274706987673,-0.14540299652560132,-0.09276073906185586,-0.22731079450839506,0.9407778942978129,-0.05530791322328627,-0.08020405848385702,-0.3247234166766801,-0.24639787942434757,-0.24639787942434757,-0.43507250546912835,-0.05293294158188652,-0.18793225629745855,-0.6597318847716397,1.1949622915028448,0.31917011635414255,0.09203484521483743,-2.8663764183997245,-1.761604310892002,-2.185006676515656,0.0,0.0,0.0,3.105250462234423,1.0,26.39369773864746,-19.681224822998047,1.590000033378601
9.960090637207031,0.2783944122464922,0.9577164012335747,-0.15016116385819506,-0.09632717259385914,-0.2257254870346628,0.9407778942978129,-0.05530791322328627,-0.08020405848385702,-0.3247234166766801,-0.25505500011601856,-0.25505500011601856,-0.4300545859723133,-0.05293294158188652,-0.18793225629745855,-0.6597318847716397,1.1949622915028448,0.31917011635414255,0.09203484521483743,-2.750357238652699,-1.7260146292157037,-2.206529656235774,0.0,0.0,0.0,3.105250462234423,1.0,26.39369773864746,-19.681224822998047,1.590000033378601
9.980087041854858,0.3354417863214173,0.9569960417139131,-0.15482008776233297,-0.09988340961550644,-0.2240817285116015,0.9861871071590829,-0.054918119457596004,0.01222248005629174,-0.15578703671908703,-0.26360298159000267,-0.2636029815900027,-0.42486876573462157,-0.11236634556179165,0.006996299388990367,-0.3137422460284096,1.0701253854963675,0.28986276906547986,0.17990610259446738,-1.9120110139800657,0.8083045288037274,0.5708003828515726,0.0,0.0,0.0,3.069135828602944,1.0,26.53841209411621,-19.781082153320312,1.590000033378601
10.00008487701416,0.46123920188455975,0.956267403068871,-0.1593815693974661,-0.10343182378721542,-0.22237811716166792,0.9456562741861869,0.014251271307338715,0.007035944419541322,-0.3247793217625608,-0.27204616340787285,-0.2720461634078729,-0.4195126755832974,0.02239092099870897,0.02256612160423364,-0.6613908839448803,1.0726349174382428,0.3628123884534959,0.055637023517499565,-0.300432370860932,-0.45912578336869525,-2.2211477288277277,0.0,0.0,0.0,3.0547486036280462,1.0,26.68312644958496,-19.899097442626953,1.590000033378601
10.020110607147217,0.2707139015046613,0.9555311633468757,-0.1638490579893074,-0.1069762270704274,-0.2206122592032439,0.9824630258964256,-0.09404921751385838,-0.011622237633579419,-0.1605804191794845,-0.28039210204047754,-0.2803921020404775,-0.41398100090864376,-0.18233097347975788,-0.05306666612713709,-0.31917595376403385,0.9730545515496736,0.3371825764817628,0.08368433325673175,-2.177758958929865,0.4199144428295525,0.7682037713089751,0.0,0.0,0.0,3.1123806437186716,1.0,26.816709518432617,-19.99895668029785,1.590000033378601
10.040082931518555,0.07460953683911643,0.954791986691256,-0.16820235180651294,-0.1105013345313005,-0.2187914213668442,0.9592939364625461,-0.1609664645123836,-0.13290784210877607,-0.19021158291377704,-0.2886037937304536,-0.28860379373045353,-0.4082987267239391,-0.2757178000867902,-0.3217536956906217,-0.34646661585076177,0.9569433073769513,0.396358550745434,0.07176525824450239,-3.8356623532320895,-1.938874931999074,0.3697627909844512,0.0,0.0,0.0,3.3524978398032674,1.0,26.961423873901367,-20.107892990112305,1.590000033378601
10.0600905418396,0.18207362281935188,0.9540482664088483,-0.17245877094328374,-0.11402185022859548,-0.2169075733058918,0.9573103657862718,-0.10932910496334647,-0.0644797897721918,-0.2597043840157542,-0.29671456777271343,-0.2967145677727135,-0.4024431205418374,-0.17972605104143385,-0.1812312937363656,-0.5134446789577941,0.9883124062915092,0.2865100985771928,0.016273282791908095,-2.4249067114130787,-0.6147708048535165,-0.8944621420215483,0.0,0.0,0.0,3.166485002067436,1.0,27.095006942749023,-20.207752227783203,1.590000033378601
10.080092191696167,0.2392891343756176,0.9533031976418896,-0.17660726942861563,-0.1175294797592922,-0.2149644322631694,0.9209504849713539,-0.17273584855899898,-0.11458256259696296,-0.32997479782908234,-0.3047042067181143,-0.3047042067181144,-0.3964282361390076,-0.2593687619913548,-0.3310610950155606,-0.6445286371158812,1.0485409328031752,0.25647851374414943,-0.12505425634175327,-3.951613642058988,-1.4686535818327457,-1.8329804282305595,0.0,0.0,0.0,3.352555087225596,1.0,27.095006942749023,-20.207752227783203,1.590000033378601
10.100116491317749,0.22621698695181486,0.9525573814476607,-0.18065171242209802,-0.12102816079534381,-0.21295909969530769,0.9516790638891084,-0.09478547570566338,-0.08785335454164128,-0.27857577253986493,-0.3125807870337011,-0.3125807870337012,-0.3902476797847644,-0.13517694858201085,-0.22184140103823344,-0.5544513081735541,0.945689376733394,0.37575439745463124,-0.021979506423587397,-1.849953704241369,-1.4759206970547532,-1.0779128670142537,0.0,0.0,0.0,3.174376313707223,1.0,27.250852584838867,-20.30760955810547,1.590000033378601
10.122981786727905,0.21906899560274887,0.951707996206905,-0.18513457062542998,-0.12500598641954763,-0.21059578361033565,0.9183267338842013,-0.20127079435274664,-0.1345086968286115,-0.31316686870047206,-0.32142142954661174,-0.32142142954661185,-0.38299903998340845,-0.31270354764051306,-0.38235727346118636,-0.5963027815430006,0.9976897960545504,0.22596073175106057,-0.10088548902848951,-4.0,-1.4800008514623388,-1.6945684300743142,1.0,0.0,0.0,3.4789154285927317,1.0,27.384435653686523,-20.416545867919922,1.590000033378601
10.140075445175171,0.338345239646007,0.9510759784728201,-0.18839011009196896,-0.1279667345127233,-0.20877778725155052,0.9777735615773864,-0.09327998914432355,0.007476603291472107,-0.18762144416012266,-0.3279210080739641,-0.3279210080739641,-0.3774490859225324,-0.1863338309030018,-0.020383213916093337,-0.37725934782551984,0.867050986996611,0.3874800512059718,-0.23954382299785637,-1.0470686642205993,0.7773212505057938,1.2051732581663532,0.0,0.0,0.0,3.127302667531604,1.0,27.529150009155273,-20.51640510559082,1.590000033378601
10.16010570526123,0.3512317407809202,0.9503401242977048,-0.1920992060877559,-0.1314208490462235,-0.20659163488933077,0.9419429342239608,-0.1073435723832986,-0.025195188267044314,-0.31715306812599925,-0.33541512528040907,-0.335415125280409,-0.3708054661586417,-0.18861391788994342,-0.11581226048289481,-0.6385901111288369,0.938298483351912,0.3139265013350174,-0.22751482916236163,-1.4450140078398301,-0.03373853858760034,-1.4113999471388774,0.0,0.0,0.0,3.151638575552023,1.0,27.66273307800293,-20.63442039489746,1.590000033378601
10.180083751678467,0.20776076915324823,0.9496128110190096,-0.1956835815156236,-0.13484834626657688,-0.20435109146506325,0.9607818671974279,-0.09968516990545023,-0.1713451727244385,-0.19391209954404143,-0.34275566771561133,-0.3427556677156114,-0.3640309770456705,-0.13494499708899105,-0.37676143761020836,-0.3725403390657216,0.8912983145467335,0.2122174020129834,-0.388490876870663,-1.8755717522124589,-1.8633969295686907,2.1996128284446366,0.0,0.0,0.0,3.3390962980423953,1.0,27.796316146850586,-20.725202560424805,1.590000033378601
10.200095415115356,0.21172784779123116,0.9488924876693167,-0.19915742513038417,-0.13826267397769929,-0.20204652891031738,0.9607818671974279,-0.09968516990545023,-0.1713451727244385,-0.19391209954404143,-0.3499714180735889,-0.3499714180735889,-0.35709943507594827,-0.13494499708899105,-0.37676143761020836,-0.3725403390657216,0.8912983145467335,0.2122174020129834,-0.388490876870663,-1.7862444195317606,-1.8133869882960258,2.1632201483418414,0.0,0.0,0.0,3.3390962980423953,1.0,27.796316146850586,-20.725202560424805,1.590000033378601
10.220118284225464,0.2159506316731147,0.9481815456478545,-0.20251519380197233,-0.1416585948159589,-0.1996802325894163,0.9607818671974279,-0.09968516990545023,-0.1713451727244385,-0.19391209954404143,-0.357050943461199,-0.35705094346119914,-0.35002089048150775,-0.13494499708899105,-0.37676143761020836,-0.3725403390657216,0.8912983145467335,0.2122174020129834,-0.388490876870663,-1.6990260751005177,-1.7634358078237118,2.125243751736895,0.0,0.0,0.0,3.3390962980423953,1.0,27.796316146850586,-20.725202560424805,1.590000033378601
10.240073204040527,0.33478261937590503,0.9474842710392909,-0.20574297175712403,-0.1450213827505198,-0.19726171511679136,0.9471550369663165,-0.1196966807446431,-0.04005770591093449,-0.2948990009566053,-0.3639640324536315,-0.36396403245363146,-0.34282675374027033,-0.20680232070546967,-0.14700750875284344,-0.5883956772142556,0.8797770588965588,0.29451428034699667,-0.3560840077757007,-1.1926166588291047,0.06878012997007765,-0.6094984603861548,0.0,0.0,0.0,3.181059640714294,1.0,27.929899215698242,-20.82505989074707,1.590000033378601
10.260142087936401,0.33932505794202256,0.94679583953254,-0.20886873341683893,-0.14838017665466552,-0.19476861559462952,0.9542709801223236,-0.04723266075372025,-0.17835448414080854,-0.23521405196409997,-0.3707704283032635,-0.37077042830326346,-0.3354538559859084,-0.006698511104984329,-0.37107404832730867,-0.48207924174521977,0.9519750857443027,0.3118411862866953,-0.4293749685688598,-0.7126817253009259,-2.59136090733178,1.5856326054064818,0.0,0.0,0.0,3.308832565384742,1.0,28.063480377197266,-20.933998107910156,1.590000033378601
10.280112504959106,0.13312483381953147,0.9461249992137408,-0.21185832912882466,-0.1516979196486429,-0.1922271453666607,0.9600697322564703,-0.1751808779437182,-0.09801104214458085,-0.19486304119968634,-0.3773952039971986,-0.37739520399719867,-0.3279830178529261,-0.3136077690146027,-0.25936560502169964,-0.35926300008170936,0.671590563392326,0.26077791163991737,-0.34583753644004755,-1.7188483248335642,-0.13709073253214632,1.270881148988109,0.0,0.0,0.0,3.3578090574795976,1.0,28.197063446044922,-21.024778366088867,1.590000033378601
10.300091743469238,0.19037413935421726,0.9454694522787397,-0.21472782018376158,-0.15499108517366256,-0.1896239477586109,0.9610087129222822,-0.12452391889976085,-0.13526172564258648,-0.20654373116968244,-0.38387229908573783,-0.3838722990857379,-0.32037799236937275,-0.19428233058759112,-0.3166813598323949,-0.3922888913706505,0.8413354990215995,0.20823474952944881,-0.20784843942086254,-1.4656356093171619,-0.8264592872166984,0.7652704731897175,0.0,0.0,0.0,3.315652951363837,1.0,28.31951332092285,-21.124635696411133,1.590000033378601
10.320128917694092,0.34072342220847524,0.9448290272467348,-0.2174829441806687,-0.15826607576974938,-0.18695220652065403,0.9160774680858028,-0.15824901834359167,-0.13632010796884245,-0.3423100185828012,-0.39021428163826016,-0.3902142816382603,-0.31262247904707124,-0.21216190084073883,-0.36623215397930725,-0.6757736921639419,0.6514252840410764,0.20804697098176678,-0.30560021610316357,-1.0376275931161534,-1.4057238146512372,-1.7287969469367406,0.0,0.0,0.0,3.3905112179711616,1.0,28.441965103149414,-21.22449493408203,1.590000033378601
10.340108394622803,0.3482449932547447,0.9442087298071516,-0.2201072016345706,-0.1615023945985734,-0.184227226227533,0.9160774680858028,-0.15824901834359167,-0.13632010796884245,-0.3423100185828012,-0.3963820195261147,-0.3963820195261146,-0.3047643263185487,-0.21216190084073883,-0.36623215397930725,-0.6757736921639419,0.6514252840410764,0.20804697098176678,-0.30560021610316357,-0.9579980220946203,-1.3713289606840164,-1.7775642316905373,0.0,0.0,0.0,3.3905112179711616,1.0,28.441965103149414,-21.22449493408203,1.590000033378601
10.360291004180908,0.35598945543401567,0.943601941948286,-0.22263300614318013,-0.16474030910204115,-0.1814126519403709,0.9160774680858028,-0.15824901834359167,-0.13632010796884245,-0.3423100185828012,-0.4024518134196077,-0.40245181341960756,-0.29670277699285086,-0.21216190084073883,-0.36623215397930725,-0.6757736921639419,0.6514252840410764,0.20804697098176678,-0.30560021610316357,-0.8799598255606429,-1.336551238676564,-1.8283389791267592,0.0,0.0,0.0,3.3905112179711616,1.0,28.441965103149414,-21.22449493408203,1.590000033378601
10.380090236663818,0.4106557923349599,0.9430272239904606,-0.22498824372585308,-0.16788449023303154,-0.1785909934380705,0.934310052629442,-0.12697060580421132,-0.06570619176420003,-0.3265361958208107,-0.40824703696616427,-0.4082470369661642,-0.2886769073000946,-0.19992509583031565,-0.2071798781205291,-0.6515953938343882,0.6515258459159212,0.37584495445306687,-0.17110548464630645,0.06505398898400294,-0.6213310037267756,-2.2677067922570604,0.0,0.0,0.0,3.2303502044071477,1.0,28.57554817199707,-21.32435417175293,1.590000033378601
10.40012001991272,0.276908358705762,0.9424676621006399,-0.22724708278387165,-0.17103110447759398,-0.17567535559078368,0.9687236366011435,-0.2000466616486168,-0.04269314354913576,-0.14047471141594253,-0.41394689620238834,-0.4139468962023883,-0.28044244886323677,-0.3889992868272771,-0.13936945245867444,-0.2605154485602414,0.7200712803147536,0.34507659527455403,-0.23381752583842955,-1.9177346653242,1.1930089460748787,1.2007838496387824,0.0,0.0,0.0,3.396192173421283,1.0,28.709129333496094,-21.41513442993164,1.5800000429153442
10.420115947723389,0.1441315965213684,0.9419320510945552,-0.2293776980256308,-0.17413637695413042,-0.17270322808377336,0.9304921915595308,-0.22229568700945315,-0.2436538296542487,-0.15937917140754296,-0.41947147656555916,-0.4194714765655593,-0.27210968440669203,-0.4056396753317763,-0.5518864897633151,-0.22294336809614015,0.5867360798081303,0.23781842648212115,-0.23840931663563594,-2.5525316578113153,-2.2640668502494123,1.5087101540682109,0.0,0.0,0.0,3.981202421121018,1.0,28.831581115722656,-21.50591468811035,1.5800000429153442
10.440094947814941,0.2202765719716276,0.9414208757853465,-0.23138228563609406,-0.17720130780738882,-0.16967224004155665,0.9470816495043706,-0.17513276423300309,-0.11682607264457731,-0.24231494550405241,-0.4248238788853536,-0.4248238788853539,-0.26367531535735816,-0.29317180179019564,-0.3111590480039354,-0.4546549120998208,0.9109271699480316,0.2723702718277045,-0.314445149906871,-2.0960954744498825,-0.45969337238075325,-0.1708024881778183,0.0,0.0,0.0,3.41950983908517,1.0,28.954030990600586,-21.60577392578125,1.5800000429153442
10.460107803344727,0.2208528649270708,0.9409338316793084,-0.23326579998603575,-0.18023184119552388,-0.16657453099871294,0.9672516819838616,-0.13050445243664877,-0.16773381621454608,-0.13877369524411298,-0.4300153514417731,-0.4300153514417731,-0.25512114284082443,-0.2226030853898847,-0.3690213126398098,-0.24328792138381541,0.46279884851700087,0.2921811227458067,-0.29011812760502254,0.14684340069537183,-1.0513106895789226,2.083435221599371,0.0,0.0,0.0,3.428426054034832,1.0,29.087614059448242,-21.69655418395996,1.5800000429153442
10.4801025390625,0.22361942988472402,0.9404731118434383,-0.23502331589181108,-0.18321823475943805,-0.16341800799903608,0.9672516819838616,-0.13050445243664877,-0.16773381621454608,-0.13877369524411298,-0.43503013644460775,-0.4350301364446078,-0.24647267675137122,-0.2226030853898847,-0.3690213126398098,-0.24328792138381541,0.46279884851700087,0.2921811227458067,-0.29011812760502254,0.2009228951934514,-1.0051099853455876,2.0217520377304172,0.0,0.0,0.0,3.428426054034832,1.0,29.087614059448242,-21.69655418395996,1.5800000429153442
10.500128507614136,0.22646592182402903,0.9400384386933387,-0.23665925721653183,-0.18616596309232028,-0.16019476876171249,0.9672516819838616,-0.13050445243664877,-0.16773381621454608,-0.13877369524411298,-0.43987843141190663,-0.43987843141190675,-0.23771193823323344,-0.2226030853898847,-0.3690213126398098,-0.24328792138381541,0.46279884851700087,0.2921811227458067,-0.29011812760502254,0.25269903820513684,-0.959581347751373,1.958399010430593,0.0,0.0,0.0,3.428426054034832,1.0,29.087614059448242,-21.69655418395996,1.5800000429153442
10.520087718963623,0.31135375633804346,0.9396326298346751,-0.2381662486022687,-0.18905884722508087,-0.15692071648644332,0.9509074215366072,-0.17341090490190272,-0.07829087278066445,-0.24407841561052973,-0.4445350449170496,-0.44453504491704976,-0.22888554746990175,-0.30455629414002316,-0.23572342094541265,-0.46617053152885424,0.6949364399517493,0.24792585874350914,-0.40307181481014676,-0.8319211042629091,0.5141630666971846,-0.27302457982432493,0.0,0.0,0.0,3.3621545486631526,1.0,29.087614059448242,-21.69655418395996,1.5800000429153442
10.540064334869385,0.1559538567395053,0.939254564613189,-0.23955149101021553,-0.19190736101219327,-0.15358226068594977,0.9158836737149573,-0.2533625800016565,-0.21885588621600038,-0.2215098199762417,-0.44901840319993575,-0.4490184031999358,-0.21996016363828222,-0.44200636106026414,-0.5388364595794245,-0.35067394770092625,0.8095546730542752,0.2538077699210689,-0.5070996106466187,-3.431692230576144,-1.8941827025420128,0.7566881499307052,0.0,0.0,0.0,4.022688329289211,1.0,29.198932647705078,-21.787334442138672,1.5800000429153442
10.560107231140137,0.06243562558721833,0.9389041203005526,-0.24081807813868997,-0.19471625598659545,-0.15017085529088472,0.9321926560646908,-0.2604925570547665,-0.18421312959103903,-0.1709561422833402,-0.45333656047912446,-0.4533365604791244,-0.2109169574333869,-0.487919188835744,-0.44727461686747033,-0.24964423236949773,0.40074551777326683,0.3813070253707036,-0.4819668119447919,-1.8922659611134791,-1.3951549430872956,1.3901964175901522,0.0,0.0,0.0,3.918798787311417,1.0,29.32138442993164,-21.869037628173828,1.5800000429153442
10.580137014389038,0.16827287881195738,0.9385833550538172,-0.2419610677548218,-0.1974722653322301,-0.1466998014021273,0.9637447241829706,-0.19629292907380885,-0.1499456954518807,-0.10090332512145553,-0.4574699644352325,-0.45746996443523225,-0.2017950238227572,-0.37746296842837335,-0.33485472192606974,-0.14409747721300312,0.8672959364783345,0.38733249544865955,-0.47985370712961156,-2.5315831257064403,-0.47017443382138313,2.8032866168240553,0.0,0.0,0.0,3.561091579822559,1.0,29.44383430480957,-21.95981788635254,1.5800000429153442
10.600098848342896,0.312470714827971,0.9382934485930727,-0.24297872039511356,-0.2001662026718384,-0.14317903851614833,0.9640563397344472,-0.14809235441813998,-0.0930926958943531,-0.1999944458024615,-0.46140675357307,-0.46140675357307004,-0.19262348703405902,-0.2585673610647014,-0.2410562856760732,-0.37760972261987374,0.5048860307755948,0.2282822366000209,-0.5827605895447134,0.4203417961159519,0.6515221817356616,1.1981551870799263,0.0,0.0,0.0,3.331003836012763,1.0,29.566286087036133,-22.05059814453125,1.5800000429153442
10.620089530944824,0.2534003741693929,0.9380333153599253,-0.24387705341699498,-0.2028093215799878,-0.13959176613173185,0.9570358840715767,-0.137595780618791,-0.24057265512650455,-0.08529076949251375,-0.4651649797783769,-0.46516497977837684,-0.1833617778812755,-0.25687969449719417,-0.505156760744077,-0.11112934039948455,0.36279038987620316,0.2317579398974513,-0.5681476216656429,0.3097477691757171,-1.5902835679027199,3.9596542742170104,0.0,0.0,0.0,3.7169173356406686,1.0,29.666471481323242,-22.132301330566406,1.5700000524520874
10.640111207962036,0.2502359381099988,0.9378033993879409,-0.24465642676451269,-0.20539967669298412,-0.13593744794448767,0.9570358840715767,-0.137595780618791,-0.24057265512650455,-0.08529076949251375,-0.4687427131406485,-0.4687427131406485,-0.17401226645711962,-0.25687969449719417,-0.505156760744077,-0.11112934039948455,0.36279038987620316,0.2317579398974513,-0.5681476216656429,0.34729949193839893,-1.5509819243961798,3.886721675314124,0.0,0.0,0.0,3.7169173356406686,1.0,29.666471481323242,-22.132301330566406,1.5700000524520874
10.660082578659058,0.2471407545924817,0.9376048529651357,-0.24531472944156085,-0.2079248432921425,-0.13223117165471163,0.9570358840715767,-0.137595780618791,-0.24057265512650455,-0.08529076949251375,-0.47212426837095983,-0.47212426837095983,-0.16461675253504995,-0.25687969449719417,-0.505156760744077,-0.11112934039948455,0.36279038987620316,0.2317579398974513,-0.5681476216656429,0.3825863032294641,-1.5130154290444073,3.8123379178155714,0.0,0.0,0.0,3.7169173356406686,1.0,29.666471481323242,-22.132301330566406,1.5700000524520874
10.680118560791016,0.31466485494566193,0.9374367582779678,-0.2458565784992724,-0.21039728236551097,-0.1284517442899608,0.9310545177204835,-0.14465692920802847,-0.2256654896604375,-0.24756200160908445,-0.47532754426211715,-0.47532754426211715,-0.15512487120299268,-0.1820500500597767,-0.5141981713808768,-0.47177454498402277,0.9186229667040299,0.3197260932730389,-0.5073657398407668,-1.3465238282878218,-2.4376863055243523,0.280818498594827,0.0,0.0,0.0,3.67944163790511,1.0,29.788923263549805,-22.21400260925293,1.5700000524520874
10.70008111000061,0.08806429131203222,0.9373003717564018,-0.24627934216781366,-0.2127979962435576,-0.12462548503988585,0.9305663600690287,-0.23459994117935046,-0.22871261222001268,-0.1634003002384701,-0.4783293197986049,-0.47832931979860493,-0.14560584404825236,-0.43180809477921794,-0.526293553407686,-0.22960956815511982,0.3202302052222106,0.23087903850954333,-0.474737346778369,-0.9697909176179269,-1.4706110871940496,1.283387709273132,0.0,0.0,0.0,4.014558617160923,1.0,29.90024185180664,-22.29570770263672,1.5700000524520874
10.720118045806885,0.33033315269697855,0.937194733509314,-0.2465872392565473,-0.21514273950637208,-0.12072434119071948,0.9450603636816245,-0.12390734929000767,-0.19730995890745606,-0.22929600499314745,-0.4811506032066283,-0.48115060320662817,-0.13599300362113406,-0.15984293452432655,-0.4442298016053421,-0.4398803109719673,0.4625184802001707,0.30068008606131075,-0.42409846877450635,0.998441412918678,-1.6662766332001464,0.12025653450222351,0.0,0.0,0.0,3.5459945672724995,1.0,30.011560440063477,-22.377408981323242,1.5700000524520874
10.740137100219727,0.21930007408964275,0.937120439187209,-0.24677952222704713,-0.21741841895660113,-0.1167663520256359,0.9567096671965871,-0.2429872363737687,-0.10965493090395635,-0.11678874851835037,-0.48377646235781463,-0.4837764623578145,-0.12633421733069003,-0.4732902659322103,-0.26983479718767717,-0.17749590809091537,0.836160067593746,0.3835399763829842,-0.4878804745076779,-2.9251189162789757,0.5618018515465031,1.4814632016679945,0.0,0.0,0.0,3.6873925541633934,1.0,30.11174774169922,-22.4591121673584,1.5700000524520874
10.760122299194336,0.2652729615871307,0.9370773343246933,-0.24685770771903146,-0.21962146137563224,-0.11275528962254458,0.9545694115178456,-0.14089508225133904,-0.18773589719490924,-0.1835784499778906,-0.48620449983779074,-0.4862044998377908,-0.11664126344259022,-0.22115722248542974,-0.4226124865591127,-0.33236615525839114,0.008886019247338686,0.30063834751970264,-0.49736465432796334,2.419711536828935,-1.1167576800977446,1.0095789230960106,0.0,0.0,0.0,3.575056617405856,1.0,30.23419761657715,-22.540815353393555,1.559999942779541
10.780082941055298,0.27070670125058244,0.9370651021623414,-0.2468236094893171,-0.221751185517031,-0.10868998035668614,0.9545694115178456,-0.14089508225133904,-0.18773589719490924,-0.1835784499778906,-0.4884357243827436,-0.4884357243827435,-0.10691371823439957,-0.22115722248542974,-0.4226124865591127,-0.33236615525839114,0.008886019247338686,0.30063834751970264,-0.49736465432796334,2.4421785421010873,-1.0873828090359077,0.9258820544566653,0.0,0.0,0.0,3.575056617405856,1.0,30.23419761657715,-22.540815353393555,1.559999942779541
10.800082921981812,0.28514127557992186,0.9370835097799054,-0.24667833327016242,-0.22381232200037965,-0.10455783143517647,0.9596567482703541,-0.15071243704798987,-0.15432855960279565,-0.1803534931991957,-0.4904761704574778,-0.4904761704574777,-0.0971242823055447,-0.2520877728499374,-0.3581774349837665,-0.32566692374259554,0.8071870566713102,0.2414233435679783,-0.5001882348992047,-0.8342389812534337,-0.1370309073103957,0.71418404923419,0.0,0.0,0.0,3.5118391552954495,1.0,30.323253631591797,-22.604360580444336,1.559999942779541
10.820091485977173,0.1545234733041511,0.9371323449315212,-0.24642310081533783,-0.22579943242508657,-0.10036553085701626,0.9323184769202981,-0.2989581877256274,-0.1704252721487059,-0.11118222069136646,-0.49232118222722965,-0.49232118222722954,-0.08729177240944887,-0.5977178476071087,-0.39440499237263743,-0.1144301556658932,0.6016093137819513,0.2490703715917315,-0.5868747690281203,-3.2548076161767514,0.0719820664440225,1.6249454478248655,0.0,0.0,0.0,4.170130739756922,1.0,30.434572219848633,-22.676984786987305,1.559999942779541
10.840099811553955,0.3012777557199742,0.9372112464612994,-0.24605940832981082,-0.22770959229303323,-0.09611549644350455,0.9001405741604145,-0.277363422173669,-0.23671457117049158,-0.2382911886449865,-0.4939690849545653,-0.49396908495456515,-0.07742443483261287,-0.4846536433541827,-0.5923826699022787,-0.36700027401613067,0.084725686740172,0.3496943606920063,-0.538939971578261,-0.4779189596942694,-2.3758930632573203,-0.6787238783120264,0.0,0.0,0.0,4.347887926862841,1.0,30.52362823486328,-22.75868797302246,1.559999942779541
10.860090017318726,0.0791824919753227,0.9373196820928242,-0.24558923086171452,-0.22953921147915568,-0.09181227390543063,0.9317691543963018,-0.2285913861763702,-0.264139990383163,-0.09890544252946326,-0.49541801846610073,-0.4954180184661007,-0.06753507961883426,-0.45915367805087076,-0.5674137207453924,-0.07543532711390444,0.890733418115993,0.16685035814158994,-0.550046956861894,-3.302520698631217,-1.4075748612068122,2.305009375752949,0.0,0.0,0.0,4.245087076321844,1.0,30.634946823120117,-22.822235107421875,1.5499999523162842
10.880087852478027,0.1964223952465575,0.9374572875038769,-0.24501359561610173,-0.23128873176917122,-0.0874510984822448,0.9266991041634215,-0.2941362630379715,-0.17747842527182117,-0.15236153606407382,-0.49666942498653366,-0.4966694249865337,-0.05761494843828303,-0.5712874054681596,-0.43186830717279107,-0.19725084363013748,0.2526066853922383,0.28143022198611295,-0.5848799890594052,-1.589776352350166,-0.39875070975873383,0.6127728797938081,0.0,0.0,0.0,4.198151962086683,1.0,30.724000930786133,-22.894859313964844,1.5499999523162842
10.90010690689087,0.20487690298590472,0.9376236792798011,-0.24433348096786778,-0.23295720030141664,-0.08302968721884527,0.9266991041634215,-0.2941362630379715,-0.17747842527182117,-0.15236153606407382,-0.4977232248098278,-0.497723224809828,-0.04766121573046112,-0.5712874054681596,-0.43186830717279107,-0.19725084363013748,0.2526066853922383,0.28143022198611295,-0.5848799890594052,-1.5825821114194194,-0.3923554443602988,0.5180902330069559,0.0,0.0,0.0,4.198151962086683,1.0,30.724000930786133,-22.894859313964844,1.5499999523162842
10.92011570930481,0.22511666055336513,0.9378180232444177,-0.24355151151197085,-0.2345399751701744,-0.0785558181507986,0.8985282931115541,-0.26506196992740233,-0.32691624761848764,-0.12455852286892982,-0.4985771760636237,-0.4985771760636238,-0.037693494245325004,-0.5488589688517623,-0.712223598909173,-0.06681132411203615,0.08081218074755583,0.13364389284311484,-0.5601040063750808,-0.8474325067611136,-2.641803614574187,1.6649103435364894,0.0,0.0,0.0,4.981320644122818,1.0,30.81305694580078,-22.958404541015625,1.5499999523162842
10.940104484558105,0.18298731189110012,0.9380395122000905,-0.24266997946039495,-0.23603454686600697,-0.07403274482191398,0.9392610692437455,-0.2962395621045614,-0.1647043983905459,-0.05388159980922716,-0.499230972453964,-0.499230972453964,-0.02772068077572172,-0.610362593520775,-0.34832574884427403,-0.0038660427290333975,0.8471553681544031,0.22103186737789374,-0.5129930144828886,-4.0,0.6369687011443407,1.8327530104957215,1.0,0.0,0.0,4.179967532643231,1.0,30.913244247436523,-23.031030654907227,1.5499999523162842
10.960084199905396,0.15276407965764008,0.9382875095177959,-0.24169033345097107,-0.23744001975999002,-0.06945911902425973,0.9382434634042782,-0.2901267589796987,-0.17992021734772817,-0.05616388957886674,-0.49968514646928974,-0.4996851464692899,-0.017741318946583023,-0.5995890218023318,-0.3792320910468579,-0.0010672980601237566,0.025666624363147192,0.27058303719261373,-0.4477704942130851,-0.9950561642401863,0.1284145257728786,1.532461222069264,0.0,0.0,0.0,4.205635319213954,1.0,30.991167068481445,-23.085498809814453,1.5399999618530273
10.98011302947998,0.300195784571991,0.9385620675543231,-0.24061118035408105,-0.2387583310164034,-0.06482256248430344,0.9367251396284142,-0.2680900087346151,-0.14119508867967656,-0.17532172408900223,-0.49994023856512715,-0.499940238565127,-0.007730321044037701,-0.5063473556346273,-0.3666884255935379,-0.27417213056866235,-0.2327545549785518,0.1786148268764431,-0.6037925200483379,1.0605046879284208,0.6120305118327087,-0.2621299608909555,0.0,0.0,0.0,3.950772805349831,1.0,30.991167068481445,-23.085498809814453,1.5399999618530273
11.00009298324585,0.22763892521642626,0.938861049827035,-0.23943958271749186,-0.23998117022628987,-0.06014693078263826,0.926501279185732,-0.32299404547697064,-0.17028524233227288,-0.09095692660518956,-0.49999489535602015,-0.49999489535602015,0.002259340152003793,-0.6586119602107349,-0.3836375597349333,-0.06317216636061271,0.5186141795583105,0.06322003069349637,-0.585635926706941,-3.4708493971512318,0.9494617123042794,1.0143603281261775,0.0,0.0,0.0,4.398943093802065,1.0,31.08022117614746,-23.149044036865234,1.5399999618530273
11.02008056640625,0.3057099797777456,0.9391843879177378,-0.23817433614327907,-0.24111045062761624,-0.05542040862751033,0.9483508601003164,-0.23763706826919825,-0.13290101158596995,-0.16277773512012095,-0.4998498680881285,-0.4998498680881285,0.012251913004937163,-0.4462106035630678,-0.3357078886662669,-0.2631212361902426,0.272648220871723,0.23259996916344602,-0.6216923881369194,-0.3991969490033096,0.6343843721309878,-0.032500162359710316,0.0,0.0,0.0,3.780774097281636,1.0,31.158143997192383,-23.20351219177246,1.5399999618530273
11.040103912353516,0.14448044812815028,0.9395317370410008,-0.23681520450815027,-0.24214564939731123,-0.05063752052023461,0.9353235822628378,-0.272919826050353,-0.20234016103279923,-0.09870675886117702,-0.4995043600370096,-0.4995043600370096,0.022257455021128345,-0.5490775131445119,-0.4471362641565965,-0.08238342967476787,-0.14786647163279454,0.2676584721270247,-0.6890638114905764,0.16621419334780513,-0.5341487832818999,1.4853594976062139,0.0,0.0,0.0,4.18842025284923,1.0,31.258331298828125,-23.257980346679688,1.5299999713897705
11.060190439224243,0.3323051431899087,0.9399028236989284,-0.23536153555983944,-0.24308568384915077,-0.04579279298411675,0.8736841949674712,-0.35034676186684394,-0.33728237949654877,-0.013178406375759868,-0.4989565513666216,-0.49895655136662154,0.03228559815657639,-0.8528003867390274,-0.6417405107915951,0.2695304468705095,0.5021680736130669,0.1224508728086896,-0.5667293412188038,-4.0,-2.323620973091631,2.703738058316382,1.0,0.0,0.0,6.10223972856106,1.0,31.325122833251953,-23.312450408935547,1.5299999713897705
11.080096244812012,0.17614002079488744,0.9402919987761481,-0.23383365860011465,-0.24391827248663592,-0.040946959476576214,0.9206677834775777,-0.2951503724766675,-0.23493001365762223,-0.1003243678086128,-0.49821507268639137,-0.49821507268639126,0.042210678128807314,-0.6065490515422813,-0.5141633415189913,-0.0529145788127853,0.022168931149831844,0.05111157577378567,-0.5845956251368107,-1.0365385400927183,-0.3586227123914527,0.8645089349266926,0.0,0.0,0.0,4.483541416935867,1.0,31.403045654296875,-23.366920471191406,1.5299999713897705
11.100089311599731,0.07599652462054372,0.9407033731818708,-0.23221353171124617,-0.24465362641437058,-0.036036682099462564,0.9312185752201149,-0.22857113061905815,-0.28106383831919035,-0.03987884403827016,-0.4972716373755686,-0.49727163737556873,0.05216242576626301,-0.5003916620650686,-0.5724511356265576,0.0645414483218958,-0.10335037187102977,0.15060305340143637,-0.4284330675370195,0.4304378111170818,-1.354315441960482,1.8215309739032737,0.0,0.0,0.0,4.33874683376911,1.0,31.469837188720703,-23.421388626098633,1.5299999713897705
11.120091676712036,0.20648375684236958,0.9411344843931194,-0.23050878708550737,-0.24528648861921437,-0.03108246874560409,0.9145281798455877,-0.21309652834708276,-0.3430973353769309,-0.022633964124461423,-0.49612886052917177,-0.4961288605291717,0.06209793676142305,-0.5070187823192114,-0.6908477816592697,0.13643701692132348,0.2497219851871308,0.0019869598629712604,-0.5872581133312842,-0.8960522699505913,-1.9514096251338247,3.027861270640784,0.0,0.0,0.0,4.7397167054521,1.0,31.53662872314453,-23.457700729370117,1.5299999713897705
11.140052556991577,0.2937585860743592,0.94158316091594,-0.22872590344001975,-0.2458138872055748,-0.026098755372217848,0.9268025943000502,-0.264781124827689,-0.2105319743153829,-0.1631079241623388,-0.4947905786569734,-0.4947905786569735,0.07198807729268325,-0.5008466362627553,-0.4968047032405253,-0.21883462223144184,0.22964312101045678,0.06629380382572349,-0.5255051266086712,-0.9731748319940479,-0.28135447491976845,-0.8244603363753207,0.0,0.0,0.0,4.142922535032415,1.0,31.614551544189453,-23.503089904785156,1.5199999809265137
11.160067558288574,0.33070056320931085,0.9420505141966694,-0.22685823384240728,-0.24623667479935252,-0.02106348554851452,0.9027205283544227,-0.238931428803083,-0.3179610224036907,-0.16403721605059224,-0.4932507300819673,-0.4932507300819673,0.08187623143260946,-0.4462371900255112,-0.7108091381443858,-0.19147029281977046,-0.12382485146167124,0.014137692462655893,-0.521421307896136,0.7632738173932772,-2.2452089277460416,-0.3586849181116927,0.0,0.0,0.0,4.661113451640464,1.0,31.670211791992188,-23.548480987548828,1.5199999809265137
11.18008804321289,0.22116782468956142,0.9425344106388659,-0.22491194662278707,-0.24655181912502827,-0.015990669596159357,0.9060949930289726,-0.2446018444702498,-0.34496991385505715,0.012552283633361314,-0.4915127886950156,-0.49151278869501563,0.09173428230083323,-0.6131181667307326,-0.6674820539596684,0.24632332702997028,0.2071907553703774,0.11841079307932864,-0.5556001559594228,-1.536066119255307,-2.373885968078677,3.0944176248129205,0.0,0.0,0.0,4.942952913719029,1.0,31.737003326416016,-23.584793090820312,1.5199999809265137
11.200101375579834,0.18987456688764084,0.9430334508308557,-0.22289027889433374,-0.24675765241300104,-0.010885548405074094,0.9682652273178491,-0.15563676678950147,-0.19428734811589654,0.02218271292057749,-0.48957857219203244,-0.48957857219203255,0.10155206374274643,-0.34012226243808624,-0.3782970631790218,0.11153485181858272,0.15826306557638473,0.02229058581037597,-0.44565042902893526,0.5960987537356183,1.1577554305101045,2.509788442521071,0.0,0.0,0.0,3.6072738299165086,1.0,31.803794860839844,-23.612028121948242,1.5199999809265137
11.220124959945679,0.21096851100890898,0.9435469672501153,-0.2207934639305018,-0.24685289680621253,-0.00574579994965984,0.9072631021712616,-0.28604177511024836,-0.3035405714565003,-0.05400821983937224,-0.48744712825639186,-0.4874471282563919,0.11133416885483396,-0.6407257432406532,-0.6207919571675804,0.09313873177746708,-0.17428435296592482,0.014047798693801211,-0.5912361221995424,-0.4626242735140491,-1.5106988711913467,1.3782083622488772,0.0,0.0,0.0,4.832670349521073,1.0,31.859453201293945,-23.648340225219727,1.5199999809265137
11.240121126174927,0.34459626244621017,0.944072863766511,-0.21862755292705305,-0.24683614141720417,-0.0005833447464002814,0.9184459963474076,-0.34526960951966607,-0.17249288109369185,-0.08655665490043207,-0.4851235712593089,-0.4851235712593089,0.12105833556023395,-0.710747174170075,-0.38614660024838066,-0.04306548964594328,0.2242309129412567,0.0660302295927239,-0.5526870272916824,-2.9748712609663785,0.6386302649768618,-0.36311869272701136,0.0,0.0,0.0,4.473328139337009,1.0,31.903980255126953,-23.68465232849121,1.5199999809265137
11.260100364685059,0.19697192578743508,0.9446102578083289,-0.21639365945532751,-0.2467064355802115,0.004602133648771899,0.9406815609481197,-0.17104243178012704,-0.2833636087364278,-0.07461737510002654,-0.48260825864492807,-0.482608258644928,0.13072592966856367,-0.34371960682513464,-0.5927395286867089,-0.05240796920243383,0.03546624359881742,0.03225501450140303,-0.5489851706708454,1.0921700979568612,-1.179617329445294,1.082087470260604,0.0,0.0,0.0,4.004223108551822,1.0,31.959640502929688,-23.720964431762695,1.5199999809265137
11.28009295463562,0.1851427376795979,0.9451588426582368,-0.21409042976701884,-0.24646235838365513,0.00981610549466503,0.9164425393045135,-0.26237704639865417,-0.29930624026549546,-0.04131745653288944,-0.47989843591187564,-0.4798984359118756,0.14034775099493194,-0.5887539202610277,-0.6068411317402455,0.09917237343419807,-0.2124518558094063,-0.05279564034062992,-0.568432693043646,0.07650364306583735,-1.1577082962867236,1.3010323706830018,0.0,0.0,0.0,4.577183401044065,1.0,31.959640502929688,-23.720964431762695,1.5199999809265137
11.300081968307495,0.22628483562584983,0.9457170440079832,-0.21172177745551668,-0.24610283981133513,0.015051706238008729,0.9387128382773134,-0.2857521785642443,-0.1871092062444026,-0.046411686434866824,-0.4769973385393575,-0.4769973385393574,0.14991177080659696,-0.5951882393004008,-0.38742780019707385,0.02138577383605891,0.25763248961878504,0.0006571754088989246,-0.6061719752876406,-2.1756578455023603,0.7961734430834198,0.6500702673748493,0.0,0.0,0.0,4.0660183370344996,1.0,32.00416946411133,-23.73912239074707,1.5199999809265137
11.32009220123291,0.3328000038575345,0.9462844502264222,-0.2092866926209616,-0.24562615011626465,0.020312900593448285,0.9043357312863709,-0.294869737280548,-0.2887605147054061,-0.10883973677804573,-0.47390227534478074,-0.47390227534478074,0.1594259496538741,-0.6197564482809014,-0.6266813913862159,-0.03279917273046026,0.14518220760430156,-0.1275307686238455,-0.4657257049667283,-1.7240441075385424,-1.0876659057859173,-0.8042375314194732,0.0,0.0,0.0,4.710710216550669,1.0,32.0598258972168,-23.766355514526367,1.5199999809265137
11.340111494064331,0.1365564058442159,0.946859623339232,-0.2067885248549612,-0.24503124820255073,0.025593887600299285,0.9349222071438001,-0.18848533126789627,-0.3005604965987176,-0.007558728102578301,-0.4706159335230576,-0.4706159335230576,0.16888055872189997,-0.43519990936828096,-0.6002524173836146,0.1204677054623005,-0.20094041923982583,-0.006466157411902096,-0.6391040337791395,1.291895085938432,-1.2119468469178485,2.254062483198286,0.0,0.0,0.0,4.131911749247959,1.0,32.093223571777344,-23.78451156616211,1.5199999809265137
11.360106468200684,0.2873278032496963,0.9474404935534413,-0.2042335164232419,-0.24431826638880566,0.03088311275402729,0.929411007332544,-0.31219670326227544,-0.19147026921629928,-0.04547014325367971,-0.4671453233657766,-0.4671453233657768,0.17825612712466296,-0.6557172604609788,-0.3944499205956157,0.037954912641314044,0.20115380755952209,-0.07344142133778964,-0.5968667839450276,-2.583585948420768,0.8285110147473148,0.2083857189543714,0.0,0.0,0.0,4.209399138292331,1.0,32.137752532958984,-23.81174659729004,1.5199999809265137
11.380091428756714,0.1790749284511048,0.9480263713289687,-0.2016219883269369,-0.24348607973318076,0.03618151550292011,0.9173138281701845,-0.25904517143003625,-0.2938427414247071,0.07132589374523884,-0.463489833330167,-0.4634898333301671,0.18755579009877033,-0.6410409070129003,-0.5260701724032029,0.3335044173609116,-0.024040135219756037,-0.08295891157071741,-0.4900370593931892,-1.2511635085780992,-0.6723503208764962,2.5721540025785568,0.0,0.0,0.0,4.408368391240803,1.0,32.171146392822266,-23.820823669433594,1.5299999713897705
11.400095462799072,0.21951882561876623,0.9486170376022918,-0.19895208713800208,-0.24253254864507265,0.04149392536035067,0.9137373108540572,-0.29496506275354334,-0.27049204339543825,0.0700984519640374,-0.4596454788681171,-0.4596454788681171,0.19678931311455708,-0.7038555436698473,-0.47008734323965634,0.3285549133178373,-0.20765563223651834,-0.028112521429316334,-0.6265130508492914,-1.245303840790995,-0.5530568559159369,2.7232195278763807,0.0,0.0,0.0,4.476114968921461,1.0,32.20454025268555,-23.848058700561523,1.5299999713897705
11.42012095451355,0.15537383245288156,0.949211514342126,-0.19622530490329423,-0.24145642083698335,0.04681802636304734,0.9423416292620888,-0.26164934958485564,-0.20730170226532402,0.023619395830397533,-0.45561277898566216,-0.45561277898566227,0.20595386771061663,-0.5743675957037622,-0.3880002276732266,0.16604351564558928,0.16023581727197073,-0.2261130274782721,-0.547286354768148,-1.8298812698644815,1.3673739354342898,1.3051884492951826,0.0,0.0,0.0,3.898587492619586,1.0,32.237937927246094,-23.857135772705078,1.5299999713897705
11.440089702606201,0.11098247036988614,0.9498064338716748,-0.19345439120668462,-0.2402615300693159,0.05212997091476424,0.935859576522992,-0.24177844657015232,-0.24510754579193236,0.0750488294391469,-0.45140957641258295,-0.451409576412583,0.21501021911298168,-0.5702941485161017,-0.43618209057177787,0.28978688125613394,-0.20111299546392117,-0.18095986169485093,-0.6377728674218262,-0.2725575551536442,0.6030584872627658,2.7875434715274694,0.0,0.0,0.0,3.954281755324568,1.0,32.271331787109375,-23.866214752197266,1.5299999713897705
11.460103511810303,0.37039559269388395,0.950403808985139,-0.19062721199458532,-0.23894128222439343,0.05745371670025958,0.8992429341835044,-0.297816471598811,-0.3142335622028244,-0.06264792854356489,-0.44701628656631087,-0.4470162865663109,0.22400098112389094,-0.6709707307274475,-0.6465794059346265,0.09347254310618029,0.043420240140453065,-0.20918355870575997,-0.669474724779162,-1.7457344225893427,-1.4199773221150656,0.228601690883945,0.0,0.0,0.0,4.791801618806063,1.0,32.29359817504883,-23.866214752197266,1.5399999618530273
11.480146408081055,0.2208809377210836,0.9510021710206624,-0.18774768209048143,-0.23749552200168406,0.06278180956922033,0.9491440044649317,-0.1881174529542618,-0.24803380123510954,-0.04708201490098561,-0.44243717455541776,-0.4424371745554177,0.23291489126163412,-0.3925017945763494,-0.5104311532642269,0.004519896317255553,0.09271815722193943,-0.21880163462558452,-0.5990473743941627,0.1501925555854685,0.2529440197071433,0.3467223384973366,0.0,0.0,0.0,3.704752591872357,1.0,32.32699203491211,-23.87529182434082,1.5399999618530273
11.50008511543274,0.1802048514835297,0.9515965758126554,-0.1848371222593499,-0.23593412005445258,0.06807559129851282,0.969396769348272,-0.12758983167598748,-0.1807288381591727,0.10643225774013136,-0.43770551741181285,-0.43770551741181263,0.2416896357464617,-0.30684866986001236,-0.32914765463578644,0.27006105701430744,-0.14198483253739855,-0.20593628825960358,-0.647707322803958,1.4671130039398927,2.1781393374019364,3.362647639926128,0.0,0.0,0.0,3.30090571403005,1.0,32.3381233215332,-23.87529182434082,1.5399999618530273
11.520041465759277,0.09438831894946373,0.9521897260874832,-0.18187992443397896,-0.23424798974159708,0.07336414603438388,0.960052411917877,-0.13890854414140766,-0.22595006872225645,0.08916473058103849,-0.4327954379979068,-0.4327954379979067,0.2503759350420883,-0.343146713132952,-0.4214415925019726,0.2593110114313239,0.07198243669846674,-0.2123370335374682,-0.6102224227111234,0.4728091827826135,1.1647357588435225,2.901390675684841,0.0,0.0,0.0,3.4440122283268773,1.0,32.3492546081543,-23.87529182434082,1.5499999523162842
11.54010820388794,0.28177182017817815,0.9527834477396582,-0.17886379156667015,-0.23242784638062708,0.07866855792874572,0.9714875998494936,-0.11490459057952643,-0.20312584069902717,-0.041817116623877076,-0.427684412049964,-0.427684412049964,0.25900973666925453,-0.22747652063047502,-0.41618977603611274,-0.03780484749230298,-0.10014198779366956,-0.11149545242198228,-0.5599521585939686,2.200244809578704,0.7609195160929285,0.10694156292990264,0.0,0.0,0.0,3.3137558320922307,1.0,32.37152099609375,-23.87529182434082,1.5499999523162842
11.560104370117188,0.1353761199253248,0.9533714979109319,-0.17581763930168026,-0.23048956730084308,0.08393750083794692,0.9417050802576219,-0.23304892331024368,-0.21420864846738308,0.11399296505793372,-0.42242005419772105,-0.42242005419772116,0.26750943499546764,-0.5477434643335876,-0.35790298390273917,0.3424727497173554,-0.1631029051908435,-0.21699485434503551,-0.5786682302424402,-0.6457461303334123,1.1342435421123096,2.5862646466337833,0.0,0.0,0.0,3.6850945285872045,1.0,32.39378356933594,-23.87529182434082,1.5499999523162842
11.580281734466553,0.22124068324116875,0.9539603900483629,-0.1727046204866728,-0.2284076408360184,0.08923361412076733,0.9215606822304283,-0.2540091456328421,-0.2879566895657436,0.05732545539460785,-0.4169367989235028,-0.4169367989235029,0.27597772682487,-0.6179229278903295,-0.5254666421147808,0.29551822522103705,-0.08244244694342545,-0.1398016599376182,-0.642260420644736,-1.081330845627132,-0.9802645131712023,1.8523585738629302,0.0,0.0,0.0,4.155050296512164,1.0,32.40491485595703,-23.866214752197266,1.559999942779541
11.600083351135254,0.09985673720870554,0.95453313074897,-0.16961299288900666,-0.2262413754913824,0.09440749420237199,0.9662039094783924,-0.1612251063628508,-0.19147738109329426,0.061586385805723044,-0.4113906122623524,-0.4113906122623524,0.28417910574566674,-0.36589826486032434,-0.3577353416433334,0.19418644614133831,-0.05918034330407493,-0.2661906669024448,-0.5929114174772301,0.519312221317143,1.6857384749386777,1.6430580203642604,0.0,0.0,0.0,3.34411470379811,1.0,32.40491485595703,-23.866214752197266,1.559999942779541
11.620094537734985,0.31294994310471586,0.9551059419066632,-0.16645357867763624,-0.2239284147985793,0.09960878940027967,0.9267575987310334,-0.3134901908745804,-0.19690395463817773,0.06382073383748017,-0.4056218632428345,-0.4056218632428346,0.2923540731021396,-0.6957704885202165,-0.33095898989370054,0.2584887568137878,-0.1915223507788188,-0.27554605120099007,-0.5832285411271461,-2.0305533242480243,1.0793848861186892,0.9572814852239311,0.0,0.0,0.0,4.0103638234223125,1.0,32.40491485595703,-23.857135772705078,1.5700000524520874
11.640080451965332,0.16878084774988522,0.9556712815588032,-0.1632646860863399,-0.22149441708563014,0.10477245382628322,0.9419301100528382,-0.14654969843059276,-0.2943556053528535,0.06815886782441238,-0.39969828134109286,-0.39969828134109286,0.30040187065492213,-0.38347555460248306,-0.5639722322291878,0.2568284171604815,-0.044464801969495496,-0.2500596430791429,-0.6045304941018084,0.7673419277616271,-0.5377888935383073,2.0590635579669443,0.0,0.0,0.0,3.713153626393345,1.0,32.40491485595703,-23.848058700561523,1.5700000524520874
11.660083532333374,0.3442489610049984,0.956229651798274,-0.16004125357422405,-0.21893461917194312,0.10990579013035962,0.9414804624696689,-0.1658447950229752,-0.28983283640021784,-0.04590173957368318,-0.393609757676322,-0.39360975767632195,0.3083364374542636,-0.35232619234723994,-0.5955558991152267,0.011721603905643006,-0.2605445638480723,-0.31727110441779605,-0.5303937689320664,1.7220540472941601,-0.662866800342456,-0.6242392271726076,0.0,0.0,0.0,3.7455080607482985,1.0,32.40491485595703,-23.82990264892578,1.5700000524520874
11.680098533630371,0.10781365025597756,0.9567802247153584,-0.15678571381553466,-0.21624985695057805,0.11500365605421337,0.968322560553703,-0.1350202950394957,-0.16924160356808743,0.12441148770057474,-0.3873599780564938,-0.3873599780564937,0.3161522535109827,-0.3232524221106049,-0.2985815097259123,0.30460116685513977,-0.031016420087086327,-0.23284348380348582,-0.5930463746694614,0.4279423279408635,1.960388176086345,2.4723927504951906,0.0,0.0,0.0,3.200292439245225,1.0,32.40491485595703,-23.81174659729004,1.5800000429153442
11.70010232925415,0.3091110439721202,0.9573217374108159,-0.15350344677629238,-0.21344376619533215,0.12005640999499916,0.9096016599759291,-0.2656646455077948,-0.3049166834861447,0.09525194185979745,-0.3809586559396765,-0.3809586559396766,0.3238371542374888,-0.6775156406775393,-0.5283341070436605,0.39870983187192965,-0.20688439202565206,-0.3564119298289414,-0.48694583898256083,-1.1409280488464792,-0.8749084281313879,1.3894742371974598,0.0,0.0,0.0,4.313511009674664,1.0,32.40491485595703,-23.80266761779785,1.5800000429153442
11.720086574554443,0.30018485052657884,0.9578533982503302,-0.15019746622197636,-0.21051844665141664,0.12505827529702856,0.9457524447766567,-0.20248790717732626,-0.2539410808655287,-0.008055314690968584,-0.3744113763577439,-0.3744113763577439,0.3313851554519301,-0.4477091224151371,-0.5047549950677758,0.10025242564769662,-0.16069693166997237,-0.29203978566860656,-0.5233199143989895,0.273770063088517,-0.24529421667662366,-0.516242600832673,0.0,0.0,0.0,3.669660414934217,1.0,32.40491485595703,-23.775434494018555,1.590000033378601
11.740123271942139,0.10566242718210282,0.9583765510952187,-0.1468573396669156,-0.20746381409756448,0.13002335919703464,0.9447560084418009,-0.19337077387721116,-0.22802632902315018,0.13434218099863646,-0.3676968017424371,-0.367696801742437,0.3388201026922443,-0.4791428131266719,-0.3886103902849791,0.37856349756044433,0.000293351580058443,-0.3789273387790934,-0.6232356524499608,-0.8971744722434803,0.956789672142022,2.4785415702735745,0.0,0.0,0.0,3.5326288037920386,1.0,32.39378356933594,-23.757278442382812,1.590000033378601
11.76008677482605,0.11402426381468896,0.9588874240779076,-0.14350554935221196,-0.20430007469191638,0.13491680670410358,0.9447560084418009,-0.19337077387721116,-0.22802632902315018,0.13434218099863646,-0.36085994615336714,-0.36085994615336725,0.3460926165958887,-0.4791428131266719,-0.3886103902849791,0.37856349756044433,0.000293351580058443,-0.3789273387790934,-0.6232356524499608,-0.9316655406374461,0.8667498550226895,2.3844014933237463,0.0,0.0,0.0,3.5326288037920386,1.0,32.39378356933594,-23.757278442382812,1.590000033378601
11.78009033203125,0.2702253105535947,0.9593884730437717,-0.14012459850787545,-0.20101055443537236,0.13976269777494696,0.9529824926538706,-0.25134540620192286,-0.14370134532625237,0.08944148270143366,-0.35386512913568857,-0.3538651291356886,0.3532413769390308,-0.5451329417001715,-0.23097662430830826,0.25198947541479105,-0.2584883409940278,-0.2819242067490139,-0.5240147163750131,-1.0759704485263286,1.7496641221567666,0.5406736109710752,0.0,0.0,0.0,3.492272689474484,1.0,32.37152099609375,-23.720966339111328,1.590000033378601
11.800086736679077,0.2522840324585534,0.9598780599323861,-0.13672382509242426,-0.19760380603478506,0.1445456383053525,0.9388159298013089,-0.1949627255126017,-0.2757947404087589,0.0674644111726111,-0.34673129712384615,-0.34673129712384615,0.36024631517173783,-0.4814723197571462,-0.5138513933499486,0.2722973206005276,-0.04170226124841786,-0.2938083640874752,-0.6185774805542404,-0.47815566240615204,-0.7882213180527808,1.0390738330036828,0.0,0.0,0.0,3.7593968609992547,1.0,32.360389709472656,-23.6937313079834,1.600000023841858
11.820082902908325,0.2908747790415002,0.9603559699930622,-0.13330343584954646,-0.19407991343647252,0.14926349885314127,0.9764531105992523,-0.12304299781212545,-0.17709056495876313,0.006218946296244306,-0.3394589145983862,-0.3394589145983861,0.36710713054867994,-0.2612484463994597,-0.35150467610981656,0.059388569694677304,-0.0917037303799427,-0.3219226663052299,-0.6303174453215237,1.1113281586182282,1.3257533139833355,-0.27972620171818985,0.0,0.0,0.0,3.206921272268624,1.0,32.3492546081543,-23.675575256347656,1.600000023841858
11.84009861946106,0.21755868952225038,0.9608223065866489,-0.1298613454621259,-0.19043652989825693,0.1539170367457362,0.9390679436234833,-0.12694039138336077,-0.29332752423534947,0.12647726206778026,-0.3320434966928487,-0.3320434966928487,0.37382765588434747,-0.3743523964887089,-0.5454452724087488,0.37360080447809607,-0.338655318056151,-0.3265251090374268,-0.5361914306374789,1.7754948605920495,-0.8162309510781829,1.9627944986417771,0.0,0.0,0.0,3.6671719769891165,1.0,32.3381233215332,-23.639263153076172,1.600000023841858
11.86009669303894,0.07206119625365824,0.9612758865917725,-0.12640522837190085,-0.18668183070157598,0.15849379225495744,0.9687185542655833,-0.1311234217274103,-0.16481997021734898,0.13124552683290153,-0.32450176831382643,-0.32450176831382654,0.38039269493669253,-0.31536343567872405,-0.2889121196277761,0.3155788762700787,-0.0691590010864537,-0.3959250208450549,-0.5901053564259702,0.2371778744380822,1.9479513348852473,1.7400819943809955,0.0,0.0,0.0,3.2002745668109944,1.0,32.32699203491211,-23.602951049804688,1.6100000143051147
11.88013768196106,0.07611717247004994,0.9617177810333237,-0.12292582479121295,-0.1828057682742089,0.16300368808532034,0.9687185542655833,-0.1311234217274103,-0.16481997021734898,0.13124552683290153,-0.3168136683686215,-0.3168136683686216,0.3868192078152493,-0.31536343567872405,-0.2889121196277761,0.3155788762700787,-0.0691590010864537,-0.3959250208450549,-0.5901053564259702,0.19364849912111787,1.8504382199152294,1.6525608798584093,0.0,0.0,0.0,3.2002745668109944,1.0,32.32699203491211,-23.602951049804688,1.6100000143051147
11.90011215209961,0.07083077915661078,0.9621453572055418,-0.11944334723790079,-0.17883135283945417,0.1674184746377682,0.9661538560277556,-0.09000438843628618,-0.1630568090946375,0.1784892533257503,-0.3090244744577862,-0.30902447445778614,0.3930698082861224,-0.24444066582456062,-0.286864548828171,0.40084092789697456,-0.2803425691574757,-0.45619762263357333,-0.6199030707182004,1.6050221499707253,2.267694605211412,2.7468332044635178,0.0,0.0,0.0,3.146178692700452,1.0,32.29359817504883,-23.584794998168945,1.6100000143051147
11.920112133026123,0.28716047229630687,0.962560417175752,-0.11594293302542028,-0.1747423727386135,0.17175500789666817,0.9472768932124657,-0.22305470073795694,-0.21340515642715885,0.08585643409051813,-0.3011018071534917,-0.3011018071534917,0.39917126866659813,-0.516080077025892,-0.37471378057105365,0.28076227425018874,-0.10653297024767133,-0.47902323918362,-0.5638164062462403,-1.238326460801243,0.5512477660014286,0.3694289618412552,0.0,0.0,0.0,3.6335476178581447,1.0,32.282466888427734,-23.54848289489746,1.6100000143051147
11.94011402130127,0.40970528402186107,0.9629622701522829,-0.11242977425787119,-0.17054529781342403,0.1760042997122972,0.9165261617582151,-0.2662167290233691,-0.2778930228426753,0.10901337466665473,-0.29305793067829405,-0.29305793067829394,0.40511362513072335,-0.6620789198022056,-0.4682777188158188,0.4003534582528861,-0.27726150360309776,-0.5038332348883418,-0.6314617335620005,-1.350817742242847,-0.9024712361228189,1.1159401336388468,0.0,0.0,0.0,4.196839010095126,1.0,32.271331787109375,-23.50309181213379,1.6100000143051147
11.960134029388428,0.08739466846147752,0.9633510796815529,-0.1089020466191967,-0.16623854897593812,0.18016599666116634,0.9640830590548413,-0.14179146446822546,-0.1376072478798807,0.1774916369250687,-0.28488936743649,-0.28488936743649007,0.41089907315743174,-0.33626327290655467,-0.216687769598396,0.40105041700768945,-0.31222704110984156,-0.46583712579216496,-0.6112574102254132,0.5225452172626855,2.2930861035174095,2.2191552105183043,0.0,0.0,0.0,3.205652460265357,1.0,32.226806640625,-23.45770263671875,1.6200000047683716
11.980091094970703,0.16035162617017912,0.9637252054665878,-0.10537505980289759,-0.16184200442171215,0.18421995202659577,0.9449086645021149,-0.17405054643610787,-0.19701918844182634,0.19503195230486192,-0.27663284039770686,-0.27663284039770686,0.4165024268998884,-0.44006146813685043,-0.3093498797923615,0.47680467436110463,-0.17864494859930125,-0.436761242982272,-0.5470518902992322,-0.554151970397796,0.7778744663179686,2.3177755396353357,0.0,0.0,0.0,3.444696053181156,1.0,32.20454025268555,-23.421390533447266,1.6200000047683716
12.000102996826172,0.16982372398356596,0.9640867815468738,-0.10182894584181401,-0.15733197994520814,0.1881865869871073,0.9449086645021149,-0.17405054643610787,-0.19701918844182634,0.19503195230486192,-0.26824300043750543,-0.2682430004375055,0.42195460978200533,-0.44006146813685043,-0.3093498797923615,0.47680467436110463,-0.17864494859930125,-0.436761242982272,-0.5470518902992322,-0.5892036552404263,0.6635784834744001,2.245950157146963,0.0,0.0,0.0,3.444696053181156,1.0,32.20454025268555,-23.421390533447266,1.6200000047683716
12.020107984542847,0.2047796039500253,0.9644345888304706,-0.09827550457134834,-0.15272433657910803,0.19204980105462116,0.9743553924099908,-0.10265926968012758,-0.17718467004775637,0.0932643357901798,-0.259748693095947,-0.25974869309594706,0.4272360195898135,-0.2491554403476315,-0.3322097792130227,0.23283863860604756,-0.21510921145358786,-0.5301202084786433,-0.6252533637989571,1.1910701278117446,1.467974110581217,0.5921521765392455,0.0,0.0,0.0,3.2543175029993487,1.0,32.171146392822266,-23.375999450683594,1.6200000047683716
12.040077686309814,0.12222347734306112,0.9647681485233237,-0.09472064248902945,-0.1480283318444954,0.1958010021748599,0.9584027203087164,-0.15073248927132318,-0.1639973266725947,0.17846237482215993,-0.2511656935142247,-0.2511656935142247,0.432337593093081,-0.3681501150733214,-0.2635926766429503,0.41755183375933747,-0.061538596394154876,-0.5272475130080484,-0.6293567823950103,-0.7328062122467905,1.5298271930215641,2.0722242300200646,0.0,0.0,0.0,3.324770992341193,1.0,32.14888381958008,-23.330608367919922,1.6200000047683716
12.060111999511719,0.33314206924116296,0.9650890945497459,-0.09114735365657392,-0.14322278645766873,0.1994553407203127,0.9491865164101968,-0.20229788012518823,-0.21829834194760642,0.10230522305755417,-0.2424542822091966,-0.24245428220919651,0.4372824270862291,-0.480307902136688,-0.38226121091500825,0.30942906645060253,-0.2883286554530433,-0.5079581019881688,-0.6645574436189301,-0.4433115343017551,-0.08330266572802492,0.6649694772904313,0.0,0.0,0.0,3.655605507766737,1.0,32.126617431640625,-23.294296264648438,1.6200000047683716
12.080111265182495,0.39335770665662395,0.9653958177512469,-0.08757414183717745,-0.13833402188087532,0.20299109128270768,0.9436556103452705,-0.19143845012448982,-0.25564964369208615,0.08665257386793289,-0.23366105206451626,-0.23366105206451623,0.4420435643102424,-0.4712714118691278,-0.46599638849104064,0.29696974975590223,-0.32479120192611827,-0.6488843857708955,-0.5972510032816782,0.05383585307393268,-0.35516637872034984,0.14912796671471318,0.0,0.0,0.0,3.7966742812992758,1.0,32.08209228515625,-23.2489070892334,1.6200000047683716
12.100108861923218,0.10495106512455069,0.9656889057193693,-0.0839957554613684,-0.13335685648604775,0.20641123821914448,0.9526713119036561,-0.0729275476429411,-0.15576602066093534,0.2506708819907299,-0.22477511286764842,-0.2247751128676483,0.4466275278521645,-0.22672592291748975,-0.2632562731609132,0.5447284506920699,-0.21183771536895585,-0.5794419576714379,-0.5008961361521713,1.0137148461125292,1.9702869921918547,2.979310958512164,0.0,0.0,0.0,3.2266792959060466,1.0,32.0598258972168,-23.203516006469727,1.6200000047683716
12.120087385177612,0.36425070657192105,0.9659681809569902,-0.08041596296828823,-0.12829857800932035,0.20970984993393266,0.9140215787557509,-0.09215269981082544,-0.29328235009414994,0.2646845227996401,-0.2158078909579643,-0.2158078909579643,0.4510287731401129,-0.3797823107981779,-0.5090523901825615,0.6636735555856588,-0.24470364051389026,-0.6644174134707594,-0.5524060000199986,1.2194325491184832,-0.6238146954697701,3.7248044232393474,0.0,0.0,0.0,3.7433159475037256,1.0,32.0598258972168,-23.203516006469727,1.6200000047683716
12.14008092880249,0.3753204998286077,0.9662341971272932,-0.07682925554918901,-0.12315349644932175,0.2128895443788618,0.9541251954895295,-0.15514422819591048,-0.23989622750253184,0.08958336798544526,-0.20674769600447537,-0.20674769600447537,0.4552531056421702,-0.3849608085368321,-0.444476588942347,0.2752557520154489,-0.19484555550118238,-0.7042022550656936,-0.6002539077879189,0.04814148761440584,0.008048110631296623,0.056210229252431354,0.0,0.0,0.0,3.6440442025570925,1.0,32.01530075073242,-23.158126831054688,1.6200000047683716
12.163127899169922,0.19454108569304898,0.9665242363357173,-0.07269025984062835,-0.11712356475701646,0.2164003171868508,0.9655763103791714,-0.16027018560102937,-0.10491700657962502,0.1759780616222626,-0.19620151407267036,-0.19620151407267045,0.4598966904377458,-0.3577796422478646,-0.14672860619736877,0.38712452195233926,-0.1102012965727873,-0.5227988380175674,-0.44953978356174046,-1.2116774185509502,1.8871209896592414,0.7979805501519219,0.0,0.0,0.0,3.3043577206801458,1.0,31.97077178955078,-23.09457778930664,1.6200000047683716
12.18010950088501,0.2242011124084039,0.9667266527478511,-0.06963787117794808,-0.112615295970651,0.2188788269298377,0.9394126459124063,-0.04319796334736633,-0.20329340301894622,0.2725978887509365,-0.1883638178915155,-0.18836381789151546,0.46316203655883964,-0.20713657069676666,-0.3665550163409748,0.6033726265531412,-0.34135653818753886,-0.6740261275476493,-0.5708391768248704,2.1145462319373567,1.0719264951658154,3.6274022069200527,0.0,0.0,0.0,3.363617578565155,1.0,31.937376022338867,-23.0491886138916,1.6200000047683716
12.200087547302246,0.37145674862333994,0.9669526227405449,-0.06604440720858747,-0.1072435953881881,0.2216744750751929,0.9302642134578968,-0.21648881840211648,-0.20866202387085875,0.2102409200430148,-0.17907377187863904,-0.17907377187863902,0.4668325012519556,-0.5395312112260963,-0.30175043794844175,0.5285597620116188,-0.3243878506132265,-0.5927617851056823,-0.587099943273867,-1.1862011930705325,-0.35107727117319687,2.1012217384989365,0.0,0.0,0.0,3.77898403087522,1.0,31.89284896850586,-22.994718551635742,1.6100000143051147
12.220120906829834,0.4196377549886071,0.96716612834876,-0.06243870696979721,-0.10178639694784448,0.22434486275193707,0.9445154228663477,-0.1926845083061462,-0.23292475411259012,0.12848873549075174,-0.16968624096398582,-0.1696862409639858,0.4703260354557381,-0.4784398244915309,-0.4011599530637796,0.3695047328914083,-0.2364487079643401,-0.5708161233389426,-0.38675461583113324,-0.8183360004527291,-1.0035999054955385,-0.3069089656579047,0.0,0.0,0.0,3.8003556962519434,1.0,31.87058448791504,-22.940250396728516,1.6100000143051147
12.240118503570557,0.43347290486786644,0.9673663061038681,-0.05883753836978835,-0.09627177174103806,0.22687511952477837,0.9445154228663477,-0.1926845083061462,-0.23292475411259012,0.12848873549075174,-0.1602475494710902,-0.1602475494710902,0.4736250868445531,-0.4784398244915309,-0.4011599530637796,0.3695047328914083,-0.2364487079643401,-0.5708161233389426,-0.38675461583113324,-0.8611760760363982,-1.1277104214037572,-0.34971625412475027,0.0,0.0,0.0,3.8003556962519434,1.0,31.87058448791504,-22.940250396728516,1.6100000143051147
12.260127067565918,0.4472992109579955,0.9675537790620562,-0.05523282866386725,-0.09069040334929282,0.2292689904912215,0.9445154228663477,-0.1926845083061462,-0.23292475411259012,0.12848873549075174,-0.1507395480173609,-0.15073954801736084,0.47673639326521094,-0.4784398244915309,-0.4011599530637796,0.3695047328914083,-0.2364487079643401,-0.5708161233389426,-0.38675461583113324,-0.9044979215117626,-1.2525060626324231,-0.3897391097743754,0.0,0.0,0.0,3.8003556962519434,1.0,31.87058448791504,-22.940250396728516,1.6100000143051147
12.280115365982056,0.3473411590732817,0.9677283974093646,-0.05163050538636182,-0.08505456186529753,0.2315205417818346,0.9513832684018527,-0.018483078035401765,-0.2473231344947903,0.18264588573252233,-0.1411809216042026,-0.14118092160420262,0.4796539871355059,-0.14215555344868624,-0.482332087568765,0.41436215340316473,-0.2702655380158166,-0.7541146745758635,-0.4461913164251001,2.5402485477284924,-0.04896622930558836,1.138449043185605,0.0,0.0,0.0,3.5533330841133393,1.0,31.814926147460938,-22.894861221313477,1.6100000143051147
12.30012583732605,0.4255440028297094,0.9678906652987865,-0.048023183106956566,-0.07935586233241985,0.23363236296631906,0.9630809664691363,-0.0628859047280371,-0.24249689698115506,0.09856809811456066,-0.1315551949544961,-0.13155519495449605,0.4823828673164963,-0.19083052568395056,-0.47202547425579144,0.25000841960177306,-0.02420919043778902,-0.743470710620341,-0.4260984098376963,0.7811707630270736,-0.3909769786488151,-0.7545790041369234,0.0,0.0,0.0,3.5756308147141174,1.0,31.77039909362793,-22.831314086914062,1.6100000143051147
12.320098400115967,0.33415805781778085,0.9680402445406999,-0.0444219213692897,-0.07361512818682171,0.2355962452024236,0.9284994249934558,-0.05889801768887602,-0.22616695162103795,0.28856256045022505,-0.12189517534306224,-0.12189517534306224,0.4849139781735355,-0.26307892261114074,-0.3962918532478875,0.6557565443187705,-0.2420958441485132,-0.5897095672659641,-0.3307757798840971,1.2938152109004908,-0.6740568391140447,2.649106695568073,0.0,0.0,0.0,3.510289336029613,1.0,31.77039909362793,-22.831314086914062,1.6100000143051147
12.340079545974731,0.02978462041277489,0.968177642490974,-0.04081853323139871,-0.06782282053428886,0.2374151741996087,0.9678241584041153,-0.028317526255021156,-0.06142959756856889,0.24236526289616217,-0.11218235084592634,-0.11218235084592633,0.48725262457854607,-0.08516430072177461,-0.10537462952822517,0.49524710271653094,-0.31920450877263623,-0.6336451967921298,-0.4847775755054272,1.4815218278866995,2.7212964943687394,2.0483778872013785,0.0,0.0,0.0,3.1649169420229954,1.0,31.72587013244629,-22.776845932006836,1.6100000143051147
12.360111236572266,0.3148698478265132,0.968303221896466,-0.03720561280813787,-0.061970340309700354,0.23909054720417974,0.9611590673666659,-0.03758364645663615,-0.20698923580896741,0.1786509809575171,-0.10240000290137129,-0.10240000290137125,0.4894019201084107,-0.1590485206162477,-0.39463411349963323,0.3994076057637447,-0.149834725663693,-0.7090681647226724,-0.5361877691182185,1.3550639770795416,-0.02780863725311411,1.115878338295602,0.0,0.0,0.0,3.4621184956573616,1.0,31.68134307861328,-22.72237777709961,1.600000023841858
12.380090236663818,0.20331880199618813,0.9684164604396743,-0.03360191444315139,-0.05609168443587399,0.24061212237207438,0.9612472356817418,-0.021540166996897335,-0.15573463752841782,0.22646521978848794,-0.09260245602875827,-0.09260245602875829,0.49134996197968905,-0.1172297071170477,-0.2938536010486447,0.4801205096866064,-0.13545087997592425,-0.7630573649374562,-0.5098364810333067,1.2659779421069062,1.1628060559078301,1.8803392596285473,0.0,0.0,0.0,3.326406011207814,1.0,31.636816024780273,-22.658830642700195,1.600000023841858
12.400103330612183,0.2146729270607832,0.9685179831278965,-0.029991893154487484,-0.05016526086324602,0.24198522538660108,0.9612472356817418,-0.021540166996897335,-0.15573463752841782,0.22646521978848794,-0.08275113535503553,-0.08275113535503557,0.4931047044973842,-0.1172297071170477,-0.2938536010486447,0.4801205096866064,-0.13545087997592425,-0.7630573649374562,-0.5098364810333067,1.2276511164479595,1.0316122557371465,1.8457102731779567,0.0,0.0,0.0,3.326406011207814,1.0,31.636816024780273,-22.658830642700195,1.600000023841858
12.420109272003174,0.18211666470169754,0.9686076649319512,-0.02638307265963798,-0.04420713846920522,0.2432053737491704,0.9595570551612059,-0.1125631177831294,-0.07168802660705473,0.24787220345670447,-0.0728702100737831,-0.07287021007378308,0.4946614321774063,-0.25516571188673554,-0.08186638287533347,0.5160940238023511,-0.38790193989054705,-0.8594848783080851,-0.4612886548723863,0.006882905911005599,2.480847008721546,1.9178894402502928,0.0,0.0,0.0,3.2787535176576927,1.0,31.636816024780273,-22.658830642700195,1.600000023841858
12.440083503723145,0.16872738694491457,0.9686855288782503,-0.022779944822045928,-0.03822869087911295,0.24427031634940494,0.9745764413426647,-0.032460055295318584,-0.10565708352222923,0.19489403657287518,-0.06297584896586536,-0.06297584896586537,0.49601818761717653,-0.10666328275290553,-0.1945135348127522,0.4051655263842715,-0.3707416857576545,-0.7709157028634037,-0.41775743968276396,1.665277884344464,1.7120416335788116,0.7089676461761292,0.0,0.0,0.0,3.2466974612129404,1.0,31.592288970947266,-22.595285415649414,1.600000023841858
12.460375547409058,0.25992015794476836,0.9687527762148997,-0.019119502760330608,-0.03212877041570145,0.2451943011199433,0.9510437592967811,-0.06691018399933045,-0.15045543438485343,0.26153767882254936,-0.05289835172953238,-0.05289835172953239,0.4971938901317058,-0.21443003954123738,-0.2538994925380223,0.5642063347298246,-0.22748405820078277,-0.7530493686591876,-0.3622598387012335,0.5469759992114376,0.4801219028255903,1.8670740288395087,0.0,0.0,0.0,3.36724287685027,1.0,31.53662872314453,-22.540817260742188,1.590000033378601
12.480089664459229,0.19660327504676725,0.9688067410246237,-0.015563351823934462,-0.02618112389192431,0.24593866995047306,0.9549011918697964,-0.058169031954786315,-0.11041485207196801,0.269422786580888,-0.04308696902790042,-0.04308696902790042,0.49814005369974895,-0.17428620261114236,-0.1805050311890234,0.5658098849684273,-0.33130071175122894,-0.8953593677363003,-0.313430528958793,0.8973709157262477,1.739774284505332,1.781061662229687,0.0,0.0,0.0,3.292317788963603,1.0,31.492101669311523,-22.477270126342773,1.590000033378601
12.500096559524536,0.18079051962650605,0.9688501181679816,-0.011954439283738778,-0.020127567599078196,0.24653888320069128,0.959131938296694,-0.038578768458491106,-0.10487630779486483,0.25995877293672887,-0.033112775057372916,-0.033112775057372916,0.4989023392689192,-0.13106782543357784,-0.1821278660513931,0.5413390604144466,-0.2422443482685841,-0.9994585654190594,-0.33992789391041994,0.8632291963619105,2.2236755536914,1.6772118086930985,0.0,0.0,0.0,3.2771683471263104,1.0,31.447574615478516,-22.422801971435547,1.590000033378601
12.521564483642578,0.18668561073531792,0.9688839618109613,-0.008082038129846567,-0.013616883448507398,0.2470083595555282,0.9789943408848805,-0.07773493535011142,-0.025020664261708216,0.18681896772382406,-0.022395570084805864,-0.022395570084805864,0.49949818662391215,-0.1622964849284772,-0.019946779369606794,0.37874310078931894,-0.346414870577464,-0.862090311059539,-0.33569670011730024,0.11031065398203843,2.8763098578199244,0.10938331730180861,0.0,0.0,0.0,3.2563772865652387,1.0,31.39191436767578,-22.350177764892578,1.5800000429153442
12.540143013000488,0.19373693513342713,0.9689026734477683,-0.004730866775684312,-0.007973715734820802,0.24726837271009433,0.9789943408848805,-0.07773493535011142,-0.025020664261708216,0.18681896772382406,-0.013112297262058066,-0.013112297262058063,0.4998280380896128,-0.1622964849284772,-0.019946779369606794,0.37874310078931894,-0.346414870577464,-0.862090311059539,-0.33569670011730024,0.06588113657942896,2.7528824195647963,0.1114586578188912,0.0,0.0,0.0,3.2563772865652387,1.0,31.39191436767578,-22.350177764892578,1.5800000429153442
12.560105800628662,0.2018171856642691,0.9689118656100879,-0.0011300291365533713,-0.0019049777707518716,0.247396222230297,0.9789943408848805,-0.07773493535011142,-0.025020664261708216,0.18681896772382406,-0.0031323863752350553,-0.0031323863752350557,0.499990188059322,-0.1622964849284772,-0.019946779369606794,0.37874310078931894,-0.346414870577464,-0.862090311059539,-0.33569670011730024,0.018101936948561548,2.6203997543244966,0.11662287616242084,0.0,0.0,0.0,3.2563772865652387,1.0,31.39191436767578,-22.350177764892578,1.5800000429153442
12.580135822296143,0.13990268920589488,0.9689097368639572,0.002482929624960257,0.004185487941554681,0.24736660761183166,0.9752378218933472,0.03864501629034386,-0.04452808529480499,0.21315488050855758,0.006882386616821471,0.006882386616821471,0.49995263051058797,0.05672729100994298,-0.10351043671116657,0.42742690399628397,-0.3169382770495761,-0.9453631225852067,-0.2574985753405013,2.2063331936082644,3.0175464196128026,0.3302794856920074,0.0,0.0,0.0,3.240652823851149,1.0,31.336254119873047,-22.286630630493164,1.5800000429153442
12.600107908248901,0.19220153235095355,0.9688962899691753,0.006085452011146356,0.010255507940761886,0.24717963329260106,0.9789687426617427,-0.007067192639079599,-0.06701364464326354,0.1925601908783717,0.016865447130592025,0.01686544713059203,0.4997154757390302,-0.03998745655094508,-0.1288429878500472,0.39101509738250123,-0.2501479973106447,-0.954441280856338,-0.19398316189002865,1.1152793220979451,2.2600096179837657,-0.3389795713714324,0.0,0.0,0.0,3.252847003736099,1.0,31.280595779418945,-22.22308349609375,1.5800000429153442
12.620078325271606,0.39052367355637835,0.9688715210650624,0.009687705612186293,0.016318090820314143,0.24683566180968283,0.9479070047019992,-0.051261299197370956,-0.16660366527633494,0.2666229704244791,0.026840947245537303,0.0268409472455373,0.49927904377308113,-0.19552797144858722,-0.29267518966260314,0.5772913322889078,-0.5090315807835369,-1.0185578350329234,-0.21727784941940737,1.7686432609373735,0.2317981252764434,1.3404839844608236,0.0,0.0,0.0,3.449437527497425,1.0,31.24720001220703,-22.159536361694336,1.5700000524520874
12.640084266662598,0.3999154830572785,0.9688353246526658,0.01329641322033354,0.02238040447018123,0.246333993992687,0.9472576074265908,-0.13074242184380738,-0.1120181237389195,0.27029869451567606,0.036823457047271,0.036823457047271,0.4986421893613574,-0.31665026690216413,-0.1420179422609517,0.578635201314711,-0.15570995402623736,-0.9496585453893328,-0.1612614666790116,-1.4895549710184808,0.4880855862873168,1.2444419206723318,0.0,0.0,0.0,3.4479444877265486,1.0,31.191539764404297,-22.086912155151367,1.5700000524520874
12.660083770751953,0.19152467814199758,0.9687877076688387,0.01690401230294955,0.02842561381251576,0.2456758358430884,0.947698080018558,-0.020462897332183476,-0.017237213123579922,0.3180448041481638,0.046788024678297666,0.04678802467829766,0.49780606740647804,-0.04977987853798905,-0.019656376973818838,0.6480626262766577,-0.2636482881488469,-0.9142900428966989,-0.09037923674802309,0.603218794929581,2.576328721384243,1.873150370303597,0.0,0.0,0.0,3.2631679579838053,1.0,31.12474822998047,-22.023365020751953,1.559999942779541
12.680107831954956,0.20157953112047558,0.9687285233546955,0.020516090296562487,0.03445897947141672,0.24486060690066672,0.947698080018558,-0.020462897332183476,-0.017237213123579922,0.3180448041481638,0.0567460778921741,0.05674607789217409,0.4967694461657795,-0.04977987853798905,-0.019656376973818838,0.6480626262766577,-0.2636482881488469,-0.9142900428966989,-0.09037923674802309,0.572876395478263,2.4393505299792553,1.889449682778778,0.0,0.0,0.0,3.2631679579838053,1.0,31.12474822998047,-22.023365020751953,1.559999942779541
12.700093746185303,0.2122733201190698,0.9686578989508473,0.02412131993373872,0.040457574686409516,0.2438918231004838,0.947698080018558,-0.020462897332183476,-0.017237213123579922,0.3180448041481638,0.06666247563020296,0.06666247563020296,0.49553618873181476,-0.04977987853798905,-0.019656376973818838,0.6480626262766577,-0.2636482881488469,-0.9142900428966989,-0.09037923674802309,0.5423943731228479,2.303141725367636,1.9085748297608323,0.0,0.0,0.0,3.2631679579838053,1.0,31.12474822998047,-22.023365020751953,1.559999942779541
12.720091104507446,0.4312258258007336,0.9685756007795548,0.027728615283275748,0.046432306209721066,0.2427683472140528,0.9740855518685823,-0.04345860421222704,-0.1429936972887493,0.16976893089284031,0.07655790138875727,0.07655790138875725,0.49410412640955487,-0.1385524065369747,-0.26698073697536545,0.36373985884234095,-0.5029350405418146,-0.9849300778086428,5.267739317924014e-05,1.4816225488126509,-0.04002120409702714,-1.4800152943889642,0.0,0.0,0.0,3.4108652010456346,1.0,31.12474822998047,-22.023365020751953,1.559999942779541
12.740107774734497,0.3810051456773354,0.9684814769415133,0.031339346129606725,0.05238146449889124,0.2414904892170809,0.9467708845852754,0.030743714325138862,-0.12939048284833185,0.29315152921208665,0.086432223700328,0.08643222370032803,0.4924728121492763,-0.018292646919808447,-0.2661629214259319,0.6029906155171996,-0.29181464238070765,-0.9742076967703359,0.08658041085352289,2.101374865965293,0.36346290627557254,0.6458833160989307,0.0,0.0,0.0,3.3795757753934956,1.0,31.069089889526367,-21.959819793701172,1.559999942779541
12.76013970375061,0.42143899643843136,0.9683754131776319,0.034952711144846584,0.05829979521055919,0.24005936977148498,0.9519461286717881,-0.03005999229886606,-0.13856457647305417,0.2714679043950329,0.09627940324581272,0.09627940324581273,0.4906427177800871,-0.13714539535950307,-0.2500902246774461,0.5728614816565288,-0.3370982752293356,-0.9419837060854767,0.004100218376384759,1.0825489531132102,-0.35977548367699574,0.6089699296211739,0.0,0.0,0.0,3.397852770463304,1.0,31.013429641723633,-21.896272659301758,1.559999942779541
12.780155658721924,0.1172648376575303,0.9682574638065704,0.038562983575280624,0.06417414924824995,0.23847863352699783,0.9801781155771444,0.019943006129852885,0.03243744962853594,0.19442466436061784,0.10608014407615869,0.10608014407615872,0.48861744036902877,0.05181264456499237,0.05586318275006228,0.3930773852204824,-0.3087225601135838,-1.0752424523880912,0.05184140306692542,0.9599456550508236,3.616251644405634,-1.1179125285724285,0.0,0.0,0.0,3.283194384264542,1.0,30.95777130126953,-21.82364845275879,1.5499999523162842
12.800090789794922,0.22051316658629774,0.9681279792977195,0.04215835065463574,0.0699819330584805,0.2367560310032103,0.9823483855290746,0.040097869471074105,-0.02405324892596788,0.1811222005398759,0.11579907370820346,0.11579907370820341,0.48640577147924774,0.07025889890919151,-0.06182194177199887,0.36248478769522285,-0.1266504889395336,-0.972734159670262,0.14528459338062533,0.822116257859241,2.087423377711299,-1.802090504029808,0.0,0.0,0.0,3.287345926163812,1.0,30.913244247436523,-21.760101318359375,1.5499999523162842
12.82122802734375,0.3555541747574177,0.9679774551819821,0.04597000387760451,0.0760890119554859,0.2347698176140724,0.9676494231392738,-0.06364948367217733,-0.06356808902381028,0.23571685384027252,0.12605371492468556,0.12605371492468556,0.48384962638580814,-0.15442885221860517,-0.0931513941031772,0.48509942275186785,-0.2863647554626195,-1.0436701884105173,0.19670450102504128,-0.3192366138766909,0.9559037950817926,-0.7285275488158274,0.0,0.0,0.0,3.337192953656123,1.0,30.846452713012695,-21.687477111816406,1.5399999618530273
12.840102195739746,0.20559335208401308,0.9678314145983394,0.04937294455303376,0.0814943989026028,0.23285903076806708,0.965359031709664,-0.018255874660024974,0.009143538300942907,0.2601250826896877,0.13516298039950184,0.13516298039950184,0.4813844292553758,-0.030505995660523824,0.027154553406989624,0.5260015831971171,-0.5229281341884779,-0.9531031028251121,0.20268924879030925,1.1664796336223944,2.0740896719046473,-0.23267993063385006,0.0,0.0,0.0,3.2859224425018483,1.0,30.846452713012695,-21.687477111816406,1.5399999618530273
12.860134363174438,0.2780229903408095,0.9676642787818928,0.052983830167755014,0.08717845772399604,0.23069129549928702,0.9674341018457391,-0.03349724304040445,-0.019764075363648964,0.25011712180424595,0.144778390235819,0.14477839023581904,0.47858041928261635,-0.07478635745708334,-0.021486066100488303,0.5067974999741085,-0.12749619534313203,-0.9393404250918899,0.08153070450192158,-0.6361797106138568,1.2684799368188306,0.08835397380238924,0.0,0.0,0.0,3.2902758210087786,1.0,30.79079246520996,-21.614852905273438,1.5399999618530273
12.880088567733765,0.2829965972132267,0.9674852379298814,0.056579568795203775,0.09278261730078115,0.22839100838151818,0.9664794895058292,-0.07470273565278694,0.042115364034591124,0.24199833421487796,0.15429862582930112,0.15429862582930118,0.4755963982908084,-0.12520649724996888,0.11783565305969826,0.4832992931746258,-0.3261001667996103,-0.9738956507614154,0.05474069606473088,-0.9780457002421099,2.301980640365719,0.23520872050805736,0.0,0.0,0.0,3.3399292878487525,1.0,30.73513412475586,-21.551305770874023,1.5299999713897705
12.900101661682129,0.15262768409286723,0.9672929472349311,0.060184546243763126,0.0983418351783534,0.22594481201556044,0.9670920637501467,0.0375118091179353,0.02954673875633068,0.2499055714405882,0.1637852467530714,0.16378524675307143,0.4724133708374854,0.08749859307492516,0.038409456396228295,0.5074366525169988,-0.23348079214112177,-0.9273932475379156,0.11501302854576953,0.8535461995213933,2.2477707684667916,-0.03381733220420169,0.0,0.0,0.0,3.304383255148587,1.0,30.679473876953125,-21.478681564331055,1.5299999713897705
12.920068740844727,0.32238130031839113,0.9670882696907931,0.0637795516618666,0.1038234347974273,0.22336772775659333,0.9770688698948756,-0.008163256612952068,-0.039173471474291593,0.20912968191166645,0.17318468694494538,0.17318468694494538,0.46904910639269026,-0.032429314123815965,-0.07320135713990056,0.4229001716730705,-0.22042897730698877,-1.0014173752975584,0.07307367004034851,0.08673684979174079,0.9159003755057369,-0.6452890844846176,0.0,0.0,0.0,3.299347888880114,1.0,30.634946823120117,-21.415136337280273,1.5299999713897705
12.940113067626953,0.340918144055661,0.966869781791368,0.06738641977564999,0.10925768149429343,0.2206459936709112,0.9824250508980972,-0.08253345068903124,0.0685491022189749,0.15274249398973788,0.1825510414796094,0.1825510414796094,0.46548374542481064,-0.14355856267785852,0.1605908081142888,0.2969084827975237,-0.39509056753534433,-1.0703088539681345,-0.06758277904605581,-1.308397736888733,2.889977958781988,-0.8386560374777772,0.0,0.0,0.0,3.3775287182861087,1.0,30.579286575317383,-21.35158920288086,1.5199999809265137
12.960167407989502,0.347848632069312,0.9666380066002502,0.07099264222744123,0.11462254646895192,0.21779045155018587,0.9824250508980972,-0.08253345068903124,0.0685491022189749,0.15274249398973788,0.19184867759316665,0.19184867759316657,0.4617294499008627,-0.14355856267785852,0.1605908081142888,0.2969084827975237,-0.39509056753534433,-1.0703088539681345,-0.06758277904605581,-1.3585682641801755,2.777945730913686,-0.7694572710203678,0.0,0.0,0.0,3.3775287182861087,1.0,30.579286575317383,-21.35158920288086,1.5199999809265137
12.980127334594727,0.3550388898384156,0.9663941176691626,0.07457901998913599,0.11988730189836777,0.21481949156310365,0.9824250508980972,-0.08253345068903124,0.0685491022189749,0.15274249398973788,0.20102593673053423,0.20102593673053426,0.4578084454896078,-0.14355856267785852,0.1605908081142888,0.2969084827975237,-0.39509056753534433,-1.0703088539681345,-0.06758277904605581,-1.4084764610927203,2.6681150370717908,-0.6982201765935602,0.0,0.0,0.0,3.3775287182861087,1.0,30.579286575317383,-21.35158920288086,1.5199999809265137
13.000097036361694,0.13265458388512774,0.9661368191329333,0.07816381360143408,0.12507675449084882,0.21172120924700466,0.9752564268157279,0.024017860418443265,0.08956572501593041,0.20068887671694635,0.21012754509122386,0.2101275450912239,0.45370300284870907,0.08404720915315306,0.16581769265310042,0.41288360068316105,-0.26944491679352256,-0.9796142394280842,0.09434411366536136,0.14004621642490256,2.997443327862472,-0.5492331430693952,0.0,0.0,0.0,3.3548468091805796,1.0,30.52362823486328,-21.288042068481445,1.5199999809265137
13.020140647888184,0.3323538355834039,0.9658651050599077,0.08175798916324017,0.13020400197987458,0.2084877643988291,0.9562249769114938,-0.06409946735588821,0.08474970308099973,0.27265828365004274,0.21917857536223162,0.2191785753622316,0.4494004362505477,-0.07797768204942127,0.19833175838146996,0.5477757707652108,-0.13269861424711574,-1.0021845020692437,-0.04162685736183412,-1.9143764729425654,2.442668296977443,1.751805160749388,0.0,0.0,0.0,3.384530259557272,1.0,30.467967987060547,-21.215417861938477,1.5099999904632568
13.040092706680298,0.40762129118332907,0.9655811540733445,0.0853313127295452,0.13522385514862162,0.2051489969875191,0.9502603764221412,0.0258769874698423,-0.028567715327280762,0.3090622658341126,0.22810082003137916,0.22810082003137913,0.4449382158244136,0.031604762670652826,-0.07034674264831232,0.6277849164547145,-0.4278722570706427,-0.9493885555944347,0.09379101630527338,1.5425409339380147,0.25462682509708756,1.5756925261544115,0.0,0.0,0.0,3.315645217470065,1.0,30.412307739257812,-21.151872634887695,1.5099999904632568
13.060091733932495,0.2604992108852426,0.9652829729289922,0.08890799134014091,0.14016856614079104,0.2016852109483056,0.9854205947068113,0.00044088984632491724,0.05642246813948328,0.16050720305602115,0.2369529441765949,0.2369529441765949,0.4402877493708445,0.019100661703294042,0.11128776589795082,0.3239919273949833,-0.04297894300930252,-0.9357343590474373,0.14126412128200444,-1.3494381303687781,1.786081514636519,-1.3421621043813243,0.0,0.0,0.0,3.3251082750844763,1.0,30.367780685424805,-21.079248428344727,1.5099999904632568
13.08009147644043,0.3359651256982577,0.9649711529104745,0.09247907070736647,0.14502360328913658,0.19810716801965184,0.9603181503225485,-0.009179191411110144,0.03693989452818223,0.276297370234253,0.24571061098850205,0.245710610988502,0.43546101507213825,0.002790983196594894,0.07609388816186342,0.560401943996037,-0.4589191361307052,-0.9575304735272714,0.33148301715033535,0.5373684900178199,1.2102608239930537,0.29647691688912414,0.0,0.0,0.0,3.322872655809575,1.0,30.312122344970703,-21.0247802734375,1.5
13.100104331970215,0.3499064310538847,0.9646454558799196,0.09604604485331512,0.1497891928677837,0.1944157900435946,0.9603181503225485,-0.009179191411110144,0.03693989452818223,0.276297370234253,0.25437564397358253,0.25437564397358253,0.43045677106188635,0.002790983196594894,0.07609388816186342,0.560401943996037,-0.4589191361307052,-0.9575304735272714,0.33148301715033535,0.4979812620697177,1.0994573221025363,0.36908523578389474,0.0,0.0,0.0,3.322872655809575,1.0,30.312122344970703,-21.0247802734375,1.5
13.120099544525146,0.3638189088202548,0.9643063774498217,0.09960267245782073,0.15445545728763999,0.19062011898781378,0.9603181503225485,-0.009179191411110144,0.03693989452818223,0.276297370234253,0.2629312960065075,0.2629312960065076,0.42528476763262785,0.002790983196594894,0.07609388816186342,0.560401943996037,-0.4589191361307052,-0.9575304735272714,0.33148301715033535,0.4583233960648474,0.9906279300843419,0.44359682202093964,0.0,0.0,0.0,3.322872655809575,1.0,30.312122344970703,-21.0247802734375,1.5
13.140092134475708,0.37770623198078423,0.9639536970719964,0.10315082590990884,0.15902356705676993,0.1867208668999652,0.9603181503225485,-0.009179191411110144,0.03693989452818223,0.276297370234253,0.27138072802352603,0.2713807280235261,0.41994344911835574,0.002790983196594894,0.07609388816186342,0.560401943996037,-0.4589191361307052,-0.9575304735272714,0.33148301715033535,0.418364912815669,0.8837395263514365,0.5199983792202492,0.0,0.0,0.0,3.322872655809575,1.0,30.312122344970703,-21.0247802734375,1.5
13.16011357307434,0.2672296583580895,0.9635868709461418,0.10669521311749448,0.16349814196369045,0.1827151641557338,0.9780560838402282,-0.02014793285813389,0.144906627146519,0.14833215117997925,0.2797336475376069,0.27973364753760693,0.41442621349922587,0.0037369610363771353,0.29363212101112,0.30157899928128185,-0.1849261590423532,-0.951991493670252,0.3331114283796406,-1.780151222629057,3.012208127589324,-1.672841142396681,0.0,0.0,0.0,3.4571082466362006,1.0,30.245330810546875,-20.943077087402344,1.5
13.180105447769165,0.2936374101090455,0.9632070347013698,0.11022458390847012,0.16786386461919595,0.17861823075796923,0.9776126535431529,0.029031986586956264,0.04893760069048074,0.20257283782824673,0.2879623531655933,0.2879623531655933,0.4087513708348072,0.07693795811120524,0.08402067358300411,0.41187614432900654,-0.14205196482855884,-0.8904391907147634,0.3822531568923507,-0.5223845902194405,0.8795235316764867,-1.1085957255567331,0.0,0.0,0.0,3.3297190656841607,1.0,30.18967056274414,-20.888608932495117,1.5
13.20009994506836,0.2648503317485896,0.9628136970068263,0.11374368123992502,0.17212581182083336,0.17442724769673115,0.973898458180439,0.10529984095502819,0.04240750614688615,0.19655874458037087,0.2960770279386048,0.2960770279386048,0.40291238939382673,0.22382657054087146,0.04121767038517244,0.40293563880759764,-0.5439045182732638,-0.9958508592088395,0.49972245646646507,2.5165209186792112,1.3675496624548926,-1.877414041779739,0.0,0.0,0.0,3.4065764009114834,1.0,30.145143508911133,-20.81598472595215,1.4900000095367432
13.22008752822876,0.317941730829565,0.9624071722259088,0.11724982257045782,0.17627993744086415,0.17014786984024066,0.975739772976531,0.08048706764779913,0.025693140218453717,0.20197423082878938,0.30407059668945047,0.30407059668945063,0.3969144394311216,0.16826650625866632,0.017627923394747586,0.40971333101395624,-0.01414460237775117,-1.0246533363713097,0.6226828221556469,-0.057653838154478054,0.95335687880244,-2.14701798169818,0.0,0.0,0.0,3.3664256621691084,1.0,30.100616455078125,-20.761516571044922,1.4900000095367432
13.240114212036133,0.2518668498787878,0.961986646404397,0.12074999098728935,0.18033360495945666,0.16577370943101308,0.9466817736793739,0.07684858728249908,0.144983187299519,0.27725040922680644,0.3119579708719904,0.3119579708719904,0.39074572858756934,0.23436541801763605,0.2340235646344369,0.5974715469780015,-0.5475083797067543,-0.9024120870366866,0.5805066048855991,1.901606801422485,2.569945230172038,-0.05353486170614685,0.0,0.0,0.0,3.5183002581347225,1.0,30.033824920654297,-20.68889045715332,1.4800000190734863
13.260064601898193,0.2643513655245366,0.9615547651734274,0.12422295084073331,0.18426193766307858,0.16133390959542082,0.9466817736793739,0.07684858728249908,0.144983187299519,0.27725040922680644,0.3196909029842436,0.3196909029842436,0.38444469894787087,0.23436541801763605,0.2340235646344369,0.5974715469780015,-0.5475083797067543,-0.9024120870366866,0.5805066048855991,1.8698438199093814,2.4682338626791136,0.03216458440150838,0.0,0.0,0.0,3.5183002581347225,1.0,30.033824920654297,-20.68889045715332,1.4800000190734863
13.28009843826294,0.27706966657482335,0.9611082842433141,0.127695344734444,0.18809461125313148,0.15679662658857715,0.9466817736793739,0.07684858728249908,0.144983187299519,0.27725040922680644,0.3273281374241595,0.3273281374241594,0.3779633453794568,0.23436541801763605,0.2340235646344369,0.5974715469780015,-0.5475083797067543,-0.9024120870366866,0.5805066048855991,1.8378213525963383,2.3681446451253843,0.11977417014905312,0.0,0.0,0.0,3.5183002581347225,1.0,30.033824920654297,-20.68889045715332,1.4800000190734863
13.300082921981812,0.3657332876523096,0.9606503858072114,0.13114291377259452,0.1918043310579421,0.15219550257187317,0.9512823231305958,-0.01493615429632745,0.1672575267864845,0.2585803022802806,0.3348156750639607,0.33481567506396076,0.3713468240492496,0.061475828367993236,0.3320086568800028,0.5411233493324008,-0.6209332824689024,-0.9230011040052027,0.5231798081598806,0.18450553972521,2.53263938014946,0.4757574551136674,0.0,0.0,0.0,3.527788289667274,1.0,30.033824920654297,-20.68889045715332,1.4800000190734863
13.320101737976074,0.34873311589390954,0.9601794585740271,0.1345788598361882,0.19540526531703703,0.14751515211685132,0.9617416484658863,-0.003713306345203149,0.13817286560615197,0.23653217999310444,0.3421820153351475,0.34218201533514747,0.3645702516404444,0.060461511013469284,0.2708285028343053,0.4905507523965792,-0.04636144075504295,-0.9464431593994231,0.4642233471278241,-1.9577240946661238,2.032999942677824,0.23435903700309257,0.0,0.0,0.0,3.4565823044412087,1.0,29.98929786682129,-20.634422302246094,1.4800000190734863
13.340188026428223,0.3284388752361768,0.9596949608524631,0.13800742824943274,0.19890110467897204,0.14275112055550174,0.9722234167686786,0.07328815185274364,0.0657810977870755,0.2123283350346171,0.3494353602848282,0.3494353602848282,0.357624005042464,0.1720914100260325,0.09693729080512335,0.43840517979369387,-0.0613466874853541,-0.9934095121584983,0.5217991204351206,-0.3745686187845325,0.991889144901076,-0.8974837462501659,0.0,0.0,0.0,3.3900461135675886,1.0,29.933637619018555,-20.561798095703125,1.4800000190734863
13.360106706619263,0.2710166642998167,0.9592030175362118,0.14138729542440961,0.20225054769005255,0.1379634727058941,0.9439367181001029,0.16127739729584334,0.1365074097957956,0.25365094207341,0.35648896982477785,0.3564889698247778,0.3505932320984942,0.3894077864771447,0.17681221332812044,0.5599847829404262,-0.6059114501759948,-0.8342942846641203,0.4277951320680519,3.497748044174438,1.8654565444559315,0.2839381304744226,0.0,0.0,0.0,3.6618827310215285,1.0,29.90024185180664,-20.5073299407959,1.4700000286102295
13.380089521408081,0.09077444052563709,0.9586983980740497,0.14475655748964752,0.20549232542103638,0.13310080686101117,0.9510042910403221,0.15473684011919822,0.2433514293480897,0.11147838609820974,0.36342317025221216,0.36342317025221216,0.34340005725659345,0.3960208752830838,0.4426735964296047,0.3236143846980225,-0.15705067599629519,-0.9536247551243188,0.5395582868702916,0.6521933962437799,4.0,-2.4837492719871506,0.0,1.0,0.0,3.9955956525550813,1.0,29.844581604003906,-20.443782806396484,1.4700000286102295
13.400152206420898,0.25700988045761985,0.9581810304113946,0.1481161977326284,0.2086266603589061,0.1281624809235398,0.9455350231964565,0.18985873484902757,0.13755582021033816,0.2258220029949788,0.37023909673969274,0.3702390967396928,0.33604019290164744,0.4419640682502513,0.17527520404877375,0.5083482691649188,-0.3641387197955023,-0.9629895797949568,0.5961531223647186,2.883614496544514,2.3604469880126717,-0.8653945610515179,0.0,0.0,0.0,3.7407015999867506,1.0,29.788923263549805,-20.38023567199707,1.4700000286102295
13.420138597488403,0.2658488721444381,0.9576554223188103,0.15143858313857966,0.21162818921726317,0.12319073491534478,0.9455350231964565,0.18985873484902757,0.13755582021033816,0.2258220029949788,0.3768809356978338,0.37688093569783376,0.3285738277884062,0.4419640682502513,0.17527520404877375,0.5083482691649188,-0.3641387197955023,-0.9629895797949568,0.5961531223647186,2.846024112734674,2.268356023108754,-0.7760062993947625,0.0,0.0,0.0,3.7407015999867506,1.0,29.788923263549805,-20.38023567199707,1.4700000286102295
13.440107345581055,0.27500556464985393,0.9571206244727285,0.1547321236017923,0.21450575036946248,0.11817513779576347,0.9455350231964565,0.18985873484902757,0.13755582021033816,0.2258220029949788,0.38336656934615426,0.38336656934615415,0.32098298009047194,0.4419640682502513,0.17527520404877375,0.5083482691649188,-0.3641387197955023,-0.9629895797949568,0.5961531223647186,2.8085050586950637,2.178547858405907,-0.6854389162344887,0.0,0.0,0.0,3.7407015999867506,1.0,29.788923263549805,-20.38023567199707,1.4700000286102295
13.460089921951294,0.21622930486301017,0.9565763569136322,0.15800046617184876,0.21726320161301282,0.11311157017823174,0.9692209450890821,0.05253413866455754,0.22151462566196953,0.09371336347200986,0.3897036721756692,0.38970367217566915,0.31325875549264165,0.1585870317131268,0.4329461380859534,0.22772550546422154,-0.6148862050523547,-0.906534566363076,0.6304181747029225,0.30794786191996826,3.475239701763691,-2.4496814221366408,0.0,0.0,0.0,3.7144985122539302,1.0,29.788923263549805,-20.38023567199707,1.4700000286102295
13.480093955993652,0.31046572009306095,0.9560229883520883,0.1612431926157896,0.21990066607370953,0.10800173904965255,0.9608062869429171,0.021703512679408857,0.21373449325050745,0.17520788482054234,0.39589172348269935,0.3958917234826994,0.30540095493940084,0.12775968366039683,0.4149122600830382,0.3876727274678015,-0.30444230258352123,-0.917072584280551,0.6258343379701913,-1.156826440366725,3.011212034675259,-0.6348447335048171,0.0,0.0,0.0,3.6767573323333913,1.0,29.75552749633789,-20.33484649658203,1.4600000381469727
13.50035548210144,0.26679096569539595,0.9554544661012478,0.16449628168684508,0.2224461690319033,0.1027883184092995,0.9393911359683618,0.08671633522931792,0.26329760444944267,0.20173978873700713,0.40199792970431353,0.40199792970431353,0.29731744737476445,0.30791982165320975,0.47764677605067557,0.4986169908878843,-0.13465051174033132,-0.7852663394374565,0.6015887470280318,-0.5386082329245665,3.5077232343018516,-0.0020248423312243524,0.0,0.0,0.0,3.9418500749266308,1.0,29.699867248535156,-20.280376434326172,1.4600000381469727
13.520098447799683,0.3076858815342301,0.954893390015338,0.1676340898375849,0.22480424124265722,0.09767537432051909,0.9593125702908655,0.029487838151663583,0.2273291536647236,0.16483724026188706,0.4077891327667559,0.40778913276675605,0.2893233886109747,0.14592171460957856,0.4405511361329057,0.37306185128429725,-0.5935579361559395,-0.7928741459366468,0.6196026187618492,0.01814979850057119,2.7048059157499917,-0.5748124460979975,0.0,0.0,0.0,3.7231013394533004,1.0,29.65534019470215,-20.207752227783203,1.4600000381469727
13.540079116821289,0.07736229004902026,0.9543191302127062,0.17077580684886481,0.22706752937967276,0.09247139345005465,0.9432463587348981,0.20359998018907,0.24267181198842674,0.09971833565909448,0.4134882254600363,0.41348822546003644,0.2811182800991607,0.49596348705751014,0.43035482914782525,0.321217594468833,-0.3213905814251865,-0.8661602869796233,0.7163996447393176,1.9539281965306559,3.8487096862046926,-2.8025717749161356,0.0,0.0,0.0,4.172909896883907,1.0,29.633075714111328,-20.162363052368164,1.4500000476837158
13.560062885284424,0.2857596634492192,0.9537390617717312,0.17388220683764474,0.2292070396880608,0.08724054764548538,0.9708057948782011,0.13303090804851983,0.11614733287363402,0.16232277474535697,0.41902309345428096,0.4190230934542809,0.2727996465393695,0.30579053383560023,0.18335068786049985,0.35967469532871704,-0.06000831507942275,-0.7637870612359177,0.7402797933482602,-0.05709303667194637,0.4879357030504283,-1.7646336608971613,0.0,0.0,0.0,3.5542481676772564,1.0,29.577417373657227,-20.107894897460938,1.4500000476837158
13.580122232437134,0.29653227832306983,0.9531518403682148,0.17696257065457266,0.23122970829634354,0.08196730928363236,0.9708057948782011,0.13303090804851983,0.11614733287363402,0.16232277474535697,0.42441060940787345,0.4244106094078735,0.2643399981501806,0.30579053383560023,0.18335068786049985,0.35967469532871704,-0.06000831507942275,-0.7637870612359177,0.7402797933482602,-0.09964815443432873,0.4232689131407015,-1.662380269860605,0.0,0.0,0.0,3.5542481676772564,1.0,29.577417373657227,-20.107894897460938,1.4500000476837158
13.600105047225952,0.30724087787751997,0.9525627446962246,0.1799917456208475,0.23312021527094975,0.07669520296068945,0.9708057948782011,0.13303090804851983,0.11614733287363402,0.16232277474535697,0.4296077816004611,0.4296077816004611,0.2558068685323569,0.30579053383560023,0.18335068786049985,0.35967469532871704,-0.06000831507942275,-0.7637870612359177,0.7402797933482602,-0.14164605678037517,0.36133302925072597,-1.5599222206786938,0.0,0.0,0.0,3.5542481676772564,1.0,29.577417373657227,-20.107894897460938,1.4500000476837158
13.62009334564209,0.3179173767555161,0.9519702368440985,0.18298055264631394,0.23488708878222156,0.07140616947892695,0.9708057948782011,0.13303090804851983,0.11614733287363402,0.16232277474535697,0.4346347669682933,0.4346347669682933,0.24716921196301406,0.30579053383560023,0.18335068786049985,0.35967469532871704,-0.06000831507942275,-0.7637870612359177,0.7402797933482602,-0.18323129866697352,0.3018757167183139,-1.4569114204455964,0.0,0.0,0.0,3.5542481676772564,1.0,29.577417373657227,-20.107894897460938,1.4500000476837158
13.640096187591553,0.10725988590404384,0.9513749339618989,0.18592843592478492,0.2365311431244389,0.0661012108497422,0.9638214340446326,0.18193558746317778,0.19004527000636887,0.04278411666474772,0.4394915751969249,0.43949157519692494,0.2384264149185776,0.40266057671873634,0.35839482568245107,0.16262813582381574,-0.566145641785664,-0.7659699435899834,0.6573340244097986,2.0934765536225206,2.201917761834787,-3.24342890438393,0.0,0.0,0.0,3.8591995996941484,1.0,29.53289031982422,-20.05342674255371,1.4500000476837158
13.660156965255737,0.2664977289595256,0.950776458717455,0.18883967169499152,0.23805556370635464,0.06077213614209506,0.9295525856068266,0.1299190911539786,0.3082725517359957,0.15498727106303015,0.444185843306918,0.44418584330691807,0.2295624895441807,0.4097167654203825,0.5619525405526354,0.45021481782203804,-0.08695141733154116,-0.703283184734606,0.6411301515453041,-0.3292181503699432,3.821949451111073,-0.20145105767360372,0.0,0.0,0.0,4.270947652128775,1.0,29.499494552612305,-19.99895668029785,1.4500000476837158
13.680125713348389,0.1402197225570781,0.9501802393662856,0.19169071624960904,0.23944965418654346,0.05546210536469813,0.9267222340694687,0.22841861925691673,0.2862095253683539,0.08423148370103718,0.44868105737776975,0.4486810573777697,0.22064747619305916,0.5724219983976315,0.514377944167081,0.3357827076714634,-0.39938546908397293,-0.8528092733930496,0.7381754552324514,2.471346402326136,4.0,-2.3765803273309354,0.0,1.0,0.0,4.538669743920552,1.0,29.46609878540039,-19.953567504882812,1.440000057220459
13.700084924697876,0.09940684137496189,0.9495847907605038,0.19449179539760642,0.24072058274710917,0.05015244481815428,0.9558611657933584,0.15337582552233403,0.2384044642179541,0.077256710481709,0.45299534699836475,0.4529953469983647,0.21164880249562276,0.37467645578763736,0.44678074313964344,0.24737430871824156,-0.5000904753236275,-0.7357709055501976,0.6961022117016065,1.327900111945206,2.7222070764710833,-2.0870085055294347,0.0,0.0,0.0,3.94783935819309,1.0,29.432703018188477,-19.899099349975586,1.440000057220459
13.720098972320557,0.29315923414212,0.9489891964402539,0.19724984387936437,0.2418725870723785,0.04482918415677992,0.9657895157521171,0.0563446006524311,0.2529203350238285,0.010353809542553855,0.4571402900671777,0.45714029006717793,0.20254074947352332,0.13101110674686703,0.5090739736153654,0.05557235017017604,-0.12039372592181927,-0.7793955451194754,0.8114018166750561,-2.4357315659367216,3.2556672188455265,-3.189799674509268,0.0,0.0,0.0,3.819915753426674,1.0,29.399307250976562,-19.853708267211914,1.440000057220459
13.740117311477661,0.2960881956929526,0.948395995103507,0.19995571591667244,0.2429028559254795,0.039508868967933305,0.9657895157521171,0.0563446006524311,0.2529203350238285,0.010353809542553855,0.4611029559433148,0.4611029559433147,0.1933495901736994,0.13101110674686703,0.5090739736153654,0.05557235017017604,-0.12039372592181927,-0.7793955451194754,0.8114018166750561,-2.461540434527649,3.226210365726747,-3.074630020282494,0.0,0.0,0.0,3.819915753426674,1.0,29.399307250976562,-19.853708267211914,1.440000057220459
13.760117769241333,0.2993912898320187,0.9478068894095328,0.20260449872451658,0.2438110939091116,0.03420040893403604,0.9657895157521171,0.0563446006524311,0.2529203350238285,0.010353809542553855,0.4648775567047076,0.46487755670470754,0.18408926441338572,0.13101110674686703,0.5090739736153654,0.05557235017017604,-0.12039372592181927,-0.7793955451194754,0.8114018166750561,-2.486327202068721,3.199156534021038,-2.9598397745614653,0.0,0.0,0.0,3.819915753426674,1.0,29.399307250976562,-19.853708267211914,1.440000057220459
13.780096769332886,0.303039407231784,0.9472230379636497,0.20519390271049853,0.24459829386800636,0.028907668155859094,0.9657895157521171,0.0563446006524311,0.2529203350238285,0.010353809542553855,0.46846245418019095,0.4684624541801909,0.17476535418518335,0.13101110674686703,0.5090739736153654,0.05557235017017604,-0.12039372592181927,-0.7793955451194754,0.8114018166750561,-2.510065678248914,3.1744972353890226,-2.8455160361051806,0.0,0.0,0.0,3.819915753426674,1.0,29.399307250976562,-19.853708267211914,1.440000057220459
13.800056457519531,0.30531075584482625,0.9466454403700426,0.20772239662702768,0.24526577911652858,0.02363289572808392,0.9573956698939049,0.2341433285874844,0.12533113295089135,0.11341313883153088,0.47185717246376774,0.47185717246376796,0.16538079935257932,0.5067214153125649,0.187978214400929,0.2846274901503177,-0.43638887949158245,-0.825715768298465,0.8432714626636061,2.6982078297815617,0.6189188033520328,-2.3062311283865307,0.0,0.0,0.0,3.8410067021019105,1.0,29.36591148376465,-19.808319091796875,1.440000057220459
13.82012391090393,0.3435641608728387,0.9460715563538938,0.21020368092985586,0.2458179602821473,0.01834538591540774,0.9577278393900243,0.13599234693792905,0.19370664866182122,0.1635273723137373,0.4750807153166726,0.4750807153166727,0.1558791645288065,0.34970830590200913,0.3326612762007115,0.3975265338630587,-0.41084127202605025,-0.6176317250463865,0.8455663700869274,0.9230634088919035,0.7896153618712678,-0.4937215194113538,0.0,0.0,0.0,3.7021321243618646,1.0,29.332515716552734,-19.77200698852539,1.440000057220459
13.840106964111328,0.2460430925861268,0.9455079992575297,0.21261187994363767,0.24625036284651552,0.013098497807576513,0.9683004744748285,0.09460227974264541,0.22891270475289097,0.03230438673047318,0.47810059761555745,0.4781005976155576,0.14635511114971964,0.22197009457378908,0.4524834701818792,0.11799236220149117,-0.037828946552514536,-0.6241729123744535,0.734367071896916,-2.078052565613118,1.9439976825431033,-2.0727785033766963,0.0,0.0,0.0,3.7411261163647236,1.0,29.310251235961914,-19.72661590576172,1.440000057220459
13.860101699829102,0.3101141130332346,0.9449531292195028,0.21495690208595192,0.24656679531677872,0.007869515302366709,0.9350035852067402,0.13947991316449085,0.297859116600048,0.13264085393424987,0.4809311677966635,0.4809311677966636,0.13676699836487438,0.409190438329542,0.5468476893171283,0.3980959521880127,-0.5327635682093852,-0.6308889382280235,0.8503985413591527,1.354600866824867,2.9937085317706273,-0.44925171086985394,0.0,0.0,0.0,4.178945216984094,1.0,29.287988662719727,-19.690303802490234,1.440000057220459
13.880090713500977,0.27445881974694275,0.9444085496013603,0.21723466459118645,0.2467680832906607,0.002665522249618968,0.9462642515187315,0.09669754895785701,0.3079284503246603,-0.020337644993728966,0.4835687457547229,0.4835687457547229,0.1271269764023522,0.21210337674099516,0.6269735021635275,0.02601195006567881,-0.30384175823798865,-0.6191366813734731,0.8357095928044728,-1.1862105098757443,3.716111455001414,-2.91680775958091,0.0,0.0,0.0,4.140282256577187,1.0,29.254592895507812,-19.65399169921875,1.4299999475479126
13.900100469589233,0.2767735286108127,0.9438746712430385,0.21944609062778844,0.24685558218017498,-0.002517903992094575,0.9462642515187315,0.09669754895785701,0.3079284503246603,-0.020337644993728966,0.4860155509004531,0.4860155509004531,0.11742608007989142,0.21210337674099516,0.6269735021635275,0.02601195006567881,-0.30384175823798865,-0.6191366813734731,0.8357095928044728,-1.197207974743241,3.702042598564412,-2.8050427826660123,0.0,0.0,0.0,4.140282256577187,1.0,29.254592895507812,-19.65399169921875,1.4299999475479126
13.920139074325562,0.2795104657197428,0.9433524430032371,0.22158979727685657,0.24683018735576767,-0.007680405753766224,0.9462642515187315,0.09669754895785701,0.3079284503246603,-0.020337644993728966,0.4882708727743381,0.48827087277433806,0.1076640831484025,0.21210337674099516,0.6269735021635275,0.02601195006567881,-0.30384175823798865,-0.6191366813734731,0.8357095928044728,-1.2069842451502053,3.6901949577617623,-2.693877269832137,0.0,0.0,0.0,4.140282256577187,1.0,29.254592895507812,-19.65399169921875,1.4299999475479126
13.940095663070679,0.1780292794045544,0.9428458172534547,0.22365219817626392,0.24669382321518968,-0.01279127538845113,0.9650892118284655,0.1418985571317707,0.22002876446813904,-0.007413197883297648,0.4903221105091344,0.4903221105091345,0.0978990701992015,0.30390833621148844,0.4409498132524022,0.05325113797118056,-0.09873259661383722,-0.5249279646675158,0.8518562392276527,-1.2264736976253063,1.4840032051730836,-3.0162321862319508,0.0,0.0,0.0,3.798443281190566,1.0,29.254592895507812,-19.65399169921875,1.4299999475479126
13.960108518600464,0.27302413050714763,0.9423523652254961,0.22564571715731604,0.24644715332198727,-0.01788381116994671,0.9271669664787914,0.26043675321659854,0.2444144626311066,0.11311801050787426,0.4921830324237408,0.49218303242374056,0.08806737531101393,0.6257245047675845,0.405312387225361,0.37555053812228906,-0.5257769084870708,-0.45541503803322625,0.76959561342713,3.47231981566111,1.254553973976178,-0.7954727745768939,0.0,0.0,0.0,4.398204913706367,1.0,29.232328414916992,-19.617679595947266,1.4299999475479126
13.98013162612915,0.1433654861622499,0.9418743939423723,0.22756339411491475,0.24609164598638258,-0.022944050869494706,0.9335643823024414,0.2882360153096171,0.21293515439243124,-0.006013617760270211,0.4938476362168916,0.4938476362168917,0.0781953464279603,0.6245010141425794,0.4126562643265246,0.12204489687907953,-0.5226021875165662,-0.4409971797870812,0.8863884850658987,3.3392634839042312,1.0754077489099412,-3.6799649979842903,0.0,0.0,0.0,4.402548501893859,1.0,29.2211971282959,-19.590444564819336,1.4299999475479126
14.00016474723816,0.1930562913838662,0.9414130215742696,0.2294030905957725,0.24562864422220218,-0.027969876171952582,0.9311649542810981,0.2637115809777095,0.24411309600922704,0.0616183928198979,0.4953149346652308,0.4953149346652308,0.068287008263492,0.6125249249052216,0.43578278030512246,0.2719485581581028,0.00684588791452409,-0.5082625820015103,0.8456133079352255,1.1048655135545187,1.624630968748359,-1.8768911034567919,0.0,0.0,0.0,4.403666269622798,1.0,29.198932647705078,-19.55413246154785,1.4299999475479126
14.020168542861938,0.2651581285622593,0.9409701993996422,0.23115932502574896,0.24506076147660047,-0.032949559632053746,0.9691029616739083,0.1669001906940912,0.17349261598518223,0.053703707690936485,0.4965817456364021,0.496581745636402,0.05836582819341831,0.369228617706621,0.32397586663962646,0.17173386482531292,-0.23972665769043178,-0.5402952396423937,0.7306504047294838,-0.0029314489733762716,0.3181583808458277,-1.2892245680035892,0.0,0.0,0.0,3.691741524033131,1.0,29.17667007446289,-19.517820358276367,1.4299999475479126
14.04008150100708,0.19152164878890207,0.9405481682822779,0.23282547260628284,0.24439227355048448,-0.03786633168578728,0.918716433629302,0.3228456494921339,0.22639997158702813,-0.02176818891987848,0.4976454546133021,0.49764545461330223,0.0484664987668787,0.7025337051435275,0.4445484683167497,0.11789177642420362,-0.5088413951950459,-0.36894287846314383,0.8907659213509385,3.8954506938479763,1.100893294623619,-3.800561903741557,0.0,0.0,0.0,4.727172221832041,1.0,29.165536880493164,-19.499664306640625,1.4299999475479126
14.06010389328003,0.18998019812955996,0.9401437330751538,0.23441622903971096,0.24361794497661862,-0.04276785717901573,0.918716433629302,0.3228456494921339,0.22639997158702813,-0.02176818891987848,0.4985160562742441,0.49851605627424384,0.0384933973140172,0.7025337051435275,0.4445484683167497,0.11789177642420362,-0.5088413951950459,-0.36894287846314383,0.8907659213509385,3.886141428621347,1.0823336140564666,-3.698120870438426,0.0,0.0,0.0,4.727172221832041,1.0,29.165536880493164,-19.499664306640625,1.4299999475479126
14.081595659255981,0.18907908642545376,0.9397329790591133,0.2360271810921783,0.24267470524825718,-0.04798005092781668,0.918716433629302,0.3228456494921339,0.22639997158702813,-0.02176818891987848,0.49922815681946875,0.4992281568194689,0.02777134203879686,0.7025337051435275,0.4445484683167497,0.11789177642420362,-0.5088413951950459,-0.36894287846314383,0.8907659213509385,3.8779005259364996,1.0648517855413737,-3.588786675139618,0.0,0.0,0.0,4.727172221832041,1.0,29.165536880493164,-19.499664306640625,1.4299999475479126
14.10006594657898,0.14660503422342952,0.9394001918602435,0.23733002171443915,0.24177292865609576,-0.052417471276433064,0.9608019006937134,0.17598974018570535,0.20786476217455926,-0.05176446289521048,0.49965591852164976,0.4996559185216496,0.018546241837271958,0.3559858631949018,0.4308615267354985,-0.02895680489187927,-0.17402818818465798,-0.33402903805177087,0.8901279490530442,-0.5903240643182619,0.6567687928176423,-3.3901467306305095,0.0,0.0,0.0,3.824565180856071,1.0,29.165536880493164,-19.499664306640625,1.4299999475479126
14.120093822479248,0.17525823982947292,0.9390613649389348,0.23865563855882874,0.2407015822631939,-0.057183803293394786,0.9303457106293681,0.30700340504504464,0.1880474919304274,-0.06959819525648701,0.49992712892481217,0.49992712892481234,0.008536144621209718,0.6343522975972719,0.4034917982074867,-0.015264691060798325,-0.18091564711389171,-0.40724976472944835,0.9166819289627847,1.928935828440523,0.6631356439627283,-4.0,0.0,0.0,1.0,4.39003121500652,1.0,29.15440559387207,-19.472429275512695,1.4299999475479126
14.140092372894287,0.3864491948702782,0.9387467777070587,0.23988708126651556,0.23953645149918443,-0.06189478159930002,0.9354224508508753,0.29993706713585044,0.15703316763993258,0.10179969775522452,0.4999978604638093,0.49999786046380923,-0.0014627137837524538,0.6558731634893599,0.23487117098638768,0.2970362273538731,-0.3991590142086838,-0.294063301140845,0.9121731690873228,3.4221053724706185,-1.2165141163684634,-1.2629671953462713,0.0,0.0,0.0,4.211488365929824,1.0,29.15440559387207,-19.4451961517334,1.4299999475479126
14.160109043121338,0.13953114451485296,0.9384565286638994,0.24102550966124855,0.23827667079948014,-0.06656031590486458,0.9497775081816042,0.21588767045234994,0.22650028983585332,-0.0035801401194230755,0.4998684207607679,0.4998684207607679,-0.011470044731205385,0.4699728686822756,0.44648255642660023,0.10105822599510125,0.03634281472428119,-0.3595592523301504,0.8570571875644655,-0.3873022029940774,0.8931211421736467,-2.1680479996705744,0.0,0.0,0.0,4.024824538359384,1.0,29.15440559387207,-19.427040100097656,1.4299999475479126
14.180127620697021,0.1822698199250629,0.9381917136077893,0.24206805002742265,0.2369249683118284,-0.07117532623065595,0.9480288565964115,0.1688497786275484,0.26822727201048074,-0.028020882708148655,0.49953866596379315,0.4995386659637933,-0.021473732957121298,0.3647465635591646,0.5445544389785311,0.04379802136222609,-0.21881602401629424,-0.32521119138457677,0.7851194277501363,-0.29717023776557516,1.7368831558477218,-1.8182411624300356,0.0,0.0,0.0,4.046093671216185,1.0,29.15440559387207,-19.41796112060547,1.4299999475479126
14.20037579536438,0.3260092254006231,0.9379505600623853,0.24302307198377623,0.23546628672023603,-0.07579024462560863,0.8852714756759629,0.2986245628021411,0.35653225334747557,0.0015928492410401036,0.49900149270339195,0.49900149270339195,-0.03158338613554098,0.7511879462387228,0.6819451644161397,0.2816229072145042,-0.4210035027458947,-0.2434157906798171,0.8203612000145978,3.531022238273327,3.032425398900308,-1.5830747584061773,0.0,0.0,0.0,5.687571555982872,1.0,29.15440559387207,-19.390727996826172,1.4299999475479126
14.220090866088867,0.3318752211648092,0.9377422748866923,0.24385511041445143,0.23395947920118113,-0.08023137233650593,0.8852714756759629,0.2986245628021411,0.35653225334747557,0.0015928492410401036,0.49828189053769056,0.4982818905376906,-0.04141446078587695,0.7511879462387228,0.6819451644161397,0.2816229072145042,-0.4210035027458947,-0.2434157906798171,0.8203612000145978,3.5466667621550174,3.0310677629028406,-1.4895169546347269,0.0,0.0,0.0,5.687571555982872,1.0,29.15440559387207,-19.390727996826172,1.4299999475479126
14.240111827850342,0.3381581206544363,0.937558212622131,0.24459957298858992,0.23234382457863217,-0.08468762612547437,0.8852714756759629,0.2986245628021411,0.35653225334747557,0.0015928492410401036,0.49735292654478297,0.49735292654478275,-0.05138157702270219,0.7511879462387228,0.6819451644161397,0.2816229072145042,-0.4210035027458947,-0.2434157906798171,0.8203612000145978,3.564110916470092,3.0317224861395218,-1.3956649494607936,0.0,0.0,0.0,5.687571555982872,1.0,29.15440559387207,-19.390727996826172,1.4299999475479126
14.260096073150635,0.1398052148851951,0.9374027033799737,0.24524003469767186,0.2306471699540027,-0.08908075027530567,0.9463874991707819,0.2640932503882977,0.1639631812353165,-0.08787224653900402,0.4962268622223711,0.4962268622223712,-0.06130987855916816,0.5284943871752158,0.3647955918439727,-0.08543845503185217,-0.37229410844038413,-0.30601546788273365,0.8266041118051461,1.6853384726526426,-0.10709615078639811,-3.6817923978436933,0.0,0.0,0.0,4.000314669072874,1.0,29.15440559387207,-19.390727996826172,1.4299999475479126
14.280088901519775,0.26887802165202684,0.9372759091222921,0.24577654315961084,0.22886779886565112,-0.09341997459796575,0.9204983297300311,0.30702963377549475,0.2404596195144134,0.024388528674192233,0.4949020150932754,0.4949020150932753,-0.07121794336131473,0.6922873449300196,0.4419571182716477,0.21466872177714752,0.09983688012744216,-0.2417290196980893,0.7650037874466811,1.3922537211157469,0.5674711396789618,-1.1063781787644964,0.0,0.0,0.0,4.6260947513278685,1.0,29.15440559387207,-19.37257194519043,1.4299999475479126
14.30008602142334,0.10566447229474316,0.9371784021773226,0.24620730543334277,0.22700798181877843,-0.09770353849364084,0.9359636627486247,0.2152752512144073,0.26651581529958174,-0.08122751026562286,0.493379007654579,0.49337900765457904,-0.08109965971434684,0.43937636383215434,0.5631717260428224,-0.044130896480947805,-0.22235443826836837,-0.1631371939448348,0.9065845750970385,0.46762714543952744,1.3778947045188294,-2.9849136224881905,0.0,0.0,0.0,4.201130693145665,1.0,29.15440559387207,-19.37257194519043,1.4299999475479126
14.320082664489746,0.18245469087249966,0.9371106726411288,0.2465306574584834,0.22507012082358197,-0.10192969571051061,0.9587215212463498,0.1626956690603052,0.2012360977391461,-0.11784395162597532,0.49165875539018516,0.49165875539018516,-0.09094871218535232,0.29643891554604546,0.43808286976914207,-0.1781543661571858,-0.17286328408640028,-0.054116648977585724,0.8747508418812555,-1.1065792097708746,-0.07814234168874767,-3.4933573326452856,0.0,0.0,0.0,3.7041276909469656,1.0,29.15440559387207,-19.354415893554688,1.4299999475479126
14.34008240699768,0.2965423003278577,0.9370731117994083,0.2467451533628033,0.22305584702488848,-0.10609854637340473,0.8880164847247687,0.3250175066238463,0.3219966909318965,-0.04591812576740579,0.4897415998812735,0.48974159988127336,-0.10076291652056647,0.7555649979985731,0.6456592678872166,0.1606456249702018,-0.036358564005008656,-0.18389247276077353,0.8830727090523731,2.332883796365207,2.345637130527691,-2.3694371395601763,0.0,0.0,0.0,5.489260509882412,1.0,29.15440559387207,-19.3453369140625,1.440000057220459
14.360090494155884,0.24267506228644725,0.9370660705645274,0.2468493235846427,0.2209665705025525,-0.11021055105071144,0.900171038152112,0.2876341444924907,0.3200822491887185,-0.06712715358566189,0.4876276368979583,0.48762763689795846,-0.11054088715635003,0.6461857859200152,0.6622257586578234,0.08032890921770734,-0.06298235513269737,-0.10486500121567127,0.8153152966740493,1.6073128167438155,2.137469669458676,-2.2260546996625488,0.0,0.0,0.0,5.061570843288584,1.0,29.165536880493164,-19.336259841918945,1.440000057220459
14.38014006614685,0.24922051174076246,0.9370899225937461,0.24684154387833596,0.21880057231187688,-0.11427177580225756,0.900171038152112,0.2876341444924907,0.3200822491887185,-0.06712715358566189,0.48531348160967946,0.48531348160967935,-0.12029474039994979,0.6461857859200152,0.6622257586578234,0.08032890921770734,-0.06298235513269737,-0.10486500121567127,0.8153152966740493,1.6364965561531943,2.1532443557497416,-2.1405602862106647,0.0,0.0,0.0,5.061570843288584,1.0,29.165536880493164,-19.336259841918945,1.440000057220459
14.400112628936768,0.25606150441682274,0.9371446482794734,0.2467208378125558,0.2165728588500808,-0.11825790967083602,0.900171038152112,0.2876341444924907,0.3200822491887185,-0.06712715358566189,0.4828142537359685,0.4828142537359685,-0.12996305778712597,0.6461857859200152,0.6622257586578234,0.08032890921770734,-0.06298235513269737,-0.10486500121567127,0.8153152966740493,1.66749311291834,2.1706081357587217,-2.0568271008124013,0.0,0.0,0.0,5.061570843288584,1.0,29.165536880493164,-19.336259841918945,1.440000057220459
14.420072317123413,0.0728649068884529,0.9372303497086446,0.2464863231750552,0.21427875708554223,-0.12218174304915363,0.9373532229715275,0.22787554960661455,0.24118806457145567,-0.10616019397424271,0.48012423307386626,0.48012423307386637,-0.13957335281217428,0.44927530841468666,0.5242217844622902,-0.10310049835634494,-0.23063864236525217,-0.19622756084005294,0.9393793765733514,0.707515275791987,1.2552841346888561,-3.2444862142569684,0.0,0.0,0.0,4.0868141242670735,1.0,29.165536880493164,-19.336259841918945,1.440000057220459
14.44008207321167,0.16509669821214476,0.9373474505659951,0.24613574350769088,0.21191285700090798,-0.12605512176448141,0.9150797127647364,0.2910021717936409,0.2650754745536962,-0.08764615272745623,0.47723547534910166,0.4772354753491016,-0.1491519395392407,0.6136771381695646,0.5658586443954532,-0.007263596070396905,-0.007868354373726953,-0.14705683028317512,0.8694216847569805,1.2790152767312102,1.3770513357910603,-2.742226054979219,0.0,0.0,0.0,4.607414910929675,1.0,29.17667007446289,-19.336259841918945,1.440000057220459
14.460089206695557,0.24884521607272989,0.9374957501995301,0.245668475001164,0.20948316938226136,-0.12986731880648644,0.937484634376052,0.15655970945237652,0.2925579864889982,-0.10498305685438361,0.4741560596553233,0.47415605965532337,-0.1586695657400553,0.2893118979251974,0.6204599810859346,-0.1297057872451898,0.07624878471062196,0.010127682614247985,0.863478839741326,-1.655691546455613,1.626362356398523,-2.205853428939897,0.0,0.0,0.0,4.072074575103585,1.0,29.198932647705078,-19.336259841918945,1.440000057220459
14.480092525482178,0.18829191881528867,0.9376751504751264,0.24508353210594785,0.20699188282398168,-0.13361786900300676,0.9227828964466834,0.3162443701535473,0.20737905637610538,-0.07385899639320606,0.47088749388671103,0.470887493886711,-0.16812188465840186,0.6590403783731872,0.44387998850113985,-0.005699027043818485,-0.12193685990443184,-0.029884649226762455,0.7027034054507504,2.1436860517065064,-0.294634530906543,-2.0226193692115166,0.0,0.0,0.0,4.4392859667054685,1.0,29.2211971282959,-19.336259841918945,1.440000057220459
14.500097513198853,0.17171422117776758,0.937885549616946,0.2443797731223767,0.20444033148186763,-0.1373075859956729,0.923360758050221,0.22659704581374726,0.2854604416454581,-0.12071050317592022,0.4674302206396282,0.46743022063962847,-0.1775077148542808,0.4442676511433587,0.6210276384887399,-0.11528271478836452,0.1567615420306469,0.027406329141952582,0.7551034108173478,-0.599262345139543,1.4372297990040626,-2.2802739856477827,0.0,0.0,0.0,4.307754626890381,1.0,29.232328414916992,-19.3453369140625,1.440000057220459
14.520113945007324,0.1215467932999725,0.9381268624985226,0.2435558080034413,0.2018292110655172,-0.14093802825050347,0.9572624956657687,0.20776066255601977,0.16742477718656723,-0.11159285581996838,0.46378375023050833,0.46378375023050816,-0.18682781651061986,0.39782663239077337,0.37568316243227484,-0.1555065455952796,0.07098435357074322,0.07066481903522143,0.9136271860068262,-1.027280657537202,-1.0474621425069124,-3.0730779595674544,0.0,0.0,0.0,3.6834098803320114,1.0,29.265724182128906,-19.3453369140625,1.440000057220459
14.540091276168823,0.12103121450187515,0.938398125881176,0.24261311328369378,0.19916722119961594,-0.1445000090142327,0.9572624956657687,0.20776066255601977,0.16742477718656723,-0.11159285581996838,0.45995913380004855,0.45995913380004844,-0.19605508214251757,0.39782663239077337,0.37568316243227484,-0.1555065455952796,0.07098435357074322,0.07066481903522143,0.9136271860068262,-0.9902369165933298,-1.0124941066180722,-2.997583842273462,0.0,0.0,0.0,3.6834098803320114,1.0,29.265724182128906,-19.3453369140625,1.440000057220459
14.560090780258179,0.3967721261499138,0.9386997703138429,0.24154817451041796,0.19644824361279326,-0.14800441947750126,0.9163082218769232,0.20371453040434864,0.3439941031549616,-0.023402769440827056,0.45594640656630975,0.45594640656630975,-0.20521421573387577,0.4835079538588716,0.694425670929231,0.12691801240766762,-0.04757211437216185,-0.06572456637535995,0.9006581896970087,0.5144768416027423,2.630944070511203,-0.46820719667536803,0.0,0.0,0.0,4.643177711843965,1.0,29.265724182128906,-19.3453369140625,1.440000057220459
14.580104351043701,0.21523022499377037,0.9390313194190585,0.240360395870284,0.1936751982663332,-0.15144959169201844,0.9141673012738234,0.3141978982457323,0.23876419064278326,-0.0925715252461339,0.4517483014778938,0.45174830147789385,-0.2142976250727906,0.656247545051551,0.5175038542159403,-0.02211003406622901,0.1714316855323422,0.005774788343755749,0.7815707797627562,1.1851529218746841,0.4133189406485789,-2.1650867556801634,0.0,0.0,0.0,4.560186639280084,1.0,29.29911994934082,-19.354415893554688,1.4500000476837158
14.600172281265259,0.17405412904531362,0.9393930818905873,0.23904613950932854,0.1908441954143348,-0.1548420936258802,0.9460252296709412,0.24706286615088616,0.19815634530515006,-0.06877694243464494,0.44735711893989943,0.4473571189398994,-0.22331952027038077,0.5033567322638904,0.4212552223810143,-0.035308815183773136,0.14340223857829518,0.06786418507463472,0.6690660771089493,-0.10355432724832642,-0.5956885955303062,-1.0343855339236316,0.0,0.0,0.0,3.9198217601782646,1.0,29.32138442993164,-19.37257194519043,1.4500000476837158
14.620091676712036,0.3095913786456832,0.9397806172741532,0.23761902968128623,0.18798613367651368,-0.1581480372135291,0.9141109095224188,0.21735093991198232,0.3274131752959448,-0.09980193712599421,0.4428202745104676,0.44282027451046774,-0.23218571119359246,0.44784447037892183,0.6970622567582013,-0.052366843481108975,0.1591420251107432,0.14769797892427242,0.7791937737396616,-0.2351596230236615,1.9131599898482778,-1.3625039303045892,0.0,0.0,0.0,4.524529813854482,1.0,29.36591148376465,-19.37257194519043,1.4500000476837158
14.640105247497559,0.16785018167093127,0.940197881171264,0.23606173487419882,0.18506829435993602,-0.16140795516935624,0.9650958501626288,0.1761542987199173,0.13865199759792712,-0.135407852813164,0.43808503822551836,0.43808503822551836,-0.24100103585450924,0.3243819646770732,0.32080467605529794,-0.2258550578709271,0.17563863695100093,0.16353278082900752,0.7031638942678735,-2.000203892688993,-1.5484595437505095,-2.240779039136128,0.0,0.0,0.0,3.4680702002265815,1.0,29.38817596435547,-19.390727996826172,1.4500000476837158
14.660077571868896,0.04243263794701312,0.9406414426364501,0.2343839474833456,0.18211212102088123,-0.16459956541321177,0.9406433661472177,0.23926342916241053,0.19129894495334285,-0.14610880482850278,0.43318463557436415,0.43318463557436415,-0.2497019653553124,0.4518240894097866,0.44427697126057103,-0.2044634717437335,0.2041582824452886,0.15751658957077544,0.70152784036785,-0.6272545157401828,-0.5599851782666482,-2.4329488890523985,0.0,0.0,0.0,3.8164001206918403,1.0,29.432703018188477,-19.399805068969727,1.4600000381469727
14.680112600326538,0.05144207844711176,0.941112862730169,0.23257646928989723,0.1791040271842093,-0.16773941988354818,0.9406433661472177,0.23926342916241053,0.19129894495334285,-0.14610880482850278,0.4280952465136571,0.428095246513657,-0.2583301374451142,0.4518240894097866,0.44427697126057103,-0.2044634717437335,0.2041582824452886,0.15751658957077544,0.70152784036785,-0.570191599678328,-0.5218974812160458,-2.367777632514482,0.0,0.0,0.0,3.8164001206918403,1.0,29.432703018188477,-19.399805068969727,1.4600000381469727
14.700083494186401,0.16344832614127555,0.9416082983132994,0.23065058407304959,0.1760649001931566,-0.17080770338092832,0.9222493967129491,0.22105672615415137,0.2516626875981709,-0.19301778611173492,0.422851138500391,0.422851138500391,-0.2668274998363613,0.38089340661407184,0.5817983272393429,-0.2973169899604862,0.2770093192594034,0.10201566692837584,0.7355604308260745,-1.0193621934394315,1.2190053407797392,-3.0441223687309122,0.0,0.0,0.0,3.985738777929539,1.0,29.46609878540039,-19.427040100097656,1.4600000381469727
14.720085859298706,0.1554428367637534,0.9421291354848692,0.22859729919622634,0.17298210549650045,-0.1738193258781131,0.9225560261059298,0.23870584220787547,0.24748472670255964,-0.1751034255530809,0.4174297259053837,0.4174297259053838,-0.2752315823639369,0.4338798366788182,0.5707145286766243,-0.24600273074594267,0.3010872612978122,0.19400443202013895,0.6579999243137986,-0.6698334060268326,0.6662496592275469,-2.4185891263982344,0.0,0.0,0.0,4.037502573665717,1.0,29.5106258392334,-19.4451961517334,1.4600000381469727
14.740111351013184,0.14190283970614315,0.9426742679247605,0.22641698123905843,0.1698585606159835,-0.17677286156131247,0.9331443876185681,0.28117107252065093,0.12652652487290322,-0.1848659469376145,0.4118347504025084,0.4118347504025084,-0.28353507430458064,0.5331655935905143,0.3470157335893697,-0.29550312933840134,0.28956563591342793,0.14077676942458728,0.7143354911258044,-0.2634947065193911,-1.504624852865738,-3.4258485125280016,0.0,0.0,0.0,3.797560742992011,1.0,29.566286087036133,-19.472429275512695,1.4600000381469727
14.760093450546265,0.11227479411490089,0.9432407988967546,0.2241171800535833,0.16670645376870616,-0.17965868521533845,0.9497714559953317,0.23682236347835853,0.16144945535974686,-0.12563209341992598,0.4060872845120367,0.4060872845120366,-0.29170724598069314,0.45541832538684085,0.3749060939309718,-0.1751734474177814,0.16954443021103227,0.09199042228955172,0.6273024574070012,-0.30652710052463517,-0.7767257294653602,-1.5324667267778258,0.0,0.0,0.0,3.6580265238795846,1.0,29.621944427490234,-19.508743286132812,1.4700000286102295
14.78008246421814,0.13532070138061297,0.9438289832109529,0.22169266465426804,0.16351966934840492,-0.18248432980850002,0.9287222898424304,0.28675804820506606,0.15403640204904454,-0.17753173514399764,0.40017560712659683,0.40017560712659683,-0.2997657142851064,0.5451581199270705,0.39838615677274564,-0.2650160840635505,0.34498155044258816,0.14080428993076163,0.587684671760346,-0.1031474643623429,-0.9522513166676642,-2.567222151641416,0.0,0.0,0.0,3.872924138406626,1.0,29.666471481323242,-19.526899337768555,1.4700000286102295
14.80016541481018,0.1403015337729668,0.9444403667059842,0.2191322644624304,0.16028578292842205,-0.18526173970589888,0.9287222898424304,0.28675804820506606,0.15403640204904454,-0.17753173514399764,0.3940751340887593,0.3940751340887593,-0.3077414315507854,0.5451581199270705,0.39838615677274564,-0.2650160840635505,0.34498155044258816,0.14080428993076163,0.587684671760346,-0.03204427312583591,-0.9153201009688616,-2.5071451390096797,0.0,0.0,0.0,3.872924138406626,1.0,29.666471481323242,-19.526899337768555,1.4700000286102295
14.820154190063477,0.20195722874135563,0.9450679942482434,0.21646039118272195,0.15703674734072795,-0.1879650107899592,0.9210410495015556,0.3021722804790617,0.11817823550953167,-0.21542795244584695,0.3878454454380799,0.3878454454380798,-0.31555650912782307,0.5697258310471126,0.3553160845791487,-0.3544732730240247,0.3026951002512049,0.27766478519511695,0.6530748730573287,0.2809738696678121,-1.97299953451602,-3.6591358340439593,0.0,0.0,0.0,3.8457584311624413,1.0,29.711000442504883,-19.55413246154785,1.4800000190734863
14.840095043182373,0.16099464438776673,0.9457118418788523,0.2136727058403718,0.15376698104898512,-0.19060116066814398,0.9303186968578974,0.24795581380695858,0.21791855815838132,-0.15980156033695317,0.38147628803538564,0.3814762880353855,-0.3232272291542653,0.46434193597481355,0.5060371532236938,-0.2181084173336779,0.29372492538669737,0.2819936979021003,0.5081678025210449,-0.1214124466544213,-0.1295662021089723,-1.3400826800259922,0.0,0.0,0.0,3.8785913125409612,1.0,29.766658782958984,-19.590444564819336,1.4800000190734863
14.860084056854248,0.1917021465742564,0.9463736880844433,0.21075641005921178,0.15046230615101727,-0.19318300274123495,0.936578293896878,0.28850429270866684,0.09941895307289936,-0.17234339053115377,0.37493951586131824,0.3749395158613184,-0.33078748381049833,0.5564259653238587,0.2897064109504483,-0.2806746221702152,0.27422546669456116,0.22355341847403581,0.6007741135121321,0.2814553422741013,-2.2190916736768083,-2.495618105460696,0.0,0.0,0.0,3.7254106767613018,1.0,29.833450317382812,-19.635835647583008,1.4800000190734863
14.880089521408081,0.17202587539951755,0.9470511875809744,0.2077162843722108,0.1471293767792659,-0.19570625896126534,0.9389660066482767,0.20629444176980555,0.22456459229039305,-0.15923625699985047,0.3682473735978438,0.3682473735978439,-0.3382216312394737,0.3701690449016346,0.5091281354169525,-0.23861751305880974,0.4067446243072391,0.32014356941561795,0.5657066251810012,-1.2099138769105666,0.0639763351425926,-1.2778187363884452,0.0,0.0,0.0,3.7087481937521782,1.0,29.90024185180664,-19.672149658203125,1.4900000095367432
14.900084972381592,0.3890631487097434,0.9477420311546441,0.20455714688220047,0.14377409285468676,-0.1981676721014184,0.8974287845595489,0.32864433774321394,0.2653324768307683,-0.1273308786278675,0.3614113166752628,0.3614113166752626,-0.34551680158720705,0.6820481194738516,0.5942978705494659,-0.06539122082172966,0.44611304915132854,0.18836797686255974,0.5065223507477052,1.4589081669968693,0.9137178726175013,-0.742296193424417,0.0,0.0,0.0,4.693873001712454,1.0,29.90024185180664,-19.672149658203125,1.4900000095367432
14.920100688934326,0.3746422121318954,0.9484458115612429,0.20127508775440123,0.14039281900104672,-0.20057102969854088,0.8897089086562235,0.309472979496575,0.28030228344512015,-0.18459459015560467,0.3544236185834124,0.3544236185834125,-0.35268101535274093,0.6016809855145273,0.6598887392168974,-0.19744117222240928,0.32983817059571086,0.31208152663634325,0.4524417885676582,1.5755848228652125,1.0721891554353893,-1.4829281788067399,0.0,0.0,0.0,4.636587371823944,1.0,29.96703338623047,-19.699382781982422,1.4900000095367432
14.940100908279419,0.22109426845324365,0.94915977507164,0.1978770054252242,0.13699300856379773,-0.20291211820524388,0.9227121101454697,0.3045885866995555,0.13781466257117528,-0.191925176627912,0.34729950724927755,0.34729950724927744,-0.35969855749559165,0.5804315379954157,0.38034727906129395,-0.2953010782408316,0.3469141041699458,0.25031850238311454,0.5576284683846366,0.7761752423727335,-1.3897562089516078,-2.418400730506178,0.0,0.0,0.0,3.889257130659839,1.0,29.96703338623047,-19.699382781982422,1.4900000095367432
14.960121393203735,0.2667861924336038,0.9498836648684298,0.19435797182508951,0.13356995275310501,-0.20519519908051326,0.9604915887336232,0.15084156746613306,0.20905315027112323,-0.10487854813087286,0.3400290488276618,0.3400290488276617,-0.3665791128165324,0.2763521790466103,0.4480709007956514,-0.1541709761308966,0.32922087471268113,0.22632975597836902,0.455972748204562,-1.6070670218999124,0.2889884329218624,0.5350907742098765,0.0,0.0,0.0,3.4849117673124104,1.0,30.033824920654297,-19.744773864746094,1.4900000095367432
14.980236530303955,0.13913675328975034,0.950618667344867,0.19070521344017194,0.13011210754152464,-0.2074283257737714,0.9444339335225932,0.15159609940690785,0.18413408496158473,-0.2261809156649004,0.3325869682241672,0.33258696822416706,-0.3733442226249889,0.2252298119940292,0.42946147966076276,-0.4208024768950137,0.39375506821344436,0.2796928869406648,0.5082646201484389,-2.119673143674931,0.15817972501235444,-2.1074306607613162,0.0,0.0,0.0,3.398861134668555,1.0,30.100616455078125,-19.790163040161133,1.5
