# simulator=gazebo,# scenario=sine
t,alpha_err,q_ref0,q_ref1,q_ref2,q_ref3,q_m0,q_m1,q_m2,q_m3,phi_ref,theta_ref,psi_ref,phi,theta,psi,p,q,r,tau_x,tau_y,tau_z,sat_x,sat_y,sat_z,thrust,desat,x,y,z
4.76837158203125e-07,0.6117582562953175,0.9689124217106416,8.601051121427087e-08,1.4499621164382573e-07,0.2474039592544781,0.9953460925654727,-0.07802358308371493,0.03585509525319666,-0.04373658242030669,2.3841857910155345e-07,2.3841857910155347e-07,0.49999999999994305,-0.15946343137240473,0.06459640231768403,-0.0929887719321342,0.050280668677058354,0.003438955944937455,-0.0020951740783614614,-1.890498740970953,0.2949834410742867,-4.0,0.0,0.0,1.0,1.755271429761032,1.0,0.0,0.0,2.190000057220459
0.061727046966552734,0.6132006383366561,0.9688583821804723,0.011134241737282934,0.018749713981975138,0.2466534252046139,0.9953460925654727,-0.07802358308371493,0.03585509525319666,-0.04373658242030669,0.030843927704959497,0.030843927704959504,0.49904774533478374,-0.15946343137240473,0.06459640231768403,-0.0929887719321342,0.050280668677058354,0.003438955944937455,-0.0020951740783614614,-2.127923813737517,-0.06739092981265138,-4.0,0.0,0.0,1.0,1.7541143667477814,1.0,0.0,0.0,2.190000057220459
0.06203746795654297,0.6132086401289392,0.9688578367514554,0.011190235955906288,0.01884380049102705,0.24664586347148731,0.9953460925654727,-0.07802358308371493,0.03585509525319666,-0.04373658242030669,0.03099884111155196,0.03099884111155195,0.49903814668794694,-0.15946343137240473,0.06459640231768403,-0.0929887719321342,0.050280668677058354,0.003438955944937455,-0.0020951740783614614,-2.1291145130591778,-0.06920351393838263,-4.0,0.0,0.0,1.0,1.7529573037345307,1.0,0.0,0.0,2.190000057220459
0.06237506866455078,0.6006411414069175,0.968857240447804,0.011251132907971403,0.018946121498340046,0.2466375967291348,0.9902797002415207,0.0944471423714568,-0.10120332902239272,-0.01355502793117678,0.031167314973461778,0.031167314973461768,0.499027653018693,0.19486139602166336,-0.1991933926528592,-0.046907656697869025,-0.05244130011829049,0.061760118842083406,-0.08969345882342566,2.3111203974267704,-2.1143767146808674,-4.0,0.0,0.0,1.0,1.794750632310267,1.0,0.0,0.0,2.190000057220459
0.08011102676391602,0.4868000229202635,0.9688213389457162,0.014450394162513614,0.02431596954661589,0.2461404739919579,0.9935082213560672,0.060553647994427945,-0.08863164967762852,0.037670950185692026,0.04001268257205507,0.04001268257205508,0.4983964137445092,0.1158036094640943,-0.18167247084960167,0.06523799063639721,0.09082945081683427,-0.09083350828628245,-0.0706512852763243,0.9775006540439487,-1.5499860794113374,-3.9333817999929908,0.0,0.0,0.0,1.7654911235547757,1.0,0.0,0.0,2.190000057220459
0.10012316703796387,0.5475386661168458,0.9687700181353286,0.01806028928822115,0.03035928023452221,0.24543184800783743,0.9972496825202113,0.04762546246773035,-0.0558586944302556,-0.01023192526457217,0.04997798380253744,0.04997798380253742,0.4974959307723364,0.09687512363960257,-0.11066124996893552,-0.025889392989184596,0.0857273776398004,0.05189690407218814,0.04578388712458292,0.4876179113316328,-1.6579159002026986,-4.0,0.0,0.0,1.0,1.7427405369960214,1.0,0.0,0.0,2.190000057220459
0.12011528015136719,0.6689977697397174,0.9687072427397574,0.021666617216938935,0.03637601770713907,0.2445682336234235,0.9955814841175453,-0.04156517748114221,0.0232041196927241,-0.08094080140789806,0.05991332881151363,0.05991332881151364,0.49639741440777413,-0.08669541110389227,0.03948480528754703,-0.16395609292014066,-0.053837725904961095,-0.13059209415549283,0.017431410114722462,-1.1937424161336059,0.07938638536422316,-4.0,0.0,0.0,1.0,1.7315328701448396,1.0,0.0,0.0,2.190000057220459
0.14009714126586914,0.4670723496655679,0.968632934648652,0.025271120364416207,0.042365131818234904,0.2435504136631495,0.9959287240346673,0.002702480760970397,0.0883114311647032,0.017881956438214164,0.06981965241052351,0.06981965241052354,0.49510121807290436,0.008676566665382225,0.1767256091253284,0.036674946877543226,-0.09698222119864634,-0.06184056809879529,-0.008949697989869249,-0.4780958539815066,1.1184623182060491,-4.0,0.0,0.0,1.0,1.7517222469064746,1.0,0.0,0.0,2.190000057220459
0.16009759902954102,0.5396601224501149,0.9685468941925496,0.028878965780175306,0.048331241523477994,0.24237782526096033,0.9942458161206092,0.07523726932549474,-0.07564738062308227,0.009596053145590613,0.07970727914004423,0.0797072791400442,0.4936058646856732,0.15046259976258217,-0.1524580679267033,0.007789092061820693,-0.1058319127704268,-0.09989566966249919,-0.2536692951008876,1.6824690390070918,-1.6676662933830095,-3.7355196189397457,0.0,0.0,0.0,1.7665475571119653,1.0,0.0,0.0,2.190000057220459
0.18010497093200684,0.3821366049987573,0.9684490534267184,0.032487990378631385,0.05426682481819832,0.24105201331289874,0.9944702012522832,0.05094519628978079,0.07426145410003476,0.05402631054576458,0.08956642371433068,0.08956642371433067,0.4919124472332705,0.11069964819080276,0.1426804598798607,0.11646555903360675,-0.11080157981458746,-0.24951139439032982,-0.36138918522630353,0.4844153612775612,1.5675841897225793,-2.3094301294836654,0.0,0.0,0.0,1.7581024475587206,1.0,0.0,0.0,2.190000057220459
0.20010638236999512,0.47114445055975607,0.9683393689782871,0.03609579490599274,0.06016411693783394,0.23957512205971657,0.9960582550249919,0.04678253024585927,0.07504419932392839,0.006907648528553586,0.09938679573798857,0.0993867957379886,0.4900227186906086,0.09543943999173776,0.14940569437522794,0.02101803280575113,-0.18047482400521642,-0.2238497177262418,-0.27213099066960783,0.5575937098331334,1.3693964832237662,-3.552429629353889,0.0,0.0,0.0,1.755908648105417,1.0,0.0,0.0,2.190000057220459
0.22010302543640137,0.5697365551011949,0.9682177299801081,0.03970249407790983,0.06601960244145597,0.2379486318717384,0.9978900189656521,0.05204603027302782,0.007717027213779882,-0.0380416649547763,0.10916508209156045,0.10916508209156045,0.4879374804746432,0.10348928542904676,0.019362533995088426,-0.07520446699434552,-0.2642001643339952,-0.30496643807743373,-0.38042929991520025,1.185308958393512,0.32958757059201993,-4.0,0.0,0.0,1.0,1.7427332194483902,1.0,0.0,0.0,2.190000057220459
0.2401409149169922,0.7204451248019438,0.9680837022294175,0.043316259855490195,0.07184278418049678,0.23616998427215696,0.9929711091791695,-0.020603118139455527,-0.08699146638499441,-0.07756527982679895,0.11891975003837352,0.11891975003837353,0.4856522346811663,-0.027859783316506233,-0.17687703805296812,-0.15344159065527863,-0.27677375507608354,-0.306742494263047,-0.413488154010282,0.14739362249125498,-1.914206627043613,-4.0,0.0,0.0,1.0,1.7793163201291262,1.0,0.0,0.0,2.180000066757202
0.26012182235717773,0.5915469993583687,0.9679378301678401,0.04691922290368458,0.07760137488682756,0.2342498027059192,0.9964918803030197,-0.07902955314085834,0.014948436806864055,-0.02312588284886214,0.12859913894466363,0.12859913894466363,0.48317932640241473,-0.15891813753968848,0.026139712136003135,-0.04848780102251135,-0.2890013282308232,-0.337227776180327,-0.5226569827430747,-1.4149264374218833,-0.2568407206144925,-2.888937513136721,0.0,0.0,0.0,1.781169738944491,1.0,0.0,0.0,2.180000066757202
0.28012895584106445,0.39835065481981524,0.9677794032521004,0.050526203405319915,0.08331572805258139,0.23218229663245454,0.9917424121116811,-0.08091401484389087,0.03670179800754883,0.09248182655938404,0.138239789989142,0.13823978998914202,0.48050989632239416,-0.1549175217957583,0.0878766692804616,0.17914109070199694,-0.20329705509847953,-0.50430615129189,-0.730192637202585,-1.7714560372239858,0.6058635190090556,0.27742632031536285,0.0,0.0,0.0,1.794902290567613,1.0,0.0,0.0,2.180000066757202
0.30011463165283203,0.5424584448202697,0.967608660813512,0.05412838721688607,0.08896853636164476,0.22997433933734276,0.9997088717098785,-0.021400909323423662,-0.0026920006970491536,-0.010813234342193582,0.14781485826011487,0.14781485826011487,0.477651303439593,-0.04274488489549364,-0.005845293340687453,-0.02150697544204499,-0.30347464441263994,-0.35642927518723744,-0.7241654864288332,-0.28936703582261747,-0.4919588060608804,-1.8755795058622073,0.0,0.0,0.0,1.7780290706875526,1.0,0.0,0.0,2.180000066757202
0.320096492767334,0.6065961760005549,0.9674253409529671,0.0577287046008949,0.09456129444421038,0.22762637795337592,0.9966483713784525,0.05936762094458277,-0.03597969894066585,-0.04327783123260148,0.15732907675193808,0.15732907675193805,0.4746025301327236,0.1220242145052151,-0.06662890084175634,-0.09086393856254647,-0.2657755225236418,-0.5728774253615515,-0.8500630212238063,1.1430229364792395,0.030709242246190538,-2.1281973151503832,0.0,0.0,0.0,1.8048710359182965,1.0,0.0,0.0,2.180000066757202
0.34010958671569824,0.4060076795480731,0.9672289616015429,0.06133317960475596,0.10010015138603404,0.2251362623196559,0.9869870680829467,-0.06850458522570692,-0.030140382217368682,0.14232078765898382,0.16679520176282367,0.16679520176282367,0.471359057056188,-0.14442218182029487,-0.0400077539129624,0.2893145784352839,-0.27861978849998936,-0.40576439149576604,-0.8703192408664867,-1.000773817195236,-1.4189835985367907,1.8904554048963296,0.0,0.0,0.0,1.8198032294741144,1.0,0.0,0.0,2.180000066757202
0.3601081371307373,0.4465104641080495,0.9670198238009348,0.06493323937229363,0.10556889494510456,0.22251189456004042,0.9962732934053043,0.0042766643459936195,-0.04543965752521766,0.0731879260084002,0.17618771820619383,0.17618771820619372,0.46792936214058517,0.0018780061313931826,-0.0912933959527287,0.14657416388725836,-0.2760060030747359,-0.4593466802662187,-1.063681877684288,0.2496560066496436,-1.2209580928225146,1.1685173189306726,0.0,0.0,0.0,1.8196407053371044,1.0,0.0,-0.009078041650354862,2.180000066757202
0.3800992965698242,0.37250673775761206,0.9667977461414733,0.0685298085469312,0.11096620516915866,0.21975505615717847,0.9910555323522134,-0.010346068266888107,-0.029332900473708307,0.12977469558926852,0.1855063403985292,0.18550634039852928,0.4643138999340263,-0.02816745728103497,-0.055484214495197984,0.26119189265767095,-0.37490749787519295,-0.5880537361951147,-1.0117366272169115,0.3581751377817548,-0.6377788443948145,2.1832326071749613,0.0,0.0,0.0,1.8284915301019329,1.0,0.0,-0.009078041650354862,2.180000066757202
0.40009212493896484,0.5596309295327204,0.9665625119085366,0.0721241110435315,0.11629125567034049,0.21686716448982252,0.9987190531822312,0.03320298894221955,-0.036603036402863096,-0.010864256172481745,0.19475159667194414,0.1947515966719441,0.4605125574766973,0.06734368925859006,-0.07245422431986343,-0.024197179848211944,-0.24179633481176607,-0.5681328519198444,-1.188231615542273,0.3018977237678989,-0.598212645968835,0.08109584897244826,0.0,0.0,0.0,1.8593419382253553,1.0,0.0,-0.009078041650354862,2.1700000762939453
0.42011308670043945,0.2967478044210108,0.966313666436394,0.07572044816302888,0.121547706527747,0.2138468302923563,0.9774688690840029,0.1138640706851645,-0.0164214999302335,0.17697434197839376,0.2039318543337374,0.20393185433373734,0.4565214110948174,0.21910416318580989,-0.07246846141579859,0.35025230465457874,-0.41695770065182963,-0.4860497790410845,-1.2173215284015324,2.8885615601505563,-0.5303713824987408,3.8073010319525356,0.0,0.0,0.0,1.914751091427714,1.0,0.011131884530186653,-0.009078041650354862,2.1700000762939453
0.44010186195373535,0.11880844286813004,0.966051859800025,0.07930749177204821,0.1267166111827967,0.21070601884162557,0.964027482425192,0.0394360887533219,0.1695748556234745,0.2008486404561012,0.21301581131407873,0.21301581131407876,0.45235413575008326,0.15226761634077723,0.31635895334978537,0.43514418915063174,-0.2699796514673284,-0.5575026831932685,-1.3642321620326983,0.10718103803180468,2.910819299770533,4.0,0.0,0.0,1.0,1.9992094044802244,1.0,0.011131884530186653,-0.009078041650354862,2.1700000762939453
0.4601140022277832,0.22520247604888224,0.9657762814283493,0.08289467342585949,0.13180934095943184,0.20743901509573948,0.966366603969638,0.14729142825690603,0.03951511715468386,0.2070733623875386,0.2220251280306698,0.22202512803066982,0.4480009403148221,0.305820457092254,0.01537252199140845,0.4245455403605692,-0.3401409871354784,-0.6507102970670888,-1.2248485981440445,2.98538695384391,1.0863477436835867,4.0,0.0,0.0,1.0,1.9973873192045843,1.0,0.011131884530186653,-0.009078041650354862,2.1600000858306885
0.4801149368286133,0.25108368289831895,0.9654873173101617,0.08647520713572168,0.13681407240189936,0.2040543757356588,0.983561402959363,0.0413930567402574,0.025120751869359092,0.1739612867503153,0.2309405604372589,0.23094056043725894,0.44347092074331634,0.09034347017417667,0.03502118345497218,0.35169984624373624,-0.303235132662924,-0.6422231233195983,-1.317061494973756,0.6846434905652811,0.23072894092958274,4.0,0.0,0.0,1.0,1.9124914361026648,1.0,0.011131884530186653,-0.009078041650354862,2.1600000858306885
0.5001282691955566,0.46635768176865394,0.9651845633028471,0.09005268473909211,0.14173384617916937,0.20055121435791254,0.9985822348398747,0.020052352816673044,-0.01490052950332666,0.0470042299079304,0.2397690507345758,0.23976905073457574,0.4387605295714742,0.038676076126759176,-0.03164918231947321,0.09346033344383245,-0.4112862367483455,-0.6806376338760387,-1.1415360224551563,0.4267373428828001,-0.39996937091346707,1.3844830399854247,0.0,0.0,0.0,1.9206842634892543,1.0,0.011131884530186653,-0.018156083300709724,2.1600000858306885
0.5200674533843994,0.2636661190131417,0.9648693478291852,0.09361098350694558,0.1465450526743566,0.19694840167722935,0.9756945001432654,0.13753357057845558,0.026111319841937593,0.16859109801598765,0.2484693370270081,0.24846933702700813,0.433892830728233,0.2808668916112968,0.004579486973346559,0.3428501278819096,-0.3446076632237507,-0.6171418801477961,-1.0940185609504534,2.597026921266061,0.3388844933086137,3.432001292805193,0.0,0.0,0.0,2.0247832309028038,1.0,0.022263769060373306,-0.018156083300709724,2.1500000953674316
0.5400962829589844,0.14317739244100872,0.9645390414997318,0.09717859808399396,0.15128445329074972,0.19321949096746802,0.9765027567175874,0.06799818491762782,0.08758955919330823,0.18478820874499166,0.2571092859998243,0.25710928599982436,0.42882958742682453,0.16774480623870985,0.1464553629835311,0.38638076675163563,-0.2679173909703276,-0.6751151573912941,-1.0535140211081946,0.7061357293686459,1.339160217384625,3.969672854457162,0.0,0.0,0.0,2.01021826120998,1.0,0.022263769060373306,-0.018156083300709724,2.1500000953674316
0.5601105690002441,0.19787273479046488,0.9641952831563898,0.1007361538604943,0.15592431224766118,0.189386620684931,0.9775803153736068,0.13866885371906315,0.11530163118978093,0.1086885911549875,0.26563993741212977,0.26563993741212977,0.4235981865538139,0.30678848336858433,0.19655289553934346,0.2519376448243187,-0.3467498039871048,-0.6028965751613021,-1.0547477111081427,1.9937348389618936,1.8927444116568148,2.4119826796609516,0.0,0.0,0.0,2.126721334545422,1.0,0.022263769060373306,-0.03631216660141945,2.140000104904175
0.5801198482513428,0.3148951895270068,0.9638379501960354,0.10428452879036981,0.16046452896024688,0.18545155098418864,0.9572975026131416,0.10795571946636405,0.026129786689948774,0.26691625722814205,0.2740620907208701,0.2740620907208701,0.4181984820987584,0.22247755174342346,-0.007602387319884694,0.5429840964607183,-0.30597418332601045,-0.5524647138353915,-0.9557469033363556,2.0680023814960053,-0.5149830104227009,4.0,0.0,0.0,1.0,2.0550671170872215,1.0,0.04452753812074661,-0.03631216660141945,2.140000104904175
0.6001448631286621,0.39338880165955464,0.9634667077917076,0.10782651592513715,0.1649073826914173,0.1814136173894363,0.9845068932364575,-0.009073422483540221,0.008659635501355428,0.17489671491288108,0.28238101408469296,0.282381014084693,0.4126269051873622,-0.01484019038694957,0.02022614430610092,0.3514795908109295,-0.3494593552438983,-0.6426662904737968,-0.8559830261229807,-0.3547046789154591,-0.9196094442801197,3.270616463550802,0.0,0.0,0.0,2.033041386318664,1.0,0.04452753812074661,-0.03631216660141945,2.130000114440918
0.6200995445251465,0.28683574414927043,0.9630832805349101,0.1113460060330021,0.16923196305757016,0.17729411827326777,0.9894533336568698,0.0259239446503679,0.0709619335102689,0.12358986043181577,0.29055808740144773,0.29055808740144773,0.4069103068805369,0.06952410281957806,0.13442363712779137,0.25320904018525137,-0.35755808266641764,-0.6410615613518897,-0.7118536595154815,-0.10717842809897316,0.39884719087263987,1.789759431975026,0.0,0.0,0.0,2.0846045615457753,1.0,0.055659420788288116,-0.03631216660141945,2.119999885559082
0.6400907039642334,0.19832694661462724,0.9626857523290521,0.11486089041153448,0.1734595596525249,0.17307483722849115,0.978717615404128,0.04650128728042243,0.17120334111366994,0.10314492508328948,0.29863409608530067,0.29863409608530067,0.4010207932954542,0.13401942578727355,0.33156872351849,0.23245730585064325,-0.3152170022417712,-0.6142385513063275,-0.6757895505339396,-0.3269273339895409,2.2819137140166736,1.5332228663519978,0.0,0.0,0.0,2.2169238991822526,1.0,0.055659420788288116,-0.045390207320451736,2.119999885559082
0.6601004600524902,0.09475328922185028,0.9622745557241159,0.1183669549384671,0.17758394296926294,0.16876281161452514,0.9651138865482258,0.14359278339665835,0.13761650261490294,0.17028798183142874,0.3065981057702438,0.3065981057702438,0.39496531687997416,0.3383432768524864,0.21846047322448467,0.3867503683910634,-0.21471041496756224,-0.638822301923637,-0.7841396981980302,1.47792072540466,1.857544837854765,2.9721174477159558,0.0,0.0,0.0,2.25506573751222,1.0,0.055659420788288116,-0.045390207320451736,2.119999885559082
0.6801080703735352,0.16097089990293237,0.9618502648260394,0.12185947527493089,0.1815987995898241,0.16436609238930977,0.9570728870430152,0.05737752488115181,0.1896092330244297,0.2115836649591553,0.3144385264602848,0.31443852646028475,0.38875238015668123,0.20340149470180352,0.3454917584261063,0.4707580579207576,-0.20366917457743672,-0.6751658518279017,-0.6320973647402323,-0.2689593308240119,2.5450603824725446,3.706138770972899,0.0,0.0,0.0,2.2847985172351053,1.0,0.055659420788288116,-0.054468248039484024,2.109999895095825
0.7001280784606934,0.21671047746402114,0.9614127587375243,0.1253398545868405,0.18550516739587097,0.15988514958645295,0.9618820608251587,0.08802153968404354,0.11420584608861077,0.2323620759366314,0.3221578208817704,0.3221578208817704,0.3823798353008553,0.2280203488539661,0.17976602511410042,0.4946976346944772,-0.31247440298867746,-0.6263937349645033,-0.5186098972856248,1.028046025354647,0.8318544013253613,3.4262656083593304,0.0,0.0,0.0,2.2270660329199754,1.0,0.06679131090641022,-0.0726243332028389,2.0999999046325684
0.7201004028320312,0.3283829906521829,0.9609636157647786,0.12879651644997672,0.18928993843707612,0.1553373932223718,0.9858031752455044,0.12500755671843394,0.03472711457494878,0.10657972580405345,0.3297300760360751,0.3297300760360752,0.3758697606315838,0.2569071327809613,0.04183385836752896,0.22079683084386112,-0.2448465728703398,-0.5980487625876287,-0.6082727226595002,1.138181273661411,-0.5586025132553178,1.0350349280603848,0.0,0.0,0.0,2.2082019281585468,1.0,0.06679131090641022,-0.0726243332028389,2.0999999046325684
0.7400896549224854,0.3805548420942013,0.9605016785911553,0.1322394621979523,0.1929640505843963,0.15071206070926163,0.9408498765855245,0.02394969065921436,0.15433130473062864,0.30068217510599654,0.33717705812974114,0.33717705812974125,0.36920405126565603,0.14394398825573054,0.27963275575473423,0.6389464415053981,-0.2425684203733936,-0.7559186636517257,-0.4441960168328079,-0.3627763611001753,1.6343292981915387,4.0,0.0,0.0,1.0,2.2735688923315305,1.0,0.07792319357395172,-0.08170237392187119,2.0899999141693115
0.7601299285888672,0.256685542092213,0.960026400127804,0.13567320960348442,0.1965317294231397,0.1460046937036209,0.9787332318866961,0.02588977097938487,0.1333820891258841,0.15368864258517206,0.3445078081076649,0.34450780810766485,0.3623732470159082,0.09490568948777177,0.2559174022172503,0.32373220789805784,-0.3603257942549774,-0.6714935776996803,-0.3444503623695269,-0.5027514555921382,1.0585100872232438,1.73087591373368,0.0,0.0,0.0,2.2749681540227487,1.0,0.08905507624149323,-0.08170237392187119,2.0799999237060547
0.7801377773284912,0.3466665404543248,0.959540083834208,0.13908212044249654,0.1999766117668871,0.141238613823895,0.937039799611199,0.12185884828255532,0.1337924789444493,0.29867441741426815,0.3516886801465614,0.35168868014656124,0.35540831765276637,0.3186597109546345,0.17889824907041652,0.645946116544158,-0.3581356690629439,-0.7547563593095296,-0.24237348801764397,1.9812266958082387,1.352307552507591,3.9391558562186857,0.0,0.0,0.0,2.361083982158164,1.0,0.11131884157657623,-0.09078041464090347,2.0799999237060547
0.8001234531402588,0.3586313207996603,0.9590429073233032,0.14246666296177524,0.2032997105948866,0.13641546660638285,0.937039799611199,0.12185884828255532,0.1337924789444493,0.29867441741426815,0.35872104803195803,0.35872104803195803,0.34830907208807194,0.3186597109546345,0.17889824907041652,0.645946116544158,-0.3581356690629439,-0.7547563593095296,-0.24237348801764397,1.9493424763673444,1.2567272771490634,4.0,0.0,0.0,1.0,2.3605703389813466,1.0,0.11131884157657623,-0.09078041464090347,2.0799999237060547
0.8201737403869629,0.370756308245553,0.958533094342075,0.14584006025390145,0.20651395574779097,0.13151794538215952,0.937039799611199,0.12185884828255532,0.1337924789444493,0.29867441741426815,0.36563217403388276,0.3656321740338828,0.3410470837160999,0.3186597109546345,0.17889824907041652,0.645946116544158,-0.3581356690629439,-0.7547563593095296,-0.24237348801764397,1.9171851075350919,1.163038506283239,4.0,0.0,0.0,1.0,2.360056695804529,1.0,0.11131884157657623,-0.09078041464090347,2.0799999237060547
0.8401198387145996,0.3829150001496369,0.9580154244267909,0.14917253637844735,0.2095916354909239,0.1265912606897335,0.937039799611199,0.12185884828255532,0.1337924789444493,0.29867441741426815,0.3723615512553658,0.37236155125536574,0.3336867919871831,0.3186597109546345,0.17889824907041652,0.645946116544158,-0.3581356690629439,-0.7547563593095296,-0.24237348801764397,1.8850377503875841,1.0720614215126467,4.0,0.0,0.0,1.0,2.3595430526277115,1.0,0.11131884157657623,-0.09078041464090347,2.0799999237060547
0.860116720199585,0.46100458787686394,0.9574864124662488,0.15248859182931382,0.21255624701949669,0.12160115606939031,0.9505787239740758,0.10440734692649847,0.05952652954301535,0.2862792128607176,0.3789593551821655,0.3789593551821656,0.32617450409239135,0.23506830377763432,0.05341539601944407,0.5913556726837299,-0.2709942618460251,-0.6867586713911662,-0.1847542773696501,1.256539952948093,-0.7732425703661101,3.6470504606385603,0.0,0.0,0.0,2.3251209718448416,1.0,0.12245073169469833,-0.11801453679800034,2.059999942779541
0.8801076412200928,0.44470486638974316,0.956948059915665,0.1557772072048241,0.21539818436079347,0.11656540873339527,0.9275945992570711,0.1917039496728536,0.10457392972579692,0.30312068278269244,0.38540372908012394,0.3854037290801239,0.31853408861711235,0.4337953706803863,0.07786421645696794,0.6488513207217991,-0.35560130666602163,-0.6690079615150433,-0.15725093148679417,3.263496596250369,0.183959496170627,3.7678608806014036,0.0,0.0,0.0,2.4956026439282275,1.0,0.12245073169469833,-0.11801453679800034,2.059999942779541
0.9001073837280273,0.45689545106674306,0.9564005408057532,0.15903924083270388,0.2181188431906405,0.11148406014761277,0.9481947307816306,0.06745795242289777,0.11045167783892364,0.2901320458608931,0.391696827953376,0.3916968279533759,0.3107629240615158,0.19611956902379887,0.17115031555676316,0.6107523110585314,-0.24167551074570331,-0.605426905472084,0.02169388897308261,0.26042837806161667,-0.37439212349380835,3.4057473963884304,0.0,0.0,0.0,2.3740296181286378,1.0,0.14471450448036194,-0.12709258496761322,2.0399999618530273
0.9201180934906006,0.33113845759664895,0.9558443972666393,0.16227339302437277,0.22071776048905173,0.10636025730991105,0.9218762445401075,0.132206567683376,0.25291788286428785,0.26210333409068887,0.3978365789527075,0.3978365789527077,0.3028630985234189,0.4224951018229906,0.40826160878535406,0.6427400859419669,-0.17455849115193894,-0.774653754734836,0.0880881564052343,0.8527013779958558,3.2947111863870835,2.934457660103476,0.0,0.0,0.0,2.7693280894628254,1.0,0.15584638714790344,-0.1361706256866455,2.0299999713897705
0.9401788711547852,0.331402074652692,0.955279160935255,0.1654841938345007,0.22319898096434387,0.10118755442374833,0.965978113854947,0.056692000355955355,0.15088346923229984,0.20225350271702336,0.4038317917754005,0.4038317917754005,0.2948217833733958,0.1780036531008527,0.27190605017988667,0.437204306669387,-0.3529046109224106,-0.7763083910647413,0.08548383310500944,-0.10482508536951274,1.1211789695595133,1.8136411868693132,0.0,0.0,0.0,2.46895977160064,1.0,0.18924203515052795,-0.16340474784374237,2.0199999809265137
0.9603252410888672,0.3441861012241268,0.9547044547843144,0.1686753031499747,0.22556526896750262,0.0959601769374534,0.965978113854947,0.056692000355955355,0.15088346923229984,0.20225350271702336,0.40968902861735107,0.4096890286173511,0.28662676049275543,0.1780036531008527,0.27190605017988667,0.437204306669387,-0.3529046109224106,-0.7763083910647413,0.08548383310500944,-0.14178124760521427,1.0548937775016491,1.919253825998495,0.0,0.0,0.0,2.468833194835958,1.0,0.18924203515052795,-0.16340474784374237,2.0199999809265137
0.9801342487335205,0.35667621076843603,0.9541331969930696,0.17177865419759233,0.2277690322296205,0.09079209390156223,0.965978113854947,0.056692000355955355,0.15088346923229984,0.20225350271702336,0.4152860712896399,0.41528607128963985,0.2784555242634202,0.1780036531008527,0.27190605017988667,0.437204306669387,-0.3529046109224106,-0.7763083910647413,0.08548383310500944,-0.17787440364228968,0.9921811170707686,2.0236543227723374,0.0,0.0,0.0,2.468706618071275,1.0,0.18924203515052795,-0.16340474784374237,2.0199999809265137
1.0001118183135986,0.27824104908686015,0.9535516362025911,0.17487221350513266,0.2298679702974905,0.08555525857882013,0.9672113627203662,0.06432837657583888,0.18843034793628183,0.15766433892399703,0.42076569761992466,0.42076569761992466,0.270104105312041,0.19709625470887399,0.35140721329365765,0.3582773658350895,-0.35747520005278527,-0.7896123358152528,0.11446580409865201,-0.32364297485104676,1.8640427980830794,1.257242159465442,0.0,0.0,0.0,2.5650228453163892,1.0,0.18924203515052795,-0.16340474784374237,2.009999990463257
1.0201289653778076,0.44647465268551556,0.9529642412556407,0.17793366934882782,0.23184653901973695,0.08028665234453744,0.9744924813545799,0.03786854081188672,0.10402620037953543,0.19521507891238546,0.42608775547532535,0.42608775547532546,0.2616280272333207,0.11676167474250418,0.18908520132188522,0.40650027206639466,-0.2743754035152267,-0.6474848012469193,0.2988852196078303,-0.9104910393850978,-0.5799499334036526,1.1549455997987632,0.0,0.0,0.0,2.44145380075779,1.0,0.21150580048561096,-0.18156082928180695,2.0
1.0401079654693604,0.3051459919789753,0.9523741269680683,0.1809493284131356,0.2336970826595316,0.07501024186782057,0.97827092076604,0.069422166804888,0.14792270181254646,0.12761442954523194,0.43122943826228904,0.43122943826228916,0.2530635722026988,0.18135901061903223,0.27515739549210605,0.28461044819156295,-0.24435939334245743,-0.745110631000882,0.2874160004321225,-0.8660461939581199,0.8679289632993723,0.024317963143174692,0.0,0.0,0.0,2.535884225061404,1.0,0.24490146338939667,-0.2087949514389038,1.9900000095367432
1.0600900650024414,0.37329568347016256,0.951780952392187,0.18392369371750822,0.23542388425752175,0.0697186364886092,0.9360944132905896,0.14883486656986822,0.1995298022956432,0.24852221207597924,0.43619975453601406,0.436199754536014,0.24439675558959686,0.40716798276764654,0.30425232715820605,0.5822830757493762,-0.3110101516273417,-0.6875591898978093,0.38245138873008766,1.5257479590815446,1.434179223477054,1.9288835935831412,0.0,0.0,0.0,2.7599716913329817,1.0,0.256033331155777,-0.2178729921579361,1.9800000190734863
1.0801026821136475,0.28371476579433613,0.9511847972136571,0.18685888348485036,0.23702922993430348,0.06440794492265686,0.9518047673915425,0.1369243683976498,0.1971507388011211,0.19092141917503258,0.4410030996140027,0.4410030996140027,0.2356189001986939,0.3628702674465092,0.32891294460310677,0.45679444281932363,-0.3136601482662385,-0.6424605178739331,0.6242161505019062,0.953502282993831,1.2711398395434643,-0.0032235684771175777,0.0,0.0,0.0,2.7517719406734433,1.0,0.2782971262931824,-0.25418516993522644,1.9700000286102295
1.1001062393188477,0.3712577266446691,0.9505877688640194,0.1897471405178108,0.23851006703267855,0.059091998405087186,0.9867063670859295,0.060097344556186205,0.11652132980692091,0.09602933941983031,0.4456277723874403,0.44562777238744017,0.226750718801524,0.14497057951323108,0.22017710855704048,0.21008732291298718,-0.2613696082589112,-0.7895414048574874,0.6100404939224261,-1.2360900682030924,0.37325219540856525,-1.625089337768403,0.0,0.0,0.0,2.521541011866121,1.0,0.2782971262931824,-0.25418516993522644,1.9700000286102295
1.120133399963379,0.3795343509767325,0.949989853724693,0.19259122281433302,0.23986909080022964,0.053765397735788284,0.9867063670859295,0.060097344556186205,0.11652132980692091,0.09602933941983031,0.4500792770949098,0.4500792770949098,0.21778118451722014,0.14497057951323108,0.22017710855704048,0.21008732291298718,-0.2613696082589112,-0.7895414048574874,0.6100404939224261,-1.2779108376960395,0.33317505197783515,-1.5161274191460972,0.0,0.0,0.0,2.5217274200001563,1.0,0.2782971262931824,-0.25418516993522644,1.9700000286102295
1.1400504112243652,0.4499330580218809,0.949396026194538,0.19537053322085085,0.2410985196466029,0.0484669373824785,0.9450555839168184,0.04308903325086974,0.24393225639209257,0.21333150918842167,0.4543272732057778,0.45432727320577776,0.20877434905036216,0.208401182424382,0.45857924137842276,0.49283333259858214,-0.16040219180982213,-0.6339411755049491,0.5770994120558536,-1.4407151277417005,1.8186950097539905,1.5716145547408558,0.0,0.0,0.0,2.807691769981942,1.0,0.3116927742958069,-0.26326319575309753,1.9500000476837158
1.160107135772705,0.29308790245848365,0.9487998514289343,0.1981178837749211,0.24221408925925256,0.043133293652236775,0.9405512040118642,0.14349477416869708,0.2508558600683021,0.17844892795278883,0.4584229435295864,0.4584229435295865,0.19962065235258,0.40739926471822907,0.43418656831831187,0.46605953471275274,-0.29129381740166305,-0.6084230538412218,0.690997769449985,0.8093834971660099,2.0543467702713936,0.10972534504379405,0.0,0.0,0.0,2.9751330762151613,1.0,0.3228246569633484,-0.2995753586292267,1.940000057220459
1.180105209350586,0.1464609806440663,0.9482082707211287,0.20080383177442243,0.24320469020123217,0.037820300697889615,0.9400825458527858,0.1720075633650601,0.2788519627439821,0.0943386877266625,0.4623230420720524,0.46232304207205227,0.19041377253035907,0.4465538213996019,0.5141946400644754,0.3192885470520097,-0.14331727955345325,-0.7309043530648003,0.8133838258381677,0.3077523793983059,3.3903986290920978,-1.8923349864976493,0.0,0.0,0.0,3.173505858500172,1.0,0.3562203049659729,-0.31773144006729126,1.9299999475479126
1.2000951766967773,0.5705159380752398,0.9476208277367605,0.20343346138100002,0.2440741812453706,0.03251749805018528,0.9358958714720127,0.06748293169254636,0.2045345595977013,0.2787661845023449,0.46603678487990535,0.4660367848799053,0.18113452221705514,0.2589782147648374,0.35247551007141603,0.6253565729484806,-0.19552915498092588,-0.5930985672430286,0.9039550872031856,-0.5189959588513564,0.5899381965069153,1.5615793003365832,0.0,0.0,0.0,2.7610369698632033,1.0,0.3896159529685974,-0.3449655771255493,1.9199999570846558
1.2201502323150635,0.3253465016027193,0.9470364639615096,0.20601417153536922,0.24482605714540845,0.027208432452251567,0.9012007340815704,0.24980868057434963,0.31677256428286515,0.15839192693505336,0.46957548620864314,0.4695754862086429,0.1717523296841022,0.6846086867505446,0.5141741826897247,0.5347767205863317,-0.3103312797611229,-0.712665938051481,0.9553697721386083,2.8628729777704294,3.9211371070599954,-1.2298264046424539,0.0,0.0,0.0,3.7485206542311675,1.0,0.4118797183036804,-0.38127774000167847,1.899999976158142
1.2400987148284912,0.44353943443011773,0.9464612488833405,0.20852206143807586,0.2454551523485489,0.021941340919675964,0.9221098140300622,0.1732287052128649,0.25015670011022684,0.2390124096143973,0.47290802852542413,0.47290802852542413,0.16235145997556236,0.494226701571177,0.3882143823311274,0.6063424722322684,-0.15369684659807342,-0.5585447680253823,1.0185164849549158,1.1118288135726704,1.521949624783393,0.23847346953257365,0.0,0.0,0.0,3.103705801478287,1.0,0.4118797183036804,-0.38127774000167847,1.899999976158142
1.2601039409637451,0.45459246206585385,0.9458915481478276,0.21097588302552503,0.24596803358448463,0.016675802190236462,0.9221098140300622,0.1732287052128649,0.25015670011022684,0.2390124096143973,0.47606106167579215,0.47606106167579226,0.15285897276940474,0.494226701571177,0.3882143823311274,0.6063424722322684,-0.15369684659807342,-0.5585447680253823,1.0185164849549158,1.0933970792620458,1.4796679539061224,0.3433581405638515,0.0,0.0,0.0,3.1044421543848824,1.0,0.4118797183036804,-0.38127774000167847,1.899999976158142
1.2801308631896973,0.4656426126990218,0.9453295120182511,0.21336896407593672,0.24636415194588898,0.01142381339482157,0.9221098140300622,0.1732287052128649,0.25015670011022684,0.2390124096143973,0.4790266862764453,0.47902668627644535,0.1432949190830157,0.494226701571177,0.3882143823311274,0.6063424722322684,-0.15369684659807342,-0.5585447680253823,1.0185164849549158,1.075486140797351,1.4399152935227282,0.4481302003562071,0.0,0.0,0.0,3.105178507291478,1.0,0.4118797183036804,-0.38127774000167847,1.899999976158142
1.3001015186309814,0.34672529119340934,0.9447784203411375,0.21569014175490545,0.24664337732397337,0.006208351607137327,0.967570098057629,0.15136507478379813,0.15160378516167683,0.13383950016754292,0.48179266828339323,0.4817926682833932,0.13370050406923759,0.3519140125114862,0.25563241883636373,0.3205978022769987,-0.15426995728320925,-0.6834811360682611,1.1312705112077306,-0.055309343294845714,0.26710643871144324,-2.2089239481754213,0.0,0.0,0.0,2.7972173919408285,1.0,0.4564072787761688,-0.39943382143974304,1.8899999856948853
1.3201069831848145,0.3122547288421438,0.9442368634534228,0.21794809114371103,0.24680834468613225,0.0010080951076875191,0.9478529628206567,0.25427764199415276,0.15113029051597998,0.11864770095771704,0.48437082258737924,0.4843708225873792,0.12403590700287417,0.5605754838023349,0.2281333900227795,0.3149892628420185,-0.254558682240515,-0.570321702653564,1.1484129011563369,2.2711640921403586,-0.055471852694433554,-2.9685171747387407,0.0,0.0,0.0,3.091493121907207,1.0,0.47867104411125183,-0.4357459843158722,1.8799999952316284
1.3401174545288086,0.12886827843049617,0.9437068002745729,0.22013722964706617,0.2468597044026617,-0.004166723061677743,0.9479895749012038,0.22955237182407054,0.21461012517522732,0.05063564595077418,0.48675570151681363,0.4867557015168136,0.11431923303134398,0.5176333342211111,0.3937447098278929,0.21224185770567372,-0.2823545042894646,-0.5576798785585027,1.2481699954680976,1.5561471592771547,1.3588262405577693,-4.0,0.0,0.0,1.0,3.1897815104740443,1.0,0.5231985449790955,-0.47205814719200134,1.8700000047683716
1.3601231575012207,0.2677576953336477,0.9431896091783084,0.2222544696329311,0.24679872877575132,-0.009311248086473468,0.9469757435247822,0.12997269756624028,0.28256852665628207,0.08061678985384345,0.48894518216524413,0.48894518216524424,0.10455911647195684,0.3470615829337004,0.5400922556782423,0.2668214083831442,-0.22924518112794276,-0.48382812621608723,1.1567135719867363,-0.39008941356746984,2.2088252775775103,-2.31526496620023,0.0,0.0,0.0,3.1841584178552753,1.0,0.5565942525863647,-0.517448365688324,1.8600000143051147
1.3801231384277344,0.49614036550772156,0.9426864182563487,0.2242977543966028,0.24662686525568808,-0.014423021244194707,0.9488019646896899,0.09517541012238927,0.22885536796056286,0.1958103512704445,0.4909384375010714,0.49093843750107147,0.09475996298018781,0.2988555276946184,0.40825046581346375,0.46934833660935493,-0.15640451538532701,-0.45651737270217196,1.011574664234146,-0.8043960308634925,0.5549945664473805,0.4763269762065967,0.0,0.0,0.0,2.9373895692220517,1.0,0.6011217832565308,-0.5537605285644531,1.850000023841858
1.4000961780548096,0.506883781334621,0.9421988296776935,0.22626309525445015,0.24634597506758799,-0.019494554312925252,0.9488019646896899,0.09517541012238927,0.22885536796056286,0.1958103512704445,0.492733036269904,0.492733036269904,0.08493618173806379,0.2988555276946184,0.40825046581346375,0.46934833660935493,-0.15640451538532701,-0.45651737270217196,1.011574664234146,-0.8205056178632284,0.5407426179522403,0.5801853420622107,0.0,0.0,0.0,2.9384156383750244,1.0,0.6011217832565308,-0.5537605285644531,1.850000023841858
1.42012619972229,0.5175161578462689,0.9417259236909119,0.22815658003601388,0.24595609685532485,-0.024545020970917243,0.9488019646896899,0.09517541012238927,0.22885536796056286,0.1958103512704445,0.49433535669571826,0.4943353566957181,0.07505035056891517,0.2988555276946184,0.40825046581346375,0.46934833660935493,-0.15640451538532701,-0.45651737270217196,1.011574664234146,-0.8357469555913806,0.5289475376418848,0.6835800175717175,0.0,0.0,0.0,2.9394417075279975,1.0,0.6011217832565308,-0.5537605285644531,1.850000023841858
1.4401397705078125,0.29008764325539776,0.9412705641064268,0.22996904068062846,0.2454598478082896,-0.029553825287632535,0.9582740164544784,0.0921148129467482,0.2705829632569938,0.0032604630118847405,0.49573828394758235,0.4957382839475824,0.06514256541391479,0.20999092721741092,0.544493114252808,0.06562915849290381,-0.2496902061435932,-0.41897491526173036,1.1553768605431232,-1.4986655744591597,1.995936332760832,-3.2014102974454293,0.0,0.0,0.0,3.104836845470556,1.0,0.6345174312591553,-0.5809946656227112,1.8300000429153442
1.460057020187378,0.32015177567232606,0.9408354779298588,0.231691952635279,0.2448616590305199,-0.03449942737738207,0.9507412177516579,0.2403229208800458,0.16592722613371408,0.10394318734457321,0.4969373332527611,0.49693733325276107,0.05525655454002093,0.5349122957869531,0.2687721245479402,0.2918541871897616,-0.1923641836436623,-0.5337045135746212,1.100297869433069,1.5094834649345652,-0.046455025327502675,-2.1973594807738994,0.0,0.0,0.0,3.1391858591327244,1.0,0.6790449619293213,-0.6263849139213562,1.8200000524520874
1.48006272315979,0.4552645384363022,0.9404176559166029,0.23333939246835472,0.2441576441960182,-0.03942594505489163,0.9432940183982174,0.10560479253610572,0.2792884734322061,0.1450585097657408,0.4979432648947156,0.4979432648947155,0.04530457974632349,0.32870263493524743,0.519290787971253,0.3932218478031581,-0.2322508041447736,-0.5195097767607377,1.010797263487936,-0.5583304973952713,1.9645177651264083,0.21662349039405715,0.0,0.0,0.0,3.1758495466085597,1.0,0.7347043752670288,-0.6808531880378723,1.809999942779541
1.5000886917114258,0.21586189608845763,0.9400196967363759,0.23490312068461652,0.24335101112923604,-0.04431454640023721,0.9430176703196538,0.18702288238612824,0.2709399110186466,0.048287467795331086,0.49875062824213307,0.49875062824213307,0.03532436592605061,0.4505749107771507,0.5154661983750966,0.2229951161635999,-0.09759234196876046,-0.47670351349997625,0.9539941652319659,-0.04873497340648192,2.0182908206002486,-1.7097167764462147,0.0,0.0,0.0,3.3398587814205882,1.0,0.7903637886047363,-0.7262433767318726,1.7999999523162842
1.5201117992401123,0.35947397427046096,0.9396430792083051,0.23637928904710195,0.24244425223250074,-0.04915790846796495,0.9552036472881091,0.2088300896109851,0.17572279311229014,0.11444424783000912,0.4993579071414649,0.4993579071414648,0.025331414790652977,0.47640597467097673,0.29203671540665865,0.30987417342781803,-0.09648487213627432,-0.4232241892742766,1.003568646919701,0.5223375777302375,-0.3827998020518615,-1.1062719301548833,0.0,0.0,0.0,3.082486177516746,1.0,0.8348913192749023,-0.7716335654258728,1.7899999618530273
1.5400960445404053,0.19238252741991146,0.9392893732236828,0.2377636127388393,0.24144103670495756,-0.053945932203197884,0.9643123945517004,0.20664261971594353,0.16515470029180188,-0.011151609857902835,0.4997643916734603,0.4997643916734604,0.015347729970785675,0.43040114690045,0.32903531486434306,0.04941886196600676,-0.21899555411515143,-0.3166891433191308,0.9341682821463676,0.2966979371965024,-0.4570956473592629,-3.1182348826683066,0.0,0.0,0.0,3.0516136401455687,1.0,0.8348913192749023,-0.7716335654258728,1.7899999618530273
1.5601317882537842,0.19611015480222377,0.9389579292192084,0.23906038085145417,0.2403385016168634,-0.05869877429806072,0.9643123945517004,0.20664261971594353,0.16515470029180188,-0.011151609857902835,0.49997156717390556,0.4999715671739057,0.005332168195849849,0.43040114690045,0.32903531486434306,0.04941886196600676,-0.21899555411515143,-0.3166891433191308,0.9341682821463676,0.28626332182931746,-0.4562802468363778,-3.0176565073969,0.0,0.0,0.0,3.053078679170835,1.0,0.8348913192749023,-0.7716335654258728,1.7899999618530273
1.5801479816436768,0.20001005329120056,0.9386508699139667,0.2402629174548099,0.23914212412877292,-0.06339810228260245,0.9643123945517004,0.20664261971594353,0.16515470029180188,-0.011151609857902835,0.49997813679723246,0.49997813679723246,-0.0046757592718159715,0.43040114690045,0.32903531486434306,0.04941886196600676,-0.21899555411515143,-0.3166891433191308,0.9341682821463676,0.2775910248110871,-0.45337428431218574,-2.918039075841742,0.0,0.0,0.0,3.054543718196101,1.0,0.8348913192749023,-0.7716335654258728,1.7899999618530273
1.600142478942871,0.38250629590884405,0.9383690047480953,0.24136955299732737,0.23785415162307588,-0.06804228368894032,0.9804194695508357,0.11244622092101718,0.15682237329485602,0.03924607445858052,0.49978471628932647,0.4997847162893264,-0.014670970097355594,0.2464190633255103,0.30330635854896965,0.11786363371107719,-0.1131997463610706,-0.40530730142781296,0.9664755409430266,-1.7696403454485068,-0.44204063281787476,-1.5730296603105844,0.0,0.0,0.0,2.8472331973453042,1.0,0.8905507326126099,-0.8170238137245178,1.7799999713897705
1.620116949081421,0.1312570756949345,0.9381130385402036,0.24237888382438058,0.23647661560619979,-0.07263066754719548,0.9495584126048341,0.241214766770632,0.199412510805747,-0.019720747382516567,0.49939199231873815,0.4993919923187379,-0.024650314560294956,0.5104256435693632,0.3987009669343412,0.06379395957538445,-0.09595814903726234,-0.3938075327554175,0.9690597967520629,0.5029081521809527,0.570898529175446,-3.041069162152165,0.0,0.0,0.0,3.288199588782493,1.0,0.9462102055549622,-0.8714920282363892,1.7699999809265137
1.6401011943817139,0.28967498524109564,0.9378833306497587,0.24329073109982918,0.23500940432590056,-0.07716902311556814,0.9357949179336117,0.3102331713892476,0.16472600797017042,0.030142880380047476,0.4987996893883909,0.4987996893883908,-0.034624700230395294,0.6649237034112624,0.29380564276933846,0.16649163042252277,-0.1378907115224893,-0.27731532467850195,0.9235732778407827,2.2133207620215396,-0.824752769572997,-2.3412234553718667,0.0,0.0,0.0,3.523454607627098,1.0,1.001869559288025,-0.9259603023529053,1.7599999904632568
1.660127878189087,0.39057468858564764,0.9376803253153232,0.24410447020055517,0.233451675246959,-0.08166351981787434,0.9306885133025408,0.19164589161348955,0.29676126014333304,0.09499209394743402,0.49800629484543496,0.4980062948454349,-0.04460639297591506,0.5032320538735264,0.5421453623000496,0.34606917730923814,-0.05750231608255103,-0.23424192707028738,0.7768739529013715,0.20856902529341254,1.380126299371825,0.7480284511412121,0.0,0.0,0.0,3.552391270752192,1.0,1.0686609745025635,-0.9895066022872925,1.75
1.6801433563232422,0.21784126000752355,0.9375052962893156,0.24481599263227607,0.23180932415607705,-0.08610102447276005,0.9218055841303193,0.21640300995064166,0.32010052761603275,-0.03130262880974351,0.49701378402186885,0.49701378402186885,-0.05456462674904937,0.4953111929718901,0.6481202186038126,0.10156631582327119,-0.12858829489514492,-0.23473010215931303,0.7525492715259262,0.46457239962364116,2.447793884893368,-1.4457267303066297,0.0,0.0,0.0,3.819068981031816,1.0,1.1354522705078125,-1.0348968505859375,1.7400000095367432
1.7001044750213623,0.2253941710290484,0.9373590946143421,0.2454226169683367,0.2300882492246554,-0.09047134570087247,0.9218055841303193,0.21640300995064166,0.32010052761603275,-0.03130262880974351,0.49582567200458677,0.49582567200458677,-0.06447404889721085,0.4953111929718901,0.6481202186038126,0.10156631582327119,-0.12858829489514492,-0.23473010215931303,0.7525492715259262,0.4818121619782063,2.460052595241323,-1.3537309388100633,0.0,0.0,0.0,3.821293069952983,1.0,1.1354522705078125,-1.0348968505859375,1.7400000095367432
1.7201294898986816,0.23313602466645178,0.9372414316380007,0.24592625310383182,0.2282801556703536,-0.09479951151023983,0.9218055841303193,0.21640300995064166,0.32010052761603275,-0.03130262880974351,0.49443525447498377,0.4944352544749837,-0.07438937513017636,0.4953111929718901,0.6481202186038126,0.10156631582327119,-0.12858829489514492,-0.23473010215931303,0.7525492715259262,0.5008587423034568,2.4742162708507163,-1.262812905755832,0.0,0.0,0.0,3.8235171588741492,1.0,1.1354522705078125,-1.0348968505859375,1.7400000095367432
1.7401046752929688,0.19350356986480222,0.9371535042890976,0.2463223694238444,0.2263971962398777,-0.09906012949118174,0.9663889756195113,0.1789752192848812,0.17140409695289852,-0.06841676863724055,0.4928507731915825,0.49285077319158244,-0.0842503137350798,0.3522825930227059,0.36374412614404,-0.07591542532421627,-0.01889764647032105,-0.14014050386868926,0.6691180789434816,-1.3009298317533995,-0.6200886302750972,-2.010176755152511,0.0,0.0,0.0,3.0732179828184396,1.0,1.2022435665130615,-1.0984431505203247,1.7300000190734863
1.7600631713867188,0.27800008144069044,0.9370954572085102,0.24661064373247335,0.22443862063274148,-0.10325986657700284,0.9057537644211517,0.27924193160714866,0.31858540371556976,-0.01172187735000416,0.49107121705159973,0.4910712170515997,-0.09406944128387608,0.660831272593724,0.623236630964441,0.19418830896692912,-0.03812861042304867,-0.14377759405065413,0.701281794336547,1.5239958609235242,1.96141165927826,-0.8363797294974331,0.0,0.0,0.0,4.245889531226863,1.0,1.2690348625183105,-1.171067476272583,1.7100000381469727
1.780116081237793,0.4211854314148959,0.9370675203543228,0.24679058117346497,0.22239507645412138,-0.10742113995871502,0.9388077145958894,0.1885213467925421,0.27461585383589043,0.08766931983740964,0.4890862461749189,0.48908624617491897,-0.10389727524110821,0.4770007383101624,0.5035842045019532,0.31115467599769137,0.040086588105961746,-0.15421136604168384,0.6880264714160937,-0.28104429971981554,0.7500503315256838,1.4248191921268907,0.0,0.0,0.0,3.5003419109565335,1.0,1.2690348625183105,-1.171067476272583,1.7100000381469727
1.8001070022583008,0.26068480406588884,0.9370702996625153,0.24685909697260636,0.22028432482247104,-0.11151078858021182,0.9250199244837988,0.29051848572693323,0.24468500154290104,0.00814854458583505,0.48691165708299644,0.4869116570829962,-0.11365314864397985,0.6505396370429826,0.4644626006976358,0.1767978892765356,0.057537587211780705,-0.17919853513376566,0.4645429633267106,1.22918315827436,0.5390375486919214,0.28565835459866507,0.0,0.0,0.0,3.8485282091631796,1.0,1.3358261585235596,-1.2255356311798096,1.7000000476837158
1.8201549053192139,0.1860442368934466,0.9371040502249418,0.24681527440189172,0.2180958523771006,-0.11555266569765671,0.9255180060748578,0.2459175764596311,0.28353026866681796,-0.05051289705770961,0.48453545629834965,0.4845354562983496,-0.12339121358407175,0.5358991910115628,0.5819676687934651,0.05503125919566808,0.11630270854268243,-0.11394601352802022,0.5168717725657055,0.010077191812272401,1.4137170091141953,-0.5483624914323557,0.0,0.0,0.0,3.8341064454715226,1.0,1.41374933719635,-1.2981600761413574,1.690000057220459
1.8401172161102295,0.2508902648945546,0.9371686475060855,0.24665836583097375,0.2158473876254107,-0.11951770560253244,0.9520404407924888,0.2407167079689494,0.18886773765994125,0.0018556054135256705,0.4819759071395903,0.4819759071395904,-0.13303843405936858,0.5141285263736177,0.36690280007522386,0.1013692807631592,0.10291752655875952,-0.1983994099711568,0.5151924701710324,-0.1369305350963841,-0.36084494079683127,0.14227890524683584,0.0,0.0,0.0,3.4088116950733833,1.0,1.4805406332015991,-1.3798624277114868,1.6799999475479126
1.860116958618164,0.25751105522352624,0.9372644912087736,0.2463865730379371,0.21352733952395742,-0.12343016414799363,0.9520404407924888,0.2407167079689494,0.18886773765994125,0.0018556054135256705,0.47921896060254426,0.4792189606025443,-0.142650579385494,0.5141285263736177,0.36690280007522386,0.1013692807631592,0.10291752655875952,-0.1983994099711568,0.5151924701710324,-0.11660131486777736,-0.3351331088065761,0.22692166640033795,0.0,0.0,0.0,3.4111739906068737,1.0,1.4805406332015991,-1.3798624277114868,1.6799999475479126
1.880113124847412,0.26412406353368906,0.9373915082956927,0.24599898384893465,0.21114230838138642,-0.12728152156459002,0.9520404407924888,0.2407167079689494,0.18886773765994125,0.0018556054135256705,0.4762708821330407,0.4762708821330406,-0.1522039645745645,0.5141285263736177,0.36690280007522386,0.1013692807631592,0.10291752655875952,-0.1983994099711568,0.5151924701710324,-0.09415037081065569,-0.30776773552277414,0.3102776155586322,0.0,0.0,0.0,3.4135362861403635,1.0,1.4805406332015991,-1.3798624277114868,1.6799999475479126
1.9001336097717285,0.23020534462625405,0.9375498985917398,0.24549376077297397,0.20869088275304332,-0.13107675815306044,0.912414286246919,0.23932933877671647,0.3164778110870079,-0.10031666333566538,0.47312844229792034,0.4731284422979204,-0.16170799945810818,0.49882196433591464,0.6758173178187276,-0.04048276506539253,0.068861599318608,-0.18105806869029867,0.3472258613006892,0.14333150801947936,2.7153882337712716,-0.3230653199366942,0.0,0.0,0.0,4.074452228132855,1.0,1.5584638118743896,-1.443408727645874,1.6699999570846558
1.920125961303711,0.4579750294274003,0.9377391411292447,0.24487121386438265,0.20618151325935036,-0.1348056950015631,0.9347881416957582,0.13882398452731637,0.325710771558745,0.02848727357185259,0.46980118430749535,0.4698011843074954,-0.17113400370258045,0.35539538881768185,0.6447913585556719,0.18077216631008158,0.10102875681852361,-0.07268635622162156,0.43573303644218975,-1.382931164096814,2.0308599962864124,2.334320841564421,0.0,0.0,0.0,3.7484267440028955,1.0,1.6475188732147217,-1.5160330533981323,1.659999966621399
1.9425575733184814,0.37149190161161905,0.9379882285128355,0.24403108813395277,0.20329542713183876,-0.13891681144769688,0.9238279547487852,0.2024548070394601,0.3248376186670876,-0.0058721912423755586,0.4658445029892626,0.4658445029892627,-0.18162846427442703,0.4824314361205292,0.646712296765736,0.1517973638070619,0.067972454275022,-0.04702517431878597,0.40064536129653205,-0.10410778990774708,1.9919503931413276,1.6162091271581591,0.0,0.0,0.0,3.9971327098330094,1.0,1.7365739345550537,-1.5977354049682617,1.649999976158142
1.960106611251831,0.29816115502016605,0.9382099839531013,0.24326862269512473,0.20098727490706597,-0.14207926853756606,0.9325524201328766,0.15028214597348138,0.31107522013722844,-0.10484973878124318,0.46258553085131654,0.46258553085131654,-0.18977520029499542,0.27531792444578357,0.6582102551822121,-0.12936974572683357,0.1748989689736851,-0.16122049917046916,0.2608423345857769,-1.954409008086993,2.816429633316858,0.548537368795881,0.0,0.0,0.0,3.7349303420077713,1.0,1.8144972324371338,-1.6794377565383911,1.6399999856948853
1.9801056385040283,0.44630768021322387,0.938491176762024,0.24228633666783364,0.19830495005438945,-0.1456255093994145,0.9725651106168878,0.132293965923551,0.18608328300736018,0.044591747848474465,0.45869795941690245,0.45869795941690256,-0.1989878941714035,0.29677595022565145,0.3577395414567013,0.14567697149856804,0.1286522637802766,-0.0011180940158933839,0.16779013688194527,-2.0254346722333416,-0.9614537009387066,3.3754422568698708,0.0,0.0,0.0,3.1943863608017344,1.0,1.9035522937774658,-1.7520620822906494,1.6299999952316284
2.0001208782196045,0.07513870686192567,0.938802598057933,0.2411816161345283,0.19556695323981085,-0.1491129663004189,0.9332166996661958,0.2453376703820931,0.22761659469159934,-0.1307926021479087,0.45462355854699443,0.4546235585469943,-0.2081283738803232,0.4742761643008899,0.510952046880461,-0.1524097997220836,0.24850081129265356,-0.08067756809271069,0.103419377355244,-0.7217871365254682,0.8455592159690049,0.05198795138458895,0.0,0.0,0.0,3.6901639501377326,1.0,1.9035522937774658,-1.7520620822906494,1.6299999952316284
2.0212595462799072,0.08417623537255559,0.9391635763932816,0.23988202179038046,0.19261933726071892,-0.1527291174307692,0.9332166996661958,0.2453376703820931,0.22761659469159934,-0.1307926021479087,0.45012276062183837,0.4501227606218384,-0.21769129603678494,0.4742761643008899,0.510952046880461,-0.1524097997220836,0.24850081129265356,-0.08067756809271069,0.103419377355244,-0.6715873945490274,0.8810746898742758,0.12708377790371822,0.0,0.0,0.0,3.6930247740813873,1.0,1.9035522937774658,-1.7520620822906494,1.6299999952316284
2.040118455886841,0.09240922680659369,0.9395129363714736,0.23860682416811366,0.1899429427252142,-0.15589709541856367,0.9332166996661958,0.2453376703820931,0.22761659469159934,-0.1307926021479087,0.4459375408837646,0.44593754088376486,-0.22614090658379501,0.4742761643008899,0.510952046880461,-0.1524097997220836,0.24850081129265356,-0.08067756809271069,0.103419377355244,-0.6246497176098037,0.9137379988616674,0.19262538833922932,0.0,0.0,0.0,3.6958855980250416,1.0,1.9035522937774658,-1.7520620822906494,1.6299999952316284
2.060122489929199,0.10128193620719764,0.9399110724353354,0.2371343994699982,0.187057803658494,-0.15919745786890344,0.9332166996661958,0.2453376703820931,0.22761659469159934,-0.1307926021479087,0.4413248916726069,0.44132489167260686,-0.2350156164814623,0.4742761643008899,0.510952046880461,-0.1524097997220836,0.24850081129265356,-0.08067756809271069,0.103419377355244,-0.5726428936103131,0.9493539356673975,0.2606366904080199,0.0,0.0,0.0,3.6987464219686963,1.0,1.9035522937774658,-1.7520620822906494,1.6299999952316284
2.080106258392334,0.1418482783975423,0.9403364766916142,0.2355399201756529,0.18412993070626854,-0.1624328329647467,0.9543899001580054,0.2271128179399379,0.1688318149518422,-0.09516041542490283,0.43654058775696164,0.4365405877569617,-0.2437874386444192,0.4458320070465064,0.3741560085364747,-0.11299349876537153,0.2225281802973098,-0.03470431189005696,0.2148915535428962,-0.9167628125388426,-0.4901734309421215,0.4102299910589041,0.0,0.0,0.0,3.4394898151242344,1.0,2.00373911857605,-1.8337645530700684,1.6200000047683716
2.100125312805176,0.25877291010721737,0.9407896193348723,0.2338184864217049,0.18115301820349503,-0.16561217212201967,0.9135010795673466,0.3122859084748427,0.24483539966113,-0.08971575151615808,0.4315730480949362,0.43157304809493624,-0.2524771359114442,0.6553670365410273,0.5274698958839567,-0.012723168196306794,0.3058502671914436,-0.13280473719117494,0.10942861201861911,0.8665458186613728,1.2134985158286362,0.9134607122117296,0.0,0.0,0.0,4.243830271946374,1.0,2.08166241645813,-1.9154670238494873,1.6100000143051147
2.1202263832092285,0.17567599995847633,0.9412709763222548,0.2319647486095558,0.1781216083307891,-0.16874239888512893,0.9236221873619003,0.25134750981750675,0.2553439970722781,-0.1361834332087035,0.4264111429058124,0.4264111429058125,-0.2611006265901306,0.48823181120097353,0.5706052326694279,-0.1469250221410408,0.21646369751757583,-0.11177630678831144,0.2050870173480359,-0.04248531174567283,1.747257187312858,0.022233806905880615,0.0,0.0,0.0,3.9537811778264107,1.0,2.181849479675293,-2.0062475204467773,1.590000033378601
2.140120267868042,0.11293874140019206,0.9417725025635795,0.23000640220146265,0.1750815333673951,-0.17177911699387013,0.9385831333738432,0.242646130126918,0.20895940996206447,-0.1285321837862983,0.42113280290022015,0.4211328029002204,-0.26953137539330035,0.46797804717969943,0.47195364674880613,-0.15768958985473397,0.3639513429486553,0.024636583029139486,0.2459085008537727,-0.9352338790110041,0.30836045698179326,-0.06843298231220696,0.0,0.0,0.0,3.722413060276962,1.0,2.293168306350708,-2.087949752807617,1.5800000429153442
2.160101890563965,0.28816317668625074,0.9423004666456919,0.2279154824778788,0.17198988267345472,-0.17476797093334412,0.9519459000152167,0.20480999050899268,0.22365983597658254,-0.04275685913223273,0.4156634179818967,0.4156634179818967,-0.2778919267478042,0.4265000215487308,0.4593194453808477,0.011392062001148808,0.28704522244325614,0.007002304291983244,0.20408350936331335,-0.9928975085172126,0.3915993401474001,2.0202687277647766,0.0,0.0,0.0,3.653207811592816,1.0,2.38222336769104,-2.1787302494049072,1.5700000524520874
2.180114984512329,0.46502285881977323,0.9428525919998596,0.2256968177537193,0.16885679554259353,-0.1777000810750452,0.9016081628664768,0.3004375831357063,0.31081564625262903,-0.015284414829258054,0.4100190731933327,0.4100190731933328,-0.2861544331609778,0.7044293244151798,0.6060822220437139,0.19493337232923993,0.4194722879728742,0.14029029121512127,0.25203678736364454,0.9706978281606158,1.2562895030137224,2.296334214920535,0.0,0.0,0.0,4.764478039731188,1.0,2.38222336769104,-2.1787302494049072,1.5700000524520874
2.200098752975464,0.4746902398464978,0.9434261362860233,0.22335727819316523,0.16569352908341936,-0.18056662501815957,0.9016081628664768,0.3004375831357063,0.31081564625262903,-0.015284414829258054,0.40421914182050134,0.40421914182050134,-0.29429047790558466,0.7044293244151798,0.6060822220437139,0.19493337232923993,0.4194722879728742,0.14029029121512127,0.25203678736364454,1.0351173803459972,1.2989558504436634,2.352312850098455,0.0,0.0,0.0,4.7685977221795905,1.0,2.38222336769104,-2.1787302494049072,1.5700000524520874
2.2201099395751953,0.484426636243189,0.9440215942626147,0.22089049033188585,0.16249282236868384,-0.18337585316903074,0.9016081628664768,0.3004375831357063,0.31081564625262903,-0.015284414829258054,0.39824950160121453,0.3982495016012146,-0.30231992073693087,0.7044293244151798,0.6060822220437139,0.19493337232923993,0.4194722879728742,0.14029029121512127,0.25203678736364454,1.1016183207358836,1.3427390470769742,2.4066852127360914,0.0,0.0,0.0,4.772717404627994,1.0,2.38222336769104,-2.1787302494049072,1.5700000524520874
2.2401578426361084,0.49423743302777484,0.9446381512602546,0.21829506755567762,0.15925471802170243,-0.18612888398176766,0.9016081628664768,0.3004375831357063,0.31081564625262903,-0.015284414829258054,0.39210899790115306,0.3921089979011529,-0.3102427013886928,0.7044293244151798,0.6060822220437139,0.19493337232923993,0.4194722879728742,0.14029029121512127,0.25203678736364454,1.1702276974692671,1.3876261156985592,2.459462844274713,0.0,0.0,0.0,4.776837087076398,1.0,2.38222336769104,-2.1787302494049072,1.5700000524520874
2.260113477706909,0.4152757031460807,0.9452705171872415,0.21558868198547482,0.1560018232523434,-0.1888083702548052,0.9365357260427741,0.17033034417242035,0.3023867382805412,-0.04950422418031118,0.3858402469941399,0.38584024699413993,-0.31800519461087606,0.3638883446934404,0.6227315133544913,0.012663730432041477,0.46133831715591667,0.11663458754768546,0.31254694359952434,-1.6759103140383218,1.8984365185491041,2.1228165183089605,0.0,0.0,0.0,3.9730168589514294,1.0,2.493542194366455,-2.2785887718200684,1.559999942779541
2.2801499366760254,0.4051499410732255,0.9459228631105707,0.21274853131855986,0.1527075615032059,-0.1914377186612942,0.9173073062116596,0.19026870704619175,0.33293534909966543,-0.10723422219405142,0.37939152822022904,0.379391528220229,-0.3256717186289273,0.3747585253690969,0.7097111487639433,-0.09246457617532422,0.3850335433751576,0.05948912712605485,0.24575608465595083,-0.8964412719494294,2.9868577482904057,1.3359346972333792,0.0,0.0,0.0,4.30626056264743,1.0,2.593729019165039,-2.3784472942352295,1.5499999523162842
2.3000974655151367,0.299103529802926,0.9465883125795971,0.20979942241949873,0.14940142442332488,-0.1939948020448937,0.9514537218047922,0.20362309752537322,0.22188161556488134,-0.06357671029787307,0.3728201348496312,0.3728201348496312,-0.33317434932885037,0.4135582205770996,0.4646518062893322,-0.03425828584317168,0.3546775250817301,0.09005408374606258,0.38697495172591156,-0.8851454602168204,0.47415441227792476,1.2626033825245426,0.0,0.0,0.0,3.7417258449078195,1.0,2.705047845840454,-2.4692275524139404,1.5399999618530273
2.3201100826263428,0.4345310598837056,0.947270584591233,0.20671958340036534,0.14605946309051965,-0.19649958434732578,0.9673358216940027,0.17060889551237138,0.18708510149968657,0.01237649532337382,0.3660782335868662,0.36607823358686614,-0.34056824117042944,0.3665758889506007,0.36583071342810686,0.09414058612960996,0.44555301399646713,0.19189251253681153,0.30178210376203657,-1.7779044747103825,-0.7705976159527691,3.1040733332066557,0.0,0.0,0.0,3.5524893809237446,1.0,2.8274986743927,-2.5600082874298096,1.5199999809265137
2.3401083946228027,0.31105307308139657,0.9479655946420423,0.20352166142906758,0.1426963301244163,-0.19894200680885502,0.9768498241833348,0.11125756542182387,0.1646104906810706,-0.07930675562102829,0.35919469676205174,0.3591946967620516,-0.3478206000483838,0.2047386508172466,0.34611568558914163,-0.12610580505184188,0.5952455785761644,0.09847748050552618,0.27407731271581987,-3.819194247190094,-0.1807292016618667,1.6393336069424145,0.0,0.0,0.0,3.3862106593850343,1.0,2.9276857376098633,-2.6598668098449707,1.5099999904632568
2.360093116760254,0.4974364389627088,0.9486718674023368,0.20020679324775126,0.1393134011744182,-0.20132238869542257,0.9080445617769118,0.2108527631510008,0.3525793715884109,-0.08175556757362455,0.35217233456654634,0.35217233456654623,-0.3549290728666061,0.45643385698681166,0.7406832821681834,0.0002835639971699771,0.454705881618277,0.2796838849412918,0.3889119730237672,-0.2623061297676932,2.5192243123692344,1.3736453684577483,0.0,0.0,0.0,4.712466648858679,1.0,2.9276857376098633,-2.6598668098449707,1.5099999904632568
2.380103349685669,0.5061763785242405,0.9493892837529704,0.19676949883048278,0.13590544326720377,-0.2036454338190955,0.9080445617769118,0.2108527631510008,0.3525793715884109,-0.08175556757362455,0.3450000908946995,0.3450000908946996,-0.36190459693495053,0.45643385698681166,0.7406832821681834,0.0002835639971699771,0.454705881618277,0.2796838849412918,0.3889119730237672,-0.17490286885699247,2.570758020593874,1.4047940473820388,0.0,0.0,0.0,4.716904667500892,1.0,2.9276857376098633,-2.6598668098449707,1.5099999904632568
2.4001123905181885,0.5149946969776074,0.9501153592898144,0.1932153744370161,0.13247832863509498,-0.20590802695573213,0.9080445617769118,0.2108527631510008,0.3525793715884109,-0.08175556757362455,0.3376901501117134,0.33769015011171344,-0.3687348132703616,0.45643385698681166,0.7406832821681834,0.0002835639971699771,0.454705881618277,0.2796838849412918,0.3889119730237672,-0.08573631428240214,2.6227645923742178,1.4340876537868488,0.0,0.0,0.0,4.721342686143106,1.0,2.9276857376098633,-2.6598668098449707,1.5099999904632568
2.420084238052368,0.5238767937719279,0.9508471921840599,0.18955248434022978,0.12903959202551338,-0.20810635859104665,0.9080445617769118,0.2108527631510008,0.3525793715884109,-0.08175556757362455,0.3302589784149043,0.33025897841490426,-0.37540512406777793,0.45643385698681166,0.7406832821681834,0.0002835639971699771,0.454705881618277,0.2796838849412918,0.3889119730237672,0.004995659126886709,2.675115978398691,1.4614868397898053,0.0,0.0,0.0,4.725780704785319,1.0,2.9276857376098633,-2.6598668098449707,1.5099999904632568
2.440109968185425,0.5805063530096933,0.9515865272265308,0.18576543025340245,0.12557480047301364,-0.2102504592382194,0.907454442044915,0.25490998668973863,0.33296685002081633,-0.026084690644216237,0.32267549953007213,0.32267549953007213,-0.3819430873873992,0.6018221558756193,0.6656913123163151,0.15627854341836603,0.5750701303866942,0.2784838469931295,0.20184223304526433,0.5142414271041607,1.9689456122144706,3.1089177164367827,0.0,0.0,0.0,4.860769449305843,1.0,3.0390045642852783,-2.768803358078003,1.5
2.4601047039031982,0.27368351674265456,0.952328618987658,0.181871627950564,0.1220998327746029,-0.21233121117745674,0.9775076577528686,0.11300562242607301,0.14750712461946724,-0.09975047128256323,0.31497465830138166,0.3149746583013816,-0.3883181229712667,0.2028754131624136,0.31616445020248396,-0.17093802538731054,0.5497688606986204,0.17600583940472714,0.22041900090391137,-3.21950684563103,-0.3986454645472311,1.6301149890653497,0.0,0.0,0.0,3.418606587012273,1.0,3.1725871562957764,-2.868661642074585,1.4800000190734863
2.480112314224243,0.32165158524437165,0.9530734498721535,0.1778643616672663,0.11860826145353179,-0.21435332587216405,0.9286753023208807,0.28673717153500167,0.19666433024754756,-0.12910119491163266,0.3071428181758196,0.3071428181758195,-0.3945418726105195,0.5660671883978874,0.45483137204506435,-0.14185259724694468,0.5052559211181019,0.28056927087002986,0.2774526105780608,0.677906924066185,-0.34654860575115876,0.4300274905497967,0.0,0.0,0.0,4.220713837720354,1.0,3.2727739810943604,-2.968520164489746,1.4700000286102295
2.5001955032348633,0.4453344569663956,0.9538217033651065,0.17373213475841529,0.1150901834701796,-0.2163227986384498,0.9483164365068707,0.1522992060418195,0.27177581253835126,-0.060322432055254255,0.2991577532496344,0.29915775324963445,-0.40063030173793746,0.30765738577310103,0.5631271109679673,-0.03741104949691474,0.6399958552633476,0.2674456619705978,0.19390548532316643,-1.9127427453522308,1.4825755560536455,2.7702514420716247,0.0,0.0,0.0,3.9904944484897054,1.0,3.3952248096466064,-3.0774567127227783,1.4600000381469727
2.5200703144073486,0.3559271890122051,0.9545611444001575,0.16953634054552277,0.11159654154453061,-0.21821242574884295,0.9632676850136694,0.17274547301758897,0.19600981420672117,-0.062084791172898224,0.2911367429219412,0.2911367429219412,-0.40649649066234683,0.3431027134319907,0.41050189179640095,-0.05662067439997744,0.6482818050611704,0.3582703406901497,0.22718164311085304,-1.844515876607477,-0.3843527641928992,2.3889981902733286,0.0,0.0,0.0,3.7548107546822744,1.0,3.5288074016571045,-3.1863932609558105,1.440000057220459
2.540111541748047,0.3627712181462115,0.955304052418275,0.16520020047279776,0.10806251981336379,-0.2200580673562216,0.9632676850136694,0.17274547301758897,0.19600981420672117,-0.062084791172898224,0.28293213398747663,0.2829321339874766,-0.41224920564786127,0.3431027134319907,0.41050189179640095,-0.05662067439997744,0.6482818050611704,0.3582703406901497,0.22718164311085304,-1.7467884670778455,-0.3251169319734226,2.4188438677716233,0.0,0.0,0.0,3.7587019927403897,1.0,3.5288074016571045,-3.1863932609558105,1.440000057220459
2.5601038932800293,0.4477422105865668,0.956040754990877,0.1607714842325457,0.10452696203292064,-0.22183939880532186,0.9750694196427896,0.11477636255409161,0.18874652282618712,-0.020994370610924254,0.2746343107018254,0.27463431070182553,-0.4178229234799512,0.23484081144606916,0.3821338343146771,0.002570770787672048,0.5736740477594757,0.4103443025272927,0.2277401889810586,-2.4418069939141964,-0.512543193393731,3.380742724978048,0.0,0.0,0.0,3.610287369490208,1.0,3.6512582302093506,-3.2953298091888428,1.4299999475479126
2.5801074504852295,0.4534788817232648,0.9567718105434322,0.15623940172034279,0.10098020153852015,-0.22356196187355337,0.9837235667214055,0.1261518396089067,0.12793356883405835,-0.0025806211629220382,0.26622197876342313,0.2662219787634232,-0.4232326287318683,0.25869195648829785,0.255111843067451,0.0281143777274393,0.730955157287178,0.3652042636737555,0.14583222656813283,-3.0169680200258093,-1.5554756505637783,3.910741713758074,0.0,0.0,0.0,3.493146547812445,1.0,3.7848408222198486,-3.404266357421875,1.4199999570846558
2.6001412868499756,0.36365113142977107,0.9574962323267497,0.15160165882557278,0.09741970999918295,-0.2252272235434449,0.9432932023761336,0.28326930585847915,0.13594158334800627,-0.10712759040635238,0.2576901497819557,0.2576901497819557,-0.428480789190546,0.561896853887894,0.32273069746556626,-0.1322843289394455,0.542292315567992,0.2722753287681121,0.23281775841475677,0.798948446637473,-1.2749220192610349,1.1266089798766832,0.0,0.0,0.0,4.080962773406898,1.0,3.9184234142303467,-3.5132029056549072,1.409999966621399
2.6201162338256836,0.31555755151117565,0.9582091654334981,0.1468815474015038,0.09386218196930271,-0.22682790196124586,0.9542584167052157,0.06581502232979286,0.22319407009782113,-0.1877329594294848,0.24908043060671464,0.24908043060671475,-0.4335423152228322,0.04685035001456316,0.4675279895394108,-0.3773443535115563,0.5686766875035749,0.33099636670509314,0.10881276001513648,-3.1565623059358847,1.4148875457852723,0.8281597798472927,0.0,0.0,0.0,3.6921064206791687,1.0,4.052005767822266,-3.6221392154693604,1.3899999856948853
2.6401166915893555,0.2637224169447057,0.9589120133543971,0.14206190798382487,0.090293384949658,-0.22837090352964098,0.9825029552877681,0.06005608211075663,0.11725235764964358,-0.13165521059915633,0.24036014722100596,0.2403601472210059,-0.4384369961897563,0.0900260321689131,0.24877305191011082,-0.2551489965013864,0.603138414388324,0.37489387747447533,0.18874866872457252,-3.754519928968346,-0.9253894005371184,1.4322803502635355,0.0,0.0,0.0,3.413440048332854,1.0,4.185588359832764,-3.7401537895202637,1.3799999952316284
2.6601099967956543,0.2410430904097358,0.9596020013731772,0.1371531279947578,0.08671986898964659,-0.22985361159717516,0.9641502130523177,0.16635193641343102,0.15589757813320335,-0.13578418558460284,0.23154688827522482,0.23154688827522485,-0.4431546440353079,0.30128302893542735,0.35308409922600753,-0.22567996095501705,0.6317763411014515,0.405786140887661,0.23556591869860796,-1.4980280018837784,-0.6956389589915529,1.0231454193311391,0.0,0.0,0.0,3.6813743251789113,1.0,4.185588359832764,-3.7401537895202637,1.3799999952316284
2.680663824081421,0.2501892310933774,0.9602965213491597,0.13201491398710147,0.08304063719459553,-0.23131559857475334,0.9641502130523177,0.16635193641343102,0.15589757813320335,-0.13578418558460284,0.22239009767210732,0.2223900976721073,-0.4478198794798982,0.30128302893542735,0.35308409922600753,-0.22567996095501705,0.6317763411014515,0.405786140887661,0.23556591869860796,-1.3820870699836303,-0.6413446883481975,1.0456710681410906,0.0,0.0,0.0,3.6855258979866616,1.0,4.185588359832764,-3.7401537895202637,1.3799999952316284
2.70011568069458,0.2407173878530131,0.9609384557847199,0.12706921850912087,0.07955411702240142,-0.23264101178929153,0.9490655309527603,0.1397281247223999,0.1951218858273574,-0.2041521951635408,0.21363764684056022,0.21363764684056022,-0.4520607877845943,0.20671474600312054,0.4416353927447071,-0.37719951484574127,0.610094648442148,0.4650443960350613,0.2311724230008589,-1.5838722260682483,0.2484828344780161,-0.15885152859744878,0.0,0.0,0.0,3.7330070367985333,1.0,4.31917142868042,-3.858168840408325,1.3700000047683716
2.720075845718384,0.3882565886727233,0.9615801450142009,0.12191331140096398,0.0759724705745971,-0.2339421999822008,0.9331929856111176,0.1813140827497452,0.2508851738447871,-0.18257240905377223,0.204572481976033,0.20457248197603298,-0.4562346979550828,0.29631116751914943,0.5638621643636104,-0.29999960507107093,0.6125558078062916,0.45101250054197994,0.23941930421926091,-0.3421926818409924,1.1997543330278568,0.23365438305624153,0.0,0.0,0.0,4.084458773628303,1.0,4.452754020690918,-3.9671053886413574,1.3600000143051147
2.7401082515716553,0.3787652503049003,0.9622053418956596,0.11665929458985547,0.07237430714819082,-0.2351881133860153,0.9578517935451083,0.08215850044489237,0.23446301025247243,-0.14421171668909108,0.19539256878657837,0.1953925687865783,-0.4602409630432544,0.1020528586722466,0.49253157166124245,-0.27319645792108305,0.6766813600893395,0.3369990393917931,0.07717909016448005,-2.466390972043899,1.7275765515462225,1.8496875773927248,0.0,0.0,0.0,3.763298615081615,1.0,4.597468376159668,-4.085119724273682,1.350000023841858
2.760118007659912,0.42883732666582913,0.9628095591885089,0.11133489295353582,0.06877715540544399,-0.2363725814061132,0.9709139158497497,0.058049162926721645,0.214482303845812,-0.08918410188932106,0.18614475857178547,0.18614475857178545,-0.4640583248431727,0.08243602335789825,0.4409975985736203,-0.1647101475620484,0.5304791521696468,0.3449478913972519,0.1622183978449461,-2.2747646272558524,1.3389481762383362,2.6214670251237555,0.0,0.0,0.0,3.654416369614663,1.0,4.742182731628418,-4.212212562561035,1.340000033378601
2.7801122665405273,0.33912815832814214,0.9633916603908768,0.10594163807920637,0.06518019152765023,-0.23749614869050523,0.9491024919968228,0.19370512615471147,0.18808619334154553,-0.16219237855428015,0.17682966814688042,0.17682966814688036,-0.46768714806274525,0.34469136285434865,0.4332923156879535,-0.2619211129298271,0.5408384609058076,0.3646495523672626,0.027472986047629683,0.23989508932063286,0.35173564486772424,1.4191845334832172,0.0,0.0,0.0,3.847101627632704,1.0,4.886897087097168,-4.321148872375488,1.3300000429153442
2.800092935562134,0.1896516837293746,0.9639503884243893,0.10048246853648621,0.06158348758786374,-0.2385589994735026,0.9783056168815201,0.050704574667015063,0.10431024981736177,-0.171658200704031,0.16745029137324818,0.1674502913732482,-0.4711267344558301,0.06505852987165481,0.22335478876867143,-0.34009477555577017,0.5261850622628186,0.3632909957188243,0.04312542762044341,-2.807000864318339,-0.5440631596010872,1.3329464244848812,0.0,0.0,0.0,3.38119369977783,1.0,4.886897087097168,-4.321148872375488,1.3300000429153442
2.8201067447662354,0.3602170949584261,0.964485704536933,0.09494789697850875,0.05797899760342237,-0.23956347476223638,0.9507962646102077,0.08875144434782009,0.22965690349146117,-0.18806209349086198,0.15798834505540715,0.15798834505540715,-0.47438347655315066,0.093483155716951,0.48939888177440166,-0.36718861005070275,0.5925612712553399,0.34772619707910635,0.09765876336194047,-1.5815021312920503,1.8684768496586983,0.8704164753066304,0.0,0.0,0.0,3.7338059542032767,1.0,5.031611919403076,-4.448241710662842,1.3200000524520874
2.8401002883911133,0.6109264096359496,0.9649949004854953,0.08935608603022305,0.05437666717775518,-0.24050677743670326,0.9453336937522397,0.19343623681650235,0.2591663133289631,-0.04194581955916959,0.14847279398854976,0.14847279398854976,-0.4774472006884465,0.4102787193655948,0.5308018025299629,0.02430513442983944,0.5698300484141771,0.3881679822310904,0.24887476444125814,0.9655606903446605,1.565637339233826,2.9949274989524333,0.0,0.0,0.0,4.136453115042852,1.0,5.198590278625488,-4.566256046295166,1.309999942779541
2.860140323638916,0.17160756952049613,0.9654784229220766,0.08369178742058245,0.050764757336409366,-0.2413918784939189,0.9683100073194383,0.10383544206156549,0.11895905303349937,-0.19350109663327938,0.1388755631088648,0.13887556310886476,-0.4803265326537727,0.16176411173027894,0.273977823498522,-0.3721241702667783,0.634115210715269,0.4399773036314378,0.30034515756634944,-1.774380910542827,-0.6233932825518949,-0.16926557468204018,0.0,0.0,0.0,3.430716735289972,1.0,5.332172870635986,-4.6933488845825195,1.2999999523162842
2.880113363265991,0.21885142816401876,0.9659324381701277,0.07799076987953295,0.047163978424660594,-0.2422137977974586,0.9784993622572645,0.11898038395565469,0.08129264776326392,-0.14756073907218473,0.1292549207149117,0.1292549207149117,-0.4830043120625135,0.2145489267410698,0.19544519653439354,-0.2782370232037262,0.6723079783353857,0.5438510217327623,0.166779691363251,-1.6623570490725197,-1.8741447342877944,1.2368978370930392,0.0,0.0,0.0,3.3859842389511514,1.0,5.488018989562988,-4.820441246032715,1.2899999618530273
2.9001047611236572,0.3853324954257142,0.9663579160506575,0.07223253918752949,0.04355916565722884,-0.2429762075924285,0.9850747658047951,0.053101681248821295,0.14268688839598245,-0.08030173785821212,0.11957380461644762,0.11957380461644765,-0.4854916119250131,0.08546527583344897,0.2938536413495589,-0.15002130844429376,0.8093933783567918,0.42416540956592674,0.19825979078515354,-3.0109250990182352,0.060848811930229285,2.6018224781744936,0.0,0.0,0.0,3.374258620729745,1.0,5.643865585327148,-4.947534084320068,1.2899999618530273
2.9226670265197754,0.282789676145969,0.9668020583242297,0.06567602104683837,0.03949014127775903,-0.24376416681159385,0.974607216202544,0.01994700554807625,0.1483300790240898,-0.16655653320209318,0.10859050976592469,0.10859050976592466,-0.48806567302851434,-0.011023097951852313,0.3002633025804241,-0.34018931751085757,0.7582702245107162,0.589722344204506,0.23307527577655557,-3.3359469165011286,-0.1389922918984281,0.7777216213688176,0.0,0.0,0.0,3.3732102309959067,1.0,5.643865585327148,-4.947534084320068,1.2899999618530273
2.9401183128356934,0.48425632669487845,0.9671185538469809,0.060566018334408986,0.03634253613814124,-0.24432085521929608,0.960184406691276,0.174019444986838,0.19390618554818367,-0.10081432993155454,0.10005703322361229,0.10005703322361229,-0.4898863032403426,0.3290287122961908,0.41966954821504343,-0.138540141370314,0.6957911791099559,0.4381220320338487,0.39005778903635446,0.2939225686304021,0.5719933954830148,1.2900385250841961,0.0,0.0,0.0,3.708710155141029,1.0,5.8108439445495605,-5.074626445770264,1.2799999713897705
2.960320234298706,0.20857855142387724,0.9674546606124532,0.05461208126800018,0.03269857663094792,-0.24490774451848224,0.9798477017565501,-0.007332995387689101,0.08503563437598005,-0.18059249549005502,0.09014064492658273,0.0901406449265827,-0.4918075478601561,-0.04571872266199854,0.1647395106539949,-0.36829768355631265,0.8257751362167272,0.5334958167424259,0.3250318237030744,-4.0,-0.8962445662958856,0.1026925184309766,1.0,0.0,0.0,3.2217289378466503,1.0,5.9555583000183105,-5.183563232421875,1.2799999713897705
2.9801676273345947,0.47875057874336574,0.9677524835238838,0.04872610228969084,0.02911841623264467,-0.24542415411917365,0.9558615773349968,0.13297901682908445,0.22375098693744966,-0.13631112171183762,0.08036243458653239,0.08036243458653237,-0.4934996242220711,0.21988944811037858,0.4825087635051081,-0.22899212171901473,0.707449655702796,0.5417196600963735,0.4469262747943204,-0.16859667232697628,1.0872822589921136,0.40642425319471287,0.0,0.0,0.0,3.649087852284244,1.0,6.1114044189453125,-5.31065559387207,1.2699999809265137
3.0001285076141357,0.2426278320050596,0.9680189262352054,0.04277386310654253,0.025517712720344053,-0.24588330854880103,0.9650034522384245,0.08826526719216374,0.13161063924602326,-0.20894070788784083,0.07049639266061224,0.07049639266061224,-0.4950053117107339,0.12086293996336886,0.29516096421839594,-0.4084643883971909,0.6815099117726706,0.4931669734984619,0.5323203282259146,-1.3021457657626394,-0.17244481149125757,-1.3613443201823134,0.0,0.0,0.0,3.2866111928370283,1.0,6.278382778167725,-5.437748432159424,1.2699999809265137
3.020111083984375,0.42232135056453063,0.9682517959484584,0.03678635925807128,0.02191308001988749,-0.24628244017623876,0.9593081069825314,0.1143848406487235,0.19947867759631288,-0.1638667790974854,0.060591495231324684,0.06059149523132467,-0.4963150921598419,0.1706308880825441,0.4336775864481108,-0.3006920943632513,0.8080275935686648,0.6557532911142602,0.46520718231861957,-0.8120874870076631,0.3766123766674334,-0.2122685604092387,0.0,0.0,0.0,3.4955863515459313,1.0,6.278382778167725,-5.437748432159424,1.2699999809265137
3.0401039123535156,0.2839529587391347,0.9684503245740744,0.03077095614579739,0.01830662055854162,-0.246621136024407,0.9909873428240755,0.04575156770282356,0.056246999736064555,-0.11263727374143634,0.050657304598932404,0.0506573045989324,-0.497427218285018,0.07867358516799951,0.12208987805379966,-0.22154085410406132,0.7366912781993215,0.5304658068263178,0.6701332195696491,-2.4342814394726457,-1.5515942493807944,0.04362786834872745,0.0,0.0,0.0,3.12552926800688,1.0,6.434229373931885,-5.564841270446777,1.2699999809265137
3.0601108074188232,0.2879644647476909,0.9686140141818099,0.024730504852894863,0.014697668110627626,-0.24689931594160267,0.9909873428240755,0.04575156770282356,0.056246999736064555,-0.11263727374143634,0.04069585623961926,0.040695856239619264,-0.49834109532018755,0.07867358516799951,0.12208987805379966,-0.22154085410406132,0.7366912781993215,0.5304658068263178,0.6701332195696491,-2.305968455814508,-1.4937437271219103,0.045279732264587924,0.0,0.0,0.0,3.129955808152904,1.0,6.434229373931885,-5.564841270446777,1.2699999809265137
3.080113649368286,0.33501408119985326,0.9687423002364732,0.018674531698534263,0.011089499411770391,-0.24711665383211903,0.9944976554802216,0.04602817066021369,0.03763210463544329,-0.08625337935828219,0.03072014158472769,0.030720141584727686,-0.49905538059519433,0.08545500250006281,0.08288512027580816,-0.1694825608797926,0.7960228836465046,0.6407647672268564,0.8584011829476933,-2.4968781165023586,-2.2497841810436205,-0.18576536573308688,0.0,0.0,0.0,3.0972290440881975,1.0,6.612339496612549,-5.691934108734131,1.2599999904632568
3.1001124382019043,0.19695563897212431,0.9688348984513663,0.012607137421014214,0.0074821115140567525,-0.24727316400302998,0.9682703396406324,0.06976940803338735,0.08436140524094073,-0.22465068969548851,0.020734160605466276,0.02073416060546627,-0.49956990960623987,0.09926746062274701,0.1959686994913697,-0.4461917579412023,0.6171672341431425,0.5395260475545844,0.8206988941702864,-0.9773215326494695,-0.9567508569271561,-2.8364080628252157,0.0,0.0,0.0,3.115960699610067,1.0,6.768185615539551,-5.819026470184326,1.2599999904632568
3.120112180709839,0.43705558994275956,0.9688916194985443,0.006530911466983684,0.003874589982421922,-0.24736888327630582,0.986279371610885,0.07572210742567957,0.12333172416854027,-0.07942574768591577,0.010739410515669165,0.010739410515669165,-0.49988465175655866,0.13462937139932768,0.25816587537905666,-0.14321301498688963,0.6548770434154867,0.712349628464083,0.8689488936476808,-0.6769901594301588,-0.9001770105521583,-0.12515633656497593,0.0,0.0,0.0,3.1262039210284436,1.0,6.924032211303711,-5.955197334289551,1.2699999809265137
3.1401047706604004,0.28622372133083207,0.9689123218812379,0.0004524338120615585,0.00026838003259589915,-0.24740379096228957,0.9661255598840741,0.046186369908035714,0.13220874983782196,-0.216769620195549,0.0007439411902073961,0.0007439411902073958,-0.4999994465511992,0.03321717358624974,0.2790932610141621,-0.43676340280765596,0.6468243340137166,0.7109468309709226,0.9154372609798963,-1.0480132499068582,-0.513571546509771,-3.080953238857253,0.0,0.0,0.0,3.0840993092197144,1.0,7.091010570526123,-6.082290172576904,1.2699999809265137
3.160099506378174,0.29700195340856994,0.9688969793868948,-0.005627002608485796,-0.0033382154435602747,-0.24737792240668527,0.9693524415290298,0.057605120240268516,0.12376056069405462,-0.20425674490823206,-0.009252898181260525,-0.009252898181260526,-0.499914376543871,0.06340256384772633,0.26661512620544525,-0.4068478262947116,0.4268749908378404,0.8529937313459097,0.7042727140935708,0.1438092189631719,-1.257023875126865,-1.9893199122047882,0.0,0.0,0.0,3.046719294903238,1.0,7.269120693206787,-6.2093825340271,1.2699999809265137
3.180891275405884,0.3089200335955795,0.9688428323732274,-0.011944677341810973,-0.0070885975594806964,-0.24728655973760905,0.9693524415290298,0.057605120240268516,0.12376056069405462,-0.20425674490823206,-0.01964425362595892,-0.019644253625958917,-0.49961395426817196,0.06340256384772633,0.26661512620544525,-0.4068478262947116,0.4268749908378404,0.8529937313459097,0.7042727140935708,0.28132257956938456,-1.2101523535852148,-2.0021867219671847,0.0,0.0,0.0,3.051268857452857,1.0,7.269120693206787,-6.2093825340271,1.2699999809265137
3.200101375579834,0.3189456448304786,0.9687583142524098,-0.017774083910067948,-0.010553716008054465,-0.24714374276199771,0.966093576270168,-0.04877423429830214,0.14132480837291433,-0.21050314604891407,-0.029237672919596114,-0.029237672919596107,-0.49914442647619206,-0.15956566879997386,0.2552958900629657,-0.44959808620770514,0.446711744843397,0.86988573632135,0.6360944639386004,-1.6454446633648927,-0.37117881336186587,-1.908165036421022,0.0,0.0,0.0,3.0519155190187464,1.0,7.436099052429199,-6.336475372314453,1.2699999809265137
3.220107078552246,0.22557759718048725,0.9686352879210858,-0.02383306033004072,-0.014162392990696946,-0.246935398139102,0.9653297592155126,0.08864954815224488,-0.020441153129505334,-0.24466686094373205,-0.039216891299202895,-0.03921689129920289,-0.4984596627981311,0.18216180059023793,0.003914316479563678,-0.4960964969022106,0.5613977581146139,0.8227346722517159,0.39201093989863167,-0.09972569369206674,-3.9679489761443074,-1.5055677974433905,0.0,0.0,0.0,2.9375618833607153,1.0,7.603076934814453,-6.4726457595825195,1.2799999713897705
3.2401039600372314,0.34490586404880563,0.9684769115364356,-0.029873233951420122,-0.017769531535447525,-0.24666638494764873,0.9457335399058517,-0.0024997519859174945,0.14485536721044825,-0.29085863461049544,-0.04917602514126142,-0.049176025141261424,-0.49757584200934235,-0.0926267561886436,0.2760267975956499,-0.6096090903965088,0.5319070454862947,0.7037875388362108,0.36345697569564056,-0.7930174087348263,0.1652905919363694,-2.509446231272542,0.0,0.0,0.0,3.0051433362486386,1.0,7.770055294036865,-6.599739074707031,1.2799999713897705
3.260124683380127,0.3623235115333303,0.9682832646475831,-0.03590037228446386,-0.021381017329561755,-0.24633622301888214,0.97628136768272,0.1287470761059964,-0.02681400331476337,-0.1719880540501299,-0.05912733266247192,-0.059127332662471915,-0.49649165001258716,0.2636628970058608,-0.0080701930891366,-0.34982464131380414,0.5680184464730956,0.7385270921867989,0.3537958809136166,0.8636166737773983,-3.8136916777170673,0.1383302049338253,0.0,0.0,0.0,2.9626017371763935,1.0,7.937033653259277,-6.735909938812256,1.2899999618530273
3.2801876068115234,0.14967220300270986,0.9680544597404753,-0.04191582702838858,-0.025000142389735157,-0.2459443418775798,0.9824572577712307,-0.016671901726041563,-0.04543318043994449,-0.1800988907810992,-0.0690758387833967,-0.0690758387833967,-0.4952055416656504,-0.016469596347071225,-0.09542224151600412,-0.3618171620466478,0.5303135907313059,0.7866929810165002,0.2336985944280003,-1.7538610846786682,-3.604149037367975,0.4406423960090554,0.0,0.0,0.0,2.8682685130824757,1.0,8.115143775939941,-6.863002300262451,1.2899999618530273
3.3001163005828857,0.29015425248786314,0.9677932883408108,-0.04786286285007092,-0.028595045110243012,-0.2454946451501919,0.9655443985766322,0.03406039350233028,0.09089433996140867,-0.24145832546163315,-0.0789302687744987,-0.07893026877449869,-0.4937307086572451,0.02229576511310543,0.1931725254794375,-0.48793785496155484,0.487617146540174,0.6938009912869536,0.15507466664184968,0.21744590980602063,-0.8620402278687724,-0.6207441091514532,0.0,0.0,0.0,2.914003672216355,1.0,8.115143775939941,-6.863002300262451,1.2899999618530273
3.3214099407196045,0.3036922797914792,0.9674775952760021,-0.05418172723750598,-0.03243609742647708,-0.24494763247736243,0.9655443985766322,0.03406039350233028,0.09089433996140867,-0.24145832546163315,-0.08942490476676848,-0.08942490476676847,-0.4919381936864167,0.02229576511310543,0.1931725254794375,-0.48793785496155484,0.487617146540174,0.6938009912869536,0.15507466664184968,0.35680841358764037,-0.8185822100907414,-0.6386533003086525,0.0,0.0,0.0,2.9183454886922355,1.0,8.115143775939941,-6.863002300262451,1.2899999618530273
3.340134382247925,0.12511487746590313,0.9671693780889059,-0.059704195414056985,-0.03581357397428127,-0.24440988330316724,0.980568720874486,-0.042199440735855465,-0.04402876388231958,-0.18645551425246268,-0.09861995852869819,-0.09861995852869818,-0.49017762472373,-0.06673801096719108,-0.1022612314522303,-0.3723975673456564,0.6508402731477053,0.7095556588402561,0.11326450072532483,-2.3304284328720604,-3.0038989920296184,0.7558222372801031,0.0,0.0,0.0,2.8688095954357222,1.0,8.282121658325195,-6.990095138549805,1.2999999523162842
3.3601226806640625,0.17165363533249933,0.9668094970336314,-0.0655605451146428,-0.039418791510644854,-0.24377729641147508,0.9835160028259787,-0.03798071258423216,0.0033599884734432923,-0.1767553341041268,-0.10839742249561331,-0.10839742249561334,-0.4881085932416142,-0.0759718932421469,-0.006817435028135798,-0.3553800734603408,0.6164113591963313,0.7253769715171631,0.3136254088240418,-1.754719392521725,-2.1077450780165203,0.08855236503251396,0.0,0.0,0.0,2.8533087248650295,1.0,8.46023178100586,-7.126265525817871,1.2999999523162842
3.380089282989502,0.2044462380796521,0.9664190249433872,-0.07136670617252108,-0.043019736112037556,-0.24308509576362025,0.9822366960483566,-0.01140042872158081,0.015386208053186565,-0.18666646126906838,-0.11812103870215475,-0.11812103870215472,-0.48584711609304027,-0.028153229745201392,0.025972560923154826,-0.3759710780720643,0.5964825710195093,0.7141741863130753,0.17665789477806457,-0.9688921594277313,-1.9252049160168112,0.42897992904301374,0.0,0.0,0.0,2.8339832840448573,1.0,8.63834285736084,-7.253358840942383,1.309999942779541
3.400155782699585,0.32805795129596793,0.9659963322171174,-0.07715396341127441,-0.046638181841259424,-0.24232876855121813,0.9904694916408502,0.03748177311617221,-0.03030276455941824,-0.12902342916245832,-0.1278458546789242,-0.1278458546789242,-0.48337918598282176,0.08226564759974982,-0.050377179489410374,-0.2611447880217688,0.7296993175662583,0.6311227105489038,0.19117138406030387,-0.6927954941662633,-2.5668157225201504,1.6246975236442074,0.0,0.0,0.0,2.8459893476837954,1.0,8.794188499450684,-7.389529705047607,1.309999942779541
3.420114517211914,0.04612930475850432,0.9655468058736525,-0.08285871887411292,-0.050236500462603695,-0.24151623629685645,0.9696782450101274,-0.07984360943314407,-0.03169405225163937,-0.22878939275813712,-0.13746738808699396,-0.137467388086994,-0.4807314398003731,-0.14149317728692842,-0.09815835884699907,-0.45645047076911993,0.7695742388295912,0.6085106380373696,0.29147787896555166,-2.936446849991109,-2.065292897069706,-0.9278867598287847,0.0,0.0,0.0,2.8653707556635752,1.0,8.983430862426758,-7.516622066497803,1.3200000524520874
3.44014048576355,0.3380392174550454,0.9650676588860959,-0.08852746274177306,-0.053846029088552155,-0.2406406184832659,0.9774253414471578,0.06212180085245489,0.010443943835647796,-0.20167178234178615,-0.14706629332050303,-0.14706629332050303,-0.47788231330419395,0.11761873971777301,0.045488465175548054,-0.40426978768707345,0.8339737139362529,0.5898852324036705,0.3130088551093676,-0.1388310922524969,-1.761399609240688,-0.3920002147167787,0.0,0.0,0.0,2.8497776042633465,1.0,8.983430862426758,-7.516622066497803,1.3200000524520874
3.460106611251831,0.3504915200071108,0.9645630415877241,-0.09412058883592081,-0.05744361402166498,-0.23970749835653524,0.9774253414471578,0.06212180085245489,0.010443943835647796,-0.20167178234178615,-0.1565778048916472,-0.15657780489164724,-0.47485091451455913,0.11761873971777301,0.045488465175548054,-0.40426978768707345,0.8339737139362529,0.5898852324036705,0.3130088551093676,-0.015805065084406156,-1.7125777716141815,-0.404904495287701,0.0,0.0,0.0,2.853890243449776,1.0,8.983430862426758,-7.516622066497803,1.3200000524520874
3.480093240737915,0.2825050768681531,0.9640321901463283,-0.09965724205237757,-0.06104345125240947,-0.23871335850216224,0.9855519578763062,-0.0603511757216273,0.041502856600014806,-0.15271734285678,-0.1660365696647868,-0.1660365696647868,-0.4716268202021068,-0.13228546518061363,0.06341559692910842,-0.31166897927758724,0.8226717317029122,0.6477055625913797,0.3056960230306952,-2.1053550493527307,-0.6036457446421184,0.38161348900209324,0.0,0.0,0.0,2.8652846382462847,1.0,9.139277458190918,-7.652792930603027,1.3200000524520874
3.5001158714294434,0.0718313818906555,0.963475833340349,-0.10513797768680179,-0.06464800228117724,-0.23765723220239424,0.9624373776877844,-0.07840928367920802,-0.08753833841024485,-0.2447515425298638,-0.1754458669547522,-0.17544586695475228,-0.46820801762517417,-0.11069354713950652,-0.20838685538045446,-0.4864633108499905,0.6871794469349821,0.4492350313116164,0.43998953400380825,-2.3354808143908388,-2.38133149804511,-1.8189059906258356,0.0,0.0,0.0,2.90677087519564,1.0,9.328518867492676,-7.779885292053223,1.3300000429153442
3.520122528076172,0.19877712162708372,0.9628966836626925,-0.11054507226445992,-0.06824754426933918,-0.23654182778239996,0.9616192741837221,-0.06137910232652756,0.012465386906301574,-0.2671433911689326,-0.18477740775050758,-0.18477740775050758,-0.46460446573941017,-0.12503715475908359,-0.008820244830219376,-0.541393538059568,0.8480348034355394,0.42064579908790867,0.4200657712655024,-2.0245191358016554,-0.43021573099221944,-2.386968380509445,0.0,0.0,0.0,2.853205136926299,1.0,9.484365463256836,-7.916056156158447,1.3300000429153442
3.5401339530944824,0.27190945743719397,0.9622955175019897,-0.11588087206419209,-0.07184540615879159,-0.23536609377541753,0.9529913728766608,-0.00012115002977371544,-0.04342566083025974,-0.2998693724387048,-0.1940371881767334,-0.19403718817673346,-0.46081402930517096,0.02590507073678133,-0.0829362644026722,-0.610779996398591,0.6758655012710421,0.4807826173325639,0.32979124073908395,-0.2706580465599897,-2.0839479950431175,-2.50391689744372,0.0,0.0,0.0,2.834154625825578,1.0,9.6624755859375,-8.0431489944458,1.340000033378601
3.5600998401641846,0.4020293229219644,0.9616753124009336,-0.12112896532909449,-0.07543210559270756,-0.23413322003235776,0.944039398994005,0.0011197621442479407,0.05372210093171332,-0.3254263283006786,-0.20319846389580448,-0.20319846389580448,-0.45684831647975405,-0.033029760499647697,0.10233890323552935,-0.665612813043966,0.8810735128734076,0.5324623971907039,0.3006153580365523,-0.4732323539536769,-0.4659821913523887,-3.169387794006722,0.0,0.0,0.0,2.844881648840976,1.0,9.82945442199707,-8.179319381713867,1.340000033378601
3.5801186561584473,0.4141264424300298,0.9610344463892079,-0.12631205014250355,-0.07902483889799279,-0.23283713981951587,0.944039398994005,0.0011197621442479407,0.05372210093171332,-0.3254263283006786,-0.21230270060439474,-0.2123027006043948,-0.45268925690376255,-0.033029760499647697,0.10233890323552935,-0.665612813043966,0.8810735128734076,0.5324623971907039,0.3006153580365523,-0.35339514373810044,-0.4325423480891666,-3.1951761802224166,0.0,0.0,0.0,2.848864649016874,1.0,9.82945442199707,-8.179319381713867,1.340000033378601
3.6001100540161133,0.221138611907809,0.9603769422862383,-0.13140612431094095,-0.08260864451912876,-0.23148298224540204,0.983127409056405,-0.04873004385150294,-0.054573532948826324,-0.1676532430039867,-0.22130956623998768,-0.2213095662399877,-0.4483548548757651,-0.07819591256828108,-0.12396220824028355,-0.3329561404172655,0.8534550104842619,0.4518684416040532,0.1458542351599239,-1.7416897417068082,-1.4464103077565647,0.8108376449575414,0.0,0.0,0.0,2.8567973725553055,1.0,10.007564544677734,-8.306412696838379,1.350000023841858
3.620114803314209,0.27167993288439907,0.9597030027473071,-0.13641870451986574,-0.08619025357104443,-0.23006808506240695,0.9705721149901967,-0.07390029883456538,0.03375162391638819,-0.22669217745353504,-0.23023391302761662,-0.23023391302761662,-0.4438381971980238,-0.15951056089214558,0.03201700046505559,-0.46146340384173234,0.7550245814377884,0.5075265359861122,0.00706935693645469,-1.2443847334692448,0.012342627766647851,-0.132944103673034,0.0,0.0,0.0,2.858557702082197,1.0,10.174542427062988,-8.442583084106445,1.3600000143051147
3.6400742530822754,0.10924535787648179,0.9590161933360913,-0.14133244684127524,-0.08975855012060116,-0.2285967695949754,0.9665989486119814,-0.129758838860628,-0.12024538358462507,-0.18544585195236907,-0.239046232320787,-0.23904623232078692,-0.4391547549705415,-0.21657256318505533,-0.28440312118741795,-0.3479759483592043,0.8343993007498424,0.43007418724262503,0.08733494347720888,-3.3110249754658696,-2.2223730385528,0.6199288496749505,0.0,0.0,0.0,3.016942487338378,1.0,10.341520309448242,-8.569676399230957,1.3600000143051147
3.66009259223938,0.3750137850443734,0.9583144999222831,-0.14617014825382077,-0.09333147924690528,-0.22706131766495355,0.967649124541425,0.011118618585177318,0.004681564664694841,-0.2520111724651539,-0.2477888986427931,-0.2477888986427931,-0.4342817768562154,0.019161462646446525,0.014664781729037972,-0.5094132871006541,0.8739646020114218,0.3015107472034505,-0.05325885050299009,0.037744135066310136,-0.09729465164360596,-0.21570186481642084,0.0,0.0,0.0,2.8248052320031007,1.0,10.508499145507812,-8.696768760681152,1.3700000047683716
3.6801013946533203,0.37270173297600717,0.9576018849818191,-0.15091227250620481,-0.09689608108639246,-0.22546677217802882,0.9824917811012359,0.004315582797123507,-0.005422666933493848,-0.1861769870230219,-0.25642817735491574,-0.2564281773549157,-0.4292372186314183,0.010499823608841514,-0.009048650463288956,-0.37459592297805316,0.7697644651317699,0.2694229320094964,-0.1992499317961213,0.30533947641068826,0.14105696171842053,1.6864462654540773,0.0,0.0,0.0,2.8329480388881687,1.0,10.686609268188477,-8.832939147949219,1.3700000047683716
3.7001054286956787,0.42174444001300254,0.9568798228389256,-0.1555574867260047,-0.10045243805685747,-0.2238128250473343,0.9776029106264785,0.02049251218704811,0.012078973458589572,-0.20910931227252347,-0.2649627760219279,-0.2649627760219279,-0.42402208353192367,0.03504075024407073,0.03219278983080346,-0.4208850082410186,0.9234239449757511,0.41307657130524766,-0.077243459390858,0.2141300728121065,-0.199391971340511,0.6867165491265824,0.0,0.0,0.0,2.8396695319548604,1.0,10.686609268188477,-8.832939147949219,1.3700000047683716
3.720104217529297,0.435065305546007,0.9561499847462839,-0.16010329569371873,-0.10399964814017613,-0.22209956002750256,0.9359983794000402,0.02359170735983229,-0.10213976060508541,-0.3360326389026551,-0.2733891545113539,-0.27338915451135387,-0.4186387108182508,0.11483575625004357,-0.17626140064052032,-0.6995154294929994,0.8976035248907461,0.37467030206424523,-0.15526032283171817,0.10310022555612974,-2.685822592278001,-1.27108536369578,0.0,0.0,0.0,2.897076096933949,1.0,10.842455863952637,-8.96003246307373,1.3799999952316284
3.740100622177124,0.2488496190847513,0.9554139286957426,-0.16454805681349635,-0.1075373516505003,-0.22032675700664606,0.9696922115452444,-0.058965950700772554,-0.15610059466361875,-0.17847306763798185,-0.2817052093484992,-0.28170520934849924,-0.4130885801204364,-0.06201657380864436,-0.3297290960939824,-0.35370731946362916,0.9368593832877944,0.3061973728474579,-0.01315247809800027,-1.9869682982645307,-2.4495528884953517,1.3021797701799156,0.0,0.0,0.0,3.010428393173305,1.0,11.0205659866333,-9.087124824523926,1.3799999952316284
3.760126829147339,0.11837729428089185,0.9546721266798636,-0.1688964703399177,-0.11107030042957401,-0.21849142136419936,0.9646264160441522,-0.1193259561256695,-0.1310764545712733,-0.19513112699293753,-0.289920766905803,-0.28992076690580304,-0.4073646387657513,-0.18878671900562893,-0.30411409301098513,-0.3701728910034803,0.8557819030594245,0.22364847269850885,-0.013061173125547956,-2.5823471203274817,-1.3921729438721255,0.7194672818019614,0.0,0.0,0.0,3.030918117331935,1.0,11.187543869018555,-9.223295211791992,1.3899999856948853
3.7801480293273926,0.11529571291829593,0.9539275338486314,-0.17313864690511993,-0.11459136068319671,-0.21659660470585795,0.9518180128224608,-0.1269648400382962,-0.1260167141946318,-0.24908269230185426,-0.2980180458088092,-0.2980180458088091,-0.40147882182289335,-0.1888730728378849,-0.3079853977638556,-0.4825010888497697,0.7202135125657498,0.23321338531006025,0.04472610661656354,-1.9822708842721828,-1.4681811257722575,-0.6624444047160248,0.0,0.0,0.0,3.0460422450952134,1.0,11.354521751403809,-9.350388526916504,1.3899999856948853
3.80009388923645,0.19532416610237496,0.9531844463715169,-0.17725829990245218,-0.11808721212194334,-0.2146492875468822,0.9736704387611477,-0.14194839965909806,-0.0392775630782178,-0.17399368251615271,-0.30596607580015855,-0.30596607580015844,-0.39545513077901984,-0.2680595324829272,-0.1262179156827199,-0.33662325767618706,0.8537046831336257,0.3643585398779854,0.00346895187939697,-2.4267449753036763,0.08589711888776175,0.6531157388600515,0.0,0.0,0.0,2.979159207743883,1.0,11.521500587463379,-9.477481842041016,1.399999976158142
3.8201065063476562,0.15912034022857438,0.952439233619442,-0.1812829358434145,-0.12158169816784077,-0.21263558993034629,0.9684037447537208,-0.16272270265451813,-0.1297559520685418,-0.13740051706804463,-0.3138183712528668,-0.3138183712528668,-0.38925316936949644,-0.29696670093176974,-0.30053227524835535,-0.23659691338192593,0.913183830881463,0.2146558088326913,0.13255997963870633,-3.459010473502619,-0.7816676151900435,1.045557997369297,0.0,0.0,0.0,3.124158553827633,1.0,11.521500587463379,-9.477481842041016,1.399999976158142
3.840104341506958,0.35652922851514135,0.951696586854238,-0.1851939324635357,-0.12505941169263826,-0.21056342867596134,0.9289709027876222,-0.14435392564298286,-0.012812432034421967,-0.3406036516403978,-0.32153932514735695,-0.32153932514735706,-0.38290006840399265,-0.26450407593923175,-0.12244544064830447,-0.6865447489971972,0.66687436539896,0.30897317778394556,0.14133702375004525,-1.176367482122434,0.19012598112888957,-3.449829427973171,0.0,0.0,0.0,2.988307835806956,1.0,11.688478469848633,-9.604574203491211,1.399999976158142
3.860098361968994,0.3139976903841462,0.9509577365745687,-0.18899190021763013,-0.12852111289860718,-0.2084316877070421,0.931735954578362,-0.08154194926606097,-0.15589096299438127,-0.317674407393048,-0.32913025960784736,-0.32913025960784725,-0.376395101204135,-0.05633741657851645,-0.34937008154156723,-0.647232589700593,0.7831272959873571,0.31810292844375176,0.11100720096667398,-0.9948521257637157,-2.7032104999906887,-2.2222162169985356,0.0,0.0,0.0,3.061665610010998,1.0,11.844325065612793,-9.731666564941406,1.399999976158142
3.880106210708618,0.23317224273026652,0.9502236582885069,-0.19267852823315781,-0.13196862919439692,-0.20623836911511656,0.9374428791466948,-0.1933173955662916,-0.04761063464097302,-0.2855914221010584,-0.336594737888325,-0.336594737888325,-0.3697350164995057,-0.34919800776157234,-0.2010354975736579,-0.5558558223417726,0.7869456998696877,0.2994471166164453,0.03762100967787135,-2.651776393992824,0.06850012920986859,-2.0380304393582134,0.0,0.0,0.0,3.116217084193031,1.0,12.022435188293457,-9.858759880065918,1.409999966621399
3.900118589401245,0.26937716220059676,0.9494963053965513,-0.19625047956101951,-0.13539907153076078,-0.20398432964072738,0.9717996013183875,-0.08090960250637319,-0.07001698011610326,-0.21013517933726675,-0.3439261211124452,-0.34392612111244525,-0.362925368659381,-0.13008655037044645,-0.1709198366838575,-0.4147488821704233,0.705991344631665,0.3618469924556799,0.09699194140140316,-0.2627151671106476,-0.6400867476549172,-0.35806587213771857,0.0,0.0,0.0,2.9466403670791674,1.0,12.167149543762207,-9.98585319519043,1.409999966621399
3.920130491256714,0.2847123961228692,0.9487774423798134,-0.19970547074493245,-0.13881026526264545,-0.2016700276280011,0.9629130628852797,-0.059530190654092756,-0.15493847439352934,-0.21271732152831943,-0.3511195983982319,-0.35111959839823187,-0.3559705431923608,-0.05152444698172118,-0.32964880944815006,-0.4262645657788875,0.7254272175984458,0.27301475417494625,-0.1172347195527091,-0.2197287525438072,-1.968364404996866,0.7698982209177394,0.0,0.0,0.0,3.043870861752707,1.0,12.334128379821777,-10.122023582458496,1.4199999570846558
3.9401021003723145,0.3270705498521394,0.9480700194523141,-0.2030357467571281,-0.1421941303660743,-0.1993001581632597,0.9837570307339191,-0.09045760823797303,-0.040889960136431994,-0.1495578040541151,-0.35815840798220133,-0.3581584079822014,-0.34888759621352977,-0.16749408889163808,-0.10771703931553453,-0.2926930251265383,0.8123654254217947,0.2680294810141722,-0.09043734376907986,-0.7075704351810637,0.7034933834269981,1.3559742605450114,0.0,0.0,0.0,2.9375311499795345,1.0,12.334128379821777,-10.122023582458496,1.4199999570846558
3.960099697113037,0.23309993263954165,0.9473731924998834,-0.20625135931342192,-0.14556052196314057,-0.19686682137872488,0.9594426157025333,-0.13685463023602884,-0.06259096241115708,-0.23837585612071982,-0.36506324435149223,-0.36506324435149234,-0.34165600773813815,-0.2391453596883232,-0.18642858434205611,-0.46458043641939123,0.6208589683747963,0.29182318701693194,-0.22778591314468813,-0.671236554695233,-0.004557553120285274,0.03195089034826182,0.0,0.0,0.0,3.02657673091325,1.0,12.501106262207031,-10.23095989227295,1.4199999570846558
3.980098009109497,0.25716537737018136,0.9466893442043952,-0.20934698967546836,-0.14890370081619034,-0.19437286684852467,0.9656042597770282,-0.17058292461362104,-0.027865281342816302,-0.19425088269144766,-0.3718223344808729,-0.37182233448087304,-0.3342875283063875,-0.3267090077515667,-0.12037594079214427,-0.37717706940807133,0.9121606059394213,0.3585450913035434,-0.21036630041858306,-2.365327850425337,0.7636823836553059,0.5259674309198974,0.0,0.0,0.0,3.084358135433273,1.0,12.656952857971191,-10.358053207397461,1.4199999570846558
4.001224517822266,0.32005279688816524,0.9459826348133431,-0.21248580371326947,-0.15240849562481007,-0.191672346240435,0.9658606672686418,-0.05413649370332633,-0.16048540531054767,-0.19602766681056197,-0.37880116298984506,-0.37880116298984506,-0.32635820645042896,-0.04416418989978065,-0.33761490090521734,-0.3929453197959416,0.6133435399066056,0.32760057418406935,-0.30066612663688125,0.6093291370296363,-2.028155553738326,1.7134649117255396,0.0,0.0,0.0,3.0752912657080262,1.0,12.812799453735352,-10.485145568847656,1.4299999475479126
4.02010440826416,0.20835715823050793,0.9453660612429928,-0.2151758000975867,-0.15551568315071346,-0.18920163211885885,0.9215563243170233,-0.24648001760578098,-0.11540549834690222,-0.27688104482548925,-0.38489489424613993,-0.3848948942461399,-0.31914874335214416,-0.42971200081010086,-0.3567136194177484,-0.5050989556284883,0.7487497402792496,0.296848447550006,-0.3468218262039243,-3.2648547172045785,-0.7619469665291227,-0.6305730953400555,0.0,0.0,0.0,3.4179095508074577,1.0,12.979777336120605,-10.60315990447998,1.4299999475479126
4.04010272026062,0.34229476149590604,0.9447296991040572,-0.21790607013434857,-0.15877978019095948,-0.1865253913864604,0.9437768362110298,-0.14462902239194306,-0.04736775964516993,-0.29346895007759666,-0.391199941553306,-0.391199941553306,-0.3113881913764392,-0.2516523572826804,-0.17519224525218643,-0.5807304862851308,0.7230109312175772,0.2507796664905637,-0.4342024804564019,-0.7564234421543636,0.3595067075522995,-0.5402487017090423,0.0,0.0,0.0,3.0646509435866673,1.0,13.124491691589355,-10.730253219604492,1.4299999475479126
4.060102939605713,0.38129109446481635,0.9441117740658737,-0.22051351030010558,-0.16201467264054242,-0.183787909543832,0.967927630709655,-0.07265313728628375,-0.05575793103099621,-0.23394160912158515,-0.3973491193962984,-0.3973491193962984,-0.3035023514159096,-0.11598926444029667,-0.1424133743561657,-0.46600841778155516,0.5323160048722372,0.27471863503936556,-0.3009051373952044,1.3207915177831482,0.2199702965672441,0.3546379709249641,0.0,0.0,0.0,2.9760310730183166,1.0,13.124491691589355,-10.730253219604492,1.4299999475479126
4.080125093460083,0.390424196538896,0.943512953457329,-0.22300003551835726,-0.1652219029083424,-0.1809862249354508,0.967927630709655,-0.07265313728628375,-0.05575793103099621,-0.23394160912158515,-0.403345840846645,-0.40334584084664493,-0.2954862647767455,-0.11598926444029667,-0.1424133743561657,-0.46600841778155516,0.5323160048722372,0.27471863503936556,-0.3009051373952044,1.3879275859015876,0.2670203546728107,0.30131575637342134,0.0,0.0,0.0,2.979509422119045,1.0,13.124491691589355,-10.730253219604492,1.4299999475479126
4.100181818008423,0.39941575371954824,0.9429341462903447,-0.22536631840307572,-0.1684016763014133,-0.1781182015067977,0.967927630709655,-0.07265313728628375,-0.05575793103099621,-0.23394160912158515,-0.40919080544188574,-0.40919080544188574,-0.2873375797591064,-0.11598926444029667,-0.1424133743561657,-0.46600841778155516,0.5323160048722372,0.27471863503936556,-0.3009051373952044,1.4526523678917198,0.3139827684939218,0.24652148603180812,0.0,0.0,0.0,2.9829877712197725,1.0,13.124491691589355,-10.730253219604492,1.4299999475479126
4.120107889175415,0.21326274645439255,0.9423811037458217,-0.2275934933842986,-0.17152633162661676,-0.1752078041374121,0.9543955143315197,-0.12681037730048134,-0.2039836340682191,-0.17731048323521828,-0.4148347040571541,-0.41483470405715406,-0.27912751263502006,-0.18955054965026516,-0.44929626382889215,-0.3239409515877365,0.7143063584360478,0.30419801502611227,-0.27554803798790384,-1.009537473876573,-2.150050165496764,1.5981426017112792,0.0,0.0,0.0,3.3301927276052523,1.0,13.280338287353516,-10.857345581054688,1.4299999475479126
4.140094757080078,0.31046428312152985,0.9418494720444273,-0.22970344494712142,-0.17462433467391492,-0.17222729495858324,0.9520826415744038,-0.0883679358942795,-0.17435891771711207,-0.23522057590909715,-0.42033036208544244,-0.4203303620854424,-0.27078106785578804,-0.09310744939309928,-0.38286558626088574,-0.46636014601756626,0.7698294111989844,0.17820268968001757,-0.16233967059629553,-0.14905283088134125,-1.4483040148641964,-0.009603422690033225,0.0,0.0,0.0,3.1879273272137176,1.0,13.425052642822266,-10.96628189086914,1.440000057220459
4.16010594367981,0.20381842426162702,0.9413413858387307,-0.23169146389909742,-0.17768802780901008,-0.1691816350460524,0.9476164214328725,-0.2705002045210188,-0.08658399801138146,-0.14613681422970945,-0.4256644935900057,-0.4256644935900057,-0.26231610491306867,-0.5264118675604531,-0.24561912339015596,-0.23952545197580652,0.4259491426949934,0.20062455018074726,-0.1556044816949966,-2.178997801549785,1.1731019358184676,0.5174337214133947,0.0,0.0,0.0,3.5264523585501535,1.0,13.592031478881836,-11.084297180175781,1.440000057220459
4.180098056793213,0.2547564943238628,0.9408589097876147,-0.23355322290058597,-0.1807089511198169,-0.16607732816729034,0.9505552700222923,-0.12307690233158934,-0.17139215623653584,-0.2278628612255587,-0.4308233345613251,-0.430823334561325,-0.25375431897301887,-0.169470604564651,-0.3918780238671084,-0.4368369504918952,0.8035413800228515,0.27699781802373635,-0.15919838631814828,-0.8357704403765318,-1.553187551214028,-0.13786707735980952,0.0,0.0,0.0,3.2610886042532776,1.0,13.736745834350586,-11.202312469482422,1.440000057220459
4.200117588043213,0.1645756285834133,0.9404018275181827,-0.235293102256659,-0.18369227191281462,-0.1629070534704006,0.9532626990094413,-0.2474707653346737,-0.10820299330362645,-0.1354273208109856,-0.4358167075992422,-0.43581670759924207,-0.24507916553097023,-0.4780155789904286,-0.27684314129523346,-0.21438038334573384,0.4584964406704015,0.2556214600953411,-0.2984929999272551,-1.8575037794715856,0.6135605000572333,1.3527333665863188,0.0,0.0,0.0,3.4907842972507046,1.0,13.881460189819336,-11.311248779296875,1.440000057220459
4.220152139663696,0.13062974131255642,0.9399713294942212,-0.23690985200423528,-0.18663414720758673,-0.1596725300366162,0.9451333871820558,-0.2659583586948017,-0.13438591529339758,-0.13390092473503395,-0.4406389684904484,-0.4406389684904482,-0.2362991736076826,-0.5162016254386433,-0.33127542542319915,-0.19327047865474511,0.3684602849215164,0.36656863976475607,-0.14193125201046755,-1.924822646262949,-0.24989351894930745,0.7127099029542463,0.0,0.0,0.0,3.6293694642077585,1.0,13.881460189819336,-11.311248779296875,1.440000057220459
4.240107297897339,0.13172012124670385,0.9395700659849332,-0.23839676580705693,-0.1895190486490087,-0.15638926867588598,0.9451333871820558,-0.2659583586948017,-0.13438591529339758,-0.13390092473503395,-0.44526631280057927,-0.4452663128005795,-0.22745969024197815,-0.5162016254386433,-0.33127542542319915,-0.19327047865474511,0.3684602849215164,0.36656863976475607,-0.14193125201046755,-1.8780313199203906,-0.2157289009668648,0.6403732278359044,0.0,0.0,0.0,3.633455001554298,1.0,13.881460189819336,-11.311248779296875,1.440000057220459
4.260107755661011,0.13342573695780394,0.9391961415106891,-0.23976385482270832,-0.1923632201805218,-0.15303690147728774,0.9451333871820558,-0.2659583586948017,-0.13438591529339758,-0.13390092473503395,-0.44972625306338876,-0.4497262530633887,-0.21850926137252127,-0.5162016254386433,-0.33127542542319915,-0.19327047865474511,0.3684602849215164,0.36656863976475607,-0.14193125201046755,-1.8335737610414782,-0.18245435907175844,0.5665516475095314,0.0,0.0,0.0,3.6375405389008373,1.0,13.881460189819336,-11.311248779296875,1.440000057220459
4.280139446258545,0.33821105924266004,0.9388505953443219,-0.2410099424125582,-0.19516246414438915,-0.14961744506907546,0.9426656764772369,-0.09197405001940866,-0.23522488659934848,-0.21815464523833614,-0.45401284275182435,-0.45401284275182435,-0.20945724770560528,-0.08094281162626575,-0.5047698272646843,-0.4339547080736605,0.9278712034658716,0.34486326460206607,-0.2558135150788004,-0.7470096065689864,-2.893144751354825,0.5225793731927417,0.0,0.0,0.0,3.4465296584763605,1.0,14.026174545288086,-11.4292631149292,1.440000057220459
4.300088405609131,0.36487753376299914,0.9385358212994821,-0.2421289883813641,-0.19789911200226512,-0.14615062980308566,0.9536812089020823,-0.1418134889933041,-0.08806959628688737,-0.2502495401323921,-0.4581006830320923,-0.45810068303209234,-0.20035908815307213,-0.23533196399020484,-0.24129278532260448,-0.4845756396113323,0.24564227515180645,0.38609808882871144,-0.4506944821850159,1.7068221352616813,-0.2201992307522902,-0.24177426428360804,0.0,0.0,0.0,3.1942459628729583,1.0,14.170888900756836,-11.556356430053711,1.440000057220459
4.320096492767334,0.3482026891733925,0.9382499978175072,-0.24312982564484342,-0.20059076045096236,-0.14261197810513915,0.9268407587800551,-0.26925408020612407,-0.06883956000416606,-0.2524471491912684,-0.4620175264791674,-0.46201752647916744,-0.19115387839662568,-0.5022209323188659,-0.26670199432520253,-0.4630490013673597,0.1497584778242309,0.32222528876386214,-0.42586723251932124,-0.3283096768399053,0.6780668693572622,-1.1355885431515538,0.0,0.0,0.0,3.5753221719203694,1.0,14.326735496520996,-11.656214714050293,1.4500000476837158
4.340099096298218,0.14657021590139407,0.9379945649843687,-0.24400947291471325,-0.20322653366948745,-0.1390127663214914,0.9589128756661477,-0.21600590134613543,-0.1434198101133136,-0.11514471560772487,-0.46574842227312085,-0.4657484222731211,-0.1818747017869684,-0.4148882495895709,-0.3307982266034087,-0.16877564227146408,1.1057351100847104,0.30420579637132533,-0.4119666395494107,-3.7262456249515212,0.028791093291318015,1.975740073587249,0.0,0.0,0.0,3.5094717823881196,1.0,14.471449851989746,-11.774229049682617,1.4500000476837158
4.360098600387573,0.21302896229772716,0.9377697973563932,-0.24476893076222245,-0.2058047977556835,-0.13535273517890173,0.9312536303484786,-0.2718636149747978,-0.13006650451371252,-0.20479149205764935,-0.46929244167806505,-0.46929244167806516,-0.17252421332624546,-0.5056391373288756,-0.3614175075465096,-0.3385967875254251,0.3619895202545194,0.294369301032402,-0.5132088956719696,-1.497184426832844,-0.0503789078346526,0.25055264161822155,0.0,0.0,0.0,3.7209928965945105,1.0,14.605032920837402,-11.8740873336792,1.4500000476837158
4.380130052566528,0.2705648979539376,0.9375756199502067,-0.24541016606042473,-0.20832794775487642,-0.13162550457043526,0.9642114509650198,-0.11568016947381288,-0.18692302568210864,-0.14823683310259606,-0.472653970314861,-0.472653970314861,-0.16308962059431778,-0.18351153172436058,-0.40580963386496033,-0.2672324364202165,-0.003206630476527611,0.2248691157672948,-0.5359866957262006,2.7017549886868997,-0.8101693442246328,2.338046313324562,0.0,0.0,0.0,3.374483103192816,1.0,14.605032920837402,-11.8740873336792,1.4500000476837158
4.400105714797974,0.2734791417099678,0.937413007427662,-0.24593154867070963,-0.21078303742786278,-0.1278477141232361,0.9642114509650198,-0.11568016947381288,-0.18692302568210864,-0.14823683310259606,-0.4758172791021724,-0.47581727910217253,-0.15361613492014853,-0.18351153172436058,-0.40580963386496033,-0.2672324364202165,-0.003206630476527611,0.2248691157672948,-0.5359866957262006,2.733587486011442,-0.7725029831363257,2.261945704973306,0.0,0.0,0.0,3.3781361487079207,1.0,14.605032920837402,-11.8740873336792,1.4500000476837158
4.42009973526001,0.16726186006124963,0.9372813765260689,-0.2463363814367462,-0.21317734454125176,-0.12400575862591251,0.9567074262939139,-0.22931676171227403,-0.13380198145418795,-0.1192549916389441,-0.47879337522060156,-0.4787933752206018,-0.14407256451130504,-0.44233616367676215,-0.3159431065681256,-0.17641874359653215,0.2191850882184779,0.24380821183895884,-0.5785134071845229,-0.2853851201993717,0.5767271361260904,2.13279173032882,0.0,0.0,0.0,3.575205142253083,1.0,14.738615036010742,-11.99210262298584,1.4500000476837158
4.440143823623657,0.25056106767408964,0.9371807148843978,-0.24662581356277274,-0.21551232206096899,-0.1200935251092195,0.9338724944590373,-0.2482963365432566,-0.137218397955751,-0.21772047357681024,-0.4815848069638313,-0.48158480696383127,-0.13444728967743966,-0.4487441148622866,-0.372996332402539,-0.3720210726167323,1.1371631350962041,0.2938483896716736,-0.548628790703162,-3.9874339558752934,-0.19967582068057765,-0.036699041699561175,0.0,0.0,0.0,3.6781620914004582,1.0,14.883329391479492,-12.091961860656738,1.4500000476837158
4.46009373664856,0.2816119939997906,0.937111609641669,-0.24679931284873363,-0.2177693718073146,-0.11613970447198763,0.9408676346621957,-0.14158315275790095,-0.22581744328314718,-0.2091142922168658,-0.4841710088187963,-0.48417100881879627,-0.12481359789457641,-0.19783758336227336,-0.5053831969822378,-0.38616402291798957,0.04288903182098444,0.23391856216884335,-0.33850574742800454,2.2052156019484204,-1.7734708909248318,0.11817846282104694,0.0,0.0,0.0,3.6043493646449,1.0,15.016912460327148,-12.209976196289062,1.4500000476837158
4.480112791061401,0.0820998197051254,0.937073332830665,-0.24685974888016793,-0.21996507940234922,-0.11211243072901503,0.9386480795231797,-0.21903423591700294,-0.24721378333983873,-0.09924279132765355,-0.48657247657415903,-0.48657247657415886,-0.11509659004718373,-0.433761223648972,-0.5323605427877317,-0.09066562296624633,-0.0940207124454661,0.2455857327351398,-0.2941052926557449,0.7876328109365174,-1.4849476204714689,1.6780930495292865,0.0,0.0,0.0,3.9594197641498248,1.0,15.016912460327148,-12.209976196289062,1.4500000476837158
4.500122785568237,0.23346407854196483,0.9370660016952844,-0.24680766817260294,-0.2220885393084812,-0.10802760807238637,0.9429339690122114,-0.20775254947163668,-0.16459875563644785,-0.2015481528415633,-0.4887779964891402,-0.48877799648914044,-0.10533788562555244,-0.36196476762755375,-0.4051491075336461,-0.34602236873891895,1.073394570818695,0.26476302809896546,-0.42845819241533056,-2.9930621180935484,-0.501565884854967,-0.13649214387363662,0.0,0.0,0.0,3.6424497550963135,1.0,15.284077644348145,-12.400615692138672,1.440000057220459
4.520118474960327,0.26566818443857126,0.9370893248819896,-0.2466446329417463,-0.22413730752071528,-0.10388690779213994,0.9023488455313925,-0.26104809627354897,-0.2572593751970038,-0.2267996170044524,-0.4907864495648499,-0.4907864495648499,-0.09554402610068845,-0.4512645256664754,-0.6220305924167117,-0.3451820150033781,0.4551980031054099,0.3735283488306755,-0.39910375034365997,-1.779942212318781,-2.8470014417546734,-0.6805498373454832,0.0,0.0,0.0,4.28529063699386,1.0,15.284077644348145,-12.400615692138672,1.440000057220459
4.540137529373169,0.27264265404319327,0.9371430620583754,-0.24637166943871172,-0.22611318477694317,-0.09968304471604975,0.9023488455313925,-0.26104809627354897,-0.2572593751970038,-0.2267996170044524,-0.49260068174064464,-0.4926006817406445,-0.08570045710877038,-0.4512645256664754,-0.6220305924167117,-0.3451820150033781,0.4551980031054099,0.3735283488306755,-0.39910375034365997,-1.7545567102408024,-2.832329367083003,-0.7683810369646027,0.0,0.0,0.0,4.289884923953508,1.0,15.284077644348145,-12.400615692138672,1.440000057220459
4.560124635696411,0.0995265978066161,0.9372266769630644,-0.24599106087098835,-0.22800876310435467,-0.09542828672861978,0.9294098167183276,-0.27991722945727116,-0.23284877083543168,-0.060209527161396506,-0.49421508197157127,-0.4942150819715711,-0.07583833299745715,-0.5902343950428729,-0.48536500018967704,0.020847203571383758,-0.13286353163026238,0.3630747162963488,-0.5539186941191622,-0.3127748223392661,-1.3406484817069568,2.730017702783864,0.0,0.0,0.0,4.274550991785525,1.0,15.417659759521484,-12.509552001953125,1.440000057220459
4.580112457275391,0.24475407668502802,0.9373398061900534,-0.24550394580068846,-0.22982533580855125,-0.09111649328399396,0.9346194861173122,-0.25252085801422613,-0.16093237344743389,-0.19188643415871237,-0.49563210471806507,-0.49563210471806485,-0.0659455591586048,-0.4635758240156881,-0.409043280516351,-0.3071540870064333,0.9069697012194862,0.19954748116156146,-0.6112783371747652,-3.1840450009330965,-0.0011728077474932874,0.1805193251331012,0.0,0.0,0.0,3.839084749430549,1.0,15.55124282836914,-12.600332260131836,1.440000057220459
4.600121736526489,0.22712542499232544,0.9374821257675957,-0.24491119863909624,-0.23156268037081465,-0.08674383959057058,0.9039843820283667,-0.24522143286216833,-0.31163782617331653,-0.15987667500854214,-0.4968523246646774,-0.49685232466467727,-0.05601577880656476,-0.46476400037105164,-0.6968977117442663,-0.17857526861834289,0.2990387713426803,0.29231070861848796,-0.38086454863964003,-1.1662751217705607,-3.1834425286563452,0.48491844157536823,0.0,0.0,0.0,4.603107454772836,1.0,15.662561416625977,-12.700191497802734,1.440000057220459
4.621103525161743,0.09970399813056245,0.9376620018697458,-0.24417843658815147,-0.23329508278383404,-0.08209912121253798,0.9248040302913718,-0.26538368563380954,-0.2425935250988668,-0.12432773840280537,-0.4979181876698527,-0.4979181876698527,-0.04557936361523036,-0.5260867788135195,-0.5406484285870107,-0.11830680654859883,-0.18654325012420583,0.2060055760239948,-0.4037109359425314,0.46747978314762517,-1.2297999639409876,0.7482757613231981,0.0,0.0,0.0,4.2590838521648475,1.0,15.785012245178223,-12.790971755981445,1.440000057220459
4.640098571777344,0.15596660068375465,0.937851323791744,-0.24341843567314936,-0.2347826838779672,-0.07784247547174182,0.910588485012099,-0.2651439583451806,-0.30026658180243515,-0.10181980244088586,-0.498694093066411,-0.498694093066411,-0.03611373063904999,-0.5557399340293733,-0.6445420084841286,-0.03278665662968364,0.9208522124384432,0.28712977586282884,-0.4560159061953638,-4.0,-2.5877262588726637,1.5486603602808406,1.0,0.0,0.0,4.656610082125029,1.0,15.907463073730469,-12.899908065795898,1.440000057220459
4.660098314285278,0.15722382924018835,0.9380772121127771,-0.24252064418749386,-0.2362641461584561,-0.0733084885781907,0.910588485012099,-0.2651439583451806,-0.30026658180243515,-0.10181980244088586,-0.49931657730535217,-0.49931657730535217,-0.026133419754565616,-0.5557399340293733,-0.6445420084841286,-0.03278665662968364,0.9208522124384432,0.28712977586282884,-0.4560159061953638,-4.0,-2.584317668888093,1.452380885992006,1.0,0.0,0.0,4.661557971777338,1.0,15.907463073730469,-12.899908065795898,1.440000057220459
4.680091142654419,0.2988369382479971,0.9383295488158307,-0.24152480173807744,-0.23765626227771708,-0.06872356920770725,0.9446550293974012,-0.26173144455904673,-0.1195727133533067,-0.1575623450719044,-0.49973923508875306,-0.4997392350887529,-0.016146111386584786,-0.5009020784583303,-0.31349794148128174,-0.24972506825182375,0.19400990936046933,0.26403195805460156,-0.5111184183282849,-0.5401299421200679,0.788601730702573,-0.2804799230867103,0.0,0.0,0.0,3.7936291028551676,1.0,16.0299129486084,-12.99068832397461,1.440000057220459
4.700108289718628,0.16883850382781843,0.938608005719485,-0.24043098474252192,-0.23895920645184068,-0.06408159507174366,0.9347462514442287,-0.18808781698315022,-0.29918685568192244,-0.036873349463266446,-0.4999622966330486,-0.4999622966330486,-0.006140190991126206,-0.4139123295944645,-0.6104038634770246,0.05324882613051261,-0.02640050348399077,0.22112394867703036,-0.4991048709965785,0.8624037401519076,-1.9698054720383777,3.0419971763870333,0.0,0.0,0.0,4.2196194902719775,1.0,16.15236473083496,-13.072391510009766,1.440000057220459
4.720094203948975,0.23625111376969693,0.9389109957305815,-0.23924406905271198,-0.2401675544916034,-0.0593966605865324,0.9185158581051222,-0.22453683481664802,-0.2786414590609328,-0.1681391254655711,-0.4999851574558904,-0.4999851574558904,0.003852573660360031,-0.40486074710549574,-0.6278177664738198,-0.2290376613131983,0.8506178212797769,0.20098841140458587,-0.5124593209255881,-2.747260112421799,-2.162181100666896,0.23835638203018683,0.0,0.0,0.0,4.253571416308551,1.0,16.252552032470703,-13.163171768188477,1.440000057220459
4.740128040313721,0.07089137360746985,0.939238903618455,-0.2379610622530004,-0.24128414217940947,-0.05465141822288795,0.9433136453968237,-0.24130965143972685,-0.21441832005585426,-0.0771608874665018,-0.4998076484728656,-0.4998076484728656,0.01386775136871744,-0.4899486970878849,-0.4575670987199043,-0.04693508993155982,0.4718994196644792,0.09265038818864496,-0.5757208266239513,-1.7931189205836562,0.05026292378285102,1.7404821097642613,0.0,0.0,0.0,3.988831913352923,1.0,16.36387062072754,-13.244874954223633,1.440000057220459
4.760129451751709,0.19900539695862923,0.9395895572708803,-0.2365888546388079,-0.2423025805658806,-0.049866192749427087,0.9047828982059949,-0.26030111435893943,-0.332044016268608,-0.05794832385554442,-0.49943032005970495,-0.499430320059705,0.023861169398431553,-0.591465970170854,-0.6828718772271554,0.08777020416609019,-0.19997253255460073,0.1400503932518845,-0.5677358217343371,0.13926209579492754,-2.429872796623253,2.39407769108973,0.0,0.0,0.0,4.903549085545714,1.0,16.475189208984375,-13.335655212402344,1.440000057220459
4.780121326446533,0.17623656152282222,0.9399623641182661,-0.2351280393496786,-0.2432225722209382,-0.045037090436733804,0.9157927399790219,-0.2621705590321535,-0.2814647105030689,-0.11561951444244727,-0.49885352073057776,-0.49885352073057765,0.03384028449506606,-0.5327074390440588,-0.6140113560807701,-0.0786078981540115,0.5082968942638282,0.005353221906714098,-0.5474869352862514,-2.346327236818931,-1.1654680761429328,0.8895696634754153,0.0,0.0,0.0,4.480297746209731,1.0,16.575376510620117,-13.4173583984375,1.440000057220459
4.800113677978516,0.2623754179052847,0.9403565421788628,-0.2335798436819722,-0.2440429150672051,-0.04016323956579346,0.8925887405009477,-0.32635782066391117,-0.2939400592589702,-0.10185850374547645,-0.4980773278458714,-0.4980773278458716,0.04380611242642155,-0.705130210050991,-0.6325704617642821,0.012428884250523476,0.33690879448594585,0.2324325220642377,-0.4827505856645533,-3.054629420216118,-2.314990200089989,0.5125844272309996,0.0,0.0,0.0,5.1216535123672475,1.0,16.67556381225586,-13.489982604980469,1.440000057220459
4.820249557495117,0.3039260295310453,0.9407741461479234,-0.23193418874766544,-0.2447666851438298,-0.03521090560194785,0.9048403303980713,-0.27129280560636987,-0.2786422744653213,-0.17327051968562376,-0.49709434262735075,-0.4970943426273508,0.05382577939874165,-0.5146071079516606,-0.6413373954861799,-0.2040560691135606,-0.08899421322260462,0.07019797839747915,-0.6712020605820567,0.10073193969696603,-1.7067833462563653,0.026309270246430927,0.0,0.0,0.0,4.514547285586938,1.0,16.67556381225586,-13.489982604980469,1.440000057220459
4.840112686157227,0.03802314746082044,0.9412053393476711,-0.23022785173436877,-0.24537826006369878,-0.030284566322209567,0.946422749496758,-0.22249552988235174,-0.2308923089274949,-0.0383204918483423,-0.49592720500748855,-0.4959272050074884,0.06368836105176907,-0.46994146589248603,-0.47135701997022333,0.03391428994993632,0.030711951648777755,0.18549411276365715,-0.6138855768297636,0.09494095169374961,-0.4853718571583253,2.278678812594595,0.0,0.0,0.0,3.964132877019463,1.0,16.77574920654297,-13.562606811523438,1.440000057220459
4.860106468200684,0.1994262667976758,0.9416576393275612,-0.22842901870211466,-0.24588955349543554,-0.02528638354231033,0.9247880312181833,-0.3069475696634135,-0.21235344048825422,-0.07386679298657711,-0.4945547981593712,-0.49455479815937115,0.07359043156242268,-0.6393337311687507,-0.4534954134988019,-0.006963410838843659,0.5865111364774352,0.12077604344520626,-0.5327160494959922,-3.6459981292108985,-0.11670914301682878,0.6680602404237117,0.0,0.0,0.0,4.357503324034513,1.0,16.87593650817871,-13.644309043884277,1.440000057220459
4.880086183547974,0.2748000573088207,0.9421268782496975,-0.2265519626738101,-0.24629439094911296,-0.020254048363962947,0.8955236724424852,-0.34446310026634147,-0.2810880440498304,0.01928823844381173,-0.492985872964545,-0.49298587296454505,0.08345615050663087,-0.8041581882780131,-0.5122662194017881,0.2648877020776971,-0.2379861972598149,0.03695840693790278,-0.5790231512582484,-1.6898363208038296,-0.806065295769297,2.6191259295093463,0.0,0.0,0.0,5.180710443416304,1.0,16.976123809814453,-13.707855224609375,1.440000057220459
4.900106430053711,0.17555679115569758,0.9426132950652274,-0.224593383419953,-0.2465921460422144,-0.0151756911061076,0.9101786377452278,-0.28822956473518246,-0.2973153334140096,-0.010107320204940982,-0.49121637826928954,-0.4912163782692896,0.09330846542518097,-0.6682362841662827,-0.5788320149043116,0.18379593636259803,0.20919821570519265,0.08864995696732123,-0.43404214935045493,-2.2225628600889773,-1.4287285666590628,1.7358727015690687,0.0,0.0,0.0,4.768083172263461,1.0,17.0651798248291,-13.78048038482666,1.440000057220459
4.920113563537598,0.1596516126415114,0.9431145269009257,-0.2225603674105618,-0.24678032678551004,-0.010066892179611896,0.9372619516027655,-0.26976346704719756,-0.21149086879112466,-0.06355563187024578,-0.4892513577978886,-0.48925135779788875,0.10311696704675889,-0.5592298936534712,-0.4453066704412874,-0.005575264702420035,0.4449321236728955,0.1104615374184609,-0.5478427703957155,-2.425033623927849,-0.03367784981267957,0.791215966324331,0.0,0.0,0.0,4.088996335393984,1.0,17.16536521911621,-13.853104591369629,1.440000057220459
4.940108060836792,0.3269355211152577,0.9436294529874601,-0.22045501672427062,-0.24685772994167174,-0.00492972856584431,0.8845199407970715,-0.29961119116501084,-0.34644531615754054,-0.08850565729675369,-0.4870919300750156,-0.4870919300750156,0.11287803885520034,-0.679310165987053,-0.728713145258664,0.06845232610050643,-0.3087788405232509,0.1355513898896896,-0.606975540911705,-0.11657787412467369,-3.0742042358450847,0.8930655174351387,0.0,0.0,0.0,5.370578877824383,1.0,17.243289947509766,-13.916650772094727,1.440000057220459
4.960083723068237,0.25909114577654263,0.9441567712264751,-0.21828016346332152,-0.2468232318904503,0.00023191545015689013,0.938408630760644,-0.30671630150373375,-0.15667962444933045,-0.027673947825000107,-0.4847400882455831,-0.48474008824558296,0.12258485570275147,-0.6392196517425547,-0.31628198767763516,0.04649562345096795,0.25778381852442395,0.0013270315545280409,-0.6183531840834564,-2.5888427526076443,1.546274206524442,1.1163961071329922,0.0,0.0,0.0,4.0828652540900086,1.0,17.321212768554688,-13.989274978637695,1.440000057220459
4.980095386505127,0.13299809938659038,0.9446968283356066,-0.2160317595030341,-0.24667528698508429,0.0054299364172141415,0.9363157189612328,-0.25585923516383136,-0.23606604073370205,-0.04606246432620452,-0.48219006721388824,-0.48219006721388824,0.13226011900896636,-0.5431440091791288,-0.48435280323918617,0.03904070993127155,0.3548598167663332,-0.07573196675800428,-0.5119506751091987,-1.955262877940291,0.23522494964007346,0.8334909624789795,0.0,0.0,0.0,4.1021224782213705,1.0,17.39913558959961,-14.03466510772705,1.440000057220459
5.000122547149658,0.23733072249157627,0.9452479936919801,-0.2137138612768919,-0.246412358650903,0.010656707911294104,0.9053558514835703,-0.27901450842975367,-0.3167362110631239,-0.04647428182918962,-0.4794447527352314,-0.4794447527352315,0.14188984838476928,-0.6365356734329507,-0.642816237038062,0.11594580286818656,-0.18592814531017968,-0.04083000028359851,-0.5479341763695634,-0.3647595540718712,-1.6208594307394066,1.0989459260813828,0.0,0.0,0.0,4.812065105508433,1.0,17.47705841064453,-14.098212242126465,1.440000057220459
5.020097732543945,0.1500755373288642,0.9458072629415019,-0.211336477368121,-0.24603446269251644,0.0158920693537076,0.9472261884322696,-0.17202002037557013,-0.26681556768103143,-0.04450969985421063,-0.4765150172144807,-0.47651501721448075,0.15143790268318927,-0.36175184115941544,-0.5477673106618454,0.008754738686764652,-0.0362999805280247,-0.026705103229658425,-0.5772003512739686,1.1987365798325031,-0.5221014416673977,1.447081949526936,0.0,0.0,0.0,3.857357530147301,1.0,17.554981231689453,-14.161758422851562,1.4500000476837158
5.040095090866089,0.3463004835325058,0.9463755759261118,-0.20889294212662937,-0.24553933618153337,0.021152834508244456,0.8875634438403277,-0.3447596758765683,-0.3017176787942759,-0.04835639927429726,-0.4733915863900636,-0.47339158639006385,0.16093603056835576,-0.7876318084284991,-0.6052039785334298,0.14914608871136456,0.3702396784495441,-0.04297626989257139,-0.46473525655195347,-3.9331750218031845,-1.5281040824389893,0.13567770224806108,0.0,0.0,0.0,5.294846561396253,1.0,17.62177276611328,-14.207148551940918,1.4500000476837158
5.060124397277832,0.34459924143569814,0.946952132991501,-0.20638381760452823,-0.24492520777073618,0.026438991135989715,0.9057290256109921,-0.2612726463713198,-0.31296884246722795,-0.11593981226745931,-0.47007341202854314,-0.47007341202854314,0.17038482122490706,-0.5406054157472164,-0.6783558552496873,-0.05973161214397194,-0.24310417031859338,-0.028751110169822944,-0.5858695522616575,0.4961424274245779,-1.9923261473619547,-0.3192531290071958,0.0,0.0,0.0,4.59089837320532,1.0,17.71082878112793,-14.261616706848145,1.4500000476837158
5.080102443695068,0.27997024772201423,0.9475334292783646,-0.20382161901854026,-0.24419381783251312,0.031725815246023394,0.9497756926879569,-0.2284580312417553,-0.19138951014820718,-0.09541025597640047,-0.4665758773095431,-0.46657587730954314,0.17974134391627922,-0.4502015848191326,-0.4193301047079176,-0.10286541075581707,0.16653330807685574,-0.18934555853023693,-0.5285179832772101,-0.536457622193937,1.2351163034934545,-0.6322387514287229,0.0,0.0,0.0,3.719382112436442,1.0,17.777620315551758,-14.307007789611816,1.4500000476837158
5.100097417831421,0.30066173009353675,0.9481203458475681,-0.20119974870364749,-0.24334206695358046,0.03702849392341038,0.891490051737141,-0.30911486303612656,-0.3302665159301126,0.02484990058835487,-0.4628889280813356,-0.4628889280813356,0.18903396588896962,-0.7653851650724166,-0.6107666557051985,0.3081814170096997,0.12476038092454429,-0.0621063352788056,-0.654927739959957,-2.6496069429313502,-1.8044073693075942,2.255292013633089,0.0,0.0,0.0,5.143315257325627,1.0,17.822147369384766,-14.352397918701172,1.4600000381469727
5.12012505531311,0.16727700531523432,0.948712288351869,-0.19851791888173317,-0.24236800220195484,0.042348333162697385,0.9368212110273872,-0.2594930533510472,-0.23422183155275053,-0.01301950290161174,-0.4590104467062178,-0.4590104467062178,0.19826600771326966,-0.566029474128152,-0.46184984077418534,0.10874947751899271,-0.2657136881526803,-0.024356908370656905,-0.6529288647916154,0.12017402832743196,-0.07711931361478369,1.2433122287880616,0.0,0.0,0.0,4.013903646974697,1.0,17.888938903808594,-14.397788047790527,1.4600000381469727
5.140124320983887,0.30450218837296794,0.9493063970876522,-0.19578626029988802,-0.24127379465918178,0.0476661382640177,0.9269797769676842,-0.2199780359594725,-0.28930412941584427,-0.09285083462896705,-0.4549537441761595,-0.45495374417615964,0.20740561868014445,-0.4485244483822438,-0.6153060186836508,-0.05496369351190775,0.11785323890092234,-0.2270511313907746,-0.5768826856314393,-0.2942963357574441,-0.6847305454736992,-0.2677212453756219,0.0,0.0,0.0,4.112044651807045,1.0,17.944597244262695,-14.4431791305542,1.4600000381469727
5.160101413726807,0.10898569188868762,0.9499018102470627,-0.1930060858040895,-0.24005888874944514,0.05298048380601629,0.9364750937416109,-0.20560575538063242,-0.2830454674623968,0.025018703103756604,-0.45071987906833716,-0.4507198790683372,0.21645228253040794,-0.48630768861418394,-0.5466660821603702,0.19228363001626766,-0.10274129330049418,-0.026848066763440315,-0.48099454062407954,0.2995659092625036,-0.8950189732468359,1.5124264915346843,0.0,0.0,0.0,3.97733861598484,1.0,18.00025749206543,-14.479491233825684,1.4700000286102295
5.180092096328735,0.3661018880386484,0.9504985800131829,-0.1901743917121459,-0.2387205934967898,0.058297756135023304,0.9050576110700617,-0.3077901502575234,-0.2861411409292008,-0.06526248169001528,-0.4463030813784433,-0.4463030813784434,0.22541863177676,-0.6769670877782091,-0.5921216479350051,0.06996928016092696,-0.1714846342396007,-0.07969623803093842,-0.5597535702187189,-1.0775501689600278,-1.4067267668887355,-0.4380627990194652,0.0,0.0,0.0,4.635069053624474,1.0,18.05591583251953,-14.515803337097168,1.4700000286102295
5.200113296508789,0.27354973050936227,0.9510962236053526,-0.18729054392789454,-0.23725685805587723,0.06361924947909708,0.9611238788895831,-0.1449692216246298,-0.22570776060717238,-0.06542798339767474,-0.44170078437352167,-0.4417007843735216,0.2343083803106831,-0.2831928601056933,-0.469943963601047,-0.06771421452347606,0.24001175720312765,-0.2740872053695097,-0.5663595238813145,0.48019958987599887,0.9340799670767134,-0.04448791534749175,0.0,0.0,0.0,3.4799863143493552,1.0,18.100444793701172,-14.552115440368652,1.4800000190734863
5.220112323760986,0.24886355591225665,0.9516922037059713,-0.1843640093813286,-0.23567103298234574,0.0689276843013559,0.9282066917835459,-0.3021687513900265,-0.21186737953242413,0.04731380878455747,-0.43692682842986036,-0.43692682842986025,0.24309452194202846,-0.6738256584397878,-0.37333199601660716,0.23397228663598893,-0.004409520263215019,-0.08155294161577586,-0.665827249273511,-2.242175999148777,0.4264931212272605,1.6412558551515724,0.0,0.0,0.0,4.098701070276418,1.0,18.100444793701172,-14.552115440368652,1.4800000190734863
5.240212678909302,0.04537326964710171,0.9522892502185155,-0.18137834536808659,-0.23395225161991887,0.07425243236260262,0.957503004807405,-0.1660868709753034,-0.2281985625486309,0.05940170978315305,-0.4319526096759912,-0.4319526096759912,0.2518272086056245,-0.38959495078069833,-0.4304391455117308,0.21012541875524515,-0.3818593980184355,-0.1162661775705619,-0.6000555786088815,1.8985316609091603,0.5678802214071522,2.160313571053793,0.0,0.0,0.0,3.5377832732861294,1.0,18.14497184753418,-14.588427543640137,1.4800000190734863
5.2601118087768555,0.10507617699546119,0.9528774898521937,-0.17838067352256629,-0.23212707199597096,0.07951004397681806,0.9539941723550018,-0.2029569613720373,-0.19376371145865642,0.10563718599570389,-0.42685627958092076,-0.4268562795809208,0.26037226538618663,-0.47018983882163673,-0.3329360957062742,0.30101208927693607,0.19738778109204363,-0.29580188393975154,-0.6471397371442247,-1.4362328515444625,1.9736337436323497,2.833740432552863,0.0,0.0,0.0,3.5115270778783985,1.0,18.189498901367188,-14.61566162109375,1.4900000095367432
5.280104875564575,0.2698950803922011,0.9534647996110323,-0.17532869845118695,-0.2301692714027909,0.08477517268643599,0.9361511191397779,-0.17824126088570547,-0.3017603553576194,-0.028139349417827086,-0.4215656770498113,-0.42156567704981124,0.2688538263323292,-0.3975326642126665,-0.6126258739708004,0.06713779964718194,-0.19014724984763767,-0.16925471206084544,-0.44555330223097583,1.2855087787546449,-1.16875565008504,-0.10400004592583323,0.0,0.0,0.0,3.9177391409262334,1.0,18.234025955200195,-14.642895698547363,1.4900000095367432
5.30009126663208,0.2688470954502433,0.9540473615220835,-0.1722393188515221,-0.22808783558199447,0.09001771088977781,0.9381035572458216,-0.29192322188870085,-0.17407464706135878,0.06663756939834307,-0.416108421439585,-0.416108421439585,0.2772251460583197,-0.6386478870242756,-0.29181815077095224,0.23893122490250432,-0.2778197471566078,-0.20477073009022667,-0.5016708716803291,-1.2179146037302504,1.4809609515667863,0.8572399920084943,0.0,0.0,0.0,3.823687392283879,1.0,18.26742172241211,-14.679207801818848,1.5
5.320088863372803,0.3170083124782898,0.954624889568823,-0.1691115362688137,-0.22588090296502256,0.09523878512570585,0.92446209041172,-0.31608769940493897,-0.17940142405494974,0.1152108446438176,-0.41048175534275494,-0.41048175534275494,0.285490330012648,-0.7047495560048201,-0.2618481747283935,0.3447366994635999,0.16230178966047115,-0.1631676865473041,-0.7182901253208744,-3.7361258936297186,1.1914095773936881,2.4907438799369728,0.0,0.0,0.0,3.994476318379563,1.0,18.323081970214844,-14.688285827636719,1.5
5.340130805969238,0.2378590668476502,0.9551975450369279,-0.1659417703729572,-0.22354444058682593,0.1004433267252626,0.9609058680270781,-0.19058594599630685,-0.20039549005129548,-0.013362542681751901,-0.40467791929675045,-0.40467791929675034,0.29365929515963346,-0.40279412685528815,-0.40086599489779784,0.055098524046757934,-0.38415338636413676,-0.24152736968372507,-0.6670625150167936,1.547067645017845,1.0066573619148522,0.29563213392490306,0.0,0.0,0.0,3.4540945471273385,1.0,18.345346450805664,-14.724597930908203,1.5099999904632568
5.360090255737305,0.1567520841839676,0.955760988763136,-0.1627518958502664,-0.22109383366612978,0.10559483638166345,0.9380722004428418,-0.21659789370780874,-0.2613196970573025,0.06941120318468122,-0.3987364254624001,-0.39873642546240007,0.30167741547797017,-0.5219602236068338,-0.4782259154204855,0.2777457411751513,-0.14740002932606833,-0.3154112680597147,-0.6988059076545385,-0.2523032095975759,0.18300492771136567,2.0337587726642723,0.0,0.0,0.0,3.8019944996008728,1.0,18.36760902404785,-14.733675956726074,1.5099999904632568
5.380131959915161,0.06990143152479407,0.9563191731461288,-0.15951727268544708,-0.21850920431394566,0.11073213814510911,0.9563179829629889,-0.16854286559455423,-0.1962607158234895,0.13612842959216082,-0.39261062316327866,-0.3926106231632786,0.30960765264983686,-0.40935756567750997,-0.33576161610981203,0.35312558033066693,-0.049087722801696126,-0.22607459669269872,-0.5091764912092344,-0.1365387796017109,1.3908607867323743,2.412023942811832,0.0,0.0,0.0,3.3638387705297443,1.0,18.401004791259766,-14.742753982543945,1.5199999809265137
5.40012001991272,0.38527999343260394,0.9568676388514161,-0.15626141542416852,-0.2158082639644641,0.1158166005941963,0.922872442858355,-0.22615809943458712,-0.30997260491126183,-0.03280171454839585,-0.38634415310342235,-0.38634415310342246,0.31739280924872787,-0.5126362068195441,-0.6273076063240074,0.09855493730101056,-0.3733857517917869,-0.2604404611200025,-0.5387003867348698,0.9092398474432858,-1.5333933441837146,-0.6180159950294928,0.0,0.0,0.0,4.111504185313584,1.0,18.423269271850586,-14.769989013671875,1.5299999713897705
5.420126676559448,0.1425762829224227,0.9574077698760921,-0.15297424894255582,-0.21298213217912107,0.12086295012858327,0.951759094414763,-0.16320316960045322,-0.25221228095139947,0.06251653356071606,-0.37991729005598485,-0.3799172900559849,0.3250582297320231,-0.395553697799881,-0.47764032415161034,0.22868446521406685,-0.05245745416008332,-0.2766971487696983,-0.6798158433846989,0.3400471310143782,0.12830633563839688,1.692143938074914,0.0,0.0,0.0,3.5434881865848507,1.0,18.467796325683594,-14.779067039489746,1.5299999713897705
5.440126180648804,0.27440440917482234,0.957938283245902,-0.1496615538640242,-0.21003500505240197,0.1258608812917555,0.9347665606935596,-0.193662619308828,-0.2961652500013195,0.03150256470882201,-0.37334074287378693,-0.37334074287378705,0.33259087436435913,-0.4699647318408075,-0.5722072348536028,0.2079979576538118,-0.18294156355139382,-0.2615678495362069,-0.5516484197045363,0.43258139299162585,-1.0944117418496468,0.5301055171139617,0.0,0.0,0.0,3.862801882829753,1.0,18.478927612304688,-14.788145065307617,1.5399999618530273
5.46009373664856,0.27203725579090915,0.9584580095820299,-0.14632904581437609,-0.20697166414525217,0.1308005522161622,0.918686490012458,-0.16688750013970444,-0.3351992374380134,0.12571860079830843,-0.366625733637065,-0.36662573363706513,0.33997878086004685,-0.497650684797392,-0.6112899593129519,0.432008155317753,-0.4110393223204926,-0.2986283474221859,-0.5394124162060425,1.4901555616049618,-1.4967869411697916,2.454443677313821,0.0,0.0,0.0,4.030604216144015,1.0,18.490060806274414,-14.80630111694336,1.5399999618530273
5.480100154876709,0.40989010159683065,0.958968285809359,-0.14296638651894353,-0.20378206423349368,0.13569565001985912,0.9149523788271684,-0.23983886831558257,-0.3244274625981554,0.00928887698965865,-0.35975105992224254,-0.3597510599222426,0.3472451221901079,-0.5831390992764571,-0.6300877868130298,0.21530257290860225,-0.04314985898706203,-0.4261037541490978,-0.5044278828067726,-0.9685994457924003,-1.4132221274549506,-0.3370876086110801,0.0,0.0,0.0,4.291959245404882,1.0,18.523456573486328,-14.81537914276123,1.5499999523162842
5.500129222869873,0.08408628250303497,0.959468186989623,-0.13957764706534964,-0.20046922926834676,0.14053813258721537,0.9529629315687836,-0.141662484706453,-0.2380521902052174,0.1229818938751656,-0.3527243716689351,-0.3527243716689352,0.3543804701599043,-0.3702199707513197,-0.4321961104773934,0.33885335102223013,-0.22531207384420449,-0.39343371007604744,-0.5707524834202917,1.019108318451713,0.7715905080685059,2.0609575213550855,0.0,0.0,0.0,3.4271128499235255,1.0,18.534587860107422,-14.81537914276123,1.5499999523162842
5.520106554031372,0.30680289963512875,0.9599554577206015,-0.13617686909373067,-0.19704682552842223,0.14530632493264392,0.930205507796931,-0.24914259406645914,-0.2605250642895715,0.06908235637993282,-0.3455748838453174,-0.3455748838453175,0.3613557798836146,-0.593683952580002,-0.4670576071042117,0.2935215263533636,-0.3269138764623208,-0.36991106780490535,-0.5742034533384278,-0.457341266934044,-0.3922155420582105,0.6475332449482087,0.0,0.0,0.0,3.919879598374877,1.0,18.534587860107422,-14.81537914276123,1.5499999523162842
5.540123701095581,0.12916590992381968,0.9604319565232279,-0.13274985193504518,-0.1935004905774147,0.1500183117038978,0.9457286430724164,-0.1688636587594045,-0.24268585218114785,0.13485538763395208,-0.3382728238674611,-0.33827282386746116,0.36820034849621425,-0.43639890448044827,-0.4262789036959233,0.37918150660284244,-0.28932041312208023,-0.2969460888260105,-0.5964795681862259,0.6308020789901058,0.03748636135604011,2.1296006639922744,0.0,0.0,0.0,3.5136151563582114,1.0,18.545719146728516,-14.81537914276123,1.559999942779541
5.5600905418396,0.24415193176250802,0.9608952020623565,-0.12931335574202335,-0.18984760615099439,0.15464912906000097,0.9374830872652292,-0.21349636941998373,-0.2557339105438321,0.10072203499780778,-0.3308540864603637,-0.3308540864603637,0.37488074566784324,-0.5261144861274131,-0.4516879843835684,0.3376486317778009,0.10463298977693994,-0.27492699338236504,-0.4714405690517141,-1.6883592343480505,-0.6552298458186456,0.7725705304157109,0.0,0.0,0.0,3.7399636750558987,1.0,18.556852340698242,-14.81537914276123,1.559999942779541
5.580136775970459,0.2677596188846663,0.9613478673545932,-0.12584629527430702,-0.18606563515775637,0.15922489538965998,0.96437658293979,-0.17709222968675992,-0.19320415367715799,0.035892944485499095,-0.3232731676871129,-0.323273167687113,0.38143735927874145,-0.3908445619906128,-0.36819329254858607,0.14808795158327026,-0.35800887157032635,-0.4331860028683512,-0.5272912980315494,0.9360444967322737,1.1331528650366898,-0.4445129304119324,0.0,0.0,0.0,3.3701213628258584,1.0,18.567983627319336,-14.81537914276123,1.5700000524520874
5.600111246109009,0.16523369624198542,0.9617862600644047,-0.12237602884531386,-0.18218458002518673,0.16370728852565564,0.9469614615109484,-0.2021775100575527,-0.1756894070980365,0.17754288798348714,-0.31559017764002645,-0.31559017764002634,0.38781804983411566,-0.4794325732406533,-0.26400807221750594,0.43555309121741775,-0.16745086421453093,-0.39167309848135706,-0.6891754425187857,-0.973198706404947,1.4101959936936899,2.764709054533032,0.0,0.0,0.0,3.4068197629656596,1.0,18.567983627319336,-14.81537914276123,1.5700000524520874
5.620098829269409,0.45903424804698295,0.9622120624354232,-0.11888905573703859,-0.17819010642130004,0.1681119427741235,0.9186364676498827,-0.2556792244681661,-0.2989694464446919,0.03677559750238758,-0.30777611064727145,-0.30777611064727145,0.39404805000765897,-0.6188425639597699,-0.5591701965852351,0.2630790196505183,-0.041422331967737924,-0.5253856372322083,-0.5573945752435194,-1.6962011692017762,-1.1502693076072554,-0.3516847149334441,0.0,0.0,0.0,4.2419299906756365,1.0,18.590248107910156,-14.81537914276123,1.5700000524520874
5.640093564987183,0.17090357381328172,0.9626249260099948,-0.11538752227109367,-0.17408501025739753,0.17243369952556167,0.9678951956527196,-0.1464410800657074,-0.18169164211650426,0.09339190268208948,-0.29983622822706946,-0.29983622822706946,0.4001227764606317,-0.3421987916001493,-0.33033941722836324,0.24997162276851392,-0.26691315396977755,-0.47920700496097235,-0.6528901771054019,0.7833891412399341,1.499228511177402,0.9810682193358056,0.0,0.0,0.0,3.2870145364424,1.0,18.590248107910156,-14.81537914276123,1.5700000524520874
5.660133361816406,0.28871267968312436,0.9630254127480641,-0.11186582235076299,-0.16986297408851958,0.17667671670316695,0.9235075391638349,-0.196430359820665,-0.2797834538747849,0.1739832112192961,-0.2917581816385089,-0.2917581816385088,0.40605069073576383,-0.5408046648833306,-0.46498913316557566,0.5034993989172107,-0.460668587447444,-0.488321056697673,-0.6377268326423223,0.5230627156384444,-0.6029304729686777,2.597306029629928,0.0,0.0,0.0,3.825003489395965,1.0,18.590248107910156,-14.80630111694336,1.5800000429153442
5.68011474609375,0.13389424987258494,0.9634113310564264,-0.10834318415802383,-0.16554790372882236,0.18081552259022976,0.9606582893311822,-0.07913399401421162,-0.21844888998109455,0.152162888368592,-0.28358702550730497,-0.2835870255073049,0.41179897882816463,-0.2402379942115139,-0.40675040756528935,0.3639514774967679,-0.07281791976562871,-0.4438702437540744,-0.4925085630087923,1.1342895681693452,0.7906007247805376,1.6392442859975187,0.0,0.0,0.0,3.3024837995375873,1.0,18.590248107910156,-14.80630111694336,1.5800000429153442
5.70017409324646,0.1543713028970939,0.963785188087451,-0.10479653663952213,-0.16111231344020946,0.18487460504228748,0.9482175768588883,-0.06773392377854727,-0.19517220287253614,0.2412537123679171,-0.27527010819729136,-0.2752701081972913,0.41740432141156797,-0.238759062359077,-0.3442059454132596,0.5399788226729632,-0.3516377149918951,-0.43306977233288196,-0.4770286276334299,2.0325989752152296,1.2807934953018787,3.2432346362611257,0.0,0.0,0.0,3.236064566705224,1.0,18.60137939453125,-14.788145065307617,1.5800000429153442
5.720116376876831,0.3359528525490372,0.964143311281118,-0.10126132202303711,-0.15660184166095148,0.18881123685423665,0.9264013203012302,-0.16174570759846593,-0.30402160555934543,0.15228192003887667,-0.26689192964068,-0.26689192964068004,0.4228104751453946,-0.4749799307955774,-0.5398765921548973,0.45959725099590776,-0.35093966356802053,-0.6044043000937422,-0.5950275136717307,0.8321115853603669,-0.8456504630823631,1.9273614454246826,0.0,0.0,0.0,3.8846007609072113,1.0,18.590248107910156,-14.779067039489746,1.590000033378601
5.740109443664551,0.2762731853514718,0.9644887321619613,-0.09770871350518154,-0.15198134849835293,0.1926555541540329,0.9463378188614372,-0.07188865601513116,-0.2784916649848709,0.1473741709488824,-0.25838587511532685,-0.258385875115327,0.4280616071792548,-0.25567425363141266,-0.53043118940362,0.3787773693638119,0.05715868168645308,-0.4565433203065954,-0.6422436836709563,0.8590551319680079,-0.6583543837347441,2.091151090822077,0.0,0.0,0.0,3.5687821644674664,1.0,18.590248107910156,-14.769989013671875,1.590000033378601
5.760131120681763,0.30888240803019396,0.9648209617339522,-0.09414343547905557,-0.1472578044908059,0.19639924738022807,0.9279127391233893,-0.17728844378018477,-0.27128239745576593,0.18426235943670352,-0.2497641489416783,-0.24976414894167823,0.43314878494974357,-0.4975001619657771,-0.45350354061137405,0.5091310247438249,-0.18620078163740686,-0.6084463461661463,-0.6510589347589991,-0.4061793846420808,-0.417590140799343,2.5036592017069284,0.0,0.0,0.0,3.770270865034102,1.0,18.590248107910156,-14.769989013671875,1.590000033378601
5.780101299285889,0.36365210485822685,0.9651386932321361,-0.09058054903126773,-0.14245280595303986,0.20002416113925897,0.9159519044798671,-0.23826358411077816,-0.232908704625686,0.22364281449663345,-0.2410648629653769,-0.2410648629653769,0.4380499193510758,-0.6073319688061825,-0.3258291979767294,0.5818806995191246,-0.39422033319361666,-0.5841718979002998,-0.6589327028916704,-1.068341787444658,-0.09751377902730107,3.0315209040205477,0.0,0.0,0.0,3.8477331671369805,1.0,18.590248107910156,-14.760910034179688,1.590000033378601
5.800100564956665,0.2836988986047351,0.9654432527810956,-0.0870064232395247,-0.13754975797393343,0.2035418189361451,0.9318380663759074,-0.18638052498374583,-0.23280080939187267,0.2067459820796585,-0.23225656241636353,-0.23225656241636344,0.4427831175807563,-0.4948156832999111,-0.3648385363497342,0.5297851182604941,-0.0841820993681283,-0.5769370289389326,-0.5402155198606728,-1.2616132566327853,-0.022849340604839785,2.2519034415266797,0.0,0.0,0.0,3.6589938876860213,1.0,18.567983627319336,-14.742753982543945,1.590000033378601
5.82025146484375,0.29321600823343663,0.9657363629846442,-0.08339977137996442,-0.13252015646472345,0.2069689915748887,0.9423430157920603,-0.07715239352519472,-0.2737117123251355,0.17640591627635574,-0.22328753466081777,-0.22328753466081777,0.44737308464534836,-0.28102641510852716,-0.5105307228417078,0.44390395325012416,-0.2986941795012104,-0.5894584786018953,-0.47854447090531604,1.9418730703229663,-0.45636307897141304,1.6727593089798132,0.0,0.0,0.0,3.6051617190687812,1.0,18.567983627319336,-14.724597930908203,1.590000033378601
5.840099573135376,0.36126417577196346,0.9660116269744183,-0.07984262274797518,-0.127481244286226,0.21022660273665983,0.9446505681552662,-0.15736382026949017,-0.26155890802379217,0.12024504059430463,-0.2143646279001636,-0.21436462790016358,0.4517165109946993,-0.4167752998828961,-0.4738540973241433,0.3552485582724973,-0.363302445513639,-0.5480637147691709,-0.6267039075013985,0.7145248250862315,-0.9222471081437811,0.874616453799582,0.0,0.0,0.0,3.714212793428909,1.0,18.567983627319336,-14.724597930908203,1.590000033378601
5.860086441040039,0.34166971129874363,0.9662754101803055,-0.07625649046800266,-0.12232489633064776,0.21338556436667042,0.9413798238385294,-0.22335472080845695,-0.19042948125032397,0.16629283999333264,-0.20529401553801394,-0.20529401553801405,0.45591048154684666,-0.5290053131418352,-0.28822235976400123,0.4282575863749513,-0.1770827529542059,-0.5925306932186065,-0.5050649988470807,-1.7665230878961211,0.2934647622225848,0.960409156095539,0.0,0.0,0.0,3.669278963009379,1.0,18.556852340698242,-14.706441879272461,1.590000033378601
5.880096435546875,0.10543529254649162,0.9665261129842364,-0.07266261651826872,-0.11708296702344961,0.2164231870971505,0.9555427632351244,-0.11722618529882177,-0.12081099765160651,0.24207592188338908,-0.19613075960861873,-0.1961307596086188,0.4599268693339695,-0.29099233591233836,-0.17501699734001291,0.5219466763962144,-0.20306139897909556,-0.6797167708123226,-0.6231846411266871,-0.10908636160314422,2.46547114560741,2.93722542858646,0.0,0.0,0.0,3.235528392831632,1.0,18.545719146728516,-14.688285827636719,1.590000033378601
5.900111675262451,0.11036817261541632,0.9667635850909955,-0.06906470629427144,-0.11176309663375364,0.21933364337767683,0.9555427632351244,-0.11722618529882177,-0.12081099765160651,0.24207592188338908,-0.18688654305095226,-0.18688654305095226,0.46376008886757886,-0.29099233591233836,-0.17501699734001291,0.5219466763962144,-0.20306139897909556,-0.6797167708123226,-0.6231846411266871,-0.14561370901800286,2.338987105288856,2.886533065207307,0.0,0.0,0.0,3.235528392831632,1.0,18.545719146728516,-14.688285827636719,1.590000033378601
5.920106887817383,0.3244271348627344,0.9669876537810564,-0.0654677628496918,-0.10637529669509088,0.22211066096767107,0.9404004952124692,-0.1100155848291242,-0.25717366260780083,0.19340420615833978,-0.17757682121817572,-0.17757682121817572,0.46740397149152263,-0.348416071442319,-0.4568658025809991,0.48745421144160134,-0.47689023431796873,-0.6753182850809846,-0.5924810866094128,1.7421566717550876,-0.5071722294599836,2.0355273035573744,0.0,0.0,0.0,3.635264366356434,1.0,18.534587860107422,-14.679207801818848,1.590000033378601
5.9401023387908936,0.24246425485492665,0.9671986863599744,-0.061868558022224095,-0.10091750741742847,0.22475462026050522,0.9500374942020664,-0.14941751745663837,-0.18072215092665567,0.2060161868684031,-0.16819599276179367,-0.16819599276179367,0.4708610283500586,-0.3827869943735605,-0.28569128568981056,0.48281085658876627,-0.1671518936868568,-0.7160175683251341,-0.49212474216332924,-0.6496219938949812,0.868966991502792,1.605207859046637,0.0,0.0,0.0,3.4600919795070646,1.0,18.534587860107422,-14.651973724365234,1.590000033378601
5.960291147232056,0.36652446187360965,0.9673986603506677,-0.05823267627914522,-0.09533943077343546,0.22728655988619104,0.966575195831985,-0.051384327846423404,-0.22922161272719313,0.10271072929775073,-0.15865623923970315,-0.15865623923970315,0.47416051897043693,-0.16312283784703166,-0.44733511760486405,0.24891486516398123,-0.08397289026261034,-0.6164576605150551,-0.41578136098189317,1.3135663590392888,-0.24004532922077493,-0.5744364321347584,0.0,0.0,0.0,3.475464717945878,1.0,18.523456573486328,-14.633817672729492,1.590000033378601
5.98006796836853,0.3204088183754064,0.9675819213465372,-0.05466949471458203,-0.08981282119250354,0.22963041823861094,0.9625849762480029,-0.016448664696727473,-0.22406088826735665,0.15151344257249835,-0.1492484367254563,-0.1492484367254563,0.47720530606334155,-0.11029270227393116,-0.44047691029538727,0.336958489036708,-0.3130358082721121,-0.5821975756311856,-0.5674900256741527,2.7431822218525497,-0.18798455387244717,0.9966575377707727,0.0,0.0,0.0,3.4390571364325337,1.0,18.523456573486328,-14.633817672729492,1.590000033378601
6.000085830688477,0.3248020918736445,0.9677548181795821,-0.051061669332698734,-0.08415951138763747,0.23186309421327989,0.9266258473999193,-0.0475457933535653,-0.22755388931666815,0.29550493045230103,-0.13966654254652758,-0.13966654254652755,0.48009713276908766,-0.24457932703988813,-0.40456030581672636,0.667817762667614,-0.10542213492431901,-0.7670506467830341,-0.6131103112079088,1.005572346311442,0.3048599082477059,4.0,0.0,0.0,1.0,3.4799806540493763,1.0,18.501192092895508,-14.606583595275879,1.590000033378601
6.020159006118774,0.22442599770289165,0.9679156017760674,-0.04744290501049399,-0.07843424355980592,0.2339586032610034,0.9822841507179347,-0.10599873063974839,-0.06454130325761159,0.1404155850499403,-0.13000197860451518,-0.1300019786045152,0.48280377541907343,-0.2294480755382988,-0.09718094374916919,0.2951791134808718,-0.16100193928016565,-0.8121895178067241,-0.42244986854726896,-0.3941684135483494,3.177489835945841,-0.2933064406381509,0.0,0.0,0.0,3.2151825555430955,1.0,18.478927612304688,-14.588427543640137,1.590000033378601
6.040101766586304,0.23032831483268795,0.9680629890472043,-0.043846912062583926,-0.07269396465388286,0.23589634385142158,0.9822841507179347,-0.10599873063974839,-0.06454130325761159,0.1404155850499403,-0.12034832584605147,-0.12034832584605146,0.48530019623533294,-0.2294480755382988,-0.09718094374916919,0.2951791134808718,-0.16100193928016565,-0.8121895178067241,-0.42244986854726896,-0.4465048299178036,3.0503212548846173,-0.32343332451979734,0.0,0.0,0.0,3.2151825555430955,1.0,18.478927612304688,-14.588427543640137,1.590000033378601
6.060100078582764,0.23670555701953117,0.9681985554953617,-0.04024035143307844,-0.0668891631487171,0.23769331312954853,0.9822841507179347,-0.10599873063974839,-0.06454130325761159,0.1404155850499403,-0.11061972319963072,-0.11061972319963069,0.4876097587612835,-0.2294480755382988,-0.09718094374916919,0.2951791134808718,-0.16100193928016565,-0.8121895178067241,-0.42244986854726896,-0.49902430747415805,2.9221690961822135,-0.35070471114464885,0.0,0.0,0.0,3.2151825555430955,1.0,18.478927612304688,-14.588427543640137,1.590000033378601
6.080099105834961,0.350351792746424,0.9683220052382144,-0.03663326896159683,-0.06103933302613654,0.23934221859161253,0.9465402378961166,-0.12587993133270464,-0.20749414516911155,0.21251353051459126,-0.10084653132893327,-0.10084653132893331,0.4897243889361877,-0.35445684241855235,-0.34617343795078065,0.504316164250447,-0.501719713371801,-0.6529692049846871,-0.5397037846488731,0.996338463055086,-0.6978887528967217,1.741856123832787,0.0,0.0,0.0,3.5453915904777613,1.0,18.467796325683594,-14.552115440368652,1.590000033378601
6.100142478942871,0.1926271676376133,0.968433689111791,-0.03301792493550017,-0.0551354156851107,0.2408445398249891,0.975204678514076,-0.06772350949282623,-0.11645015541732102,0.17558109969331667,-0.09101120368796482,-0.0910112036879648,0.4916471913916195,-0.17760484065350707,-0.204771599123165,0.374569423536496,-0.3047494039341285,-0.7185515178368371,-0.5563532349253031,0.9185806939402043,1.4838170275500326,0.9309511142044053,0.0,0.0,0.0,3.257497025382204,1.0,18.4566650390625,-14.524881362915039,1.590000033378601
6.120102167129517,0.15748351059087476,0.9685330439505058,-0.029417517763355758,-0.049219126820672476,0.24218965704509554,0.963229989174678,-0.09082393247191428,-0.09738703843573791,0.2333554498819407,-0.0811806022744072,-0.08118060227440722,0.4933656958224441,-0.22466727362113156,-0.14573907849122084,0.4918375693883396,-0.1709531089638131,-0.7946901996993712,-0.407074912564515,-0.26677881427436123,1.9378587038453114,1.4507543251629802,0.0,0.0,0.0,3.279525686944102,1.0,18.43440055847168,-14.506725311279297,1.5800000429153442
6.140103340148926,0.440706977024497,0.9686208371276754,-0.025809549453384407,-0.04325741357395695,0.24338516226340884,0.9452403902611902,-0.10383645066693226,-0.24136429496857612,0.1936023585757383,-0.07129713007022583,-0.07129713007022581,0.4948906134124482,-0.32430732863137485,-0.4291396254469136,0.475318455269102,-0.5423536336608104,-0.7074562897510936,-0.5352998301013719,1.6531711272458018,-1.4337206950622647,1.3253513261774446,0.0,0.0,0.0,3.682806942816785,1.0,18.41213607788086,-14.470413208007812,1.5800000429153442
6.160100221633911,0.10755953712345831,0.9686969321270955,-0.02220233587698156,-0.03726779965918095,0.244426719238553,0.9606207116305038,-0.03480241664550783,-0.085846579389084,0.26196756476581357,-0.061387266153607456,-0.06138726615360748,0.49621729469475984,-0.11330738920144598,-0.14722911938861377,0.5408306070982852,-0.032344608891343996,-0.9382044964799185,-0.3545116116516819,0.10608388540383651,2.7518290555449836,1.8095422951524869,0.0,0.0,0.0,3.2406910308848556,1.0,18.401004791259766,-14.4431791305542,1.5800000429153442
6.180094480514526,0.23452212658396523,0.9687614281578744,-0.018595615553362477,-0.03125380866848995,0.24531346852429617,0.9795991981359127,-0.02573271363869831,-0.11408266449543353,0.1634269993663477,-0.051454160145846486,-0.05145416014584649,0.4973454226226332,-0.08992719465511892,-0.21679395216161795,0.34040882524250893,-0.20946299150174721,-0.9260495376717272,-0.4142284183660186,1.161165718533423,2.0406734574808856,0.043515439644763454,0.0,0.0,0.0,3.2746502658969,1.0,18.401004791259766,-14.4431791305542,1.5800000429153442
6.200099468231201,0.244733135757092,0.9688144366984028,-0.014987003133413654,-0.025215451761198285,0.24604503241137407,0.9795991981359127,-0.02573271363869831,-0.11408266449543353,0.1634269993663477,-0.04149513906345565,-0.04149513906345565,0.49827517842463764,-0.08992719465511892,-0.21679395216161795,0.34040882524250893,-0.20946299150174721,-0.9260495376717272,-0.4142284183660186,1.1118443469612078,1.9100777222075092,0.024229976018706578,0.0,0.0,0.0,3.2746502658969,1.0,18.401004791259766,-14.4431791305542,1.5800000429153442
6.2200915813446045,0.2551397434362846,0.9688559602644174,-0.01138076547830022,-0.019163922008235555,0.2466198502361555,0.9795991981359127,-0.02573271363869831,-0.11408266449543353,0.1634269993663477,-0.031525936695214904,-0.031525936695214904,0.4990051255402987,-0.08992719465511892,-0.21679395216161795,0.34040882524250893,-0.20946299150174721,-0.9260495376717272,-0.4142284183660186,1.0622608283388728,1.7793385415274119,0.007990137484237936,0.0,0.0,0.0,3.2746502658969,1.0,18.401004791259766,-14.4431791305542,1.5800000429153442
6.240106821060181,0.36784647094424333,0.9688861152576965,-0.007770406493472123,-0.013092402172020205,0.24703826717563834,0.9566380704586688,-0.028081293864262027,-0.1926647939310385,0.2166456098413593,-0.02153258174801831,-0.021532581748018313,0.4995361327504397,-0.14738662987936108,-0.3644693755637609,0.4726258352227447,-0.5510292946795297,-0.8426253895286484,-0.3073451307184485,2.7038183054515104,-0.2174841040862434,0.7235434076641354,0.0,0.0,0.0,3.470292390445219,1.0,18.36760902404785,-14.425023078918457,1.5700000524520874
6.260116338729858,0.3691045288490483,0.9689048803640797,-0.004161119237741693,-0.007013736602665605,0.24729906063757362,0.9470689123036071,-0.07914781522933881,-0.1735801921375797,0.2581976289394733,-0.011533461186964092,-0.011533461186964097,0.49986696157382593,-0.25282987861897604,-0.2920471057016872,0.5696983188658818,-0.13482219687795174,-0.9598578533081095,-0.2741263406168441,-0.09332220199436136,0.2386515604728876,1.4190424895525438,0.0,0.0,0.0,3.469736963397552,1.0,18.356477737426758,-14.397788047790527,1.5700000524520874
6.2801125049591064,0.25932607978902106,0.9689122879270504,-0.0005542632138948629,-0.0009343724268701967,0.2474020978981913,0.9822810467323587,-0.09416214730739567,-0.019743713456637616,0.16083414134997726,-0.0015363986924288831,-0.0015363986924288831,0.4999976394734858,-0.19253250988680753,-0.008498877134668407,0.32541119102539434,-0.33845603139348635,-0.9456101256644811,-0.2514992956057906,-0.3652971182525879,2.9540629308518747,-0.7392279198778766,0.0,0.0,0.0,3.288728893091147,1.0,18.334213256835938,-14.370553970336914,1.5700000524520874
6.300084352493286,0.32962229824329314,0.9689083751215264,0.003048203122027547,0.005138231889745543,0.24734766554414372,0.9751692431350514,-0.10079081598719401,-0.09742369331774461,0.17144906717849676,0.008449120496672074,0.008449120496672072,0.49992860726591026,-0.23496882819115697,-0.15608114824528022,0.3665309579281499,-0.266359567222215,-0.992128991006009,-0.21965358243982802,-0.4475839611407002,1.4713507096565683,-0.6187152567430374,0.0,0.0,0.0,3.382210099719819,1.0,18.323081970214844,-14.33424186706543,1.559999942779541
6.320093154907227,0.3569743131127582,0.9688931143283307,0.006657352312625506,0.011218587340284508,0.2471355012243726,0.9778546639337788,0.04540542318176478,-0.1350311559452226,0.15331402640573571,0.018449734526459444,0.01844973452645944,0.49965949134976234,0.049360520577650877,-0.2817158498108088,0.30403949501431843,-0.04237606329412205,-0.9454600360974365,-0.2842825459565979,1.6209850145120304,1.1498345715800093,-0.7533904694814344,0.0,0.0,0.0,3.3950124173409715,1.0,18.28968620300293,-14.297929763793945,1.559999942779541
6.340141773223877,0.36522030994352234,0.9688664190194766,0.010273718478144131,0.017303407494724053,0.2467648777562952,0.9778546639337788,0.04540542318176478,-0.1350311559452226,0.15331402640573571,0.028462838102899075,0.028462838102899075,0.4991892094658379,0.049360520577650877,-0.2817158498108088,0.30403949501431843,-0.04237606329412205,-0.9454600360974365,-0.2842825459565979,1.5678920130975662,1.0194799107398818,-0.7615161258056777,0.0,0.0,0.0,3.3950124173409715,1.0,18.28968620300293,-14.297929763793945,1.559999942779541
6.360135793685913,0.3736271038131347,0.9688283946719598,0.013880284090442173,0.023359930785556697,0.2462380819950801,0.9778546639337788,0.04540542318176478,-0.1350311559452226,0.15331402640573571,0.03843728342115735,0.038437283421157334,0.49852038598556997,0.049360520577650877,-0.2817158498108088,0.30403949501431843,-0.04237606329412205,-0.9454600360974365,-0.2842825459565979,1.5144718653934603,0.8895974796288582,-0.7665700798141966,0.0,0.0,0.0,3.3950124173409715,1.0,18.28968620300293,-14.297929763793945,1.559999942779541
6.380088806152344,0.5091781882285235,0.9687790509930699,0.017479505217551438,0.02938827910020043,0.24555640147600571,0.9251494050189516,-0.12938295321667023,-0.15912183638406624,0.31943523756119246,0.048375955766831194,0.0483759557668312,0.4976542644282731,-0.35647147309228194,-0.213379537959489,0.7035083251056556,-0.38527677938151184,-1.0408055838769181,-0.20285237447420182,-0.3199651030611075,-0.2107143219794505,2.477545076792696,0.0,0.0,0.0,3.576408199032067,1.0,18.26742172241211,-14.261617660522461,1.5499999523162842
6.400096416473389,0.4035054838549411,0.9687180806327732,0.021088622371963815,0.03541325238888427,0.24471708525734304,0.9763635276369323,-0.08956968262839284,-0.11111832097677628,0.16230912666118447,0.05832248184795288,0.05832248184795287,0.4965868384392554,-0.2164896312454474,-0.18903156346359667,0.3500665836432232,-0.3153619793504777,-1.00565897395471,-0.09931520742258942,-0.22690182410126125,0.6714230520749656,-1.2201877606867912,0.0,0.0,0.0,3.419996449955838,1.0,18.234025955200195,-14.243461608886719,1.5499999523162842
6.42012619972229,0.2027653982775657,0.9686454442761603,0.02470176823728928,0.04142091254059868,0.2437214269064073,0.9882954671881939,0.006835496485439707,0.0068308211091743214,0.15224547745677489,0.06825664464953968,0.06825664464953968,0.4953191198219451,0.01559255227403461,0.01142064049261104,0.3057831066187205,-0.09462038960274162,-0.9298360773047379,-0.022584075137698487,0.11547868017714574,2.9910596711214965,-1.779889548654665,0.0,0.0,0.0,3.2867990384754453,1.0,18.211763381958008,-14.207149505615234,1.5499999523162842
6.440117835998535,0.3156474736308688,0.968561291054118,0.028308027505428473,0.047389172776909363,0.24257359162499925,0.9488413724493304,0.037812960481646486,-0.09875622606686804,0.29751880236568995,0.07814458529012831,0.0781445852901283,0.4938556710111101,0.01328979879532537,-0.21148098476433438,0.6062901850066573,-0.5208712266380984,-1.0158998335451663,-0.01640726754827085,3.0398681972554957,1.2662791269290228,1.1339054072621941,0.0,0.0,0.0,3.3774351689016857,1.0,18.189498901367188,-14.161759376525879,1.5399999618530273
6.460050106048584,0.31390780372057264,0.9684657018088958,0.031903520323262075,0.05330793998963307,0.2412770468669742,0.9427113153686258,-0.10060961700264635,0.027838228647375736,0.31685661405170684,0.08797207536854111,0.08797207536854112,0.4922000751273325,-0.17410277673138724,0.11650787391561704,0.6383192883313689,-0.11078446839523565,-1.1299363371844982,0.10052167940890885,-1.9036326299967359,3.3662001230200733,1.3111450783468852,0.0,0.0,0.0,3.3767608432052367,1.0,18.156103134155273,-14.125447273254395,1.5399999618530273
6.480106830596924,0.34870234887892315,0.9683576334389636,0.03552133154781812,0.059227686121183044,0.23982037019880129,0.9655251047160736,-0.12335219350267428,-0.011160912423200785,0.2289562022636112,0.09782564107779317,0.09782564107779317,0.4903367658535497,-0.24593014286864995,0.034939325558977254,0.4613429402741755,-0.13884883167665651,-1.0538342405271242,0.1272039103028828,-2.1947769794905856,2.101161552776961,-0.5674493879216662,0.0,0.0,0.0,3.4077169503733864,1.0,18.156103134155273,-14.125447273254395,1.5399999618530273
6.500086069107056,0.32912494682566495,0.968238019748151,0.03912493845162046,0.0650847804494683,0.23821911690538275,0.9582247559313354,-0.08367088774909079,-0.038755362182856065,0.27074438418125574,0.10760202065791352,0.10760202065791352,0.48828455346276733,-0.18242284437924475,-0.0289699010021412,0.5533895130710212,-0.26787633392288535,-0.986361049301486,0.05651861324948054,-0.7614989104378638,1.3371416901443727,0.5300645758388826,0.0,0.0,0.0,3.3736524632575873,1.0,18.12270736694336,-14.098213195800781,1.5299999713897705
6.520102024078369,0.20707172561533393,0.9681060934273976,0.04273481788542937,0.07090896230546068,0.2364661630631429,0.9660568507198138,0.0034260935608738195,-0.022502186038547,0.257324842725521,0.11735329566691587,0.1173532956669159,0.48603313055399155,-0.004966245758431802,-0.04525546597954283,0.5207560026375523,-0.5544328507527051,-1.141640241341556,0.22851177025424393,1.929735435742869,2.557097618873938,-0.5245786034029463,0.0,0.0,0.0,3.3200459000680786,1.0,18.100444793701172,-14.070979118347168,1.5299999713897705
6.540124893188477,0.3200946652879189,0.9679618849789551,0.04634544351370936,0.07668760464471869,0.23456534353429345,0.9717539957316944,0.07121876405309496,-0.07935708056473671,0.21053387658635284,0.12706089958726266,0.1270608995872627,0.48358611207940566,0.10703210621138567,-0.18527724968467038,0.41675888662172245,-0.04309472740467299,-0.9499103868023653,0.12812047309831714,1.3455876843551104,0.9118825961030561,-1.1782914388510597,0.0,0.0,0.0,3.408060586923745,1.0,18.07818031311035,-14.034666061401367,1.5199999809265137
6.560085773468018,0.232528947996782,0.9678058107557939,0.049944212866226995,0.08239728069309696,0.2325256467636991,0.9812145831527262,0.0303813599335086,-0.022760081359020645,0.18914780853486768,0.13668775105781997,0.13668775105782,0.4809536970548781,0.05111411102471444,-0.05618774282547468,0.3794296349883666,-0.5123470472247149,-1.099042525667133,0.04944910585300692,2.0748848765912453,2.2909871933630104,-1.1725820866184016,0.0,0.0,0.0,3.341045751735249,1.0,18.05591583251953,-13.989275932312012,1.5199999809265137
6.58016300201416,0.29669258523522063,0.9676362915143145,0.053563062310715524,0.08808508746430901,0.23033024783281925,0.9578599876490609,-0.06386091272620481,0.012982024066540615,0.27974541093260613,0.1463157714814273,0.1463157714814273,0.47811263841880897,-0.11554511329604442,0.060636668746911725,0.5647912165121094,-0.278162679379977,-0.975354605282597,0.07245568928526089,-0.7163253784275363,1.871329943160203,0.8379419369721416,0.0,0.0,0.0,3.371401708114257,1.0,18.02252197265625,-13.952963829040527,1.5099999904632568
6.602030992507935,0.4484115197594043,0.9674371887378712,0.05750337485949311,0.0942130010043292,0.22777743120970398,0.9831192591600688,-0.052771522546813575,-0.08493356744533496,0.15322525182768432,0.15673531745931063,0.15673531745931063,0.4747989471986318,-0.13167144347626955,-0.15140559102372264,0.3192260000996846,-0.1659546471188228,-0.9499018994798739,0.06199406202869831,-0.812262373298116,-0.11282517027934302,-1.7601517643688065,0.0,0.0,0.0,3.410976310274159,1.0,18.02252197265625,-13.952963829040527,1.5099999904632568
6.620067358016968,0.3629066223022856,0.9672615019895959,0.060751994121633915,0.09921127784445909,0.2255471221885693,0.9813278804989624,-0.03583397084278594,-0.04739234308141907,0.1829357354545732,0.16527300738483958,0.16527300738483955,0.4718949385509139,-0.08806425675680242,-0.07998950000834701,0.37212840117037566,-0.26181892176605626,-1.0109563234603518,-0.03483346137518428,-0.26152334120500265,0.7959144601296311,-0.7349267632457883,0.0,0.0,0.0,3.367181815338212,1.0,17.989126205444336,-13.916651725769043,1.5099999904632568
6.640094995498657,0.14012616927534105,0.9670541437409692,0.06435760249719595,0.10469883529586212,0.2229406556954651,0.9815533500475937,0.029497421783094866,0.09095318298615997,0.16556099064448168,0.17469017143971394,0.1746901714397139,0.46849049510354357,0.08942355530518961,0.1695953904001408,0.3418053634027472,-0.5801139304307088,-0.9925006998257522,-0.03660568657218455,1.5686970071477389,3.5922073211264336,-0.9727077001818194,0.0,0.0,0.0,3.417424838471901,1.0,17.97799301147461,-13.880339622497559,1.5
6.660102128982544,0.31250463338641205,0.9668339756980259,0.06795741668044107,0.11011176637547619,0.22020275170792586,0.9588461203253571,-0.08575910978868202,0.1290523855631399,0.23791799933112726,0.18402773620559706,0.18402773620559704,0.46490191686746485,-0.10782990143449812,0.29244056756048015,0.47053949462596156,0.009234219684734729,-0.9476069184846486,0.011934324451752326,-3.042849791884846,3.4732138027429023,0.6942587986782075,0.0,0.0,0.0,3.5248598376763605,1.0,17.9334659576416,-13.853105545043945,1.5
6.680109977722168,0.3216633870743761,0.9666006605959069,0.07155485640309,0.11545259054174367,0.21733330347162635,0.9881204009660629,0.038754071137457706,-0.023486505375671537,0.14684883121829104,0.19329196963831347,0.19329196963831344,0.461127113140554,0.06986295346129885,-0.057829197153509294,0.29304750500604587,-0.4786531230128287,-0.9053467673272753,-0.07050934979900925,1.690879994944011,0.8440205013610975,-1.297205103458975,0.0,0.0,0.0,3.380369865949473,1.0,17.922334671020508,-13.816793441772461,1.4900000095367432
6.700130224227905,0.15834462001733884,0.9663539338787086,0.07515157552361641,0.1207211128352036,0.2143332174192615,0.9744437316634194,0.011743114014486123,0.0741151849330376,0.2117273068299277,0.2024844960114785,0.20248449601147844,0.45716520960696216,0.05483355305291655,0.13992563712484823,0.4317526776184344,-0.2928617262510676,-0.8894978368140551,0.12216970754730913,0.12727956064536516,2.369808698418164,-0.49067709440613017,0.0,0.0,0.0,3.4015130814246963,1.0,17.877805709838867,-13.780481338500977,1.4900000095367432
6.720117807388306,0.3635477595002251,0.9660942655909638,0.07873899622747398,0.12590244247588886,0.2112122521160923,0.9773782932816012,0.06041447267239691,-0.05365119350120219,0.19545667742381456,0.21158106996575263,0.21158106996575263,0.4530269868695984,0.09809167180279231,-0.12884807110478289,0.38842049567639203,0.005994122971950511,-0.9315828443314051,0.20577090866739042,0.32299455519169873,0.17600716765647828,-1.4117929557859168,0.0,0.0,0.0,3.4076988675768005,1.0,17.877805709838867,-13.780481338500977,1.4900000095367432
6.740110158920288,0.37400103497842224,0.9658211036881255,0.08232331261127945,0.13100339232136843,0.20796773565063048,0.9773782932816012,0.06041447267239691,-0.05365119350120219,0.19545667742381456,0.22059525896313134,0.2205952589631314,0.44870673242440773,0.09809167180279231,-0.12884807110478289,0.38842049567639203,0.005994122971950511,-0.9315828443314051,0.20577090866739042,0.2690586865056466,0.058657237365765,-1.3594478637721266,0.0,0.0,0.0,3.4076988675768005,1.0,17.877805709838867,-13.780481338500977,1.4900000095367432
6.760562896728516,0.3847547462548241,0.9655276671859513,0.08598546847738453,0.13613425353538353,0.2045245416167542,0.9773782932816012,0.06041447267239691,-0.05365119350120219,0.19545667742381456,0.22972576280839058,0.2297257628083906,0.4441014229904055,0.09809167180279231,-0.12884807110478289,0.38842049567639203,0.005994122971950511,-0.9315828443314051,0.20577090866739042,0.21348048958872182,-0.05979997718469088,-1.3034180302338543,0.0,0.0,0.0,3.4076988675768005,1.0,17.877805709838867,-13.780481338500977,1.4900000095367432
6.7801125049591064,0.2553588656030795,0.9652339046045547,0.08948086014084788,0.14095297616813238,0.20111922727488066,0.9705267589622969,0.04688473054472594,0.025669959707155916,0.23499081971115615,0.2383633209048193,0.23836332090481924,0.4395257981589091,0.10329359388974428,0.027795381972152516,0.4765474122535394,-0.08687213221522283,-0.9153225550999714,0.1890383942785986,0.07491043482806226,1.1889126287563139,-0.20979472889059747,0.0,0.0,0.0,3.3937365890742806,1.0,17.85554313659668,-13.744169235229492,1.4800000190734863
6.800094366073608,0.37028168926602056,0.9649201833326216,0.0930477672214406,0.14578907037365046,0.19752645334747307,0.9289774879748594,-0.019279904636626433,0.14525304466490238,0.33989802166046584,0.24709769528301356,0.2470976952830136,0.43467542947102844,0.06564985549197022,0.28689970821901745,0.7109953895457162,-0.5536997042540382,-0.9393609410692245,0.2809990291525442,0.5311837705659443,3.1431995029875734,2.0920659593447253,0.0,0.0,0.0,3.523724917089095,1.0,17.822147369384766,-13.707856178283691,1.4800000190734863
6.82009482383728,0.2507613921874541,0.964592513343309,0.09661143802303107,0.15053674299755548,0.19382002541751997,0.9476704779809281,0.011493243727404604,0.1452813410373146,0.2840455992590298,0.25574140310172877,0.25574140310172877,0.42964675576519734,0.10851638132410911,0.27217651514341856,0.5972927496888946,-0.08931371923009426,-0.9552783499586001,0.24998927519352565,-0.9601180157501575,3.26638607354902,1.052371422466016,0.0,0.0,0.0,3.532100718226107,1.0,17.799882888793945,-13.680622100830078,1.4700000286102295
6.840119123458862,0.3539544943224911,0.964250759181418,0.10017201526394481,0.1551943697220658,0.19000196941766181,0.9790615388595897,0.05677230962684135,-0.015429821169377196,0.19487772731691877,0.2642929325979189,0.26429293259791903,0.42443992010506254,0.10549320646316607,-0.05236473423947393,0.3901898197890066,-0.4269203336462831,-0.8762300791161033,0.3724792361362645,1.5045572889239722,-0.006229668674375688,-1.659297007413514,0.0,0.0,0.0,3.4034603117849453,1.0,17.78875160217285,-13.644309997558594,1.4700000286102295
6.860096454620361,0.43725991341033554,0.9638961702855949,0.10371610284045275,0.15974318419179045,0.18608938181588802,0.9460525479709042,0.07756838744137971,-0.013962561169284585,0.3142813526652479,0.27271880837731505,0.27271880837731494,0.4190757110084733,0.1388282891285191,-0.07524621575729784,0.636231534394506,-0.5285610018813038,-0.9556003102256252,0.4180274588584643,2.7032355398364336,0.16749545109201236,0.5887920600921335,0.0,0.0,0.0,3.418388165860263,1.0,17.744224548339844,-13.60799789428711,1.4700000286102295
6.880109786987305,0.3847546277342962,0.9635273275254153,0.10725755795401531,0.16419979919017036,0.18206957823694803,0.9515864002083761,0.1517615826943631,-0.0016546672602640005,0.26729947069312326,0.281050735311335,0.281050735311335,0.41353413907555203,0.29315293611209925,-0.08438079708447199,0.5352190983522412,-0.16166634963158216,-0.9913006721274187,0.393584835875675,2.4137330526777827,0.7875360072146886,-0.3903650808789163,0.0,0.0,0.0,3.5389542031946393,1.0,17.744224548339844,-13.60799789428711,1.4700000286102295
6.900099754333496,0.39440916128320713,0.9631453811311065,0.1107849498179217,0.16854865059750745,0.1779579222215623,0.9515864002083761,0.1517615826943631,-0.0016546672602640005,0.26729947069312326,0.289260566811869,0.289260566811869,0.4078336970968392,0.29315293611209925,-0.08438079708447199,0.5352190983522412,-0.16166634963158216,-0.9913006721274187,0.393584835875675,2.368554239507911,0.6734452619328017,-0.32747154797426203,0.0,0.0,0.0,3.5389542031946393,1.0,17.744224548339844,-13.60799789428711,1.4700000286102295
6.920125961303711,0.4042434611771409,0.962749276874738,0.114307817019133,0.17280045945968575,0.17374565909976286,0.9515864002083761,0.1517615826943631,-0.0016546672602640005,0.26729947069312326,0.29736938104457183,0.2973693810445718,0.4019595144006027,0.29315293611209925,-0.08438079708447199,0.5352190983522412,-0.16166634963158216,-0.9913006721274187,0.393584835875675,2.3228964482518717,0.5609206954311019,-0.26244427942468573,0.0,0.0,0.0,3.5389542031946393,1.0,17.744224548339844,-13.60799789428711,1.4700000286102295
6.9401161670684814,0.07892454657394643,0.962340570896098,0.11781243433143669,0.17693785386595082,0.16945162080542153,0.9617860590819418,0.14213124701833688,0.14815521286658725,0.18115274791483613,0.3053446856364095,0.30534468563640943,0.39593512467777126,0.34306494374115526,0.23566772398340322,0.4133487278030555,0.019400905589254308,-0.9103348820193468,0.3797274887667143,0.5307152968084495,3.14417422639323,-1.4456987402617498,0.0,0.0,0.0,3.6985328036776126,1.0,17.721960067749023,-13.571684837341309,1.4600000381469727
6.960456848144531,0.3388011118339334,0.9619112097942756,0.12136517475634051,0.18103630802948978,0.16499446658457395,0.970867776168545,0.12750624522610424,0.016340561336187564,0.20221499618253508,0.31333455541054445,0.3133345554105445,0.3896427291579769,0.2570639277015975,-0.019839602376452544,0.4081295494079705,-0.6504480888495328,-0.9460471524186764,0.6038935726941685,3.376438423748113,0.5132249678445482,-2.151074771593615,0.0,0.0,0.0,3.4992660301210314,1.0,17.71082878112793,-13.553528785705566,1.4600000381469727
6.980088472366333,0.17433246182776568,0.9614841004344155,0.12478023430868701,0.18488348398269328,0.16061231300281184,0.9575967693298085,0.11759981917918114,0.1306122573244938,0.22829618510771815,0.3209230059828898,0.3209230059828898,0.38341677614693137,0.29477475317570256,0.1977386703580879,0.49752422562048965,-0.103034297400834,-0.9167916433140257,0.38574357756424466,0.7083664782392775,2.445944758708965,-0.33783663202142544,0.0,0.0,0.0,3.613852622569682,1.0,17.677433013916016,-13.508138656616211,1.4500000476837158
7.0001060962677,0.16277662641915955,0.961035956831928,0.12824729315103234,0.1886949712628398,0.15606642590797615,0.9618834839051073,0.050475898806122015,0.20763723364912093,0.1706432718651043,0.3285332906181889,0.3285332906181888,0.37691627313713144,0.18278517900390487,0.392196334674501,0.38756504249930473,-0.20034766927183123,-0.9665013878386285,0.542472990355271,-0.699718784746203,3.946752082759952,-1.5502726118408852,0.0,0.0,0.0,3.7291085279788474,1.0,17.655168533325195,-13.480904579162598,1.4500000476837158
7.020111322402954,0.2236736193725438,0.9605756032851912,0.13169571772595992,0.19239020827266404,0.1514488562741103,0.9635220061016345,0.04435522727267167,0.15750026717976684,0.21178201861766566,0.336007344148006,0.336007344148006,0.3702689086037383,0.15943143928500753,0.2887171089646645,0.45594351050265386,-0.5326943595462162,-0.8345518446182969,0.45639042389210455,0.782905006204911,2.2331169431034485,-0.43122301967061616,0.0,0.0,0.0,3.5889292860732485,1.0,17.6440372467041,-13.462748527526855,1.440000057220459
7.040127277374268,0.3090526534319722,0.9601028072040716,0.13512823548048095,0.19597200444016635,0.14675807661078372,0.9695034596631849,-0.016100735522160615,0.1766578003527987,0.16910301473146938,0.34335082860129,0.34335082860129007,0.3634696803019579,0.03043382271888232,0.35542204477575234,0.3508366360790503,-0.31809701098876714,-0.8465564541833905,0.3464429409338368,-1.512655064317973,2.474237991913637,-0.443760435706122,0.0,0.0,0.0,3.6248811137211887,1.0,17.6440372467041,-13.462748527526855,1.440000057220459
7.06013298034668,0.318232982446839,0.9596183987851573,0.13853994107706757,0.19943523817339365,0.14200281410625334,0.9695034596631849,-0.016100735522160615,0.1766578003527987,0.16910301473146938,0.35055310299154174,0.35055310299154174,0.35652843082004215,0.03043382271888232,0.35542204477575234,0.3508366360790503,-0.31809701098876714,-0.8465564541833905,0.3464429409338368,-1.5501383356829004,2.3953668301220565,-0.3400245648604512,0.0,0.0,0.0,3.6248811137211887,1.0,17.6440372467041,-13.462748527526855,1.440000057220459
7.082707643508911,0.3289071259808795,0.9590580233771985,0.14236517825837522,0.2032014912003575,0.13656140666100788,0.9695034596631849,-0.016100735522160615,0.1766578003527987,0.16910301473146938,0.3585116087955498,0.35851160879554983,0.34852464239824804,0.03043382271888232,0.35542204477575234,0.3508366360790503,-0.31809701098876714,-0.8465564541833905,0.3464429409338368,-1.5921664639603372,2.3091740600454957,-0.22168257280226134,0.0,0.0,0.0,3.6248811137211887,1.0,17.6440372467041,-13.462748527526855,1.440000057220459
7.1001105308532715,0.3640927245715915,0.9586164247603012,0.14529506934733155,0.20600136405646507,0.13231527126529113,0.9771100326340877,-0.0025962318510231873,0.11344286670697093,0.17994432388739592,0.36452234959996777,0.3645223495999677,0.3422330443456899,0.036681785266595726,0.2245079428693071,0.368373886866511,-0.12093119183755344,-0.9166897074466275,0.44080618664854904,-1.9642653917066468,1.2862318618225719,-0.558654308900288,0.0,0.0,0.0,3.482495725872655,1.0,17.610641479492188,-13.426436424255371,1.440000057220459
7.120114326477051,0.19725339727288344,0.9580989213992457,0.1486410612491734,0.20910736336163235,0.12738289646678544,0.9629676139830882,0.16935929270016875,0.12282797464571471,0.1700708471203934,0.37129492320094687,0.3712949232009469,0.33487322975299605,0.38330860454293675,0.17992172915005814,0.3846192643500234,-0.5397697624117826,-0.8793974053037981,0.47022702707978914,2.9399452660960295,1.7698235673603888,-1.418466175124514,0.0,0.0,0.0,3.7122456880391335,1.0,17.588376998901367,-13.399202346801758,1.440000057220459
7.140148639678955,0.3897064731447476,0.9575704797249017,0.15196738777018592,0.21209681886897097,0.1223912939689353,0.9610335814234705,0.06408501853114441,0.09585664136655407,0.2512350892733026,0.37792891806078216,0.3779289180607822,0.3273678861669339,0.17423650166381896,0.15263405860525844,0.5247553588830244,-0.3751520210469802,-0.8048224345339079,0.4653464666575571,0.6380941613970563,0.37171439255550043,0.617174457418376,0.0,0.0,0.0,3.484148061001442,1.0,17.577245712280273,-13.3810453414917,1.4299999475479126
7.160093069076538,0.38352025427191105,0.9570348474134139,0.1552526516366621,0.21495150018104373,0.11737447578620963,0.9648073900430821,0.07648688469077229,0.08718780648664871,0.23599733682523416,0.38438248705908334,0.3843824870590833,0.31976570116614084,0.19158185942376058,0.13252505787750274,0.49254260155733076,-0.19269855571800254,-0.9695538724564573,0.6304196884251926,0.04891556095841243,0.8460828673365053,-0.3274971309703196,0.0,0.0,0.0,3.4852692646828625,1.0,17.577245712280273,-13.3810453414917,1.4299999475479126
7.180102586746216,0.15295715382664243,0.9564884479812,0.15852086791890527,0.21769311862002552,0.11229732596210629,0.9613176172348744,0.19055706853151563,0.15068658214743694,0.12980753594172637,0.39070347043609316,0.3907034704360931,0.31201089434375995,0.43094146130519767,0.2426170454544622,0.32178862761037724,-0.44910195275151343,-0.8708980143335838,0.6849199602907441,2.62067258676124,2.1971838771129724,-2.767479520453872,0.0,0.0,0.0,3.842534611181592,1.0,17.554981231689453,-13.344733238220215,1.4299999475479126
7.2001354694366455,0.41518325908807585,0.9559329698275298,0.16176343280437508,0.22031455422667892,0.10717390633901039,0.9591105604687433,0.126808938202357,0.06836358470602012,0.24362439589554016,0.39687513478803976,0.3968751347880397,0.3041218956059811,0.2809047888302769,0.06940467723496013,0.5073163502437017,-0.5187662537083341,-0.8796172951287855,0.6447826569417082,2.3234457338791485,0.08299077337923055,-0.314773820501304,0.0,0.0,0.0,3.5308165630336448,1.0,17.532718658447266,-13.326577186584473,1.4299999475479126
7.220100402832031,0.4268147971035378,0.9553716183306733,0.1649640291610585,0.22280378694453545,0.10203142895379752,0.9591105604687433,0.126808938202357,0.06836358470602012,0.24362439589554016,0.4028674105168278,0.40286741051682773,0.2961382270890839,0.2809047888302769,0.06940467723496013,0.5073163502437017,-0.5187662537083341,-0.8796172951287855,0.6447826569417082,2.279787450932878,0.005837156606897764,-0.2208019658998519,0.0,0.0,0.0,3.5308165630336448,1.0,17.532718658447266,-13.326577186584473,1.4299999475479126
7.240113973617554,0.4384216391077824,0.9548018117001366,0.1681397179968073,0.2251751532737817,0.09684361597038843,0.9591105604687433,0.126808938202357,0.06836358470602012,0.24362439589554016,0.4087131180689162,0.4087131180689161,0.2880166438218186,0.2809047888302769,0.06940467723496013,0.5073163502437017,-0.5187662537083341,-0.8796172951287855,0.6447826569417082,2.2360731891091086,-0.06906070025615918,-0.12573679693175555,0.0,0.0,0.0,3.5308165630336448,1.0,17.532718658447266,-13.326577186584473,1.4299999475479126
7.263246059417725,0.4517608483895912,0.9541353269116174,0.17176720496240844,0.22776108115377547,0.09081131620192578,0.9591105604687433,0.126808938202357,0.06836358470602012,0.24362439589554016,0.4152656046628725,0.41526560466287243,0.27848604558214207,0.2809047888302769,0.06940467723496013,0.5073163502437017,-0.5187662537083341,-0.8796172951287855,0.6447826569417082,2.185647338484217,-0.15254965779172736,-0.014870002900112755,0.0,0.0,0.0,3.5308165630336448,1.0,17.532718658447266,-13.326577186584473,1.4299999475479126
7.280103445053101,0.2232687365325223,0.9536449411056843,0.17438018029330618,0.22954076445987007,0.08639396087452067,0.9360278382152151,0.15256867552594905,0.252463388026836,0.19192947413156763,0.4199009270704316,0.4199009270704314,0.27144651673099823,0.43371490779334304,0.42691060944761366,0.49992728969979855,-0.23218632960663227,-0.806138957902836,0.605687873231493,1.0190646893484214,3.3368798945704956,-0.19936548630319884,0.0,0.0,0.0,4.103882510131637,1.0,17.52158546447754,-13.29934310913086,1.4199999570846558
7.300114393234253,0.3679278040063109,0.9530584210398827,0.17744691846202157,0.23153862109524567,0.08113016796858263,0.9598877450795892,0.1372504051197326,0.11399688955194336,0.21629274678771102,0.4252483973863938,0.42524839738639364,0.2629901148718405,0.32241556129639193,0.1601597359551196,0.4693588403757121,-0.28250140402560586,-0.9061060069942923,0.6449531841944303,1.1562070061734149,0.8074095814938609,-0.24554479746482194,0.0,0.0,0.0,3.6176410819749343,1.0,17.510454177856445,-13.272109031677246,1.4199999570846558
7.320297956466675,0.1775381973976969,0.9524628094728808,0.18049982672450768,0.2334275492485898,0.07580229795491938,0.9520229820987631,0.15072587985185404,0.21490588777148287,0.15731945238848716,0.43046949950643115,0.430469499506431,0.25435410355385024,0.39019597688681706,0.3701619981617677,0.40149658404134003,-0.5797653281698633,-0.8736451444020379,0.5647693548675513,2.1621242278883988,2.8043947427476126,-0.6334314070628912,0.0,0.0,0.0,3.923904768162622,1.0,17.488189697265625,-13.253952980041504,1.4199999570846558
7.3401038646698,0.2985079758306348,0.9518752613023541,0.18345447405799065,0.2351580836591491,0.07055932651632821,0.9521860027589696,0.20166169437973508,0.13873056398742614,0.1828338256054397,0.43542245594206164,0.43542245594206164,0.24577893494232472,0.4588021332594639,0.1916240245869353,0.4242880369565358,-0.2773640847352541,-0.8283732996427962,0.6709280259985069,2.1190585906634505,1.0900409220393663,-0.986156953905515,0.0,0.0,0.0,3.843754924810114,1.0,17.488189697265625,-13.253952980041504,1.4199999570846558
7.360095500946045,0.4267144586916542,0.9512799993378047,0.18639366110367078,0.23678145226652364,0.0652557263601601,0.9662402827658986,0.03860658351942092,0.1607872682597701,0.19757707871864838,0.44024864295260885,0.4402486429526088,0.23702559435298606,0.14510659881229476,0.29993982537860997,0.4253634861312251,-0.2626324254439191,-0.8338820760667804,0.6332997902440697,-1.0911722064637372,1.1326907172523732,0.38133716901022696,0.0,0.0,0.0,3.58821695931172,1.0,17.47705841064453,-13.244874954223633,1.409999966621399
7.380113363265991,0.24760371601078565,0.9506826625661979,0.1892913759964431,0.23828304356743704,0.05993697704803811,0.9696954431027781,0.0857499518753896,0.1994491212944313,0.11206132871760247,0.4449048676607561,0.4449048676607562,0.22816585794497174,0.22888198637164428,0.37641765676475236,0.2738840110126368,-0.6610947462034532,-0.7943204641086099,0.6653494000006838,0.8986578829973908,2.026845655457539,-1.3466898413708712,0.0,0.0,0.0,3.7404770059342995,1.0,17.465927124023438,-13.21764087677002,1.409999966621399
7.400117635726929,0.25801730108408005,0.9500853941833729,0.1921399106784515,0.23966015091853,0.0546169437593222,0.9696954431027781,0.0857499518753896,0.1994491212944313,0.11206132871760247,0.4493798392134723,0.44937983921347224,0.21922080218007106,0.22888198637164428,0.37641765676475236,0.2738840110126368,-0.6610947462034532,-0.7943204641086099,0.6653494000006838,0.8666972751672726,1.9822476043176096,-1.2358511973936244,0.0,0.0,0.0,3.7404770059342995,1.0,17.465927124023438,-13.21764087677002,1.409999966621399
7.420111894607544,0.26844668471387334,0.9494890701942055,0.19493793808753218,0.24091372356076685,0.0492979074202051,0.9696954431027781,0.0857499518753896,0.1994491212944313,0.11206132871760247,0.4536728832633584,0.4536728832633584,0.21019256645160211,0.22888198637164428,0.37641765676475236,0.2738840110126368,-0.6610947462034532,-0.7943204641086099,0.6653494000006838,0.8354369743326258,1.940164049242126,-1.1250193822831762,0.0,0.0,0.0,3.7404770059342995,1.0,17.465927124023438,-13.21764087677002,1.409999966621399
7.4401068687438965,0.2788770024311958,0.9488943766197518,0.19768505670081052,0.242045089445573,0.0439801665742,0.9696954431027781,0.0857499518753896,0.1994491212944313,0.11206132871760247,0.4577847121942665,0.45778471219426653,0.2010799773254726,0.22888198637164428,0.37641765676475236,0.2738840110126368,-0.6610947462034532,-0.7943204641086099,0.6653494000006838,0.8048877294721368,1.900573384493681,-1.0142025275396978,0.0,0.0,0.0,3.7404770059342995,1.0,17.465927124023438,-13.21764087677002,1.409999966621399
7.460100412368774,0.16109242840306698,0.9483024060451052,0.20037902127277052,0.24305478606375602,0.03866736989158755,0.93545135040817,0.20958436954833595,0.25999776989702017,0.11578567575107877,0.46171325085983045,0.4617132508598305,0.19188765979199193,0.5272083118924281,0.45325790778729164,0.3706028810435686,-0.15513562481695647,-0.7414348574736487,0.8515711037658391,1.2084098708354816,3.047612207286787,-1.9105642934497857,0.0,0.0,0.0,4.350947588738761,1.0,17.454795837402344,-13.208562850952148,1.409999966621399
7.480105400085449,0.2793861738346305,0.9477138295837532,0.20301955699959884,0.24394410581947368,0.0333591056133236,0.9696512997916946,0.0666225534635086,0.23471543635484438,0.015698920951267258,0.46545931946770336,0.4654593194677034,0.18261331255048888,0.1538041443259413,0.4702312534213781,0.06928949236057413,-0.5691806636520296,-0.8042217248975994,0.7841729339224678,-0.4776633422898029,2.915639431314726,-2.858071154592415,0.0,0.0,0.0,3.8405829371611397,1.0,17.454795837402344,-13.172250747680664,1.399999976158142
7.500098466873169,0.31036248709428504,0.9471304021489514,0.20560160062727012,0.24471282556358281,0.02806449980594458,0.9595541277313937,0.22553184404964358,0.1204895358633454,0.11778597123871411,0.469017052161633,0.46901705216163303,0.17327147711499458,0.4878158582175785,0.179058787599112,0.2889524975307377,-0.5074947631021205,-0.6832495363645639,0.795040347775585,2.8652682700040097,-0.038670757459930094,-2.0959299051882563,0.0,0.0,0.0,3.8922991563635665,1.0,17.454795837402344,-13.172250747680664,1.399999976158142
7.5201096534729,0.194619513130165,0.9465523339045948,0.20812701074004103,0.2453629325628624,0.02277845263251204,0.9491524573974846,0.19408005610870743,0.21936628333741334,0.11541654202014134,0.47239028337054956,0.4723902833705496,0.16385182384426453,0.4683190346259087,0.38075768258460924,0.33388386801508213,-0.06262350699650954,-0.6703185613343113,0.8889332337020988,0.4401896900157256,1.7843618565591295,-1.8424615344509365,0.0,0.0,0.0,4.074898246274745,1.0,17.454795837402344,-13.163172721862793,1.399999976158142
7.540104150772095,0.16317366376644624,0.9459817274038229,0.21058938668180976,0.2458942435799008,0.01751292692061645,0.9593324980797671,0.17806456176603344,0.2045245309769893,0.07838294584759248,0.47557177700579656,0.4755717770057965,0.15437449567706746,0.41295531815164377,0.3730953867085118,0.2420770370445665,-0.5318351538887024,-0.7235283352405795,0.8309925256474873,1.7695940425263128,1.7779922473249217,-2.191294914661027,0.0,0.0,0.0,3.953768124346623,1.0,17.454795837402344,-13.154094696044922,1.399999976158142
7.560118675231934,0.17362301357392654,0.9454186447115877,0.2129912238336161,0.24630873724109656,0.012260944509295192,0.9593324980797671,0.17806456176603344,0.2045245309769893,0.07838294584759248,0.47856605347383213,0.4785660534738324,0.1448258694518391,0.41295531815164377,0.3730953867085118,0.2420770370445665,-0.5318351538887024,-0.7235283352405795,0.8309925256474873,1.743638501844722,1.745267117708053,-2.083061128437601,0.0,0.0,0.0,3.953768124346623,1.0,17.454795837402344,-13.154094696044922,1.399999976158142
7.580108404159546,0.18400851346866878,0.9448654575551707,0.21532515337746236,0.24660662616320736,0.007036858278377411,0.9593324980797671,0.17806456176603344,0.2045245309769893,0.07838294584759248,0.48136527880156654,0.48136527880156643,0.13523116639403124,0.41295531815164377,0.3730953867085118,0.2420770370445665,-0.5318351538887024,-0.7235283352405795,0.8309925256474873,1.718724216028523,1.7150255223902287,-1.975209575635934,0.0,0.0,0.0,3.953768124346623,1.0,17.454795837402344,-13.154094696044922,1.399999976158142
7.600117921829224,0.1943380493817009,0.9443220479831773,0.2175943878445656,0.24678978421752487,0.0018315232113746138,0.9593324980797671,0.17806456176603344,0.2045245309769893,0.07838294584759248,0.48397464716096705,0.48397464716096694,0.12557285098864918,0.41295531815164377,0.3730953867085118,0.2420770370445665,-0.5318351538887024,-0.7235283352405795,0.8309925256474873,1.6948294725016952,1.6871934213595507,-1.8675585115059237,0.0,0.0,0.0,3.953768124346623,1.0,17.454795837402344,-13.154094696044922,1.399999976158142
7.620100259780884,0.2986264131642309,0.9437908043296265,0.21979162390463164,0.24685907160170795,-0.003340432927681665,0.9407116607177768,0.18253178121264646,0.2486872874456601,0.14106152310201592,0.48638709849284995,0.48638709849284983,0.11587748020951587,0.47224896776662706,0.42947071288473665,0.4025440708491865,-0.44804273332677536,-0.6739978339434414,0.9151170269615095,1.815457191438818,2.113425164370514,-0.7429739226562564,0.0,0.0,0.0,4.170996219030621,1.0,17.454795837402344,-13.13593864440918,1.3899999856948853
7.64011287689209,0.18533563457326274,0.9432713208939312,0.22192114717920888,0.2468159505011158,-0.008491536487174094,0.9087042891705722,0.2711980197016573,0.31706881474236653,-0.013248232741582407,0.4886085583996072,0.48860855839960715,0.10612104719921368,0.6391649292420924,0.6229448317362767,0.18312721822528033,-0.061369813167307025,-0.5046444869046057,0.8111488079176814,1.3169820970923456,3.5273055869942795,-3.271637317159245,0.0,0.0,0.0,5.170375525450744,1.0,17.454795837402344,-13.126860618591309,1.3899999856948853
7.660362958908081,0.28890377804513173,0.9427596127828607,0.2240015136931292,0.2466590852585514,-0.013672235666199704,0.9711597561654113,0.13096376988812078,0.18520691777231366,0.07345486090593023,0.4906571940312209,0.49065719403122093,0.09620560246372742,0.30414402100348353,0.3474392202860087,0.2047610692159951,-0.3306458135573711,-0.633909755188158,0.6972199512288132,-0.14588476586950727,0.8719521693799199,-0.9546512544084904,0.0,0.0,0.0,3.7489783371765144,1.0,17.454795837402344,-13.126860618591309,1.3899999856948853
7.680100917816162,0.43269690167281577,0.9422754314297453,0.22595524038713677,0.24639795464755582,-0.01868926459173141,0.9752442551549434,0.11131001461910645,0.14195838421688692,0.12789269167276363,0.492460399229265,0.4924603992292651,0.08650292012962899,0.26470105052338444,0.25104539759567285,0.29438493923329556,-0.3542871172189387,-0.5285469823811326,0.6987461397297633,-0.2090767834413665,-0.636064434965943,0.07274384199255346,0.0,0.0,0.0,3.58660316990245,1.0,17.454795837402344,-13.126860618591309,1.3899999856948853
7.700103044509888,0.3427671299721452,0.9418005475093252,0.22785857667974022,0.2460257737953169,-0.023738499805880005,0.9732442977678343,0.1477784296830047,0.15124177705867226,0.08990549179530415,0.49409201648257295,0.494092016482573,0.07663601795621174,0.3328960620205399,0.2711278018426766,0.23005455419331935,-0.14817630783270033,-0.5703487949673545,0.808341846565261,-0.5447934363250667,-0.13855219274225705,-1.1157506960083694,0.0,0.0,0.0,3.6743759399122573,1.0,17.454795837402344,-13.117782592773438,1.3899999856948853
7.720117807388306,0.25111948458581623,0.941342339485826,0.2296840120566119,0.24554648600958093,-0.02875374245688419,0.9480315552873004,0.2732611385111513,0.15598208910590325,0.04726635417810105,0.49552680476625927,0.49552680476625943,0.06673219431534916,0.5864487834520358,0.27330970732497023,0.18262187677425223,-0.36145612118959064,-0.5999507355143575,0.9269622657898854,2.5573393694572735,0.30646536979150074,-2.8982179568968434,0.0,0.0,0.0,4.171835144708751,1.0,17.454795837402344,-13.117782592773438,1.3899999856948853
7.7401347160339355,0.2553491042938085,0.9409021331212695,0.23142852090101262,0.2449617807638962,-0.03373042493647489,0.9480315552873004,0.2732611385111513,0.15598208910590325,0.04726635417810105,0.49676321811238033,0.49676321811238017,0.05680057333013178,0.5864487834520358,0.27330970732497023,0.18262187677425223,-0.36145612118959064,-0.5999507355143575,0.9269622657898854,2.5368292838457283,0.2873306542271443,-2.7956352681668144,0.0,0.0,0.0,4.171835144708751,1.0,17.454795837402344,-13.117782592773438,1.3899999856948853
7.760108709335327,0.25979164536478994,0.9404819069108055,0.2330864638230367,0.24427489235827707,-0.03865566089513174,0.9480315552873004,0.2732611385111513,0.15598208910590325,0.04726635417810105,0.4977985858123835,0.4977985858123836,0.04686755768323104,0.5864487834520358,0.27330970732497023,0.18262187677425223,-0.36145612118959064,-0.5999507355143575,0.9269622657898854,2.5178126475229754,0.2705587265956355,-2.6937207510970356,0.0,0.0,0.0,4.171835144708751,1.0,17.454795837402344,-13.117782592773438,1.3899999856948853
7.780113697052002,0.26444049298361566,0.9400811091367755,0.23466210415142924,0.24348501271704132,-0.04354599524153958,0.9480315552873004,0.2732611385111513,0.15598208910590325,0.04726635417810105,0.49863650213356153,0.4986365021335617,0.03690038942892882,0.5864487834520358,0.27330970732497023,0.18262187677425223,-0.36145612118959064,-0.5999507355143575,0.9269622657898854,2.5002564601180692,0.2560687355086282,-2.5921435089587987,0.0,0.0,0.0,4.171835144708751,1.0,17.454795837402344,-13.117782592773438,1.3899999856948853
7.800114154815674,0.2693167329320446,0.9397014852054024,0.2361505479561192,0.2425950239168614,-0.048391029887394854,0.9282960509784131,0.2168228150553066,0.29277119478170194,0.07442671640930174,0.49927474906975533,0.49927474906975516,0.026920715839904182,0.5458115023729598,0.5366756912624006,0.31362802672435053,-0.46787690725933717,-0.46502576713133986,0.8537427443812509,2.2065906473183836,2.2970897622543127,-0.787010178216355,0.0,0.0,0.0,4.5419298235877745,1.0,17.465927124023438,-13.126860618591309,1.3899999856948853
7.8201069831848145,0.2473108540889732,0.9393440384501074,0.23754973773500868,0.24160687440880682,-0.05318851162308436,0.95544638409643,0.12279292498425062,0.2677282434406021,-0.019123084350568698,0.49971315443945796,0.49971315443945813,0.016934086339876392,0.2651243962230621,0.5425206310026827,0.0341118968291033,-0.12256836220008657,-0.44700357272125496,0.9108550867742581,-1.549755306501467,2.1611748034513916,-2.307684846439605,0.0,0.0,0.0,4.022350607995388,1.0,17.47705841064453,-13.126860618591309,1.3899999856948853
7.840107440948486,0.34072989980590623,0.9390094272546986,0.2388588577979703,0.24052156525172588,-0.05794064399980031,0.9282477648125254,0.13805699044876388,0.3439653974396996,0.031371322460646556,0.49995187746391534,0.4999518774639153,0.00693687395778556,0.36589857544265864,0.6814349599417832,0.19857341006294843,-0.23461121667035548,-0.5047276300487794,0.865898970369785,-0.3537217153842348,3.7035248467016197,-0.8197010947111529,0.0,0.0,0.0,4.590650017407416,1.0,17.47705841064453,-13.126860618591309,1.3799999952316284
7.860107660293579,0.30956584457660563,0.9386986914652768,0.24007548436551643,0.2393412584877236,-0.06264415721799056,0.9604415682375643,0.20664297173910215,0.172639942944477,0.07103609175854568,0.4999906179797254,0.49999061797972544,-0.003062994001356294,0.4579897136739649,0.3070657441821417,0.21976334896476535,-0.29109230096077726,-0.3657256227953249,0.7953164804218823,0.9886444798439168,-0.4934055899239833,-0.8045465618980856,0.0,0.0,0.0,3.8842963671647173,1.0,17.510454177856445,-13.126860618591309,1.3799999952316284
7.880125522613525,0.3665595931641809,0.9384124425518954,0.24119875030931198,0.2380665975769769,-0.06730189916438824,0.889265869881977,0.3036076499550752,0.33576025949697297,0.06552599250932874,0.4998291340043237,0.49982913400432366,-0.013070455251740607,0.7801203679778617,0.5912170334998782,0.39620975924423474,-0.021006867893591324,-0.37577807734807145,0.8559566132105415,2.2563521331973924,2.8458912352610652,-0.82291038569219,0.0,0.0,0.0,5.612252018219815,1.0,17.52158546447754,-13.13593864440918,1.3799999952316284
7.900129795074463,0.373948862349596,0.9381519505142101,0.24222507120804593,0.23670139338207025,-0.0719053752902166,0.889265869881977,0.3036076499550752,0.33576025949697297,0.06552599250932874,0.49946768128800134,0.4994676812880015,-0.0230658914587636,0.7801203679778617,0.5912170334998782,0.39620975924423474,-0.021006867893591324,-0.37577807734807145,0.8559566132105415,2.265641102328648,2.8391245424224723,-0.7261957974758686,0.0,0.0,0.0,5.612252018219815,1.0,17.52158546447754,-13.13593864440918,1.3799999952316284
7.920114040374756,0.3815365482905781,0.9379180043676025,0.243152592053595,0.23524818824005087,-0.07645210259035168,0.889265869881977,0.3036076499550752,0.33576025949697297,0.06552599250932874,0.49890702463659004,0.49890702463659015,-0.033042105990159214,0.7801203679778617,0.5912170334998782,0.39620975924423474,-0.021006867893591324,-0.37577807734807145,0.8559566132105415,2.2763520454799755,2.8345753024481386,-0.6305848236342269,0.0,0.0,0.0,5.612252018219815,1.0,17.52158546447754,-13.13593864440918,1.3799999952316284
7.9439287185668945,0.39081915636374565,0.937674524255871,0.24412787631398347,0.23340243212759576,-0.08180080222634531,0.889265869881977,0.3036076499550752,0.33576025949697297,0.06552599250932874,0.49797874378885126,0.4979787437888512,-0.04491292391369873,0.7801203679778617,0.5912170334998782,0.39620975924423474,-0.021006867893591324,-0.37577807734807145,0.8559566132105415,2.2910265723964494,2.832011389918033,-0.5180186410221097,0.0,0.0,0.0,5.612252018219815,1.0,17.52158546447754,-13.13593864440918,1.3799999952316284
7.960087537765503,0.31703242561262934,0.9375317226577643,0.24470774748335497,0.23208099042516225,-0.08538618866809448,0.972775533353312,0.1596057757629354,0.16612149070311702,0.02524694791187881,0.4971880239915579,0.49718802399155804,-0.05295345880459571,0.34270029706686655,0.3206028247472819,0.10784031830313417,-0.2136152635768176,-0.42325441655186974,0.8206227556759079,-0.5128672267537655,-0.10347822436832277,-1.0756678412599276,0.0,0.0,0.0,3.6975584576601976,1.0,17.54384994506836,-13.163172721862793,1.3799999952316284
7.980079412460327,0.1786815897962375,0.9373806741379573,0.24533205856717252,0.23037057700352534,-0.0897722119752261,0.959369339449151,0.16893844350435258,0.19627551067208532,-0.11200980645299935,0.4960301020797012,0.49603010207970133,-0.06288193564769724,0.3129475211309221,0.4273350082920239,-0.1640185855002471,-0.14454673523748482,-0.3050338688298102,0.9634527507192268,-1.1255750571779002,0.7258958924785744,-4.0,0.0,0.0,1.0,3.8043279233833043,1.0,17.577245712280273,-13.163172721862793,1.3799999952316284
8.000104188919067,0.29135661181062733,0.9372583195593455,0.2458526447648571,0.2285754609451117,-0.0941093944972905,0.9776466281604556,0.14700261657912186,0.14417919066573218,-0.042540123934445805,0.4946715408811284,0.49467154088112847,-0.0728015565924938,0.2920630238824004,0.2988481622831467,-0.04269372085103209,-0.04683254689230393,-0.31529291148096317,0.8658760823759323,-1.7873217303754834,-0.5730005135219463,-2.3838984967763337,0.0,0.0,0.0,3.5878730586134218,1.0,17.588376998901367,-13.181328773498535,1.3799999952316284
8.020072937011719,0.31948257587956025,0.9371656596932938,0.24626580742182125,0.226705723875663,-0.09837780821162787,0.930196793383077,0.2633020221921266,0.24895124850997827,0.058559769079981346,0.4931192594653101,0.49311925946531027,-0.08266435715823393,0.6132961586027895,0.4470524048773902,0.2694528627219799,-0.1293992171660219,-0.2810163212634526,0.8865028694714903,1.6265781079004658,0.7661308649482917,-0.58587085700941,0.0,0.0,0.0,4.453053556425258,1.0,17.588376998901367,-13.181328773498535,1.3799999952316284
8.040087223052979,0.33433664387875117,0.937102649417673,0.24657220662239876,0.2247539038498913,-0.10259850915083014,0.9118883018543896,0.24096311555409275,0.3314475621156528,0.023216706294676124,0.4913661403291824,0.49136614032918247,-0.09251657223439569,0.6004898823437154,0.6351491315877346,0.2537447211282669,-0.10860991579301874,-0.30214116357227605,0.8056940698665995,1.2381383496779998,2.7126222936293694,-0.36511281691256237,0.0,0.0,0.0,4.911885839971361,1.0,17.62177276611328,-13.208562850952148,1.3899999856948853
8.060104608535767,0.21112565732717456,0.9370699195758986,0.24676932260559506,0.22272585412623633,-0.1067617026397264,0.9325002588304626,0.17075884535878127,0.29437344984940617,-0.12095022131693371,0.48941588324620006,0.4894158832462001,-0.10233324594842992,0.3113282376507247,0.6314469009756811,-0.15553525546925234,-0.006901031063360513,-0.17503074085185616,1.008176497821924,-1.2846040826591083,2.2955807127432424,-3.616177425030793,0.0,0.0,0.0,4.23469455852651,1.0,17.655168533325195,-13.21764087677002,1.3899999856948853
8.080117464065552,0.21319454938658955,0.9370678044896122,0.24685566602156742,0.22062436365669333,-0.1108652339696517,0.9325002588304626,0.17075884535878127,0.29437344984940617,-0.12095022131693371,0.48727003370403504,0.4872700337040352,-0.11210670922861189,0.3113282376507247,0.6314469009756811,-0.15553525546925234,-0.006901031063360513,-0.17503074085185616,1.008176497821924,-1.2569786829769631,2.320955648043468,-3.5319561221753557,0.0,0.0,0.0,4.23469455852651,1.0,17.655168533325195,-13.21764087677002,1.3899999856948853
8.10012435913086,0.21559043693610458,0.9370965399772266,0.2468299473549167,0.2184516536123161,-0.11490834123562955,0.9325002588304626,0.17075884535878127,0.29437344984940617,-0.12095022131693371,0.4849297582030565,0.4849297582030566,-0.12183238325307892,0.3113282376507247,0.6314469009756811,-0.15553525546925234,-0.006901031063360513,-0.17503074085185616,1.008176497821924,-1.2273414290426339,2.347775740774348,-3.449352890690019,0.0,0.0,0.0,4.23469455852651,1.0,17.655168533325195,-13.21764087677002,1.3899999856948853
8.12011432647705,0.21829166489753046,0.937156250047444,0.24669106206276986,0.21621105161851228,-0.11888845214474014,0.9325002588304626,0.17075884535878127,0.29437344984940617,-0.12095022131693371,0.4823976095886602,0.48239760958866007,-0.13150112647101797,0.3113282376507247,0.6314469009756811,-0.15553525546925234,-0.006901031063360513,-0.17503074085185616,1.008176497821924,-1.1956944914495704,2.3759857737434738,-3.368433871220021,0.0,0.0,0.0,4.23469455852651,1.0,17.655168533325195,-13.21764087677002,1.3899999856948853
8.140120267868042,0.3546245039761495,0.9372471555806787,0.24643753752210334,0.21390089169374715,-0.12281171763552892,0.8846705396587778,0.29288190678731135,0.3592752651904794,-0.049995087346522166,0.47967044761433725,0.4796704476143374,-0.14112498604237755,0.7019879995890849,0.7274480242026317,0.164072083791176,-0.07452004908561874,-0.05585589172177119,0.8606280247289486,2.0963986644198482,2.7004083520676967,-1.6888847842781767,0.0,0.0,0.0,5.6957633334618745,1.0,17.68856430053711,-13.244874954223633,1.3899999856948853
8.160093545913696,0.3013089248085979,0.9373690521160495,0.24606894640146632,0.21152888665874114,-0.1266683222469,0.9437363997570025,0.24442606475217513,0.22152078896386673,0.02336764216352871,0.47675623171317416,0.47675623171317416,-0.15067679158601077,0.5425586769904706,0.41882921397158357,0.16759877803546,-0.06104756337813917,-0.18578396416520926,0.8550047458043823,0.8421063549493082,0.1692984849107494,-0.5349824875271603,0.0,0.0,0.0,4.143397930433657,1.0,17.721960067749023,-13.272109031677246,1.3899999856948853
8.180088758468628,0.40257922185025946,0.9375222332434517,0.24558325068136244,0.2090906170343057,-0.13046855187055414,0.951607078905231,0.1495116335768696,0.2660743786784151,0.03598143706863938,0.47364831556482523,0.4736483155648253,-0.16017887864073646,0.35722053712088014,0.5185683752504238,0.1712885938863487,0.043438835165968415,-0.07400714995051674,0.74111983983639,-1.1995665296155904,0.7387391958993708,0.8749231584725892,0.0,0.0,0.0,3.9755911435874953,1.0,17.777620315551758,-13.299344062805176,1.3899999856948853
8.200092792510986,0.20241834616913273,0.9377065848263525,0.24497944184167192,0.20658954496151682,-0.13420951441993434,0.9107663542893253,0.24010457657446274,0.30348099636121123,-0.14406153216641637,0.4703495407992988,0.47034954079929864,-0.16962107613704386,0.46326996404239124,0.6712690909400998,-0.14956534217136294,0.056743980588257,-0.09957907826982723,0.7399134302201753,0.03296488083578647,2.3880986544313267,-2.721862266740896,0.0,0.0,0.0,4.609776192960077,1.0,17.811016082763672,-13.33565616607666,1.3899999856948853
8.220088481903076,0.23709708139083646,0.9379217925200002,0.24425704581196692,0.2040298184725097,-0.13788777995658308,0.9185381022475934,0.34618343308853744,0.16494394531814333,-0.09611597306020049,0.4668640502274632,0.4668640502274631,-0.17899150428221106,0.7079724330831441,0.37853772695841037,-0.06717301883537488,-0.05438118544940357,-0.13043413156128858,0.8710809179211786,2.286860995473984,-0.6175055300517602,-3.361065836109473,0.0,0.0,0.0,4.566146690164913,1.0,17.85554313659668,-13.371968269348145,1.3899999856948853
8.240116357803345,0.23962026956278826,0.9381681178004363,0.24341346735643088,0.2014081436854709,-0.14151051660381675,0.9185381022475934,0.34618343308853744,0.16494394531814333,-0.09611597306020049,0.4631858400955528,0.46318584009555275,-0.1883052775016594,0.7079724330831441,0.37853772695841037,-0.06717301883537488,-0.05438118544940357,-0.13043413156128858,0.8710809179211786,2.321054315144581,-0.5952350245845148,-3.27961817470044,0.0,0.0,0.0,4.566146690164913,1.0,17.85554313659668,-13.371968269348145,1.3899999856948853
8.261378288269043,0.24279523718926363,0.9384629817179495,0.2423855227009934,0.1985638227455203,-0.14528901757086465,0.9185381022475934,0.34618343308853744,0.16494394531814333,-0.09611597306020049,0.4590777158384742,0.45907771583847395,-0.1981101986787384,0.7079724330831441,0.37853772695841037,-0.06717301883537488,-0.05438118544940357,-0.13043413156128858,0.8710809179211786,2.3599124925048205,-0.5701470878096857,-3.1944689843800025,0.0,0.0,0.0,4.566146690164913,1.0,17.85554313659668,-13.371968269348145,1.3899999856948853
8.28005599975586,0.2039999780341333,0.9387500048944316,0.2413693115461985,0.19601512217497946,-0.1485508520108407,0.9102712663167247,0.30630712383923625,0.25685474300899047,-0.10773954054694372,0.455297611955915,0.45529761195591506,-0.20664966621613745,0.6359297337284662,0.5628725219086784,-0.04588385136278949,0.013496904808740218,-0.1050489028714508,0.7130830276464752,1.6434459176801164,1.2841614571300553,-2.1315900677536925,0.0,0.0,0.0,4.713166304125102,1.0,17.91120147705078,-13.390125274658203,1.399999976158142
8.300111532211304,0.38310479186527124,0.9390869209678815,0.24015958871284893,0.19322815771732216,-0.15199344025815306,0.8914629849923933,0.30063405769432466,0.3353247168046507,-0.04970154969996862,0.45106185786585745,0.45106185786585745,-0.2157387317534822,0.7020234103389114,0.6786504816281672,0.14568811631402015,0.05850137776585736,-0.09254431044558319,0.7736640755748281,1.9578254124615888,2.5478813340193023,-0.8693976696109038,0.0,0.0,0.0,5.389073109787945,1.0,17.944597244262695,-13.426437377929688,1.399999976158142
8.320090293884277,0.16769932464737694,0.9394516091097049,0.2388318478852577,0.19040202417566887,-0.15536116556819152,0.964741948230066,0.180888767223762,0.1521112617934691,-0.1158205130929884,0.44666193400800064,0.44666193400800047,-0.2247067348973602,0.339568046819839,0.3420271277290141,-0.17976672870635313,-0.005089085293220635,-0.005204490187766836,0.6188362820485184,-1.1575463787403995,-0.8037642921221455,-1.6160832789005113,0.0,0.0,0.0,3.600911651937799,1.0,18.00025749206543,-13.471827507019043,1.399999976158142
8.340120315551758,0.33916519394302475,0.9398457582645413,0.23737729596402957,0.1875206388990287,-0.15867570708793177,0.9551458822342436,0.2647598779804506,0.13265070662648085,-0.001529932757010773,0.4420717564101753,0.44207175641017554,-0.2336077100277781,0.5498138385129367,0.2570325208144904,0.06966150690864191,0.163597699554888,0.11617240731416908,0.703638739865144,0.20291024586495376,-2.3864126626736,-0.1753375195300304,0.0,0.0,0.0,3.874341280724929,1.0,18.05591583251953,-13.508139610290527,1.399999976158142
8.360090017318726,0.3900770670873502,0.9402664929894046,0.23580368899819704,0.18460198971744923,-0.1619186456483821,0.9402347316641103,0.15318975920879402,0.30255638588344674,-0.03084121280391975,0.4373188464227445,0.4373188464227446,-0.24238858587705794,0.3365723994727177,0.6167624655636316,0.042551479018616827,0.1178408259943762,0.10263788248563196,0.5965652101944554,-1.1588722962148825,1.4571009307291467,0.9398862173609706,0.0,0.0,0.0,4.149208142667136,1.0,18.05591583251953,-13.508139610290527,1.399999976158142
8.380092859268188,0.3747603682723487,0.9407149944120398,0.23410357231967788,0.18163439622148425,-0.16510530828770603,0.9009168847417804,0.3411681025013869,0.264855267153929,-0.04248270334606384,0.4323832234544615,0.4323832234544616,-0.25108713243638986,0.7569534465430418,0.5307875069747963,0.12108943506298124,0.18814758315592747,0.14066637854115469,0.6311403306216439,2.1683452457752006,0.21998477840700736,-0.34820640575379214,0.0,0.0,0.0,5.089693512386781,1.0,18.12270736694336,-13.553529739379883,1.399999976158142
8.40009069442749,0.38387194032610067,0.9411896643609647,0.2322796758761034,0.17862528671992198,-0.16822953016403674,0.9009168847417804,0.3411681025013869,0.264855267153929,-0.04248270334606384,0.4272759039932076,0.42727590399320753,-0.25968307966979143,0.7569534465430418,0.5307875069747963,0.12108943506298124,0.18814758315592747,0.14066637854115469,0.6311403306216439,2.223553707251607,0.2538509282717957,-0.2814455542241645,0.0,0.0,0.0,5.089693512386781,1.0,18.12270736694336,-13.553529739379883,1.399999976158142
8.420103073120117,0.33238093434657756,0.9416901168419713,0.23032996985748938,0.17557352917784802,-0.17129438017529225,0.9527479546955009,0.16870234958463665,0.24992352192566816,-0.03672989594911765,0.4219938166029037,0.4219938166029036,-0.26818131692740066,0.3547935173147147,0.5105086304897565,0.016432565836372013,0.2650623554811767,-0.00452960756482812,0.5091068273309682,-1.5446369233960295,0.9708268534890536,1.0947207052675711,0.0,0.0,0.0,3.8808026039985766,1.0,18.189498901367188,-13.598919868469238,1.409999966621399
8.440120458602905,0.17438130008027627,0.9422152148407641,0.22825513854837526,0.1724823334669045,-0.17429838005743511,0.9415679666487408,0.26098972719383334,0.19029597362680675,-0.09550690499471633,0.416541343568525,0.4165413435685249,-0.27657423795091257,0.5219362690852655,0.4204878205325284,-0.0883202615348934,0.3127269752696062,0.0856147267355202,0.5011941687744784,-0.2971920751191449,-0.47834337015749673,-0.5538640958863725,0.0,0.0,0.0,4.0081179288493205,1.0,18.256290435791016,-13.644309997558594,1.409999966621399
8.460110902786255,0.3121398858732052,0.9427630818410283,0.22605873334080587,0.16935847938295726,-0.17723692069952432,0.9061372949104327,0.28468567015137897,0.29245619800441974,-0.11107945008714956,0.4109296440239062,0.4109296440239063,-0.28484526968581686,0.5946096089002224,0.6350979790335716,-0.04323048375463776,0.17948007042664094,0.09105221558560894,0.5524128788186344,1.2135333151717316,1.5739619456160239,-0.7340970219316298,0.0,0.0,0.0,4.750980991670874,1.0,18.323081970214844,-13.69877815246582,1.409999966621399
8.480088949203491,0.2064584209086095,0.943332988998427,0.22373965736755633,0.1662015514719957,-0.18011241455447674,0.9247021022082195,0.18071304390719084,0.24282655636736272,-0.2308767668178532,0.40515736766844335,0.40515736766844335,-0.29299745293087065,0.26549266587176845,0.561586076790121,-0.41236262829855935,0.23766843863239123,0.037090171120637255,0.5104612753918942,-1.5717928568064188,1.7413793797602435,-2.580809099717178,0.0,0.0,0.0,3.874630650085996,1.0,18.389873504638672,-13.762325286865234,1.409999966621399
8.500102281570435,0.13438754552683166,0.9439252142773715,0.2212923976770263,0.16300567522040216,-0.1829317206711613,0.9220152022166033,0.27727331176664893,0.1666295234017875,-0.2127018556438189,0.3992127668620383,0.39921276686203816,-0.30104678502577625,0.5081930281294131,0.439208259709643,-0.33764474347435475,0.2334828827875718,0.061695557469413395,0.53712368995305,0.13607909405374152,-0.17999587809196418,-2.9571366375540467,0.0,0.0,0.0,3.9825356706036477,1.0,18.4566650390625,-13.816793441772461,1.4199999570846558
8.521552085876465,0.1375643819857306,0.9445822859688838,0.2185319825986554,0.15954524813188528,-0.18588542550139364,0.9220152022166033,0.27727331176664893,0.1666295234017875,-0.2127018556438189,0.3926640331939063,0.39266403319390636,-0.30953991186258173,0.5081930281294131,0.439208259709643,-0.33764474347435475,0.2334828827875718,0.061695557469413395,0.53712368995305,0.21519003009051252,-0.14211737819604722,-2.895474281187662,0.0,0.0,0.0,3.9825356706036477,1.0,18.4566650390625,-13.816793441772461,1.4199999570846558
8.540130853652954,0.25395393093501706,0.9451689399350721,0.2160264834768385,0.1565201281292356,-0.18838705610803266,0.9067208428881147,0.27209243403022815,0.26361908346449126,-0.18527816722192106,0.3868457277936379,0.3868457277936379,-0.31678128557067675,0.506733473621143,0.6173586644599284,-0.23836967246837068,0.3462594534474084,0.19890018658950864,0.5011404852526197,0.25416744315192896,1.1246153626870408,-1.8034406942495962,0.0,0.0,0.0,4.4116875037025896,1.0,18.534587860107422,-13.862183570861816,1.4199999570846558
8.560108184814453,0.33085886190863995,0.9458166727989583,0.213214250831592,0.1532399759143217,-0.19101836162947683,0.9154912163841753,0.26825044602300246,0.2804057223378454,-0.1062551731073581,0.3804405127872665,0.3804405127872666,-0.3244457061361141,0.5532355632370856,0.6070219210139663,-0.05373427666893775,0.3260156089800258,0.16864574432503662,0.4165034933406071,0.6119390039762873,1.2521552589450846,0.19513646810531982,0.0,0.0,0.0,4.4952808617389,1.0,18.60137939453125,-13.916651725769043,1.4199999570846558
8.580119609832764,0.29366916840543167,0.9464817806201579,0.2102751364064314,0.14992739329431323,-0.19359334364415648,0.9251739342715685,0.14043045925820358,0.27395479382611226,-0.22199380260874324,0.3738721526776452,0.37387215267764523,-0.3319933936875604,0.1689119240373915,0.6056067833957682,-0.4181085997018261,0.31440873510670514,0.14993334290544874,0.5059926202662819,-2.0951015745287482,2.201820222947047,-1.9130517859938343,0.0,0.0,0.0,3.870811968775306,1.0,18.668170928955078,-13.989275932312012,1.4199999570846558
8.600091457366943,0.17779325997512102,0.9471604278391096,0.20722077235195832,0.14659612051304208,-0.19610265906411894,0.9559028773885072,0.2274713195618873,0.1496366295221087,-0.11006982730253215,0.36716751042718315,0.36716751042718293,-0.3393936052531107,0.44092365477869244,0.3428277472203592,-0.151733453004589,0.4671953487033341,0.11441431335104041,0.4709005241638917,-1.257236773092448,-0.8616719608937444,-0.26634777047865565,0.0,0.0,0.0,3.664275770037635,1.0,18.757225036621094,-14.043744087219238,1.4299999475479126
8.620099544525146,0.2854551595114033,0.9478537597486925,0.20404046677250617,0.143235014565156,-0.19855595849040988,0.9063935825533708,0.30045993535669235,0.23759127076836983,-0.178114819165024,0.3603038562080334,0.36030385620803346,-0.34667150330193097,0.5771473022008564,0.5677484973551735,-0.21528503471102547,0.4830503653889434,0.10387494673365007,0.5491966556479952,0.49807840838206374,1.025680246491207,-1.8650887003419017,0.0,0.0,0.0,4.4106952338354395,1.0,18.835147857666016,-14.116369247436523,1.4299999475479126
8.64011812210083,0.28005865340589775,0.9485594606861313,0.20073887526510964,0.13984977515943936,-0.20094997857175462,0.9515437374701973,0.24610898346413723,0.16971889682843036,-0.07204429192405064,0.3532922570406193,0.3532922570406192,-0.3538143314157087,0.49554462026219703,0.36660853382588476,-0.05741249155957836,0.3515135719541639,0.2547993138953938,0.40949198065676695,-0.07671797475218955,-1.1607616019633382,0.8125379457754978,0.0,0.0,0.0,3.794658430127687,1.0,18.835147857666016,-14.116369247436523,1.4299999475479126
8.660110235214233,0.4403174320713283,0.949274707814876,0.19732333017532977,0.13644809073902742,-0.2032804737429879,0.8682701587029028,0.30499399013735373,0.3048425764925694,-0.24526842651165628,0.34614863170762084,0.34614863170762084,-0.3608062149782647,0.544201773221425,0.7463754107394169,-0.3329826109049721,0.41228422927026104,0.2508759215748516,0.377106657728451,1.2847682132424028,2.1425643583224354,-2.264187430582198,0.0,0.0,0.0,4.954089266361891,1.0,18.935335159301758,-14.17083740234375,1.4299999475479126
8.680097579956055,0.3992844433749951,0.9499987154687869,0.19379160640114412,0.1330276850547546,-0.20555021018012054,0.9206712824680896,0.2804118092009111,0.25911502812711185,-0.08119734661872281,0.3388684138163168,0.3388684138163167,-0.3676522788146614,0.5899061892975244,0.5499644486942664,-0.004919774418459514,0.32863517830506556,0.31244655859020126,0.5701027717306417,1.2941021904863372,0.3858304135354049,0.2199605997629197,0.0,0.0,0.0,4.367956143975485,1.0,19.01325798034668,-14.25253963470459,1.440000057220459
8.700098752975464,0.3097213602892687,0.9507305950351461,0.19014165550623538,0.12958668446240937,-0.20776134798249846,0.9122140719266528,0.19470154219077587,0.27771378536935004,-0.2298517997827204,0.33144764788289577,0.33144764788289566,-0.3743560560654735,0.2873684410056615,0.6387269450682339,-0.39805196938683196,0.5351173877554994,0.23913865706152906,0.4963597176499866,-1.349044011038453,2.0249082154475557,-2.0140405016085237,0.0,0.0,0.0,4.011296470387692,1.0,19.102313995361328,-14.307007789611816,1.440000057220459
8.720096111297607,0.15802146790857824,0.951468111641226,0.1863780396966967,0.12612938675502083,-0.20991197356391675,0.9623243962370784,0.14955188669687672,0.16677645488584966,-0.15411555303750227,0.323895744812642,0.323895744812642,-0.3809088427593457,0.2569929789594182,0.3758707675457364,-0.2684658671281104,0.43384052250426447,0.17331344937680154,0.4972125748947095,-2.165210264018315,-0.0005314852105574586,-0.6370911001438366,0.0,0.0,0.0,3.425441047647354,1.0,19.20250129699707,-14.379632949829102,1.440000057220459
8.740088701248169,0.11821142368633074,0.9522096097458156,0.182502553404559,0.12265719658242774,-0.21200209724216712,0.9472694935536334,0.16054894430179015,0.17728830420393712,-0.21324493020636132,0.3162161688147209,0.3162161688147209,-0.3873078034072383,0.2525715350000804,0.41627032633750327,-0.38923446974258585,0.4129834326466668,0.3215242878120892,0.37178770124307287,-1.823401465663808,-0.13595239459983355,-1.2785041590026984,0.0,0.0,0.0,3.4575263143963393,1.0,19.280424118041992,-14.461336135864258,1.4500000476837158
8.760131120681763,0.3129384460724369,0.9529554861847089,0.1785058922476842,0.1191617648870243,-0.21403729014434097,0.8994508816476061,0.295267571046205,0.19914537471083882,-0.2532711841546484,0.308390593395287,0.30839059339528707,-0.39356732830013047,0.5229914124398034,0.5326389702465142,-0.4031975459510482,0.4911642409448753,0.35444473023003387,0.5425224258956355,0.7006203283892005,-0.12560590438800867,-3.1396120473203597,0.0,0.0,0.0,4.102732189090427,1.0,19.280424118041992,-14.461336135864258,1.4500000476837158
8.780174255371094,0.3222902812701732,0.9537022626034118,0.17439920506004472,0.11565274229649757,-0.2160123949657921,0.8994508816476061,0.295267571046205,0.19914537471083882,-0.2532711841546484,0.300440856194765,0.300440856194765,-0.39966897794169176,0.5229914124398034,0.5326389702465142,-0.4031975459510482,0.4911642409448753,0.35444473023003387,0.5425224258956355,0.80454691973575,-0.09197349234119345,-3.103499134452651,0.0,0.0,0.0,4.102732189090427,1.0,19.280424118041992,-14.461336135864258,1.4500000476837158
8.800118923187256,0.3319413852199799,0.9544445802270395,0.17020548997131751,0.11214867365214681,-0.21791812558141777,0.8994508816476061,0.295267571046205,0.19914537471083882,-0.2532711841546484,0.2924103654947175,0.29241036549471755,-0.4055812842714092,0.5229914124398034,0.5326389702465142,-0.4031975459510482,0.4911642409448753,0.35444473023003387,0.5425224258956355,0.9097113218971185,-0.0584791100141242,-3.0689874885831743,0.0,0.0,0.0,4.102732189090427,1.0,19.280424118041992,-14.461336135864258,1.4500000476837158
8.820109844207764,0.3230424516569759,0.9551861649526305,0.16589672295465677,0.10862521484713007,-0.21976858350411874,0.9453379456813903,0.206492549178863,0.22442031795365225,-0.11546651669676881,0.28424453505803104,0.2842445350580311,-0.4113454075222473,0.39418466795931645,0.49154897598622826,-0.1429857162256293,0.42396425505908925,0.3300277677196721,0.5397727060166555,-0.15209063882430685,0.3889006708133771,0.08618637163607135,0.0,0.0,0.0,3.7520958233413935,1.0,19.380611419677734,-14.533960342407227,1.4500000476837158
8.840100049972534,0.29111567089069584,0.9559236000791427,0.16148476265587638,0.105091590095612,-0.22155924700378082,0.921343928573159,0.2407933284918439,0.221416596104745,-0.21004435056574253,0.27596541201524183,0.2759654120152418,-0.4169449500488737,0.4196735899404864,0.534204145780786,-0.33186670594583845,0.5378476845796282,0.21378617541416317,0.4259010094481106,0.016209648330431925,1.0528717931664624,-1.4276846783622794,0.0,0.0,0.0,3.8607529267987934,1.0,19.480798721313477,-14.606584548950195,1.4600000381469727
8.860109806060791,0.4635146849820672,0.9566559592995804,0.15696719990805044,0.10154513987077904,-0.22329186787308167,0.8837882990069001,0.29940173761697014,0.267654723867765,-0.24007871801077982,0.2675677568928776,0.26756775689287765,-0.4223831145669934,0.5341393569097946,0.6647472209403825,-0.34216566932868786,0.4918806255861214,0.2521295478140222,0.5413653459699022,1.6941770605834565,1.7342736301578006,-2.5798568833311224,0.0,0.0,0.0,4.467275187220093,1.0,19.580984115600586,-14.688286781311035,1.4600000381469727
8.880099296569824,0.2920276653678037,0.95738012568359,0.1523553444798204,0.09799380825145171,-0.2249630136242104,0.9324922949949667,0.26829939236490113,0.16678569635843526,-0.1750887983906349,0.2590716403658557,0.25907164036585584,-0.42764691646046604,0.5045220675323533,0.4169845069701854,-0.262251125715274,0.5454294299209533,0.3029676952538951,0.5913361856898027,0.5214285983189977,-0.5195284985439543,-1.5399696613988487,0.0,0.0,0.0,3.7558234800566708,1.0,19.681171417236328,-14.769989967346191,1.4700000286102295
8.900094270706177,0.192523443019133,0.9580953909361309,0.14764578690101704,0.09443386728970152,-0.2265749063467375,0.961733767891045,0.14896010052652686,0.16447490957145178,-0.1607079720196951,0.25046963452170135,0.2504696345217014,-0.43274121849272146,0.2535994943321156,0.3728169361316196,-0.2830680194162406,0.5346275804783592,0.24983665694997326,0.47378689510777017,-1.6822771473388463,0.13544633107837534,-0.41218117650680286,0.0,0.0,0.0,3.3253301309091143,1.0,19.78135871887207,-14.860770225524902,1.4700000286102295
8.920210838317871,0.20022620092927498,0.9588041689604272,0.14281281228742793,0.09084536826518337,-0.22813633050310891,0.961733767891045,0.14896010052652686,0.16447490957145178,-0.1607079720196951,0.2417142758130812,0.24171427581308122,-0.4376919109009872,0.2535994943321156,0.3728169361316196,-0.2830680194162406,0.5346275804783592,0.24983665694997326,0.47378689510777017,-1.5705345467639293,0.18661571990048187,-0.38963301308306697,0.0,0.0,0.0,3.3253301309091143,1.0,19.78135871887207,-14.860770225524902,1.4700000286102295
8.940138101577759,0.20826980445739413,0.959493946630132,0.13793421744405127,0.08728454363969933,-0.22962344496988935,0.961733767891045,0.14896010052652686,0.16447490957145178,-0.1607079720196951,0.23294486083514845,0.23294486083514834,-0.4424213961942769,0.2535994943321156,0.3728169361316196,-0.2830680194162406,0.5346275804783592,0.24983665694997326,0.47378689510777017,-1.4583044532943283,0.23726505189376623,-0.3686856175340951,0.0,0.0,0.0,3.3253301309091143,1.0,19.78135871887207,-14.860770225524902,1.4700000286102295
8.960090637207031,0.216708664940067,0.9601707186141836,0.1329613110677186,0.08371381282755641,-0.23105297751153986,0.961733767891045,0.14896010052652686,0.16447490957145178,-0.1607079720196951,0.2240716512933912,0.22407165129339113,-0.44698086657781333,0.2535994943321156,0.3728169361316196,-0.2830680194162406,0.5346275804783592,0.24983665694997326,0.47378689510777017,-1.3444566302458716,0.28793055987516225,-0.34908471436003286,0.0,0.0,0.0,3.3253301309091143,1.0,19.78135871887207,-14.860770225524902,1.4700000286102295
8.980116844177246,0.2559044394110018,0.960834458138942,0.12788420331793765,0.08012511664142058,-0.23242792490959566,0.9609779494432574,0.20305109947050798,0.12572806984299392,-0.13958540088850732,0.21507598790559174,0.2150759879055917,-0.45137824429898454,0.38127048104530764,0.30294223059032716,-0.22959376716327218,0.6205724256132926,0.2865521199631138,0.4439905696570948,-0.6774294722037648,-0.8569802066849832,0.0050134946413979975,0.0,0.0,0.0,3.3634012337854515,1.0,19.892677307128906,-14.942472457885742,1.4800000190734863
9.00009799003601,0.2790972867204918,0.9614796639851962,0.12273573558757275,0.07654031672717751,-0.23373997276459824,0.9353834853691678,0.2544847133957506,0.11099515070058776,-0.21903274291179511,0.2060146007880681,0.20601460078806821,-0.45558532050773193,0.4679331593861075,0.32480821147566585,-0.3819781817463284,0.5215865439490479,0.3277002960800941,0.4266255002833176,0.6947751157543971,-1.2603026481409045,-1.6627877363250696,0.0,0.0,0.0,3.5188633357588888,1.0,19.99286460876465,-15.024174690246582,1.4800000190734863
9.020088195800781,0.2992590980939016,0.9621066321259356,0.1175052046251124,0.07295026346564155,-0.23499279641213178,0.9318547883338546,0.2628436245773989,0.09043207947431682,-0.23319931706639582,0.19686680182649405,0.19686680182649405,-0.45961229567822476,0.48697750887560076,0.29540678628594835,-0.4165442982263133,0.5252109465518884,0.31025384141379486,0.35430447630279027,0.8516510628905927,-1.5477748414494719,-1.6958522783330021,0.0,0.0,0.0,3.5044687399253887,1.0,20.104183197021484,-15.11495590209961,1.4900000095367432
9.0401029586792,0.2845485564459935,0.9627143407050428,0.11219146949287331,0.06935266909372795,-0.2361871708274189,0.9281655043584623,0.14638036787106606,0.1951831370649104,-0.28104292808471965,0.18762895468269963,0.18762895468269963,-0.4634602198297903,0.181882826668272,0.46073082298733625,-0.5452679753826685,0.6216776835774029,0.33597966135018553,0.3210599711177271,-1.2187326698181167,1.0659274379685049,-2.0761850631530097,0.0,0.0,0.0,3.3640025214595624,1.0,20.226634979248047,-15.19665813446045,1.4900000095367432
9.060093641281128,0.10477817376417824,0.9632998957238503,0.10681064042577346,0.0657567357582658,-0.23732014177619443,0.9489330143993091,0.10740347066835694,0.07942573223937788,-0.2858009477410294,0.17832719601455152,0.17832719601455158,-0.46711819827703965,0.1628461267076105,0.21375551040381577,-0.5675710717335981,0.7339880132664058,0.38558806554725844,0.35419856981021414,-2.892720098231296,-1.1593595125875193,-2.3905961583776865,0.0,0.0,0.0,3.062957814561024,1.0,20.326820373535156,-15.28743839263916,1.5
9.080116748809814,0.22505719090308376,0.9638635660003154,0.10135075523509032,0.06215271546278591,-0.23839482064641024,0.9401777233457929,0.20773802041224054,0.05332298183153809,-0.2647025179482026,0.16893891636837186,0.16893891636837183,-0.4705949877934105,0.37973769031277327,0.21182423832604763,-0.5080255545806807,0.7468357003118208,0.42697918391271034,0.2857032931122725,-0.9632762164107178,-2.3026044779824533,-1.9130285872394406,0.0,0.0,0.0,3.252904211510646,1.0,20.326820373535156,-15.28743839263916,1.5
9.100164413452148,0.23491263316665997,0.964403706058061,0.09581704497413156,0.058542392069625984,-0.23941047171055094,0.9401777233457929,0.20773802041224054,0.05332298183153809,-0.2647025179482026,0.1594712699284364,0.15947126992843647,-0.473887026692451,0.37973769031277327,0.21182423832604763,-0.5080255545806807,0.7468357003118208,0.42697918391271034,0.2857032931122725,-0.8367822568674783,-2.2676570554695923,-1.8876917157413489,0.0,0.0,0.0,3.252904211510646,1.0,20.326820373535156,-15.28743839263916,1.5
9.120107650756836,0.24519075095956755,0.964915723216923,0.09024895072717842,0.054949339576950085,-0.24036086216658256,0.9401777233457929,0.20773802041224054,0.05332298183153809,-0.2647025179482026,0.1499893425524374,0.1499893425524374,-0.476972952189836,0.37973769031277327,0.21182423832604763,-0.5080255545806807,0.7468357003118208,0.42697918391271034,0.2857032931122725,-0.7099196308989684,-2.2329752675738064,-1.863541517186207,0.0,0.0,0.0,3.252904211510646,1.0,20.326820373535156,-15.28743839263916,1.5
9.140089750289917,0.05850473567404486,0.9654022166947486,0.08461028859098288,0.051348045799063165,-0.24125305647397227,0.9623315036610792,0.10084744901170015,0.0754823573068103,-0.24093626299219895,0.14042911259377186,0.1404291125937719,-0.47987463397863167,0.1614757615441023,0.19510925259370285,-0.4748115363704542,0.6549115873966025,0.4686484059209328,0.3050789003929603,-2.184167395140461,-1.484335136211802,-1.2048500249859078,0.0,0.0,0.0,3.0538764696532508,1.0,20.438140869140625,-15.378218650817871,1.5
9.160104274749756,0.25304895919034265,0.9658617404970008,0.07890614671167437,0.047739924245282846,-0.24208638517742898,0.9439887091459692,0.1777576633336249,0.12314418635686415,-0.24924493876025378,0.13079716551778187,0.1307971655177818,-0.48258895707684196,0.293756373373819,0.3268948197266207,-0.46749782167038,0.7478042560122741,0.40100531242771115,0.3156015652991136,-0.6889088050116339,-0.593850124618202,-1.4819790664323202,0.0,0.0,0.0,3.254393450771788,1.0,20.560590744018555,-15.468999862670898,1.5099999904632568
9.180098295211792,0.4457993454339067,0.9662919708273868,0.07315521841474476,0.044134740958603876,-0.2428585303705286,0.9019252438284466,0.15461850105210806,0.21425784992616248,-0.341639499212861,0.12112277197498621,0.12112277197498626,-0.4851074871707253,0.15281467787353184,0.5145425724009886,-0.6838982435506561,0.7220111580688903,0.39740487202252095,0.27282529225639796,-0.48039955914743526,1.5038143783180713,-3.135965838416394,0.0,0.0,0.0,3.4355298135318346,1.0,20.67190933227539,-15.550703048706055,1.5099999904632568
9.200085163116455,0.4515084537091118,0.9666922384900498,0.06735749081025721,0.040530282112824195,-0.24357007350390447,0.9079403320376636,0.2212093724126003,0.18067631122333908,-0.3067031750388114,0.11140344628560456,0.1114034462856045,-0.48743129993435,0.3345079652995145,0.48225463928398327,-0.5685446097000975,0.8111065560336059,0.35101374841115873,0.25380004092120445,0.44080131620333507,0.6887066690629773,-2.4579253779993624,0.0,0.0,0.0,3.5264626573416287,1.0,20.794361114501953,-15.641483306884766,1.5199999809265137
9.220123767852783,0.22816587356437662,0.9670626720615058,0.0614995103490759,0.03691608746701665,-0.24422285113848788,0.9386493174393811,0.12833990003228046,0.10184372147086443,-0.3034702379595953,0.10161429075822809,0.10161429075822806,-0.48956566047232347,0.18706799405543484,0.2724436526792592,-0.5996813916334369,0.9467844602860103,0.3894861642406157,0.25887035460718566,-2.186020172637577,-0.534789939878966,-2.2896733116411427,0.0,0.0,0.0,3.126197305808415,1.0,20.90567970275879,-15.741342544555664,1.5199999809265137
9.240140914916992,0.210914459800509,0.9674009695344172,0.055606419172122806,0.03330549061018541,-0.2448142859106442,0.9492424736164683,0.14877891680451705,0.07324788987456113,-0.26727945455250995,0.0917948803153528,0.09179488031535278,-0.49150147502107266,0.2519871620841152,0.22037043206604398,-0.5209055844879042,0.8045823183385016,0.4278480429260524,0.3179840701834843,-1.2148262739684421,-1.3577053217229205,-1.8131440224348814,0.0,0.0,0.0,3.1305451779932465,1.0,20.90567970275879,-15.741342544555664,1.5199999809265137
9.260129451751709,0.22406556265925953,0.9677063266210436,0.04968436540702588,0.0296998888883913,-0.24534434138924924,0.9492424736164683,0.14877891680451705,0.07324788987456113,-0.26727945455250995,0.08195280184728004,0.08195280184728006,-0.4932380138121762,0.2519871620841152,0.22037043206604398,-0.5209055844879042,0.8045823183385016,0.4278480429260524,0.3179840701834843,-1.0814377866021183,-1.3220402681347938,-1.8026601209411273,0.0,0.0,0.0,3.1305451779932465,1.0,20.90567970275879,-15.741342544555664,1.5199999809265137
9.28127908706665,0.23815794055345882,0.9679933036519863,0.04338199192606948,0.02588475471287001,-0.24583926931004071,0.9492424736164683,0.14877891680451705,0.07324788987456113,-0.26727945455250995,0.07150344706680589,0.07150344706680592,-0.4948608461553253,0.2519871620841152,0.22037043206604398,-0.5209055844879042,0.8045823183385016,0.4278480429260524,0.3179840701834843,-0.939815063965213,-1.2843527065831601,-1.792678530722907,0.0,0.0,0.0,3.1305451779932465,1.0,20.90567970275879,-15.741342544555664,1.5199999809265137
9.300123453140259,0.17381923089633136,0.9682171060823401,0.03773884699681618,0.022485441728130877,-0.2462231098560416,0.9688295095338104,0.11614201835896738,0.042568126994399616,-0.21463542948956538,0.06216596461335863,0.06216596461335862,-0.4961203410904361,0.2101485190556956,0.1327282637565259,-0.4220210848780255,0.9265766034551052,0.3251006527545136,0.27451455446547257,-2.0754411248101703,-1.3217251322771097,-0.5034684618583751,0.0,0.0,0.0,3.0477045167354055,1.0,21.039260864257812,-15.832122802734375,1.5299999713897705
9.320037126541138,0.3233803716219839,0.9684203994438162,0.03175096264667341,0.018893255364287737,-0.24657017502899378,0.9290735594868786,0.08089377244988573,0.140242522773849,-0.33258164929417555,0.052274713439724674,0.052274713439724646,-0.4972598458902494,0.06011087185841528,0.3198232814177986,-0.677818856152332,0.9692606020855605,0.35767983496288935,0.2621074110378739,-2.334316950293833,0.7467664962294513,-2.8498803457088417,0.0,0.0,0.0,3.126313261818647,1.0,21.161712646484375,-15.941059112548828,1.5299999713897705
9.340038061141968,0.28368357792468996,0.9685897603162034,0.02571542106952791,0.01528536997595736,-0.24685815926259141,0.9324036828975351,0.12480375803834676,-0.005736286640666065,-0.3391378615168097,0.04231925930399978,0.04231925930399979,-0.4982058613584958,0.23956029245438626,0.07402186835087524,-0.6887842977632805,0.8509375241764849,0.3201834471680998,0.20711919809773793,-1.597618258202376,-2.1186537252983584,-2.835860508257276,0.0,0.0,0.0,3.0662883853062675,1.0,21.27303123474121,-16.03183937072754,1.5299999713897705
9.360121011734009,0.43043345479939515,0.968724295477911,0.01963762357980157,0.011662742495296769,-0.24708618643795435,0.9347105165533087,0.22237951304224413,0.07025448277510124,-0.2681937920119409,0.032305954247438706,0.0323059542474387,-0.49895523378371565,0.4011741824296135,0.25331735396785554,-0.5070707357024419,1.0231225942586923,0.2973756118114039,0.11637821792848171,0.1335092412534573,-1.0399880635916043,-1.0668270550943155,0.0,0.0,0.0,3.329342690862364,1.0,21.395483016967773,-16.12261962890625,1.5399999618530273
9.380089044570923,0.5138531456591051,0.968822453315616,0.013581301413770033,0.008060895026228344,-0.24725214695689757,0.9113421046807229,0.20947804665462963,0.14218084350963983,-0.32459070218470304,0.02233702149183493,0.02233702149183493,-0.49950080827849846,0.3206236416422066,0.4062202820119476,-0.6177384191825218,1.071800140282404,0.3987754868284094,0.12233720070527539,0.17495644883185157,0.06522261211562275,-2.2672897642792997,0.0,0.0,0.0,3.4131517108362455,1.0,21.517932891845703,-16.22247886657715,1.5399999618530273
9.40009331703186,0.18761412579015568,0.9688849526606154,0.007504792267702913,0.004452551259458211,-0.24735763862904625,0.9474848566233703,0.06796629219802,-0.018002834245826403,-0.3119758445030035,0.012341068479083148,0.012341068479083148,-0.4998476748258359,0.14049351012418504,0.008292952218939846,-0.6355899484583816,0.9621190506128894,0.39748942703448525,0.13923235520686567,-2.7905039271314904,-2.3125990628707043,-1.9237057306791117,0.0,0.0,0.0,3.005323682802601,1.0,21.517932891845703,-16.22247886657715,1.5399999618530273
9.42011308670044,0.19411285778155923,0.9689114404223971,0.001418481966707904,0.0008414365730268707,-0.24740230498521903,0.9474848566233703,0.06796629219802,-0.018002834245826403,-0.3119758445030035,0.002332428575099483,0.0023324285750994833,-0.4999945597473457,0.14049351012418504,0.008292952218939846,-0.6355899484583816,0.9621190506128894,0.39748942703448525,0.13923235520686567,-2.6526186561164784,-2.2822154224014293,-1.9159244893655247,0.0,0.0,0.0,3.005323682802601,1.0,21.517932891845703,-16.22247886657715,1.5399999618530273
9.442352056503296,0.20232807295388797,0.9688984965327163,-0.005343448926387903,-0.003169967027138112,-0.24738048079680786,0.9474848566233703,0.06796629219802,-0.018002834245826403,-0.3119758445030035,-0.008786595562351446,-0.008786595562351446,-0.499922789777005,0.14049351012418504,0.008292952218939846,-0.6355899484583816,0.9621190506128894,0.39748942703448525,0.13923235520686567,-2.499462630164395,-2.248357394401765,-1.9083698045025281,0.0,0.0,0.0,3.005323682802601,1.0,21.517932891845703,-16.22247886657715,1.5399999618530273
9.46010446548462,0.16193063278393402,0.9688561806645508,-0.010738265455081237,-0.006372111647784896,-0.24730909210189486,0.9524573632953272,0.03938323968854732,0.02299129533001276,-0.30123965853651424,-0.017659578742420873,-0.01765957874242087,-0.49968804196082206,0.06134833881583659,0.06757546258587031,-0.6105686589920555,1.0777904454665597,0.3558655804289356,0.036880420859352434,-3.191363295870204,-1.1160663503103334,-1.2735711131196419,0.0,0.0,0.0,2.9852222635995633,1.0,21.65151596069336,-16.3314151763916,1.5499999523162842
9.480120182037354,0.34210968576128636,0.9687745187981774,-0.01681385990110379,-0.009982539648262486,-0.24717114464426607,0.9381091076133906,0.06475264206159846,0.11819499561960269,-0.31904285067892113,-0.02765698779506084,-0.027656987795060844,-0.4992345050435756,0.04777185381043809,0.2662105189758347,-0.6492431875944893,0.9289151616002542,0.3754635424370299,0.07339965592037993,-1.497596745872718,0.548139528572084,-1.8645586335436748,0.0,0.0,0.0,3.0944726423003135,1.0,21.77396583557129,-16.422195434570312,1.5499999523162842
9.500080585479736,0.3852267319247181,0.968657435044165,-0.02286130778999004,-0.01358303714843356,-0.24697294435143077,0.9519616220552777,0.12607054506669946,0.10643806878901778,-0.2579655506321225,-0.03761573890714637,-0.03761573890714636,-0.49858304843473095,0.19332777836325826,0.27099849955979377,-0.5028177602262394,0.9941108190381084,0.3906889216646818,0.08725681710904865,-0.5029725289094564,0.017226577684404054,-0.6588747974502985,0.0,0.0,0.0,3.1629693860090398,1.0,21.885284423828125,-16.52205467224121,1.5499999523162842
9.520105123519897,0.14066836314978445,0.9685044850163483,-0.028912692016074583,-0.017195156184431425,-0.24671328571318313,0.9630664253804113,0.0342204152262723,0.005542707147552326,-0.267023036242596,-0.04759142554539794,-0.04759142554539795,-0.4977299028735934,0.063021112523668,0.028955314571889865,-0.5400256796609834,1.055980438792853,0.39494178353234016,0.08702855198159007,-2.8849931375921467,-1.4644625652311114,-0.7597853126896879,0.0,0.0,0.0,3.0072367293734215,1.0,22.01886749267578,-16.630992889404297,1.5499999523162842
9.540113687515259,0.2715610641704817,0.9683165170143981,-0.03493966692207583,-0.02080444211393312,-0.24639301479710674,0.9610920916969502,0.07660620841652106,0.054943825357170704,-0.2596433248992669,-0.057540095559509875,-0.05754009555950988,-0.49667810239933313,0.1202845523255786,0.14590991233404985,-0.5189100927986054,0.9971618212785922,0.2549821601976489,-0.02975010822557196,-1.4546712095489234,-0.1149103916960319,-0.17972979890694712,0.0,0.0,0.0,3.0519600399553135,1.0,22.141319274902344,-16.721773147583008,1.559999942779541
9.56010389328003,0.2179603081971163,0.968094091236562,-0.04093751289568224,-0.02441044738130283,-0.24601235865178728,0.9678961485574029,0.003802922275507946,0.07471836137971127,-0.23995780850525197,-0.06745663540570832,-0.06745663540570829,-0.4954287056073168,-0.02881148816651438,0.14699308440239425,-0.4881557826965144,1.0509861997386742,0.3569272880787776,-0.04219796549329391,-2.8530654904852852,0.27633765577753455,0.22572636253625122,0.0,0.0,0.0,3.031650546107923,1.0,22.141319274902344,-16.721773147583008,1.559999942779541
9.580110311508179,0.22954796796249702,0.9678373584508272,-0.046912581572958426,-0.028019375249908107,-0.24557070649344684,0.9678961485574029,0.003802922275507946,0.07471836137971127,-0.23995780850525197,-0.07735422856055539,-0.0773542285605554,-0.493980083934364,-0.02881148816651438,0.14699308440239425,-0.4881557826965144,1.0509861997386742,0.3569272880787776,-0.04219796549329391,-2.720760280043187,0.3171736540724417,0.20975453743748174,0.0,0.0,0.0,3.031650546107923,1.0,22.141319274902344,-16.721773147583008,1.559999942779541
9.600148439407349,0.2413795403545298,0.967546609776932,-0.05286539792943026,-0.03163397007186704,-0.2450675407891068,0.9678961485574029,0.003802922275507946,0.07471836137971127,-0.23995780850525197,-0.08723647289180005,-0.08723647289180003,-0.49233098399084957,-0.02881148816651438,0.14699308440239425,-0.4881557826965144,1.0509861997386742,0.3569272880787776,-0.04219796549329391,-2.588953142741767,0.3581799915727404,0.19278886957172692,0.0,0.0,0.0,3.031650546107923,1.0,22.141319274902344,-16.721773147583008,1.559999942779541
9.620117664337158,0.3528556536306013,0.9672240874046665,-0.05876221415829383,-0.035236011408429704,-0.24450560409007008,0.9271787322972407,-0.0010866495669773805,0.0686818594321194,-0.36826786413336,-0.09704989458466699,-0.097049894584667,-0.4904908948809396,-0.053052967604208336,0.12690068521898418,-0.75953802675134,1.1414004422151076,0.2904387624504343,0.08471994240974556,-2.901573133121266,0.39277067036530844,-3.010306571565615,0.0,0.0,0.0,3.036276725428863,1.0,22.263769149780273,-16.83070945739746,1.559999942779541
9.640105485916138,0.35577230859787323,0.9668692674611172,-0.06462510181274564,-0.038841188439282234,-0.24388271348235954,0.9559574556547137,0.010918349529975288,0.11979661215500816,-0.2677216919449936,-0.10683370059438675,-0.10683370059438672,-0.48845323257944456,-0.044529466961455794,0.23710240366012258,-0.5514261564114158,1.1783910641488102,0.40717433387617763,0.10726199182044723,-2.4745559358603018,1.0311796245775473,-1.089611257308641,0.0,0.0,0.0,3.107612447668315,1.0,22.39735221862793,-16.939645767211914,1.559999942779541
9.660102128982544,0.29666983421127663,0.9664830985589139,-0.07044725769706377,-0.042447617735031556,-0.24319910327043745,0.977721606253611,0.055233571301942654,0.02295364670270481,-0.20120348746763664,-0.11657911575452286,-0.11657911575452284,-0.4862194049705272,0.09915497863630117,0.06716140591927486,-0.4025759469119102,1.0510647041470809,0.23900472960413177,0.03578123626769386,-1.4765981344687797,-0.2344334056214411,0.7378502536660554,0.0,0.0,0.0,3.0494540721634538,1.0,22.530933380126953,-17.030426025390625,1.559999942779541
9.68009638786316,0.34645222845389134,0.9660666961910722,-0.07622159403788015,-0.046053130621368475,-0.24245518405008876,0.9378075542492271,0.020098154027757914,0.05321760305197917,-0.34246305220149154,-0.12627676302592994,-0.12627676302592994,-0.4837914624295195,0.0012543937088518877,0.11382713389552673,-0.7001855314166434,1.1035776432762097,0.36408493098152206,0.06217071478647063,-2.0228761057952944,-0.18384479629735484,-2.380614736376962,0.0,0.0,0.0,3.0577176666439536,1.0,22.66451644897461,-17.130285263061523,1.559999942779541
9.7001211643219,0.17321207953761475,0.9656202985861219,-0.08195375514516978,-0.04966348124498052,-0.24164966295586648,0.9493935717200571,-0.029232311613056252,-0.07359139741868884,-0.3039434555313777,-0.13593861435195584,-0.1359386143519558,-0.48116597253761634,-0.010907042244760924,-0.15816293579509222,-0.6188042987666265,1.0365799728878264,0.35901335493524805,0.11427136990862713,-3.2085077202388743,-2.2711831515301837,-1.646965892826287,0.0,0.0,0.0,3.0864429196784315,1.0,22.786968231201172,-17.248300552368164,1.559999942779541
9.720126152038574,0.24627495262679203,0.9651460583551866,-0.08762560481480694,-0.053269389276818326,-0.24078457506318976,0.9825842926253362,0.00773145090266692,-0.07718760393868017,-0.16885024830041842,-0.14553649132248855,-0.14553649132248858,-0.4783504256228264,0.041738271357767094,-0.1496335017966505,-0.34349073082472403,1.1932955742618585,0.3396604027794564,0.14570066956619404,-3.093772547475804,-2.1348989264143716,1.0332263199603136,0.0,0.0,0.0,3.0848651517359444,1.0,22.786968231201172,-17.248300552368164,1.559999942779541
9.74009084701538,0.2529139893679468,0.9646457042663864,-0.09322796061011637,-0.056866919879075356,-0.23986113904580866,0.9825842926253362,0.00773145090266692,-0.07718760393868017,-0.16885024830041842,-0.15505697358364148,-0.1550569735836415,-0.4753496975312826,0.041738271357767094,-0.1496335017966505,-0.34349073082472403,1.1932955742618585,0.3396604027794564,0.14570066956619404,-2.9701797456332075,-2.082205355846832,1.0259738747139728,0.0,0.0,0.0,3.0848651517359444,1.0,22.786968231201172,-17.248300552368164,1.559999942779541
9.760096311569214,0.25994208714028194,0.964118383072937,-0.09878001537277574,-0.0604704007998504,-0.23887566349648315,0.9825842926253362,0.00773145090266692,-0.07718760393868017,-0.16885024830041842,-0.16453490349317268,-0.16453490349317265,-0.47215279892476797,0.041738271357767094,-0.1496335017966505,-0.34349073082472403,1.1932955742618585,0.3396604027794564,0.14570066956619404,-2.8474637458676284,-2.0291737610162333,1.0175165838899358,0.0,0.0,0.0,3.0848651517359444,1.0,22.786968231201172,-17.248300552368164,1.559999942779541
9.780106782913208,0.4273558864846637,0.9635661883272155,-0.10426814751121803,-0.06407306815791179,-0.2378297627799585,0.9535987690133219,0.1047329943758643,-0.052290211432089534,-0.2773916390479887,-0.17394933268370216,-0.17394933268370213,-0.46876607136064646,0.2310036872760386,-0.04163567696527784,-0.5709861866855744,1.07195661950565,0.3414549966129914,0.06080626843532047,-0.17414019579473727,-2.228156313260608,-0.8097904242130751,0.0,0.0,0.0,3.130657439316949,1.0,22.920549392700195,-17.339082717895508,1.5700000524520874
9.800094604492188,0.18612087340070302,0.9629912099796484,-0.10968145454332244,-0.06766958869526869,-0.23672501937270377,0.9740867475663916,-0.027039483195562326,-0.09317358591078666,-0.20430995436486027,-0.18328357505839546,-0.1832835750583954,-0.46519579868461136,-0.014884136174561064,-0.1937776243074017,-0.41204949681357766,1.0181941342064784,0.24889112974297103,0.10042766640752329,-2.6213861701618937,-1.791912228215119,0.44292288926951606,0.0,0.0,0.0,3.111649299859114,1.0,23.031869888305664,-17.438940048217773,1.5700000524520874
9.82008671760559,0.4616779502714547,0.9623940508259378,-0.11502400561363313,-0.07126441599450409,-0.23556008167853787,0.9783847325896426,0.05623068380813331,0.07333746055676622,-0.18499470833796217,-0.19254657598036526,-0.19254657598036523,-0.46143885410554397,0.08413781563956599,0.16505771451385856,-0.3667874181656574,1.0211446895511664,0.25749770240191744,-0.011479739750688833,-0.142324266302011,1.0855895001405604,1.0059641420208254,0.0,0.0,0.0,3.1136508695297658,1.0,23.165451049804688,-17.547876358032227,1.5700000524520874
9.84009337425232,0.27391378142583683,0.9617757691481824,-0.12029519671365854,-0.07485895024040112,-0.23433431907415841,0.9588420186372273,-0.1044729970876647,0.059082553326755174,-0.25732591798650783,-0.20173927517548687,-0.2017392751754869,-0.4574945517180169,-0.23327306356660565,0.05956967434089701,-0.5313685368358796,1.167930484752305,0.24051067157246542,-0.04280573524305456,-3.7122677367454697,1.4805295505324012,-0.583343607456337,0.0,0.0,0.0,3.1579828040222515,1.0,23.28790283203125,-17.647735595703125,1.5700000524520874
9.86008882522583,0.3225590126141815,0.9611385956135037,-0.12548507073881504,-0.07844808117987917,-0.2330493415630516,0.9564253270785024,-0.0023422025995218916,0.007032758768741487,-0.29188293563321455,-0.21084614733151033,-0.2108461473315104,-0.4533694984838073,-0.008586500900872644,0.012085613476227424,-0.5924584779563823,1.0198520114907854,0.3620002483004383,-0.09181102907434721,-1.2333569552092167,-0.533839282488503,-0.8069940764913076,0.0,0.0,0.0,3.072989874988321,1.0,23.41035270690918,-17.747594833374023,1.5700000524520874
9.880110025405884,0.10956951314660208,0.9604828160112657,-0.13060006313365446,-0.082037909210981,-0.23170275162122178,0.9668706491886007,-0.07946942752246296,-0.09786849215429852,-0.22196287092734648,-0.21988028514655053,-0.21988028514655056,-0.4490575243817563,-0.11335776081335167,-0.22646158693970272,-0.43841234603444534,1.1573765656121773,0.2971692236184024,-0.1306030105071353,-3.719959878114594,-1.693797661192833,0.8643558847198097,0.0,0.0,0.0,3.173530014665009,1.0,23.41035270690918,-17.747594833374023,1.5700000524520874
9.900080442428589,0.11701467884804545,0.9598124864088438,-0.13561780769780277,-0.08561414632305009,-0.23029984611000162,0.9668706491886007,-0.07946942752246296,-0.09786849215429852,-0.22196287092734648,-0.22880371049534348,-0.22880371049534354,-0.44457717222498383,-0.11335776081335167,-0.22646158693970272,-0.43841234603444534,1.1573765656121773,0.2971692236184024,-0.1306030105071353,-3.6032424229648674,-1.6478352260178164,0.8443406387031173,0.0,0.0,0.0,3.173530014665009,1.0,23.41035270690918,-17.747594833374023,1.5700000524520874
9.920244216918945,0.12521398128335867,0.9591208120496364,-0.14059582431216125,-0.089219834437751,-0.22882286429054793,0.9668706491886007,-0.07946942752246296,-0.09786849215429852,-0.22196287092734648,-0.23772094522188383,-0.23772094522188383,-0.43987356388263893,-0.11335776081335167,-0.22646158693970272,-0.43841234603444534,1.1573765656121773,0.2971692236184024,-0.1306030105071353,-3.4869835431614384,-1.6012028784992207,0.8228631320144787,0.0,0.0,0.0,3.173530014665009,1.0,23.41035270690918,-17.747594833374023,1.5700000524520874
9.940131902694702,0.3248883038133469,0.9584255625445683,-0.14541599051777662,-0.09277039292237292,-0.22730658802571035,0.9834027967289996,-0.009278073030794271,-0.022674823240136054,-0.17977405023374707,-0.24642142563013908,-0.24642142563013905,-0.4350591695280194,-0.010107265906222835,-0.04795125650559787,-0.3613808753488947,1.061453269189685,0.3472148114834541,-0.19545582074996012,-1.3331386372975333,-0.4795496624551363,1.8552320940771643,0.0,0.0,0.0,3.0813169794664366,1.0,23.543935775756836,-17.856531143188477,1.5700000524520874
9.960091590881348,0.3806149962364375,0.9577163671003293,-0.15016138834528003,-0.0963273423783851,-0.22572541006426933,0.9382900564294915,0.002056408641099822,-0.07964154848933849,-0.3365483099694054,-0.2550554102479159,-0.25505541024791584,-0.4300543427327148,0.05813872505897556,-0.1486160543281665,-0.693107018045809,1.098118134970399,0.34906069473319434,-0.2925814148410969,-1.246351002932958,-2.1340782214842093,-0.7969692038458718,0.0,0.0,0.0,3.121695805880542,1.0,23.677518844604492,-17.956390380859375,1.5700000524520874
9.980084419250488,0.2390953712856434,0.9569961367672886,-0.15481948308419125,-0.09988294371273752,-0.2240819480130133,0.943801994758514,-0.06956370102177717,-0.1015944513812468,-0.3067201552531982,-0.2636018673264144,-0.26360186732641433,-0.424869457059492,-0.07102407650467653,-0.2366458375956831,-0.619987387144456,1.0074569763050134,0.31964538117169305,-0.23389439638107226,-2.2814804401168454,-1.9756627691319644,-0.5296312326448972,0.0,0.0,0.0,3.18306138589938,1.0,23.81110191345215,-18.065326690673828,1.5700000524520874
10.000123500823975,0.2819312082913532,0.9562659888832131,-0.1593902832885766,-0.10343866882740285,-0.22237476900406863,0.9644997631912371,-0.06841891003947964,-0.0013294570958269818,-0.25506330997791066,-0.27206236638274633,-0.2720623663827464,-0.41950216781110955,-0.1317751505720835,-0.03747560072966765,-0.5145930676775481,1.0974549763478765,0.4274514014115748,-0.28245845054250207,-2.1019601982746523,-0.24869994432497333,0.4039695074959332,0.0,0.0,0.0,3.120107444194647,1.0,23.933551788330078,-18.15610694885254,1.5700000524520874
10.020083904266357,0.39825806562818555,0.9555321487169769,-0.1638431687959057,-0.10697150723324045,-0.22061465374603334,0.9571125525757008,0.014347435865626954,-0.04729727691527565,-0.28546922843365746,-0.28038104745516745,-0.2803810474551675,-0.41398848803794425,0.05468091683646184,-0.08243948038945549,-0.5819767821566421,0.9702628160190051,0.3786873144703302,-0.04524019423661943,-0.06848344419468022,-1.3697039353687173,-0.8657965888660292,0.0,0.0,0.0,3.1103597288498257,1.0,24.044870376586914,-18.265043258666992,1.5700000524520874
10.040101289749146,0.4625900525149258,0.9547913055116201,-0.16820630562809671,-0.11050456993880794,-0.21878972025440904,0.960262281820085,0.015994059711898344,0.015058434442283391,-0.27823332604086665,-0.288611289323995,-0.28861128932399494,-0.40829342840014127,0.022355322552481325,0.037829276075491684,-0.5636255596894436,1.162713306368877,0.27338295699337833,-0.19945743648192274,-0.43417633132343614,0.3102901127273936,-0.32866528473556567,0.0,0.0,0.0,3.098153378900382,1.0,24.044870376586914,-18.265043258666992,1.5700000524520874
10.060089588165283,0.35020411737424767,0.9540483019093993,-0.17245857058565692,-0.11402168269515897,-0.21690766452734733,0.9799229349644175,-0.07399989515867068,0.024202386519283026,-0.1835464560649398,-0.2967141839729106,-0.29671418397291066,-0.4024434035107169,-0.15455916740763026,0.020269498185149157,-0.3718926548468597,0.9532487345640256,0.33708044185668495,-0.07230231856474963,-1.321503073464001,1.036072086617497,0.7857914534697463,0.0,0.0,0.0,3.1368021645792585,1.0,24.17845344543457,-18.373981475830078,1.5700000524520874
10.080107688903809,0.2522949885207264,0.9533026201876811,-0.1766104418211189,-0.11753219259802788,-0.2149629035116322,0.976345769443856,-0.14181082149598645,-0.010591227356901557,-0.16286944249549332,-0.30471035021221515,-0.30471035021221515,-0.396423514027043,-0.27762916387232145,-0.06692464595796277,-0.32123296468961043,0.8802472637880696,0.2525139391343876,-0.011233179155760609,-2.4387908209944658,1.117444962783769,0.8412815108204181,0.0,0.0,0.0,3.2330031379985984,1.0,24.3009033203125,-18.46476173400879,1.5700000524520874
10.10009217262268,0.13075318349264226,0.9525582864801406,-0.18064686735507712,-0.1210239200760229,-0.21296157151525608,0.9668201000933028,-0.16303741251002252,-0.12505835668105794,-0.15178308074962008,-0.3125712966269463,-0.3125712966269462,-0.3902552812262118,-0.294084767633448,-0.29559647543551404,-0.26734641482372457,0.9563825639212786,0.29835403323156023,-0.08352716376055686,-3.603787388711207,-1.0897251309172922,1.6175740582995168,0.0,0.0,0.0,3.4058702125796527,1.0,24.423355102539062,-18.564620971679688,1.559999942779541
10.120108366012573,0.3103580802377073,0.9518145257853867,-0.18457923596152062,-0.12450716853648895,-0.21089708186418082,0.9774392189441293,-0.03627960710636612,-0.1016759069460987,-0.1815444114391475,-0.32031958677098876,-0.3203195867709888,-0.3839210365828669,-0.03480229205005742,-0.21355631263371536,-0.3635534967879844,0.9753782777930016,0.32188507278747075,0.004450327441915092,-0.9606339959921599,-1.3062699126110706,0.934051913339486,0.0,0.0,0.0,3.196351585991154,1.0,24.55693817138672,-18.67355728149414,1.559999942779541
10.140082359313965,0.3624495004223136,0.9510757235048239,-0.18839141017530697,-0.12796792972478888,-0.20877704302409833,0.9683784393739256,-0.06640456044715796,0.0007451136705747433,-0.24048508750680977,-0.32792361780149365,-0.3279236178014935,-0.3774468186221471,-0.129388599563155,-0.030500237694478537,-0.4848513822919318,0.876870463226671,0.24329559005912033,-0.07971177716686498,-0.5033147366565465,0.8905869720049404,-0.3848002639671122,0.0,0.0,0.0,3.1530305183011085,1.0,24.67938804626465,-18.76433753967285,1.559999942779541
10.160106897354126,0.34098992144060086,0.9503400806856463,-0.19209942341002703,-0.13142105410295582,-0.2065915029869384,0.9847707071220342,-0.1002120307106658,-0.008231401444819632,-0.14183246217092782,-0.3354155673147324,-0.33541556731473243,-0.3708050663123903,-0.19649337700639447,-0.04465356209827615,-0.28168248834467957,0.8879068540441771,0.3676465842163268,-0.10566050749982703,-1.3340752208501572,0.830493533224594,1.5639913040013196,0.0,0.0,0.0,3.189717434599285,1.0,24.67938804626465,-18.76433753967285,1.559999942779541
10.180104970932007,0.06994426397179336,0.9496120425972663,-0.19568732700316196,-0.1348519769012391,-0.20434867978637103,0.954455892213697,-0.20238211033011752,-0.10257089142518794,-0.19373859571372481,-0.3427633921040451,-0.342763392104045,-0.36402370394430167,-0.368697398433011,-0.2777756417753359,-0.34840541532434965,0.8578162317379444,0.37807599395204106,-0.26052400354300553,-3.436140136935666,-0.8172631890375239,1.1190058899004458,0.0,0.0,0.0,3.4861349339522576,1.0,24.790706634521484,-18.855117797851562,1.559999942779541
10.200095891952515,0.20549631260704676,0.9488924706158349,-0.19915750650484032,-0.13826275509774216,-0.20204647327813716,0.9688089849105469,-0.10054505475783923,-0.1202434354616634,-0.19194102987302017,-0.3499715883518289,-0.3499715883518289,-0.3570992681965311,-0.1550850725032011,-0.27503776632085075,-0.3696707259071247,0.760025233412622,0.24513902340409605,-0.39998656423122714,-1.0444475369791892,-0.9417483800059349,2.073121999533678,0.0,0.0,0.0,3.291044866570133,1.0,24.913158416748047,-18.95497703552246,1.559999942779541
10.220106601715088,0.2621734733326046,0.9481819573010335,-0.20251326933211455,-0.14165661963245008,-0.19968163087151186,0.9726047840635117,-0.08473422938679054,-0.15618682944710305,-0.1498856854214506,-0.3570468543141489,-0.3570468543141488,-0.35002506170897385,-0.1252997667322849,-0.3354742411912563,-0.28456544798104233,0.922353304509864,0.3414783665894696,-0.33105265796708877,-1.5560819016026048,-1.8409454417018476,2.7585935890038655,0.0,0.0,0.0,3.3429507916111607,1.0,25.035608291625977,-19.045757293701172,1.559999942779541
10.240106344223022,0.34277641140501564,0.9474831232098069,-0.20574823323549862,-0.1450269487798702,-0.19725764847189503,0.9835165524998963,-0.054996485451536736,-0.09994382941083305,-0.1402918690067088,-0.3639753935949468,-0.3639753935949469,-0.3428146917175569,-0.08209382437111881,-0.2136455226026257,-0.27456672184543557,0.8755647745039388,0.4003600199968549,-0.439094566795601,-0.4846597347087842,-1.0029403548517126,3.2297638275286666,0.0,0.0,0.0,3.2177739749692136,1.0,25.158058166503906,-19.154693603515625,1.559999942779541
10.260116815567017,0.27838406817667205,0.9467966977581932,-0.20886487356616787,-0.1483759622381053,-0.19477179347709897,0.9560040659093888,-0.07642001910799558,-0.15796692609283752,-0.235080107420919,-0.37076195047110017,-0.3707619504711003,-0.33546322612600243,-0.0764120475542933,-0.344752445952429,-0.46891978703862347,0.8215255456404196,0.2978171390933911,-0.32709527487902373,-0.6574185374159103,-2.029869627014313,1.0140692045244233,0.0,0.0,0.0,3.3416919829327174,1.0,25.269378662109375,-19.245473861694336,1.559999942779541
10.280103921890259,0.09186297752484217,0.9461252842857854,-0.21185707024390377,-0.15169649919922112,-0.19222825066444366,0.9474880917569327,-0.19288226288774174,-0.18830850376948732,-0.17205422415682592,-0.37739238888247445,-0.37739238888247445,-0.3279862570498636,-0.33831381709871483,-0.43698813343882814,-0.28345771760638333,0.7202337574027129,0.21344921374842415,-0.22845440237099038,-2.7180735373220157,-1.5299227346677582,1.513498620160008,0.0,0.0,0.0,3.6691084319010683,1.0,25.269378662109375,-19.245473861694336,1.559999942779541
10.30009651184082,0.08718498555157526,0.94546929779172,-0.21472849047982698,-0.15499186790929328,-0.18962331921858994,0.9474880917569327,-0.19288226288774174,-0.18830850376948732,-0.17205422415682592,-0.38387382676268794,-0.3838738267626881,-0.32037616191996837,-0.33831381709871483,-0.43698813343882814,-0.28345771760638333,0.7202337574027129,0.21344921374842415,-0.22845440237099038,-2.639979987540432,-1.4849354268063872,1.4644949880995308,0.0,0.0,0.0,3.6691084319010683,1.0,25.269378662109375,-19.245473861694336,1.559999942779541
10.320110559463501,0.22197780563082364,0.9448296058020872,-0.2174804763375184,-0.15826308838913347,-0.18695468238429322,0.9718817746025626,-0.12082933254218209,-0.1438591719641988,-0.141952904988096,-0.39020854237694635,-0.39020854237694635,-0.31262964263815224,-0.20580184457205114,-0.319331961015858,-0.2568125095720915,0.7417109298185184,0.2626005611491363,-0.22192283204955748,-1.1113849193590752,-0.8582376335247691,2.0824969108324902,0.0,0.0,0.0,3.374676930166185,1.0,25.391828536987305,-19.33625602722168,1.559999942779541
10.340097188949585,0.23582560901042313,0.944209072352446,-0.22010576429736214,-0.1615005879663616,-0.18422877163170584,0.9340657537005407,-0.23325625185733342,-0.07307169847226073,-0.2603328938411123,-0.39637860441177925,-0.3963786044117794,-0.3047687680267946,-0.424251391391771,-0.2609061001269902,-0.48712690369003553,0.8422516754841682,0.40279151169824096,-0.2757157337487041,-3.090354829789376,-0.2605870472605776,-0.8034253360071049,0.0,0.0,0.0,3.5638938364961756,1.0,25.50314712524414,-19.417957305908203,1.559999942779541
10.36012578010559,0.14716818110313407,0.943606825178137,-0.22261284046674845,-0.16471393437848786,-0.18143594615765032,0.9548028345923247,-0.2392501595437426,-0.10737779127151358,-0.13993183395641928,-0.40240278548459285,-0.4024027854845928,-0.2967692676714365,-0.45955136284264814,-0.275477710062248,-0.22621557338798973,0.6332285018425412,0.2629112988276788,-0.12458705484179305,-2.725717619690964,0.31245221991945726,1.0121634622903808,0.0,0.0,0.0,3.6533970826375786,1.0,25.625598907470703,-19.508739471435547,1.5499999523162842
10.38020396232605,0.19191676156538906,0.943023983812892,-0.2250014207957452,-0.16790245482398153,-0.178574612578718,0.9535602895825458,-0.14679681006408127,-0.21512873664584448,-0.15130465080566521,-0.40827986429851015,-0.40827986429851015,-0.2886304772687565,-0.24364334052530173,-0.47203368989091427,-0.2558524199667576,0.782816474527894,0.3127969151210526,-0.1515158682115488,-1.8691179215456475,-2.2631081152865384,1.6331528996401161,0.0,0.0,0.0,3.647041244230432,1.0,25.725784301757812,-19.599519729614258,1.5499999523162842
10.400085687637329,0.2750723266691401,0.9424686017949768,-0.22724331766505734,-0.1710257413840805,-0.17568040582610484,0.9498594699120549,-0.2517519665077796,-0.03614569989352945,-0.18188299303965383,-0.4139372677310439,-0.4139372677310439,-0.28045666043679207,-0.4906492126811153,-0.1609393346901605,-0.3380122007254353,0.7273035480252603,0.22421262174190382,-0.219091064518183,-2.8424646743357673,1.7287580268577556,0.08857403922850271,0.0,0.0,0.0,3.6214912745005168,1.0,25.848236083984375,-19.69029998779297,1.5499999523162842
10.420111894607544,0.28086558970050346,0.9419321572617733,-0.22937727875846892,-0.17413575129057202,-0.1727038367495347,0.9498594699120549,-0.2517519665077796,-0.03614569989352945,-0.18188299303965383,-0.41947037367004025,-0.41947037367004036,-0.27211138457094497,-0.4906492126811153,-0.1609393346901605,-0.3380122007254353,0.7273035480252603,0.22421262174190382,-0.219091064518183,-2.7857594302980284,1.7654775103604625,0.01986264361890855,0.0,0.0,0.0,3.6214912745005168,1.0,25.848236083984375,-19.69029998779297,1.5499999523162842
10.44009256362915,0.26840422983117423,0.9414209353171827,-0.23138205382782617,-0.17720094437515432,-0.1696726054066801,0.9416012175479747,-0.15053563727847696,-0.13637371395224823,-0.2685672712081741,-0.4248232502332061,-0.42482325023320594,-0.2636763282156645,-0.22525777486952722,-0.34444805178737337,-0.5163482218384475,0.7171584821941258,0.3024750003605863,-0.32412331175274045,-0.8565596509996323,-1.172546349178249,-0.46733769071659514,0.0,0.0,0.0,3.436315687745402,1.0,25.948423385620117,-19.781082153320312,1.5499999523162842
10.460125923156738,0.26950875832484367,0.9409334023186158,-0.23326744891633652,-0.18023456656177847,-0.1665716983567928,0.9404630571450486,-0.1339653519255937,-0.17692128904386933,-0.2574517044260852,-0.43001997411832843,-0.43001997411832854,-0.2551133510016129,-0.17659990077539547,-0.4134326073445268,-0.49727993633352296,0.753004759850809,0.2870822859705229,-0.3509117915639444,-0.8068478288744174,-1.842478445685377,0.034335388410916545,0.0,0.0,0.0,3.4964200525802402,1.0,26.059741973876953,-19.862783432006836,1.5499999523162842
10.480082511901855,0.17252336477224742,0.9404735600836491,-0.23502161762117837,-0.18321526483928394,-0.1634212004734468,0.9237226361079351,-0.2106804785893512,-0.21289006487722337,-0.2388054600710394,-0.43502520020947383,-0.43502520020947383,-0.24648138912036996,-0.33704166328841056,-0.5165992578996766,-0.4161329147179984,0.6536796284278223,0.3893632226218464,-0.4268079195781362,-2.056370032247118,-2.6108964625721405,0.4632222510833264,0.0,0.0,0.0,3.8377233962745665,1.0,26.182191848754883,-19.944486618041992,1.5499999523162842
10.50008749961853,0.13224028755266112,0.9400393008875924,-0.23665603416931866,-0.18615997249288588,-0.16020143232650896,0.9541320406199946,-0.21764936617215355,-0.12452327186256058,-0.16356881497347708,-0.4398686829519288,-0.4398686829519288,-0.23772997656613581,-0.4048141014199037,-0.31395696058892797,-0.2746222730272172,0.5971542772856355,0.3329095037196321,-0.5068805893420102,-1.7545509815885554,-0.19718565186213133,1.7883981318147997,0.0,0.0,0.0,3.601223636358919,1.0,26.27124786376953,-20.026187896728516,1.5499999523162842
10.52009630203247,0.20401650051782805,0.939632461313577,-0.2381668701862854,-0.1890600813155917,-0.1569192953221501,0.9661897252462058,-0.154682765780191,-0.17683945445976643,-0.10620011367990226,-0.44453700944108754,-0.4445370094410876,-0.22888173198657527,-0.2857383238883442,-0.3839389892656536,-0.16305052854262145,0.5534881469004885,0.23758210495412724,-0.4204373117867942,-0.6719902979165371,-0.640664858094607,2.9757032419855247,0.0,0.0,0.0,3.537114478654828,1.0,26.382566452026367,-20.11697006225586,1.5499999523162842
10.540093660354614,0.2383626113005019,0.9392540305932134,-0.23955343425612247,-0.1919115071842935,-0.1535773146032751,0.9515385177381486,-0.12626488017829798,-0.21762144253144905,-0.17684042819666113,-0.4490248534453904,-0.4490248534453904,-0.21994699586115218,-0.18486286389077203,-0.47665302037288304,-0.322468919748493,0.4659843269357429,0.3647268752294177,-0.3437818717219755,0.3333730619287172,-2.3541462333473167,1.533866003027514,0.0,0.0,0.0,3.60274586876083,1.0,26.382566452026367,-20.11697006225586,1.5499999523162842
10.56014108657837,0.08130085402443603,0.9389035531405613,-0.2408201134570886,-0.19472095795066696,-0.15016504050317048,0.9276022028358424,-0.2791131530035348,-0.2009761358649738,-0.1458032713189313,-0.45334370090534254,-0.4533437009053426,-0.2109016094045926,-0.5415366717733854,-0.4715223446103019,-0.17864387568561632,0.5924541966538438,0.34108860674325703,-0.29013818534414115,-3.17909079205702,-1.3898132458217534,1.0895153047866328,0.0,0.0,0.0,4.138110655076801,1.0,26.48275375366211,-20.198673248291016,1.5399999618530273
10.580093622207642,0.2574561665819666,0.9385840177731225,-0.24195872379953814,-0.1974663513274939,-0.1467073878561284,0.9537767745095475,-0.11937058199042667,-0.2080744635802833,-0.18101255803730387,-0.45746120767827564,-0.45746120767827564,-0.20181487425245312,-0.17052303766297278,-0.4557415855069262,-0.3354739695704261,0.5731995642533045,0.2841867638937218,-0.33156082123317965,0.18626412398945202,-1.801578408446445,1.262330556488037,0.0,0.0,0.0,3.5694643230233782,1.0,26.58294105529785,-20.280376434326172,1.5399999618530273
10.600116968154907,0.12524187453804064,0.93829319906812,-0.2429795892730304,-0.2001686235174919,-0.143175814781461,0.9561878123733527,-0.20097370348819935,-0.18653581132124958,-0.10256134295933518,-0.4614102437986976,-0.4614102437986976,-0.19261512639880202,-0.38680482855302534,-0.4092820785123315,-0.13245293257884658,0.3209672455646269,0.20605910350357415,-0.299270135350265,-0.5321888058929259,-0.4196808972020105,2.112403016675532,0.0,0.0,0.0,3.718477228942163,1.0,26.68312644958496,-20.343921661376953,1.5399999618530273
10.62010669708252,0.183306463781952,0.9380331050666137,-0.24387777310291492,-0.2028115671508996,-0.1395886593360879,0.9351714002163375,-0.2903121413753551,-0.12626463672897306,-0.158841286506913,-0.46516812732336743,-0.4651681273233673,-0.1833537927681658,-0.5614282619962474,-0.3345935236878635,-0.2391878309072114,0.5791948971081767,0.26141881911725184,-0.3161453764426485,-2.9100824279605146,0.4145165506321238,0.33368980342332666,0.0,0.0,0.0,3.953825955616822,1.0,26.79444694519043,-20.416545867919922,1.5399999618530273
10.64008378982544,0.26463185437170406,0.9378036931577138,-0.24465544143665463,-0.20539616922157555,-0.135942494255071,0.9624655540350263,-0.22143753518528653,-0.07758972289795184,-0.1364012837466486,-0.4687379418723684,-0.4687379418723684,-0.17402511844344842,-0.42717649567930494,-0.21133317381340064,-0.2355656152998578,0.40883463458560165,0.2836894155606579,-0.4011439207603351,-0.7298173905690015,1.2983276115364297,1.1330290202147486,0.0,0.0,0.0,3.551251614876062,1.0,26.87236976623535,-20.507328033447266,1.5399999618530273
10.660087823867798,0.04994490592320865,0.9376048048773871,-0.24531488679154034,-0.20792549862014975,-0.13223019024735821,0.9422423141564693,-0.24325846660245937,-0.20319610855205103,-0.10824084861356426,-0.4721251318136945,-0.4721251318136944,-0.1646142761424466,-0.4784454216318514,-0.4506835674981804,-0.11704752420726083,0.3798593582113151,0.2909800212914378,-0.4455926220204558,-1.5453747960131625,-0.9436885436564596,2.2298331504813396,0.0,0.0,0.0,3.954862485828577,1.0,26.87236976623535,-20.507328033447266,1.5399999618530273
10.68008804321289,0.08996672487141973,0.9374369905574037,-0.24585584299285546,-0.21039356389977254,-0.1284575473473741,0.9279881219619562,-0.23518298763542916,-0.24456203754456776,-0.15400135589157815,-0.4753228100054002,-0.4753228100054001,-0.15513937697622177,-0.4387037307030913,-0.5542883436883629,-0.20223923246696054,0.4621387066185807,0.25358215176184745,-0.45694978683495396,-1.675212337529673,-1.8477261200358956,1.5375297368062968,0.0,0.0,0.0,4.109051530701853,1.0,26.983688354492188,-20.561796188354492,1.5399999618530273
10.70008373260498,0.06395884047890985,0.9373003558802108,-0.24627939007698657,-0.21279830744325595,-0.12462497839287053,0.9405406973788658,-0.2190056567014933,-0.2290180868087958,-0.12235372826875102,-0.47832970166348276,-0.4783297016634828,-0.1456045895791872,-0.4189935007156426,-0.5056703209583232,-0.14896989506665936,0.6203135070406142,0.2460377693622712,-0.42395583592415753,-2.0041139983264307,-1.3312089198990922,1.9424447978601829,0.0,0.0,0.0,3.9550497178645543,1.0,27.06161117553711,-20.63442039489746,1.5399999618530273
10.720098495483398,0.28323380534324477,0.9371948213216754,-0.246586995321274,-0.21514048406181027,-0.12072817709180074,0.8914529285286356,-0.3315503459640525,-0.2124309415410379,-0.22418550217358946,-0.4811479444074641,-0.48114794440746433,-0.1360024102450825,-0.6232119465325922,-0.5555397197731781,-0.3095747115160936,0.10873047242247473,0.25619801437150325,-0.4879251842729929,-1.8013537097213288,-1.4758985421252075,-0.47688324214344613,0.0,0.0,0.0,4.584795601084824,1.0,27.150667190551758,-20.716121673583984,1.5399999618530273
10.740081787109375,0.12042080635880056,0.9371206015002679,-0.24677914866479392,-0.21741222528236673,-0.11677737077801276,0.9361616971977617,-0.22076305825586062,-0.21365500486517416,-0.17092831159696203,-0.48376947367924694,-0.48376947367924716,-0.12636097631826193,-0.3971916720410766,-0.4955329664262018,-0.2594602377019653,0.6847146930922761,0.16100000676365178,-0.44564443970187184,-2.0117505409367813,-0.9057784784843741,0.8599991967618699,0.0,0.0,0.0,3.900982038614008,1.0,27.250852584838867,-20.77058982849121,1.5399999618530273
10.760087013244629,0.21410793953259802,0.9370773831637813,-0.2468576691067051,-0.21961763342472762,-0.11276242394985188,0.9499776681565201,-0.15853647194184226,-0.2599175986941913,-0.06965241530039962,-0.4862003837373498,-0.48620038373734975,-0.11665841955750036,-0.3145134106377356,-0.5420774467201442,-0.05831156218422434,0.23918148386250188,0.19062316515373323,-0.375892133437829,0.4819998796673908,-1.4474592998905231,2.9275151196094904,0.0,0.0,0.0,3.8950891678509163,1.0,27.328777313232422,-20.834136962890625,1.5299999713897705
10.780101776123047,0.17930513733999823,0.9370651050992483,-0.24682352478185718,-0.22175316119021785,-0.10868611650868668,0.9086517597556661,-0.25594589116939226,-0.2875832967962548,-0.16167723306091702,-0.4884377380232309,-0.4884377380232309,-0.10690451849547601,-0.48652069353004646,-0.6502524834342823,-0.18525096124797147,-0.04842269432342844,0.31463142334933136,-0.5653720742694165,-0.025613371587096867,-2.860042727073618,1.4911133002661066,0.0,0.0,0.0,4.509838380504551,1.0,27.328777313232422,-20.834136962890625,1.5299999713897705
10.80015230178833,0.18143904473528472,0.9370836267364409,-0.24667763733501374,-0.22381934292949301,-0.10454339516155092,0.9086517597556661,-0.25594589116939226,-0.2875832967962548,-0.16167723306091702,-0.4904829077409194,-0.4904829077409194,-0.09709025293000705,-0.48652069353004646,-0.6502524834342823,-0.18525096124797147,-0.04842269432342844,0.31463142334933136,-0.5653720742694165,0.0021492401546391315,-2.8433349804422914,1.4043518784899776,0.0,0.0,0.0,4.509838380504551,1.0,27.328777313232422,-20.834136962890625,1.5299999713897705
10.820101737976074,0.16125102333102526,0.9371323776939803,-0.24642294211101684,-0.22580043103401448,-0.10036336793786492,0.9092954983136954,-0.29217758378998787,-0.25315702025036524,-0.15403077411689214,-0.492322077116512,-0.4923220771165122,-0.08728672512864234,-0.5740219419825617,-0.5828405738717268,-0.15899331619767723,0.6501687464785316,0.28670545627212707,-0.44862427641639235,-3.4079805428055927,-1.95792412606926,0.6609492349293942,0.0,0.0,0.0,4.529994141359657,1.0,27.406700134277344,-20.89768409729004,1.5299999713897705
10.84010934829712,0.19622976812685147,0.9372112911732179,-0.24605920935592412,-0.2277104840902625,-0.09611345703878066,0.9012706950550046,-0.3289524902711847,-0.2658097686338397,-0.09405615491970779,-0.49396982330905165,-0.4939698233090517,-0.0774197239727979,-0.7017925878324958,-0.5716412872704505,0.006346497561045559,0.248360508418422,0.2193675013290187,-0.37703256748167346,-2.8066891678825927,-1.5858250507871738,1.2875855207500637,0.0,0.0,0.0,4.942533073042706,1.0,27.484622955322266,-20.96122932434082,1.5299999713897705
10.860079526901245,0.07283800106880277,0.9373196175090205,-0.2455895053314247,-0.2295382723403105,-0.0918145469674337,0.9464271979427221,-0.24328824505158358,-0.19868762399029943,-0.07489737570233981,-0.4954173099676609,-0.495417309967661,-0.06754027675695908,-0.49253112887850176,-0.4252297090062224,-0.04952174527109427,-0.014115720134297627,0.2616090515672349,-0.43267873586445804,0.12332573284921892,-0.3474192714320683,1.923607677706419,0.0,0.0,0.0,3.9522608998740822,1.0,27.57367706298828,-21.024776458740234,1.5299999713897705
10.88011884689331,0.10652139506469822,0.9374575231174086,-0.24501262253861644,-0.2312913795898388,-0.08744429583884797,0.9269409470744879,-0.27561371820353014,-0.24975607690173715,-0.04939090022798042,-0.4966712104896083,-0.49667121048960816,-0.05759955443219499,-0.591889863193165,-0.5123695523413733,0.05292544382147493,0.6127043123114083,0.09801979774766231,-0.5731029215026395,-3.2844167701725038,-0.5469353764150438,2.936414519777224,0.0,0.0,0.0,4.385867998798806,1.0,27.64046859741211,-21.070165634155273,1.5299999713897705
10.900171756744385,0.25042896392195296,0.9376242642216917,-0.2443311106996944,-0.23296246823296954,-0.0830152749907376,0.9091543712098372,-0.27196923796121286,-0.24281058648434786,-0.2012811019543805,-0.49772631458609584,-0.49772631458609584,-0.04762893835204382,-0.4954873980610606,-0.5835490752151279,-0.2841107918242209,0.20784996529652647,0.2683612772451151,-0.5319647321672185,-0.9541259533231166,-1.9228028149962155,-0.21783686453533901,0.0,0.0,0.0,4.313863521303783,1.0,27.729524612426758,-21.124635696411133,1.5299999713897705
10.920260667800903,0.2591586516857028,0.9378195319316939,-0.24354547762680614,-0.23455112776107348,-0.07852320880451914,0.9091543712098372,-0.27196923796121286,-0.24281058648434786,-0.2012811019543805,-0.49858263481755033,-0.4985826348175505,-0.037621220851923175,-0.4954873980610606,-0.5835490752151279,-0.2841107918242209,0.20784996529652647,0.2683612772451151,-0.5319647321672185,-0.941263557063553,-1.916135755791049,-0.3127591016800886,0.0,0.0,0.0,4.313863521303783,1.0,27.729524612426758,-21.124635696411133,1.5299999713897705
10.940078496932983,0.26230121838405884,0.9380392067967297,-0.24267118992458717,-0.23603266078978077,-0.07403865972073896,0.9465587344343361,-0.19823106118540304,-0.1775402323257048,-0.18223741260540272,-0.4992302518907245,-0.49923025189072445,-0.027733654593721024,-0.34715665987372374,-0.42065095520119833,-0.3055676910897416,0.05277027524044503,0.26027355433193633,-0.5082251097655249,1.2613822503713543,-0.49445281139797326,-0.05847962712568622,0.0,0.0,0.0,3.687001392400088,1.0,27.80744743347168,-21.17910385131836,1.5299999713897705
10.960047721862793,0.2855070028395948,0.9382870329409908,-0.24169221073397643,-0.23743753540971088,-0.06946751660940052,0.8887500741130372,-0.30486634915358046,-0.29613310807390814,-0.17171196003867972,-0.4996844989682491,-0.4996844989682492,-0.017759546470836017,-0.6034329866060869,-0.6829382896168611,-0.1613965694328032,0.553367028392025,0.25888969009978635,-0.5750268807121885,-3.2344468935733506,-2.7787260243071996,0.29631764323680265,0.0,0.0,0.0,4.946180706766338,1.0,27.874238967895508,-21.242650985717773,1.5299999713897705
10.980082035064697,0.2609971374617933,0.9385616230098276,-0.24061292452041802,-0.2387563619984018,-0.06482977689439942,0.9713192640691425,-0.1795215369145285,-0.13028218679479456,-0.08565895654274172,-0.4999399987282116,-0.49993999872821154,-0.007745816395693025,-0.34737168383345707,-0.28780318330949284,-0.1250847632549243,-0.022875127724037103,0.23765080494158766,-0.45927040959382337,1.6360084999457727,1.0625664258639218,1.2582790549410348,0.0,0.0,0.0,3.491545894287893,1.0,27.941030502319336,-21.288042068481445,1.5299999713897705
11.000091075897217,0.19428120914148148,0.9388610201153178,-0.23943969903661122,-0.2399810579463822,-0.06014737949584171,0.9562427393412467,-0.24924426627987756,-0.14588813521306174,-0.04683771117176303,-0.4999948996644601,-0.49999489966446,0.002258386487419633,-0.5072156552069809,-0.3071644267065713,-0.017681337492227694,0.2901160277398919,0.10630796999482998,-0.5867966227389633,-1.2120216697079855,1.5005289759480829,2.120364533400379,0.0,0.0,0.0,3.772501686701697,1.0,28.007822036743164,-21.333431243896484,1.5299999713897705
11.02009654045105,0.23928337313129655,0.9391846557944901,-0.23817328816963065,-0.241111315054754,-0.055416611906704404,0.9172363378238626,-0.21168517009920068,-0.30063754694968264,-0.15324475423197664,-0.49984967231174793,-0.4998496723117479,0.0122598976275597,-0.38562754819481454,-0.6641507851474348,-0.1966347578986782,0.4051827611886028,0.18726574878774374,-0.45042415070135766,-0.8219618258347328,-2.468383865441057,0.3510796381712642,0.0,0.0,0.0,4.312683046401837,1.0,28.063480377197266,-21.378822326660156,1.5199999809265137
11.040145635604858,0.17729960216734214,0.9395324846760869,-0.23681227800681265,-0.24214770480508557,-0.05062750518475079,0.9139215544404806,-0.30306405304732403,-0.24953773152762995,-0.10310428033631304,-0.49950343094884375,-0.49950343094884375,0.022278295947709744,-0.6282231155061183,-0.5452247007384894,-0.0435297065538654,0.12487594244267708,0.22442014278347955,-0.5192774800176347,-1.6190574799040678,-1.342036185627125,0.7792515470335233,0.0,0.0,0.0,4.530123575793825,1.0,28.130271911621094,-21.41513442993164,1.5199999809265137
11.060106754302979,0.063691634950048,0.939901231941227,-0.2353677767370903,-0.24308197440396645,-0.04581307225096831,0.9477068527371655,-0.23444677754147283,-0.21302083693326543,-0.03884009278679488,-0.49895925143722025,-0.49895925143722025,0.03224384290385879,-0.491442031067314,-0.43562209936310325,0.02897585028183352,0.0019284791689055253,0.09629205712046648,-0.5938480653209731,0.0399866300970279,0.24985030607445136,2.3765915946517664,0.0,0.0,0.0,3.913632956914003,1.0,28.1747989654541,-21.46052360534668,1.5199999809265137
11.080097913742065,0.1465742722204057,0.9402920322724362,-0.23383352691088424,-0.24391833811343508,-0.04094655137332821,0.923832278569049,-0.23362798352636951,-0.287004858353896,-0.0978779733575517,-0.4982150022390282,-0.49821500223902826,0.04221150961485658,-0.47725652806875213,-0.6138547955940601,-0.05721129513156602,0.3316108415212853,0.16109302515460538,-0.5863897210410962,-1.1571073267151317,-1.80136487935669,1.4639404074162248,0.0,0.0,0.0,4.2800128286918415,1.0,28.230459213256836,-21.48775863647461,1.5299999713897705
11.100115060806274,0.2842101924029204,0.9407039158067505,-0.23221139068458616,-0.24465450757441745,-0.03603033091293717,0.9296709364073256,-0.24024853433844842,-0.21781295171136233,-0.17478589706992237,-0.4972702940696432,-0.4972702940696431,0.052175230099067986,-0.43875396688420965,-0.5109118463853977,-0.25534930746961587,0.0019845824946550517,0.19720006665201611,-0.5066298768925009,0.48789624711110424,-0.9764073360564758,-0.7559737876422767,0.0,0.0,0.0,3.9214200905024246,1.0,28.274986267089844,-21.51499366760254,1.5299999713897705
11.120084762573242,0.2332605783765883,0.9411343321132575,-0.23050939062599196,-0.24528628781899559,-0.031084188246494327,0.9383175857946195,-0.21959604598658725,-0.22419551912977947,-0.14516905309928183,-0.4961292898710663,-0.49612928987106647,0.06209450645613741,-0.4078908442834182,-0.505780420053594,-0.20019734226791142,0.09059449846899503,0.163915952950652,-0.623897693542351,0.40283559134685254,-0.8052343694062227,0.3027614580820721,0.0,0.0,0.0,3.8469652593211086,1.0,28.341777801513672,-21.551305770874023,1.5299999713897705
11.140089511871338,0.2646318497172881,0.9415840080346322,-0.22872252821648043,-0.24581476614704106,-0.02608949297657505,0.9437313789221051,-0.21831301354443225,-0.19865437083879137,-0.14915412666625946,-0.4947879180083749,-0.49478791800837507,0.07200636216986439,-0.40376976710560986,-0.455684756038869,-0.2186579255612782,0.3997546484341711,0.13806584388289564,-0.4482073500404421,-0.7635370017652476,-0.22198144761340466,-0.6881205928569885,0.0,0.0,0.0,3.729652119219259,1.0,28.375173568725586,-21.587617874145508,1.5299999713897705
11.160097360610962,0.2500757920544186,0.9420512225888557,-0.2268553941763147,-0.24623722439089737,-0.021055960586449624,0.954697505711513,-0.2420985476252993,-0.1459601761440424,-0.09293327071580161,-0.4932482897610753,-0.4932482897610752,0.08189093141352276,-0.4778739723314945,-0.329630720144693,-0.11308926628031783,-0.17215517255619067,0.11921246507921807,-0.6277617760123555,0.8550075925943,1.1550562450840007,0.632094117091847,0.0,0.0,0.0,3.65718230248679,1.0,28.419700622558594,-21.60577392578125,1.5299999713897705
11.180091619491577,0.23420859796204987,0.942534498479472,-0.22491159209632372,-0.2465518657028723,-0.015989760322780017,0.9067655733660762,-0.33348465004443223,-0.25792114817313605,0.006392532196633293,-0.4915124606245138,-0.4915124606245138,0.09173604008695695,-0.7563095631848248,-0.48192345251312485,0.20873224766563028,0.003515661523176339,0.13560028667442384,-0.43515716071707433,-2.335640380041534,-0.7976959857510375,1.6668754375532377,0.0,0.0,0.0,4.767272443847063,1.0,28.419700622558594,-21.60577392578125,1.5299999713897705
11.200084924697876,0.13682997547341844,0.9430330346343734,-0.22289197138432684,-0.24675752844933743,-0.010889758228160504,0.9530704371178774,-0.21341285901070942,-0.20516176493909077,-0.06340618036035797,-0.4895802427467979,-0.48958024274679796,0.1015440097297049,-0.4325423133741052,-0.4313864252467875,-0.03665866582920636,0.14026805332474984,-0.048345227388456175,-0.47560196014433564,-0.06930895588411368,0.7912663019302064,0.7754531318971505,0.0,0.0,0.0,3.709836847002721,1.0,28.497623443603516,-21.65116310119629,1.5299999713897705
11.220100164413452,0.3929991039603511,0.943546323016608,-0.22079610546241715,-0.24685284790672282,-0.005752183481821861,0.9122722658006714,-0.34624069247482797,-0.17325106759246586,-0.13364416748789149,-0.4874498886965175,-0.48744988869651773,0.11132208230963264,-0.6963553327872445,-0.42097485245902927,-0.13613591852568463,-0.08326555352353832,0.1337380946840384,-0.6085611300028893,-1.5324197345436286,0.14925016899457488,-0.9271403874791941,0.0,0.0,0.0,4.369595391283871,1.0,28.497623443603516,-21.65116310119629,1.5299999713897705
11.24011516571045,0.1683397206546752,0.9440727051699019,-0.21862820905809127,-0.24683616320046098,-0.0005848877757536064,0.9657750988693657,-0.1910217077137594,-0.17399570772157627,0.022686103245243245,-0.4851242928146002,-0.4851242928146002,0.12105544399626977,-0.4102588089579943,-0.3335658088307892,0.11699387393280447,0.060657316830750374,-0.030408902257743994,-0.442290380322756,0.2594863571910384,1.7055390055821726,2.0265916303481335,0.0,0.0,0.0,3.5291190823506566,1.0,28.542152404785156,-21.67839813232422,1.5299999713897705
11.26016116142273,0.2852233746805505,0.9446119101768674,-0.2163867572726845,-0.24670586726794683,0.004617952424200253,0.9000780865831027,-0.26817110291732954,-0.33235722214995045,-0.08650071963730835,-0.4826003100429612,-0.48260031004296117,0.13075527043464677,-0.5899120933208567,-0.7006162409028794,0.029492858363519975,0.21959813452632543,0.016550022155856922,-0.48909028384184877,-1.5919444268233875,-2.3032012313368666,0.3542049202791133,0.0,0.0,0.0,4.789537909312129,1.0,28.564414978027344,-21.69655418395996,1.5399999618530273
11.280110597610474,0.24042955781071154,0.9451593312267542,-0.21408836784447532,-0.2464620921472882,0.009820717034152347,0.9221482225415876,-0.1666630786946295,-0.34807404356649735,-0.026655844737814953,-0.4798959596853442,-0.47989595968534404,0.14035621780912522,-0.39024773428315734,-0.7086861190663869,0.08817976002664808,-0.13156003696595908,0.053954481337084526,-0.5372761532187698,1.5239608643886262,-2.3969040706790405,2.1329505263668156,0.0,0.0,0.0,4.324431329065172,1.0,28.608943939208984,-21.714710235595703,1.5399999618530273
11.300124406814575,0.33496666354364213,0.9457182386617721,-0.21171667998980667,-0.24610195286555972,0.015062844098220986,0.9226408546273074,-0.33360372840715374,-0.1785555265852902,-0.07456761824872579,-0.47699097607807006,-0.47699097607807023,0.14993201372652204,-0.6899669838826602,-0.38897190309947455,-0.01995668444725939,0.14494734228088432,-0.019731576746520735,-0.5421360895135627,-2.562106996007283,0.8266916767823569,-0.40575359604678685,0.0,0.0,0.0,4.25056339719163,1.0,28.620075225830078,-21.723787307739258,1.5399999618530273
11.320104837417603,0.2596746940752164,0.9462848110234009,-0.2092851351178875,-0.24562581194710126,0.020316228745055377,0.9171177384055562,-0.32517965490554535,-0.2213152584714492,0.06459723140432407,-0.47390026077120145,-0.4739002607712016,0.15943193795782332,-0.7356471267016617,-0.37248686951029264,0.28560848153235685,0.08123800576758608,0.049980680768121066,-0.6209655446167934,-2.8678303128118507,0.2551440300895098,2.6626718216766783,0.0,0.0,0.0,4.386005184248121,1.0,28.6423397064209,-21.732866287231445,1.5399999618530273
11.340109586715698,0.19009110180700234,0.9468595682166645,-0.20678876575830413,-0.245031310536174,0.02559338370817906,0.9175476572657981,-0.21476180560776634,-0.33006397749004196,0.055149200008616554,-0.47061625563630416,-0.47061625563630427,0.16887966109293537,-0.5579162600098058,-0.6211994822045,0.30342961055966705,-0.11996772927600977,-0.11970834798270874,-0.6644031932342085,0.10633992338872944,-1.1569381393752156,3.5449238587361385,0.0,0.0,0.0,4.381713706807714,1.0,28.675735473632812,-21.741943359375,1.5399999618530273
11.360100507736206,0.219960571990269,0.9474403195532656,-0.2042342867841979,-0.24431849671210307,0.030881534140879872,0.9366792317427101,-0.21613723908880353,-0.26486767285548096,-0.0759066965232812,-0.4671463858467921,-0.46714638584679224,0.17825334271839072,-0.44421337686811785,-0.5574271999300029,-0.03265286664091164,0.1122427898821434,-0.028898282980798218,-0.595825374546351,-0.18397495876981262,-0.769919875343077,0.39221306690105595,0.0,0.0,0.0,3.924949573643602,1.0,28.686866760253906,-21.741943359375,1.5499999523162842
11.380127429962158,0.16435640870887952,0.9480274308689002,-0.2016172329363545,-0.24348447224191147,0.03619106906791015,0.9205371212170551,-0.2331094707049068,-0.30554012825817584,0.0701185649672925,-0.4634830807952753,-0.4634830807952753,0.1875724761699335,-0.5902390969305386,-0.5584018236342106,0.32591509498264165,-0.05928071942280422,-0.003912895023208962,-0.5533330026409966,-0.591136788893051,-1.180814371703589,2.9733863951614157,0.0,0.0,0.0,4.262891847316044,1.0,28.709129333496094,-21.760099411010742,1.5499999523162842
11.40013599395752,0.22788033187662196,0.9486182379551455,-0.19894662210747155,-0.242530493681412,0.04150469618672432,0.922356455900805,-0.20008086485869345,-0.32936231643436553,-0.027325451295310044,-0.4596375023917418,-0.45963750239174167,0.19680794291664538,-0.4631965047493637,-0.6668495490242559,0.10376623545499192,-0.29806443480533684,-0.007514657671690406,-0.5918431792488145,1.4721913768487838,-2.0195440774419273,1.4232979857275283,0.0,0.0,0.0,4.269296175802687,1.0,28.72026252746582,-21.760099411010742,1.5499999523162842
11.420098304748535,0.1915981923571467,0.9492108405602077,-0.19622841880863115,-0.2414577069681709,0.046812002312666995,0.9487617818617831,-0.22268291934143894,-0.220089605301843,-0.04270789564129177,-0.45561744367550183,-0.4556174436755018,0.2059435481354074,-0.46541141894538035,-0.45186693347727347,0.018876756130180895,0.11017832283932241,-0.0563389293680763,-0.5828316955937953,-0.5323939134037895,0.25274909532666123,0.42066862062562804,0.0,0.0,0.0,3.730010549150817,1.0,28.742525100708008,-21.760099411010742,1.5499999523162842
11.4400954246521,0.2978667209462606,0.9498066045528364,-0.19345358996544987,-0.2402611701804238,0.052131493176629566,0.9234176069909864,-0.3306914124676957,-0.19007229626918593,0.042610268834161094,-0.45140834610685054,-0.4514083461068506,0.215012802095777,-0.7240209002251101,-0.3287397378069914,0.2176850546262527,-0.12984181079038465,-0.15135722778966684,-0.5615599067305219,-2.1962982959741995,1.252091808050599,1.2392443953335421,0.0,0.0,0.0,4.207598837541977,1.0,28.753658294677734,-21.741943359375,1.559999942779541
11.460093259811401,0.2967115207078267,0.9504035028675516,-0.19062867269364875,-0.2389419900452307,0.05745099022097508,0.9327347511955777,-0.310090533803705,-0.18378852873101695,-0.0084570363807444,-0.4470185830006318,-0.44701858300063185,0.22399639830164061,-0.6607890180613634,-0.3555401551556392,0.10495005977497379,-0.13652699169640625,-0.16681047783459318,-0.6650623007605099,-1.5404033905724432,1.2426233972748824,0.646600842586611,0.0,0.0,0.0,4.030585684165524,1.0,28.753658294677734,-21.741943359375,1.559999942779541
11.480114936828613,0.07000714098089286,0.9510012318945303,-0.18775224035061436,-0.23749788931958318,0.06277344778769012,0.9416679053539434,-0.217044182802289,-0.24521012593816044,0.07762327534570158,-0.44244450445965305,-0.44244450445965305,0.23290096709428243,-0.5171882920271398,-0.44240886368370674,0.28332284401198254,0.10549830850089462,-0.07785807740023123,-0.6999954878157575,-1.0750273408661832,0.13939911548288061,2.9839680429486246,0.0,0.0,0.0,3.797775395471728,1.0,28.753658294677734,-21.732866287231445,1.559999942779541
11.50032377243042,0.21170631445211932,0.9516036816219805,-0.184802014000798,-0.23591468535842247,0.06813890208227377,0.9456110984434264,-0.1692926302604585,-0.2763397389879008,-0.028213551641208312,-0.4376478240242904,-0.4376478240242904,0.24179409034714588,-0.3679995049215054,-0.5611645884371014,0.04750754650099355,-0.16672621815461158,-0.19843599902810125,-0.6926669154026412,1.449641328641406,-0.3388900710997783,1.1676376826879533,0.0,0.0,0.0,3.7774086069976875,1.0,28.753658294677734,-21.723787307739258,1.559999942779541
11.520092010498047,0.2888501813362666,0.9521912253632987,-0.18187238015629492,-0.23424356226444132,0.07337752527231134,0.9262677503766109,-0.1656137589363059,-0.33778751549147845,-0.02235468276074701,-0.43278278225883465,-0.43278278225883476,0.25039781025460667,-0.38641515579085134,-0.685639147485464,0.09117323175030569,-0.2004143723905332,-0.19471117780755687,-0.6190373278868666,1.6174375864070147,-1.638836848219666,1.1438912024178973,0.0,0.0,0.0,4.16207799365435,1.0,28.753658294677734,-21.723787307739258,1.559999942779541
11.540122270584106,0.3962127501956437,0.9527838627739077,-0.17886166273076745,-0.23242652657002996,0.07867227077825967,0.9096202962557034,-0.28900207817559365,-0.29039267023215903,-0.06885355855227024,-0.4276807685963807,-0.42768076859638077,0.25901575275030864,-0.6313985575379939,-0.604185277346267,0.0517713402257957,0.07458882605910605,-0.2741179872003067,-0.7070261871778347,-1.7745767744577028,-0.9097935677189855,-0.21981699318692183,0.0,0.0,0.0,4.4789637496465105,1.0,28.753658294677734,-21.714710235595703,1.5700000524520874
11.5601065158844,0.12491438936619034,0.9533715607914032,-0.17581731031133874,-0.2304893526319114,0.08393806521699401,0.9678706691919128,-0.14779406034250014,-0.17840128310062783,0.09775615394196936,-0.42241948018377407,-0.422419480183774,0.26751034140995383,-0.345171922410146,-0.3219776299948262,0.25792184330406104,-0.2564457410713581,-0.2529752275917602,-0.6059893768805538,1.459956358284539,2.167557927034429,2.6091139508828785,0.0,0.0,0.0,3.337126104989941,1.0,28.753658294677734,-21.69655418395996,1.5700000524520874
11.580107927322388,0.22031314218830872,0.9539553389729966,-0.17273159914085567,-0.2284261152622502,0.0891880920827181,0.930513972177846,-0.12840275636663476,-0.3165600119565481,0.13208421014386004,-0.416984759526208,-0.41698475952620806,0.2759052560624215,-0.39830661856092875,-0.5886119198197736,0.4042107479547217,-0.1376867561290866,-0.20662548341230508,-0.619805106193384,1.2767584634729703,-0.7348440997221832,3.8464413425619437,0.0,0.0,0.0,3.8936457983225488,1.0,28.753658294677734,-21.67839813232422,1.5700000524520874
11.600096225738525,0.0913294544024849,0.9545335012954166,-0.16961097136330772,-0.22623992738076193,0.0944108497825098,0.942960168490741,-0.17796382784654635,-0.24872082412895835,0.13150265496456687,-0.4113869535350128,-0.41138695353501276,0.28418440221303704,-0.45829336829670053,-0.4359395100297256,0.38035698535104095,0.07883704472872632,-0.12893399185699297,-0.5861933555516138,-0.6394532250872178,0.14424512281304191,3.1131989411082874,0.0,0.0,0.0,3.678812862324579,1.0,28.742525100708008,-21.660242080688477,1.5700000524520874
11.620105028152466,0.2003157441732986,0.955106240480118,-0.16645191348235822,-0.22392716968645804,0.09961150822173515,0.9259387468362071,-0.22282433073836222,-0.2962942685192303,0.07208648403861552,-0.40561879630423653,-0.4056187963042366,0.2923583282287376,-0.560740707724623,-0.5428465806348968,0.3153202506481416,-0.23468950369132907,-0.1306633754746385,-0.577896609636312,0.03226929437669801,-1.194278427062545,1.8323548764575472,0.0,0.0,0.0,4.113665235350727,1.0,28.72026252746582,-21.633007049560547,1.5800000429153442
11.640100479125977,0.16146392910580448,0.9556718444450945,-0.1632614744048967,-0.22149191603632223,0.10477761135189664,0.931338986488098,-0.19276072994829876,-0.29239265504367146,0.09978741660968224,-0.39969226506441485,-0.39969226506441474,0.30040987541636777,-0.5052008472433869,-0.5307301297115856,0.3535417102843362,-0.13671495609738482,-0.3259072714622446,-0.6571136375643186,0.07425725738268579,-0.23742970284875842,2.684895803766279,0.0,0.0,0.0,3.9603953624330925,1.0,28.709129333496094,-21.614850997924805,1.5800000429153442
11.66008734703064,0.18187535272327848,0.95622975752839,-0.16004063591954767,-0.21893411922698805,0.10990676553318317,0.9449081110615913,-0.24541999055455888,-0.19622072844597804,0.09173393927192602,-0.39360858146329325,-0.3936085814632933,0.30833793895408645,-0.5569990155501333,-0.3318518821917648,0.2892521637628322,-0.25068963483247236,-0.2947154414033278,-0.6720239864581384,-0.6366795943586818,1.3178290871975737,1.9188841254845874,0.0,0.0,0.0,3.7318126245792897,1.0,28.697998046875,-21.596694946289062,1.5800000429153442
11.680121898651123,0.2204449115734194,0.9567808624401031,-0.1567818963689401,-0.21624665087022657,0.11500958319523716,0.9246141441930773,-0.24859128730149654,-0.23934138465253457,0.1612661087410975,-0.3873525910467958,-0.387352591046796,0.31616130409861,-0.6139009196774526,-0.3708611376233087,0.4641325035772568,-0.2962898697186224,-0.2689465219077245,-0.61687851139438,-0.8194671280687749,0.4285997199006911,3.1019980878680276,0.0,0.0,0.0,3.939892382832766,1.0,28.686866760253906,-21.560382843017578,1.5800000429153442
11.700113296508789,0.19190182824653715,0.9573220317908716,-0.15350163970748676,-0.21344219416438553,0.12005916793482664,0.9503388030792563,-0.14857148348251295,-0.2700461261629458,0.04310177956973544,-0.3809551043122338,-0.38095510431223367,0.3238413322885995,-0.36084093370771536,-0.5241337547521333,0.18842272713093117,-0.11716069597073393,-0.34967453284136696,-0.5018744022328616,1.0060344823638452,0.060700497480242976,0.745627548442017,0.0,0.0,0.0,3.7148606591995077,1.0,28.675735473632812,-21.542226791381836,1.5800000429153442
11.720107793807983,0.28998576174740187,0.9578539576180339,-0.15019394218292886,-0.21051527601570263,0.12506356052445172,0.9124619623059628,-0.2512741348065314,-0.30290312438627737,0.11191145499461769,-0.37440434452782084,-0.3744043445278208,0.3313931001072485,-0.651506869836996,-0.5196014746754392,0.4231694799973547,-0.32775487245317236,-0.3336140035642972,-0.6365500179062134,-0.47527236755854974,-0.9188757854454266,2.259725246164303,0.0,0.0,0.0,4.37015245230997,1.0,28.6423397064209,-21.50591468811035,1.5800000429153442
11.740087032318115,0.31684603241151515,0.9583756141522479,-0.1468634029372768,-0.20746944833515596,0.1300144264437253,0.909997461917493,-0.28576436293510027,-0.264575132257582,0.14227911853430972,-0.3677090802141175,-0.36770908021411747,0.3388067772759095,-0.7071553685438713,-0.41174467070633614,0.4640408479379184,-0.18815850537884352,-0.2341929920933174,-0.6712081305088845,-1.9542511598735826,-0.6836995853578647,2.637093903112478,0.0,0.0,0.0,4.326177621595997,1.0,28.620075225830078,-21.469602584838867,1.590000033378601
11.760099411010742,0.11437551317091203,0.9588877440640601,-0.143503420553862,-0.20429803434072324,0.13491988636815633,0.9632343382867231,-0.15571129951018103,-0.20409929214357855,0.07922802343034704,-0.3608555728343334,-0.36085557283433367,0.34609717646118543,-0.3655599697243083,-0.3774137753458025,0.23470772308824464,0.012346763972165248,-0.31573207548355975,-0.6808821859791504,-0.04401326631282054,1.0917185747874778,1.5933036904543,0.0,0.0,0.0,3.48276003452125,1.0,28.586679458618164,-21.433290481567383,1.590000033378601
11.780122756958008,0.1814248536339932,0.9593892761695204,-0.1401191006694624,-0.20100512578141602,0.13977050407042832,0.9551775889090551,-0.11409394062700187,-0.2618233960585961,0.07789002268859509,-0.35385367512389293,-0.3538536751238929,0.35325285080422836,-0.29986367954254933,-0.5033949524409359,0.24038428019803387,-0.18878877947609252,-0.2517259038801034,-0.5223291920770998,1.6614954351243236,-0.2776574782638963,1.1888005945638151,0.0,0.0,0.0,3.6131573040533773,1.0,28.586679458618164,-21.433290481567383,1.590000033378601
11.800101280212402,0.21047588203258127,0.9598784118101722,-0.13672134436781302,-0.19760128548320066,0.14454909377241285,0.9382441025528101,-0.2317105140656707,-0.22779539775837127,0.11881707981767595,-0.3467260578328872,-0.346726057832887,0.36025135783181367,-0.554861879838459,-0.38158619328235976,0.3618278324678568,-0.21711231458351854,-0.4190289803002653,-0.6425078244868421,-0.8252850335202475,0.6659887652869236,1.8457475518067523,0.0,0.0,0.0,3.8456935268800816,1.0,28.564414978027344,-21.3969783782959,1.590000033378601
11.820108652114868,0.08186261253149574,0.9603565777217652,-0.1332990192928034,-0.1940753006986537,0.14926953051725989,0.9538556817188693,-0.11613962372288007,-0.23040617573493277,0.15357057152118186,-0.339449461768525,-0.3394494617685251,0.36711587122468387,-0.3252540174933028,-0.41575116822564784,0.3884469515621968,-0.0019213258812343648,-0.352326123573668,-0.49639325961076103,0.41170414707270264,0.7489533204225229,2.251053110060779,0.0,0.0,0.0,3.5111113774926137,1.0,28.55328369140625,-21.378822326660156,1.590000033378601
11.840437889099121,0.12461453815263883,0.9608301053610244,-0.12980285068062852,-0.19037378139176392,0.15399529845325222,0.9563518544665274,-0.09463727995738967,-0.23922769074353262,0.13858220550351077,-0.3319166492120241,-0.3319166492120242,0.37394028664462203,-0.27768665346083354,-0.4459793055779584,0.3511659157124182,-0.08168033331415839,-0.45899664403780355,-0.6506262678192571,1.200008741855436,0.9484229907423716,2.580829975963875,0.0,0.0,0.0,3.518533979605983,1.0,28.508756637573242,-21.333431243896484,1.590000033378601
11.860107660293579,0.24849762230573869,0.9612761319039735,-0.126403328532718,-0.1866797404340029,0.15849628159385137,0.9378716210658946,-0.15220552365953002,-0.293429231042599,0.10549685936798346,-0.3244975964307629,-0.32449759643076287,0.38039625380733927,-0.4183228408880572,-0.5448426007896797,0.34249039319530894,-0.1794877157145497,-0.4688838221458937,-0.5516993778435173,0.698988329038813,-0.47993952716457566,1.4355813552366414,0.0,0.0,0.0,3.9191434243111876,1.0,28.486492156982422,-21.288042068481445,1.590000033378601
11.880099534988403,0.38472333717160606,0.9617169521077914,-0.12293246198294219,-0.18281325287306907,0.16299517904919777,0.9356845430642836,-0.11763427145461094,-0.32993512107260065,0.04241968803202323,-0.31682842411984913,-0.3168284241198492,0.3868071220514599,-0.31768040569063444,-0.6528469587095895,0.19896192370691995,-0.17300952939601705,-0.4783863616564014,-0.5977051817473144,1.6503998073916681,-1.2906090834216923,0.5375866543355554,0.0,0.0,0.0,4.071423106612031,1.0,28.441965103149414,-21.242650985717773,1.590000033378601
11.900120496749878,0.049378831294780504,0.9621455331210683,-0.1194418894871942,-0.17882966950257106,0.1674203017453543,0.957503391629094,-0.11118936213138038,-0.2002189824929703,0.17531839554672501,-0.30902119441694587,-0.30902119441694587,0.3930723869736008,-0.3063560819709022,-0.3516354320725387,0.41702780411285034,-0.2888935065340994,-0.3480751499292216,-0.6458852185368302,1.3466591843777258,1.0106049854772854,2.831678496117288,0.0,0.0,0.0,3.432400236673568,1.0,28.441965103149414,-21.242650985717773,1.590000033378601
11.920109987258911,0.05328981475170515,0.9625603733522083,-0.11594330926411564,-0.17474281724973487,0.17175454727187986,0.957503391629094,-0.11118936213138038,-0.2002189824929703,0.17531839554672501,-0.3011026636814187,-0.30110266368141864,0.3991706225712941,-0.3063560819709022,-0.3516354320725387,0.41702780411285034,-0.2888935065340994,-0.3480751499292216,-0.6458852185368302,1.3104245915542925,0.9087745604978764,2.745210629209558,0.0,0.0,0.0,3.432400236673568,1.0,28.441965103149414,-21.242650985717773,1.590000033378601
11.940116167068481,0.38476532671781644,0.9629623125463552,-0.11242939674424898,-0.17054484185042948,0.17600475073506439,0.9456889689506124,-0.15847454322574733,-0.2824593713470735,0.027836966299044818,-0.29305706139808535,-0.29305706139808546,0.4051142539638894,-0.3798285656068581,-0.5532022280060839,0.167886421637019,-0.2533487146195146,-0.4801891292883538,-0.6862061762200126,0.9870942163595281,-0.7888021415165647,0.04662308492220468,0.0,0.0,0.0,3.9005630304526844,1.0,28.419700622558594,-21.20633888244629,1.590000033378601
11.960098028182983,0.30307251938865887,0.9633503926104579,-0.10890840001813037,-0.16624638746320405,0.18015859712542706,0.9483981833874422,-0.07436659491695574,-0.2906729552537183,0.10256572717982827,-0.284904160113816,-0.2849041601138159,0.4108888165305076,-0.24003119661116362,-0.5658013767389994,0.2855399077978175,-0.12064536437981119,-0.4285559054185426,-0.613762611160917,1.8218512683613337,-0.7773692957151592,1.3998143655240733,0.0,0.0,0.0,3.771591777621332,1.0,28.364042282104492,-21.160947799682617,1.590000033378601
11.980088710784912,0.18466081624903724,0.9637251615776272,-0.10537548173645085,-0.1618425357342031,0.18421947350405288,0.9394788958206872,-0.1074440595932018,-0.24622056987872007,0.21262786584611373,-0.2766338334160888,-0.2766338334160888,0.4165017673546172,-0.34405573273485024,-0.4300836721162227,0.5210131983903848,-0.3769337430722167,-0.5206732030817299,-0.5004592433019541,1.6356927384680247,0.4301160919872049,2.8098591516567977,0.0,0.0,0.0,3.639393161096664,1.0,28.341777801513672,-21.10647964477539,1.5800000429153442
12.00011920928955,0.2982075473551552,0.9640870689460127,-0.10182606940314995,-0.1573282856427081,0.18818975959843742,0.9247054854694707,-0.23233829743771361,-0.21067758722975508,0.21576291369339592,-0.2682361594785942,-0.26823615947859425,0.42195895860637217,-0.5750418859175253,-0.2935680556750172,0.5458460898396182,-0.18321992181454033,-0.5310718381075551,-0.5261175662274661,-1.7497896739989496,0.5366351978786899,2.4823345975895776,0.0,0.0,0.0,3.8893171868576886,1.0,28.28611946105957,-21.052011489868164,1.5800000429153442
12.02009892463684,0.1096461646129134,0.964434434407564,-0.09827711566865685,-0.15272644538257615,0.19204807508958388,0.9590596813542727,-0.1407012053639022,-0.12469170105056455,0.21180103422529015,-0.2597525638034665,-0.25975256380346645,0.4272336662735348,-0.3342212648777587,-0.18055161035356518,0.4652440931377978,-0.26467504278070353,-0.6211170569831734,-0.606693758351664,0.06181444917934065,2.8846803269595793,2.6437388478203023,0.0,0.0,0.0,3.371663400039867,1.0,28.24159049987793,-20.997543334960938,1.5800000429153442
12.04066801071167,0.10858925173097671,0.9647778014844913,-0.09461544855638722,-0.14788807181357,0.1959102571906061,0.9590596813542727,-0.1407012053639022,-0.12469170105056455,0.21180103422529015,-0.2509104303345324,-0.2509104303345324,0.4324857869911331,-0.3342212648777587,-0.18055161035356518,0.4652440931377978,-0.26467504278070353,-0.6211170569831734,-0.606693758351664,0.02074015170539356,2.76463907502784,2.5755958050027785,0.0,0.0,0.0,3.371663400039867,1.0,28.24159049987793,-20.997543334960938,1.5800000429153442
12.060059785842896,0.2858603646731144,0.9650882759111431,-0.0911566747639751,-0.14323543129381386,0.19944596152067678,0.9381033279717981,-0.054208796413317994,-0.2785139644314302,0.19862911180475185,-0.2424771139985187,-0.2424771139985187,0.4372697670625644,-0.24789678736360768,-0.5247710361914499,0.48420386872325155,-0.2700618100919916,-0.6201752526651566,-0.6332147879968875,2.2861645409536067,-0.061824652343245745,2.977209018848523,0.0,0.0,0.0,3.744470425947439,1.0,28.208194732666016,-20.94307518005371,1.5800000429153442
12.080087661743164,0.28184010650116653,0.9653954637838862,-0.08757836235444563,-0.13833984457273243,0.20298698568233686,0.9472470531150133,-0.09064295586973345,-0.2678462151837138,0.1508816752554151,-0.23367148574787827,-0.23367148574787835,0.44203804898264026,-0.2920282436037792,-0.5007463103509031,0.3910979095340514,-0.10443677687243061,-0.6201268458963677,-0.6043716577078528,0.996715019072539,-0.17391024416052803,1.703479857099257,0.0,0.0,0.0,3.748398655871584,1.0,28.152536392211914,-20.89768409729004,1.5800000429153442
12.10013461112976,0.31561633895173874,0.9656892743533934,-0.0839911446326286,-0.1333503917693986,0.2064155663632591,0.9677894558563688,-0.20027615624888562,-0.11357746328044563,0.10184885962142506,-0.22476361248867183,-0.22476361248867174,0.44663331548490887,-0.4307281212075969,-0.18001298286932532,0.24918600173121108,-0.3344043654584674,-0.6765633260638765,-0.577629800290494,-0.7075069533692511,2.4380303256256712,-0.061078000076250305,0.0,0.0,0.0,3.5297909621342565,1.0,28.108009338378906,-20.834138870239258,1.5800000429153442
12.12011981010437,0.26508386814742824,0.9659686232604351,-0.08041014941929264,-0.1282903002898328,0.20971510579414893,0.9320700705242315,-0.18384470356696012,-0.19604748890992396,0.24292363140592962,-0.21579326626958453,-0.21579326626958456,0.4510357704580693,-0.4731352630688454,-0.27977514932742403,0.577778625515639,-0.23201953730991015,-0.7037572252174557,-0.6595597775618787,-0.9257407967870912,1.0385957073362944,3.2655620700132277,0.0,0.0,0.0,3.7094033237333712,1.0,28.063480377197266,-20.770591735839844,1.5700000524520874
12.140106439590454,0.13021080744867894,0.966234527979728,-0.07682467662654074,-0.12314687980930364,0.212893522668616,0.9564790649481052,-0.13574560630728116,-0.14897042101252464,0.21101834599773114,-0.20673608207175298,-0.20673608207175295,0.4552583797906651,-0.3376247352523771,-0.22969911473749036,0.47359969787516704,-0.20588059917171653,-0.5674675147821036,-0.6095360838303779,-0.21552380651915404,1.493052137154421,2.3380037553462647,0.0,0.0,0.0,3.459731377932732,1.0,28.007822036743164,-20.725202560424805,1.5700000524520874
12.160107851028442,0.22952495214035082,0.9664872373433179,-0.07323287877253856,-0.1179196061116832,0.2159498367992748,0.940679581466862,-0.031200203911533615,-0.20877469522669553,0.2656343330976027,-0.19758952736060728,-0.1975895273606073,0.45930205603438334,-0.18410083410659422,-0.3856964292276655,0.5864871990032126,-0.178812297525157,-0.6503328276333936,-0.6351051331723051,1.7651579961760877,1.038570816089461,3.8444734693155365,0.0,0.0,0.0,3.4896710970518945,1.0,28.007822036743164,-20.725202560424805,1.5700000524520874
12.180139541625977,0.23327899632906607,0.9667270023829445,-0.06963246964502318,-0.11260727305857782,0.21888312883621686,0.940679581466862,-0.031200203911533615,-0.20877469522669553,0.2656343330976027,-0.18834990407575755,-0.18834990407575747,0.46316769493851034,-0.18410083410659422,-0.3856964292276655,0.5864871990032126,-0.178812297525157,-0.6503328276333936,-0.6351051331723051,1.7377424587654802,0.9166673822248106,3.7788429384552376,0.0,0.0,0.0,3.4896710970518945,1.0,28.007822036743164,-20.725202560424805,1.5700000524520874
12.200091361999512,0.23801049540411148,0.9669526646395443,-0.06604372082636564,-0.10724256286995007,0.22167499632339838,0.940679581466862,-0.031200203911533615,-0.20877469522669553,0.2656343330976027,-0.17907199105267002,-0.17907199105267002,0.4668331843607869,-0.18410083410659422,-0.3856964292276655,0.5864871990032126,-0.178812297525157,-0.6503328276333936,-0.6351051331723051,1.7102428398019236,0.7939876294694472,3.715879558747945,0.0,0.0,0.0,3.4896710970518945,1.0,28.007822036743164,-20.725202560424805,1.5700000524520874
12.220099210739136,0.3344744889597976,0.9671659041677804,-0.062442613034517466,-0.10179234412948503,0.22434204369525892,0.9650749822099416,-0.02842800269666499,-0.2297851945439784,0.12255974764801585,-0.16969644516037063,-0.16969644516037055,0.4703223538169681,-0.12391105219649584,-0.45176220176276954,0.2811474046493287,-0.36895384034967904,-0.629969898420754,-0.5711457359904194,2.9126562589492004,0.0653234722274929,0.5542499493813255,0.0,0.0,0.0,3.565601635021593,1.0,27.95216178894043,-20.652578353881836,1.5700000524520874
12.240108728408813,0.22219837501285544,0.9673662113923285,-0.058839299089837364,-0.09627448321912427,0.22687391612955427,0.9760501141512029,-0.0680509241413293,-0.15676032614071866,0.13461592230189728,-0.1602521792252635,-0.16025217922526347,0.4736235203762098,-0.183807400784502,-0.29181440152432164,0.30119428424158734,-0.13940419610731353,-0.6466069997594823,-0.6297124576533251,0.8417105975788162,1.2825440870158995,0.747943494113549,0.0,0.0,0.0,3.385996047474648,1.0,27.896503448486328,-20.598108291625977,1.5700000524520874
12.260114669799805,0.1764867482313917,0.9675536668406524,-0.05523506264601326,-0.09069388070493097,0.22926755034321533,0.9480358439867609,-0.12873011170227636,-0.10169327640181745,0.27260791329690526,-0.15074545847207743,-0.15074545847207743,0.4767345243949121,-0.30658459678944117,-0.12294151632668171,0.5790108055809795,-0.32436505313711056,-0.8123615339849418,-0.5217396769284917,-0.1744872590079367,2.7120706372653576,2.8939773403272873,0.0,0.0,0.0,3.3872034830456825,1.0,27.840843200683594,-20.525484085083008,1.559999942779541
12.28011679649353,0.37252119803396805,0.9677284094565793,-0.05163024753853057,-0.0850541564569818,0.23152069786336657,0.957119593241533,-0.06194330509415638,-0.2461149011437369,0.13968738891604837,-0.14118023545352573,-0.14118023545352573,0.47965418909594343,-0.21180763746493322,-0.471044623226062,0.3408534154718331,-0.2177797788157776,-0.7909354460870073,-0.4580221637787897,1.5625536361276113,-0.11414711467996286,0.2525865798535585,0.0,0.0,0.0,3.6843484220217535,1.0,27.796316146850586,-20.461938858032227,1.559999942779541
12.300095796585083,0.3519898415140918,0.9678904310335485,-0.04802859923729054,-0.07936445814238556,0.2336293002873584,0.9501973473527336,-0.1787805413176157,-0.1818926168909689,0.17910219164087143,-0.13156968603389707,-0.13156968603389704,0.48237891508330016,-0.43563795750769063,-0.2854901447248295,0.4362061991223322,-0.40432012364158953,-0.7765443261290915,-0.44596692281672057,-0.3651641291135428,0.4300458814838044,0.7019593489112119,0.0,0.0,0.0,3.695095004366158,1.0,27.74065589904785,-20.398391723632812,1.559999942779541
12.320113897323608,0.36540850265509783,0.9680403558346727,-0.04441912681322141,-0.07361065427166781,0.23559771269332813,0.9501973473527336,-0.1787805413176157,-0.1818926168909689,0.17910219164087143,-0.12188766051581706,-0.12188766051581706,0.48491586715014895,-0.43563795750769063,-0.2854901447248295,0.4362061991223322,-0.40432012364158953,-0.7765443261290915,-0.44596692281672057,-0.4065232529662528,0.3001879285467868,0.6725314169041436,0.0,0.0,0.0,3.695095004366158,1.0,27.74065589904785,-20.398391723632812,1.559999942779541
12.340126514434814,0.37885216818085493,0.9681779511361481,-0.040810062419028265,-0.0678091499961505,0.23741927663095239,0.9501973473527336,-0.1787805413176157,-0.1818926168909689,0.17910219164087143,-0.11215946521674772,-0.11215946521674768,0.4872578930733633,-0.43563795750769063,-0.2854901447248295,0.4362061991223322,-0.40432012364158953,-0.7765443261290915,-0.44596692281672057,-0.4481938852514591,0.16999486710087686,0.6460220630268521,0.0,0.0,0.0,3.695095004366158,1.0,27.74065589904785,-20.398391723632812,1.559999942779541
12.360083818435669,0.3922795767544343,0.968303058279451,-0.03721055817032903,-0.061978380226410196,0.23908835620294264,0.9501973473527336,-0.1787805413176157,-0.1818926168909689,0.17910219164087143,-0.10241342135157598,-0.10241342135157595,0.489399112307189,-0.43563795750769063,-0.2854901447248295,0.4362061991223322,-0.40432012364158953,-0.7765443261290915,-0.44596692281672057,-0.49008806956823703,0.039870545439594895,0.6225052012299754,0.0,0.0,0.0,3.695095004366158,1.0,27.74065589904785,-20.398391723632812,1.559999942779541
12.380093574523926,0.31641759412764225,0.9684164783626913,-0.03360131236184004,-0.05609069904477498,0.24061236402943545,0.956273761187242,-0.08432551156002557,-0.19883052614419658,0.1972210020210016,-0.09260081597080556,-0.09260081597080555,0.49135027107099577,-0.25845327014750663,-0.3543825043517621,0.453306782761194,-0.24316454054283526,-0.7133189610847492,-0.4803338728146266,0.7176313117532294,-0.19823556301343714,1.1783728437202567,0.0,0.0,0.0,3.5637275908786004,1.0,27.673864364624023,-20.3348445892334,1.5499999523162842
12.400096654891968,0.24930776354820994,0.968517951238208,-0.029993097359660634,-0.05016724358745708,0.24198479272663928,0.9677416808998055,0.0012651227879369874,-0.16078055351791176,0.1939692040609133,-0.08275442718223548,-0.08275442718223545,0.49310415206296954,-0.06310767312219431,-0.3169594107619954,0.4057165184291865,-0.21797919101705637,-0.8284301469265423,-0.4907202326709792,2.06044502794391,1.2927997485283749,1.134274142147638,0.0,0.0,0.0,3.4126227301545113,1.0,27.607072830200195,-20.26222038269043,1.5499999523162842
12.42012333869934,0.09458360558531688,0.9686077238611327,-0.026380535188663398,-0.04420293819384909,0.2432061777479061,0.9564827732138051,-0.03201306793369708,-0.06766841599860503,0.28202278897801986,-0.07286325181450187,-0.07286325181450186,0.49466245717157126,-0.10019806016357592,-0.11162216751012888,0.5790607481312242,-0.2835289555221199,-0.8039255173928311,-0.3728932084638017,1.098427091885892,2.7434887641444297,2.3099126282565083,0.0,0.0,0.0,3.276926295638743,1.0,27.551414489746094,-20.198673248291016,1.5499999523162842
12.440115690231323,0.42182533286791013,0.968685644982539,-0.022774138739352284,-0.03821903534051367,0.24427190822336492,0.9353055384306214,-0.11760999278186421,-0.22314164256101707,0.24815166075210282,-0.062959883839795,-0.06295988383979503,0.49602021433292354,-0.36224856879715805,-0.36724017548701055,0.5866753522258609,-0.24042961229956078,-0.9398876976541286,-0.36339286425069095,0.009654131638154095,-0.3101493600198255,1.7035514802126275,0.0,0.0,0.0,3.729709761391968,1.0,27.484622955322266,-20.126049041748047,1.5399999618530273
12.460111856460571,0.38241197898791346,0.9687519786254937,-0.01916706922543379,-0.032208190204244855,0.24518331886624276,0.9323193665863969,-0.07658314125190371,-0.20549825085697343,0.2875518910712555,-0.05302945541739513,-0.053029455417395135,0.497179924029656,-0.281111453278394,-0.3459991076353584,0.6477779629111843,-0.34091921434518185,-0.9409284709807934,-0.49281166519679226,1.0597364051316038,0.11743589650452924,3.000236694984298,0.0,0.0,0.0,3.6035584887024372,1.0,27.42896270751953,-20.053424835205078,1.5399999618530273
12.480144023895264,0.39534821232410305,0.9688068743995223,-0.015553546209554712,-0.026164698340046557,0.2459405128833188,0.9323193665863969,-0.07658314125190371,-0.20549825085697343,0.2875518910712555,-0.04305989035186823,-0.04305989035186824,0.4981423951470956,-0.281111453278394,-0.3459991076353584,0.6477779629111843,-0.34091921434518185,-0.9409284709807934,-0.49281166519679226,1.030141564734927,-0.01742028680251151,2.980838608367228,0.0,0.0,0.0,3.6035584887024372,1.0,27.42896270751953,-20.053424835205078,1.5399999618530273
12.500116348266602,0.40842670851884316,0.9688501554108325,-0.011950869748694708,-0.02012157262213768,0.24653939926078267,0.9323193665863969,-0.07658314125190371,-0.20549825085697343,0.2875518910712555,-0.033102902401182535,-0.03310290240118255,0.4989029944314002,-0.281111453278394,-0.3459991076353584,0.6477779629111843,-0.34091921434518185,-0.9409284709807934,-0.49281166519679226,1.000114018722717,-0.15191705366090646,2.9643696085252804,0.0,0.0,0.0,3.6035584887024372,1.0,27.42896270751953,-20.053424835205078,1.5399999618530273
12.521816730499268,0.42281488690367486,0.9688842815166384,-0.008036537953693884,-0.013540310149535304,0.2470127994431884,0.9323193665863969,-0.07658314125190371,-0.20549825085697343,0.2875518910712555,-0.02226957252614607,-0.022269572526146076,0.49950381994485554,-0.281111453278394,-0.3459991076353584,0.6477779629111843,-0.34091921434518185,-0.9409284709807934,-0.49281166519679226,0.9668683498220647,-0.2980106396172624,2.949731174214595,0.0,0.0,0.0,3.6035584887024372,1.0,27.42896270751953,-20.053424835205078,1.5399999618530273
12.540100812911987,0.5375387464138061,0.9689026420470952,-0.004738478742834487,-0.007986540408352776,0.247267936105084,0.9585256635113791,-0.12110124644764521,-0.22069068154279822,0.13363631085551744,-0.013133390037818955,-0.013133390037818955,0.49982748430444923,-0.3218073832432133,-0.401400945811634,0.3430665734702051,-0.3866252989010344,-0.9146461064457946,-0.3052870174661971,0.3606826633787663,-1.0510896327871646,-0.9279225252132319,0.0,0.0,0.0,3.731536211489789,1.0,27.362173080444336,-19.98080062866211,1.5399999618530273
12.560094118118286,0.5048371173576209,0.9689118635341204,-0.0011321363946718834,-0.0019085300595630336,0.24739619334790391,0.9552010965439617,-0.13453380592970376,-0.2007445595241401,0.17086000715422298,-0.003138227515581057,-0.0031382275155810557,0.4999901514310662,-0.35321065052867284,-0.34429161921132645,0.4160410266250187,-0.12698924938426398,-0.9571586098404655,-0.32969843524123654,-1.090695688145266,-0.6867749584043419,-0.0970926354799142,0.0,0.0,0.0,3.7051689742766594,1.0,27.295381546020508,-19.908174514770508,1.5299999713897705
12.58016061782837,0.12894411543539053,0.9689097271822363,0.002487402177601864,0.004193026531733041,0.24736647293146918,0.9612868044782675,0.007235417119730288,-0.055570592237272794,0.2697910998410872,0.006894783206266069,0.006894783206266071,0.4999524597044589,-0.01617446857950807,-0.1109702715691316,0.5481325675443792,-0.3214455839306096,-0.9419688488571104,-0.25987581302049567,1.6757203712599293,2.6327780395104377,1.508393850797555,0.0,0.0,0.0,3.294122181980385,1.0,27.22859001159668,-19.83555030822754,1.5299999713897705
12.6001136302948,0.5029743343323133,0.9688962844950186,0.006086484145445091,0.01025724621720253,0.24717955721000703,0.9162858068823307,-0.08851825388358733,-0.1973771415554677,0.3370861949513648,0.016868306525204237,0.016868306525204248,0.4997153792259867,-0.31492809165794566,-0.3068226284431045,0.7541263398022322,-0.26649054541473605,-1.0363143513171,-0.22961001078622964,0.28402626599920977,-0.3461050108321633,2.9148612931849676,0.0,0.0,0.0,3.610868016368511,1.0,27.16179847717285,-19.772005081176758,1.5299999713897705
12.620089054107666,0.3285474267286055,0.9688715047103508,0.009689640885555715,0.01632134526449278,0.24683543487223808,0.9478782545444566,-0.07681570720492206,-0.11559882682015951,0.28681539869080364,0.026846303927001016,0.026846303927001013,0.499278755772223,-0.2169579740266857,-0.1759904485543154,0.6068720688840318,-0.2475130404358148,-1.112747061198694,-0.2854265091200827,-0.01782883579084782,1.4667675597581589,2.022725042432091,0.0,0.0,0.0,3.4150280704969695,1.0,27.095006942749023,-19.6903018951416,1.5199999809265137
12.64010763168335,0.36266815143744774,0.968835275701737,0.013300627875106396,0.022387476603728067,0.246333316352833,0.9496424765412456,-0.05363994165699706,-0.14249138596486619,0.2738578615513081,0.03683510782232076,0.03683510782232076,0.4986413288444089,-0.1864774067488962,-0.24365606628574793,0.584421459847952,-0.3884951726410695,-1.0177869840346419,-0.18753977244509928,1.0866257558825283,0.5478166130110838,1.364163374619832,0.0,0.0,0.0,3.443084166291098,1.0,27.095006942749023,-19.6903018951416,1.5199999809265137
12.660114288330078,0.37660841099227294,0.968787626247496,0.016909517238689515,0.02843482463933474,0.2456747121789839,0.9496424765412456,-0.05363994165699706,-0.14249138596486619,0.2738578615513081,0.04680321649206111,0.046803216492061095,0.49780463931747093,-0.1864774067488962,-0.24365606628574793,0.584421459847952,-0.3884951726410695,-1.0177869840346419,-0.18753977244509928,1.049379149096584,0.41403612976126514,1.372614036013246,0.0,0.0,0.0,3.443084166291098,1.0,27.095006942749023,-19.6903018951416,1.5199999809265137
12.680121421813965,0.39058197070411704,0.9687284792620772,0.02051854174271213,0.03446306670594246,0.2448600007035807,0.9496424765412456,-0.05363994165699706,-0.14249138596486619,0.2738578615513081,0.0567528289136671,0.056752828913667085,0.4967686749487089,-0.1864774067488962,-0.24365606628574793,0.584421459847952,-0.3884951726410695,-1.0177869840346419,-0.18753977244509928,1.0115927848352264,0.28081802083435603,1.383945764121489,0.0,0.0,0.0,3.443084166291098,1.0,27.095006942749023,-19.6903018951416,1.5199999809265137
12.7001051902771,0.404562113897722,0.9686578551893604,0.024123384320795194,0.040461002097925525,0.24389122415144623,0.9496424765412456,-0.05363994165699706,-0.14249138596486619,0.2738578615513081,0.06666814658747006,0.06666814658747008,0.4955354258078746,-0.1864774067488962,-0.24365606628574793,0.584421459847952,-0.3884951726410695,-1.0177869840346419,-0.18753977244509928,0.9732931065215358,0.14839641564033412,1.3981201700416495,0.0,0.0,0.0,3.443084166291098,1.0,27.095006942749023,-19.6903018951416,1.5199999809265137
12.720118761062622,0.3451772291063861,0.9685754788608528,0.027733604190718693,0.046440548569833866,0.2427666871640234,0.9831669023212005,-0.056093193702991095,-0.07606663494955782,0.15636579820339336,0.0765715665775112,0.07657156657751116,0.49410200889276473,-0.13568655218137257,-0.13241691421199886,0.32445450563730943,-0.3444763393351097,-1.0791382744823486,-0.1465542700910474,0.2605234521893278,1.5707684256260706,-1.1484368634904438,0.0,0.0,0.0,3.340710170256499,1.0,27.028215408325195,-19.617677688598633,1.5199999809265137
12.740110158920288,0.41487012323236017,0.9684814650264704,0.03133977619836412,0.05238217107767505,0.24149032792475786,0.9613735423375106,-0.03531818861105032,-0.14331504389119476,0.23232377373210433,0.08643339784676357,0.08643339784676356,0.49247260607739707,-0.1397103121636859,-0.2621400382143088,0.4926714208927509,-0.29650931005302456,-1.1859840581570547,-0.04972618329563627,0.8349287981897886,0.6446007715069051,0.0028535080594239703,0.0,0.0,0.0,3.4403609114682796,1.0,26.961423873901367,-19.545053482055664,1.5099999904632568
12.760116815567017,0.1638642338343217,0.968375541181286,0.03494858266843285,0.05829305469917969,0.2400610913604232,0.9629736635562781,-0.004154907654726183,-0.007175187673852202,0.26946795119499034,0.09626817329999128,0.09626817329999128,0.4906449213122284,-0.011870174142127082,-0.011580063424308935,0.5457689740987338,-0.30728361543109484,-1.204226071337398,-0.03859076275781019,0.8241848170316256,3.3469461388450683,0.749665132319278,0.0,0.0,0.0,3.2883092824821016,1.0,26.89463233947754,-19.463350296020508,1.5099999904632568
12.78011178970337,0.32186270605372425,0.9682577354856842,0.03855507124423491,0.0641613201510608,0.23848226170925144,0.9857749818811943,-0.07793157830639676,0.001369273802754006,0.14890426215880487,0.10605870880653274,0.10605870880653273,0.48862209353066627,-0.1538964391008901,0.025911179366441262,0.29784134709010796,-0.1891011435659737,-1.2419800694857455,0.0990193418095861,-1.3283380590989502,3.24293772300188,-2.1132605300135507,0.0,0.0,0.0,3.3256427124475936,1.0,26.82784080505371,-19.39072608947754,1.5099999904632568
12.800110816955566,0.2970967390687519,0.9681278431469594,0.04216196240938965,0.06998774487871254,0.2367542266068287,0.9504841184552246,0.033567935187432056,-0.061472634610024564,0.3027775577643584,0.11580881501150384,0.1158088150115038,0.48640345225505066,0.026843495863548436,-0.13761874121772733,0.6149256516944414,-0.43703760521400825,-1.1194521356150102,0.14604820242998173,2.3115184518813647,1.8607294499389306,0.6789092021027723,0.0,0.0,0.0,3.327686087550175,1.0,26.761051177978516,-19.309022903442383,1.5
12.82009482383728,0.3094930229510051,0.9679858729655069,0.04576567130414494,0.07576300166614401,0.23488043904893888,0.9504841184552246,0.033567935187432056,-0.061472634610024564,0.3027775577643584,0.12550533401286892,0.12550533401286887,0.48399216019923114,0.026843495863548436,-0.13761874121772733,0.6149256516944414,-0.43703760521400825,-1.1194521356150102,0.14604820242998173,2.27558640727791,1.7280377712847237,0.7053617421959384,0.0,0.0,0.0,3.327686087550175,1.0,26.761051177978516,-19.309022903442383,1.5
12.84009599685669,0.3270237785359742,0.9678314643772917,0.04937182703283338,0.08149263137000712,0.23285967939757057,0.9617334507418128,-0.07489712074000889,-0.02000009061156993,0.2627911478810323,0.13515999635112266,0.1351599963511227,0.4813852671056359,-0.1551961433583041,0.0008950884659959,0.5334025774870667,-0.48589436712943207,-1.150370816247988,0.1541578432040269,0.06562605260057097,2.0385651613110847,0.09346304538901629,0.0,0.0,0.0,3.332603033345089,1.0,26.694259643554688,-19.2454776763916,1.5
12.8600435256958,0.332844047685784,0.9676650650744744,0.05296745860367561,0.08715281134964376,0.2307014469771153,0.980344293190686,-0.08425414497599588,0.010511704420013198,0.17808933132842109,0.14473491659995014,0.14473491659995016,0.4785935686120379,-0.1623718818320599,0.05064135013344268,0.3552794280405158,-0.34410641492393557,-1.262948305978357,0.07056033939733505,-1.0307786997274824,2.969024333009662,-1.2009665318817953,0.0,0.0,0.0,3.3388739474116815,1.0,26.62746810913086,-19.163774490356445,1.5
12.880097150802612,0.058408961933164326,0.9674851582020441,0.05658111518726789,0.0927850149465797,0.22838998897564144,0.9691333255370482,0.06774184635613405,0.06585718286541514,0.2277157681206879,0.15430270790024786,0.1543027079002478,0.4755950739175616,0.16277403401501397,0.09694880823343292,0.4694781482143203,-0.3978245807713522,-1.1028845271013572,0.14538414705757002,1.9271398489810514,3.9391769948969655,-0.6532941675709856,0.0,0.0,0.0,3.360687906431874,1.0,26.549545288085938,-19.082073211669922,1.4900000095367432
12.900130033493042,0.3131895131364901,0.9672926655247818,0.06018965576446926,0.09834967090531081,0.22594124633128493,0.9484856390334375,0.018395276820805627,-0.021398759630452,0.31556092822828324,0.16379864990997958,0.16379864990997958,0.47240872376329796,0.02142092979717417,-0.0522262322900828,0.6418009134912104,-0.3393872863492592,-1.1963484277089114,0.07511304952060449,1.2890445074124772,2.209006399425826,1.456359613785352,0.0,0.0,0.0,3.303802074171475,1.0,26.48275375366211,-19.000370025634766,1.4900000095367432
12.920109987258911,0.3487498221111594,0.9670878335315654,0.0637869759635387,0.10383468886350285,0.22336226476571633,0.9431441127742813,0.008698316899643338,-0.018529462148774007,0.33175319268215653,0.17320403339133847,0.17320403339133844,0.4690419627463754,0.004116542739948224,-0.040734559318963665,0.676386369240875,-0.49488097920234375,-1.0911346434291733,0.2074404802313836,1.7162838721339184,1.6631515722284007,1.3319689983312508,0.0,0.0,0.0,3.299008485769119,1.0,26.41596221923828,-18.91866683959961,1.4900000095367432
12.94010877609253,0.28666903581183856,0.9668698299751491,0.06738564778410608,0.10925652560244073,0.2206465906598737,0.9446417019551124,-0.047979080550703025,0.11906205773824885,0.30195080586743156,0.18254904383841114,0.1825490438384111,0.4654845288446028,-0.019380665269739705,0.2567274421340356,0.616261721651692,-0.3826089828526548,-1.1293696997872833,0.10000233113272276,-0.5360712611795597,4.0,1.5355957740318427,0.0,1.0,0.0,3.40857531686025,1.0,26.41596221923828,-18.91866683959961,1.4900000095367432
12.960420846939087,0.29527395905008896,0.9666349926588357,0.07103819875637965,0.11468986996237493,0.21775352812966164,0.9446417019551124,-0.047979080550703025,0.11906205773824885,0.30195080586743156,0.19196569165734412,0.19196569165734412,0.4616808131453131,-0.019380665269739705,0.2567274421340356,0.616261721651692,-0.3826089828526548,-1.1293696997872833,0.10000233113272276,-0.5651518212267741,4.0,1.6027470799708665,0.0,1.0,0.0,3.40857531686025,1.0,26.41596221923828,-18.91866683959961,1.4900000095367432
12.980079650878906,0.34888955330849014,0.9663947160981579,0.07457045601025286,0.11987481604558334,0.2148267401093761,0.979338808613345,-0.04160300990384061,-0.008179159717125543,0.19773160813854843,0.2010041064941876,0.20100410649418765,0.45781803063277576,-0.08482312898880923,0.00043212305117314935,0.3984313773073578,-0.28558444331752336,-1.1532269040391716,0.09740039250473494,-0.613152789146225,1.633212987266869,-0.6880846283597724,0.0,0.0,0.0,3.304738657903914,1.0,26.349170684814453,-18.855121612548828,1.4900000095367432
13.000089883804321,0.3566864115222788,0.9661369136812152,0.0781625302933705,0.12507491009554259,0.21172234115762575,0.9844868304778405,-0.04499554942742445,0.004923471999221076,0.16951944009727204,0.2101242999490907,0.2101242999490908,0.4537045057864254,-0.08706281713510168,0.024952016498514577,0.33995009010189026,-0.26018142996433735,-1.1162659474746142,0.1334243944120611,-0.9645067451933915,1.6419740857243679,-1.3066220295372566,0.0,0.0,0.0,3.316269910419557,1.0,26.27124786376953,-18.764339447021484,1.4800000190734863
13.020624160766602,0.10450485384485919,0.9658583831584361,0.08184463884134321,0.13032665414738842,0.20840825797997745,0.9775241010130264,0.07989675595570134,0.10014645066380551,0.16743305750619195,0.2193958406319602,0.2193958406319602,0.4492944080593431,0.19371720003364123,0.16985194051545013,0.3558159824268832,-0.3828538954310945,-1.0952749055139284,0.21359847300542717,1.493685329196094,3.8266494038361287,-1.7388678842313037,0.0,0.0,0.0,3.4120028502100674,1.0,26.204456329345703,-18.691715240478516,1.4800000190734863
13.040106296539307,0.3154989149675028,0.9655809560682086,0.08533374496701451,0.1352272450888901,0.20514668272720896,0.9626178238638999,0.06750715035226186,-0.010590564720772067,0.26210217429418947,0.2281068666579364,0.22810686665793645,0.4449351159253429,0.12493429130537573,-0.05580583593382863,0.5281810605263908,-0.21942211510501813,-1.009524878413429,0.08515348282998103,1.2908046419912393,1.0597895907667176,0.5707955932380554,0.0,0.0,0.0,3.3292587514269467,1.0,26.137664794921875,-18.619091033935547,1.4800000190734863
13.060081481933594,0.3576760768631343,0.9652831292716934,0.0889061592539847,0.14016605414187358,0.20168701608296458,0.9377025749430234,0.04543234921705443,0.04219505719597771,0.34186160904388097,0.2369484303346198,0.23694843033461982,0.44029017858902986,0.1144354030724068,0.048088207211825856,0.7019521077788057,-0.4326119129451069,-0.9861396471723418,0.27848386270549713,1.7283425194726791,1.7058709737341982,1.651147285114196,0.0,0.0,0.0,3.3335648222144494,1.0,26.070873260498047,-18.546464920043945,1.4700000286102295
13.080114364624023,0.3670159854999347,0.9649707882352379,0.09248315398725876,0.14502910699994484,0.19810300907364126,0.9630204685531815,0.04056081819715196,-0.01713554817100157,0.26580588812828726,0.24572057783580195,0.24572057783580195,0.4354553910885013,0.06917045392015325,-0.054593490678776016,0.5367255982422799,-0.4538763296524135,-0.9581113768269824,0.24975409478891342,1.6559258919388624,0.3774725323180421,0.16599194049140142,0.0,0.0,0.0,3.320809719056918,1.0,26.070873260498047,-18.546464920043945,1.4700000286102295
13.100104808807373,0.38026569472307803,0.9646454479566229,0.09604612975918791,0.14978930529061427,0.19441570079446488,0.9630204685531815,0.04056081819715196,-0.01713554817100157,0.26580588812828726,0.254375849231337,0.25437584923133705,0.43045664976607817,0.06917045392015325,-0.054593490678776016,0.5367255982422799,-0.4538763296524135,-0.9581113768269824,0.24975409478891342,1.6110796923480428,0.2639682586289207,0.23019883858318235,0.0,0.0,0.0,3.320809719056918,1.0,26.070873260498047,-18.546464920043945,1.4700000286102295
13.120126485824585,0.3935081766124155,0.9643059113663681,0.09960745939782244,0.15446167928352758,0.19061493375153543,0.9630204685531815,0.04056081819715196,-0.01713554817100157,0.26580588812828726,0.2629427536353554,0.2629427536353555,0.42527768376750824,0.06917045392015325,-0.054593490678776016,0.5367255982422799,-0.4538763296524135,-0.9581113768269824,0.24975409478891342,1.5657479138065271,0.15207709353160448,0.2965873383025315,0.0,0.0,0.0,3.320809719056918,1.0,26.070873260498047,-18.546464920043945,1.4700000286102295
13.140112400054932,0.27549599085361354,0.9639533326637229,0.10315441816272936,0.1590281472457994,0.18671686277243196,0.9674990391949508,-0.02822433161499807,0.12972098736214516,0.21522421262377503,0.2713892383650358,0.2713892383650358,0.4199379493444784,0.0012688929485929299,0.2662951424150274,0.4379499240262887,-0.17643148681532395,-1.0639921865370991,0.4181284502575105,-1.634336592811612,3.1302509729117194,-0.7787644443578171,0.0,0.0,0.0,3.425555193264409,1.0,26.00408172607422,-18.464763641357422,1.4700000286102295
13.16010570526123,0.2869478006208417,0.9635870177703149,0.10669382214605037,0.16349640357356882,0.1827167576301815,0.960831409726592,0.08347701599835435,0.04527935976435503,0.2603543152362767,0.279730386900953,0.27973038690095287,0.4144284143784584,0.1852240087896124,0.04355823214591967,0.533273421392993,-0.29815535574614005,-1.0246175704918945,0.33496884306711494,1.4369472179603255,1.5787218020905813,-0.009937883698901695,0.0,0.0,0.0,3.363485884212972,1.0,25.93729019165039,-18.383060455322266,1.4700000286102295
13.18036937713623,0.2462191333587649,0.963201929983307,0.11027110843946358,0.16792080703086237,0.17856351051115765,0.9449995753445413,0.027912523440573583,0.18869412108939165,0.2656900869436385,0.2880702246253894,0.2880702246253893,0.40867535487753337,0.16355798114086642,0.34883112804221666,0.5770386420623065,-0.3610264368877989,-0.8998886955222809,0.4164911056827155,0.1161108464659224,3.5745881432541156,0.3998591641211249,0.0,0.0,0.0,3.5587116264010787,1.0,25.870500564575195,-18.310436248779297,1.4700000286102295
13.200115442276001,0.31003216006648693,0.9628133869534762,0.11374640437763608,0.17212907413409215,0.174423964041858,0.9794348374871957,0.021791902686557656,0.05023019545227441,0.19418918496805265,0.2960832719200108,0.2960832719200108,0.4029078009782647,0.062489522815330344,0.09005256667384089,0.3942729790505194,-0.18542416208265355,-1.047583540329081,0.4583508801098966,-0.573531364520103,1.4200501883334744,-1.471533038350769,0.0,0.0,0.0,3.319651530610968,1.0,25.870500564575195,-18.310436248779297,1.4700000286102295
13.220088720321655,0.2231609003843671,0.962407147585724,0.11725003131179984,0.17628018198979772,0.1701476120048016,0.9463310750159418,0.06474342294337687,0.17018986702962433,0.2670228357372942,0.3040710698481178,0.30407106984811794,0.3969140769504415,0.22472371411646394,0.2916531712582445,0.5831745004475656,-0.4673811951879288,-1.0624290743262919,0.5072358816894791,1.2588371695441123,3.7833169634098147,0.06126643246918251,0.0,0.0,0.0,3.545069893143416,1.0,25.803709030151367,-18.246889114379883,1.4600000381469727
13.240112066268921,0.22574916401502337,0.9619866921635122,0.12074961668757177,0.1803331765163046,0.1657741826028647,0.94781983908327,0.15350388296710157,0.11843166278155744,0.253077165712322,0.3119571324218995,0.31195713242189954,0.3907463979758552,0.3626752271888662,0.14733962396536585,0.5489077028452487,-0.4795597946082636,-0.9057955709903961,0.38560822736646827,3.102741327559686,2.3810689070154507,-0.08340207969774882,0.0,0.0,0.0,3.5759807920198226,1.0,25.73691749572754,-18.16518783569336,1.4600000381469727
13.260100841522217,0.23506931789274602,0.9615539690272206,0.12422924613659143,0.18426897257610098,0.16132577226866568,0.94781983908327,0.15350388296710157,0.11843166278155744,0.253077165712322,0.3197048349056614,0.31970483490566143,0.3844331132172979,0.3626752271888662,0.14733962396536585,0.5489077028452487,-0.4795597946082636,-0.9057955709903961,0.38560822736646827,3.0659094523224693,2.2741661724827824,-0.0051077287771148505,0.0,0.0,0.0,3.5759807920198226,1.0,25.73691749572754,-18.16518783569336,1.4600000381469727
13.280126094818115,0.24483395743402056,0.9611076591327405,0.12770012734237532,0.18809982383603938,0.15679030998749774,0.94781983908327,0.15350388296710157,0.11843166278155744,0.253077165712322,0.32733859046308994,0.32733859046308983,0.3779542924662155,0.3626752271888662,0.14733962396536585,0.5489077028452487,-0.4795597946082636,-0.9057955709903961,0.38560822736646827,3.028876711338867,2.1689976545435843,0.07506951073146007,0.0,0.0,0.0,3.5759807920198226,1.0,25.73691749572754,-18.16518783569336,1.4600000381469727
13.300100326538086,0.25493858608664205,0.9606499816551278,0.13114590883003177,0.1918075120134071,0.15219146388143492,0.94781983908327,0.15350388296710157,0.11843166278155744,0.253077165712322,0.334822138139946,0.33482213813994594,0.37134099667474785,0.3626752271888662,0.14733962396536585,0.5489077028452487,-0.4795597946082636,-0.9057955709903961,0.38560822736646827,2.9918116089665467,2.0660693892767075,0.15670940986107085,0.0,0.0,0.0,3.5759807920198226,1.0,25.73691749572754,-18.16518783569336,1.4600000381469727
13.3200843334198,0.3424640485990412,0.960179873231903,0.1345758805908472,0.19540218509681154,0.14751925116050488,0.9375211897270377,0.030542010539725068,0.2026586742931065,0.281159503020531,0.34217567009986055,0.3421756700998605,0.3645762071113684,0.18479700046202926,0.37129152043172114,0.6175260305901109,-0.2361936594138047,-0.9143668214505448,0.547582369744685,-0.4912011722201526,3.218734045065349,0.8689958423855897,0.0,0.0,0.0,3.607578037735883,1.0,25.67012596130371,-18.09256362915039,1.4600000381469727
13.34005069732666,0.2868213138647428,0.959698313281622,0.1379840547852968,0.19887760541145105,0.14278391427336934,0.9662930209839063,-0.002939010803082622,0.19538581023415239,0.16761129130353683,0.34938624480662284,0.3493862448066228,0.35767198931412936,0.06467343592027004,0.38826714567486126,0.3562179550774566,-0.550866863909989,-0.9753306347207188,0.43882442499129987,-0.4108807719773555,3.337123765150583,-0.7467016308801575,0.0,0.0,0.0,3.5758468261702734,1.0,25.625598907470703,-18.029016494750977,1.4600000381469727
13.36008596420288,0.38105947687489794,0.959203535638465,0.14138378666312984,0.2022471208554037,0.1379684898560623,0.9897078931294571,0.009994504216375388,0.06870514129389377,0.12513192926869696,0.3564816975972882,0.3564816975972882,0.3506006264657204,0.03732031321544833,0.13389449043390952,0.2540342983526504,-0.12724039841498147,-0.8997181400371024,0.5172184462808902,-1.7813075664944735,0.587351424817709,-2.245455407137219,0.0,0.0,0.0,3.343005743713399,1.0,25.558807373046875,-17.94731330871582,1.4500000476837158
13.380079984664917,0.2575067875123158,0.9586986414834364,0.1447549548768567,0.20549080675805104,0.1331031411888466,0.9704763265469789,0.14310069946362822,0.08437580701643853,0.1748674143893789,0.363419895317537,0.36341989531753705,0.34340352311441197,0.31442234016812637,0.11396870840188769,0.37463384472766187,-0.41592775054535236,-0.9444161644613766,0.5275041377339642,2.091954010523016,1.2816893819367579,-1.6844236897569873,0.0,0.0,0.0,3.502384809437699,1.0,25.492015838623047,-17.87468910217285,1.4500000476837158
13.400115966796875,0.21163014997711377,0.9581819743504183,0.1481101508902585,0.2086211080894578,0.1281714496006278,0.9790890077466764,0.07048471807699785,0.13991153507777496,0.12977434946635497,0.3702269185263286,0.37022691852632866,0.3360536100066465,0.1813211693666436,0.2585484055771649,0.2871910775524344,-0.3814400682913941,-0.8555691933747305,0.5458699457531347,0.15906367269935062,1.814582917706407,-2.0860017117356997,0.0,0.0,0.0,3.4759021155232044,1.0,25.436355590820312,-17.811141967773438,1.4500000476837158
13.420101642608643,0.22099804215679975,0.9576564032560831,0.15143246351203438,0.211622751247584,0.12319997342411218,0.9790890077466764,0.07048471807699785,0.13991153507777496,0.12977434946635497,0.37686879303419185,0.37686879303419196,0.3285877551537053,0.1813211693666436,0.2585484055771649,0.2871910775524344,-0.3814400682913941,-0.8555691933747305,0.5458699457531347,0.11496804575819874,1.7387034509895403,-1.9849502733959414,0.0,0.0,0.0,3.4759021155232044,1.0,25.436355590820312,-17.811141967773438,1.4500000476837158
13.440104007720947,0.2305958186054383,0.9571207146421539,0.15473157532277243,0.21450527954739612,0.11817597999305705,0.9790890077466764,0.07048471807699785,0.13991153507777496,0.12977434946635497,0.38336549794773417,0.3833654979477343,0.32098425971266215,0.1813211693666436,0.2585484055771649,0.2871910775524344,-0.3814400682913941,-0.8555691933747305,0.5458699457531347,0.07115026371690525,1.665114338212996,-1.8827937192915272,0.0,0.0,0.0,3.4759021155232044,1.0,25.436355590820312,-17.811141967773438,1.4500000476837158
13.460051774978638,0.24034868286028285,0.9565774042244968,0.1579942540579219,0.2172580543724208,0.1131212766110542,0.9790890077466764,0.07048471807699785,0.13991153507777496,0.12977434946635497,0.38969172201894525,0.38969172201894514,0.3132736212800388,0.1813211693666436,0.2585484055771649,0.2871910775524344,-0.3814400682913941,-0.8555691933747305,0.5458699457531347,0.027784321810370605,1.5940959718178631,-1.7799746273803625,0.0,0.0,0.0,3.4759021155232044,1.0,25.436355590820312,-17.811141967773438,1.4500000476837158
13.480112314224243,0.014574945422932733,0.9560224767906568,0.16124615467017947,0.2199030298849168,0.10799703200816117,0.9563790376812408,0.16496763090420785,0.21849682074479254,0.10190169950582349,0.39589733003713984,0.3958973300371397,0.30539368701638886,0.4006598925441507,0.3944609530209288,0.2934052197496738,-0.08862398023848878,-0.8678568358174163,0.6298501447148901,0.40073202459709584,3.470666962273604,-2.657618421053068,0.0,0.0,0.0,3.883887085252839,1.0,25.369564056396484,-17.73851776123047,1.4500000476837158
13.50007939338684,0.17993350252415485,0.9554622641677627,0.16445217411035248,0.22241233686413156,0.10285959650138168,0.9340262809576847,0.21386078608490972,0.226526766908969,0.1747686886409305,0.4019158283923409,0.401915828392341,0.2974284231335303,0.5359769088385213,0.3558759561594784,0.46863432115530596,-0.6380419333320678,-0.8994715073684245,0.599823036512242,3.8782381117278177,3.6369930917912945,-1.1873148922664742,0.0,0.0,0.0,4.094394005795518,1.0,25.30277442932129,-17.674970626831055,1.4500000476837158
13.520111560821533,0.32154806489555166,0.9548930151784133,0.16763616305930165,0.22480576726568394,0.09767196835490125,0.984348131073473,0.1410017368302532,0.07032317947815038,0.07894249483704373,0.4077929266356126,0.4077929266356125,0.28931804123829175,0.29491756100495475,0.11644590538834666,0.17736858640535327,-0.12773542050636877,-0.8889430780264095,0.6364104490716882,0.12108877363717524,0.4838178374490276,-3.3590593610834487,0.0,0.0,0.0,3.4807274528126175,1.0,25.247114181518555,-17.602346420288086,1.440000057220459
13.540092945098877,0.30203712331776106,0.9543187307084565,0.17077796898313197,0.22706905280501566,0.0924677824284206,0.956397875526358,0.11067915115289806,0.16338138538603875,0.21531314892054723,0.41349211280211456,0.41349211280211445,0.28111256224232195,0.296849380151151,0.2680523739249073,0.4831915554516553,-0.42197034426837515,-0.8396568208413681,0.6958004253580928,1.2093801512149638,1.6028886838184535,-0.38697147219539385,0.0,0.0,0.0,3.589468341839873,1.0,25.19145393371582,-17.54787826538086,1.440000057220459
13.560089826583862,0.23510784817264208,0.9537382762370178,0.17388636979975036,0.22920984024504942,0.08723347965744252,0.9716890838757971,0.07141353658676909,0.18836283430363515,0.12344988344217116,0.41903044287917357,0.4190304428791737,0.2727883574137349,0.19898822774413036,0.3558937355099028,0.2886419520302354,-0.48632965868329814,-0.8039569941404656,0.7019275101908294,0.1655330047862431,2.049658864961555,-1.8205079756828693,0.0,0.0,0.0,3.6013377442329313,1.0,25.13579559326172,-17.47525405883789,1.440000057220459
13.580114841461182,0.24544673291553837,0.9531520575472368,0.1769614428703395,0.23122898608605702,0.08196925597033514,0.9716890838757971,0.07141353658676909,0.18836283430363515,0.12344988344217116,0.4244086556657119,0.4244086556657118,0.26434313495156864,0.19898822774413036,0.3558937355099028,0.2886419520302354,-0.48632965868329814,-0.8039569941404656,0.7019275101908294,0.12975237534973472,1.9930997043733587,-1.710950871746995,0.0,0.0,0.0,3.6013377442329313,1.0,25.13579559326172,-17.47525405883789,1.440000057220459
13.600099802017212,0.25586110731099787,0.9525628997900994,0.17999095582817407,0.23311973532919852,0.07669658899574029,0.9716890838757971,0.07141353658676909,0.18836283430363515,0.12344988344217116,0.4296064398341287,0.4296064398341287,0.255809121911329,0.19898822774413036,0.3558937355099028,0.2886419520302354,-0.48632965868329814,-0.8039569941404656,0.7019275101908294,0.09456775054423883,1.9391251315268652,-1.6012251908925073,0.0,0.0,0.0,3.6013377442329313,1.0,25.13579559326172,-17.47525405883789,1.440000057220459
13.620101928710938,0.2663522750108615,0.9519699818464233,0.18298182693994694,0.23488782084037643,0.0714038955092722,0.9716890838757971,0.07141353658676909,0.18836283430363515,0.12344988344217116,0.434636888422647,0.4346368884226471,0.2471654814537813,0.19898822774413036,0.3558937355099028,0.2886419520302354,-0.48632965868329814,-0.8039569941404656,0.7019275101908294,0.05990130091682655,1.8875870166263011,-1.49108997980504,0.0,0.0,0.0,3.6013377442329313,1.0,25.13579559326172,-17.47525405883789,1.440000057220459
13.64008641242981,0.061451096848585886,0.9513752253083474,0.1859270061613138,0.2365303699703305,0.06610380572312502,0.9502542882581014,0.1796291664896425,0.23559958812951529,0.09614044032834575,0.4394892445191577,0.4394892445191578,0.2384307110084186,0.43856128459414356,0.4259870082884944,0.29798546231480616,-0.09403119475053182,-0.8173465990988745,0.6232429730613397,0.40378294602348214,3.1369599994804602,-1.893636270514442,0.0,0.0,0.0,4.008221119800525,1.0,25.09126853942871,-17.420785903930664,1.440000057220459
13.66009259223938,0.30814885104509504,0.9507783804711387,0.18883040423075187,0.23805087084099386,0.06078924706371721,0.9577125650694349,0.1080673612943527,0.19326201527193185,0.1837331804112453,0.44417106475670615,0.4441710647567061,0.22959108265107767,0.29899662697469326,0.33679917978523266,0.43028900680613974,-0.7033521033860239,-0.8190423530663642,0.6448512147173611,1.8912574367278445,1.8289685833511398,-0.034622359332988406,0.0,0.0,0.0,3.6643971404827567,1.0,25.035608291625977,-17.348161697387695,1.440000057220459
13.680094718933105,0.3018372850122537,0.9501811646640602,0.19168632820453094,0.23944758547312842,0.05547034981144281,0.9773878400964473,0.0751270800932313,0.1649443339620251,0.1089141798026817,0.4486742183227488,0.44867421832274884,0.22066138269409608,0.19319972695667775,0.3110562453548863,0.25233708321726994,-0.33055940358154523,-0.7024583492215195,0.7457102984398891,-0.6585190329898034,0.9295095401697568,-1.7248265412576678,0.0,0.0,0.0,3.5480655743206704,1.0,24.979948043823242,-17.29369354248047,1.4299999475479126
13.700092792510986,0.30927710569408107,0.9495845562640405,0.19449288973427226,0.2407210596628544,0.0501503517677568,0.9441575158954156,0.07529891941158728,0.2913507443115314,0.1342065635606612,0.45299701219756705,0.45299701219756694,0.21164523840634203,0.262903821036236,0.5585425138509293,0.3581894117029701,-0.14641333802707304,-0.8255429471293171,0.6389026055802683,-1.30303122339583,3.843324077862758,-0.18300520081504645,0.0,0.0,0.0,4.047123056054198,1.0,24.92428970336914,-17.239225387573242,1.4299999475479126
13.720093727111816,0.22653434145202647,0.9489893522467381,0.19724912788480375,0.24187230116412073,0.0448305788561061,0.9193996578295133,0.22892499275176592,0.2882718336343794,0.1385531190902992,0.45713922769238,0.45713922769237997,0.20254314726698222,0.6019627266598879,0.48548515251700597,0.4525781430996451,-0.679063938156033,-0.7924164536819891,0.7388985209919978,3.8459631221886497,3.852124770254962,-1.120414706688981,0.0,0.0,0.0,4.544258032468405,1.0,24.890893936157227,-17.175678253173828,1.4299999475479126
13.740118503570557,0.23292474442223754,0.9483959598741553,0.19995587544094443,0.24290291365934588,0.03950855232510603,0.9193996578295133,0.22892499275176592,0.2882718336343794,0.1385531190902992,0.46110318643365983,0.46110318643366,0.19334904049600413,0.6019627266598879,0.48548515251700597,0.4525781430996451,-0.679063938156033,-0.7924164536819891,0.7388985209919978,3.827014318208449,3.797885244568938,-1.0133107240751797,0.0,0.0,0.0,4.544258032468405,1.0,24.890893936157227,-17.175678253173828,1.4299999475479126
13.760130882263184,0.2398648082966152,0.9478065045720294,0.20260621700303685,0.24381164984294998,0.03419693149287663,0.9193996578295133,0.22892499275176592,0.2882718336343794,0.1385531190902992,0.46487997063128594,0.46487997063128594,0.18408316844799982,0.6019627266598879,0.48548515251700597,0.4525781430996451,-0.679063938156033,-0.7924164536819891,0.7388985209919978,3.8087230128776524,3.746113425615878,-0.9061543660228817,0.0,0.0,0.0,4.544258032468405,1.0,24.890893936157227,-17.175678253173828,1.4299999475479126
13.781561851501465,0.2478365549378203,0.9471804345423801,0.20538150882927855,0.2446513209105244,0.02852001801984931,0.9193996578295133,0.22892499275176592,0.2882718336343794,0.1385531190902992,0.46871799692347516,0.46871799692347504,0.17407883087855708,0.6019627266598879,0.48548515251700597,0.4525781430996451,-0.679063938156033,-0.7924164536819891,0.7388985209919978,3.7898811702627,3.693381738371385,-0.7913458636265802,0.0,0.0,0.0,4.544258032468405,1.0,24.890893936157227,-17.175678253173828,1.4299999475479126
13.800087213516235,0.36187624413011327,0.9466445552936898,0.207726246727001,0.24526671637983607,0.023624779147719516,0.9387477401080728,0.11376174322120015,0.27418598214594847,0.17502283684114386,0.4718622586919145,0.47186225869191467,0.16536628683672108,0.3594671032296586,0.4949198680900661,0.4603944359292627,-0.13093947285592544,-0.5624068945805675,0.8910864742535262,-0.4934604414787709,2.1625045879533404,-0.11313863143260061,0.0,0.0,0.0,4.014827727787684,1.0,24.835233688354492,-17.1212100982666,1.4299999475479126
13.8200843334198,0.23384425170134723,0.9460726807104806,0.21019884866861227,0.24581698793613538,0.018355796732384654,0.964055544345262,0.16479273824961793,0.18135948244877798,0.102708319834689,0.47507454563943596,0.4750745456394358,0.15589796690619015,0.3834726900852596,0.3213313632610668,0.2751735595568469,-0.3391070429656605,-0.5958478130210934,0.7366461228135415,0.8600480555805312,0.7040663130211913,-1.4048599368113046,0.0,0.0,0.0,3.760377524447026,1.0,24.790706634521484,-17.07581901550293,1.4299999475479126
13.840092420578003,0.18165643499184228,0.9455084062699378,0.2126101504930053,0.2462500905079687,0.013102309149193851,0.9632033876903693,0.12632569492849288,0.2350554737473737,0.032093254805755894,0.4780984690445587,0.47809846904455866,0.1463620644062155,0.2927054320384243,0.46084381547155234,0.13574619247168587,-0.4725346327642319,-0.6790914035428897,0.7981884470777005,0.27970626479540983,2.314161845090494,-2.46091939866389,0.0,0.0,0.0,3.854993369128603,1.0,24.75731086730957,-17.021350860595703,1.4299999475479126
13.86011266708374,0.27206700584906857,0.9449528275484534,0.21495817025140931,0.24656693718902542,0.00786665339086405,0.9273321080950027,0.27441510221112936,0.221022632476365,0.1260972200635342,0.4809326677262374,0.4809326677262372,0.1367617238620684,0.6442843987294683,0.34767921550753716,0.38739284215514785,-0.011115485130392844,-0.5872535910712278,0.7936779515123307,1.83095015017775,1.4542068574125824,-1.3405147307874996,0.0,0.0,0.0,4.388863871151211,1.0,24.70165252685547,-16.957805633544922,1.4299999475479126
13.880093812942505,0.30773514504869304,0.9444084660036548,0.2172350125080964,0.24676810564382484,0.0026647172812351502,0.9312994012220501,0.14249013586878273,0.31361123403563745,0.11843133179269373,0.4835691397750302,0.4835691397750302,0.12712547760868917,0.41900340558870885,0.5828208821802711,0.3803567608015612,-0.2341388029841519,-0.5228651512692704,0.7322187079236214,0.14950408560998274,2.9117481953657744,-0.08225038721832734,0.0,0.0,0.0,4.341561570650764,1.0,24.67938804626465,-16.91241455078125,1.4199999570846558
13.90010666847229,0.30272441536569483,0.943874507713599,0.21944676485345335,0.24685559174494545,-0.0025195055104039743,0.9391739142830935,0.21967738708171836,0.21982531932578916,0.14618834877799355,0.48601627880165355,0.4860162788016535,0.11742306732407158,0.5338320333072623,0.3561621992143706,0.4071869315741411,-0.39567052781152634,-0.6390410212131344,0.9036097062280823,2.340491529457365,1.4164269671321723,-0.9272173575835851,0.0,0.0,0.0,4.104001549121246,1.0,24.67938804626465,-16.91241455078125,1.4199999570846558
13.920109033584595,0.31287999013401036,0.9433532160364698,0.22158663767129108,0.24683030941350895,-0.0076726888385232825,0.9391739142830935,0.21967738708171836,0.21982531932578916,0.14618834877799355,0.48826763824518615,0.48826763824518615,0.10767875111863044,0.5338320333072623,0.3561621992143706,0.4071869315741411,-0.39567052781152634,-0.6390410212131344,0.9036097062280823,2.3205890387458927,1.3857127486178058,-0.8224277421879038,0.0,0.0,0.0,4.104001549121246,1.0,24.67938804626465,-16.91241455078125,1.4199999570846558
13.940172910690308,0.3230397347080836,0.9428438837567706,0.22366003805487458,0.24669308180220154,-0.01281099647465802,0.9391739142830935,0.21967738708171836,0.21982531932578916,0.14618834877799355,0.4903296715163399,0.49032967151634005,0.09786119369125953,0.5338320333072623,0.3561621992143706,0.4071869315741411,-0.39567052781152634,-0.6390410212131344,0.9036097062280823,2.3015949727562286,1.3574135383752395,-0.7176829870885086,0.0,0.0,0.0,4.104001549121246,1.0,24.67938804626465,-16.91241455078125,1.4199999570846558
13.960094451904297,0.2599874337146731,0.9423527066714251,0.2256443426855506,0.24644736502441092,-0.017880243722321117,0.9774335153283574,0.14580062319805,0.15279467117665652,0.004437324410887238,0.49218179355803543,0.4921817935580356,0.08807429869147636,0.30463871844558144,0.30196758149842595,0.05578102384223985,-0.3603189632522791,-0.5007694117650323,0.88971328444352,-0.14534731321286487,-0.007075357310927899,-3.154786180117081,0.0,0.0,0.0,3.630053666646903,1.0,24.623727798461914,-16.86702537536621,1.4199999570846558
13.980087757110596,0.06650350275948212,0.94187542314252,0.22755927813205792,0.24609254264795447,-0.02293300392840293,0.9511138681601885,0.21892034735846438,0.21592210876712165,-0.028877919789557713,0.4938442053885867,0.49384420538858664,0.07821701096382659,0.4621805835869323,0.43716959933881344,0.043732629621710484,-0.04301403869808185,-0.5023450382064675,0.8687094732359828,-0.07582361712709601,1.4265928486833506,-3.6773797041721172,0.0,0.0,0.0,4.069101605966482,1.0,24.59033203125,-16.82163429260254,1.4199999570846558
14.000092267990112,0.27517100793199706,0.9414146591571477,0.22939657933557836,0.2456305109804969,-0.02795176181614944,0.9303536393098857,0.22966679612343155,0.2647400559870686,0.10774029579137487,0.49530998397322035,0.4953099839732201,0.06832290813810743,0.5708321727324649,0.4590704749144818,0.3674906353125836,-0.3618657057803203,-0.42153381617632163,0.7638918187512332,2.1805828442958832,1.47757692195715,-0.4205551162010108,0.0,0.0,0.0,4.368928661279542,1.0,24.55693817138672,-16.776243209838867,1.4199999570846558
14.020081996917725,0.09392377510180361,0.9409720752765275,0.23115190338335878,0.24506344333436464,-0.03292810126837176,0.9510073868741153,0.23228969767639598,0.2035874494216075,-0.013364015200516341,0.4965766924509493,0.4965766924509493,0.058408805110834246,0.4945741363670242,0.4043649257110372,0.07530233770385852,-0.3609754387351437,-0.3984196265668652,0.6860987419786758,1.487495111941422,0.6727428818769368,-2.566922653918798,0.0,0.0,0.0,4.062260692349043,1.0,24.523542404174805,-16.730854034423828,1.4199999570846558
14.040090560913086,0.30607431657542444,0.9405479806877396,0.23282621172377557,0.244391946218491,-0.03786855928219703,0.9430000575384364,0.21564039543189745,0.22688536520977615,0.1130183276911631,0.4976458936948015,0.4976458936948015,0.04846199014384661,0.51776513156316,0.3888917929639904,0.3427735348082,-0.011713781114006644,-0.40358306998553195,0.9116442405509265,0.43640709229026897,0.583438931141103,-0.8039110096623205,0.0,0.0,0.0,4.082494101842009,1.0,24.501277923583984,-16.694541931152344,1.4199999570846558
14.060088872909546,0.35723325493776964,0.9401440287376537,0.23441506794805722,0.243618563842888,-0.042764196461179516,0.9019058721968609,0.27194530802638006,0.31673318579739573,0.11086765152148365,0.4985154780329197,0.4985154780329198,0.038500885205531785,0.7107302305611104,0.5363793494431712,0.4478971964064174,-0.1870185574684251,-0.3414207037740189,0.8702920250985816,2.4441080177528387,2.174387402708528,-0.46522917337211567,0.0,0.0,0.0,5.038757367024714,1.0,24.501277923583984,-16.694541931152344,1.4199999570846558
14.080109357833862,0.3656064388493054,0.9397605827292095,0.23591903779756693,0.24274362979171724,-0.04762126571888511,0.9019058721968609,0.27194530802638006,0.31673318579739573,0.11086765152148365,0.4991863288291582,0.49918632882915814,0.028513314610329254,0.7107302305611104,0.5363793494431712,0.4478971964064174,-0.1870185574684251,-0.3414207037740189,0.8702920250985816,2.4437215688405294,2.1579885883512007,-0.3641811954005778,0.0,0.0,0.0,5.038757367024714,1.0,24.501277923583984,-16.694541931152344,1.4199999570846558
14.100129127502441,0.3741233392358194,0.9393990865019802,0.23733434696267475,0.24176970107399393,-0.05243258217594496,0.9019058721968609,0.27194530802638006,0.31673318579739573,0.11086765152148365,0.49965708929306446,0.49965708929306435,0.01851467307793081,0.7107302305611104,0.5363793494431712,0.4478971964064174,-0.1870185574684251,-0.3414207037740189,0.8702920250985816,2.4445444398363625,2.1439599331246386,-0.26393305432532355,0.0,0.0,0.0,5.038757367024714,1.0,24.501277923583984,-16.694541931152344,1.4199999570846558
14.120115280151367,0.22623959799464574,0.9390610145259272,0.2386570095724716,0.24070038286338602,-0.057188884137399525,0.9717927011215788,0.16046801804695127,0.166912092548139,-0.04482537888418575,0.4999273119755135,0.4999273119755135,0.008525417346829435,0.32107087257424527,0.3456347810669792,-0.035670495658491674,-0.48679508703310087,-0.4378513777340195,0.8702048194817452,0.29758335442341854,0.2384188654700845,-3.1869792398007304,0.0,0.0,0.0,3.669630987200828,1.0,24.479013442993164,-16.65822982788086,1.4199999570846558
14.14011001586914,0.07026500705984332,0.9387465109064539,0.2398881264272974,0.2395353820714533,-0.06189891595208173,0.9411686624456389,0.2584743919161862,0.21092710547536503,-0.053872940606849745,0.4999978345793684,0.4999978345793684,-0.001471535233203298,0.5379268870033949,0.4388354131764102,0.00843035476384916,-0.3221202466799165,-0.3864383458337431,0.9171152997915631,1.6288495916412333,0.935515049221423,-3.7410725825983926,0.0,0.0,0.0,4.199865949003502,1.0,24.44561767578125,-16.63099479675293,1.4199999570846558
14.160091638565063,0.060784013007097445,0.938456770094328,0.24102456122648422,0.23827780632312343,-0.0665562811727207,0.944083977179484,0.22774005696413757,0.2350306956074293,-0.04000603216049764,0.49986862031609725,0.4998686203160972,-0.011461344741409571,0.4821156260232755,0.4802482748324432,0.035540689458036845,0.009141938616218218,-0.23933224274830667,0.7089053083630865,-0.19082792652095187,0.7592648407519085,-2.2821501132842283,0.0,0.0,0.0,4.148673404419597,1.0,24.423355102539062,-16.594682693481445,1.4199999570846558
14.180087804794312,0.27670267338312865,0.9381922145162498,0.2420660729313442,0.23692774665888827,-0.07116619857652899,0.9144417609664441,0.31533020186389465,0.25004873963718827,0.04288073458929848,0.49953952056389456,0.4995395205638945,-0.02145384335718145,0.7243093926428431,0.4447883556504171,0.26464849040129773,-0.3919308163985089,-0.29647463534552365,0.8719349372534371,3.616516634976528,0.8882251836056912,-1.6652285978871946,0.0,0.0,0.0,4.809894388184103,1.0,24.423355102539062,-16.55837059020996,1.4199999570846558
14.200094938278198,0.3734633671813466,0.9379537179315329,0.24301051750433791,0.23548714007040047,-0.0757266020771538,0.9292083328636906,0.20818659447056792,0.288728998625604,0.09932663979056144,0.4990103434402831,0.49901034344028294,-0.03144323678648267,0.5367691939292414,0.518090155719357,0.3584817837592642,-0.10842434397154561,-0.16328855411437426,0.8017529211764908,0.7280294717414484,0.8950570837602319,0.4863582831419264,0.0,0.0,0.0,4.341846223543071,1.0,24.38995933532715,-16.53113555908203,1.4199999570846558
14.220089197158813,0.32501750775261046,0.9377422913921595,0.24385504411280343,0.23395961031720633,-0.08023099859496798,0.9450268512982186,0.17379734174976802,0.27006890247655707,0.061494082977120904,0.4982819596548349,0.49828195965483485,-0.0414136291881969,0.42759005072796596,0.5110228897783402,0.24326693130664725,-0.061090604303702195,-0.16869966627988836,0.8665949768592918,-0.3839859346958865,0.7391454846057044,-0.2927367867628772,0.0,0.0,0.0,4.084049496125798,1.0,24.38995933532715,-16.53113555908203,1.4199999570846558
14.240098714828491,0.33421512339950454,0.93755832398277,0.2445991188941982,0.23234491054206788,-0.08468472537594826,0.9450268512982186,0.17379734174976802,0.27006890247655707,0.061494082977120904,0.49735360026976483,0.4973536002697648,-0.05137505521849158,0.42759005072796596,0.5110228897783402,0.24326693130664725,-0.061090604303702195,-0.16869966627988836,0.8665949768592918,-0.376618436151849,0.7522744585293714,-0.1991535772138957,0.0,0.0,0.0,4.084049496125798,1.0,24.38995933532715,-16.53113555908203,1.4199999570846558
14.260108470916748,0.34329146736651334,0.9374026157767715,0.24524039986093768,0.23064609175495807,-0.0890834584481167,0.9450268512982186,0.17379734174976802,0.27006890247655707,0.061494082977120904,0.49622610207870005,0.49622610207870005,-0.06131603065903316,0.42759005072796596,0.5110228897783402,0.24326693130664725,-0.061090604303702195,-0.16869966627988836,0.8665949768592918,-0.367610350060973,0.7674635450297328,-0.10683785785922595,0.0,0.0,0.0,4.084049496125798,1.0,24.38995933532715,-16.53113555908203,1.4199999570846558
14.280119180679321,0.41117590521484154,0.9372757391939305,0.24577727583543793,0.22886504280703582,-0.0934265036395782,0.9406601240045547,0.14534315353759655,0.29818798513745287,0.07153897082813455,0.4948998584469362,0.49489985844693624,-0.07123292854573982,0.38506712771133494,0.5706648828202683,0.2660581010246116,-0.35305664938909254,-0.2943117500255984,0.9407643520503511,0.3975297856271316,1.8380187723444545,0.13610642941619666,0.0,0.0,0.0,4.149909787188263,1.0,24.378828048706055,-16.503902435302734,1.4199999570846558
14.300097227096558,0.1683029158737866,0.9371783558453212,0.2462075168484315,0.22700691756598007,-0.09770592284801562,0.9605918795814211,0.2027775826854744,0.1591579065791242,-0.10398679539162163,0.4933780988473182,0.4933780988473183,-0.08110518835318727,0.3900460028411402,0.3553771429429963,-0.14474836885664694,-0.2799220959478569,-0.24379362805632504,0.8558602926735468,0.029263752159580436,-0.2870634194918926,-3.6323351485181976,0.0,0.0,0.0,3.722308894310699,1.0,24.367694854736328,-16.476667404174805,1.4199999570846558
14.322439432144165,0.07212415954227692,0.9371046706741916,0.24656162286990513,0.22483667668995716,-0.10242397738512948,0.9468591731295558,0.2349207965114266,0.19234643357915263,-0.10617332582259714,0.4914430451828198,0.49144304518281984,-0.09210718398386161,0.45992789309217447,0.4269918494922102,-0.1219103170202039,0.04645224485462576,-0.24986839751813317,0.7150311525271821,-0.5354995729139398,0.3890099237891075,-3.01828459711507,0.0,0.0,0.0,3.9447209311350653,1.0,24.356563568115234,-16.46759033203125,1.4199999570846558
14.340101480484009,0.0957137219833242,0.9370730904953367,0.24674530548006787,0.2230538903446049,-0.10610249429303534,0.9485868851037956,0.2018002844358811,0.22478039753088644,-0.09451634512893994,0.4897396778920794,0.4897396778920795,-0.1007722575819469,0.3945138545789947,0.48317643726630083,-0.10021290011925668,-0.16484610954495324,-0.20709074939283986,0.7865961876503872,-0.18442000534237313,0.847555350946851,-2.695787145211697,0.0,0.0,0.0,3.9275716162841197,1.0,24.356563568115234,-16.44035530090332,1.4199999570846558
14.360105037689209,0.24797597625627385,0.9370660766240572,0.2468493587994069,0.2209650253521061,-0.11021351855313027,0.9213488594414594,0.22091465237400176,0.31751262023403815,-0.03871345456700047,0.4876260291913121,0.48762602919131204,-0.11054797897344679,0.4996320780168834,0.6462345637834828,0.08647158103599001,-0.106962593159065,-0.09117220477955124,0.8097248616431278,0.5481926721629895,1.9477496498264433,-1.3422712549062554,0.0,0.0,0.0,4.568251724505922,1.0,24.356563568115234,-16.422199249267578,1.4199999570846558
14.380101442337036,0.21709192021163112,0.9370898467587437,0.24684166766830118,0.21880481329183987,-0.11426400957750905,0.9155942762340138,0.21097217160854706,0.3182006700601689,-0.12619904004209265,0.48531812748885816,0.4853181274888581,-0.12027599565461257,0.4077300510379256,0.6892186766448938,-0.12580241672580203,-0.016553785484370434,-0.019628749020754427,0.9459125480035118,-0.3250050795192582,2.176331751035308,-3.4087883622778175,0.0,0.0,0.0,4.518516868835083,1.0,24.356563568115234,-16.422199249267578,1.4199999570846558
14.400103092193604,0.22041563142050052,0.9371446147490362,0.24672092255449185,0.21657393892636712,-0.11825602055988194,0.9155942762340138,0.21097217160854706,0.3182006700601689,-0.12619904004209265,0.4828154931383155,0.4828154931383155,-0.12995845330568218,0.4077300510379256,0.6892186766448938,-0.12580241672580203,-0.016553785484370434,-0.019628749020754427,0.9459125480035118,-0.29152702292346877,2.20038298839019,-3.3271807228443575,0.0,0.0,0.0,4.518516868835083,1.0,24.356563568115234,-16.422199249267578,1.4199999570846558
14.42009687423706,0.22413346308582185,0.9372304742788372,0.24648596402393572,0.21427589363332963,-0.12218653375022553,0.9155942762340138,0.21097217160854706,0.3182006700601689,-0.12619904004209265,0.4801208054104096,0.4801208054104096,-0.13958514323544463,0.4077300510379256,0.6892186766448938,-0.12580241672580203,-0.016553785484370434,-0.019628749020754427,0.9459125480035118,-0.256048148963725,2.2258333330389237,-3.2472211301729748,0.0,0.0,0.0,4.518516868835083,1.0,24.356563568115234,-16.422199249267578,1.4199999570846558
14.440564155578613,0.22832136923570642,0.9373506571050487,0.246125861273277,0.21185505788921866,-0.12614769313775462,0.9155942762340138,0.21097217160854706,0.3182006700601689,-0.12619904004209265,0.4771635163762649,0.4771635163762651,-0.1493819890061657,0.4077300510379256,0.6892186766448938,-0.12580241672580203,-0.016553785484370434,-0.019628749020754427,0.9459125480035118,-0.21762786961315705,2.253305464785257,-3.1670652913196267,0.0,0.0,0.0,4.518516868835083,1.0,24.356563568115234,-16.422199249267578,1.4199999570846558
14.460110902786255,0.25946705540001846,0.9374959279396802,0.245667904534145,0.20948050052567008,-0.12987141978832348,0.9510706991923088,0.23029139633251564,0.20597755005918653,-0.0019096556465692217,0.47415261703443673,0.4741526170344368,-0.1586798530355854,0.49547564322835297,0.4035416617080597,0.09936934346455695,-0.060319183077926254,-0.16598640914441948,0.9084752631418358,0.4132819686499005,-0.047389987028116476,-1.1521585772797538,0.0,0.0,0.0,3.94967001226058,1.0,24.356563568115234,-16.413122177124023,1.4199999570846558
14.480085134506226,0.20865603566659174,0.9376750784565151,0.24508377010627902,0.20699281453621404,-0.13361649449988242,0.9069879512341068,0.2844796082395071,0.29312071379661464,-0.1025887710980952,0.47088873645865625,0.47088873645865603,-0.1681184043356664,0.6000560441213971,0.631161319017421,-0.023932426089887368,-0.08883755485562664,-0.01640784064396386,0.8049218532608142,1.6031909438071965,1.5505048488101871,-2.4607371839386456,0.0,0.0,0.0,4.770510589479527,1.0,24.356563568115234,-16.39496612548828,1.4299999475479126
14.500106811523438,0.11868299668353545,0.9378856545838257,0.2443794182526802,0.20443913186602944,-0.13730928672968437,0.9541321832816626,0.21343068192534737,0.15656437766852102,-0.13988107979393652,0.46742857009507266,0.4674285700950727,-0.17751206116451948,0.3999351018634869,0.3666349383342062,-0.21602053221907108,0.12751617119016276,-0.006673983101590425,0.875539792064306,-1.311987015827036,-0.8401926515574966,-3.6132335751942946,0.0,0.0,0.0,3.6878363247772974,1.0,24.356563568115234,-16.385887145996094,1.4299999475479126
14.520099878311157,0.21257817770367382,0.9381266821623461,0.24355642933448696,0.20183106599275424,-0.1409354985272763,0.923937084311152,0.3240354215048934,0.18929661403195036,-0.07421658683065505,0.4637863782347537,0.46378637823475355,-0.18682129258703442,0.6713450710126863,0.40922008361578216,-0.015767823586172038,0.058865747944465446,-0.11349227951499954,0.7114631790244857,1.5776341587954459,-0.2757742610363665,-2.0199533945507326,0.0,0.0,0.0,4.410564181299443,1.0,24.367694854736328,-16.37681007385254,1.4299999475479126
14.540092706680298,0.040898623593869844,0.9383981463854668,0.2426130414567998,0.19916702862825875,-0.14450026187793344,0.9345724226660996,0.23829437648558444,0.2183190860070843,-0.14875131465770328,0.4599588533405332,0.4599588533405331,-0.1960557401191358,0.44826529826512324,0.4994732412332587,-0.19952398109483085,-0.026210821660642897,0.09104210830019951,0.8292117086071968,0.08077030703324323,0.0436240114570825,-3.297553305773868,0.0,0.0,0.0,3.997625991170514,1.0,24.378828048706055,-16.37681007385254,1.4299999475479126
14.560096502304077,0.04501407379858435,0.9386998608840434,0.24154785240053514,0.19644745813911932,-0.14800541330520897,0.9345724226660996,0.23829437648558444,0.2183190860070843,-0.14875131465770328,0.4559452323136841,0.45594523231368406,-0.2052168246767818,0.44826529826512324,0.4994732412332587,-0.19952398109483085,-0.026210821660642897,0.09104210830019951,0.8292117086071968,0.1255137935674166,0.07590000081472403,-3.2246244120595584,0.0,0.0,0.0,3.997625991170514,1.0,24.378828048706055,-16.37681007385254,1.4299999475479126
14.580089807510376,0.05054400009905453,0.9390310678219825,0.2403613035078269,0.19367723186290034,-0.15144711056685717,0.9345724226660996,0.23829437648558444,0.2183190860070843,-0.14875131465770328,0.4517514180747697,0.45175141807476965,-0.2142910550336502,0.44826529826512324,0.4994732412332587,-0.19952398109483085,-0.026210821660642897,0.09104210830019951,0.8292117086071968,0.1725398660673571,0.10919296216585794,-3.1532577929812295,0.0,0.0,0.0,3.997625991170514,1.0,24.378828048706055,-16.37681007385254,1.4299999475479126
14.600128650665283,0.21600268195426034,0.9393922639366444,0.23904913117017867,0.1908504037876274,-0.15483478522886265,0.9299468839368185,0.19260263858412952,0.284734085823529,-0.13049719168193635,0.447366862078751,0.44736686207875087,-0.2233000015983255,0.3559359252882521,0.6185364153269968,-0.16401567669693584,0.1962800082752004,0.06770426621495987,0.8543581534012705,-1.228965365893222,1.556581161406906,-2.3632882495361813,0.0,0.0,0.0,4.132889190901199,1.0,24.38995933532715,-16.37681007385254,1.4299999475479126
14.620118856430054,0.2025138728643685,0.93978116513882,0.23761699876707207,0.18798220208060393,-0.158152506297493,0.9084473378220451,0.3109584450099792,0.24528340953672328,-0.13365750591363942,0.4428139636047466,0.4428139636047468,-0.23219774683802263,0.6290790688303908,0.5571601493269921,-0.10658713333279105,0.03602332310122311,0.08686836183447419,0.8239500469612895,1.6566529774991685,0.49895125967781595,-2.9379347668110083,0.0,0.0,0.0,4.575194313836007,1.0,24.412221908569336,-16.37681007385254,1.440000057220459
14.640087366104126,0.11160951637545746,0.9401974960899254,0.23606318159709433,0.18507092147744275,-0.1614050701309667,0.945452809866179,0.18646733481043337,0.2097769577096375,-0.1653558144696754,0.4380893475898204,0.4380893475898204,-0.2409932022450549,0.3243131125255088,0.4761213234848055,-0.2669353204013029,0.02912715870747365,0.015178709349266593,0.772907687433187,-1.0087879436331477,0.5631570435563357,-2.848736970981599,0.0,0.0,0.0,3.7188767091724197,1.0,24.423355102539062,-16.37681007385254,1.440000057220459
14.660080671310425,0.21006381433271265,0.9406415135368981,0.23438367750790853,0.18211165892028605,-0.16460005593614932,0.9139817295454432,0.21756610001726054,0.2727853201044758,-0.20710036049195651,0.4331838616356424,0.4331838616356423,-0.2497033079845619,0.3599581640998636,0.6295209846872922,-0.32731665172741714,0.18022224541797666,0.13756185673518279,0.6597478842066855,-0.7686010735872248,1.5072729581799857,-3.040004529668619,0.0,0.0,0.0,4.1358639750635815,1.0,24.44561767578125,-16.37681007385254,1.440000057220459
14.680091857910156,0.07614014913134606,0.9411123612485608,0.23257840509595867,0.17910716293137702,-0.16773620114588314,0.9340618734363058,0.24396286541821655,0.2114117590285038,-0.15269448265757996,0.4281006048128379,0.4281006048128381,-0.2583212576596876,0.45899070674106557,0.4886642521527577,-0.2077274668005638,0.0550653595454025,0.10092456860376368,0.7351164185630126,0.18907010779599046,0.1214433767653404,-2.5715129100595586,0.0,0.0,0.0,3.9476550658468774,1.0,24.479013442993164,-16.37681007385254,1.440000057220459
14.700114965438843,0.2861440872719554,0.9416090986830183,0.23064745124972155,0.176060079885514,-0.1708124901172849,0.9212103730048523,0.2581312962140267,0.2801686620763183,-0.0790265991517629,0.4228427408953827,0.42284274089538265,-0.2668408073591457,0.5460531268213112,0.5907535645681287,-0.001155474645482189,0.11114334379569708,0.1934873501043118,0.6540662971547966,0.8459632254959839,0.7411750737043105,-0.573952305996976,0.0,0.0,0.0,4.40278064729191,1.0,24.479013442993164,-16.37681007385254,1.440000057220459
14.720097541809082,0.3764005984375501,0.9421294466936859,0.22859606359311754,0.17298029395071338,-0.17382106686793036,0.8940925200163545,0.34524109206090053,0.2743630794800703,-0.07830743656648678,0.4174265104810813,0.41742651048108137,-0.27523645897225907,0.7544651166917096,0.5760096979821043,0.05895629421734504,0.2771436156787058,0.12063812666099494,0.7732267562219999,1.9918297025665708,0.7517624160092784,-1.4002112609007218,0.0,0.0,0.0,5.085440398566391,1.0,24.49014663696289,-16.385887145996094,1.4500000476837158
14.74009656906128,0.3727139760738555,0.9426738570436396,0.22641863663402184,0.1698608795688103,-0.17677070408687304,0.9167477342115034,0.30136216572369595,0.25992519290963173,-0.0345446230155879,0.4118389415593456,0.4118389415593456,-0.28352898655213066,0.6639362990506745,0.5205905573239906,0.10778561495975497,0.1917300882765356,0.1664435781218126,0.6292592438149515,1.5650164933545563,0.21131872537590446,0.22600491864490646,0.0,0.0,0.0,4.545729231353351,1.0,24.523542404174805,-16.39496612548828,1.4500000476837158
14.760107517242432,0.2483709649654821,0.9432412054021809,0.2241155174175397,0.16670422277194996,-0.1796606951843093,0.9419296202846066,0.24595979867373377,0.21803233242230202,-0.06880603087930337,0.40608318111466113,0.40608318111466124,-0.29171295825828125,0.504983058551579,0.4607156566831175,-0.024972604576979595,0.10979753396378522,0.2126308827917457,0.7182329432405836,0.532809009672643,-0.45323101936529475,-0.6291529967019693,0.0,0.0,0.0,3.957337025981598,1.0,24.55693817138672,-16.422199249267578,1.4500000476837158
14.780101776123047,0.384437089735033,0.943829561476239,0.22169026243363163,0.1635165748177557,-0.18248703018446844,0.9106918711754647,0.32379091904918217,0.2515952064806046,-0.04999608576877399,0.4001698180050058,0.4001698180050058,-0.29977344238247816,0.7048693348759885,0.5128102840150801,0.08256908548678196,0.26799623726828853,0.28205989238980256,0.6733896315931713,1.7570069421109096,-0.31732396816166986,-0.2569045945928812,0.0,0.0,0.0,4.652134369001197,1.0,24.579200744628906,-16.422199249267578,1.4600000381469727
14.800089359283447,0.31788612746560263,0.9444380142523161,0.21914219575468313,0.16029808851095095,-0.18525133763266996,0.9331430840865776,0.22591791028109698,0.27034201708023853,-0.0715561055158857,0.3940985383856585,0.3940985383856585,-0.3077114590688622,0.4711345060470306,0.5667193636160685,-0.013505698625266804,0.258914310193311,0.22555692805318658,0.5612857669619036,-0.08595021043671347,0.6891641298190231,0.32115357971091374,0.0,0.0,0.0,4.103836359447603,1.0,24.623727798461914,-16.44035530090332,1.4600000381469727
14.820096254348755,0.24481342141223503,0.9450661487924493,0.21646831289695712,0.15704620651720597,-0.18795726359124312,0.9143906821458324,0.33037999014875336,0.17159506345465728,-0.15904048765072681,0.3878637267790504,0.38786372677905034,-0.3155340384951624,0.650113555388758,0.43223075536173644,-0.19670726321316273,0.15629966909335308,0.22129254114267738,0.6640452394609168,1.806204722420057,-1.067230064258583,-2.5197297772689127,0.0,0.0,0.0,4.268170674125802,1.0,24.623727798461914,-16.44035530090332,1.4600000381469727
14.840085744857788,0.4121099260491237,0.9457115377331341,0.2136740340778076,0.1537685121181695,-0.19059994554120718,0.9138582651417865,0.2889717689971829,0.28065998908881407,-0.050875912565280096,0.3814792934905858,0.38147929349058585,-0.32322368204994495,0.6368477668495627,0.5732558730564541,0.08248323973438858,0.28651009325227733,0.1904100740535191,0.5095511534893531,1.327696010784974,0.8522321474860576,0.7938432094967318,0.0,0.0,0.0,4.560146886613581,1.0,24.657123565673828,-16.46759033203125,1.4600000381469727
14.860084772109985,0.10993948712627029,0.9463737120452425,0.21075630353232866,0.1504621874362933,-0.19318309404029976,0.95259564508817,0.1834438493167597,0.10940979373343061,-0.21665499796245527,0.3749392792635767,0.37493927926357673,-0.3307877519880535,0.3209270372448386,0.29206944009643265,-0.39966173155378826,0.27748973141531236,0.2613358265299382,0.5589703894642981,-1.8823861802754163,-1.6366216211986488,-2.7469571520547196,0.0,0.0,0.0,3.373301391184148,1.0,24.690519332885742,-16.476667404174805,1.4700000286102295
14.880152940750122,0.15025993541679578,0.9470533578585707,0.20770645458444578,0.14711877204606774,-0.19571416148154067,0.9209936070569981,0.24233613300205736,0.17252350842472472,-0.2515543946000007,0.36822592306399315,0.36822592306399304,-0.338244984565434,0.41191237923780966,0.45527301382783986,-0.4365434114181081,0.18472767949703783,0.29730205492650985,0.5026057446838693,-0.03959368150485543,-0.5349206636860637,-3.166460790681007,0.0,0.0,0.0,3.719521249084359,1.0,24.723915100097656,-16.503902435302734,1.4700000286102295
14.900081634521484,0.3211661357021845,0.9477419147706038,0.20455768424414275,0.1437746548778512,-0.1981672662635739,0.8938108937223187,0.294608949753323,0.2644280291109165,-0.2106785950424727,0.3614124699599979,0.361412469959998,-0.34551559524486597,0.5439362611850168,0.6395480899891425,-0.27879373374227495,0.4624162948797758,0.21889699218735978,0.43966599736206513,0.5200968391956728,1.2607370150486812,-1.9748917592826283,0.0,0.0,0.0,4.453285322508014,1.0,24.77957534790039,-16.522058486938477,1.4700000286102295
14.920139789581299,0.26943086327932975,0.9484471974004469,0.2012685597231167,0.14038619250916368,-0.20057566543077907,0.9386547713711569,0.30495148132739036,0.10262100434717682,-0.12409973281666709,0.3544098282566085,0.3544098282566085,-0.35269487327592625,0.6038841949677443,0.27166960974946713,-0.17780709109341936,0.2683631938989752,0.16880066762209595,0.39798837583701735,0.9959486473950472,-2.087843415911709,-0.623700183985115,0.0,0.0,0.0,3.837532659697381,1.0,24.8241024017334,-16.549291610717773,1.4800000190734863
14.940114498138428,0.24807165519764982,0.9491602634991936,0.19787465644753563,0.13699069156714003,-0.20291368843394378,0.9239210562379668,0.1840504510168156,0.2568857554032138,-0.21565023067816763,0.3472946189645253,0.3472946189645252,-0.35970327721371353,0.27905340018965163,0.587239820873497,-0.37372956552961734,0.3461160247333192,0.14865900734108628,0.41558327343419704,-1.0953366010467822,1.8570144961305255,-1.4941814617864169,0.0,0.0,0.0,3.802415590323554,1.0,24.8241024017334,-16.549291610717773,1.4800000190734863
14.960105657577515,0.25390890358761414,0.9498830927012538,0.1943607835346832,0.13357265062099974,-0.20519342833084442,0.9239210562379668,0.1840504510168156,0.2568857554032138,-0.21565023067816763,0.34003481713746386,0.3400348171374639,-0.36657376220113186,0.27905340018965163,0.587239820873497,-0.37372956552961734,0.3461160247333192,0.14865900734108628,0.41558327343419704,-1.0012903562904487,1.9003410934578318,-1.4606444719974339,0.0,0.0,0.0,3.802415590323554,1.0,24.8241024017334,-16.549291610717773,1.4800000190734863
14.980067729949951,0.40150020682824045,0.950612471791433,0.19073635074926315,0.13014119873151203,-0.20740983913537178,0.8797603667370546,0.3443899067384818,0.23558313794856484,-0.22785494150807975,0.33264998412251906,0.33264998412251884,-0.37328807650832924,0.6530152239827007,0.608278148952017,-0.2950761766225147,0.5378065811813914,0.1512639579940603,0.487558378264483,1.4245337580661936,1.0246554728436825,-2.6305503186157333,0.0,0.0,0.0,4.662461119026218,1.0,24.868629455566406,-16.576526641845703,1.4800000190734863
