# simulator=gazebo,# scenario=step
t,alpha_err,q_ref0,q_ref1,q_ref2,q_ref3,q_m0,q_m1,q_m2,q_m3,phi_ref,theta_ref,psi_ref,phi,theta,psi,p,q,r,tau_x,tau_y,tau_z,sat_x,sat_y,sat_z,thrust,desat,x,y,z
4.76837158203125e-07,0.2882404071455804,1.0,0.0,0.0,0.0,0.9896326468199946,-0.09151469240166109,-0.06489125491598878,0.08967391180331766,0.0,0.0,0.0,-0.19522884448504974,-0.11225968647760277,0.19173764106023156,0.017916764219782527,0.0979235961903688,0.006205141637216499,-1.901960904912352,-1.6895194830812508,1.768657669517487,0.0,0.0,0.0,1.7770233677077079,1.0,0.0,-0.009078041650354862,2.190000057220459
0.05757761001586914,0.2882404071455804,1.0,0.0,0.0,0.0,0.9896326468199946,-0.09151469240166109,-0.06489125491598878,0.08967391180331766,0.0,0.0,0.0,-0.19522884448504974,-0.11225968647760277,0.19173764106023156,0.017916764219782527,0.0979235961903688,0.006205141637216499,-1.901960904912352,-1.6895194830812508,1.768657669517487,0.0,0.0,0.0,1.7758539307321237,1.0,0.0,-0.009078041650354862,2.190000057220459
0.05793452262878418,0.2882404071455804,1.0,0.0,0.0,0.0,0.9896326468199946,-0.09151469240166109,-0.06489125491598878,0.08967391180331766,0.0,0.0,0.0,-0.19522884448504974,-0.11225968647760277,0.19173764106023156,0.017916764219782527,0.0979235961903688,0.006205141637216499,-1.901960904912352,-1.6895194830812508,1.768657669517487,0.0,0.0,0.0,1.7746844937565394,1.0,0.0,-0.009078041650354862,2.190000057220459
0.06009101867675781,0.118248998835929,1.0,0.0,0.0,0.0,0.9982526558901055,-0.0578630987069439,0.005218869827011246,0.010782402984010392,0.0,0.0,0.0,-0.11567710646043095,0.011667572547788104,0.02092611634345001,-0.06527097212365512,-0.028193441135157357,-0.06021668713096176,-0.8961780856442576,0.21715116108085436,0.4565148082040549,0.0,0.0,0.0,1.740811805383221,1.0,0.0,-0.009078041650354862,2.190000057220459
0.0801537036895752,0.17077226835011997,1.0,0.0,0.0,0.0,0.9963568183257411,-0.019290554175933054,-0.08136610640202922,0.016748785757936133,0.0,0.0,0.0,-0.0417257645026109,-0.16220348953798316,0.03700884952017054,0.045973375741004435,0.0678685358097828,-0.09652231965490841,-0.5697045864826789,-1.8987962712797157,0.7210649937783563,0.0,0.0,0.0,1.7524279665369982,1.0,0.0,-0.009078041650354862,2.190000057220459
0.10009765625,0.20485398877444458,1.0,0.0,0.0,0.0,0.9947589399380795,-0.041322360055536335,-0.07738134918394929,0.05252847581246575,0.0,0.0,0.0,-0.091496993243911,-0.15017420248994265,0.1124004287767111,-0.040745772514292775,-0.04404274738012557,0.03996780396858729,-0.6634641110535555,-1.3714559941584834,0.890698300374966,0.0,0.0,0.0,1.7539545911488457,1.0,0.0,-0.009078041650354862,2.190000057220459
0.12009096145629883,0.2368319238567117,1.0,0.0,0.0,0.0,0.9929970189027061,0.004123916557959577,-0.08145520392825685,-0.08546907929519137,0.0,0.0,0.0,0.022408292778208,-0.16176925651051902,-0.17353698122729347,0.08847223168490417,-0.007720628090655074,-0.04711880041922154,-0.27141059558042513,-1.5982215662025165,-1.5209063842269412,0.0,0.0,0.0,1.7496276926285799,1.0,0.0,-0.009078041650354862,2.190000057220459
0.14011073112487793,0.27485807188286665,1.0,0.0,0.0,0.0,0.9905714835589188,0.08017370485409323,-0.07145003608799268,0.08506001030376212,0.0,0.0,0.0,0.14903046618037696,-0.15582169257139344,0.1596629227078828,-0.0692190427629897,0.0947741313815387,-0.0009424633349563727,1.8803502681338233,-1.8080972472860082,1.7049700594150679,0.0,0.0,0.0,1.767325676349689,1.0,0.0,-0.009078041650354862,2.190000057220459
0.16010093688964844,0.27231868368564927,1.0,0.0,0.0,0.0,0.9907446291382725,-0.0019421168826853521,0.10456179057183672,0.08653403936077643,0.0,0.0,0.0,0.014565623535886798,0.2090433622227218,0.17577068651016606,0.07488873888793077,0.04056549636941939,-0.09291233683047165,-0.3383972932054301,1.9289738259590568,2.1023301345374152,0.0,0.0,0.0,1.7665021330163535,1.0,0.0,-0.009078041650354862,2.190000057220459
0.18015170097351074,0.27259827162322586,1.0,0.0,0.0,0.0,0.9907256439621522,0.104275269925743,-0.03343612634100517,0.08044496213561499,0.0,0.0,0.0,0.20333228425273736,-0.08312459044593344,0.1535555203093825,0.017624210152766565,-0.04049016467146369,0.05595834563017893,2.0150085579037937,-0.5067618681342487,1.385065860191584,0.0,0.0,0.0,1.7730383299739088,1.0,0.0,-0.009078041650354862,2.190000057220459
0.20009827613830566,0.12986144898660032,1.0,0.0,0.0,0.0,0.9978927410146244,-0.004408540336950311,-0.05010872752533286,0.040984846324086194,0.0,0.0,0.0,-0.01297081463429643,-0.0998105428688122,0.08274450669561109,0.05826199385675604,-0.025389656283112627,-0.04723163501665717,-0.3212187821660304,-0.9006159253742068,1.0086234665483524,0.0,0.0,0.0,1.7432511424897845,1.0,0.0,-0.009078041650354862,2.190000057220459
0.22011470794677734,0.24810464010500313,1.0,0.0,0.0,0.0,0.9923153734114515,-0.024455392956798085,-0.08763336714585948,-0.08386015984541809,0.0,0.0,0.0,-0.0343930749012167,-0.17897550957902955,-0.1655322105176261,-0.057073464996427604,-0.05278777515618316,0.06887959417635167,-0.2608139991502513,-1.5415162422924569,-1.9527215736137684,0.0,0.0,0.0,1.7688465286500774,1.0,0.0,0.0,2.190000057220459
0.24012351036071777,0.21179338662481867,1.0,0.0,0.0,0.0,0.9943981830584407,0.08461449847814807,-0.062265374096177356,0.011647461784713771,0.0,0.0,0.0,0.16896949481970885,-0.12613846837629472,0.012728793024997161,0.01285005093156566,0.01898504276137422,0.03895812190622558,1.6408897658366988,-1.3212476529690442,0.0771167480693731,0.0,0.0,0.0,1.7977980063483208,1.0,0.0,0.0,2.180000066757202
0.26010704040527344,0.0465476754964957,1.0,0.0,0.0,0.0,0.9997291764633484,0.011963609710815922,-0.006260887281259622,0.01895381389203599,0.0,0.0,0.0,0.02368761197439007,-0.012972259259629977,0.037759704470404755,0.08160421246495037,-0.03553490387962688,0.006986668674007684,-0.08714465564348303,0.016921869893315067,0.35112960314468905,0.0,0.0,0.0,1.766672830505711,1.0,0.0,0.0,2.180000066757202
0.28009605407714844,0.20482528430098929,1.0,0.0,0.0,0.0,0.9947604073229801,0.08202658467475127,0.020578877293631007,-0.05744459277032577,0.0,0.0,0.0,0.16173792001617296,0.050387390850603744,-0.1112816635861376,-0.001281833513412975,0.04029362248531576,-0.02740161231260943,1.6456590275486773,0.2504030559313571,-1.0392854061560777,0.0,0.0,0.0,1.8011466110299101,1.0,0.0,0.0,2.180000066757202
0.30009031295776367,0.261430967716821,1.0,0.0,0.0,0.0,0.9914688887873989,0.049705799219580266,-0.07376369424459528,0.09527693058664785,0.0,0.0,0.0,0.08565615245414633,-0.15637700356173415,0.18489004412401885,0.040211895758862776,0.09480832141893794,0.04240168698995357,0.8332684013561542,-1.8545071705676572,1.735931863773143,0.0,0.0,0.0,1.8145912923284497,1.0,0.0,0.0,2.180000066757202
0.3200979232788086,0.23577355194996244,1.0,0.0,0.0,0.0,0.9930593975783379,-0.06991498633212205,-0.0944298274800445,-0.005285380744750651,0.0,0.0,0.0,-0.14083710874066485,-0.18941858370841913,0.0027560241786851298,-0.017482217879451187,0.00806299181967196,0.04979528507000859,-1.3283708551246363,-1.9208485168795777,-0.3048887551750474,0.0,0.0,0.0,1.8484607200230163,1.0,0.0,0.0,2.180000066757202
0.34009552001953125,0.19480806556919109,1.0,0.0,0.0,0.0,0.9952599765761267,-0.04283711256757295,-0.04576952832045205,-0.07434857826404113,0.0,0.0,0.0,-0.07891965258796008,-0.0976299372966214,-0.1452708290387818,-0.025627987336536928,0.006693370703360041,0.06599301305671401,-0.7542303020053113,-0.9421640492224812,-1.7509436175076787,0.0,0.0,0.0,1.8239667142644707,1.0,0.0,0.0,2.180000066757202
0.3602161407470703,0.1648475918036387,1.0,0.0,0.0,0.0,0.9966050815873294,0.07659345761726057,0.02388779557328511,-0.018469619032197564,0.0,0.0,0.0,0.15256914795676205,0.05046411703188064,-0.03320289593060242,0.09429114302707167,0.005977670029397392,-0.1405047381426789,1.1547045802369245,0.4538452313481126,0.19262657192676425,0.0,0.0,0.0,1.8460211649938727,1.0,0.0,0.0,2.180000066757202
0.38010406494140625,0.08588610824680597,1.0,0.0,0.0,0.0,0.9990780887395074,-0.022836193999765973,0.002080719694840895,0.03629258119463791,0.0,0.0,0.0,-0.04549571505813771,0.005815204536697163,0.07248790300202948,-0.07399791623791988,-0.036910899198730945,-0.05207061978625696,-0.16073221504363994,0.18925799069174168,0.934134103037786,0.0,0.0,0.0,1.8492664922388309,1.0,0.0,0.0,2.1700000762939453
0.40035033226013184,0.06461563305423236,1.0,0.0,0.0,0.0,0.9994781478902132,0.011726933215687574,-0.015055907920027416,0.02606205218334985,0.0,0.0,0.0,0.022669482484441467,-0.030712185740480808,0.05179134758882722,-0.0031583392232410468,0.020997477208302917,-0.027635418862029387,0.24717202120671566,-0.38510806723376,0.6317827191151145,0.0,0.0,0.0,1.8476475562904835,1.0,0.0,0.0,2.1700000762939453
0.420093297958374,0.14256310147566464,1.0,0.0,0.0,0.0,0.9974605457952538,-0.020586228095686665,0.04659579980921915,0.049774473726659316,0.0,0.0,0.0,-0.03660303413684578,0.09514777991515225,0.09797681654220383,-0.03149826663917299,-0.033378941314244265,-0.03006187566889615,-0.28573149535704134,1.06543176144136,1.1157369772087709,0.0,0.0,0.0,1.8694082040771367,1.0,0.0,0.0,2.1700000762939453
0.440105676651001,0.21447158616063877,1.0,0.0,0.0,0.0,0.9942557501817809,-0.02171588196829983,-0.06108631628680214,-0.08516093977470958,0.0,0.0,0.0,-0.03304378782045542,-0.12549870548928047,-0.16881242320171433,-0.030314249448633798,0.04500477080979132,0.12356422969844524,-0.31306064157146135,-1.4017454089752082,-2.1974757142879726,0.0,0.0,0.0,1.8892511415952746,1.0,0.0,0.0,2.1700000762939453
0.4600651264190674,0.16290711085799126,1.0,0.0,0.0,0.0,0.9966844928734561,-0.07747750649549501,0.011373478375380663,0.022088495704029487,0.0,0.0,0.0,-0.154606443051952,0.02609722440966195,0.04229515158365741,0.010456777680887971,0.016818485994522597,0.012144356164954753,-1.591377240633452,0.16019562352952288,0.39319248942077073,0.0,0.0,0.0,1.9228450873453533,1.0,0.0,0.0,2.1600000858306885
0.48009204864501953,0.1747144562459479,1.0,0.0,0.0,0.0,0.9961867832516457,0.02811307120309069,0.02494850950031206,-0.07873449038370438,0.0,0.0,0.0,0.05218328548453503,0.05416016184674064,-0.1563300363811704,0.05957659757966022,-0.05087923894311497,-0.0406493315599078,0.3239550337431729,0.7024871457787011,-1.4120924814344564,0.0,0.0,0.0,1.9188442117602391,1.0,0.0,0.0,2.1600000858306885
0.5001347064971924,0.24396121907399085,1.0,0.0,0.0,0.0,0.9925695855681936,0.0159639591407387,-0.08884563864780469,0.08159180293878075,0.0,0.0,0.0,0.017475574510534435,-0.17994556119035485,0.16245976651907051,0.001291248474191306,-0.01231211048305729,-0.09162203853455375,0.3141141889180088,-1.7276643310238646,1.9983242129138301,0.0,0.0,0.0,1.9598389266832954,1.0,0.0,0.0,2.1600000858306885
0.5200958251953125,0.1975696347444134,1.0,0.0,0.0,0.0,0.9951247464360287,-0.06310876667058654,-0.021299943509512035,0.07273468915475463,0.0,0.0,0.0,-0.12913028672701188,-0.03321791731878521,0.14807046954293912,-0.05705676026891056,0.016209370610565155,0.05069022670530207,-1.0339482923360885,-0.4908363526325013,1.2519328762738842,0.0,0.0,0.0,1.9720858594749533,1.0,0.0,0.0,2.1500000953674316
0.5400905609130859,0.20489172130430405,1.0,0.0,0.0,0.0,0.9947570107233807,0.07489982640658802,-0.015057329569502469,0.06798369250917446,0.0,0.0,0.0,0.14762106988903703,-0.04015148928697622,0.13350241874789953,0.03974603660734216,-0.008875843062109007,-0.04615426153346705,1.3390123817023916,-0.2656432191416134,1.5442908963173574,0.0,0.0,0.0,1.9928613981652883,1.0,0.0,0.0,2.1500000953674316
0.5601179599761963,0.3105805004731687,1.0,0.0,0.0,0.0,0.9879666802969117,-0.09793938948001124,-0.07584609173574333,0.09261255303572936,0.0,0.0,0.0,-0.21095614116165776,-0.13210994051696695,0.20094161216772072,-0.06396111590701214,0.018185035505144637,0.0061319595441893665,-1.7029433259721762,-1.589661976735445,1.8277232225378297,0.0,0.0,0.0,2.0599803112439936,1.0,0.0,0.0,2.140000104904175
0.5801138877868652,0.15533194954449825,1.0,0.0,0.0,0.0,0.9969855139210398,-0.0483386437844929,0.003127033917024675,-0.060609258431016784,0.0,0.0,0.0,-0.09691656522068323,0.00037567633578505186,-0.12145380158143836,-0.07217536991410195,-0.0707908476690483,-0.054134263397647736,-0.6780713960334502,0.3457040690166867,-0.9956481150297448,0.0,0.0,0.0,2.033672534777045,1.0,0.0,0.0,2.130000114440918
0.6001095771789551,0.2541323502780693,1.0,0.0,0.0,0.0,0.9919379496933195,0.061288256852639306,-0.0864304358773491,0.06951714381524848,0.0,0.0,0.0,0.11162230205048135,-0.18097468695034438,0.12979699485502347,0.05212437038462822,-0.08826539623572516,-0.05760879020303589,1.017267655514273,-1.3755471326040813,1.6207780371171132,0.0,0.0,0.0,2.086636537235608,1.0,0.0,0.0,2.130000114440918
0.620093584060669,0.2150244003861096,1.0,0.0,0.0,0.0,0.9942261282415589,0.03170686001101647,0.07884921865654733,-0.06551245429147771,0.0,0.0,0.0,0.0534380924774775,0.16164532016415145,-0.12726612446807375,-0.0433460251420194,-0.031105025734798716,-0.04650595807581831,0.807521300788407,1.7014044760701414,-1.124225253526281,0.0,0.0,0.0,2.097812594360443,1.0,0.0,0.0,2.119999885559082
0.6400861740112305,0.3024561153333154,1.0,0.0,0.0,0.0,0.9885868137424852,0.06313453298553495,0.08412517302827557,0.10785683892151601,0.0,0.0,0.0,0.1451812317074478,0.15331096236097544,0.22851473114428036,-0.00012647812042310136,-0.0758521129227851,-0.1332176583462774,1.2631965721923915,1.985911912256652,2.69000741181543,0.0,0.0,0.0,2.142883632715265,1.0,0.0,0.0,2.109999895095825
0.6601006984710693,0.27228068111827286,1.0,0.0,0.0,0.0,0.9907472081749252,0.07074696900645504,0.09652238463514748,-0.0640176939161012,0.0,0.0,0.0,0.13084395720368955,0.20168114348982383,-0.1157937195179232,0.03849017169268107,0.07277361062891904,-0.02362656990391729,1.2609786933583766,1.6393532501872734,-1.1858475987063546,0.0,0.0,0.0,2.1738560082849685,1.0,0.0,0.0,2.109999895095825
0.6801142692565918,0.2654115895349008,1.0,0.0,0.0,0.0,0.9912075009866268,-0.06432983883733112,-0.07855756282344994,-0.0848414471013374,0.0,0.0,0.0,-0.11607864136048214,-0.16743053144027994,-0.16102063910456485,-0.0024009811785898894,-0.08884459470883098,0.03759884523053347,-1.2769928520322629,-1.215772877633675,-1.8472243229488818,0.0,0.0,0.0,2.184852440523402,1.0,0.0,0.0,2.0999999046325684
0.7001142501831055,0.2725064312833364,1.0,0.0,0.0,0.0,0.9907318824360617,0.08526392072949457,0.08882501550805338,0.05736303310082308,0.0,0.0,0.0,0.18267952500367984,0.16699667123857745,0.1310015115091739,-0.0863247026408673,-0.05156793183770612,0.09187841367150393,2.0505772251533605,1.9827720375118922,0.7797470073304459,0.0,0.0,0.0,2.235846841096686,1.0,0.0,0.0,2.0899999141693115
0.7201089859008789,0.16414311448587796,1.0,0.0,0.0,0.0,0.9966340197464716,-0.08173523973514536,-0.0003860026405042334,0.006311281279547048,0.0,0.0,0.0,-0.16365466439309453,0.0002623014533702662,0.012643512593708496,0.030769394978052825,0.06127687349852584,0.00019034012402220635,-1.7577823746151184,-0.252827546804188,0.12546426509485215,0.0,0.0,0.0,2.2254872217104245,1.0,0.0,0.0,2.0799999237060547
0.7401041984558105,0.14388031337039034,1.0,0.0,0.0,0.0,0.9974134227614495,-0.037301822834914254,0.017109461080839484,0.0590110536256214,0.0,0.0,0.0,-0.07250870471277021,0.03854239386094725,0.11679228166322397,0.08652627838364027,0.012526464260245798,0.056727783349083544,-1.092141570232846,0.29208336457580647,0.9533099391160939,0.0,0.0,0.0,2.2302312289620656,1.0,0.0,0.0,2.069999933242798
0.7600991725921631,0.059485390728596675,1.0,0.0,0.0,0.0,0.9995577186422122,0.02773529842788335,0.004450889083635914,-0.009762679460967389,0.0,0.0,0.0,0.05538994331000571,0.009439522916865235,-0.01927188121737098,-0.09095930696756221,-0.04183165773765572,0.034041640000113116,0.9185431964279158,0.2563444126233412,-0.33142014921980023,0.0,0.0,0.0,2.25201083749341,1.0,0.0,0.0,2.059999942779541
0.7800629138946533,0.17995733262177074,1.0,0.0,0.0,0.0,0.9959546502263786,0.012794380134844083,0.018451877781042705,0.08700670511960766,0.0,0.0,0.0,0.028717186757803922,0.03453493758515416,0.1747737194686327,0.10250934547813279,0.060735192145005945,-0.06016596748534611,-0.15414977921564949,0.12609678704083033,1.9807979723335376,0.0,0.0,0.0,2.2754038670763785,1.0,0.0,0.0,2.049999952316284
0.8001067638397217,0.21703097847962788,1.0,0.0,0.0,0.0,0.9941179697394618,-0.068326896978537,-0.07026981233184619,0.04607657610133551,0.0,0.0,0.0,-0.14410769942189927,-0.13381543256172346,0.10230511386825757,-0.0050165359761797645,0.08538652900832636,-0.07459797392017106,-1.3464717956660208,-1.7469423626702292,1.2199234177073945,0.0,0.0,0.0,2.3173319846030123,1.0,0.0,0.0,2.049999952316284
0.8201210498809814,0.19846496780704634,1.0,0.0,0.0,0.0,0.9950804959557563,-0.022837728193608492,-0.027282472108167456,-0.09246032368031087,0.0,0.0,0.0,-0.040486086636384144,-0.05855313143401126,-0.18411701100048605,-0.06554243258142863,0.08013950814940893,-0.04253354567840237,-0.19458483354645534,-0.8662074747609848,-1.679072290892608,0.0,0.0,0.0,2.3019562647055247,1.0,0.0,0.0,2.0399999618530273
0.8400924205780029,0.2684322837573716,1.0,0.0,0.0,0.0,0.9910065264805796,0.0009290900699214593,0.09742692145297036,0.09172347704233044,0.0,0.0,0.0,0.020092967297012845,0.1941483864250814,0.18654258376352126,0.0715569323532129,-0.01517781905368773,0.00012773950985514593,-0.2676459280144224,2.0092497052741582,1.8339585828071883,0.0,0.0,0.0,2.3631215612758334,1.0,0.0,0.0,2.0299999713897705
0.8601052761077881,0.14346932490877187,1.0,0.0,0.0,0.0,0.997428172240944,0.022467819730323763,0.03915110852690299,-0.05567251564075226,0.0,0.0,0.0,0.04060402367417261,0.08069004942164044,-0.10987713402471491,-0.010217561915876416,-0.024952435310814633,0.064049314801887,0.4902266422699809,0.8828319117813184,-1.3696475720225934,0.0,0.0,0.0,2.3487454261426497,1.0,0.0,0.0,2.0199999809265137
0.8801083564758301,0.19339922985163552,1.0,0.0,0.0,0.0,0.9953282343408392,-0.017163495072398494,-0.037848624214746114,-0.08714701375203898,0.0,0.0,0.0,-0.027658340480436364,-0.07841544111712767,-0.17358163821753272,0.025711300412626037,0.08805783085972688,0.028833908639158926,-0.446115103098474,-1.1092038077338298,-1.8582759095974153,0.0,0.0,0.0,2.367184331238292,1.0,0.0,0.0,2.009999990463257
0.9001166820526123,0.26799092208172764,1.0,0.0,0.0,0.0,0.991036032434247,-0.09883095892741443,0.018544269546175024,-0.0879552956988539,0.0,0.0,0.0,-0.20053086925717295,0.019371877787770202,-0.1789867829779357,-0.03182156326208055,0.05671106537489612,0.16960020516716576,-1.8493329254999664,0.144041129423916,-2.437506734645741,0.0,0.0,0.0,2.4270383485060147,1.0,0.0,0.0,2.0
0.920196533203125,0.1844439994211432,1.0,0.0,0.0,0.0,0.9957505644169325,0.05934763471754295,-0.06477603564056113,0.0276176922186862,0.0,0.0,0.0,0.11588827396431017,-0.13266847647422433,0.047749642754871334,0.0036782646385794954,-0.0930599327037544,0.13589935122837987,1.172239635796541,-0.9232809819962049,0.008756439460204546,0.0,0.0,0.0,2.4456769948708863,1.0,0.0,0.0,1.9800000190734863
0.9401106834411621,0.24035912323593425,1.0,0.0,0.0,0.0,0.9927871241310966,-0.07990965558010774,0.045036649318218436,0.07720021582070102,0.0,0.0,0.0,-0.15310198052268642,0.10193815118020944,0.1473843735149144,-0.06422391563456128,-0.08846416016580871,0.03651224206364265,-1.3412974490639096,1.2545896270276036,1.3979553481594498,0.0,0.0,0.0,2.466710641148185,1.0,0.0,0.0,1.9700000286102295
0.9600825309753418,0.06822713821049738,1.0,0.0,0.0,0.0,0.9994181886276177,-0.005728043891188738,0.03172422591394178,-0.011137649825420119,0.0,0.0,0.0,-0.012180805412130952,0.06332625973835819,-0.02267316074431877,0.047595733987196714,-0.07706070115718584,-0.04431574506542796,-0.30494381377256163,0.942727322907579,-0.04549001624669055,0.0,0.0,0.0,2.4465553862054112,1.0,0.0,0.0,1.9600000381469727
0.9801015853881836,0.17957669980811464,1.0,0.0,0.0,0.0,0.9959717335081819,0.015216473211857049,-0.06008081457313207,0.06480015984493083,0.0,0.0,0.0,0.022694343735000302,-0.12195170322513571,0.12855576718048375,0.06152275335415269,-0.04952283757951386,-0.037701055917170254,0.058238450820530197,-1.003524941144586,1.4468074205672976,0.0,0.0,0.0,2.475686290744018,1.0,0.0,0.0,1.9500000476837158
1.0001165866851807,1.0314690268598825,0.8775825618903728,0.479425538604203,0.0,0.0,0.994259815680141,-0.005453114019266709,-0.09014710335634785,-0.05736882627041198,1.0,0.0,0.0,-0.0005086546288417825,-0.1808695045776119,-0.11522613263770522,-0.08391364801069108,0.04434622625030496,-0.12379327863940284,-4.0,-1.2095338145347547,-1.3761209876675427,1.0,0.0,0.0,2.5120754671301606,1.0,0.0,0.0,1.940000057220459
1.0201139450073242,1.196406665729437,0.8775825618903728,0.479425538604203,0.0,0.0,0.991796839153251,-0.09184920408009378,-0.08884870516474036,0.0029429825046575443,1.0,0.0,0.0,-0.18668416283453468,-0.17661587915930294,0.022511103445840463,0.02423876232088236,-0.07324974272923329,-0.08436856960546962,-4.0,-1.2946613345133353,-0.46279828561523695,1.0,0.0,0.0,2.568987817814212,1.0,0.0,0.0,1.9299999475479126
1.0400912761688232,1.0143562904248453,0.8775825618903728,0.479425538604203,0.0,0.0,0.9953135905670082,0.0013531729156891726,-0.08309451486199176,-0.049440135067783,1.0,0.0,0.0,0.011062431833854405,-0.1660382567417438,-0.10018477608686642,0.0185834300006424,-0.08372535163140088,0.003625699998465598,-4.0,-0.649487270436156,-1.6790114587089904,1.0,0.0,0.0,2.5459718980037875,1.0,0.0,0.0,1.909999966621399
1.0601162910461426,0.8280420489171789,0.8775825618903728,0.479425538604203,0.0,0.0,0.9914902126486065,0.09468847700143755,-0.08865263273390184,0.011043606952317094,1.0,0.0,0.0,0.1899591925168096,-0.17883963971489045,0.005193343668825541,-0.1528482065562303,0.007325003348806064,0.060421694020201255,-4.0,-1.6911918486790571,-0.8978999623889394,1.0,0.0,0.0,2.6117357542610296,1.0,0.0,0.0,1.899999976158142
1.0801281929016113,1.0510732905648417,0.8775825618903728,0.479425538604203,0.0,0.0,0.9949667440634444,-0.016917373310253187,0.051261985499272945,0.0844226837452019,1.0,0.0,0.0,-0.025150401541930417,0.10505750980251644,0.16797160404882758,-0.2036922143350382,0.027613166226329894,-0.010022238636008693,-4.0,-0.020207986163651964,2.0133725563577305,1.0,0.0,0.0,2.551089522092641,1.0,0.0,0.0,1.8899999856948853
1.1001310348510742,0.9763432017668656,0.8775825618903728,0.479425538604203,0.0,0.0,0.995397971210388,0.02012402927796296,0.08639390543305529,-0.03624907529700121,1.0,0.0,0.0,0.034326381718512794,0.17433330967361255,-0.06980115137269295,-0.5473316221551623,0.004868635870286159,0.03158532405096974,-4.0,1.8444558027153426,0.06581646937739638,1.0,0.0,0.0,2.588797349211265,1.0,0.0,0.0,1.8799999952316284
1.1200995445251465,1.0379371607738335,0.8775825618903728,0.479425538604203,0.0,0.0,0.996019946330512,-0.012011304841092089,-0.08324408086596871,-0.029502848482113184,1.0,0.0,0.0,-0.01928561288113294,-0.16731380127598688,-0.0576069657667043,-0.7114160752703638,0.012509423659416805,0.060746679424698,-4.0,-1.2282203891310846,-1.558997190874297,1.0,0.0,0.0,2.5963050310044844,1.0,0.0,0.0,1.8700000047683716
1.140113115310669,0.8417595777842543,0.8775825618903728,0.479425538604203,0.0,0.0,0.9936909401997849,0.08485989910674743,0.07294102315255077,-0.007531270139824472,1.0,0.0,0.0,0.17019164856932537,0.14676620468643645,-0.002616102332456657,-0.9071321670918071,0.06707977099690501,0.07787600624274169,-4.0,1.0841299801779716,0.2557055343821867,1.0,0.0,0.0,2.6261197110175454,1.0,0.0,0.0,1.8700000047683716
1.1601011753082275,0.7669150025556574,0.8775825618903728,0.479425538604203,0.0,0.0,0.9873529855100935,0.12701214672171404,0.07252501308496877,0.06117286217328588,1.0,0.0,0.0,0.2649153698542702,0.12802563214349702,0.14083544349746668,-1.3481423235815524,-0.0025786708218733523,-0.015774249067413385,-1.845402540861926,0.6966917710645221,1.8321886075643918,0.0,0.0,0.0,2.699407838639436,1.0,0.0,0.0,1.850000023841858
1.1800951957702637,0.9882683328938113,0.8775825618903728,0.479425538604203,0.0,0.0,0.9937650486627849,0.017247310159333267,-0.07448453372479334,-0.08115178731439404,1.0,0.0,0.0,0.046882775052095156,-0.14575650299245535,-0.16638370677442907,-1.6948450151323606,0.07941684276515124,0.1644015090821025,-2.4466280407874006,-0.8468691427709433,-2.796149658569221,0.0,0.0,0.0,2.626483644053491,1.0,0.0,0.0,1.840000033378601
1.200080394744873,1.040653977265354,0.8775825618903728,0.479425538604203,0.0,0.0,0.9967980274494046,-0.014842570772639448,-0.02391354017050302,-0.07484339090627103,1.0,0.0,0.0,-0.026045932686278576,-0.04991640242402423,-0.14923613983824885,-2.041848382911517,-0.047733054973903725,0.13211804914085032,-1.6509267178185318,0.48884676288572515,-2.071392528728693,0.0,0.0,0.0,2.6122491641785057,1.0,0.0,0.0,1.8300000429153442
1.2200865745544434,0.7893190711107315,0.8775825618903728,0.479425538604203,0.0,0.0,0.9856622036122018,0.12124419307438965,0.08457286655769158,-0.08134676550603206,1.0,0.0,0.0,0.23133013728426505,0.18754367073895084,-0.14283417056773115,-2.403996777482406,-0.058561480069010144,-0.07501453752352574,2.2929902444089905,2.498633715607057,-0.3167840653770242,0.0,0.0,0.0,2.7401151933754115,1.0,0.0,0.0,1.8200000524520874
1.2401070594787598,0.9435728717947418,0.8775825618903728,0.479425538604203,0.0,0.0,0.9948245150671138,0.03695499230471176,0.07708845852789814,0.054917049511362066,1.0,0.0,0.0,0.08301940660064296,0.14988058616331895,0.11653029171768535,-2.73032004235054,0.046606311612466644,0.03264249612250855,2.0310157267759976,0.6400317712812167,1.5724784305409036,0.0,0.0,0.0,2.672021700197011,1.0,0.0,0.0,1.809999942779541
1.2601122856140137,0.752552667745807,0.8775825618903728,0.479425538604203,0.0,0.0,0.9883571098110601,0.13072814974378166,0.07385219119186275,0.024621701944743436,1.0,0.0,0.0,0.26782883023791804,0.14000410290138898,0.06870494839573882,-3.0876471819029945,0.06276302603355496,0.03273775150596844,4.0,0.8090903444890151,1.009333050176696,1.0,0.0,0.0,2.771312790353238,1.0,0.0,0.0,1.7999999523162842
1.2800946235656738,0.8012302563801796,0.8775825618903728,0.479425538604203,0.0,0.0,0.9906595281320806,0.10728621393767887,0.045682482594294894,-0.07068577228879867,1.0,0.0,0.0,0.20878421092985286,0.10587648983149239,-0.1313597773562438,-3.2091833334774487,-0.0824225850826968,-0.025865279031404897,4.0,1.8092646315272876,-0.6991639301115105,1.0,0.0,0.0,2.7471081531811903,1.0,0.0,-0.009078041650354862,1.7799999713897705
1.3001058101654053,0.7805271276374093,0.8775825618903728,0.479425538604203,0.0,0.0,0.9876130158564458,0.1211801594481349,-0.06219343497532713,0.07789657574650025,1.0,0.0,0.0,0.2341443820967878,-0.14220391988539763,0.14066880953205907,-3.463986929158528,0.05684495316070612,-0.026168533018948885,4.0,-2.065889448264802,0.8755452409839849,1.0,0.0,0.0,2.791296661989619,1.0,0.0,-0.009078041650354862,1.7699999809265137
1.3200933933258057,0.5374160714678533,0.8775825618903728,0.479425538604203,0.0,0.0,0.9635317448199286,0.24724599083471865,-0.08551335512803977,-0.056244669393352195,1.0,0.0,0.0,0.5128967627032387,-0.13740912825318297,-0.1526991644169525,-3.4169895442166975,0.011135009909519322,0.08267107667712778,4.0,-1.006138006669741,-2.1378168546886713,1.0,0.0,0.0,3.131280747816731,1.0,0.0,-0.018156083300709724,1.7599999904632568
1.341724157333374,0.2613038276105662,0.8775825618903728,0.479425538604203,0.0,0.0,0.9273676876085579,0.3705173114935157,-0.016452790540430896,-0.04934976744227069,1.0,0.0,0.0,0.7598987782494452,0.006054350661838889,-0.10391164688066118,-3.372924670795884,-0.09797551855211409,0.013638508940730619,4.0,0.5763192094741714,-1.0784817019043271,1.0,0.0,0.0,3.748982603979705,1.0,0.0,-0.03631216660141945,1.75
1.3601117134094238,0.3346419695022102,0.8775825618903728,0.479425538604203,0.0,0.0,0.9309295734583946,0.35264477588781645,-0.02849336832742599,-0.09055340557351135,1.0,0.0,0.0,0.7231825033947069,0.010815943263762638,-0.18984308259993163,-3.385515051519213,-0.08680792053892752,0.10772579171322258,4.0,0.7153983234728504,-2.2934739290153745,1.0,0.0,0.0,3.6441237709978886,1.0,0.0,-0.045390207320451736,1.7400000095367432
1.3800938129425049,0.31601978171925876,0.8775825618903728,0.479425538604203,0.0,0.0,0.9248498368927455,0.3669189173782988,-0.057219650602061745,-0.08215350786410248,1.0,0.0,0.0,0.7598412773115536,-0.04556758454524502,-0.19539169763592368,-3.085419726721068,0.03714744523059174,0.07659177551403218,4.0,-0.3651593371195148,-2.296948056222083,1.0,0.0,0.0,3.808987310053621,1.0,0.0,-0.054468248039484024,1.7200000286102295
1.4001421928405762,0.27557200844053303,0.8775825618903728,0.479425538604203,0.0,0.0,0.93283762566989,0.3585134076425875,-0.03545214297957976,0.005024562987698231,1.0,0.0,0.0,0.734404434792113,-0.06980160031818898,-0.016085797583479656,-3.045235651809063,-0.022647836727390888,-0.07834450566015658,4.0,-0.5798303786334638,0.06163414496993669,1.0,0.0,0.0,3.7422957451271386,1.0,0.0,-0.08170237392187119,1.7100000381469727
1.4201173782348633,0.11686343379962365,0.8775825618903728,0.479425538604203,0.0,0.0,0.8794402315489697,0.4724653219749241,0.045628966101334344,0.03576864711935755,1.0,0.0,0.0,0.9884526167900911,0.046473733520991906,0.10634391492793205,-2.7692745219865373,0.08908759213873696,-0.07837748548114687,4.0,0.1015452725905781,1.3788225943934602,1.0,0.0,0.0,5.064395621963561,1.0,0.0,-0.09985845535993576,1.7000000476837158
1.4400849342346191,0.16238913696857474,0.8775825618903728,0.479425538604203,0.0,0.0,0.8990915000239156,0.43318199146292924,0.009532158987408829,-0.06242575431658545,1.0,0.0,0.0,0.8942354840539143,0.07128434746013368,-0.10444920725886753,-2.470160802426181,0.025591557228021825,-0.04145226646309663,4.0,0.663508918898297,-0.838466793037387,1.0,0.0,0.0,4.473158886050039,1.0,0.0,-0.12709258496761322,1.690000057220459
1.4600839614868164,0.18084697310729128,0.8775825618903728,0.479425538604203,0.0,0.0,0.9156489354060647,0.4012240219466758,-0.020324074265894762,0.013901198074558039,1.0,0.0,0.0,0.825749552308681,-0.04839330973596686,0.009159071482308977,-1.992105184964037,0.005310860870652939,-0.09227091000938775,4.0,-0.5112562942116681,0.41819501539870585,1.0,0.0,0.0,4.146467693624862,1.0,0.0,-0.16340474784374237,1.6799999475479126
1.4801077842712402,0.2187894838370693,0.8775825618903728,0.479425538604203,0.0,0.0,0.9069424531100932,0.41321427970659647,-0.059968514135806304,-0.05579536813704734,1.0,0.0,0.0,0.8597880456661092,-0.0627061829847287,-0.1516434909853135,-1.8108316342927742,-0.01849980109542769,-0.0260592963615238,4.0,-0.44355275256501375,-1.4500724005574883,1.0,0.0,0.0,4.360585784441306,1.0,0.0,-0.19063887000083923,1.659999966621399
1.500093698501587,0.22351563792144333,0.8775825618903728,0.479425538604203,0.0,0.0,0.9028215292131687,0.4202136625877271,-0.07589695846369365,-0.050728846426505894,1.0,0.0,0.0,0.8786765173912937,-0.09454971809138009,-0.15672197753422198,-1.5037898290962683,0.007272104104667346,-0.0424001359703281,4.0,-0.8747912709678292,-1.4485132800905571,1.0,0.0,0.0,4.512258772635874,1.0,0.0,-0.22695103287696838,1.649999976158142
1.5200979709625244,0.1918492695892711,0.8775825618903728,0.479425538604203,0.0,0.0,0.8594393443168621,0.5030474140136317,0.09076173647041792,-0.008343853262991504,1.0,0.0,0.0,1.0655798952300974,0.16515286932223394,0.07811405637417834,-1.3289384965669953,0.09670044738824368,0.08626941525375337,4.0,1.2862216816064729,0.3787438243731749,1.0,0.0,0.0,6.074050411534472,1.0,0.0,-0.272341251373291,1.6399999856948853
1.5401124954223633,0.23979156752245284,0.8775825618903728,0.479425538604203,0.0,0.0,0.8411291247234374,0.5311791587164514,0.09079109960327006,0.045907222962145486,1.0,0.0,0.0,1.135702575178226,0.10415235651870383,0.17552671035195513,-1.0263069395634095,0.06649943983642365,-0.07703059029741662,4.0,0.8873540544989436,1.9844213644728217,1.0,0.0,0.0,7.010874668737521,1.0,0.0,-0.31773144006729126,1.6299999952316284
1.560117483139038,0.2867364529117559,0.8775825618903728,0.479425538604203,0.0,0.0,0.9200029029342379,0.38037577920501003,-0.02741424404672441,-0.09031823963133491,1.0,0.0,0.0,0.782371380267956,0.01826838945657393,-0.18818141916710152,-1.0400592484030096,-0.03144502561091938,-0.056755347994136535,2.0150022643940817,0.5106322656081556,-1.6210746247959218,0.0,0.0,0.0,4.147726278839301,1.0,0.0,-0.31773144006729126,1.6299999952316284
1.580101490020752,0.26322775836598317,0.8775825618903728,0.479425538604203,0.0,0.0,0.8362226241004909,0.5370948669704755,-0.09538979188320781,0.05622823508642868,1.0,0.0,0.0,1.1428296829733229,-0.2217468103678959,-0.008639741623895168,-0.8738009799130126,-0.05094965980353991,-0.06907987677986499,4.0,-2.0095947573884363,0.34857183205490977,1.0,0.0,0.0,7.405195810894207,1.0,0.0,-0.38127774000167847,1.6100000143051147
1.6001014709472656,0.2497385785129003,0.8775825618903728,0.479425538604203,0.0,0.0,0.8813824975756138,0.4562294396945352,-0.08889576861242096,-0.08436310595390875,1.0,0.0,0.0,0.9646337309324693,-0.07980918119657011,-0.23265309770782636,-0.5998718070151989,0.06442303906487243,0.0779471029853267,1.9559216656694598,-1.0090431332560104,-2.644878259915401,0.0,0.0,0.0,5.3669785745106395,1.0,0.0,-0.4357459843158722,1.600000023841858
1.6201329231262207,0.164557323668473,0.8775825618903728,0.479425538604203,0.0,0.0,0.9105716139312539,0.4119831640345192,-0.025846736996043732,0.021474511435556457,1.0,0.0,0.0,0.849191269257808,-0.0648102459965739,0.01784974057228747,-0.41318341584559165,0.05826126627544029,0.12165482994918322,0.15269274543087152,-0.8926065627167312,-0.357537900687327,0.0,0.0,0.0,4.724206279661475,1.0,0.0,-0.5083703398704529,1.5800000429153442
1.6401021480560303,0.17998275733173408,0.8775825618903728,0.479425538604203,0.0,0.0,0.886468168902247,0.4547202507884343,-0.049809354594243044,0.07016200710431328,1.0,0.0,0.0,0.941787098464644,-0.15270983364837867,0.08011108553348648,-0.47423422856002806,0.08206826435743184,-0.0034996551325297276,1.3781185802182245,-1.8752586385589103,0.7678601662921404,0.0,0.0,0.0,5.455620038199851,1.0,0.0,-0.5628385543823242,1.5700000524520874
1.6600861549377441,0.2655111222557611,0.8775825618903728,0.479425538604203,0.0,0.0,0.8806803450987147,0.45540169182393564,-0.0972512597152928,0.08691157186758515,1.0,0.0,0.0,0.9459827549531482,-0.2531490690968163,0.0666788265908853,-0.21520486115688328,0.02651572992059885,-0.04322306350502354,0.40945813688698773,-2.6463356557137465,0.765839100590757,0.0,0.0,0.0,5.731950821615893,1.0,0.0,-0.6445409655570984,1.5499999523162842
1.680098056793213,0.38011260549023684,0.8775825618903728,0.479425538604203,0.0,0.0,0.7846049807669456,0.6120615769603833,-0.09872340436042693,-0.005416603729020219,1.0,0.0,0.0,1.3347565674155426,-0.14883605819982257,-0.13117125237130595,-0.31804521003816344,-0.0769286340645772,0.0532010370677824,4.0,-1.3731070628811235,-1.2544849139830638,1.0,0.0,0.0,7.8,1.0,0.0,-0.7262433171272278,1.5299999713897705
1.70009183883667,0.18681305796102574,0.8775825618903728,0.479425538604203,0.0,0.0,0.8855284042471869,0.45578818350125555,-0.009554258306529461,-0.08947230409612043,1.0,0.0,0.0,0.9452301979784167,0.064684802457582,-0.16831389512270217,-0.22496638474393021,-0.03146893482347988,-0.04655098597227883,0.4088021309929839,0.8160888812906211,-1.4757938417404732,0.0,0.0,0.0,5.816858944563132,1.0,0.0,-0.7988676428794861,1.5099999904632568
1.7201156616210938,0.24265773844179953,0.8775825618903728,0.479425538604203,0.0,0.0,0.9020395468753083,0.41932372136056467,-0.09591866112707183,-0.035942774307304054,1.0,0.0,0.0,0.880887882051588,-0.14339242171569755,-0.14732444360180452,-0.12228808813748233,0.005331076500821541,0.06194059535292373,-0.8002398464496057,-1.3602175146789193,-1.798334536033531,0.0,0.0,0.0,5.525047380642687,1.0,0.0,-0.8805699944496155,1.4900000095367432
1.7401511669158936,0.19945459286002734,0.8775825618903728,0.479425538604203,0.0,0.0,0.8760643197473779,0.4718409114435171,-0.06272651621543118,0.07708985742100084,1.0,0.0,0.0,0.9809658564591983,-0.18368439889319393,0.07725258811033942,-0.08795290688779184,-0.03786694324212421,0.030892844214794102,0.23324657800074533,-1.6886630913071163,0.6280290381395658,0.0,0.0,0.0,6.538772965393627,1.0,0.0,-0.9895065426826477,1.4600000381469727
1.7601187229156494,0.16154508861053374,0.8775825618903728,0.479425538604203,0.0,0.0,0.8999245537600575,0.43172830637037835,-0.058307527046102106,0.018619863267328767,1.0,0.0,0.0,0.8956445615841023,-0.1213195814915898,-0.0169585309548599,0.05871306329722226,0.0792757534253648,0.016864375096758838,-1.2862438680779746,-1.519033152467183,-0.29973050539835155,0.0,0.0,0.0,5.900746693776457,1.0,0.0,-1.080286979675293,1.440000057220459
1.7800991535186768,0.24655100296962448,0.8775825618903728,0.479425538604203,0.0,0.0,0.8438416057369403,0.5253589863210324,0.06377891608529904,-0.08866526818334039,1.0,0.0,0.0,1.1051441049086956,0.20217529883278265,-0.08444344492193372,0.039229959599413916,0.07688008153694356,0.11767475904263566,0.9728135376157997,1.6620728443924637,-1.415376076315464,0.0,0.0,0.0,7.8,1.0,0.0,-1.1710673570632935,1.409999966621399
1.800107479095459,0.21349432478447847,0.8775825618903728,0.479425538604203,0.0,0.0,0.8332472186237458,0.548708151372131,0.06332295384149114,0.02467064633037199,1.0,0.0,0.0,1.1690520243667057,0.07853408378637668,0.11117598260326801,0.00502451285725769,0.1019557251151749,0.03413808456196407,1.6210361212138045,0.4670447426198848,0.9036310669834468,0.0,0.0,0.0,7.8,1.0,0.0,-1.2890819311141968,1.3899999856948853
1.8200786113739014,0.05394528629717976,0.8775825618903728,0.479425538604203,0.0,0.0,0.8814509398670356,0.4715858211956539,0.007964450443646754,0.02424090311583149,1.0,0.0,0.0,0.9823030824888086,-0.008822902213958352,0.05026930231289794,0.03058188077491719,-0.04136335934154767,0.056197993819033815,-0.2970194927572154,0.07280853320268306,0.27704312077505566,0.0,0.0,0.0,7.100032492994215,1.0,0.0,-1.3889403343200684,1.3600000143051147
1.840113639831543,0.23215312776999794,0.8775825618903728,0.479425538604203,0.0,0.0,0.8893168507409173,0.4439098445702138,-0.08891492660662507,-0.06444939649402587,1.0,0.0,0.0,0.9358865171716347,-0.10109978013533281,-0.19581476009863702,0.06703719172219966,-0.022293565435422033,-0.05643244896647065,-1.0040221970882484,-0.8534557873557584,-1.7580252654511181,0.0,0.0,0.0,6.85160833629526,1.0,0.0,-1.5069549083709717,1.3300000429153442
1.8600950241088867,0.13430061118919495,0.8775825618903728,0.479425538604203,0.0,0.0,0.8602317837881673,0.5064850182207251,0.0588957609556641,0.002343889936147378,1.0,0.0,0.0,1.0674312917967532,0.0991159263015885,0.06405014369580297,0.09300982368051272,0.047078930405679065,0.011947250362289968,0.269267376920742,0.8229277201550489,0.5580727756033788,0.0,0.0,0.0,7.8,1.0,0.0,-1.6158913373947144,1.2999999523162842
1.880152702331543,0.3029974328677911,0.8775825618903728,0.479425538604203,0.0,0.0,0.8089419911708612,0.581180172314856,0.03647156620219036,0.08069874278671417,1.0,0.0,0.0,1.2429615973920627,-0.034801280089072954,0.17393478495099782,0.13947307970936323,0.010048218501088765,-0.017724852053852283,1.8862303756288077,-0.17383742843095384,1.8370036023418257,0.0,0.0,0.0,7.8,1.0,0.0,-1.7339059114456177,1.2599999904632568
1.9001224040985107,0.2616300521114561,0.8775825618903728,0.479425538604203,0.0,0.0,0.8454399612862293,0.5204406564735022,-0.07419260338839123,-0.09417139986334495,1.0,0.0,0.0,1.1068929839000357,-0.02743297387482584,-0.23881068019612017,0.25478410133860496,0.038715550396167864,0.10867265701154344,0.00894631110070887,-0.5541014186707675,-2.7989507718222626,0.0,0.0,0.0,7.8,1.0,0.0,-1.860998511314392,1.2300000190734863
1.920133113861084,0.3587954003128855,0.8775825618903728,0.479425538604203,0.0,0.0,0.8010836409767879,0.5859811112579211,0.08736960540040369,0.08519207392992932,1.0,0.0,0.0,1.267963086250202,0.040149616845093335,0.24141671948556823,0.1473786633783458,-0.06782691420891092,0.01757570893574685,2.0142223223822455,0.9879233810350789,2.262703136635145,0.0,0.0,0.0,7.8,1.0,0.0,-1.9971691370010376,1.190000057220459
1.940112829208374,0.12420917861116995,0.8775825618903728,0.479425538604203,0.0,0.0,0.8945419846545367,0.44436031457175645,-0.018817922619103877,-0.04454698993550344,1.0,0.0,0.0,0.9217961066410486,0.005923019860391525,-0.09657391945301133,0.25857225614695434,0.08570479277493623,-0.017617589103410228,-1.812357215243417,-0.24596549306980944,-0.891838728369956,0.0,0.0,0.0,7.577371500419716,1.0,0.0,-2.1242616176605225,1.149999976158142
1.9601428508758545,0.16177543359999505,0.8775825618903728,0.479425538604203,0.0,0.0,0.8431202732663717,0.5356884476536088,0.04506302105197055,0.012466595019311705,1.0,0.0,0.0,1.1342143039982904,0.06267168968154399,0.0694934001173056,0.19944497363700975,-0.07490996568406826,0.11306503216298522,0.5201690884135164,0.9710342113285555,0.19863646202947605,0.0,0.0,0.0,7.8,1.0,0.0,-2.1242616176605225,1.149999976158142
1.980100154876709,0.21181652327969708,0.8775825618903728,0.479425538604203,0.0,0.0,0.8971007302716147,0.4320107845947128,-0.07808112037565208,-0.04980261419724015,1.0,0.0,0.0,0.9052925283591691,-0.09721578459126108,-0.15822301608866066,0.3419511066518697,0.004673390989547707,-0.0034153170501948216,-2.3871618202833726,-0.911613254340714,-1.6091385107385903,0.0,0.0,0.0,7.6427205597639025,1.0,0.0,-2.260432243347168,1.1100000143051147
2.0001235008239746,0.2104668505557408,0.8775825618903728,0.479425538604203,0.0,0.0,0.8370139046378272,0.542147306126776,0.07398386424843972,-0.0032264118284057045,1.0,0.0,0.0,1.1543655586666768,0.12769618671024235,0.07550510959255027,0.228946786096778,-0.00668337668428183,0.05653953318593913,0.5740764512629464,1.3562089738228804,0.426608091401099,0.0,0.0,0.0,7.8,1.0,0.0,-2.4056808948516846,1.0700000524520874
2.0201385021209717,0.17713174969562767,0.8775825618903728,0.479425538604203,0.0,0.0,0.8804469932083544,0.4660070437686354,0.005811105200261668,-0.0872740417577669,1.0,0.0,0.0,0.9667300314529134,0.09170184619895068,-0.14944555400966428,0.21424815034574496,-0.07268924297690567,0.06638929823559908,-1.1199749734215447,1.2295795532064866,-1.7416408911781427,0.0,0.0,0.0,7.8,1.0,0.0,-2.5600075721740723,1.0299999713897705
2.0401508808135986,0.17205537916830532,0.8775825618903728,0.479425538604203,0.0,0.0,0.8652110385063659,0.4943578534191378,0.0753197293393007,-0.036702996905052965,1.0,0.0,0.0,1.0391402224995965,0.16740455597559642,0.011113712466538358,0.34871640630136136,0.08148181801198859,-0.04959708593721027,-1.0141543581659258,1.3479854298333733,0.2763941788093657,0.0,0.0,0.0,7.8,1.0,0.0,-2.6961781978607178,0.9800000190734863
2.0601816177368164,0.1643914038207097,0.8775825618903728,0.479425538604203,0.0,0.0,0.8831060076965281,0.4622728333261563,-0.072716653348728,0.033762332038353056,1.0,0.0,0.0,0.9651002063452894,-0.16033391188131077,-0.0076972297013286825,0.2933195650378529,-0.06263167924124549,0.0427765506354231,-1.5272981805879295,-1.3495011062328626,-0.2757659395736475,0.0,0.0,0.0,7.8,1.0,0.0,-2.8595831394195557,0.9399999976158142
2.080101728439331,0.21207571176595394,0.8775825618903728,0.479425538604203,0.0,0.0,0.8881402441939572,0.448384252189072,-0.07920620678443158,0.062328531498554864,1.0,0.0,0.0,0.9310330126992873,-0.19787547049687113,0.040484154584788684,0.3825637316632436,0.03358253456382099,0.11448901882582707,-2.176313210280405,-2.1221676512873593,-0.1234569952444165,0.0,0.0,0.0,7.8,1.0,0.0,-3.0048317909240723,0.8899999856948853
2.10011625289917,0.1656147463161845,0.8775825618903728,0.479425538604203,0.0,0.0,0.8854328176482494,0.45790849671900535,-0.019197091745585048,-0.07720107338978004,1.0,0.0,0.0,0.9517071399016751,0.03671483276646137,-0.15501791705468576,0.22970199557197543,-0.0860981984094062,-0.03964169734978465,-1.3717398590242018,0.7476954583532817,-1.3805110469178867,0.0,0.0,0.0,7.8,1.0,0.0,-3.168236494064331,0.8399999737739563
2.1201000213623047,0.16979395531753816,0.8775825618903728,0.479425538604203,0.0,0.0,0.8855718841225423,0.4572888907933812,0.026560808368375204,0.07709625067036661,1.0,0.0,0.0,0.9514258826199045,-0.02346966223918352,0.161587042295535,0.29318300550121057,0.05603354553947862,-0.033168969649781645,-1.6378724462393692,-0.49718636712205844,1.7405209792634069,0.0,0.0,0.0,7.8,1.0,0.0,-3.340719223022461,0.7900000214576721
2.1401169300079346,0.09397091345463308,0.8775825618903728,0.479425538604203,0.0,0.0,0.8604886305403533,0.5084138202652384,0.02644405685351604,-0.019375653052764143,1.0,0.0,0.0,1.0671074644313647,0.06525762748310372,-0.0064698266037764626,0.38850608860279745,-0.01147960913019426,0.03564811904180594,-0.8813267998264396,0.6958389577390349,-0.2291080570565575,0.0,0.0,0.0,7.8,1.0,0.0,-3.4950459003448486,0.7400000095367432
2.160104990005493,0.12233439435157127,0.8775825618903728,0.479425538604203,0.0,0.0,0.8903304778237969,0.4521898628028085,0.04320363986336644,-0.03113540972884917,1.0,0.0,0.0,0.9390118286284733,0.105283665615949,-0.016460999712541887,0.2621854797771257,0.049628461204397595,-0.06681195215856542,-1.6490065312498319,0.8583235858463739,0.1350285221503933,0.0,0.0,0.0,7.8,1.0,0.0,-3.6675286293029785,0.6800000071525574
2.180115222930908,0.22332584041422995,0.8775825618903728,0.479425538604203,0.0,0.0,0.8997047970999639,0.4259408687356775,0.049707413560823546,0.08145445017371881,1.0,0.0,0.0,0.8862336652441288,0.02005578281945099,0.19009558332164278,0.34649593082604446,0.09227713868433068,0.11236980049420706,-2.5368472860155484,-0.2776882409091743,1.4568009696200432,0.0,0.0,0.0,7.8,1.0,0.0,-3.6675286293029785,0.6800000071525574
2.2001209259033203,0.21989087057984608,0.8775825618903728,0.479425538604203,0.0,0.0,0.9114315433770955,0.4048713346367522,-0.04356103415138862,-0.058942178703896515,1.0,0.0,0.0,0.8383388400745387,-0.03168310447716195,-0.14327812488247912,0.38523581963553133,0.09659267255519968,0.05847057271204212,-3.174053988500698,-0.5857710537717762,-1.6861002998591932,0.0,0.0,0.0,7.8,1.0,-0.011131884530186653,-3.8400115966796875,0.6299999952316284
2.2201128005981445,0.1478335322809426,0.8775825618903728,0.479425538604203,0.0,0.0,0.8934156843748203,0.44474763471715045,0.054842080430503114,0.03162755982724137,1.0,0.0,0.0,0.9274834981663902,0.06991793671555571,0.10574977037989418,0.4287020944228974,0.10274889496725256,0.0327100394031266,-2.4752789178731955,0.24831229090472873,0.9501296209495034,0.0,0.0,0.0,7.8,1.0,-0.011131884530186653,-4.012494087219238,0.5699999928474426
2.2401235103607178,0.17650848226489527,0.8775825618903728,0.479425538604203,0.0,0.0,0.8564231691176518,0.5100397518093833,-0.077754652512606,0.01878885268833887,1.0,0.0,0.0,1.0779329010954386,-0.1529434664099242,-0.047708296845304705,0.33594233801743767,-0.03034931883395682,0.0440370128451599,-0.6035522934405539,-1.4234823840795805,-0.5919239850331504,0.0,0.0,0.0,7.8,1.0,-0.011131884530186653,-4.2031331062316895,0.5099999904632568
2.2603390216827393,0.2578237132362308,0.8775825618903728,0.479425538604203,0.0,0.0,0.9114260556772499,0.4001679902840113,-0.09411826413008642,0.017603321896885182,1.0,0.0,0.0,0.8315555369997073,-0.18673560875386322,-0.04401716208808193,0.33510507103411663,0.05169579653502837,0.01163097382276998,-3.056029834956575,-2.0275037748919806,-0.6400105181912785,0.0,0.0,0.0,7.8,1.0,-0.011131884530186653,-4.3846940994262695,0.44999998807907104
2.2800936698913574,0.24711120885013352,0.8775825618903728,0.479425538604203,0.0,0.0,0.9226989931182958,0.3809395846892612,-0.058789133798891564,0.007445714366844126,1.0,0.0,0.0,0.7848657291399164,-0.11441152826047087,-0.031259336666972795,0.40450796332407446,0.08587036384853974,-0.00994270913705568,-3.779222355061064,-1.4467211408174483,-0.39324482438075975,0.0,0.0,0.0,7.8,1.0,-0.011131884530186653,-4.566254615783691,0.38999998569488525
2.3000946044921875,0.29553400429933685,0.8775825618903728,0.479425538604203,0.0,0.0,0.9202841030108416,0.37853016192046524,-0.07072873099091787,-0.0692064511040076,1.0,0.0,0.0,0.7875795692697073,-0.07786625723037796,-0.18248613617664536,0.43630289447335174,0.028903900781708194,0.08490765876669257,-3.9255362279717883,-0.6934348200636413,-2.232501327252938,0.0,0.0,0.0,7.8,1.0,-0.011131884530186653,-4.765971660614014,0.3199999928474426
2.3201141357421875,0.06418509504596491,0.8775825618903728,0.479425538604203,0.0,0.0,0.8759197515034597,0.4813952538504036,-0.02486144605577184,-0.020127269969835458,1.0,0.0,0.0,1.0057706276972318,-0.024177274193656194,-0.05924807371076227,-7.8589460540955995,-0.9545759479660217,2.258880435045317,4.0,3.574934906344027,-4.0,1.0,0.0,1.0,7.8,1.0,-0.011131884530186653,-4.947532653808594,0.2800000011920929
2.3400981426239014,0.5534189825576115,0.8775825618903728,0.479425538604203,0.0,0.0,0.7320918733411874,0.6663986312489351,0.07566552039256119,-0.11928571700358524,1.0,0.0,0.0,1.4663666588799322,0.27315614331173876,-0.0767265731644137,-23.25841306811442,-2.383457265412097,2.710987579628713,4.0,4.0,-4.0,1.0,1.0,1.0,6.987464861075083,1.0,-0.022263769060373306,-5.092781066894531,0.3199999928474426
2.360123872756958,1.0348268587995335,0.8775825618903728,0.479425538604203,0.0,0.0,0.535229797621609,0.8330660793803198,0.12466601906753694,-0.06315342281845529,1.0,0.0,0.0,2.017010168280526,0.24099798127537547,0.14478170899555776,-20.150934501669337,-2.5736835207637565,1.6700011208567778,4.0,4.0,-4.0,1.0,1.0,1.0,7.208009902238847,1.0,-0.04452753812074661,-5.247107982635498,0.3700000047683716
2.3802027702331543,1.414566390763969,0.8775825618903728,0.479425538604203,0.0,0.0,-0.3645368262588904,-0.9182214603296366,-0.028761079426173283,0.15216784286256602,1.0,0.0,0.0,2.3763736958861337,0.30512929779293724,-0.060976119715370015,-17.97699408906515,-2.5842024112196817,1.9456318421413044,4.0,4.0,-4.0,1.0,1.0,1.0,7.508655208349229,1.0,-0.06679131090641022,-5.3923563957214355,0.4099999964237213
2.400113105773926,1.9224330490880774,0.8775825618903728,0.479425538604203,0.0,0.0,-0.12113322231512434,-0.9724525586849896,0.006213478839394991,0.1990581730029793,1.0,0.0,0.0,2.880615071361534,0.3959056491094259,-0.06541258822313965,-15.479091027982603,-2.379584185600454,2.112710458560404,4.0,4.0,-4.0,1.0,1.0,1.0,7.8,1.0,-0.07792319357395172,-5.537605285644531,0.44999998807907104
2.420104742050171,2.0761991583114128,0.8775825618903728,0.479425538604203,0.0,0.0,-0.04135716365860293,-0.9836020601252795,-0.11919675771128325,0.128874765887427,1.0,0.0,0.0,3.0890801658372746,0.26652657666005153,0.23415046169236517,-12.051787971735672,-2.5310594347070605,1.9787448912692807,4.0,4.0,-4.0,1.0,1.0,1.0,7.8,1.0,-0.07792319357395172,-5.682854175567627,0.49000000953674316
2.440096616744995,1.9302894737053784,0.8775825618903728,0.479425538604203,0.0,0.0,-0.11420970249870281,-0.9783989556122484,-0.014497126998496144,0.17170166225406458,1.0,0.0,0.0,2.9071650097945696,0.34616933598858296,-0.011536645828814042,-7.699283655121589,-2.441598747325513,1.6748005556302028,4.0,4.0,-4.0,1.0,1.0,1.0,7.8,1.0,-0.11131884157657623,-5.8371806144714355,0.5199999809265137
2.4601099491119385,2.066910153205797,0.8775825618903728,0.479425538604203,0.0,0.0,-0.04564195048028182,-0.9840926828584938,-0.05984315913405772,0.16092607062121134,1.0,0.0,0.0,3.066976947771217,0.32804727811260975,0.10911613330784545,-3.3829552232162627,-2.2488890099505325,1.103856616067148,4.0,4.0,-4.0,1.0,1.0,1.0,7.8,1.0,-0.12245073169469833,-5.991507530212402,0.5400000214576721
2.480093002319336,2.066347391709,0.8775825618903728,0.479425538604203,0.0,0.0,-0.045216626073834885,-0.9853753919751964,0.053399490313454895,0.15536823372391934,1.0,0.0,0.0,3.0305066247395924,0.3061217656991768,-0.1254323266643368,0.8266420148227179,-2.106207004216538,0.6702424463448866,4.0,4.0,-4.0,1.0,1.0,1.0,7.8,1.0,-0.13358262181282043,-6.145833969116211,0.550000011920929
2.5001184940338135,2.2478872748027072,0.8775825618903728,0.479425538604203,0.0,0.0,0.02838349767566983,-0.9533039514805305,-0.04836038804481808,0.2967612272845903,1.0,0.0,0.0,-3.0412091052578063,0.5980863382943845,0.13234218599171094,1.8065315519080596,-2.071905139185513,0.5204042796965145,4.0,4.0,-4.0,1.0,1.0,1.0,7.8,1.0,-0.13358262181282043,-6.145833969116211,0.550000011920929
2.520103931427002,2.083832285425073,0.8775825618903728,0.479425538604203,0.0,0.0,-0.05011104389821377,-0.9607128197777438,0.052235459805856116,0.2679388324468825,1.0,0.0,0.0,2.9966483103437094,0.5347075076812402,-0.14840246546763805,2.2551691823060134,-1.8689762461202872,0.37410131116533274,4.0,4.0,-4.0,1.0,1.0,1.0,7.8,1.0,-0.13358262181282043,-6.300160884857178,0.5600000023841858
2.540106773376465,2.1087523071024257,0.8775825618903728,0.479425538604203,0.0,0.0,-0.04374155420081188,-0.9498523889517473,-0.07447291138167067,0.3005343592820858,1.0,0.0,0.0,3.094623888523295,0.6155916680624376,0.14155551750390355,3.105484682257716,-1.8730055370692036,0.5970473047421827,3.830122765606255,4.0,-4.0,0.0,1.0,1.0,7.8,1.0,-0.14471450448036194,-6.463565349578857,0.5699999928474426
2.5600807666778564,1.9516437058206715,0.8775825618903728,0.479425538604203,0.0,0.0,-0.12475523128550163,-0.9407187625720803,0.07577757134484013,0.30617331969463407,1.0,0.0,0.0,2.796239190534521,0.5909361642912322,-0.2668342476596048,4.4688696208178795,-1.9479230682758282,0.8900261379003302,-2.5605277287994372,4.0,-4.0,0.0,1.0,1.0,7.8,1.0,-0.14471450448036194,-6.608814239501953,0.5699999928474426
2.5801048278808594,1.8296038946826927,0.8775825618903728,0.479425538604203,0.0,0.0,-0.20735424467438526,-0.8926872452086101,0.09021261657782585,0.3898402022208075,1.0,0.0,0.0,2.5161670991206946,0.7189551851810144,-0.4432579086858562,4.498710495271693,-1.962623225112162,0.9479945067328933,-4.0,4.0,-4.0,1.0,1.0,1.0,7.8,1.0,-0.15584638714790344,-6.772218704223633,0.5699999928474426
2.600060224533081,1.777757269727187,0.8775825618903728,0.479425538604203,0.0,0.0,-0.20851713086237686,-0.9329749416961354,0.13291717646020196,0.2615557082264939,1.0,0.0,0.0,2.6079432095250485,0.44739547748587105,-0.4072412021779825,4.572778342782202,-1.9548483950645523,0.9631549798728694,-3.9152313363024582,4.0,-4.0,0.0,1.0,1.0,7.8,1.0,-0.17811015248298645,-6.9174675941467285,0.5600000023841858
2.620094060897827,1.660350967002029,0.8775825618903728,0.479425538604203,0.0,0.0,-0.2749015230829378,-0.9042018772458308,0.0834303127709604,0.3160498389538213,1.0,0.0,0.0,2.4387570151892795,0.5535089551759752,-0.3915513218990601,4.9784263640505975,-1.9201318763831376,1.1451523615337063,-4.0,4.0,-4.0,1.0,1.0,1.0,7.8,1.0,-0.17811015248298645,-7.080872535705566,0.550000011920929
2.6401193141937256,1.8040399568591554,0.8775825618903728,0.479425538604203,0.0,0.0,-0.21885930800595846,-0.8926501636465839,0.1294600408559098,0.3721778962572417,1.0,0.0,0.0,2.4812490190525534,0.6532648250549982,-0.519216407751803,4.9073388092049655,-1.9012072866060705,1.265114790860018,-4.0,4.0,-4.0,1.0,1.0,1.0,7.8,1.0,-0.18924203515052795,-7.226120948791504,0.5299999713897705
2.660107374191284,1.835225911837741,0.8775825618903728,0.479425538604203,0.0,0.0,-0.201268181046483,-0.8991763774384395,0.04567177332231765,0.38585884812521754,1.0,0.0,0.0,2.572709321047258,0.7416775402891491,-0.3278897546920062,4.834730913431587,-1.944810465900124,1.1717728526746802,-4.0,4.0,-4.0,1.0,1.0,1.0,7.8,1.0,-0.20037391781806946,-7.380447864532471,0.5099999904632568
2.6800971031188965,1.4430307743083854,0.8775825618903728,0.479425538604203,0.0,0.0,-0.4018060221983487,-0.830551676605968,0.09664741767521277,0.37335654496589243,1.0,0.0,0.0,2.0648032053337486,0.5734302271565993,-0.5802994845896702,4.582757691528458,-1.8971422112322982,1.2347464852956007,-4.0,4.0,-4.0,1.0,1.0,1.0,7.8,1.0,-0.21150580048561096,-7.534774303436279,0.47999998927116394
2.7001123428344727,1.7413641219361038,0.8775825618903728,0.479425538604203,0.0,0.0,-0.27463051709795766,-0.8412028419737709,0.09953274873443453,0.4550264713872451,1.0,0.0,0.0,2.2377231782332183,0.7907339400317202,-0.6353301682680745,4.60606112351452,-1.8287793773149985,1.4157252780410157,-4.0,4.0,-4.0,1.0,1.0,1.0,7.8,1.0,-0.21150580048561096,-7.689101219177246,0.46000000834465027
2.7201151847839355,1.7259597832929294,0.8775825618903728,0.479425538604203,0.0,0.0,-0.3018595197060402,-0.8036068260583848,0.2588789227693612,0.44280763636254317,1.0,0.0,0.0,2.1080734151494194,0.5888395024247185,-0.9645797736961726,4.486651818781266,-1.788545358820338,1.4405622114429764,-4.0,4.0,-4.0,1.0,1.0,1.0,7.8,1.0,-0.21150580048561096,-7.852505683898926,0.41999998688697815
2.740121603012085,1.4371192424499377,0.8775825618903728,0.479425538604203,0.0,0.0,-0.4519864062997143,-0.7427625263206277,0.2573719421864677,0.42162993417122785,1.0,0.0,0.0,1.8302929690890561,0.40463644676818283,-0.9800848145416031,4.170097949800571,-1.6297151160646026,1.666477020832425,-4.0,4.0,-4.0,1.0,1.0,1.0,7.8,1.0,-0.22263768315315247,-7.9977545738220215,0.38999998569488525
2.7601118087768555,1.6571324983782227,0.8775825618903728,0.479425538604203,0.0,0.0,-0.3885628275776846,-0.6986217610632177,0.3221113742531935,0.5071398491249549,1.0,0.0,0.0,1.778927417588249,0.47605551747957614,-1.2525534233703808,4.080524083895889,-1.5969329087507027,1.5144030538626847,-4.0,4.0,-4.0,1.0,1.0,1.0,7.8,1.0,-0.24490146338939667,-8.16115951538086,0.3499999940395355
2.780133008956909,1.3408607457215138,0.8775825618903728,0.479425538604203,0.0,0.0,-0.5343585046570739,-0.6562241828301935,0.26153090716306165,0.4641469540651614,1.0,0.0,0.0,1.5687384733208833,0.33595018130173543,-1.09512170762656,3.990521030605786,-1.5290238170993737,1.1646910310477425,-4.0,4.0,-4.0,1.0,1.0,1.0,7.8,1.0,-0.24490146338939667,-8.16115951538086,0.3499999940395355
2.8001720905303955,1.3408607457215138,0.8775825618903728,0.479425538604203,0.0,0.0,-0.5343585046570739,-0.6562241828301935,0.26153090716306165,0.4641469540651614,1.0,0.0,0.0,1.5687384733208833,0.33595018130173543,-1.09512170762656,3.990521030605786,-1.5290238170993737,1.1646910310477425,-4.0,4.0,-4.0,1.0,1.0,1.0,7.8,1.0,-0.24490146338939667,-8.16115951538086,0.3499999940395355
2.8201491832733154,1.3408607457215138,0.8775825618903728,0.479425538604203,0.0,0.0,-0.5343585046570739,-0.6562241828301935,0.26153090716306165,0.4641469540651614,1.0,0.0,0.0,1.5687384733208833,0.33595018130173543,-1.09512170762656,3.990521030605786,-1.5290238170993737,1.1646910310477425,-4.0,4.0,-4.0,1.0,1.0,1.0,7.8,1.0,-0.24490146338939667,-8.16115951538086,0.3499999940395355
2.8400988578796387,1.3408607457215138,0.8775825618903728,0.479425538604203,0.0,0.0,-0.5343585046570739,-0.6562241828301935,0.26153090716306165,0.4641469540651614,1.0,0.0,0.0,1.5687384733208833,0.33595018130173543,-1.09512170762656,3.990521030605786,-1.5290238170993737,1.1646910310477425,-4.0,4.0,-4.0,1.0,1.0,1.0,7.8,1.0,-0.24490146338939667,-8.16115951538086,0.3499999940395355
2.860109567642212,1.587151070657214,0.8775825618903728,0.479425538604203,0.0,0.0,-0.39209138239096974,-0.7450758044619269,0.2244796359067131,0.4906478233145849,1.0,0.0,0.0,1.8273442345628914,0.5884910977906012,-1.044616851197646,-3.082763724212162,2.5008549989449964,3.3886213846424087,4.0,-4.0,-4.0,1.0,1.0,1.0,7.8,1.0,-0.256033331155777,-8.306407928466797,0.3100000023841858
2.8801515102386475,2.0996212388935693,0.8775825618903728,0.479425538604203,0.0,0.0,-0.11124490216306276,-0.8345586407135477,0.33248756574252775,0.42495701615539266,1.0,0.0,0.0,2.490101764204513,0.6884331908461984,-0.9992569140240422,-17.645026682736805,9.231018879556148,10.106312038505932,4.0,-4.0,-4.0,1.0,1.0,1.0,7.8,1.0,-0.256033331155777,-8.442578315734863,0.27000001072883606
2.9001388549804688,2.4545308431726283,0.8775825618903728,0.479425538604203,0.0,0.0,0.0743074237448697,-0.8385550010803354,0.3552136812558057,0.4063584102590447,1.0,0.0,0.0,2.897484646133085,0.8246316432413816,-0.9085724043662979,-15.645903616396394,7.991069760473923,9.175248005316051,4.0,-4.0,-4.0,1.0,1.0,1.0,7.8,1.0,-0.26716524362564087,-8.596905708312988,0.23999999463558197
2.9201207160949707,2.460838137959005,0.8775825618903728,0.479425538604203,0.0,0.0,0.10722249757671963,-0.8926085275473474,0.26128372413303985,0.3514031417991825,1.0,0.0,0.0,-3.1309311678251293,0.7523575659961642,-0.5653166436997448,-2.3174058764447127,13.626974081683764,-0.17128838899554671,4.0,-4.0,-4.0,1.0,1.0,1.0,7.8,1.0,-0.2782971262931824,-8.733076095581055,0.20999999344348907
2.9416592121124268,2.199554365203484,0.8775825618903728,0.479425538604203,0.0,0.0,-0.00013271283763748945,-0.946295480040593,0.2935917092039099,0.13538373288092306,1.0,0.0,0.0,3.059000174520662,0.25903524435913844,-0.6124377041632268,-0.18623050316519313,13.301876516569324,1.7364705984748783,4.0,-4.0,-4.0,1.0,1.0,1.0,7.8,1.0,-0.2894290089607239,-8.869246482849121,0.18000000715255737
2.9601194858551025,2.199554365203484,0.8775825618903728,0.479425538604203,0.0,0.0,-0.00013271283763748945,-0.946295480040593,0.2935917092039099,0.13538373288092306,1.0,0.0,0.0,3.059000174520662,0.25903524435913844,-0.6124377041632268,-0.18623050316519313,13.301876516569324,1.7364705984748783,4.0,-4.0,-4.0,1.0,1.0,1.0,7.8,1.0,-0.2894290089607239,-8.869246482849121,0.18000000715255737
2.980168342590332,2.199554365203484,0.8775825618903728,0.479425538604203,0.0,0.0,-0.00013271283763748945,-0.946295480040593,0.2935917092039099,0.13538373288092306,1.0,0.0,0.0,3.059000174520662,0.25903524435913844,-0.6124377041632268,-0.18623050316519313,13.301876516569324,1.7364705984748783,4.0,-4.0,-4.0,1.0,1.0,1.0,7.8,1.0,-0.2894290089607239,-8.869246482849121,0.18000000715255737
3.0001285076141357,2.443340264735205,0.8775825618903728,0.479425538604203,0.0,0.0,0.12940164237537571,-0.9503821463001015,0.25353565833270925,0.12549366875809856,1.0,0.0,0.0,-2.9490091439972828,0.3090457629332949,-0.4913135890903955,0.05711653459653987,12.447456029436605,1.3759073184825021,4.0,-4.0,-4.0,1.0,1.0,1.0,7.8,1.0,-0.3228246569633484,-9.0326509475708,0.14000000059604645
3.0201070308685303,2.643637318917683,0.8775825618903728,0.479425538604203,0.0,0.0,0.21552432539212457,-0.9084907537808352,0.35791115768518766,-0.009665333074878123,1.0,0.0,0.0,-2.7275651179588043,0.13714490617203248,-0.721734649416195,0.6813243981598959,10.975304238753354,-0.8006168297284258,4.0,-4.0,-0.05972511677228942,1.0,1.0,0.0,7.8,1.0,-0.3339565396308899,-9.168822288513184,0.10000000149011612
3.040104389190674,2.3958678414312815,0.8775825618903728,0.479425538604203,0.0,0.0,0.10425862429500901,-0.9506756738372663,0.28809690005209143,-0.04843633568455931,1.0,0.0,0.0,-2.9133593251955516,-0.03202679398663573,-0.5921659260718743,7.898562610104608,5.207626691801165,-3.1998315943682756,-4.0,-4.0,4.0,1.0,1.0,1.0,7.8,1.0,-0.3450884222984314,-9.30499267578125,0.05999999865889549
3.060102939605713,2.245127171282902,0.8775825618903728,0.479425538604203,0.0,0.0,0.03888998979431323,-0.9751310095534651,0.2077299233953737,0.0667484968159617,1.0,0.0,0.0,-3.0929355290116396,0.14686164539514948,-0.4162004218941483,5.028584231144452,-4.069849624641936,-2.5254045860962715,-2.62628044765529,4.0,4.0,0.0,1.0,1.0,7.8,1.0,-0.3562203049659729,-9.459319114685059,0.019999999552965164
3.080106258392334,2.046700074668393,0.8775825618903728,0.479425538604203,0.0,0.0,-0.0510387265244119,-0.992266142331358,0.08359546753084106,0.0762545014140912,1.0,0.0,0.0,3.0261183937172422,0.14328610338088993,-0.1763933858106306,-0.4662182350636089,-1.363981984926881,-4.8710493436856845,4.0,4.0,4.0,1.0,1.0,1.0,7.8,1.0,-0.3562203049659729,-9.55917739868164,0.019999999552965164
3.100126266479492,2.138538274212201,0.8775825618903728,0.479425538604203,0.0,0.0,-0.005586263425611841,-0.9925687481226251,0.11999835775721537,-0.019402784511401393,1.0,0.0,0.0,3.1351545967709358,-0.03986844086506946,-0.24049739277670404,-0.43967108144870615,-0.0590535715512682,-5.336920840389193,4.0,-2.0559988465552164,4.0,1.0,0.0,1.0,7.8,1.0,-0.3562203049659729,-9.55917739868164,0.019999999552965164
3.1201331615448,2.138538274212201,0.8775825618903728,0.479425538604203,0.0,0.0,-0.005586263425611841,-0.9925687481226251,0.11999835775721537,-0.019402784511401393,1.0,0.0,0.0,3.1351545967709358,-0.03986844086506946,-0.24049739277670404,-0.43967108144870615,-0.0590535715512682,-5.336920840389193,4.0,-2.0559988465552164,4.0,1.0,0.0,1.0,7.8,1.0,-0.3562203049659729,-9.55917739868164,0.019999999552965164
3.1401047706604004,2.138538274212201,0.8775825618903728,0.479425538604203,0.0,0.0,-0.005586263425611841,-0.9925687481226251,0.11999835775721537,-0.019402784511401393,1.0,0.0,0.0,3.1351545967709358,-0.03986844086506946,-0.24049739277670404,-0.43967108144870615,-0.0590535715512682,-5.336920840389193,4.0,-2.0559988465552164,4.0,1.0,0.0,1.0,7.8,1.0,-0.3562203049659729,-9.55917739868164,0.019999999552965164
3.160099744796753,2.195299742172463,0.8775825618903728,0.479425538604203,0.0,0.0,0.01914819597685124,-0.985540827278553,0.1517954185283183,0.07280642328634337,1.0,0.0,0.0,-3.1257753764577063,0.14988115621218104,-0.3044554943847657,-0.12241729863179321,0.045158301648086915,-5.281237490300933,4.0,-2.1467882781403906,4.0,1.0,0.0,1.0,7.8,1.0,-0.3562203049659729,-9.677191734313965,0.019999999552965164
3.180137872695923,2.2292754620216866,0.8775825618903728,0.479425538604203,0.0,0.0,0.04183766918192647,-0.9953970127498963,0.06336463013616708,0.05847495270381355,1.0,0.0,0.0,-3.0650699266572365,0.1220161798153728,-0.12246715493595786,0.004037255796779576,0.07732855843585737,-5.194565193184021,4.0,-0.8607804088084758,4.0,1.0,0.0,1.0,7.8,1.0,-0.3562203049659729,-9.777050971984863,0.019999999552965164
3.2001006603240967,2.3510709014487037,0.8775825618903728,0.479425538604203,0.0,0.0,0.10163420170054999,-0.9891867002179136,-0.09640985426698326,-0.04342005477779326,1.0,0.0,0.0,-2.946579391177675,-0.10569484189240401,0.1839655175555642,-0.05674917116153973,0.06192759678994034,-4.756131625067967,4.0,1.0281080878608213,4.0,1.0,0.0,1.0,7.8,1.0,-0.3784840703010559,-9.876909255981445,0.019999999552965164
3.220093011856079,2.329451737716562,0.8775825618903728,0.479425538604203,0.0,0.0,0.09172255974600835,-0.9918047237090638,0.044752038675674996,-0.07686102455990498,1.0,0.0,0.0,-2.949598395855485,-0.14475774363896313,-0.1041458169346425,-0.10039714856724205,0.08012387076565494,-3.7355760441795685,4.0,-1.8429504200250046,4.0,1.0,0.0,1.0,7.8,1.0,-0.3784840703010559,-9.985845565795898,0.019999999552965164
3.2400834560394287,2.111888624551027,0.8775825618903728,0.479425538604203,0.0,0.0,-0.016381980782275873,-0.9970881269374862,0.05178728421586049,-0.05352546141314586,1.0,0.0,0.0,3.1143036951517087,-0.10864959786912264,-0.10229977043446924,-0.08100583160032682,0.02873950583975393,-3.450461599069767,4.0,-1.537139837809729,4.0,1.0,0.0,1.0,7.8,1.0,-0.3784840703010559,-9.985845565795898,0.019999999552965164
3.260359048843384,2.0726239081184556,0.8775825618903728,0.479425538604203,0.0,0.0,-0.03662553507508931,-0.9954735915821923,-0.035586608314123296,0.0801529285279791,1.0,0.0,0.0,3.073423242292756,0.16290660000694643,0.0658993296595408,0.05599455328257544,0.026667590816150832,-3.0236441073724394,4.0,1.286480593205959,4.0,1.0,0.0,1.0,7.8,1.0,-0.3896159529685974,-10.094781875610352,0.019999999552965164
3.2801010608673096,1.9862616619305649,0.8775825618903728,0.479425538604203,0.0,0.0,-0.07782866824031719,-0.9965439868082078,-0.028607234192899147,-0.004940334824044052,1.0,0.0,0.0,2.985555939375755,-0.0053936221959795215,0.05781878375353483,-0.04678373126362208,-0.030466583934485564,-1.8095152673608124,4.0,0.5766000794919399,4.0,1.0,0.0,1.0,7.8,1.0,-0.4118797183036804,-10.212796211242676,0.019999999552965164
3.300092935562134,2.1568612540200283,0.8775825618903728,0.479425538604203,0.0,0.0,0.004575479187866595,-0.9943718602827761,-0.09801898632921434,0.03994930270938072,1.0,0.0,0.0,-3.1246083225117594,0.07863296534002268,0.19718082118507715,-0.05475960334926913,-0.09151349598519294,-0.5260660390451398,4.0,2.4695033660407026,2.3429440341183443,1.0,0.0,0.0,7.8,1.0,-0.4230116009712219,-10.339889526367188,0.019999999552965164
3.32008957862854,2.175242006708694,0.8775825618903728,0.479425538604203,0.0,0.0,0.005891321006509497,-0.9798465483176213,-0.1767847172479671,-0.09280731562973782,1.0,0.0,0.0,3.1199530500434474,-0.18501049231384886,0.35900862634287506,0.043890901796291265,0.08002386040415307,0.8048893724151162,4.0,1.892884314050164,0.10446631226177772,1.0,0.0,0.0,7.8,1.0,-0.4230116009712219,-10.43974781036377,0.019999999552965164
3.340118885040283,2.3289682894857653,0.8775825618903728,0.479425538604203,0.0,0.0,0.08695414643810882,-0.9835393718286111,-0.15380008209335105,0.037878954952316184,1.0,0.0,0.0,-2.9576511624828385,0.04778195727618919,0.3146435665622306,0.028294358793097968,0.0669272660924633,1.1065337786530318,4.0,2.7949391044743708,-3.6162595772882913,1.0,0.0,0.0,7.8,1.0,-0.44527536630630493,-10.557762145996094,0.019999999552965164
3.360081672668457,2.248802886300845,0.8775825618903728,0.479425538604203,0.0,0.0,0.04987472816112297,-0.9917821463447707,-0.10561305404710206,-0.05221655386424815,1.0,0.0,0.0,-3.0529986484990936,-0.11435883657980764,0.20710212804194758,-0.051352992123404634,-0.042796040316455765,1.801038948187764,4.0,1.5241886628518166,-4.0,1.0,0.0,1.0,7.8,1.0,-0.44527536630630493,-10.557762145996094,0.019999999552965164
3.3800904750823975,2.1225515198777543,0.8775825618903728,0.479425538604203,0.0,0.0,-0.012701505729662946,-0.9941317469235794,-0.10730564829356128,-0.005122436448610835,1.0,0.0,0.0,3.1152355960162175,-0.0074589359407661385,0.21514385317488885,0.03712249740911461,-0.04733553780431428,1.0489520057872939,4.0,2.0236169288458523,-3.0769994405470493,1.0,0.0,0.0,7.8,1.0,-0.44527536630630493,-10.775634765625,0.019999999552965164
3.400110960006714,2.2275609348165535,0.8775825618903728,0.479425538604203,0.0,0.0,0.03919727809655998,-0.9921687457491721,-0.08547928602020016,-0.08220732941661682,1.0,0.0,0.0,-3.0768815611769824,-0.17065533057926074,0.16634652455169635,-0.09452651649661317,0.06313553216323048,1.8205511077686753,4.0,0.4595146239749285,-4.0,1.0,0.0,1.0,7.8,1.0,-0.44527536630630493,-10.857337951660156,0.019999999552965164
3.420135259628296,2.0872894672996987,0.8775825618903728,0.479425538604203,0.0,0.0,-0.029464834174775856,-0.9953909524331753,0.0415426084371465,0.08125815064021127,1.0,0.0,0.0,3.0752883974394627,0.1600009695494699,-0.08873917507778822,-0.012489478587598343,-0.0970151226998425,2.4240602269257248,4.0,0.43806376873507225,-4.0,1.0,0.0,1.0,7.8,1.0,-0.44527536630630493,-10.857337951660156,0.019999999552965164
3.4401209354400635,2.301241925491922,0.8775825618903728,0.479425538604203,0.0,0.0,0.07666689531421288,-0.9911906269074715,0.10725267588796857,-0.012656690267346914,1.0,0.0,0.0,-2.98626509280335,-0.008645033855405125,-0.21624583136790254,0.018927279329286242,0.048555633799925724,1.7075788174032271,4.0,-2.1980429076743153,-4.0,1.0,0.0,1.0,7.8,1.0,-0.4564072787761688,-10.957196235656738,0.019999999552965164
3.4601011276245117,2.3220820455184663,0.8775825618903728,0.479425538604203,0.0,0.0,0.08763915201954696,-0.991385426032806,0.0659211364061269,-0.07161508121877269,1.0,0.0,0.0,-2.955735397522034,-0.13081452413297048,-0.14500121813249123,0.020662017937560215,0.02207728330532302,0.8732646951925465,4.0,-1.93201590633144,-2.8681813783892034,1.0,0.0,0.0,7.8,1.0,-0.4564072787761688,-11.04797649383545,0.019999999552965164
3.480093002319336,2.152650677340184,0.8775825618903728,0.479425538604203,0.0,0.0,0.004340034683368286,-0.9978083584670361,0.06401614502073039,0.016173343777669234,1.0,0.0,0.0,-3.1349987155300743,0.0328373608513632,-0.12802961693786705,0.047077895259287295,0.04861033669577294,0.4566691682858508,4.0,-1.1629521167430557,-2.724365058596786,1.0,0.0,0.0,7.8,1.0,-0.4564072787761688,-11.13875675201416,0.019999999552965164
3.500114679336548,2.2427554524846522,0.8775825618903728,0.479425538604203,0.0,0.0,0.04551405001654615,-0.9894847887639535,0.10210014874648758,-0.09178171757921431,1.0,0.0,0.0,-3.030901150156797,-0.17320395475446698,-0.21526243860238142,0.03170158790639835,-0.045328956677028055,1.2665411450875919,4.0,-2.490760363107175,-4.0,1.0,0.0,1.0,7.8,1.0,-0.44527536630630493,-11.247693061828613,0.019999999552965164
3.5201425552368164,2.085366582061289,0.8775825618903728,0.479425538604203,0.0,0.0,-0.02868384152798614,-0.9985532233807436,-0.03334810642232089,0.030928968769903045,1.0,0.0,0.0,3.086230223844756,0.06372466697264423,0.06500300819690817,0.023373816831120692,0.08163047047300734,1.1286636377766515,4.0,0.5553552016935006,-4.0,1.0,0.0,1.0,7.8,1.0,-0.44527536630630493,-11.329395294189453,0.019999999552965164
3.5400922298431396,2.3145509334841763,0.8775825618903728,0.479425538604203,0.0,0.0,0.0821669425091166,-0.9885668210384664,0.12002676387325274,-0.03972165473288882,1.0,0.0,0.0,-2.9684401595595733,-0.05884450951352145,-0.2467558237140496,0.015520705621023673,0.023436944307376972,-1.0976921979112622,4.0,-2.5812871902268157,3.937071503768243,1.0,0.0,0.0,7.8,1.0,-0.4564072787761688,-11.42017650604248,0.019999999552965164
3.560105323791504,2.178668427983772,0.8775825618903728,0.479425538604203,0.0,0.0,0.015457347295075174,-0.9941912313422113,-0.05706626634823045,0.08993501643926033,1.0,0.0,0.0,-3.0999227671351464,0.1779994858569451,0.11839251300776178,0.009934831512702066,0.009370743746456661,-1.0316418544865689,4.0,1.826467103317547,3.095239884940524,1.0,0.0,0.0,7.8,1.0,-0.4564072787761688,-11.510956764221191,0.019999999552965164
3.5801138877868652,2.264505804141433,0.8775825618903728,0.479425538604203,0.0,0.0,0.05969649716952431,-0.9949611384914997,-0.04832638623387113,-0.06444549255737408,1.0,0.0,0.0,-3.027759840512074,-0.1344157492761204,0.08939572778092307,0.05461570347925063,0.03692431383712444,0.05746934006321962,4.0,0.08257432181334301,1.3646255239422358,1.0,0.0,0.0,7.8,1.0,-0.4564072787761688,-11.610815048217773,0.019999999552965164
3.6001195907592773,2.2939291021634416,0.8775825618903728,0.479425538604203,0.0,0.0,0.07446917636183725,-0.9941252921477056,0.012406260973214175,-0.07755855834717924,1.0,0.0,0.0,-2.9892444591802723,-0.1529537722358676,-0.03665423592444402,0.06444757421967326,-0.005457256563734192,-0.8558077790091647,4.0,-0.9395924116913785,4.0,1.0,0.0,1.0,7.8,1.0,-0.4675391614437103,-11.701595306396484,0.019999999552965164
3.62250018119812,2.28232517904912,0.8775825618903728,0.479425538604203,0.0,0.0,0.07007304762532933,-0.9970948569927662,0.02758578124312072,0.011429734392361487,1.0,0.0,0.0,-3.0019817510733318,0.026662257098457785,-0.053453890093829295,-0.04285546056434517,-0.09579848466306035,-0.4033961129026,4.0,0.008612058493753683,1.1484671792088808,1.0,0.0,0.0,7.8,1.0,-0.4675391614437103,-11.810531616210938,0.019999999552965164
3.6400887966156006,1.9660434873409969,0.8775825618903728,0.479425538604203,0.0,0.0,-0.0901064363967827,-0.9916756237779634,0.09169610874573522,0.007218792513307064,1.0,0.0,0.0,2.960568565437257,-0.0022074198366280333,-0.1842069490855788,0.09335977633854672,-0.05472474821270275,0.18873443125941253,4.0,-1.3213016579431152,-1.7608685800559847,1.0,0.0,0.0,7.8,1.0,-0.4675391614437103,-11.910390853881836,0.019999999552965164
3.660100221633911,2.1461980524258326,0.8775825618903728,0.479425538604203,0.0,0.0,0.0014239756959573582,-0.9983888595298621,-0.05628268569104228,-0.0070651787862667185,1.0,0.0,0.0,-3.1395443751923438,-0.014268366070289076,0.11261320119307563,-0.006553284331592121,0.0950300471840192,-0.25435861050013986,4.0,0.539989338341415,1.681107134020249,1.0,0.0,0.0,7.8,1.0,-0.4675391614437103,-11.910390853881836,0.019999999552965164
3.6800966262817383,2.294322633404611,0.8775825618903728,0.479425538604203,0.0,0.0,0.07494972535708921,-0.9946308090231327,-0.03527994419027415,-0.06202755797882529,1.0,0.0,0.0,-2.9951385164748614,-0.12903526159705367,0.06143217009525774,0.08934803293186772,0.011062694136576748,-2.0856604880276186,4.0,-0.01978140827533867,4.0,1.0,0.0,1.0,7.8,1.0,-0.47867104411125183,-12.010249137878418,0.019999999552965164
3.7000932693481445,2.308288249077655,0.8775825618903728,0.479425538604203,0.0,0.0,0.08301815970193556,-0.9961017665095803,0.024342300166160475,0.017225223911986665,1.0,0.0,0.0,-2.9761675406964025,0.03836727024068419,-0.045684301811862456,0.06233532745963968,-0.05279053485218846,-2.5503162084347015,4.0,-0.05092117840207322,4.0,1.0,0.0,1.0,7.8,1.0,-0.47867104411125183,-12.119185447692871,0.019999999552965164
3.720118284225464,2.199152548416294,0.8775825618903728,0.479425538604203,0.0,0.0,0.027921660256755406,-0.9980220740261132,-0.00972074100412035,0.05547817444231901,1.0,0.0,0.0,-3.084401941533589,0.11041828382961112,0.022640917266227283,0.056713750696033266,0.023137722038718264,-0.7473653385203136,4.0,0.6100172409782358,2.1089352147900753,1.0,0.0,0.0,7.8,1.0,-0.48980292677879333,-12.219043731689453,0.019999999552965164
3.7401249408721924,2.061294084449231,0.8775825618903728,0.479425538604203,0.0,0.0,-0.04361699341885967,-0.992826784227808,-0.06500940949052784,0.09036764400304718,1.0,0.0,0.0,3.0653435735390557,0.1861836580053685,0.1236493658209957,0.025500309739655405,-0.06362792896443234,-0.09348351002695003,4.0,2.2620253263823598,-0.5888239074292767,1.0,0.0,0.0,7.8,1.0,-0.48980292677879333,-12.337058067321777,0.019999999552965164
3.760103702545166,1.970006029509007,0.8775825618903728,0.479425538604203,0.0,0.0,-0.0875908626546846,-0.9928390341370879,-0.05037645006557869,0.06372367183341628,1.0,0.0,0.0,2.971713871712551,0.13577652602857515,0.08981438444961869,0.008468691425015232,0.047111134386260994,1.814526743128488,4.0,1.306760458416277,-4.0,1.0,0.0,1.0,7.8,1.0,-0.48980292677879333,-12.43691635131836,0.019999999552965164
3.780107259750366,2.026375731252306,0.8775825618903728,0.479425538604203,0.0,0.0,-0.05765742485066372,-0.9981931460877086,0.013476355325517582,0.010220191302163222,1.0,0.0,0.0,3.025932498877605,0.018850542311534928,-0.028091235473155864,0.052182980723426114,0.07071740073807767,-1.0286474521736695,4.0,-0.42140547718901256,3.8059903971682782,1.0,0.0,0.0,7.8,1.0,-0.48980292677879333,-12.554931640625,0.019999999552965164
3.8001017570495605,2.0040930780023314,0.8775825618903728,0.479425538604203,0.0,0.0,-0.07304788388957839,-0.9896709397225761,-0.12178977293933453,-0.019562436843936618,1.0,0.0,0.0,2.9916469333897004,-0.020929308055358038,0.24646263357847648,-0.02035968954306147,0.08397374249844855,-1.2486422512884445,4.0,1.6141420125628652,4.0,1.0,0.0,1.0,7.8,1.0,-0.48980292677879333,-12.663867950439453,0.019999999552965164
3.8201024532318115,2.1984606175961656,0.8775825618903728,0.479425538604203,0.0,0.0,0.02719317395506322,-0.997331510788363,0.06169873891346133,0.027993829594025053,1.0,0.0,0.0,-3.090694618956283,0.05922844872014014,-0.12206209256845671,-0.02463062165761369,0.018696277199186845,1.6769340673890167,4.0,-0.8892807194041651,-4.0,1.0,0.0,1.0,7.8,1.0,-0.48980292677879333,-12.772804260253906,0.019999999552965164
3.8401081562042236,2.0702246423456243,0.8775825618903728,0.479425538604203,0.0,0.0,-0.03628357430316146,-0.9982520288667497,-0.019791266333149284,-0.04224564919770266,1.0,0.0,0.0,3.0671554059757318,-0.08300268854876328,0.04273909513201533,0.09014366393830597,-0.07402994693150058,1.8181179269694971,4.0,0.23841632955414266,-4.0,1.0,0.0,1.0,7.8,1.0,-0.48980292677879333,-12.899896621704102,0.019999999552965164
3.8601303100585938,2.0919286311361245,0.8775825618903728,0.479425538604203,0.0,0.0,-0.025827223043747592,-0.9978653071393238,-0.05996205119895092,0.00152832378959461,1.0,0.0,0.0,3.0902081769180434,0.0061474678364988305,0.11987833496720152,0.09359456470395497,-0.04811633655655345,1.0226813536444745,4.0,1.259552705493515,-3.5426032468739104,1.0,0.0,0.0,7.8,1.0,-0.48980292677879333,-12.999754905700684,0.019999999552965164
3.880129337310791,2.211637870825673,0.8775825618903728,0.479425538604203,0.0,0.0,0.03267708494851079,-0.9951064237711185,0.02129442436489973,0.09078524648691882,1.0,0.0,0.0,-3.0793447379699375,0.18309493493584175,-0.03707531145713416,0.06830564492729105,0.03729589785287707,0.9148091972922663,4.0,0.34755941271202984,-4.0,1.0,0.0,1.0,7.8,1.0,-0.48980292677879333,-13.117770195007324,0.019999999552965164
3.9000954627990723,1.97253037967046,0.8775825618903728,0.479425538604203,0.0,0.0,-0.08454743765069803,-0.9962153232830439,-0.019252390708298647,-0.0060088180848464415,1.0,0.0,0.0,2.9720894605060098,-0.008716783082277519,0.03938679235772107,0.0506989840935794,0.015221389547767222,0.5568044315583981,4.0,0.2194100720809502,-1.9371512911620448,1.0,0.0,0.0,7.8,1.0,-0.48980292677879333,-13.117770195007324,0.019999999552965164
3.920093297958374,2.2441993899766945,0.8775825618903728,0.479425538604203,0.0,0.0,0.04800299843226267,-0.992684174910161,-0.06909434092520324,-0.08660146116871885,1.0,0.0,0.0,-3.0567934519758153,-0.17953215869288272,0.13134580054708217,0.042778572756896616,0.004523004777011799,0.0246881529022982,4.0,0.36424871202280645,2.083757863760045,1.0,0.0,0.0,7.8,1.0,-0.48980292677879333,-13.226706504821777,0.019999999552965164
3.9401071071624756,2.1925892840419006,0.8775825618903728,0.479425538604203,0.0,0.0,0.022083509222930002,-0.993429232612448,0.08959581355920407,-0.06769984197993248,1.0,0.0,0.0,-3.0850710203463088,-0.13092655571524967,-0.18359652408609142,0.05963858225960006,-0.08886790736117899,1.435027279536358,4.0,-1.866223506607025,-4.0,1.0,0.0,1.0,7.8,1.0,-0.47867104411125183,-13.33564281463623,0.019999999552965164
3.960095167160034,1.967320405896344,0.8775825618903728,0.479425538604203,0.0,0.0,-0.08788805166453444,-0.9946278899606534,-0.0328725306600656,0.04370866750466661,1.0,0.0,0.0,2.9680201735391463,0.09285931933352708,0.05799113555633328,-0.02666956491129939,0.03465856742186446,-0.14764395551085652,4.0,0.8574339529640824,0.13861514827193244,1.0,0.0,0.0,7.8,1.0,-0.47867104411125183,-13.444579124450684,0.019999999552965164
3.9801480770111084,2.22611014466595,0.8775825618903728,0.479425538604203,0.0,0.0,0.042212186983963215,-0.9990450283495432,0.010453320147625159,0.0042297397062071775,1.0,0.0,0.0,-3.0572336412464023,0.00933405139560786,-0.020531918808271623,0.04749114212689348,0.06167935466309077,-2.27521291954778,4.0,-0.3896335434245466,4.0,1.0,0.0,1.0,7.8,1.0,-0.4675391614437103,-13.562593460083008,0.019999999552965164
4.000106573104858,2.3024361824880493,0.8775825618903728,0.479425538604203,0.0,0.0,0.07970881065225496,-0.995621493166412,-0.028479791180951185,-0.0396642073383084,1.0,0.0,0.0,-2.983931354816932,-0.08361866592636819,0.05058525129600853,0.013851929510304783,-0.04074435710876796,-1.2292793375697415,4.0,0.2825241112391658,4.0,1.0,0.0,1.0,7.8,1.0,-0.4675391614437103,-13.680608749389648,0.019999999552965164
4.020097017288208,2.1218009601925427,0.8775825618903728,0.479425538604203,0.0,0.0,-0.010039391248346336,-0.9996879843266387,0.02286414237155671,-0.0006128702293670986,1.0,0.0,0.0,3.1215467905556498,-0.0016844429467098708,-0.04571770010775403,-0.014692219934967249,-0.08768565483181112,1.182457734422812,4.0,-0.05643734622607083,-4.0,1.0,0.0,1.0,7.8,1.0,-0.4675391614437103,-13.807701110839844,0.019999999552965164
4.0401060581207275,2.0141480696690377,0.8775825618903728,0.479425538604203,0.0,0.0,-0.06620670277221756,-0.9933438155380532,-0.07234443661780193,0.060423663665704105,1.0,0.0,0.0,3.017439812259113,0.12998807522068032,0.13731076332516112,0.02942456590726744,0.05530552190972732,-1.0880610290371433,4.0,1.627915182819805,3.985384454787703,1.0,0.0,0.0,7.8,1.0,-0.4675391614437103,-13.907559394836426,0.019999999552965164
4.06013035774231,2.121587687552911,0.8775825618903728,0.479425538604203,0.0,0.0,-0.012798500464511735,-0.9948315946720132,0.04245036622324867,0.09134693774676385,1.0,0.0,0.0,3.1078103202713594,0.18166053977340255,-0.08836728810151724,0.07993223843807926,-0.09240905577818828,0.02561652908598616,4.0,0.500443296826828,-2.1127915031273865,1.0,0.0,0.0,7.8,1.0,-0.4675391614437103,-14.034651756286621,0.019999999552965164
4.080109119415283,2.0455495769576624,0.8775825618903728,0.479425538604203,0.0,0.0,-0.04951288769830014,-0.9960835096670678,0.06426255533034496,0.03516304457134599,1.0,0.0,0.0,3.038040567930338,0.06373013988417517,-0.13215564689475642,-0.08743260996045028,0.09088040204198222,0.9058035266549863,4.0,-1.154274335324825,-4.0,1.0,0.0,1.0,7.8,1.0,-0.4675391614437103,-14.161745071411133,0.019999999552965164
4.1004228591918945,2.2162475031421494,0.8775825618903728,0.479425538604203,0.0,0.0,0.03671480606057908,-0.9981978876014235,0.018421588743659262,-0.04374523142182974,1.0,0.0,0.0,-3.066334204767653,-0.08608639482957743,-0.04014839770765965,0.04369973705027844,0.04377812176118573,0.8982085678275938,4.0,-0.9178934106352944,-3.001668828184723,1.0,0.0,0.0,7.8,1.0,-0.4675391614437103,-14.161745071411133,0.019999999552965164
4.120098352432251,2.3274107745715584,0.8775825618903728,0.479425538604203,0.0,0.0,0.09130419520689635,-0.9929939403778819,-0.06444602306269931,-0.0383834394215916,1.0,0.0,0.0,-2.963585462203225,-0.08811139634406237,0.12175160108794664,-0.027010702122360494,-0.02571732085966416,-1.013580212153893,4.0,0.8659633815352837,4.0,1.0,0.0,1.0,7.8,1.0,-0.4675391614437103,-14.288837432861328,0.019999999552965164
4.140085220336914,2.3256272881062525,0.8775825618903728,0.479425538604203,0.0,0.0,0.08892632838770212,-0.9903489725642478,-0.10556920024536853,0.012496584332317429,1.0,0.0,0.0,-2.961848456714223,0.0059762317446530626,0.21293244624029917,-0.04276365718191777,-0.051241777943767546,-2.3181604180068613,4.0,2.1777045294207182,4.0,1.0,0.0,1.0,7.8,1.0,-0.4675391614437103,-14.415929794311523,0.019999999552965164
4.160092830657959,2.177642290536413,0.8775825618903728,0.479425538604203,0.0,0.0,0.015061168722922331,-0.9944144194529282,-0.08911473633027714,-0.05451318509847572,1.0,0.0,0.0,-3.1212269406839184,-0.11133158362329514,0.1776181988749403,-0.08154345612738859,0.021526600817398184,-2.429038464489124,4.0,0.9553041064112543,4.0,1.0,0.0,1.0,7.8,1.0,-0.47867104411125183,-14.533944129943848,0.019999999552965164
4.180149078369141,2.0445616821276076,0.8775825618903728,0.479425538604203,0.0,0.0,-0.04901032862686926,-0.9978827166172469,0.029028608767061207,0.03139126371331158,1.0,0.0,0.0,3.041611902381195,0.059839901912304656,-0.061158803761245106,-0.0196271018871617,0.01923791070804777,-2.3873139366560676,4.0,-0.2854561895659897,4.0,1.0,0.0,1.0,7.8,1.0,-0.48980292677879333,-14.661036491394043,0.019999999552965164
4.200114488601685,2.040586910434918,0.8775825618903728,0.479425538604203,0.0,0.0,-0.0517798827509307,-0.9963481553507393,-0.001473411330733952,0.06787507738875503,1.0,0.0,0.0,3.0374657552178177,0.1358242366929013,-0.004131124827438199,0.04854116977052636,0.09691699751777336,-2.539296661804639,4.0,0.28901372243389956,4.0,1.0,0.0,1.0,7.8,1.0,-0.48980292677879333,-14.788129806518555,0.019999999552965164
4.220144510269165,2.194247814430439,0.8775825618903728,0.479425538604203,0.0,0.0,0.022685604236548217,-0.9929924237411552,-0.11585073204703952,-0.005478835392114797,1.0,0.0,0.0,-3.097789132908384,-0.016137872243756454,0.23193295274517348,0.050427013449317826,-0.05096105257143879,-2.5930714856405332,4.0,2.184681982644308,4.0,1.0,0.0,1.0,7.8,1.0,-0.48980292677879333,-14.788129806518555,0.019999999552965164
4.240095853805542,2.276552021275854,0.8775825618903728,0.479425538604203,0.0,0.0,0.05821915680643925,-0.9808665496621973,-0.18576352117309436,-0.0018043657880180983,1.0,0.0,0.0,-3.0277709878791157,-0.025172333534591054,0.3729065652684677,-0.01240445840196469,0.08031991242576941,-3.117745100315632,4.0,2.9218757058389437,4.0,1.0,0.0,1.0,7.8,1.0,-0.5231985449790955,-14.91522216796875,0.019999999552965164
4.260090589523315,2.3139914133518724,0.8775825618903728,0.479425538604203,0.0,0.0,0.06725241471188058,-0.9618002751523033,-0.24465164420489663,-0.10277604983757484,1.0,0.0,0.0,-3.06023437496141,-0.2327013412173174,0.4886575839718616,-0.09620932179080766,-0.02661734687803019,-3.785578121328578,4.0,3.4150404603727895,4.0,1.0,0.0,1.0,7.8,1.0,-0.5454623699188232,-15.033236503601074,0.019999999552965164
4.2801127433776855,2.36075326283808,0.8775825618903728,0.479425538604203,0.0,0.0,0.09075309638032084,-0.9599403023962595,-0.2650891186752489,0.002500098546481436,1.0,0.0,0.0,-2.964949930242945,-0.043328982334659975,0.5350357373258846,-0.037065747946618016,0.046704524823612786,-4.308403250468061,4.0,4.0,4.0,1.0,1.0,1.0,7.8,1.0,-0.5677261352539062,-15.142172813415527,0.019999999552965164
4.300571441650391,2.0766156037674413,0.8775825618903728,0.479425538604203,0.0,0.0,-0.055961634317766844,-0.9564945945070307,-0.2726111627418831,-0.08757591056811097,1.0,0.0,0.0,2.984673153085186,-0.13745264982515404,0.5661216719696488,-0.02268758875739249,0.022945665331657428,-4.532973691674139,4.0,3.8532708287946695,4.0,1.0,0.0,1.0,7.8,1.0,-0.6233855485916138,-15.251110076904297,0.019999999552965164
4.320088148117065,1.9893605720592975,0.8775825618903728,0.479425538604203,0.0,0.0,-0.09845303754483274,-0.9560824753782571,-0.27587278676443533,-0.010368471227939807,1.0,0.0,0.0,2.9462581215755717,0.03450164489992168,0.558448717284201,-0.08925918880826259,0.05635223121794383,-5.106784477513269,4.0,4.0,4.0,1.0,1.0,1.0,7.8,1.0,-0.6679130792617798,-15.350968360900879,0.019999999552965164
4.340181589126587,2.439668970370594,0.8775825618903728,0.479425538604203,0.0,0.0,0.10421682388455623,-0.9078783016609265,-0.39845412005228636,-0.07829532046070996,1.0,0.0,0.0,-3.0110393490543523,-0.22716522990313956,0.8122309976415861,-0.09724728102707292,-0.0529964911925269,-5.276867017420197,4.0,4.0,4.0,1.0,1.0,1.0,7.8,1.0,-0.6679130792617798,-15.350968360900879,0.019999999552965164
4.36005973815918,2.1597218732489143,0.8775825618903728,0.479425538604203,0.0,0.0,-0.0479148828847837,-0.8956588821302434,-0.4394689027997545,0.04864580486866407,1.0,0.0,0.0,3.098140452363585,0.12961693094126006,0.9094838442645801,-0.05596805904910869,0.009127355917167262,-5.3732248318058655,4.0,4.0,4.0,1.0,1.0,1.0,7.8,1.0,-0.7013087272644043,-15.468982696533203,0.019999999552965164
4.3801093101501465,2.1354296322612,0.8775825618903728,0.479425538604203,0.0,0.0,-0.06623234416676539,-0.8843984178805758,-0.4571460423793478,-0.06685963635415083,1.0,0.0,0.0,2.962051247068508,-0.0577374789519794,0.9593514680737094,-0.034561457735589496,-0.07789261008105226,-6.071182581560129,4.0,4.0,4.0,1.0,1.0,1.0,7.8,1.0,-0.7569681406021118,-15.568840980529785,0.019999999552965164
4.4001195430755615,2.2878673038830617,0.8775825618903728,0.479425538604203,0.0,0.0,-0.0028383732373228783,-0.8583733957023023,-0.5115933577282866,0.03820070046689895,1.0,0.0,0.0,-3.1072917287103845,0.06853876399436215,1.0761271505613546,-0.06911367633258814,-0.05856439894311352,-8.178745907359042,4.0,4.0,4.0,1.0,1.0,1.0,7.8,1.0,-0.8237594366073608,-15.686854362487793,0.019999999552965164
4.422821044921875,2.2681740400902504,0.8775825618903728,0.479425538604203,0.0,0.0,-0.037322423349859114,-0.8139040680009076,-0.5784228851210726,0.03992706820043409,1.0,0.0,0.0,3.1269418836088905,0.1083819569212814,1.2349169436586473,0.015027823991946881,0.06047427673292671,-9.037569436731758,4.0,4.0,4.0,1.0,1.0,1.0,7.8,1.0,-0.8905507326126099,-15.777634620666504,0.019999999552965164
4.440110683441162,2.4369144454170577,0.8775825618903728,0.479425538604203,0.0,0.0,0.02009402742744997,-0.7565894947128651,-0.6535442381513564,0.006963858918683319,1.0,0.0,0.0,-3.1020692376822554,-0.015727755092728214,1.4245951623475759,0.04266013232401092,0.09898345745986645,-10.310711160787553,4.0,4.0,4.0,1.0,1.0,1.0,7.8,1.0,-0.9462102055549622,-15.895648956298828,0.019999999552965164
4.460110664367676,2.6484442273696938,0.8775825618903728,0.479425538604203,0.0,0.0,0.09349496619368756,-0.6802574168532821,-0.7241772686611615,-0.0638421621422777,1.0,0.0,0.0,-3.105958703703084,-0.2241442157725369,1.6293096822388695,-0.017522225406117697,-0.06948026096284575,-12.433914065479975,4.0,4.0,4.0,1.0,1.0,1.0,7.8,1.0,-1.001869559288025,-15.995508193969727,0.019999999552965164
4.4800944328308105,2.700568574048935,0.8775825618903728,0.479425538604203,0.0,0.0,0.08114538041502696,-0.6047676651332259,-0.7876788401376332,0.08505023954134369,1.0,0.0,0.0,-2.90724850976989,-0.02496432163507284,1.8290810876908548,-0.022169783359474282,0.039450263179509004,-13.332984343828752,4.0,4.0,4.0,1.0,1.0,1.0,7.8,1.0,-1.0575289726257324,-16.113521575927734,0.019999999552965164
4.500123500823975,2.700568574048935,0.8775825618903728,0.479425538604203,0.0,0.0,0.08114538041502696,-0.6047676651332259,-0.7876788401376332,0.08505023954134369,1.0,0.0,0.0,-2.90724850976989,-0.02496432163507284,1.8290810876908548,-0.022169783359474282,0.039450263179509004,-13.332984343828752,4.0,4.0,4.0,1.0,1.0,1.0,7.8,1.0,-1.0575289726257324,-16.113521575927734,0.019999999552965164
4.520072937011719,2.700568574048935,0.8775825618903728,0.479425538604203,0.0,0.0,0.08114538041502696,-0.6047676651332259,-0.7876788401376332,0.08505023954134369,1.0,0.0,0.0,-2.90724850976989,-0.02496432163507284,1.8290810876908548,-0.022169783359474282,0.039450263179509004,-13.332984343828752,4.0,4.0,4.0,1.0,1.0,1.0,7.8,1.0,-1.0575289726257324,-16.113521575927734,0.019999999552965164
4.540153980255127,2.7618630901211714,0.8775825618903728,0.479425538604203,0.0,0.0,0.05322708245266768,-0.4910820320648756,-0.8693788401362088,-0.0136289324611101,1.0,0.0,0.0,-3.112846648765696,-0.10613399028954734,2.1116966294102797,-0.035260741542405286,0.06738667204964618,-13.021013058819957,4.0,4.0,4.0,1.0,1.0,1.0,7.8,1.0,-1.0909247398376465,-16.204303741455078,0.019999999552965164
4.560097694396973,2.6123509877089233,0.8775825618903728,0.479425538604203,0.0,0.0,-0.08382509533666399,-0.3920939979053128,-0.9154090989112595,-0.03552227229363983,1.0,0.0,0.0,3.00939443415592,0.1259450666152331,2.3238749297149264,0.057428640215097165,-0.04692723260295717,-11.868314595554804,4.0,4.0,4.0,1.0,1.0,1.0,7.8,1.0,-1.1577160358428955,-16.31324005126953,0.019999999552965164
4.580106258392334,3.010903704053898,0.8775825618903728,0.479425538604203,0.0,0.0,0.0966036560769003,-0.31303227341664924,-0.9420447014445953,-0.0723208815788595,1.0,0.0,0.0,3.0636984147078525,-0.22929133663870294,2.5089437210841368,0.04617254933611609,0.036602189975171534,-12.523089676625244,4.0,4.0,4.0,1.0,1.0,1.0,7.8,1.0,-1.2022435665130615,-16.422176361083984,0.019999999552965164
4.60010290145874,3.0673109314034996,0.8775825618903728,0.479425538604203,0.0,0.0,0.0472630646382283,-0.16396615896875844,-0.9828161776325931,0.07038225925397548,1.0,0.0,0.0,-2.986753574596043,-0.06987804616042029,2.805548702021387,-0.013013333026491547,-0.08146742686585531,-13.728956599554929,3.3831125735338663,4.0,4.0,0.0,1.0,1.0,7.8,1.0,-1.2690348625183105,-16.52203369140625,0.019999999552965164
4.620126485824585,3.0491305615989046,0.8775825618903728,0.479425538604203,0.0,0.0,-0.05458822680645443,0.003527339245859684,-0.9933701371855107,0.10111109691824836,1.0,0.0,0.0,-2.937738689917379,0.10794885416041532,-3.1234391360133307,-0.043672487705563756,0.04525707195142897,-12.683508355855324,-0.410640478181161,4.0,4.0,0.0,1.0,1.0,7.8,1.0,-1.2690348625183105,-16.52203369140625,0.019999999552965164
4.640104055404663,3.0140570066335406,0.8775825618903728,0.479425538604203,0.0,0.0,-0.07178551358428127,-0.0015161905144789834,-0.9974026309588333,0.0057037673657074316,1.0,0.0,0.0,-3.1303159474590925,0.14370956451305808,3.139364069416568,-0.08571344169180165,-0.06513793794773348,-9.20307333009324,-0.3188507563950541,4.0,4.0,0.0,1.0,1.0,7.8,1.0,-1.302430510520935,-16.64004898071289,0.019999999552965164
4.660117149353027,3.0140570066335406,0.8775825618903728,0.479425538604203,0.0,0.0,-0.07178551358428127,-0.0015161905144789834,-0.9974026309588333,0.0057037673657074316,1.0,0.0,0.0,-3.1303159474590925,0.14370956451305808,3.139364069416568,-0.08571344169180165,-0.06513793794773348,-9.20307333009324,-0.3188507563950541,4.0,4.0,0.0,1.0,1.0,7.8,1.0,-1.302430510520935,-16.64004898071289,0.019999999552965164
4.6800501346588135,3.1364248567657986,0.8775825618903728,0.479425538604203,0.0,0.0,-0.06682362652797923,0.12770939378456528,-0.987730272276883,0.060115080509489556,1.0,0.0,0.0,-3.004406094162964,0.11691911693605458,-2.8763861407387723,0.09911650653029455,-0.01659032564855975,-7.95079647189357,2.4857837761705777,-4.0,4.0,0.0,1.0,1.0,7.8,1.0,-1.369221806526184,-16.739906311035156,0.019999999552965164
4.700092315673828,2.9410092092054674,0.8775825618903728,0.479425538604203,0.0,0.0,0.08823641558613576,0.047325258506181286,-0.9933750620227065,0.05639717212075526,1.0,0.0,0.0,-3.0359664557157577,-0.18163887703651566,-3.0560111414627196,0.0913569779083366,-0.07413863685314855,-7.052698694299557,-0.3808473009315205,-4.0,4.0,0.0,1.0,1.0,7.8,1.0,-1.4248812198638916,-16.857921600341797,0.019999999552965164
4.720098972320557,3.0445094475242023,0.8775825618903728,0.479425538604203,0.0,0.0,-0.08920132744448485,0.06207217759824334,-0.9921906902840175,0.0612192948675387,1.0,0.0,0.0,-3.006683419257886,0.17023040011267107,-3.0051060402133167,0.04515578959025285,-0.04440728126187781,-7.196429090850197,-2.125400260222264,4.0,4.0,0.0,1.0,1.0,7.8,1.0,-1.4248812198638916,-16.857921600341797,0.019999999552965164
4.740111351013184,2.901946232667245,0.8775825618903728,0.479425538604203,0.0,0.0,0.04927182213789717,0.15914170020985915,-0.9838907211420428,0.06484794251260119,1.0,0.0,0.0,-3.028646480217458,-0.11786893858640657,-2.827546834041855,-0.0060357115452022575,-0.0013759408947362495,-8.106686321690965,2.3448990683265296,-4.0,4.0,0.0,1.0,1.0,7.8,1.0,-1.4805406332015991,-16.948701858520508,0.019999999552965164
4.76008939743042,2.9103769534194535,0.8775825618903728,0.479425538604203,0.0,0.0,-0.05679800230827578,0.34456954278912993,-0.937022589865582,0.0058722395622451615,1.0,0.0,0.0,-3.0911597380946576,0.10257501415415687,-2.4342430170124953,-0.043383290691592795,-0.014521327613633117,-8.52427446567918,4.0,-4.0,4.0,1.0,1.0,1.0,7.8,1.0,-1.5362000465393066,-17.06671714782715,0.019999999552965164
4.780073165893555,2.8393559952801612,0.8775825618903728,0.479425538604203,0.0,0.0,-0.00392212864357298,0.32118815044826804,-0.9452894671322942,0.057014140765841416,1.0,0.0,0.0,-3.0310111175415377,-0.029213594188469732,-2.4881314492405044,-0.09026690618136604,0.04280191950633061,-8.8910632447097,4.0,-4.0,4.0,1.0,1.0,1.0,7.8,1.0,-1.5807275772094727,-17.15749740600586,0.019999999552965164
4.800097942352295,2.701319103777305,0.8775825618903728,0.479425538604203,0.0,0.0,-0.009066122083014922,0.4720636506437801,-0.8808000360685299,-0.03556700202321849,1.0,0.0,0.0,3.0874043463031158,0.04957095807601066,-2.1589537121201605,-0.003862964046812814,-0.06549407225529857,-10.011097636694117,4.0,-4.0,4.0,1.0,1.0,1.0,7.8,1.0,-1.6363869905471802,-17.24827766418457,0.019999999552965164
4.820115089416504,2.6558802567434316,0.8775825618903728,0.479425538604203,0.0,0.0,-0.03559312588500747,0.5667447221632185,-0.8230497644445123,0.01107404793664757,1.0,0.0,0.0,-3.0829234138128747,0.04605378922475201,-1.9341853408368275,-0.05220476102606686,-0.05267647917234191,-11.86684931313758,4.0,-4.0,4.0,1.0,1.0,1.0,7.8,1.0,-1.7031782865524292,-17.348134994506836,0.019999999552965164
4.840115308761597,2.6326814344773917,0.8775825618903728,0.479425538604203,0.0,0.0,-0.08154482290251601,0.6743088825940533,-0.7338956540824254,0.0074257411404887305,1.0,0.0,0.0,-3.019685084359439,0.10989737534778732,-1.6486601771130207,-0.02963351710921125,-0.0620043697575797,-11.983443802488951,4.0,-4.0,4.0,1.0,1.0,1.0,7.8,1.0,-1.7588376998901367,-17.457073211669922,0.019999999552965164
4.860098838806152,2.5367492049579057,0.8775825618903728,0.479425538604203,0.0,0.0,0.07537240398561389,-0.7591969503237682,0.6407821823373916,-0.08565737642170086,1.0,0.0,0.0,-2.915320659567598,-0.033473301452706834,-1.4058351788289556,0.07820520167506573,0.038816944164961564,-11.694790703175496,4.0,-4.0,4.0,1.0,1.0,1.0,7.8,1.0,-1.8033653497695923,-17.547853469848633,0.019999999552965164
4.8801658153533936,2.5755242811623345,0.8775825618903728,0.479425538604203,0.0,0.0,0.11145207224214862,-0.7865221142200122,0.6068363558845287,-0.02666526978297108,1.0,0.0,0.0,-2.9314573547970246,0.09345667472275417,-1.3044318275487756,0.09031125253982664,0.08484000476393183,-11.558793946420002,4.0,-4.0,4.0,1.0,1.0,1.0,7.8,1.0,-1.8367609977722168,-17.638633728027344,0.019999999552965164
4.9001243114471436,2.3908786412842513,0.8775825618903728,0.479425538604203,0.0,0.0,0.01940604960671009,-0.800197491628872,0.5960000616511166,0.06396331871774757,1.0,0.0,0.0,3.096029847248039,0.12583037647865006,-1.2832213131895704,-0.0819953045251342,-0.07801316760145134,-11.282058230897793,4.0,-4.0,4.0,1.0,1.0,1.0,7.8,1.0,-1.8367609977722168,-17.638633728027344,0.019999999552965164
4.9210450649261475,2.3908786412842513,0.8775825618903728,0.479425538604203,0.0,0.0,0.01940604960671009,-0.800197491628872,0.5960000616511166,0.06396331871774757,1.0,0.0,0.0,3.096029847248039,0.12583037647865006,-1.2832213131895704,-0.0819953045251342,-0.07801316760145134,-11.282058230897793,4.0,-4.0,4.0,1.0,1.0,1.0,7.8,1.0,-1.8367609977722168,-17.638633728027344,0.019999999552965164
4.940093517303467,2.1796021573995823,0.8775825618903728,0.479425538604203,0.0,0.0,-0.058381336051136275,-0.8581672253882192,0.5000874010865617,0.10026576756230397,1.0,0.0,0.0,2.9384036468915284,0.11394445308594872,-1.0668901718133939,0.09173549716955759,-0.04610155634786453,-11.427402384457725,4.0,-4.0,4.0,1.0,1.0,1.0,7.8,1.0,-1.8924204111099243,-17.729413986206055,0.019999999552965164
4.9600889682769775,2.351687363002333,0.8775825618903728,0.479425538604203,0.0,0.0,0.036079846329812426,-0.8685968739435957,0.491107037405036,-0.05524122623076925,1.0,0.0,0.0,-3.0241718333529595,-0.06056359719611094,-1.03274441093162,-0.007421891427864161,-0.07498950822835078,-11.091264289247341,4.0,-4.0,4.0,1.0,1.0,1.0,7.8,1.0,-1.9369479417800903,-17.820194244384766,0.019999999552965164
4.980133533477783,2.225310593673734,0.8775825618903728,0.479425538604203,0.0,0.0,0.013575037571010811,-0.9473730240918817,0.3197345170486964,0.008361231104637386,1.0,0.0,0.0,-3.12121061273464,0.024525684420340355,-0.65073439675263,0.026478396805171,0.03725996181156471,-11.075179904802527,4.0,-4.0,4.0,1.0,1.0,1.0,7.8,1.0,-1.9703435897827148,-17.92005157470703,0.019999999552965164
5.000097990036011,2.2908315010059406,0.7701511529340699,0.42073549240394825,0.42073549240394825,-0.22984884706593015,-0.1053382164248097,-0.9769556472680974,0.18553260478385336,-0.006259072897117765,1.0,1.0,0.0,2.9363880368828696,-0.0513395706666758,-0.37006083251538385,-0.021386033119281708,-0.07591178123776308,-10.851202206554543,4.0,-4.0,4.0,1.0,1.0,1.0,7.8,1.0,-2.014871120452881,-18.010833740234375,0.019999999552965164
5.020094156265259,2.290211627069632,0.7701511529340699,0.42073549240394825,0.42073549240394825,-0.22984884706593015,-0.08115824950937577,-0.9783016682101716,0.17986469022660628,0.06314964547371821,1.0,1.0,0.0,2.9582422274265023,0.09450440853210983,-0.3723414388510084,0.004456548426189505,-0.040873649501347004,-11.427682420895803,4.0,-4.0,4.0,1.0,1.0,1.0,7.8,1.0,-2.048266649246216,-18.0925350189209,0.019999999552965164
5.040123224258423,2.1436541364266306,0.7701511529340699,0.42073549240394825,0.42073549240394825,-0.22984884706593015,-0.06400293082198531,-0.9965555097383889,-0.04144393603970749,-0.03260584336882504,1.0,1.0,0.0,3.0107191761365315,-0.059717486513105,0.08704092830086137,-0.05689849804969158,0.09884332611855412,-10.929076127670648,4.0,-4.0,4.0,1.0,1.0,1.0,7.8,1.0,-2.048266649246216,-18.0925350189209,0.019999999552965164
5.060133934020996,2.1436541364266306,0.7701511529340699,0.42073549240394825,0.42073549240394825,-0.22984884706593015,-0.06400293082198531,-0.9965555097383889,-0.04144393603970749,-0.03260584336882504,1.0,1.0,0.0,3.0107191761365315,-0.059717486513105,0.08704092830086137,-0.05689849804969158,0.09884332611855412,-10.929076127670648,4.0,-4.0,4.0,1.0,1.0,1.0,7.8,1.0,-2.048266649246216,-18.0925350189209,0.019999999552965164
5.080117225646973,2.1436541364266306,0.7701511529340699,0.42073549240394825,0.42073549240394825,-0.22984884706593015,-0.06400293082198531,-0.9965555097383889,-0.04144393603970749,-0.03260584336882504,1.0,1.0,0.0,3.0107191761365315,-0.059717486513105,0.08704092830086137,-0.05689849804969158,0.09884332611855412,-10.929076127670648,4.0,-4.0,4.0,1.0,1.0,1.0,7.8,1.0,-2.048266649246216,-18.0925350189209,0.019999999552965164
5.100111961364746,2.3569176029095575,0.7701511529340699,0.42073549240394825,0.42073549240394825,-0.22984884706593015,0.07215919489063209,-0.9953793187013706,-0.011432066819636997,0.06230866988278927,1.0,1.0,0.0,-2.994891888918557,0.12269930908646949,0.03199674642449465,0.061482980523669795,-0.06764613309441997,-9.610315315913462,4.0,-2.9975547887676273,4.0,1.0,0.0,1.0,7.8,1.0,-2.103926181793213,-18.18331527709961,0.019999999552965164
5.120102643966675,2.3299334663395532,0.7701511529340699,0.42073549240394825,0.42073549240394825,-0.22984884706593015,0.06618949216114389,-0.991435535253414,-0.098156041214372,-0.05513548891003736,1.0,1.0,0.0,-3.019960369239473,-0.12262746696455815,0.1898884751894486,-0.06657962739056214,-0.04827654810528921,-10.089943924442832,4.0,-2.759584105751017,4.0,1.0,0.0,1.0,7.8,1.0,-2.148453712463379,-18.283174514770508,0.019999999552965164
5.140090227127075,2.0051623671433894,0.7701511529340699,0.42073549240394825,0.42073549240394825,-0.22984884706593015,-0.03759589428159966,-0.9664937257513576,-0.25331248164890763,-0.017584466363761327,1.0,1.0,0.0,3.059911625500051,-0.014944090489342195,0.5132681380398357,-0.06261187926552414,0.04334941102021711,-8.28688887623618,4.0,-1.1788957435421008,4.0,1.0,0.0,1.0,7.8,1.0,-2.181849479675293,-18.37395477294922,0.019999999552965164
5.160411834716797,2.009051184802332,0.7701511529340699,0.42073549240394825,0.42073549240394825,-0.22984884706593015,0.0007482878943657635,-0.9507076387605299,-0.30846270913921675,0.03170461698396988,1.0,1.0,0.0,-3.1205712700138997,0.05985774342083684,0.6281087709878225,-0.04012149999981654,-0.057994904844578234,-7.565217127073906,4.0,0.8859385259538903,4.0,1.0,0.0,1.0,7.8,1.0,-2.226377010345459,-18.455656051635742,0.019999999552965164
5.180100440979004,2.2850598269276094,0.7701511529340699,0.42073549240394825,0.42073549240394825,-0.22984884706593015,0.09286176660850039,-0.9693740844047618,-0.21967892514735776,-0.058581111570877926,1.0,1.0,0.0,-2.9847811984248462,-0.1549933904099076,0.43350883704621623,0.060091637547832616,-0.016808465005689444,-6.012036919964921,4.0,-0.7167751384029898,4.0,1.0,0.0,1.0,7.8,1.0,-2.259772539138794,-18.546436309814453,0.019999999552965164
5.200087308883667,2.0179629032656488,0.7701511529340699,0.42073549240394825,0.42073549240394825,-0.22984884706593015,-0.015710976142184103,-0.9401393447783805,-0.33379792026927185,-0.06685900128065178,1.0,1.0,0.0,3.0668499102452675,-0.11548147818215208,0.6866584466444875,0.08863289457603193,-0.004568396900847274,-4.354502057896066,4.0,0.14316935870268838,4.0,1.0,0.0,1.0,7.8,1.0,-2.315432071685791,-18.637216567993164,0.019999999552965164
5.220094680786133,2.0356251210572887,0.7701511529340699,0.42073549240394825,0.42073549240394825,-0.22984884706593015,0.026668823394350043,-0.879968187429808,-0.46585028439357834,-0.08904086421796047,1.0,1.0,0.0,3.1049516652859066,-0.1825660910504827,0.9771258266715199,0.08624729793949978,0.05666759872961111,-3.9903463529672485,4.0,2.3787961846171584,4.0,1.0,0.0,1.0,7.8,1.0,-2.348827600479126,-18.727996826171875,0.019999999552965164
5.240101099014282,1.809498096465576,0.7701511529340699,0.42073549240394825,0.42073549240394825,-0.22984884706593015,-0.05670637728756326,-0.8984782392649343,-0.43033354841006355,0.06583522958953754,1.0,1.0,0.0,3.095694698371804,0.16789605036799138,0.8894830874291522,-0.007813142345240442,-0.03828868332389926,-3.976607597033177,4.0,2.728125197569633,4.0,1.0,0.0,1.0,7.8,1.0,-2.348827600479126,-18.727996826171875,0.019999999552965164
5.260092735290527,1.985747083288455,0.7701511529340699,0.42073549240394825,0.42073549240394825,-0.22984884706593015,-0.0029672240214262567,-0.8949559205631499,-0.4396029358772812,-0.07612065815957197,1.0,1.0,0.0,3.068637316888163,-0.13404149617612812,0.9180657930859637,0.06054032437322798,0.00910001514377197,-3.0408693365462773,4.0,1.9552207860291972,4.0,1.0,0.0,1.0,7.8,1.0,-2.371091365814209,-18.80970001220703,0.019999999552965164
5.280102729797363,2.175124102997115,0.7701511529340699,0.42073549240394825,0.42073549240394825,-0.22984884706593015,0.0895027185854616,-0.9028358973636424,-0.41186332015514954,-0.08511880701804315,1.0,1.0,0.0,-3.0474938329069463,-0.22942990349850928,0.845126598978339,0.013764528585934618,0.08455228178883498,-2.8410892952528832,4.0,1.8923046320836172,4.0,1.0,0.0,1.0,7.8,1.0,-2.393355131149292,-18.900480270385742,0.019999999552965164
5.300092935562134,1.9242155904757345,0.7701511529340699,0.42073549240394825,0.42073549240394825,-0.22984884706593015,0.0366080244903236,-0.8232288849437374,-0.5614449536630978,0.07572066787508477,1.0,1.0,0.0,-2.9952614623322185,0.08366166173159392,1.2032263968899775,0.018781206608275786,0.02147478712084798,-4.004849314116068,4.0,4.0,4.0,1.0,1.0,1.0,7.8,1.0,-2.437882661819458,-18.991260528564453,0.019999999552965164
5.320116758346558,1.9242155904757345,0.7701511529340699,0.42073549240394825,0.42073549240394825,-0.22984884706593015,0.0366080244903236,-0.8232288849437374,-0.5614449536630978,0.07572066787508477,1.0,1.0,0.0,-2.9952614623322185,0.08366166173159392,1.2032263968899775,0.018781206608275786,0.02147478712084798,-4.004849314116068,4.0,4.0,4.0,1.0,1.0,1.0,7.8,1.0,-2.437882661819458,-18.991260528564453,0.019999999552965164
5.34010910987854,1.9242155904757345,0.7701511529340699,0.42073549240394825,0.42073549240394825,-0.22984884706593015,0.0366080244903236,-0.8232288849437374,-0.5614449536630978,0.07572066787508477,1.0,1.0,0.0,-2.9952614623322185,0.08366166173159392,1.2032263968899775,0.018781206608275786,0.02147478712084798,-4.004849314116068,4.0,4.0,4.0,1.0,1.0,1.0,7.8,1.0,-2.437882661819458,-18.991260528564453,0.019999999552965164
5.3601250648498535,1.821244223441716,0.7701511529340699,0.42073549240394825,0.42073549240394825,-0.22984884706593015,-0.04260782143788876,-0.886252553045953,-0.45620418165681453,0.06796124197425728,1.0,1.0,0.0,3.127903161618782,0.16001942253253162,0.9496681990825295,0.04184210019453133,-0.06420420035008534,-5.267155405692695,4.0,3.422999457860014,4.0,1.0,0.0,1.0,7.8,1.0,-2.449014663696289,-19.072961807250977,0.019999999552965164
5.3801093101501465,1.7779229631612885,0.7701511529340699,0.42073549240394825,0.42073549240394825,-0.22984884706593015,-0.08214435068992258,-0.8585169702145005,-0.5052860462155747,-0.029781353281508046,1.0,1.0,0.0,2.969516851691458,0.03188259514965828,1.061175727658225,-0.03161012826930931,0.016674800928683092,-5.852309198427434,4.0,2.8278283781053837,4.0,1.0,0.0,1.0,7.8,1.0,-2.482410192489624,-19.163742065429688,0.019999999552965164
5.400083541870117,2.036738057970029,0.7701511529340699,0.42073549240394825,0.42073549240394825,-0.22984884706593015,0.04283816815275367,-0.8503173355828955,-0.5185290765827789,-0.07907538741436874,1.0,1.0,0.0,3.1322887155154384,-0.1798723832383017,1.096037049524457,0.06455120225268557,0.08146811904673665,-4.706460447223007,4.0,3.4472279767486174,4.0,1.0,0.0,1.0,7.8,1.0,-2.504673957824707,-19.2545223236084,0.019999999552965164
5.420100212097168,1.7195464443686883,0.7701511529340699,0.42073549240394825,0.42073549240394825,-0.22984884706593015,-0.0969302106878019,-0.7102504398455161,-0.6948660068760295,-0.05753328987143974,1.0,1.0,0.0,2.9218777270129954,0.05300574543572505,1.5430514993593603,-0.013165196970322146,-0.09086581986042455,-3.441216717891637,4.0,4.0,4.0,1.0,1.0,1.0,7.8,1.0,-2.515805959701538,-19.336225509643555,0.019999999552965164
5.4401068687438965,1.9730193388341764,0.7701511529340699,0.42073549240394825,0.42073549240394825,-0.22984884706593015,0.0208328597841496,-0.8022833900411994,-0.5910741949185052,-0.08086192007772026,1.0,1.0,0.0,3.078633754132832,-0.15499573192246707,1.2748115772322792,0.029325983376446263,0.029624963882073002,-4.181708175805637,4.0,4.0,4.0,1.0,1.0,1.0,7.8,1.0,-2.52693772315979,-19.427005767822266,0.019999999552965164
5.4601171016693115,1.7564288422050127,0.7701511529340699,0.42073549240394825,0.42073549240394825,-0.22984884706593015,-0.08003667843689083,-0.7020622517284661,-0.7046078037852331,-0.06504281395892998,1.0,1.0,0.0,2.9360608359420883,0.021462375254914907,1.5722021006241638,0.02906065904947039,-0.0533925202537972,-5.3512049046216745,4.0,4.0,4.0,1.0,1.0,1.0,7.8,1.0,-2.52693772315979,-19.427005767822266,0.019999999552965164
5.4802258014678955,1.7564288422050127,0.7701511529340699,0.42073549240394825,0.42073549240394825,-0.22984884706593015,-0.08003667843689083,-0.7020622517284661,-0.7046078037852331,-0.06504281395892998,1.0,1.0,0.0,2.9360608359420883,0.021462375254914907,1.5722021006241638,0.02906065904947039,-0.0533925202537972,-5.3512049046216745,4.0,4.0,4.0,1.0,1.0,1.0,7.8,1.0,-2.52693772315979,-19.427005767822266,0.019999999552965164
5.500073194503784,1.7537679259038557,0.7701511529340699,0.42073549240394825,0.42073549240394825,-0.22984884706593015,-0.05651621857674592,-0.7446158183611312,-0.6649716811285608,0.012878795798673792,1.0,1.0,0.0,3.074203644624468,0.09448339447292999,1.4547257373223872,0.06422997705352251,-0.06473305042928357,-6.148607082034531,4.0,4.0,4.0,1.0,1.0,1.0,7.8,1.0,-2.560333490371704,-19.517786026000977,0.019999999552965164
5.520795106887817,1.8757070416820338,0.7701511529340699,0.42073549240394825,0.42073549240394825,-0.22984884706593015,-0.02499659365277898,-0.6408802443030642,-0.7630411776155008,-0.08009896398176561,1.0,1.0,0.0,2.986370697089663,-0.0645656767889039,1.7494100848734868,-0.08723928173877403,0.06617111603861256,-6.742518736757465,4.0,4.0,4.0,1.0,1.0,1.0,7.8,1.0,-2.571465253829956,-19.599489212036133,0.019999999552965164
5.540095567703247,1.896159380328715,0.7701511529340699,0.42073549240394825,0.42073549240394825,-0.22984884706593015,0.01030336946854723,-0.5636950910432499,-0.8253982313079444,0.029316286685969833,1.0,1.0,0.0,-3.081537697728081,0.016042816066239567,1.9437098525114118,0.07085051465535389,0.10056540348333087,-7.017813363023862,4.0,4.0,4.0,1.0,1.0,1.0,7.8,1.0,-2.582597255706787,-19.690269470214844,0.019999999552965164
5.560108184814453,1.9608854252960541,0.7701511529340699,0.42073549240394825,0.42073549240394825,-0.22984884706593015,0.04785962863276829,-0.5516766159260018,-0.8311205999918685,0.05099917309844268,1.0,1.0,0.0,-3.0035382287507923,-0.02328624850456633,1.9679873919261466,-0.01516035169272753,-0.02881196331983274,-7.8602038433887405,4.0,4.0,4.0,1.0,1.0,1.0,7.8,1.0,-2.615992784500122,-19.771970748901367,0.019999999552965164
5.580092430114746,1.8639531425140865,0.7701511529340699,0.42073549240394825,0.42073549240394825,-0.22984884706593015,-0.06593489868167078,-0.44319412264954666,-0.8912852091434165,-0.06958616778435699,1.0,1.0,0.0,2.957787981206283,0.05588231941982347,2.2135461289123564,-0.00432897241291455,0.0773810215876665,-8.365765906338329,4.0,4.0,4.0,1.0,1.0,1.0,7.8,1.0,-2.627124786376953,-19.862751007080078,0.019999999552965164
5.600115060806274,2.1288226457647936,0.7701511529340699,0.42073549240394825,0.42073549240394825,-0.22984884706593015,0.05564238427799262,-0.30040603400595767,-0.9521795943843973,0.0037629566349355156,1.0,1.0,0.0,-3.1007646067057704,-0.1038890330692944,2.52825106758465,-0.007980063149326533,-0.033353958809179116,-7.698972795622001,4.0,4.0,4.0,1.0,1.0,1.0,7.8,1.0,-2.649388551712036,-19.944454193115234,0.019999999552965164
5.620105981826782,2.0212175330123183,0.7701511529340699,0.42073549240394825,0.42073549240394825,-0.22984884706593015,-0.03145644868207479,-0.26614907335381016,-0.9624733643713572,-0.04266363164219567,1.0,1.0,0.0,3.0424902184467904,0.03785125364431712,2.6001462681019585,0.05116635971533362,-0.003034569536811735,-7.701477364824469,4.0,4.0,4.0,1.0,1.0,1.0,7.8,1.0,-2.660520315170288,-20.02615737915039,0.019999999552965164
5.640161037445068,2.029401460820822,0.7701511529340699,0.42073549240394825,0.42073549240394825,-0.22984884706593015,-0.02013001187746877,-0.25153851546163275,-0.9676346544234916,-0.002516628677556918,1.0,1.0,0.0,3.1265841252908397,0.037699865799008886,2.6326636036467277,0.0561555002820282,0.014743963967651277,-8.628265576177524,4.0,4.0,4.0,1.0,1.0,1.0,7.8,1.0,-2.660520315170288,-20.02615737915039,0.019999999552965164
5.660104990005493,1.8460130979496219,0.7701511529340699,0.42073549240394825,0.42073549240394825,-0.22984884706593015,-0.09439341016675827,-0.249019659643544,-0.9588973140558208,0.09795424607762597,1.0,1.0,0.0,-2.996364815195871,0.23188475587545732,2.65037355978726,0.005220650677577071,-0.03578580504856135,-9.777435844666806,4.0,4.0,4.0,1.0,1.0,1.0,7.8,1.0,-2.682784080505371,-20.1169376373291,0.019999999552965164
5.680109977722168,2.0083681851852524,0.7701511529340699,0.42073549240394825,0.42073549240394825,-0.22984884706593015,-0.07335166617971968,-0.12776219059900412,-0.9879592058564779,0.04725424092544792,1.0,1.0,0.0,-3.0659559247203574,0.15766390615535952,2.8903593468114237,-0.011300974799641678,-0.07390245693946028,-9.149025257372545,4.0,4.0,4.0,1.0,1.0,1.0,7.8,1.0,-2.705047845840454,-20.198638916015625,0.019999999552965164
5.700067520141602,2.270997105998117,0.7701511529340699,0.42073549240394825,0.42073549240394825,-0.22984884706593015,-0.00989057966262762,-0.0002726946661918432,-0.9995395195925427,-0.028685376836726367,1.0,1.0,0.0,3.0842002260751924,0.019757691221679276,3.1404798679694133,-0.016556944234341925,0.04490187229817824,-8.325130277861767,4.0,4.0,4.0,1.0,1.0,1.0,7.8,1.0,-2.716179847717285,-20.28034210205078,0.019999999552965164
5.720103025436401,2.270997105998117,0.7701511529340699,0.42073549240394825,0.42073549240394825,-0.22984884706593015,-0.00989057966262762,-0.0002726946661918432,-0.9995395195925427,-0.028685376836726367,1.0,1.0,0.0,3.0842002260751924,0.019757691221679276,3.1404798679694133,-0.016556944234341925,0.04490187229817824,-8.325130277861767,4.0,4.0,4.0,1.0,1.0,1.0,7.8,1.0,-2.716179847717285,-20.28034210205078,0.019999999552965164
5.740109920501709,2.270997105998117,0.7701511529340699,0.42073549240394825,0.42073549240394825,-0.22984884706593015,-0.00989057966262762,-0.0002726946661918432,-0.9995395195925427,-0.028685376836726367,1.0,1.0,0.0,3.0842002260751924,0.019757691221679276,3.1404798679694133,-0.016556944234341925,0.04490187229817824,-8.325130277861767,4.0,4.0,4.0,1.0,1.0,1.0,7.8,1.0,-2.716179847717285,-20.28034210205078,0.019999999552965164
5.760098457336426,2.3603007165851326,0.7701511529340699,0.42073549240394825,0.42073549240394825,-0.22984884706593015,-0.017332369703607135,0.09836532758842699,-0.9941494659038509,-0.04111800982497756,1.0,1.0,0.0,3.063095957132986,0.042563956133842715,-2.946017926807549,-0.05519822640245218,-0.09087833838727932,-7.879593017535191,3.475900927746883,4.0,4.0,0.0,1.0,1.0,7.8,1.0,-2.716179847717285,-20.343887329101562,0.019999999552965164
5.780138254165649,2.4211175052920852,0.7701511529340699,0.42073549240394825,0.42073549240394825,-0.22984884706593015,-0.008282843753315195,0.18580815853464153,-0.9812920869666093,0.0497248708197437,1.0,1.0,0.0,-3.0407543137469695,-0.002222797125769909,-2.7674347943446533,-0.03682595131251658,-0.0732064584247028,-7.603526663433865,1.3081554642512938,4.0,4.0,0.0,1.0,1.0,7.8,1.0,-2.716179847717285,-20.41651153564453,0.019999999552965164
5.800095558166504,2.402249770764466,0.7701511529340699,0.42073549240394825,0.42073549240394825,-0.22984884706593015,-0.0709720758110524,0.25068495446342465,-0.9651024917081964,0.026404517783359945,1.0,1.0,0.0,-3.0542618478588275,0.12407029019615463,-2.627897739783411,-0.07001533607790245,0.08576412262659042,-8.117002011520649,0.03591332954740645,4.0,4.0,0.0,1.0,1.0,7.8,1.0,-2.716179847717285,-20.480058670043945,0.019999999552965164
5.820087671279907,2.4208009273271176,0.7701511529340699,0.42073549240394825,0.42073549240394825,-0.22984884706593015,-0.0794659634942024,0.2579147884951198,-0.9626424447887557,-0.022014677208246042,1.0,1.0,0.0,3.14017981025834,0.16509946104976092,-2.6181582213721017,-0.06715392009458637,-0.020402782273512,-8.65165848075737,0.23775746294631506,4.0,4.0,0.0,1.0,1.0,7.8,1.0,-2.716179847717285,-20.480058670043945,0.019999999552965164
5.840086936950684,2.8090309839636114,0.7701511529340699,0.42073549240394825,0.42073549240394825,-0.22984884706593015,0.09099554166786644,0.3846374587252883,-0.917201517924227,0.0501518918827358,1.0,1.0,0.0,-3.119112806421775,-0.206977741818936,-2.349760151591939,0.10038499587613162,-0.021777315596080732,-8.988817672645563,-1.7660779389642371,4.0,4.0,0.0,1.0,1.0,7.8,1.0,-2.716179847717285,-20.552682876586914,0.019999999552965164
5.860111236572266,2.6385599254853194,0.7701511529340699,0.42073549240394825,0.42073549240394825,-0.22984884706593015,-0.061415968894437324,0.40877335207780835,-0.9096906867191853,-0.03994095507379384,1.0,1.0,0.0,3.118895462602141,0.14489917901842464,-2.298606473231925,0.09308546703487186,-0.04323435139505223,-9.03219637075923,-2.6675661356722795,4.0,4.0,0.0,1.0,1.0,7.8,1.0,-2.727311611175537,-20.63438606262207,0.019999999552965164
5.880093812942505,2.883190030434439,0.7701511529340699,0.42073549240394825,0.42073549240394825,-0.22984884706593015,0.08624643894928073,0.4467934521957883,-0.8896178549340853,0.038951701195386636,1.0,1.0,0.0,3.133686779683094,-0.18938963021443644,-2.2099805089855815,0.0648722164771661,0.08969349479254835,-6.364404903532899,-2.6539344512909433,4.0,4.0,0.0,1.0,1.0,7.8,1.0,-2.727311611175537,-20.69793128967285,0.019999999552965164
5.900099992752075,2.799330903696493,0.7701511529340699,0.42073549240394825,0.42073549240394825,-0.22984884706593015,0.04590844566023952,0.41745876326942455,-0.907532431491492,-0.0023412342394214312,1.0,1.0,0.0,3.098858718789744,-0.08146213744959624,-2.277584541217985,-0.03655426559471389,-0.013975909576535384,-4.678238474873362,-1.7059971766251816,4.0,4.0,0.0,1.0,1.0,7.8,1.0,-2.727311611175537,-20.77055549621582,0.019999999552965164
5.920128345489502,3.0365706080188444,0.7701511529340699,0.42073549240394825,0.42073549240394825,-0.22984884706593015,0.07274949740754397,0.564574812047311,-0.8221693517541445,0.0005909863474874308,1.0,1.0,0.0,3.0597342305507023,-0.12058414019309875,-1.9331753677685164,-0.04314157062403308,0.035488921690948916,-1.7923811434295491,-4.0,4.0,4.0,1.0,1.0,1.0,7.8,1.0,-2.727311611175537,-20.852258682250977,0.019999999552965164
5.940110921859741,2.613543470905887,0.7701511529340699,0.42073549240394825,0.42073549240394825,-0.22984884706593015,-0.08563748446075034,0.4507759238733686,-0.8871282394452427,0.04970688574161441,1.0,1.0,0.0,-2.974458861106982,0.10733550874530035,-2.1923335503636996,0.0315115227305601,0.0767883601574611,-0.14857195699509182,-4.0,4.0,4.0,1.0,1.0,1.0,7.8,1.0,-2.716179847717285,-20.915803909301758,0.019999999552965164
5.9601075649261475,2.855996552720011,0.7701511529340699,0.42073549240394825,0.42073549240394825,-0.22984884706593015,0.06023501355502081,0.469554752376564,-0.8777498055783599,0.07379265864407879,1.0,1.0,0.0,-3.0674045679172512,-0.17594835549924792,-2.1657044771106224,-0.06644911046495072,-0.09164599001189676,-0.09689311484324001,-3.045854269466894,4.0,4.0,0.0,1.0,1.0,7.8,1.0,-2.716179847717285,-20.988428115844727,0.019999999552965164
5.9801185131073,2.866984756745315,0.7701511529340699,0.42073549240394825,0.42073549240394825,-0.22984884706593015,0.055579469297924206,0.45587462023712483,-0.8882535168129619,-0.009743874261475894,1.0,1.0,0.0,3.0732788175157166,-0.08997469659691239,-2.190171768918268,0.02221243074951576,0.012705847269033052,-0.3185332266518909,-2.477739093185051,4.0,4.0,0.0,1.0,1.0,7.8,1.0,-2.716179847717285,-20.988428115844727,0.019999999552965164
6.000099182128906,2.866984756745315,0.7701511529340699,0.42073549240394825,0.42073549240394825,-0.22984884706593015,0.055579469297924206,0.45587462023712483,-0.8882535168129619,-0.009743874261475894,1.0,1.0,0.0,3.0732788175157166,-0.08997469659691239,-2.190171768918268,0.02221243074951576,0.012705847269033052,-0.3185332266518909,-2.477739093185051,4.0,4.0,0.0,1.0,1.0,7.8,1.0,-2.716179847717285,-20.988428115844727,0.019999999552965164
6.020068883895874,3.023101654971329,0.7701511529340699,0.42073549240394825,0.42073549240394825,-0.22984884706593015,0.04567093650453048,0.5751990076002208,-0.8161694976061228,-0.030456828329446812,1.0,1.0,0.0,3.0390776458597024,-0.03952326474699773,-1.9117453812177894,-0.035784681374204194,0.045440365743338706,-0.241391622036145,-4.0,4.0,4.0,1.0,1.0,1.0,7.8,1.0,-2.716179847717285,-21.05197525024414,0.019999999552965164
6.0401036739349365,2.8444102658990946,0.7701511529340699,0.42073549240394825,0.42073549240394825,-0.22984884706593015,0.04974034449141309,0.4780371441655539,-0.8724169577742924,0.08885403038560212,1.0,1.0,0.0,-3.0322740021108583,-0.1725953297777809,-2.148530114139136,-0.01329282949346429,-0.0047545563456634216,0.7662506645062529,-3.628695516299125,4.0,4.0,0.0,1.0,1.0,7.8,1.0,-2.716179847717285,-21.115520477294922,0.019999999552965164
6.060124158859253,3.0603475595690846,0.7701511529340699,0.42073549240394825,0.42073549240394825,-0.22984884706593015,0.08121386497892456,0.5440626925012692,-0.8315134660160461,-0.07736569393107133,1.0,1.0,0.0,2.9225312629180467,-0.0508992440985379,-1.977203986646807,0.09484278740402688,0.09424396631362972,1.2005773299435354,-3.602732141845807,4.0,4.0,0.0,1.0,1.0,7.8,1.0,-2.705047845840454,-21.179067611694336,0.019999999552965164
6.080110311508179,2.8653728916746637,0.7701511529340699,0.42073549240394825,0.42073549240394825,-0.22984884706593015,0.05092219811562379,0.4880036283608841,-0.8682441396018366,0.07356291520020077,1.0,1.0,0.0,-3.062447923117299,-0.1609173164060333,-2.123870240511139,0.024940815669470456,-0.058242528524630015,0.5390319753359403,-3.815711178875275,4.0,4.0,0.0,1.0,1.0,7.8,1.0,-2.705047845840454,-21.179067611694336,0.019999999552965164
6.100094556808472,2.716558375715171,0.7701511529340699,0.42073549240394825,0.42073549240394825,-0.22984884706593015,-0.08664208017062153,0.5117187744483964,-0.8547728745462184,-0.0006154354016820112,1.0,1.0,0.0,-3.0528699158711894,0.14930253154680106,-2.0560847117605876,0.012329717202980442,-0.04303558229374467,-0.45788085718193294,-4.0,4.0,4.0,1.0,1.0,1.0,7.8,1.0,-2.705047845840454,-21.251691818237305,0.019999999552965164
6.120105266571045,3.0640456655926855,0.7701511529340699,0.42073549240394825,0.42073549240394825,-0.22984884706593015,0.09306798526400001,0.5331078563426259,-0.8374211976212748,-0.07655129913476097,1.0,1.0,0.0,2.9114961007528333,-0.07432241445629566,-1.9991959041517577,0.05234533635684688,0.09426069387242395,-1.2739140131313855,-3.143950950946296,4.0,4.0,0.0,1.0,1.0,7.8,1.0,-2.693916082382202,-21.33339500427246,0.019999999552965164
6.140147924423218,3.0640456655926855,0.7701511529340699,0.42073549240394825,0.42073549240394825,-0.22984884706593015,0.09306798526400001,0.5331078563426259,-0.8374211976212748,-0.07655129913476097,1.0,1.0,0.0,2.9114961007528333,-0.07432241445629566,-1.9991959041517577,0.05234533635684688,0.09426069387242395,-1.2739140131313855,-3.143950950946296,4.0,4.0,0.0,1.0,1.0,7.8,1.0,-2.693916082382202,-21.33339500427246,0.019999999552965164
6.160096883773804,3.0640456655926855,0.7701511529340699,0.42073549240394825,0.42073549240394825,-0.22984884706593015,0.09306798526400001,0.5331078563426259,-0.8374211976212748,-0.07655129913476097,1.0,1.0,0.0,2.9114961007528333,-0.07432241445629566,-1.9991959041517577,0.05234533635684688,0.09426069387242395,-1.2739140131313855,-3.143950950946296,4.0,4.0,0.0,1.0,1.0,7.8,1.0,-2.693916082382202,-21.33339500427246,0.019999999552965164
6.180099964141846,2.8567097836987174,0.7701511529340699,0.42073549240394825,0.42073549240394825,-0.22984884706593015,-2.784742895566523e-05,0.5186122747887489,-0.8550077183262345,0.001763310955686836,1.0,1.0,0.0,-3.138548471067434,-0.001781330820460455,-2.051139282618867,-0.09776864721397412,0.04679523322522178,-1.6968446022976595,-3.6817435505340073,4.0,4.0,0.0,1.0,1.0,7.8,1.0,-2.682784080505371,-21.396940231323242,0.019999999552965164
6.200159549713135,2.8752613409049466,0.7701511529340699,0.42073549240394825,0.42073549240394825,-0.22984884706593015,-0.023384577858763012,0.532813130028719,-0.843114879861855,-0.0687068362166144,1.0,1.0,0.0,3.049945605636538,0.11288719061745785,-2.019600403106407,0.03735523664978263,-0.06264229166178148,-1.7969079587655445,-4.0,4.0,4.0,1.0,1.0,1.0,7.8,1.0,-2.660520315170288,-21.46956443786621,0.019999999552965164
6.220093250274658,2.9911032122652585,0.7701511529340699,0.42073549240394825,0.42073549240394825,-0.22984884706593015,-0.024277064737248423,0.6493711955485719,-0.7587175998609187,0.045555221224890675,1.0,1.0,0.0,-3.0407399297169704,-0.02232747941831761,-1.7269239499703661,-0.08549121112468816,-0.08884233050258664,-3.1288790992309625,-4.0,4.0,4.0,1.0,1.0,1.0,7.8,1.0,-2.660520315170288,-21.551267623901367,0.019999999552965164
6.240111827850342,2.9405390570374927,0.7701511529340699,0.42073549240394825,0.42073549240394825,-0.22984884706593015,0.015354080779462712,0.5243826765854266,-0.845485726637296,-0.09970429656301318,1.0,1.0,0.0,2.955242801281752,0.07868426622997575,-2.0386475111047435,-0.008464726538174497,-0.04671450987642119,-1.8909220281975883,-3.188358302372326,4.0,4.0,0.0,1.0,1.0,7.8,1.0,-2.660520315170288,-21.63296890258789,0.019999999552965164
6.260092258453369,2.842652127778524,0.7701511529340699,0.42073549240394825,0.42073549240394825,-0.22984884706593015,-0.07415553031538046,0.5903949404272675,-0.8036497494607406,0.009047200297152568,1.0,1.0,0.0,-3.038701106699054,0.10872136476634921,-1.868790190517309,0.09403451919947958,0.02810234801056888,-2.858280801765354,-4.0,4.0,4.0,1.0,1.0,1.0,7.8,1.0,-2.660520315170288,-21.696516036987305,0.019999999552965164
6.280149698257446,2.842652127778524,0.7701511529340699,0.42073549240394825,0.42073549240394825,-0.22984884706593015,-0.07415553031538046,0.5903949404272675,-0.8036497494607406,0.009047200297152568,1.0,1.0,0.0,-3.038701106699054,0.10872136476634921,-1.868790190517309,0.09403451919947958,0.02810234801056888,-2.858280801765354,-4.0,4.0,4.0,1.0,1.0,1.0,7.8,1.0,-2.660520315170288,-21.696516036987305,0.019999999552965164
6.300099611282349,2.842652127778524,0.7701511529340699,0.42073549240394825,0.42073549240394825,-0.22984884706593015,-0.07415553031538046,0.5903949404272675,-0.8036497494607406,0.009047200297152568,1.0,1.0,0.0,-3.038701106699054,0.10872136476634921,-1.868790190517309,0.09403451919947958,0.02810234801056888,-2.858280801765354,-4.0,4.0,4.0,1.0,1.0,1.0,7.8,1.0,-2.660520315170288,-21.696516036987305,0.019999999552965164
6.320111513137817,2.875363617392971,0.7701511529340699,0.42073549240394825,0.42073549240394825,-0.22984884706593015,-0.07681688335670239,0.6152687899470285,-0.78449859477173,0.010268269068483061,1.0,1.0,0.0,-3.03007511109698,0.10810039821381008,-1.805385855531102,0.06867461011027087,0.023569095453099043,-2.9971106725097543,-4.0,4.0,4.0,1.0,1.0,1.0,7.8,1.0,-2.649388551712036,-21.778217315673828,0.019999999552965164
6.340108156204224,3.1281359485920066,0.7701511529340699,0.42073549240394825,0.42073549240394825,-0.22984884706593015,0.08155350405000808,0.6339568396163402,-0.7690493328448585,-0.003297746458593833,1.0,1.0,0.0,3.0320925398694536,-0.12155520003013277,-1.7561102321874111,-0.03587392783144115,-0.010647145760621202,-1.5630053819910625,4.0,-4.0,-4.0,1.0,1.0,1.0,7.8,1.0,-2.649388551712036,-21.85084342956543,0.019999999552965164
6.360104322433472,3.071088344289674,0.7701511529340699,0.42073549240394825,0.42073549240394825,-0.22984884706593015,0.08561588430613307,0.6396138011714846,-0.7591408378377604,-0.08526015501057183,1.0,1.0,0.0,2.900232626185665,-0.02092341125947496,-1.7387496285810324,-0.05755084332069942,-0.04722786158814958,-0.4082496321019247,4.0,-4.0,-4.0,1.0,1.0,1.0,7.8,1.0,-2.638256549835205,-21.91438865661621,0.019999999552965164
6.380107402801514,2.9057696057574884,0.7701511529340699,0.42073549240394825,0.42073549240394825,-0.22984884706593015,-0.07514005521930092,0.6335504307880545,-0.7699749647963487,0.010313938955237245,1.0,1.0,0.0,-3.029676309863016,0.10282421636040406,-1.7588252548540322,-0.07347631408297095,-0.07317735659496694,-1.6425848892723498,-4.0,4.0,4.0,1.0,1.0,1.0,7.8,1.0,-2.627124786376953,-21.98701286315918,0.019999999552965164
6.400193929672241,3.0250105173939486,0.7701511529340699,0.42073549240394825,0.42073549240394825,-0.22984884706593015,-0.019731915921445572,0.6219143023466711,-0.7768873405789779,-0.09632918601776697,1.0,1.0,0.0,3.0146803187299622,0.1510496852848481,-1.8010922166829613,0.02499790737559167,-0.08089307502649148,-2.906443926329847,-4.0,4.0,4.0,1.0,1.0,1.0,7.8,1.0,-2.615992784500122,-22.041481018066406,0.019999999552965164
6.420112133026123,3.042011622918836,0.7701511529340699,0.42073549240394825,0.42073549240394825,-0.22984884706593015,0.06902080352098405,0.5932673395664169,-0.7988490514117854,0.07148556178413837,1.0,1.0,0.0,-3.108636768022694,-0.19635380573866784,-1.8672745331792824,0.03652047573135697,0.01669224835316356,-3.7002728631846655,-4.0,4.0,4.0,1.0,1.0,1.0,7.8,1.0,-2.615992784500122,-22.041481018066406,0.019999999552965164
6.440118074417114,3.042011622918836,0.7701511529340699,0.42073549240394825,0.42073549240394825,-0.22984884706593015,0.06902080352098405,0.5932673395664169,-0.7988490514117854,0.07148556178413837,1.0,1.0,0.0,-3.108636768022694,-0.19635380573866784,-1.8672745331792824,0.03652047573135697,0.01669224835316356,-3.7002728631846655,-4.0,4.0,4.0,1.0,1.0,1.0,7.8,1.0,-2.615992784500122,-22.041481018066406,0.019999999552965164
6.460087537765503,3.042011622918836,0.7701511529340699,0.42073549240394825,0.42073549240394825,-0.22984884706593015,0.06902080352098405,0.5932673395664169,-0.7988490514117854,0.07148556178413837,1.0,1.0,0.0,-3.108636768022694,-0.19635380573866784,-1.8672745331792824,0.03652047573135697,0.01669224835316356,-3.7002728631846655,-4.0,4.0,4.0,1.0,1.0,1.0,7.8,1.0,-2.615992784500122,-22.041481018066406,0.019999999552965164
6.480092287063599,2.896322081093648,0.7701511529340699,0.42073549240394825,0.42073549240394825,-0.22984884706593015,-0.05575922380519134,-0.7862951150503913,0.6145485550847387,0.03099958792942908,1.0,1.0,0.0,3.015445818238817,-0.019785142525841723,-1.3255598676028704,0.00044639474165705795,-0.047833835402921944,-4.4079437993965005,4.0,-4.0,4.0,1.0,1.0,1.0,7.8,1.0,-2.582597255706787,-22.114105224609375,0.019999999552965164
6.5001060962677,3.1274636097847384,0.7701511529340699,0.42073549240394825,0.42073549240394825,-0.22984884706593015,0.06330052119226827,-0.7629569315103653,0.642107339873029,-0.03984882380017276,1.0,1.0,0.0,-2.9932526178626584,0.02048701898711629,-1.397676251802375,-0.05702989084288168,-0.02887209620744842,-2.4095661406378768,-4.0,4.0,4.0,1.0,1.0,1.0,7.8,1.0,-2.582597255706787,-22.17765235900879,0.019999999552965164
6.520110607147217,3.0323555770635284,0.7701511529340699,0.42073549240394825,0.42073549240394825,-0.22984884706593015,0.009283917802806775,-0.7653742192795857,0.6420845088293899,0.0429371267519894,1.0,1.0,0.0,3.1005299895232517,0.07772629801621717,-1.3976444557988439,-0.012381270467998168,0.03421344938034529,-1.76095919106594,4.0,-4.0,-4.0,1.0,1.0,1.0,7.8,1.0,-2.571465253829956,-22.250276565551758,0.019999999552965164
6.540097951889038,2.948633831989977,0.7701511529340699,0.42073549240394825,0.42073549240394825,-0.22984884706593015,-0.04749793629057157,-0.7838285534531861,0.6175644822010289,-0.0443943145391088,1.0,1.0,0.0,3.121800120556106,-0.12861543766796937,-1.333341738392226,-0.0003000051696795125,-0.03680839463089307,-2.5405907311731295,4.0,-4.0,-0.7277992850480572,1.0,1.0,0.0,7.8,1.0,-2.549201488494873,-22.322900772094727,0.019999999552965164
6.56011438369751,3.009464336649276,0.7701511529340699,0.42073549240394825,0.42073549240394825,-0.22984884706593015,-0.019715367359349697,-0.7627240720028492,0.6463717827734784,0.008173904300507014,1.0,1.0,0.0,3.10093647732378,-0.013018414873517846,-1.4057608428662491,0.08507529404620948,-0.09124761492644773,-4.040229257340939,4.0,-4.0,4.0,1.0,1.0,1.0,7.8,1.0,-2.52693772315979,-22.377368927001953,0.019999999552965164
6.580103397369385,2.983857776543175,0.7701511529340699,0.42073549240394825,0.42073549240394825,-0.22984884706593015,0.06913521265402237,-0.8297328603479429,0.550280627677348,0.06288826307927578,1.0,1.0,0.0,-3.0953013669193448,0.18144236990876839,-1.1669886227844894,-0.011169023344742054,-0.0003216538380721029,-3.784516609883446,4.0,-4.0,2.2391710066313593,1.0,1.0,0.0,7.8,1.0,-2.515805959701538,-22.43183708190918,0.019999999552965164
6.600057125091553,2.895082473392661,0.7701511529340699,0.42073549240394825,0.42073549240394825,-0.22984884706593015,-0.07818117596841408,-0.7597290074251105,0.6428264406568077,0.05893815566805608,1.0,1.0,0.0,2.9457647202120785,-0.010960020560000195,-1.4034047758995523,0.08034157162896191,-0.03923931374766987,-4.696196556898253,4.0,-4.0,4.0,1.0,1.0,1.0,7.8,1.0,-2.504673957824707,-22.50446128845215,0.019999999552965164
6.620098829269409,2.8426027667259732,0.7701511529340699,0.42073549240394825,0.42073549240394825,-0.22984884706593015,0.02923706272052942,-0.8774404635106073,0.4785343700536069,0.01575702494647791,1.0,1.0,0.0,-3.1053014866922575,0.055662319912472065,-0.9975609179593458,0.08228576232980606,0.028907547987205684,-4.554770154459624,4.0,-4.0,4.0,1.0,1.0,1.0,7.8,1.0,-2.493542194366455,-22.54985237121582,0.019999999552965164
6.640105247497559,2.649885013597002,0.7701511529340699,0.42073549240394825,0.42073549240394825,-0.22984884706593015,-0.09001934381731977,-0.8905605688916348,0.44101123516323093,-0.06563140508863366,1.0,1.0,0.0,3.0369219514312586,-0.19757956826873538,-0.9092271010640568,0.061712741098867124,-0.08065040866542615,-4.667153478874565,4.0,-4.0,4.0,1.0,1.0,1.0,7.8,1.0,-2.460146427154541,-22.6133975982666,0.019999999552965164
6.6600987911224365,2.853193228059508,0.7701511529340699,0.42073549240394825,0.42073549240394825,-0.22984884706593015,0.059095697905669695,-0.8751834214901345,0.47241449395893936,0.08594313896631113,1.0,1.0,0.0,-3.1188644019766083,0.20775873257017619,-0.9875703397971787,-0.013219793293640453,-0.04731698176328985,-4.351708166256964,4.0,-4.0,4.0,1.0,1.0,1.0,7.8,1.0,-2.449014663696289,-22.658788681030273,0.019999999552965164
6.680110931396484,2.842993913294653,0.7701511529340699,0.42073549240394825,0.42073549240394825,-0.22984884706593015,0.0804211501269987,-0.9132906037672041,0.3984566978987895,-0.025787042916535288,1.0,1.0,0.0,-2.9733298256172476,0.016987380851858257,-0.8213509189205978,-0.0020402640700928343,-0.007696484600465542,-4.374696456563814,4.0,-4.0,4.0,1.0,1.0,1.0,7.8,1.0,-2.449014663696289,-22.658788681030273,0.019999999552965164
6.7024383544921875,2.842993913294653,0.7701511529340699,0.42073549240394825,0.42073549240394825,-0.22984884706593015,0.0804211501269987,-0.9132906037672041,0.3984566978987895,-0.025787042916535288,1.0,1.0,0.0,-2.9733298256172476,0.016987380851858257,-0.8213509189205978,-0.0020402640700928343,-0.007696484600465542,-4.374696456563814,4.0,-4.0,4.0,1.0,1.0,1.0,7.8,1.0,-2.449014663696289,-22.658788681030273,0.019999999552965164
6.720088005065918,2.842993913294653,0.7701511529340699,0.42073549240394825,0.42073549240394825,-0.22984884706593015,0.0804211501269987,-0.9132906037672041,0.3984566978987895,-0.025787042916535288,1.0,1.0,0.0,-2.9733298256172476,0.016987380851858257,-0.8213509189205978,-0.0020402640700928343,-0.007696484600465542,-4.374696456563814,4.0,-4.0,4.0,1.0,1.0,1.0,7.8,1.0,-2.449014663696289,-22.658788681030273,0.019999999552965164
6.740106582641602,2.788235324142943,0.7701511529340699,0.42073549240394825,0.42073549240394825,-0.22984884706593015,0.06941532886362185,-0.9275801834068349,0.365803244567889,-0.031056428212255564,1.0,1.0,0.0,-2.9895058414924796,-0.006830002813990232,-0.7517952086787952,-0.05534729091826854,0.008553856879525368,-4.016659533495032,4.0,-4.0,4.0,1.0,1.0,1.0,7.8,1.0,-2.437882661819458,-22.722333908081055,0.019999999552965164
6.761858940124512,2.7090454456191093,0.7701511529340699,0.42073549240394825,0.42073549240394825,-0.22984884706593015,-0.020659149459021208,-0.9149016302127175,0.3925783758701843,-0.09170837135654548,1.0,1.0,0.0,-3.106788045245558,-0.1850838454356091,-0.8138960226372617,0.09507728266825086,0.09871731749881077,-3.693572854008301,4.0,-4.0,4.0,1.0,1.0,1.0,7.8,1.0,-2.415618896484375,-22.767724990844727,0.019999999552965164
6.780104637145996,2.5946011801577624,0.7701511529340699,0.42073549240394825,0.42073549240394825,-0.22984884706593015,0.0179295805104508,-0.9646306009762939,0.2552652239611512,-0.06329296358124323,1.0,1.0,0.0,-3.07420690216806,-0.11319664791327592,-0.5212097593843058,0.09216710897680722,-0.09107037508756387,-4.0579556229116625,4.0,-4.0,4.0,1.0,1.0,1.0,7.8,1.0,-2.38222336769104,-22.813114166259766,0.019999999552965164
6.800095558166504,2.6790003967980494,0.7701511529340699,0.42073549240394825,0.42073549240394825,-0.22984884706593015,0.010111371968741631,-0.9404271531489227,0.32752109919703576,-0.09068880503065235,1.0,1.0,0.0,-3.0620099509624037,-0.16469255531474775,-0.6768344301395414,0.06755838885379203,-0.09410300665368283,-3.009766558547893,4.0,-4.0,2.720049599587524,1.0,1.0,0.0,7.8,1.0,-2.38222336769104,-22.84942626953125,0.019999999552965164
6.820086717605591,2.5030299367249045,0.7701511529340699,0.42073549240394825,0.42073549240394825,-0.22984884706593015,0.0011962002991996851,-0.9612751325487002,0.26114603032427813,0.08804225970631475,1.0,1.0,0.0,3.0972497008945528,0.17071848748386415,-0.5343233886908969,0.05882254834616768,-0.001022518078712148,-2.4502129772412466,4.0,-4.0,-1.8470833503498074,1.0,1.0,0.0,7.8,1.0,-2.359959602355957,-22.894817352294922,0.019999999552965164
6.840122938156128,2.346375104230174,0.7701511529340699,0.42073549240394825,0.42073549240394825,-0.22984884706593015,-0.06913854063872686,-0.9713615680123823,0.2161121173037122,0.07051325507576199,1.0,1.0,0.0,2.9750762003967917,0.10731021548707101,-0.44679991665938307,-0.08758928440594307,-0.05480805614004461,-2.1970497027518943,4.0,-4.0,-1.972336719958383,1.0,1.0,0.0,7.8,1.0,-2.359959602355957,-22.894817352294922,0.019999999552965164
6.860084295272827,2.346375104230174,0.7701511529340699,0.42073549240394825,0.42073549240394825,-0.22984884706593015,-0.06913854063872686,-0.9713615680123823,0.2161121173037122,0.07051325507576199,1.0,1.0,0.0,2.9750762003967917,0.10731021548707101,-0.44679991665938307,-0.08758928440594307,-0.05480805614004461,-2.1970497027518943,4.0,-4.0,-1.972336719958383,1.0,1.0,0.0,7.8,1.0,-2.359959602355957,-22.894817352294922,0.019999999552965164
6.880095958709717,2.637486780298962,0.7701511529340699,0.42073549240394825,0.42073549240394825,-0.22984884706593015,0.06876666653071395,-0.9716376072977411,0.21570781582080278,-0.06827623197565212,1.0,1.0,0.0,-2.9768887480827884,-0.10319555743682989,-0.44544784774877516,-0.08410271428439112,-0.09298621935391692,-1.6631861942742556,4.0,-4.0,-2.6028808527822624,1.0,1.0,0.0,7.8,1.0,-2.348827600479126,-22.92205047607422,0.019999999552965164
6.900095701217651,2.5012765854345433,0.7701511529340699,0.42073549240394825,0.42073549240394825,-0.22984884706593015,-0.0310759305511133,-0.9650194776926714,0.25887544119588385,-0.02748090536686246,1.0,1.0,0.0,3.095717363648848,-0.06918398579156691,-0.5225895540042754,-0.047151412756469946,-0.08270611900686325,-1.541823090269632,4.0,-4.0,-3.5652839106940943,1.0,1.0,0.0,7.8,1.0,-2.315432071685791,-22.976518630981445,0.019999999552965164
6.92012095451355,2.4357545099203364,0.7701511529340699,0.42073549240394825,0.42073549240394825,-0.22984884706593015,-0.08118668319604988,-0.9498361984512714,0.2992516112863705,0.040845951155189096,1.0,1.0,0.0,2.9618770827596217,0.02900750222960725,-0.613037341837527,0.00793620112242617,-0.07048314578008162,-1.710782032766389,4.0,-4.0,-3.923521179551936,1.0,1.0,0.0,7.8,1.0,-2.315432071685791,-23.003753662109375,0.019999999552965164
6.94011116027832,2.5435989249245896,0.7701511529340699,0.42073549240394825,0.42073549240394825,-0.22984884706593015,0.08874600633807501,-0.9893620755213159,0.11206938214124887,-0.026968193593107457,1.0,1.0,0.0,-2.9588265267178877,-0.03347744867688681,-0.22865530969211528,-0.09281987543239659,-0.0049482449104250315,-2.253173948969548,4.0,-4.0,-0.2481019749035891,1.0,1.0,0.0,7.8,1.0,-2.30430006980896,-23.04006576538086,0.019999999552965164
6.960096120834351,2.3658386611794944,0.7701511529340699,0.42073549240394825,0.42073549240394825,-0.22984884706593015,-0.07127341751601374,-0.9745228977053437,0.21234747650135247,0.011565942550249527,1.0,1.0,0.0,2.997260614799924,-0.007726985896187889,-0.4285320634818209,-0.06781110788760294,0.07653310304444955,-2.1593019225983126,4.0,-4.0,-1.2004703587837913,1.0,1.0,0.0,7.8,1.0,-2.282036304473877,-23.076377868652344,0.019999999552965164
6.9801344871521,2.4453205314190782,0.7701511529340699,0.42073549240394825,0.42073549240394825,-0.22984884706593015,0.08195569946516033,-0.9878445360592685,0.08308652486234339,0.10267942972827615,1.0,1.0,0.0,-2.9926678942602702,0.21820901443207716,-0.1514798188859716,0.013957589466375708,0.08429360788128046,-1.922265879828612,4.0,-4.0,-3.2808327100441677,1.0,1.0,0.0,7.8,1.0,-2.282036304473877,-23.076377868652344,0.019999999552965164
7.000125169754028,2.4453205314190782,0.7701511529340699,0.42073549240394825,0.42073549240394825,-0.22984884706593015,0.08195569946516033,-0.9878445360592685,0.08308652486234339,0.10267942972827615,1.0,1.0,0.0,-2.9926678942602702,0.21820901443207716,-0.1514798188859716,0.013957589466375708,0.08429360788128046,-1.922265879828612,4.0,-4.0,-3.2808327100441677,1.0,1.0,0.0,7.8,1.0,-2.282036304473877,-23.076377868652344,0.019999999552965164
7.020087957382202,2.508765680887893,0.7701511529340699,0.42073549240394825,0.42073549240394825,-0.22984884706593015,0.028942489550340535,-0.9736220809172987,0.2167184638881261,0.06523406517202691,1.0,1.0,0.0,-3.1132280136798305,0.14002856116711299,-0.436049317352647,-0.040990804256994175,0.06555005351698037,-1.9688332444716823,4.0,-4.0,-3.2788870941986863,1.0,1.0,0.0,7.8,1.0,-2.259772539138794,-23.112689971923828,0.019999999552965164
7.040102243423462,2.3461253532087296,0.7701511529340699,0.42073549240394825,0.42073549240394825,-0.22984884706593015,-0.046854263754816966,-0.9789795932569354,0.18435346310338566,0.07360322408881217,1.0,1.0,0.0,3.021459234912123,0.12717918427025435,-0.379922958238785,-0.00903054955970753,0.08264777430589673,-2.342065951040343,4.0,-4.0,-1.339170509539537,1.0,1.0,0.0,7.8,1.0,-2.248640775680542,-23.1580810546875,0.019999999552965164
7.0600950717926025,2.303157556558227,0.7701511529340699,0.42073549240394825,0.42073549240394825,-0.22984884706593015,-0.031430065375769,-0.9895112558537098,0.12001097964500013,0.0740066908727599,1.0,1.0,0.0,3.0607576909908283,0.13936772844116938,-0.24703229927809223,0.029156553836627908,-0.08858258669605734,-1.8351816410299326,4.0,-4.0,-2.991024597807133,1.0,1.0,0.0,7.8,1.0,-2.248640775680542,-23.194393157958984,0.019999999552965164
7.080101490020752,2.3051642542695876,0.7701511529340699,0.42073549240394825,0.42073549240394825,-0.22984884706593015,-0.015148066586583329,-0.9966887895560888,0.07466035534942604,0.028422248169427754,1.0,1.0,0.0,3.1070949020900174,0.05442121113139643,-0.1504765341136539,0.06759209240785785,-0.009281825883072775,-1.165702651293881,4.0,-4.0,-4.0,1.0,1.0,1.0,7.8,1.0,-2.237508773803711,-23.212549209594727,0.019999999552965164
7.1000964641571045,2.5194234882010993,0.7701511529340699,0.42073549240394825,0.42073549240394825,-0.22984884706593015,0.032304968842454755,-0.9796737332196376,0.19778719916039822,0.008717182794417666,1.0,1.0,0.0,-3.081681758587615,0.029863447267973443,-0.39753120837351474,-0.1001719336889918,-0.01813178272719218,-0.8875186330603329,4.0,-4.0,-4.0,1.0,1.0,1.0,7.8,1.0,-2.226377010345459,-23.24886131286621,0.019999999552965164
7.1201012134552,2.321581199519529,0.7701511529340699,0.42073549240394825,0.42073549240394825,-0.22984884706593015,-0.038514337867157494,-0.9932175868263983,0.07026981176108074,-0.08424740086473209,1.0,1.0,0.0,3.0758920370809024,-0.1736359815864025,-0.13554353247539433,-0.05661274628466269,-0.08485842852010841,-3.648812289423627,4.0,-4.0,4.0,1.0,1.0,1.0,7.8,1.0,-2.226377010345459,-23.29425048828125,0.019999999552965164
7.140106439590454,2.2215142427274155,0.7701511529340699,0.42073549240394825,0.42073549240394825,-0.22984884706593015,-0.028366184577230853,-0.9957057986038864,-0.04799810213487234,-0.07390199179032829,1.0,1.0,0.0,3.0772914075167814,-0.1449533180207967,0.10100575335199086,-0.07887441350649525,-0.0736252807221331,-5.405709078010359,4.0,-4.0,4.0,1.0,1.0,1.0,7.8,1.0,-2.226377010345459,-23.330562591552734,0.019999999552965164
7.160087823867798,2.4217273709938554,0.7701511529340699,0.42073549240394825,0.42073549240394825,-0.22984884706593015,0.054638370051366646,-0.9970804622043683,0.05041367564132811,-0.01742589213739012,1.0,1.0,0.0,-3.0306028462325694,-0.02924515966131723,-0.10266128389025586,0.025819983128041624,-0.05997616400836203,-5.9601001757405765,4.0,-4.0,4.0,1.0,1.0,1.0,7.8,1.0,-2.226377010345459,-23.330562591552734,0.019999999552965164
7.180070400238037,2.084424664622035,0.7701511529340699,0.42073549240394825,0.42073549240394825,-0.22984884706593015,-0.08083760844762787,-0.9946518244862317,-0.02328016140850203,0.059925480319079905,1.0,1.0,0.0,2.981683053483902,0.12328587659171203,0.03691132242662367,0.013386953010204566,0.0069156499505650115,-6.885469273185959,4.0,-4.0,4.0,1.0,1.0,1.0,7.8,1.0,-2.215245008468628,-23.37595558166504,0.019999999552965164
7.200105428695679,2.333332574880163,0.7701511529340699,0.42073549240394825,0.42073549240394825,-0.22984884706593015,0.052054584638204775,-0.991780329056753,-0.0830413530027013,-0.08225711401273303,1.0,1.0,0.0,-3.050522589216785,-0.17266399800664273,0.15918220769312907,-0.046239358638407294,-0.021110742502180882,-7.76816621514479,4.0,-3.449805979758573,4.0,1.0,0.0,1.0,7.8,1.0,-2.215245008468628,-23.421344757080078,0.019999999552965164
7.220107793807983,2.163804965228749,0.7701511529340699,0.42073549240394825,0.42073549240394825,-0.22984884706593015,0.08224700876954628,-0.9507669234270177,-0.296684967515328,0.035436096229895575,1.0,1.0,0.0,-2.963195069297053,0.018581103323586833,0.6066080239639642,0.07516914814748712,-0.07800699394149363,-8.239356708025287,4.0,1.5014889305975971,4.0,1.0,0.0,1.0,7.8,1.0,-2.226377010345459,-23.466733932495117,0.019999999552965164
7.240129470825195,1.8949408371888643,0.7701511529340699,0.42073549240394825,0.42073549240394825,-0.22984884706593015,-0.07088949779880377,-0.9444867454359529,-0.32052820110649266,-0.013458792407601146,1.0,1.0,0.0,2.9985404482566427,0.020022202088347246,0.6529084524919277,0.09563891255910559,-0.09286704238160302,-7.951135699851272,4.0,0.2570212637087998,4.0,1.0,0.0,1.0,7.8,1.0,-2.215245008468628,-23.51212501525879,0.019999999552965164
7.260106563568115,1.882903803794177,0.7701511529340699,0.42073549240394825,0.42073549240394825,-0.22984884706593015,-0.024520961310621564,-0.9167921718893142,-0.3884268724399488,0.08952877071309041,1.0,1.0,0.0,-3.116577172202893,0.1842484469585993,0.8038159971158518,-0.04644115533603435,0.05010479338792029,-7.159374689474917,4.0,2.115078279076765,4.0,1.0,0.0,1.0,7.8,1.0,-2.215245008468628,-23.55751609802246,0.019999999552965164
7.280102729797363,2.1367299591671842,0.7701511529340699,0.42073549240394825,0.42073549240394825,-0.22984884706593015,0.060707168601708966,-0.9291836769047146,-0.3595463940223025,-0.060487393725947865,1.0,1.0,0.0,-3.071354848119662,-0.1567024195821697,0.7328929461528977,-0.03826403978489883,-0.09383790520642284,-5.576857822069547,4.0,1.643866423447784,4.0,1.0,0.0,1.0,7.8,1.0,-2.215245008468628,-23.6029052734375,0.019999999552965164
7.300117015838623,2.151274431638743,0.7701511529340699,0.42073549240394825,0.42073549240394825,-0.22984884706593015,0.08018870478523707,-0.9236260889398066,-0.3729470093537049,-0.03735167558155891,1.0,1.0,0.0,-3.020014653725076,-0.1291691303982886,0.7596586383471525,-0.04047452547432495,-0.07775180558390878,-5.056148116259359,4.0,2.1700919453230787,4.0,1.0,0.0,1.0,7.8,1.0,-2.215245008468628,-23.648296356201172,0.019999999552965164
7.320101737976074,2.047292430744962,0.7701511529340699,0.42073549240394825,0.42073549240394825,-0.22984884706593015,0.07381652500540609,-0.8243752130112305,-0.5606743916119195,-0.02451235197646583,1.0,1.0,0.0,-3.046508165951361,-0.12350254344961076,1.1886344754073506,-0.008608213289233224,0.004550541297519167,-4.098668005878244,4.0,4.0,4.0,1.0,1.0,1.0,7.8,1.0,-2.215245008468628,-23.7027645111084,0.019999999552965164
7.340111494064331,1.979783693823774,0.7701511529340699,0.42073549240394825,0.42073549240394825,-0.22984884706593015,0.03458324516022176,-0.8751718224725784,-0.48220912584031705,0.018778691661856386,1.0,1.0,0.0,-3.06286827714006,-0.00048354924299279006,1.0071837469145406,-0.020376757989784708,-0.07538073532508821,-3.476765408103185,4.0,4.0,4.0,1.0,1.0,1.0,7.8,1.0,-2.215245008468628,-23.7027645111084,0.019999999552965164
7.360100984573364,1.979783693823774,0.7701511529340699,0.42073549240394825,0.42073549240394825,-0.22984884706593015,0.03458324516022176,-0.8751718224725784,-0.48220912584031705,0.018778691661856386,1.0,1.0,0.0,-3.06286827714006,-0.00048354924299279006,1.0071837469145406,-0.020376757989784708,-0.07538073532508821,-3.476765408103185,4.0,4.0,4.0,1.0,1.0,1.0,7.8,1.0,-2.215245008468628,-23.7027645111084,0.019999999552965164
7.380096197128296,1.7610737090229756,0.7701511529340699,0.42073549240394825,0.42073549240394825,-0.22984884706593015,-0.04309158463178722,-0.7885825292089029,-0.6098519738854089,0.06603998719322832,1.0,1.0,0.0,-3.12884814869583,0.15736360628749707,1.3175643010725138,-0.011315054766440388,-0.07902796517035973,-3.1701586844162026,4.0,4.0,4.0,1.0,1.0,1.0,7.8,1.0,-2.215245008468628,-23.766311645507812,0.019999999552965164
7.40012788772583,1.8764346972620294,0.7701511529340699,0.42073549240394825,0.42073549240394825,-0.22984884706593015,-0.033743006664635714,-0.8199506856590437,-0.5660956226042325,-0.0779617127622322,1.0,1.0,0.0,2.9969050569138744,-0.08976649111382587,1.2150203319028958,0.04389807619978758,0.09362878644228631,-3.45026925658613,4.0,3.6358115849912847,4.0,1.0,0.0,1.0,7.8,1.0,-2.215245008468628,-23.81170082092285,0.019999999552965164
7.420099258422852,1.7927094497873848,0.7701511529340699,0.42073549240394825,0.42073549240394825,-0.22984884706593015,-0.03471196003735477,-0.8354613001213108,-0.5429750624787679,0.07731479390228096,1.0,1.0,0.0,-3.1152613933020223,0.1676669719395104,1.1548373406093801,-0.03412829923867462,0.057219556737196725,-4.390491915956382,4.0,4.0,4.0,1.0,1.0,1.0,7.8,1.0,-2.215245008468628,-23.866168975830078,0.019999999552965164
7.4401092529296875,2.1151471996532956,0.7701511529340699,0.42073549240394825,0.42073549240394825,-0.22984884706593015,0.10658942950852372,-0.8013959770496001,-0.586640056835652,-0.04750394932663342,1.0,1.0,0.0,-3.023812310871338,-0.20258098738006955,1.2518073281921047,0.07750942301909125,-0.06891525688330875,-4.294868574730814,4.0,4.0,4.0,1.0,1.0,1.0,7.8,1.0,-2.192981243133545,-23.920637130737305,0.019999999552965164
7.460134506225586,1.7006665896633446,0.7701511529340699,0.42073549240394825,0.42073549240394825,-0.22984884706593015,-0.10392022381310141,-0.7750835598827742,-0.6222320624818324,-0.03568364753897768,1.0,1.0,0.0,2.9340398345263843,0.07407710334186497,1.345165318146606,-0.01691064147082806,-0.06183587347238942,-3.9144046101420056,4.0,4.0,4.0,1.0,1.0,1.0,7.8,1.0,-2.192981243133545,-23.98418426513672,0.019999999552965164
7.480107069015503,1.7227289884978378,0.7701511529340699,0.42073549240394825,0.42073549240394825,-0.22984884706593015,-0.052793106437366386,-0.7581763476399462,-0.6434312579328677,0.09152994104101674,1.0,1.0,0.0,-3.103016498423307,0.20823069815913292,1.4114585496328411,-0.08409889522261477,-0.06324407409982005,-3.8827532133004667,4.0,4.0,4.0,1.0,1.0,1.0,7.8,1.0,-2.192981243133545,-23.98418426513672,0.019999999552965164
7.50010085105896,1.7227289884978378,0.7701511529340699,0.42073549240394825,0.42073549240394825,-0.22984884706593015,-0.052793106437366386,-0.7581763476399462,-0.6434312579328677,0.09152994104101674,1.0,1.0,0.0,-3.103016498423307,0.20823069815913292,1.4114585496328411,-0.08409889522261477,-0.06324407409982005,-3.8827532133004667,4.0,4.0,4.0,1.0,1.0,1.0,7.8,1.0,-2.192981243133545,-23.98418426513672,0.019999999552965164
7.52010440826416,2.0154991483079603,0.7701511529340699,0.42073549240394825,0.42073549240394825,-0.22984884706593015,0.08120149395072311,-0.7025809140712646,-0.7068079006941828,0.014455728250050214,1.0,1.0,0.0,-3.0060373528089013,-0.09461618509047319,1.5703671603435903,0.03179273749385461,-0.026431346548494425,-4.361333196405534,4.0,4.0,4.0,1.0,1.0,1.0,7.8,1.0,-2.181849479675293,-24.038652420043945,0.019999999552965164
7.540093898773193,1.9863992399490522,0.7701511529340699,0.42073549240394825,0.42073549240394825,-0.22984884706593015,0.07189275295340034,-0.7352819523645086,-0.6728130626165526,0.03891613254619621,1.0,1.0,0.0,-2.98271205645002,-0.03952239507807853,1.4789795390585256,0.012915591987352995,-0.09743847294050356,-4.546608145404315,4.0,4.0,4.0,1.0,1.0,1.0,7.8,1.0,-2.170717477798462,-24.111276626586914,0.019999999552965164
7.560103893280029,1.859493204379603,0.7701511529340699,0.42073549240394825,0.42073549240394825,-0.22984884706593015,-0.01390708170330466,-0.6870192752843055,-0.7258461248213117,-0.030959837664463467,1.0,1.0,0.0,3.077479711772739,-0.022353069187961788,1.6264611852279887,0.07037661515746277,0.09877783670866083,-2.6469216917534815,4.0,4.0,4.0,1.0,1.0,1.0,7.8,1.0,-2.15958571434021,-24.156665802001953,0.019999999552965164
7.580104351043701,1.9380990204987198,0.7701511529340699,0.42073549240394825,0.42073549240394825,-0.22984884706593015,0.022937724876357608,-0.7062221592186947,-0.7061467677938641,-0.045616498553261754,1.0,1.0,0.0,3.1094102847365566,-0.09697749964864082,1.5722514094179803,-0.018831107262323357,0.015873946926499058,-0.9699162030496739,4.0,4.0,4.0,1.0,1.0,1.0,7.8,1.0,-2.137321949005127,-24.21113395690918,0.019999999552965164
7.600136995315552,1.8774548551824848,0.7701511529340699,0.42073549240394825,0.42073549240394825,-0.22984884706593015,-0.004879400834324423,-0.6156263490075184,-0.7878803154430208,-0.014999946419141066,1.0,1.0,0.0,3.1119424863191734,-0.010780165557772678,1.815196987419073,-0.03902106681103708,-0.058523773371563476,-0.7421448392451528,4.0,4.0,4.0,1.0,1.0,1.0,7.8,1.0,-2.137321949005127,-24.21113395690918,0.019999999552965164
7.620110273361206,1.9790980529678384,0.7701511529340699,0.42073549240394825,0.42073549240394825,-0.22984884706593015,0.03478245846388603,-0.715160286546727,-0.6941270239299439,-0.07432105879069872,1.0,1.0,0.0,3.0874897503750414,-0.15521227722717854,1.5451572275272485,-0.022620801437184673,-0.054217284400900324,-1.9643495092156011,4.0,4.0,4.0,1.0,1.0,1.0,7.8,1.0,-2.115057945251465,-24.28375816345215,0.019999999552965164
7.640091180801392,1.843926216696435,0.7701511529340699,0.42073549240394825,0.42073549240394825,-0.22984884706593015,-0.028275973001182588,-0.6545297549530009,-0.7541974353856099,-0.04446906441302268,1.0,1.0,0.0,3.0372992423283005,-0.015561947134847686,1.7128735219742957,0.06980082826577763,-0.007138335610884422,-3.6769182138087126,4.0,4.0,4.0,1.0,1.0,1.0,7.8,1.0,-2.103926181793213,-24.338228225708008,0.019999999552965164
7.660674333572388,1.9184911048964608,0.7701511529340699,0.42073549240394825,0.42073549240394825,-0.22984884706593015,0.018323353823085402,-0.6202007805226879,-0.7841469076077655,-0.011352261136054878,1.0,1.0,0.0,-3.1366634773376174,-0.042830859118396195,1.803122321783448,-0.05126477926041622,0.07702225208118071,-4.888932877246429,4.0,4.0,4.0,1.0,1.0,1.0,7.8,1.0,-2.08166241645813,-24.410852432250977,0.019999999552965164
7.68008828163147,2.1007677156418856,0.7701511529340699,0.42073549240394825,0.42073549240394825,-0.22984884706593015,0.0919578098679737,-0.5332724520989268,-0.8398768401991346,-0.042084989411916005,1.0,1.0,0.0,-3.1136433707779982,-0.2006966037267244,2.007346033138655,0.02506302678546138,0.015737918604114512,-6.154599867405812,4.0,4.0,4.0,1.0,1.0,1.0,7.8,1.0,-2.048266649246216,-24.465320587158203,0.019999999552965164
7.700122833251953,1.79142656278076,0.7701511529340699,0.42073549240394825,0.42073549240394825,-0.22984884706593015,-0.09374684771292022,-0.526500977690029,-0.8395581982341354,-0.0956571001713218,1.0,1.0,0.0,2.878826582180535,0.05671515577498975,2.0138561010458798,-0.052540725620237594,0.007140939963933279,-7.862766691538768,4.0,4.0,4.0,1.0,1.0,1.0,7.8,1.0,-2.037134885787964,-24.547021865844727,0.019999999552965164
7.7200634479522705,1.70958503171892,0.7701511529340699,0.42073549240394825,0.42073549240394825,-0.22984884706593015,-0.09123781662615307,-0.46818454502135337,-0.8739513823770938,0.09320876493982472,1.0,1.0,0.0,-3.06154712974901,0.24932783907122846,2.168016953769883,-0.020747424214581825,0.051761608068770226,-8.732482793402667,4.0,4.0,4.0,1.0,1.0,1.0,7.8,1.0,-2.026002883911133,-24.601490020751953,0.019999999552965164
7.7401282787323,2.0210200125438327,0.7701511529340699,0.42073549240394825,0.42073549240394825,-0.22984884706593015,0.021065320491131665,-0.34447614525871917,-0.9378946924259046,0.03529849203036351,1.0,1.0,0.0,-3.0607698302778164,-0.015195712429056601,2.436995943698054,-0.04070197018999149,0.03132376545220614,-8.74274420758628,4.0,4.0,4.0,1.0,1.0,1.0,7.8,1.0,-2.00373911857605,-24.68319320678711,0.019999999552965164
7.7600977420806885,2.2343554645230856,0.7701511529340699,0.42073549240394825,0.42073549240394825,-0.22984884706593015,0.08382613619557518,-0.2606758064016069,-0.9605789965333795,-0.04805511696290573,1.0,1.0,0.0,3.09208945859121,-0.18718811021648193,2.6162570053846226,-0.06930330798408824,0.04337622193852417,-8.207320217488558,4.0,4.0,4.0,1.0,1.0,1.0,7.8,1.0,-1.9703435897827148,-24.737661361694336,0.019999999552965164
7.780116319656372,1.9451773124156972,0.7701511529340699,0.42073549240394825,0.42073549240394825,-0.22984884706593015,-0.06284131341613607,-0.21492399206825552,-0.9723498604822597,0.06629023896253218,1.0,1.0,0.0,-3.038329582318112,0.15127855708391408,2.714349374969564,0.09535730646312496,-0.0841404949449927,-8.882890108142377,4.0,4.0,4.0,1.0,1.0,1.0,7.8,1.0,-1.9592117071151733,-24.810285568237305,0.019999999552965164
7.800093650817871,2.1510310463840066,0.7701511529340699,0.42073549240394825,0.42073549240394825,-0.22984884706593015,-0.025249700174820804,-0.056215835810609294,-0.996517586422062,0.05616878489645387,1.0,1.0,0.0,-3.0320910276135575,0.056669016995429394,3.031994142058532,0.005697015192431598,-0.0005497514235686118,-9.139411249867777,4.0,4.0,4.0,1.0,1.0,1.0,7.8,1.0,-1.9369479417800903,-24.86475372314453,0.019999999552965164
7.820202827453613,2.284246999831518,0.7701511529340699,0.42073549240394825,0.42073549240394825,-0.22984884706593015,0.02361085149780646,0.013743131735841617,-0.9955322910648282,0.09038313708238849,1.0,1.0,0.0,-2.961084264194102,-0.04951525566860054,-3.118466833990254,0.013378612994046815,0.03639913279715237,-10.733280418733147,3.74936935027392,4.0,4.0,0.0,1.0,1.0,7.8,1.0,-1.9146841764450073,-24.9373779296875,0.019999999552965164
7.840101957321167,2.348191131371644,0.7701511529340699,0.42073549240394825,0.42073549240394825,-0.22984884706593015,-0.04975308536617822,0.15476443207142165,-0.986661407213152,-0.008477533740345159,1.0,1.0,0.0,3.140256954956336,0.10097443887017796,-2.8304823306959497,0.027317672127336545,-0.06925139102200722,-11.299479126937317,1.69522714272785,4.0,4.0,0.0,1.0,1.0,7.8,1.0,-1.9146841764450073,-24.9373779296875,0.019999999552965164
7.860095977783203,2.348191131371644,0.7701511529340699,0.42073549240394825,0.42073549240394825,-0.22984884706593015,-0.04975308536617822,0.15476443207142165,-0.986661407213152,-0.008477533740345159,1.0,1.0,0.0,3.140256954956336,0.10097443887017796,-2.8304823306959497,0.027317672127336545,-0.06925139102200722,-11.299479126937317,1.69522714272785,4.0,4.0,0.0,1.0,1.0,7.8,1.0,-1.9146841764450073,-24.9373779296875,0.019999999552965164
7.8801281452178955,2.4848959126020422,0.7701511529340699,0.42073549240394825,0.42073549240394825,-0.22984884706593015,0.08363359046126306,0.04253170228891654,-0.9938857655578115,-0.05820276512784999,1.0,1.0,0.0,3.0168319706330613,-0.16200121954590918,-3.045917217202679,-0.024865724235609538,0.08843495489962552,-10.928508876245543,4.0,4.0,4.0,1.0,1.0,1.0,7.8,1.0,-1.9035522937774658,-24.991846084594727,0.019999999552965164
7.90205454826355,2.547987299464299,0.7701511529340699,0.42073549240394825,0.42073549240394825,-0.22984884706593015,0.04817565585494968,0.15968165885962066,-0.9832365838696492,-0.07366609903563187,1.0,1.0,0.0,2.980237613353472,-0.0712702049439345,-2.8138308648142445,-0.06855740974635618,0.03851546734080008,-9.629077744633298,3.359828284216843,4.0,4.0,0.0,1.0,1.0,7.8,1.0,-1.8924204111099243,-25.073549270629883,0.019999999552965164
7.920112133026123,2.757349119584116,0.7701511529340699,0.42073549240394825,0.42073549240394825,-0.22984884706593015,0.07173335403876344,0.3732018911457342,-0.9226649915608444,0.06529921677649694,1.0,1.0,0.0,-3.0734574851322667,-0.18211631221562785,-2.3790871815162236,-0.08393506504206896,-0.04452177591677223,-8.739975885084606,-1.1170859857411624,4.0,4.0,0.0,1.0,1.0,7.8,1.0,-1.8812885284423828,-25.12801742553711,0.019999999552965164
7.940132141113281,2.5078451452940165,0.7701511529340699,0.42073549240394825,0.42073549240394825,-0.22984884706593015,-0.045819371594504076,0.2905821671907583,-0.9556310542969065,-0.015227519850252306,1.0,1.0,0.0,3.139105866735479,0.09657256034843743,-2.5513331607568537,0.040953082576489774,-0.09493559135294943,-8.797924492556886,-0.5040637871192838,4.0,4.0,0.0,1.0,1.0,7.8,1.0,-1.8478928804397583,-25.200641632080078,0.019999999552965164
7.960078477859497,2.823046307366307,0.7701511529340699,0.42073549240394825,0.42073549240394825,-0.22984884706593015,0.01579825406763531,0.4707667106560878,-0.8820605825538641,-0.009912013478581897,1.0,1.0,0.0,3.109220861369864,-0.01853860428242167,-2.1607876821159446,-0.03573147152353788,0.05378285189143245,-8.486173903607666,-2.8371480130370954,4.0,4.0,0.0,1.0,1.0,7.8,1.0,-1.8478928804397583,-25.200641632080078,0.019999999552965164
7.980114221572876,2.6040450300121285,0.7701511529340699,0.42073549240394825,0.42073549240394825,-0.22984884706593015,-0.07670927315581201,0.41943147424019683,-0.9044801789971777,0.010417851498056378,1.0,1.0,0.0,-3.057587535359024,0.1303940773276207,-2.267684555334429,-0.03352655992353493,0.050081629910346204,-7.004937212779381,-2.9016813766943064,4.0,4.0,0.0,1.0,1.0,7.8,1.0,-1.8367609977722168,-25.26418685913086,0.019999999552965164
8.000094175338745,2.866150206742996,0.7701511529340699,0.42073549240394825,0.42073549240394825,-0.22984884706593015,-0.005521927338227064,0.53031193990478,-0.8477813951915929,-0.0023368097690340014,1.0,1.0,0.0,-3.1396980393199465,0.011841527507565388,-2.0236220218564065,-0.09500748699965174,-0.08553092964870507,-5.315078131361234,-3.917947405850895,4.0,4.0,0.0,1.0,1.0,7.8,1.0,-1.8256291151046753,-25.327733993530273,0.019999999552965164
8.02030611038208,2.80462016426415,0.7701511529340699,0.42073549240394825,0.42073549240394825,-0.22984884706593015,-0.07409083770148102,0.5234155977614933,-0.8425869191903541,-0.10292688374753797,1.0,1.0,0.0,3.042838886345458,0.23475325371221706,-2.041521746481119,0.024848647346679464,-0.04058409849756204,-4.4967574239780985,-4.0,4.0,4.0,1.0,1.0,1.0,7.8,1.0,-1.8144972324371338,-25.391279220581055,0.019999999552965164
8.040087938308716,2.867428438735914,0.7701511529340699,0.42073549240394825,0.42073549240394825,-0.22984884706593015,-0.07166516792026684,0.6039932825415667,-0.7937290652915097,0.007098539503983985,1.0,1.0,0.0,-3.0430482109991517,0.10538547508928119,-1.8354381403266016,0.08986193370487952,0.07163260406087332,-4.136922725715525,-4.0,4.0,4.0,1.0,1.0,1.0,7.8,1.0,-1.8033653497695923,-25.463905334472656,0.019999999552965164
8.060112237930298,3.139088647043866,0.7701511529340699,0.42073549240394825,0.42073549240394825,-0.22984884706593015,0.09166034721678402,0.6254452298608599,-0.7737773481005834,0.04105192758961875,1.0,1.0,0.0,3.0894603235954716,-0.19442343533457362,-1.7769431185425755,-0.049164629706268254,-0.09371509374141018,-3.4203627762430826,-4.0,4.0,4.0,1.0,1.0,1.0,7.8,1.0,-1.7811014652252197,-25.518373489379883,0.019999999552965164
8.080093622207642,2.9932790014342285,0.7701511529340699,0.42073549240394825,0.42073549240394825,-0.22984884706593015,-0.05286302923914792,0.6412756911748878,-0.7617696273305931,-0.075352657049638,1.0,1.0,0.0,3.0938156597607267,0.17812296962147903,-1.7464036742799627,-0.05393432861471668,0.03509706934728998,-2.3756140538545245,-4.0,4.0,4.0,1.0,1.0,1.0,7.8,1.0,-1.7699695825576782,-25.57284164428711,0.019999999552965164
8.100140810012817,2.9932790014342285,0.7701511529340699,0.42073549240394825,0.42073549240394825,-0.22984884706593015,-0.05286302923914792,0.6412756911748878,-0.7617696273305931,-0.075352657049638,1.0,1.0,0.0,3.0938156597607267,0.17812296962147903,-1.7464036742799627,-0.05393432861471668,0.03509706934728998,-2.3756140538545245,-4.0,4.0,4.0,1.0,1.0,1.0,7.8,1.0,-1.7699695825576782,-25.57284164428711,0.019999999552965164
8.12006688117981,2.9932790014342285,0.7701511529340699,0.42073549240394825,0.42073549240394825,-0.22984884706593015,-0.05286302923914792,0.6412756911748878,-0.7617696273305931,-0.075352657049638,1.0,1.0,0.0,3.0938156597607267,0.17812296962147903,-1.7464036742799627,-0.05393432861471668,0.03509706934728998,-2.3756140538545245,-4.0,4.0,4.0,1.0,1.0,1.0,7.8,1.0,-1.7699695825576782,-25.57284164428711,0.019999999552965164
8.140092134475708,2.8282355498930323,0.7701511529340699,0.42073549240394825,0.42073549240394825,-0.22984884706593015,-0.07579458855164196,0.5722910740034363,-0.8162530064888173,-0.02165955586450741,1.0,1.0,0.0,-3.0895990234695176,0.1490778385963509,-1.9147549316199712,-0.09573159868350922,0.036853921663512146,-1.1242125358836093,-4.0,4.0,4.0,1.0,1.0,1.0,7.8,1.0,-1.7588376998901367,-25.63638687133789,0.019999999552965164
8.160113096237183,3.139236363510398,0.7701511529340699,0.42073549240394825,0.42073549240394825,-0.22984884706593015,0.03099123453471202,0.6716101500089402,-0.7397961035161486,-0.02609741384326862,1.0,1.0,0.0,3.0612600138194366,-0.010800023003741168,-1.6669085282742921,-0.07112489989784493,0.02066589478836131,-0.6770463831905512,4.0,-4.0,-4.0,1.0,1.0,1.0,7.8,1.0,-1.7143101692199707,-25.690855026245117,0.019999999552965164
8.180107355117798,3.0256302324907316,0.7701511529340699,0.42073549240394825,0.42073549240394825,-0.22984884706593015,0.05573870661121446,0.5892315565988036,-0.8048243457904608,0.044239594442267965,1.0,1.0,0.0,-3.1360119950492704,-0.1423345755840066,-1.8780660108103306,-0.09067857489086238,-0.062400587017053394,-0.9021864657211326,-4.0,4.0,4.0,1.0,1.0,1.0,7.8,1.0,-1.7031782865524292,-25.73624610900879,0.019999999552965164
8.200102090835571,3.109180314398056,0.7701511529340699,0.42073549240394825,0.42073549240394825,-0.22984884706593015,0.026200676215539585,0.7203440365868721,-0.6891111541548764,0.07445677094068613,1.0,1.0,0.0,-3.075997385696261,-0.14387519597454942,-1.5312131031653193,-0.09524138708800703,-0.06193858792856895,0.7627541081058328,4.0,-4.0,-4.0,1.0,1.0,1.0,7.8,1.0,-1.6697826385498047,-25.79979133605957,0.019999999552965164
8.220089197158813,3.0378038242241296,0.7701511529340699,0.42073549240394825,0.42073549240394825,-0.22984884706593015,0.04470821997347877,0.6227959606426255,-0.7750982398228243,0.09669066706560561,1.0,1.0,0.0,-3.045500551116441,-0.19090103560684102,-1.7970496810988597,0.010897818879713167,0.04315849532945795,1.318383713306884,-4.0,4.0,4.0,1.0,1.0,1.0,7.8,1.0,-1.6363869905471802,-25.845182418823242,0.019999999552965164
8.240079641342163,2.846889737798034,0.7701511529340699,0.42073549240394825,0.42073549240394825,-0.22984884706593015,-0.10212610189704385,0.5895072343266671,-0.7969542235001286,-0.08315915844418863,1.0,1.0,0.0,3.129017109928639,0.2638772104147729,-1.8695083475876926,0.02609267165153592,0.08667363379771462,1.327699543358423,-4.0,4.0,4.0,1.0,1.0,1.0,7.8,1.0,-1.6141232252120972,-25.89057159423828,0.019999999552965164
8.260103464126587,2.8651857805083147,0.7701511529340699,0.42073549240394825,0.42073549240394825,-0.22984884706593015,-0.028309728166877327,0.5679442230752222,-0.8215970525870271,0.04020201421458787,1.0,1.0,0.0,-3.043217615509283,0.0008533750881446797,-1.9318668881341279,0.031924041968560746,-0.025711753447831318,0.583585207609625,-4.0,4.0,4.0,1.0,1.0,1.0,7.8,1.0,-1.5807275772094727,-25.935962677001953,0.019999999552965164
8.280090808868408,2.884743066775697,0.7701511529340699,0.42073549240394825,0.42073549240394825,-0.22984884706593015,-0.07462287932778228,0.640279684368583,-0.7592686827624449,0.08935557644535148,1.0,1.0,0.0,-2.9082314189931338,-0.0011074902101084517,-1.7405573445125064,-0.05736846956378272,0.02927845251007019,1.0730968401921175,-4.0,4.0,4.0,1.0,1.0,1.0,7.8,1.0,-1.5584638118743896,-25.981351852416992,0.019999999552965164
8.300093412399292,2.9955488940119803,0.7701511529340699,0.42073549240394825,0.42073549240394825,-0.22984884706593015,-0.03161500609840635,0.6215383057961869,-0.7789776819423654,-0.07670982240301798,1.0,1.0,0.0,3.060440923051531,0.14511978277693247,-1.800588837202711,0.032454503314191835,0.028731288434497376,1.2657872680202311,-4.0,4.0,4.0,1.0,1.0,1.0,7.8,1.0,-1.5139362812042236,-26.026742935180664,0.019999999552965164
8.320097208023071,2.9145934165228136,0.7701511529340699,0.42073549240394825,0.42073549240394825,-0.22984884706593015,-0.031234304813929473,0.5759658929719615,-0.815339876712543,-0.05008586405540159,1.0,1.0,0.0,3.095610225538901,0.10884342943435997,-1.914065238076945,-0.08378764070638466,-0.0014257150331393464,0.36879054848701553,-4.0,4.0,4.0,1.0,1.0,1.0,7.8,1.0,-1.5139362812042236,-26.026742935180664,0.019999999552965164
8.340111255645752,2.938637107035492,0.7701511529340699,0.42073549240394825,0.42073549240394825,-0.22984884706593015,-0.06272689220705743,0.6428351615358374,-0.763367337435135,0.009929764570766567,1.0,1.0,0.0,-3.045305995223967,0.08309651541183428,-1.737801730315667,-0.012903005758630265,0.09373315172085586,-1.0056291035280749,-4.0,4.0,4.0,1.0,1.0,1.0,7.8,1.0,-1.4916725158691406,-26.072134017944336,0.019999999552965164
8.360098838806152,3.0398224132931673,0.7701511529340699,0.42073549240394825,0.42073549240394825,-0.22984884706593015,-0.0500448394587592,0.6847254178131159,-0.7267091953733134,-0.02324567925598995,1.0,1.0,0.0,-3.1066457350459213,0.10476142512857607,-1.6284373120170235,-0.07162441422080346,0.04550553999378712,-1.5506199753635954,-4.0,4.0,4.0,1.0,1.0,1.0,7.8,1.0,-1.4471449851989746,-26.117523193359375,0.019999999552965164
8.380134105682373,2.90456353748813,0.7701511529340699,0.42073549240394825,0.42073549240394825,-0.22984884706593015,-0.010233851856248649,0.5779741468563329,-0.8146416261159548,0.04690602137286442,1.0,1.0,0.0,-3.0531621716516035,-0.03755591975275954,-1.9091307027223372,-0.03229954917572285,0.02798226795607242,0.04181065637879079,-4.0,4.0,4.0,1.0,1.0,1.0,7.8,1.0,-1.4248812198638916,-26.15383529663086,0.019999999552965164
8.400160312652588,2.932749780286954,0.7701511529340699,0.42073549240394825,0.42073549240394825,-0.22984884706593015,-0.036941561551232904,0.6106653818461638,-0.7910264920445764,-0.00044869643088111215,1.0,1.0,0.0,-3.097092491814766,0.059025783202009,-1.82542377496489,0.0018985716123371271,0.07193229015890187,2.2157939094439776,-4.0,4.0,3.1083855655232906,1.0,1.0,0.0,7.8,1.0,-1.3803536891937256,-26.19922637939453,0.019999999552965164
8.420527458190918,2.8690832230110472,0.7701511529340699,0.42073549240394825,0.42073549240394825,-0.22984884706593015,0.015982870858905485,0.5361991122582583,-0.8391254770118765,0.09001940725284695,1.0,1.0,0.0,-3.006213480050731,-0.12367495803666165,-2.0127842269305343,-0.034786454516807244,-0.02944240875152211,0.8422512810958485,-4.0,4.0,4.0,1.0,1.0,1.0,7.8,1.0,-1.3580899238586426,-26.24461555480957,0.019999999552965164
8.440109014511108,3.1146033921549043,0.7701511529340699,0.42073549240394825,0.42073549240394825,-0.22984884706593015,0.05849851516065383,0.6522135069413042,-0.7541639106958168,-0.049317957087820004,1.0,1.0,0.0,2.9902781363843407,-0.023905539269243065,-1.7137139828321384,0.04125761825224067,-0.03236558093059774,0.4125586193203878,4.0,-4.0,-4.0,1.0,1.0,1.0,7.8,1.0,-1.3135623931884766,-26.280927658081055,0.019999999552965164
8.460096836090088,2.8755722996070836,0.7701511529340699,0.42073549240394825,0.42073549240394825,-0.22984884706593015,-0.08126441222811923,0.6375971897649833,-0.7622391592068557,0.0765335421932092,1.0,1.0,0.0,-2.919390853735284,0.026293721282260308,-1.7454752042454829,0.021737265249189133,-0.004012256117359156,0.48634334532998424,-4.0,4.0,4.0,1.0,1.0,1.0,7.8,1.0,-1.3135623931884766,-26.280927658081055,0.019999999552965164
8.480099201202393,2.9267385072813497,0.7701511529340699,0.42073549240394825,0.42073549240394825,-0.22984884706593015,-0.09750943140768051,0.6758852995313432,-0.7293228195615543,0.041942788781406,1.0,1.0,0.0,-2.946660553887092,0.08563932092657435,-1.6384375434672154,0.0996405294465211,-0.09471459837409318,0.47067574323498806,-4.0,4.0,4.0,1.0,1.0,1.0,7.8,1.0,-1.2912986278533936,-26.326318740844727,0.019999999552965164
8.50010633468628,3.1198047171932624,0.7701511529340699,0.42073549240394825,0.42073549240394825,-0.22984884706593015,0.0776070676113917,0.6415108571989414,-0.7571462244122277,0.09576303050211492,1.0,1.0,0.0,-3.0947611368460803,-0.2427633312363462,-1.741486710934357,-0.05837826151075168,0.05117072716710003,0.4511496033075918,-4.0,4.0,4.0,1.0,1.0,1.0,7.8,1.0,-1.257902979850769,-26.353551864624023,0.019999999552965164
8.520119667053223,2.7573584888942655,0.7701511529340699,0.42073549240394825,0.42073549240394825,-0.22984884706593015,-0.07768243935589152,0.5504720938515952,-0.8290245656798383,0.06053248719253411,1.0,1.0,0.0,-2.954248662150632,0.062198507484955326,-1.9634394375607958,-0.013580269228567296,0.053726722702083674,0.5276545893772978,-4.0,4.0,4.0,1.0,1.0,1.0,7.8,1.0,-1.2245073318481445,-26.389863967895508,0.019999999552965164
8.54009485244751,3.0508813777756365,0.7701511529340699,0.42073549240394825,0.42073549240394825,-0.22984884706593015,0.06167553351248099,0.5961388625432024,-0.7999119020013337,0.030911715711950755,1.0,1.0,0.0,3.117284950046561,-0.13594367194274662,-1.85902217971632,-0.08526419268642141,-0.06651299772924486,0.1338013121363418,-4.0,4.0,4.0,1.0,1.0,1.0,7.8,1.0,-1.19111168384552,-26.426176071166992,0.019999999552965164
8.56009316444397,2.9149441103818594,0.7701511529340699,0.42073549240394825,0.42073549240394825,-0.22984884706593015,-0.02121672820383852,0.6059448248516369,-0.7909615938324475,0.08222211844678828,1.0,1.0,0.0,-2.98482871366291,-0.06612908717495874,-1.839354329048318,0.043343381368879996,0.03707387456513733,-0.16903800964879806,-4.0,4.0,4.0,1.0,1.0,1.0,7.8,1.0,-1.19111168384552,-26.426176071166992,0.019999999552965164
8.580096006393433,3.1333247396579007,0.7701511529340699,0.42073549240394825,0.42073549240394825,-0.22984884706593015,0.08039953133429228,0.6531235042478953,-0.7491660248027411,0.07560337850542158,1.0,1.0,0.0,-3.1331293680754504,-0.22101688092018545,-1.7085014272538985,0.07805295294943068,0.09236593777602484,-1.3696933026049272,4.0,-4.0,-4.0,1.0,1.0,1.0,7.8,1.0,-1.1577160358428955,-26.462488174438477,0.019999999552965164
8.600132465362549,3.1333247396579007,0.7701511529340699,0.42073549240394825,0.42073549240394825,-0.22984884706593015,0.08039953133429228,0.6531235042478953,-0.7491660248027411,0.07560337850542158,1.0,1.0,0.0,-3.1331293680754504,-0.22101688092018545,-1.7085014272538985,0.07805295294943068,0.09236593777602484,-1.3696933026049272,4.0,-4.0,-4.0,1.0,1.0,1.0,7.8,1.0,-1.1577160358428955,-26.462488174438477,0.019999999552965164
8.620102643966675,2.858518841989385,0.7701511529340699,0.42073549240394825,0.42073549240394825,-0.22984884706593015,-0.07617112314127089,0.5932224663393033,-0.8011233137450818,-0.02205678135654945,1.0,1.0,0.0,-3.085916849696509,0.1487621637716389,-1.8626711126453845,-0.035436438674124604,0.01789428158428301,-1.6690290009020403,-4.0,4.0,4.0,1.0,1.0,1.0,7.8,1.0,-1.1354522705078125,-26.50787925720215,0.019999999552965164
8.640170574188232,2.883976350208631,0.7701511529340699,0.42073549240394825,0.42073549240394825,-0.22984884706593015,-0.007852475243210439,0.5620474928449841,-0.8255414817366497,0.05022167212747018,1.0,1.0,0.0,-3.0496291231109907,-0.04350256165428728,-1.948116495763281,-0.09917879814285556,-0.09260064447149743,-1.0602166268067967,-4.0,4.0,4.0,1.0,1.0,1.0,7.8,1.0,-1.0909247398376465,-26.544191360473633,0.019999999552965164
8.6600980758667,3.070802956488191,0.7701511529340699,0.42073549240394825,0.42073549240394825,-0.22984884706593015,0.08820238158367263,0.5650221767904038,-0.8201603546694661,-0.017529182709342693,1.0,1.0,0.0,3.011789238059896,-0.1251982550996312,-1.926947598641436,-0.01841017652452999,-0.03203125669618245,-0.45173116295829,-3.969450237762373,4.0,4.0,0.0,1.0,1.0,7.8,1.0,-1.0909247398376465,-26.544191360473633,0.019999999552965164
8.680092811584473,2.9644810838095808,0.7701511529340699,0.42073549240394825,0.42073549240394825,-0.22984884706593015,-0.0036023783888599393,0.5638817390720819,-0.8201936899570016,-0.09647133338824626,1.0,1.0,0.0,2.985750390212848,0.11495918463752498,-1.9460060784895996,0.016286099959019487,0.06806997865521466,-1.2698808243300417,-4.0,4.0,4.0,1.0,1.0,1.0,7.8,1.0,-1.0686609745025635,-26.589580535888672,0.019999999552965164
8.700121641159058,3.0769064567069733,0.7701511529340699,0.42073549240394825,0.42073549240394825,-0.22984884706593015,-0.04387838084110496,0.6811156758876351,-0.7255767831602904,-0.08771804542771006,1.0,1.0,0.0,3.0728567267612155,0.18420652507955065,-1.6403402197450203,-0.09769385875114991,0.08095960462788887,-3.3934243025273405,-4.0,4.0,4.0,1.0,1.0,1.0,7.8,1.0,-1.024133324623108,-26.634971618652344,0.019999999552965164
8.720094680786133,3.071200458516643,0.7701511529340699,0.42073549240394825,0.42073549240394825,-0.22984884706593015,0.008212090489754364,0.6248576003548045,-0.7749908839822813,-0.09420547007995572,1.0,1.0,0.0,2.983790307729368,0.10519532633211211,-1.7928037964360029,0.03473364971560419,-0.06521597070858542,-4.3096634674409415,-4.0,4.0,4.0,1.0,1.0,1.0,7.8,1.0,-1.001869559288025,-26.671283721923828,0.019999999552965164
8.740464925765991,3.071200458516643,0.7701511529340699,0.42073549240394825,0.42073549240394825,-0.22984884706593015,0.008212090489754364,0.6248576003548045,-0.7749908839822813,-0.09420547007995572,1.0,1.0,0.0,2.983790307729368,0.10519532633211211,-1.7928037964360029,0.03473364971560419,-0.06521597070858542,-4.3096634674409415,-4.0,4.0,4.0,1.0,1.0,1.0,7.8,1.0,-1.001869559288025,-26.671283721923828,0.019999999552965164
8.760380268096924,3.071200458516643,0.7701511529340699,0.42073549240394825,0.42073549240394825,-0.22984884706593015,0.008212090489754364,0.6248576003548045,-0.7749908839822813,-0.09420547007995572,1.0,1.0,0.0,2.983790307729368,0.10519532633211211,-1.7928037964360029,0.03473364971560419,-0.06521597070858542,-4.3096634674409415,-4.0,4.0,4.0,1.0,1.0,1.0,7.8,1.0,-1.001869559288025,-26.671283721923828,0.019999999552965164
8.780110120773315,3.0784228060488394,0.7701511529340699,0.42073549240394825,0.42073549240394825,-0.22984884706593015,0.006703552667124887,-0.7506548972908134,0.6606422300886019,-0.0049123699490552725,1.0,1.0,0.0,-3.125037131787863,0.0014823113907604314,-1.4433964094257743,-0.010204080985970074,-0.07678694390765439,-4.368892470566903,4.0,-4.0,4.0,1.0,1.0,1.0,7.8,1.0,-0.9573420882225037,-26.698518753051758,0.019999999552965164
8.800126314163208,3.1174170985482133,0.7701511529340699,0.42073549240394825,0.42073549240394825,-0.22984884706593015,-0.01343367650049293,-0.678816360135537,0.7277333515830415,0.09711876513699218,1.0,1.0,0.0,2.980286986985907,0.11253673128898128,-1.64942999915462,-0.053681583510534425,0.038407449133581045,-3.193709478568257,4.0,-4.0,-0.49503807446377657,1.0,1.0,0.0,7.8,1.0,-0.9350783228874207,-26.743907928466797,0.019999999552965164
8.820088148117065,2.9620174475287513,0.7701511529340699,0.42073549240394825,0.42073549240394825,-0.22984884706593015,-0.023107698069597015,-0.8036266147523629,0.5893382415141555,-0.07956591883831061,1.0,1.0,0.0,-3.084224622008291,-0.1557479915414464,-1.2699949345817376,0.007871420253172265,-0.058411137990733435,-4.277775597131047,4.0,-4.0,4.0,1.0,1.0,1.0,7.8,1.0,-0.9016826748847961,-26.78022003173828,0.019999999552965164
8.840088367462158,3.0439914089820315,0.7701511529340699,0.42073549240394825,0.42073549240394825,-0.22984884706593015,0.00820839239812894,-0.7831086329574666,0.618834973928304,-0.0609652878684382,1.0,1.0,0.0,-3.052841920046883,-0.0854294814982605,-1.3413045860963373,0.05473766831950244,-0.01593796547867468,-4.543060655833201,4.0,-4.0,4.0,1.0,1.0,1.0,7.8,1.0,-0.8794188499450684,-26.816532135009766,0.019999999552965164
8.860077142715454,2.9366307249339645,0.7701511529340699,0.42073549240394825,0.42073549240394825,-0.22984884706593015,0.027536206454242002,-0.817556155124549,0.5692069553200478,0.0827474021788877,1.0,1.0,0.0,3.091698536463004,0.16743005692521068,-1.2205698189185012,-0.04004950172427216,-0.04530409950372308,-3.724327334143459,4.0,-4.0,1.8269566842341387,1.0,1.0,0.0,7.8,1.0,-0.8348913192749023,-26.85284423828125,0.019999999552965164
8.880088567733765,2.9694499152469294,0.7701511529340699,0.42073549240394825,0.42073549240394825,-0.22984884706593015,0.0726339072187256,-0.853081839751294,0.5166943406771451,0.0016274276941153495,1.0,1.0,0.0,-3.0186677503388344,0.07791452396704103,-1.08437327977108,0.015665940292937552,0.09837408389189864,-4.6569016370302005,4.0,-4.0,4.0,1.0,1.0,1.0,7.8,1.0,-0.8126275539398193,-26.898235321044922,0.019999999552965164
8.90009331703186,2.871633115026888,0.7701511529340699,0.42073549240394825,0.42073549240394825,-0.22984884706593015,0.04322143096071335,-0.8749660582143163,0.48212128919170416,0.011196757867306907,1.0,1.0,0.0,-3.076586656826944,0.061307908933503394,-1.0052535512666816,-0.0601427392946585,0.07382267191601485,-4.831593317911856,4.0,-4.0,4.0,1.0,1.0,1.0,7.8,1.0,-0.7681000232696533,-26.93454933166504,0.019999999552965164
8.920099973678589,2.6692030350704408,0.7701511529340699,0.42073549240394825,0.42073549240394825,-0.22984884706593015,-0.026815156182622393,-0.9050649461398629,0.42211882263730394,0.044205092953695097,1.0,1.0,0.0,3.055486083661492,0.05741012719345078,-0.8752839250065484,-0.004964898270034143,-0.04517342715381054,-5.816469468623328,4.0,-4.0,4.0,1.0,1.0,1.0,7.8,1.0,-0.7458362579345703,-26.961782455444336,0.019999999552965164
8.940093278884888,2.875182308390616,0.7701511529340699,0.42073549240394825,0.42073549240394825,-0.22984884706593015,0.07058943846556727,-0.9033821361285811,0.4156492378963271,-0.0784446195546908,1.0,1.0,0.0,-2.946948365233573,-0.08314581121239951,-0.8705704501435026,0.07117777030197617,0.0107426065284979,-7.159473626572755,4.0,-4.0,4.0,1.0,1.0,1.0,7.8,1.0,-0.7013087272644043,-26.99809455871582,0.019999999552965164
8.960183382034302,2.7340978015474136,0.7701511529340699,0.42073549240394825,0.42073549240394825,-0.22984884706593015,0.044162426770700654,-0.9167109184280899,0.39144408987376167,0.06680042364650607,1.0,1.0,0.0,-3.112557229538387,0.157700438303429,-0.8048482596580705,-0.03544145148451272,0.036107261051171485,-7.759492498699238,4.0,-4.0,4.0,1.0,1.0,1.0,7.8,1.0,-0.6790449619293213,-27.02532958984375,0.019999999552965164
8.980103731155396,2.62047354307685,0.7701511529340699,0.42073549240394825,0.42073549240394825,-0.22984884706593015,0.038762882176027205,-0.9584547222695817,0.28229872170314796,0.013015992060338318,1.0,1.0,0.0,-3.0745126602881903,0.046853042430423986,-0.571299216674764,-0.012335920336259548,-0.014492058854658096,-8.237776086806036,4.0,-4.0,4.0,1.0,1.0,1.0,7.8,1.0,-0.6790449619293213,-27.02532958984375,0.019999999552965164
9.000104188919067,3.0750453700414515,0.7860666291368439,0.16751879124639693,0.5709414713577319,0.16751879124639693,0.038762882176027205,-0.9584547222695817,0.28229872170314796,0.013015992060338318,1.0000000000000002,1.0000000000000002,1.0000000000000002,-3.0745126602881903,0.046853042430423986,-0.571299216674764,-0.012335920336259548,-0.014492058854658096,-8.237776086806036,-4.0,0.798661591405916,4.0,1.0,0.0,1.0,7.8,1.0,-0.6790449619293213,-27.02532958984375,0.019999999552965164
9.020097970962524,3.0965970417883146,0.7860666291368439,0.16751879124639693,0.5709414713577319,0.16751879124639693,0.06411376816664292,-0.9684926877098409,0.24009154160578988,-0.016352071226548966,1.0000000000000002,1.0000000000000002,1.0000000000000002,-3.0091664686389272,-0.0008873760655339737,-0.4860655664998888,0.0829764620583737,-0.058903105890435015,-8.762498565096568,-4.0,0.0880383134237338,4.0,1.0,0.0,1.0,7.8,1.0,-0.6345174312591553,-27.061641693115234,0.019999999552965164
9.040112495422363,2.9816558736724814,0.7860666291368439,0.16751879124639693,0.5709414713577319,0.16751879124639693,0.03876849586450119,-0.9941100437468614,0.08032589711646067,0.06156277204977822,1.0000000000000002,1.0000000000000002,1.0000000000000002,-3.0737877428462346,0.1289859355288181,-0.15687261975365271,0.08853995976903181,0.018165435929808085,-10.717964599588129,4.0,2.6440996352089394,4.0,1.0,0.0,1.0,7.8,1.0,-0.6233855485916138,-27.079797744750977,0.019999999552965164
9.06011414527893,2.884217061276825,0.7860666291368439,0.16751879124639693,0.5709414713577319,0.16751879124639693,0.04248074735117236,-0.9990115343006739,0.01162311109539774,-0.006020276336125425,1.0000000000000002,1.0000000000000002,1.0000000000000002,-3.0564672385039904,-0.011041358450748757,-0.023738412034824134,0.005056919200821811,-0.05782575143472342,-10.653067968827488,4.0,3.8605465235523413,4.0,1.0,0.0,1.0,7.8,1.0,-0.5899899005889893,-27.11610984802246,0.019999999552965164
9.080106496810913,2.6174126835107683,0.7860666291368439,0.16751879124639693,0.5709414713577319,0.16751879124639693,-0.028082420998328705,-0.9890745894253851,-0.1378600911790692,0.044016240684290844,1.0000000000000002,1.0000000000000002,1.0000000000000002,3.0979672970907117,0.09495621462786318,0.27490818376792026,-0.010793909275934821,0.017337981463842994,-10.789936705943864,4.0,4.0,4.0,1.0,1.0,1.0,7.8,1.0,-0.5565942525863647,-27.152421951293945,0.019999999552965164
9.100085020065308,2.6540435529249033,0.7860666291368439,0.16751879124639693,0.5709414713577319,0.16751879124639693,0.006969802594022463,-0.9851344988217018,-0.16086656139517053,0.059861427547367965,1.0000000000000002,1.0000000000000002,1.0000000000000002,-3.1083716864085935,0.11596040686504147,0.3256592733884828,0.08566336577977418,0.07119531388080588,-11.771466755119345,4.0,4.0,4.0,1.0,1.0,1.0,7.8,1.0,-0.5231985449790955,-27.170578002929688,0.019999999552965164
9.120140790939331,2.34828890454517,0.7860666291368439,0.16751879124639693,0.5709414713577319,0.16751879124639693,-0.07464263350059798,-0.9525612851093532,-0.29504354790374543,0.002186370344407305,1.0000000000000002,1.0000000000000002,1.0000000000000002,3.000043175071136,0.048229653970423184,0.5973117496885831,0.03679347851360282,-0.06744670467319358,-12.381274165158109,4.0,4.0,4.0,1.0,1.0,1.0,7.8,1.0,-0.5231985449790955,-27.170578002929688,0.019999999552965164
9.140104532241821,2.34828890454517,0.7860666291368439,0.16751879124639693,0.5709414713577319,0.16751879124639693,-0.07464263350059798,-0.9525612851093532,-0.29504354790374543,0.002186370344407305,1.0000000000000002,1.0000000000000002,1.0000000000000002,3.000043175071136,0.048229653970423184,0.5973117496885831,0.03679347851360282,-0.06744670467319358,-12.381274165158109,4.0,4.0,4.0,1.0,1.0,1.0,7.8,1.0,-0.5231985449790955,-27.170578002929688,0.019999999552965164
9.160107612609863,2.473522051487375,0.7860666291368439,0.16751879124639693,0.5709414713577319,0.16751879124639693,0.032293660047474755,-0.9441672058839233,-0.31572911328916103,-0.08843378243478732,1.0000000000000002,1.0000000000000002,1.0000000000000002,-3.1363609691783716,-0.18849895664628757,0.6449251813640134,-0.07865801710414166,0.05218081990302753,-13.878947509908322,4.0,4.0,4.0,1.0,1.0,1.0,7.8,1.0,-0.48980292677879333,-27.197813034057617,0.019999999552965164
9.180100202560425,2.1416790298326673,0.7860666291368439,0.16751879124639693,0.5709414713577319,0.16751879124639693,-0.03651409786433581,-0.8400075100758,-0.5413176172444193,-0.005416727262170204,1.0000000000000002,1.0000000000000002,1.0000000000000002,3.0743021691656516,0.030435964574195402,1.1438605556805992,-0.09550862142428057,0.05887163560355754,-15.010339582585457,4.0,4.0,4.0,1.0,1.0,1.0,7.8,1.0,-0.4675391614437103,-27.243202209472656,0.019999999552965164
9.200103282928467,2.1727339943754767,0.7860666291368439,0.16751879124639693,0.5709414713577319,0.16751879124639693,-0.037430811172304304,-0.8449967288263203,-0.5310559004881673,0.05058748070919622,1.0000000000000002,1.0000000000000002,1.0000000000000002,3.1319886137470334,0.1255780150433138,1.1215789528837503,0.054738969733301474,-0.013949176511271616,-14.105926890072508,4.0,4.0,4.0,1.0,1.0,1.0,7.8,1.0,-0.4675391614437103,-27.243202209472656,0.019999999552965164
9.22010850906372,2.012455773698759,0.7860666291368439,0.16751879124639693,0.5709414713577319,0.16751879124639693,-0.049999281855420144,-0.7617888983636892,-0.6458821609086659,0.003739032459204354,1.0000000000000002,1.0000000000000002,1.0000000000000002,3.0700068025468026,0.0703419895449809,1.403968397653586,-0.05632676321886237,-0.05919613934405075,-12.587042496730195,4.0,4.0,4.0,1.0,1.0,1.0,7.8,1.0,-0.44527536630630493,-27.288593292236328,0.019999999552965164
9.2401442527771,2.184210668901408,0.7860666291368439,0.16751879124639693,0.5709414713577319,0.16751879124639693,0.08228441987915278,-0.6953205631011523,-0.7139376947881333,-0.0071803018358678715,1.0000000000000002,1.0000000000000002,1.0000000000000002,-3.0363661443204784,-0.1278249299750993,1.590475314913247,-0.04790200010897821,0.05714399686174049,-11.017166315209996,4.0,4.0,4.0,1.0,1.0,1.0,7.8,1.0,-0.4118797183036804,-27.324905395507812,0.019999999552965164
9.26009225845337,1.9646765151637675,0.7860666291368439,0.16751879124639693,0.5709414713577319,0.16751879124639693,0.018687799774983794,-0.6034336500175113,-0.7903826170901717,-0.10398997436197906,1.0000000000000002,1.0000000000000002,1.0000000000000002,2.9975287582450174,-0.1556711048196593,1.8487149903289,-0.006836171193658647,-0.04792704698727029,-8.364942150278816,4.0,4.0,4.0,1.0,1.0,1.0,7.8,1.0,-0.3784840703010559,-27.37029457092285,0.019999999552965164
9.280122995376587,1.9646765151637675,0.7860666291368439,0.16751879124639693,0.5709414713577319,0.16751879124639693,0.018687799774983794,-0.6034336500175113,-0.7903826170901717,-0.10398997436197906,1.0000000000000002,1.0000000000000002,1.0000000000000002,2.9975287582450174,-0.1556711048196593,1.8487149903289,-0.006836171193658647,-0.04792704698727029,-8.364942150278816,4.0,4.0,4.0,1.0,1.0,1.0,7.8,1.0,-0.3784840703010559,-27.37029457092285,0.019999999552965164
9.300092458724976,1.9646765151637675,0.7860666291368439,0.16751879124639693,0.5709414713577319,0.16751879124639693,0.018687799774983794,-0.6034336500175113,-0.7903826170901717,-0.10398997436197906,1.0000000000000002,1.0000000000000002,1.0000000000000002,2.9975287582450174,-0.1556711048196593,1.8487149903289,-0.006836171193658647,-0.04792704698727029,-8.364942150278816,4.0,4.0,4.0,1.0,1.0,1.0,7.8,1.0,-0.3784840703010559,-27.37029457092285,0.019999999552965164
9.320099353790283,2.0947038181215802,0.7860666291368439,0.16751879124639693,0.5709414713577319,0.16751879124639693,0.06488024053367622,-0.5993361106668832,-0.7973543016884943,0.028511373482157258,1.0000000000000002,1.0000000000000002,1.0000000000000002,-3.017741895659039,-0.06934484954601443,1.8481710745683668,-0.0770796734534206,-0.009305842009557155,-6.307412674646606,4.0,4.0,4.0,1.0,1.0,1.0,7.8,1.0,-0.3339565396308899,-27.39752960205078,0.019999999552965164
9.340134859085083,1.8371066281465662,0.7860666291368439,0.16751879124639693,0.5709414713577319,0.16751879124639693,-0.03460831419908185,-0.4908393441016892,-0.8705572645176373,-0.003008665100991173,1.0000000000000002,1.0000000000000002,1.0000000000000002,3.102305332605397,0.057334903859272326,2.1136796375947466,0.06418657919893156,0.06187140684180856,-6.748779283412481,4.0,4.0,4.0,1.0,1.0,1.0,7.8,1.0,-0.2894290089607239,-27.433841705322266,0.019999999552965164
9.360101461410522,2.0714152552984,0.7860666291368439,0.16751879124639693,0.5709414713577319,0.16751879124639693,0.09308417296200354,-0.4242133036249151,-0.900669244080665,0.013165201813065748,1.0000000000000002,1.0000000000000002,1.0000000000000002,-3.0374330961501608,-0.1571524605735098,2.253028117680584,-0.07097223813420633,0.008019414297113461,-7.601523497375604,4.0,4.0,4.0,1.0,1.0,1.0,7.8,1.0,-0.256033331155777,-27.47015380859375,0.019999999552965164
9.380098581314087,1.9532871275037484,0.7860666291368439,0.16751879124639693,0.5709414713577319,0.16751879124639693,0.018758627612075956,-0.474329193182509,-0.8791908514747265,0.04102897839438399,1.0000000000000002,1.0000000000000002,1.0000000000000002,-3.051529226102477,0.005937691762301599,2.152357994101633,0.09012664377154064,0.02347737963513341,-6.943823523881771,3.7453061969630177,4.0,4.0,0.0,1.0,1.0,7.8,1.0,-0.21150580048561096,-27.506465911865234,0.019999999552965164
9.40008544921875,1.952667628462008,0.7860666291368439,0.16751879124639693,0.5709414713577319,0.16751879124639693,0.034902473511624586,-0.3302082756410977,-0.9425871070387958,0.03569114295083583,1.0000000000000002,1.0000000000000002,1.0000000000000002,-3.0510541735869863,-0.04223878021612665,2.4657570143053515,0.012314368396400877,0.035988252980679786,-6.725389532099011,1.6934209230963497,4.0,4.0,0.0,1.0,1.0,7.8,1.0,-0.18924203515052795,-27.524621963500977,0.019999999552965164
9.420101165771484,1.838062526101267,0.7860666291368439,0.16751879124639693,0.5709414713577319,0.16751879124639693,-0.027083388987192748,-0.40416919272385043,-0.9139377782035314,0.025129489973175847,1.0000000000000002,1.0000000000000002,1.0000000000000002,-3.117490472483534,0.06987504325555274,2.309690602292141,-0.06523225981341829,0.0489328736851366,-6.9035482637976955,3.175283408865242,4.0,4.0,0.0,1.0,1.0,7.8,1.0,-0.18924203515052795,-27.524621963500977,0.019999999552965164
9.440082788467407,1.838062526101267,0.7860666291368439,0.16751879124639693,0.5709414713577319,0.16751879124639693,-0.027083388987192748,-0.40416919272385043,-0.9139377782035314,0.025129489973175847,1.0000000000000002,1.0000000000000002,1.0000000000000002,-3.117490472483534,0.06987504325555274,2.309690602292141,-0.06523225981341829,0.0489328736851366,-6.9035482637976955,3.175283408865242,4.0,4.0,0.0,1.0,1.0,7.8,1.0,-0.18924203515052795,-27.524621963500977,0.019999999552965164
9.460091352462769,1.7619908040903238,0.7860666291368439,0.16751879124639693,0.5709414713577319,0.16751879124639693,-0.04905722726723145,-0.1964574901869086,-0.9785856313087956,-0.03698655429041096,1.0000000000000002,1.0000000000000002,1.0000000000000002,3.0494923528155287,0.08157125483608872,2.741585705170391,-0.08581688552907968,0.062729877059886,-7.561414615388705,0.4111944482219113,4.0,4.0,0.0,1.0,1.0,7.8,1.0,-0.14471450448036194,-27.551855087280273,0.019999999552965164
9.480114936828613,1.8786058646217239,0.7860666291368439,0.16751879124639693,0.5709414713577319,0.16751879124639693,0.004835776796410822,-0.22184323133275605,-0.9750689026476034,-0.0016825766595131367,1.0000000000000002,1.0000000000000002,1.0000000000000002,3.140456906876104,-0.010177143315620894,2.6941836697783983,0.026540356070845483,0.07315524942676888,-8.553252008330318,0.1500772432049008,4.0,4.0,0.0,1.0,1.0,7.8,1.0,-0.11131884157657623,-27.570011138916016,0.019999999552965164
9.50011396408081,1.715852002626671,0.7860666291368439,0.16751879124639693,0.5709414713577319,0.16751879124639693,-0.09231321717603079,-0.20910068920872754,-0.9721623375671231,0.05153213679902205,1.0000000000000002,1.0000000000000002,1.0000000000000002,-3.078677812597595,0.20241710977423505,2.7242630854457217,0.04492670225205048,0.02166056416215989,-9.37736038645698,-1.0471951756413471,4.0,4.0,0.0,1.0,1.0,7.8,1.0,-0.07792319357395172,-27.597246170043945,0.019999999552965164
9.520113706588745,1.9795839086638787,0.7860666291368439,0.16751879124639693,0.5709414713577319,0.16751879124639693,0.012956130703471926,0.06002669044760275,-0.9981025281002347,0.004503166777131501,1.0000000000000002,1.0000000000000002,1.0000000000000002,-3.1341561754326355,-0.02640678289670431,-3.0215539368942284,0.0655748882374366,-0.033677221709546706,-10.758412647364167,-4.0,4.0,4.0,1.0,1.0,1.0,7.8,1.0,-0.022263769060373306,-27.63355827331543,0.019999999552965164
9.540113687515259,1.8112080040330132,0.7860666291368439,0.16751879124639693,0.5709414713577319,0.16751879124639693,-0.07081727669589559,0.08735620953064441,-0.9919148951111051,-0.05881026130311297,1.0000000000000002,1.0000000000000002,1.0000000000000002,3.0358931285282957,0.15134137070096776,-2.9739305007366035,-0.06559192703055867,0.08244667508510295,-11.081301979720502,-3.999996149484975,4.0,4.0,0.0,1.0,1.0,7.8,1.0,0.0,-27.651714324951172,0.019999999552965164
9.560128211975098,1.9398845497847306,0.7860666291368439,0.16751879124639693,0.5709414713577319,0.16751879124639693,-0.024026137455271733,0.16833871010840912,-0.9818420393409665,-0.08408943560750748,1.0000000000000002,1.0000000000000002,1.0000000000000002,2.983448883586379,0.07556264415306717,-2.807980924199456,0.06590225685172657,0.07210768504054971,-10.690843753616743,-4.0,4.0,4.0,1.0,1.0,1.0,7.8,1.0,0.0,-27.651714324951172,0.019999999552965164
9.580060720443726,1.9398845497847306,0.7860666291368439,0.16751879124639693,0.5709414713577319,0.16751879124639693,-0.024026137455271733,0.16833871010840912,-0.9818420393409665,-0.08408943560750748,1.0000000000000002,1.0000000000000002,1.0000000000000002,2.983448883586379,0.07556264415306717,-2.807980924199456,0.06590225685172657,0.07210768504054971,-10.690843753616743,-4.0,4.0,4.0,1.0,1.0,1.0,7.8,1.0,0.0,-27.651714324951172,0.019999999552965164
9.600096225738525,2.1249073011950257,0.7860666291368439,0.16751879124639693,0.5709414713577319,0.16751879124639693,0.034895591085344645,0.26941258861254536,-0.9600944748107905,-0.06646618883074584,1.0000000000000002,1.0000000000000002,1.0000000000000002,2.994561920739117,-0.03119753285740736,-2.592145373811428,0.00013709397098415899,0.08136127195687151,-9.83631535568606,-4.0,4.0,4.0,1.0,1.0,1.0,7.8,1.0,0.04452753812074661,-27.67894744873047,0.019999999552965164
9.620087385177612,2.2128687478016182,0.7860666291368439,0.16751879124639693,0.5709414713577319,0.16751879124639693,0.07041988885830763,0.24973541411851796,-0.9650925815608292,0.0356310427084335,1.0000000000000002,1.0000000000000002,1.0000000000000002,-3.1075800855650715,-0.15433201809698613,-2.637794642280577,0.03392640399453864,0.057332809833778114,-9.527987767488895,-4.0,4.0,4.0,1.0,1.0,1.0,7.8,1.0,0.07792319357395172,-27.715261459350586,0.019999999552965164
9.640090942382812,2.2660855553500827,0.7860666291368439,0.16751879124639693,0.5709414713577319,0.16751879124639693,0.06913096510573424,0.35652711547542454,-0.9309230246739342,-0.03862185555170648,1.0000000000000002,1.0000000000000002,1.0000000000000002,3.0194620914507078,-0.10134513088791769,-2.403890011616617,0.048754991946824006,0.013682664622799587,-9.815028787328238,-4.0,4.0,4.0,1.0,1.0,1.0,7.8,1.0,0.12245073169469833,-27.733417510986328,0.019999999552965164
9.660069704055786,2.1624402148108186,0.7860666291368439,0.16751879124639693,0.5709414713577319,0.16751879124639693,-0.025075830437231713,0.376422439472813,-0.9227354157871024,0.07897279431185587,1.0000000000000002,1.0000000000000002,1.0000000000000002,-2.9762052164574206,-0.01317793152959086,-2.3680168145971505,0.07012314949320814,0.08092531470928224,-8.232224922138277,-4.0,4.0,4.0,1.0,1.0,1.0,7.8,1.0,0.14471450448036194,-27.760650634765625,0.019999999552965164
9.680099487304688,2.4897454779502235,0.7860666291368439,0.16751879124639693,0.5709414713577319,0.16751879124639693,0.0854574676311433,0.5189880932950487,-0.8483714448074886,0.06011881468638878,1.0000000000000002,1.0000000000000002,1.0000000000000002,-3.127993181047688,-0.20891769333155977,-2.0449949558999814,-0.08908294941085551,-0.05474756305166426,-6.095860279081088,-4.0,4.0,4.0,1.0,1.0,1.0,7.8,1.0,0.18924203515052795,-27.787885665893555,0.019999999552965164
9.70009469985962,2.1665010458145213,0.7860666291368439,0.16751879124639693,0.5709414713577319,0.16751879124639693,-0.0786622357004998,0.5245453025548676,-0.8445514315052012,-0.07346671208606506,1.0000000000000002,1.0000000000000002,1.0000000000000002,3.0990632835156693,0.21151547875594323,-2.034537728237469,0.04258440393793056,0.08563659943111623,-5.29823705716506,-4.0,4.0,4.0,1.0,1.0,1.0,7.8,1.0,0.22263768315315247,-27.81511878967285,0.019999999552965164
9.720099449157715,2.4654336386214846,0.7860666291368439,0.16751879124639693,0.5709414713577319,0.16751879124639693,-0.02229092813660631,0.6424692824620081,-0.7619078079812397,0.07894825997312119,1.0000000000000002,1.0000000000000002,1.0000000000000002,-2.991747214685956,-0.0675277087467699,-1.7455534254476837,0.01201694553047028,-0.028379769286669562,-1.8860376027463095,-4.0,4.0,4.0,1.0,1.0,1.0,7.8,1.0,0.256033331155777,-27.851430892944336,0.019999999552965164
9.740101099014282,2.1772020049368908,0.7860666291368439,0.16751879124639693,0.5709414713577319,0.16751879124639693,-0.07809090236243621,0.5216900387478381,-0.8490320721361247,-0.02976331506633312,1.0000000000000002,1.0000000000000002,1.0000000000000002,-3.1102261975293515,0.1643973247581669,-2.0370508321267264,0.013295608119381644,0.012132861047862306,0.4232740202238556,-4.0,4.0,4.0,1.0,1.0,1.0,7.8,1.0,0.3116927742958069,-27.860509872436523,0.019999999552965164
9.760097980499268,2.272478230582615,0.7860666291368439,0.16751879124639693,0.5709414713577319,0.16751879124639693,-0.06928057600237607,0.5739295619667832,-0.8157642956903017,0.018266733870653015,1.0000000000000002,1.0000000000000002,1.0000000000000002,-3.031577524617874,0.09219616119584953,-1.9103056807684016,0.05018875503927811,0.0377736789093866,0.969805057394481,-4.0,4.0,4.0,1.0,1.0,1.0,7.8,1.0,0.3339565396308899,-27.896821975708008,0.019999999552965164
9.780112266540527,2.5441862174719274,0.7860666291368439,0.16751879124639693,0.5709414713577319,0.16751879124639693,0.09614287461584699,0.573630613904378,-0.8133998368038973,-0.009228864484921237,1.0000000000000002,1.0000000000000002,1.0000000000000002,3.014583058032454,-0.14633903078271152,-1.903821013149576,0.061637624584660156,0.088297593209727,0.889102303984007,-4.0,4.0,4.0,1.0,1.0,1.0,7.8,1.0,0.3339565396308899,-27.896821975708008,0.019999999552965164
9.800096988677979,2.468889995346554,0.7860666291368439,0.16751879124639693,0.5709414713577319,0.16751879124639693,0.08304579837302731,0.5492676377728861,-0.8262998958946189,-0.09293513604940772,1.0000000000000002,1.0000000000000002,1.0000000000000002,2.894109377916772,-0.03515618528914391,-1.9638961186249508,0.06440486932981174,0.008676070349392481,1.3569101783918276,-4.0,4.0,4.0,1.0,1.0,1.0,7.8,1.0,0.3784840703010559,-27.905899047851562,0.019999999552965164
9.820127964019775,2.468889995346554,0.7860666291368439,0.16751879124639693,0.5709414713577319,0.16751879124639693,0.08304579837302731,0.5492676377728861,-0.8262998958946189,-0.09293513604940772,1.0000000000000002,1.0000000000000002,1.0000000000000002,2.894109377916772,-0.03515618528914391,-1.9638961186249508,0.06440486932981174,0.008676070349392481,1.3569101783918276,-4.0,4.0,4.0,1.0,1.0,1.0,7.8,1.0,0.3784840703010559,-27.905899047851562,0.019999999552965164
9.840080738067627,2.1811202869116104,0.7860666291368439,0.16751879124639693,0.5709414713577319,0.16751879124639693,-0.09532020388630622,0.5012234072005035,-0.8542524314536858,0.09970926817932875,1.0000000000000002,1.0000000000000002,1.0000000000000002,-2.871900407854018,0.06294334756234932,-2.071826670713507,0.026412303172760082,0.08295666969634968,1.4017196851614964,-4.0,4.0,1.0916514724457622,1.0,1.0,0.0,7.8,1.0,0.4118797183036804,-27.942211151123047,0.019999999552965164
9.86009430885315,2.363523528784176,0.7860666291368439,0.16751879124639693,0.5709414713577319,0.16751879124639693,0.029863540642658646,0.48409599600284875,-0.8708670285683691,0.07968597208287896,1.0000000000000002,1.0000000000000002,1.0000000000000002,-3.030558291738144,-0.1295275511064239,-2.1341110661615135,0.06365638894125733,-0.08788360367620401,1.256046659709212,-4.0,4.0,2.2686392204527985,1.0,1.0,0.0,7.8,1.0,0.4564072787761688,-27.951290130615234,0.019999999552965164
9.880101203918457,2.342282605722606,0.7860666291368439,0.16751879124639693,0.5709414713577319,0.16751879124639693,-0.05913814860955784,0.6032823724238459,-0.7933903175445094,0.05554153876435623,1.0000000000000002,1.0000000000000002,1.0000000000000002,-2.9813642840429178,0.026828024558560815,-1.8392092777570983,-0.020900031156586202,0.07241954958763397,1.8030769307808987,-4.0,4.0,1.2633044971226282,1.0,1.0,0.0,7.8,1.0,0.4564072787761688,-27.951290130615234,0.019999999552965164
9.900108098983765,2.097666789909023,0.7860666291368439,0.16751879124639693,0.5709414713577319,0.16751879124639693,-0.06984561711188485,0.4392041118073275,-0.8948690344331313,-0.0378252449365768,1.0000000000000002,1.0000000000000002,1.0000000000000002,3.1351673479702997,0.15889919553241458,-2.2295787989407674,0.028897827588029085,-0.06963704727514311,2.7645031432280485,-4.0,4.0,-2.684013968415421,1.0,1.0,0.0,7.8,1.0,0.47867104411125183,-27.97852325439453,0.019999999552965164
9.920091152191162,2.1679145091842065,0.7860666291368439,0.16751879124639693,0.5709414713577319,0.16751879124639693,-0.04516376577447913,0.45697729033025997,-0.8882706672964112,-0.010354322974948026,1.0000000000000002,1.0000000000000002,1.0000000000000002,-3.118615269072525,0.08981939896299145,-2.19026719084161,-0.07748418221940423,0.0672064725797284,3.53007341287231,-4.0,4.0,-4.0,1.0,1.0,1.0,7.8,1.0,0.5231985449790955,-27.98760223388672,0.019999999552965164
9.940104007720947,2.185140715625838,0.7860666291368439,0.16751879124639693,0.5709414713577319,0.16751879124639693,-0.023446586837753094,0.44505773551931876,-0.894574968327376,-0.033309092784854576,1.0000000000000002,1.0000000000000002,1.0000000000000002,3.102758460525775,0.07165971256169032,-2.2196816411253484,0.058173710817475716,0.07515299713063481,4.018861696206131,-4.0,4.0,-4.0,1.0,1.0,1.0,7.8,1.0,0.5565942525863647,-28.00575828552246,0.019999999552965164
9.960103034973145,2.185140715625838,0.7860666291368439,0.16751879124639693,0.5709414713577319,0.16751879124639693,-0.023446586837753094,0.44505773551931876,-0.894574968327376,-0.033309092784854576,1.0000000000000002,1.0000000000000002,1.0000000000000002,3.102758460525775,0.07165971256169032,-2.2196816411253484,0.058173710817475716,0.07515299713063481,4.018861696206131,-4.0,4.0,-4.0,1.0,1.0,1.0,7.8,1.0,0.5565942525863647,-28.00575828552246,0.019999999552965164
9.98012113571167,2.185140715625838,0.7860666291368439,0.16751879124639693,0.5709414713577319,0.16751879124639693,-0.023446586837753094,0.44505773551931876,-0.894574968327376,-0.033309092784854576,1.0000000000000002,1.0000000000000002,1.0000000000000002,3.102758460525775,0.07165971256169032,-2.2196816411253484,0.058173710817475716,0.07515299713063481,4.018861696206131,-4.0,4.0,-4.0,1.0,1.0,1.0,7.8,1.0,0.5565942525863647,-28.00575828552246,0.019999999552965164
10.000102043151855,1.9784291553072153,0.7860666291368439,0.16751879124639693,0.5709414713577319,0.16751879124639693,-0.09986914339871181,0.33321330754409667,-0.9363489670919116,0.04738837091777868,1.0000000000000002,1.0000000000000002,1.0000000000000002,-2.983727267611407,0.15607676609389198,-2.4454431045451934,-0.07558501203267882,-0.04408111362015863,4.257191845646035,-4.0,4.0,-4.0,1.0,1.0,1.0,7.8,1.0,0.6011217832565308,-28.023914337158203,0.019999999552965164
10.021761417388916,1.95567156774231,0.7860666291368439,0.16751879124639693,0.5709414713577319,0.16751879124639693,-0.08078379410410096,0.29678436073628367,-0.9514603512846033,-0.010780619920992284,1.0000000000000002,1.0000000000000002,1.0000000000000002,-3.113794366467371,0.16081646810943165,-2.534630417204696,0.06292452846948793,-0.04224467089625788,4.57786048213744,-4.0,4.0,-4.0,1.0,1.0,1.0,7.8,1.0,0.6233855485916138,-28.032991409301758,0.019999999552965164
10.040095329284668,2.1340545833600504,0.7860666291368439,0.16751879124639693,0.5709414713577319,0.16751879124639693,0.011917817361263724,0.33881263343859225,-0.937172760100538,-0.08228719692205706,1.0000000000000002,1.0000000000000002,1.0000000000000002,2.9784689996712275,0.03342800142780218,-2.450513136619411,-0.04471136038043995,0.06933851845400468,5.28767498392385,-4.0,4.0,-4.0,1.0,1.0,1.0,7.8,1.0,0.6679130792617798,-28.03299331665039,0.019999999552965164
10.060099124908447,2.1874782182782537,0.7860666291368439,0.16751879124639693,0.5709414713577319,0.16751879124639693,0.0020269118551428304,0.3422209859759186,-0.9349304649659796,0.09373213997609682,1.0000000000000002,1.0000000000000002,1.0000000000000002,-2.9664165927454484,-0.0679966394592137,-2.4457831546852584,0.09291474794055116,-0.049351038929121384,6.3781463808218195,-4.0,4.0,-4.0,1.0,1.0,1.0,7.8,1.0,0.7235724925994873,-28.03299331665039,0.019999999552965164
10.080097436904907,2.077016281403876,0.7860666291368439,0.16751879124639693,0.5709414713577319,0.16751879124639693,0.03129616325353273,0.197116687536045,-0.9792136805376206,-0.03614041378280164,1.0000000000000002,1.0000000000000002,1.0000000000000002,3.058287843147686,-0.047060874342950566,-2.742338554426813,0.018917561144170952,-0.02521040404951147,6.82044846045847,-4.0,4.0,-4.0,1.0,1.0,1.0,7.8,1.0,0.7569681406021118,-28.03299331665039,0.019999999552965164
10.10014033317566,1.8800813064177444,0.7860666291368439,0.16751879124639693,0.5709414713577319,0.16751879124639693,-0.08089450144966685,0.14680305352715986,-0.9837099664078641,0.06495879540255216,1.0000000000000002,1.0000000000000002,1.0000000000000002,-2.9879270822222512,0.14054337796521768,-2.834473678319133,0.09761324891613896,-0.09054709304004112,6.921241945740421,-4.0,4.0,-4.0,1.0,1.0,1.0,7.8,1.0,0.7569681406021118,-28.03299331665039,0.019999999552965164
10.120084524154663,1.8800813064177444,0.7860666291368439,0.16751879124639693,0.5709414713577319,0.16751879124639693,-0.08089450144966685,0.14680305352715986,-0.9837099664078641,0.06495879540255216,1.0000000000000002,1.0000000000000002,1.0000000000000002,-2.9879270822222512,0.14054337796521768,-2.834473678319133,0.09761324891613896,-0.09054709304004112,6.921241945740421,-4.0,4.0,-4.0,1.0,1.0,1.0,7.8,1.0,0.7569681406021118,-28.03299331665039,0.019999999552965164
10.140114784240723,2.0194703008860793,0.7860666291368439,0.16751879124639693,0.5709414713577319,0.16751879124639693,0.04604762956025947,0.058637382100939696,-0.9955287799741215,-0.05799759887673495,1.0000000000000002,1.0000000000000002,1.0000000000000002,3.019978492284609,-0.0849840859746287,-3.0187500022038325,0.0010116481282185508,0.019900529726462307,6.349272806029222,-3.4447583821161687,4.0,-4.0,0.0,1.0,1.0,7.8,1.0,0.8014956712722778,-28.03299331665039,0.019999999552965164
10.160092115402222,2.0282509084398406,0.7860666291368439,0.16751879124639693,0.5709414713577319,0.16751879124639693,0.061249083755611444,0.020993248360377956,-0.995466129935619,-0.06967795500284785,1.0000000000000002,1.0000000000000002,1.0000000000000002,2.998800688271936,-0.1193000317620371,-3.090879052773945,-0.04184683823581492,-0.02564544709507502,4.77691895780583,-2.496992010268847,4.0,-4.0,0.0,1.0,1.0,7.8,1.0,0.8348913192749023,-28.042072296142578,0.019999999552965164
10.180108547210693,2.0415039827911294,0.7860666291368439,0.16751879124639693,0.5709414713577319,0.16751879124639693,0.0717917299308353,0.012949667652910007,-0.9938908984354546,-0.08281989874650919,1.0000000000000002,1.0000000000000002,1.0000000000000002,2.972633201875175,-0.14102833413647073,-3.1035734491440627,-0.009359340261546195,0.08841700058069565,3.6237530327921608,-2.3098211363445467,4.0,-4.0,0.0,1.0,1.0,7.8,1.0,0.8794188499450684,-28.042072296142578,0.019999999552965164
10.200087308883667,2.0092160879246643,0.7860666291368439,0.16751879124639693,0.5709414713577319,0.16751879124639693,0.016786825513283338,0.017534776162976985,-0.9952993539535696,0.09375462726558113,1.0000000000000002,1.0000000000000002,1.0000000000000002,-2.954335630397425,-0.03671201199682201,-3.1098088722174766,0.10042695836703497,0.09513642094831096,2.434218493470298,-4.0,4.0,-4.0,1.0,1.0,1.0,7.8,1.0,0.9350783228874207,-28.06022834777832,0.019999999552965164
10.220091581344604,1.813933698809889,0.7860666291368439,0.16751879124639693,0.5709414713577319,0.16751879124639693,-0.05375650733427083,-0.0508907386110929,-0.996989315747779,0.023079751463420867,1.0000000000000002,1.0000000000000002,1.0000000000000002,-3.1007867366355475,0.10975866185962406,3.041834308489088,0.03216973189992606,0.09559993528562113,2.9314089867153115,-3.1125458494936176,4.0,-4.0,0.0,1.0,1.0,7.8,1.0,0.9684739708900452,-28.069305419921875,0.019999999552965164
10.240118980407715,1.9799882507148976,0.7860666291368439,0.16751879124639693,0.5709414713577319,0.16751879124639693,0.033190971408194346,-0.09484953849397076,-0.99366512349174,0.050314479234175244,1.0000000000000002,1.0000000000000002,1.0000000000000002,-3.0349332006941956,-0.05644678185265947,2.948246920657794,-0.08573984059326899,-0.05931089992144483,5.323256764771802,-1.958361333344138,4.0,-4.0,0.0,1.0,1.0,7.8,1.0,1.0130014419555664,-28.078384399414062,0.019999999552965164
10.2604398727417,1.9912048237192332,0.7860666291368439,0.16751879124639693,0.5709414713577319,0.16751879124639693,0.05344468749068621,-0.22798732878333414,-0.9713556604817327,0.04041811652414892,1.0000000000000002,1.0000000000000002,1.0000000000000002,-3.038140824346746,-0.085502103268439,2.676088237473108,-0.07275760009108374,-0.048265201203408006,6.239656652331992,0.33842070911551064,4.0,-4.0,0.0,1.0,1.0,7.8,1.0,1.0686609745025635,-28.087461471557617,0.019999999552965164
10.280098915100098,1.785279587519397,0.7860666291368439,0.16751879124639693,0.5709414713577319,0.16751879124639693,-0.06545723799604278,-0.25400513544062336,-0.9607291599863051,0.0905329902064896,1.0000000000000002,1.0000000000000002,1.0000000000000002,-2.998277467104352,0.17262106167221813,2.6370668211907304,-0.09017410334841908,0.010451389717258425,5.208323655639769,-0.11789524698926301,4.0,-4.0,0.0,1.0,1.0,7.8,1.0,1.102056622505188,-28.114696502685547,0.019999999552965164
10.300091981887817,2.0426130363920616,0.7860666291368439,0.16751879124639693,0.5709414713577319,0.16751879124639693,0.09295468467857967,-0.23670591630161655,-0.9668809180660503,-0.02170313488575962,1.0000000000000002,1.0000000000000002,1.0000000000000002,-3.139517690390025,-0.19118938536227104,2.6612102304755045,-0.071584508421575,-0.05528647389676165,6.408533617786669,1.3275135383487975,4.0,-4.0,0.0,1.0,1.0,7.8,1.0,1.146584153175354,-28.114696502685547,0.019999999552965164
10.320083856582642,1.965841033582585,0.7860666291368439,0.16751879124639693,0.5709414713577319,0.16751879124639693,0.03744312667283329,-0.3201582446226763,-0.9450405385702415,0.05472742570189659,1.0000000000000002,1.0000000000000002,1.0000000000000002,-3.0137485670366186,-0.03573527733483455,2.4860209009466168,0.037501612813228447,-0.037238583548661344,7.552156185417108,1.2175922248999331,4.0,-4.0,0.0,1.0,1.0,7.8,1.0,1.146584153175354,-28.114696502685547,0.019999999552965164
10.340092182159424,1.900038299681436,0.7860666291368439,0.16751879124639693,0.5709414713577319,0.16751879124639693,-0.014074013199541605,-0.4715659935098658,-0.8794782321549618,0.06281301682848348,1.0000000000000002,1.0000000000000002,1.0000000000000002,-3.0438807719156094,0.08409562858622477,2.1613519867490085,0.015238176200917691,0.07868468138780799,8.688444567531125,3.641706147758416,4.0,-4.0,0.0,1.0,1.0,7.8,1.0,1.2022435665130615,-28.13285255432129,0.019999999552965164
10.360111713409424,1.7745308620445084,0.7860666291368439,0.16751879124639693,0.5709414713577319,0.16751879124639693,-0.05882413504750718,-0.4567635542792111,-0.8875580193148584,-0.012146561983555328,1.0000000000000002,1.0000000000000002,1.0000000000000002,3.0658913147725118,0.09345944874373308,2.1874856693672355,0.06213996826482024,0.010749568697043604,7.829254954771734,3.9003355037348753,4.0,-4.0,0.0,1.0,1.0,7.8,1.0,1.2467710971832275,-28.15100860595703,0.019999999552965164
10.380139589309692,1.85482064724625,0.7860666291368439,0.16751879124639693,0.5709414713577319,0.16751879124639693,-0.04729991051254012,-0.5560288215740463,-0.8294726721862619,0.023869523260111453,1.0000000000000002,1.0000000000000002,1.0000000000000002,3.128517999920722,0.10520622126555289,1.9598213158122528,0.05407548694171105,-0.09062153833589232,5.682682302409063,4.0,4.0,-4.0,1.0,1.0,1.0,7.8,1.0,1.2912986278533936,-28.16008758544922,0.019999999552965164
10.400096893310547,1.833309166311759,0.7860666291368439,0.16751879124639693,0.5709414713577319,0.16751879124639693,-0.05423268468935428,-0.511505095090137,-0.8560346350090688,0.051245070720072575,1.0000000000000002,1.0000000000000002,1.0000000000000002,-3.1089865107020853,0.14579025088591605,2.0667734264562907,0.0790863573027635,0.007031976414062419,4.6213745512107725,4.0,4.0,-4.0,1.0,1.0,1.0,7.8,1.0,1.3358261585235596,-28.16008758544922,0.019999999552965164
10.420135974884033,2.126882743836315,0.7860666291368439,0.16751879124639693,0.5709414713577319,0.16751879124639693,0.09799679641184325,-0.516170169182643,-0.8493480551280842,0.05072342249018998,1.0000000000000002,1.0000000000000002,1.0000000000000002,-2.951895761862404,-0.11435199720032843,2.0385413409854793,0.0991531977637928,-0.09432515609453425,3.356122825713305,4.0,4.0,-4.0,1.0,1.0,1.0,7.8,1.0,1.3803536891937256,-28.17824363708496,0.019999999552965164
10.4400954246521,1.8816965841955478,0.7860666291368439,0.16751879124639693,0.5709414713577319,0.16751879124639693,-0.025755890965371637,-0.5525361995513544,-0.8330816611366859,-0.003915117324662135,1.0000000000000002,1.0000000000000002,1.0000000000000002,3.1065740727005857,0.03859661493823708,1.9696584166468634,0.07972348236298743,-0.052437622738092673,1.7150981647285042,4.0,4.0,-4.0,1.0,1.0,1.0,7.8,1.0,1.4248812198638916,-28.196399688720703,0.019999999552965164
10.461578369140625,1.8816965841955478,0.7860666291368439,0.16751879124639693,0.5709414713577319,0.16751879124639693,-0.025755890965371637,-0.5525361995513544,-0.8330816611366859,-0.003915117324662135,1.0000000000000002,1.0000000000000002,1.0000000000000002,3.1065740727005857,0.03859661493823708,1.9696584166468634,0.07972348236298743,-0.052437622738092673,1.7150981647285042,4.0,4.0,-4.0,1.0,1.0,1.0,7.8,1.0,1.4248812198638916,-28.196399688720703,0.019999999552965164
10.480086088180542,1.8816965841955478,0.7860666291368439,0.16751879124639693,0.5709414713577319,0.16751879124639693,-0.025755890965371637,-0.5525361995513544,-0.8330816611366859,-0.003915117324662135,1.0000000000000002,1.0000000000000002,1.0000000000000002,3.1065740727005857,0.03859661493823708,1.9696584166468634,0.07972348236298743,-0.052437622738092673,1.7150981647285042,4.0,4.0,-4.0,1.0,1.0,1.0,7.8,1.0,1.4248812198638916,-28.196399688720703,0.019999999552965164
10.500089406967163,1.8757804031814458,0.7860666291368439,0.16751879124639693,0.5709414713577319,0.16751879124639693,-0.006077283083702218,-0.5079520942643568,-0.8586904004961862,-0.0678124815832176,1.0000000000000002,1.0000000000000002,1.0000000000000002,3.018437730296229,-0.05848731431734134,2.076844262408613,-0.08449137744080366,-0.04008079510337497,-0.24545999994837941,4.0,4.0,-0.8957013689514306,1.0,1.0,0.0,7.8,1.0,1.4805406332015991,-28.2236328125,0.019999999552965164
10.520263910293579,1.7575795869797228,0.7860666291368439,0.16751879124639693,0.5709414713577319,0.16751879124639693,-0.08719753964806799,-0.5707582225954402,-0.8148158367086992,-0.052026845644533054,1.0000000000000002,1.0000000000000002,1.0000000000000002,2.955565819954188,0.08280496774578727,1.9117744801321779,0.007083009366669987,0.03570521891940376,-1.654252596958771,4.0,4.0,3.355345695727388,1.0,1.0,0.0,7.8,1.0,1.5028043985366821,-28.25086784362793,0.019999999552965164
10.540121078491211,1.7209905194434039,0.7860666291368439,0.16751879124639693,0.5709414713577319,0.16751879124639693,-0.09657288600047294,-0.527326086207471,-0.8433103714158933,-0.037795422434979214,1.0000000000000002,1.0000000000000002,1.0000000000000002,2.9739435890199863,0.12333324277783256,2.0135799149029925,0.033445859383449406,-0.06685288267535272,-0.9513988768543157,4.0,4.0,0.8801945014337558,1.0,1.0,0.0,7.8,1.0,1.5584638118743896,-28.287179946899414,0.019999999552965164
10.560084819793701,2.0631048053004872,0.7860666291368439,0.16751879124639693,0.5709414713577319,0.16751879124639693,0.02532028422359418,-0.6722399372862049,-0.7398366044296206,0.009703023772247266,1.0000000000000002,1.0000000000000002,1.0000000000000002,-3.0931593652242118,-0.024422653830184892,1.66587251256432,-0.018751946447440854,0.08687740494221416,0.8195467849087674,4.0,4.0,-4.0,1.0,1.0,1.0,7.8,1.0,1.6141232252120972,-28.305335998535156,0.019999999552965164
10.5801100730896,1.9930610379119826,0.7860666291368439,0.16751879124639693,0.5709414713577319,0.16751879124639693,0.017062294680786426,-0.5281256983441226,-0.8447771845559761,0.08452001717011896,1.0000000000000002,1.0000000000000002,1.0000000000000002,-2.979769454366411,0.060483582396984294,2.0290617840408003,-0.03984328947356841,-0.02366245867209424,0.3632671341852285,4.0,4.0,-4.0,1.0,1.0,1.0,7.8,1.0,1.6475188732147217,-28.332569122314453,0.019999999552965164
10.600119590759277,1.93560151992795,0.7860666291368439,0.16751879124639693,0.5709414713577319,0.16751879124639693,-0.00970969395691333,-0.5715895024464369,-0.8200479587618396,0.026692842989051155,1.0000000000000002,1.0000000000000002,1.0000000000000002,-3.1088726157671243,0.04645623546912594,1.9249070914309576,-0.015338206886616468,-0.0541216971592621,-0.13364731079398154,4.0,4.0,-3.6970031174052957,1.0,1.0,0.0,7.8,1.0,1.6475188732147217,-28.332569122314453,0.019999999552965164
10.620081663131714,1.93560151992795,0.7860666291368439,0.16751879124639693,0.5709414713577319,0.16751879124639693,-0.00970969395691333,-0.5715895024464369,-0.8200479587618396,0.026692842989051155,1.0000000000000002,1.0000000000000002,1.0000000000000002,-3.1088726157671243,0.04645623546912594,1.9249070914309576,-0.015338206886616468,-0.0541216971592621,-0.13364731079398154,4.0,4.0,-3.6970031174052957,1.0,1.0,0.0,7.8,1.0,1.6475188732147217,-28.332569122314453,0.019999999552965164
10.640082359313965,2.1031757380645373,0.7860666291368439,0.16751879124639693,0.5709414713577319,0.16751879124639693,0.09536419754073179,-0.5829213083707777,-0.801187161190859,-0.09595598375112158,1.0000000000000002,1.0000000000000002,1.0000000000000002,3.097425915058178,-0.26787074189550797,1.889560781810106,0.03418886261387705,-0.08508811530408167,-0.22003023036432862,4.0,4.0,-1.263818136326709,1.0,1.0,0.0,7.8,1.0,1.7031782865524292,-28.350725173950195,0.019999999552965164
10.660088300704956,1.8727503097908014,0.7860666291368439,0.16751879124639693,0.5709414713577319,0.16751879124639693,-0.027304061632377627,-0.4891526524376833,-0.8705496986181012,0.046123671444148716,1.0000000000000002,1.0000000000000002,1.0000000000000002,-3.087740861240825,0.09279523632523286,2.1202426366249902,0.07020028319095337,-0.06954100168901133,0.9493202404607541,3.8745045304981973,4.0,-4.0,0.0,1.0,1.0,7.8,1.0,1.7588376998901367,-28.377960205078125,0.019999999552965164
10.680094480514526,2.100296252709747,0.7860666291368439,0.16751879124639693,0.5709414713577319,0.16751879124639693,0.07696110762655349,-0.5700475913578921,-0.8175871511687224,0.02596115836730908,1.0000000000000002,1.0000000000000002,1.0000000000000002,-3.010415523640983,-0.09639585215179731,1.9175251095851307,-0.09111849966241026,-0.0909989712833546,1.0323603815062017,4.0,4.0,-4.0,1.0,1.0,1.0,7.8,1.0,1.8144972324371338,-28.396116256713867,0.019999999552965164
10.700088024139404,1.8617953456801262,0.7860666291368439,0.16751879124639693,0.5709414713577319,0.16751879124639693,-0.025494313155555216,-0.5417706615631084,-0.83901161541164,-0.043521253090285705,1.0000000000000002,1.0000000000000002,1.0000000000000002,3.040767132233869,-0.004377040404882672,1.9950855407695285,-0.04591919583209512,0.025442390930994693,0.17803808718588113,4.0,4.0,-3.4887383248801553,1.0,1.0,0.0,7.8,1.0,1.8812885284423828,-28.41427230834961,0.019999999552965164
10.720119953155518,1.9179891433006946,0.7860666291368439,0.16751879124639693,0.5709414713577319,0.16751879124639693,-0.024084390535674235,-0.617133017200535,-0.7862702099496641,-0.01859941287246275,1.0000000000000002,1.0000000000000002,1.0000000000000002,3.0825769660889613,0.014917607313193231,1.810237675487491,-0.06138934929710177,-0.040300801741509275,-0.5980022659423831,4.0,4.0,-1.8089110944295186,1.0,1.0,0.0,7.8,1.0,1.9369479417800903,-28.441505432128906,0.019999999552965164
10.740131855010986,1.8650775318879482,0.7860666291368439,0.16751879124639693,0.5709414713577319,0.16751879124639693,-0.06714377485199874,-0.6031595805312033,-0.7923555252771176,0.06215267874251335,1.0000000000000002,1.0000000000000002,1.0000000000000002,-3.1237993819311805,0.18238898614984167,1.8419288876392224,0.08624659786487093,-0.06325162312893165,-1.3110156567733044,4.0,4.0,-0.19070475718779534,1.0,1.0,0.0,7.8,1.0,1.9369479417800903,-28.441505432128906,0.019999999552965164
10.760085105895996,1.8650775318879482,0.7860666291368439,0.16751879124639693,0.5709414713577319,0.16751879124639693,-0.06714377485199874,-0.6031595805312033,-0.7923555252771176,0.06215267874251335,1.0000000000000002,1.0000000000000002,1.0000000000000002,-3.1237993819311805,0.18238898614984167,1.8419288876392224,0.08624659786487093,-0.06325162312893165,-1.3110156567733044,4.0,4.0,-0.19070475718779534,1.0,1.0,0.0,7.8,1.0,1.9369479417800903,-28.441505432128906,0.019999999552965164
10.780110359191895,1.989799898042183,0.7860666291368439,0.16751879124639693,0.5709414713577319,0.16751879124639693,0.013238816039927123,-0.5789219864893966,-0.8142427761120301,0.041021565772237915,1.0000000000000002,1.0000000000000002,1.0000000000000002,-3.0593407895899807,0.025940261132041665,1.9065268274107336,-0.05861003739372994,0.09151455468229686,-2.2115583740601754,4.0,4.0,4.0,1.0,1.0,1.0,7.8,1.0,1.9814754724502563,-28.468740463256836,0.019999999552965164
10.800095558166504,1.816906324924626,0.7860666291368439,0.16751879124639693,0.5709414713577319,0.16751879124639693,-0.07977936996176703,-0.5339532879354787,-0.8369415656115105,0.08976610820988709,1.0000000000000002,1.0000000000000002,1.0000000000000002,-3.0746990942701493,0.2314644443805591,2.0136120928830747,-0.038281063294939785,-0.019842800895304213,-3.226028546774417,4.0,4.0,4.0,1.0,1.0,1.0,7.8,1.0,2.037134885787964,-28.495973587036133,0.019999999552965164
10.82009768486023,1.7900841704347263,0.7860666291368439,0.16751879124639693,0.5709414713577319,0.16751879124639693,-0.036020068632319935,-0.42701720381963487,-0.9010533093063773,-0.06679667720635084,1.0000000000000002,1.0000000000000002,1.0000000000000002,2.9898694261196317,0.007865424533695646,2.2558793403446242,-0.09033599490892995,0.044914098938093366,-2.902538858663454,4.0,4.0,4.0,1.0,1.0,1.0,7.8,1.0,2.092794179916382,-28.514131546020508,0.019999999552965164
10.84009313583374,1.9854769802802577,0.7860666291368439,0.16751879124639693,0.5709414713577319,0.16751879124639693,0.05345607397524428,-0.4777303887413878,-0.8753736855263066,-0.051352064381548546,1.0000000000000002,1.0000000000000002,1.0000000000000002,3.102352054309425,-0.14314127756018916,2.145265942150406,0.010125265161371286,0.038760105769229974,-1.4045783829653673,4.0,4.0,4.0,1.0,1.0,1.0,7.8,1.0,2.15958571434021,-28.550443649291992,0.019999999552965164
10.860105276107788,1.8453281342646315,0.7860666291368439,0.16751879124639693,0.5709414713577319,0.16751879124639693,-0.0619167514708511,-0.5471842026007827,-0.8318538444623802,0.06910098237073617,1.0000000000000002,1.0000000000000002,1.0000000000000002,-3.093598475764458,0.1795972413619955,1.982252450163242,0.03993694270281306,-0.09651188367424013,-0.13803528282639504,4.0,4.0,-4.0,1.0,1.0,1.0,7.8,1.0,2.226377010345459,-28.55952262878418,0.019999999552965164
10.880117654800415,2.057121144259153,0.7860666291368439,0.16751879124639693,0.5709414713577319,0.16751879124639693,0.0745886092668366,-0.43893922706135435,-0.8937557078425385,0.05449430257653432,1.0000000000000002,1.0000000000000002,1.0000000000000002,-2.977368042009357,-0.08559308985141899,2.2215112248589444,-0.01990756122588777,-0.09406293180074649,-0.4348212768082855,3.6135610276269703,4.0,-0.8852927198879492,0.0,1.0,0.0,7.8,1.0,2.226377010345459,-28.55952262878418,0.019999999552965164
10.900091886520386,2.057121144259153,0.7860666291368439,0.16751879124639693,0.5709414713577319,0.16751879124639693,0.0745886092668366,-0.43893922706135435,-0.8937557078425385,0.05449430257653432,1.0000000000000002,1.0000000000000002,1.0000000000000002,-2.977368042009357,-0.08559308985141899,2.2215112248589444,-0.01990756122588777,-0.09406293180074649,-0.4348212768082855,3.6135610276269703,4.0,-0.8852927198879492,0.0,1.0,0.0,7.8,1.0,2.226377010345459,-28.55952262878418,0.019999999552965164
10.920186996459961,1.714556565581016,0.7860666291368439,0.16751879124639693,0.5709414713577319,0.16751879124639693,-0.08172132252351093,-0.4683095938733798,-0.8773776814534976,-0.0649319167932331,1.0000000000000002,1.0000000000000002,1.0000000000000002,2.9492750428544547,0.08267861270256496,2.1530335273722034,0.07829930040176344,-0.019377272564021414,-1.1828910380153173,4.0,4.0,3.070580869571312,1.0,1.0,0.0,7.8,1.0,2.293168306350708,-28.58675765991211,0.019999999552965164
10.940105676651001,1.9926417090752842,0.7860666291368439,0.16751879124639693,0.5709414713577319,0.16751879124639693,0.04724362163778741,-0.4888471357749588,-0.8710536618307427,-0.007876310711173288,1.0000000000000002,1.0000000000000002,1.0000000000000002,-3.1089861228924707,-0.09012604476785537,2.1172987895175432,0.08042272638650616,0.04354889031222037,-1.5377237196885618,4.0,4.0,3.7692999382321783,1.0,1.0,0.0,7.8,1.0,2.348827600479126,-28.60491371154785,0.019999999552965164
10.960088968276978,1.9657546357334748,0.7860666291368439,0.16751879124639693,0.5709414713577319,0.16751879124639693,0.04096275925061146,-0.43529437723065967,-0.8993520920988275,-0.002583010532417371,1.0000000000000002,1.0000000000000002,1.0000000000000002,-3.1104821962343117,-0.07600177304092516,2.2388636658566003,0.04751551682633731,0.07960612304143261,-2.1486659131245327,3.806913696060712,4.0,4.0,0.0,1.0,1.0,7.8,1.0,2.415618896484375,-28.63214683532715,0.019999999552965164
10.980101346969604,1.724716255124611,0.7860666291368439,0.16751879124639693,0.5709414713577319,0.16751879124639693,-0.0673653778199801,-0.3506337090527896,-0.9333890005225448,-0.0360954519376035,1.0000000000000002,1.0000000000000002,1.0000000000000002,3.0261303102216845,0.1006133071091221,2.417080438391609,-0.014118413994273674,-0.03326605052453793,-3.2425584399158525,2.628167343596568,4.0,4.0,0.0,1.0,1.0,7.8,1.0,2.460146427154541,-28.63214683532715,0.019999999552965164
11.000149726867676,2.1033709578480737,0.7860666291368439,0.16751879124639693,0.5709414713577319,0.16751879124639693,0.09496527686406822,-0.36157306195585065,-0.9223135284058677,0.09789929712474996,1.0000000000000002,1.0000000000000002,1.0000000000000002,-2.8882611278188763,-0.10457049727735021,2.3810330209531307,0.09414177587336317,0.01731852619627279,-4.829800093372478,1.4180203008051073,4.0,4.0,0.0,1.0,1.0,7.8,1.0,2.515805959701538,-28.65030288696289,0.019999999552965164
11.020099639892578,1.6933149722028569,0.7860666291368439,0.16751879124639693,0.5709414713577319,0.16751879124639693,-0.09249536379225327,-0.3978412663881292,-0.9126985665807704,-0.012176247247614807,1.0000000000000002,1.0000000000000002,1.0000000000000002,3.044379044011075,0.15983199439283152,2.311675084919924,-0.08787671266011082,0.09036202946976388,-5.55655245097732,3.3773627613627397,4.0,4.0,0.0,1.0,1.0,7.8,1.0,2.515805959701538,-28.65030288696289,0.019999999552965164
11.040036678314209,1.6933149722028569,0.7860666291368439,0.16751879124639693,0.5709414713577319,0.16751879124639693,-0.09249536379225327,-0.3978412663881292,-0.9126985665807704,-0.012176247247614807,1.0000000000000002,1.0000000000000002,1.0000000000000002,3.044379044011075,0.15983199439283152,2.311675084919924,-0.08787671266011082,0.09036202946976388,-5.55655245097732,3.3773627613627397,4.0,4.0,0.0,1.0,1.0,7.8,1.0,2.515805959701538,-28.65030288696289,0.019999999552965164
11.060079574584961,1.7290162253448005,0.7860666291368439,0.16751879124639693,0.5709414713577319,0.16751879124639693,-0.07394515171787217,-0.330895254993752,-0.9407151963467412,0.009765455562993752,1.0000000000000002,1.0000000000000002,1.0000000000000002,3.1106954270673257,0.14610459200513873,2.462867850236836,-0.05886023487350274,-0.06707866753852418,-5.876947973751576,1.9265517212793797,4.0,4.0,0.0,1.0,1.0,7.8,1.0,2.582597255706787,-28.67753791809082,0.019999999552965164
11.080092191696167,1.8198004483537662,0.7860666291368439,0.16751879124639693,0.5709414713577319,0.16751879124639693,-0.03734503549969921,-0.24624893877170162,-0.9670287588798805,0.05312426918626455,1.0000000000000002,1.0000000000000002,1.0000000000000002,-3.0567264864031993,0.09855048265852792,2.6470892887862045,0.02799954039729896,-0.03904228235194283,-6.845343634744064,-0.21228334517395486,4.0,4.0,0.0,1.0,1.0,7.8,1.0,2.638256549835205,-28.686614990234375,0.019999999552965164
11.100094318389893,1.7403127336751067,0.7860666291368439,0.16751879124639693,0.5709414713577319,0.16751879124639693,-0.09461511995921965,-0.1622172554087706,-0.9779971632702361,0.09085752449918198,1.0000000000000002,1.0000000000000002,1.0000000000000002,-2.9904928678761404,0.21622488773895035,2.8292826221944223,-0.030972469791048604,-0.051453900631517446,-7.212697520632603,-1.9569795355781605,4.0,4.0,0.0,1.0,1.0,7.8,1.0,2.693916082382202,-28.713850021362305,0.019999999552965164
11.1200852394104,1.7791107077213493,0.7860666291368439,0.16751879124639693,0.5709414713577319,0.16751879124639693,-0.04847207578101217,-0.2112013861859755,-0.9762183206886135,0.006497899237886051,1.0000000000000002,1.0000000000000002,1.0000000000000002,3.1337673774876644,0.0975379710540362,2.715085155490694,-0.09167931483145991,-0.023321536475116963,-7.0505627233668875,0.17978815809069315,4.0,4.0,0.0,1.0,1.0,7.8,1.0,2.760707378387451,-28.72292709350586,0.019999999552965164
11.140096664428711,2.000600586617832,0.7860666291368439,0.16751879124639693,0.5709414713577319,0.16751879124639693,0.04818104964753056,-0.07467150605792415,-0.9958642350390428,0.018899153631996884,1.0000000000000002,1.0000000000000002,1.0000000000000002,-3.0965441698419265,-0.09327631090337121,2.9898066700830697,0.07199642621662,0.01953300183296733,-6.822046976163715,-2.50495116934379,4.0,4.0,0.0,1.0,1.0,7.8,1.0,2.8274986743927,-28.741085052490234,0.019999999552965164
11.160097122192383,1.8242716199592222,0.7860666291368439,0.16751879124639693,0.5709414713577319,0.16751879124639693,-0.06406316106113011,-0.04792924577195852,-0.9935019499338054,0.08094797262633231,1.0000000000000002,1.0000000000000002,1.0000000000000002,-2.9848178505755363,0.1354672565301823,3.05583887369268,0.004828669247335243,-0.04750878836084136,-6.628852441711599,-3.7333747368273813,4.0,4.0,0.0,1.0,1.0,7.8,1.0,2.8274986743927,-28.741085052490234,0.019999999552965164
11.180087089538574,1.8242716199592222,0.7860666291368439,0.16751879124639693,0.5709414713577319,0.16751879124639693,-0.06406316106113011,-0.04792924577195852,-0.9935019499338054,0.08094797262633231,1.0000000000000002,1.0000000000000002,1.0000000000000002,-2.9848178505755363,0.1354672565301823,3.05583887369268,0.004828669247335243,-0.04750878836084136,-6.628852441711599,-3.7333747368273813,4.0,4.0,0.0,1.0,1.0,7.8,1.0,2.8274986743927,-28.741085052490234,0.019999999552965164
11.200137376785278,1.937495603462159,0.7860666291368439,0.16751879124639693,0.5709414713577319,0.16751879124639693,0.000816253382011147,0.041974526653781846,-0.9988732595804947,-0.02212880786768913,1.0000000000000002,1.0000000000000002,1.0000000000000002,3.0973019006333824,0.0002270251206014765,-3.0576033500385975,-0.049525253205577324,0.06205143453444714,-6.626536932114598,-3.5529754637046818,4.0,4.0,0.0,1.0,1.0,7.8,1.0,2.894289970397949,-28.768320083618164,0.019999999552965164
11.220642328262329,2.0445194066992687,0.7860666291368439,0.16751879124639693,0.5709414713577319,0.16751879124639693,0.03666605852185847,0.06636606773838265,-0.9961515414955165,0.043968756879427015,1.0000000000000002,1.0000000000000002,1.0000000000000002,-3.058506135606246,-0.07896801624437967,-3.0118285266062097,0.021500324330463227,0.0471988792768073,-6.905746029073136,-4.0,4.0,4.0,1.0,1.0,1.0,7.8,1.0,2.9388175010681152,-28.786476135253906,0.019999999552965164
11.240092754364014,1.9603120195861274,0.7860666291368439,0.16751879124639693,0.5709414713577319,0.16751879124639693,-0.003601022063348374,0.1426538247557935,-0.9855656111261802,-0.0910897639041918,1.0000000000000002,1.0000000000000002,1.0000000000000002,2.96200865689901,0.033092733259712084,-2.8570827865965747,-0.08100452767454427,0.006327168372562461,-7.530076780619612,-4.0,4.0,4.0,1.0,1.0,1.0,7.8,1.0,3.0056087970733643,-28.80463218688965,0.019999999552965164
11.260124444961548,1.9194079526866,0.7860666291368439,0.16751879124639693,0.5709414713577319,0.16751879124639693,-0.07133494317713118,0.14739365137711408,-0.9808671679311985,0.1052902478402783,1.0000000000000002,1.0000000000000002,1.0000000000000002,-2.9106022208474553,0.10911839257217279,-2.8306157749766054,-0.025259724067073025,0.057076388855584,-7.660881381604149,-4.0,4.0,4.0,1.0,1.0,1.0,7.8,1.0,3.0056087970733643,-28.80463218688965,0.019999999552965164
11.28008508682251,2.062015052201539,0.7860666291368439,0.16751879124639693,0.5709414713577319,0.16751879124639693,-0.025426135632811528,0.256005166875788,-0.9631865177129253,0.07801665370759318,1.0000000000000002,1.0000000000000002,1.0000000000000002,-2.977543537073391,0.009035012098134327,-2.6212827367017177,-0.05152525457014028,-0.010914059770882667,-7.8685794235937445,-4.0,4.0,4.0,1.0,1.0,1.0,7.8,1.0,3.0612683296203613,-28.831865310668945,0.019999999552965164
11.30008578300476,2.341273287954637,0.7860666291368439,0.16751879124639693,0.5709414713577319,0.16751879124639693,0.07078219656851574,0.44753518426625344,-0.8879745488955463,-0.07876128494671518,1.0000000000000002,1.0000000000000002,1.0000000000000002,2.9366188483116065,-0.055236770333059404,-2.202232465340835,-0.0018392878136257174,0.04380589347842562,-8.596665459130316,-4.0,4.0,4.0,1.0,1.0,1.0,7.8,1.0,3.1280596256256104,-28.850021362304688,0.019999999552965164
11.320092678070068,2.2299421768648857,0.7860666291368439,0.16751879124639693,0.5709414713577319,0.16751879124639693,-0.0200576105208247,0.47616926912309715,-0.8790140137141643,-0.013960053620434017,1.0000000000000002,1.0000000000000002,1.0000000000000002,3.1361456715755334,0.04857563938494009,-2.14881494719832,-0.09294575991454351,0.07523739416959321,-8.637719625150336,-4.0,4.0,4.0,1.0,1.0,1.0,7.8,1.0,3.1837189197540283,-28.886333465576172,0.019999999552965164
11.340134620666504,2.1870110187270564,0.7860666291368439,0.16751879124639693,0.5709414713577319,0.16751879124639693,-0.03104312375998296,0.4431103776857056,-0.8958275390550561,0.013510659680997088,1.0000000000000002,1.0000000000000002,1.0000000000000002,-3.0898026734322617,0.04365901178324308,-2.2217639773337985,-0.09006620921870417,0.046038401998129364,-6.634744350103849,-4.0,4.0,4.0,1.0,1.0,1.0,7.8,1.0,3.2393784523010254,-28.904489517211914,0.019999999552965164
11.360104084014893,2.398200321836497,0.7860666291368439,0.16751879124639693,0.5709414713577319,0.16751879124639693,0.0835014728514549,0.4750430734684481,-0.8742414392609328,-0.05534878734228114,1.0000000000000002,1.0000000000000002,1.0000000000000002,2.9637735769925175,-0.09355117702792544,-2.1377580444385624,-0.08671337818776013,-0.06778529486401122,-5.0766279515563015,-4.0,4.0,4.0,1.0,1.0,1.0,7.8,1.0,3.3061697483062744,-28.931724548339844,0.019999999552965164
11.380118608474731,2.3345546835073683,0.7860666291368439,0.16751879124639693,0.5709414713577319,0.16751879124639693,-0.059175932920614516,0.6216369905084992,-0.7805820323225551,-0.027520025612281312,1.0000000000000002,1.0000000000000002,1.0000000000000002,-3.1107308597017775,0.1269389018934085,-1.7945762260608917,0.06652711559835167,0.08039217025163703,-2.493788019528352,-4.0,4.0,4.0,1.0,1.0,1.0,7.8,1.0,3.3729610443115234,-28.949880599975586,0.019999999552965164
11.4000883102417,2.285384461320144,0.7860666291368439,0.16751879124639693,0.5709414713577319,0.16751879124639693,-0.06308643988065793,0.5621208081772561,-0.8225281971318255,0.05905643944906834,1.0000000000000002,1.0000000000000002,1.0000000000000002,-2.972596219220577,0.03739575973733825,-1.9394206607119246,-0.09771757271333024,-0.016740474531146354,-2.379079447315581,-4.0,4.0,4.0,1.0,1.0,1.0,7.8,1.0,3.4286203384399414,-28.977113723754883,0.019999999552965164
11.420109272003174,2.285384461320144,0.7860666291368439,0.16751879124639693,0.5709414713577319,0.16751879124639693,-0.06308643988065793,0.5621208081772561,-0.8225281971318255,0.05905643944906834,1.0000000000000002,1.0000000000000002,1.0000000000000002,-2.972596219220577,0.03739575973733825,-1.9394206607119246,-0.09771757271333024,-0.016740474531146354,-2.379079447315581,-4.0,4.0,4.0,1.0,1.0,1.0,7.8,1.0,3.4286203384399414,-28.977113723754883,0.019999999552965164
11.440089702606201,2.285384461320144,0.7860666291368439,0.16751879124639693,0.5709414713577319,0.16751879124639693,-0.06308643988065793,0.5621208081772561,-0.8225281971318255,0.05905643944906834,1.0000000000000002,1.0000000000000002,1.0000000000000002,-2.972596219220577,0.03739575973733825,-1.9394206607119246,-0.09771757271333024,-0.016740474531146354,-2.379079447315581,-4.0,4.0,4.0,1.0,1.0,1.0,7.8,1.0,3.4286203384399414,-28.977113723754883,0.019999999552965164
11.460094690322876,2.2978325919048337,0.7860666291368439,0.16751879124639693,0.5709414713577319,0.16751879124639693,-0.05582031954265275,0.5545410598046814,-0.8264443811274514,0.07973700408041969,1.0000000000000002,1.0000000000000002,1.0000000000000002,-2.9466531987107887,0.0038299027436438583,-1.9592301599510809,-0.07836681059247877,0.06668964405289832,-1.0932085070618598,-4.0,4.0,4.0,1.0,1.0,1.0,7.8,1.0,3.4731478691101074,-29.004348754882812,0.019999999552965164
11.480163335800171,2.369041115458233,0.7860666291368439,0.16751879124639693,0.5709414713577319,0.16751879124639693,0.03707458004479196,0.519189825751154,-0.8531638259265576,-0.03433491635852845,1.0000000000000002,1.0000000000000002,1.0000000000000002,3.044318190521379,-0.027612211243860107,-2.046888577771277,0.05206899320587316,-0.032267637950268574,-0.26111075737853534,-4.0,4.0,4.0,1.0,1.0,1.0,7.8,1.0,3.5288074016571045,-29.022504806518555,0.019999999552965164
11.500104904174805,2.4529771697791625,0.7860666291368439,0.16751879124639693,0.5709414713577319,0.16751879124639693,0.096412928287382,0.5045313154006635,-0.856334408164367,-0.05332992061602688,1.0000000000000002,1.0000000000000002,1.0000000000000002,2.950631501132964,-0.11154133159842719,-2.0660544693498633,0.02530532348357528,-0.036455670934385134,0.4107885068488325,-4.0,4.0,4.0,1.0,1.0,1.0,7.8,1.0,3.5844669342041016,-29.049739837646484,0.019999999552965164
11.52009129524231,2.4753493745490713,0.7860666291368439,0.16751879124639693,0.5709414713577319,0.16751879124639693,0.029312212701570643,0.6249659053896864,-0.7773907381542042,-0.06497731541891133,1.0000000000000002,1.0000000000000002,1.0000000000000002,3.0034019194952766,0.03565067953291417,-1.7897976110564124,0.06903440225339619,-0.045794724501160046,1.243794335060252,-4.0,4.0,4.0,1.0,1.0,1.0,7.8,1.0,3.6512582302093506,-29.07697296142578,0.019999999552965164
11.540099859237671,2.443978987508067,0.7860666291368439,0.16751879124639693,0.5709414713577319,0.16751879124639693,0.039835558637081554,0.5571591897175018,-0.8285115060600788,0.03943919253062781,1.0000000000000002,1.0000000000000002,1.0000000000000002,-3.1205010544236718,-0.1101790374774518,-1.9587199979348586,-0.01669832398071895,0.039284307327109025,0.15617316213791865,-4.0,4.0,4.0,1.0,1.0,1.0,7.8,1.0,3.7069175243377686,-29.113285064697266,0.019999999552965164
11.560123682022095,2.443978987508067,0.7860666291368439,0.16751879124639693,0.5709414713577319,0.16751879124639693,0.039835558637081554,0.5571591897175018,-0.8285115060600788,0.03943919253062781,1.0000000000000002,1.0000000000000002,1.0000000000000002,-3.1205010544236718,-0.1101790374774518,-1.9587199979348586,-0.01669832398071895,0.039284307327109025,0.15617316213791865,-4.0,4.0,4.0,1.0,1.0,1.0,7.8,1.0,3.7069175243377686,-29.113285064697266,0.019999999552965164
11.580131530761719,2.443978987508067,0.7860666291368439,0.16751879124639693,0.5709414713577319,0.16751879124639693,0.039835558637081554,0.5571591897175018,-0.8285115060600788,0.03943919253062781,1.0000000000000002,1.0000000000000002,1.0000000000000002,-3.1205010544236718,-0.1101790374774518,-1.9587199979348586,-0.01669832398071895,0.039284307327109025,0.15617316213791865,-4.0,4.0,4.0,1.0,1.0,1.0,7.8,1.0,3.7069175243377686,-29.113285064697266,0.019999999552965164
11.60009503364563,2.2395291647291042,0.7860666291368439,0.16751879124639693,0.5709414713577319,0.16751879124639693,-0.08625903524737108,0.5438216812920077,-0.8300997515148116,0.08804408174303714,1.0000000000000002,1.0000000000000002,1.0000000000000002,-2.898958558427628,0.0474644662420868,-1.9758613659810818,0.03919351963344189,0.04084266849812429,0.39218288166072784,-4.0,4.0,4.0,1.0,1.0,1.0,7.8,1.0,3.7737088203430176,-29.122364044189453,0.019999999552965164
11.620152473449707,2.2161044404134107,0.7860666291368439,0.16751879124639693,0.5709414713577319,0.16751879124639693,-0.05349670447069794,0.5183671292150879,-0.8531320434705782,-0.024481388110122296,1.0000000000000002,1.0000000000000002,1.0000000000000002,-3.1278079435574537,0.11692644968584005,-2.0488007963774084,0.08505056627176899,-0.06471538680521136,1.2208040252754395,-4.0,4.0,4.0,1.0,1.0,1.0,7.8,1.0,3.8516321182250977,-29.158676147460938,0.019999999552965164
11.640093088150024,2.340861710450143,0.7860666291368439,0.16751879124639693,0.5709414713577319,0.16751879124639693,-0.01095703922602376,0.5450524878557919,-0.8376192305707036,0.034521780831144405,1.0000000000000002,1.0000000000000002,1.0000000000000002,-3.0717463707780635,-0.019277905566495293,-1.988508979301497,0.04204028261431558,-0.046566211657985516,1.075188853347724,-4.0,4.0,4.0,1.0,1.0,1.0,7.8,1.0,3.9184234142303467,-29.17683219909668,0.019999999552965164
11.660102128982544,2.216836762787105,0.7860666291368439,0.16751879124639693,0.5709414713577319,0.16751879124639693,-0.09095274461868687,0.5526362314848426,-0.827801814466819,0.032633569556536415,1.0000000000000002,1.0000000000000002,1.0000000000000002,-2.985378832722329,0.11476446729560998,-1.9553108322925268,0.06125951571750818,0.061585343720321956,0.46514965546832954,-4.0,4.0,4.0,1.0,1.0,1.0,7.8,1.0,3.9963464736938477,-29.204065322875977,0.019999999552965164
11.680100679397583,2.3879738889707314,0.7860666291368439,0.16751879124639693,0.5709414713577319,0.16751879124639693,0.06540250132924923,0.48331354057891085,-0.8729239095768124,-0.011592342390040582,1.0000000000000002,1.0000000000000002,1.0000000000000002,3.057589538251977,-0.10316021725113182,-2.125937282287324,0.04585810098024079,-0.07115027332708701,0.9933775496121549,-4.0,4.0,4.0,1.0,1.0,1.0,7.8,1.0,4.074269771575928,-29.22222137451172,0.019999999552965164
11.70011019706726,2.2644046244305014,0.7860666291368439,0.16751879124639693,0.5709414713577319,0.16751879124639693,-0.06850294527854717,0.5811517285985147,-0.8102215412318917,-0.033332701044779554,1.0000000000000002,1.0000000000000002,1.0000000000000002,-3.1156902548564935,0.15031322955975254,-1.8951898551344117,-2.4412270142409875e-05,-0.07459937482629403,1.1644336082036248,-4.0,4.0,4.0,1.0,1.0,1.0,7.8,1.0,4.074269771575928,-29.22222137451172,0.019999999552965164
11.720085382461548,2.2644046244305014,0.7860666291368439,0.16751879124639693,0.5709414713577319,0.16751879124639693,-0.06850294527854717,0.5811517285985147,-0.8102215412318917,-0.033332701044779554,1.0000000000000002,1.0000000000000002,1.0000000000000002,-3.1156902548564935,0.15031322955975254,-1.8951898551344117,-2.4412270142409875e-05,-0.07459937482629403,1.1644336082036248,-4.0,4.0,4.0,1.0,1.0,1.0,7.8,1.0,4.074269771575928,-29.22222137451172,0.019999999552965164
11.740110874176025,2.246037190926826,0.7860666291368439,0.16751879124639693,0.5709414713577319,0.16751879124639693,-0.0364715045505746,0.5233480129478012,-0.8504835326227509,-0.03813721852642046,1.0000000000000002,1.0000000000000002,1.0000000000000002,3.1147540191187053,0.10213236802092591,-2.039699657326468,-0.04942375643068924,-0.044114333862810384,0.6638588716515357,-4.0,4.0,4.0,1.0,1.0,1.0,7.8,1.0,4.174456596374512,-29.24945640563965,0.019999999552965164
11.760113954544067,2.290455165760286,0.7860666291368439,0.16751879124639693,0.5709414713577319,0.16751879124639693,0.0030350629729833925,0.5126579640615865,-0.8551451822047254,-0.07680701549354871,1.0000000000000002,1.0000000000000002,1.0000000000000002,3.006341160915042,0.07362712091709286,-2.0664807517719357,0.08878957791107431,-0.0825199035351824,0.3860270573798852,-4.0,4.0,4.0,1.0,1.0,1.0,7.8,1.0,4.252379894256592,-29.285770416259766,0.019999999552965164
11.780086994171143,2.300706341759191,0.7860666291368439,0.16751879124639693,0.5709414713577319,0.16751879124639693,-0.046813554851930325,0.5626591742493399,-0.824762924757369,0.0314525461743041,1.0000000000000002,1.0000000000000002,1.0000000000000002,-3.0367471504340364,0.041838246332760176,-1.9420282800761428,0.0065323508951984355,0.05978083985338009,0.1949365096848719,-4.0,4.0,4.0,1.0,1.0,1.0,7.8,1.0,4.341434955596924,-29.303926467895508,0.019999999552965164
11.800095558166504,2.459769747519572,0.7860666291368439,0.16751879124639693,0.5709414713577319,0.16751879124639693,0.0561559234197085,0.5396416097237486,-0.8380641139906154,0.057288621564549023,1.0000000000000002,1.0000000000000002,1.0000000000000002,-3.105731337437902,-0.15659438820497493,-2.0002360159522987,-0.007888775028932482,-0.06448876262770642,0.14107322004537795,-4.0,4.0,4.0,1.0,1.0,1.0,7.8,1.0,4.441621780395508,-29.331159591674805,0.019999999552965164
11.820064783096313,2.1189549089837767,0.7860666291368439,0.16751879124639693,0.5709414713577319,0.16751879124639693,-0.0383585441281011,0.4172146596400894,-0.9049904078698064,-0.07384383208784881,1.0000000000000002,1.0000000000000002,1.0000000000000002,3.03887951191163,0.13142369001579263,-2.2844045485152753,0.03228113848661174,0.0387339100527338,0.655481969859534,-4.0,4.0,4.0,1.0,1.0,1.0,7.8,1.0,4.53067684173584,-29.376550674438477,0.019999999552965164
11.840149641036987,2.283741967696049,0.7860666291368439,0.16751879124639693,0.5709414713577319,0.16751879124639693,-0.06540731770752135,0.5559652050082302,-0.824812490081142,0.07942877196967067,1.0000000000000002,1.0000000000000002,1.0000000000000002,-2.93635979823465,0.019579529163153184,-1.9533822722820178,0.029843752443404786,-0.08451263160797778,1.1401589239031655,-4.0,4.0,3.083402737881629,1.0,1.0,0.0,7.8,1.0,4.53067684173584,-29.376550674438477,0.019999999552965164
11.860087394714355,2.283741967696049,0.7860666291368439,0.16751879124639693,0.5709414713577319,0.16751879124639693,-0.06540731770752135,0.5559652050082302,-0.824812490081142,0.07942877196967067,1.0000000000000002,1.0000000000000002,1.0000000000000002,-2.93635979823465,0.019579529163153184,-1.9533822722820178,0.029843752443404786,-0.08451263160797778,1.1401589239031655,-4.0,4.0,3.083402737881629,1.0,1.0,0.0,7.8,1.0,4.53067684173584,-29.376550674438477,0.019999999552965164
11.880106687545776,2.3988048022687756,0.7860666291368439,0.16751879124639693,0.5709414713577319,0.16751879124639693,0.027618845237261463,0.5727640360754137,-0.8136487524670496,-0.09567792835955483,1.0000000000000002,1.0000000000000002,1.0000000000000002,2.95274472012079,0.06470281131653338,-1.920984961926496,0.1015566345150459,0.0837442598703961,-0.4431275687052188,-4.0,4.0,4.0,1.0,1.0,1.0,7.8,1.0,4.630864143371582,-29.39470672607422,0.019999999552965164
11.900094747543335,2.2487955261221977,0.7860666291368439,0.16751879124639693,0.5709414713577319,0.16751879124639693,-0.0981072942488294,0.5861825135209779,-0.8034402449686533,0.0353382572025368,1.0000000000000002,1.0000000000000002,1.0000000000000002,-2.9677442421591604,0.11648057763509513,-1.8708093270572743,0.015143133355906266,0.08713748617194747,0.4334526789737634,-4.0,4.0,4.0,1.0,1.0,1.0,7.8,1.0,4.731050968170166,-29.42194175720215,0.019999999552965164
11.920167207717896,2.3086809091412235,0.7860666291368439,0.16751879124639693,0.5709414713577319,0.16751879124639693,-0.028111158418822047,0.5732432920004193,-0.8152073663774291,-0.0777099784638378,1.0000000000000002,1.0000000000000002,1.0000000000000002,3.046105341552981,0.13533907647337098,-1.9223455223234507,0.04757316509129955,0.041364389193280504,-0.27427092638534495,-4.0,4.0,4.0,1.0,1.0,1.0,7.8,1.0,4.83123779296875,-29.458253860473633,0.019999999552965164
11.940093517303467,2.2721027673283825,0.7860666291368439,0.16751879124639693,0.5709414713577319,0.16751879124639693,-0.07608724634339861,0.5890955495581697,-0.8044606275630372,-0.004501459265756351,1.0000000000000002,1.0000000000000002,1.0000000000000002,-3.05841349653658,0.1280717939018293,-1.8721205171177513,0.005739324926900741,-0.011274604029302984,0.2755449202860457,-4.0,4.0,4.0,1.0,1.0,1.0,7.8,1.0,4.942556858062744,-29.494565963745117,0.019999999552965164
11.960108518600464,2.3846689803360004,0.7860666291368439,0.16751879124639693,0.5709414713577319,0.16751879124639693,0.07096458651844419,0.4880318021462631,-0.8669591216236171,-0.0719087545973584,1.0000000000000002,1.0000000000000002,1.0000000000000002,2.946129001843163,-0.05288391970498281,-2.110984029689908,0.011708728243675637,-0.04067913876590432,-0.3448401052515082,-4.0,4.0,4.0,1.0,1.0,1.0,7.8,1.0,5.05387544631958,-29.521799087524414,0.019999999552965164
11.980103969573975,2.109094614101662,0.7860666291368439,0.16751879124639693,0.5709414713577319,0.16751879124639693,-0.07188815638267974,0.4478328798297791,-0.890987208919165,-0.020484097678488217,1.0000000000000002,1.0000000000000002,1.0000000000000002,-3.113399359869897,0.14697837612901732,-2.20802529251712,-0.049368883155827326,0.0743151634326911,0.24199407032780004,-4.0,4.0,4.0,1.0,1.0,1.0,7.8,1.0,5.05387544631958,-29.521799087524414,0.019999999552965164
12.00010085105896,2.109094614101662,0.7860666291368439,0.16751879124639693,0.5709414713577319,0.16751879124639693,-0.07188815638267974,0.4478328798297791,-0.890987208919165,-0.020484097678488217,1.0000000000000002,1.0000000000000002,1.0000000000000002,-3.113399359869897,0.14697837612901732,-2.20802529251712,-0.049368883155827326,0.0743151634326911,0.24199407032780004,-4.0,4.0,4.0,1.0,1.0,1.0,7.8,1.0,5.05387544631958,-29.521799087524414,0.019999999552965164
12.020085573196411,2.367459132554064,0.7860666291368439,0.16751879124639693,0.5709414713577319,0.16751879124639693,0.022602011922120115,0.5067424000481553,-0.8594818738862019,0.06318383900627297,1.0000000000000002,1.0000000000000002,1.0000000000000002,-3.055324495057415,-0.10307029696513219,-2.0805845103192273,-0.06415175286474284,0.0744677881056072,-0.5038725994655117,-4.0,4.0,4.0,1.0,1.0,1.0,7.8,1.0,5.154062747955322,-29.5581111907959,0.019999999552965164
12.040069818496704,2.382346053055058,0.7860666291368439,0.16751879124639693,0.5709414713577319,0.16751879124639693,0.08727269099889295,0.461837594776342,-0.8779253926310485,-0.09130453674727415,1.0000000000000002,1.0000000000000002,1.0000000000000002,2.897678552685159,-0.06895672328837102,-2.164589289400136,0.07370690815561845,-0.05211181355359778,0.08953059236737121,-4.0,4.0,4.0,1.0,1.0,1.0,7.8,1.0,5.27651309967041,-29.585346221923828,0.019999999552965164
12.060106754302979,2.3371409477262186,0.7860666291368439,0.16751879124639693,0.5709414713577319,0.16751879124639693,-0.006206663121419596,0.5591292332562494,-0.8278072087861523,-0.04551047058486038,1.0000000000000002,1.0000000000000002,1.0000000000000002,3.0730034140569438,0.06120651853439865,-1.9555975011037794,-0.04954087693647971,-0.020467428170724153,0.05233421799732908,-4.0,4.0,4.0,1.0,1.0,1.0,7.8,1.0,5.398963928222656,-29.630735397338867,0.019999999552965164
12.080121755599976,2.3518098381572576,0.7860666291368439,0.16751879124639693,0.5709414713577319,0.16751879124639693,0.029382468208118448,0.4843735591551418,-0.8726161844348529,0.055316547395314185,1.0000000000000002,1.0000000000000002,1.0000000000000002,-3.0730855972349587,-0.1050601430730866,-2.1317228869490896,-0.09085569335515227,-0.023831479532858274,-0.09192330436852299,-4.0,4.0,4.0,1.0,1.0,1.0,7.8,1.0,5.51028299331665,-29.657970428466797,0.019999999552965164
12.100150346755981,2.123078021444587,0.7860666291368439,0.16751879124639693,0.5709414713577319,0.16751879124639693,-0.05140038091366091,0.4293843702767775,-0.9012598143199209,-0.026791985666753903,1.0000000000000002,1.0000000000000002,1.0000000000000002,3.137412549390811,0.11591773721316617,-2.2526114590728272,-0.02811811637785336,0.035456514519505766,-0.5049104243308018,-4.0,4.0,4.0,1.0,1.0,1.0,7.8,1.0,5.621601581573486,-29.69428253173828,0.019999999552965164
12.12010669708252,2.098152877023442,0.7860666291368439,0.16751879124639693,0.5709414713577319,0.16751879124639693,-0.10426090537132561,0.5082423535706053,-0.8489296341889689,-0.10068689012948313,1.0000000000000002,1.0000000000000002,1.0000000000000002,3.073874161761529,0.2831348272770036,-2.0723419186404404,0.0047978283842344815,0.07907830086013154,0.3484166153964353,-4.0,4.0,4.0,1.0,1.0,1.0,7.8,1.0,5.621601581573486,-29.69428253173828,0.019999999552965164
12.140283584594727,2.098152877023442,0.7860666291368439,0.16751879124639693,0.5709414713577319,0.16751879124639693,-0.10426090537132561,0.5082423535706053,-0.8489296341889689,-0.10068689012948313,1.0000000000000002,1.0000000000000002,1.0000000000000002,3.073874161761529,0.2831348272770036,-2.0723419186404404,0.0047978283842344815,0.07907830086013154,0.3484166153964353,-4.0,4.0,4.0,1.0,1.0,1.0,7.8,1.0,5.621601581573486,-29.69428253173828,0.019999999552965164
12.160112619400024,2.3415077322956077,0.7860666291368439,0.16751879124639693,0.5709414713577319,0.16751879124639693,0.03693953106668266,0.47474801607134265,-0.879044391374471,0.02303801801335284,1.0000000000000002,1.0000000000000002,1.0000000000000002,-3.1361431076404904,-0.08692691468790696,-2.1514503190421377,-0.0029108816581945585,-0.07040336428067509,1.9083994040955883,-4.0,4.0,0.49417104655088195,1.0,1.0,0.0,7.8,1.0,5.744052410125732,-29.721515655517578,0.019999999552965164
12.180090427398682,2.265736408026118,0.7860666291368439,0.16751879124639693,0.5709414713577319,0.16751879124639693,-0.06408396726086706,0.5603721176246474,-0.825458451313797,0.022241404712927022,1.0000000000000002,1.0000000000000002,1.0000000000000002,-3.032479142682527,0.08095878801723351,-1.9443732885657392,-0.028788688656205458,-0.04741441147086261,1.0728610210873653,-4.0,4.0,4.0,1.0,1.0,1.0,7.8,1.0,5.8776350021362305,-29.76690673828125,0.019999999552965164
12.200117349624634,2.22137761852799,0.7860666291368439,0.16751879124639693,0.5709414713577319,0.16751879124639693,-0.03348563589443866,0.45538707825229957,-0.8866652224478293,0.07298016477866012,1.0000000000000002,1.0000000000000002,1.0000000000000002,-2.9809832302482575,-0.007087409754461449,-2.1932338561988667,-0.04876048983346659,0.09997969952680705,0.801183596445909,-4.0,4.0,3.706379802791932,1.0,1.0,0.0,7.8,1.0,6.000085830688477,-29.803218841552734,0.019999999552965164
12.220105409622192,2.2091004610400224,0.7860666291368439,0.16751879124639693,0.5709414713577319,0.16751879124639693,-0.008964672030984711,0.43082632164829365,-0.9023844098256518,0.003269882870737278,1.0000000000000002,1.0000000000000002,1.0000000000000002,-3.1279651993083,0.013362054957795869,-2.250641661084076,-0.026465759584861553,0.07979170563194926,2.2692137430909463,-4.0,4.0,-1.2154377178302056,1.0,1.0,0.0,7.8,1.0,6.1114044189453125,-29.821374893188477,0.019999999552965164
12.240101099014282,2.2560399482591915,0.7860666291368439,0.16751879124639693,0.5709414713577319,0.16751879124639693,0.021519446405253426,0.38093068743742897,-0.9195202114645161,0.09439971135078117,1.0000000000000002,1.0000000000000002,1.0000000000000002,-2.9827288714136277,-0.111726926782683,-2.364998795907996,0.04786062491644355,0.03260039695511588,2.462502505623779,-4.0,4.0,-3.8314802169130147,1.0,1.0,0.0,7.8,1.0,6.1114044189453125,-29.821374893188477,0.019999999552965164
12.260108232498169,2.2482132368732395,0.7860666291368439,0.16751879124639693,0.5709414713577319,0.16751879124639693,0.0043222752651470185,0.41146846425052463,-0.9076312097044615,0.0829494305843186,1.0000000000000002,1.0000000000000002,1.0000000000000002,-2.993607426903684,-0.07618188129859464,-2.2959812219405915,0.04257476563143084,-0.0916736085974254,2.931686447899644,-4.0,4.0,-4.0,1.0,1.0,1.0,7.8,1.0,6.233855247497559,-29.848609924316406,0.019999999552965164
12.280121326446533,2.2482132368732395,0.7860666291368439,0.16751879124639693,0.5709414713577319,0.16751879124639693,0.0043222752651470185,0.41146846425052463,-0.9076312097044615,0.0829494305843186,1.0000000000000002,1.0000000000000002,1.0000000000000002,-2.993607426903684,-0.07618188129859464,-2.2959812219405915,0.04257476563143084,-0.0916736085974254,2.931686447899644,-4.0,4.0,-4.0,1.0,1.0,1.0,7.8,1.0,6.233855247497559,-29.848609924316406,0.019999999552965164
12.3000967502594,2.2482132368732395,0.7860666291368439,0.16751879124639693,0.5709414713577319,0.16751879124639693,0.0043222752651470185,0.41146846425052463,-0.9076312097044615,0.0829494305843186,1.0000000000000002,1.0000000000000002,1.0000000000000002,-2.993607426903684,-0.07618188129859464,-2.2959812219405915,0.04257476563143084,-0.0916736085974254,2.931686447899644,-4.0,4.0,-4.0,1.0,1.0,1.0,7.8,1.0,6.233855247497559,-29.848609924316406,0.019999999552965164
12.320103168487549,2.2027428150671735,0.7860666291368439,0.16751879124639693,0.5709414713577319,0.16751879124639693,-0.011448160199543705,0.398942397496984,-0.9142141128994474,0.07018873757861965,1.0000000000000002,1.0000000000000002,1.0000000000000002,-3.003601140213369,-0.03507758026559852,-2.321081305546045,0.06628126693154587,-0.015924140790676417,3.059915555780237,-4.0,4.0,-4.0,1.0,1.0,1.0,7.8,1.0,6.478756904602051,-29.903079986572266,0.019999999552965164
12.340092420578003,1.9575915253170395,0.7860666291368439,0.16751879124639693,0.5709414713577319,0.16751879124639693,-0.08285587626766606,0.27203295345835177,-0.9574655696506493,0.04891481303450815,1.0000000000000002,1.0000000000000002,1.0000000000000002,-3.0011582022463514,0.13243722578452483,-2.5786184238393464,0.04517198388307442,0.09836036860214678,3.0003282226531303,-4.0,4.0,-4.0,1.0,1.0,1.0,7.8,1.0,6.478756904602051,-29.903079986572266,0.019999999552965164
12.360082387924194,2.0083837079886213,0.7860666291368439,0.16751879124639693,0.5709414713577319,0.16751879124639693,-0.057396383995771724,0.32965810855967986,-0.9404958777315784,-0.059149729796273615,1.0000000000000002,1.0000000000000002,1.0000000000000002,3.0673006512326375,0.1474947033109967,-2.472816501130867,0.013462642008971668,-0.055613388155307725,3.0610467727075226,-4.0,4.0,-4.0,1.0,1.0,1.0,7.8,1.0,6.578943729400635,-29.93939208984375,0.019999999552965164
12.380192995071411,2.2547739364200483,0.7860666291368439,0.16751879124639693,0.5709414713577319,0.16751879124639693,0.038902677760418176,0.36227950936315667,-0.9292436580987725,0.061207537459624727,1.0000000000000002,1.0000000000000002,1.0000000000000002,-3.055331415102927,-0.11691477710057246,-2.403166481489337,-0.0704936751561318,0.09168797242213572,2.66938239597215,-4.0,4.0,-4.0,1.0,1.0,1.0,7.8,1.0,6.701394557952881,-29.948469161987305,0.019999999552965164
12.40010142326355,2.1399102515292454,0.7860666291368439,0.16751879124639693,0.5709414713577319,0.16751879124639693,0.0310270507950977,0.2948945384715179,-0.9532723509320484,-0.05784771600603211,1.0000000000000002,1.0000000000000002,1.0000000000000002,3.0126062904796225,-0.02503912461163538,-2.539950879150201,0.08583354463295689,0.06140283327800716,3.534828114003212,-4.0,4.0,-4.0,1.0,1.0,1.0,7.8,1.0,6.823845386505127,-29.98478126525879,0.019999999552965164
12.421073198318481,2.1399102515292454,0.7860666291368439,0.16751879124639693,0.5709414713577319,0.16751879124639693,0.0310270507950977,0.2948945384715179,-0.9532723509320484,-0.05784771600603211,1.0000000000000002,1.0000000000000002,1.0000000000000002,3.0126062904796225,-0.02503912461163538,-2.539950879150201,0.08583354463295689,0.06140283327800716,3.534828114003212,-4.0,4.0,-4.0,1.0,1.0,1.0,7.8,1.0,6.823845386505127,-29.98478126525879,0.019999999552965164
12.440100193023682,2.1399102515292454,0.7860666291368439,0.16751879124639693,0.5709414713577319,0.16751879124639693,0.0310270507950977,0.2948945384715179,-0.9532723509320484,-0.05784771600603211,1.0000000000000002,1.0000000000000002,1.0000000000000002,3.0126062904796225,-0.02503912461163538,-2.539950879150201,0.08583354463295689,0.06140283327800716,3.534828114003212,-4.0,4.0,-4.0,1.0,1.0,1.0,7.8,1.0,6.823845386505127,-29.98478126525879,0.019999999552965164
12.460092782974243,2.001030404222256,0.7860666291368439,0.16751879124639693,0.5709414713577319,0.16751879124639693,-0.03891233649747,0.21145140536419105,-0.9741955231395791,0.06868199132682597,1.0000000000000002,1.0000000000000002,1.0000000000000002,-2.9905791820795176,0.04678770939044108,-2.710578534362709,-0.013105521775353929,-0.007120483204405503,5.562791188888482,-4.0,4.0,-4.0,1.0,1.0,1.0,7.8,1.0,6.912900447845459,-29.993860244750977,0.019999999552965164
12.480135917663574,1.9275682409752222,0.7860666291368439,0.16751879124639693,0.5709414713577319,0.16751879124639693,-0.007326304869233881,0.0846474288681994,-0.994116328183546,-0.0671852966193528,1.0000000000000002,1.0000000000000002,1.0000000000000002,3.008818642592698,0.02594343398231108,-2.9734305469409943,-0.08779375491678759,-3.076138118196514e-05,6.821108592789545,-3.5676271075664117,4.0,-4.0,0.0,1.0,1.0,7.8,1.0,7.024219036102295,-30.021093368530273,0.019999999552965164
12.500083208084106,1.903274569235853,0.7860666291368439,0.16751879124639693,0.5709414713577319,0.16751879124639693,-0.02775877077619201,0.11273100204804666,-0.9907579594229102,-0.07014155446230888,1.0000000000000002,1.0000000000000002,1.0000000000000002,3.0081346850129735,0.0708780316552678,-2.9197406066481286,-0.041732497308332,-0.018689079507315645,6.7643794704382305,-4.0,4.0,-4.0,1.0,1.0,1.0,7.8,1.0,7.135538101196289,-30.039249420166016,0.019999999552965164
12.520084857940674,1.9638267740400097,0.7860666291368439,0.16751879124639693,0.5709414713577319,0.16751879124639693,0.0245411664576303,0.024350755148255486,-0.9979462165099738,-0.05392699533663339,1.0000000000000002,1.0000000000000002,1.0000000000000002,3.032431196715537,-0.04637181976515034,-3.090266620411679,0.016361748167534065,0.08424637618420872,7.14300909530843,-3.0937628992868147,4.0,-4.0,0.0,1.0,1.0,7.8,1.0,7.246856689453125,-30.066484451293945,0.019999999552965164
12.540088176727295,1.8182734929852362,0.7860666291368439,0.16751879124639693,0.5709414713577319,0.16751879124639693,-0.06758374704438525,0.013031883577218815,-0.99703499009763,0.034406913068298225,1.0000000000000002,1.0000000000000002,1.0000000000000002,-3.0705223885311055,0.1342730576428718,-3.1106722699228793,0.0042528930990546054,0.022446168842131825,7.353353308453999,-4.0,4.0,-4.0,1.0,1.0,1.0,7.8,1.0,7.358175754547119,-30.084640502929688,0.019999999552965164
12.560185432434082,1.8182734929852362,0.7860666291368439,0.16751879124639693,0.5709414713577319,0.16751879124639693,-0.06758374704438525,0.013031883577218815,-0.99703499009763,0.034406913068298225,1.0000000000000002,1.0000000000000002,1.0000000000000002,-3.0705223885311055,0.1342730576428718,-3.1106722699228793,0.0042528930990546054,0.022446168842131825,7.353353308453999,-4.0,4.0,-4.0,1.0,1.0,1.0,7.8,1.0,7.358175754547119,-30.084640502929688,0.019999999552965164
12.580071449279785,1.8182734929852362,0.7860666291368439,0.16751879124639693,0.5709414713577319,0.16751879124639693,-0.06758374704438525,0.013031883577218815,-0.99703499009763,0.034406913068298225,1.0000000000000002,1.0000000000000002,1.0000000000000002,-3.0705223885311055,0.1342730576428718,-3.1106722699228793,0.0042528930990546054,0.022446168842131825,7.353353308453999,-4.0,4.0,-4.0,1.0,1.0,1.0,7.8,1.0,7.358175754547119,-30.084640502929688,0.019999999552965164
12.600081443786621,1.7525377644308873,0.7860666291368439,0.16751879124639693,0.5709414713577319,0.16751879124639693,-0.08841410595211739,-0.16903265750147214,-0.9771569356158853,0.09367619625310424,1.0000000000000002,1.0000000000000002,1.0000000000000002,-2.984458104878641,0.2059095561014237,2.81528284718131,-0.005638068879033245,0.06438611966269936,7.035977538657723,-1.9597650623709497,4.0,-4.0,0.0,1.0,1.0,7.8,1.0,7.458362579345703,-30.111873626708984,0.019999999552965164
12.620152473449707,2.0966101375821746,0.7860666291368439,0.16751879124639693,0.5709414713577319,0.16751879124639693,0.09805148746276426,-0.21275092559045533,-0.9691439751287443,0.07670009738194514,1.0000000000000002,1.0000000000000002,1.0000000000000002,-2.9475863092243335,-0.15807346400091518,2.693985367063355,-0.08976044490171545,0.04585994139354804,7.062769956069191,-0.0905427029035033,4.0,-4.0,0.0,1.0,1.0,7.8,1.0,7.569681644439697,-30.130029678344727,0.019999999552965164
12.640085220336914,1.970925394364753,0.7860666291368439,0.16751879124639693,0.5709414713577319,0.16751879124639693,0.029483093082157723,-0.34622203795948503,-0.9332893334837455,0.09073074263421245,1.0000000000000002,1.0000000000000002,1.0000000000000002,-2.950657410210245,0.007793531552570079,2.4318738385752914,-0.06996179194806396,-0.03555828293633466,8.442333742347287,1.6587895218266446,4.0,-4.0,0.0,1.0,1.0,7.8,1.0,7.669868469238281,-30.157264709472656,0.019999999552965164
12.660114526748657,1.720907341138298,0.7860666291368439,0.16751879124639693,0.5709414713577319,0.16751879124639693,-0.07900245687613233,-0.31200506253073135,-0.9466472843549315,0.016442985925995312,1.0000000000000002,1.0000000000000002,1.0000000000000002,3.1231880956733993,0.1605240206735833,2.5033574785808925,-0.08934873952246603,-0.09958882521941191,11.15693312656028,1.63845856420691,4.0,-4.0,0.0,1.0,1.0,7.8,1.0,7.781187057495117,-30.166345596313477,0.019999999552965164
12.680084943771362,1.8643323260071094,0.7860666291368439,0.16751879124639693,0.5709414713577319,0.16751879124639693,-0.02166889699138343,-0.5420767226658613,-0.8380099993357268,-0.05850236457059612,1.0000000000000002,1.0000000000000002,1.0000000000000002,3.019702830771185,-0.027111356537587488,1.9949151110729564,0.0002657292341867734,0.03912808547321206,13.286390750977064,4.0,4.0,-4.0,1.0,1.0,1.0,7.8,1.0,7.892506122589111,-30.193578720092773,0.019999999552965164
12.700084924697876,1.7430426024316938,0.7860666291368439,0.16751879124639693,0.5709414713577319,0.16751879124639693,-0.0910764879603754,-0.5545852714356337,-0.825867656739665,-0.04563840048471272,1.0000000000000002,1.0000000000000002,1.0000000000000002,2.963363295716088,0.09997996523324525,1.94994405754218,0.019673426223857565,0.06634643374103563,14.109820600220639,4.0,4.0,-4.0,1.0,1.0,1.0,7.8,1.0,7.992692947387695,-30.20265769958496,0.019999999552965164
12.72008204460144,2.206199750681031,0.7860666291368439,0.16751879124639693,0.5709414713577319,0.16751879124639693,0.07396308532142085,-0.7581755050843245,-0.6405336770276883,-0.09703594227529812,1.0000000000000002,1.0000000000000002,1.0000000000000002,3.12906471627564,-0.24431553512769616,1.4045145177826248,-0.007553981915202582,0.06591467242559132,13.85166139215024,4.0,4.0,-4.0,1.0,1.0,1.0,7.8,1.0,8.104011535644531,-30.220813751220703,0.019999999552965164
12.74009108543396,1.9808265890275223,0.7860666291368439,0.16751879124639693,0.5709414713577319,0.16751879124639693,-0.08653947868294487,-0.7705357941065164,-0.6295864198105768,0.04905556665684655,1.0000000000000002,1.0000000000000002,1.0000000000000002,3.068682496727244,0.18563056399975802,1.3633440327593167,-0.05551258349817476,-0.07613031999342074,12.7895461154215,4.0,4.0,-4.0,1.0,1.0,1.0,7.8,1.0,8.204198837280273,-30.238969802856445,0.019999999552965164
12.760095596313477,2.36083085724064,0.7860666291368439,0.16751879124639693,0.5709414713577319,0.16751879124639693,0.06556749231250214,-0.8701414482464503,-0.4852957629248052,-0.055161458307871086,1.0000000000000002,1.0000000000000002,1.0000000000000002,-3.0802005559343906,-0.1603217055376953,1.0125693747100826,0.07631236305774133,0.06282947032856653,11.704769897179425,4.0,4.0,-4.0,1.0,1.0,1.0,7.8,1.0,8.31551742553711,-30.257125854492188,0.019999999552965164
12.78009843826294,2.2172245667002155,0.7860666291368439,0.16751879124639693,0.5709414713577319,0.16751879124639693,-0.08469783934821466,-0.8997969700473027,-0.42176000967865096,0.07287100204677792,1.0000000000000002,1.0000000000000002,1.0000000000000002,3.048579187805728,0.20399442385522482,0.8671100524065629,-0.06936582124002309,0.025915303865596748,11.638340575826554,4.0,4.0,-4.0,1.0,1.0,1.0,7.8,1.0,8.31551742553711,-30.257125854492188,0.019999999552965164
12.800103187561035,2.3460155120230164,0.7860666291368439,0.16751879124639693,0.5709414713577319,0.16751879124639693,-0.07235919282839952,-0.9552671812169617,-0.2715789230993158,-0.09205242110470901,1.0000000000000002,1.0000000000000002,1.0000000000000002,2.950405978323283,-0.13699495994569302,0.5671326321938779,-0.031186055414253996,-0.03474697787614936,12.048708877542543,4.0,4.0,-4.0,1.0,1.0,1.0,7.8,1.0,8.437968254089355,-30.284358978271484,0.019999999552965164
12.820101022720337,2.3460155120230164,0.7860666291368439,0.16751879124639693,0.5709414713577319,0.16751879124639693,-0.07235919282839952,-0.9552671812169617,-0.2715789230993158,-0.09205242110470901,1.0000000000000002,1.0000000000000002,1.0000000000000002,2.950405978323283,-0.13699495994569302,0.5671326321938779,-0.031186055414253996,-0.03474697787614936,12.048708877542543,4.0,4.0,-4.0,1.0,1.0,1.0,7.8,1.0,8.437968254089355,-30.284358978271484,0.019999999552965164
12.840100049972534,2.229701723918735,0.7860666291368439,0.16751879124639693,0.5709414713577319,0.16751879124639693,-0.095786372718564,-0.9234849415447326,-0.37134547938058887,0.010152265025252252,1.0000000000000002,1.0000000000000002,1.0000000000000002,2.970699027545194,0.0900121005199937,0.7569383430980704,0.0816459148833664,-0.07575413337103412,12.349374498757152,4.0,4.0,-4.0,1.0,1.0,1.0,7.8,1.0,8.538155555725098,-30.284360885620117,0.019999999552965164
12.860103607177734,2.4900385403461742,0.7860666291368439,0.16751879124639693,0.5709414713577319,0.16751879124639693,-0.04044338576044388,-0.9769855694311427,-0.20213083616796598,-0.054832971299909126,1.0000000000000002,1.0000000000000002,1.0000000000000002,3.0398052308704484,-0.09091753488754827,0.4126622067840049,-0.02324635566532371,0.07072274260764175,12.437299129070759,4.0,4.0,-4.0,1.0,1.0,1.0,7.8,1.0,8.649474143981934,-30.30251693725586,0.019999999552965164
12.880085945129395,2.8882619584092866,0.7860666291368439,0.16751879124639693,0.5709414713577319,0.16751879124639693,0.07534355424017042,-0.9928607783386802,-0.05540254486703053,0.07403635386366227,1.0000000000000002,1.0000000000000002,1.0000000000000002,-2.9815559507171385,0.13911541965550325,0.12265973898507591,-0.04076513569496525,0.08494696294127255,12.243168918372426,4.0,4.0,-4.0,1.0,1.0,1.0,7.8,1.0,8.77192497253418,-30.320674896240234,0.019999999552965164
12.900105237960815,3.1062385445245306,0.7860666291368439,0.16751879124639693,0.5709414713577319,0.16751879124639693,0.09009664539576426,-0.9778442744090851,0.16906412322372172,0.08438300618248833,1.0000000000000002,1.0000000000000002,1.0000000000000002,-2.990443834630359,0.19675818677488596,-0.32745822565878346,0.018277551690548205,-0.00917626490306471,12.675232329445333,-4.0,-1.8930404585848257,-4.0,1.0,0.0,1.0,7.8,1.0,8.872112274169922,-30.32975196838379,0.019999999552965164
12.920079708099365,2.9926363554977624,0.7860666291368439,0.16751879124639693,0.5709414713577319,0.16751879124639693,0.044329996202741445,-0.9900556775885645,0.1176482052484153,-0.06311502604879415,1.0000000000000002,1.0000000000000002,1.0000000000000002,-3.038098969128666,-0.11479605768593325,-0.24250269226003343,0.0008374126800338166,-0.04684983589672729,13.040963603265707,4.0,1.9496089963217988,-4.0,1.0,0.0,1.0,7.8,1.0,8.872112274169922,-30.32975196838379,0.019999999552965164
12.940081119537354,3.0306343991932194,0.7860666291368439,0.16751879124639693,0.5709414713577319,0.16751879124639693,-0.07004857569184285,-0.9480003852347226,0.3004367384697326,-0.07827025498892516,1.0000000000000002,1.0000000000000002,1.0000000000000002,3.0540993876677627,-0.19166207188394613,-0.6053906500046101,-0.07347785225559594,0.014943021461285497,15.279324576787863,4.0,-2.668987906253885,-4.0,1.0,0.0,1.0,7.8,1.0,8.994563102722168,-30.338830947875977,0.019999999552965164
12.960151672363281,3.0306343991932194,0.7860666291368439,0.16751879124639693,0.5709414713577319,0.16751879124639693,-0.07004857569184285,-0.9480003852347226,0.3004367384697326,-0.07827025498892516,1.0000000000000002,1.0000000000000002,1.0000000000000002,3.0540993876677627,-0.19166207188394613,-0.6053906500046101,-0.07347785225559594,0.014943021461285497,15.279324576787863,4.0,-2.668987906253885,-4.0,1.0,0.0,1.0,7.8,1.0,8.994563102722168,-30.338830947875977,0.019999999552965164
12.980032444000244,2.86480897607397,0.7860666291368439,0.16751879124639693,0.5709414713577319,0.16751879124639693,0.08934535101719847,-0.923218524976399,0.35783693021599183,0.10787814776687257,1.0000000000000002,1.0000000000000002,1.0000000000000002,-3.0504958786569425,0.2662675300699415,-0.727329104960761,-0.016423512339456423,-0.05370307040678653,15.768791030696713,-4.0,1.365704983041023,-4.0,1.0,0.0,1.0,7.8,1.0,9.094749450683594,-30.34790802001953,0.019999999552965164
13.000095129013062,2.6620012230821137,0.7860666291368439,0.16751879124639693,0.5709414713577319,0.16751879124639693,0.052373586244895076,-0.8170724464302795,0.5730130468589582,0.0361340957780867,1.0000000000000002,1.0000000000000002,1.0000000000000002,-3.0970860288653292,0.11935300950974917,-1.2205364650231283,0.015222082617833158,0.07081822466285001,16.044461163621317,-4.0,4.0,-4.0,1.0,1.0,1.0,7.8,1.0,9.20606803894043,-30.37514305114746,0.019999999552965164
13.020090579986572,2.6454441373657795,0.7860666291368439,0.16751879124639693,0.5709414713577319,0.16751879124639693,-0.02112765188125033,-0.7458509779946986,0.6640918791102627,0.04734888647198202,1.0000000000000002,1.0000000000000002,1.0000000000000002,3.046961645622202,0.04258188968960587,-1.456967595283667,0.07151503433362447,-0.033725692736991,16.199584085113756,-4.0,4.0,-4.0,1.0,1.0,1.0,7.8,1.0,9.20606803894043,-30.37514305114746,0.019999999552965164
13.040091753005981,2.2960402997991434,0.7860666291368439,0.16751879124639693,0.5709414713577319,0.16751879124639693,0.08106065166726666,-0.6320199733458852,0.764993308635864,0.09362244274477408,1.0000000000000002,1.0000000000000002,1.0000000000000002,3.099549966974047,0.24480198652794233,-1.7657652251037137,-0.0686702732359028,0.005445098542237223,15.593095913736827,-4.0,4.0,-4.0,1.0,1.0,1.0,7.8,1.0,9.317387580871582,-30.37514305114746,0.019999999552965164
13.060107231140137,2.4209996597741488,0.7860666291368439,0.16751879124639693,0.5709414713577319,0.16751879124639693,-0.0016653492322533027,0.5854152184861127,-0.8076582889782937,0.07052897859352959,1.0000000000000002,1.0000000000000002,1.0000000000000002,-3.025081216024597,-0.07997262711716523,-1.8918653423123013,-0.0537727316711315,0.04732860641324821,15.377658380690992,-4.0,4.0,-4.0,1.0,1.0,1.0,7.8,1.0,9.417573928833008,-30.393299102783203,0.019999999552965164
13.080119132995605,2.3236746052295305,0.7860666291368439,0.16751879124639693,0.5709414713577319,0.16751879124639693,-0.034244534232628264,0.5403293772790038,-0.8354778328169971,0.09406522628415066,1.0000000000000002,1.0000000000000002,1.0000000000000002,-2.945969910937843,-0.04444594374184065,-1.9978072228749146,-0.080057036243762,0.08222153633308624,13.94767387517685,-4.0,4.0,-4.0,1.0,1.0,1.0,7.8,1.0,9.52889347076416,-30.411455154418945,0.019999999552965164
13.100091218948364,2.3236746052295305,0.7860666291368439,0.16751879124639693,0.5709414713577319,0.16751879124639693,-0.034244534232628264,0.5403293772790038,-0.8354778328169971,0.09406522628415066,1.0000000000000002,1.0000000000000002,1.0000000000000002,-2.945969910937843,-0.04444594374184065,-1.9978072228749146,-0.080057036243762,0.08222153633308624,13.94767387517685,-4.0,4.0,-4.0,1.0,1.0,1.0,7.8,1.0,9.52889347076416,-30.411455154418945,0.019999999552965164
13.120098352432251,2.3236746052295305,0.7860666291368439,0.16751879124639693,0.5709414713577319,0.16751879124639693,-0.034244534232628264,0.5403293772790038,-0.8354778328169971,0.09406522628415066,1.0000000000000002,1.0000000000000002,1.0000000000000002,-2.945969910937843,-0.04444594374184065,-1.9978072228749146,-0.080057036243762,0.08222153633308624,13.94767387517685,-4.0,4.0,-4.0,1.0,1.0,1.0,7.8,1.0,9.52889347076416,-30.411455154418945,0.019999999552965164
13.140079498291016,1.9904551596753541,0.7860666291368439,0.16751879124639693,0.5709414713577319,0.16751879124639693,-0.0998999549219173,0.32335041778147966,-0.9367805889326616,0.08891925846585398,1.0000000000000002,1.0000000000000002,1.0000000000000002,-2.9062569078064864,0.13003063440217363,-2.4614653524787755,0.03122076386275474,0.04463963428853576,13.186708363893361,-4.0,4.0,-4.0,1.0,1.0,1.0,7.8,1.0,9.651344299316406,-30.411455154418945,0.019999999552965164
13.160130023956299,2.3076539473788906,0.7860666291368439,0.16751879124639693,0.5709414713577319,0.16751879124639693,0.06948806693820553,0.3333856345380864,-0.9341473540502349,0.1067433752406869,1.0000000000000002,1.0000000000000002,1.0000000000000002,-2.9846644066504604,-0.2023762016143488,-2.4719636523452007,0.013680708214510548,-0.011442189130745212,12.169174716778995,-4.0,4.0,-4.0,1.0,1.0,1.0,7.8,1.0,9.751530647277832,-30.4205322265625,0.019999999552965164
13.180084705352783,1.9826735533055966,0.7860666291368439,0.16751879124639693,0.5709414713577319,0.16751879124639693,0.024202632083618152,0.06591108777278196,-0.9961106682382643,-0.05323060896469255,1.0000000000000002,1.0000000000000002,1.0000000000000002,3.032043237589245,-0.041211690044980154,-3.0071884679674628,-0.08667833224938011,0.06157074501253984,11.357796368697086,-3.3379227470826693,4.0,-4.0,0.0,1.0,1.0,7.8,1.0,9.873981475830078,-30.429611206054688,0.019999999552965164
13.200108289718628,1.8818032731139391,0.7860666291368439,0.16751879124639693,0.5709414713577319,0.16751879124639693,-0.012921869123321859,0.02293095766196828,-0.9961554439067596,-0.0835555387391602,1.0000000000000002,1.0000000000000002,1.0000000000000002,2.97487279567714,0.029580711343925654,-3.098033620946065,-0.07346780811069831,0.09071413379697021,10.662931987130769,-2.4933157699044135,4.0,-4.0,0.0,1.0,1.0,7.8,1.0,9.996432304382324,-30.438690185546875,0.019999999552965164
13.220104932785034,1.8980145348010022,0.7860666291368439,0.16751879124639693,0.5709414713577319,0.16751879124639693,0.00018730170628784425,-0.020853888984096975,-0.9982775637178556,-0.05483599192002086,1.0000000000000002,1.0000000000000002,1.0000000000000002,3.031897133081056,-0.0026610486982921295,3.0999650876420333,0.049807876731764844,-0.013990085074333997,10.842262679672169,-2.589195229300599,4.0,-4.0,0.0,1.0,1.0,7.8,1.0,10.096619606018066,-30.456846237182617,0.019999999552965164
13.240113258361816,1.8980145348010022,0.7860666291368439,0.16751879124639693,0.5709414713577319,0.16751879124639693,0.00018730170628784425,-0.020853888984096975,-0.9982775637178556,-0.05483599192002086,1.0000000000000002,1.0000000000000002,1.0000000000000002,3.031897133081056,-0.0026610486982921295,3.0999650876420333,0.049807876731764844,-0.013990085074333997,10.842262679672169,-2.589195229300599,4.0,-4.0,0.0,1.0,1.0,7.8,1.0,10.096619606018066,-30.456846237182617,0.019999999552965164
13.260087490081787,1.8980145348010022,0.7860666291368439,0.16751879124639693,0.5709414713577319,0.16751879124639693,0.00018730170628784425,-0.020853888984096975,-0.9982775637178556,-0.05483599192002086,1.0000000000000002,1.0000000000000002,1.0000000000000002,3.031897133081056,-0.0026610486982921295,3.0999650876420333,0.049807876731764844,-0.013990085074333997,10.842262679672169,-2.589195229300599,4.0,-4.0,0.0,1.0,1.0,7.8,1.0,10.096619606018066,-30.456846237182617,0.019999999552965164
13.280099391937256,1.8163691312171872,0.7860666291368439,0.16751879124639693,0.5709414713577319,0.16751879124639693,-0.04446948228684068,-0.16011152086018307,-0.984695509979487,0.05255015375065967,1.0000000000000002,1.0000000000000002,1.0000000000000002,-3.0517296502290643,0.10459618487384968,2.8239210441557168,-0.06794456829172438,-0.05535157572481127,13.309820350820234,-1.2592060090631376,4.0,-4.0,0.0,1.0,1.0,7.8,1.0,10.207938194274902,-30.456846237182617,0.019999999552965164
13.30008840560913,1.710284825526695,0.7860666291368439,0.16751879124639693,0.5709414713577319,0.16751879124639693,-0.0816034275259703,-0.39022033099061876,-0.9169122672924784,-0.018462610491266088,1.0000000000000002,1.0000000000000002,1.0000000000000002,3.042984685372178,0.1356530552215716,2.330163621560275,-0.04626522322313329,-0.005153707086927792,15.440496142136825,3.185263052190626,4.0,-4.0,0.0,1.0,1.0,7.8,1.0,10.330389022827148,-30.456846237182617,0.019999999552965164
13.320116758346558,2.0102901447538857,0.7860666291368439,0.16751879124639693,0.5709414713577319,0.16751879124639693,0.0272524821882992,-0.5823188883567191,-0.81217570863765,0.023078838283207503,1.0000000000000002,1.0000000000000002,1.0000000000000002,-3.072299331314872,-0.017389997637009474,1.8969189825741677,0.017295578366090525,-0.07330907624055714,16.47590882765554,4.0,4.0,-4.0,1.0,1.0,1.0,7.8,1.0,10.430575370788574,-30.456846237182617,0.019999999552965164
13.340086221694946,1.9805161537227152,0.7860666291368439,0.16751879124639693,0.5709414713577319,0.16751879124639693,0.014993442169838585,-0.5025322038731949,-0.8598666774255317,0.08868978416608081,1.0000000000000002,1.0000000000000002,1.0000000000000002,-2.9728636803245654,0.063396680939812,2.0891704406421425,-0.06459723068506829,0.10097971534102754,17.09566234035068,4.0,4.0,-4.0,1.0,1.0,1.0,7.8,1.0,10.541894912719727,-30.456846237182617,0.019999999552965164
13.360088586807251,1.9219733024146013,0.7860666291368439,0.16751879124639693,0.5709414713577319,0.16751879124639693,-0.04699216110790332,-0.6671556798813685,-0.7434299049011932,0.002648036072343922,1.0000000000000002,1.0000000000000002,1.0000000000000002,3.0826346267852944,0.07347013944083818,1.6766691578975794,-0.020397651634086092,0.06195051130073345,17.24443167373192,4.0,4.0,-4.0,1.0,1.0,1.0,7.8,1.0,10.653213500976562,-30.456846237182617,0.019999999552965164
13.380032300949097,2.158286606838907,0.7860666291368439,0.16751879124639693,0.5709414713577319,0.16751879124639693,-0.05154285203184919,-0.8511781601194238,-0.5201534928686481,0.04774325079716234,1.0000000000000002,1.0000000000000002,1.0000000000000002,3.1031552845955437,0.13530891995682637,1.0944753382333487,-0.039581674106549225,-0.013465070980121105,14.63909986771986,4.0,4.0,-4.0,1.0,1.0,1.0,7.8,1.0,10.764532089233398,-30.456846237182617,0.019999999552965164
13.400112390518188,2.0478930562008015,0.7860666291368439,0.16751879124639693,0.5709414713577319,0.16751879124639693,-0.05289837369370831,-0.8102998509244485,-0.5792334748837359,-0.07144575023393426,1.0000000000000002,1.0000000000000002,1.0000000000000002,2.9720359160018446,-0.0545309656737937,1.245866052641561,-0.041285559367062796,0.03166406475680544,11.822093720430212,4.0,4.0,-4.0,1.0,1.0,1.0,7.8,1.0,10.886982917785645,-30.456846237182617,0.019999999552965164
13.420093297958374,2.3173666503181938,0.7860666291368439,0.16751879124639693,0.5709414713577319,0.16751879124639693,-0.022952417738896128,-0.9117814444511084,-0.40935410863369065,0.02360080124287864,1.0000000000000002,1.0000000000000002,1.0000000000000002,3.1190145344858156,0.061868339569798654,0.843280060191038,-0.0371335186816248,-0.052758161304977236,10.733886976195404,4.0,4.0,-4.0,1.0,1.0,1.0,7.8,1.0,10.987170219421387,-30.456846237182617,0.019999999552965164
13.440081357955933,2.695479406872894,0.7860666291368439,0.16751879124639693,0.5709414713577319,0.16751879124639693,0.08611967032067151,-0.9735782992459613,-0.20171220817723362,-0.0635679376216081,1.0000000000000002,1.0000000000000002,1.0000000000000002,-2.9972290851373597,-0.1591910194807639,0.3970569453754338,0.06029696975248108,-0.0287149362588877,11.044403903357269,4.0,4.0,-4.0,1.0,1.0,1.0,7.8,1.0,11.087356567382812,-30.438690185546875,0.019999999552965164
13.460089445114136,2.491949274737191,0.7860666291368439,0.16751879124639693,0.5709414713577319,0.16751879124639693,-0.03340297705443055,-0.9746528317574916,-0.1981615200318232,-0.09832655109217159,1.0000000000000002,1.0000000000000002,1.0000000000000002,3.0356152166384893,-0.1793907500386176,0.4107021148369079,-0.01085679578912871,0.052817053076461756,12.321601921472626,4.0,4.0,-4.0,1.0,1.0,1.0,7.8,1.0,11.209807395935059,-30.42961311340332,0.019999999552965164
13.480134963989258,2.7515321843840774,0.7860666291368439,0.16751879124639693,0.5709414713577319,0.16751879124639693,0.027822686090096378,-0.9946589376718922,-0.06344936104335781,-0.07650930944234516,1.0000000000000002,1.0000000000000002,1.0000000000000002,-3.0953732601036443,-0.15636845153433415,0.12378585885290329,-0.009069788725812988,0.09244145561022368,12.309418500993123,4.0,4.0,-4.0,1.0,1.0,1.0,7.8,1.0,11.209807395935059,-30.42961311340332,0.019999999552965164
13.500080823898315,2.664672156286774,0.7860666291368439,0.16751879124639693,0.5709414713577319,0.16751879124639693,-0.08839239526540947,-0.9960664417898426,0.001962502117786603,-0.005880185779673496,1.0000000000000002,1.0000000000000002,1.0000000000000002,2.964590739828624,-0.012061344416342552,-0.0028702503060996864,-0.001525572453293253,0.004195401564779183,10.784737140601505,4.0,2.26052365537187,-4.0,1.0,0.0,1.0,7.8,1.0,11.29886245727539,-30.42961311340332,0.019999999552965164
13.52007508277893,2.9277779860264364,0.7860666291368439,0.16751879124639693,0.5709414713577319,0.16751879124639693,-0.026701834445888594,-0.9895631625586471,0.11667340746383457,0.08024384920310632,1.0000000000000002,1.0000000000000002,1.0000000000000002,3.069110287738852,0.15318026586539496,-0.2402889826164613,0.01970020460811714,-0.06348434110834256,10.719060517904815,4.0,1.6990277787485049,-4.0,1.0,0.0,1.0,7.8,1.0,11.399049758911133,-30.420536041259766,0.019999999552965164
13.540086507797241,2.950425118870052,0.7860666291368439,0.16751879124639693,0.5709414713577319,0.16751879124639693,-0.0786728901845373,-0.9722252805931179,0.21895801685286492,0.025415880498331454,1.0000000000000002,1.0000000000000002,1.0000000000000002,2.9767227979179323,0.014968362010210337,-0.444271559703703,0.05174055554431953,0.07356302092868189,11.020248399737813,4.0,-1.2924433737997918,-4.0,1.0,0.0,1.0,7.8,1.0,11.499237060546875,-30.420536041259766,0.019999999552965164
13.560258150100708,3.0901348245840548,0.7860666291368439,0.16751879124639693,0.5709414713577319,0.16751879124639693,-0.019055405198177115,-0.9593077728886248,0.27727248682890443,-0.04985435242699613,1.0000000000000002,1.0000000000000002,1.0000000000000002,3.1326283052054102,-0.10641916793072494,-0.5622546710423756,0.058285018657962956,-0.006958093201380161,13.057498712709753,4.0,-1.501840276484852,-4.0,1.0,0.0,1.0,7.8,1.0,11.5994234085083,-30.420536041259766,0.019999999552965164
13.580079078674316,3.0953510762511347,0.7860666291368439,0.16751879124639693,0.5709414713577319,0.16751879124639693,-0.028079496397729817,-0.9213861628616407,0.37652532726651367,-0.09212903286150778,1.0000000000000002,1.0000000000000002,1.0000000000000002,-3.1236275445870527,-0.19209738120238626,-0.777614440172942,-0.06365821542324952,-0.0579668748584685,14.83167930715235,-4.0,3.6936593339790917,-4.0,1.0,0.0,1.0,7.8,1.0,11.699610710144043,-30.420536041259766,0.019999999552965164
13.600103616714478,2.8243585226943524,0.7860666291368439,0.16751879124639693,0.5709414713577319,0.16751879124639693,-0.07862667525892643,-0.7698149757016206,0.630005681893516,-0.0655407499585305,1.0000000000000002,1.0000000000000002,1.0000000000000002,3.102315473195201,-0.20133649392221661,-1.3677355486540779,0.06406552095312845,0.0055028160996117015,15.824301577823837,-4.0,4.0,-4.0,1.0,1.0,1.0,7.8,1.0,11.788665771484375,-30.420536041259766,0.019999999552965164
13.620118141174316,2.491610711898682,0.7860666291368439,0.16751879124639693,0.5709414713577319,0.16751879124639693,0.04586964385967414,-0.7157519017906371,0.695993692045006,0.034466962280335287,1.0000000000000002,1.0000000000000002,1.0000000000000002,-3.1237923313066136,0.11343265240962094,-1.5417962987210931,0.02339135315374663,-0.098441589619301,15.414118939197216,-4.0,4.0,-4.0,1.0,1.0,1.0,7.8,1.0,11.899984359741211,-30.420536041259766,0.019999999552965164
13.6401047706604,2.2589077405476328,0.7860666291368439,0.16751879124639693,0.5709414713577319,0.16751879124639693,-0.0868607088520287,0.6078233582945839,-0.7861214858731924,-0.07084484326852214,1.0000000000000002,1.0000000000000002,1.0000000000000002,3.1356500267423892,0.22457129252322966,-1.8259028860336755,0.08113762562021284,-0.01176279032800924,14.770193787671872,-4.0,4.0,-4.0,1.0,1.0,1.0,7.8,1.0,11.989039421081543,-30.420536041259766,0.019999999552965164
13.660079002380371,2.4165157184551265,0.7860666291368439,0.16751879124639693,0.5709414713577319,0.16751879124639693,0.057593248287656953,0.523945526105439,-0.8496623621061788,-0.015426400938637338,1.0000000000000002,1.0000000000000002,1.0000000000000002,3.0546267643697385,-0.08179562200347969,-2.0328850647380463,0.007043309237421108,0.06125345594157203,12.85897335444003,-4.0,4.0,-4.0,1.0,1.0,1.0,7.8,1.0,12.089226722717285,-30.42053985595703,0.019999999552965164
13.680102348327637,2.1067741527023354,0.7860666291368439,0.16751879124639693,0.5709414713577319,0.16751879124639693,-0.0015854892435021616,0.33653283845379933,-0.9377661058461532,-0.08566134246105044,1.0000000000000002,1.0000000000000002,1.0000000000000002,2.981015860379375,0.06066655191997297,-2.4573719267741483,0.06678130789794309,0.06003135191054848,11.39924252693734,-4.0,4.0,-4.0,1.0,1.0,1.0,7.8,1.0,12.178281784057617,-30.42053985595703,0.019999999552965164
13.700091123580933,2.3022593076263362,0.7860666291368439,0.16751879124639693,0.5709414713577319,0.16751879124639693,0.05140650862932998,0.3818582757360511,-0.9194586816273003,0.07834131031977609,1.0000000000000002,1.0000000000000002,1.0000000000000002,-3.0353181369111097,-0.15498256841225502,-2.362586994178572,0.04248096648444616,0.051717647870791306,10.983885079643517,-4.0,4.0,-4.0,1.0,1.0,1.0,7.8,1.0,12.178281784057617,-30.42053985595703,0.019999999552965164
13.720086336135864,2.3022593076263362,0.7860666291368439,0.16751879124639693,0.5709414713577319,0.16751879124639693,0.05140650862932998,0.3818582757360511,-0.9194586816273003,0.07834131031977609,1.0000000000000002,1.0000000000000002,1.0000000000000002,-3.0353181369111097,-0.15498256841225502,-2.362586994178572,0.04248096648444616,0.051717647870791306,10.983885079643517,-4.0,4.0,-4.0,1.0,1.0,1.0,7.8,1.0,12.178281784057617,-30.42053985595703,0.019999999552965164
13.740102767944336,2.0038152844658406,0.7860666291368439,0.16751879124639693,0.5709414713577319,0.16751879124639693,-0.060127073451763366,0.24299987655150768,-0.9625572715163733,0.10401583574164681,1.0000000000000002,1.0000000000000002,1.0000000000000002,-2.9095628237714104,0.06524611591451851,-2.6394154192662316,-0.09618897070282631,0.056039823040766185,11.109362897669525,-4.0,4.0,-4.0,1.0,1.0,1.0,7.8,1.0,12.26733684539795,-30.411460876464844,0.019999999552965164
13.760084629058838,2.0272802944767117,0.7860666291368439,0.16751879124639693,0.5709414713577319,0.16751879124639693,-0.016081022237450945,0.26855640016689114,-0.9599853556363669,-0.07776231488913571,1.0000000000000002,1.0000000000000002,1.0000000000000002,3.0000841961350684,0.07270626614286942,-2.6011931042962555,0.06940404477988577,-0.04264361495009248,12.168226889506522,-4.0,4.0,-4.0,1.0,1.0,1.0,7.8,1.0,12.367524147033691,-30.411460876464844,0.019999999552965164
13.780085802078247,1.9037946911717705,0.7860666291368439,0.16751879124639693,0.5709414713577319,0.16751879124639693,-0.00638106804924171,-0.00044164399511911734,-0.9996488422598915,-0.025715347355055325,1.0000000000000002,1.0000000000000002,1.0000000000000002,3.090147523407419,0.01273528476595673,3.140381394489844,-0.07339941637398183,0.0656082309933037,13.568395787558307,-2.77639822792037,4.0,-4.0,0.0,1.0,1.0,7.8,1.0,12.456579208374023,-30.411460876464844,0.019999999552965164
13.800107479095459,2.003845554879586,0.7860666291368439,0.16751879124639693,0.5709414713577319,0.16751879124639693,0.03645069998915956,0.07786584477488322,-0.99308823245706,-0.07990005784169606,1.0000000000000002,1.0000000000000002,1.0000000000000002,2.976170877394994,-0.059990527923925334,-2.98012256946906,-0.06035915528430265,0.08273385384935814,13.66649474247163,-3.275448351689546,4.0,-4.0,0.0,1.0,1.0,7.8,1.0,12.456579208374023,-30.411460876464844,0.019999999552965164
13.820088624954224,1.9513689727438959,0.7860666291368439,0.16751879124639693,0.5709414713577319,0.16751879124639693,0.0339900226609849,-0.09953571648749482,-0.9942962052781561,-0.017674152661040523,1.0000000000000002,1.0000000000000002,1.0000000000000002,3.1131365410606846,-0.07117078812111576,2.943057172548754,0.04682505612572879,0.013896275518364393,13.668297414362026,-1.638034606005494,4.0,-4.0,0.0,1.0,1.0,7.8,1.0,12.545634269714355,-30.411460876464844,0.019999999552965164
13.840108156204224,1.6723480593541251,0.7860666291368439,0.16751879124639693,0.5709414713577319,0.16751879124639693,-0.08958863311547213,-0.36183716693374324,-0.9257069323242793,-0.06414372057057584,1.0000000000000002,1.0000000000000002,1.0000000000000002,2.955608881650324,0.11973234540347368,2.3851796512746035,0.03813090241663092,0.07350120336353033,14.000549253356688,2.866863318906728,4.0,-4.0,0.0,1.0,1.0,7.8,1.0,12.645820617675781,-30.42053985595703,0.019999999552965164
13.860125541687012,1.6723480593541251,0.7860666291368439,0.16751879124639693,0.5709414713577319,0.16751879124639693,-0.08958863311547213,-0.36183716693374324,-0.9257069323242793,-0.06414372057057584,1.0000000000000002,1.0000000000000002,1.0000000000000002,2.955608881650324,0.11973234540347368,2.3851796512746035,0.03813090241663092,0.07350120336353033,14.000549253356688,2.866863318906728,4.0,-4.0,0.0,1.0,1.0,7.8,1.0,12.645820617675781,-30.42053985595703,0.019999999552965164
13.880078077316284,1.8282393334325173,0.7860666291368439,0.16751879124639693,0.5709414713577319,0.16751879124639693,-0.04697247417517578,-0.3597825033604832,-0.9269738480123296,0.09523456329894464,1.0000000000000002,1.0000000000000002,1.0000000000000002,-2.996564120157994,0.15624693939615342,2.4125090940650606,-0.003976198540214179,-0.029386765767233675,14.872183224249376,1.321611740425955,4.0,-4.0,0.0,1.0,1.0,7.8,1.0,12.72374439239502,-30.429616928100586,0.019999999552965164
13.90013313293457,1.7165851596600528,0.7860666291368439,0.16751879124639693,0.5709414713577319,0.16751879124639693,-0.07547307692871416,-0.46602621436903946,-0.8763699185237726,-0.09538945479669542,1.0000000000000002,1.0000000000000002,1.0000000000000002,2.9015319948941407,0.04339030954971771,2.158881527607316,0.04847148244690197,0.06651888289794355,14.955879819300693,4.0,4.0,-4.0,1.0,1.0,1.0,7.8,1.0,12.812799453735352,-30.456851959228516,0.019999999552965164
13.920103549957275,1.8892289554310548,0.7860666291368439,0.16751879124639693,0.5709414713577319,0.16751879124639693,-0.020341358343525025,-0.5927657718198843,-0.8011656603329766,-0.07967781123212904,1.0000000000000002,1.0000000000000002,1.0000000000000002,2.988923385314291,-0.061906497280785976,1.8723444886559655,0.04335868053481309,-0.030657753412766484,14.005237194589059,4.0,4.0,-4.0,1.0,1.0,1.0,7.8,1.0,12.912985801696777,-30.456851959228516,0.019999999552965164
13.940065383911133,1.8865293820523965,0.7860666291368439,0.16751879124639693,0.5709414713577319,0.16751879124639693,-0.04322827961281403,-0.6448227059475208,-0.760224092416005,-0.0662896903484619,1.0000000000000002,1.0000000000000002,1.0000000000000002,2.984376024211311,-0.019765122625358927,1.7362523643433083,-0.009889368364763798,-0.019518801580474837,12.026544160757835,4.0,4.0,-4.0,1.0,1.0,1.0,7.8,1.0,12.990909576416016,-30.46592903137207,0.019999999552965164
13.960083484649658,2.181090804564782,0.7860666291368439,0.16751879124639693,0.5709414713577319,0.16751879124639693,0.026034416246446257,-0.7664067174624387,-0.6387090405177561,0.06319583973683747,1.0000000000000002,1.0000000000000002,1.0000000000000002,-3.020418117054827,0.06365357445067546,1.3933958105741735,0.086351991734654,-0.09706515105611063,11.199118425368276,4.0,4.0,-4.0,1.0,1.0,1.0,7.8,1.0,12.990909576416016,-30.46592903137207,0.019999999552965164
13.980089664459229,2.1801950548238618,0.7860666291368439,0.16751879124639693,0.5709414713577319,0.16751879124639693,0.054324298932295324,-0.7570488642703411,-0.6495954592749015,-0.0441772219806912,1.0000000000000002,1.0000000000000002,1.0000000000000002,-3.1164941173579668,-0.13790294030886982,1.4165792693214017,-0.09020793758379848,-0.08305689017808456,9.78758071718639,4.0,4.0,-4.0,1.0,1.0,1.0,7.8,1.0,13.079964637756348,-30.484085083007812,0.019999999552965164
14.000080347061157,2.1801950548238618,0.7860666291368439,0.16751879124639693,0.5709414713577319,0.16751879124639693,0.054324298932295324,-0.7570488642703411,-0.6495954592749015,-0.0441772219806912,1.0000000000000002,1.0000000000000002,1.0000000000000002,-3.1164941173579668,-0.13790294030886982,1.4165792693214017,-0.09020793758379848,-0.08305689017808456,9.78758071718639,4.0,4.0,-4.0,1.0,1.0,1.0,7.8,1.0,13.079964637756348,-30.484085083007812,0.019999999552965164
14.0200834274292,1.9932454099213428,0.7860666291368439,0.16751879124639693,0.5709414713577319,0.16751879124639693,-0.10632640006768748,-0.8083769290554927,-0.5779378144766198,0.034775275950666734,1.0000000000000002,1.0000000000000002,1.0000000000000002,3.0073166209693647,0.18009512028954164,1.2292178557405147,0.07652326375204069,0.05975671151767953,9.271114505882261,4.0,4.0,-4.0,1.0,1.0,1.0,7.8,1.0,13.180150985717773,-30.502241134643555,0.019999999552965164
14.040095329284668,2.2701712967738654,0.7860666291368439,0.16751879124639693,0.5709414713577319,0.16751879124639693,0.01745852944770613,-0.8498777400107832,-0.5252648704979332,0.038727801441298705,1.0000000000000002,1.0000000000000002,1.0000000000000002,-3.0710948687641624,0.04750495386249563,1.1088438756488164,0.039281270420148784,0.06062683639905653,7.307847609997026,4.0,4.0,-4.0,1.0,1.0,1.0,7.8,1.0,13.258074760437012,-30.520397186279297,0.019999999552965164
14.060088634490967,2.4764055023053837,0.7860666291368439,0.16751879124639693,0.5709414713577319,0.16751879124639693,0.0755397813754354,-0.903836588654557,-0.41996285463146593,0.031691689270765516,1.0000000000000002,1.0000000000000002,1.0000000000000002,-2.9776867494435733,-0.006159626761279358,0.8694250178750984,-0.07459266153890871,-0.010484382150436455,5.823757699369342,4.0,4.0,-4.0,1.0,1.0,1.0,7.8,1.0,13.258074760437012,-30.520397186279297,0.019999999552965164
14.080098628997803,2.305800308388489,0.7860666291368439,0.16751879124639693,0.5709414713577319,0.16751879124639693,0.02351309089847308,-0.8509318381787802,-0.5180500428718677,0.08358405595888896,1.0000000000000002,1.0000000000000002,1.0000000000000002,-3.0137379813190983,0.11816152612355017,1.1013074841764208,-0.08246858362468548,-0.07168295601151689,3.6520081820279455,4.0,4.0,-4.0,1.0,1.0,1.0,7.8,1.0,13.347129821777344,-30.547632217407227,0.019999999552965164
14.100081205368042,2.4506026738861553,0.7860666291368439,0.16751879124639693,0.5709414713577319,0.16751879124639693,0.08457919440509588,-0.8976340448840957,-0.42811754285817466,-0.06176447875503517,1.0000000000000002,1.0000000000000002,1.0000000000000002,-3.040758858654085,-0.18434581449062454,0.8807315617659999,-0.08275538712919002,-0.03292772343044313,2.906716026766021,4.0,4.0,-4.0,1.0,1.0,1.0,7.8,1.0,13.44731616973877,-30.56578826904297,0.019999999552965164
14.12010383605957,2.513211128832088,0.7860666291368439,0.16751879124639693,0.5709414713577319,0.16751879124639693,0.05569385446745831,-0.9228207628159316,-0.37183086826058065,0.08391567016334017,1.0000000000000002,1.0000000000000002,1.0000000000000002,-2.974547407844872,0.11370571530591811,0.7755862841261413,0.01704203133368687,0.07203942472563063,1.5620819061847895,4.0,4.0,-4.0,1.0,1.0,1.0,7.8,1.0,13.525239944458008,-30.59302520751953,0.019999999552965164
14.140091180801392,2.513211128832088,0.7860666291368439,0.16751879124639693,0.5709414713577319,0.16751879124639693,0.05569385446745831,-0.9228207628159316,-0.37183086826058065,0.08391567016334017,1.0000000000000002,1.0000000000000002,1.0000000000000002,-2.974547407844872,0.11370571530591811,0.7755862841261413,0.01704203133368687,0.07203942472563063,1.5620819061847895,4.0,4.0,-4.0,1.0,1.0,1.0,7.8,1.0,13.525239944458008,-30.59302520751953,0.019999999552965164
14.160086393356323,2.217538005701148,0.7860666291368439,0.16751879124639693,0.5709414713577319,0.16751879124639693,-0.045630350426470935,-0.8984576851041233,-0.4254847394812828,-0.09825678432475948,1.0000000000000002,1.0000000000000002,1.0000000000000002,2.973602801970811,-0.13816828740709985,0.8962169708439921,0.09076403083684492,0.0562857461647866,1.000255740334492,4.0,4.0,-4.0,1.0,1.0,1.0,7.8,1.0,13.60316276550293,-30.611181259155273,0.019999999552965164
14.180098295211792,2.158914053204015,0.7860666291368439,0.16751879124639693,0.5709414713577319,0.16751879124639693,-0.07841738019275621,-0.8924464569026248,-0.4411904465243191,-0.0523548081968424,1.0000000000000002,1.0000000000000002,1.0000000000000002,2.9542809599069177,-0.024256106667794694,0.9205304874123642,-0.06833122262181071,-0.05279067542336835,0.1965174835202729,4.0,4.0,-4.0,1.0,1.0,1.0,7.8,1.0,13.692217826843262,-30.63841438293457,0.019999999552965164
14.20009708404541,2.145694307155426,0.7860666291368439,0.16751879124639693,0.5709414713577319,0.16751879124639693,-0.08016874856386216,-0.8900321657113619,-0.44167023274470446,-0.07964371450457144,1.0000000000000002,1.0000000000000002,1.0000000000000002,2.926337801228286,-0.07101430859431689,0.9289473088222694,0.02853275437209926,-0.06642082336358504,1.0818754704958757,4.0,4.0,-4.0,1.0,1.0,1.0,7.8,1.0,13.781272888183594,-30.674726486206055,0.019999999552965164
14.220110177993774,2.5599465227161637,0.7860666291368439,0.16751879124639693,0.5709414713577319,0.16751879124639693,0.08757540147750804,-0.9281708787194727,-0.36018354085447296,0.03312379583787865,1.0000000000000002,1.0000000000000002,1.0000000000000002,-2.954064044174641,-0.0015973516923876454,0.7401873705870751,0.09492176606833133,-0.06922514354194508,0.7958163182219095,4.0,4.0,-4.0,1.0,1.0,1.0,7.8,1.0,13.859196662902832,-30.71103858947754,0.019999999552965164
14.240097522735596,2.335119283936407,0.7860666291368439,0.16751879124639693,0.5709414713577319,0.16751879124639693,-0.06859138046053416,-0.9320113735133818,-0.34500310722653965,0.08730909558717533,1.0000000000000002,1.0000000000000002,1.0000000000000002,3.0723821630152326,0.21165128120478913,0.7017051312365616,0.07649862545492017,-0.01978009630029612,0.28012792277590143,4.0,4.0,-4.0,1.0,1.0,1.0,7.8,1.0,13.859196662902832,-30.71103858947754,0.019999999552965164
14.260107517242432,2.407535668085511,0.7860666291368439,0.16751879124639693,0.5709414713577319,0.16751879124639693,0.004490450331782551,-0.9290311198736355,-0.36918703813146314,0.024123537010028357,1.0000000000000002,1.0000000000000002,1.0000000000000002,-3.1154113715569505,0.041519328945162415,0.7570511446885704,-0.07099270746106377,-0.0071708329417059236,0.05759860576765077,4.0,4.0,-4.0,1.0,1.0,1.0,7.8,1.0,13.937119483947754,-30.72919464111328,0.019999999552965164
14.280116319656372,2.407535668085511,0.7860666291368439,0.16751879124639693,0.5709414713577319,0.16751879124639693,0.004490450331782551,-0.9290311198736355,-0.36918703813146314,0.024123537010028357,1.0000000000000002,1.0000000000000002,1.0000000000000002,-3.1154113715569505,0.041519328945162415,0.7570511446885704,-0.07099270746106377,-0.0071708329417059236,0.05759860576765077,4.0,4.0,-4.0,1.0,1.0,1.0,7.8,1.0,13.937119483947754,-30.72919464111328,0.019999999552965164
14.300093412399292,2.426176826015944,0.7860666291368439,0.16751879124639693,0.5709414713577319,0.16751879124639693,0.024363929236174708,-0.9332330411066394,-0.34904044896099845,-0.08156748695486966,1.0000000000000002,1.0000000000000002,1.0000000000000002,3.1299582888285022,-0.1700695959960254,0.7168002974266154,0.014621084343672153,-0.047356243217239774,-0.4211212033909114,4.0,4.0,-4.0,1.0,1.0,1.0,7.8,1.0,14.015042304992676,-30.765506744384766,0.019999999552965164
14.320077896118164,2.419218683246736,0.7860666291368439,0.16751879124639693,0.5709414713577319,0.16751879124639693,-0.01273671533525561,-0.9500559463237782,-0.3075193745734136,-0.05160725917228521,1.0000000000000002,1.0000000000000002,1.0000000000000002,3.085392322599433,-0.09034886164674147,0.628626330758735,-0.04006503280878535,0.08437457367120946,-0.6079012454182547,4.0,4.0,-4.0,1.0,1.0,1.0,7.8,1.0,14.092966079711914,-30.80181884765625,0.019999999552965164
14.340102434158325,2.546196651589764,0.7860666291368439,0.16751879124639693,0.5709414713577319,0.16751879124639693,0.07908315092539502,-0.9383662559104349,-0.33284497225693976,-0.04928335876967412,1.0000000000000002,1.0000000000000002,1.0000000000000002,-3.024477401772546,-0.14565097236191393,0.6731699207070703,-0.032076951558578176,0.030143131215847635,-0.4227318090860526,4.0,4.0,-4.0,1.0,1.0,1.0,7.8,1.0,14.092966079711914,-30.80181884765625,0.019999999552965164
14.360094785690308,2.2271463998813745,0.7860666291368439,0.16751879124639693,0.5709414713577319,0.16751879124639693,-0.07871301976066414,-0.919392519916818,-0.3832800129253107,-0.04022544633853238,1.0000000000000002,1.0000000000000002,1.0000000000000002,2.9650897924313133,-0.013628116329735622,0.7911583950554074,0.021524130999888105,-0.02717437046082112,0.4529025028141861,4.0,4.0,-4.0,1.0,1.0,1.0,7.8,1.0,14.170888900756836,-30.82905387878418,0.019999999552965164
14.380099534988403,2.574646444544274,0.7860666291368439,0.16751879124639693,0.5709414713577319,0.16751879124639693,0.0748173737963439,-0.9435722854320462,-0.3219697207795655,0.02022873312622167,1.0000000000000002,1.0000000000000002,1.0000000000000002,-2.9867496365309187,-0.010003480846665407,0.6568948882115585,0.021482693397283675,-0.013359127656386624,0.8962584441880853,4.0,4.0,-4.0,1.0,1.0,1.0,7.8,1.0,14.259943962097168,-30.856287002563477,0.019999999552965164
14.400094509124756,2.3896917726759415,0.7860666291368439,0.16751879124639693,0.5709414713577319,0.16751879124639693,0.034335137749496404,-0.897880043167661,-0.43742949171444184,0.03588824564404504,1.0000000000000002,1.0000000000000002,1.0000000000000002,-3.048347632267304,0.03441506850343019,0.9082845854055217,-0.05592982296088907,-0.033326903247155704,1.3724070610553931,4.0,4.0,-4.0,1.0,1.0,1.0,7.8,1.0,14.337867736816406,-30.89259910583496,0.019999999552965164
14.420097351074219,2.3896917726759415,0.7860666291368439,0.16751879124639693,0.5709414713577319,0.16751879124639693,0.034335137749496404,-0.897880043167661,-0.43742949171444184,0.03588824564404504,1.0000000000000002,1.0000000000000002,1.0000000000000002,-3.048347632267304,0.03441506850343019,0.9082845854055217,-0.05592982296088907,-0.033326903247155704,1.3724070610553931,4.0,4.0,-4.0,1.0,1.0,1.0,7.8,1.0,14.337867736816406,-30.89259910583496,0.019999999552965164
14.440089464187622,2.3896917726759415,0.7860666291368439,0.16751879124639693,0.5709414713577319,0.16751879124639693,0.034335137749496404,-0.897880043167661,-0.43742949171444184,0.03588824564404504,1.0000000000000002,1.0000000000000002,1.0000000000000002,-3.048347632267304,0.03441506850343019,0.9082845854055217,-0.05592982296088907,-0.033326903247155704,1.3724070610553931,4.0,4.0,-4.0,1.0,1.0,1.0,7.8,1.0,14.337867736816406,-30.89259910583496,0.019999999552965164
14.46009087562561,2.2067827135623634,0.7860666291368439,0.16751879124639693,0.5709414713577319,0.16751879124639693,-0.09235897450239554,-0.8958825094826606,-0.4253298290418333,0.08921258632704997,1.0000000000000002,1.0000000000000002,1.0000000000000002,3.0492049075204073,0.2407324767739682,0.8753239604467591,0.08997207540253399,0.044889440375312034,1.6357590614159112,4.0,4.0,-4.0,1.0,1.0,1.0,7.8,1.0,14.404658317565918,-30.910755157470703,0.019999999552965164
14.4801025390625,2.481454243374491,0.7860666291368439,0.16751879124639693,0.5709414713577319,0.16751879124639693,0.01416017783008234,-0.9388626814870472,-0.334838671324875,0.07886329222245429,1.0000000000000002,1.0000000000000002,1.0000000000000002,-3.06133079227804,0.1390484925832813,0.6907530080166459,0.047491229605007124,0.05287849259713254,0.7638968278609317,4.0,4.0,-4.0,1.0,1.0,1.0,7.8,1.0,14.482582092285156,-30.937990188598633,0.019999999552965164
14.500088930130005,2.3167273780927067,0.7860666291368439,0.16751879124639693,0.5709414713577319,0.16751879124639693,-0.06646160285519778,-0.9321860956399203,-0.352106966498175,0.0513090887170336,1.0000000000000002,1.0000000000000002,1.0000000000000002,3.0527948861939094,0.1429487719684151,0.7159476992897151,-0.010566292801184513,-0.09600943671066908,0.3957181458118607,4.0,4.0,-4.0,1.0,1.0,1.0,7.8,1.0,14.560504913330078,-30.983381271362305,0.019999999552965164
14.520121574401855,2.4045967622428295,0.7860666291368439,0.16751879124639693,0.5709414713577319,0.16751879124639693,-0.02955477520996696,-0.9537297160867847,-0.293851142475969,-0.05637064822119174,1.0000000000000002,1.0000000000000002,1.0000000000000002,3.0516015707188306,-0.09027789471522696,0.6018236854081122,0.012919825006481228,0.040616064167702054,0.1698362041039559,4.0,4.0,-4.0,1.0,1.0,1.0,7.8,1.0,14.627296447753906,-31.01969337463379,0.019999999552965164
14.540107488632202,2.3600504425904574,0.7860666291368439,0.16751879124639693,0.5709414713577319,0.16751879124639693,-0.023962739737370165,-0.9364725752559898,-0.3476131311180445,-0.04012497940189988,1.0000000000000002,1.0000000000000002,1.0000000000000002,3.068626269433963,-0.058525764926946326,0.7129964779346469,0.03543641045853127,-0.06725246926829478,0.24904412758917924,4.0,4.0,-4.0,1.0,1.0,1.0,7.8,1.0,14.705219268798828,-31.03784942626953,0.019999999552965164
14.560101985931396,2.378940826637217,0.7860666291368439,0.16751879124639693,0.5709414713577319,0.16751879124639693,0.0173549238474632,-0.9051306500111986,-0.4226385838950039,0.042590379568389035,1.0000000000000002,1.0000000000000002,1.0000000000000002,-3.073991789464768,0.06247061982902772,0.875810539306092,-0.07010574655398381,0.01867319869569606,0.31887552108845874,4.0,4.0,-4.0,1.0,1.0,1.0,7.8,1.0,14.705219268798828,-31.03784942626953,0.019999999552965164
14.580094575881958,2.378940826637217,0.7860666291368439,0.16751879124639693,0.5709414713577319,0.16751879124639693,0.0173549238474632,-0.9051306500111986,-0.4226385838950039,0.042590379568389035,1.0000000000000002,1.0000000000000002,1.0000000000000002,-3.073991789464768,0.06247061982902772,0.875810539306092,-0.07010574655398381,0.01867319869569606,0.31887552108845874,4.0,4.0,-4.0,1.0,1.0,1.0,7.8,1.0,14.705219268798828,-31.03784942626953,0.019999999552965164
14.600091934204102,2.30675254683818,0.7860666291368439,0.16751879124639693,0.5709414713577319,0.16751879124639693,-0.08038834067502366,-0.9391111026792431,-0.33270807375453193,0.030222328941384147,1.0000000000000002,1.0000000000000002,1.0000000000000002,3.0095295490344522,0.11048056562100812,0.6736516486337839,-0.0759307499608434,-0.0921636000287516,0.4845578536724892,4.0,4.0,-4.0,1.0,1.0,1.0,7.8,1.0,14.772010803222656,-31.065082550048828,0.019999999552965164
14.620095491409302,2.372240806392485,0.7860666291368439,0.16751879124639693,0.5709414713577319,0.16751879124639693,-0.011962375037420167,-0.9304153533407196,-0.36627457907283106,-0.005206205561491159,1.0000000000000002,1.0000000000000002,1.0000000000000002,3.1155159309015845,-0.0009248395428738215,0.7500834710966992,0.07503344407806983,-0.07311465354178999,2.0349138568005287,4.0,4.0,-4.0,1.0,1.0,1.0,7.8,1.0,14.838802337646484,-31.1104736328125,0.019999999552965164
14.640131950378418,2.4654125260894135,0.7860666291368439,0.16751879124639693,0.5709414713577319,0.16751879124639693,0.013393239659635323,-0.9347255757779189,-0.34711917522666663,0.07494662973086981,1.0000000000000002,1.0000000000000002,1.0000000000000002,-3.0637773472372043,0.1311869270341887,0.7162643598017409,0.00227194982620256,0.09184232935444578,2.598014401274853,4.0,4.0,-4.0,1.0,1.0,1.0,7.8,1.0,14.905592918395996,-31.128631591796875,0.019999999552965164
14.660091161727905,2.6001055457081232,0.7860666291368439,0.16751879124639693,0.5709414713577319,0.16751879124639693,0.1011717264836946,-0.9386780400412835,-0.3294761660091823,-0.009657895032186007,1.0000000000000002,1.0000000000000002,1.0000000000000002,-2.9562993162019637,-0.08490061185339923,0.6672381079277854,0.021143563216103667,-0.009457874472384525,2.4736789143309785,4.0,4.0,-4.0,1.0,1.0,1.0,7.8,1.0,14.972384452819824,-31.155864715576172,0.019999999552965164
14.680117845535278,2.617705291294378,0.7860666291368439,0.16751879124639693,0.5709414713577319,0.16751879124639693,0.09208767445496072,-0.9530037162429361,-0.2752609545686578,-0.08680543721784881,1.0000000000000002,1.0000000000000002,1.0000000000000002,-3.010392473887351,-0.21786756526730916,0.5479958654682605,-0.01725480217305464,0.01399599373152019,2.4651107411291338,4.0,4.0,-4.0,1.0,1.0,1.0,7.8,1.0,15.039175987243652,-31.19217872619629,0.019999999552965164
14.70010495185852,2.5599592716303357,0.7860666291368439,0.16751879124639693,0.5709414713577319,0.16751879124639693,0.05210881121259894,-0.9580733978304261,-0.2753836811788077,-0.059530364555246684,1.0000000000000002,1.0000000000000002,1.0000000000000002,-3.0737858804255676,-0.14325826040318,0.5549121673720772,0.043880789957073146,-0.027519586320384565,2.3485173181778753,4.0,4.0,-4.0,1.0,1.0,1.0,7.8,1.0,15.039175987243652,-31.19217872619629,0.019999999552965164
14.72062349319458,2.5599592716303357,0.7860666291368439,0.16751879124639693,0.5709414713577319,0.16751879124639693,0.05210881121259894,-0.9580733978304261,-0.2753836811788077,-0.059530364555246684,1.0000000000000002,1.0000000000000002,1.0000000000000002,-3.0737858804255676,-0.14325826040318,0.5549121673720772,0.043880789957073146,-0.027519586320384565,2.3485173181778753,4.0,4.0,-4.0,1.0,1.0,1.0,7.8,1.0,15.039175987243652,-31.19217872619629,0.019999999552965164
14.74011754989624,2.430813669072533,0.7860666291368439,0.16751879124639693,0.5709414713577319,0.16751879124639693,-0.014138288764838488,-0.954241322536905,-0.29310322464541727,-0.057568279948932086,1.0000000000000002,1.0000000000000002,1.0000000000000002,3.0805093341614422,-0.10175561600393399,0.599133662499861,0.0020836783492576005,-0.04230460068024036,2.038577200005719,4.0,4.0,-4.0,1.0,1.0,1.0,7.8,1.0,15.09483528137207,-31.21033477783203,0.019999999552965164
14.760098457336426,2.6582565170880583,0.7860666291368439,0.16751879124639693,0.5709414713577319,0.16751879124639693,0.03754356328227489,-0.983251342086542,-0.17760608952662943,-0.016228250187336743,1.0000000000000002,1.0000000000000002,1.0000000000000002,-3.0734049923185602,-0.04526428355411035,0.3558648620181255,-0.0666620930603061,0.08408312771307688,0.962737996847933,4.0,4.0,-4.0,1.0,1.0,1.0,7.8,1.0,15.150494575500488,-31.237567901611328,0.019999999552965164
14.780094861984253,2.5768311584177868,0.7860666291368439,0.16751879124639693,0.5709414713577319,0.16751879124639693,0.01598213466576849,-0.975766083593928,-0.19499851945673383,-0.097983156149281,1.0000000000000002,1.0000000000000002,1.0000000000000002,3.1344280524599313,-0.1987562975583942,0.3952005881992852,0.063407094849497,0.06970219203689582,0.12527882167646737,4.0,4.0,-4.0,1.0,1.0,1.0,7.8,1.0,15.217286109924316,-31.264802932739258,0.019999999552965164
14.800100564956665,2.681317566747465,0.7860666291368439,0.16751879124639693,0.5709414713577319,0.16751879124639693,0.09909602640992606,-0.959505268660856,-0.26231603099808276,0.026831266150421508,1.0000000000000002,1.0000000000000002,1.0000000000000002,-2.9359024254008528,-0.0004994702194909283,0.5336799927647957,0.05716342239277236,0.028726095796925255,1.5998092503752195,4.0,4.0,-4.0,1.0,1.0,1.0,7.8,1.0,15.284077644348145,-31.292036056518555,0.019999999552965164
14.820104598999023,2.701778540243931,0.7860666291368439,0.16751879124639693,0.5709414713577319,0.16751879124639693,0.05386629944094867,-0.9746864285776977,-0.19696472378898727,0.09104770899763673,1.0000000000000002,1.0000000000000002,1.0000000000000002,-2.9984806194280167,0.15690948616117517,0.41005972672114477,-0.07735137607118243,0.08986025622441746,2.686097955353173,4.0,4.0,-4.0,1.0,1.0,1.0,7.8,1.0,15.284077644348145,-31.292036056518555,0.019999999552965164
14.840121269226074,2.4293355820364626,0.7860666291368439,0.16751879124639693,0.5709414713577319,0.16751879124639693,-0.06985228038565584,-0.9724953930172009,-0.2019560916458877,-0.09266664196117898,1.0000000000000002,1.0000000000000002,1.0000000000000002,2.965352671967426,-0.152613303034969,0.4230243594568724,-0.011948757962012085,0.004533478023576218,2.8038256095628826,4.0,4.0,-4.0,1.0,1.0,1.0,7.8,1.0,15.317473411560059,-31.32834815979004,0.019999999552965164
14.860072135925293,2.4293355820364626,0.7860666291368439,0.16751879124639693,0.5709414713577319,0.16751879124639693,-0.06985228038565584,-0.9724953930172009,-0.2019560916458877,-0.09266664196117898,1.0000000000000002,1.0000000000000002,1.0000000000000002,2.965352671967426,-0.152613303034969,0.4230243594568724,-0.011948757962012085,0.004533478023576218,2.8038256095628826,4.0,4.0,-4.0,1.0,1.0,1.0,7.8,1.0,15.317473411560059,-31.32834815979004,0.019999999552965164
14.88009238243103,2.42924505168443,0.7860666291368439,0.16751879124639693,0.5709414713577319,0.16751879124639693,-0.0637653018481857,-0.9712822901286935,-0.213394739456582,-0.08371012086258026,1.0000000000000002,1.0000000000000002,1.0000000000000002,2.9798096963787266,-0.13581510602074354,0.4435633247431174,0.007088458980939946,-0.03007338340842862,1.8865289024395429,4.0,4.0,-4.0,1.0,1.0,1.0,7.8,1.0,15.373132705688477,-31.34650421142578,0.019999999552965164
14.900123834609985,2.7417382384326627,0.7860666291368439,0.16751879124639693,0.5709414713577319,0.16751879124639693,0.0341681216586418,-0.9908286743434308,-0.11963461935064244,0.052712763293028125,1.0000000000000002,1.0000000000000002,1.0000000000000002,-3.0608078405110652,0.09643264343389694,0.2442209087069307,-0.06008063563181561,-0.09658979920087292,0.928946499124259,4.0,4.0,-4.0,1.0,1.0,1.0,7.8,1.0,15.417659759521484,-31.37373924255371,0.019999999552965164
14.920104742050171,2.8499467782606125,0.7860666291368439,0.16751879124639693,0.5709414713577319,0.16751879124639693,0.08609600395983376,-0.9883713972921573,-0.10369917264176133,0.07039844252759293,1.0000000000000002,1.0000000000000002,1.0000000000000002,-2.9543352812282295,0.12160291962216475,0.22050642479751154,-0.005323138063695859,-0.09810234869291748,-0.1615813944707866,4.0,4.0,-4.0,1.0,1.0,1.0,7.8,1.0,15.451055526733398,-31.391895294189453,0.019999999552965164
14.940077066421509,2.7700942746176707,0.7860666291368439,0.16751879124639693,0.5709414713577319,0.16751879124639693,0.051984970681656285,-0.9901391678402713,-0.11956474331803035,0.05124708076657634,1.0000000000000002,1.0000000000000002,1.0000000000000002,-3.0256743093037075,0.08917046875354095,0.245524716319309,-0.007496667695249343,0.006049660082920877,-2.3410375529052048,4.0,4.0,-2.1729964411599507,1.0,1.0,0.0,7.8,1.0,15.495583534240723,-31.41912841796875,0.019999999552965164
14.960088014602661,2.789863195924769,0.7860666291368439,0.16751879124639693,0.5709414713577319,0.16751879124639693,0.09326534594380323,-0.9750071812267974,-0.17707716787918218,0.0964688987085769,1.0000000000000002,1.0000000000000002,1.0000000000000002,-2.921131712650291,0.15571391016995492,0.37658484109628876,-0.037588794960473584,0.008138898568494854,-2.854333208373207,4.0,4.0,-0.32697847691193616,1.0,1.0,0.0,7.8,1.0,15.54011058807373,-31.455440521240234,0.019999999552965164
14.980123519897461,2.715683718347972,0.7860666291368439,0.16751879124639693,0.5709414713577319,0.16751879124639693,0.08750020013863108,-0.9761570099356316,-0.19719506829103572,-0.023985661777834903,1.0000000000000002,1.0000000000000002,1.0000000000000002,-2.9789722391131757,-0.08142671053427573,0.3920190407549182,0.08159892710860117,0.051580961065770176,-2.354759456707513,4.0,4.0,-0.3966098529017117,1.0,1.0,0.0,7.8,1.0,15.573506355285645,-31.482675552368164,0.019999999552965164
