# simulator=gazebo,# scenario=step
t,alpha_err,q_ref0,q_ref1,q_ref2,q_ref3,q_m0,q_m1,q_m2,q_m3,phi_ref,theta_ref,psi_ref,phi,theta,psi,p,q,r,tau_x,tau_y,tau_z,sat_x,sat_y,sat_z,thrust,desat,x,y,z
4.76837158203125e-07,0.17031644551813527,1.0,0.0,0.0,0.0,0.9963762292847056,-0.026768243364175746,0.07972637495192944,-0.012711254879530213,0.0,0.0,0.0,-0.05610485944497079,0.15886177185104494,-0.029980605203166203,-0.02576014243598579,-0.007590764630698257,-0.06575068364569034,-0.4323242975395718,1.624890557561382,0.008777636992157112,0.0,0.0,0.0,1.7547856643549464,1.0,0.0,-0.009078041650354862,2.190000057220459
0.05551028251647949,0.17031644551813527,1.0,0.0,0.0,0.0,0.9963762292847056,-0.026768243364175746,0.07972637495192944,-0.012711254879530213,0.0,0.0,0.0,-0.05610485944497079,0.15886177185104494,-0.029980605203166203,-0.02576014243598579,-0.007590764630698257,-0.06575068364569034,-0.4323242975395718,1.624890557561382,0.008777636992157112,0.0,0.0,0.0,1.7536293065588078,1.0,0.0,-0.009078041650354862,2.190000057220459
0.05591773986816406,0.17031644551813527,1.0,0.0,0.0,0.0,0.9963762292847056,-0.026768243364175746,0.07972637495192944,-0.012711254879530213,0.0,0.0,0.0,-0.05610485944497079,0.15886177185104494,-0.029980605203166203,-0.02576014243598579,-0.007590764630698257,-0.06575068364569034,-0.4323242975395718,1.624890557561382,0.008777636992157112,0.0,0.0,0.0,1.752472948762669,1.0,0.0,-0.009078041650354862,2.190000057220459
0.060105085372924805,0.17031644551813527,1.0,0.0,0.0,0.0,0.9963762292847056,-0.026768243364175746,0.07972637495192944,-0.012711254879530213,0.0,0.0,0.0,-0.05610485944497079,0.15886177185104494,-0.029980605203166203,-0.02576014243598579,-0.007590764630698257,-0.06575068364569034,-0.4323242975395718,1.624890557561382,0.008777636992157112,0.0,0.0,0.0,1.7513165909665303,1.0,0.0,-0.009078041650354862,2.190000057220459
0.0801239013671875,0.34191162386393614,1.0,0.0,0.0,0.0,0.9854226102227843,0.09526599805261197,0.0975491442248498,-0.10173904529605957,0.0,0.0,0.0,0.1726534771752622,0.213251447018495,-0.18723423177818543,-0.05350658408632761,0.016546621159966524,0.02910630140778825,2.11934629739755,1.8847963998571298,-2.1512061115523444,0.0,0.0,0.0,1.7923026929191654,1.0,0.0,-0.009078041650354862,2.190000057220459
0.10009622573852539,0.1077807886953157,1.0,0.0,0.0,0.0,0.9985482640907638,0.00820135274347055,-0.02165349085327003,-0.04863361418161939,0.0,0.0,0.0,0.018502798633093665,-0.042459144814951666,-0.09772460478792769,-0.09933924995720483,-0.025458271927550152,0.013848054579496519,0.5613840546982303,-0.3312367293552,-1.0280645019503738,0.0,0.0,0.0,1.7267228747752172,1.0,0.0,-0.009078041650354862,2.190000057220459
0.12010550498962402,0.2319299564812438,1.0,0.0,0.0,0.0,0.993283593757783,-0.024641664228936214,-0.07052969583409573,0.08835186903060901,0.0,0.0,0.0,-0.06202884226279663,-0.1361782081137274,0.1816629932969218,0.045804280498377814,-0.060142906732926306,-0.011720330209154042,-0.6760504065722355,-1.1700222897502093,1.8139187014487963,0.0,0.0,0.0,1.7441007698777549,1.0,0.0,-0.009078041650354862,2.190000057220459
0.1400895118713379,0.21958279890887691,1.0,0.0,0.0,0.0,0.9939789761443802,-0.09089851282882651,0.045166235192489426,-0.04127064994659184,0.0,0.0,0.0,-0.1861309561606929,0.08237883762047568,-0.09068677283076565,-0.0467028023776275,-0.0854708625637482,0.09320311772964401,-1.6311590470660202,1.2452081541047813,-1.198225469850413,0.0,0.0,0.0,1.7617032814267763,1.0,0.0,-0.009078041650354862,2.190000057220459
0.16010332107543945,0.15884460910091114,1.0,0.0,0.0,0.0,0.9968477063227842,0.07663190935538222,0.015065848141644316,-0.013972153997345834,0.0,0.0,0.0,0.1530352651034909,0.03218369364253264,-0.025563190444088398,0.05043951134633168,0.07406529767893053,0.1020513672568305,1.3308801417223177,0.005055772117164237,-0.6876485489742388,0.0,0.0,0.0,1.748525768739652,1.0,0.0,-0.009078041650354862,2.190000057220459
0.18011856079101562,0.103149368971425,1.0,0.0,0.0,0.0,0.9986703207391198,0.03986569193687845,-0.03234256835037357,0.004719677289699255,0.0,0.0,0.0,0.07957198721495973,-0.06502123864845329,0.006862640980146859,0.07632575481345494,0.02240471377770492,-0.010211925602384125,0.49201081948374925,-0.7364702221182912,0.13524124820352162,0.0,0.0,0.0,1.7395661984669868,1.0,0.0,-0.009078041650354862,2.190000057220459
0.20009422302246094,0.24994364322125398,1.0,0.0,0.0,0.0,0.9922011799685977,0.07539061992106827,-0.09638144338230453,0.023742162251636036,0.0,0.0,0.0,0.1484066432572383,-0.1960937465602411,0.03322422139263907,-0.04707992604750708,-0.008667809360610373,-0.10710560862401022,1.6961321026113938,-1.8929576302036493,0.9032656795287616,0.0,0.0,0.0,1.7884357624914622,1.0,0.0,-0.009078041650354862,2.190000057220459
0.22011518478393555,0.13159409064243832,1.0,0.0,0.0,0.0,0.9978361552348004,-0.03819635972896611,-0.02250104471076267,-0.04855665141472332,0.0,0.0,0.0,-0.07419797733228922,-0.04863325544509523,-0.0954417569098262,-0.07528472120593176,0.012559324016697751,-0.019770227499712606,-0.4627883097555952,-0.5002581902820444,-0.8920521182956159,0.0,0.0,0.0,1.7475245869011105,1.0,0.0,-0.009078041650354862,2.190000057220459
0.24010229110717773,0.1960859893575095,1.0,0.0,0.0,0.0,0.9951976343133246,0.04055830835825763,-0.07264145538581004,0.05157432733163012,0.0,0.0,0.0,0.07412618130634811,-0.14932304428235837,0.09800655999539064,0.08517263503351649,-0.0028024048652130346,-0.09360180319494256,0.4704756270310867,-1.4416194882553486,1.4058937594123726,0.0,0.0,0.0,1.7845251582986457,1.0,0.0,-0.009078041650354862,2.180000066757202
0.2601194381713867,0.3166692740884411,1.0,0.0,0.0,0.0,0.9874912368880321,0.09087598367410664,0.08643112488226407,-0.09556292854551182,0.0,0.0,0.0,0.16669081731334376,0.18919539366453977,-0.17709390260990768,-0.036843319766865376,0.10192086558888269,-0.0032032395204723285,1.9648929525495944,1.3209390352897505,-1.8984456128283473,0.0,0.0,0.0,1.8158637127360986,1.0,0.0,-0.009078041650354862,2.180000066757202
0.2801342010498047,0.15422670361497764,1.0,0.0,0.0,0.0,0.9970282385484085,-0.03561743705464271,0.02365621629039629,-0.06408176921354716,0.0,0.0,0.0,-0.0741903964237659,0.04261987622272383,-0.12995093327614812,0.0498793068141285,0.039941910851149454,-0.04604170898022724,-0.9118659683493682,0.31335668240332804,-1.0974685483500342,0.0,0.0,0.0,1.7737074488033884,1.0,0.0,-0.009078041650354862,2.180000066757202
0.3000984191894531,0.1789834581718303,1.0,0.0,0.0,0.0,0.9959982870155106,0.07537401669033263,-0.03905039577913552,-0.027950607500139717,0.0,0.0,0.0,0.15334195751269078,-0.07364129740725597,-0.061770870672906486,-0.06434651053838747,0.038545904170102924,0.11219297230073652,1.7648663759602023,-0.9351915322631221,-1.0077840392057404,0.0,0.0,0.0,1.8030236251746554,1.0,0.0,-0.009078041650354862,2.180000066757202
0.3200991153717041,0.13357001879841088,1.0,0.0,0.0,0.0,0.9977707100414793,0.061534331644586784,-0.015706613155540047,0.020504597424926618,0.0,0.0,0.0,0.122526650034813,-0.033873147765150775,0.03901705637567623,-0.07425130838842192,-0.0862545152950732,0.06611401519940155,1.5276918664454233,0.030885798069491877,0.14563588770092617,0.0,0.0,0.0,1.8025692233477648,1.0,0.0,-0.009078041650354862,2.180000066757202
0.3401014804840088,0.2747361445801606,1.0,0.0,0.0,0.0,0.9905798335461395,-0.044172118365428774,-0.08164765268718852,0.10066815852833141,0.0,0.0,0.0,-0.10538182872959838,-0.1534652676237361,0.21066516645152028,-0.09556262548390376,0.09634318664053523,0.04275777850710891,-0.5011918653729605,-2.0183258003059112,1.8423320565381927,0.0,0.0,0.0,1.8315359656893175,1.0,0.0,-0.009078041650354862,2.180000066757202
0.36011219024658203,0.23559055717137636,1.0,0.0,0.0,0.0,0.9930701547876096,0.08249848260005141,-0.07708872420518731,0.032603629233858775,0.0,0.0,0.0,0.16156189335064297,-0.15915963827758758,0.052726515213481345,0.048451274304490616,0.06680934246864972,0.035983051374700925,1.456164554783066,-1.809011853978345,0.5081403791783718,0.0,0.0,0.0,1.8598187497891525,1.0,0.0,-0.009078041650354862,2.180000066757202
0.38010263442993164,0.2148296840562415,1.0,0.0,0.0,0.0,0.9942365705669488,-0.09041777102310908,0.05534635014119263,-0.015970283545818878,0.0,0.0,0.0,-0.1836432423936053,0.10737293307425846,-0.042019346675385046,0.02790708229163147,0.03618630508033113,0.0024666384789594487,-1.9199837496287075,0.962181782502528,-0.32927222483221535,0.0,0.0,0.0,1.867172044990842,1.0,0.0,-0.009078041650354862,2.180000066757202
0.40011072158813477,0.16754840560794554,1.0,0.0,0.0,0.0,0.9964929932408674,0.07343901539135436,-0.023001773038076566,-0.032853369344863596,0.0,0.0,0.0,0.14854452919736738,-0.04102828278782385,-0.06896741377650535,-0.0705628091831218,0.09462471627735822,-0.06124723034296184,1.7510315445595743,-0.8385343258709642,-0.4120784655254246,0.0,0.0,0.0,1.8725306891875142,1.0,0.0,-0.009078041650354862,2.1700000762939453
0.42012476921081543,0.20040666110570513,1.0,0.0,0.0,0.0,0.9949838455259811,0.059310692312850154,-0.03148737852668268,-0.07414805400830464,0.0,0.0,0.0,0.123185504993246,-0.053889400398994404,-0.15209294654403513,0.007892569146178419,0.06571232964830612,-0.16513981992316754,1.1546435696722894,-0.8925968891268781,-0.8224018004734227,0.0,0.0,0.0,1.880818363935265,1.0,0.0,-0.009078041650354862,2.1700000762939453
0.44012999534606934,0.2644882205209634,1.0,0.0,0.0,0.0,0.9912684838823002,0.032590295775272796,-0.1001106342620522,-0.07938845250170723,0.0,0.0,0.0,0.08214662316187553,-0.19452289175499488,-0.1678537899336832,0.0553047635423497,0.02945878438344822,-0.033396086787769425,0.43058686133605706,-2.1200478227748367,-1.454184702883067,0.0,0.0,0.0,1.9201995077169574,1.0,0.0,-0.009078041650354862,2.1700000762939453
0.4601173400878906,0.25473825576266707,1.0,0.0,0.0,0.0,0.9918995126328567,0.10400003840885316,0.04710995265818417,-0.05567765449623304,0.0,0.0,0.0,0.203591227033169,0.10523174488382299,-0.10138790909161587,-0.0404125965849431,-0.08564933517480632,-0.032842116247427985,2.241651154516836,1.2847963938629088,-0.9821846249349488,0.0,0.0,0.0,1.9547169127146036,1.0,0.0,0.0,2.1600000858306885
0.48012208938598633,0.208578396848026,1.0,0.0,0.0,0.0,0.9945668086148587,-0.028710971365675766,0.09997631607906456,-0.004156867589126738,0.0,0.0,0.0,-0.05915357172932997,0.1999573755614809,-0.014294697687786871,0.08259327357360535,-0.017949288726939266,0.12139953127345007,-0.9045925216079367,2.0713234764890482,-0.5687354768763351,0.0,0.0,0.0,1.9605219743703355,1.0,0.0,0.0,2.1600000858306885
0.500105619430542,0.3309472515019371,1.0,0.0,0.0,0.0,0.986340450578295,0.10505987943404697,0.07757341362080633,-0.10038576983579357,0.0,0.0,0.0,0.19589905215918504,0.17501268134744094,-0.18561243701492505,-0.043183795668908426,-0.08634842892947898,0.14205392283319956,2.273932771356573,1.8968619881340425,-2.5759310880486694,0.0,0.0,0.0,2.013372527916928,1.0,0.0,0.0,2.1500000953674316
0.5200986862182617,0.12077628436308345,1.0,0.0,0.0,0.0,0.9981771901838723,-0.029059260753128258,-0.0456304811120584,-0.026752860680561874,0.0,0.0,0.0,-0.055840161058489136,-0.09278251143609824,-0.050997573197164046,0.05940134857456411,-0.021121639588942684,0.08015323868318674,-0.8187906093608216,-0.8281230638853971,-0.8556701683439845,0.0,0.0,0.0,1.9711014181168915,1.0,0.0,0.0,2.1500000953674316
0.5401089191436768,0.054788794600325263,1.0,0.0,0.0,0.0,0.9996247969635147,-0.016186540903572043,0.009428935898186006,-0.019983902448140484,0.0,0.0,0.0,-0.03274906846786395,0.018204861306847807,-0.04027561238625546,0.0532116846553044,-0.04434152020571496,0.23415667586644148,-0.5365775566926585,0.36594479878657993,-1.3363047524285756,0.0,0.0,0.0,1.9881039412913974,1.0,0.0,0.0,2.140000104904175
0.5601143836975098,0.20712881755709636,1.0,0.0,0.0,0.0,0.9946419981626304,0.08956863635413612,0.04711343572666112,0.021096896613960418,0.0,0.0,0.0,0.18189999048042904,0.09006447511777606,0.05063426089349748,-0.0712339262499542,0.08200638973747343,0.0023789513789487446,2.076308432082539,0.6142431555833288,0.4124221267634134,0.0,0.0,0.0,2.043852114412155,1.0,0.0,0.0,2.140000104904175
0.5800991058349609,0.14390669618973487,1.0,0.0,0.0,0.0,0.9974124745009442,0.020713694652299858,0.05551528164467514,0.04071058913436542,0.0,0.0,0.0,0.046131729097381405,0.10927407606174712,0.08411057559068036,-0.04170785304662239,0.02247644218656475,-0.08781202580922182,0.5811053052324867,1.0203998641472438,1.1654598859241956,0.0,0.0,0.0,2.043782973668975,1.0,0.0,0.0,2.130000114440918
0.6001403331756592,0.19415764564775728,1.0,0.0,0.0,0.0,0.9952915506417777,0.021231209639439974,-0.07066696524265666,-0.06285017885197519,0.0,0.0,0.0,0.05166240004255636,-0.13844150203510583,-0.12971016602698382,-0.06095298675284271,0.07894758119634923,-0.033546894955767376,0.6684361398001704,-1.7291296296385301,-1.1228159972164344,0.0,0.0,0.0,2.0798693796855034,1.0,0.0,0.0,2.119999885559082
0.6201057434082031,0.16036888871242494,1.0,0.0,0.0,0.0,0.9967869495329642,-0.04686539420552458,-0.0634561490751307,0.013882694669386943,0.0,0.0,0.0,-0.09609432676224057,-0.1255327274627535,0.03389714552085909,0.047087561991519034,-0.08237269608200587,-0.1456281656677741,-1.1256581320765677,-0.9396321971745905,0.8601665560588352,0.0,0.0,0.0,2.0824193232148045,1.0,0.0,0.0,2.119999885559082
0.6401510238647461,0.19880240965825294,1.0,0.0,0.0,0.0,0.9950637666600527,-0.025600447238445654,-0.06622729861773267,-0.06933009663412837,0.0,0.0,0.0,-0.042165459319466414,-0.13576724296938805,-0.13625604350832185,0.044739538336946744,-0.007686269109884597,-0.15150639271581046,-0.6909670981167001,-1.293800895915115,-0.7805763618193255,0.0,0.0,0.0,2.0935079271061436,1.0,0.0,0.0,2.119999885559082
0.6601018905639648,0.19419741348425817,1.0,0.0,0.0,0.0,0.9952896231681835,-0.034610382229780065,0.07760025550033813,-0.04667855826743553,0.0,0.0,0.0,-0.07710160852552722,0.1518208955811491,-0.0995972389622518,0.0446203458616406,-0.0027045965968859054,-0.09538149296334608,-0.8706890280421637,1.562823496394306,-0.5520451934953262,0.0,0.0,0.0,2.131172557598981,1.0,0.0,0.0,2.109999895095825
0.6800942420959473,0.16490023411102783,1.0,0.0,0.0,0.0,0.99660291420834,0.044408780241195885,-0.03548320376461032,0.05959390807399986,0.0,0.0,0.0,0.08463226720307913,-0.0760917207108969,0.1162284655656897,0.026983815899773306,-0.05613033383390858,0.006258591143785158,0.7802403412248244,-0.485142739956572,1.1668437969048568,0.0,0.0,0.0,2.142428971619369,1.0,0.0,0.0,2.0999999046325684
0.7001218795776367,0.13588192381362968,1.0,0.0,0.0,0.0,0.9976929005117801,0.010263775474522601,0.06709777053892355,0.0011917928117257432,0.0,0.0,0.0,0.02082907825098697,0.13426450735225728,0.003789554131014294,0.06586056293960754,-0.023000495132885698,0.06976502619347566,-0.05816674226797813,1.4339573913100137,-0.2552242485393878,0.0,0.0,0.0,2.17691650022678,1.0,0.0,0.0,2.0899999141693115
0.7201004028320312,0.11037231074858611,1.0,0.0,0.0,0.0,0.9984776305525128,-0.026648360896487183,-0.00639421125611866,0.04786857225970273,0.0,0.0,0.0,-0.05385658978099666,-0.010217893629703202,0.09608497552865307,-0.025400556301894556,0.06123449016105448,0.05102420792333157,-0.43136499272216544,-0.3728221857665911,0.7532746135007283,0.0,0.0,0.0,2.1765743248080605,1.0,0.0,0.0,2.0899999141693115
0.7401013374328613,0.14846452205944477,1.0,0.0,0.0,0.0,0.9972460506798,-0.05178746628159162,0.04269804203262478,0.03154758225688703,0.0,0.0,0.0,-0.10116374772179139,0.0885440994090783,0.05876283877636925,0.09779015074434247,0.01792164602420128,0.036809902571395825,-1.4269099286092022,0.7822742565556906,0.4837120348521573,0.0,0.0,0.0,2.221315198130538,1.0,0.0,0.0,2.0799999237060547
0.7601070404052734,0.17678282568633757,1.0,0.0,0.0,0.0,0.996096021889774,0.02595224635664829,0.08204474854759457,0.019694042758474056,0.0,0.0,0.0,0.05570154347083707,0.16314950238622652,0.044092422502793424,0.03852378349398472,-0.08850728300301312,0.09585496128115398,0.3649497931570269,1.994924102963944,0.010461010044865215,0.0,0.0,0.0,2.2620983124535186,1.0,0.0,0.0,2.069999933242798
0.7801291942596436,0.12224337593243231,1.0,0.0,0.0,0.0,0.9981326510849794,0.047976398464349895,-0.03284774584224539,0.0187216885334613,0.0,0.0,0.0,0.0949013576805486,-0.06742027846155062,0.03430627770156508,-0.06910496801125038,-0.01685774185109483,-0.12178948058333355,1.2359478413319995,-0.5895239494405284,0.8615916930025602,0.0,0.0,0.0,2.2699932305247192,1.0,0.0,0.0,2.059999942779541
0.8001008033752441,0.26376008443644083,1.0,0.0,0.0,0.0,0.9913164238309488,-0.06573816446884802,0.08378175743268991,0.07714180900637024,0.0,0.0,0.0,-0.11956036035708091,0.17717630225588177,0.1446900767945825,0.014295860921741371,-0.04101199223830998,-0.15575804390760514,-1.371946733063926,1.839683117607038,2.1658683557578255,0.0,0.0,0.0,2.3325366427253607,1.0,0.0,0.0,2.049999952316284
0.8204128742218018,0.21269166541561213,1.0,0.0,0.0,0.0,0.994350609230269,0.08913746025429775,0.03785510738886669,0.043455378808428376,0.0,0.0,0.0,0.18197363490711582,0.06758693835931566,0.09351783491060743,0.019066745752479825,-0.022868049313252148,-0.19727957007374214,1.7064822220760356,0.8485743450303423,1.658225856463536,0.0,0.0,0.0,2.3474388229139085,1.0,0.0,0.0,2.0399999618530273
0.8401045799255371,0.15171788459649324,1.0,0.0,0.0,0.0,0.9971240899712559,-0.013958299208428695,0.06286913773490642,-0.03995230409716112,0.0,0.0,0.0,-0.03312257146082861,0.12458335771533727,-0.08215834911626115,0.07281909747448687,-0.02408635069520762,0.02516365282826863,-0.5704423740665214,1.353728157478959,-0.8997006932562969,0.0,0.0,0.0,2.3453918594858307,1.0,0.0,0.0,2.0299999713897705
0.860095739364624,0.1262567661976866,1.0,0.0,0.0,0.0,0.9980080652758169,-0.01734405260422296,0.05329998399282145,-0.028951635360506572,0.0,0.0,0.0,-0.03792547402003496,0.10557939018442897,-0.06000674909915506,-0.012532060858611277,-0.09800666611511427,-0.003411661134782265,-0.2967528086500141,1.4580263443168862,-0.5653860626710023,0.0,0.0,0.0,2.374091807106683,1.0,0.0,0.0,2.009999990463257
0.8800935745239258,0.17588720350490142,1.0,0.0,0.0,0.0,0.9961354531441468,-0.03465966504837438,-0.07994536433258739,0.011027480662853459,0.0,0.0,0.0,-0.07178299370303617,-0.15917977628207786,0.027867358692607522,0.046667882499311614,-0.043882846835221465,0.016138151802497516,-0.879864830964734,-1.4233758993108618,0.1559970060470791,0.0,0.0,0.0,2.415798704113852,1.0,0.0,0.0,2.0
0.9000966548919678,0.2521176572824854,1.0,0.0,0.0,0.0,0.9920651018901222,-0.07599963551896483,-0.09526087180898758,0.03092337812913448,0.0,0.0,0.0,-0.1600988807315125,-0.18536942486657076,0.07723419744842074,-0.05481544640328345,0.01695600389284621,0.1415834754504293,-1.3007309247661627,-1.9730414517511363,0.05213366078097237,0.0,0.0,0.0,2.4711145921814612,1.0,0.0,0.0,1.9900000095367432
0.920121431350708,0.17534997753719767,1.0,0.0,0.0,0.0,0.9961590095617813,-0.08469234601429354,-0.021257903679242462,-0.006521941938566883,0.0,0.0,0.0,-0.16942549210566862,-0.04347091169178493,-0.009402039578333708,-0.09315316606969529,0.06291761467925058,-0.02843901129661844,-1.3212342560070898,-0.6768285323018516,-0.01668279358486391,0.0,0.0,0.0,2.452334151648719,1.0,0.0,0.0,1.9800000190734863
0.9401078224182129,0.21261119089487548,1.0,0.0,0.0,0.0,0.9943548794292066,-0.025814869746668464,-0.036997647070887214,0.09603718220829174,0.0,0.0,0.0,-0.058616227160799304,-0.06867317152336053,0.1945815668190539,0.05796276746881274,-0.03187802572426804,0.051821973131800564,-0.7481484648086202,-0.6124408385206721,1.7134557516386324,0.0,0.0,0.0,2.424928156140492,1.0,0.0,0.0,1.9800000190734863
0.9601142406463623,0.16835691676312353,1.0,0.0,0.0,0.0,0.996459085227239,0.05828546325530883,0.0605968804170316,-0.00033811970004925186,0.0,0.0,0.0,0.11724226609553025,0.12109981347437722,0.006437177206856774,-0.02877515169465037,-0.043522995059326997,0.06422395970768513,1.2808098718847782,1.3860295885779401,-0.26365823283172557,0.0,0.0,0.0,2.4656802505539943,1.0,0.0,0.0,1.9700000286102295
0.9801075458526611,0.19399945597278156,1.0,0.0,0.0,0.0,0.9952992139072566,-0.05338461817594679,-0.05925697910579497,-0.05493785366267206,0.0,0.0,0.0,-0.10070018162993942,-0.12414113345811252,-0.10401890807917968,-0.08387195985318496,0.023765317622677973,-0.05482646708789496,-0.7322045241061959,-1.2802008526066113,-0.8794512049018612,0.0,0.0,0.0,2.4771432123261183,1.0,0.0,0.0,1.9600000381469727
1.0000953674316406,1.1933479412754924,0.8775825618903728,0.479425538604203,0.0,0.0,0.9907994061241062,-0.0882289614729251,-0.05589670226406669,-0.0860682627774597,1.0,0.0,0.0,-0.16731840595801042,-0.12628768295841375,-0.16269611780010843,-0.015052162940291818,-0.0664281167437651,-0.044566578432416515,-4.0,0.10989950826883346,-1.8683399489672508,1.0,0.0,0.0,2.527260800869226,1.0,0.0,0.0,1.940000057220459
1.020111322402954,1.1491370014752786,0.8775825618903728,0.479425538604203,0.0,0.0,0.9931702535796043,-0.06708446743204714,0.03815172640082953,0.0875040993703684,1.0,0.0,0.0,-0.12740774827441087,0.08763477870274343,0.17016403101077923,-0.0197005220916929,-0.05855161996861741,0.011155847577386052,-4.0,0.06479827636778918,1.8570362832855665,1.0,0.0,0.0,2.5163759002045203,1.0,0.0,0.0,1.9299999475479126
1.0400969982147217,1.146280037027781,0.8775825618903728,0.479425538604203,0.0,0.0,0.9972959175851469,-0.07301891664977905,0.007709723362623689,-0.0031065648173061017,1.0,0.0,0.0,-0.14622762619936822,0.01492462933275026,-0.007323121139521895,0.10933351918712392,0.07900405421876239,0.08829355573721259,-4.0,-0.15091051105938552,-0.3337747996575447,1.0,0.0,0.0,2.527357296235451,1.0,0.0,0.0,1.9199999570846558
1.0601201057434082,0.9614477806553933,0.8775825618903728,0.479425538604203,0.0,0.0,0.9980862260020394,0.02243799059690776,-0.01888093769209889,0.05444200799792372,1.0,0.0,0.0,0.042781771959157604,-0.04014352724828131,0.10812584083508503,-0.004868982842332142,-0.06986903415636128,0.12402682659095832,-4.0,-0.573933276931026,0.2783997562539098,1.0,0.0,0.0,2.5176678029414536,1.0,0.0,0.0,1.909999966621399
1.0801160335540771,1.180769199088232,0.8775825618903728,0.479425538604203,0.0,0.0,0.9951168594723913,-0.0887949390126498,0.03998425941707955,-0.016098254514470563,1.0,0.0,0.0,-0.17949857510539927,0.07679459353792946,-0.03926587485238467,-0.11004985069531181,0.09747124089556489,0.08761530733457386,-4.0,0.466263099532091,-0.2496226759792713,1.0,0.0,0.0,2.574805210759559,1.0,0.0,0.0,1.899999976158142
1.1001241207122803,1.1220535745277984,0.8775825618903728,0.479425538604203,0.0,0.0,0.9962530504099121,-0.0575377254428503,0.03206985182485902,-0.05604278993536961,1.0,0.0,0.0,-0.11871308338274296,0.05748187580718607,-0.11580556386510739,-0.3207882961000216,-0.09155136428685794,-0.04519860533103459,-4.0,1.4664512066184558,-0.4953469623333744,1.0,0.0,0.0,2.572720718492202,1.0,0.0,0.0,1.8799999952316284
1.1201059818267822,0.9285607088208023,0.8775825618903728,0.479425538604203,0.0,0.0,0.9954069532142987,0.0429519369250648,0.013965457013971297,-0.0844102755439338,1.0,0.0,0.0,0.08329908973970891,0.035060978501304976,-0.16773347644925346,-0.5650989296281199,-0.03442429652788013,0.03014982348682202,-4.0,1.1921828533249297,-1.4682310761661013,1.0,0.0,0.0,2.573380688498953,1.0,0.0,0.0,1.8700000047683716
1.1401727199554443,1.0577374286160772,0.8775825618903728,0.479425538604203,0.0,0.0,0.9962926823649545,-0.022841218887095498,-0.07358660018319632,-0.03826463196313264,1.0,0.0,0.0,-0.04033887602631561,-0.14892549226031881,-0.07376658860977796,-0.8447176164972567,0.09147764537193898,-0.11915692865203073,-4.0,-1.2905760879108665,-0.9005656688894618,1.0,0.0,0.0,2.6060891268410007,1.0,0.0,0.0,1.8600000143051147
1.1601078510284424,0.9120697240905625,0.8775825618903728,0.479425538604203,0.0,0.0,0.9943718802959401,0.052484359282781015,0.01629593193290773,0.09057813372901062,1.0,0.0,0.0,0.10756551548794746,0.022902564445149157,0.18291322097879723,-1.3670107045131266,-0.01155511432804715,0.024299548929523462,-3.145315498051442,-0.5362684397822542,1.6488513361448192,0.0,0.0,0.0,2.60315480726248,1.0,0.0,0.0,1.850000023841858
1.1807126998901367,0.7623361476719356,0.8775825618903728,0.479425538604203,0.0,0.0,0.9811516267243157,0.1401451863790139,-0.09658645153949641,0.09149792068691655,1.0,0.0,0.0,0.2666539016729723,-0.21687398773650124,0.15677322604317026,-1.7011322796478572,0.021857216710512176,0.11370395496384844,-0.14347438932049528,-2.660009376690473,0.22500354200209716,0.0,0.0,0.0,2.7595106114693486,1.0,0.0,-0.009078041650354862,1.840000033378601
1.2001111507415771,0.7966249708758844,0.8775825618903728,0.479425538604203,0.0,0.0,0.9926319483416325,0.1055436956215011,0.03894570135135725,0.04500639723752134,1.0,0.0,0.0,0.21518615633716423,0.06786930358656214,0.09795223182732951,-2.018096980373482,0.06797602580080195,0.17075969825823017,0.40699192800328987,-0.01988706059704648,0.4803290716841324,0.0,0.0,0.0,2.680254952131774,1.0,0.0,-0.009078041650354862,1.8300000429153442
1.2201082706451416,0.6539206047757555,0.8775825618903728,0.479425538604203,0.0,0.0,0.9823971807786732,0.1770625940729181,-0.027641112061193622,-0.05273126114843215,1.0,0.0,0.0,0.35867049699448794,-0.03564317993505971,-0.11371146242467203,-2.410979404997681,-0.03531731421825082,0.004433203968706431,3.331932568058736,0.16173636369709904,-1.208290621632991,0.0,0.0,0.0,2.818237518920421,1.0,0.0,-0.009078041650354862,1.809999942779541
1.2401232719421387,0.57692031389531,0.8775825618903728,0.479425538604203,0.0,0.0,0.9763959266196982,0.21236879125428973,-0.0378083144085892,-0.0110010155546777,1.0,0.0,0.0,0.42963748047295947,-0.06921447401807618,-0.037640296412535586,-2.6974934897128517,-0.07763395042071233,-0.005464392989411371,4.0,-0.24757919055618738,-0.533753846300851,1.0,0.0,0.0,2.922025906325188,1.0,0.0,-0.009078041650354862,1.7999999523162842
1.2601139545440674,0.9138696040905426,0.8775825618903728,0.479425538604203,0.0,0.0,0.9966604575696486,0.04746771980861711,0.04981678908712969,-0.04396629866474657,1.0,0.0,0.0,0.09084980617198465,0.10366035430868896,-0.08345385412682442,-2.9830373767573852,0.07882615100575249,-0.14079663103201123,3.208796836647549,0.9806336321772903,0.26917420253971625,0.0,0.0,0.0,2.6766496589386217,1.0,0.0,-0.009078041650354862,1.7999999523162842
1.2801079750061035,0.8337323659234019,0.8775825618903728,0.479425538604203,0.0,0.0,0.9894454070559509,0.09603632339407059,0.09902788144420775,0.044365411544413216,1.0,0.0,0.0,0.20382850931175078,0.1885593579721599,0.10895773682559387,-3.221553045339186,-0.08549849862638621,-0.07997224653607507,4.0,1.654698605931675,2.048105124558087,1.0,0.0,0.0,2.769642282732881,1.0,0.0,-0.009078041650354862,1.7899999618530273
1.3000926971435547,0.6930107860952164,0.8775825618903728,0.479425538604203,0.0,0.0,0.9869453075579303,0.15526764865351392,-0.042405371379728204,-0.005718535576408597,1.0,0.0,0.0,0.31309197627745733,-0.08201968739601335,-0.024541083813288185,-3.238789952241844,0.08266101673016879,-0.1228074617115706,4.0,-1.020096116012427,-0.0157442554505845,1.0,0.0,0.0,2.8228913120754893,1.0,0.0,-0.009078041650354862,1.7799999713897705
1.3200864791870117,0.5597545725620979,0.8775825618903728,0.479425538604203,0.0,0.0,0.969453990969718,0.23009501537003374,0.07404878378755572,0.041617555362294084,1.0,0.0,0.0,0.4733142270310246,0.12474507551455145,0.11592741641283656,-3.4105552649234,0.10011620713383479,0.064288668302947,4.0,0.5001632211884881,1.1833197048840427,1.0,0.0,0.0,3.0459352337811767,1.0,0.0,-0.018156083300709724,1.7699999809265137
1.3400993347167969,0.558289256792703,0.8775825618903728,0.479425538604203,0.0,0.0,0.9690393935155307,0.2312755391834726,0.04745610533988215,-0.07226476912311243,1.0,0.0,0.0,0.4610438255677738,0.12573082003485472,-0.1193266169150495,-3.3764236998562795,0.044687553123935936,0.08978330388152025,4.0,1.347094314713651,-1.1724658627030113,1.0,0.0,0.0,3.0554888996992013,1.0,0.0,-0.03631216660141945,1.75
1.3600938320159912,0.542347688347003,0.8775825618903728,0.479425538604203,0.0,0.0,0.9732924475598691,0.22800756926776997,-0.01632389390746501,-0.02116342049906091,1.0,0.0,0.0,0.46076769449610416,-0.02212681066692317,-0.04867146101315018,-3.4126857539993924,0.06703826574433733,0.13585592634427182,4.0,-0.35173867025475497,-1.071398513549755,1.0,0.0,0.0,3.047608961043997,1.0,0.0,-0.03631216660141945,1.7400000095367432
1.3800973892211914,0.25502292496871015,0.8775825618903728,0.479425538604203,0.0,0.0,0.9126118755955758,0.3983708404192938,-0.0215122062804224,-0.0893166446218133,1.0,0.0,0.0,0.8202712594834515,0.03190311532230275,-0.1812449361291702,-3.3272819028914746,0.018777189238012054,-0.08820963271235836,4.0,0.4037301101408673,-1.421086086934949,1.0,0.0,0.0,4.02432064214174,1.0,0.0,-0.054468248039484024,1.7300000190734863
1.4000921249389648,0.3974817275618924,0.8775825618903728,0.479425538604203,0.0,0.0,0.9418306712092498,0.3207625938236309,0.06060749929580445,0.0799567145534348,1.0,0.0,0.0,0.6625342417191531,0.06291124758401177,0.19102792153158332,-3.009053542712307,-0.10356062786957601,0.014469609883768636,4.0,0.711338382717865,1.926629588294635,1.0,0.0,0.0,3.5012374544828337,1.0,0.0,-0.08170237392187119,1.7200000286102295
1.4200935363769531,0.3733746844481043,0.8775825618903728,0.479425538604203,0.0,0.0,0.9372084863867863,0.3340386219553592,-0.053636004661970556,0.08474450478145915,1.0,0.0,0.0,0.6748759487156354,-0.15780626776582932,0.12488566696088836,-2.9515820625648073,0.06980741223284964,-0.03636033621759886,4.0,-2.0332036935196705,1.1185579286424172,1.0,0.0,0.0,3.590058928933093,1.0,0.0,-0.09078041464090347,1.7100000381469727
1.4401154518127441,0.2701706166875658,0.8775825618903728,0.479425538604203,0.0,0.0,0.9259588811238212,0.3718710507989668,0.054693400384781335,-0.03634149143807024,1.0,0.0,0.0,0.762051120307885,0.1286711352171356,-0.026848819430282136,-2.5067374204594546,-0.02686537986280567,0.020087251677703755,4.0,1.4158817901422058,-0.19377393114220737,1.0,0.0,0.0,3.890691197161702,1.0,0.0,-0.12709258496761322,1.690000057220459
1.4607079029083252,0.3840737612201069,0.8775825618903728,0.479425538604203,0.0,0.0,0.9374134379200777,0.33156312305564883,0.08891191064021643,0.05845180906312142,1.0,0.0,0.0,0.6909298579162673,0.12828508748296696,0.17077214340470587,-2.3009564064953345,-0.06919444270419524,0.07404341565932601,4.0,1.276862816411421,1.5822849171978066,1.0,0.0,0.0,3.669635820890989,1.0,0.0,-0.1452486664056778,1.6799999475479126
1.480090618133545,0.21371194556077774,0.8775825618903728,0.479425538604203,0.0,0.0,0.9047792197124576,0.4177455080487772,-0.044428683606259935,-0.06992385969467296,1.0,0.0,0.0,0.8669091952216499,-0.0219773119255694,-0.16443056809837212,-1.9938988488335343,0.02010587785467273,0.06149599388536389,4.0,-0.18975458912259285,-1.899268085451875,1.0,0.0,0.0,4.363989641110513,1.0,0.0,-0.17248278856277466,1.6699999570846558
1.5001170635223389,0.1432802519306967,0.8775825618903728,0.479425538604203,0.0,0.0,0.8952018392386661,0.44182339689492905,0.05362199695322527,0.023031161991607475,1.0,0.0,0.0,0.9203156446129858,0.07572596148657205,0.08899008685133786,-1.5935786932397082,0.009030898920544234,-0.056670970331008055,4.0,0.6841964486654657,1.1450738996088325,1.0,0.0,0.0,4.717984338225935,1.0,0.0,-0.2087949514389038,1.659999966621399
1.5201032161712646,0.195340134945148,0.8775825618903728,0.479425538604203,0.0,0.0,0.8505199935542948,0.5190223184668463,-0.021817046696021247,0.08219239606658112,1.0,0.0,0.0,1.0885521099736166,-0.12273898697119336,0.11832954476124041,-1.4785105538618804,0.08415359500304245,-0.015183750760028855,4.0,-1.5076422497275068,1.2941542859406239,1.0,0.0,0.0,6.258736725995734,1.0,0.0,-0.25418516993522644,1.649999976158142
1.5401248931884766,0.13761066034943095,0.8775825618903728,0.479425538604203,0.0,0.0,0.8478843698608723,0.5288523223464753,-0.037462272544501685,0.001973481738623819,1.0,0.0,0.0,1.1165678747381376,-0.0656618846816135,-0.03636381018632327,-1.2538435532857042,0.04101826650658341,-0.0372286731318106,4.0,-0.8405205592124225,-0.17565484811195378,1.0,0.0,0.0,6.694757673579275,1.0,0.0,-0.2995753586292267,1.6299999952316284
1.5605230331420898,0.22275454178149423,0.8775825618903728,0.479425538604203,0.0,0.0,0.9090761914525606,0.4088529542322083,-0.07854373065941274,-0.015831055675622634,1.0,0.0,0.0,0.8514145814571181,-0.1302271003192673,-0.09394134053361679,-0.8935822448130972,0.07535159631927507,0.06280508401679727,2.0336865850953343,-1.5281823048482273,-1.2821989115194778,0.0,0.0,0.0,4.554360466996239,1.0,0.0,-0.3540436029434204,1.6200000047683716
1.5800940990447998,0.16140915543435538,0.8775825618903728,0.479425538604203,0.0,0.0,0.8377472555734569,0.5455545208799829,-0.014934114906720147,0.018076856433196183,1.0,0.0,0.0,1.1541457829720183,-0.04476079414791042,0.014007413308727642,-0.8014250106863243,0.08692834329986074,-0.043422184330440414,4.0,-0.783161882222655,0.34777149525850987,1.0,0.0,0.0,7.483183203435257,1.0,0.0,-0.4085118770599365,1.6100000143051147
1.6000702381134033,0.15372162499750924,0.8775825618903728,0.479425538604203,0.0,0.0,0.8465567055213303,0.5300599128193654,0.026874317572121297,-0.040694031673338814,1.0,0.0,0.0,1.1170297192256717,0.08875831158264477,-0.04058044920252282,-0.7261695289489546,-0.07297483811382362,-0.05356174928439582,4.0,1.153783162794587,-0.24231577072045668,1.0,0.0,0.0,6.934383530629033,1.0,0.0,-0.4085118770599365,1.6100000143051147
1.6200990676879883,0.13786109302088995,0.8775825618903728,0.479425538604203,0.0,0.0,0.8553102822846059,0.5152413081226643,0.0476249661050221,-0.026506188442871344,1.0,0.0,0.0,1.084573737811304,0.10899811159697081,0.003756972854737516,-0.5328552733762124,0.1071021792815132,0.05423834491853066,2.973604981825341,0.6616429515730583,-0.2255282543488605,0.0,0.0,0.0,6.661668546933097,1.0,0.0,-0.47205814719200134,1.590000033378601
1.640113353729248,0.18691892331497467,0.8775825618903728,0.479425538604203,0.0,0.0,0.8795223925227817,0.46677181342048063,-0.08366553716817789,-0.03955392695445091,1.0,0.0,0.0,0.9840877779198804,-0.11047066642011642,-0.14914057708477174,-0.49136000257561824,-0.08336785320463375,0.10424452831515757,1.7247461521038445,-0.7557336615001613,-1.913442748640137,0.0,0.0,0.0,5.7528022650041155,1.0,0.0,-0.5356044173240662,1.5700000524520874
1.6601135730743408,0.3020749844547613,0.8775825618903728,0.479425538604203,0.0,0.0,0.8300082251635391,0.5427636605253984,-0.08245612713896473,0.09846289692663346,1.0,0.0,0.0,1.1488115048232053,-0.24624369538870713,0.07631553725360969,-0.4501339286448348,-0.08153397534795548,0.07979655400818442,3.3683913807778856,-2.065217832403225,0.6183687473914203,0.0,0.0,0.0,7.8,1.0,0.0,-0.6082288026809692,1.559999942779541
1.6801035404205322,0.13123405107129785,0.8775825618903728,0.479425538604203,0.0,0.0,0.8486294925569248,0.5279350195958195,0.03249325487371419,-0.00753577034215133,1.0,0.0,0.0,1.1137079356507806,0.06314822389217507,0.021563147414848785,-0.29369270220875565,0.0749071119690626,0.055516966118024896,2.303809118115587,0.34293864435003796,-0.04277115294907127,0.0,0.0,0.0,7.500391259663037,1.0,0.0,-0.6899311542510986,1.5399999618530273
1.7001399993896484,0.15672807455184717,0.8775825618903728,0.479425538604203,0.0,0.0,0.8459905450848505,0.530853155316474,0.02305803756209733,0.04430859985788477,1.0,0.0,0.0,1.1203798175187205,-0.008029042818738548,0.09961806526482732,-0.21825683284442993,-0.04258118479550597,0.1262016953329697,2.0785873173547493,0.15017788566692994,0.4939745517565688,0.0,0.0,0.0,7.774462984258276,1.0,0.0,-0.771633505821228,1.5199999809265137
1.7201032638549805,0.12157887434395453,0.8775825618903728,0.479425538604203,0.0,0.0,0.8676982990181821,0.4936658058901105,-0.04305373428569717,0.03924423447944874,1.0,0.0,0.0,1.0330654082737132,-0.11370724550332605,0.025765214523843016,-0.030219221064514412,-0.0845723040909904,-0.05071969724089438,0.4655924502175768,-0.7936686773522154,0.47885871066474794,0.0,0.0,0.0,6.8143627885712315,1.0,0.0,-0.8624139428138733,1.5
1.7401199340820312,0.13068192255994202,0.8775825618903728,0.479425538604203,0.0,0.0,0.8728397116236865,0.48365618822787054,-0.05388195623438459,0.03639044096905665,1.0,0.0,0.0,1.0112521068921183,-0.1296242420545711,0.0115021089013518,0.013462447505828451,-0.02172590645053045,0.07697095049703073,0.065881967553164,-1.2077438132672902,-0.18581919148357914,0.0,0.0,0.0,6.77322686190032,1.0,0.0,-0.9441162943840027,1.4700000286102295
1.7601664066314697,0.13503836064701968,0.8775825618903728,0.479425538604203,0.0,0.0,0.876997795717813,0.47574327036807107,-0.05995511691696165,-0.030799203903069807,1.0,0.0,0.0,0.9983283115452964,-0.07592891932694826,-0.11162073024828165,-0.06718956794543537,0.013861729722859192,0.11900190297590887,0.20973542068183681,-0.812439722543719,-1.5914647816122809,0.0,0.0,0.0,6.761661207831708,1.0,0.0,-1.034896731376648,1.4500000476837158
1.780121088027954,0.20219710229833537,0.8775825618903728,0.479425538604203,0.0,0.0,0.885877823157282,0.4535906949338959,-0.014435204583713519,-0.0962683165747024,1.0,0.0,0.0,0.940704552960588,0.06179649397148588,-0.18506509860242035,0.09982946679706547,0.05805584034740602,0.028679679836726632,-0.9323012350877807,0.43748475269756903,-1.9427987517650964,0.0,0.0,0.0,6.381716203810354,1.0,0.0,-1.1347551345825195,1.4199999570846558
1.8001277446746826,0.1448893995738093,0.8775825618903728,0.479425538604203,0.0,0.0,0.8780061606631037,0.4731790780922482,-0.06359671691556582,-0.03409104707936901,1.0,0.0,0.0,0.993407459608701,-0.07949798854279796,-0.12072294749047142,0.15672668218772337,0.08588066453330745,0.04801528975259135,-0.740604106522832,-1.1328676811526563,-1.4002131328932081,0.0,0.0,0.0,7.085213369460826,1.0,0.0,-1.2346136569976807,1.3899999856948853
1.82010817527771,0.19660568046759663,0.8775825618903728,0.479425538604203,0.0,0.0,0.846492351861697,0.5262657459623363,-0.08057784541952438,0.0015078772847364997,1.0,0.0,0.0,1.1182162926147745,-0.13844599694005788,-0.08314835943983835,0.0331639138662396,-0.041090083565868324,0.013171878016934785,0.9875761417578931,-1.2643722036216563,-0.7988433146530657,0.0,0.0,0.0,7.8,1.0,0.0,-1.3435500860214233,1.3600000143051147
1.8401148319244385,0.23966673605287733,0.8775825618903728,0.479425538604203,0.0,0.0,0.8551764650487137,0.5054812423877361,-0.10400047066085127,-0.04843376222490236,1.0,0.0,0.0,1.0800575545193252,-0.1292725464067985,-0.19071513453922678,0.2012797802715723,0.03646945349133074,0.0018008540716642762,-0.1329573945954906,-1.5068501527463771,-1.854505552226421,0.0,0.0,0.0,7.8,1.0,0.0,-1.4524866342544556,1.3300000429153442
1.8601202964782715,0.2597441555767582,0.8775825618903728,0.479425538604203,0.0,0.0,0.8180883977100708,0.5707629960002514,-0.021494361597324135,-0.067074349408024,1.0,0.0,0.0,1.2155371362687437,0.041410371767774824,-0.1348050006928921,0.04146853648018105,-0.0482440362370129,0.0030477980448141845,2.0077094853617767,0.4588577284418646,-1.3955556977067434,0.0,0.0,0.0,7.8,1.0,0.0,-1.5705012083053589,1.2999999523162842
1.8802027702331543,0.16161740389248788,0.8775825618903728,0.479425538604203,0.0,0.0,0.8404797767933897,0.5405351542319627,0.027536882440532408,0.025636145307324297,1.0,0.0,0.0,1.143734412586038,0.018574978234321787,0.07293985991577176,0.07770096293504791,-0.012713835724066008,-0.053294895173243984,1.1175312636114572,0.28836064423500174,0.9271739561195436,0.0,0.0,0.0,7.8,1.0,0.0,-1.6885156631469727,1.2699999809265137
1.9001045227050781,0.1915885366927886,0.8775825618903728,0.479425538604203,0.0,0.0,0.8414975245178262,0.5359157212717267,-0.012120722996823746,-0.06730040117420986,1.0,0.0,0.0,1.130878445948883,0.05175867609316052,-0.1267661647371532,0.24791928366212954,-0.026685055497546892,-0.07237076423102472,0.3458206194496122,0.5393121408243549,-1.0079697956706515,0.0,0.0,0.0,7.8,1.0,0.0,-1.815608263015747,1.2300000190734863
1.920161485671997,0.16769431711122393,0.8775825618903728,0.479425538604203,0.0,0.0,0.8817806827748425,0.4644131723950942,-0.008744788182441636,-0.08189481955961073,1.0,0.0,0.0,0.9648549287870872,0.060681328835454504,-0.15343150679635048,0.13745241738774738,-0.0826780413762504,-0.01977135034273088,-0.8535552128307615,0.9624760527034937,-1.4421534054094716,0.0,0.0,0.0,7.8,1.0,0.0,-1.9517788887023926,1.190000057220459
1.9401171207427979,0.2652140395648228,0.8775825618903728,0.479425538604203,0.0,0.0,0.8141438854733312,0.5772368526065916,0.05226237460970789,0.03515670546820264,1.0,0.0,0.0,1.2361257381631972,0.04452540399604768,0.1179708653493972,0.1103124705670172,0.06774682905361332,0.039084952125209044,1.8837826204050878,0.30920320670193546,0.9618367664672512,0.0,0.0,0.0,7.8,1.0,0.0,-1.9517788887023926,1.190000057220459
1.9600954055786133,0.1893694678951691,0.8775825618903728,0.479425538604203,0.0,0.0,0.8388733215925819,0.5409393721868264,0.024965080375662287,0.055252970057611886,1.0,0.0,0.0,1.1444039560114732,-0.017892888807482923,0.12001675346857414,0.2945342747915822,0.07540133895799894,-0.045850757812939555,0.2726962217509643,-0.3932206705415898,1.3925618336639625,0.0,0.0,0.0,7.8,1.0,0.0,-2.078871488571167,1.159999966621399
1.9801311492919922,0.09312089965134891,0.8775825618903728,0.479425538604203,0.0,0.0,0.8931562128643296,0.4486576606546477,-0.03100955539644492,-0.004085392497962941,1.0,0.0,0.0,0.931927574329303,-0.0517499639871216,-0.035177474636116444,0.17432736003691174,0.02495972162912055,0.07366587372029457,-1.38666462337013,-0.6049349578994444,-0.6637043351313283,0.0,0.0,0.0,7.8,1.0,0.0,-2.2059640884399414,1.1200000047683716
2.000117540359497,0.26538249825025345,0.8775825618903728,0.479425538604203,0.0,0.0,0.8559607335752223,0.5006683890108049,-0.10543644268730737,0.07446840522086397,1.0,0.0,0.0,1.0555762766747312,-0.2579168524216533,0.022657997369336044,0.29699264742847525,0.01816843997254032,0.09429920002648551,-0.607802354368336,-2.6372985353330294,-0.08113178991108794,0.0,0.0,0.0,7.8,1.0,0.0,-2.351212739944458,1.0700000524520874
2.020944595336914,0.21835211537543164,0.8775825618903728,0.479425538604203,0.0,0.0,0.8452608888584114,0.5261713757863634,0.09274583560104595,-0.008713383271581018,1.0,0.0,0.0,1.1206273703682057,0.16672972874339292,0.08413480986333324,0.2388550697667235,0.0751291540032065,0.008628176303332041,0.1749630620124567,1.4108743135766102,0.7018474742291025,0.0,0.0,0.0,7.8,1.0,0.0,-2.5055394172668457,1.0299999713897705
2.040092706680298,0.1980526426925681,0.8775825618903728,0.479425538604203,0.0,0.0,0.8530595747187718,0.5140958760004163,0.05124536920532071,-0.07327144324362227,1.0,0.0,0.0,1.078717359891102,0.16349521629760902,-0.07336299902584625,0.26159455976612334,-0.02082370161784068,-0.032397817906515664,-0.2027176421304695,1.6852996771434479,-0.6650767712321566,0.0,0.0,0.0,7.8,1.0,0.0,-2.641710042953491,0.9800000190734863
2.060133218765259,0.12509216349994395,0.8775825618903728,0.479425538604203,0.0,0.0,0.8706131865679556,0.488104328783127,0.011618311794646204,-0.06043060837196185,1.0,0.0,0.0,1.0182126568241672,0.0793060999012224,-0.09431725476641875,0.266600766604786,0.09295126903937917,0.06099487622927646,-0.8472500376788674,0.41155501977236764,-1.193234159353911,0.0,0.0,0.0,7.8,1.0,0.0,-2.786958694458008,0.9399999976158142
2.080094814300537,0.12726389753664621,0.8775825618903728,0.479425538604203,0.0,0.0,0.8937499169952958,0.4456100301626989,-0.04487327618556595,0.025083380427571113,1.0,0.0,0.0,0.9247790261777759,-0.10274646977423127,0.0048702783527959075,0.3563851589161844,0.08325404980223777,0.1142019093703644,-2.174079504838814,-1.3611285561458637,-0.446820784435486,0.0,0.0,0.0,7.8,1.0,0.0,-2.9503633975982666,0.8899999856948853
2.1001088619232178,0.19847204099086768,0.8775825618903728,0.479425538604203,0.0,0.0,0.8922817050698941,0.44225695930710585,0.031205344100463037,-0.08525471976123679,1.0,0.0,0.0,0.9120156144015874,0.1314753496918821,-0.12595788992240872,0.2058187836508259,0.07641121235309598,-0.04939329826327782,-1.6165879681479907,1.0595262657963427,-0.9995751365192485,0.0,0.0,0.0,7.8,1.0,0.0,-3.1137681007385254,0.8399999737739563
2.1201272010803223,0.1930694743012742,0.8775825618903728,0.479425538604203,0.0,0.0,0.8504075501106401,0.5194577323546854,0.06737274375358047,0.049311017134730725,1.0,0.0,0.0,1.1016134434269946,0.06340106859985006,0.15479066341500455,0.22015654855684005,0.08303748067613548,0.005810737952964898,0.08257280194692018,0.37753375961368607,1.4882511023445468,0.0,0.0,0.0,7.8,1.0,0.0,-3.268095016479492,0.7799999713897705
2.1419010162353516,0.2187707436113599,0.8775825618903728,0.479425538604203,0.0,0.0,0.8297037537860305,0.554600904168492,-0.029089403406531284,0.05624344102482962,1.0,0.0,0.0,1.1750349552745392,-0.11088358331656636,0.06148082759250895,0.25712854834658483,-0.07677841545930651,0.06752262978779139,0.7500240719357723,-0.7427442415957524,0.438150684213812,0.0,0.0,0.0,7.8,1.0,0.0,-3.431499719619751,0.7300000190734863
2.160095453262329,0.09882959738998255,0.8775825618903728,0.479425538604203,0.0,0.0,0.8544861185100124,0.5191572000835675,-0.017675363360949152,-0.004105655263430623,1.0,0.0,0.0,1.0922584772148891,-0.02594665552283069,-0.025380301886468684,0.24870025520454897,-0.0660342470200187,0.08809683648898664,-0.0759842592843476,-0.006727705412956753,-0.5939287872293102,0.0,0.0,0.0,7.8,1.0,0.0,-3.603982448577881,0.6700000166893005
2.1800923347473145,0.1191608223010375,0.8775825618903728,0.479425538604203,0.0,0.0,0.8850346222502535,0.462083563138659,-0.056228703526065946,-0.005552566542595427,1.0,0.0,0.0,0.9652932128114907,-0.09453795737905463,-0.06211024038689441,0.3493375644370785,0.05065500769980563,0.008193450724742687,-1.7731847239290939,-1.1362857805364166,-0.6693800437893282,0.0,0.0,0.0,7.8,1.0,0.0,-3.7764651775360107,0.6200000047683716
2.200124740600586,0.15947480262932887,0.8775825618903728,0.479425538604203,0.0,0.0,0.8613450971284505,0.5025206231585247,-0.07045196185847827,0.024375562012799577,1.0,0.0,0.0,1.0584051715815737,-0.14638762074706507,-0.0291312364397909,0.40693655609299656,0.08005643577482105,-0.018728241334548645,-1.066696249185831,-1.7904993455939398,-0.17278506668207355,0.0,0.0,0.0,7.8,1.0,0.0,-3.9489481449127197,0.5600000023841858
2.220094680786133,0.1342857789339061,0.8775825618903728,0.479425538604203,0.0,0.0,0.8898332952250991,0.45230085288682925,0.06014433154563973,-0.0018178475229222938,1.0,0.0,0.0,0.9433359905734916,0.10889638105575776,0.051499176470282695,0.25620975794394674,0.0744258847037996,0.03833124907683079,-1.618388343968221,0.7753592429604778,0.39146334887199424,0.0,0.0,0.0,7.8,1.0,0.0,-3.9489481449127197,0.5600000023841858
2.2400996685028076,0.18273667135920513,0.8775825618903728,0.479425538604203,0.0,0.0,0.8953246161956624,0.4382485481472059,0.042182070583129526,-0.0674738067866038,1.0,0.0,0.0,0.9046671838661795,0.13508434493284757,-0.08472166701717834,0.34301737019701056,0.002108145978255968,0.004777560012527757,-2.2649135351369516,1.378905730657512,-0.7989237262806388,0.0,0.0,0.0,7.8,1.0,0.0,-4.130508899688721,0.5
2.2601234912872314,0.16672895326450227,0.8775825618903728,0.479425538604203,0.0,0.0,0.8792396897148385,0.46914850465479946,-0.02092627558363117,0.0799958723967565,1.0,0.0,0.0,0.9734462622183361,-0.11209290233483236,0.12210361653159707,0.40955363096045727,-0.053157367938137724,0.07087912991893308,-1.834482827476477,-0.9217025031961507,0.9198913142430389,0.0,0.0,0.0,7.8,1.0,0.0,-4.312069892883301,0.4399999976158142
2.280120611190796,0.28980254347592677,0.8775825618903728,0.479425538604203,0.0,0.0,0.9254063303173723,0.37002557040106043,0.0018831668168870141,-0.08185752708605355,1.0,0.0,0.0,0.755906816634699,0.06410804859127943,-0.15099137278537078,0.43219312809670896,-0.056640229152121704,-0.039637477868846374,-4.0,1.044505384041887,-1.2601280898190512,1.0,0.0,0.0,7.8,1.0,0.0,-4.493630409240723,0.3700000047683716
2.3000998497009277,0.11113516449033196,0.8775825618903728,0.479425538604203,0.0,0.0,0.900534710827732,0.4341924736162274,0.02131350844966106,0.007737235100558096,1.0,0.0,0.0,0.8990454467443577,0.031673505444618805,0.03246561107579912,-0.8032499642049863,-0.1476898547975737,0.3901951748807237,2.1990079484055727,0.8906581240449598,-1.2206146421324973,0.0,0.0,0.0,7.8,1.0,0.0,-4.684269428253174,0.3100000023841858
2.3200957775115967,0.48962519361703477,0.8775825618903728,0.479425538604203,0.0,0.0,0.7411056878028014,0.6670511057123024,-0.006941572119286717,-0.07587487364631465,1.0,0.0,0.0,1.460123653386089,0.09106175844532859,-0.12253621638366868,-18.13435401904661,-5.226034193776231,8.091903747006715,4.0,4.0,-4.0,1.0,1.0,1.0,6.953795072237652,1.0,0.0,-4.865830421447754,0.28999999165534973
2.3400731086730957,0.9111056274841602,0.8775825618903728,0.479425538604203,0.0,0.0,0.6347070282809627,0.7112890381127284,0.024270244920589396,-0.3010412724576373,1.0,0.0,0.0,1.5854774393247655,0.47694100285293467,-0.4020284862595384,-15.398339207129588,-6.795080042023703,8.919785489603113,4.0,4.0,-4.0,1.0,1.0,1.0,7.297883673707646,1.0,-0.011131884530186653,-5.011078834533691,0.33000001311302185
2.3600964546203613,1.0318709106508386,0.8775825618903728,0.479425538604203,0.0,0.0,0.5788250118738388,0.7547884526102663,-0.00537840586963499,-0.3085888367808392,1.0,0.0,0.0,1.7284876548224186,0.4775585746022222,-0.4239704578725518,-14.60191196129153,-6.894149663398139,8.697067431885321,4.0,4.0,-4.0,1.0,1.0,1.0,7.5347871629397085,1.0,-0.04452753812074661,-5.165405750274658,0.3799999952316284
2.380094289779663,1.583458028737861,0.8775825618903728,0.479425538604203,0.0,0.0,-0.3232873560140772,-0.8737638555549524,0.023565161950049266,0.36258336049719614,1.0,0.0,0.0,2.307583056728024,0.6666896080583185,-0.35833521050267336,-13.33255855975573,-7.069413037425032,8.489086630768165,4.0,4.0,-4.0,1.0,1.0,1.0,7.7972307729721075,1.0,-0.055659420788288116,-5.301576137542725,0.41999998688697815
2.4001047611236572,1.6152978872888013,0.8775825618903728,0.479425538604203,0.0,0.0,-0.3336437822134042,-0.8309932795094156,-0.0009934966090944003,0.4451190952599188,1.0,0.0,0.0,2.1736759113894712,0.8337320575796855,-0.45500188620608945,-11.34695319831001,-7.000827217024005,8.900764837854258,4.0,4.0,-4.0,1.0,1.0,1.0,7.8,1.0,-0.07792319357395172,-5.44682502746582,0.46000000834465027
2.4201157093048096,2.121294919995574,0.8775825618903728,0.479425538604203,0.0,0.0,-0.12269577739520277,-0.7939324438185009,0.012174932291455023,0.5953728175567544,1.0,0.0,0.0,2.465548204155129,1.2296864832495311,-0.5172764812067054,-8.936384731731719,-6.807633501447443,8.365000772652063,4.0,4.0,-4.0,1.0,1.0,1.0,7.8,1.0,-0.07792319357395172,-5.601151466369629,0.49000000953674316
2.4401211738586426,2.389152770005483,0.8775825618903728,0.479425538604203,0.0,0.0,-0.027883915363072102,-0.7153081258561249,0.08955681297674625,0.6924856313293954,1.0,0.0,0.0,1.8065162158010897,1.4014005391894708,-1.4226368340907263,-5.59930895048208,-6.421312839813173,7.9769697349569695,4.0,4.0,-4.0,1.0,1.0,1.0,7.8,1.0,-0.08905507624149323,-5.746400356292725,0.5199999809265137
2.4601097106933594,2.543425402579063,0.8775825618903728,0.479425538604203,0.0,0.0,0.0381368016350864,-0.6843874645216816,-0.05328121731879841,0.7261683652209431,1.0,0.0,0.0,-1.1528466103855628,1.4285292873457587,2.0102181941035164,-2.0627391291254873,-6.2605148260738614,7.054237264755937,4.0,4.0,-4.0,1.0,1.0,1.0,7.8,1.0,-0.11131884157657623,-5.900726795196533,0.5400000214576721
2.480106830596924,2.401765015621922,0.8775825618903728,0.479425538604203,0.0,0.0,-0.015925937576042784,-0.7249483571893443,0.052582301234580894,0.6866085824672385,1.0,0.0,0.0,2.1069715046069675,1.4597138473805205,-1.0865469706156365,0.9228824747484309,-5.569929265634356,3.195686510915336,4.0,4.0,-4.0,1.0,1.0,1.0,7.8,1.0,-0.12245073169469833,-6.045975685119629,0.5600000023841858
2.5000956058502197,2.292151855047021,0.8775825618903728,0.479425538604203,0.0,0.0,0.05036649205247662,0.7673043127374072,-0.03420821981977489,-0.6383863296074446,1.0,0.0,0.0,2.5494921865197075,1.3523128244003881,-0.5691116811684986,1.8671548948012342,-5.147942157292503,3.069873925768011,4.0,4.0,-4.0,1.0,1.0,1.0,7.8,1.0,-0.12245073169469833,-6.045975685119629,0.5600000023841858
2.5201239585876465,2.292151855047021,0.8775825618903728,0.479425538604203,0.0,0.0,0.05036649205247662,0.7673043127374072,-0.03420821981977489,-0.6383863296074446,1.0,0.0,0.0,2.5494921865197075,1.3523128244003881,-0.5691116811684986,1.8671548948012342,-5.147942157292503,3.069873925768011,4.0,4.0,-4.0,1.0,1.0,1.0,7.8,1.0,-0.12245073169469833,-6.045975685119629,0.5600000023841858
2.5401456356048584,2.292151855047021,0.8775825618903728,0.479425538604203,0.0,0.0,0.05036649205247662,0.7673043127374072,-0.03420821981977489,-0.6383863296074446,1.0,0.0,0.0,2.5494921865197075,1.3523128244003881,-0.5691116811684986,1.8671548948012342,-5.147942157292503,3.069873925768011,4.0,4.0,-4.0,1.0,1.0,1.0,7.8,1.0,-0.12245073169469833,-6.045975685119629,0.5600000023841858
2.560091018676758,2.510250929507435,0.8775825618903728,0.479425538604203,0.0,0.0,0.0020776925983153434,0.643751496357909,-0.07741557025122635,-0.7613058016415594,1.0,0.0,0.0,0.6481591334515379,1.3697682192458378,-2.600569084087986,2.195315380883644,-4.7656836088797325,4.1555363741211035,2.497718246496092,4.0,-4.0,0.0,1.0,1.0,7.8,1.0,-0.12245073169469833,-6.209380149841309,0.5799999833106995
2.5801002979278564,2.2814235822729265,0.8775825618903728,0.479425538604203,0.0,0.0,0.07776102366661672,0.7273411500112765,-0.08634889104696916,-0.6763667228017299,1.0,0.0,0.0,1.8780777010712606,1.3271697553522879,-1.275750775087857,2.0674297780315904,-4.261885893426832,5.635068181981389,3.750706670701719,4.0,-4.0,0.0,1.0,1.0,7.8,1.0,-0.13358262181282043,-6.354629039764404,0.5899999737739563
2.600137233734131,2.503633413335818,0.8775825618903728,0.479425538604203,0.0,0.0,0.0171162877414458,0.622780466665374,-0.23002206598886496,-0.7476238172986633,1.0,0.0,0.0,1.2571603313408075,1.1766813627575372,-2.1926876623603575,1.8066933849959752,-4.058564548468202,5.687980547403755,3.5399322992587727,4.0,-4.0,0.0,1.0,1.0,7.8,1.0,-0.13358262181282043,-6.354629039764404,0.5899999737739563
2.620138645172119,2.8184475852151145,0.8775825618903728,0.479425538604203,0.0,0.0,-0.14009156045238438,0.5919842505458501,-0.19802926752349703,-0.7685788254953367,1.0,0.0,0.0,0.5605988553395082,1.307193833123611,-3.068155540658191,1.3750688587758615,-3.750552245074817,5.910527184594468,4.0,4.0,-4.0,1.0,1.0,1.0,7.8,1.0,-0.13358262181282043,-6.508955955505371,0.6000000238418579
2.640124797821045,2.6428426938904543,0.8775825618903728,0.479425538604203,0.0,0.0,0.0045389748879195654,0.5064707163467155,-0.2345439003326457,-0.8297324689361997,1.0,0.0,0.0,0.8072714840897607,0.9942332427078817,-2.6752465743620517,1.1639420885170182,-3.460210011669658,5.957724846161732,4.0,4.0,-4.0,1.0,1.0,1.0,7.8,1.0,-0.13358262181282043,-6.66328239440918,0.6100000143051147
2.6601052284240723,3.052681700120219,0.8775825618903728,0.479425538604203,0.0,0.0,-0.20275014362017682,0.4638276602373448,-0.43422878649631524,-0.7451185421385549,1.0,0.0,0.0,1.1734842019362466,1.0497384930557363,-2.937959862000438,1.0929651767946098,-3.1173729707239146,6.082036549371765,4.0,4.0,-4.0,1.0,1.0,1.0,7.8,1.0,-0.13358262181282043,-6.8176093101501465,0.6100000143051147
2.6801187992095947,3.052681700120219,0.8775825618903728,0.479425538604203,0.0,0.0,-0.20275014362017682,0.4638276602373448,-0.43422878649631524,-0.7451185421385549,1.0,0.0,0.0,1.1734842019362466,1.0497384930557363,-2.937959862000438,1.0929651767946098,-3.1173729707239146,6.082036549371765,4.0,4.0,-4.0,1.0,1.0,1.0,7.8,1.0,-0.13358262181282043,-6.8176093101501465,0.6100000143051147
2.7000985145568848,3.052681700120219,0.8775825618903728,0.479425538604203,0.0,0.0,-0.20275014362017682,0.4638276602373448,-0.43422878649631524,-0.7451185421385549,1.0,0.0,0.0,1.1734842019362466,1.0497384930557363,-2.937959862000438,1.0929651767946098,-3.1173729707239146,6.082036549371765,4.0,4.0,-4.0,1.0,1.0,1.0,7.8,1.0,-0.13358262181282043,-6.8176093101501465,0.6100000143051147
2.7200992107391357,2.863579594660348,0.8775825618903728,0.479425538604203,0.0,0.0,-0.09691852765368543,0.466419260790465,-0.3623114480265642,-0.8011181478346451,1.0,0.0,0.0,1.0180063395187557,0.957131837962875,-2.818768360234617,0.8064253789615546,-2.8460205265311953,6.1648830656419955,4.0,4.0,-4.0,1.0,1.0,1.0,7.8,1.0,-0.12245073169469833,-6.990091800689697,0.6100000143051147
2.7406935691833496,3.0821377344645633,0.8775825618903728,0.479425538604203,0.0,0.0,-0.24780461360182948,0.391606018551025,-0.35624317691425456,-0.811374388685212,1.0,0.0,0.0,0.7181497168213962,0.9476316461365591,2.9290483788224257,0.9203770909880916,-2.7910887073144486,6.206437110939289,-4.0,4.0,-4.0,1.0,1.0,1.0,7.8,1.0,-0.12245073169469833,-7.135340690612793,0.6000000238418579
2.760120391845703,3.0932043229222423,0.8775825618903728,0.479425538604203,0.0,0.0,-0.21676972632827882,0.3463343384360353,-0.4101924695018848,-0.815356087689043,1.0,0.0,0.0,0.8860463359621894,0.8369534986675541,3.037839897067058,0.8770739351730932,-2.5032204770390987,6.266483796635087,-4.0,4.0,-4.0,1.0,1.0,1.0,7.8,1.0,-0.08905507624149323,-7.298745155334473,0.6000000238418579
2.7801411151885986,3.1263179230030747,0.8775825618903728,0.479425538604203,0.0,0.0,-0.20699436609217464,0.39483073365184745,-0.3654266740621234,-0.8171446445115683,1.0,0.0,0.0,0.8001512479014666,0.9215673332067756,3.059250912754149,0.7664317569139122,-2.3126661844535668,6.092451069652247,4.0,4.0,-4.0,1.0,1.0,1.0,7.8,1.0,-0.07792319357395172,-7.471228122711182,0.5899999737739563
2.8012359142303467,3.062034284165549,0.8775825618903728,0.479425538604203,0.0,0.0,-0.2407407241541164,0.3577222177181488,-0.5756901436409261,-0.69473705615812,1.0,0.0,0.0,1.442094384492134,0.8854973928543622,-3.0190380991112473,0.775003721298587,-2.2432093203064847,4.541753815926196,-4.0,4.0,-0.45322160835277003,1.0,1.0,0.0,7.8,1.0,-0.06679131090641022,-7.6346330642700195,0.5799999833106995
2.820122003555298,3.062034284165549,0.8775825618903728,0.479425538604203,0.0,0.0,-0.2407407241541164,0.3577222177181488,-0.5756901436409261,-0.69473705615812,1.0,0.0,0.0,1.442094384492134,0.8854973928543622,-3.0190380991112473,0.775003721298587,-2.2432093203064847,4.541753815926196,-4.0,4.0,-0.45322160835277003,1.0,1.0,0.0,7.8,1.0,-0.06679131090641022,-7.6346330642700195,0.5799999833106995
2.8401029109954834,3.062034284165549,0.8775825618903728,0.479425538604203,0.0,0.0,-0.2407407241541164,0.3577222177181488,-0.5756901436409261,-0.69473705615812,1.0,0.0,0.0,1.442094384492134,0.8854973928543622,-3.0190380991112473,0.775003721298587,-2.2432093203064847,4.541753815926196,-4.0,4.0,-0.45322160835277003,1.0,1.0,0.0,7.8,1.0,-0.06679131090641022,-7.6346330642700195,0.5799999833106995
2.8600494861602783,2.9721914315972127,0.8775825618903728,0.479425538604203,0.0,0.0,-0.2792890299293575,0.33477526451864514,-0.4568612364366606,-0.7753715049375719,1.0,0.0,0.0,0.9686499619680005,0.8856762377412977,2.9391690573705453,0.8898589245920971,-2.0225002204249747,3.578188205245583,-4.0,4.0,3.6769163003363943,1.0,1.0,0.0,7.8,1.0,-0.04452753812074661,-7.798037528991699,0.5600000023841858
2.8801112174987793,2.912135471369997,0.8775825618903728,0.479425538604203,0.0,0.0,-0.28255898673714913,0.27844109402209244,-0.4779631420421338,-0.783697780412237,1.0,0.0,0.0,0.9904281845478841,0.7845868975106538,2.8892152271362255,0.9697658045219951,-1.8759123842810363,2.9390993168261583,-4.0,4.0,4.0,1.0,1.0,1.0,7.8,1.0,-0.011131884530186653,-7.961442470550537,0.5400000214576721
2.9001007080078125,2.8679237677981346,0.8775825618903728,0.479425538604203,0.0,0.0,-0.22240674614488368,0.1225893113654359,-0.5683668941366389,-0.7826021809691461,1.0,0.0,0.0,1.2008330433910155,0.46083324939054915,2.906354703564966,0.8062084499996884,-1.601230382908129,3.3712983586592578,-4.0,4.0,4.0,1.0,1.0,1.0,7.8,1.0,0.0,-8.133925437927246,0.5199999809265137
2.920119047164917,2.7772614444405366,0.8775825618903728,0.479425538604203,0.0,0.0,-0.30084051817745283,0.17281645978161858,-0.5199350709019436,-0.780574772778022,1.0,0.0,0.0,1.056783554060329,0.6219577418464786,2.7767986347617137,0.48147049563885214,-1.4234295329084885,2.910794479025967,-4.0,4.0,4.0,1.0,1.0,1.0,7.8,1.0,0.022263769060373306,-8.306407928466797,0.5
2.9401297569274902,2.6454827840209676,0.8775825618903728,0.479425538604203,0.0,0.0,-0.37629190057817935,0.17668711554061586,-0.6461819027231692,-0.6400273567233383,1.0,0.0,0.0,1.4242532656316704,0.7930193800082916,2.77222597727398,0.47856044527679464,-1.3116979213546196,2.9525632250011076,-4.0,4.0,4.0,1.0,1.0,1.0,7.8,1.0,0.055659420788288116,-8.478890419006348,0.4699999988079071
2.96010422706604,2.4524385461990392,0.8775825618903728,0.479425538604203,0.0,0.0,-0.42317682354006325,0.07002959918859278,-0.6184247336424845,-0.658458867413333,1.0,0.0,0.0,1.2808588577498063,0.663184221755327,2.5014953103299686,0.46923681326010797,-1.1662568469491292,3.0506116558203495,-4.0,4.0,4.0,1.0,1.0,1.0,7.8,1.0,0.055659420788288116,-8.478890419006348,0.4699999988079071
2.9801037311553955,2.4524385461990392,0.8775825618903728,0.479425538604203,0.0,0.0,-0.42317682354006325,0.07002959918859278,-0.6184247336424845,-0.658458867413333,1.0,0.0,0.0,1.2808588577498063,0.663184221755327,2.5014953103299686,0.46923681326010797,-1.1662568469491292,3.0506116558203495,-4.0,4.0,4.0,1.0,1.0,1.0,7.8,1.0,0.055659420788288116,-8.478890419006348,0.4699999988079071
3.000096321105957,2.4524385461990392,0.8775825618903728,0.479425538604203,0.0,0.0,-0.42317682354006325,0.07002959918859278,-0.6184247336424845,-0.658458867413333,1.0,0.0,0.0,1.2808588577498063,0.663184221755327,2.5014953103299686,0.46923681326010797,-1.1662568469491292,3.0506116558203495,-4.0,4.0,4.0,1.0,1.0,1.0,7.8,1.0,0.055659420788288116,-8.478890419006348,0.4699999988079071
3.0201094150543213,2.7072660687016317,0.8775825618903728,0.479425538604203,0.0,0.0,-0.30721103166349617,0.11293230493521787,-0.5067923254818557,-0.7975143982142028,1.0,0.0,0.0,1.0132043350798088,0.5138281570722744,2.6957382919475354,0.10898323253378017,-1.1302054542541644,2.7005791652408484,-4.0,4.0,4.0,1.0,1.0,1.0,7.8,1.0,0.07792319357395172,-8.651373863220215,0.4399999976158142
3.0401058197021484,2.4327626602197383,0.8775825618903728,0.479425538604203,0.0,0.0,-0.4174477503945988,0.040262950567366514,-0.5851208477310169,-0.6940820297721549,1.0,0.0,0.0,1.1896550124740526,0.5756812260369224,2.454021025643073,0.0351063938871537,-0.9677792959296229,2.497352181081158,-4.0,4.0,4.0,1.0,1.0,1.0,7.8,1.0,0.12245073169469833,-8.832934379577637,0.4099999964237213
3.060105800628662,2.4587445553300427,0.8775825618903728,0.479425538604203,0.0,0.0,-0.3855203962969819,0.007293509117438325,-0.5901486879691885,-0.7092569032811857,1.0,0.0,0.0,1.2209898585662347,0.4840578492620946,2.4878994566523938,-0.029269868467465876,-0.813902396703766,2.2799288496533676,-3.70750012721091,4.0,4.0,0.0,1.0,1.0,7.8,1.0,0.14471450448036194,-9.014494895935059,0.3700000047683716
3.0801937580108643,2.598101186991323,0.8775825618903728,0.479425538604203,0.0,0.0,-0.3275078246750134,0.03963418289131008,-0.6725341464355545,-0.662469303591781,1.0,0.0,0.0,1.4645589025239913,0.5155727745227672,2.6887920385807833,-0.562671211251307,-0.31419347003574566,2.3688439577517366,-1.585272815036705,4.0,4.0,0.0,1.0,1.0,7.8,1.0,0.18924203515052795,-9.186978340148926,0.33000001311302185
3.1001224517822266,2.2160756688526195,0.8775825618903728,0.479425538604203,0.0,0.0,-0.47413579198366224,-0.06325250386273515,-0.5476769587772637,-0.6864723740541985,1.0,0.0,0.0,1.1208956605679552,0.4472684567089235,2.2162531356605086,-2.5973281269654884,0.8429814279601343,5.656059838890272,4.0,-0.34153849375575396,-4.0,1.0,0.0,1.0,7.8,1.0,0.21150580048561096,-9.359460830688477,0.3199999928474426
3.1201164722442627,2.2160756688526195,0.8775825618903728,0.479425538604203,0.0,0.0,-0.47413579198366224,-0.06325250386273515,-0.5476769587772637,-0.6864723740541985,1.0,0.0,0.0,1.1208956605679552,0.4472684567089235,2.2162531356605086,-2.5973281269654884,0.8429814279601343,5.656059838890272,4.0,-0.34153849375575396,-4.0,1.0,0.0,1.0,7.8,1.0,0.21150580048561096,-9.359460830688477,0.3199999928474426
3.1401193141937256,2.2160756688526195,0.8775825618903728,0.479425538604203,0.0,0.0,-0.47413579198366224,-0.06325250386273515,-0.5476769587772637,-0.6864723740541985,1.0,0.0,0.0,1.1208956605679552,0.4472684567089235,2.2162531356605086,-2.5973281269654884,0.8429814279601343,5.656059838890272,4.0,-0.34153849375575396,-4.0,1.0,0.0,1.0,7.8,1.0,0.21150580048561096,-9.359460830688477,0.3199999928474426
3.160065174102783,2.3721757321694046,0.8775825618903728,0.479425538604203,0.0,0.0,-0.452510010511041,0.04552525869761239,-0.522502330561789,-0.7212166496728372,1.0,0.0,0.0,1.0076262912783165,0.5687060497382116,2.340402551313795,-2.6679742304931118,0.7566411416749564,7.599724975973363,4.0,-0.7711795041320975,-4.0,1.0,0.0,1.0,7.8,1.0,0.256033331155777,-9.522865295410156,0.3199999928474426
3.180103302001953,1.9504796008859073,0.8775825618903728,0.479425538604203,0.0,0.0,0.5599819084310856,0.1450469170380385,0.4845341970978392,0.6562074869508819,1.0,0.0,0.0,1.021799234143546,0.3600264877396724,1.9320230820246758,-2.096298933946359,0.23325510281827638,7.230255835317882,4.0,1.2793022716284843,-4.0,1.0,0.0,1.0,7.8,1.0,0.2782971262931824,-9.686269760131836,0.3100000023841858
3.2001068592071533,2.1781013457807394,0.8775825618903728,0.479425538604203,0.0,0.0,0.5054080684045966,0.04127762968356862,0.6156306772058967,0.6032061927419594,1.0,0.0,0.0,1.2755294322326904,0.6095414851911805,2.20483490235403,-1.9446536186778998,-0.013962095149876036,5.0894464363527225,3.6569943266452913,4.0,-3.867539645904209,0.0,1.0,0.0,7.8,1.0,0.3228246569633484,-9.858753204345703,0.30000001192092896
3.220191717147827,2.003384035742051,0.8775825618903728,0.479425538604203,0.0,0.0,0.538012615777599,0.1391816958519135,0.5637061700572371,0.6110697461365049,1.0,0.0,0.0,1.2003502930098455,0.4516632662754596,2.0097087844736334,0.2679493473195692,-0.7057719905836897,7.43653783615886,-3.7876685668995287,4.0,-4.0,0.0,1.0,1.0,7.8,1.0,0.3450884222984314,-10.031235694885254,0.28999999165534973
3.240100622177124,1.9074846995565409,0.8775825618903728,0.479425538604203,0.0,0.0,0.5881097951300049,0.13040614701173042,0.5572135047193435,0.5715192173952549,1.0,0.0,0.0,1.159174992509207,0.5309423722377713,1.8944414693475895,2.796838514748734,-1.1763936057192672,10.858062272629635,-4.0,4.0,-4.0,1.0,1.0,1.0,7.8,1.0,0.3896159529685974,-10.185562133789062,0.27000001072883606
3.2601215839385986,1.3917835073327272,0.8775825618903728,0.479425538604203,0.0,0.0,0.7182745753327188,0.2860446042458282,0.510852647657014,0.3758852101297267,1.0,0.0,0.0,1.1941654566200195,0.545475991122768,1.3400919666680737,2.5366698085861734,-0.8628018488775276,11.297678344963234,-4.0,4.0,-4.0,1.0,1.0,1.0,7.8,1.0,0.3896159529685974,-10.185562133789062,0.27000001072883606
3.280136823654175,1.3917835073327272,0.8775825618903728,0.479425538604203,0.0,0.0,0.7182745753327188,0.2860446042458282,0.510852647657014,0.3758852101297267,1.0,0.0,0.0,1.1941654566200195,0.545475991122768,1.3400919666680737,2.5366698085861734,-0.8628018488775276,11.297678344963234,-4.0,4.0,-4.0,1.0,1.0,1.0,7.8,1.0,0.3896159529685974,-10.185562133789062,0.27000001072883606
3.300097703933716,1.3917835073327272,0.8775825618903728,0.479425538604203,0.0,0.0,0.7182745753327188,0.2860446042458282,0.510852647657014,0.3758852101297267,1.0,0.0,0.0,1.1941654566200195,0.545475991122768,1.3400919666680737,2.5366698085861734,-0.8628018488775276,11.297678344963234,-4.0,4.0,-4.0,1.0,1.0,1.0,7.8,1.0,0.3896159529685974,-10.185562133789062,0.27000001072883606
3.3201048374176025,1.3062689832059984,0.8775825618903728,0.479425538604203,0.0,0.0,0.7541831829428843,0.2760072601440159,0.4263115660570841,0.41627655177764905,1.0,0.0,0.0,1.010215859056348,0.42601286198996297,1.2467517429965735,1.6787310681399785,-0.6099385153070358,11.48021257803615,-4.0,4.0,-4.0,1.0,1.0,1.0,7.8,1.0,0.4118797183036804,-10.348967552185059,0.25999999046325684
3.340104818344116,1.11614817364678,0.8775825618903728,0.479425538604203,0.0,0.0,0.8337274053198991,0.24323261052252323,0.43866148276327394,0.2308952453751987,1.0,0.0,0.0,0.885804537071014,0.6676288611568865,0.8664127007462274,0.364776101465541,-0.6088131711664055,11.468374822820934,-4.0,4.0,-4.0,1.0,1.0,1.0,7.8,1.0,0.4564072787761688,-10.512372016906738,0.23999999463558197
3.360130786895752,1.6805721945927483,0.8775825618903728,0.479425538604203,0.0,0.0,0.6143570305444161,0.2671963236184231,0.5687844000636929,0.47713296879342876,1.0,0.0,0.0,1.3340340229074175,0.4599430095491089,1.6852584256490295,-6.950624768077586,-1.9309636391461402,-5.113399706351607,4.0,4.0,4.0,1.0,1.0,1.0,7.8,1.0,0.47867104411125183,-10.684854507446289,0.23000000417232513
3.380098581314087,1.456213393776088,0.8775825618903728,0.479425538604203,0.0,0.0,0.6368982752648372,0.39110313740641217,0.4702081728091565,0.4693646738933505,1.0,0.0,0.0,1.3088733775029373,0.2339374976048413,1.4500189120879579,-7.2324530287463915,-1.1999829186999744,-5.8890411013768915,4.0,4.0,4.0,1.0,1.0,1.0,7.8,1.0,0.5009347796440125,-10.839181900024414,0.2199999988079071
3.4001035690307617,1.4696464296216196,0.8775825618903728,0.479425538604203,0.0,0.0,0.616448343337418,0.4191787026044339,0.518884725540223,0.4183769793863708,1.0,0.0,0.0,1.455538975360685,0.29316310971210824,1.4541266619052267,-3.5742992528773834,-3.2617695221620107,-1.6902128563418581,4.0,4.0,4.0,1.0,1.0,1.0,7.8,1.0,0.5231985449790955,-11.002586364746094,0.2199999988079071
3.4201266765594482,1.4696464296216196,0.8775825618903728,0.479425538604203,0.0,0.0,0.616448343337418,0.4191787026044339,0.518884725540223,0.4183769793863708,1.0,0.0,0.0,1.455538975360685,0.29316310971210824,1.4541266619052267,-3.5742992528773834,-3.2617695221620107,-1.6902128563418581,4.0,4.0,4.0,1.0,1.0,1.0,7.8,1.0,0.5231985449790955,-11.002586364746094,0.2199999988079071
3.441554069519043,1.4696464296216196,0.8775825618903728,0.479425538604203,0.0,0.0,0.616448343337418,0.4191787026044339,0.518884725540223,0.4183769793863708,1.0,0.0,0.0,1.455538975360685,0.29316310971210824,1.4541266619052267,-3.5742992528773834,-3.2617695221620107,-1.6902128563418581,4.0,4.0,4.0,1.0,1.0,1.0,7.8,1.0,0.5231985449790955,-11.002586364746094,0.2199999988079071
3.4600894451141357,1.4696464296216196,0.8775825618903728,0.479425538604203,0.0,0.0,0.616448343337418,0.4191787026044339,0.518884725540223,0.4183769793863708,1.0,0.0,0.0,1.455538975360685,0.29316310971210824,1.4541266619052267,-3.5742992528773834,-3.2617695221620107,-1.6902128563418581,4.0,4.0,4.0,1.0,1.0,1.0,7.8,1.0,0.5231985449790955,-11.002586364746094,0.2199999988079071
3.4800899028778076,1.341550976551157,0.8775825618903728,0.479425538604203,0.0,0.0,0.6674548821285988,0.41214553997135,0.4953115290650937,0.3732378911359637,1.0,0.0,0.0,1.3884734373235068,0.3613523086364853,1.3215758435610756,0.3698297159601359,-4.978487282832629,0.35931158536471186,-0.6453824142157423,4.0,4.0,0.0,1.0,1.0,7.8,1.0,0.5454623699188232,-11.156912803649902,0.2199999988079071
3.500098705291748,1.7789125208210226,0.8775825618903728,0.479425538604203,0.0,0.0,0.5412263329677575,0.32301922585242315,0.6758447130042221,0.38205570292329877,1.0,0.0,0.0,1.710984541189404,0.5060741578561713,1.8079225788261397,2.4138483989697654,-4.604016863044832,0.07425982970605957,-4.0,4.0,4.0,1.0,1.0,1.0,7.8,1.0,0.5677261352539062,-11.30216121673584,0.2199999988079071
3.5201199054718018,1.8224461376757009,0.8775825618903728,0.479425538604203,0.0,0.0,0.5242267807421714,0.3185633215270382,0.6484319302011895,0.4508211667900255,1.0,0.0,0.0,1.6185399063839927,0.40347926050949745,1.8431599022638838,4.146239097335153,-3.6941326928518374,-0.18649438721876418,-4.0,4.0,4.0,1.0,1.0,1.0,7.8,1.0,0.6011217832565308,-11.447410583496094,0.23000000417232513
3.54010009765625,1.420798517549975,0.8775825618903728,0.479425538604203,0.0,0.0,0.6467702519684305,0.39736571205176674,0.5940300234634949,0.26630257842958416,1.0,0.0,0.0,1.5967328995054222,0.5904836815666122,1.3862575497119916,5.582071743886195,-3.12684419005374,-0.6356490491537005,-4.0,4.0,4.0,1.0,1.0,1.0,7.8,1.0,0.6122536659240723,-11.601737022399902,0.23000000417232513
3.561129331588745,1.5026849728664924,0.8775825618903728,0.479425538604203,0.0,0.0,0.6074709749856211,0.41230007288361453,0.6494709180717354,0.19792723670390147,1.0,0.0,0.0,1.8084404122677125,0.6762319515450008,1.4705889333212436,6.309251337196091,-2.908174484209149,-1.1552475333862535,-4.0,4.0,4.0,1.0,1.0,1.0,7.8,1.0,0.6345174312591553,-11.765142440795898,0.23000000417232513
3.580125331878662,1.5026849728664924,0.8775825618903728,0.479425538604203,0.0,0.0,0.6074709749856211,0.41230007288361453,0.6494709180717354,0.19792723670390147,1.0,0.0,0.0,1.8084404122677125,0.6762319515450008,1.4705889333212436,6.309251337196091,-2.908174484209149,-1.1552475333862535,-4.0,4.0,4.0,1.0,1.0,1.0,7.8,1.0,0.6345174312591553,-11.765142440795898,0.23000000417232513
3.6010854244232178,1.5026849728664924,0.8775825618903728,0.479425538604203,0.0,0.0,0.6074709749856211,0.41230007288361453,0.6494709180717354,0.19792723670390147,1.0,0.0,0.0,1.8084404122677125,0.6762319515450008,1.4705889333212436,6.309251337196091,-2.908174484209149,-1.1552475333862535,-4.0,4.0,4.0,1.0,1.0,1.0,7.8,1.0,0.6345174312591553,-11.765142440795898,0.23000000417232513
3.62009334564209,1.7825561808168549,0.8775825618903728,0.479425538604203,0.0,0.0,0.5733746822014504,0.26121829607814306,0.7592323137821114,0.16301156190123092,1.0,0.0,0.0,2.0572774859179246,0.9034809753548851,1.9101530520327952,6.263909469897135,-2.71733260673709,-1.2953462835496496,-4.0,4.0,4.0,1.0,1.0,1.0,7.8,1.0,0.6679130792617798,-11.910390853881836,0.2199999988079071
3.6400868892669678,1.7326278349113178,0.8775825618903728,0.479425538604203,0.0,0.0,0.5162790136026306,0.40582335451203555,0.7371129540301301,0.15946121173209746,1.0,0.0,0.0,2.1373071127947867,0.6837257954686508,1.7491427727380955,5.453681923759217,-2.939837742090228,-1.5837675956655828,-4.0,4.0,4.0,1.0,1.0,1.0,7.8,1.0,0.6790449619293213,-12.05564022064209,0.2199999988079071
3.66009521484375,1.7028565905537507,0.8775825618903728,0.479425538604203,0.0,0.0,0.6455676682495441,0.19266911582706983,0.7267149363508392,0.13418792345757974,1.0,0.0,0.0,1.8567319137698888,1.0898976982546327,1.7715514594183395,4.172597956206353,-3.49149804049043,-1.380515245637287,-4.0,4.0,4.0,1.0,1.0,1.0,7.8,1.0,0.7235724925994873,-12.209966659545898,0.2199999988079071
3.6801116466522217,2.0300944310207027,0.8775825618903728,0.479425538604203,0.0,0.0,0.4564231632504188,0.2649646361371363,0.8478000508163201,0.052026065400351526,1.0,0.0,0.0,2.622662288955599,0.8425474453280406,2.2989812002272694,2.4095729120851876,-4.092377573756237,-1.0961926016543755,-4.0,4.0,4.0,1.0,1.0,1.0,7.8,1.0,0.7347043752670288,-12.373371124267578,0.20999999344348907
3.7000958919525146,2.131286977017186,0.8775825618903728,0.479425538604203,0.0,0.0,-0.40594100430206537,-0.26634886551846815,-0.8718414390896645,-0.06451889606400954,1.0,0.0,0.0,2.680733844083041,0.7388839299537584,2.3674157896654093,0.9659743906512471,-4.656574700672303,-0.6352483910399128,-3.0814048600201307,4.0,4.0,0.0,1.0,1.0,7.8,1.0,0.7569681406021118,-12.527698516845703,0.20000000298023224
3.720123291015625,2.1051918085254604,0.8775825618903728,0.479425538604203,0.0,0.0,-0.449925500330407,-0.20956508351591094,-0.8554292835743902,-0.14795357625555228,1.0,0.0,0.0,2.466164049238599,0.7863041068578522,2.371835951791048,0.37421703656630523,-4.964148889263976,-0.2827593582064447,-2.1327703953253785,4.0,4.0,0.0,1.0,1.0,7.8,1.0,0.7569681406021118,-12.527698516845703,0.20000000298023224
3.7436091899871826,2.1051918085254604,0.8775825618903728,0.479425538604203,0.0,0.0,-0.449925500330407,-0.20956508351591094,-0.8554292835743902,-0.14795357625555228,1.0,0.0,0.0,2.466164049238599,0.7863041068578522,2.371835951791048,0.37421703656630523,-4.964148889263976,-0.2827593582064447,-2.1327703953253785,4.0,4.0,0.0,1.0,1.0,7.8,1.0,0.7569681406021118,-12.527698516845703,0.20000000298023224
3.7601304054260254,2.1051918085254604,0.8775825618903728,0.479425538604203,0.0,0.0,-0.449925500330407,-0.20956508351591094,-0.8554292835743902,-0.14795357625555228,1.0,0.0,0.0,2.466164049238599,0.7863041068578522,2.371835951791048,0.37421703656630523,-4.964148889263976,-0.2827593582064447,-2.1327703953253785,4.0,4.0,0.0,1.0,1.0,7.8,1.0,0.7569681406021118,-12.527698516845703,0.20000000298023224
3.7801353931427,2.1671510507973815,0.8775825618903728,0.479425538604203,0.0,0.0,-0.4118490002827134,-0.22264227948057486,-0.883203985726082,-0.027595940849804015,1.0,0.0,0.0,2.8030238285997906,0.796917819067901,2.5040532896887053,-0.21898812233547085,-5.390989105366508,0.29932773947675184,0.8346735538925403,4.0,4.0,0.0,1.0,1.0,7.8,1.0,0.8014956712722778,-12.682024955749512,0.1899999976158142
3.800098419189453,2.3548418361167474,0.8775825618903728,0.479425538604203,0.0,0.0,-0.2603101825586599,-0.32302099103160103,-0.9080443490488254,-0.05789221337740189,1.0,0.0,0.0,2.833137066052824,0.45042210688117174,2.386845331277645,-0.7954042308200764,-5.810416347762906,0.7635358936487036,4.0,4.0,4.0,1.0,1.0,1.0,7.8,1.0,0.8126275539398193,-12.83635139465332,0.18000000715255737
3.820127248764038,2.401301773040371,0.8775825618903728,0.479425538604203,0.0,0.0,-0.28221353897161827,-0.23796259558143903,-0.9262652882228242,-0.07590742624241648,1.0,0.0,0.0,2.8214301842206813,0.508288641133868,2.5548237146058517,-0.9037079094635764,-6.269537266214547,1.0874094295400822,4.0,4.0,4.0,1.0,1.0,1.0,7.8,1.0,0.8571550846099854,-12.999755859375,0.1599999964237213
3.840085029602051,2.5488447548458635,0.8775825618903728,0.479425538604203,0.0,0.0,-0.13458647338860522,-0.36281636432365943,-0.9220712614748408,-0.005946067774215694,1.0,0.0,0.0,3.029349285729235,0.2463666924519453,2.3779356727477925,-0.8900435428953681,-6.685528799938013,1.4846288407313373,4.0,4.0,3.0071381681646994,1.0,1.0,0.0,7.8,1.0,0.8682869672775269,-13.163161277770996,0.12999999523162842
3.860250473022461,2.448823131546256,0.8775825618903728,0.479425538604203,0.0,0.0,-0.22289460995789087,-0.30013230993172074,-0.9233028066190344,-0.08803701878291484,1.0,0.0,0.0,2.818500108101736,0.3669315457763608,2.45255429515241,-0.8444535226064436,-7.247496876800462,1.7854372789966557,4.0,4.0,3.2565448408694584,1.0,1.0,0.0,7.8,1.0,0.9016826748847961,-13.308409690856934,0.10999999940395355
3.8801229000091553,2.4795741384247685,0.8775825618903728,0.479425538604203,0.0,0.0,-0.2283700912487703,-0.25986111259654027,-0.9266170019836666,-0.14730999700603514,1.0,0.0,0.0,2.7108086051164597,0.3540110811707875,2.5165261462790385,-0.8154441975966873,-8.63211594093566,2.5880239076994087,4.0,4.0,1.1183151656113797,1.0,1.0,0.0,7.8,1.0,0.9016826748847961,-13.308409690856934,0.10999999940395355
3.9001052379608154,2.4795741384247685,0.8775825618903728,0.479425538604203,0.0,0.0,-0.2283700912487703,-0.25986111259654027,-0.9266170019836666,-0.14730999700603514,1.0,0.0,0.0,2.7108086051164597,0.3540110811707875,2.5165261462790385,-0.8154441975966873,-8.63211594093566,2.5880239076994087,4.0,4.0,1.1183151656113797,1.0,1.0,0.0,7.8,1.0,0.9016826748847961,-13.308409690856934,0.10999999940395355
3.9200549125671387,2.470464768860932,0.8775825618903728,0.479425538604203,0.0,0.0,-0.1517169323225874,-0.4091512875400346,-0.8997194993070508,-0.009056429629014554,1.0,0.0,0.0,2.9953934636313693,0.2688204807546217,2.2681870608405714,-0.5778288755151573,-9.167160992537715,3.005461737930417,4.0,4.0,-3.235921546453726,1.0,1.0,0.0,7.8,1.0,0.9350783228874207,-13.471814155578613,0.07999999821186066
3.9400794506073,2.861218728513516,0.8775825618903728,0.479425538604203,0.0,0.0,0.018527306002744503,-0.3253633225739449,-0.9448669667239584,-0.03196658332994038,1.0,0.0,0.0,3.093146091449232,-0.05584220445754531,2.4796838686235025,-0.08579445668328703,-8.63966820829439,2.9097465375750775,4.0,4.0,-2.0180527398098196,1.0,1.0,0.0,7.8,1.0,0.9684739708900452,-13.63521957397461,0.03999999910593033
3.960108518600464,2.870317065484338,0.8775825618903728,0.479425538604203,0.0,0.0,0.07295408087610614,-0.4155921779671347,-0.9065534438418656,-0.01103164332769645,1.0,0.0,0.0,-3.1005316803563896,-0.14191879275502525,2.2789877514735197,-0.8119263297345106,-2.7238198308429995,4.223270753312247,4.0,4.0,-4.0,1.0,1.0,1.0,7.8,1.0,1.001869559288025,-13.771389961242676,0.019999999552965164
3.9801175594329834,2.7915110601333426,0.8775825618903728,0.479425538604203,0.0,0.0,0.060382575050051505,-0.473773271730437,-0.8761573223104594,-0.0651243286792891,1.0,0.0,0.0,3.083841926079893,-0.1683111493131387,2.155053580222813,-0.4014507450398441,0.33428917451802487,7.091686431102654,4.0,4.0,-4.0,1.0,1.0,1.0,7.8,1.0,1.001869559288025,-13.771389961242676,0.019999999552965164
4.0000975131988525,2.423901354726024,0.8775825618903728,0.479425538604203,0.0,0.0,-0.08661229518773779,-0.5739873738827017,-0.8142706849538938,0.000237845050886806,1.0,0.0,0.0,3.0413794880212355,0.14179946417511133,1.9064426508575794,-0.1876117441997044,0.29992031218655024,8.420437157099105,4.0,4.0,-4.0,1.0,1.0,1.0,7.8,1.0,1.0575289726257324,-13.898482322692871,0.019999999552965164
4.020113706588745,2.477053488880584,0.8775825618903728,0.479425538604203,0.0,0.0,-0.016688572401846746,-0.6498271113640418,-0.7567194104806265,-0.06944026705958804,1.0,0.0,0.0,3.014196756021545,-0.06503704240630696,1.7266470781056757,-0.18730561061624768,-0.018598889237660177,8.445089740540263,4.0,4.0,-4.0,1.0,1.0,1.0,7.8,1.0,1.0909247398376465,-14.007418632507324,0.019999999552965164
4.040099382400513,2.477053488880584,0.8775825618903728,0.479425538604203,0.0,0.0,-0.016688572401846746,-0.6498271113640418,-0.7567194104806265,-0.06944026705958804,1.0,0.0,0.0,3.014196756021545,-0.06503704240630696,1.7266470781056757,-0.18730561061624768,-0.018598889237660177,8.445089740540263,4.0,4.0,-4.0,1.0,1.0,1.0,7.8,1.0,1.0909247398376465,-14.007418632507324,0.019999999552965164
4.060101270675659,2.477053488880584,0.8775825618903728,0.479425538604203,0.0,0.0,-0.016688572401846746,-0.6498271113640418,-0.7567194104806265,-0.06944026705958804,1.0,0.0,0.0,3.014196756021545,-0.06503704240630696,1.7266470781056757,-0.18730561061624768,-0.018598889237660177,8.445089740540263,4.0,4.0,-4.0,1.0,1.0,1.0,7.8,1.0,1.0909247398376465,-14.007418632507324,0.019999999552965164
4.080122470855713,2.486356366624088,0.8775825618903728,0.479425538604203,0.0,0.0,0.012843880780682073,-0.6947071300942308,-0.7186985740587744,0.026256385292219804,1.0,0.0,0.0,-3.085968623371168,0.018020213803578617,1.6052428063845015,-0.11678251585196078,0.047520086905629005,9.713158787416592,4.0,4.0,-4.0,1.0,1.0,1.0,7.8,1.0,1.1354522705078125,-14.116355895996094,0.019999999552965164
4.100111961364746,2.4508941723658073,0.8775825618903728,0.479425538604203,0.0,0.0,0.01813456917109171,-0.7393012501737255,-0.6689015979627274,-0.07533559009827565,1.0,0.0,0.0,3.066862623670028,-0.13607139115398595,1.47598892597279,0.028890048506519356,0.06551458444069677,10.569626568850863,4.0,4.0,-4.0,1.0,1.0,1.0,7.8,1.0,1.2022435665130615,-14.243448257446289,0.019999999552965164
4.120105504989624,2.35349162798403,0.8775825618903728,0.479425538604203,0.0,0.0,0.016492278879141595,-0.8310049138639756,-0.547609756592406,-0.09634517297771092,1.0,0.0,0.0,3.0621299046664103,-0.17914598400265902,1.1724550437822656,0.0679771924171064,0.009939334685562878,12.642150772233574,4.0,4.0,-4.0,1.0,1.0,1.0,7.8,1.0,1.2467710971832275,-14.343306541442871,0.019999999552965164
4.1401307582855225,2.2244732688641093,0.8775825618903728,0.479425538604203,0.0,0.0,-0.025568014465431683,-0.8765052718314739,-0.48024958640410037,0.021097863555826737,1.0,0.0,0.0,3.1169870156801904,0.061581749493409076,1.001722757794081,-0.05319900348000024,0.017503146340212522,13.350217328689897,4.0,4.0,-4.0,1.0,1.0,1.0,7.8,1.0,1.302430510520935,-14.461320877075195,0.019999999552965164
4.160155296325684,2.25403577165393,0.8775825618903728,0.479425538604203,0.0,0.0,0.02043901185709631,-0.9329746781714914,-0.3580152580528158,-0.031073649391137294,1.0,0.0,0.0,-3.12566144190491,-0.0726807847217285,0.732234546601021,-0.012331579766439879,-0.08821502080151017,13.354170939038712,4.0,4.0,-4.0,1.0,1.0,1.0,7.8,1.0,1.3580899238586426,-14.552101135253906,0.019999999552965164
4.180122137069702,2.0537732055521576,0.8775825618903728,0.479425538604203,0.0,0.0,-0.06902119009471043,-0.9530440667037604,-0.29338676165546257,0.029449793275826048,1.0,0.0,0.0,3.026521414396924,0.09678473935311858,0.5916918388083701,-0.05875728640212916,-0.08853029108183484,12.995436846345537,4.0,4.0,-4.0,1.0,1.0,1.0,7.8,1.0,1.3580899238586426,-14.552101135253906,0.019999999552965164
4.20136833190918,2.0537732055521576,0.8775825618903728,0.479425538604203,0.0,0.0,-0.06902119009471043,-0.9530440667037604,-0.29338676165546257,0.029449793275826048,1.0,0.0,0.0,3.026521414396924,0.09678473935311858,0.5916918388083701,-0.05875728640212916,-0.08853029108183484,12.995436846345537,4.0,4.0,-4.0,1.0,1.0,1.0,7.8,1.0,1.3580899238586426,-14.552101135253906,0.019999999552965164
4.220125675201416,2.139628623136312,0.8775825618903728,0.479425538604203,0.0,0.0,-0.02961805128772021,-0.9475816051260328,-0.30594714701935616,0.08722508753452593,1.0,0.0,0.0,3.1387865306264806,0.1844733996667973,0.6243516181935762,0.03440972740542145,-0.03974292337446159,13.098595478936776,4.0,4.0,-4.0,1.0,1.0,1.0,7.8,1.0,1.4248812198638916,-14.661038398742676,0.019999999552965164
4.240121126174927,2.0751769110600646,0.8775825618903728,0.479425538604203,0.0,0.0,-0.034501137656571035,-0.9970701894770303,-0.02417429677891316,-0.0638460032569502,1.0,0.0,0.0,3.069067835537263,-0.12598280681750468,0.05305765407544262,-0.08333463583475911,0.0968861611627895,13.262888016232749,4.0,-0.575433908652203,-4.0,1.0,0.0,1.0,7.8,1.0,1.4916725158691406,-14.769974708557129,0.019999999552965164
4.2601213455200195,2.047340069980172,0.8775825618903728,0.479425538604203,0.0,0.0,-0.04716415859528075,-0.99878852018523,0.011266185876653973,0.008373001014587577,1.0,0.0,0.0,3.047037532940936,0.015663634733682968,-0.023299851446432526,0.04222234671614347,-0.002403688957415606,12.093599098476549,4.0,-0.10784079903463639,-4.0,1.0,0.0,1.0,7.8,1.0,1.4916725158691406,-14.769974708557129,0.019999999552965164
4.280118227005005,2.002818207363654,0.8775825618903728,0.479425538604203,0.0,0.0,-0.07588858129435619,-0.9855911217788831,0.13026393718335127,0.0766966138057257,1.0,0.0,0.0,2.969692052158182,0.13179310968726704,-0.2741853944163902,0.08665983280095865,-0.003146001269342086,9.084385950480973,4.0,-1.5383568815698996,-4.0,1.0,0.0,1.0,7.8,1.0,1.5584638118743896,-14.878911018371582,0.019999999552965164
4.300159454345703,2.1966965752250136,0.8775825618903728,0.479425538604203,0.0,0.0,0.01568156737476144,-0.9778982398163326,0.2070004527702157,0.024898465047367892,1.0,0.0,0.0,-3.1211981926671646,0.05521656712030819,-0.41663611376116183,0.017585591812637053,-0.027906892430859115,7.567982813974638,4.0,-3.2828329830525775,-4.0,1.0,0.0,1.0,7.8,1.0,1.6363869905471802,-14.987847328186035,0.019999999552965164
4.320111274719238,2.077331048469963,0.8775825618903728,0.479425538604203,0.0,0.0,-0.038410409694160375,-0.9879789869424588,0.12535737132795613,0.0819004959754488,1.0,0.0,0.0,3.043869450668045,0.1527957302828522,-0.25990278409239315,-0.03154190086901225,0.04094485022768993,8.519064536704096,4.0,-1.5787044746477519,-4.0,1.0,0.0,1.0,7.8,1.0,1.7031782865524292,-15.087705612182617,0.019999999552965164
4.3401007652282715,2.077331048469963,0.8775825618903728,0.479425538604203,0.0,0.0,-0.038410409694160375,-0.9879789869424588,0.12535737132795613,0.0819004959754488,1.0,0.0,0.0,3.043869450668045,0.1527957302828522,-0.25990278409239315,-0.03154190086901225,0.04094485022768993,8.519064536704096,4.0,-1.5787044746477519,-4.0,1.0,0.0,1.0,7.8,1.0,1.7031782865524292,-15.087705612182617,0.019999999552965164
4.360086679458618,2.077331048469963,0.8775825618903728,0.479425538604203,0.0,0.0,-0.038410409694160375,-0.9879789869424588,0.12535737132795613,0.0819004959754488,1.0,0.0,0.0,3.043869450668045,0.1527957302828522,-0.25990278409239315,-0.03154190086901225,0.04094485022768993,8.519064536704096,4.0,-1.5787044746477519,-4.0,1.0,0.0,1.0,7.8,1.0,1.7031782865524292,-15.087705612182617,0.019999999552965164
4.380106449127197,2.2907174493242524,0.8775825618903728,0.479425538604203,0.0,0.0,0.05939344902335325,-0.9695813686755687,0.2357880372503603,0.028078269532580413,1.0,0.0,0.0,-3.039132649260799,0.08255058981387722,-0.47287425833549934,-0.08483760468132272,-0.0189100503763662,8.71974343121304,4.0,-3.793600404485385,-4.0,1.0,0.0,1.0,7.8,1.0,1.7699695825576782,-15.205720901489258,0.019999999552965164
4.400099039077759,2.2380575882138123,0.8775825618903728,0.479425538604203,0.0,0.0,0.023889581389918414,-0.9543119143945678,0.2963651682777477,-0.0297614679962503,1.0,0.0,0.0,-3.0782559914745105,-0.04265630215413421,-0.6035731396930516,-0.025030564797727098,-0.051758068041742746,9.114088447563367,4.0,-4.0,-4.0,1.0,1.0,1.0,7.8,1.0,1.8367609977722168,-15.296501159667969,0.019999999552965164
4.420129776000977,2.1125663792388374,0.8775825618903728,0.479425538604203,0.0,0.0,-0.05295574303078082,-0.9295250356655538,0.3538962123301037,-0.08908629664215965,1.0,0.0,0.0,3.105438667010209,-0.2045203806200271,-0.7238555485282515,0.026680894626086055,0.014105707064994394,9.037212774928967,4.0,-4.0,-4.0,1.0,1.0,1.0,7.8,1.0,1.9035522937774658,-15.39635944366455,0.019999999552965164
4.440171241760254,2.0804098970939924,0.8775825618903728,0.479425538604203,0.0,0.0,-0.1018439750355132,-0.8690963831368307,0.48113825810050886,0.052964687853823286,1.0,0.0,0.0,2.911574542928404,-0.005939263115483036,-1.0105311996768784,-0.01556035940345235,-0.05649031656949149,9.113797490062312,4.0,-4.0,-4.0,1.0,1.0,1.0,7.8,1.0,1.9703435897827148,-15.505295753479004,0.019999999552965164
4.4601359367370605,2.4923877887493253,0.8775825618903728,0.479425538604203,0.0,0.0,0.07291239512260282,-0.798703075030746,0.5972484890361621,-0.007170977474324828,1.0,0.0,0.0,-3.015866043588728,0.07571098254510746,-1.2793804489887142,-0.003693138095591658,0.06367823418181803,6.861829921266796,4.0,-4.0,-4.0,1.0,1.0,1.0,7.8,1.0,2.037134885787964,-15.596076011657715,0.019999999552965164
4.480102300643921,2.1988071060975107,0.8775825618903728,0.479425538604203,0.0,0.0,-0.06085868106841183,-0.8358317384282204,0.5450168665983098,0.025261454788522174,1.0,0.0,0.0,3.011920900219933,-0.024111700231900155,-1.154085878184001,0.024966175547885675,-0.07539658453509637,6.322624979213618,4.0,-4.0,-4.0,1.0,1.0,1.0,7.8,1.0,2.037134885787964,-15.596076011657715,0.019999999552965164
4.50009560585022,2.470879965958967,0.8775825618903728,0.479425538604203,0.0,0.0,0.05868379535896468,-0.7938783577253513,0.5987678686599379,0.08826326958594696,1.0,0.0,0.0,3.1287826899254543,0.21200102055301387,-1.2937702207176063,-0.07521304675234447,0.05218613222444274,6.963982650407177,4.0,-4.0,-4.0,1.0,1.0,1.0,7.8,1.0,2.103926181793213,-15.686858177185059,0.019999999552965164
4.5200982093811035,2.336563074156538,0.8775825618903728,0.479425538604203,0.0,0.0,-0.03217657490582079,-0.7581902775354487,0.6500347927971875,-0.03958458325114723,1.0,0.0,0.0,-3.1389079069014008,-0.1020340316806748,-1.4176289749585844,-0.07483699304481323,0.03866115602752823,7.756662987962768,4.0,-4.0,-4.0,1.0,1.0,1.0,7.8,1.0,2.15958571434021,-15.77763843536377,0.019999999552965164
4.540122985839844,2.4350475657280928,0.8775825618903728,0.479425538604203,0.0,0.0,0.03427260959218812,0.6588991080696128,-0.7465247387408693,-0.08589626339187885,1.0,0.0,0.0,2.966960124279924,0.062063075843121734,-1.700766163273338,0.05658663898529831,-0.05741138926223251,8.064332900171495,4.0,-4.0,-4.0,1.0,1.0,1.0,7.8,1.0,2.226377010345459,-15.86841869354248,0.019999999552965164
4.560123682022095,2.461772605885915,0.8775825618903728,0.479425538604203,0.0,0.0,0.06568225950434549,0.5751897585471304,-0.8144085055552687,0.0397664246334965,1.0,0.0,0.0,3.1306770788239775,-0.15333096780326363,-1.9109150414183416,0.023924071452777196,0.053129072247159154,8.023872416116776,4.0,-4.0,-4.0,1.0,1.0,1.0,7.8,1.0,2.293168306350708,-15.959198951721191,0.019999999552965164
4.580116271972656,2.3610305643340825,0.8775825618903728,0.479425538604203,0.0,0.0,0.08302837487161023,0.6415680061465794,-0.7622700600375696,0.021003286066760118,1.0,0.0,0.0,3.066110582629908,-0.15413980664305438,-1.7365028414950991,-0.08404120190494634,-0.02784464502489177,7.513133387677495,4.0,-4.0,-4.0,1.0,1.0,1.0,7.8,1.0,2.348827600479126,-16.04998016357422,0.019999999552965164
4.600117444992065,2.6653644792541304,0.8775825618903728,0.479425538604203,0.0,0.0,-0.0567096644392888,0.5957917041332611,-0.797257222300291,-0.07872217435508469,1.0,0.0,0.0,3.0825999275510254,0.185286783564089,-1.8635312452064496,0.041122408583264464,-0.0965344769646096,7.523310361698359,4.0,-4.0,-4.0,1.0,1.0,1.0,7.8,1.0,2.348827600479126,-16.04998016357422,0.019999999552965164
4.620120525360107,2.6653644792541304,0.8775825618903728,0.479425538604203,0.0,0.0,-0.0567096644392888,0.5957917041332611,-0.797257222300291,-0.07872217435508469,1.0,0.0,0.0,3.0825999275510254,0.185286783564089,-1.8635312452064496,0.041122408583264464,-0.0965344769646096,7.523310361698359,4.0,-4.0,-4.0,1.0,1.0,1.0,7.8,1.0,2.348827600479126,-16.04998016357422,0.019999999552965164
4.640100717544556,2.654578671430151,0.8775825618903728,0.479425538604203,0.0,0.0,-0.02205736855844883,0.5432851868403796,-0.839258160864298,-0.0006462776234003166,1.0,0.0,0.0,-3.118692255600596,0.03773483383715129,-1.9921548330929488,-0.03198156689657254,-0.04807865707008832,7.316738653867058,4.0,-4.0,-4.0,1.0,1.0,1.0,7.8,1.0,2.38222336769104,-16.131681442260742,0.019999999552965164
4.660090446472168,2.691281793979875,0.8775825618903728,0.479425538604203,0.0,0.0,-0.013906050059227657,0.4911327402716126,-0.8670244084426026,0.0828488284153856,1.0,0.0,0.0,-2.983351132642818,-0.05729712014942597,-2.11535497389896,0.09755208046938513,0.06483832623248068,5.7841660705360844,4.0,-4.0,-4.0,1.0,1.0,1.0,7.8,1.0,2.437882661819458,-16.222461700439453,0.019999999552965164
4.680109024047852,2.777064434086197,0.8775825618903728,0.479425538604203,0.0,0.0,0.002599272650246856,0.3733125417588844,-0.9263033532409544,-0.05092236956166425,1.0,0.0,0.0,3.0451101069531488,0.033210593047655404,-2.37699352589808,-0.02563470449068006,-0.057066484858076194,6.269184509442062,4.0,-4.0,-4.0,1.0,1.0,1.0,7.8,1.0,2.437882661819458,-16.222461700439453,0.019999999552965164
4.700093507766724,2.8854035746197764,0.8775825618903728,0.479425538604203,0.0,0.0,-0.0156803794348514,0.2951560618939076,-0.953561988978769,0.05793580933164535,1.0,0.0,0.0,-3.021556405978712,-0.0042957962585809814,-2.5414971122825256,-0.009221390760350376,0.0493164684460205,6.8416656034392425,4.0,-4.0,-4.0,1.0,1.0,1.0,7.8,1.0,2.493542194366455,-16.30416488647461,0.019999999552965164
4.720099925994873,2.644758095204183,0.8775825618903728,0.479425538604203,0.0,0.0,0.08270502248689948,0.36145268180707574,-0.9282686429200399,0.028795219070213766,1.0,0.0,0.0,3.1351656532301435,-0.17525696925300902,-2.3983859595721713,-0.08066135775666915,-0.02299084242126155,6.755039439929405,4.0,-4.0,-4.0,1.0,1.0,1.0,7.8,1.0,2.560333490371704,-16.385868072509766,0.019999999552965164
4.7401041984558105,2.7202460400648394,0.8775825618903728,0.479425538604203,0.0,0.0,0.09019684366798805,0.27108107467767223,-0.9582553451939755,0.011237159387755736,1.0,0.0,0.0,3.1137748875265108,-0.17992478957295538,-2.5877095749203955,0.02494438488657627,-0.004284364693805526,5.558669635036764,3.7932895332477505,-4.0,-4.0,0.0,1.0,1.0,7.8,1.0,2.627124786376953,-16.46756935119629,0.019999999552965164
4.761595010757446,2.7202460400648394,0.8775825618903728,0.479425538604203,0.0,0.0,0.09019684366798805,0.27108107467767223,-0.9582553451939755,0.011237159387755736,1.0,0.0,0.0,3.1137748875265108,-0.17992478957295538,-2.5877095749203955,0.02494438488657627,-0.004284364693805526,5.558669635036764,3.7932895332477505,-4.0,-4.0,0.0,1.0,1.0,7.8,1.0,2.627124786376953,-16.46756935119629,0.019999999552965164
4.780102491378784,2.7202460400648394,0.8775825618903728,0.479425538604203,0.0,0.0,0.09019684366798805,0.27108107467767223,-0.9582553451939755,0.011237159387755736,1.0,0.0,0.0,3.1137748875265108,-0.17992478957295538,-2.5877095749203955,0.02494438488657627,-0.004284364693805526,5.558669635036764,3.7932895332477505,-4.0,-4.0,0.0,1.0,1.0,7.8,1.0,2.627124786376953,-16.46756935119629,0.019999999552965164
4.800107002258301,2.8305886187020426,0.8775825618903728,0.479425538604203,0.0,0.0,0.07376277987942957,0.18802325333700928,-0.9754406284323233,0.08787427901598938,1.0,0.0,0.0,-2.995071103358433,-0.17788387751159293,-2.7738387229514165,-0.08529748101133822,0.06955562628520162,4.4151886271297665,2.934033281761681,-4.0,-4.0,0.0,1.0,1.0,7.8,1.0,2.682784080505371,-16.549272537231445,0.019999999552965164
4.820090055465698,3.110390046281602,0.8775825618903728,0.479425538604203,0.0,0.0,-0.021025478253109794,0.0710272213212298,-0.9965451204444102,-0.03756176265896813,1.0,0.0,0.0,3.069572849599059,0.047259080379009624,-3.0009892178130144,0.08243539655340537,0.08060506597852721,4.750694008482901,1.1185064555253277,-4.0,-4.0,0.0,1.0,1.0,7.8,1.0,2.727311611175537,-16.640052795410156,0.019999999552965164
4.840147256851196,2.8990992366943513,0.8775825618903728,0.479425538604203,0.0,0.0,0.09865951425856687,0.071685767242378,-0.9913109802079147,-0.04929494436916027,1.0,0.0,0.0,3.0274235308541995,-0.18967224471100771,-2.9863441178701975,0.022715905723933588,-0.05313835502635281,4.879757377093638,0.22134214722027745,-4.0,-4.0,0.0,1.0,1.0,7.8,1.0,2.794102907180786,-16.721755981445312,0.019999999552965164
4.860110282897949,3.028873925444591,0.8775825618903728,0.479425538604203,0.0,0.0,0.041411232115588004,0.04169105646325345,-0.9937778515495542,0.09461790229760278,1.0,0.0,0.0,-2.955153509219465,-0.09031931893654423,-3.066187343892301,-0.060415646419841366,0.0789485432071029,4.64403078889592,0.5763374232325394,-4.0,-4.0,0.0,1.0,1.0,7.8,1.0,2.794102907180786,-16.721755981445312,0.019999999552965164
4.880102634429932,2.880608701098593,0.8775825618903728,0.479425538604203,0.0,0.0,0.0674464467898822,0.1479523315584012,-0.9857286319593751,0.0435906932423781,1.0,0.0,0.0,-3.074850315774116,-0.1463887607031665,-2.848523861691989,-0.08670520860967629,-0.04048360471505737,4.120616030235745,2.296917576188637,-4.0,-4.0,0.0,1.0,1.0,7.8,1.0,2.849762439727783,-16.785303115844727,0.019999999552965164
4.900099754333496,2.919065516304889,0.8775825618903728,0.479425538604203,0.0,0.0,0.10461697791629869,0.0400982166760616,-0.9921500612905,0.05554886886622702,1.0,0.0,0.0,-3.0371977468567204,-0.21366840562168302,-3.0720113035637797,-0.08611224034299166,0.0492028252343544,4.041478511497408,0.045117856034924575,-4.0,-4.0,0.0,1.0,1.0,7.8,1.0,2.9054219722747803,-16.857927322387695,0.019999999552965164
4.9201109409332275,3.128618739988128,0.8775825618903728,0.479425538604203,0.0,0.0,-0.019846723466900053,0.02279859173116669,-0.9988833589714194,-0.036309323219778214,1.0,0.0,0.0,3.0698373068501748,0.0413164803650033,-3.097435607939513,-0.09292625274434974,-0.002182026068406187,3.469249988176653,-0.2187484415541443,4.0,-3.6619075273192756,0.0,1.0,0.0,7.8,1.0,2.9722132682800293,-16.93962860107422,0.019999999552965164
4.94010066986084,3.1339363934634203,0.8775825618903728,0.479425538604203,0.0,0.0,-0.02871115086103727,0.044570601466930315,-0.9947344934136912,-0.08770643599028467,1.0,0.0,0.0,2.9684350870537126,0.06498392865821902,-3.057681790535909,-0.03716487359459904,0.07745706570076294,4.117343053006773,-0.9089253373384605,4.0,-4.0,0.0,1.0,1.0,7.8,1.0,3.0390045642852783,-17.021331787109375,0.019999999552965164
4.960104942321777,3.0413947956030123,0.8775825618903728,0.479425538604203,0.0,0.0,-0.011724150834326808,-0.08299320927816813,-0.9935537264825582,-0.0763260381098491,1.0,0.0,0.0,2.987359130978152,0.010628261887656145,2.9740949906482763,0.08223056806496373,0.042111447232279914,3.9337826992098535,1.0153284455284366,4.0,-4.0,0.0,1.0,1.0,7.8,1.0,3.0390045642852783,-17.021331787109375,0.019999999552965164
4.980104446411133,3.139435705154707,0.8775825618903728,0.479425538604203,0.0,0.0,0.0761536701430542,-0.14164787121622127,-0.9869743656288505,-0.004254491178018025,1.0,0.0,0.0,-3.1282624748075585,-0.15211466845882807,2.8554889732786233,0.03422354995800467,0.01578101931004483,1.9124187481362727,3.079460120833373,4.0,1.888612689408875,0.0,1.0,0.0,7.8,1.0,3.1057958602905273,-17.093955993652344,0.019999999552965164
5.000095367431641,2.279665785680649,0.7701511529340699,0.42073549240394825,0.42073549240394825,-0.22984884706593015,0.02061044986405036,-0.008316915555278337,-0.9988289587351576,0.042973823009930655,1.0,1.0,0.0,-3.0552248639156607,-0.040468854298697926,3.123190777453209,0.09226635034550987,0.054205539619850224,0.7995329179417152,4.0,4.0,4.0,1.0,1.0,1.0,7.8,1.0,3.1725871562957764,-17.175657272338867,0.019999999552965164
5.020092010498047,2.1359528947068163,0.7701511529340699,0.42073549240394825,0.42073549240394825,-0.22984884706593015,-0.008100771376504333,-0.14077453496682232,-0.990008441654877,-0.00043961353748778,1.0,1.0,0.0,3.1384410422985596,0.01591656334455981,2.8590708189945997,0.0642378543868379,-0.003994084574829387,1.7702944336723596,4.0,4.0,0.10888961992062374,1.0,1.0,0.0,7.8,1.0,3.2393784523010254,-17.257360458374023,0.019999999552965164
5.040099859237671,2.2098311277758462,0.7701511529340699,0.42073549240394825,0.42073549240394825,-0.22984884706593015,0.03517536703020098,-0.10488966454452006,-0.9917429354107632,0.06485986346633371,1.0,1.0,0.0,-3.004924866100657,-0.05619315343756932,2.927003293146097,0.057394985564949735,0.044537746140954904,2.2310096532726558,4.0,4.0,-2.622163984626523,1.0,1.0,0.0,7.8,1.0,3.2950377464294434,-17.33906364440918,0.019999999552965164
5.060106515884399,2.2605050240298157,0.7701511529340699,0.42073549240394825,0.42073549240394825,-0.22984884706593015,0.08457240138717409,-0.17252051261381068,-0.9809928280480642,0.027152402643880396,1.0,1.0,0.0,-3.0580123133916666,-0.15720789360882648,2.7868393965735487,0.08601448746963236,-0.06485722534967178,2.0995216935145193,4.0,4.0,-2.4020332825453323,1.0,1.0,0.0,7.8,1.0,3.3395652770996094,-17.420764923095703,0.019999999552965164
5.080112934112549,2.148478183710568,0.7701511529340699,0.42073549240394825,0.42073549240394825,-0.22984884706593015,0.030070180883610773,-0.1449085708919498,-0.9829806468889999,0.10884088453041368,1.0,1.0,0.0,-2.916931011099212,-0.027576352614253587,2.845755000106122,0.02809310925803732,0.03871686523916987,1.965268199836566,4.0,4.0,-2.6236500303463846,1.0,1.0,0.0,7.8,1.0,3.3952248096466064,-17.50246810913086,0.019999999552965164
5.1001136302948,2.2562067638503094,0.7701511529340699,0.42073549240394825,0.42073549240394825,-0.22984884706593015,0.08677518740712233,-0.15942940406833023,-0.9811227693765397,0.06671164350984904,1.0,1.0,0.0,-2.9805334099541323,-0.1495595656289809,2.807322414013478,-0.053515296262218987,-0.046042338894758866,2.1332418890591405,4.0,4.0,-3.045120821930303,1.0,1.0,0.0,7.8,1.0,3.4508841037750244,-17.575092315673828,0.019999999552965164
5.120090007781982,1.99108677473442,0.7701511529340699,0.42073549240394825,0.42073549240394825,-0.22984884706593015,-0.08898281821516443,-0.185441044190387,-0.9768536431021486,-0.05874212415401702,1.0,1.0,0.0,2.991524409278092,0.15265215562966286,2.7548893324548467,0.08151731503291745,0.00865213355499403,1.6075884511530796,4.0,4.0,1.543011841713156,1.0,1.0,0.0,7.8,1.0,3.4508841037750244,-17.575092315673828,0.019999999552965164
5.140084743499756,2.2767671579838433,0.7701511529340699,0.42073549240394825,0.42073549240394825,-0.22984884706593015,0.0858588902819852,-0.12840241364683105,-0.9853591679932091,0.07216911514592009,1.0,1.0,0.0,-2.974647278435669,-0.15124629063767264,2.8697541068890566,0.07082257952175605,-0.08014469215760432,-0.6391338647757826,4.0,4.0,4.0,1.0,1.0,1.0,7.8,1.0,3.5065436363220215,-17.647716522216797,0.019999999552965164
5.160099267959595,2.1405347268407775,0.7701511529340699,0.42073549240394825,0.42073549240394825,-0.22984884706593015,0.023685104720191856,-0.2106530770904006,-0.977247191838419,-0.00722654624724745,1.0,1.0,0.0,3.1374420233310922,-0.04935703003084362,2.7170769457820714,-0.06942579937296865,0.05101861228171453,0.8973567805074905,4.0,4.0,2.863670703049106,1.0,1.0,0.0,7.8,1.0,3.5622029304504395,-17.729419708251953,0.019999999552965164
5.180089235305786,2.0262834162677845,0.7701511529340699,0.42073549240394825,0.42073549240394825,-0.22984884706593015,-0.045551838637166046,-0.16160372137814424,-0.9844350049230987,0.051932536194255814,1.0,1.0,0.0,-3.053452502323472,0.10667282276146438,2.8208859263401616,-0.010065723800190912,0.0787154269739406,2.6413010686893146,4.0,4.0,-4.0,1.0,1.0,1.0,7.8,1.0,3.6067306995391846,-17.811120986938477,0.019999999552965164
5.200090408325195,2.2103490169864055,0.7701511529340699,0.42073549240394825,0.42073549240394825,-0.22984884706593015,0.05864138853248345,-0.2311052201656724,-0.969940744799357,-0.048646853353810734,1.0,1.0,0.0,3.073642798754407,-0.13666747633377677,2.678432819729373,0.008341767977331146,0.09448604792436427,3.2850099652850053,4.0,4.0,-4.0,1.0,1.0,1.0,7.8,1.0,3.6512582302093506,-17.901901245117188,0.019999999552965164
5.220096826553345,1.9850674475277914,0.7701511529340699,0.42073549240394825,0.42073549240394825,-0.22984884706593015,-0.03857465302764968,-0.2990389183746656,-0.9525235669620433,-0.04226790535397431,1.0,1.0,0.0,3.0376922371466284,0.048225725881749726,2.530685129714399,-0.0688013836812676,-0.058454421986414956,3.277419937767597,4.0,4.0,-4.0,1.0,1.0,1.0,7.8,1.0,3.7069175243377686,-17.9654483795166,0.019999999552965164
5.240103483200073,2.2847097545427446,0.7701511529340699,0.42073549240394825,0.42073549240394825,-0.22984884706593015,0.08264306260737601,-0.22577807385461374,-0.9658280650034242,-0.09680152075827587,1.0,1.0,0.0,2.9881278244943164,-0.20477748620730193,2.6981065055838807,-0.03939809118338971,-0.019396477890999964,3.473349932126338,4.0,4.0,-4.0,1.0,1.0,1.0,7.8,1.0,3.7069175243377686,-17.9654483795166,0.019999999552965164
5.260149955749512,1.98676497902867,0.7701511529340699,0.42073549240394825,0.42073549240394825,-0.22984884706593015,0.009990049026064877,-0.3321167226257457,-0.9397733380080444,0.08015456719369195,1.0,1.0,0.0,-2.983552109757678,0.0344714074093599,2.4649198738818647,-0.06590928387405443,-0.07442068367241386,2.7415614761570564,4.0,4.0,-4.0,1.0,1.0,1.0,7.8,1.0,3.7625770568847656,-18.047149658203125,0.019999999552965164
5.280111074447632,1.9676114445750434,0.7701511529340699,0.42073549240394825,0.42073549240394825,-0.22984884706593015,0.014633141023200052,-0.38088926638589765,-0.9214803541070004,0.07472077977808507,1.0,1.0,0.0,-2.992115141661074,0.029956862458363567,2.359921014397725,0.03841516604116085,0.09229907152510483,2.7754591618282984,4.0,4.0,-4.0,1.0,1.0,1.0,7.8,1.0,3.8405001163482666,-18.20147705078125,0.019999999552965164
5.3016088008880615,1.8188273118578102,0.7701511529340699,0.42073549240394825,0.42073549240394825,-0.22984884706593015,-0.07406368874947501,-0.3997324782857288,-0.9134075080763724,0.020377438555471902,1.0,1.0,0.0,3.1193482532542554,0.15217839157915952,2.3148614155033718,-0.08251770161592689,-0.02400317050672017,2.2855481867334717,4.0,4.0,-4.0,1.0,1.0,1.0,7.8,1.0,3.8850276470184326,-18.29225730895996,0.019999999552965164
5.320082902908325,2.0635437027264545,0.7701511529340699,0.42073549240394825,0.42073549240394825,-0.22984884706593015,0.006281566373936779,-0.3409792856553071,-0.936306677513867,-0.08380617113810832,1.0,1.0,0.0,2.987972567597691,-0.06896994880921202,2.44840984603425,0.061799542487616016,0.004906427756159237,2.517640673408066,4.0,4.0,-3.7990632558051427,1.0,1.0,0.0,7.8,1.0,3.8850276470184326,-18.29225730895996,0.019999999552965164
5.340119361877441,2.0552211969615084,0.7701511529340699,0.42073549240394825,0.42073549240394825,-0.22984884706593015,0.01893020025294369,-0.36116051227534574,-0.9308153799514512,-0.05279640458618937,1.0,1.0,0.0,3.0566480953658606,-0.0734430020546796,2.40446960466978,-0.09850456675972707,-0.015588851498363573,3.4342141934633172,4.0,4.0,-4.0,1.0,1.0,1.0,7.8,1.0,3.9184234142303467,-18.373960494995117,0.019999999552965164
5.3600921630859375,1.8213978218082694,0.7701511529340699,0.42073549240394825,0.42073549240394825,-0.22984884706593015,-0.09760747832190779,-0.43220779325106823,-0.8925191792462283,-0.08413511933978077,1.0,1.0,0.0,2.903576037087825,0.10168050498575916,2.2274774619005986,0.03722516722155314,0.07539325533354357,3.5837621486603726,4.0,4.0,-4.0,1.0,1.0,1.0,7.8,1.0,3.9740827083587646,-18.4375057220459,0.019999999552965164
5.38009786605835,1.8213978218082694,0.7701511529340699,0.42073549240394825,0.42073549240394825,-0.22984884706593015,-0.09760747832190779,-0.43220779325106823,-0.8925191792462283,-0.08413511933978077,1.0,1.0,0.0,2.903576037087825,0.10168050498575916,2.2274774619005986,0.03722516722155314,0.07539325533354357,3.5837621486603726,4.0,4.0,-4.0,1.0,1.0,1.0,7.8,1.0,3.9740827083587646,-18.4375057220459,0.019999999552965164
5.400119781494141,1.8213978218082694,0.7701511529340699,0.42073549240394825,0.42073549240394825,-0.22984884706593015,-0.09760747832190779,-0.43220779325106823,-0.8925191792462283,-0.08413511933978077,1.0,1.0,0.0,2.903576037087825,0.10168050498575916,2.2274774619005986,0.03722516722155314,0.07539325533354357,3.5837621486603726,4.0,4.0,-4.0,1.0,1.0,1.0,7.8,1.0,3.9740827083587646,-18.4375057220459,0.019999999552965164
5.4201014041900635,1.941846284088386,0.7701511529340699,0.42073549240394825,0.42073549240394825,-0.22984884706593015,-0.009299383625213679,-0.4424407826498798,-0.8963803399720878,-0.025728610997823167,1.0,1.0,0.0,3.0872107478054964,-0.006095242003385628,2.224751925453217,-0.05642657765826076,0.09788155715869198,3.7608820286320928,4.0,4.0,-4.0,1.0,1.0,1.0,7.8,1.0,3.9963464736938477,-18.519208908081055,0.019999999552965164
5.440134763717651,1.948951283351721,0.7701511529340699,0.42073549240394825,0.42073549240394825,-0.22984884706593015,0.032770835016272176,-0.4576813606600497,-0.8829661173774571,0.09911952401056284,1.0,1.0,0.0,-2.9349794239832123,0.032865159378556164,2.188568419437015,0.07752562794864601,0.010720295930707002,3.310122931398605,4.0,4.0,-4.0,1.0,1.0,1.0,7.8,1.0,4.040874004364014,-18.591833114624023,0.019999999552965164
5.460093975067139,1.8961878608334948,0.7701511529340699,0.42073549240394825,0.42073549240394825,-0.22984884706593015,-0.03486758173317588,-0.46507076262527897,-0.8833071982031588,-0.047558712111527145,1.0,1.0,0.0,3.0248604828004355,0.017362111103046533,2.1713168961881597,0.0023165641223897443,0.001377508451918863,2.906913962455943,4.0,4.0,-4.0,1.0,1.0,1.0,7.8,1.0,4.063138008117676,-18.67353630065918,0.019999999552965164
5.480113506317139,1.8735084352946447,0.7701511529340699,0.42073549240394825,0.42073549240394825,-0.22984884706593015,-0.0007441947472653786,-0.49233233513466024,-0.8658761720964836,0.08869482820644929,1.0,1.0,0.0,-2.987515185026448,0.08873984642343703,2.1144331473163014,-0.07426831111096642,-0.07193513869116563,3.538837371552645,4.0,4.0,-4.0,1.0,1.0,1.0,7.8,1.0,4.08540153503418,-18.74616050720215,0.019999999552965164
5.500096321105957,1.9257529078177085,0.7701511529340699,0.42073549240394825,0.42073549240394825,-0.22984884706593015,0.03904347552206189,-0.6225146317426861,-0.7801452367484093,0.04821358588815499,1.0,1.0,0.0,-3.0174364083744645,-0.0008918376991852028,1.794561375249649,0.02093100144183943,-0.0971527624615372,4.578570250565882,4.0,4.0,-4.0,1.0,1.0,1.0,7.8,1.0,4.118797302246094,-18.818784713745117,0.019999999552965164
5.520106554031372,1.8663029349265883,0.7701511529340699,0.42073549240394825,0.42073549240394825,-0.22984884706593015,-0.01950264680102394,-0.6046303792900527,-0.7953588598618879,-0.0380267701299876,1.0,1.0,0.0,3.0574102063676323,-0.01496163323435905,1.8422306393267018,0.05525952187444999,-0.04221827144834034,5.318127317454466,4.0,4.0,-4.0,1.0,1.0,1.0,7.8,1.0,4.118797302246094,-18.818784713745117,0.019999999552965164
5.540095806121826,1.8663029349265883,0.7701511529340699,0.42073549240394825,0.42073549240394825,-0.22984884706593015,-0.01950264680102394,-0.6046303792900527,-0.7953588598618879,-0.0380267701299876,1.0,1.0,0.0,3.0574102063676323,-0.01496163323435905,1.8422306393267018,0.05525952187444999,-0.04221827144834034,5.318127317454466,4.0,4.0,-4.0,1.0,1.0,1.0,7.8,1.0,4.118797302246094,-18.818784713745117,0.019999999552965164
5.5601255893707275,2.06250493085819,0.7701511529340699,0.42073549240394825,0.42073549240394825,-0.22984884706593015,0.08098117921044247,-0.6018423367748618,-0.7931095545019788,-0.046958330855478035,1.0,1.0,0.0,-3.1181972154945274,-0.1860483740184266,1.8411418935520834,-0.005647209474191506,0.0061499121162022635,5.167100380151902,4.0,4.0,-4.0,1.0,1.0,1.0,7.8,1.0,4.152193069458008,-18.90048599243164,0.019999999552965164
5.580091714859009,1.9029894149244266,0.7701511529340699,0.42073549240394825,0.42073549240394825,-0.22984884706593015,0.033287539350954735,-0.7251151923962547,-0.6856547042356181,0.05456669350133129,1.0,1.0,0.0,-3.0181075637697763,0.03349302264673152,1.516939900127424,-0.03068969701220152,-0.023600124766878477,6.336491557857386,4.0,4.0,-4.0,1.0,1.0,1.0,7.8,1.0,4.185588359832764,-18.982189178466797,0.019999999552965164
5.600107431411743,1.6755363139789954,0.7701511529340699,0.42073549240394825,0.42073549240394825,-0.22984884706593015,-0.07480270163444747,-0.7144385618206002,-0.6898446181167893,0.08998055382804387,1.0,1.0,0.0,-3.1238471933614247,0.23390262975021656,1.5378577871681485,-0.0333596774783874,0.07886480490424125,7.0495358698629635,4.0,4.0,-4.0,1.0,1.0,1.0,7.8,1.0,4.207852363586426,-19.045734405517578,0.019999999552965164
5.620102167129517,1.922350440957362,0.7701511529340699,0.42073549240394825,0.42073549240394825,-0.22984884706593015,0.00888987992294411,-0.7553836402587946,-0.6527573971364458,-0.05678297762516802,1.0,1.0,0.0,3.0805643593711536,-0.09754635787454516,1.428272098484022,0.02656065141561903,0.09753127766654365,6.414020660259864,4.0,4.0,-4.0,1.0,1.0,1.0,7.8,1.0,4.252379894256592,-19.127439498901367,0.019999999552965164
5.640109539031982,1.7740806216621876,0.7701511529340699,0.42073549240394825,0.42073549240394825,-0.22984884706593015,-0.07808461077723147,-0.7651510902722953,-0.6346192385827806,-0.07553161348400989,1.0,1.0,0.0,2.9245015443394613,-0.016478946156747065,1.3866252828866918,-0.06224231877210509,-0.06430449653927317,5.662800191047681,4.0,4.0,-4.0,1.0,1.0,1.0,7.8,1.0,4.274643898010254,-19.200063705444336,0.019999999552965164
5.660112142562866,2.0453508694057043,0.7701511529340699,0.42073549240394825,0.42073549240394825,-0.22984884706593015,0.06389032724039892,-0.8050391971738656,-0.5861360807014759,-0.06537898744004578,1.0,1.0,0.0,-3.114926740271919,-0.18115129324993412,1.2562312175507842,-0.06443888219002608,-0.076147117526319,5.9907324128259205,4.0,4.0,-4.0,1.0,1.0,1.0,7.8,1.0,4.274643898010254,-19.200063705444336,0.019999999552965164
5.680100679397583,2.0453508694057043,0.7701511529340699,0.42073549240394825,0.42073549240394825,-0.22984884706593015,0.06389032724039892,-0.8050391971738656,-0.5861360807014759,-0.06537898744004578,1.0,1.0,0.0,-3.114926740271919,-0.18115129324993412,1.2562312175507842,-0.06443888219002608,-0.076147117526319,5.9907324128259205,4.0,4.0,-4.0,1.0,1.0,1.0,7.8,1.0,4.274643898010254,-19.200063705444336,0.019999999552965164
5.700091600418091,1.8969924534638656,0.7701511529340699,0.42073549240394825,0.42073549240394825,-0.22984884706593015,0.009626997822937407,-0.8419366232999922,-0.5377972635162716,0.04271002942558424,1.0,1.0,0.0,-3.0792849167728273,0.06160248454572136,1.1387894914868573,0.06584305777279281,0.06162206329812789,6.454390562029757,4.0,4.0,-4.0,1.0,1.0,1.0,7.8,1.0,4.30803918838501,-19.290843963623047,0.019999999552965164
5.7201104164123535,1.9376630459537818,0.7701511529340699,0.42073549240394825,0.42073549240394825,-0.22984884706593015,0.027100350558215355,-0.8444400117629086,-0.5340586910408595,0.031111927892764603,1.0,1.0,0.0,-3.0624877413336087,0.023600148709466195,1.128798844489655,0.08785485624044129,0.008967870532508998,8.517758559289172,4.0,4.0,-4.0,1.0,1.0,1.0,7.8,1.0,4.31917142868042,-19.37254524230957,0.019999999552965164
5.740088701248169,2.1218005475758677,0.7701511529340699,0.42073549240394825,0.42073549240394825,-0.22984884706593015,0.07922650540684886,-0.9067064165541672,-0.41334905663502747,-0.027371379202597444,1.0,1.0,0.0,-3.0194362828610504,-0.1153878952268713,0.8484011748288416,0.03615716320638815,0.053809348923250816,9.436294114022862,4.0,2.4198250066396936,-4.0,1.0,0.0,1.0,7.8,1.0,4.31917142868042,-19.37254524230957,0.019999999552965164
5.760099411010742,2.1112118126614163,0.7701511529340699,0.42073549240394825,0.42073549240394825,-0.22984884706593015,0.04487524199979193,-0.916593036776747,-0.38660536221867037,-0.09154076409781481,1.0,1.0,0.0,-3.1298650298588018,-0.203919608647111,0.7970891209510049,-0.0542042357724111,-0.08888241275245597,11.54458245985158,4.0,1.7041870768739975,-4.0,1.0,0.0,1.0,7.8,1.0,4.352566719055176,-19.445171356201172,0.019999999552965164
5.780114650726318,2.231233856062503,0.7701511529340699,0.42073549240394825,0.42073549240394825,-0.22984884706593015,0.07990655046395352,-0.9793071523519754,-0.16192906788567507,0.09138611228678489,1.0,1.0,0.0,-2.952138558978138,0.15371639944247434,0.3423692753335936,-0.050510652917895076,0.06677532038192405,11.286573530959606,4.0,-0.8333784566919649,-4.0,1.0,0.0,1.0,7.8,1.0,4.38596248626709,-19.545028686523438,0.019999999552965164
5.800093173980713,2.1841021747123666,0.7701511529340699,0.42073549240394825,0.42073549240394825,-0.22984884706593015,0.011283825015270227,-0.9941934627424404,-0.0984456072392753,0.04195826913149534,1.0,1.0,0.0,-3.1107882328877228,0.08129710990564258,0.19865060406225374,-0.09388709591903865,-0.041951955970944234,9.685093703843066,4.0,-2.438099867271332,-4.0,1.0,0.0,1.0,7.8,1.0,4.38596248626709,-19.60857582092285,0.019999999552965164
5.821746826171875,2.1841021747123666,0.7701511529340699,0.42073549240394825,0.42073549240394825,-0.22984884706593015,0.011283825015270227,-0.9941934627424404,-0.0984456072392753,0.04195826913149534,1.0,1.0,0.0,-3.1107882328877228,0.08129710990564258,0.19865060406225374,-0.09388709591903865,-0.041951955970944234,9.685093703843066,4.0,-2.438099867271332,-4.0,1.0,0.0,1.0,7.8,1.0,4.38596248626709,-19.60857582092285,0.019999999552965164
5.840087175369263,2.1841021747123666,0.7701511529340699,0.42073549240394825,0.42073549240394825,-0.22984884706593015,0.011283825015270227,-0.9941934627424404,-0.0984456072392753,0.04195826913149534,1.0,1.0,0.0,-3.1107882328877228,0.08129710990564258,0.19865060406225374,-0.09388709591903865,-0.041951955970944234,9.685093703843066,4.0,-2.438099867271332,-4.0,1.0,0.0,1.0,7.8,1.0,4.38596248626709,-19.60857582092285,0.019999999552965164
5.8600921630859375,2.4171739768192917,0.7701511529340699,0.42073549240394825,0.42073549240394825,-0.22984884706593015,0.07458278500918032,-0.9931879144271896,0.053632342887393394,0.07168505152717014,1.0,1.0,0.0,-2.9990341655126627,0.1509663410593037,-0.09709615814762444,0.05691587908404583,-0.07941184431133752,12.521197938033744,4.0,-3.843313373398749,-4.0,1.0,0.0,1.0,7.8,1.0,4.408226490020752,-19.68120002746582,0.019999999552965164
5.880129337310791,2.438358548311318,0.7701511529340699,0.42073549240394825,0.42073549240394825,-0.22984884706593015,0.05072809828724708,-0.9874559621450831,0.12268662287123978,0.08547148902843399,1.0,1.0,0.0,-3.060960194433408,0.18225326842919007,-0.2398512623888694,-0.05696004279774705,-0.040355244410007735,12.234451517240126,4.0,-4.0,-4.0,1.0,1.0,1.0,7.8,1.0,4.419358253479004,-19.762901306152344,0.019999999552965164
5.900103569030762,2.5427392460998335,0.7701511529340699,0.42073549240394825,0.42073549240394825,-0.22984884706593015,0.06913326335996907,-0.9824588881803379,0.17072693316263332,0.02911080942772302,1.0,1.0,0.0,-3.014940073852673,0.0808943655495735,-0.3389815308608082,-0.0111953803835005,-0.044289276323296205,11.839688618909978,4.0,-4.0,-4.0,1.0,1.0,1.0,7.8,1.0,4.452754020690918,-19.826448440551758,0.019999999552965164
5.920142412185669,2.6739840676505957,0.7701511529340699,0.42073549240394825,0.42073549240394825,-0.22984884706593015,0.02509445980033374,-0.9304968259105842,0.3618436923687978,0.051137729227763884,1.0,1.0,0.0,-3.131836748341339,0.113571526264762,-0.741197763582038,-0.08459759404121277,-0.09200024587856977,12.096944472584097,4.0,-4.0,-4.0,1.0,1.0,1.0,7.8,1.0,4.452754020690918,-19.899072647094727,0.019999999552965164
5.940124034881592,2.877611978741437,0.7701511529340699,0.42073549240394825,0.42073549240394825,-0.22984884706593015,0.03758751785527973,-0.8523130280329929,0.5152642080403497,0.0815627161101259,1.0,1.0,0.0,3.1212878363568004,0.17871881019162394,-1.0893332744990207,-0.08483031276416844,0.058638851662455554,12.050199515513462,4.0,-4.0,-4.0,1.0,1.0,1.0,7.8,1.0,4.46388578414917,-19.953540802001953,0.019999999552965164
5.960116624832153,3.0481911827244144,0.7701511529340699,0.42073549240394825,0.42073549240394825,-0.22984884706593015,0.08339662666239993,-0.8301774721850351,0.5504350738895086,-0.02952281778639315,1.0,1.0,0.0,-2.969620716825047,0.04280356943236264,-1.1672753952133703,-0.012850660997789448,-0.05136295743399449,10.916028683479908,4.0,-4.0,-4.0,1.0,1.0,1.0,7.8,1.0,4.475017547607422,-20.026165008544922,0.019999999552965164
5.980096817016602,2.907991921067645,0.7701511529340699,0.42073549240394825,0.42073549240394825,-0.22984884706593015,-0.0037714983807612804,-0.8437424104635554,0.5310305548867137,-0.0780453096721524,1.0,1.0,0.0,-3.0642765798198233,-0.13612585548661546,-1.128751808957123,-0.019758096258933877,0.023192005428062726,9.987321046193927,4.0,-4.0,-4.0,1.0,1.0,1.0,7.8,1.0,4.486149311065674,-20.089712142944336,0.019999999552965164
6.0000622272491455,2.8672463944830042,0.7701511529340699,0.42073549240394825,0.42073549240394825,-0.22984884706593015,-0.07730958395709404,-0.7638894100347403,0.6333298388891934,0.09689949761348439,1.0,1.0,0.0,2.898038229200073,0.05013706992595466,-1.390589729574434,0.04735120893625755,-0.04059052559251275,8.191257938758998,4.0,-4.0,-4.0,1.0,1.0,1.0,7.8,1.0,4.508413314819336,-20.162336349487305,0.019999999552965164
6.020122051239014,3.056026127555944,0.7701511529340699,0.42073549240394825,0.42073549240394825,-0.22984884706593015,0.009314838278493949,-0.6861669742053838,0.7218511283577117,-0.0895492366599077,1.0,1.0,0.0,-2.998177486241315,-0.10966327472452693,-1.629357603716124,0.07359922826813614,0.08662608539371028,7.4001334745386655,-4.0,4.0,-4.0,1.0,1.0,1.0,7.8,1.0,4.519545078277588,-20.225881576538086,0.019999999552965164
6.040098190307617,3.0654334607636335,0.7701511529340699,0.42073549240394825,0.42073549240394825,-0.22984884706593015,0.02706927904534848,0.7469556377586436,-0.6586359555328759,0.0867364250579809,1.0,1.0,0.0,-3.0666774501077034,-0.165995393961501,-1.4515272732819697,0.09465235260813959,-0.034652662369082265,7.824944283586823,4.0,-4.0,-4.0,1.0,1.0,1.0,7.8,1.0,4.519545078277588,-20.225881576538086,0.019999999552965164
6.060124158859253,2.9282732661508817,0.7701511529340699,0.42073549240394825,0.42073549240394825,-0.22984884706593015,-0.010954092250311803,0.5752349255962601,-0.8177293056465976,-0.0174232868302741,1.0,1.0,0.0,3.1256878086954947,0.03796905305682833,-1.9158140325508148,-0.00418807685092179,-0.04409152979150397,10.775032368297627,-4.0,4.0,-4.0,1.0,1.0,1.0,7.8,1.0,4.53067684173584,-20.2894287109375,0.019999999552965164
6.082159519195557,2.9282732661508817,0.7701511529340699,0.42073549240394825,0.42073549240394825,-0.22984884706593015,-0.010954092250311803,0.5752349255962601,-0.8177293056465976,-0.0174232868302741,1.0,1.0,0.0,3.1256878086954947,0.03796905305682833,-1.9158140325508148,-0.00418807685092179,-0.04409152979150397,10.775032368297627,-4.0,4.0,-4.0,1.0,1.0,1.0,7.8,1.0,4.53067684173584,-20.2894287109375,0.019999999552965164
6.100101947784424,2.9282732661508817,0.7701511529340699,0.42073549240394825,0.42073549240394825,-0.22984884706593015,-0.010954092250311803,0.5752349255962601,-0.8177293056465976,-0.0174232868302741,1.0,1.0,0.0,3.1256878086954947,0.03796905305682833,-1.9158140325508148,-0.00418807685092179,-0.04409152979150397,10.775032368297627,-4.0,4.0,-4.0,1.0,1.0,1.0,7.8,1.0,4.53067684173584,-20.2894287109375,0.019999999552965164
6.1200995445251465,2.819625078650335,0.7701511529340699,0.42073549240394825,0.42073549240394825,-0.22984884706593015,0.0007340012116809777,0.5116777056785412,-0.8564195141712,0.06878228333321759,1.0,1.0,0.0,-3.023958094511069,-0.07170738459854396,-2.068715198828105,-0.04532877646437919,-0.04207722722912588,8.323776184401398,-4.0,4.0,-4.0,1.0,1.0,1.0,7.8,1.0,4.552940845489502,-20.343896865844727,0.019999999552965164
6.140103578567505,2.773216928308874,0.7701511529340699,0.42073549240394825,0.42073549240394825,-0.22984884706593015,0.07931414390977579,0.3692631439465766,-0.9248076608886857,0.04565947284131755,1.0,1.0,0.0,-3.1152809974920657,-0.18141484163716026,-2.3842038718992358,0.02926159189168495,-0.04972425623467158,5.927891008089752,-1.2703013041633522,4.0,-4.0,0.0,1.0,1.0,7.8,1.0,4.586336612701416,-20.416521072387695,0.019999999552965164
6.160111665725708,2.8098235448822044,0.7701511529340699,0.42073549240394825,0.42073549240394825,-0.22984884706593015,-0.005748667048481938,0.5064232575532249,-0.8607865965906256,0.050486356238820716,1.0,1.0,0.0,-3.048641432165259,-0.041249876031229725,-2.0799283031010303,0.047019629482457165,-0.059840391657796935,6.908108732665477,-4.0,4.0,-4.0,1.0,1.0,1.0,7.8,1.0,4.60860013961792,-20.461912155151367,0.019999999552965164
6.180087327957153,2.5699643333785747,0.7701511529340699,0.42073549240394825,0.42073549240394825,-0.22984884706593015,-0.051288991003200946,0.3341135279556681,-0.9396098792322114,-0.05358045061512203,1.0,1.0,0.0,3.074537682350904,0.13257521201743963,-2.4627580509722633,0.046678782436663124,-0.0904816565850172,7.05470329446728,-0.99442658863666,4.0,-4.0,0.0,1.0,1.0,7.8,1.0,4.653127670288086,-20.52545738220215,0.019999999552965164
6.200120449066162,2.476012828412303,0.7701511529340699,0.42073549240394825,0.42073549240394825,-0.22984884706593015,-0.022069467039884813,0.23978866575472144,-0.9705254127857706,0.00973434831693447,1.0,1.0,0.0,-3.112087994434459,0.03817885883009896,-2.6565892269999813,0.014478237286944556,0.04206760138650323,6.1788692151255145,0.44247976827219526,4.0,-4.0,0.0,1.0,1.0,7.8,1.0,4.664259433746338,-20.589004516601562,0.019999999552965164
6.2201080322265625,2.5446771239347528,0.7701511529340699,0.42073549240394825,0.42073549240394825,-0.22984884706593015,0.021011488260059958,0.23055504952420136,-0.9727912557514193,-0.00894758255434844,1.0,1.0,0.0,3.1144741399344325,-0.03676204319255676,-2.675674355752806,0.044116448325076274,0.025653678248237,6.699888209280481,0.9962853222099299,4.0,-4.0,0.0,1.0,1.0,7.8,1.0,4.664259433746338,-20.589004516601562,0.019999999552965164
6.2401793003082275,2.5446771239347528,0.7701511529340699,0.42073549240394825,0.42073549240394825,-0.22984884706593015,0.021011488260059958,0.23055504952420136,-0.9727912557514193,-0.00894758255434844,1.0,1.0,0.0,3.1144741399344325,-0.03676204319255676,-2.675674355752806,0.044116448325076274,0.025653678248237,6.699888209280481,0.9962853222099299,4.0,-4.0,0.0,1.0,1.0,7.8,1.0,4.664259433746338,-20.589004516601562,0.019999999552965164
6.260120153427124,2.5732988896874716,0.7701511529340699,0.42073549240394825,0.42073549240394825,-0.22984884706593015,0.003834789428472524,0.3038640430085457,-0.9515510454744033,0.04693128607986378,1.0,1.0,0.0,-3.05444199862788,-0.03582712046259463,-2.524954855706343,0.08630370088504502,0.04978738298892041,6.414791930032148,-1.014025964961688,4.0,-4.0,0.0,1.0,1.0,7.8,1.0,4.697655200958252,-20.64347267150879,0.019999999552965164
6.280133962631226,2.3970309723294343,0.7701511529340699,0.42073549240394825,0.42073549240394825,-0.22984884706593015,-0.06555709168650069,0.24917005998221917,-0.964787378179254,0.05293263496243122,1.0,1.0,0.0,-3.005686699761076,0.10028687420251463,-2.629278650425155,-0.005045632276614143,-0.05952335818160448,4.430218691880838,-0.3797409892963828,4.0,-4.0,0.0,1.0,1.0,7.8,1.0,4.731050968170166,-20.688861846923828,0.019999999552965164
6.300097227096558,2.4195831672412003,0.7701511529340699,0.42073549240394825,0.42073549240394825,-0.22984884706593015,0.020837089370532077,0.154619535998152,-0.9837522978126666,0.08882584839211646,1.0,1.0,0.0,-2.9720642612820307,-0.068519094101567,-2.835621128158894,0.015948317323043762,-0.07583310335040433,4.341888262808453,1.5047794013220972,4.0,-4.0,0.0,1.0,1.0,7.8,1.0,4.731050968170166,-20.688861846923828,0.019999999552965164
6.32010293006897,2.2197384522253936,0.7701511529340699,0.42073549240394825,0.42073549240394825,-0.22984884706593015,-0.10383143507368751,0.09907829094425377,-0.9887811563030543,-0.04140471342853762,1.0,1.0,0.0,3.0787984677955555,0.21519481033783025,-2.9486393625394856,-0.05947626370287591,0.025124905391950753,6.081459248576646,2.731901280907177,4.0,-4.0,0.0,1.0,1.0,7.8,1.0,4.76444673538208,-20.743330001831055,0.019999999552965164
6.340167284011841,2.3853949879866905,0.7701511529340699,0.42073549240394825,0.42073549240394825,-0.22984884706593015,-0.023574322218399148,0.14829847923573272,-0.9885995715285252,-0.011076983430903258,1.0,1.0,0.0,3.1266641748889277,0.04991725677584712,-2.844168533323112,0.009066530130596592,0.07561486091671862,5.407612733681212,2.118896938986398,4.0,-4.0,0.0,1.0,1.0,7.8,1.0,4.797842025756836,-20.788721084594727,0.019999999552965164
6.36011528968811,2.2239378044696663,0.7701511529340699,0.42073549240394825,0.42073549240394825,-0.22984884706593015,-0.07305433311326641,0.07101667979117524,-0.9947576274460652,-0.008772584721109422,1.0,1.0,0.0,3.1344382694208184,0.1471188413724822,-2.9995798355094787,-0.0913532646148449,0.08429582974369093,5.222531057525572,3.30350711640806,4.0,-4.0,0.0,1.0,1.0,7.8,1.0,4.83123779296875,-20.85226821899414,0.019999999552965164
6.381213903427124,2.2239378044696663,0.7701511529340699,0.42073549240394825,0.42073549240394825,-0.22984884706593015,-0.07305433311326641,0.07101667979117524,-0.9947576274460652,-0.008772584721109422,1.0,1.0,0.0,3.1344382694208184,0.1471188413724822,-2.9995798355094787,-0.0913532646148449,0.08429582974369093,5.222531057525572,3.30350711640806,4.0,-4.0,0.0,1.0,1.0,7.8,1.0,4.83123779296875,-20.85226821899414,0.019999999552965164
6.400100469589233,2.2239378044696663,0.7701511529340699,0.42073549240394825,0.42073549240394825,-0.22984884706593015,-0.07305433311326641,0.07101667979117524,-0.9947576274460652,-0.008772584721109422,1.0,1.0,0.0,3.1344382694208184,0.1471188413724822,-2.9995798355094787,-0.0913532646148449,0.08429582974369093,5.222531057525572,3.30350711640806,4.0,-4.0,0.0,1.0,1.0,7.8,1.0,4.83123779296875,-20.85226821899414,0.019999999552965164
6.420123338699341,2.029164174414463,0.7701511529340699,0.42073549240394825,0.42073549240394825,-0.22984884706593015,-0.04770976210355822,-0.12750343953678062,-0.9856779111943087,0.09952741777991155,1.0,1.0,0.0,-2.955149948257525,0.11971886922223758,2.8955152359959406,0.03997200625394662,0.06833946385659442,5.513161536055128,4.0,4.0,-4.0,1.0,1.0,1.0,7.8,1.0,4.864633560180664,-20.89765739440918,0.019999999552965164
6.440108060836792,2.398068531172788,0.7701511529340699,0.42073549240394825,0.42073549240394825,-0.22984884706593015,0.07843131035063033,0.011411519910958337,-0.9960141728331265,0.04091545289432297,1.0,1.0,0.0,-3.0607868301716152,-0.15782560379257243,-3.1250726242309828,-0.00016325991972918064,-0.08738229442167372,4.0640068832707215,4.0,4.0,-4.0,1.0,1.0,1.0,7.8,1.0,4.886897087097168,-20.94304847717285,0.019999999552965164
6.460123538970947,2.3662648289230446,0.7701511529340699,0.42073549240394825,0.42073549240394825,-0.22984884706593015,0.04977020403044067,-0.040279476738919365,-0.9945126686826087,-0.08273477125249715,1.0,1.0,0.0,2.9794269362132324,-0.10585681203548593,3.06924347702154,0.0626268145441414,0.08189515860436869,6.032318054808646,4.0,4.0,-4.0,1.0,1.0,1.0,7.8,1.0,4.931424617767334,-20.997516632080078,0.019999999552965164
6.480141878128052,2.2847439574583244,0.7701511529340699,0.42073549240394825,0.42073549240394825,-0.22984884706593015,0.0695650253605718,-0.1736366938197368,-0.9797943069323595,-0.07081046468475875,1.0,1.0,0.0,3.0252157742533528,-0.16161201242491274,2.8002347940633596,0.02592389466048256,-0.08939156351929307,6.3021971317702485,4.0,4.0,-4.0,1.0,1.0,1.0,7.8,1.0,4.953688621520996,-21.051984786987305,0.019999999552965164
6.5001060962677,2.095554498040964,0.7701511529340699,0.42073549240394825,0.42073549240394825,-0.22984884706593015,0.06051925043216573,-0.3101892163423306,-0.9455974382046188,0.07723700701685317,1.0,1.0,0.0,-2.9565149827649324,-0.0665867173397852,2.5014615773179605,-0.04931183199491884,-0.021164674646317147,6.857732018764848,4.0,4.0,-4.0,1.0,1.0,1.0,7.8,1.0,4.98708438873291,-21.10645294189453,0.019999999552965164
6.520092248916626,1.9186118645571808,0.7701511529340699,0.42073549240394825,0.42073549240394825,-0.22984884706593015,-0.07456748851100856,-0.3273717493373591,-0.939286025280802,-0.07077563214235871,1.0,1.0,0.0,2.957978986683489,0.09387834793948441,2.4622095592462774,-0.03274140490006537,-0.07571343138201624,5.227334630585544,4.0,4.0,-4.0,1.0,1.0,1.0,7.8,1.0,5.009347915649414,-21.160921096801758,0.019999999552965164
6.540165901184082,2.0538419545908786,0.7701511529340699,0.42073549240394825,0.42073549240394825,-0.22984884706593015,0.06389082787040945,-0.38114134617723333,-0.9181998463922386,0.08693835996560742,1.0,1.0,0.0,-2.931420200955506,-0.05107969898251957,2.3492992787399283,-0.05714465336927006,-0.001472991358777806,6.924504309049362,4.0,4.0,-4.0,1.0,1.0,1.0,7.8,1.0,5.05387544631958,-21.215389251708984,0.019999999552965164
6.56058144569397,1.9792905196848232,0.7701511529340699,0.42073549240394825,0.42073549240394825,-0.22984884706593015,0.03220261058698045,-0.41418157922543586,-0.9061406756461657,0.07953418913409308,1.0,1.0,0.0,-2.9699322152471583,0.007523072449442814,2.2847827746679985,-0.02365326335533942,-0.04221866737743421,7.274785991057054,4.0,4.0,-4.0,1.0,1.0,1.0,7.8,1.0,5.05387544631958,-21.215389251708984,0.019999999552965164
6.580074310302734,2.105360324347724,0.7701511529340699,0.42073549240394825,0.42073549240394825,-0.22984884706593015,0.07651856805690303,-0.3797203260933335,-0.9214677332408366,0.029233530236495834,1.0,1.0,0.0,-3.02856637154465,-0.11909901350580679,2.3530901404347797,0.09603857241550548,-0.012408947184359337,5.526537745997373,4.0,4.0,-4.0,1.0,1.0,1.0,7.8,1.0,5.076139450073242,-21.288013458251953,0.019999999552965164
6.600136995315552,1.9056114361731624,0.7701511529340699,0.42073549240394825,0.42073549240394825,-0.22984884706593015,-0.035524026175018625,-0.47367436629647597,-0.877124868663376,-0.07087032559685254,1.0,1.0,0.0,2.9829483024810517,-0.004820918220320908,2.151661783097643,0.08671493910500636,-0.08667348783819816,5.3736043327232315,4.0,4.0,-4.0,1.0,1.0,1.0,7.8,1.0,5.120666980743408,-21.34248161315918,0.019999999552965164
6.620111465454102,1.824289990869743,0.7701511529340699,0.42073549240394825,0.42073549240394825,-0.22984884706593015,-0.03780512340377112,-0.5298030187284084,-0.8471321607670587,0.015704654877630078,1.0,1.0,0.0,3.128097537628744,0.08078044542000695,2.0232623276135793,-0.05993456258384227,0.0016069815723482872,7.1894250500632175,4.0,4.0,-4.0,1.0,1.0,1.0,7.8,1.0,5.142930507659912,-21.41510581970215,0.019999999552965164
6.640139818191528,1.824289990869743,0.7701511529340699,0.42073549240394825,0.42073549240394825,-0.22984884706593015,-0.03780512340377112,-0.5298030187284084,-0.8471321607670587,0.015704654877630078,1.0,1.0,0.0,3.128097537628744,0.08078044542000695,2.0232623276135793,-0.05993456258384227,0.0016069815723482872,7.1894250500632175,4.0,4.0,-4.0,1.0,1.0,1.0,7.8,1.0,5.142930507659912,-21.41510581970215,0.019999999552965164
6.660102367401123,1.824289990869743,0.7701511529340699,0.42073549240394825,0.42073549240394825,-0.22984884706593015,-0.03780512340377112,-0.5298030187284084,-0.8471321607670587,0.015704654877630078,1.0,1.0,0.0,3.128097537628744,0.08078044542000695,2.0232623276135793,-0.05993456258384227,0.0016069815723482872,7.1894250500632175,4.0,4.0,-4.0,1.0,1.0,1.0,7.8,1.0,5.142930507659912,-21.41510581970215,0.019999999552965164
6.6801183223724365,1.8361284273650917,0.7701511529340699,0.42073549240394825,0.42073549240394825,-0.22984884706593015,-0.004379931401525269,-0.5766982036922664,-0.8125346198300972,0.08477906366898977,1.0,1.0,0.0,-3.007736905689326,0.10509491362384746,1.9141612194388051,-0.020495793859461958,-0.03197795028336499,6.342493797757797,4.0,4.0,-4.0,1.0,1.0,1.0,7.8,1.0,5.187458038330078,-21.469573974609375,0.019999999552965164
6.700117349624634,1.7048643314282443,0.7701511529340699,0.42073549240394825,0.42073549240394825,-0.22984884706593015,-0.08583924399719586,-0.570386542901911,-0.8159919672560065,0.03805161284451166,1.0,1.0,0.0,3.105142327829361,0.1845421968526996,1.9180969459867245,-0.08627810520304642,-0.07155025856853106,4.729117267683156,4.0,4.0,-4.0,1.0,1.0,1.0,7.8,1.0,5.198590278625488,-21.5240421295166,0.019999999552965164
6.7201988697052,1.7561412149287912,0.7701511529340699,0.42073549240394825,0.42073549240394825,-0.22984884706593015,-0.041404627323583,-0.7101724159048435,-0.7004393485860535,0.057667282547543025,1.0,1.0,0.0,-3.119396512635608,0.14037081007785046,1.558557235846099,0.010708791298572315,0.050085869777398845,3.477922571857667,4.0,4.0,-4.0,1.0,1.0,1.0,7.8,1.0,5.231985569000244,-21.59666633605957,0.019999999552965164
6.7401111125946045,1.719125906226382,0.7701511529340699,0.42073549240394825,0.42073549240394825,-0.22984884706593015,-0.06955375696089602,-0.6741689917529181,-0.7347652448864819,0.027901260874502287,1.0,1.0,0.0,3.088263464555285,0.14029143908421302,1.6530126524754762,-0.08177158570334436,-0.037462599127814425,3.182176126080515,4.0,4.0,-4.0,1.0,1.0,1.0,7.8,1.0,5.265381336212158,-21.642057418823242,0.019999999552965164
6.760119676589966,1.9131340990307395,0.7701511529340699,0.42073549240394825,0.42073549240394825,-0.22984884706593015,0.045743702315761435,-0.6854101285863655,-0.7217393118077482,0.08492841174157709,1.0,1.0,0.0,-2.9549769210637904,0.050412881762765024,1.6271386128157515,-0.039328296284131974,-0.05349076446895989,2.229464749463434,4.0,4.0,-4.0,1.0,1.0,1.0,7.8,1.0,5.28764533996582,-21.71468162536621,0.019999999552965164
6.780143976211548,1.9131340990307395,0.7701511529340699,0.42073549240394825,0.42073549240394825,-0.22984884706593015,0.045743702315761435,-0.6854101285863655,-0.7217393118077482,0.08492841174157709,1.0,1.0,0.0,-2.9549769210637904,0.050412881762765024,1.6271386128157515,-0.039328296284131974,-0.05349076446895989,2.229464749463434,4.0,4.0,-4.0,1.0,1.0,1.0,7.8,1.0,5.28764533996582,-21.71468162536621,0.019999999552965164
6.8000946044921875,1.9131340990307395,0.7701511529340699,0.42073549240394825,0.42073549240394825,-0.22984884706593015,0.045743702315761435,-0.6854101285863655,-0.7217393118077482,0.08492841174157709,1.0,1.0,0.0,-2.9549769210637904,0.050412881762765024,1.6271386128157515,-0.039328296284131974,-0.05349076446895989,2.229464749463434,4.0,4.0,-4.0,1.0,1.0,1.0,7.8,1.0,5.28764533996582,-21.71468162536621,0.019999999552965164
6.820092678070068,1.794951957396323,0.7701511529340699,0.42073549240394825,0.42073549240394825,-0.22984884706593015,-0.0601220163938163,-0.6796890801218288,-0.7281032534111739,-0.06537392354714303,1.0,1.0,0.0,2.963729704139135,-0.0013178128248953207,1.6396670128992257,-0.026737226707448533,0.06911501571512521,1.3609610717544889,4.0,4.0,-3.7531174913924317,1.0,1.0,0.0,7.8,1.0,5.332172870635986,-21.769149780273438,0.019999999552965164
6.8401219844818115,2.043074012585944,0.7701511529340699,0.42073549240394825,0.42073549240394825,-0.22984884706593015,0.06583621109086858,-0.7088369105990295,-0.6974540714787757,-0.08230216072072916,1.0,1.0,0.0,3.1196386902239484,-0.2100543807923654,1.5569225960044573,-0.05852377462827903,-0.005885134618076451,0.5844611724586871,4.0,4.0,-1.468573443206859,1.0,1.0,0.0,7.8,1.0,5.35443639755249,-21.823617935180664,0.019999999552965164
6.860109567642212,1.856461818231685,0.7701511529340699,0.42073549240394825,0.42073549240394825,-0.22984884706593015,-0.013279490105271777,-0.6609905213597635,-0.750006004365934,-0.020153888710084826,1.0,1.0,0.0,3.093787057263463,-0.006723714845285656,1.6969640052591588,-0.08134961541833607,-0.0001688073991733957,0.6816083672891394,4.0,4.0,-1.605917685343091,1.0,1.0,0.0,7.8,1.0,5.387832164764404,-21.87808609008789,0.019999999552965164
6.8801045417785645,2.0655581914463736,0.7701511529340699,0.42073549240394825,0.42073549240394825,-0.22984884706593015,0.08675139093751609,-0.6884854425340816,-0.7179844594371619,-0.05440870882296616,1.0,1.0,0.0,-3.09940752963819,-0.20083897179824908,1.6084866457289655,0.030889931700915862,-0.0976005109134615,0.04120544207838492,4.0,4.0,0.5226683525556113,1.0,1.0,0.0,7.8,1.0,5.410095691680908,-21.941633224487305,0.019999999552965164
6.900116205215454,1.6542535379653334,0.7701511529340699,0.42073549240394825,0.42073549240394825,-0.22984884706593015,-0.09547997611918475,-0.6905604335448469,-0.7150146297428198,0.052573196938852366,1.0,1.0,0.0,3.0835898741695815,0.21070473320787003,1.599453678677197,-0.08085936596851723,-0.05310274188133335,0.2280565028577968,4.0,4.0,-1.0773179619974476,1.0,1.0,0.0,7.8,1.0,5.454623222351074,-21.99610137939453,0.019999999552965164
6.920126438140869,1.8922273791941504,0.7701511529340699,0.42073549240394825,0.42073549240394825,-0.22984884706593015,0.025615934403832613,-0.6661695156359932,-0.7437141346644975,0.049510465986116275,1.0,1.0,0.0,-3.033568448652816,0.02786646774345659,1.6821937401906568,0.10072870938258752,0.04202258039391921,0.8344562800195843,4.0,4.0,-3.565676359688609,1.0,1.0,0.0,7.8,1.0,5.465755462646484,-22.050569534301758,0.019999999552965164
6.9401257038116455,1.921274734397845,0.7701511529340699,0.42073549240394825,0.42073549240394825,-0.22984884706593015,0.05329675606452384,-0.6987707310143799,-0.7064042033628946,0.09935805323103887,1.0,1.0,0.0,-2.924600158969444,0.06360176543224487,1.588591085962642,-0.07831266652702856,-0.030886298406750265,1.910705424352115,4.0,4.0,-4.0,1.0,1.0,1.0,7.8,1.0,5.49915075302124,-22.11411476135254,0.019999999552965164
6.9601054191589355,1.7280201275732465,0.7701511529340699,0.42073549240394825,0.42073549240394825,-0.22984884706593015,-0.045323570306318305,-0.7061082063780262,-0.6994593381391225,0.10056644147167389,1.0,1.0,0.0,-3.06316373144679,0.20689852961894717,1.5694822505012134,0.05762274531984299,0.0315936583536654,1.8644034838224077,4.0,4.0,-4.0,1.0,1.0,1.0,7.8,1.0,5.49915075302124,-22.11411476135254,0.019999999552965164
6.980087757110596,1.7815054126583298,0.7701511529340699,0.42073549240394825,0.42073549240394825,-0.22984884706593015,-0.07466729157170879,-0.7300934195078407,-0.6739797019522707,-0.08449707519803219,1.0,1.0,0.0,2.916717717108383,-0.022734997795451253,1.4934761346763303,0.06508367726783901,0.002496737530000348,0.9686525857559926,4.0,4.0,-2.702036779458862,1.0,1.0,0.0,7.8,1.0,5.532546520233154,-22.177661895751953,0.019999999552965164
7.00010085105896,1.6402613700549458,0.7701511529340699,0.42073549240394825,0.42073549240394825,-0.22984884706593015,-0.0967726055363155,-0.781842799637811,-0.6077869549368142,0.0997592947091017,1.0,1.0,0.0,3.110337817498183,0.2771613377629965,1.3172277540149233,-0.09419481140530116,-0.028715514756742236,0.7728144808853536,4.0,4.0,-4.0,1.0,1.0,1.0,7.8,1.0,5.554810523986816,-22.241207122802734,0.019999999552965164
7.020083427429199,1.6603066973747265,0.7701511529340699,0.42073549240394825,0.42073549240394825,-0.22984884706593015,-0.09472346875836463,-0.7617657860774968,-0.6385183079444747,0.05508831135405549,1.0,1.0,0.0,3.0659529103513727,0.20635553059435782,1.3873808357099784,-0.032518887152405404,-0.04678294304618398,1.38022754508318,4.0,4.0,-4.0,1.0,1.0,1.0,7.8,1.0,5.57707405090332,-22.30475425720215,0.019999999552965164
7.040096998214722,1.8219783595913739,0.7701511529340699,0.42073549240394825,0.42073549240394825,-0.22984884706593015,-0.03608588524634939,-0.74684054581748,-0.663101442240463,-0.03497835484487198,1.0,1.0,0.0,3.041133600693727,-0.004389316239678997,1.4523725994649972,0.038114670716407395,0.04131240235321362,1.7002079229572107,4.0,4.0,-4.0,1.0,1.0,1.0,7.8,1.0,5.610469818115234,-22.377378463745117,0.019999999552965164
7.060105800628662,1.8858559589427222,0.7701511529340699,0.42073549240394825,0.42073549240394825,-0.22984884706593015,-0.031436274098496905,-0.8046233956903933,-0.5854334136170515,-0.09413113193386821,1.0,1.0,0.0,2.979005728775029,-0.11492535036892022,1.267377002674062,-0.03794971169103285,0.06166774726444396,0.530986782732267,4.0,4.0,-2.3739514088129545,1.0,1.0,0.0,7.8,1.0,5.632733345031738,-22.431846618652344,0.019999999552965164
7.0800933837890625,1.8676042031511078,0.7701511529340699,0.42073549240394825,0.42073549240394825,-0.22984884706593015,-0.020865418745733805,-0.7393390024764738,-0.6701279935651215,-0.06221692662003119,1.0,1.0,0.0,3.0268663683634416,-0.06407763939460492,1.4763473665187363,0.01098316974356317,0.07372569768101273,-0.42166460582925247,4.0,4.0,2.158514469248898,1.0,1.0,0.0,7.8,1.0,5.666129112243652,-22.504470825195312,0.019999999552965164
7.100106716156006,1.705763108062529,0.7701511529340699,0.42073549240394825,0.42073549240394825,-0.22984884706593015,-0.06644453921974224,-0.7447236644059485,-0.6606981548240456,0.06670633473482038,1.0,1.0,0.0,3.130577667129433,0.18826531229542978,1.4503251706669025,-0.08601058371981563,0.09077247753666143,-1.5524314336958198,4.0,4.0,4.0,1.0,1.0,1.0,7.8,1.0,5.6883931159973145,-22.568017959594727,0.019999999552965164
7.120102167129517,1.7509361680611153,0.7701511529340699,0.42073549240394825,0.42073549240394825,-0.22984884706593015,-0.08678692904840953,-0.7150656768654167,-0.6896029621363672,-0.07481217366243283,1.0,1.0,0.0,2.912271551563082,0.012706153388489919,1.5330825570211897,-0.028141427518617174,0.08065759317597662,-1.7304480652389322,4.0,4.0,4.0,1.0,1.0,1.0,7.8,1.0,5.6883931159973145,-22.568017959594727,0.019999999552965164
7.140109300613403,2.0050679539249807,0.7701511529340699,0.42073549240394825,0.42073549240394825,-0.22984884706593015,0.08053974229076245,-0.7454630547938977,-0.6606007098850575,0.037481808233406536,1.0,1.0,0.0,-2.970948961309746,-0.05054813862828403,1.4459092056709817,0.04221326693798261,0.00914058355535459,-0.5616581492088029,4.0,4.0,0.584968092729107,1.0,1.0,0.0,7.8,1.0,5.7329206466674805,-22.640642166137695,0.019999999552965164
7.1600940227508545,1.7641159079940973,0.7701511529340699,0.42073549240394825,0.42073549240394825,-0.22984884706593015,-0.05968704943952454,-0.744844730620717,-0.6644053006280655,-0.014469965206775062,1.0,1.0,0.0,3.033055840808038,0.05778918937977932,1.453620781367696,-0.09376031083933878,0.06309927239520172,-2.3413004467166014,4.0,4.0,4.0,1.0,1.0,1.0,7.8,1.0,5.755184173583984,-22.704187393188477,0.019999999552965164
7.180088520050049,1.8701951572995414,0.7701511529340699,0.42073549240394825,0.42073549240394825,-0.22984884706593015,0.009232475648013298,-0.7592143663684441,-0.6498412683974737,0.034851587922692676,1.0,1.0,0.0,-3.082193150248677,0.04093179375608909,1.417080059195818,-0.08011813910129417,0.010354133829142437,-4.045519399164389,4.0,4.0,4.0,1.0,1.0,1.0,7.8,1.0,5.79971170425415,-22.76773452758789,0.019999999552965164
7.200089454650879,1.796679655918632,0.7701511529340699,0.42073549240394825,0.42073549240394825,-0.22984884706593015,-0.06812407230728364,-0.6603314685695407,-0.7428394637259668,-0.08666598825596816,1.0,1.0,0.0,2.921063531793311,-0.013246447306390774,1.6897298525583475,0.07147195744931245,-0.09799518406387411,-2.398686069245354,4.0,4.0,4.0,1.0,1.0,1.0,7.8,1.0,5.8331074714660645,-22.831281661987305,0.019999999552965164
7.22010350227356,1.9879639079503155,0.7701511529340699,0.42073549240394825,0.42073549240394825,-0.22984884706593015,0.08449047145588495,-0.6821214645935467,-0.721085166995054,0.08722298844703838,1.0,1.0,0.0,-2.898137917105166,-0.0028563100709451082,1.625967872467208,0.0300134519104997,0.019092462285702633,-1.647220928401916,4.0,4.0,4.0,1.0,1.0,1.0,7.8,1.0,5.8776350021362305,-22.903905868530273,0.019999999552965164
7.2400877475738525,1.9813431751347474,0.7701511529340699,0.42073549240394825,0.42073549240394825,-0.22984884706593015,0.05946816669142377,-0.5656846979422556,-0.8212279425658764,0.04526616852968273,1.0,1.0,0.0,-2.999332033664054,-0.04647781427301158,1.9319035446349535,-0.044058617015496605,0.00904929975687288,-1.474067824544004,4.0,4.0,4.0,1.0,1.0,1.0,7.8,1.0,5.899899005889893,-22.976530075073242,0.019999999552965164
7.260112285614014,1.9565178019817586,0.7701511529340699,0.42073549240394825,0.42073549240394825,-0.22984884706593015,0.06979501289342838,-0.6577398939336759,-0.7434889724163266,0.09864601359729477,1.0,1.0,0.0,-2.900690398313864,0.02598611675364605,1.6961805984686735,0.09781929006826773,0.06529069569839116,-2.200780374761835,4.0,4.0,4.0,1.0,1.0,1.0,7.8,1.0,5.944426536560059,-23.040075302124023,0.019999999552965164
7.28014063835144,1.7149851642557215,0.7701511529340699,0.42073549240394825,0.42073549240394825,-0.22984884706593015,-0.06055613718606007,-0.6211911017645734,-0.7766620162562446,0.08515093565195446,1.0,1.0,0.0,-3.083352320658595,0.20120820850379317,1.7982089876573863,0.08092138120620249,-0.004400903096285852,-4.37293156984731,4.0,4.0,4.0,1.0,1.0,1.0,7.8,1.0,5.9778218269348145,-23.112699508666992,0.019999999552965164
7.300127267837524,2.0924745579863577,0.7701511529340699,0.42073549240394825,0.42073549240394825,-0.22984884706593015,0.08591099925433598,-0.5928609239825136,-0.7969736219107019,-0.07725458562609361,1.0,1.0,0.0,3.1197394187092913,-0.23057778008934202,1.8649646071414145,0.05209754769424399,-0.004582910389901371,-5.5002536990556266,4.0,4.0,4.0,1.0,1.0,1.0,7.8,1.0,5.9778218269348145,-23.112699508666992,0.019999999552965164
7.320096969604492,1.8987486986101236,0.7701511529340699,0.42073549240394825,0.42073549240394825,-0.22984884706593015,-0.007218171205293016,-0.47101326565447155,-0.8814780047179434,0.03302921101744193,1.0,1.0,0.0,-3.0900910591855175,0.04385376628761963,2.161233277720686,-0.04807027873441268,-0.06158090263708629,-5.843760155012073,4.0,4.0,4.0,1.0,1.0,1.0,7.8,1.0,6.0223493576049805,-23.176246643066406,0.019999999552965164
7.3401100635528564,1.8727919112974307,0.7701511529340699,0.42073549240394825,0.42073549240394825,-0.22984884706593015,-0.0031115004506022106,-0.5081215165179102,-0.8587323975491271,0.0661929937078925,1.0,1.0,0.0,-3.0305499752396363,0.07267602103192823,2.0770287500616225,-0.09422739501094435,0.05749411540922297,-5.48133069748494,4.0,4.0,4.0,1.0,1.0,1.0,7.8,1.0,6.078009128570557,-23.257949829101562,0.019999999552965164
7.360723495483398,1.9750133407689088,0.7701511529340699,0.42073549240394825,0.42073549240394825,-0.22984884706593015,-0.02890522853266149,-0.37575098521779393,-0.9229853005200029,-0.07793471559793975,1.0,1.0,0.0,2.97523663894401,-0.0052099138184782175,2.368796101569065,-0.08502616797617679,-0.09076705555819096,-4.941156842893708,4.0,4.0,4.0,1.0,1.0,1.0,7.8,1.0,6.1114044189453125,-23.33057403564453,0.019999999552965164
7.3801047801971436,1.9750133407689088,0.7701511529340699,0.42073549240394825,0.42073549240394825,-0.22984884706593015,-0.02890522853266149,-0.37575098521779393,-0.9229853005200029,-0.07793471559793975,1.0,1.0,0.0,2.97523663894401,-0.0052099138184782175,2.368796101569065,-0.08502616797617679,-0.09076705555819096,-4.941156842893708,4.0,4.0,4.0,1.0,1.0,1.0,7.8,1.0,6.1114044189453125,-23.33057403564453,0.019999999552965164
7.400116205215454,1.9592369661588545,0.7701511529340699,0.42073549240394825,0.42073549240394825,-0.22984884706593015,-0.0019546633474878273,-0.3863274059352508,-0.9220663128415576,0.02326003949508305,1.0,1.0,0.0,-3.1001868690272922,0.021578314414781582,2.34851810583366,0.0938889111047044,-0.0311658444511973,-5.351553259883251,4.0,4.0,4.0,1.0,1.0,1.0,7.8,1.0,6.1559319496154785,-23.412275314331055,0.019999999552965164
7.420108079910278,2.060677408840187,0.7701511529340699,0.42073549240394825,0.42073549240394825,-0.22984884706593015,0.017576028832129522,-0.38673325444627316,-0.9176076535594232,-0.09013693607537343,1.0,1.0,0.0,2.988372023164668,-0.10215126178288866,2.3517068738142948,-0.09742155976775287,0.03814742643938024,-3.89614382455527,4.0,4.0,4.0,1.0,1.0,1.0,7.8,1.0,6.211591720581055,-23.47582244873047,0.019999999552965164
7.440099477767944,1.8723988933538873,0.7701511529340699,0.42073549240394825,0.42073549240394825,-0.22984884706593015,-0.05810526051732382,-0.40611544769708646,-0.9115618528136176,-0.02736805321928523,1.0,1.0,0.0,3.0440056811263614,0.08380195199567039,2.299260364852591,0.08608251565802044,-0.059256121302800314,-3.4338050302768774,4.0,4.0,4.0,1.0,1.0,1.0,7.8,1.0,6.267251014709473,-23.548446655273438,0.019999999552965164
7.460108518600464,2.06287619336407,0.7701511529340699,0.42073549240394825,0.42073549240394825,-0.22984884706593015,-0.023892620571399598,-0.2800454608454922,-0.9539845848119262,-0.10448490074304403,1.0,1.0,0.0,2.9272002236357015,-0.01293502162858674,2.5719204328673926,0.08788318945740026,0.09310897955546502,-2.901168022455403,4.0,4.0,4.0,1.0,1.0,1.0,7.8,1.0,6.311778545379639,-23.61199188232422,0.019999999552965164
7.480093002319336,2.1083738068207376,0.7701511529340699,0.42073549240394825,0.42073549240394825,-0.22984884706593015,0.04962513983427037,-0.3223082043556062,-0.9453191618016166,-0.005142881700302165,1.0,1.0,0.0,-3.1192191387661725,-0.09729179353221536,2.4833206285762164,-0.03826003730914378,-0.08094757925594474,-3.886846546951619,4.0,4.0,4.0,1.0,1.0,1.0,7.8,1.0,6.367437839508057,-23.675540924072266,0.019999999552965164
7.500119686126709,2.1691817752972566,0.7701511529340699,0.42073549240394825,0.42073549240394825,-0.22984884706593015,0.08294410489983714,-0.31393090291046905,-0.945802885214542,0.0049564079765844924,1.0,1.0,0.0,-3.0793596539781287,-0.1543983236272675,2.495821157591187,0.06741438066637112,-0.07841088604256144,-4.419097953188315,4.0,4.0,4.0,1.0,1.0,1.0,7.8,1.0,6.367437839508057,-23.675540924072266,0.019999999552965164
7.520093202590942,2.1691817752972566,0.7701511529340699,0.42073549240394825,0.42073549240394825,-0.22984884706593015,0.08294410489983714,-0.31393090291046905,-0.945802885214542,0.0049564079765844924,1.0,1.0,0.0,-3.0793596539781287,-0.1543983236272675,2.495821157591187,0.06741438066637112,-0.07841088604256144,-4.419097953188315,4.0,4.0,4.0,1.0,1.0,1.0,7.8,1.0,6.367437839508057,-23.675540924072266,0.019999999552965164
7.540098190307617,2.172606170409373,0.7701511529340699,0.42073549240394825,0.42073549240394825,-0.22984884706593015,-0.008854122037974586,-0.16398850597557846,-0.981357496091271,-0.0998340587991166,1.0,1.0,0.0,2.9413846033189253,-0.01536576288205395,2.8119882051465313,-0.06434554099437545,-0.04644704170140493,-4.545694676968355,4.0,4.0,4.0,1.0,1.0,1.0,7.8,1.0,6.423097610473633,-23.739086151123047,0.019999999552965164
7.560091257095337,2.1461273920292627,0.7701511529340699,0.42073549240394825,0.42073549240394825,-0.22984884706593015,-0.03441319611728361,-0.09373898606825144,-0.9945426496859745,-0.030226683236684142,1.0,1.0,0.0,3.0748363118928177,0.06282526576897407,2.95154272867246,0.008373229024720125,-0.048197801446079686,-5.566075985732583,4.0,4.0,4.0,1.0,1.0,1.0,7.8,1.0,6.489888668060303,-23.81171226501465,0.019999999552965164
7.580108165740967,2.0573823293505753,0.7701511529340699,0.42073549240394825,0.42073549240394825,-0.22984884706593015,-0.08500461178360398,-0.06434229903252085,-0.9940462094788476,0.022503731945249485,1.0,1.0,0.0,-3.107274499695437,0.1727508566752978,3.0152895727894515,0.02382163678168503,-0.04620921721496947,-6.48563324998275,4.0,4.0,4.0,1.0,1.0,1.0,7.8,1.0,6.489888668060303,-23.81171226501465,0.019999999552965164
7.600123882293701,2.305284216027019,0.7701511529340699,0.42073549240394825,0.42073549240394825,-0.22984884706593015,0.05192842996817118,-0.09143425670102019,-0.9934314243833138,-0.045135572559933,1.0,1.0,0.0,3.0608202684503567,-0.11166043008297732,2.9625488481759508,0.017952457981848677,0.07427757733268495,-7.990554895431269,4.0,4.0,4.0,1.0,1.0,1.0,7.8,1.0,6.545547962188721,-23.87525749206543,0.019999999552965164
7.620091438293457,2.2920569082131976,0.7701511529340699,0.42073549240394825,0.42073549240394825,-0.22984884706593015,0.03013180694673059,-0.049200737151257515,-0.9980672140691472,-0.023091077803966825,1.0,1.0,0.0,3.098367049698479,-0.06245993731329616,3.0444309518796158,0.06072302002704283,-0.04346741640434906,-9.032171796830058,4.0,4.0,4.0,1.0,1.0,1.0,7.8,1.0,6.590075492858887,-23.9478816986084,0.019999999552965164
7.640092611312866,2.2208697846091665,0.7701511529340699,0.42073549240394825,0.42073549240394825,-0.22984884706593015,-0.06961452260756798,0.067229452307796,-0.995305671993534,0.0007989255371368556,1.0,1.0,0.0,-3.130535270909165,0.13891438143522444,-3.0059352128010794,-0.009441221048444401,0.03588655494976453,-9.947450118084145,2.9851165682517213,4.0,4.0,0.0,1.0,1.0,7.8,1.0,6.656867027282715,-24.020505905151367,0.019999999552965164
7.660129070281982,2.2208697846091665,0.7701511529340699,0.42073549240394825,0.42073549240394825,-0.22984884706593015,-0.06961452260756798,0.067229452307796,-0.995305671993534,0.0007989255371368556,1.0,1.0,0.0,-3.130535270909165,0.13891438143522444,-3.0059352128010794,-0.009441221048444401,0.03588655494976453,-9.947450118084145,2.9851165682517213,4.0,4.0,0.0,1.0,1.0,7.8,1.0,6.656867027282715,-24.020505905151367,0.019999999552965164
7.680104970932007,2.2208697846091665,0.7701511529340699,0.42073549240394825,0.42073549240394825,-0.22984884706593015,-0.06961452260756798,0.067229452307796,-0.995305671993534,0.0007989255371368556,1.0,1.0,0.0,-3.130535270909165,0.13891438143522444,-3.0059352128010794,-0.009441221048444401,0.03588655494976453,-9.947450118084145,2.9851165682517213,4.0,4.0,0.0,1.0,1.0,7.8,1.0,6.656867027282715,-24.020505905151367,0.019999999552965164
7.700162172317505,2.3369847293878094,0.7701511529340699,0.42073549240394825,0.42073549240394825,-0.22984884706593015,-0.09624509299300253,0.20134085683839487,-0.9741977256200256,-0.03372733074405049,1.0,1.0,0.0,3.114068892475538,0.20248571502071255,-2.7367808174513004,-0.03437691040215128,-0.05203705703245574,-10.15072689051898,0.9885454323563074,4.0,4.0,0.0,1.0,1.0,7.8,1.0,6.712526321411133,-24.074974060058594,0.019999999552965164
7.720191478729248,2.6391243640327104,0.7701511529340699,0.42073549240394825,0.42073549240394825,-0.22984884706593015,0.0520267579508852,0.2778702475734698,-0.9591683769099664,0.008795834609584594,1.0,1.0,0.0,3.1294858239735217,-0.10488524328601138,-2.5769974031964025,0.03211671662858648,0.06298275142812082,-10.196882616460197,0.36454189066868514,4.0,4.0,0.0,1.0,1.0,7.8,1.0,6.779317855834961,-24.138521194458008,0.019999999552965164
7.740086317062378,2.68109802871242,0.7701511529340699,0.42073549240394825,0.42073549240394825,-0.22984884706593015,0.00894127144922374,0.3720233398597923,-0.9281676380343035,0.0048501515706970855,1.0,1.0,0.0,-3.1392413872286666,-0.020208112138699958,-2.379199199403405,0.0783132752464206,-0.07839457277076459,-10.398779408424382,-1.7423463667603767,4.0,4.0,0.0,1.0,1.0,7.8,1.0,6.779317855834961,-24.138521194458008,0.019999999552965164
7.760136604309082,2.6532796231306053,0.7701511529340699,0.42073549240394825,0.42073549240394825,-0.22984884706593015,-0.0021394565197744124,0.3810315607472374,-0.9230762441948925,0.05235092972789974,1.0,1.0,0.0,-3.0430916962506007,-0.03595269482974247,-2.3604076047722238,0.09459484305582963,-0.0742916507023481,-11.244030149422507,-2.462577868639408,4.0,4.0,0.0,1.0,1.0,7.8,1.0,6.834977149963379,-24.211145401000977,0.019999999552965164
7.780108690261841,2.7040465822011033,0.7701511529340699,0.42073549240394825,0.42073549240394825,-0.22984884706593015,-0.04480559473624539,0.44546749789059475,-0.8937826929443846,-0.02652668084228333,1.0,1.0,0.0,3.134052606344637,0.10391338690839896,-2.217240064561997,0.03364039915379535,0.052001972654874745,-11.222328344287815,-3.041221065257848,4.0,4.0,0.0,1.0,1.0,7.8,1.0,6.890636444091797,-24.283769607543945,0.019999999552965164
7.800091028213501,2.772304176026878,0.7701511529340699,0.42073549240394825,0.42073549240394825,-0.22984884706593015,-0.052979100625959945,0.5150546437600985,-0.8555162806186963,-0.001955104696562427,1.0,1.0,0.0,-3.0901195478104215,0.09279605990635205,-2.0553665085016397,-0.0664131466332893,0.0036322484253956955,-9.47566705466333,-4.0,4.0,4.0,1.0,1.0,1.0,7.8,1.0,6.957427978515625,-24.3654727935791,0.019999999552965164
7.820093393325806,2.789196013532164,0.7701511529340699,0.42073549240394825,0.42073549240394825,-0.22984884706593015,-0.04817623378158143,0.5181289182700319,-0.853840814277391,-0.013316847414866778,1.0,1.0,0.0,-3.1142808831471496,0.09621774981553388,-2.0494372612050626,0.04420327017860495,-0.0847171763919637,-7.481468565713427,-4.0,4.0,4.0,1.0,1.0,1.0,7.8,1.0,7.024219036102295,-24.419940948486328,0.019999999552965164
7.840105772018433,2.8987141788401676,0.7701511529340699,0.42073549240394825,0.42073549240394825,-0.22984884706593015,-0.0857364828349233,0.6357896067003784,-0.7670857263308926,-0.0005656697640542862,1.0,1.0,0.0,-3.0322636443019055,0.1326423679005544,-1.750165421397663,-0.05612124355224562,0.09466961965670423,-6.217933319211933,-4.0,4.0,4.0,1.0,1.0,1.0,7.8,1.0,7.024219036102295,-24.419940948486328,0.019999999552965164
7.8603363037109375,3.0597641770283626,0.7701511529340699,0.42073549240394825,0.42073549240394825,-0.22984884706593015,-0.027222569399670608,0.6631637549206614,-0.7452736883049288,-0.06356017145333157,1.0,1.0,0.0,3.082462199770869,0.1252050020623301,-1.6909693384521356,0.08993554618759717,-0.030906222901155328,-4.637228333281215,-4.0,4.0,4.0,1.0,1.0,1.0,7.8,1.0,7.079878330230713,-24.474409103393555,0.019999999552965164
7.880105972290039,3.098203138389149,0.7701511529340699,0.42073549240394825,0.42073549240394825,-0.22984884706593015,0.035926752905208685,0.654201391615545,-0.7548497425884525,0.030523331209412856,1.0,1.0,0.0,3.1406629152647954,-0.09431517749011203,-1.7133699800026683,-0.0931708777939811,0.09785863119414431,-4.435282881154668,-4.0,4.0,4.0,1.0,1.0,1.0,7.8,1.0,7.157801628112793,-24.52887725830078,0.019999999552965164
7.900112152099609,3.114346160140332,0.7701511529340699,0.42073549240394825,0.42073549240394825,-0.22984884706593015,-0.02123834795772973,0.6903261334331366,-0.7201275894890131,-0.06644559377434359,1.0,1.0,0.0,3.0746645979604956,0.12263405377763112,-1.6171585197208866,-0.01482317386455767,0.027205868638496417,-2.8364140182470474,-4.0,4.0,4.0,1.0,1.0,1.0,7.8,1.0,7.224593162536621,-24.592422485351562,0.019999999552965164
7.920104503631592,3.033591458503644,0.7701511529340699,0.42073549240394825,0.42073549240394825,-0.22984884706593015,-0.0772061749645106,0.6838768256333438,-0.7199170654026454,-0.0898393724992202,1.0,1.0,0.0,3.1171568529994738,0.23623330567876666,-1.6250318758068714,0.04397221928550296,-0.07675444729656872,-0.8912199659346823,-4.0,4.0,4.0,1.0,1.0,1.0,7.8,1.0,7.302516460418701,-24.637813568115234,0.019999999552965164
7.94013237953186,3.0328748074466794,0.7701511529340699,0.42073549240394825,0.42073549240394825,-0.22984884706593015,-0.06114031145287823,0.687108721058109,-0.7231567026404843,-0.034465217067021846,1.0,1.0,0.0,-3.107093752410258,0.13621156620521563,-1.6195540160120694,-0.03434433790816141,0.05353411938422034,-0.2719898776769322,-4.0,4.0,4.0,1.0,1.0,1.0,7.8,1.0,7.302516460418701,-24.637813568115234,0.019999999552965164
7.960092782974243,3.0328748074466794,0.7701511529340699,0.42073549240394825,0.42073549240394825,-0.22984884706593015,-0.06114031145287823,0.687108721058109,-0.7231567026404843,-0.034465217067021846,1.0,1.0,0.0,-3.107093752410258,0.13621156620521563,-1.6195540160120694,-0.03434433790816141,0.05353411938422034,-0.2719898776769322,-4.0,4.0,4.0,1.0,1.0,1.0,7.8,1.0,7.302516460418701,-24.637813568115234,0.019999999552965164
7.980104684829712,3.066385342574049,0.7701511529340699,0.42073549240394825,0.42073549240394825,-0.22984884706593015,-0.010542496155666508,-0.7496846394759338,0.6608145628366225,-0.03443705346992447,1.0,1.0,0.0,-3.1118182763300886,-0.06561420050435122,-1.4459276786049458,-0.0889005144094805,0.053149469350961626,-0.31641740403998353,4.0,-4.0,-4.0,1.0,1.0,1.0,7.8,1.0,7.369307518005371,-24.683204650878906,0.019999999552965164
8.000135660171509,3.083555469512868,0.7701511529340699,0.42073549240394825,0.42073549240394825,-0.22984884706593015,-0.046499301524349196,0.7196336125598053,-0.6925039413573683,0.020089047672355604,1.0,1.0,0.0,-3.0466419134521456,0.03549584464478373,-1.530690877568697,-0.05809087361940277,0.014465720060742121,0.8483556341621666,-4.0,4.0,4.0,1.0,1.0,1.0,7.8,1.0,7.436099052429199,-24.728593826293945,0.019999999552965164
8.020102262496948,3.1325044923107424,0.7701511529340699,0.42073549240394825,0.42073549240394825,-0.22984884706593015,-0.03430866127812133,0.7369350096693459,-0.6748394567180438,0.01847741706623616,1.0,1.0,0.0,-3.066001863052478,0.01907352209434587,-1.4821636401897924,-0.03431729231878482,0.08761502823278616,1.7942811996081371,-4.0,4.0,4.0,1.0,1.0,1.0,7.8,1.0,7.514021873474121,-24.773984909057617,0.019999999552965164
8.041088581085205,3.0198241136634123,0.7701511529340699,0.42073549240394825,0.42073549240394825,-0.22984884706593015,0.0370926629884852,0.6118718632677236,-0.7871388471128874,0.068186455102911,1.0,1.0,0.0,-3.078966488775889,-0.14231682840734447,-1.8245215319000954,0.06304083504728378,0.02526266641741559,2.054364159795635,-4.0,4.0,2.334020906335084,1.0,1.0,0.0,7.8,1.0,7.591945171356201,-24.819374084472656,0.019999999552965164
8.060084581375122,2.9358076326176463,0.7701511529340699,0.42073549240394825,0.42073549240394825,-0.22984884706593015,-0.08330391529883184,0.6665685093461872,-0.7400268525102135,0.03327367739991995,1.0,1.0,0.0,-2.9800873311971503,0.07901810138816363,-1.6687518260570922,0.09841083412884474,-0.1009890284422764,2.874041260779407,-4.0,4.0,0.21035775806981682,1.0,1.0,0.0,7.8,1.0,7.658736705780029,-24.864765167236328,0.019999999552965164
8.08012056350708,2.890353225370344,0.7701511529340699,0.42073549240394825,0.42073549240394825,-0.22984884706593015,-0.045497701536408273,0.595342708644379,-0.8020558818415218,0.014261164829604864,1.0,1.0,0.0,-3.0643447869751115,0.05603215243395421,-1.8623546703842007,0.05042473404432973,-0.08488932799710223,2.6929726566955092,-4.0,4.0,0.9762998884031422,1.0,1.0,0.0,7.8,1.0,7.736659526824951,-24.910154342651367,0.019999999552965164
8.100392580032349,2.9930462847271406,0.7701511529340699,0.42073549240394825,0.42073549240394825,-0.22984884706593015,0.08669731280191025,0.5435742866070838,-0.8301368520417809,0.08878838761172661,1.0,1.0,0.0,-3.086798050472144,-0.24284739045902956,-1.9887950899915308,0.006476914110481569,-0.05542088474420324,2.994818969330447,-4.0,4.0,-2.186050360068652,1.0,1.0,0.0,7.8,1.0,7.825714588165283,-24.955547332763672,0.019999999552965164
8.120090007781982,3.094791843010761,0.7701511529340699,0.42073549240394825,0.42073549240394825,-0.22984884706593015,0.052169193637815324,0.6680543245165868,-0.7399628766944017,-0.058623679891429935,1.0,1.0,0.0,2.9844846336090427,0.0011210727777895971,-1.6729374910599089,0.04913551188729495,0.02753973386766745,2.88552431557205,4.0,-4.0,-4.0,1.0,1.0,1.0,7.8,1.0,7.903637886047363,-25.00093650817871,0.019999999552965164
8.140206336975098,2.974035275333465,0.7701511529340699,0.42073549240394825,0.42073549240394825,-0.22984884706593015,-0.0003515669536726891,0.5888803034663511,-0.8073703886070657,-0.03705293767748215,1.0,1.0,0.0,3.082082563152357,0.04422159137034803,-1.8825619291651494,-0.002032499987115813,0.09353934223378177,2.4647839216916836,-4.0,4.0,2.462252160828024,1.0,1.0,0.0,7.8,1.0,7.903637886047363,-25.00093650817871,0.019999999552965164
8.160110473632812,2.9678203047415246,0.7701511529340699,0.42073549240394825,0.42073549240394825,-0.22984884706593015,0.009204998143260616,0.5943195281176447,-0.8037891791427408,0.02495039078334568,1.0,1.0,0.0,-3.1123913513934394,-0.04446941990430879,-1.8688805719063295,-0.05681347611949672,0.023743342079621074,2.641299296498355,-4.0,4.0,0.7728553129070619,1.0,1.0,0.0,7.8,1.0,7.970429420471191,-25.046327590942383,0.019999999552965164
8.181115865707397,2.7028397727106084,0.7701511529340699,0.42073549240394825,0.42073549240394825,-0.22984884706593015,-0.0833033212324149,0.4918704346456659,-0.8664861000951333,-0.018051884529314718,1.0,1.0,0.0,-3.0902253567225864,0.16283942299317242,-2.104797369835841,-0.07992665801628916,0.053873382243156465,2.708362538167197,-3.8224402995821434,4.0,1.257722997915387,0.0,1.0,0.0,7.8,1.0,8.03722095489502,-25.091716766357422,0.019999999552965164
8.200109958648682,3.04244126487152,0.7701511529340699,0.42073549240394825,0.42073549240394825,-0.22984884706593015,0.03728735503666097,0.62083038910949,-0.7817015110501275,0.04606548311346359,1.0,1.0,0.0,-3.1156958155857075,-0.11575117287100095,-1.8006997490904948,0.09225243189390825,-0.027829531804718394,2.5300903417292373,-4.0,4.0,0.8005808156888197,1.0,1.0,0.0,7.8,1.0,8.104011535644531,-25.155263900756836,0.019999999552965164
8.220097303390503,2.722698330396092,0.7701511529340699,0.42073549240394825,0.42073549240394825,-0.22984884706593015,-0.04615809861656111,0.5000220386796459,-0.8599764996568149,0.09103741431283541,1.0,1.0,0.0,-2.93742316294825,-0.011651930500578743,-2.0894697049380584,0.07268394602867448,0.03463058926371537,2.296918400051195,-4.0,4.0,1.0662558168401404,1.0,1.0,0.0,7.8,1.0,8.17080307006836,-25.200654983520508,0.019999999552965164
8.240123748779297,2.7860928982176043,0.7701511529340699,0.42073549240394825,0.42073549240394825,-0.22984884706593015,0.06558552311437242,0.40772520017261227,-0.9077576122365802,0.0737212162715719,1.0,1.0,0.0,-3.059819267084498,-0.18016053355290998,-2.304678455436365,0.007091032523913854,0.03697910946041083,1.4450810046130154,-2.204083475532733,4.0,3.8520574265200356,0.0,1.0,0.0,7.8,1.0,8.17080307006836,-25.200654983520508,0.019999999552965164
8.260109424591064,2.7241841984519226,0.7701511529340699,0.42073549240394825,0.42073549240394825,-0.22984884706593015,-0.10024939169763969,0.5548212238295366,-0.8224346598665013,0.07566174266312375,1.0,1.0,0.0,-2.902860921594492,0.08102830468566617,-1.9449081885682125,0.040314611546888174,0.05338588885184967,0.8220993798591155,-4.0,4.0,4.0,1.0,1.0,1.0,7.8,1.0,8.237594604492188,-25.246044158935547,0.019999999552965164
8.280123949050903,2.8125964073091083,0.7701511529340699,0.42073549240394825,0.42073549240394825,-0.22984884706593015,0.06381170562550208,0.44153587998377636,-0.8883948320446851,0.10829937815339678,1.0,1.0,0.0,-3.0019912749830846,-0.2105687298445121,-2.2338727350271963,0.08454568367093623,-0.06649900931718009,1.7894514362454041,-3.4295903737515916,4.0,2.071696556502679,0.0,1.0,0.0,7.8,1.0,8.31551742553711,-25.29143524169922,0.019999999552965164
8.300097703933716,2.72744482718602,0.7701511529340699,0.42073549240394825,0.42073549240394825,-0.22984884706593015,-0.07870789356033822,0.5399337697083539,-0.8326159100871364,0.09501230493778243,1.0,1.0,0.0,-2.8958154838493217,0.028470030781271645,-1.9874658687365077,-0.07746278539234304,0.0098281382290039,0.8732894125028376,-4.0,4.0,4.0,1.0,1.0,1.0,7.8,1.0,8.382308959960938,-25.336824417114258,0.019999999552965164
8.322200536727905,2.72744482718602,0.7701511529340699,0.42073549240394825,0.42073549240394825,-0.22984884706593015,-0.07870789356033822,0.5399337697083539,-0.8326159100871364,0.09501230493778243,1.0,1.0,0.0,-2.8958154838493217,0.028470030781271645,-1.9874658687365077,-0.07746278539234304,0.0098281382290039,0.8732894125028376,-4.0,4.0,4.0,1.0,1.0,1.0,7.8,1.0,8.382308959960938,-25.336824417114258,0.019999999552965164
8.340085983276367,2.72744482718602,0.7701511529340699,0.42073549240394825,0.42073549240394825,-0.22984884706593015,-0.07870789356033822,0.5399337697083539,-0.8326159100871364,0.09501230493778243,1.0,1.0,0.0,-2.8958154838493217,0.028470030781271645,-1.9874658687365077,-0.07746278539234304,0.0098281382290039,0.8732894125028376,-4.0,4.0,4.0,1.0,1.0,1.0,7.8,1.0,8.382308959960938,-25.336824417114258,0.019999999552965164
8.36009955406189,2.955080910133651,0.7701511529340699,0.42073549240394825,0.42073549240394825,-0.22984884706593015,0.05416754088093487,0.5265552340565011,-0.8484097750806909,-0.0025132747854643015,1.0,1.0,0.0,3.0799990012061627,-0.08938476411476218,-2.027924483050803,0.026270800119630705,0.015631129584156328,-0.3155165819826686,-3.838552821699752,4.0,4.0,0.0,1.0,1.0,7.8,1.0,8.449100494384766,-25.38221549987793,0.019999999552965164
8.380111455917358,2.636031219592736,0.7701511529340699,0.42073549240394825,0.42073549240394825,-0.22984884706593015,-0.055074140951628575,0.42334390008473155,-0.9039813985383821,0.02375736424942025,1.0,1.0,0.0,-3.051604082061118,0.07954077314630309,-2.262057272368745,0.025736539907980166,0.009948298442353481,0.49082818198509826,-3.1314846130814242,4.0,4.0,0.0,1.0,1.0,7.8,1.0,8.515892028808594,-25.4276065826416,0.019999999552965164
8.400094032287598,2.780688471505535,0.7701511529340699,0.42073549240394825,0.42073549240394825,-0.22984884706593015,-0.04964529896405595,0.48841994674032546,-0.8675587266159545,-0.0795182733052641,1.0,1.0,0.0,3.050764448951858,0.16455873825484443,-2.123576903709854,0.09936100964403569,-0.08040396716894516,0.5760933905445892,-3.681067867663669,4.0,4.0,0.0,1.0,1.0,7.8,1.0,8.593814849853516,-25.472997665405273,0.019999999552965164
8.42011022567749,2.718004143768445,0.7701511529340699,0.42073549240394825,0.42073549240394825,-0.22984884706593015,-0.06755023217241822,0.5024571464183306,-0.8613941510212025,0.031207350625494477,1.0,1.0,0.0,-3.0191994650558525,0.08511677647958038,-2.080264703083216,-0.0359709929501487,-0.08323506796407093,0.7979113451535954,-4.0,4.0,4.0,1.0,1.0,1.0,7.8,1.0,8.671737670898438,-25.509309768676758,0.019999999552965164
8.440104246139526,2.951378289305815,0.7701511529340699,0.42073549240394825,0.42073549240394825,-0.22984884706593015,0.06695607004343529,0.46960522245428205,-0.8742624351676747,-0.10321343993245488,1.0,1.0,0.0,2.8957162598988,-0.020136573658781846,-2.153264931860506,0.0244851919520436,-0.004745858632808603,1.2818187362654854,-1.8803895311849432,4.0,4.0,0.0,1.0,1.0,7.8,1.0,8.738529205322266,-25.554698944091797,0.019999999552965164
8.46011471748352,2.695207822349446,0.7701511529340699,0.42073549240394825,0.42073549240394825,-0.22984884706593015,0.018083326690388844,0.40568550179773527,-0.9078532886440104,0.10437755134694271,1.0,1.0,0.0,-2.9646032268948437,-0.11779515990928512,-2.3115729338884248,0.05918993727170016,-0.027111272986043128,1.183692318153087,-3.038303115903115,4.0,4.0,0.0,1.0,1.0,7.8,1.0,8.738529205322266,-25.554698944091797,0.019999999552965164
8.480092525482178,2.695207822349446,0.7701511529340699,0.42073549240394825,0.42073549240394825,-0.22984884706593015,0.018083326690388844,0.40568550179773527,-0.9078532886440104,0.10437755134694271,1.0,1.0,0.0,-2.9646032268948437,-0.11779515990928512,-2.3115729338884248,0.05918993727170016,-0.027111272986043128,1.183692318153087,-3.038303115903115,4.0,4.0,0.0,1.0,1.0,7.8,1.0,8.738529205322266,-25.554698944091797,0.019999999552965164
8.500111103057861,2.836687899735368,0.7701511529340699,0.42073549240394825,0.42073549240394825,-0.22984884706593015,0.08086982967559855,0.37347948088720645,-0.9213588501434731,-0.07121107545009864,1.0,1.0,0.0,2.947868887189406,-0.09597579220877894,-2.3620276984904796,-0.08719801425850318,-0.08163787174248088,0.5964934633917519,0.11126107983934841,4.0,4.0,0.0,1.0,1.0,7.8,1.0,8.805320739746094,-25.59101104736328,0.019999999552965164
8.520102739334106,2.894077217283943,0.7701511529340699,0.42073549240394825,0.42073549240394825,-0.22984884706593015,0.04243280825659218,0.46702400381889225,-0.8799036762837316,-0.07653467908605074,1.0,1.0,0.0,2.96637602238022,-0.0031865088370600144,-2.1653980977311575,-0.08831716623928043,0.023785225008244135,-0.502569855639521,-1.7943390370218544,4.0,4.0,0.0,1.0,1.0,7.8,1.0,8.883243560791016,-25.636402130126953,0.019999999552965164
8.540099620819092,2.880462614651191,0.7701511529340699,0.42073549240394825,0.42073549240394825,-0.22984884706593015,0.0369297610837314,0.473134537778713,-0.8786694892839984,-0.05215199429187273,1.0,1.0,0.0,3.014642404086693,-0.015548915727422688,-2.1527131064993115,0.06300993247626946,-0.023599838347506938,-0.724885571093378,-2.7509214196471676,4.0,4.0,0.0,1.0,1.0,7.8,1.0,8.883243560791016,-25.636402130126953,0.019999999552965164
8.560104608535767,2.669702751856458,0.7701511529340699,0.42073549240394825,0.42073549240394825,-0.22984884706593015,-0.10305481063948971,0.47816247013515034,-0.8709248007967283,-0.047226576368496594,1.0,1.0,0.0,-3.124872140832102,0.22660429707081187,-2.1354960459890773,0.04177614483978781,0.0382181765485996,-0.9148570632420094,-3.998409298482856,4.0,4.0,0.0,1.0,1.0,7.8,1.0,8.950035095214844,-25.681793212890625,0.019999999552965164
8.580123662948608,2.753327074329692,0.7701511529340699,0.42073549240394825,0.42073549240394825,-0.22984884706593015,-0.028047535939678146,0.49075274837816724,-0.8692648804146543,0.05247516902959426,1.0,1.0,0.0,-3.0225528100841155,-0.002743194337178706,-2.1138492328525578,-0.05776597711175824,0.010290646118533697,-0.5985378799307514,-4.0,4.0,4.0,1.0,1.0,1.0,7.8,1.0,9.016826629638672,-25.71810531616211,0.019999999552965164
8.60011625289917,2.916795872836948,0.7701511529340699,0.42073549240394825,0.42073549240394825,-0.22984884706593015,0.02646190374711372,0.5122824582612371,-0.8567191182525783,-0.05384053332227748,1.0,1.0,0.0,3.0219372065230887,0.009822441782536474,-2.0643469597133444,-0.07871131515012185,0.08117502938488177,1.5047503036561058,-2.961813516728883,4.0,4.0,0.0,1.0,1.0,7.8,1.0,9.0836181640625,-25.76349449157715,0.019999999552965164
8.621548891067505,2.916795872836948,0.7701511529340699,0.42073549240394825,0.42073549240394825,-0.22984884706593015,0.02646190374711372,0.5122824582612371,-0.8567191182525783,-0.05384053332227748,1.0,1.0,0.0,3.0219372065230887,0.009822441782536474,-2.0643469597133444,-0.07871131515012185,0.08117502938488177,1.5047503036561058,-2.961813516728883,4.0,4.0,0.0,1.0,1.0,7.8,1.0,9.0836181640625,-25.76349449157715,0.019999999552965164
8.640095949172974,2.916795872836948,0.7701511529340699,0.42073549240394825,0.42073549240394825,-0.22984884706593015,0.02646190374711372,0.5122824582612371,-0.8567191182525783,-0.05384053332227748,1.0,1.0,0.0,3.0219372065230887,0.009822441782536474,-2.0643469597133444,-0.07871131515012185,0.08117502938488177,1.5047503036561058,-2.961813516728883,4.0,4.0,0.0,1.0,1.0,7.8,1.0,9.0836181640625,-25.76349449157715,0.019999999552965164
8.660099267959595,2.63381532344737,0.7701511529340699,0.42073549240394825,0.42073549240394825,-0.22984884706593015,0.01607595913781644,0.3417351810730879,-0.9380422799272033,0.055093653207216625,1.0,1.0,0.0,-3.0488738133858906,-0.06786682386892871,-2.4460163563703343,0.029628712704187876,0.032996799959226414,1.227481088193475,-1.3984335685760179,4.0,4.0,0.0,1.0,1.0,7.8,1.0,9.161540985107422,-25.799806594848633,0.019999999552965164
8.68009328842163,2.7638942472927597,0.7701511529340699,0.42073549240394825,0.42073549240394825,-0.22984884706593015,-0.04592716471985055,0.47526523236349727,-0.8758219462044039,-0.07035320173237862,1.0,1.0,0.0,3.0610491297359896,0.14785906713756872,-2.153195063058611,-0.012880906057036914,-0.09563432694254395,0.24926083000846996,-3.0373264032550846,4.0,4.0,0.0,1.0,1.0,7.8,1.0,9.22833251953125,-25.827041625976562,0.019999999552965164
8.700147151947021,2.7846288744040044,0.7701511529340699,0.42073549240394825,0.42073549240394825,-0.22984884706593015,-0.03800141022683593,0.52155531228512,-0.8513669472889597,0.041355412122484746,1.0,1.0,0.0,-3.0312865555033657,0.0215696919833031,-2.0411227779584573,-0.06303444554581057,0.06525261674524765,0.10586534988755736,-4.0,4.0,4.0,1.0,1.0,1.0,7.8,1.0,9.317387580871582,-25.863353729248047,0.019999999552965164
8.72012448310852,2.77707508021656,0.7701511529340699,0.42073549240394825,0.42073549240394825,-0.22984884706593015,0.060941735519798104,0.373237565267825,-0.9255523173494012,-0.01824095923832372,1.0,1.0,0.0,3.061857960292533,-0.09935649577739881,-2.371000328540264,0.00927537861956533,-0.014577726426952237,-0.2503445085262379,-0.8650462764468794,4.0,4.0,0.0,1.0,1.0,7.8,1.0,9.38417911529541,-25.89966583251953,0.019999999552965164
8.740137815475464,2.858362329885407,0.7701511529340699,0.42073549240394825,0.42073549240394825,-0.22984884706593015,0.09976814987401099,0.4045064871769158,-0.9087220778424571,0.025396916037109935,1.0,1.0,0.0,3.106302694498457,-0.20326631909390597,-2.300387026175281,0.09784402712534504,-0.044834337789001144,1.6817426264648803,-1.8188120661835665,4.0,3.4736456651997543,0.0,1.0,0.0,7.8,1.0,9.450969696044922,-25.935977935791016,0.019999999552965164
8.76011610031128,2.8141597921586934,0.7701511529340699,0.42073549240394825,0.42073549240394825,-0.22984884706593015,0.08556416366831116,0.40533190063882235,-0.9068229553705404,0.07782642117752447,1.0,1.0,0.0,-3.0679666484342714,-0.22004563504191404,-2.30905003564864,0.011190940104757102,0.04507850313437664,1.9816865408451436,-2.054345298742081,4.0,1.5225575783275502,0.0,1.0,0.0,7.8,1.0,9.450969696044922,-25.935977935791016,0.019999999552965164
8.7806556224823,2.8141597921586934,0.7701511529340699,0.42073549240394825,0.42073549240394825,-0.22984884706593015,0.08556416366831116,0.40533190063882235,-0.9068229553705404,0.07782642117752447,1.0,1.0,0.0,-3.0679666484342714,-0.22004563504191404,-2.30905003564864,0.011190940104757102,0.04507850313437664,1.9816865408451436,-2.054345298742081,4.0,1.5225575783275502,0.0,1.0,0.0,7.8,1.0,9.450969696044922,-25.935977935791016,0.019999999552965164
8.800102710723877,2.9099889918874693,0.7701511529340699,0.42073549240394825,0.42073549240394825,-0.22984884706593015,0.0875537892552391,0.4398446070625117,-0.8931592082674633,-0.03372957622194465,1.0,1.0,0.0,3.0027594633720467,-0.12706908038991474,-2.2175520746948854,0.042760244528263436,0.028241767103314885,1.8015838100026635,-1.8195809877126532,4.0,4.0,0.0,1.0,1.0,7.8,1.0,9.52889347076416,-25.981367111206055,0.019999999552965164
8.820111513137817,2.7155294243302484,0.7701511529340699,0.42073549240394825,0.42073549240394825,-0.22984884706593015,0.004209534573677577,0.41132178205368036,-0.9112873412067436,0.018763080322851327,1.0,1.0,0.0,-3.110845431832822,-0.02310957530852605,-2.293973617426799,-0.012889066910748953,0.001314464712383348,0.34597635236032065,-2.217339596164869,4.0,4.0,0.0,1.0,1.0,7.8,1.0,9.595684051513672,-26.01767921447754,0.019999999552965164
8.84009575843811,2.595584544674516,0.7701511529340699,0.42073549240394825,0.42073549240394825,-0.22984884706593015,-0.02874007769250436,0.3837305813906776,-0.917621640475703,0.0994754933160982,1.0,1.0,0.0,-2.9354603503038335,-0.023600734142199705,-2.3518748734786903,-0.0894999596608626,0.08728432906522327,-0.6968852274434455,-2.4132224607597754,4.0,4.0,0.0,1.0,1.0,7.8,1.0,9.6624755859375,-26.04491424560547,0.019999999552965164
8.860086441040039,2.7437118779798517,0.7701511529340699,0.42073549240394825,0.42073549240394825,-0.22984884706593015,0.04342223275595655,0.3834926301612679,-0.9223270331203217,0.018993585494731086,1.0,1.0,0.0,-3.139852455288288,-0.09480876915196486,-2.3535905912135933,0.0008880097530780534,0.06234989214995221,-1.4191659510212558,-1.465021781927499,4.0,4.0,0.0,1.0,1.0,7.8,1.0,9.6624755859375,-26.04491424560547,0.019999999552965164
8.880115032196045,2.8378822000605424,0.7701511529340699,0.42073549240394825,0.42073549240394825,-0.22984884706593015,0.06198712662833884,0.45557000215658483,-0.8843391218070193,0.08098078110886087,1.0,1.0,0.0,-3.0532305708205265,-0.18446446610881675,-2.1983780758007017,0.0916259706428475,-0.044743299464954214,-2.3345583828011724,-3.4781986707882453,4.0,4.0,0.0,1.0,1.0,7.8,1.0,9.729267120361328,-26.081226348876953,0.019999999552965164
8.900112867355347,2.8101084087542856,0.7701511529340699,0.42073549240394825,0.42073549240394825,-0.22984884706593015,-0.05021453071981263,0.5385136743185537,-0.8411079433370596,-0.004353289769996402,1.0,1.0,0.0,-3.094629169097275,0.08927884887725589,-2.000522989769461,0.08149046366645757,0.09594729831841114,-2.779760505613657,-4.0,4.0,4.0,1.0,1.0,1.0,7.8,1.0,9.796058654785156,-26.117538452148438,0.019999999552965164
8.920111894607544,2.8101084087542856,0.7701511529340699,0.42073549240394825,0.42073549240394825,-0.22984884706593015,-0.05021453071981263,0.5385136743185537,-0.8411079433370596,-0.004353289769996402,1.0,1.0,0.0,-3.094629169097275,0.08927884887725589,-2.000522989769461,0.08149046366645757,0.09594729831841114,-2.779760505613657,-4.0,4.0,4.0,1.0,1.0,1.0,7.8,1.0,9.796058654785156,-26.117538452148438,0.019999999552965164
8.940116882324219,2.8101084087542856,0.7701511529340699,0.42073549240394825,0.42073549240394825,-0.22984884706593015,-0.05021453071981263,0.5385136743185537,-0.8411079433370596,-0.004353289769996402,1.0,1.0,0.0,-3.094629169097275,0.08927884887725589,-2.000522989769461,0.08149046366645757,0.09594729831841114,-2.779760505613657,-4.0,4.0,4.0,1.0,1.0,1.0,7.8,1.0,9.796058654785156,-26.117538452148438,0.019999999552965164
8.960101842880249,2.902542589970592,0.7701511529340699,0.42073549240394825,0.42073549240394825,-0.22984884706593015,-0.03893784300550492,0.5701989495160373,-0.8179843434331991,-0.06525807422108058,1.0,1.0,0.0,3.0785920131865816,0.1385642438784668,-1.928441416091379,-0.053969397666260216,0.07047878832834206,-2.9624660717299816,-4.0,4.0,4.0,1.0,1.0,1.0,7.8,1.0,9.873981475830078,-26.16292953491211,0.019999999552965164
8.980126857757568,3.0040531702378392,0.7701511529340699,0.42073549240394825,0.42073549240394825,-0.22984884706593015,0.062031896101940584,0.5253555293195611,-0.8449991495035548,-0.07829462955804094,1.0,1.0,0.0,2.9427389983917327,-0.022570682124141185,-2.0268620941014954,0.09013428626406969,-0.08765573524523092,-2.326247070565748,-3.3873518740518245,4.0,4.0,0.0,1.0,1.0,7.8,1.0,9.940773010253906,-26.199243545532227,0.019999999552965164
9.00006103515625,2.5498319666405598,0.7860666291368439,0.16751879124639693,0.5709414713577319,0.16751879124639693,0.08489080444291382,0.5989227837453873,-0.7958933196771748,-0.025275959427044015,1.0000000000000002,1.0000000000000002,1.0000000000000002,2.998397164994847,-0.10504442831322919,-1.8438325983511794,0.0517207958161818,-0.057350406009844895,-1.9396769168480514,-4.0,4.0,4.0,1.0,1.0,1.0,7.8,1.0,10.007564544677734,-26.244632720947266,0.019999999552965164
9.020126104354858,2.287506322246138,0.7860666291368439,0.16751879124639693,0.5709414713577319,0.16751879124639693,-0.00859415372034648,0.5272328114230157,-0.846390527877071,-0.07466443196587588,1.0000000000000002,1.0000000000000002,1.0000000000000002,3.0234761064521427,0.09341489984978506,-2.0329169536514615,0.08540783396641202,-0.014346282730913498,-2.2507835304620327,-4.0,4.0,4.0,1.0,1.0,1.0,7.8,1.0,10.063223838806152,-26.262788772583008,0.019999999552965164
9.040112733840942,2.4968163002262305,0.7860666291368439,0.16751879124639693,0.5709414713577319,0.16751879124639693,0.09397174610922722,0.5306320433128728,-0.8423392686796435,0.007968813150775163,1.0000000000000002,1.0000000000000002,1.0000000000000002,3.05395077855314,-0.16755206689741192,-2.009925843646334,-0.0615179210072238,0.01585054244480888,-2.3449798979135124,-4.0,4.0,4.0,1.0,1.0,1.0,7.8,1.0,10.13001537322998,-26.299100875854492,0.019999999552965164
9.060108661651611,2.505928070644271,0.7860666291368439,0.16751879124639693,0.5709414713577319,0.16751879124639693,0.030618750015506808,0.5979547337960661,-0.7945630406807537,0.10090690195679604,1.0000000000000002,1.0000000000000002,1.0000000000000002,-3.015710855830707,-0.17015242374658118,-1.862069832177743,0.036156950245213454,-0.04212256696442225,-2.2567884821924244,-4.0,4.0,4.0,1.0,1.0,1.0,7.8,1.0,10.13001537322998,-26.299100875854492,0.019999999552965164
9.08019208908081,2.505928070644271,0.7860666291368439,0.16751879124639693,0.5709414713577319,0.16751879124639693,0.030618750015506808,0.5979547337960661,-0.7945630406807537,0.10090690195679604,1.0000000000000002,1.0000000000000002,1.0000000000000002,-3.015710855830707,-0.17015242374658118,-1.862069832177743,0.036156950245213454,-0.04212256696442225,-2.2567884821924244,-4.0,4.0,4.0,1.0,1.0,1.0,7.8,1.0,10.13001537322998,-26.299100875854492,0.019999999552965164
9.100139379501343,2.333568041088747,0.7860666291368439,0.16751879124639693,0.5709414713577319,0.16751879124639693,-0.04259780751067041,0.6116560061804094,-0.7859363581626108,-0.07978970996818605,1.0000000000000002,1.0000000000000002,1.0000000000000002,3.0672018977875,0.16531803888099691,-1.8250822820864838,0.09672757684508096,0.09820409396586435,-1.7809377834454316,-4.0,4.0,4.0,1.0,1.0,1.0,7.8,1.0,10.196805953979492,-26.326335906982422,0.019999999552965164
9.120072841644287,2.3531921150848745,0.7860666291368439,0.16751879124639693,0.5709414713577319,0.16751879124639693,-0.049160863102989456,0.6308691023523808,-0.7718145528761928,-0.062367308781066895,1.0000000000000002,1.0000000000000002,1.0000000000000002,3.1069252613147453,0.15519965268044378,-1.7737853060456599,0.020527415545772754,0.06551273260264093,-0.07711966124205942,-4.0,4.0,4.0,1.0,1.0,1.0,7.8,1.0,10.241333961486816,-26.37172508239746,0.019999999552965164
9.140100002288818,2.440919445003772,0.7860666291368439,0.16751879124639693,0.5709414713577319,0.16751879124639693,0.004473845949901832,0.5806827529338529,-0.8076720247776534,0.10224199498808807,1.0000000000000002,1.0000000000000002,1.0000000000000002,-2.9796409920366393,-0.12630266323868822,-1.9051823579215956,-0.055000543796970905,0.01354757854020923,0.14569754212285113,-4.0,4.0,4.0,1.0,1.0,1.0,7.8,1.0,10.241333961486816,-26.37172508239746,0.019999999552965164
9.160097360610962,2.38187538532982,0.7860666291368439,0.16751879124639693,0.5709414713577319,0.16751879124639693,0.05261911854153656,0.47465474861912627,-0.8769462839214246,0.0538452699280991,1.0000000000000002,1.0000000000000002,1.0000000000000002,-3.096625901499654,-0.14390022335341243,-2.152619698249795,0.01717339137338139,0.07875789157792357,0.3033574216880678,-4.0,4.0,4.0,1.0,1.0,1.0,7.8,1.0,10.308125495910645,-26.389881134033203,0.019999999552965164
9.180087327957153,2.515328864278147,0.7860666291368439,0.16751879124639693,0.5709414713577319,0.16751879124639693,0.08676483859186684,0.5685547656673444,-0.8175761669332113,-0.028045543030505313,1.0000000000000002,1.0000000000000002,1.0000000000000002,2.9956734321915097,-0.11020581947178062,-1.918245304639491,-0.009939490525727984,-0.018408045437471238,-1.8536314299819514,-4.0,4.0,4.0,1.0,1.0,1.0,7.8,1.0,10.374916076660156,-26.417116165161133,0.019999999552965164
9.20010781288147,2.2208312456960986,0.7860666291368439,0.16751879124639693,0.5709414713577319,0.16751879124639693,-0.04784273062356157,0.5265027961076499,-0.8458126709486682,-0.07146190929430524,1.0000000000000002,1.0000000000000002,1.0000000000000002,3.0701477728181237,0.1568237885562707,-2.0336361529110585,0.09545960170379161,-0.04470582081521666,-2.6233763669648744,-4.0,4.0,4.0,1.0,1.0,1.0,7.8,1.0,10.441707611083984,-26.453428268432617,0.019999999552965164
9.222513675689697,2.5528666037933956,0.7860666291368439,0.16751879124639693,0.5709414713577319,0.16751879124639693,0.05263267580640243,0.6432733737391753,-0.7635697643358568,-0.019758113972790738,1.0000000000000002,1.0000000000000002,1.0000000000000002,3.043398974328493,-0.054985405365686045,-1.7386949515388903,-0.04626050654066427,-0.047477587478567035,-2.308064084544576,-4.0,4.0,4.0,1.0,1.0,1.0,7.8,1.0,10.441707611083984,-26.453428268432617,0.019999999552965164
9.240090370178223,2.5528666037933956,0.7860666291368439,0.16751879124639693,0.5709414713577319,0.16751879124639693,0.05263267580640243,0.6432733737391753,-0.7635697643358568,-0.019758113972790738,1.0000000000000002,1.0000000000000002,1.0000000000000002,3.043398974328493,-0.054985405365686045,-1.7386949515388903,-0.04626050654066427,-0.047477587478567035,-2.308064084544576,-4.0,4.0,4.0,1.0,1.0,1.0,7.8,1.0,10.441707611083984,-26.453428268432617,0.019999999552965164
9.260119199752808,2.597070111498991,0.7860666291368439,0.16751879124639693,0.5709414713577319,0.16751879124639693,0.09243010087802336,0.6291443372425725,-0.7706536440296072,-0.0415576745159083,1.0000000000000002,1.0000000000000002,1.0000000000000002,2.959493281111738,-0.09029428267666445,-1.7640474687923238,0.026847308793101793,-0.08841059418432083,-0.5989049070565797,-4.0,4.0,4.0,1.0,1.0,1.0,7.8,1.0,10.508499145507812,-26.480663299560547,0.019999999552965164
9.28011441230774,2.493797458050574,0.7860666291368439,0.16751879124639693,0.5709414713577319,0.16751879124639693,-0.02778223759882148,0.6701629007948815,-0.7378744598452007,0.07517389959517778,1.0000000000000002,1.0000000000000002,1.0000000000000002,-2.9926017119689736,-0.05979353337923132,-1.6713648572341415,-0.02514668306918688,0.09250786680077533,0.06224027515048958,-4.0,4.0,4.0,1.0,1.0,1.0,7.8,1.0,10.57529067993164,-26.507896423339844,0.019999999552965164
9.300092697143555,2.3818681093966236,0.7860666291368439,0.16751879124639693,0.5709414713577319,0.16751879124639693,-0.05086107881873751,0.6530698161552709,-0.7531168706675718,-0.06105689972639277,1.0000000000000002,1.0000000000000002,1.0000000000000002,3.115737512111214,0.15700171845677657,-1.7148864467130431,0.06140216204404422,0.030722702057473433,-0.05530094695449114,-4.0,4.0,4.0,1.0,1.0,1.0,7.8,1.0,10.653213500976562,-26.544208526611328,0.019999999552965164
9.32009220123291,2.42227660282864,0.7860666291368439,0.16751879124639693,0.5709414713577319,0.16751879124639693,0.0027277032829015205,0.5894209822359003,-0.8065313791237115,0.04563551055560422,1.0000000000000002,1.0000000000000002,1.0000000000000002,-3.071017150570394,-0.05822991283078983,-1.8814373101288804,3.9823809205835614e-05,-0.07277145911058219,0.4221714523262669,-4.0,4.0,4.0,1.0,1.0,1.0,7.8,1.0,10.72000503540039,-26.553287506103516,0.019999999552965164
9.340085506439209,2.468890546936798,0.7860666291368439,0.16751879124639693,0.5709414713577319,0.16751879124639693,0.01927332203868478,0.5941657014100884,-0.8006880216187136,0.07412388523115308,1.0000000000000002,1.0000000000000002,1.0000000000000002,-3.044960243023232,-0.11922986653184277,-1.8705529603980342,-0.05742771062044932,-0.00470743853809337,0.6294709438602132,-4.0,4.0,4.0,1.0,1.0,1.0,7.8,1.0,10.786796569824219,-26.589599609375,0.019999999552965164
9.360108137130737,2.3842695120019557,0.7860666291368439,0.16751879124639693,0.5709414713577319,0.16751879124639693,0.03040759957444877,0.5368370305110263,-0.8430369092947249,-0.01304416064839778,1.0000000000000002,1.0000000000000002,1.0000000000000002,3.0868861236225835,-0.03727291034823453,-2.006508234119058,0.0031749212019671347,-0.08957243996754559,0.8070119988881878,-4.0,4.0,4.0,1.0,1.0,1.0,7.8,1.0,10.786796569824219,-26.589599609375,0.019999999552965164
9.380097150802612,2.3842695120019557,0.7860666291368439,0.16751879124639693,0.5709414713577319,0.16751879124639693,0.03040759957444877,0.5368370305110263,-0.8430369092947249,-0.01304416064839778,1.0000000000000002,1.0000000000000002,1.0000000000000002,3.0868861236225835,-0.03727291034823453,-2.006508234119058,0.0031749212019671347,-0.08957243996754559,0.8070119988881878,-4.0,4.0,4.0,1.0,1.0,1.0,7.8,1.0,10.786796569824219,-26.589599609375,0.019999999552965164
9.400099039077759,2.554458830442511,0.7860666291368439,0.16751879124639693,0.5709414713577319,0.16751879124639693,0.08409115503708918,0.6027261201886933,-0.7932210303015542,-0.021220244441420386,1.0000000000000002,1.0000000000000002,1.0000000000000002,3.005347084699147,-0.1080357922690096,-1.8346682845650308,0.08279329373991953,0.04399137330409142,1.092985624511661,-4.0,4.0,4.0,1.0,1.0,1.0,7.8,1.0,10.87585163116455,-26.607755661010742,0.019999999552965164
9.420086860656738,2.445153475296115,0.7860666291368439,0.16751879124639693,0.5709414713577319,0.16751879124639693,0.04268624356843919,0.5572446281651527,-0.8287095345083866,0.029946893094104688,1.0000000000000002,1.0000000000000002,1.0000000000000002,-3.139520194971675,-0.10431355997357442,-1.9577443687156988,-0.06580103140504684,-0.018534302708547862,1.704970952882615,-4.0,4.0,1.9918958293464133,1.0,1.0,0.0,7.8,1.0,10.942642211914062,-26.63498878479004,0.019999999552965164
9.440094232559204,2.5217788983887175,0.7860666291368439,0.16751879124639693,0.5709414713577319,0.16751879124639693,0.06534504603931421,0.5847557702765568,-0.8075606497112503,0.0404538147068204,1.0000000000000002,1.0000000000000002,1.0000000000000002,3.1303766564269613,-0.1534529165170687,-1.8872925592485439,0.06131000095287306,0.05538673473180397,2.0145211052923493,-4.0,4.0,0.9077162414012854,1.0,1.0,0.0,7.8,1.0,11.00943374633789,-26.644067764282227,0.019999999552965164
9.460094690322876,2.444792031623834,0.7860666291368439,0.16751879124639693,0.5709414713577319,0.16751879124639693,0.0314698814153175,0.5883115057521773,-0.8077505409000463,-0.020935196177592555,1.0000000000000002,1.0000000000000002,1.0000000000000002,3.0706598251975032,-0.026209794612213615,-1.8816836062128217,-0.040339166721092216,-0.004974095047405397,2.2141165319244465,-4.0,4.0,1.0021956030228143,1.0,1.0,0.0,7.8,1.0,11.087356567382812,-26.671300888061523,0.019999999552965164
9.480083703994751,2.225626382126964,0.7860666291368439,0.16751879124639693,0.5709414713577319,0.16751879124639693,-0.1060960126075446,0.5612396167761984,-0.8168067148099282,0.08112040009207536,1.0000000000000002,1.0000000000000002,1.0000000000000002,-2.8863650374532717,0.0823569749845558,-1.9269686081036346,-0.07049444436772008,-0.004861189849177355,0.9713290905721301,-4.0,4.0,3.629210255524754,1.0,1.0,0.0,7.8,1.0,11.15414810180664,-26.689456939697266,0.019999999552965164
9.500115871429443,2.247828068839162,0.7860666291368439,0.16751879124639693,0.5709414713577319,0.16751879124639693,-0.08508372625575605,0.59947852096936,-0.791626432472238,-0.0819381097786702,1.0000000000000002,1.0000000000000002,1.0000000000000002,3.113087681564402,0.235109348471482,-1.848678164937549,-0.07672268345309033,0.08786172166409242,1.1017892852606912,-4.0,4.0,4.0,1.0,1.0,1.0,7.8,1.0,11.15414810180664,-26.689456939697266,0.019999999552965164
9.52011489868164,2.247828068839162,0.7860666291368439,0.16751879124639693,0.5709414713577319,0.16751879124639693,-0.08508372625575605,0.59947852096936,-0.791626432472238,-0.0819381097786702,1.0000000000000002,1.0000000000000002,1.0000000000000002,3.113087681564402,0.235109348471482,-1.848678164937549,-0.07672268345309033,0.08786172166409242,1.1017892852606912,-4.0,4.0,4.0,1.0,1.0,1.0,7.8,1.0,11.15414810180664,-26.689456939697266,0.019999999552965164
9.540079355239868,2.2434412654669553,0.7860666291368439,0.16751879124639693,0.5709414713577319,0.16751879124639693,-0.041524817170825366,0.5341698592401138,-0.8421857460021531,-0.06050967087270698,1.0000000000000002,1.0000000000000002,1.0000000000000002,3.083473292406649,0.1349977717172876,-2.015053038474055,-0.028375030954829475,-0.03830713886358479,0.8809300385429052,-4.0,4.0,4.0,1.0,1.0,1.0,7.8,1.0,11.220939636230469,-26.716691970825195,0.019999999552965164
9.560118913650513,2.444745346047966,0.7860666291368439,0.16751879124639693,0.5709414713577319,0.16751879124639693,0.0444249492683454,0.5567515994711137,-0.829178630308602,0.02273498204116964,1.0000000000000002,1.0000000000000002,1.0000000000000002,3.129769712149625,-0.09915028666700494,-1.9583930231009974,-0.05083230948260902,-0.08709681311901779,1.0579016939325883,-4.0,4.0,4.0,1.0,1.0,1.0,7.8,1.0,11.29886245727539,-26.734848022460938,0.019999999552965164
9.580090522766113,2.550203506639732,0.7860666291368439,0.16751879124639693,0.5709414713577319,0.16751879124639693,0.09162889646936764,0.6002500992621594,-0.7911581679199239,-0.07329881991657922,1.0000000000000002,1.0000000000000002,1.0000000000000002,2.9132635472965083,-0.05702154735071605,-1.836963413000845,-0.033364588654063554,0.057051315167840955,0.30138703551127716,-4.0,4.0,4.0,1.0,1.0,1.0,7.8,1.0,11.376786231994629,-26.762083053588867,0.019999999552965164
9.600103378295898,2.320441520472974,0.7860666291368439,0.16751879124639693,0.5709414713577319,0.16751879124639693,-0.01948402539938871,0.5211399175736912,-0.8492813855011011,0.08218690471633784,1.0000000000000002,1.0000000000000002,1.0000000000000002,-2.980771501198821,-0.05259115299993443,-2.045076899815927,-0.08428077208310658,0.0021020050318490274,0.4859840405106379,-4.0,4.0,4.0,1.0,1.0,1.0,7.8,1.0,11.465841293334961,-26.789318084716797,0.019999999552965164
9.62004041671753,2.5171195096975048,0.7860666291368439,0.16751879124639693,0.5709414713577319,0.16751879124639693,0.09048812173047846,0.5365360849194778,-0.8370156927340273,0.057841676341074254,1.0000000000000002,1.0000000000000002,1.0000000000000002,3.141314739255556,-0.2152055578174965,-2.0015027670188106,-0.0955863904657362,0.005931140727317305,-0.011393785020412522,-4.0,4.0,4.0,1.0,1.0,1.0,7.8,1.0,11.465841293334961,-26.789318084716797,0.019999999552965164
9.640110969543457,2.3559083064755764,0.7860666291368439,0.16751879124639693,0.5709414713577319,0.16751879124639693,-0.01151420698892276,0.5391733823990333,-0.8378071851977095,0.08508000458916837,1.0000000000000002,1.0000000000000002,1.0000000000000002,-2.9855745064495314,-0.07251591515216024,-2.0036040342533212,0.03664742640986959,0.09424637962020568,0.8810096708565827,-4.0,4.0,4.0,1.0,1.0,1.0,7.8,1.0,11.566027641296387,-26.82563018798828,0.019999999552965164
9.660125732421875,2.3559083064755764,0.7860666291368439,0.16751879124639693,0.5709414713577319,0.16751879124639693,-0.01151420698892276,0.5391733823990333,-0.8378071851977095,0.08508000458916837,1.0000000000000002,1.0000000000000002,1.0000000000000002,-2.9855745064495314,-0.07251591515216024,-2.0036040342533212,0.03664742640986959,0.09424637962020568,0.8810096708565827,-4.0,4.0,4.0,1.0,1.0,1.0,7.8,1.0,11.566027641296387,-26.82563018798828,0.019999999552965164
9.680092334747314,2.292840974991635,0.7860666291368439,0.16751879124639693,0.5709414713577319,0.16751879124639693,0.05477254223835111,0.4146199076030533,-0.907623287246821,-0.036197641957155705,1.0000000000000002,1.0000000000000002,1.0000000000000002,3.029965097179289,-0.06946499616962777,-2.280689096523595,0.03181238986833124,-0.05088512709325097,0.873947995821582,-4.0,4.0,4.0,1.0,1.0,1.0,7.8,1.0,11.643951416015625,-26.85286521911621,0.019999999552965164
9.700095653533936,2.141752534990073,0.7860666291368439,0.16751879124639693,0.5709414713577319,0.16751879124639693,-0.08652881986416912,0.47776368795323526,-0.8731718020106936,0.04272734463591078,1.0000000000000002,1.0000000000000002,1.0000000000000002,-2.982661797050708,0.11050667922926313,-2.1314651587315168,-0.06024651395744465,0.09507205656315532,-0.3470193331735822,-4.0,4.0,4.0,1.0,1.0,1.0,7.8,1.0,11.733006477355957,-26.89825439453125,0.019999999552965164
9.720109462738037,2.15165083448501,0.7860666291368439,0.16751879124639693,0.5709414713577319,0.16751879124639693,-0.09273227109168061,0.4803467347369834,-0.8685386011706661,0.07942567974024559,1.0000000000000002,1.0000000000000002,1.0000000000000002,-2.911696678390688,0.08488127134630997,-2.1214204436414317,0.0038837151417819155,-0.08907759567621219,0.09422180485363456,-4.0,4.0,4.0,1.0,1.0,1.0,7.8,1.0,11.733006477355957,-26.89825439453125,0.019999999552965164
9.740103244781494,2.249127520392093,0.7860666291368439,0.16751879124639693,0.5709414713577319,0.16751879124639693,-0.017031204075176595,0.44633150228663754,-0.8900748785373986,0.09091115856119006,1.0000000000000002,1.0000000000000002,1.0000000000000002,-2.963383069846039,-0.050856854179325985,-2.2165171714058074,-0.06817705287269513,-0.03413017167670174,2.714438449849384,-4.0,4.0,-4.0,1.0,1.0,1.0,7.8,1.0,11.833192825317383,-26.916410446166992,0.019999999552965164
9.760124921798706,2.438986795399401,0.7860666291368439,0.16751879124639693,0.5709414713577319,0.16751879124639693,0.0692662209594107,0.48699145539578925,-0.8663508028485506,0.08647427021470003,1.0000000000000002,1.0000000000000002,1.0000000000000002,-3.0573493366999176,-0.20568947924046913,-2.1260938135478553,-0.010250959586961622,-0.06876936035163539,1.0663802702086704,-4.0,4.0,3.0705291768740857,1.0,1.0,0.0,7.8,1.0,11.922247886657715,-26.952722549438477,0.019999999552965164
9.780100107192993,2.353160548316673,0.7860666291368439,0.16751879124639693,0.5709414713577319,0.16751879124639693,0.05869251626216173,0.48027943941568,-0.871713049313591,-0.07748037342306001,1.0000000000000002,1.0000000000000002,1.0000000000000002,2.9488683264004867,-0.02790522551853605,-2.1317344703043575,0.03306044203888278,0.02035843867006426,1.3601886267478256,-4.0,4.0,4.0,1.0,1.0,1.0,7.8,1.0,12.022435188293457,-26.979957580566406,0.019999999552965164
9.801619291305542,2.353160548316673,0.7860666291368439,0.16751879124639693,0.5709414713577319,0.16751879124639693,0.05869251626216173,0.48027943941568,-0.871713049313591,-0.07748037342306001,1.0000000000000002,1.0000000000000002,1.0000000000000002,2.9488683264004867,-0.02790522551853605,-2.1317344703043575,0.03306044203888278,0.02035843867006426,1.3601886267478256,-4.0,4.0,4.0,1.0,1.0,1.0,7.8,1.0,12.022435188293457,-26.979957580566406,0.019999999552965164
9.820091009140015,2.353160548316673,0.7860666291368439,0.16751879124639693,0.5709414713577319,0.16751879124639693,0.05869251626216173,0.48027943941568,-0.871713049313591,-0.07748037342306001,1.0000000000000002,1.0000000000000002,1.0000000000000002,2.9488683264004867,-0.02790522551853605,-2.1317344703043575,0.03306044203888278,0.02035843867006426,1.3601886267478256,-4.0,4.0,4.0,1.0,1.0,1.0,7.8,1.0,12.022435188293457,-26.979957580566406,0.019999999552965164
9.840091228485107,2.087115592484735,0.7860666291368439,0.16751879124639693,0.5709414713577319,0.16751879124639693,-0.08753639919012361,0.43356358527212135,-0.8963991394697495,0.02878504995138474,1.0000000000000002,1.0000000000000002,1.0000000000000002,-3.0125990735496857,0.13236094968945689,-2.232030543998323,0.031228912673136905,-0.07759436435755036,2.2381643050809146,-4.0,4.0,-1.7444137672542785,1.0,1.0,0.0,7.8,1.0,12.111490249633789,-27.007192611694336,0.019999999552965164
9.860104322433472,2.326935296919334,0.7860666291368439,0.16751879124639693,0.5709414713577319,0.16751879124639693,0.04016848673139602,0.4821031192571032,-0.8731687565805439,-0.05949283660969351,1.0000000000000002,1.0000000000000002,1.0000000000000002,2.998467571371993,-0.012784719292162742,-2.131721259463048,-0.0851710142129638,0.01735088687664714,2.671391062980941,-4.0,4.0,-1.1851812761976461,1.0,1.0,0.0,7.8,1.0,12.200545310974121,-27.04350471496582,0.019999999552965164
9.880117416381836,2.3431766002156507,0.7860666291368439,0.16751879124639693,0.5709414713577319,0.16751879124639693,0.07960933429148372,0.38485428172392483,-0.9181463731238364,0.050564545404599065,1.0000000000000002,1.0000000000000002,1.0000000000000002,-3.109456538147478,-0.1861797320970117,-2.3507581584498287,0.04041674518638477,0.07259510324185936,3.5685384808184026,-4.0,4.0,-4.0,1.0,1.0,1.0,7.8,1.0,12.300732612609863,-27.07073974609375,0.019999999552965164
9.90011715888977,2.1438499481655184,0.7860666291368439,0.16751879124639693,0.5709414713577319,0.16751879124639693,-0.0525379029818259,0.44368237751848016,-0.8946336280361452,-0.004048236246218982,1.0000000000000002,1.0000000000000002,1.0000000000000002,-3.102016531507323,0.09775221579018559,-2.2188718489668378,-0.03221649197886088,-0.01653480979687169,3.1817565419420255,-4.0,4.0,-4.0,1.0,1.0,1.0,7.8,1.0,12.389787673950195,-27.088895797729492,0.019999999552965164
9.920092582702637,2.2380242217610284,0.7860666291368439,0.16751879124639693,0.5709414713577319,0.16751879124639693,-0.009959051349415117,0.4254832098224531,-0.9008641340865331,0.08549074436407073,1.0000000000000002,1.0000000000000002,1.0000000000000002,-2.9781149483320846,-0.05483372260478247,-2.2635904568339855,-0.09828660546702517,0.047127393183789945,3.0560074735699057,-4.0,4.0,-4.0,1.0,1.0,1.0,7.8,1.0,12.478842735290527,-27.11612892150879,0.019999999552965164
9.940128326416016,2.274845379614184,0.7860666291368439,0.16751879124639693,0.5709414713577319,0.16751879124639693,0.04719393515508583,0.4061474981495223,-0.9122377279412792,-0.02528378832362484,1.0000000000000002,1.0000000000000002,1.0000000000000002,3.0568440502771947,-0.06561335028198069,-2.3010642670344508,0.0705335217429735,-0.00793971328170999,3.4495996798537556,-4.0,4.0,-4.0,1.0,1.0,1.0,7.8,1.0,12.478842735290527,-27.11612892150879,0.019999999552965164
9.960092544555664,2.274845379614184,0.7860666291368439,0.16751879124639693,0.5709414713577319,0.16751879124639693,0.04719393515508583,0.4061474981495223,-0.9122377279412792,-0.02528378832362484,1.0000000000000002,1.0000000000000002,1.0000000000000002,3.0568440502771947,-0.06561335028198069,-2.3010642670344508,0.0705335217429735,-0.00793971328170999,3.4495996798537556,-4.0,4.0,-4.0,1.0,1.0,1.0,7.8,1.0,12.478842735290527,-27.11612892150879,0.019999999552965164
9.98011064529419,2.0791934569092434,0.7860666291368439,0.16751879124639693,0.5709414713577319,0.16751879124639693,0.00518724381534153,0.2247138800146549,-0.9733926052525022,0.04453763206666893,1.0000000000000002,1.0000000000000002,1.0000000000000002,-3.057079887666449,-0.03011945152066211,-2.689103093946906,0.07961544191639003,-0.026749921901138896,4.293254866305895,-4.0,4.0,-4.0,1.0,1.0,1.0,7.8,1.0,12.579029083251953,-27.13428497314453,0.019999999552965164
10.000100135803223,1.9655155834091382,0.7860666291368439,0.16751879124639693,0.5709414713577319,0.16751879124639693,-0.02881174642588607,0.20317585871878185,-0.977555034589821,-0.04770333373958344,1.0000000000000002,1.0000000000000002,1.0000000000000002,3.059708832486251,0.07578699554066035,-2.7348520670338163,0.0805051188889537,-0.04316510893015329,4.816286332944196,-4.0,4.0,-4.0,1.0,1.0,1.0,7.8,1.0,12.656952857971191,-27.152441024780273,0.019999999552965164
10.02011227607727,2.202058953524658,0.7860666291368439,0.16751879124639693,0.5709414713577319,0.16751879124639693,0.053117714408402905,0.2465867761511003,-0.9637748639558578,0.08666880552022362,1.0000000000000002,1.0000000000000002,1.0000000000000002,-2.998737763525263,-0.14564415882215925,-2.651068198817347,-0.034709805511056666,-0.06871463423710499,6.08944166647526,-4.0,4.0,-4.0,1.0,1.0,1.0,7.8,1.0,12.746007919311523,-27.170597076416016,0.019999999552965164
10.04009199142456,2.083228324766818,0.7860666291368439,0.16751879124639693,0.5709414713577319,0.16751879124639693,0.03104480526315225,0.17090209812994595,-0.9844767899777731,0.025182194424134142,1.0000000000000002,1.0000000000000002,1.0000000000000002,-3.1025162823269157,-0.06978979961251978,-2.799189115744058,-0.023942578243195414,0.09092590317781346,7.304780426153866,-4.0,4.0,-4.0,1.0,1.0,1.0,7.8,1.0,12.835062980651855,-27.197832107543945,0.019999999552965164
10.0600905418396,1.8288316881085536,0.7860666291368439,0.16751879124639693,0.5709414713577319,0.16751879124639693,-0.038680849163086346,-0.03495636847261168,-0.9983560589799425,-0.023812259642187757,1.0000000000000002,1.0000000000000002,1.0000000000000002,3.091176684809127,0.07564185258260987,3.06968529949159,0.08407676814299417,-0.0029031294305428695,8.753790775652295,-2.9893016334005087,4.0,-4.0,0.0,1.0,1.0,7.8,1.0,12.924118041992188,-27.197832107543945,0.019999999552965164
10.08010983467102,1.7891346334308997,0.7860666291368439,0.16751879124639693,0.5709414713577319,0.16751879124639693,-0.06976296882214986,-0.025433129575530903,-0.9971238832009911,0.015173847609967754,1.0000000000000002,1.0000000000000002,1.0000000000000002,-3.1146122605371005,0.1403568674575245,3.0924874042876005,0.05002367960503165,-0.08652197205605759,9.331632888470882,-3.5479915243070264,4.0,-4.0,0.0,1.0,1.0,7.8,1.0,12.924118041992188,-27.197832107543945,0.019999999552965164
10.100114822387695,1.7891346334308997,0.7860666291368439,0.16751879124639693,0.5709414713577319,0.16751879124639693,-0.06976296882214986,-0.025433129575530903,-0.9971238832009911,0.015173847609967754,1.0000000000000002,1.0000000000000002,1.0000000000000002,-3.1146122605371005,0.1403568674575245,3.0924874042876005,0.05002367960503165,-0.08652197205605759,9.331632888470882,-3.5479915243070264,4.0,-4.0,0.0,1.0,1.0,7.8,1.0,12.924118041992188,-27.197832107543945,0.019999999552965164
10.120089054107666,2.129956623425523,0.7860666291368439,0.16751879124639693,0.5709414713577319,0.16751879124639693,0.08873388523336616,0.012195104145280283,-0.9937838453589393,0.06611539722241373,1.0000000000000002,1.0000000000000002,1.0000000000000002,-3.009870565007941,-0.17893041998645737,-3.1288841784473154,-0.08105902933529052,0.04421627881355686,9.792203772604928,-3.6547051209559336,4.0,-4.0,0.0,1.0,1.0,7.8,1.0,13.01317310333252,-27.23414421081543,0.019999999552965164
10.14009165763855,1.8551153805698901,0.7860666291368439,0.16751879124639693,0.5709414713577319,0.16751879124639693,-0.0282787585694036,-0.15348120444425192,-0.9856108032867483,0.06492438787209313,1.0000000000000002,1.0000000000000002,1.0000000000000002,-3.0216624683822935,0.07574545562273481,2.8371799493563485,-0.0012524640421568423,0.07917176751164443,9.429081688588012,-1.720332671527745,4.0,-4.0,0.0,1.0,1.0,7.8,1.0,13.113360404968262,-27.243223190307617,0.019999999552965164
10.16008996963501,2.0391172392745673,0.7860666291368439,0.16751879124639693,0.5709414713577319,0.16751879124639693,0.07263731900831474,-0.26280537323753317,-0.9597963288552965,0.06669454850781088,1.0000000000000002,1.0000000000000002,1.0000000000000002,-2.973686635290128,-0.10456916088287009,2.5982591592389324,-0.03895089292469574,0.04552157050804878,8.541343611488362,0.5535644763062206,4.0,-4.0,0.0,1.0,1.0,7.8,1.0,13.113360404968262,-27.243223190307617,0.019999999552965164
10.180091857910156,1.8353909275933034,0.7860666291368439,0.16751879124639693,0.5709414713577319,0.16751879124639693,-0.010379113249701524,-0.18960258670343147,-0.9806985308849335,-0.046621075101833984,1.0000000000000002,1.0000000000000002,1.0000000000000002,3.0460688519801793,0.0026786125664934744,2.759508583255771,0.06846845456303455,0.039951477999994406,8.510994746618016,-0.08119296937709508,4.0,-4.0,0.0,1.0,1.0,7.8,1.0,13.202415466308594,-27.2795352935791,0.019999999552965164
10.20008373260498,1.8132370142352157,0.7860666291368439,0.16751879124639693,0.5709414713577319,0.16751879124639693,-0.04179858860838375,-0.4077441441569488,-0.9116059907245817,0.031178655697740348,1.0000000000000002,1.0000000000000002,1.0000000000000002,-3.1187131565521904,0.10180930284484487,2.3015771836003944,0.01702858043597437,-0.07260845408759008,9.629282984750121,2.7918795720576663,4.0,-4.0,0.0,1.0,1.0,7.8,1.0,13.291470527648926,-27.297691345214844,0.019999999552965164
10.220090389251709,1.9899534106057364,0.7860666291368439,0.16751879124639693,0.5709414713577319,0.16751879124639693,0.06019861407906783,-0.46121934158973316,-0.8830604611666936,-0.062105295511406824,1.0000000000000002,1.0000000000000002,1.0000000000000002,3.0866694332007083,-0.16434516933241042,2.1834666533308575,-0.06368825888339544,0.062137092837972835,10.31019273511595,4.0,4.0,-4.0,1.0,1.0,1.0,7.8,1.0,13.391656875610352,-27.334003448486328,0.019999999552965164
10.240114688873291,1.7890343538856257,0.7860666291368439,0.16751879124639693,0.5709414713577319,0.16751879124639693,-0.07308320549401326,-0.5287420811015301,-0.845460882480066,0.0169278747387475,1.0000000000000002,1.0000000000000002,1.0000000000000002,3.0924177789437617,0.1419552255121042,2.0203375236318055,-0.011880378608536968,0.09941935126737195,9.192120468428094,4.0,4.0,-4.0,1.0,1.0,1.0,7.8,1.0,13.480711936950684,-27.352161407470703,0.019999999552965164
10.260103702545166,1.8458881044100388,0.7860666291368439,0.16751879124639693,0.5709414713577319,0.16751879124639693,-0.07439590749148309,-0.5804305822336846,-0.8071425754374167,0.0780157104219326,1.0000000000000002,1.0000000000000002,1.0000000000000002,-3.101096785469028,0.21225171581718183,1.899023513368214,-0.014268448689616492,0.024511598767707476,7.532397951414253,4.0,4.0,-4.0,1.0,1.0,1.0,7.8,1.0,13.580899238586426,-27.388473510742188,0.019999999552965164
10.280116319656372,2.0831243058505877,0.7860666291368439,0.16751879124639693,0.5709414713577319,0.16751879124639693,0.04769300463521323,-0.6536148021434466,-0.7552580389216089,-0.009917780605258152,1.0000000000000002,1.0000000000000002,1.0000000000000002,-3.0940379295172042,-0.08510857641256629,1.7128116556815425,-0.08037284894944088,-0.0608849553634796,6.6723176791921075,4.0,4.0,-4.0,1.0,1.0,1.0,7.8,1.0,13.669954299926758,-27.415706634521484,0.019999999552965164
10.300095558166504,2.1458444999252437,0.7860666291368439,0.16751879124639693,0.5709414713577319,0.16751879124639693,0.060941957161590926,-0.6747181485914558,-0.7344109526106788,0.041012809024841446,1.0000000000000002,1.0000000000000002,1.0000000000000002,-2.998544243868251,-0.034175360638758874,1.653019897453405,0.040266303560488714,-0.005695036317026059,5.204427976943584,4.0,4.0,-4.0,1.0,1.0,1.0,7.8,1.0,13.75900936126709,-27.461097717285156,0.019999999552965164
10.320099830627441,1.9083531637366136,0.7860666291368439,0.16751879124639693,0.5709414713577319,0.16751879124639693,-0.04525187382230082,-0.6060603849490703,-0.7915386652712613,0.06410631085583976,1.0000000000000002,1.0000000000000002,1.0000000000000002,-3.094411731813537,0.14990258080539093,1.838222054849046,-0.03320403362835682,-0.0578198108403184,4.45158837943605,4.0,4.0,-4.0,1.0,1.0,1.0,7.8,1.0,13.75900936126709,-27.461097717285156,0.019999999552965164
10.340090274810791,1.93991173269156,0.7860666291368439,0.16751879124639693,0.5709414713577319,0.16751879124639693,-0.05578310221380419,-0.729302208985919,-0.6780049588992457,-0.07290959596442284,1.0000000000000002,1.0000000000000002,1.0000000000000002,2.9602843062982016,-0.03070864519351305,1.5007190390558522,-0.07709994365198483,-0.025585912084457915,4.3671750415431845,4.0,4.0,-4.0,1.0,1.0,1.0,7.8,1.0,13.859196662902832,-27.4792537689209,0.019999999552965164
10.360095500946045,1.93991173269156,0.7860666291368439,0.16751879124639693,0.5709414713577319,0.16751879124639693,-0.05578310221380419,-0.729302208985919,-0.6780049588992457,-0.07290959596442284,1.0000000000000002,1.0000000000000002,1.0000000000000002,2.9602843062982016,-0.03070864519351305,1.5007190390558522,-0.07709994365198483,-0.025585912084457915,4.3671750415431845,4.0,4.0,-4.0,1.0,1.0,1.0,7.8,1.0,13.859196662902832,-27.4792537689209,0.019999999552965164
10.380113363265991,1.93991173269156,0.7860666291368439,0.16751879124639693,0.5709414713577319,0.16751879124639693,-0.05578310221380419,-0.729302208985919,-0.6780049588992457,-0.07290959596442284,1.0000000000000002,1.0000000000000002,1.0000000000000002,2.9602843062982016,-0.03070864519351305,1.5007190390558522,-0.07709994365198483,-0.025585912084457915,4.3671750415431845,4.0,4.0,-4.0,1.0,1.0,1.0,7.8,1.0,13.859196662902832,-27.4792537689209,0.019999999552965164
10.400112390518188,1.933094105843546,0.7860666291368439,0.16751879124639693,0.5709414713577319,0.16751879124639693,-0.04637544708727794,-0.707887769932973,-0.7003510729146386,-0.07907336943682018,1.0000000000000002,1.0000000000000002,1.0000000000000002,2.9640508344216543,-0.0470092662113804,1.5642775253212169,0.06911276476808456,-0.08671057840855495,5.659455602790357,4.0,4.0,-4.0,1.0,1.0,1.0,7.8,1.0,13.948251724243164,-27.515565872192383,0.019999999552965164
10.42010498046875,2.0084418530882804,0.7860666291368439,0.16751879124639693,0.5709414713577319,0.16751879124639693,-0.055242243762852604,-0.7335230705263953,-0.6725668305798436,0.08090771232310615,1.0000000000000002,1.0000000000000002,1.0000000000000002,-3.11326760471443,0.19422233371222974,1.486906931998635,-0.09360723748120775,0.08564745967023532,5.5721660956046035,4.0,4.0,-4.0,1.0,1.0,1.0,7.8,1.0,14.0595703125,-27.54279899597168,0.019999999552965164
10.440105199813843,2.3231158055669967,0.7860666291368439,0.16751879124639693,0.5709414713577319,0.16751879124639693,0.07220375430241201,-0.7961481024521372,-0.5922856661916144,0.10066035192891794,1.0000000000000002,1.0000000000000002,1.0000000000000002,-2.9045117117211823,0.07482038793641453,1.2881367323705502,0.05014916295541352,-0.04315750477649354,4.423728972178035,4.0,4.0,-4.0,1.0,1.0,1.0,7.8,1.0,14.148625373840332,-27.58819007873535,0.019999999552965164
10.460088968276978,2.2596498619332643,0.7860666291368439,0.16751879124639693,0.5709414713577319,0.16751879124639693,0.03264913172179689,-0.8427492322118642,-0.5364839437063117,-0.02987882108533298,1.0000000000000002,1.0000000000000002,1.0000000000000002,-3.1185353535422347,-0.08549629641256927,1.1327913129628537,0.023653184344002293,-0.04171658969897205,4.636615946559211,4.0,4.0,-4.0,1.0,1.0,1.0,7.8,1.0,14.259943962097168,-27.606346130371094,0.019999999552965164
10.480098962783813,2.118970107071679,0.7860666291368439,0.16751879124639693,0.5709414713577319,0.16751879124639693,-0.08889353267940688,-0.8625343004222115,-0.49577442685354095,0.04837600769993951,1.0000000000000002,1.0000000000000002,1.0000000000000002,3.0344207825033473,0.1724476560084244,1.0340774420165006,-0.03190567020797064,0.08614035892637578,4.65794114215145,4.0,4.0,-4.0,1.0,1.0,1.0,7.8,1.0,14.3489990234375,-27.642658233642578,0.019999999552965164
10.500092267990112,2.1576710508676946,0.7860666291368439,0.16751879124639693,0.5709414713577319,0.16751879124639693,-0.057672193328530554,-0.8738381619904775,-0.4815947349877331,-0.03387175811610058,1.0000000000000002,1.0000000000000002,1.0000000000000002,3.0077754978693885,-0.0036476284754171783,1.0076586613460503,-0.09959708847731955,-0.09064978122045785,1.5645785834008286,4.0,4.0,-4.0,1.0,1.0,1.0,7.8,1.0,14.471449851989746,-27.678970336914062,0.019999999552965164
10.520095109939575,2.1570836787649594,0.7860666291368439,0.16751879124639693,0.5709414713577319,0.16751879124639693,-0.04736360269049399,-0.8561879723769966,-0.5143854266693201,0.010318814242240166,1.0000000000000002,1.0000000000000002,1.0000000000000002,3.0708892749129006,0.06644486391153072,1.0796431509147586,0.011833182495108896,-0.08528780276756356,2.3123859123793276,4.0,4.0,-4.0,1.0,1.0,1.0,7.8,1.0,14.560504913330078,-27.715282440185547,0.019999999552965164
10.540116548538208,2.221717603950747,0.7860666291368439,0.16751879124639693,0.5709414713577319,0.16751879124639693,-0.07686199483726248,-0.9111454539146145,-0.4048491884615816,0.0018248732467093063,1.0000000000000002,1.0000000000000002,1.0000000000000002,3.0022561114339403,0.06560753855553424,0.8316775786983056,0.09688297938258417,0.048249059389102344,1.6406265400321838,4.0,4.0,-4.0,1.0,1.0,1.0,7.8,1.0,14.671823501586914,-27.742517471313477,0.019999999552965164
10.560107469558716,2.259382050839823,0.7860666291368439,0.16751879124639693,0.5709414713577319,0.16751879124639693,0.009467331628098624,-0.8718567530549635,-0.4848051802083386,-0.06884844970992665,1.0000000000000002,1.0000000000000002,1.0000000000000002,3.090898167045247,-0.12959403695822969,1.0182588462014701,0.06414713284822826,-0.09865781809742545,0.424380675019081,4.0,4.0,-4.0,1.0,1.0,1.0,7.8,1.0,14.783143043518066,-27.787906646728516,0.019999999552965164
10.580093145370483,2.0704783078170266,0.7860666291368439,0.16751879124639693,0.5709414713577319,0.16751879124639693,-0.09605458375857553,-0.8473267980486581,-0.5215015906774989,0.029101635150172778,1.0000000000000002,1.0000000000000002,1.0000000000000002,3.007257631094243,0.1500650251077216,1.0933157343980473,0.016146695222803126,0.03351130683093623,-0.47154786713027474,4.0,4.0,-4.0,1.0,1.0,1.0,7.8,1.0,14.883329391479492,-27.842376708984375,0.019999999552965164
10.600144147872925,2.1547797756694265,0.7860666291368439,0.16751879124639693,0.5709414713577319,0.16751879124639693,-0.06155946592247067,-0.8812575729669299,-0.4600017175385728,-0.08940884802601828,1.0000000000000002,1.0000000000000002,1.0000000000000002,2.9486625956419146,-0.10112177934225042,0.971951693793237,-0.07565273400809953,-0.02062994381823746,-0.11021770346240604,4.0,4.0,-4.0,1.0,1.0,1.0,7.8,1.0,14.883329391479492,-27.842376708984375,0.019999999552965164
10.62010383605957,2.1547797756694265,0.7860666291368439,0.16751879124639693,0.5709414713577319,0.16751879124639693,-0.06155946592247067,-0.8812575729669299,-0.4600017175385728,-0.08940884802601828,1.0000000000000002,1.0000000000000002,1.0000000000000002,2.9486625956419146,-0.10112177934225042,0.971951693793237,-0.07565273400809953,-0.02062994381823746,-0.11021770346240604,4.0,4.0,-4.0,1.0,1.0,1.0,7.8,1.0,14.883329391479492,-27.842376708984375,0.019999999552965164
10.640086650848389,2.3756517121406797,0.7860666291368439,0.16751879124639693,0.5709414713577319,0.16751879124639693,0.012496233168957475,-0.9174019859670796,-0.39737865537414596,-0.017539799123167787,1.0000000000000002,1.0000000000000002,1.0000000000000002,-3.132596296379053,-0.042126024147630614,0.8173284045538729,0.03374544384051695,0.029634138611712713,0.42850381389432796,4.0,4.0,-4.0,1.0,1.0,1.0,7.8,1.0,15.005780220031738,-27.887767791748047,0.019999999552965164
10.660101652145386,2.195787242780072,0.7860666291368439,0.16751879124639693,0.5709414713577319,0.16751879124639693,-0.05294480067980423,-0.8605690248153722,-0.498612934295332,0.08945917148450513,1.0000000000000002,1.0000000000000002,1.0000000000000002,3.139636058738757,0.20827195578250496,1.0500636067602473,0.030260232379597157,-0.022172427295704206,-0.9822038169768074,4.0,4.0,-4.0,1.0,1.0,1.0,7.8,1.0,15.10596752166748,-27.93315887451172,0.019999999552965164
10.680503368377686,2.050777252678224,0.7860666291368439,0.16751879124639693,0.5709414713577319,0.16751879124639693,-0.09183701472690041,-0.808854420145688,-0.5728819795637553,0.09553390616920682,1.0000000000000002,1.0000000000000002,1.0000000000000002,3.101085114494364,0.26278359023335124,1.2271468128889769,-0.044130110861088784,-0.059307472957951135,-1.2071997241220969,4.0,4.0,-4.0,1.0,1.0,1.0,7.8,1.0,15.10596752166748,-27.93315887451172,0.019999999552965164
10.700096607208252,2.370142007049729,0.7860666291368439,0.16751879124639693,0.5709414713577319,0.16751879124639693,0.0903880045958365,-0.8292487374279947,-0.5504036482600179,0.03510504353112975,1.0000000000000002,1.0000000000000002,1.0000000000000002,-2.951741213256147,-0.04128988013011832,1.168012387789881,0.09006796542587622,0.05562847969222162,-0.8291283213169001,4.0,4.0,-4.0,1.0,1.0,1.0,7.8,1.0,15.217286109924316,-27.978548049926758,0.019999999552965164
10.720124959945679,2.362158319490857,0.7860666291368439,0.16751879124639693,0.5709414713577319,0.16751879124639693,0.054203099145419466,-0.8588959640580162,-0.5057085135380401,0.06015518517159337,1.0000000000000002,1.0000000000000002,1.0000000000000002,-2.986842642806856,0.04853120262539064,1.068034044298403,0.07612763556552751,-0.0039408217954693125,-0.4092572482897855,4.0,4.0,-4.0,1.0,1.0,1.0,7.8,1.0,15.339736938476562,-28.033016204833984,0.019999999552965164
10.740102767944336,2.311305509929253,0.7860666291368439,0.16751879124639693,0.5709414713577319,0.16751879124639693,0.012715127720816932,-0.8654399987934185,-0.49407855807452017,0.08208722474596282,1.0000000000000002,1.0000000000000002,1.0000000000000002,-3.0374048376806466,0.12988346636721898,1.0442749170632972,-0.019738524178540745,-0.08126610415477023,-0.6627684328362549,4.0,4.0,-4.0,1.0,1.0,1.0,7.8,1.0,15.439924240112305,-28.08748435974121,0.019999999552965164
10.760149955749512,2.2071019800555836,0.7860666291368439,0.16751879124639693,0.5709414713577319,0.16751879124639693,-0.040538698567838226,-0.8646021666999177,-0.49715952384122525,0.06043273210934461,1.0000000000000002,1.0000000000000002,1.0000000000000002,3.1314755684606497,0.1453198769024455,1.042955232945772,-0.06328406539175542,0.07152064560303881,-1.9632503096939415,4.0,4.0,-1.4399751313387625,1.0,1.0,0.0,7.8,1.0,15.439924240112305,-28.08748435974121,0.019999999552965164
10.780088663101196,2.2071019800555836,0.7860666291368439,0.16751879124639693,0.5709414713577319,0.16751879124639693,-0.040538698567838226,-0.8646021666999177,-0.49715952384122525,0.06043273210934461,1.0000000000000002,1.0000000000000002,1.0000000000000002,3.1314755684606497,0.1453198769024455,1.042955232945772,-0.06328406539175542,0.07152064560303881,-1.9632503096939415,4.0,4.0,-1.4399751313387625,1.0,1.0,0.0,7.8,1.0,15.439924240112305,-28.08748435974121,0.019999999552965164
10.800095558166504,2.0679450287830625,0.7860666291368439,0.16751879124639693,0.5709414713577319,0.16751879124639693,-0.06147889164429034,-0.8089677733947216,-0.5836505110028963,0.03381668962264009,1.0000000000000002,1.0000000000000002,1.0000000000000002,3.0810754040756256,0.1268172495186334,1.2461447382439865,0.0473992192030504,-0.014425573714996934,-1.2300957690438639,4.0,4.0,-3.0992541947261207,1.0,1.0,0.0,7.8,1.0,15.55124282836914,-28.151031494140625,0.019999999552965164
10.820096254348755,2.331300112498963,0.7860666291368439,0.16751879124639693,0.5709414713577319,0.16751879124639693,0.0846756488598693,-0.794726514117068,-0.5961621071219219,0.07635800076903633,1.0000000000000002,1.0000000000000002,1.0000000000000002,-2.913953252796687,0.020408045649117038,1.2895240037482798,0.001337603104226856,-0.08725429961877651,-0.7106147459286095,4.0,4.0,-4.0,1.0,1.0,1.0,7.8,1.0,15.68482494354248,-28.20549964904785,0.019999999552965164
10.840088129043579,2.33421525049526,0.7860666291368439,0.16751879124639693,0.5709414713577319,0.16751879124639693,0.039184753498344035,-0.8418375471074903,-0.5270657320982233,0.10943405969387303,1.0000000000000002,1.0000000000000002,1.0000000000000002,-2.957338073412682,0.14343686165112066,1.1320394616154479,0.08796216052114883,-0.05853582543428664,-1.3047949468769866,4.0,4.0,-4.0,1.0,1.0,1.0,7.8,1.0,15.785012245178223,-28.27812385559082,0.019999999552965164
10.860090017318726,2.096042214311942,0.7860666291368439,0.16751879124639693,0.5709414713577319,0.16751879124639693,-0.07423019938659131,-0.8284886336719557,-0.5503634071505497,0.0720873181984295,1.0000000000000002,1.0000000000000002,1.0000000000000002,3.0970177574125186,0.20253608196771208,1.16819178777075,0.02791055524868538,-0.01691814355391101,-0.4965331789176358,4.0,4.0,-4.0,1.0,1.0,1.0,7.8,1.0,15.896330833435059,-28.332592010498047,0.019999999552965164
10.880104541778564,2.3406579115265074,0.7860666291368439,0.16751879124639693,0.5709414713577319,0.16751879124639693,0.10390351913229828,-0.815146211508692,-0.5650728914180272,-0.07371119290461517,1.0000000000000002,1.0000000000000002,1.0000000000000002,-3.0528495656449626,-0.23989117920900066,1.201615051276661,0.02666559826344206,0.06658828181560666,-0.7191083618639271,4.0,4.0,-3.0314215278747545,1.0,1.0,0.0,7.8,1.0,16.018781661987305,-28.387060165405273,0.019999999552965164
10.900097131729126,2.094947699688859,0.7860666291368439,0.16751879124639693,0.5709414713577319,0.16751879124639693,-0.1038834311197732,-0.852673335517396,-0.5056778863368838,0.0802887968914925,1.0000000000000002,1.0000000000000002,1.0000000000000002,3.0425348626797524,0.24440942147164768,1.058411247718572,0.08741974139649852,-0.034496239459191225,-0.7121965820261926,4.0,4.0,-4.0,1.0,1.0,1.0,7.8,1.0,16.018781661987305,-28.387060165405273,0.019999999552965164
10.920108318328857,2.094947699688859,0.7860666291368439,0.16751879124639693,0.5709414713577319,0.16751879124639693,-0.1038834311197732,-0.852673335517396,-0.5056778863368838,0.0802887968914925,1.0000000000000002,1.0000000000000002,1.0000000000000002,3.0425348626797524,0.24440942147164768,1.058411247718572,0.08741974139649852,-0.034496239459191225,-0.7121965820261926,4.0,4.0,-4.0,1.0,1.0,1.0,7.8,1.0,16.018781661987305,-28.387060165405273,0.019999999552965164
10.940115451812744,2.2893391462398744,0.7860666291368439,0.16751879124639693,0.5709414713577319,0.16751879124639693,0.04968190259094573,-0.8085125812689594,-0.5801535798395502,0.08521113943671246,1.0000000000000002,1.0000000000000002,1.0000000000000002,-2.9608234705386893,0.0802283276898713,1.2520991410690916,-0.006599982024824896,0.02564802966300557,-0.5118828081252238,4.0,4.0,-4.0,1.0,1.0,1.0,7.8,1.0,16.118968963623047,-28.4415283203125,0.019999999552965164
10.960089445114136,2.008265123741679,0.7860666291368439,0.16751879124639693,0.5709414713577319,0.16751879124639693,-0.06212990408078905,-0.7874499674948089,-0.6119381220532213,-0.03992691434750826,1.0000000000000002,1.0000000000000002,1.0000000000000002,2.994334327011075,0.013158798589300408,1.3202878317531046,0.034643299169492936,-0.04442284420705167,-0.3015985235194406,4.0,4.0,-4.0,1.0,1.0,1.0,7.8,1.0,16.230287551879883,-28.505075454711914,0.019999999552965164
10.980104923248291,2.210952421192136,0.7860666291368439,0.16751879124639693,0.5709414713577319,0.16751879124639693,0.032687305897151436,-0.7945577362720928,-0.6057066289668638,0.02700043312525784,1.0000000000000002,1.0000000000000002,1.0000000000000002,-3.0568381705708565,0.0033089763533032312,1.3028181048066299,-0.06624110475797154,-0.060748661875895095,0.35057072602255224,4.0,4.0,-4.0,1.0,1.0,1.0,7.8,1.0,16.352737426757812,-28.55046844482422,0.019999999552965164
11.00010371208191,2.2379014297908353,0.7860666291368439,0.16751879124639693,0.5709414713577319,0.16751879124639693,-0.04451868554609977,-0.9007695874106627,-0.4311442819377933,-0.027328468409638904,1.0000000000000002,1.0000000000000002,1.0000000000000002,3.0376322062707364,-0.0108455656220203,0.8933922506842988,-0.08195833494638548,-0.04207265369339677,1.0336510934674665,4.0,4.0,-4.0,1.0,1.0,1.0,7.8,1.0,16.46405792236328,-28.614013671875,0.019999999552965164
11.020092487335205,2.281340106074894,0.7860666291368439,0.16751879124639693,0.5709414713577319,0.16751879124639693,0.0748172506449256,-0.7888692604735275,-0.6094465937308503,0.025739430369538803,1.0000000000000002,1.0000000000000002,1.0000000000000002,-2.991421662382973,-0.0506057432714352,1.3117564417213272,-0.0428056308084865,0.012940897006925287,0.6103884173552534,4.0,4.0,-4.0,1.0,1.0,1.0,7.8,1.0,16.46405792236328,-28.614013671875,0.019999999552965164
11.040088653564453,2.111541353956422,0.7860666291368439,0.16751879124639693,0.5709414713577319,0.16751879124639693,-0.004466750701484419,-0.7991699718037264,-0.5926778557901986,-0.10020161456451017,1.0000000000000002,1.0000000000000002,1.0000000000000002,3.013793561620075,-0.1554873157447598,1.2861975622739048,-0.0057100187703162525,-0.06697370192041505,-0.8763905064122299,4.0,4.0,-2.0739923913425624,1.0,1.0,0.0,7.8,1.0,16.575376510620117,-28.677560806274414,0.019999999552965164
11.061262369155884,2.111541353956422,0.7860666291368439,0.16751879124639693,0.5709414713577319,0.16751879124639693,-0.004466750701484419,-0.7991699718037264,-0.5926778557901986,-0.10020161456451017,1.0000000000000002,1.0000000000000002,1.0000000000000002,3.013793561620075,-0.1554873157447598,1.2861975622739048,-0.0057100187703162525,-0.06697370192041505,-0.8763905064122299,4.0,4.0,-2.0739923913425624,1.0,1.0,0.0,7.8,1.0,16.575376510620117,-28.677560806274414,0.019999999552965164
11.080095052719116,2.111541353956422,0.7860666291368439,0.16751879124639693,0.5709414713577319,0.16751879124639693,-0.004466750701484419,-0.7991699718037264,-0.5926778557901986,-0.10020161456451017,1.0000000000000002,1.0000000000000002,1.0000000000000002,3.013793561620075,-0.1554873157447598,1.2861975622739048,-0.0057100187703162525,-0.06697370192041505,-0.8763905064122299,4.0,4.0,-2.0739923913425624,1.0,1.0,0.0,7.8,1.0,16.575376510620117,-28.677560806274414,0.019999999552965164
11.100135326385498,2.433779436809373,0.7860666291368439,0.16751879124639693,0.5709414713577319,0.16751879124639693,0.09767177543424116,-0.8471275026569429,-0.5162511181508004,0.07949843730402877,1.0000000000000002,1.0000000000000002,1.0000000000000002,-2.8912818233268864,0.03385076317304411,1.0988844902028156,0.0502805533308342,0.05624082451158266,0.42857994879207123,4.0,4.0,-4.0,1.0,1.0,1.0,7.8,1.0,16.708959579467773,-28.741106033325195,0.019999999552965164
11.120112419128418,2.300036391430408,0.7860666291368439,0.16751879124639693,0.5709414713577319,0.16751879124639693,0.05316724703374269,-0.8288342395147694,-0.5558358134750371,0.03540615355232269,1.0000000000000002,1.0000000000000002,1.0000000000000002,-3.0137510116613297,-0.00041285531482067767,1.181447630480997,-0.09639755387395127,-0.07214177598234967,1.0681460189275955,4.0,4.0,-4.0,1.0,1.0,1.0,7.8,1.0,16.831409454345703,-28.80465316772461,0.019999999552965164
11.14011836051941,2.307355285887489,0.7860666291368439,0.16751879124639693,0.5709414713577319,0.16751879124639693,0.08428836767247326,-0.8185636115279781,-0.5630398008025139,-0.07638892373668235,1.0000000000000002,1.0000000000000002,1.0000000000000002,-3.0882916995903416,-0.22178761058263746,1.1990982389284082,0.09248386228222447,0.004721187953833805,-1.7349380398376797,4.0,4.0,0.9624422261922492,1.0,1.0,0.0,7.8,1.0,16.94272804260254,-28.86819839477539,0.019999999552965164
11.16010046005249,2.1567697123819194,0.7860666291368439,0.16751879124639693,0.5709414713577319,0.16751879124639693,-0.033888079189468574,-0.8302304620725394,-0.5537252174901238,0.05438162788277867,1.0000000000000002,1.0000000000000002,1.0000000000000002,-3.137604802041049,0.12817863869257023,1.1766584129700572,0.0296686753147703,-0.056040712368329686,-1.7736076808007908,4.0,4.0,-1.4991311857045035,1.0,1.0,0.0,7.8,1.0,17.0651798248291,-28.940824508666992,0.019999999552965164
11.180070400238037,2.2561633386998086,0.7860666291368439,0.16751879124639693,0.5709414713577319,0.16751879124639693,-0.014880664250691181,-0.8850090001282199,-0.4650022426471983,-0.017622424821314476,1.0000000000000002,1.0000000000000002,1.0000000000000002,3.098845223376536,-0.01735379565961775,0.9679248121299018,-0.004375924111114135,0.04876153890396695,-0.8899253306951118,4.0,4.0,-4.0,1.0,1.0,1.0,7.8,1.0,17.18762969970703,-29.004369735717773,0.019999999552965164
11.20009994506836,2.434953464945207,0.7860666291368439,0.16751879124639693,0.5709414713577319,0.16751879124639693,0.08441268665841078,-0.8792632696112882,-0.4685687444439175,0.01462644091454488,1.0000000000000002,1.0000000000000002,1.0000000000000002,-2.97848996625924,-0.05341069920265548,0.9748899238270791,0.013338161873015245,0.03678231722727482,-0.23453838132633759,4.0,4.0,-4.0,1.0,1.0,1.0,7.8,1.0,17.18762969970703,-29.004369735717773,0.019999999552965164
11.220115423202515,2.434953464945207,0.7860666291368439,0.16751879124639693,0.5709414713577319,0.16751879124639693,0.08441268665841078,-0.8792632696112882,-0.4685687444439175,0.01462644091454488,1.0000000000000002,1.0000000000000002,1.0000000000000002,-2.97848996625924,-0.05341069920265548,0.9748899238270791,0.013338161873015245,0.03678231722727482,-0.23453838132633759,4.0,4.0,-4.0,1.0,1.0,1.0,7.8,1.0,17.18762969970703,-29.004369735717773,0.019999999552965164
11.240090608596802,2.1117206927443273,0.7860666291368439,0.16751879124639693,0.5709414713577319,0.16751879124639693,-0.021872303996455785,-0.8073023142555119,-0.5893487186497053,-0.021275891086668546,1.0000000000000002,1.0000000000000002,1.0000000000000002,3.0811606970191585,-0.008571428511655852,1.2614437265000906,0.08598879265338116,0.06560923239519661,-0.09498464339937514,4.0,4.0,-4.0,1.0,1.0,1.0,7.8,1.0,17.31007957458496,-29.076993942260742,0.019999999552965164
11.260127782821655,2.018036510812248,0.7860666291368439,0.16751879124639693,0.5709414713577319,0.16751879124639693,-0.0805480584346928,-0.8245490945088385,-0.5513264887937029,-0.09833566891755345,1.0000000000000002,1.0000000000000002,1.0000000000000002,2.897255311427536,-0.07341454629606667,1.1877528333336884,0.03968646897630404,0.043231696793324365,-0.6604076581434841,4.0,4.0,-3.6505024041661907,1.0,1.0,0.0,7.8,1.0,17.443662643432617,-29.14961814880371,0.019999999552965164
11.280137062072754,2.4021579404675446,0.7860666291368439,0.16751879124639693,0.5709414713577319,0.16751879124639693,0.0857522599408649,-0.842526557661047,-0.5262393965275026,0.07660056849156238,1.0000000000000002,1.0000000000000002,1.0000000000000002,-2.9143546079109304,0.03883335109622383,1.121050492286417,0.015088318408059603,-0.029231036149920953,-0.3804804973240943,4.0,4.0,-4.0,1.0,1.0,1.0,7.8,1.0,17.554981231689453,-29.213165283203125,0.019999999552965164
11.300102949142456,2.1591157915043517,0.7860666291368439,0.16751879124639693,0.5709414713577319,0.16751879124639693,0.021254677176415118,-0.7683154864348213,-0.6389912129674726,0.030492322851964956,1.0000000000000002,1.0000000000000002,1.0000000000000002,-3.0698880834656115,0.01969361679461107,1.3882277053183036,-0.06969875066253516,0.06064821920565275,0.2751405418423413,4.0,4.0,-4.0,1.0,1.0,1.0,7.8,1.0,17.554981231689453,-29.213165283203125,0.019999999552965164
11.320104360580444,2.397592821809235,0.7860666291368439,0.16751879124639693,0.5709414713577319,0.16751879124639693,0.1020770203538936,-0.8320179806698297,-0.5439980698187036,0.03731570435211756,1.0000000000000002,1.0000000000000002,1.0000000000000002,-2.929289477677772,-0.04898431712141741,1.152905077280507,-0.010546482088037795,0.020205296879255014,0.5168588145067996,4.0,4.0,-4.0,1.0,1.0,1.0,7.8,1.0,17.677433013916016,-29.285789489746094,0.019999999552965164
11.340090990066528,2.298690645109195,0.7860666291368439,0.16751879124639693,0.5709414713577319,0.16751879124639693,0.06315463566338189,-0.8246193168264486,-0.562147451000479,0.0021720139434073063,1.0000000000000002,1.0000000000000002,1.0000000000000002,-3.034546165261929,-0.06747345130785246,1.193067595026077,-0.0016274437129504687,-0.06579846282508724,0.6306594360918603,4.0,4.0,-4.0,1.0,1.0,1.0,7.8,1.0,17.811016082763672,-29.367494583129883,0.019999999552965164
11.360084533691406,2.2162865271822656,0.7860666291368439,0.16751879124639693,0.5709414713577319,0.16751879124639693,-0.00653846928635067,-0.8328793060240709,-0.5489483787261927,0.07017825525145287,1.0000000000000002,1.0000000000000002,1.0000000000000002,-3.0748709757414985,0.12439919872063696,1.1696446514243686,0.020505004281183598,-0.03581592701937697,0.9699173142610477,4.0,4.0,-4.0,1.0,1.0,1.0,7.8,1.0,17.811016082763672,-29.367494583129883,0.019999999552965164
11.380109310150146,2.2162865271822656,0.7860666291368439,0.16751879124639693,0.5709414713577319,0.16751879124639693,-0.00653846928635067,-0.8328793060240709,-0.5489483787261927,0.07017825525145287,1.0000000000000002,1.0000000000000002,1.0000000000000002,-3.0748709757414985,0.12439919872063696,1.1696446514243686,0.020505004281183598,-0.03581592701937697,0.9699173142610477,4.0,4.0,-4.0,1.0,1.0,1.0,7.8,1.0,17.811016082763672,-29.367494583129883,0.019999999552965164
11.400096893310547,2.3286778374368478,0.7860666291368439,0.16751879124639693,0.5709414713577319,0.16751879124639693,0.06041761025956228,-0.8527673556452574,-0.5181970120345695,-0.024686154718033655,1.0000000000000002,1.0000000000000002,1.0000000000000002,-3.0636256935430257,-0.10491189030063251,1.0879775311515014,0.03456666506023859,-0.03841811391004213,1.49308022070307,4.0,4.0,-4.0,1.0,1.0,1.0,7.8,1.0,17.9334659576416,-29.431039810180664,0.019999999552965164
11.420098304748535,2.0853672781684693,0.7860666291368439,0.16751879124639693,0.5709414713577319,0.16751879124639693,-0.07277243230191789,-0.8453250957229081,-0.5289507560968835,-0.018459503310055962,1.0000000000000002,1.0000000000000002,1.0000000000000002,2.9983930715398204,0.04579350687115689,1.114972506778969,-0.09315221759085338,-0.0570187820664873,0.9973160088238637,4.0,4.0,-4.0,1.0,1.0,1.0,7.8,1.0,18.067049026489258,-29.503664016723633,0.019999999552965164
11.44011926651001,2.1556908980190186,0.7860666291368439,0.16751879124639693,0.5709414713577319,0.16751879124639693,-0.04031327040619098,-0.8239441961962124,-0.5580178504304082,0.09003821624599995,1.0000000000000002,1.0000000000000002,1.0000000000000002,-3.106876524527982,0.19458968533348694,1.1939790354156905,-0.011406064157871043,0.06250170741503078,0.63375368000249,4.0,4.0,-4.0,1.0,1.0,1.0,7.8,1.0,18.200632095336914,-29.58536720275879,0.019999999552965164
11.460104942321777,2.2449775335247364,0.7860666291368439,0.16751879124639693,0.5709414713577319,0.16751879124639693,0.002670639670725648,-0.8595663702252204,-0.5110155600179863,0.0012729026247911407,1.0000000000000002,1.0000000000000002,1.0000000000000002,-3.1357004884421436,-0.000541188302618118,1.0727353058439824,-0.09352082360618695,-0.06384996786066377,0.6835499108031586,4.0,4.0,-4.0,1.0,1.0,1.0,7.8,1.0,18.334213256835938,-29.648914337158203,0.019999999552965164
11.480094194412231,2.314535993150868,0.7860666291368439,0.16751879124639693,0.5709414713577319,0.16751879124639693,0.024557254921984833,-0.8609376636426125,-0.5039908063284988,0.06462621518119638,1.0000000000000002,1.0000000000000002,1.0000000000000002,-3.0335516159636042,0.08663335209823159,1.0639138839615823,-0.08480714432187374,0.0684532434052863,1.3402151628280565,4.0,4.0,-4.0,1.0,1.0,1.0,7.8,1.0,18.334213256835938,-29.648914337158203,0.019999999552965164
11.500091552734375,2.309830468325077,0.7860666291368439,0.16751879124639693,0.5709414713577319,0.16751879124639693,0.04396894869543766,-0.8633456807597276,-0.5002274430862036,-0.04973401499556628,1.0000000000000002,1.0000000000000002,1.0000000000000002,-3.1152019686551964,-0.13023206267119175,1.0485570242482067,0.09836071246268496,-0.015186260306386895,2.2527626312266777,4.0,4.0,-4.0,1.0,1.0,1.0,7.8,1.0,18.467796325683594,-29.721538543701172,0.019999999552965164
11.520113945007324,2.309830468325077,0.7860666291368439,0.16751879124639693,0.5709414713577319,0.16751879124639693,0.04396894869543766,-0.8633456807597276,-0.5002274430862036,-0.04973401499556628,1.0000000000000002,1.0000000000000002,1.0000000000000002,-3.1152019686551964,-0.13023206267119175,1.0485570242482067,0.09836071246268496,-0.015186260306386895,2.2527626312266777,4.0,4.0,-4.0,1.0,1.0,1.0,7.8,1.0,18.467796325683594,-29.721538543701172,0.019999999552965164
11.540082216262817,2.316688783048307,0.7860666291368439,0.16751879124639693,0.5709414713577319,0.16751879124639693,0.03840240347317843,-0.8426044150023002,-0.5311864510914417,0.0798999962640424,1.0000000000000002,1.0000000000000002,1.0000000000000002,-2.9907584917714,0.09398882659184274,1.1320677714592826,0.011185652978360522,0.0544171413675609,2.3072557577852253,4.0,4.0,-4.0,1.0,1.0,1.0,7.8,1.0,18.612510681152344,-29.803239822387695,0.019999999552965164
11.56005072593689,2.3635351635897357,0.7860666291368439,0.16751879124639693,0.5709414713577319,0.16751879124639693,0.02067280876307581,-0.8932193907885795,-0.44607965272749,0.052389868482810784,1.0000000000000002,1.0000000000000002,1.0000000000000002,-3.0575858060390426,0.0752187636178436,0.9295083351048439,0.021529001247531057,-0.09822966113914773,1.9341945610405182,4.0,4.0,-4.0,1.0,1.0,1.0,7.8,1.0,18.74609375,-29.86678695678711,0.019999999552965164
11.580870151519775,2.3892649016341188,0.7860666291368439,0.16751879124639693,0.5709414713577319,0.16751879124639693,0.06281303412666049,-0.8857332994812348,-0.4581392997652621,-0.0404898375457757,1.0000000000000002,1.0000000000000002,1.0000000000000002,-3.066723799457008,-0.12964349110260528,0.9498310337439367,-0.06705357895010924,0.047118333452982414,2.3883534207342496,4.0,4.0,-4.0,1.0,1.0,1.0,7.8,1.0,18.74609375,-29.86678695678711,0.019999999552965164
11.600112915039062,2.2401170075876413,0.7860666291368439,0.16751879124639693,0.5709414713577319,0.16751879124639693,-0.00926695949314971,-0.8786784390363799,-0.4724312913835644,-0.06816890167811752,1.0000000000000002,1.0000000000000002,1.0000000000000002,3.060305422828479,-0.11127055215668373,0.9911710054413484,-0.039410734852126365,-0.06843030098151509,1.8362995333508596,4.0,4.0,-4.0,1.0,1.0,1.0,7.8,1.0,18.879676818847656,-29.939411163330078,0.019999999552965164
11.620104789733887,2.3886475181665743,0.7860666291368439,0.16751879124639693,0.5709414713577319,0.16751879124639693,0.028522682740918744,-0.8856384007925037,-0.45262454714841505,0.09981031474577076,1.0000000000000002,1.0000000000000002,1.0000000000000002,-2.99859765802662,0.15155102659842903,0.955805794280401,-0.08232114488934679,0.012925097801567254,-0.47515515505018163,4.0,4.0,-4.0,1.0,1.0,1.0,7.8,1.0,19.01325798034668,-29.993879318237305,0.019999999552965164
11.640126943588257,2.209000509184035,0.7860666291368439,0.16751879124639693,0.5709414713577319,0.16751879124639693,0.0140957678703157,-0.8362121375031816,-0.5455126368593667,-0.05446589251308555,1.0000000000000002,1.0000000000000002,1.0000000000000002,3.1055303440946114,-0.10667110157060604,1.1579925618417473,-0.09519320180441326,0.0001908231145134609,0.16115254325709286,4.0,4.0,-4.0,1.0,1.0,1.0,7.8,1.0,19.146841049194336,-30.066503524780273,0.019999999552965164
11.660097360610962,2.209000509184035,0.7860666291368439,0.16751879124639693,0.5709414713577319,0.16751879124639693,0.0140957678703157,-0.8362121375031816,-0.5455126368593667,-0.05446589251308555,1.0000000000000002,1.0000000000000002,1.0000000000000002,3.1055303440946114,-0.10667110157060604,1.1579925618417473,-0.09519320180441326,0.0001908231145134609,0.16115254325709286,4.0,4.0,-4.0,1.0,1.0,1.0,7.8,1.0,19.146841049194336,-30.066503524780273,0.019999999552965164
11.680092334747314,2.209000509184035,0.7860666291368439,0.16751879124639693,0.5709414713577319,0.16751879124639693,0.0140957678703157,-0.8362121375031816,-0.5455126368593667,-0.05446589251308555,1.0000000000000002,1.0000000000000002,1.0000000000000002,3.1055303440946114,-0.10667110157060604,1.1579925618417473,-0.09519320180441326,0.0001908231145134609,0.16115254325709286,4.0,4.0,-4.0,1.0,1.0,1.0,7.8,1.0,19.146841049194336,-30.066503524780273,0.019999999552965164
11.70011305809021,2.424652645129887,0.7860666291368439,0.16751879124639693,0.5709414713577319,0.16751879124639693,0.02668188845287793,-0.9260151376432516,-0.3763898755835434,-0.010709959959900501,1.0000000000000002,1.0000000000000002,1.0000000000000002,-3.100194414339092,-0.03993136645104689,0.7713023106642172,-0.07984322623677986,-0.08528406328539812,0.25437910633733346,4.0,4.0,-4.0,1.0,1.0,1.0,7.8,1.0,19.280424118041992,-30.15728759765625,0.019999999552965164
11.720133781433105,2.250778273999154,0.7860666291368439,0.16751879124639693,0.5709414713577319,0.16751879124639693,-0.0213394937426087,-0.8595655383926069,-0.5013540019892725,0.09662233646511365,1.0000000000000002,1.0000000000000002,1.0000000000000002,-3.0802686536355033,0.18862019625538456,1.061848553909682,-0.07291099261288868,-0.05211993131476418,0.09911650890987846,4.0,4.0,-4.0,1.0,1.0,1.0,7.8,1.0,19.41400718688965,-30.22083282470703,0.019999999552965164
11.740091800689697,2.177598365665565,0.7860666291368439,0.16751879124639693,0.5709414713577319,0.16751879124639693,-0.10084317563153838,-0.9102600203582731,-0.4012430323565152,-0.016167196765402052,1.0000000000000002,1.0000000000000002,1.0000000000000002,2.9434771159483346,0.051515319896826825,0.8252337298106555,-0.059491876180737306,-0.08022776683243249,0.29322473949862393,4.0,4.0,-4.0,1.0,1.0,1.0,7.8,1.0,19.536457061767578,-30.302536010742188,0.019999999552965164
11.7600998878479,2.4932578809868984,0.7860666291368439,0.16751879124639693,0.5709414713577319,0.16751879124639693,0.07581177134713334,-0.9083910869435409,-0.40877972191300427,0.04446737500088372,1.0000000000000002,1.0000000000000002,1.0000000000000002,-2.9665816300389567,0.018808013445591534,0.8473647535105513,-0.005006569953132714,-0.013587383189298974,0.1256552311093695,4.0,4.0,-4.0,1.0,1.0,1.0,7.8,1.0,19.670040130615234,-30.375160217285156,0.019999999552965164
11.780121326446533,2.3392539169438704,0.7860666291368439,0.16751879124639693,0.5709414713577319,0.16751879124639693,-0.0019131216640937397,-0.8933425246326836,-0.44237642343406136,0.07898464178617114,1.0000000000000002,1.0000000000000002,1.0000000000000002,-3.074390008106593,0.143303290478174,0.9244135098173305,-0.0720398417934093,0.09116752870282593,0.0878347802586523,4.0,4.0,-4.0,1.0,1.0,1.0,7.8,1.0,19.78135871887207,-30.456863403320312,0.019999999552965164
11.800109386444092,2.089173084501757,0.7860666291368439,0.16751879124639693,0.5709414713577319,0.16751879124639693,-0.062013223567454714,-0.838244906769816,-0.5412044315239396,-0.024445851919799238,1.0000000000000002,1.0000000000000002,1.0000000000000002,3.010750112236502,0.026143419063835962,1.1448952766402671,0.08344416669249138,-0.0939689154590052,-0.02820153343607501,4.0,4.0,-4.0,1.0,1.0,1.0,7.8,1.0,19.78135871887207,-30.456863403320312,0.019999999552965164
11.820103406906128,2.089173084501757,0.7860666291368439,0.16751879124639693,0.5709414713577319,0.16751879124639693,-0.062013223567454714,-0.838244906769816,-0.5412044315239396,-0.024445851919799238,1.0000000000000002,1.0000000000000002,1.0000000000000002,3.010750112236502,0.026143419063835962,1.1448952766402671,0.08344416669249138,-0.0939689154590052,-0.02820153343607501,4.0,4.0,-4.0,1.0,1.0,1.0,7.8,1.0,19.78135871887207,-30.456863403320312,0.019999999552965164
11.840094804763794,2.191644787480156,0.7860666291368439,0.16751879124639693,0.5709414713577319,0.16751879124639693,-0.01734869148682793,-0.850533591279291,-0.5255923460575572,-0.0066572347833023,1.0000000000000002,1.0000000000000002,1.0000000000000002,3.1050743921655064,0.006912330348135567,1.1069096370336553,-0.04087484212344572,0.006000362949241972,0.1660533329152884,4.0,4.0,-4.0,1.0,1.0,1.0,7.8,1.0,19.892677307128906,-30.520408630371094,0.019999999552965164
11.860106706619263,2.2268207058062885,0.7860666291368439,0.16751879124639693,0.5709414713577319,0.16751879124639693,-0.023050868589862602,-0.8503455813832649,-0.518210352877399,0.08853857831415503,1.0000000000000002,1.0000000000000002,1.0000000000000002,-3.0881877823288058,0.1753646181641928,1.0993177610180378,-0.09415612407386705,0.08067902761496878,0.23629130681252764,4.0,4.0,-4.0,1.0,1.0,1.0,7.8,1.0,20.026260375976562,-30.593032836914062,0.019999999552965164
11.880124568939209,2.2995432835219156,0.7860666291368439,0.16751879124639693,0.5709414713577319,0.16751879124639693,-0.038587399895210615,-0.9141977367230764,-0.40249791294527404,0.027366783048623812,1.0000000000000002,1.0000000000000002,1.0000000000000002,3.092890157439088,0.08118916420722679,0.8274950505156601,0.06508056614799013,0.08368370507618375,-0.7593017277843274,4.0,4.0,-4.0,1.0,1.0,1.0,7.8,1.0,20.126447677612305,-30.67473602294922,0.019999999552965164
11.90009880065918,2.2509973386743876,0.7860666291368439,0.16751879124639693,0.5709414713577319,0.16751879124639693,-0.04395123729664749,-0.9033739462550244,-0.42652207743447773,-0.007919559880157351,1.0000000000000002,1.0000000000000002,1.0000000000000002,3.0552978853478927,0.023185775265097953,0.8812290409524131,0.016661799925991566,0.08316498734100244,-0.8933034619832614,4.0,4.0,-4.0,1.0,1.0,1.0,7.8,1.0,20.126447677612305,-30.67473602294922,0.019999999552965164
11.920164585113525,2.3759463790642656,0.7860666291368439,0.16751879124639693,0.5709414713577319,0.16751879124639693,0.07687061735799786,-0.8503628545894447,-0.5196366851318991,0.03084864967259992,1.0000000000000002,1.0000000000000002,1.0000000000000002,-2.9780067571058737,-0.02742793282169091,1.094799713397015,0.049064391650954275,0.0001413380661253738,-1.3364469866142088,4.0,4.0,-2.8508186768644874,1.0,1.0,0.0,7.8,1.0,20.248897552490234,-30.73828125,0.019999999552965164
11.940098762512207,2.32091009924419,0.7860666291368439,0.16751879124639693,0.5709414713577319,0.16751879124639693,0.010863687203784674,-0.8853235275447451,-0.4636586159296797,0.03324033318486833,1.0000000000000002,1.0000000000000002,1.0000000000000002,-3.091451884833177,0.048802183056543665,0.966104718029844,-0.02214294956573684,-0.012283094812329615,-1.5716836382230919,4.0,4.0,-2.7553780763407314,1.0,1.0,0.0,7.8,1.0,20.36021614074707,-30.8109073638916,0.019999999552965164
11.960110425949097,2.32091009924419,0.7860666291368439,0.16751879124639693,0.5709414713577319,0.16751879124639693,0.010863687203784674,-0.8853235275447451,-0.4636586159296797,0.03324033318486833,1.0000000000000002,1.0000000000000002,1.0000000000000002,-3.091451884833177,0.048802183056543665,0.966104718029844,-0.02214294956573684,-0.012283094812329615,-1.5716836382230919,4.0,4.0,-2.7553780763407314,1.0,1.0,0.0,7.8,1.0,20.36021614074707,-30.8109073638916,0.019999999552965164
11.980101346969604,2.32091009924419,0.7860666291368439,0.16751879124639693,0.5709414713577319,0.16751879124639693,0.010863687203784674,-0.8853235275447451,-0.4636586159296797,0.03324033318486833,1.0000000000000002,1.0000000000000002,1.0000000000000002,-3.091451884833177,0.048802183056543665,0.966104718029844,-0.02214294956573684,-0.012283094812329615,-1.5716836382230919,4.0,4.0,-2.7553780763407314,1.0,1.0,0.0,7.8,1.0,20.36021614074707,-30.8109073638916,0.019999999552965164
12.000093460083008,2.131041898842756,0.7860666291368439,0.16751879124639693,0.5709414713577319,0.16751879124639693,-0.07473087195726764,-0.8637620545757696,-0.49785440714924484,0.021711728020258995,1.0000000000000002,1.0000000000000002,1.0000000000000002,3.0332203031658613,0.11215268732075538,1.0396507594908415,-0.07118078678234539,0.06143545215840959,0.06270729380752121,4.0,4.0,-4.0,1.0,1.0,1.0,7.8,1.0,20.482667922973633,-30.892608642578125,0.019999999552965164
12.020095586776733,2.3673929448612707,0.7860666291368439,0.16751879124639693,0.5709414713577319,0.16751879124639693,0.07255457305183674,-0.8560769802230607,-0.511694260341401,0.006084553812540644,1.0000000000000002,1.0000000000000002,1.0000000000000002,-3.010499437714386,-0.06387725518218407,1.0732881979875382,0.05172709097817685,0.026178362663075133,0.37812776564920814,4.0,4.0,-4.0,1.0,1.0,1.0,7.8,1.0,20.582855224609375,-30.956157684326172,0.019999999552965164
12.040091276168823,2.4195377734529973,0.7860666291368439,0.16751879124639693,0.5709414713577319,0.16751879124639693,0.0656844792894009,-0.8801204575791727,-0.46697666010571737,0.054829994050859886,1.0000000000000002,1.0000000000000002,1.0000000000000002,-2.9738750416136654,0.035175014505432735,0.9785836893762079,-0.023907507568743408,-0.08754033097412431,-1.419827342441981,4.0,4.0,-3.448021578353015,1.0,1.0,0.0,7.8,1.0,20.69417381286621,-31.02878189086914,0.019999999552965164
12.060116291046143,2.3071875093216803,0.7860666291368439,0.16751879124639693,0.5709414713577319,0.16751879124639693,0.006111243757917927,-0.8832016474833212,-0.46795648886844443,0.030565128960893338,1.0000000000000002,1.0000000000000002,1.0000000000000002,-3.1021352098440005,0.04828951751630745,0.975421958093328,-0.08658272120137507,-0.05131233942123159,-4.171122589315606,4.0,4.0,4.0,1.0,1.0,1.0,7.8,1.0,20.805492401123047,-31.110485076904297,0.019999999552965164
12.080143213272095,2.2029024321668147,0.7860666291368439,0.16751879124639693,0.5709414713577319,0.16751879124639693,0.038768755483449165,-0.8045291188653234,-0.5881528998730211,-0.07284261710706832,1.0000000000000002,1.0000000000000002,1.0000000000000002,3.1179713018990243,-0.1635399385753059,1.2644637629584714,-0.05957395289120424,-0.04261967274641605,-2.8466814664645064,4.0,4.0,4.0,1.0,1.0,1.0,7.8,1.0,20.927942276000977,-31.19218635559082,0.019999999552965164
12.100112199783325,2.1405811683563822,0.7860666291368439,0.16751879124639693,0.5709414713577319,0.16751879124639693,-0.014253244781234293,-0.8205977189767713,-0.5703655282142308,-0.033157093482811886,1.0000000000000002,1.0000000000000002,1.0000000000000002,3.0802939705118124,-0.038167417650219006,1.2159774128897078,0.07844920531415453,-0.010867922676937106,-2.2629931997167985,4.0,4.0,2.066166262038834,1.0,1.0,0.0,7.8,1.0,20.927942276000977,-31.19218635559082,0.019999999552965164
12.120098114013672,2.1405811683563822,0.7860666291368439,0.16751879124639693,0.5709414713577319,0.16751879124639693,-0.014253244781234293,-0.8205977189767713,-0.5703655282142308,-0.033157093482811886,1.0000000000000002,1.0000000000000002,1.0000000000000002,3.0802939705118124,-0.038167417650219006,1.2159774128897078,0.07844920531415453,-0.010867922676937106,-2.2629931997167985,4.0,4.0,2.066166262038834,1.0,1.0,0.0,7.8,1.0,20.927942276000977,-31.19218635559082,0.019999999552965164
12.140115976333618,2.220525781518188,0.7860666291368439,0.16751879124639693,0.5709414713577319,0.16751879124639693,-0.005200015529638594,-0.8271745661552442,-0.5547698058190172,0.08936251728719814,1.0000000000000002,1.0000000000000002,1.0000000000000002,-3.0498277797724977,0.15421698697461214,1.1886473131551971,0.07063413874792845,-0.036805746948527104,-1.536668992311655,4.0,4.0,-2.8623218233671173,1.0,1.0,0.0,7.8,1.0,21.039260864257812,-31.255733489990234,0.019999999552965164
12.160087823867798,2.0715574791329177,0.7860666291368439,0.16751879124639693,0.5709414713577319,0.16751879124639693,-0.04665212320679635,-0.817582280610821,-0.5704752333199627,-0.06277580744236202,1.0000000000000002,1.0000000000000002,1.0000000000000002,2.992957022926939,-0.049441153982022874,1.2221223259236516,-0.0883098549638211,-0.0169182925555674,-0.66906386061859,4.0,4.0,-3.917653530871743,1.0,1.0,0.0,7.8,1.0,21.039260864257812,-31.255733489990234,0.019999999552965164
12.180103063583374,2.023360080413011,0.7860666291368439,0.16751879124639693,0.5709414713577319,0.16751879124639693,-0.05855794025417071,-0.7800982554671436,-0.6228113537686082,0.011121918324716094,1.0000000000000002,1.0000000000000002,1.0000000000000002,3.063687790596242,0.09041662305135977,1.3439731175865468,-0.0822312904862857,-0.056961888284648016,-0.9723485655620617,4.0,4.0,-3.3028050345210276,1.0,1.0,0.0,7.8,1.0,21.17284393310547,-31.33743667602539,0.019999999552965164
12.200098037719727,2.20295088368197,0.7860666291368439,0.16751879124639693,0.5709414713577319,0.16751879124639693,0.0027442658557641254,-0.8266216727228576,-0.5619905039143109,0.02925325109995144,1.0000000000000002,1.0000000000000002,1.0000000000000002,-3.1041284385966574,0.045293725265065234,1.1950163094686725,0.08778459469220765,0.05242030149346308,-0.16737547272149206,4.0,4.0,-4.0,1.0,1.0,1.0,7.8,1.0,21.29529571533203,-31.419137954711914,0.019999999552965164
12.220109701156616,2.2318581481926505,0.7860666291368439,0.16751879124639693,0.5709414713577319,0.16751879124639693,-0.00019418685216328162,-0.8314196459040387,-0.5494908545478014,0.08246899699036188,1.0000000000000002,1.0000000000000002,1.0000000000000002,-3.0502928117983785,0.1377816186131652,1.174312767703789,0.05148228514108766,0.09633083657832839,0.12925098974485869,4.0,4.0,-4.0,1.0,1.0,1.0,7.8,1.0,21.406614303588867,-31.482685089111328,0.019999999552965164
12.240103960037231,2.164669628855038,0.7860666291368439,0.16751879124639693,0.5709414713577319,0.16751879124639693,0.03541689796221358,-0.7788163469561616,-0.6227403320836675,-0.06622099250930498,1.0000000000000002,1.0000000000000002,1.0000000000000002,3.1139776750222254,-0.1477965305103952,1.3510366260300397,-0.0631873859417457,0.02103254826859187,-0.06363799989201516,4.0,4.0,-4.0,1.0,1.0,1.0,7.8,1.0,21.529064178466797,-31.56438636779785,0.019999999552965164
12.260104656219482,1.9521222809502174,0.7860666291368439,0.16751879124639693,0.5709414713577319,0.16751879124639693,-0.09050460209453744,-0.756399447539076,-0.6465749767959117,0.04011972262686237,1.0000000000000002,1.0000000000000002,1.0000000000000002,3.055074616038949,0.17867832320548355,1.406800585641383,-0.05215755518272887,-0.08760077715198054,0.637780150673506,4.0,4.0,-4.0,1.0,1.0,1.0,7.8,1.0,21.529064178466797,-31.56438636779785,0.019999999552965164
12.280090093612671,1.9521222809502174,0.7860666291368439,0.16751879124639693,0.5709414713577319,0.16751879124639693,-0.09050460209453744,-0.756399447539076,-0.6465749767959117,0.04011972262686237,1.0000000000000002,1.0000000000000002,1.0000000000000002,3.055074616038949,0.17867832320548355,1.406800585641383,-0.05215755518272887,-0.08760077715198054,0.637780150673506,4.0,4.0,-4.0,1.0,1.0,1.0,7.8,1.0,21.529064178466797,-31.56438636779785,0.019999999552965164
12.300116539001465,2.166107329662915,0.7860666291368439,0.16751879124639693,0.5709414713577319,0.16751879124639693,0.017667856747942304,-0.7680012040660679,-0.6373898228746406,0.059968417411488284,1.0000000000000002,1.0000000000000002,1.0000000000000002,-3.0375690364939594,0.06964529777890922,1.3890838678475474,-0.09733372962080754,0.02714561842380142,1.9628290685569225,4.0,4.0,-4.0,1.0,1.0,1.0,7.8,1.0,21.65151596069336,-31.63701057434082,0.019999999552965164
12.320078134536743,2.1797573881618404,0.7860666291368439,0.16751879124639693,0.5709414713577319,0.16751879124639693,0.0030281282212116954,-0.80979174441261,-0.5858906055662298,0.030989666501829174,1.0000000000000002,1.0000000000000002,1.0000000000000002,-3.1003186133358414,0.046658976492511425,1.2536219673469327,-0.009215223404579628,0.07098012941377271,3.8551907091944084,4.0,4.0,-4.0,1.0,1.0,1.0,7.8,1.0,21.785097122192383,-31.718713760375977,0.019999999552965164
12.340100526809692,2.3805754770183656,0.7860666291368439,0.16751879124639693,0.5709414713577319,0.16751879124639693,0.057808485914116386,-0.886339601210786,-0.45739146226462457,-0.043050441684735694,1.0000000000000002,1.0000000000000002,1.0000000000000002,-3.0779222885866293,-0.1295589870955123,0.9486710304986743,0.05421324144694106,-0.03731882625205643,3.2237835476992647,4.0,4.0,-4.0,1.0,1.0,1.0,7.8,1.0,21.91868019104004,-31.800416946411133,0.019999999552965164
12.360084295272827,2.4034695659503105,0.7860666291368439,0.16751879124639693,0.5709414713577319,0.16751879124639693,0.09540030884090593,-0.8615611497544935,-0.49628632321289895,-0.048073399074716555,1.0000000000000002,1.0000000000000002,1.0000000000000002,-3.022759985408941,-0.17847406390759443,1.0345732593028394,0.062421943387987205,0.07667150476811976,2.68166323033684,4.0,4.0,-4.0,1.0,1.0,1.0,7.8,1.0,22.052263259887695,-31.86396598815918,0.019999999552965164
12.38014268875122,2.4587524159612344,0.7860666291368439,0.16751879124639693,0.5709414713577319,0.16751879124639693,0.07190458965894314,-0.8969931107418752,-0.43424071079358484,0.04084231086845333,1.0000000000000002,1.0000000000000002,1.0000000000000002,-2.9763656327363863,0.010822953998207128,0.9026014158567031,-0.04780226841052351,0.08767067749286492,1.6224790995021316,4.0,4.0,-4.0,1.0,1.0,1.0,7.8,1.0,22.174713134765625,-31.945667266845703,0.019999999552965164
12.400100469589233,2.357962432641701,0.7860666291368439,0.16751879124639693,0.5709414713577319,0.16751879124639693,0.02023521025778698,-0.9010766855029456,-0.43317740942323,0.0029453478959287796,1.0000000000000002,1.0000000000000002,1.0000000000000002,-3.102561160143877,-0.01222320764723211,0.8959927141530228,-0.018836038698493235,-0.0059483299344836454,0.8038007258930154,4.0,4.0,-4.0,1.0,1.0,1.0,7.8,1.0,22.174713134765625,-31.945667266845703,0.019999999552965164
12.420149564743042,2.357962432641701,0.7860666291368439,0.16751879124639693,0.5709414713577319,0.16751879124639693,0.02023521025778698,-0.9010766855029456,-0.43317740942323,0.0029453478959287796,1.0000000000000002,1.0000000000000002,1.0000000000000002,-3.102561160143877,-0.01222320764723211,0.8959927141530228,-0.018836038698493235,-0.0059483299344836454,0.8038007258930154,4.0,4.0,-4.0,1.0,1.0,1.0,7.8,1.0,22.174713134765625,-31.945667266845703,0.019999999552965164
12.440095901489258,2.130870642210559,0.7860666291368439,0.16751879124639693,0.5709414713577319,0.16751879124639693,-0.0908654235729947,-0.8830270305924793,-0.46029105207997023,-0.011784965720901763,1.0000000000000002,1.0000000000000002,1.0000000000000002,2.9690766892345657,0.06287762017507126,0.9555900255844098,0.044886305960086276,0.09535351713877063,-0.16851087718838986,4.0,4.0,-4.0,1.0,1.0,1.0,7.8,1.0,22.30829620361328,-32.02737045288086,0.019999999552965164
12.46010136604309,2.3897097655764856,0.7860666291368439,0.16751879124639693,0.5709414713577319,0.16751879124639693,0.020340680577833527,-0.9136596674758117,-0.405853273665379,0.009766729069368795,1.0000000000000002,1.0000000000000002,1.0000000000000002,-3.096480676887668,0.0013362696631781317,0.8360808491913826,0.08399053764891082,0.05610864988134329,-0.6337764273960388,4.0,4.0,-4.0,1.0,1.0,1.0,7.8,1.0,22.419614791870117,-32.109073638916016,0.019999999552965164
12.48020887374878,2.371140905750688,0.7860666291368439,0.16751879124639693,0.5709414713577319,0.16751879124639693,0.08529653547519103,-0.8582510061543698,-0.49899912738356883,-0.08443685416557276,1.0000000000000002,1.0000000000000002,1.0000000000000002,-3.077692442127966,-0.23214121008180774,1.0458294548168428,0.08997569518528983,-0.03463748432744711,-0.6605185638812082,4.0,4.0,-3.873077659406506,1.0,1.0,0.0,7.8,1.0,22.419614791870117,-32.109073638916016,0.019999999552965164
12.500117778778076,2.208576523603134,0.7860666291368439,0.16751879124639693,0.5709414713577319,0.16751879124639693,-0.07133700580179043,-0.8923132285925515,-0.44278564612467564,0.05127382634371774,1.0000000000000002,1.0000000000000002,1.0000000000000002,3.0585963951320547,0.15530216168423777,0.9147802108577465,-0.009214210358213612,-0.08720633225848429,-0.4015592844267617,4.0,4.0,-4.0,1.0,1.0,1.0,7.8,1.0,22.54206657409668,-32.19077682495117,0.019999999552965164
12.520098686218262,2.337983649107004,0.7860666291368439,0.16751879124639693,0.5709414713577319,0.16751879124639693,0.005778461284940028,-0.9122072350979832,-0.401788935741374,-0.0800638541158587,1.0000000000000002,1.0000000000000002,1.0000000000000002,3.0871489547110156,-0.15128957022898312,0.8339082438551098,0.03266593964714948,-0.073475179591304,-0.1869665866893725,4.0,4.0,-4.0,1.0,1.0,1.0,7.8,1.0,22.66451644897461,-32.25432205200195,0.019999999552965164
12.540100812911987,2.282997542875302,0.7860666291368439,0.16751879124639693,0.5709414713577319,0.16751879124639693,-0.016941766539984734,-0.9023896989452449,-0.42849581399203057,-0.042392749088991585,1.0000000000000002,1.0000000000000002,1.0000000000000002,3.07450703624669,-0.062030380187934275,0.8887268904970316,0.012073708534794753,-0.0023478999593144617,0.6467362061987709,4.0,4.0,-4.0,1.0,1.0,1.0,7.8,1.0,22.798099517822266,-32.32694625854492,0.019999999552965164
12.560101985931396,2.282997542875302,0.7860666291368439,0.16751879124639693,0.5709414713577319,0.16751879124639693,-0.016941766539984734,-0.9023896989452449,-0.42849581399203057,-0.042392749088991585,1.0000000000000002,1.0000000000000002,1.0000000000000002,3.07450703624669,-0.062030380187934275,0.8887268904970316,0.012073708534794753,-0.0023478999593144617,0.6467362061987709,4.0,4.0,-4.0,1.0,1.0,1.0,7.8,1.0,22.798099517822266,-32.32694625854492,0.019999999552965164
12.580113172531128,2.282997542875302,0.7860666291368439,0.16751879124639693,0.5709414713577319,0.16751879124639693,-0.016941766539984734,-0.9023896989452449,-0.42849581399203057,-0.042392749088991585,1.0000000000000002,1.0000000000000002,1.0000000000000002,3.07450703624669,-0.062030380187934275,0.8887268904970316,0.012073708534794753,-0.0023478999593144617,0.6467362061987709,4.0,4.0,-4.0,1.0,1.0,1.0,7.8,1.0,22.798099517822266,-32.32694625854492,0.019999999552965164
12.600133419036865,2.51716627558137,0.7860666291368439,0.16751879124639693,0.5709414713577319,0.16751879124639693,0.08180996438129028,-0.9102952066462128,-0.4012724351698434,0.06041687891412841,1.0000000000000002,1.0000000000000002,1.0000000000000002,-2.942659088239784,0.04435276341838123,0.8348071099064299,0.07588722634457942,-0.050948044396167624,-0.9247563683903623,4.0,4.0,-4.0,1.0,1.0,1.0,7.8,1.0,22.931682586669922,-32.417728424072266,0.019999999552965164
12.620060205459595,2.1906130919061764,0.7860666291368439,0.16751879124639693,0.5709414713577319,0.16751879124639693,-0.022507330283226393,-0.8346929830971954,-0.545980408515108,0.0684575603531313,1.0000000000000002,1.0000000000000002,1.0000000000000002,-3.1040405620403413,0.13930937479894287,1.1611373379965377,0.06875100895200967,0.003673754056269532,-1.605574957167322,4.0,4.0,-2.431329497166108,1.0,1.0,0.0,7.8,1.0,23.05413246154785,-32.48127365112305,0.019999999552965164
12.640100240707397,2.057832936769147,0.7860666291368439,0.16751879124639693,0.5709414713577319,0.16751879124639693,-0.06200193024446036,-0.8190099334195892,-0.5697882472250622,-0.02682988874730631,1.0000000000000002,1.0000000000000002,1.0000000000000002,3.0090224206946443,0.02671122777490479,1.2139001866292427,-0.04431185289744213,-0.04840915913294999,-1.1995601424813243,4.0,4.0,-2.4308175541430312,1.0,1.0,0.0,7.8,1.0,23.165451049804688,-32.553897857666016,0.019999999552965164
12.660088300704956,2.0668721338880673,0.7860666291368439,0.16751879124639693,0.5709414713577319,0.16751879124639693,-0.08195166640170587,-0.817669181357647,-0.565155943897137,0.07279967932371141,1.0000000000000002,1.0000000000000002,1.0000000000000002,3.0886360212339685,0.2132967157792403,1.203892263600365,-0.017738582748562368,0.055166913367002024,-1.0950118610926773,4.0,4.0,-4.0,1.0,1.0,1.0,7.8,1.0,23.28790283203125,-32.63560104370117,0.019999999552965164
12.680107355117798,2.2502531344621253,0.7860666291368439,0.16751879124639693,0.5709414713577319,0.16751879124639693,0.0019620342700721826,-0.8568778289272321,-0.5147152672399333,0.028718119447487762,1.0000000000000002,1.0000000000000002,1.0000000000000002,-3.108624193273892,0.04721360057281638,1.0826273029864155,-0.06064307504044637,-0.04444226331047834,-1.5865207346711496,4.0,4.0,-2.15888279646265,1.0,1.0,0.0,7.8,1.0,23.41035270690918,-32.71730422973633,0.019999999552965164
12.700106143951416,2.3668147510912463,0.7860666291368439,0.16751879124639693,0.5709414713577319,0.16751879124639693,0.042243249327167325,-0.8961550189100929,-0.43589194645838114,-0.07155348336215309,1.0000000000000002,1.0000000000000002,1.0000000000000002,-3.128072949774517,-0.1658320372116262,0.904297347465694,0.07634623249485117,-0.02120538678926495,-1.0354997285608196,4.0,4.0,-3.364193676582784,1.0,1.0,0.0,7.8,1.0,23.41035270690918,-32.71730422973633,0.019999999552965164
12.720072746276855,2.3668147510912463,0.7860666291368439,0.16751879124639693,0.5709414713577319,0.16751879124639693,0.042243249327167325,-0.8961550189100929,-0.43589194645838114,-0.07155348336215309,1.0000000000000002,1.0000000000000002,1.0000000000000002,-3.128072949774517,-0.1658320372116262,0.904297347465694,0.07634623249485117,-0.02120538678926495,-1.0354997285608196,4.0,4.0,-3.364193676582784,1.0,1.0,0.0,7.8,1.0,23.41035270690918,-32.71730422973633,0.019999999552965164
12.740102052688599,2.2568536838219266,0.7860666291368439,0.16751879124639693,0.5709414713577319,0.16751879124639693,0.034054608153262216,-0.8333465076651569,-0.551698675211017,-0.001566395934314653,1.0000000000000002,1.0000000000000002,1.0000000000000002,-3.086490063297258,-0.040197289972773005,1.1684606854475514,-0.0392923991268999,-0.006987130290253732,-0.4855467579790382,4.0,4.0,-4.0,1.0,1.0,1.0,7.8,1.0,23.543935775756836,-32.799007415771484,0.019999999552965164
12.76012659072876,2.439393503499286,0.7860666291368439,0.16751879124639693,0.5709414713577319,0.16751879124639693,0.0747984676819948,-0.8858933362681385,-0.45631708040093505,0.03705277482860023,1.0000000000000002,1.0000000000000002,1.0000000000000002,-2.9744726968738897,-0.0026140271374218886,0.9510783407099342,0.007706354916766453,0.07369282196119606,-0.7490536072888629,4.0,4.0,-4.0,1.0,1.0,1.0,7.8,1.0,23.677518844604492,-32.87163162231445,0.019999999552965164
12.780399560928345,2.0099330069386996,0.7860666291368439,0.16751879124639693,0.5709414713577319,0.16751879124639693,-0.07539444866745386,-0.8044847684078869,-0.5879227911484917,-0.038297861010848214,1.0000000000000002,1.0000000000000002,1.0000000000000002,2.9744144593531394,0.02703543101488387,1.25994223298764,0.017320648853131004,-0.06344176572641969,-1.066537672746868,4.0,4.0,-2.600867677808356,1.0,1.0,0.0,7.8,1.0,23.677518844604492,-32.87163162231445,0.019999999552965164
12.800089597702026,2.203689613869442,0.7860666291368439,0.16751879124639693,0.5709414713577319,0.16751879124639693,0.03083101788763968,-0.8014553154112237,-0.5972329225930187,-0.005626891336195149,1.0000000000000002,1.0000000000000002,1.0000000000000002,-3.0988364472788708,-0.04586207727118288,1.2798447057988271,0.0556020627549465,-0.08178016932263571,-0.2743598993542867,4.0,4.0,-4.0,1.0,1.0,1.0,7.8,1.0,23.81110191345215,-32.95333480834961,0.019999999552965164
12.820094585418701,2.394951643602404,0.7860666291368439,0.16751879124639693,0.5709414713577319,0.16751879124639693,0.06505840519108387,-0.8541013994800993,-0.506582927915504,0.0982442897306695,1.0000000000000002,1.0000000000000002,1.0000000000000002,-2.9282036989810796,0.10208342590125769,1.0816303540197567,-0.06304996184223785,0.07053484433850396,-0.30389790537402916,4.0,4.0,-4.0,1.0,1.0,1.0,7.8,1.0,23.933551788330078,-33.035037994384766,0.019999999552965164
12.84008002281189,2.227181564367196,0.7860666291368439,0.16751879124639693,0.5709414713577319,0.16751879124639693,-0.045398267625784784,-0.8834432571362862,-0.4642840565402474,0.043672915629021584,1.0000000000000002,1.0000000000000002,1.0000000000000002,3.1016363324136256,0.11960543392138698,0.9653465278746857,-0.024292173558640287,0.02780406060646276,0.0022467165194082206,4.0,4.0,-4.0,1.0,1.0,1.0,7.8,1.0,24.056001663208008,-33.116737365722656,0.019999999552965164
12.860103368759155,2.0278346615776623,0.7860666291368439,0.16751879124639693,0.5709414713577319,0.16751879124639693,-0.085325898213376,-0.8279137963448691,-0.5526320513842488,-0.04331342400161909,1.0000000000000002,1.0000000000000002,1.0000000000000002,2.951239151185548,0.02259001099975291,1.1750012777414638,-0.04863846270993482,-0.034549443274301386,0.26928959773500327,4.0,4.0,-4.0,1.0,1.0,1.0,7.8,1.0,24.056001663208008,-33.116737365722656,0.019999999552965164
12.880102157592773,2.0278346615776623,0.7860666291368439,0.16751879124639693,0.5709414713577319,0.16751879124639693,-0.085325898213376,-0.8279137963448691,-0.5526320513842488,-0.04331342400161909,1.0000000000000002,1.0000000000000002,1.0000000000000002,2.951239151185548,0.02259001099975291,1.1750012777414638,-0.04863846270993482,-0.034549443274301386,0.26928959773500327,4.0,4.0,-4.0,1.0,1.0,1.0,7.8,1.0,24.056001663208008,-33.116737365722656,0.019999999552965164
12.900081157684326,2.064887459900686,0.7860666291368439,0.16751879124639693,0.5709414713577319,0.16751879124639693,-0.059634401446484436,-0.8140977840772997,-0.5776542828855946,0.0020163304488621013,1.0000000000000002,1.0000000000000002,1.0000000000000002,3.046434294204693,0.07224193591897421,1.2307902918201228,0.06385661441191837,-0.08695616683831071,-0.30447739051878264,4.0,4.0,-4.0,1.0,1.0,1.0,7.8,1.0,24.211849212646484,-33.207523345947266,0.019999999552965164
12.920117139816284,2.1922324398066584,0.7860666291368439,0.16751879124639693,0.5709414713577319,0.16751879124639693,0.017338125559424936,-0.8128236119882263,-0.5821076608987822,-0.012955165743724302,1.0000000000000002,1.0000000000000002,1.0000000000000002,-3.128478044584879,-0.04125754432076625,1.2427016903785473,-0.02521449485401335,-0.06934820380302714,-0.4087127628073282,4.0,4.0,-4.0,1.0,1.0,1.0,7.8,1.0,24.34543228149414,-33.289222717285156,0.019999999552965164
12.940154075622559,1.9326301503453232,0.7860666291368439,0.16751879124639693,0.5709414713577319,0.16751879124639693,-0.088078386730334,-0.7758523480731951,-0.6160253743706595,-0.10396186758509149,1.0000000000000002,1.0000000000000002,1.0000000000000002,2.8732562079732196,-0.05282564115619396,1.349273154840244,0.040356132556329555,-0.06743431091651123,0.04853824534960322,4.0,4.0,-4.0,1.0,1.0,1.0,7.8,1.0,24.49014663696289,-33.3800048828125,0.019999999552965164
12.96009373664856,2.10252375878407,0.7860666291368439,0.16751879124639693,0.5709414713577319,0.16751879124639693,-0.07231633962664537,-0.8638296104872234,-0.49074442364250603,-0.08796966370448471,1.0000000000000002,1.0000000000000002,1.0000000000000002,2.9279963570451772,-0.08109276880304858,1.0419698587727515,-0.03598236530525144,-0.03680424559045524,0.4684799863942174,4.0,4.0,-4.0,1.0,1.0,1.0,7.8,1.0,24.49014663696289,-33.3800048828125,0.019999999552965164
12.980106592178345,2.0953733025056462,0.7860666291368439,0.16751879124639693,0.5709414713577319,0.16751879124639693,-0.04566074946691199,-0.8061633418151678,-0.5883316931538598,0.04337719564740313,1.0000000000000002,1.0000000000000002,1.0000000000000002,3.118836339347607,0.12398293755637402,1.2594717580875396,-0.013505667064802246,-0.032543411503574274,0.2371233524672577,4.0,4.0,-4.0,1.0,1.0,1.0,7.8,1.0,24.623727798461914,-33.470787048339844,0.019999999552965164
13.000081539154053,2.0653887254642114,0.7860666291368439,0.16751879124639693,0.5709414713577319,0.16751879124639693,-0.06300082358677356,-0.8259146795485184,-0.5593864966657632,-0.03134622276543694,1.0000000000000002,1.0000000000000002,1.0000000000000002,3.001979276369587,0.018706099840735978,1.1893389879904113,0.004203286354212216,0.03392539957562382,-0.6104112142585237,4.0,4.0,-4.0,1.0,1.0,1.0,7.8,1.0,24.75731086730957,-33.56156539916992,0.019999999552965164
13.020151138305664,2.0653887254642114,0.7860666291368439,0.16751879124639693,0.5709414713577319,0.16751879124639693,-0.06300082358677356,-0.8259146795485184,-0.5593864966657632,-0.03134622276543694,1.0000000000000002,1.0000000000000002,1.0000000000000002,3.001979276369587,0.018706099840735978,1.1893389879904113,0.004203286354212216,0.03392539957562382,-0.6104112142585237,4.0,4.0,-4.0,1.0,1.0,1.0,7.8,1.0,24.75731086730957,-33.56156539916992,0.019999999552965164
13.040096521377563,2.0653887254642114,0.7860666291368439,0.16751879124639693,0.5709414713577319,0.16751879124639693,-0.06300082358677356,-0.8259146795485184,-0.5593864966657632,-0.03134622276543694,1.0000000000000002,1.0000000000000002,1.0000000000000002,3.001979276369587,0.018706099840735978,1.1893389879904113,0.004203286354212216,0.03392539957562382,-0.6104112142585237,4.0,4.0,-4.0,1.0,1.0,1.0,7.8,1.0,24.75731086730957,-33.56156539916992,0.019999999552965164
13.060077667236328,2.212932631061715,0.7860666291368439,0.16751879124639693,0.5709414713577319,0.16751879124639693,-0.05753240463855385,-0.8893215746728388,-0.4527215978808053,0.028988170866379323,1.0000000000000002,1.0000000000000002,1.0000000000000002,3.065023353488372,0.10383844023719116,0.9377640420860356,-0.09010381679443807,0.07032153900165325,0.5099473805462508,4.0,4.0,-4.0,1.0,1.0,1.0,7.8,1.0,24.90202522277832,-33.670501708984375,0.019999999552965164
13.080604791641235,2.447541281410551,0.7860666291368439,0.16751879124639693,0.5709414713577319,0.16751879124639693,0.0734849836605861,-0.8952138415299805,-0.43920480993026667,0.017066635393560965,1.0000000000000002,1.0000000000000002,1.0000000000000002,-2.9944161000812883,-0.03399989032209149,0.9097152088235897,-0.0015696591746565403,0.08835137684554112,0.3610167782982109,4.0,4.0,-4.0,1.0,1.0,1.0,7.8,1.0,25.04673957824707,-33.76128387451172,0.019999999552965164
13.100113868713379,2.2473973807731586,0.7860666291368439,0.16751879124639693,0.5709414713577319,0.16751879124639693,0.021499697811367166,-0.8518929757473199,-0.5201475680288262,-0.05711942174159269,1.0000000000000002,1.0000000000000002,1.0000000000000002,3.1186354590164935,-0.11997289722985349,1.097701934646473,0.02771135036284081,-0.02093621143639482,-0.40058639156134157,4.0,4.0,-4.0,1.0,1.0,1.0,7.8,1.0,25.202587127685547,-33.8520622253418,0.019999999552965164
13.120108842849731,2.1990273354921563,0.7860666291368439,0.16751879124639693,0.5709414713577319,0.16751879124639693,-0.007773127790261425,-0.8121017816010764,-0.5751122268893476,0.09836768416044656,1.0000000000000002,1.0000000000000002,1.0000000000000002,-3.0394334434992234,0.16952074657841307,1.2410737017935956,-0.07684646089413186,0.022857001711259886,0.21914075125669316,4.0,4.0,-4.0,1.0,1.0,1.0,7.8,1.0,25.35843276977539,-33.95192337036133,0.019999999552965164
13.14008116722107,2.194384547484937,0.7860666291368439,0.16751879124639693,0.5709414713577319,0.16751879124639693,0.008120452646259187,-0.8184934114308221,-0.574263968069743,0.014949537449299714,1.0000000000000002,1.0000000000000002,1.0000000000000002,-3.1111214084690975,0.015146208196680562,1.223843471858285,0.05267528089364423,0.08805474385940099,1.1452250476741268,4.0,4.0,-4.0,1.0,1.0,1.0,7.8,1.0,25.35843276977539,-33.95192337036133,0.019999999552965164
13.160108089447021,2.282697844051694,0.7860666291368439,0.16751879124639693,0.5709414713577319,0.16751879124639693,0.05021412212184474,-0.8463441475413523,-0.5207756221136358,-0.09986429429075017,1.0000000000000002,1.0000000000000002,1.0000000000000002,3.1220908163018297,-0.22318803435972165,1.1054070488111087,0.07333661621847243,0.0853416643366349,2.0577623195452968,4.0,4.0,-4.0,1.0,1.0,1.0,7.8,1.0,25.50314712524414,-34.042701721191406,0.019999999552965164
13.18009066581726,2.282697844051694,0.7860666291368439,0.16751879124639693,0.5709414713577319,0.16751879124639693,0.05021412212184474,-0.8463441475413523,-0.5207756221136358,-0.09986429429075017,1.0000000000000002,1.0000000000000002,1.0000000000000002,3.1220908163018297,-0.22318803435972165,1.1054070488111087,0.07333661621847243,0.0853416643366349,2.0577623195452968,4.0,4.0,-4.0,1.0,1.0,1.0,7.8,1.0,25.50314712524414,-34.042701721191406,0.019999999552965164
13.200093507766724,2.2089454990041157,0.7860666291368439,0.16751879124639693,0.5709414713577319,0.16751879124639693,-0.0860615331385721,-0.9095267841111045,-0.40637988356450494,0.014485569800667347,1.0000000000000002,1.0000000000000002,1.0000000000000002,2.995621595916742,0.09644683414801199,0.8333281265451976,0.05504761961525845,0.07546882677430763,1.8674927971713722,4.0,4.0,-4.0,1.0,1.0,1.0,7.8,1.0,25.658994674682617,-34.13348388671875,0.019999999552965164
13.220086336135864,2.1874068393907167,0.7860666291368439,0.16751879124639693,0.5709414713577319,0.16751879124639693,-0.05594758214184656,-0.8887757361686264,-0.45236286326140307,-0.04811859092224939,1.0000000000000002,1.0000000000000002,1.0000000000000002,2.998028935306099,-0.03492315367550369,0.9441118650190159,-0.07832136528177253,-0.07313836131912446,0.9562912618120413,4.0,4.0,-4.0,1.0,1.0,1.0,7.8,1.0,25.81484031677246,-34.23334503173828,0.019999999552965164
13.240094661712646,2.151833637208074,0.7860666291368439,0.16751879124639693,0.5709414713577319,0.16751879124639693,-0.05807039133566608,-0.8771819387917209,-0.46798336121931955,-0.09039496407205468,1.0000000000000002,1.0000000000000002,1.0000000000000002,2.952971538987153,-0.104423378691739,0.9900726480395958,0.06286852762457393,0.09681910332111543,0.9210664660128345,4.0,4.0,-4.0,1.0,1.0,1.0,7.8,1.0,25.970685958862305,-34.32412338256836,0.019999999552965164
13.260057926177979,2.263951191001682,0.7860666291368439,0.16751879124639693,0.5709414713577319,0.16751879124639693,-0.01734197702154305,-0.8743347565002588,-0.48130700004431326,0.05984614538097452,1.0000000000000002,1.0000000000000002,1.0000000000000002,-3.1141027271203763,0.12164454159476924,1.0081031095559327,-0.04457004218167504,0.05221354076725582,1.0313894597705033,4.0,4.0,-4.0,1.0,1.0,1.0,7.8,1.0,26.115400314331055,-34.405826568603516,0.019999999552965164
13.280100345611572,2.4086822780228463,0.7860666291368439,0.16751879124639693,0.5709414713577319,0.16751879124639693,0.07424327461419987,-0.8646811380804514,-0.49332024973554656,0.05873326845420831,1.0000000000000002,1.0000000000000002,1.0000000000000002,-2.954078799255424,0.028323464055743833,1.039589482241949,-0.00888340789300765,0.0909652576234512,1.0907212581425711,4.0,4.0,-4.0,1.0,1.0,1.0,7.8,1.0,26.27124786376953,-34.478450775146484,0.019999999552965164
13.300057172775269,2.228147619967255,0.7860666291368439,0.16751879124639693,0.5709414713577319,0.16751879124639693,0.020006765577210237,-0.8276364931426962,-0.5607708326225117,0.012395072789349398,1.0000000000000002,1.0000000000000002,1.0000000000000002,-3.09455697628751,-0.0019211932122284736,1.1909631352443464,0.05620340176289165,-0.09261617273492068,1.0312447235431228,4.0,4.0,-4.0,1.0,1.0,1.0,7.8,1.0,26.27124786376953,-34.478450775146484,0.019999999552965164
13.320108413696289,2.228147619967255,0.7860666291368439,0.16751879124639693,0.5709414713577319,0.16751879124639693,0.020006765577210237,-0.8276364931426962,-0.5607708326225117,0.012395072789349398,1.0000000000000002,1.0000000000000002,1.0000000000000002,-3.09455697628751,-0.0019211932122284736,1.1909631352443464,0.05620340176289165,-0.09261617273492068,1.0312447235431228,4.0,4.0,-4.0,1.0,1.0,1.0,7.8,1.0,26.27124786376953,-34.478450775146484,0.019999999552965164
13.340137958526611,2.2293746074498664,0.7860666291368439,0.16751879124639693,0.5709414713577319,0.16751879124639693,-0.08151969066121356,-0.9063929508647461,-0.41037869498564983,0.05827250946263619,1.0000000000000002,1.0000000000000002,1.0000000000000002,3.039945665401387,0.17341128850043497,0.841450874186149,0.10097656775042857,-0.007010280409683364,0.4116361720972538,4.0,4.0,-4.0,1.0,1.0,1.0,7.8,1.0,26.41596221923828,-34.569236755371094,0.019999999552965164
13.36011004447937,2.1546573680562595,0.7860666291368439,0.16751879124639693,0.5709414713577319,0.16751879124639693,-0.06261172040314966,-0.8713655191403158,-0.48660643487608557,-0.004010244215928761,1.0000000000000002,1.0000000000000002,1.0000000000000002,3.0281665773572977,0.053971954341965,1.015536850752439,-0.0015665585437881352,-0.08929963446548894,-0.22091184300030312,4.0,4.0,-4.0,1.0,1.0,1.0,7.8,1.0,26.56067657470703,-34.66909408569336,0.019999999552965164
13.380122661590576,2.4460930839078077,0.7860666291368439,0.16751879124639693,0.5709414713577319,0.16751879124639693,0.0742694022801645,-0.9034413259357703,-0.41917079092421905,-0.050731395726206614,1.0000000000000002,1.0000000000000002,1.0000000000000002,-3.048687549365903,-0.15454324807372455,0.8616245535029435,0.027674721924080076,0.0028688517536265834,-0.13545221158849666,4.0,4.0,-4.0,1.0,1.0,1.0,7.8,1.0,26.56067657470703,-34.66909408569336,0.019999999552965164
13.400157690048218,2.237406037862972,0.7860666291368439,0.16751879124639693,0.5709414713577319,0.16751879124639693,-0.07908160745176217,-0.9117469455199456,-0.4009248472306971,0.04150751222293037,1.0000000000000002,1.0000000000000002,1.0000000000000002,3.0293461188579993,0.13955278145113478,0.8207125341206173,0.03603846935798066,0.004465042008663225,0.3962090918104314,4.0,4.0,-4.0,1.0,1.0,1.0,7.8,1.0,26.7276554107666,-34.74171829223633,0.019999999552965164
13.420072317123413,2.4467529758428603,0.7860666291368439,0.16751879124639693,0.5709414713577319,0.16751879124639693,0.04112778047104586,-0.9301318735665103,-0.35362513596277473,-0.09006923261851289,1.0000000000000002,1.0000000000000002,1.0000000000000002,-3.128530225180684,-0.1979299931720442,0.7253258765610154,-0.07625007083204108,-0.06759730825504268,0.10562504689411434,4.0,4.0,-4.0,1.0,1.0,1.0,7.8,1.0,26.861236572265625,-34.841575622558594,0.019999999552965164
13.440115690231323,2.5340487538402847,0.7860666291368439,0.16751879124639693,0.5709414713577319,0.16751879124639693,0.06516020462705972,-0.9311151191276833,-0.35527192632882676,0.050602776874439856,1.0000000000000002,1.0000000000000002,1.0000000000000002,-2.9834545424914887,0.04795321444223027,0.7328110144713736,-0.055302605036153835,-0.035596942658785505,0.6956999587354309,4.0,4.0,-4.0,1.0,1.0,1.0,7.8,1.0,27.005950927734375,-34.91419982910156,0.019999999552965164
13.460885524749756,2.5340487538402847,0.7860666291368439,0.16751879124639693,0.5709414713577319,0.16751879124639693,0.06516020462705972,-0.9311151191276833,-0.35527192632882676,0.050602776874439856,1.0000000000000002,1.0000000000000002,1.0000000000000002,-2.9834545424914887,0.04795321444223027,0.7328110144713736,-0.055302605036153835,-0.035596942658785505,0.6956999587354309,4.0,4.0,-4.0,1.0,1.0,1.0,7.8,1.0,27.005950927734375,-34.91419982910156,0.019999999552965164
13.480085611343384,2.5340487538402847,0.7860666291368439,0.16751879124639693,0.5709414713577319,0.16751879124639693,0.06516020462705972,-0.9311151191276833,-0.35527192632882676,0.050602776874439856,1.0000000000000002,1.0000000000000002,1.0000000000000002,-2.9834545424914887,0.04795321444223027,0.7328110144713736,-0.055302605036153835,-0.035596942658785505,0.6956999587354309,4.0,4.0,-4.0,1.0,1.0,1.0,7.8,1.0,27.005950927734375,-34.91419982910156,0.019999999552965164
13.500111103057861,2.186565775316007,0.7860666291368439,0.16751879124639693,0.5709414713577319,0.16751879124639693,-0.01903477202965422,-0.8591759097167541,-0.5068635133913325,-0.06740780673454282,1.0000000000000002,1.0000000000000002,1.0000000000000002,3.039901816457908,-0.09668482835486862,1.0709054571534735,0.009496130060471814,0.08860579457512449,0.8939731165089224,4.0,4.0,-4.0,1.0,1.0,1.0,7.8,1.0,27.150667190551758,-34.99590301513672,0.019999999552965164
13.521866798400879,2.299502753370447,0.7860666291368439,0.16751879124639693,0.5709414713577319,0.16751879124639693,0.0033230234656953434,-0.8850498568759946,-0.465233975609766,0.015266181485880203,1.0000000000000002,1.0000000000000002,1.0000000000000002,-3.1214987718224063,0.023932981329300183,0.9681666231009562,0.06823251575812758,-0.049259939109209186,0.693909771424758,4.0,4.0,-4.0,1.0,1.0,1.0,7.8,1.0,27.317644119262695,-35.06852722167969,0.019999999552965164
13.540098190307617,2.246186695291889,0.7860666291368439,0.16751879124639693,0.5709414713577319,0.16751879124639693,-0.02010729721449106,-0.879600979885461,-0.4751949293230725,0.009359055983632248,1.0000000000000002,1.0000000000000002,1.0000000000000002,3.1150947377998075,0.035581748619903146,0.9901653841423563,0.03280749969189256,-0.0684651143554513,0.7719567811866982,4.0,4.0,-4.0,1.0,1.0,1.0,7.8,1.0,27.462358474731445,-35.150230407714844,0.019999999552965164
13.560099124908447,2.0832053685831906,0.7860666291368439,0.16751879124639693,0.5709414713577319,0.16751879124639693,-0.09728008777797122,-0.8711351004992626,-0.47789715779834285,-0.05722348965517293,1.0000000000000002,1.0000000000000002,1.0000000000000002,2.915483783501122,-0.00671907646086762,1.0042849776499985,-0.08152904121990633,0.051434670437289054,2.086385623690111,4.0,4.0,-4.0,1.0,1.0,1.0,7.8,1.0,27.607072830200195,-35.23193359375,0.019999999552965164
13.580105781555176,2.3308998444787217,0.7860666291368439,0.16751879124639693,0.5709414713577319,0.16751879124639693,-0.059596557345608786,-0.9448865373506259,-0.3192648711192311,-0.04132340686967378,1.0000000000000002,1.0000000000000002,1.0000000000000002,3.0020181732025324,-0.04004839182554945,0.6544862542002587,0.01978702841525941,0.020263719296063895,1.761651846838246,4.0,4.0,-4.0,1.0,1.0,1.0,7.8,1.0,27.74065589904785,-35.29548263549805,0.019999999552965164
13.600172996520996,2.3308998444787217,0.7860666291368439,0.16751879124639693,0.5709414713577319,0.16751879124639693,-0.059596557345608786,-0.9448865373506259,-0.3192648711192311,-0.04132340686967378,1.0000000000000002,1.0000000000000002,1.0000000000000002,3.0020181732025324,-0.04004839182554945,0.6544862542002587,0.01978702841525941,0.020263719296063895,1.761651846838246,4.0,4.0,-4.0,1.0,1.0,1.0,7.8,1.0,27.74065589904785,-35.29548263549805,0.019999999552965164
13.62008547782898,2.3308998444787217,0.7860666291368439,0.16751879124639693,0.5709414713577319,0.16751879124639693,-0.059596557345608786,-0.9448865373506259,-0.3192648711192311,-0.04132340686967378,1.0000000000000002,1.0000000000000002,1.0000000000000002,3.0020181732025324,-0.04004839182554945,0.6544862542002587,0.01978702841525941,0.020263719296063895,1.761651846838246,4.0,4.0,-4.0,1.0,1.0,1.0,7.8,1.0,27.74065589904785,-35.29548263549805,0.019999999552965164
13.640114545822144,2.377749471682923,0.7860666291368439,0.16751879124639693,0.5709414713577319,0.16751879124639693,0.01528367578721275,-0.9191366921367775,-0.3911352669364085,-0.04435485746655701,1.0000000000000002,1.0000000000000002,1.0000000000000002,3.1349616377456213,-0.09362906153167598,0.8049773000722531,0.05180347822545148,-0.0867886422601055,1.103878380238874,4.0,4.0,-4.0,1.0,1.0,1.0,7.8,1.0,27.8853702545166,-35.368106842041016,0.019999999552965164
13.660107851028442,2.576691595579695,0.7860666291368439,0.16751879124639693,0.5709414713577319,0.16751879124639693,0.07565227880518727,-0.9507022111526362,-0.2899085124167746,-0.07996932442733022,1.0000000000000002,1.0000000000000002,1.0000000000000002,-3.042023772946835,-0.1971940212840838,0.5821109008426331,0.047399702031481306,0.001802400274635782,0.9723411190597613,4.0,4.0,-4.0,1.0,1.0,1.0,7.8,1.0,28.03008460998535,-35.44981002807617,0.019999999552965164
13.680082559585571,2.3965881163590055,0.7860666291368439,0.16751879124639693,0.5709414713577319,0.16751879124639693,0.03634877939160601,-0.913953915944368,-0.3968672976828998,-0.07657253944181161,1.0000000000000002,1.0000000000000002,1.0000000000000002,-3.1358461992054654,-0.16963117397452962,0.818838428378965,-0.06337878303454758,0.01067613331267725,1.3323329247001463,4.0,4.0,-4.0,1.0,1.0,1.0,7.8,1.0,28.1747989654541,-35.504276275634766,0.019999999552965164
13.700103998184204,2.3201032184202415,0.7860666291368439,0.16751879124639693,0.5709414713577319,0.16751879124639693,-0.0992400727003422,-0.9530964624342475,-0.28578562296445187,0.009225994394865955,1.0000000000000002,1.0000000000000002,1.0000000000000002,2.9561239157494286,0.07437785546686074,0.5757172853925493,-0.06777936681058819,0.04276122553278783,1.2277711660065718,4.0,4.0,-4.0,1.0,1.0,1.0,7.8,1.0,28.308382034301758,-35.56782531738281,0.019999999552965164
13.720110654830933,2.378266462073175,0.7860666291368439,0.16751879124639693,0.5709414713577319,0.16751879124639693,0.049217460281593815,-0.8962204090222758,-0.4332926522857756,-0.0813885589658167,1.0000000000000002,1.0000000000000002,1.0000000000000002,-3.1235793990495924,-0.18967048847925477,0.8989537966618679,-0.08030153921454386,-0.0573738747338018,1.1217131453897409,4.0,4.0,-4.0,1.0,1.0,1.0,7.8,1.0,28.453096389770508,-35.64044952392578,0.019999999552965164
13.74008846282959,2.3225941960943857,0.7860666291368439,0.16751879124639693,0.5709414713577319,0.16751879124639693,-0.011858334888044312,-0.9144653172543117,-0.40318250213361084,-0.03250282150729799,1.0000000000000002,1.0000000000000002,1.0000000000000002,3.0936173386684445,-0.04990397064799773,0.8317092242270666,-0.018296791224230363,-0.026583713713363696,0.6341746886954931,4.0,4.0,-4.0,1.0,1.0,1.0,7.8,1.0,28.453096389770508,-35.64044952392578,0.019999999552965164
13.76010775566101,2.3225941960943857,0.7860666291368439,0.16751879124639693,0.5709414713577319,0.16751879124639693,-0.011858334888044312,-0.9144653172543117,-0.40318250213361084,-0.03250282150729799,1.0000000000000002,1.0000000000000002,1.0000000000000002,3.0936173386684445,-0.04990397064799773,0.8317092242270666,-0.018296791224230363,-0.026583713713363696,0.6341746886954931,4.0,4.0,-4.0,1.0,1.0,1.0,7.8,1.0,28.453096389770508,-35.64044952392578,0.019999999552965164
13.780139684677124,2.489330582905987,0.7860666291368439,0.16751879124639693,0.5709414713577319,0.16751879124639693,0.05658465706300132,-0.9204383433775633,-0.3835651213561497,0.04969135039895282,1.0000000000000002,1.0000000000000002,1.0000000000000002,-2.9986566616135493,0.04808637631854469,0.7931163869958694,0.09826607160084797,-0.04782277365388193,-0.374343944620427,4.0,4.0,-4.0,1.0,1.0,1.0,7.8,1.0,28.586679458618164,-35.71307373046875,0.019999999552965164
13.800074815750122,2.395512691370038,0.7860666291368439,0.16751879124639693,0.5709414713577319,0.16751879124639693,-0.002454378462831905,-0.9373713303242656,-0.3441565846762607,-0.053714153967550284,1.0000000000000002,1.0000000000000002,1.0000000000000002,3.0998017165149006,-0.09917332233243155,0.705817152495483,0.0006333548847834852,0.04857741593050893,-0.9316495514708021,4.0,4.0,-4.0,1.0,1.0,1.0,7.8,1.0,28.72026252746582,-35.78569793701172,0.019999999552965164
13.820109605789185,2.5296829749739325,0.7860666291368439,0.16751879124639693,0.5709414713577319,0.16751879124639693,0.08754036995088592,-0.9286529926548129,-0.34766896934633656,-0.09521864636602607,1.0000000000000002,1.0000000000000002,1.0000000000000002,-3.042204588003113,-0.24001819738898814,0.7044589388098559,-0.04255718137068774,-0.06685195311664378,-1.0445586455916651,4.0,4.0,-3.4708166810127556,1.0,1.0,0.0,7.8,1.0,28.72026252746582,-35.78569793701172,0.019999999552965164
13.840086936950684,2.309425089641042,0.7860666291368439,0.16751879124639693,0.5709414713577319,0.16751879124639693,-0.05150753862660661,-0.9242589936604747,-0.37651531421716455,0.036448652407255526,1.0000000000000002,1.0000000000000002,1.0000000000000002,3.073388992291831,0.10636318037036276,0.7700551295902393,0.0012889532220057703,-0.0031492425504075633,-0.5434755669752701,4.0,4.0,-4.0,1.0,1.0,1.0,7.8,1.0,28.84271240234375,-35.8492431640625,0.019999999552965164
13.860102653503418,2.4492115206179994,0.7860666291368439,0.16751879124639693,0.5709414713577319,0.16751879124639693,0.006679468487620367,-0.9477643519188513,-0.3178561822124601,-0.025798553484294974,1.0000000000000002,1.0000000000000002,1.0000000000000002,3.1378480171414815,-0.0531731726602115,0.6472728907897077,0.06738139269408003,0.03979670635510507,-0.4301074540373917,4.0,4.0,-4.0,1.0,1.0,1.0,7.8,1.0,28.976295471191406,-35.930946350097656,0.019999999552965164
13.880112409591675,2.465989228374448,0.7860666291368439,0.16751879124639693,0.5709414713577319,0.16751879124639693,0.058149780862176446,-0.9247164589477888,-0.37107881315264707,-0.061794724418566205,1.0000000000000002,1.0000000000000002,1.0000000000000002,-3.0790902713161503,-0.15809930380899417,0.7582819717083552,-0.046082074323808356,-0.06133378829850762,-0.4568074520399299,4.0,4.0,-4.0,1.0,1.0,1.0,7.8,1.0,29.098745346069336,-35.98541259765625,0.019999999552965164
13.900088548660278,2.3790320569132066,0.7860666291368439,0.16751879124639693,0.5709414713577319,0.16751879124639693,-0.07088495231321211,-0.9470909327844091,-0.30124445628553415,0.08512265344985696,1.0000000000000002,1.0000000000000002,1.0000000000000002,3.056725713003932,0.20538612470152198,0.6071574885777854,0.05514849308887684,-0.01477556308982346,-0.5627383701945213,4.0,4.0,-4.0,1.0,1.0,1.0,7.8,1.0,29.098745346069336,-35.98541259765625,0.019999999552965164
13.92009711265564,2.446371058536609,0.7860666291368439,0.16751879124639693,0.5709414713577319,0.16751879124639693,0.049804534087940014,-0.9213471551869908,-0.38361839212952326,-0.03841688734244244,1.0000000000000002,1.0000000000000002,1.0000000000000002,-3.0788784302508416,-0.10921946535280183,0.7856418804220026,-0.04101401607238125,-0.08347604717003637,-1.052315449699654,4.0,4.0,-4.0,1.0,1.0,1.0,7.8,1.0,29.2211971282959,-36.067115783691406,0.019999999552965164
13.940148830413818,2.3493421454656525,0.7860666291368439,0.16751879124639693,0.5709414713577319,0.16751879124639693,-0.025181394599201858,-0.9329350339708014,-0.3576062872482735,-0.03340453676439941,1.0000000000000002,1.0000000000000002,1.0000000000000002,3.0705867387057273,-0.04433299591343646,0.733652746783071,0.09943336130628971,0.08121782578818101,-3.0499944683450693,4.0,4.0,3.1858640100320788,1.0,1.0,0.0,7.8,1.0,29.332515716552734,-36.13066482543945,0.019999999552965164
13.96011996269226,2.3746926703194235,0.7860666291368439,0.16751879124639693,0.5709414713577319,0.16751879124639693,0.022444327505166013,-0.9027738860001772,-0.42877227218523484,0.02549316622334314,1.0000000000000002,1.0000000000000002,1.0000000000000002,-3.0791438540269964,0.02678532162703508,0.8876514233515518,-0.0486361001490218,-0.09206377884332217,-3.2318643692057534,4.0,4.0,3.7297951039221786,1.0,1.0,0.0,7.8,1.0,29.332515716552734,-36.13066482543945,0.019999999552965164
13.98008942604065,2.47812011096812,0.7860666291368439,0.16751879124639693,0.5709414713577319,0.16751879124639693,0.07340874500103647,-0.9145006461888143,-0.3973767371380027,-0.019785172710101752,1.0000000000000002,1.0000000000000002,1.0000000000000002,-3.022235909276668,-0.09467031150243645,0.8141667846776046,-0.009555999365912476,-0.07855265960107805,-2.8879169849756496,4.0,4.0,2.9974986285179135,1.0,1.0,0.0,7.8,1.0,29.44383430480957,-36.20328903198242,0.019999999552965164
14.000105381011963,2.2427284969590287,0.7860666291368439,0.16751879124639693,0.5709414713577319,0.16751879124639693,0.006072123695860671,-0.8596317426343031,-0.5103651218763774,-0.02288752370711711,1.0000000000000002,1.0000000000000002,1.0000000000000002,3.1286564604365905,-0.04556344760533451,1.07184632435904,0.015247255532080992,0.08461877278379032,-1.7178769324357093,4.0,4.0,-0.8543992747135025,1.0,1.0,0.0,7.8,1.0,29.566286087036133,-36.28498840332031,0.019999999552965164
14.020081520080566,2.357087660189599,0.7860666291368439,0.16751879124639693,0.5709414713577319,0.16751879124639693,-0.028202408229493197,-0.9226900861570163,-0.3790078111024596,0.06481287064262171,1.0000000000000002,1.0000000000000002,1.0000000000000002,3.1386482444919888,0.14145350680008598,0.7792935115807264,-0.04342155261663876,-0.044898286083702055,-1.4512353545000738,4.0,4.0,-4.0,1.0,1.0,1.0,7.8,1.0,29.688735961914062,-36.34853744506836,0.019999999552965164
14.040086030960083,2.2074833679700836,0.7860666291368439,0.16751879124639693,0.5709414713577319,0.16751879124639693,-0.028338024731618245,-0.8694819255364689,-0.49312923495475275,-0.004657805561090425,1.0000000000000002,1.0000000000000002,1.0000000000000002,3.087683329134376,0.01985016498059254,1.0312988258364306,0.01945486910489247,0.03689888340266648,-1.2318278505729219,4.0,4.0,-3.3707022507010063,1.0,1.0,0.0,7.8,1.0,29.688735961914062,-36.34853744506836,0.019999999552965164
14.060107946395874,2.2074833679700836,0.7860666291368439,0.16751879124639693,0.5709414713577319,0.16751879124639693,-0.028338024731618245,-0.8694819255364689,-0.49312923495475275,-0.004657805561090425,1.0000000000000002,1.0000000000000002,1.0000000000000002,3.087683329134376,0.01985016498059254,1.0312988258364306,0.01945486910489247,0.03689888340266648,-1.2318278505729219,4.0,4.0,-3.3707022507010063,1.0,1.0,0.0,7.8,1.0,29.688735961914062,-36.34853744506836,0.019999999552965164
14.080139398574829,2.3618915108214127,0.7860666291368439,0.16751879124639693,0.5709414713577319,0.16751879124639693,0.07267307601974833,-0.85522815217389,-0.5130990210729217,-0.005729426242736327,1.0000000000000002,1.0000000000000002,1.0000000000000002,-3.022462653053802,-0.08447734337444571,1.0757330404105632,0.08488864573523544,-0.024362869542615267,-1.301880431689728,4.0,4.0,-2.5055517757284473,1.0,1.0,0.0,7.8,1.0,29.788923263549805,-36.42116165161133,0.019999999552965164
14.100111484527588,2.373129279871645,0.7860666291368439,0.16751879124639693,0.5709414713577319,0.16751879124639693,0.07985894165320646,-0.8457339098634572,-0.5268065729400773,0.02883639804535796,1.0000000000000002,1.0000000000000002,1.0000000000000002,-2.9752619632624144,-0.035371967042925265,1.1112248876998687,0.007688512630869476,0.008027002440124623,-1.7575370613378587,4.0,4.0,-1.047932142388409,1.0,1.0,0.0,7.8,1.0,29.911373138427734,-36.502864837646484,0.019999999552965164
14.12017560005188,2.2011272445330046,0.7860666291368439,0.16751879124639693,0.5709414713577319,0.16751879124639693,-0.07549720199201221,-0.8864282913702956,-0.45086074450512004,0.07259232613716429,1.0000000000000002,1.0000000000000002,1.0000000000000002,3.071784611726177,0.19806571541287563,0.9341108551392443,-0.08111727964438886,-0.07826322707213021,-1.9628256638645207,4.0,4.0,-2.154309966865087,1.0,1.0,0.0,7.8,1.0,29.911373138427734,-36.502864837646484,0.019999999552965164
14.140103816986084,2.248797672489412,0.7860666291368439,0.16751879124639693,0.5709414713577319,0.16751879124639693,0.0373804762657155,-0.8285041878308461,-0.5583350472605176,-0.02110653314720499,1.0000000000000002,1.0000000000000002,1.0000000000000002,-3.103099008566349,-0.07679081029601181,1.1845183810270878,0.03528001237860093,0.05339670175093297,-2.0296982206384375,4.0,4.0,0.9859385978623836,1.0,1.0,0.0,7.8,1.0,30.033824920654297,-36.56641387939453,0.019999999552965164
14.160076141357422,2.194019304798344,0.7860666291368439,0.16751879124639693,0.5709414713577319,0.16751879124639693,-0.0920173548365843,-0.8912314876540632,-0.4359002637860642,0.08503059363572076,1.0000000000000002,1.0000000000000002,1.0000000000000002,3.049056400696802,0.23391190862345212,0.8988974391950306,-0.014462100383922621,0.054032998938304516,-1.0623234113985949,4.0,4.0,-4.0,1.0,1.0,1.0,7.8,1.0,30.13401222229004,-36.64811325073242,0.019999999552965164
14.180091142654419,2.056300097142436,0.7860666291368439,0.16751879124639693,0.5709414713577319,0.16751879124639693,-0.07621412512127804,-0.8297880475771423,-0.5527322831548109,-0.011411677728642333,1.0000000000000002,1.0000000000000002,1.0000000000000002,3.001741236019641,0.06535999280873665,1.1706584274070428,0.022864523124891664,0.03646178614206966,-0.4458727772316373,4.0,4.0,-4.0,1.0,1.0,1.0,7.8,1.0,30.13401222229004,-36.64811325073242,0.019999999552965164
14.20004653930664,2.1354665720048502,0.7860666291368439,0.16751879124639693,0.5709414713577319,0.16751879124639693,-0.00910502162208957,-0.8191314882797971,-0.5677959838424359,-0.08092233450776158,1.0000000000000002,1.0000000000000002,1.0000000000000002,3.033765682634883,-0.12253891469796035,1.2188735760768192,-0.07089004785334159,-0.029100248544534815,-0.6002967689375127,4.0,4.0,-3.808304039731488,1.0,1.0,0.0,7.8,1.0,30.25646209716797,-36.720741271972656,0.019999999552965164
14.22012734413147,2.1354665720048502,0.7860666291368439,0.16751879124639693,0.5709414713577319,0.16751879124639693,-0.00910502162208957,-0.8191314882797971,-0.5677959838424359,-0.08092233450776158,1.0000000000000002,1.0000000000000002,1.0000000000000002,3.033765682634883,-0.12253891469796035,1.2188735760768192,-0.07089004785334159,-0.029100248544534815,-0.6002967689375127,4.0,4.0,-3.808304039731488,1.0,1.0,0.0,7.8,1.0,30.25646209716797,-36.720741271972656,0.019999999552965164
14.240109205245972,2.266287349787147,0.7860666291368439,0.16751879124639693,0.5709414713577319,0.16751879124639693,0.027821361375951054,-0.8578884798693298,-0.5082154219570444,-0.07050115491041703,1.0000000000000002,1.0000000000000002,1.0000000000000002,3.1173950219202036,-0.14980239864487194,1.071444909840312,0.09110997952668945,-0.036769602241226704,-1.2364868981229002,4.0,4.0,-1.945837842692538,1.0,1.0,0.0,7.8,1.0,30.3789119720459,-36.80244064331055,0.019999999552965164
14.2601158618927,2.2094921653166946,0.7860666291368439,0.16751879124639693,0.5709414713577319,0.16751879124639693,0.037636495563376254,-0.8001384218460956,-0.5983073919482494,-0.019755121549396914,1.0000000000000002,1.0000000000000002,1.0000000000000002,-3.1048869080227126,-0.07672530581513116,1.2827163584638828,-0.04827945331797881,0.002813012211560495,-2.1857842561947964,4.0,4.0,2.047720730426022,1.0,1.0,0.0,7.8,1.0,30.512495040893555,-36.89322280883789,0.019999999552965164
14.280129432678223,2.029513985907734,0.7860666291368439,0.16751879124639693,0.5709414713577319,0.16751879124639693,-0.036294045401122105,-0.7677310275472197,-0.6387383981235369,-0.035847878211824405,1.0000000000000002,1.0000000000000002,1.0000000000000002,3.0398906365005316,-0.008678364841373435,1.3883221663804541,0.08188948612511532,-0.02349075995964578,-2.024124155576008,4.0,4.0,1.9118983837872507,1.0,1.0,0.0,7.8,1.0,30.512495040893555,-36.89322280883789,0.019999999552965164
14.30012822151184,2.2778029671200395,0.7860666291368439,0.16751879124639693,0.5709414713577319,0.16751879124639693,0.08005847586681206,-0.7828974265404507,-0.6168816487911537,0.01092205763262165,1.0000000000000002,1.0000000000000002,1.0000000000000002,-3.0018424799657413,-0.08176257586887185,1.3289707356719054,-0.06222378695957875,-0.07960923178380959,-2.2971723779888116,4.0,4.0,2.4122193838775594,1.0,1.0,0.0,7.8,1.0,30.612682342529297,-36.97492599487305,0.019999999552965164
14.32010817527771,2.0973804013651742,0.7860666291368439,0.16751879124639693,0.5709414713577319,0.16751879124639693,-0.03924522296666899,-0.8215784134659826,-0.5675391811211853,-0.03698649609397722,1.0000000000000002,1.0000000000000002,1.0000000000000002,3.0349077435845118,-0.016228922530880784,1.2099041765596705,0.09247199567919615,0.01232407888507267,-2.7617210381628303,4.0,4.0,4.0,1.0,1.0,1.0,7.8,1.0,30.724000930786133,-37.065704345703125,0.019999999552965164
14.34014105796814,2.018480973581305,0.7860666291368439,0.16751879124639693,0.5709414713577319,0.16751879124639693,-0.038263510583956925,-0.7302458514954797,-0.6803028688031091,0.04964782804607583,1.0000000000000002,1.0000000000000002,1.0000000000000002,-3.129833205632056,0.12489625077389784,1.5007476639727122,0.035388996401523265,-0.08220000820930873,-2.6083773744801384,4.0,4.0,3.465499807513182,1.0,1.0,0.0,7.8,1.0,30.846452713012695,-37.15648651123047,0.019999999552965164
14.360105037689209,2.1728534625345923,0.7860666291368439,0.16751879124639693,0.5709414713577319,0.16751879124639693,0.08989742159440094,-0.6909033543605275,-0.7126700450339306,-0.08168485438185756,1.0000000000000002,1.0000000000000002,1.0000000000000002,-3.1335637419613067,-0.24340338324442465,1.6008279564312435,0.05115597921851239,0.08653783056975625,-2.624900030526198,4.0,4.0,4.0,1.0,1.0,1.0,7.8,1.0,30.846452713012695,-37.15648651123047,0.019999999552965164
14.38010287284851,2.1728534625345923,0.7860666291368439,0.16751879124639693,0.5709414713577319,0.16751879124639693,0.08989742159440094,-0.6909033543605275,-0.7126700450339306,-0.08168485438185756,1.0000000000000002,1.0000000000000002,1.0000000000000002,-3.1335637419613067,-0.24340338324442465,1.6008279564312435,0.05115597921851239,0.08653783056975625,-2.624900030526198,4.0,4.0,4.0,1.0,1.0,1.0,7.8,1.0,30.846452713012695,-37.15648651123047,0.019999999552965164
14.400110483169556,2.1728534625345923,0.7860666291368439,0.16751879124639693,0.5709414713577319,0.16751879124639693,0.08989742159440094,-0.6909033543605275,-0.7126700450339306,-0.08168485438185756,1.0000000000000002,1.0000000000000002,1.0000000000000002,-3.1335637419613067,-0.24340338324442465,1.6008279564312435,0.05115597921851239,0.08653783056975625,-2.624900030526198,4.0,4.0,4.0,1.0,1.0,1.0,7.8,1.0,30.846452713012695,-37.15648651123047,0.019999999552965164
14.420100212097168,2.2538862036959566,0.7860666291368439,0.16751879124639693,0.5709414713577319,0.16751879124639693,0.08583643788900612,-0.7604550421199071,-0.6435750122745622,-0.012306031884170487,1.0000000000000002,1.0000000000000002,1.0000000000000002,-3.025653723356892,-0.1295629227704704,1.3971575044855522,-0.004235678222983791,0.07944245570516789,-2.856171429923718,4.0,4.0,4.0,1.0,1.0,1.0,7.8,1.0,30.93550682067871,-37.238189697265625,0.019999999552965164
14.440139055252075,2.143975128523249,0.7860666291368439,0.16751879124639693,0.5709414713577319,0.16751879124639693,0.0785121763625698,-0.6600399981516638,-0.7468876588593154,-0.018489565879578188,1.0000000000000002,1.0000000000000002,1.0000000000000002,-3.0647190874370103,-0.1421656603441951,1.6886207605896066,-0.025226539380155177,0.011166164128805042,-2.292076225900557,4.0,4.0,4.0,1.0,1.0,1.0,7.8,1.0,31.057958602905273,-37.3289680480957,0.019999999552965164
14.460086584091187,1.9659409364339153,0.7860666291368439,0.16751879124639693,0.5709414713577319,0.16751879124639693,-0.07185588703064463,-0.720576400228085,-0.6848227590425184,0.08138901418967227,1.0000000000000002,1.0000000000000002,1.0000000000000002,-3.133482853955592,0.2174200155684536,1.5208120019955231,-0.06325862273996324,0.01892596896405603,-2.3715276849566203,4.0,4.0,2.032097365202218,1.0,1.0,0.0,7.8,1.0,31.158143997192383,-37.41067123413086,0.019999999552965164
14.480096101760864,2.037161554926565,0.7860666291368439,0.16751879124639693,0.5709414713577319,0.16751879124639693,-0.008157123299209413,-0.6939607961831461,-0.7183018267469088,0.048932201998167134,1.0000000000000002,1.0000000000000002,1.0000000000000002,-3.0823954690086195,0.07971701701304706,1.6076253334347816,0.09525726559194655,-0.037629085828461986,-3.7801744409011597,4.0,4.0,4.0,1.0,1.0,1.0,7.8,1.0,31.258331298828125,-37.492374420166016,0.019999999552965164
14.500139236450195,2.111041985620326,0.7860666291368439,0.16751879124639693,0.5709414713577319,0.16751879124639693,0.08550729997228343,-0.5992425909219471,-0.7953022844354695,-0.03303173093141762,1.0000000000000002,1.0000000000000002,1.0000000000000002,-3.090843879928816,-0.17651148959409713,1.8456548253883227,-0.005601631842773777,0.01906940639465464,-3.8392512046195137,4.0,4.0,4.0,1.0,1.0,1.0,7.8,1.0,31.380783081054688,-37.58315658569336,0.019999999552965164
14.520081758499146,2.1792929272587767,0.7860666291368439,0.16751879124639693,0.5709414713577319,0.16751879124639693,0.05614869636439194,-0.7064941843276202,-0.7017845640027243,0.0721922235101262,1.0000000000000002,1.0000000000000002,1.0000000000000002,-2.9598814539059224,0.023200276545435168,1.5662216625510093,-0.04652906533994741,-0.005180437865491161,-3.5253952570711644,4.0,4.0,4.0,1.0,1.0,1.0,7.8,1.0,31.469837188720703,-37.664859771728516,0.019999999552965164
14.540086269378662,1.7154048014275056,0.7860666291368439,0.16751879124639693,0.5709414713577319,0.16751879124639693,-0.09969400774416386,-0.5440049099445673,-0.8308644580778546,-0.0615143485627773,1.0000000000000002,1.0000000000000002,1.0000000000000002,2.928255283234217,0.09889733522762778,1.9715863906878939,-0.07364545003500629,-0.09450917453685635,-3.9326257551378756,4.0,4.0,4.0,1.0,1.0,1.0,7.8,1.0,31.58115577697754,-37.75564193725586,0.019999999552965164
14.560082197189331,2.083451412430572,0.7860666291368439,0.16751879124639693,0.5709414713577319,0.16751879124639693,0.06803111867979761,-0.5867752159165809,-0.8068740494892487,0.004569588389168418,1.0000000000000002,1.0000000000000002,1.0000000000000002,-3.0537883545069597,-0.10461315448981168,1.8794687352542958,-0.07139652647708028,-0.026974933070614313,-5.319933255616466,4.0,4.0,4.0,1.0,1.0,1.0,7.8,1.0,31.58115577697754,-37.75564193725586,0.019999999552965164
14.580110788345337,1.9417320989219906,0.7860666291368439,0.16751879124639693,0.5709414713577319,0.16751879124639693,-0.0199252670010129,-0.6137265212494358,-0.7888539961275222,0.02553651588693186,1.0000000000000002,1.0000000000000002,1.0000000000000002,-3.1257288597243744,0.06282244209038988,1.819730879585372,-0.08647735709543683,0.0042158559365940845,-7.0861060505556726,4.0,4.0,4.0,1.0,1.0,1.0,7.8,1.0,31.68134307861328,-37.84642028808594,0.019999999552965164
14.600095987319946,1.7868318447906726,0.7860666291368439,0.16751879124639693,0.5709414713577319,0.16751879124639693,-0.05427440886815321,-0.46407189852069314,-0.8840822348878873,-0.009495446332352477,1.0000000000000002,1.0000000000000002,1.0000000000000002,3.074120966285684,0.0872636509183457,2.1718781572181243,0.08722943896907179,-0.03078602945768863,-7.2768465405976155,3.911490370672726,4.0,4.0,0.0,1.0,1.0,7.8,1.0,31.792661666870117,-37.928123474121094,0.019999999552965164
14.620138883590698,1.8729732110965938,0.7860666291368439,0.16751879124639693,0.5709414713577319,0.16751879124639693,-0.03059258470624177,-0.44391398014386013,-0.8912662237739153,0.08745850646800114,1.0000000000000002,1.0000000000000002,1.0000000000000002,-3.011348482573964,0.1325683419810777,2.226043980501883,0.08302888079942125,-0.08082433668354955,-7.837569007080452,2.5595565635297977,4.0,4.0,0.0,1.0,1.0,7.8,1.0,31.881717681884766,-38.01890563964844,0.019999999552965164
14.640083074569702,1.9615420472630547,0.7860666291368439,0.16751879124639693,0.5709414713577319,0.16751879124639693,0.047468666564521284,-0.2471808312886874,-0.9678045944828505,0.001621491876387496,1.0000000000000002,1.0000000000000002,1.0000000000000002,-3.114873168670599,-0.09120557948096462,2.640257343194923,-0.08266330285465073,0.035986882718837376,-8.824432975831561,1.1146784853212535,4.0,4.0,0.0,1.0,1.0,7.8,1.0,31.9930362701416,-38.10968780517578,0.019999999552965164
14.660109996795654,2.0027541337444794,0.7860666291368439,0.16751879124639693,0.5709414713577319,0.16751879124639693,0.06632981747506614,-0.37405576426592485,-0.9250266209252765,-0.0028967417427273774,1.0000000000000002,1.0000000000000002,1.0000000000000002,-3.096965632074785,-0.12520766935407165,2.370253738483652,-0.025717114430594545,0.03389447057189757,-8.358350433163361,3.139643920869048,4.0,4.0,0.0,1.0,1.0,7.8,1.0,31.9930362701416,-38.10968780517578,0.019999999552965164
14.68037748336792,2.067215775678108,0.7860666291368439,0.16751879124639693,0.5709414713577319,0.16751879124639693,0.10009680183916114,-0.32929806934253125,-0.9388929416874267,0.004843122792532104,1.0000000000000002,1.0000000000000002,1.0000000000000002,-3.065186307136178,-0.18583853935905714,2.459818801070687,0.011883255106268684,-0.04948109394267164,-8.015125789631739,2.263886344508817,4.0,4.0,0.0,1.0,1.0,7.8,1.0,32.08209228515625,-38.19139099121094,0.019999999552965164
14.700066804885864,1.8580084410999376,0.7860666291368439,0.16751879124639693,0.5709414713577319,0.16751879124639693,-0.005055474312514252,-0.20248789068218434,-0.9792216264124164,-0.009904679337428807,1.0000000000000002,1.0000000000000002,1.0000000000000002,3.1201455403854785,0.005889738354814846,2.7337083708023497,-0.09963388534877676,0.0729303088404469,-8.027581343497534,0.3973166553723879,4.0,4.0,0.0,1.0,1.0,7.8,1.0,32.19340896606445,-38.273094177246094,0.019999999552965164
14.720093965530396,1.9063328730642854,0.7860666291368439,0.16751879124639693,0.5709414713577319,0.16751879124639693,0.0010976131889178428,-0.012957040590621995,-0.9989201543036649,-0.04460309036785579,1.0000000000000002,1.0000000000000002,1.0000000000000002,3.0523925036655575,-0.0033487102354639946,3.1158014656798096,-0.033373477436154084,0.0401813063628631,-9.135204798881825,-2.4965695843266973,4.0,4.0,0.0,1.0,1.0,7.8,1.0,32.282466888427734,-38.34571838378906,0.019999999552965164
14.740097045898438,2.037565044505389,0.7860666291368439,0.16751879124639693,0.5709414713577319,0.16751879124639693,0.06311645883019532,0.04681076411299128,-0.9928914455787627,-0.08939598584057874,1.0000000000000002,1.0000000000000002,1.0000000000000002,2.9558282255080304,-0.11723455493325946,-3.03643777305497,0.012335534651142233,0.08204208778147737,-9.025141424718807,-2.879567854116144,4.0,4.0,0.0,1.0,1.0,7.8,1.0,32.39378356933594,-38.41834259033203,0.019999999552965164
14.760124444961548,1.7853921027771975,0.7860666291368439,0.16751879124639693,0.5709414713577319,0.16751879124639693,-0.06536672738023135,-0.01812392080041595,-0.9974918710129176,-0.020215877660096037,1.0000000000000002,1.0000000000000002,1.0000000000000002,3.0985159920301766,0.1300389627119696,3.102452459517888,-0.02635784195057203,-0.010387658470096511,-9.001854111162759,-2.939770540243526,4.0,4.0,0.0,1.0,1.0,7.8,1.0,32.39378356933594,-38.41834259033203,0.019999999552965164
14.78013563156128,1.7853921027771975,0.7860666291368439,0.16751879124639693,0.5709414713577319,0.16751879124639693,-0.06536672738023135,-0.01812392080041595,-0.9974918710129176,-0.020215877660096037,1.0000000000000002,1.0000000000000002,1.0000000000000002,3.0985159920301766,0.1300389627119696,3.102452459517888,-0.02635784195057203,-0.010387658470096511,-9.001854111162759,-2.939770540243526,4.0,4.0,0.0,1.0,1.0,7.8,1.0,32.39378356933594,-38.41834259033203,0.019999999552965164
14.800096273422241,1.8703344059515574,0.7860666291368439,0.16751879124639693,0.5709414713577319,0.16751879124639693,-0.04358058931817812,0.07140410563161137,-0.9963820903527081,-0.014997198338286317,1.0000000000000002,1.0000000000000002,1.0000000000000002,3.1178339566777056,0.08910542650450823,-2.9995697690458396,-0.008988137009746475,0.09824327825204912,-9.08767717255031,-4.0,4.0,4.0,1.0,1.0,1.0,7.8,1.0,32.47170639038086,-38.50004577636719,0.019999999552965164
14.820091247558594,2.024781887000652,0.7860666291368439,0.16751879124639693,0.5709414713577319,0.16751879124639693,-0.017314515427904385,0.24837788404672487,-0.9680206052869632,-0.030736655833548343,1.0000000000000002,1.0000000000000002,1.0000000000000002,3.0906035158064737,0.04880960466235666,-2.640507525730998,-0.09199959461473202,0.05250977883464067,-9.337244218737833,-4.0,4.0,4.0,1.0,1.0,1.0,7.8,1.0,32.571895599365234,-38.58174514770508,0.019999999552965164
14.840104341506958,1.8410132542437039,0.7860666291368439,0.16751879124639693,0.5709414713577319,0.16751879124639693,-0.09711814929907783,0.1797078707277186,-0.9789128607816409,-0.0016605033981720596,1.0000000000000002,1.0000000000000002,1.0000000000000002,-3.1093402316048953,0.19191310128639183,-2.7753730850997815,0.04718797069872874,0.08196928678487156,-9.220040263239397,-4.0,4.0,4.0,1.0,1.0,1.0,7.8,1.0,32.571895599365234,-38.58174514770508,0.019999999552965164
14.8600914478302,2.195180764433423,0.7860666291368439,0.16751879124639693,0.5709414713577319,0.16751879124639693,0.0930584679558993,0.20157224487693726,-0.9742956378088177,-0.03816754882989027,1.0000000000000002,1.0000000000000002,1.0000000000000002,3.027885657566456,-0.1667171150185349,-2.724058181934352,-0.09112091415146172,0.09636844969227196,-9.53289999006137,-4.0,4.0,4.0,1.0,1.0,1.0,7.8,1.0,32.68321228027344,-38.645294189453125,0.019999999552965164
14.88141679763794,2.0613933324951454,0.7860666291368439,0.16751879124639693,0.5709414713577319,0.16751879124639693,-0.09198089891379299,0.41314501143175203,-0.9053519956646071,0.03447430507176789,1.0000000000000002,1.0000000000000002,1.0000000000000002,-3.001369434013785,0.13850683772227018,-2.275628841898056,0.07885547183155564,-0.05126873878051295,-10.027058873630116,-4.0,4.0,4.0,1.0,1.0,1.0,7.8,1.0,32.77226638793945,-38.72699737548828,0.019999999552965164
14.900208950042725,2.013602257710348,0.7860666291368439,0.16751879124639693,0.5709414713577319,0.16751879124639693,-0.08241959088789658,0.36096418810687847,-0.9289302336482917,0.0006978225733168954,1.0000000000000002,1.0000000000000002,1.0000000000000002,-3.0800355945526086,0.1532191162446295,-2.39561926950154,0.033996086269676484,-0.012379644568930565,-9.92650891314051,-4.0,4.0,4.0,1.0,1.0,1.0,7.8,1.0,32.77226638793945,-38.72699737548828,0.019999999552965164
14.920154094696045,2.2424198409758755,0.7860666291368439,0.16751879124639693,0.5709414713577319,0.16751879124639693,-0.05709839609084842,0.5579921034161618,-0.8245587786928303,-0.07407702862323685,1.0000000000000002,1.0000000000000002,1.0000000000000002,3.082181190138974,0.17776553245863602,-1.9570336217095836,0.05423894215901817,-0.05468435896081332,-9.001689969433688,-4.0,4.0,4.0,1.0,1.0,1.0,7.8,1.0,32.87245559692383,-38.80869674682617,0.019999999552965164
14.940131664276123,2.166239824084341,0.7860666291368439,0.16751879124639693,0.5709414713577319,0.16751879124639693,-0.06365026788097097,0.46213751551417703,-0.8831438075172516,0.049341416649667014,1.0000000000000002,1.0000000000000002,1.0000000000000002,-2.994757100796368,0.06686946405544889,-2.172466496146845,-0.028506207876446713,0.02405981482630487,-7.099028403120326,-4.0,4.0,4.0,1.0,1.0,1.0,7.8,1.0,32.961509704589844,-38.89039993286133,0.019999999552965164
14.960090398788452,2.494271863038248,0.7860666291368439,0.16751879124639693,0.5709414713577319,0.16751879124639693,0.0965970278611376,0.549613559073224,-0.8249378979416607,-0.08984105092246264,1.0000000000000002,1.0000000000000002,1.0000000000000002,2.8838717935795075,-0.06065456299867007,-1.9583047954862756,0.07025653034158325,-0.08742476810389532,-6.956795281939766,-4.0,4.0,4.0,1.0,1.0,1.0,7.8,1.0,33.05056381225586,-38.98118209838867,0.019999999552965164
14.980098962783813,2.49091505173186,0.7860666291368439,0.16751879124639693,0.5709414713577319,0.16751879124639693,0.0025525436536170884,0.6691549486073395,-0.7401236165192159,-0.06664961774625372,1.0000000000000002,1.0000000000000002,1.0000000000000002,3.0389641431545797,0.08552366686479326,-1.6758227398674852,-0.08471885810733366,-0.03441925095116438,-7.045432045342567,-4.0,4.0,4.0,1.0,1.0,1.0,7.8,1.0,33.150753021240234,-39.06288528442383,0.019999999552965164
